time,snapshot_id,player_id,server_row,server_col,display_row,display_col
1766621363.744083,348,1,7,2,7,2
1766621363.759166,349,1,7,2,7,2
1766621363.775984,350,1,7,2,7,2
1766621363.791592,350,1,7,2,7,2
1766621363.808937,351,1,6,2,6,2
1766621363.825752,352,1,6,2,6,2
1766621363.841760,353,1,6,2,6,2
1766621363.859107,354,1,5,2,5,2
1766621363.875159,354,1,5,2,5,2
1766621363.891372,355,1,5,2,5,2
1766621363.908799,356,1,5,2,5,2
1766621363.925256,357,1,5,2,5,2
1766621363.941967,357,1,5,2,5,2
1766621363.958213,358,1,5,3,5,3
1766621363.975792,359,1,5,3,5,3
1766621363.992389,360,1,5,3,5,3
1766621364.008744,361,1,4,3,4,3
1766621364.025440,361,1,4,3,4,3
1766621364.042857,362,1,4,3,4,3
1766621364.059244,363,1,4,3,4,3
1766621364.076434,363,1,4,3,4,3
1766621364.093564,365,1,4,4,4,4
1766621364.110826,365,1,4,4,4,4
1766621364.127818,366,1,4,4,4,4
1766621364.145281,367,1,4,4,4,4
1766621364.162114,368,1,4,3,4,3
1766621364.177499,369,1,4,3,4,3
1766621364.194574,369,1,4,3,4,3
1766621364.211465,370,1,4,3,4,3
1766621364.227533,371,1,4,2,4,2
1766621364.245030,372,1,4,2,4,2
1766621364.262198,373,1,4,2,4,2
1766621364.278869,373,1,4,2,4,2
1766621364.294820,374,1,4,2,4,2
1766621364.311825,375,1,3,2,3,2
1766621364.327808,376,1,3,2,3,2
1766621364.344440,376,1,3,2,3,2
1766621364.363934,377,1,3,2,3,2
1766621364.382331,378,1,3,2,3,2
1766621364.398528,379,1,3,2,3,2
1766621364.415377,379,1,3,2,3,2
1766621364.432591,380,1,3,3,3,3
1766621364.448986,381,1,3,3,3,3
1766621364.465174,382,1,3,3,3,3
1766621364.480662,382,1,3,3,3,3
1766621364.497772,383,1,3,2,3,2
1766621364.513607,384,1,3,2,3,2
1766621364.530442,385,1,3,2,3,2
1766621364.548880,386,1,2,2,2,2
1766621364.565475,386,1,2,2,2,2
1766621364.582369,387,1,2,2,2,2
1766621364.599511,388,1,2,2,2,2
1766621364.617099,389,1,2,2,2,2
1766621364.633317,390,1,1,2,1,2
1766621364.650176,390,1,1,2,1,2
1766621364.666637,391,1,1,2,1,2
1766621364.683503,392,1,1,2,1,2
1766621364.700575,393,1,1,2,1,2
1766621364.716587,394,1,1,2,1,2
1766621364.732732,394,1,1,2,1,2
1766621364.749499,395,1,1,3,1,3
1766621364.765487,396,1,1,3,1,3
1766621364.782584,397,1,1,3,1,3
1766621364.800144,397,1,1,3,1,3
1766621364.817437,398,1,1,2,1,2
1766621364.834177,399,1,1,2,1,2
1766621364.850155,400,1,1,2,1,2
1766621364.866322,401,1,1,1,1,1
1766621364.883755,401,1,1,1,1,1
1766621364.900237,402,1,1,1,1,1
1766621364.917174,403,1,1,1,1,1
1766621364.932727,404,1,1,1,1,1
1766621364.949505,404,1,1,1,1,1
1766621364.966095,405,1,0,1,0,1
1766621364.982409,406,1,0,1,0,1
1766621364.999643,407,1,0,1,0,1
1766621365.016249,408,1,1,1,1,1
1766621365.032883,408,1,1,1,1,1
1766621365.048868,409,1,1,1,1,1
1766621365.065120,410,1,1,1,1,1
1766621365.082274,411,1,2,1,2,1
1766621365.100078,412,1,2,1,2,1
1766621365.116489,412,1,2,1,2,1
1766621365.133340,413,1,2,1,2,1
1766621365.150399,414,1,2,1,2,1
1766621365.167898,415,1,1,1,1,1
1766621365.184129,415,1,1,1,1,1
1766621365.199908,416,1,1,1,1,1
1766621365.216114,417,1,1,1,1,1
1766621365.232140,418,1,1,0,1,0
1766621365.248592,418,1,1,0,1,0
1766621365.265269,419,1,1,0,1,0
1766621365.282171,420,1,1,0,1,0
1766621365.298590,421,1,1,0,1,0
1766621365.326016,421,1,1,0,1,0
1766621365.344676,422,1,1,0,1,0
1766621365.362351,423,1,1,0,1,0
1766621365.378992,424,1,1,1,1,1
1766621365.395576,425,1,1,1,1,1
1766621365.412245,425,1,1,1,1,1
1766621365.429430,426,1,1,1,1,1
1766621365.445514,427,1,1,0,1,0
1766621365.461634,428,1,1,0,1,0
1766621365.477567,428,1,1,0,1,0
1766621365.494392,429,1,1,0,1,0
1766621365.510892,430,1,1,0,1,0
1766621365.527491,431,1,1,1,1,1
1766621365.543587,431,1,1,1,1,1
1766621365.560080,432,1,1,1,1,1
1766621365.575649,433,1,1,1,1,1
1766621365.591611,434,1,1,1,1,1
1766621365.609236,434,1,1,1,1,1
1766621365.626814,435,1,1,1,1,1
1766621365.643589,436,1,1,1,1,1
1766621365.660600,437,1,0,1,0,1
1766621365.677691,438,1,0,1,0,1
1766621365.694343,438,1,0,1,0,1
1766621365.711493,439,1,0,1,0,1
1766621365.728913,440,1,0,1,0,1
1766621365.744864,441,1,1,1,1,1
1766621365.761516,442,1,1,1,1,1
1766621365.778872,442,1,1,1,1,1
1766621365.796260,443,1,1,1,1,1
1766621365.812664,444,1,1,1,1,1
1766621365.829705,445,1,0,1,0,1
1766621365.845915,445,1,0,1,0,1
1766621365.863187,446,1,0,1,0,1
1766621365.878908,447,1,0,1,0,1
1766621365.895314,448,1,0,1,0,1
1766621365.911751,448,1,0,1,0,1
1766621365.927870,449,1,0,2,0,2
1766621365.943650,450,1,0,2,0,2
1766621365.959831,451,1,0,2,0,2
1766621365.976298,452,1,0,2,0,2
1766621365.992738,452,1,0,2,0,2
1766621366.009008,453,1,0,2,0,2
1766621366.025275,454,1,0,2,0,2
1766621366.041955,455,1,0,2,0,2
1766621366.059045,455,1,0,2,0,2
1766621366.074569,456,1,0,2,0,2
1766621366.091808,457,1,0,2,0,2
1766621366.108635,458,1,0,2,0,2
1766621366.125957,458,1,0,2,0,2
1766621366.142534,459,1,0,2,0,2
1766621366.159056,460,1,0,2,0,2
1766621366.175649,461,1,0,1,0,1
1766621366.191694,461,1,0,1,0,1
1766621366.208398,462,1,0,1,0,1
1766621366.226073,463,1,0,1,0,1
1766621366.242174,464,1,0,1,0,1
1766621366.259087,465,1,0,0,0,0
1766621366.274603,465,1,0,0,0,0
1766621366.291391,466,1,0,0,0,0
1766621366.309204,467,1,0,0,0,0
1766621366.325792,468,1,0,0,0,0
1766621366.342916,469,1,0,0,0,0
1766621366.361592,469,1,0,0,0,0
1766621366.378968,470,1,0,0,0,0
1766621366.394724,471,1,0,0,0,0
1766621366.411297,472,1,0,0,0,0
1766621366.427807,472,1,0,0,0,0
1766621366.444515,473,1,0,0,0,0
1766621366.460799,474,1,0,0,0,0
1766621366.477841,475,1,0,0,0,0
1766621366.495135,475,1,0,0,0,0
1766621366.512493,476,1,0,0,0,0
1766621366.529229,477,1,1,0,1,0
1766621366.546231,478,1,1,0,1,0
1766621366.563358,479,1,1,0,1,0
1766621366.580739,479,1,1,0,1,0
1766621366.597684,480,1,0,0,0,0
1766621366.614750,481,1,0,0,0,0
1766621366.631233,482,1,0,0,0,0
1766621366.647890,482,1,0,0,0,0
1766621366.665010,483,1,0,0,0,0
1766621366.681972,484,1,0,0,0,0
1766621366.697737,485,1,0,0,0,0
1766621366.713321,485,1,0,0,0,0
1766621366.730815,486,1,0,0,0,0
1766621366.747763,487,1,0,0,0,0
1766621366.763792,488,1,0,0,0,0
1766621366.780475,488,1,0,0,0,0
1766621366.797172,489,1,0,0,0,0
1766621366.814125,490,1,0,0,0,0
1766621366.830339,491,1,0,0,0,0
1766621366.847697,491,1,0,0,0,0
1766621366.863946,492,1,0,0,0,0
1766621366.880952,493,1,0,0,0,0
1766621366.896822,494,1,0,0,0,0
1766621366.912416,494,1,0,0,0,0
1766621366.929847,495,1,0,0,0,0
1766621366.946518,496,1,0,0,0,0
1766621366.962714,497,1,0,0,0,0
1766621366.979032,498,1,1,0,1,0
1766621366.995454,498,1,1,0,1,0
1766621367.012366,499,1,1,0,1,0
1766621367.030154,500,1,1,0,1,0
1766621367.046881,501,1,2,0,2,0
1766621367.062972,501,1,2,0,2,0
1766621367.080023,502,1,2,0,2,0
1766621367.095333,503,1,2,0,2,0
1766621367.111619,504,1,2,1,2,1
1766621367.127773,504,1,2,1,2,1
1766621367.143601,505,1,2,1,2,1
1766621367.159763,506,1,2,1,2,1
1766621367.176152,506,1,2,1,2,1
1766621367.192454,507,1,2,1,2,1
1766621367.211149,508,1,2,1,2,1
1766621367.227614,509,1,2,1,2,1
1766621367.243993,509,1,2,1,2,1
1766621367.260452,510,1,2,1,2,1
1766621367.277452,511,1,2,1,2,1
1766621367.294163,512,1,2,0,2,0
1766621367.309726,512,1,2,0,2,0
1766621367.326197,513,1,2,0,2,0
1766621367.343093,514,1,2,0,2,0
1766621367.359315,515,1,2,0,2,0
1766621367.376356,515,1,2,0,2,0
1766621367.393485,516,1,2,0,2,0
1766621367.411636,517,1,2,0,2,0
1766621367.427903,518,1,2,0,2,0
1766621367.443549,518,1,2,0,2,0
1766621367.460424,519,1,1,0,1,0
1766621367.477484,520,1,1,0,1,0
1766621367.494160,521,1,0,0,0,0
1766621367.623176,521,1,0,0,0,0
1766621367.639748,522,1,1,0,1,0
1766621367.655923,523,1,1,0,1,0
1766621367.671682,524,1,1,0,1,0
1766621367.688951,524,1,1,0,1,0
1766621367.705074,525,1,0,0,0,0
1766621367.723121,526,1,0,0,0,0
1766621367.740229,527,1,0,0,0,0
1766621367.756594,527,1,0,0,0,0
1766621367.793009,529,1,0,0,0,0
1766621367.809583,529,1,0,0,0,0
1766621367.828051,530,1,0,0,0,0
1766621367.852143,531,1,0,0,0,0
1766621367.869115,531,1,0,0,0,0
1766621367.885087,532,1,0,0,0,0
1766621367.900810,533,1,1,0,1,0
1766621367.916854,534,1,1,0,1,0
1766621367.934355,534,1,1,0,1,0
1766621367.950899,535,1,1,0,1,0
1766621367.967839,536,1,2,0,2,0
1766621367.984298,537,1,2,0,2,0
1766621368.001377,537,1,2,0,2,0
1766621368.018662,538,1,2,0,2,0
1766621368.035443,539,1,2,0,2,0
1766621368.051894,540,1,2,1,2,1
1766621368.067888,540,1,2,1,2,1
1766621368.083735,541,1,2,1,2,1
1766621368.100240,542,1,2,1,2,1
1766621368.116592,543,1,2,2,2,2
1766621368.132794,543,1,2,2,2,2
1766621368.148795,544,1,2,2,2,2
1766621368.165066,545,1,2,2,2,2
1766621368.180856,546,1,2,3,2,3
1766621368.197667,546,1,2,3,2,3
1766621368.213416,547,1,2,3,2,3
1766621368.230357,548,1,2,3,2,3
1766621368.247725,549,1,1,3,1,3
1766621368.263772,549,1,1,3,1,3
1766621368.280307,550,1,1,3,1,3
1766621368.297153,551,1,1,3,1,3
1766621368.313237,552,1,1,3,1,3
1766621368.330609,552,1,1,3,1,3
1766621368.346945,553,1,1,3,1,3
1766621368.363717,554,1,1,3,1,3
1766621368.380222,555,1,1,3,1,3
1766621368.398133,555,1,1,3,1,3
1766621368.414279,556,1,1,2,1,2
1766621368.430899,557,1,1,2,1,2
1766621368.446664,557,1,1,2,1,2
1766621368.463480,558,1,1,2,1,2
1766621368.479704,559,1,1,2,1,2
1766621368.496806,560,1,2,2,2,2
1766621368.513530,560,1,2,2,2,2
1766621368.531611,561,1,2,2,2,2
1766621368.547693,562,1,2,3,2,3
1766621368.564548,563,1,2,3,2,3
1766621368.580578,564,1,2,3,2,3
1766621368.597749,564,1,2,3,2,3
1766621368.614354,565,1,1,3,1,3
1766621368.630779,566,1,1,3,1,3
1766621368.647593,567,1,1,3,1,3
1766621368.663777,567,1,1,3,1,3
1766621368.679891,568,1,0,3,0,3
1766621368.696390,569,1,0,3,0,3
1766621368.713027,570,1,0,3,0,3
1766621368.729861,570,1,0,3,0,3
1766621368.746564,571,1,0,3,0,3
1766621368.763038,572,1,0,3,0,3
1766621368.779120,573,1,0,3,0,3
1766621368.795154,573,1,0,3,0,3
1766621368.812022,574,1,0,3,0,3
1766621368.827632,575,1,0,3,0,3
1766621368.844181,576,1,0,3,0,3
1766621368.860207,576,1,0,3,0,3
1766621368.877791,577,1,0,3,0,3
1766621368.893317,578,1,0,3,0,3
1766621368.909913,579,1,0,3,0,3
1766621368.926001,579,1,0,3,0,3
1766621368.943098,580,1,1,3,1,3
1766621368.959768,581,1,1,3,1,3
1766621368.975844,582,1,1,3,1,3
1766621368.992388,582,1,1,3,1,3
1766621369.009435,583,1,1,4,1,4
1766621369.026988,584,1,1,4,1,4
1766621369.043757,585,1,1,4,1,4
1766621369.060683,585,1,1,4,1,4
1766621369.077926,586,1,1,4,1,4
1766621369.094101,587,1,1,4,1,4
1766621369.110773,588,1,1,4,1,4
1766621369.127637,588,1,1,4,1,4
1766621369.144280,589,1,1,4,1,4
1766621369.160858,590,1,1,4,1,4
1766621369.177522,591,1,1,4,1,4
1766621369.194284,591,1,1,4,1,4
1766621369.211337,592,1,1,4,1,4
1766621369.228542,593,1,1,4,1,4
1766621369.246612,594,1,1,4,1,4
1766621369.263676,595,1,1,4,1,4
1766621369.279726,595,1,1,4,1,4
1766621369.297841,596,1,1,4,1,4
1766621369.314528,597,1,1,4,1,4
1766621369.331753,598,1,1,4,1,4
1766621369.347418,598,1,1,4,1,4
1766621369.364770,599,1,1,4,1,4
1766621369.381055,600,1,1,4,1,4
1766621369.397047,601,1,1,3,1,3
1766621369.413524,602,1,1,3,1,3
1766621369.430908,602,1,1,3,1,3
1766621369.447571,603,1,1,3,1,3
1766621369.464458,604,1,2,3,2,3
1766621369.481051,605,1,2,3,2,3
1766621369.497641,605,1,2,3,2,3
1766621369.514153,606,1,3,3,3,3
1766621369.529981,607,1,3,3,3,3
1766621369.545475,607,1,3,3,3,3
1766621369.562311,608,1,3,3,3,3
1766621369.579306,609,1,4,3,4,3
1766621369.596022,610,1,4,3,4,3
1766621369.612178,611,1,4,3,4,3
1766621369.627748,611,1,4,3,4,3
1766621369.643633,612,1,4,3,4,3
1766621369.659660,613,1,4,3,4,3
1766621369.676497,614,1,4,3,4,3
1766621369.693364,614,1,4,3,4,3
1766621369.710647,615,1,4,3,4,3
1766621369.727925,616,1,3,3,3,3
1766621369.745552,617,1,3,3,3,3
1766621369.762658,617,1,3,3,3,3
1766621369.779122,618,1,3,3,3,3
1766621369.795820,619,1,3,2,3,2
1766621369.811764,620,1,3,2,3,2
1766621369.827657,620,1,3,2,3,2
1766621369.843964,621,1,3,2,3,2
1766621369.860023,622,1,3,2,3,2
1766621369.877088,623,1,3,2,3,2
1766621369.892644,623,1,3,2,3,2
1766621369.908830,624,1,3,1,3,1
1766621369.925677,625,1,3,1,3,1
1766621369.942699,626,1,3,1,3,1
1766621369.958722,626,1,3,1,3,1
1766621369.974482,627,1,3,0,3,0
1766621369.991182,628,1,3,0,3,0
1766621370.007472,628,1,3,0,3,0
1766621370.025130,629,1,3,0,3,0
1766621370.041536,630,1,3,0,3,0
1766621370.058037,631,1,3,0,3,0
1766621370.074316,632,1,3,0,3,0
1766621370.090957,632,1,3,0,3,0
1766621370.106594,633,1,3,0,3,0
1766621370.123200,634,1,3,0,3,0
1766621370.140110,635,1,2,0,2,0
1766621370.155370,635,1,2,0,2,0
1766621370.172089,636,1,2,0,2,0
1766621370.187806,637,1,2,0,2,0
1766621370.204563,637,1,2,0,2,0
1766621370.221268,638,1,2,0,2,0
1766621370.237723,639,1,2,0,2,0
1766621370.254503,640,1,1,0,1,0
1766621370.271928,640,1,1,0,1,0
1766621370.287600,641,1,1,0,1,0
1766621370.303932,642,1,1,0,1,0
1766621370.320243,643,1,1,0,1,0
1766621370.336875,643,1,1,0,1,0
1766621370.353221,644,1,2,0,2,0
1766621370.370750,645,1,2,0,2,0
1766621370.387864,646,1,2,0,2,0
1766621370.404507,646,1,2,0,2,0
1766621370.420789,647,1,2,0,2,0
1766621370.436713,648,1,2,0,2,0
1766621370.453970,649,1,2,0,2,0
1766621370.470544,649,1,2,0,2,0
1766621370.487784,650,1,2,0,2,0
1766621370.504103,651,1,2,0,2,0
1766621370.519379,652,1,2,0,2,0
1766621370.535830,652,1,2,0,2,0
1766621370.552811,653,1,2,0,2,0
1766621370.569075,654,1,2,0,2,0
1766621370.585168,655,1,2,0,2,0
1766621370.600484,655,1,2,0,2,0
1766621370.619057,656,1,2,0,2,0
1766621370.635584,657,1,2,0,2,0
1766621370.652595,658,1,2,0,2,0
1766621370.668852,658,1,2,0,2,0
1766621370.685834,659,1,3,0,3,0
1766621370.702317,660,1,3,0,3,0
1766621370.719404,661,1,3,0,3,0
1766621370.736058,661,1,3,0,3,0
1766621370.752133,662,1,4,0,4,0
1766621370.769257,663,1,4,0,4,0
1766621370.786380,664,1,4,0,4,0
1766621370.803015,664,1,4,0,4,0
1766621370.819179,665,1,4,0,4,0
1766621370.834741,666,1,4,0,4,0
1766621370.850885,667,1,4,0,4,0
1766621370.867627,667,1,4,0,4,0
1766621370.884730,668,1,4,0,4,0
1766621370.900868,669,1,4,0,4,0
1766621370.917235,670,1,4,0,4,0
1766621370.933664,670,1,4,0,4,0
1766621370.950102,671,1,4,0,4,0
1766621370.965820,672,1,3,0,3,0
1766621370.982510,673,1,3,0,3,0
1766621370.999291,673,1,3,0,3,0
1766621371.015502,674,1,3,0,3,0
1766621371.032638,675,1,3,0,3,0
1766621371.049326,676,1,4,0,4,0
1766621371.065689,676,1,4,0,4,0
1766621371.082383,677,1,4,0,4,0
1766621371.099938,678,1,4,0,4,0
1766621371.116500,678,1,4,0,4,0
1766621371.133330,679,1,4,0,4,0
1766621371.151120,680,1,4,1,4,1
1766621371.168261,681,1,4,1,4,1
1766621371.185512,682,1,4,1,4,1
1766621371.201756,682,1,4,1,4,1
1766621371.218225,683,1,4,1,4,1
1766621371.235895,684,1,3,1,3,1
1766621371.252626,685,1,3,1,3,1
1766621371.268702,685,1,3,1,3,1
1766621371.285821,686,1,3,1,3,1
1766621371.302656,687,1,3,1,3,1
1766621371.318974,688,1,3,1,3,1
1766621371.336170,688,1,3,1,3,1
1766621371.352463,689,1,3,1,3,1
1766621371.369175,690,1,2,1,2,1
1766621371.385916,690,1,2,1,2,1
1766621371.402066,691,1,2,1,2,1
1766621371.417983,692,1,2,1,2,1
1766621371.434294,693,1,2,1,2,1
1766621371.451310,693,1,2,1,2,1
1766621371.467934,694,1,3,1,3,1
1766621371.484063,695,1,3,1,3,1
1766621371.499584,695,1,3,1,3,1
1766621371.516268,696,1,3,1,3,1
1766621371.534612,697,1,3,0,3,0
1766621371.551386,698,1,3,0,3,0
1766621371.569075,699,1,3,0,3,0
1766621371.584560,699,1,3,0,3,0
1766621371.601662,700,1,3,0,3,0
1766621371.618027,701,1,2,0,2,0
1766621371.634099,702,1,2,0,2,0
1766621371.650564,702,1,2,0,2,0
1766621371.667731,703,1,2,0,2,0
1766621371.684344,704,1,2,0,2,0
1766621371.700928,705,1,2,0,2,0
1766621371.717775,705,1,2,0,2,0
1766621371.734306,706,1,3,0,3,0
1766621371.751486,707,1,3,0,3,0
1766621371.767907,707,1,3,0,3,0
1766621371.783665,708,1,3,0,3,0
1766621371.799814,709,1,3,0,3,0
1766621371.816301,710,1,3,1,3,1
1766621371.833828,710,1,3,1,3,1
1766621371.849747,711,1,3,1,3,1
1766621371.866505,712,1,3,1,3,1
1766621371.883426,713,1,3,1,3,1
1766621371.899455,713,1,3,1,3,1
1766621371.916385,714,1,4,1,4,1
1766621371.933143,715,1,4,1,4,1
1766621371.949106,716,1,4,1,4,1
1766621371.965314,716,1,4,1,4,1
1766621371.981889,717,1,4,1,4,1
1766621371.997839,718,1,4,1,4,1
1766621372.014411,719,1,4,1,4,1
1766621372.030674,719,1,4,1,4,1
1766621372.047364,720,1,4,1,4,1
1766621372.063822,721,1,4,1,4,1
1766621372.079808,722,1,4,1,4,1
1766621372.096324,722,1,4,1,4,1
1766621372.113347,723,1,3,1,3,1
1766621372.130220,724,1,3,1,3,1
1766621372.148529,725,1,3,1,3,1
1766621372.164443,725,1,3,1,3,1
1766621372.180956,726,1,3,1,3,1
1766621372.198033,727,1,3,1,3,1
1766621372.214657,728,1,3,1,3,1
1766621372.231328,728,1,3,1,3,1
1766621372.247702,729,1,4,1,4,1
1766621372.265090,730,1,4,1,4,1
1766621372.282052,731,1,4,1,4,1
1766621372.297860,731,1,4,1,4,1
1766621372.314263,732,1,3,1,3,1
1766621372.330857,733,1,3,1,3,1
1766621372.346920,734,1,3,1,3,1
1766621372.363209,734,1,3,1,3,1
1766621372.380103,735,1,3,1,3,1
1766621372.396460,736,1,3,2,3,2
1766621372.413227,736,1,3,2,3,2
1766621372.430366,737,1,3,2,3,2
1766621372.447942,738,1,3,2,3,2
1766621372.464492,739,1,3,3,3,3
1766621372.481354,740,1,3,3,3,3
1766621372.497706,740,1,3,3,3,3
1766621372.514029,741,1,3,3,3,3
1766621372.529570,742,1,4,3,4,3
1766621372.546170,743,1,4,3,4,3
1766621372.563484,743,1,4,3,4,3
1766621372.579376,744,1,4,3,4,3
1766621372.596361,745,1,4,4,4,4
1766621372.613641,746,1,4,4,4,4
1766621372.630105,746,1,4,4,4,4
1766621372.646472,747,1,4,4,4,4
1766621372.663417,748,1,4,3,4,3
1766621372.679927,749,1,4,3,4,3
1766621372.696004,749,1,4,3,4,3
1766621372.712310,750,1,4,3,4,3
1766621372.729886,751,1,4,2,4,2
1766621372.746516,751,1,4,2,4,2
1766621372.762782,752,1,4,2,4,2
1766621372.780233,753,1,4,2,4,2
1766621372.798538,754,1,4,2,4,2
1766621372.814409,754,1,4,2,4,2
1766621372.830729,755,1,4,1,4,1
1766621372.847191,756,1,4,1,4,1
1766621372.865055,757,1,4,1,4,1
1766621372.881569,757,1,4,1,4,1
1766621372.898179,758,1,4,1,4,1
1766621372.913825,759,1,4,1,4,1
1766621372.930801,760,1,4,1,4,1
1766621372.946615,760,1,4,1,4,1
1766621372.962634,761,1,4,2,4,2
1766621372.979595,762,1,4,2,4,2
1766621372.996548,763,1,4,2,4,2
1766621373.012479,763,1,4,2,4,2
1766621373.029169,764,1,4,3,4,3
1766621373.044768,765,1,4,3,4,3
1766621373.061834,766,1,4,3,4,3
1766621373.077848,766,1,4,3,4,3
1766621373.093754,767,1,4,3,4,3
1766621373.110597,768,1,4,4,4,4
1766621373.127053,769,1,4,4,4,4
1766621373.142803,769,1,4,4,4,4
1766621373.159789,770,1,4,4,4,4
1766621373.177123,771,1,4,4,4,4
1766621373.193360,772,1,3,4,3,4
1766621373.209546,772,1,3,4,3,4
1766621373.226354,773,1,3,4,3,4
1766621373.243474,774,1,3,4,3,4
1766621373.260508,774,1,3,4,3,4
1766621373.277654,775,1,3,4,3,4
1766621373.294940,776,1,4,4,4,4
1766621373.311464,777,1,4,4,4,4
1766621373.328110,778,1,4,4,4,4
1766621373.343952,778,1,4,4,4,4
1766621373.360591,779,1,4,3,4,3
1766621373.377711,780,1,4,3,4,3
1766621373.393757,781,1,4,3,4,3
1766621373.410656,781,1,4,3,4,3
1766621373.427532,782,1,4,3,4,3
1766621373.445074,783,1,3,3,3,3
1766621373.461737,784,1,3,3,3,3
1766621373.478010,784,1,3,3,3,3
1766621373.494428,785,1,3,3,3,3
1766621373.511230,786,1,3,3,3,3
1766621373.527720,786,1,3,3,3,3
1766621373.544356,787,1,3,2,3,2
1766621373.562001,788,1,3,2,3,2
1766621373.579370,789,1,3,2,3,2
1766621373.595486,790,1,3,2,3,2
1766621373.612583,790,1,3,2,3,2
1766621373.629198,791,1,3,1,3,1
1766621373.646051,792,1,3,1,3,1
1766621373.662376,793,1,3,1,3,1
1766621373.679545,793,1,3,1,3,1
1766621373.696565,794,1,3,2,3,2
1766621373.713314,795,1,3,2,3,2
1766621373.729489,796,1,3,2,3,2
1766621373.746386,797,1,3,2,3,2
1766621373.763829,797,1,3,2,3,2
1766621373.779855,798,1,3,2,3,2
1766621373.796560,799,1,3,2,3,2
1766621373.813023,800,1,3,2,3,2
1766621373.830189,800,1,3,2,3,2
1766621373.846257,801,1,3,2,3,2
1766621373.863280,802,1,2,2,2,2
1766621373.880220,803,1,2,2,2,2
1766621373.897361,803,1,2,2,2,2
1766621373.914756,804,1,2,2,2,2
1766621373.931058,805,1,2,1,2,1
1766621373.946344,805,1,2,1,2,1
1766621373.963031,806,1,2,1,2,1
1766621373.979507,807,1,2,1,2,1
1766621373.996367,808,1,3,1,3,1
1766621374.013294,809,1,3,1,3,1
1766621374.030100,809,1,3,1,3,1
1766621374.046551,810,1,3,1,3,1
1766621374.062594,811,1,3,1,3,1
1766621374.079844,812,1,4,1,4,1
1766621374.095295,812,1,4,1,4,1
1766621374.112840,813,1,4,1,4,1
1766621374.128966,814,1,4,1,4,1
1766621374.145216,814,1,4,1,4,1
1766621374.162975,815,1,4,1,4,1
1766621374.178670,816,1,4,0,4,0
1766621374.195750,817,1,4,0,4,0
1766621374.212456,818,1,4,0,4,0
1766621374.229872,818,1,4,0,4,0
1766621374.246461,819,1,4,0,4,0
1766621374.263422,820,1,4,0,4,0
1766621374.279842,821,1,5,0,5,0
1766621374.296156,821,1,5,0,5,0
1766621374.313316,822,1,5,0,5,0
1766621374.330605,823,1,5,0,5,0
1766621374.347945,824,1,5,1,5,1
1766621374.364566,824,1,5,1,5,1
1766621374.380777,825,1,5,1,5,1
1766621374.398574,826,1,5,1,5,1
1766621374.415233,827,1,5,1,5,1
1766621374.433014,827,1,5,1,5,1
1766621374.450553,828,1,5,2,5,2
1766621374.467909,829,1,5,2,5,2
1766621374.484749,830,1,5,2,5,2
1766621374.501513,831,1,6,2,6,2
1766621374.517854,831,1,6,2,6,2
1766621374.534046,832,1,6,2,6,2
1766621374.550743,833,1,6,2,6,2
1766621374.567068,833,1,6,2,6,2
1766621374.583394,834,1,6,2,6,2
1766621374.600022,835,1,6,2,6,2
1766621374.616196,836,1,6,2,6,2
1766621374.632849,836,1,6,2,6,2
1766621374.648697,837,1,6,2,6,2
1766621374.665066,838,1,5,2,5,2
1766621374.680892,839,1,5,2,5,2
1766621374.697163,839,1,5,2,5,2
1766621374.714099,840,1,5,2,5,2
1766621374.730492,841,1,5,2,5,2
1766621374.747842,842,1,4,2,4,2
1766621374.763801,842,1,4,2,4,2
1766621374.780378,843,1,4,2,4,2
1766621374.797851,844,1,4,2,4,2
1766621374.814725,845,1,4,2,4,2
1766621374.830988,845,1,4,2,4,2
1766621374.848037,846,1,4,3,4,3
1766621374.863543,847,1,4,3,4,3
1766621374.879307,848,1,4,3,4,3
1766621374.896230,848,1,4,3,4,3
1766621374.912554,849,1,4,3,4,3
1766621374.929339,850,1,4,3,4,3
1766621374.946287,851,1,4,3,4,3
1766621374.963657,851,1,4,3,4,3
1766621374.980272,852,1,4,2,4,2
1766621374.997030,853,1,4,2,4,2
1766621375.012839,854,1,4,2,4,2
1766621375.029445,854,1,4,2,4,2
1766621375.046308,855,1,4,2,4,2
1766621375.064032,856,1,4,3,4,3
1766621375.080340,857,1,4,3,4,3
1766621375.097951,857,1,4,3,4,3
1766621375.114347,858,1,4,3,4,3
1766621375.131896,859,1,4,3,4,3
1766621375.147892,860,1,4,3,4,3
1766621375.164031,860,1,4,3,4,3
1766621375.179930,861,1,5,3,5,3
1766621375.195860,862,1,5,3,5,3
1766621375.213134,863,1,5,3,5,3
1766621375.229169,863,1,5,3,5,3
1766621375.246371,864,1,5,3,5,3
1766621375.262482,865,1,5,2,5,2
1766621375.279552,866,1,5,2,5,2
1766621375.296292,866,1,5,2,5,2
1766621375.313735,867,1,5,2,5,2
1766621375.330312,868,1,5,2,5,2
1766621375.347827,869,1,5,2,5,2
1766621375.364192,869,1,5,2,5,2
1766621375.381185,870,1,5,2,5,2
1766621375.397104,871,1,5,2,5,2
1766621375.413272,872,1,5,2,5,2
1766621375.429736,872,1,5,2,5,2
1766621375.446125,873,1,6,2,6,2
1766621375.462055,874,1,6,2,6,2
1766621375.478111,875,1,6,2,6,2
1766621375.494706,875,1,6,2,6,2
1766621375.510567,876,1,6,1,6,1
1766621375.528924,877,1,6,1,6,1
1766621375.546216,878,1,6,1,6,1
1766621375.563446,878,1,6,1,6,1
1766621375.581259,879,1,6,1,6,1
1766621375.598178,880,1,6,1,6,1
1766621375.614511,881,1,6,1,6,1
1766621375.630844,881,1,6,1,6,1
1766621375.648136,882,1,6,1,6,1
1766621375.665035,883,1,6,1,6,1
1766621375.680996,884,1,6,1,6,1
1766621375.697096,884,1,6,1,6,1
1766621375.713591,885,1,6,2,6,2
1766621375.731249,886,1,6,2,6,2
1766621375.748135,887,1,6,2,6,2
1766621375.763869,887,1,6,2,6,2
1766621375.779436,888,1,5,2,5,2
1766621375.797194,889,1,5,2,5,2
1766621375.813172,890,1,5,2,5,2
1766621375.828295,890,1,5,2,5,2
1766621375.845696,891,1,4,2,4,2
1766621375.863113,892,1,4,2,4,2
1766621375.879285,893,1,4,2,4,2
1766621375.896321,893,1,4,2,4,2
1766621375.913435,894,1,4,2,4,2
1766621375.930217,895,1,4,2,4,2
1766621375.947685,896,1,4,3,4,3
1766621375.964170,896,1,4,3,4,3
1766621375.981615,897,1,4,3,4,3
1766621375.998690,898,1,4,3,4,3
1766621376.015977,899,1,4,3,4,3
1766621376.032504,900,1,4,3,4,3
1766621376.048944,900,1,4,3,4,3
1766621376.064515,901,1,4,3,4,3
1766621376.081453,902,1,4,4,4,4
1766621376.097905,903,1,4,4,4,4
1766621376.114500,903,1,4,4,4,4
1766621376.131726,904,1,4,4,4,4
1766621376.147951,905,1,4,4,4,4
1766621376.164246,906,1,5,4,5,4
1766621376.181286,906,1,5,4,5,4
1766621376.199122,907,1,5,4,5,4
1766621376.215122,908,1,5,4,5,4
1766621376.231792,909,1,5,5,5,5
1766621376.248798,909,1,5,5,5,5
1766621376.265250,910,1,5,5,5,5
1766621376.282862,911,1,5,5,5,5
1766621376.299056,912,1,5,6,5,6
1766621376.314740,912,1,5,6,5,6
1766621376.331146,913,1,5,6,5,6
1766621376.347285,914,1,5,6,5,6
1766621376.364218,915,1,6,6,6,6
1766621376.381449,915,1,6,6,6,6
1766621376.397724,916,1,6,6,6,6
1766621376.414649,917,1,6,6,6,6
1766621376.431940,918,1,6,6,6,6
1766621376.448692,919,1,6,6,6,6
1766621376.465177,919,1,6,6,6,6
1766621376.482270,920,1,6,7,6,7
1766621376.498756,921,1,6,7,6,7
1766621376.514951,922,1,6,7,6,7
1766621376.530910,922,1,6,7,6,7
1766621376.547343,923,1,6,7,6,7
1766621376.563821,924,1,5,7,5,7
1766621376.579638,925,1,5,7,5,7
1766621376.597951,925,1,5,7,5,7
1766621376.614517,926,1,5,7,5,7
1766621376.630985,927,1,5,8,5,8
1766621376.646750,928,1,5,8,5,8
1766621376.662708,928,1,5,8,5,8
1766621376.678957,929,1,5,8,5,8
1766621376.695255,930,1,5,7,5,7
1766621376.712703,930,1,5,7,5,7
1766621376.728961,931,1,5,7,5,7
1766621376.745417,932,1,5,7,5,7
1766621376.761478,933,1,5,8,5,8
1766621376.778858,933,1,5,8,5,8
1766621376.795180,934,1,5,8,5,8
1766621376.811216,935,1,5,8,5,8
1766621376.827994,936,1,5,8,5,8
1766621376.845060,936,1,5,8,5,8
1766621376.861603,937,1,5,8,5,8
1766621376.878301,938,1,5,8,5,8
1766621376.894980,939,1,5,8,5,8
1766621376.911363,939,1,5,8,5,8
1766621376.927928,940,1,5,9,5,9
1766621376.945985,941,1,5,9,5,9
1766621376.962036,942,1,5,8,5,8
1766621376.978510,943,1,5,8,5,8
1766621376.995035,943,1,5,8,5,8
1766621377.011856,944,1,5,8,5,8
1766621377.028067,945,1,4,8,4,8
1766621377.045013,946,1,4,8,4,8
1766621377.061064,946,1,4,8,4,8
1766621377.077388,947,1,4,8,4,8
1766621377.093431,948,1,4,8,4,8
1766621377.111265,949,1,4,8,4,8
1766621377.128096,949,1,4,8,4,8
1766621377.144238,950,1,4,8,4,8
1766621377.161463,951,1,5,8,5,8
1766621377.179405,952,1,5,8,5,8
1766621377.196557,953,1,5,8,5,8
1766621377.213903,953,1,5,8,5,8
1766621377.230287,954,1,5,8,5,8
1766621377.248075,955,1,4,8,4,8
1766621377.264420,956,1,4,8,4,8
1766621377.280756,956,1,4,8,4,8
1766621377.297437,957,1,4,8,4,8
1766621377.314279,958,1,4,7,4,7
1766621377.331808,959,1,4,7,4,7
1766621377.349677,960,1,4,7,4,7
1766621377.365699,960,1,4,7,4,7
1766621377.382417,961,1,4,7,4,7
1766621377.400164,962,1,3,7,3,7
1766621377.417460,963,1,3,7,3,7
1766621377.433981,963,1,3,7,3,7
1766621377.450293,964,1,3,7,3,7
1766621377.466906,965,1,3,7,3,7
1766621377.483077,966,1,3,7,3,7
1766621377.498940,966,1,3,7,3,7
1766621377.515260,967,1,3,6,3,6
1766621377.532872,968,1,3,6,3,6
1766621377.548570,968,1,3,6,3,6
1766621377.565052,969,1,3,5,3,5
1766621377.581094,970,1,3,5,3,5
1766621377.596910,971,1,3,5,3,5
1766621377.613043,971,1,3,5,3,5
1766621377.628745,972,1,3,5,3,5
1766621377.645646,973,1,3,5,3,5
1766621377.662501,974,1,3,5,3,5
1766621377.679639,974,1,3,5,3,5
1766621377.696421,975,1,3,5,3,5
1766621377.714286,976,1,3,5,3,5
1766621377.732134,977,1,3,5,3,5
1766621377.748137,978,1,3,5,3,5
1766621377.763530,978,1,3,5,3,5
1766621377.780105,979,1,4,5,4,5
1766621377.796549,980,1,4,5,4,5
1766621377.813070,980,1,4,5,4,5
1766621377.829250,981,1,3,5,3,5
1766621377.847305,982,1,3,5,3,5
1766621377.863839,983,1,3,5,3,5
1766621377.879664,983,1,3,5,3,5
1766621377.896310,984,1,3,5,3,5
1766621377.912943,985,1,3,5,3,5
1766621377.929412,986,1,3,5,3,5
1766621377.946244,986,1,3,5,3,5
1766621377.962535,987,1,3,5,3,5
1766621377.979944,988,1,3,5,3,5
1766621377.996288,989,1,3,4,3,4
1766621378.013060,990,1,3,4,3,4
1766621378.028839,990,1,3,4,3,4
1766621378.045596,991,1,3,4,3,4
1766621378.062768,992,1,3,4,3,4
1766621378.079304,993,1,3,4,3,4
1766621378.096488,993,1,3,4,3,4
1766621378.113686,994,1,3,4,3,4
1766621378.129831,995,1,3,4,3,4
1766621378.146600,996,1,3,4,3,4
1766621378.162604,996,1,3,4,3,4
1766621378.178891,997,1,3,4,3,4
1766621378.195744,998,1,3,4,3,4
1766621378.212454,999,1,3,5,3,5
1766621378.228853,999,1,3,5,3,5
1766621378.327164,1000,1,3,5,3,5
1766621378.350342,1000,1,3,5,3,5
1766621378.384017,1001,1,3,4,3,4
1766621378.422877,1002,1,3,4,3,4
1766621378.452172,1003,1,3,4,3,4
1766621378.479368,1004,1,3,4,3,4
1766621378.499409,1005,1,3,4,3,4
1766621378.516809,1006,1,3,4,3,4
1766621378.533660,1007,1,3,4,3,4
1766621378.549891,1007,1,3,4,3,4
1766621378.566245,1008,1,3,4,3,4
1766621378.582886,1009,1,3,4,3,4
1766621378.598454,1009,1,3,4,3,4
1766621378.615439,1010,1,3,4,3,4
1766621378.632229,1011,1,3,5,3,5
1766621378.650261,1012,1,3,5,3,5
1766621378.667090,1013,1,3,5,3,5
1766621378.682337,1013,1,3,5,3,5
1766621378.700319,1014,1,3,5,3,5
1766621378.716724,1015,1,3,4,3,4
1766621378.732979,1016,1,3,4,3,4
1766621378.748854,1016,1,3,4,3,4
1766621378.765101,1017,1,4,4,4,4
1766621378.780770,1018,1,4,4,4,4
1766621378.796411,1018,1,4,4,4,4
1766621378.813370,1019,1,4,4,4,4
1766621378.830212,1020,1,4,4,4,4
1766621378.848109,1021,1,4,4,4,4
1766621378.864365,1021,1,4,4,4,4
1766621378.881741,1022,1,4,4,4,4
1766621378.909743,1022,1,4,4,4,4
1766621378.927842,1024,1,4,4,4,4
1766621378.945094,1024,1,4,4,4,4
1766621378.961408,1025,1,4,4,4,4
1766621378.977824,1026,1,4,4,4,4
1766621378.994697,1026,1,4,4,4,4
1766621379.010783,1027,1,5,4,5,4
1766621379.027277,1028,1,5,4,5,4
1766621379.044232,1028,1,5,4,5,4
1766621379.060989,1029,1,5,5,5,5
1766621379.078294,1030,1,5,5,5,5
1766621379.095153,1031,1,5,5,5,5
1766621379.111368,1031,1,5,5,5,5
1766621379.127807,1032,1,5,5,5,5
1766621379.144186,1033,1,5,6,5,6
1766621379.160476,1034,1,5,6,5,6
1766621379.182278,1035,1,5,6,5,6
1766621379.198929,1035,1,5,6,5,6
1766621379.214853,1036,1,5,6,5,6
1766621379.230486,1037,1,4,6,4,6
1766621379.247226,1037,1,4,6,4,6
1766621379.264596,1038,1,4,6,4,6
1766621379.281753,1039,1,5,6,5,6
1766621379.298007,1040,1,5,6,5,6
1766621379.314249,1040,1,5,6,5,6
1766621379.331484,1041,1,5,6,5,6
1766621379.348158,1042,1,5,7,5,7
1766621379.365357,1043,1,5,7,5,7
1766621379.382205,1044,1,5,7,5,7
1766621379.399963,1044,1,5,7,5,7
1766621379.416585,1045,1,5,7,5,7
1766621379.433524,1046,1,5,6,5,6
1766621379.449932,1047,1,5,6,5,6
1766621379.466275,1047,1,5,6,5,6
1766621379.482821,1048,1,5,6,5,6
1766621379.499392,1049,1,5,5,5,5
1766621379.516555,1050,1,5,5,5,5
1766621379.533165,1050,1,5,5,5,5
1766621379.548322,1051,1,5,5,5,5
1766621379.565178,1052,1,6,5,6,5
1766621379.580488,1052,1,6,5,6,5
1766621379.597203,1053,1,6,5,6,5
1766621379.613757,1054,1,6,5,6,5
1766621379.630322,1055,1,7,5,7,5
1766621379.647044,1055,1,7,5,7,5
1766621379.663454,1056,1,7,5,7,5
1766621379.679588,1057,1,7,5,7,5
1766621379.696484,1058,1,7,4,7,4
1766621379.712522,1058,1,7,4,7,4
1766621379.729518,1059,1,7,4,7,4
1766621379.745641,1060,1,7,4,7,4
1766621379.762260,1061,1,7,4,7,4
1766621379.779513,1061,1,7,4,7,4
1766621379.796808,1062,1,7,4,7,4
1766621379.813120,1063,1,7,4,7,4
1766621379.830020,1064,1,7,4,7,4
1766621379.847392,1064,1,7,4,7,4
1766621379.864207,1065,1,6,4,6,4
1766621379.881424,1066,1,6,4,6,4
1766621379.898278,1067,1,6,4,6,4
1766621379.914408,1067,1,6,4,6,4
1766621379.931668,1068,1,6,4,6,4
1766621379.948956,1069,1,6,4,6,4
1766621379.965694,1070,1,6,4,6,4
1766621379.982339,1071,1,6,4,6,4
1766621379.999470,1071,1,6,4,6,4
1766621380.017095,1072,1,7,4,7,4
1766621380.034213,1073,1,7,4,7,4
1766621380.051844,1074,1,7,4,7,4
1766621380.068014,1074,1,7,4,7,4
1766621380.083863,1075,1,7,4,7,4
1766621380.100948,1076,1,7,4,7,4
1766621380.117315,1077,1,7,4,7,4
1766621380.133940,1077,1,7,4,7,4
1766621380.150131,1078,1,7,4,7,4
1766621380.166595,1079,1,8,4,8,4
1766621380.183337,1079,1,8,4,8,4
1766621380.200270,1080,1,8,4,8,4
1766621380.216577,1081,1,8,4,8,4
1766621380.233425,1082,1,7,4,7,4
1766621380.250448,1083,1,7,4,7,4
1766621380.267823,1083,1,7,4,7,4
1766621380.283870,1084,1,7,4,7,4
1766621380.300435,1085,1,7,4,7,4
1766621380.317951,1086,1,7,4,7,4
1766621380.333734,1086,1,7,4,7,4
1766621380.350633,1087,1,7,5,7,5
1766621380.367371,1088,1,7,5,7,5
1766621380.384497,1089,1,7,5,7,5
1766621380.400962,1089,1,7,5,7,5
1766621380.417309,1090,1,6,5,6,5
1766621380.434086,1091,1,6,5,6,5
1766621380.450139,1092,1,6,5,6,5
1766621380.466743,1093,1,5,5,5,5
1766621380.483180,1093,1,5,5,5,5
1766621380.499269,1094,1,5,5,5,5
1766621380.516417,1095,1,5,5,5,5
1766621380.533842,1096,1,5,5,5,5
1766621380.550216,1096,1,5,5,5,5
1766621380.567546,1097,1,5,5,5,5
1766621380.584388,1098,1,4,5,4,5
1766621380.601104,1099,1,4,5,4,5
1766621380.617257,1099,1,4,5,4,5
1766621380.633848,1100,1,4,5,4,5
1766621380.650509,1101,1,5,5,5,5
1766621380.667101,1102,1,5,5,5,5
1766621380.683032,1102,1,5,5,5,5
1766621380.698402,1103,1,5,5,5,5
1766621380.715029,1104,1,5,4,5,4
1766621380.731141,1104,1,5,4,5,4
1766621380.747203,1105,1,5,4,5,4
1766621380.764287,1106,1,5,4,5,4
1766621380.781076,1107,1,5,5,5,5
1766621380.797910,1107,1,5,5,5,5
1766621380.813941,1108,1,5,5,5,5
1766621380.830561,1109,1,5,5,5,5
1766621380.848222,1110,1,6,5,6,5
1766621380.865587,1111,1,6,5,6,5
1766621380.881322,1111,1,6,5,6,5
1766621380.898405,1112,1,6,5,6,5
1766621380.914769,1113,1,6,5,6,5
1766621380.930907,1114,1,6,6,6,6
1766621380.946384,1114,1,6,6,6,6
1766621380.963700,1115,1,6,6,6,6
1766621380.980121,1116,1,6,6,6,6
1766621380.996966,1117,1,6,7,6,7
1766621381.013243,1117,1,6,7,6,7
1766621381.030709,1118,1,6,7,6,7
1766621381.047176,1119,1,6,7,6,7
1766621381.063176,1120,1,5,7,5,7
1766621381.080023,1120,1,5,7,5,7
1766621381.096489,1121,1,5,7,5,7
1766621381.113708,1122,1,5,7,5,7
1766621381.130605,1123,1,5,7,5,7
1766621381.147319,1123,1,5,7,5,7
1766621381.163679,1124,1,5,7,5,7
1766621381.180167,1125,1,6,7,6,7
1766621381.196405,1126,1,6,7,6,7
1766621381.213552,1126,1,6,7,6,7
1766621381.230064,1127,1,6,7,6,7
1766621381.246719,1128,1,7,7,7,7
1766621381.263795,1129,1,7,7,7,7
1766621381.281104,1129,1,7,7,7,7
1766621381.296716,1130,1,6,7,6,7
1766621381.313397,1131,1,6,7,6,7
1766621381.330328,1132,1,6,7,6,7
1766621381.348007,1132,1,6,7,6,7
1766621381.365216,1133,1,6,7,6,7
1766621381.381634,1134,1,6,8,6,8
1766621381.398176,1135,1,6,8,6,8
1766621381.414989,1135,1,6,8,6,8
1766621381.430944,1136,1,6,8,6,8
1766621381.447956,1137,1,6,7,6,7
1766621381.463938,1138,1,6,7,6,7
1766621381.480011,1138,1,6,7,6,7
1766621381.497203,1139,1,6,7,6,7
1766621381.514463,1140,1,6,7,6,7
1766621381.530647,1140,1,6,7,6,7
1766621381.547186,1141,1,7,7,7,7
1766621381.564084,1142,1,7,7,7,7
1766621381.579564,1143,1,7,7,7,7
1766621381.596293,1143,1,7,7,7,7
1766621381.613930,1144,1,7,7,7,7
1766621381.630322,1145,1,8,7,8,7
1766621381.647068,1146,1,8,7,8,7
1766621381.662554,1146,1,8,7,8,7
1766621381.679345,1147,1,8,7,8,7
1766621381.696215,1148,1,9,7,9,7
1766621381.714147,1149,1,9,7,9,7
1766621381.730731,1150,1,9,7,9,7
1766621381.746979,1150,1,9,7,9,7
1766621381.763185,1151,1,9,7,9,7
1766621381.779697,1152,1,8,7,8,7
1766621381.796317,1153,1,8,7,8,7
1766621381.813003,1153,1,8,7,8,7
1766621381.829954,1154,1,8,7,8,7
1766621381.846944,1155,1,8,7,8,7
1766621381.862680,1156,1,8,7,8,7
1766621381.879972,1156,1,8,7,8,7
1766621381.896607,1157,1,8,7,8,7
1766621381.913243,1158,1,8,7,8,7
1766621381.931073,1159,1,8,7,8,7
1766621381.948313,1160,1,8,7,8,7
1766621381.965517,1160,1,8,7,8,7
1766621381.982723,1161,1,8,7,8,7
1766621381.999008,1162,1,8,7,8,7
1766621382.014741,1163,1,8,7,8,7
1766621382.031306,1163,1,8,7,8,7
1766621382.048468,1164,1,8,7,8,7
1766621382.065253,1165,1,8,7,8,7
1766621382.081847,1166,1,7,7,7,7
1766621382.098264,1166,1,7,7,7,7
1766621382.115174,1167,1,7,7,7,7
1766621382.131348,1168,1,7,7,7,7
1766621382.148958,1169,1,7,7,7,7
1766621382.165373,1169,1,7,7,7,7
1766621382.181727,1170,1,7,6,7,6
1766621382.198091,1171,1,7,6,7,6
1766621382.214700,1172,1,7,6,7,6
1766621382.230371,1172,1,7,6,7,6
1766621382.246828,1173,1,7,6,7,6
1766621382.263139,1174,1,7,6,7,6
1766621382.278978,1175,1,7,6,7,6
1766621382.295140,1175,1,7,6,7,6
1766621382.311356,1176,1,7,6,7,6
1766621382.327518,1177,1,7,6,7,6
1766621382.344243,1178,1,6,6,6,6
1766621382.361522,1178,1,6,6,6,6
1766621382.379453,1179,1,6,6,6,6
1766621382.396127,1180,1,6,6,6,6
1766621382.412519,1181,1,6,6,6,6
1766621382.429664,1182,1,6,5,6,5
1766621382.445712,1182,1,6,5,6,5
1766621382.462942,1183,1,6,5,6,5
1766621382.479386,1184,1,6,5,6,5
1766621382.495894,1185,1,6,5,6,5
1766621382.511976,1185,1,6,5,6,5
1766621382.527897,1186,1,7,5,7,5
1766621382.543992,1187,1,7,5,7,5
1766621382.561225,1187,1,7,5,7,5
1766621382.577954,1188,1,7,5,7,5
1766621382.593712,1189,1,7,4,7,4
1766621382.610270,1190,1,7,4,7,4
1766621382.627005,1190,1,7,4,7,4
1766621382.643295,1191,1,7,4,7,4
1766621382.660825,1192,1,7,5,7,5
1766621382.677068,1193,1,7,5,7,5
1766621382.693182,1193,1,7,5,7,5
1766621382.709212,1194,1,7,5,7,5
1766621382.726432,1195,1,7,5,7,5
1766621382.743520,1196,1,7,5,7,5
1766621382.759989,1196,1,7,5,7,5
1766621382.776056,1197,1,7,6,7,6
1766621382.792570,1198,1,7,6,7,6
1766621382.809942,1199,1,7,6,7,6
1766621382.825830,1199,1,7,6,7,6
1766621382.841572,1200,1,7,6,7,6
1766621382.857963,1201,1,7,6,7,6
1766621382.873691,1202,1,7,6,7,6
1766621382.890237,1202,1,7,6,7,6
1766621382.906840,1203,1,7,5,7,5
1766621382.922967,1204,1,7,5,7,5
1766621382.938887,1205,1,7,5,7,5
1766621382.954447,1205,1,7,5,7,5
1766621382.971241,1206,1,7,5,7,5
1766621382.987886,1207,1,6,5,6,5
1766621383.004167,1207,1,6,5,6,5
1766621383.019942,1208,1,6,5,6,5
1766621383.037053,1209,1,6,5,6,5
1766621383.052871,1210,1,6,4,6,4
1766621383.069750,1210,1,6,4,6,4
1766621383.085637,1211,1,6,4,6,4
1766621383.102892,1212,1,6,4,6,4
1766621383.119655,1213,1,5,4,5,4
1766621383.136155,1214,1,5,4,5,4
1766621383.152050,1214,1,5,4,5,4
1766621383.169271,1215,1,5,4,5,4
1766621383.186392,1216,1,5,4,5,4
1766621383.202469,1216,1,5,4,5,4
1766621383.219850,1217,1,5,4,5,4
1766621383.236186,1218,1,5,4,5,4
1766621383.252903,1219,1,5,4,5,4
1766621383.269059,1219,1,5,4,5,4
1766621383.285227,1220,1,5,4,5,4
1766621383.302319,1221,1,5,4,5,4
1766621383.319043,1222,1,5,4,5,4
1766621383.335376,1222,1,5,4,5,4
1766621383.351767,1223,1,6,4,6,4
1766621383.368297,1224,1,6,4,6,4
1766621383.385495,1225,1,6,4,6,4
1766621383.402392,1225,1,6,4,6,4
1766621383.419389,1226,1,6,4,6,4
1766621383.435983,1227,1,6,4,6,4
1766621383.452257,1227,1,6,4,6,4
1766621383.468834,1228,1,6,4,6,4
1766621383.485701,1229,1,5,4,5,4
1766621383.501425,1230,1,5,4,5,4
1766621383.517802,1230,1,5,4,5,4
1766621383.534366,1231,1,6,4,6,4
1766621383.550860,1232,1,6,4,6,4
1766621383.567879,1233,1,6,4,6,4
1766621383.584398,1233,1,6,4,6,4
1766621383.601917,1234,1,6,4,6,4
1766621383.618155,1235,1,5,4,5,4
1766621383.635693,1236,1,5,4,5,4
1766621383.651867,1237,1,5,4,5,4
1766621383.668231,1237,1,5,4,5,4
1766621383.685623,1238,1,5,4,5,4
1766621383.702087,1239,1,4,4,4,4
1766621383.719038,1240,1,4,4,4,4
1766621383.735338,1240,1,4,4,4,4
1766621383.752096,1241,1,4,4,4,4
1766621383.767274,1242,1,5,4,5,4
1766621383.783755,1243,1,5,4,5,4
1766621383.800591,1243,1,5,4,5,4
1766621383.817683,1244,1,5,4,5,4
1766621383.834371,1245,1,5,3,5,3
1766621383.852125,1246,1,5,3,5,3
1766621383.867722,1246,1,5,3,5,3
1766621383.883832,1247,1,5,3,5,3
1766621383.900179,1248,1,5,3,5,3
1766621383.915737,1249,1,5,4,5,4
1766621383.932346,1249,1,5,4,5,4
1766621383.949872,1250,1,5,4,5,4
1766621383.966254,1251,1,5,4,5,4
1766621383.984368,1252,1,5,4,5,4
1766621384.001844,1253,1,5,4,5,4
1766621384.018796,1253,1,5,4,5,4
1766621384.035340,1254,1,5,4,5,4
1766621384.053476,1255,1,6,4,6,4
1766621384.070405,1256,1,6,4,6,4
1766621384.086825,1256,1,6,4,6,4
1766621384.103317,1257,1,6,4,6,4
1766621384.120209,1258,1,6,4,6,4
1766621384.137375,1259,1,6,5,6,5
1766621384.154808,1259,1,6,5,6,5
1766621384.171902,1260,1,6,5,6,5
1766621384.187915,1261,1,6,5,6,5
1766621384.203395,1262,1,6,4,6,4
1766621384.220163,1262,1,6,4,6,4
1766621384.236710,1263,1,6,4,6,4
1766621384.253888,1264,1,6,4,6,4
1766621384.270070,1265,1,6,4,6,4
1766621384.286855,1266,1,6,4,6,4
1766621384.303497,1266,1,6,4,6,4
1766621384.320948,1267,1,6,4,6,4
1766621384.338263,1268,1,6,4,6,4
1766621384.354733,1269,1,6,4,6,4
1766621384.370769,1269,1,6,4,6,4
1766621384.388375,1270,1,6,5,6,5
1766621384.405295,1271,1,6,5,6,5
1766621384.422132,1272,1,6,5,6,5
1766621384.437969,1273,1,6,5,6,5
1766621384.453692,1273,1,6,5,6,5
1766621384.470522,1274,1,6,5,6,5
1766621384.489367,1275,1,6,6,6,6
1766621384.506400,1276,1,6,6,6,6
1766621384.523184,1276,1,6,6,6,6
1766621384.542977,1277,1,6,6,6,6
1766621384.559922,1278,1,6,7,6,7
1766621384.575837,1279,1,6,7,6,7
1766621384.591396,1279,1,6,7,6,7
1766621384.608484,1280,1,6,7,6,7
1766621384.626070,1281,1,7,7,7,7
1766621384.642578,1282,1,7,7,7,7
1766621384.659472,1282,1,7,7,7,7
1766621384.676031,1283,1,7,7,7,7
1766621384.692256,1284,1,7,7,7,7
1766621384.709198,1285,1,7,7,7,7
1766621384.726776,1286,1,7,8,7,8
1766621384.743431,1286,1,7,8,7,8
1766621384.760105,1287,1,7,8,7,8
1766621384.776893,1288,1,6,8,6,8
1766621384.792632,1288,1,6,8,6,8
1766621384.809017,1289,1,6,8,6,8
1766621384.824947,1290,1,6,8,6,8
1766621384.841390,1291,1,6,9,6,9
1766621384.858137,1291,1,6,9,6,9
1766621384.874441,1292,1,6,9,6,9
1766621384.892031,1293,1,6,9,6,9
1766621384.908223,1294,1,7,9,7,9
1766621384.925074,1294,1,7,9,7,9
1766621384.941188,1295,1,7,9,7,9
1766621384.956724,1296,1,7,9,7,9
1766621384.974019,1297,1,7,9,7,9
1766621384.990926,1297,1,7,9,7,9
1766621385.006697,1298,1,7,8,7,8
1766621385.022959,1299,1,7,8,7,8
1766621385.039541,1299,1,7,8,7,8
1766621385.056670,1300,1,7,8,7,8
1766621385.073184,1301,1,7,8,7,8
1766621385.089546,1302,1,7,9,7,9
1766621385.105764,1302,1,7,9,7,9
1766621385.122363,1303,1,7,9,7,9
1766621385.138985,1304,1,7,9,7,9
1766621385.155200,1305,1,7,9,7,9
1766621385.171616,1305,1,7,9,7,9
1766621385.188183,1306,1,7,9,7,9
1766621385.205236,1307,1,8,9,8,9
1766621385.222911,1308,1,8,9,8,9
1766621385.239421,1309,1,8,8,8,8
1766621385.255687,1309,1,8,8,8,8
1766621385.272901,1310,1,8,8,8,8
1766621385.289514,1311,1,8,8,8,8
1766621385.307290,1312,1,7,8,7,8
1766621385.323583,1312,1,7,8,7,8
1766621385.340236,1313,1,7,8,7,8
1766621385.357996,1314,1,7,8,7,8
1766621385.375048,1315,1,7,8,7,8
1766621385.391575,1315,1,7,8,7,8
1766621385.408051,1316,1,7,8,7,8
1766621385.424507,1317,1,7,9,7,9
1766621385.442152,1318,1,7,9,7,9
1766621385.458858,1319,1,7,9,7,9
1766621385.476482,1319,1,7,9,7,9
1766621385.493248,1320,1,7,9,7,9
1766621385.510008,1321,1,7,10,7,10
1766621385.525676,1321,1,7,10,7,10
1766621385.542705,1322,1,7,10,7,10
1766621385.559577,1323,1,7,10,7,10
1766621385.577282,1324,1,7,10,7,10
1766621385.594253,1325,1,7,10,7,10
1766621385.611149,1325,1,7,10,7,10
1766621385.628325,1326,1,6,10,6,10
1766621385.644510,1327,1,6,10,6,10
1766621385.661309,1328,1,6,9,6,9
1766621385.677650,1328,1,6,9,6,9
1766621385.694921,1329,1,6,9,6,9
1766621385.711376,1330,1,6,9,6,9
1766621385.728348,1331,1,6,9,6,9
1766621385.745587,1332,1,6,9,6,9
1766621385.761705,1332,1,6,9,6,9
1766621385.778515,1333,1,6,10,6,10
1766621385.795619,1334,1,6,10,6,10
1766621385.811981,1335,1,6,10,6,10
1766621385.828381,1335,1,6,10,6,10
1766621385.844938,1336,1,6,10,6,10
1766621385.861582,1337,1,6,10,6,10
1766621385.878031,1338,1,5,10,5,10
1766621385.894469,1338,1,5,10,5,10
1766621385.911686,1339,1,5,10,5,10
1766621385.927696,1340,1,5,10,5,10
1766621385.944048,1341,1,4,10,4,10
1766621385.960758,1341,1,4,10,4,10
1766621385.978096,1342,1,4,10,4,10
1766621385.993358,1343,1,4,9,4,9
1766621386.010066,1344,1,4,9,4,9
1766621386.026994,1344,1,4,9,4,9
1766621386.043871,1345,1,4,9,4,9
1766621386.060849,1346,1,4,9,4,9
1766621386.077205,1347,1,5,9,5,9
1766621386.095228,1348,1,5,9,5,9
1766621386.112850,1348,1,5,9,5,9
1766621386.128819,1349,1,5,9,5,9
1766621386.145427,1350,1,6,9,6,9
1766621386.161538,1351,1,6,9,6,9
1766621386.178144,1351,1,6,9,6,9
1766621386.195011,1352,1,6,9,6,9
1766621386.211557,1353,1,6,10,6,10
1766621386.228169,1354,1,6,10,6,10
1766621386.245132,1354,1,6,10,6,10
1766621386.260952,1355,1,6,10,6,10
1766621386.277448,1356,1,6,10,6,10
1766621386.293354,1357,1,7,10,7,10
1766621386.309860,1357,1,7,10,7,10
1766621386.325809,1358,1,7,10,7,10
1766621386.342973,1359,1,7,10,7,10
1766621386.359902,1360,1,7,11,7,11
1766621386.376308,1361,1,7,11,7,11
1766621386.393930,1361,1,7,11,7,11
1766621386.411419,1362,1,7,11,7,11
1766621386.428127,1363,1,7,12,7,12
1766621386.445333,1364,1,7,12,7,12
1766621386.462875,1364,1,7,12,7,12
1766621386.479304,1365,1,7,12,7,12
1766621386.496106,1366,1,7,12,7,12
1766621386.511558,1367,1,8,12,8,12
1766621386.527556,1367,1,8,12,8,12
1766621386.544791,1368,1,8,12,8,12
1766621386.562258,1369,1,8,12,8,12
1766621386.579828,1370,1,8,12,8,12
1766621386.596828,1371,1,8,12,8,12
1766621386.613011,1371,1,8,12,8,12
1766621386.629437,1372,1,8,12,8,12
1766621386.645478,1373,1,8,12,8,12
1766621386.662278,1373,1,8,12,8,12
1766621386.679108,1374,1,8,13,8,13
1766621386.695061,1375,1,8,13,8,13
1766621386.711349,1376,1,8,13,8,13
1766621386.728129,1376,1,8,13,8,13
1766621386.745104,1377,1,8,13,8,13
1766621386.760773,1378,1,8,12,8,12
1766621386.776569,1379,1,8,12,8,12
1766621386.793154,1379,1,8,12,8,12
1766621386.809011,1380,1,8,12,8,12
1766621386.825660,1381,1,8,13,8,13
1766621386.842529,1382,1,8,13,8,13
1766621386.859817,1383,1,8,12,8,12
1766621386.876112,1383,1,8,12,8,12
1766621386.891531,1384,1,8,12,8,12
1766621386.907921,1385,1,8,12,8,12
1766621386.925170,1386,1,8,12,8,12
1766621386.942776,1386,1,8,12,8,12
1766621386.959542,1387,1,8,12,8,12
1766621386.975818,1388,1,8,12,8,12
1766621386.992278,1389,1,8,12,8,12
1766621387.008348,1389,1,8,12,8,12
1766621387.025432,1390,1,8,12,8,12
1766621387.042266,1391,1,8,12,8,12
1766621387.059555,1392,1,8,12,8,12
1766621387.075907,1392,1,8,12,8,12
1766621387.092214,1393,1,8,12,8,12
1766621387.109404,1394,1,7,12,7,12
1766621387.126616,1395,1,7,12,7,12
1766621387.142806,1395,1,7,12,7,12
1766621387.159895,1396,1,7,12,7,12
1766621387.175434,1397,1,7,12,7,12
1766621387.192898,1398,1,7,11,7,11
1766621387.209657,1398,1,7,11,7,11
1766621387.226026,1399,1,7,11,7,11
1766621387.242705,1400,1,7,11,7,11
1766621387.259146,1401,1,7,11,7,11
1766621387.275038,1402,1,7,10,7,10
1766621387.291397,1402,1,7,10,7,10
1766621387.308191,1403,1,7,10,7,10
1766621387.324929,1404,1,7,10,7,10
1766621387.341394,1405,1,7,9,7,9
1766621387.358380,1405,1,7,9,7,9
1766621387.374498,1406,1,7,9,7,9
1766621387.392303,1407,1,7,9,7,9
1766621387.409538,1408,1,7,9,7,9
1766621387.426254,1409,1,8,9,8,9
1766621387.442920,1409,1,8,9,8,9
1766621387.459775,1410,1,8,9,8,9
1766621387.476129,1411,1,8,9,8,9
1766621387.492200,1412,1,8,9,8,9
1766621387.509089,1412,1,8,9,8,9
1766621387.525593,1413,1,8,9,8,9
1766621387.541386,1414,1,8,9,8,9
1766621387.558158,1415,1,8,9,8,9
1766621387.574360,1415,1,8,9,8,9
1766621387.590547,1416,1,8,9,8,9
1766621387.606618,1417,1,8,10,8,10
1766621387.622442,1417,1,8,10,8,10
1766621387.639081,1418,1,8,10,8,10
1766621387.655024,1419,1,9,10,9,10
1766621387.671772,1420,1,9,10,9,10
1766621387.688335,1420,1,9,10,9,10
1766621387.704555,1421,1,9,10,9,10
1766621387.721515,1422,1,9,11,9,11
1766621387.738193,1423,1,9,11,9,11
1766621387.755611,1423,1,9,11,9,11
1766621387.771894,1424,1,9,10,9,10
1766621387.788411,1425,1,9,10,9,10
1766621387.805320,1426,1,9,10,9,10
1766621387.822585,1426,1,9,10,9,10
1766621387.838877,1427,1,9,10,9,10
1766621387.854959,1428,1,9,10,9,10
1766621387.871217,1429,1,9,10,9,10
1766621387.888445,1429,1,9,10,9,10
1766621387.905414,1430,1,9,10,9,10
1766621387.922226,1431,1,9,10,9,10
1766621387.939826,1432,1,9,11,9,11
1766621387.956101,1433,1,9,11,9,11
1766621387.971871,1433,1,9,11,9,11
1766621387.988320,1434,1,9,11,9,11
1766621388.005237,1435,1,9,11,9,11
1766621388.022004,1436,1,9,11,9,11
1766621388.038115,1436,1,9,11,9,11
1766621388.054426,1437,1,9,10,9,10
1766621388.071607,1438,1,9,10,9,10
1766621388.088219,1439,1,9,10,9,10
1766621388.105358,1439,1,9,10,9,10
1766621388.122887,1440,1,9,10,9,10
1766621388.138494,1441,1,8,10,8,10
1766621388.156064,1442,1,8,10,8,10
1766621388.172600,1442,1,8,10,8,10
1766621388.189168,1443,1,8,10,8,10
1766621388.205133,1444,1,8,10,8,10
1766621388.220763,1445,1,8,10,8,10
1766621388.236636,1445,1,8,10,8,10
1766621388.253319,1446,1,8,10,8,10
1766621388.271514,1447,1,8,10,8,10
1766621388.289361,1448,1,8,11,8,11
1766621388.306207,1449,1,8,11,8,11
1766621388.322963,1449,1,8,11,8,11
1766621388.339864,1450,1,8,11,8,11
1766621388.356464,1451,1,8,11,8,11
1766621388.373257,1452,1,8,10,8,10
1766621388.390267,1453,1,8,10,8,10
1766621388.407483,1453,1,8,10,8,10
1766621388.424289,1454,1,8,10,8,10
1766621388.440647,1455,1,8,9,8,9
1766621388.456750,1456,1,8,9,8,9
1766621388.473275,1456,1,8,9,8,9
1766621388.489504,1457,1,8,9,8,9
1766621388.506854,1458,1,8,8,8,8
1766621388.523566,1459,1,8,8,8,8
1766621388.539903,1459,1,8,8,8,8
1766621388.556068,1460,1,8,8,8,8
1766621388.572532,1461,1,8,8,8,8
1766621388.589111,1462,1,8,7,8,7
1766621388.604832,1462,1,8,7,8,7
1766621388.621709,1463,1,8,7,8,7
1766621388.638273,1464,1,8,7,8,7
1766621388.654540,1465,1,7,7,7,7
1766621388.670777,1465,1,7,7,7,7
1766621388.688224,1466,1,7,7,7,7
1766621388.704944,1467,1,7,7,7,7
1766621388.722206,1468,1,7,7,7,7
1766621388.738832,1469,1,7,7,7,7
1766621388.756006,1469,1,7,7,7,7
1766621388.771672,1470,1,7,7,7,7
1766621388.788477,1471,1,6,7,6,7
1766621388.804749,1471,1,6,7,6,7
1766621388.821104,1472,1,6,7,6,7
1766621388.838160,1473,1,6,7,6,7
1766621388.854443,1474,1,6,7,6,7
1766621388.871727,1475,1,6,6,6,6
1766621388.888402,1475,1,6,6,6,6
1766621388.905387,1476,1,6,6,6,6
1766621388.921678,1477,1,6,6,6,6
1766621388.938077,1478,1,6,6,6,6
1766621388.954270,1478,1,6,6,6,6
1766621388.970528,1479,1,5,6,5,6
1766621388.987312,1480,1,5,6,5,6
1766621389.004080,1481,1,5,6,5,6
1766621389.020523,1481,1,5,6,5,6
1766621389.036847,1482,1,5,6,5,6
1766621389.052781,1483,1,5,6,5,6
1766621389.069200,1484,1,5,6,5,6
1766621389.085769,1484,1,5,6,5,6
1766621389.103084,1485,1,5,6,5,6
1766621389.119584,1486,1,6,6,6,6
1766621389.137808,1487,1,6,6,6,6
1766621389.154000,1487,1,6,6,6,6
1766621389.170791,1488,1,6,6,6,6
1766621389.186502,1489,1,6,7,6,7
1766621389.204088,1490,1,6,7,6,7
1766621389.220180,1490,1,6,7,6,7
1766621389.236346,1491,1,6,7,6,7
1766621389.253969,1492,1,6,7,6,7
1766621389.270103,1493,1,6,8,6,8
1766621389.286802,1493,1,6,8,6,8
1766621389.303286,1494,1,6,8,6,8
1766621389.319430,1495,1,6,8,6,8
1766621389.335840,1496,1,6,9,6,9
1766621389.351544,1496,1,6,9,6,9
1766621389.368329,1497,1,6,9,6,9
1766621389.385410,1498,1,6,9,6,9
1766621389.401915,1499,1,6,9,6,9
1766621389.417430,1499,1,6,9,6,9
1766621389.433853,1500,1,6,9,6,9
1766621389.449606,1501,1,6,8,6,8
1766621389.466551,1502,1,6,8,6,8
1766621389.483023,1502,1,6,8,6,8
1766621389.499212,1503,1,6,8,6,8
1766621389.516203,1504,1,7,8,7,8
1766621389.532740,1505,1,7,8,7,8
1766621389.549113,1505,1,7,8,7,8
1766621389.565074,1506,1,7,8,7,8
1766621389.581483,1507,1,7,8,7,8
1766621389.598457,1508,1,7,7,7,7
1766621389.614771,1508,1,7,7,7,7
1766621389.630919,1509,1,7,7,7,7
1766621389.646937,1510,1,7,7,7,7
1766621389.662785,1510,1,7,7,7,7
1766621389.678524,1511,1,7,7,7,7
1766621389.694792,1512,1,7,7,7,7
1766621389.710539,1513,1,7,7,7,7
1766621389.726671,1513,1,7,7,7,7
1766621389.743876,1514,1,7,7,7,7
1766621389.760502,1515,1,8,7,8,7
1766621389.777405,1516,1,8,7,8,7
1766621389.794535,1517,1,8,7,8,7
1766621389.810437,1517,1,8,7,8,7
1766621389.827610,1518,1,8,7,8,7
1766621389.844465,1519,1,8,7,8,7
1766621389.861642,1520,1,8,7,8,7
1766621389.878131,1520,1,8,7,8,7
1766621389.894686,1521,1,8,7,8,7
1766621389.911099,1522,1,8,7,8,7
1766621389.927302,1523,1,8,7,8,7
1766621389.944028,1523,1,8,7,8,7
1766621389.960264,1524,1,9,7,9,7
1766621389.977574,1525,1,9,7,9,7
1766621389.994437,1526,1,9,7,9,7
1766621390.010473,1527,1,8,7,8,7
1766621390.027578,1527,1,8,7,8,7
1766621390.043861,1528,1,8,7,8,7
1766621390.060384,1529,1,8,7,8,7
1766621390.077219,1529,1,8,7,8,7
1766621390.094418,1530,1,9,7,9,7
1766621390.112123,1531,1,9,7,9,7
1766621390.128349,1532,1,9,7,9,7
1766621390.144947,1532,1,9,7,9,7
1766621390.161438,1533,1,9,7,9,7
1766621390.178448,1534,1,10,7,10,7
1766621390.194934,1535,1,10,7,10,7
1766621390.211581,1535,1,10,7,10,7
1766621390.228148,1536,1,10,7,10,7
1766621390.244503,1537,1,10,7,10,7
1766621390.261371,1538,1,11,7,11,7
1766621390.278973,1539,1,11,7,11,7
1766621390.294584,1539,1,11,7,11,7
1766621390.311306,1540,1,11,7,11,7
1766621390.328097,1541,1,10,7,10,7
1766621390.345528,1542,1,10,7,10,7
1766621390.362441,1542,1,10,7,10,7
1766621390.378975,1543,1,10,7,10,7
1766621390.395170,1544,1,10,7,10,7
1766621390.412531,1544,1,10,7,10,7
1766621390.428353,1545,1,10,7,10,7
1766621390.446185,1546,1,10,7,10,7
1766621390.462157,1547,1,10,7,10,7
1766621390.478322,1548,1,11,7,11,7
1766621390.495044,1548,1,11,7,11,7
1766621390.511446,1549,1,11,7,11,7
1766621390.528998,1550,1,11,7,11,7
1766621390.546273,1551,1,12,7,12,7
1766621390.563634,1552,1,12,7,12,7
1766621390.580471,1552,1,12,7,12,7
1766621390.598288,1553,1,12,7,12,7
1766621390.614614,1554,1,13,7,13,7
1766621390.630928,1554,1,13,7,13,7
1766621390.646775,1555,1,13,7,13,7
1766621390.662594,1556,1,13,7,13,7
1766621390.678500,1557,1,13,6,13,6
1766621390.695140,1557,1,13,6,13,6
1766621390.711021,1558,1,13,6,13,6
1766621390.727437,1559,1,13,6,13,6
1766621390.743397,1560,1,13,6,13,6
1766621390.760282,1560,1,13,6,13,6
1766621390.776536,1561,1,13,6,13,6
1766621390.792942,1562,1,13,6,13,6
1766621390.809547,1563,1,13,6,13,6
1766621390.825910,1563,1,13,6,13,6
1766621390.843273,1564,1,13,5,13,5
1766621390.861237,1565,1,13,5,13,5
1766621390.878114,1566,1,13,5,13,5
1766621390.895006,1567,1,14,5,14,5
1766621390.911154,1567,1,14,5,14,5
1766621390.927062,1568,1,14,5,14,5
1766621390.943039,1569,1,14,5,14,5
1766621390.959173,1570,1,14,5,14,5
1766621390.975861,1570,1,14,5,14,5
1766621390.992440,1571,1,14,4,14,4
1766621391.009640,1572,1,14,4,14,4
1766621391.025725,1572,1,14,4,14,4
1766621391.042235,1573,1,14,4,14,4
1766621391.060292,1574,1,14,4,14,4
1766621391.077105,1575,1,14,4,14,4
1766621391.093907,1576,1,14,4,14,4
1766621391.110422,1576,1,14,4,14,4
1766621391.127431,1577,1,14,5,14,5
1766621391.144651,1578,1,14,5,14,5
1766621391.161846,1579,1,14,5,14,5
1766621391.178045,1579,1,14,5,14,5
1766621391.194447,1580,1,14,5,14,5
1766621391.211653,1581,1,14,6,14,6
1766621391.228216,1582,1,14,6,14,6
1766621391.246769,1582,1,14,6,14,6
1766621391.262766,1583,1,14,6,14,6
1766621391.278571,1584,1,14,6,14,6
1766621391.294906,1585,1,14,5,14,5
1766621391.312031,1585,1,14,5,14,5
1766621391.328975,1586,1,14,5,14,5
1766621391.344682,1587,1,14,5,14,5
1766621391.361390,1588,1,14,5,14,5
1766621391.378443,1588,1,14,5,14,5
1766621391.395260,1589,1,14,4,14,4
1766621391.412626,1590,1,14,4,14,4
1766621391.429159,1591,1,14,4,14,4
1766621391.445511,1592,1,14,4,14,4
1766621391.461731,1592,1,14,4,14,4
1766621391.478101,1593,1,14,4,14,4
1766621391.493948,1594,1,14,4,14,4
1766621391.509861,1594,1,14,4,14,4
1766621391.526098,1595,1,14,4,14,4
1766621391.542757,1596,1,15,4,15,4
1766621391.559117,1597,1,15,4,15,4
1766621391.575454,1597,1,15,4,15,4
1766621391.591744,1598,1,15,4,15,4
1766621391.608350,1599,1,15,5,15,5
1766621391.625674,1600,1,15,5,15,5
1766621391.643362,1600,1,15,5,15,5
1766621391.660606,1601,1,15,5,15,5
1766621391.677015,1602,1,15,5,15,5
1766621391.693686,1603,1,15,5,15,5
1766621391.710863,1604,1,15,5,15,5
1766621391.727204,1604,1,15,5,15,5
1766621391.745067,1605,1,15,5,15,5
1766621391.761192,1606,1,15,5,15,5
1766621391.777466,1606,1,15,5,15,5
1766621391.794797,1607,1,15,4,15,4
1766621391.811936,1608,1,15,4,15,4
1766621391.828152,1609,1,15,4,15,4
1766621391.844677,1610,1,16,4,16,4
1766621391.861467,1610,1,16,4,16,4
1766621391.878381,1611,1,16,4,16,4
1766621391.895454,1612,1,16,4,16,4
1766621391.912707,1613,1,16,4,16,4
1766621391.929234,1613,1,16,4,16,4
1766621391.946594,1614,1,15,4,15,4
1766621391.963665,1615,1,15,4,15,4
1766621391.980420,1616,1,15,4,15,4
1766621391.997210,1617,1,15,4,15,4
1766621392.015435,1617,1,15,4,15,4
1766621392.031937,1618,1,14,4,14,4
1766621392.048003,1619,1,14,4,14,4
1766621392.064414,1620,1,14,4,14,4
1766621392.080682,1620,1,14,4,14,4
1766621392.097212,1621,1,14,4,14,4
1766621392.114460,1622,1,14,4,14,4
1766621392.131476,1623,1,15,4,15,4
1766621392.148518,1624,1,15,4,15,4
1766621392.165374,1624,1,15,4,15,4
1766621392.183135,1625,1,15,4,15,4
1766621392.199798,1626,1,15,3,15,3
1766621392.216397,1627,1,15,3,15,3
1766621392.232761,1627,1,15,3,15,3
1766621392.248719,1628,1,15,3,15,3
1766621392.265433,1629,1,15,3,15,3
1766621392.282590,1630,1,15,4,15,4
1766621392.299419,1631,1,15,4,15,4
1766621392.316827,1631,1,15,4,15,4
1766621392.333454,1632,1,15,4,15,4
1766621392.350355,1633,1,15,4,15,4
1766621392.366540,1634,1,15,3,15,3
1766621392.383094,1634,1,15,3,15,3
1766621392.399600,1635,1,15,3,15,3
1766621392.415991,1636,1,15,3,15,3
1766621392.432137,1637,1,15,3,15,3
1766621392.448863,1637,1,15,3,15,3
1766621392.464923,1638,1,16,3,16,3
1766621392.480573,1639,1,16,3,16,3
1766621392.496485,1640,1,16,3,16,3
1766621392.513606,1640,1,16,3,16,3
1766621392.529938,1641,1,15,3,15,3
1766621392.546234,1642,1,15,3,15,3
1766621392.562906,1643,1,15,3,15,3
1766621392.579536,1643,1,15,3,15,3
1766621392.596391,1644,1,14,3,14,3
1766621392.613496,1645,1,14,3,14,3
1766621392.629545,1646,1,14,3,14,3
1766621392.645817,1647,1,14,3,14,3
1766621392.662075,1647,1,14,3,14,3
1766621392.678324,1648,1,14,4,14,4
1766621392.695266,1649,1,14,4,14,4
1766621392.712616,1650,1,14,4,14,4
1766621392.729338,1650,1,14,4,14,4
1766621392.746161,1651,1,14,4,14,4
1766621392.762360,1652,1,14,4,14,4
1766621392.779715,1653,1,14,4,14,4
1766621392.795736,1653,1,14,4,14,4
1766621392.812422,1654,1,14,4,14,4
1766621392.829015,1655,1,14,4,14,4
1766621392.845734,1656,1,14,4,14,4
1766621392.862938,1656,1,14,4,14,4
1766621392.878696,1657,1,14,4,14,4
1766621392.894950,1658,1,14,4,14,4
1766621392.910765,1659,1,14,4,14,4
1766621392.926954,1659,1,14,4,14,4
1766621392.943119,1660,1,14,3,14,3
1766621392.960526,1661,1,14,3,14,3
1766621392.976790,1662,1,14,3,14,3
1766621392.993104,1662,1,14,3,14,3
1766621393.009693,1663,1,14,2,14,2
1766621393.025793,1664,1,14,2,14,2
1766621393.043113,1665,1,14,2,14,2
1766621393.058514,1665,1,14,2,14,2
1766621393.074610,1666,1,14,2,14,2
1766621393.092264,1667,1,15,2,15,2
1766621393.109411,1667,1,15,2,15,2
1766621393.126372,1668,1,15,2,15,2
1766621393.143299,1669,1,15,2,15,2
1766621393.160391,1669,1,15,2,15,2
1766621393.178338,1670,1,15,2,15,2
1766621393.195161,1671,1,15,3,15,3
1766621393.211437,1672,1,15,3,15,3
1766621393.228214,1672,1,15,3,15,3
1766621393.245117,1673,1,14,3,14,3
1766621393.260982,1674,1,14,3,14,3
1766621393.277375,1675,1,14,3,14,3
1766621393.294227,1676,1,14,4,14,4
1766621393.311979,1676,1,14,4,14,4
1766621393.328609,1677,1,14,4,14,4
1766621393.344907,1678,1,14,4,14,4
1766621393.360741,1679,1,14,3,14,3
1766621393.377044,1679,1,14,3,14,3
1766621393.393609,1680,1,14,3,14,3
1766621393.410949,1681,1,14,3,14,3
1766621393.427267,1681,1,14,3,14,3
1766621393.444606,1682,1,13,3,13,3
1766621393.461493,1683,1,13,3,13,3
1766621393.478447,1684,1,13,3,13,3
1766621393.494705,1685,1,13,3,13,3
1766621393.510615,1685,1,13,3,13,3
1766621393.527008,1686,1,13,3,13,3
1766621393.543227,1687,1,13,3,13,3
1766621393.606748,1687,1,13,3,13,3
1766621393.676833,1687,1,13,3,13,3
1766621393.694956,1689,1,13,3,13,3
1766621393.711598,1689,1,13,3,13,3
1766621393.728222,1689,1,13,3,13,3
1766621393.745225,1689,1,13,3,13,3
1766621393.762774,1690,1,13,3,13,3
1766621393.779648,1691,1,13,2,13,2
1766621393.796058,1692,1,13,2,13,2
1766621393.812342,1692,1,13,2,13,2
1766621393.830002,1693,1,13,2,13,2
1766621393.845986,1694,1,13,1,13,1
1766621393.862707,1695,1,13,1,13,1
1766621393.880194,1695,1,13,1,13,1
1766621393.897733,1696,1,13,1,13,1
1766621393.913956,1697,1,13,2,13,2
1766621393.931210,1698,1,13,2,13,2
1766621393.948225,1698,1,13,2,13,2
1766621393.965770,1699,1,13,2,13,2
1766621393.981772,1700,1,14,2,14,2
1766621393.998196,1701,1,14,2,14,2
1766621394.016376,1701,1,14,2,14,2
1766621394.034111,1702,1,14,2,14,2
1766621394.049342,1703,1,14,2,14,2
1766621394.066296,1704,1,13,2,13,2
1766621394.083081,1704,1,13,2,13,2
1766621394.099998,1705,1,13,2,13,2
1766621394.115703,1706,1,13,2,13,2
1766621394.132038,1706,1,13,2,13,2
1766621394.148617,1707,1,13,2,13,2
1766621394.165303,1708,1,13,2,13,2
1766621394.182864,1709,1,13,2,13,2
1766621394.198442,1709,1,13,2,13,2
1766621394.215039,1710,1,13,1,13,1
1766621394.231730,1711,1,13,1,13,1
1766621394.248400,1712,1,13,1,13,1
1766621394.265634,1712,1,13,1,13,1
1766621394.283240,1713,1,13,2,13,2
1766621394.299872,1714,1,13,2,13,2
1766621394.316728,1715,1,13,2,13,2
1766621394.333619,1716,1,14,2,14,2
1766621394.350325,1716,1,14,2,14,2
1766621394.366918,1717,1,14,2,14,2
1766621394.383534,1718,1,14,2,14,2
1766621394.400509,1719,1,14,1,14,1
1766621394.416963,1719,1,14,1,14,1
1766621394.433845,1720,1,14,1,14,1
1766621394.449564,1721,1,14,1,14,1
1766621394.466329,1722,1,13,1,13,1
1766621394.483320,1722,1,13,1,13,1
1766621394.500161,1723,1,13,1,13,1
1766621394.517500,1724,1,13,1,13,1
1766621394.533683,1725,1,13,1,13,1
1766621394.551161,1725,1,13,1,13,1
1766621394.568226,1726,1,13,1,13,1
1766621394.584341,1727,1,13,1,13,1
1766621394.601680,1728,1,13,1,13,1
1766621394.618324,1728,1,13,1,13,1
1766621394.635913,1729,1,13,1,13,1
1766621394.652542,1730,1,13,2,13,2
1766621394.669680,1731,1,13,2,13,2
1766621394.687265,1732,1,13,2,13,2
1766621394.704865,1732,1,13,2,13,2
1766621394.721227,1733,1,13,2,13,2
1766621394.739460,1734,1,12,2,12,2
1766621394.756279,1735,1,12,2,12,2
1766621394.774420,1736,1,12,2,12,2
1766621394.791490,1736,1,12,2,12,2
1766621394.807931,1737,1,12,2,12,2
1766621394.823853,1738,1,12,2,12,2
1766621394.840467,1739,1,12,2,12,2
1766621394.857649,1739,1,12,2,12,2
1766621394.874033,1740,1,12,2,12,2
1766621394.889945,1741,1,12,2,12,2
1766621394.905328,1742,1,12,2,12,2
1766621394.921607,1742,1,12,2,12,2
1766621394.938443,1743,1,12,2,12,2
1766621394.955709,1744,1,12,2,12,2
1766621394.972751,1745,1,12,2,12,2
1766621394.989185,1745,1,12,2,12,2
1766621395.005995,1746,1,13,2,13,2
1766621395.021699,1747,1,13,2,13,2
1766621395.038917,1748,1,13,2,13,2
1766621395.055146,1748,1,13,2,13,2
1766621395.071025,1749,1,12,2,12,2
1766621395.088589,1750,1,12,2,12,2
1766621395.105317,1751,1,12,2,12,2
1766621395.121737,1751,1,12,2,12,2
1766621395.138450,1752,1,12,2,12,2
1766621395.154425,1753,1,12,2,12,2
1766621395.171227,1754,1,12,2,12,2
1766621395.188268,1754,1,12,2,12,2
1766621395.204555,1755,1,12,2,12,2
1766621395.221612,1756,1,12,2,12,2
1766621395.238031,1757,1,12,2,12,2
1766621395.254191,1757,1,12,2,12,2
1766621395.271276,1758,1,12,2,12,2
1766621395.288464,1759,1,12,2,12,2
1766621395.305676,1760,1,13,2,13,2
1766621395.321763,1760,1,13,2,13,2
1766621395.337598,1761,1,13,2,13,2
1766621395.354510,1762,1,13,2,13,2
1766621395.371843,1763,1,13,2,13,2
1766621395.387336,1763,1,13,2,13,2
1766621395.404652,1764,1,14,2,14,2
1766621395.421082,1765,1,14,2,14,2
1766621395.437139,1766,1,14,2,14,2
1766621395.453209,1766,1,14,2,14,2
1766621395.469315,1767,1,15,2,15,2
1766621395.486259,1768,1,15,2,15,2
1766621395.503661,1769,1,15,2,15,2
1766621395.520400,1769,1,15,2,15,2
1766621395.537410,1770,1,14,2,14,2
1766621395.554075,1771,1,14,2,14,2
1766621395.569758,1772,1,14,3,14,3
1766621395.585759,1772,1,14,3,14,3
1766621395.601977,1773,1,14,3,14,3
1766621395.617885,1774,1,14,3,14,3
1766621395.634346,1775,1,14,3,14,3
1766621395.651232,1775,1,14,3,14,3
1766621395.668368,1776,1,14,3,14,3
1766621395.685716,1777,1,14,3,14,3
1766621395.702445,1778,1,14,3,14,3
1766621395.718741,1778,1,14,3,14,3
1766621395.735540,1779,1,14,3,14,3
1766621395.752364,1780,1,14,2,14,2
1766621395.769672,1781,1,14,2,14,2
1766621395.787625,1782,1,14,2,14,2
1766621395.804730,1782,1,14,2,14,2
1766621395.821117,1783,1,14,2,14,2
1766621395.837413,1784,1,15,2,15,2
1766621395.855127,1785,1,15,2,15,2
1766621395.871211,1785,1,15,2,15,2
1766621395.888239,1786,1,15,2,15,2
1766621395.905592,1787,1,15,1,15,1
1766621395.921373,1788,1,15,1,15,1
1766621395.938527,1789,1,15,1,15,1
1766621395.955049,1789,1,15,1,15,1
1766621395.971273,1790,1,15,1,15,1
1766621395.988638,1791,1,15,1,15,1
1766621396.005334,1792,1,15,0,15,0
1766621396.021598,1792,1,15,0,15,0
1766621396.039827,1793,1,15,0,15,0
1766621396.056170,1794,1,15,0,15,0
1766621396.072631,1795,1,15,1,15,1
1766621396.088942,1795,1,15,1,15,1
1766621396.105283,1796,1,15,1,15,1
1766621396.121994,1797,1,15,1,15,1
1766621396.137833,1798,1,15,0,15,0
1766621396.154670,1798,1,15,0,15,0
1766621396.172383,1799,1,15,0,15,0
1766621396.189038,1800,1,15,0,15,0
1766621396.205242,1801,1,15,0,15,0
1766621396.223101,1802,1,15,0,15,0
1766621396.238978,1802,1,15,0,15,0
1766621396.255074,1803,1,15,0,15,0
1766621396.270654,1804,1,15,1,15,1
1766621396.287942,1804,1,15,1,15,1
1766621396.303608,1805,1,15,1,15,1
1766621396.320050,1806,1,15,1,15,1
1766621396.337134,1807,1,15,1,15,1
1766621396.353081,1807,1,15,1,15,1
1766621396.369701,1808,1,15,1,15,1
1766621396.386555,1809,1,15,1,15,1
1766621396.403635,1810,1,15,1,15,1
1766621396.419330,1811,1,15,1,15,1
1766621396.436576,1811,1,15,1,15,1
1766621396.453662,1812,1,16,1,16,1
1766621396.470679,1813,1,16,1,16,1
1766621396.486530,1814,1,16,1,16,1
1766621396.503806,1814,1,16,1,16,1
1766621396.520376,1815,1,17,1,17,1
1766621396.536986,1816,1,17,1,17,1
1766621396.552730,1817,1,17,1,17,1
1766621396.569811,1817,1,17,1,17,1
1766621396.586960,1818,1,17,1,17,1
1766621396.604378,1819,1,17,0,17,0
1766621396.621271,1819,1,17,0,17,0
1766621396.638627,1820,1,17,0,17,0
1766621396.655192,1821,1,17,0,17,0
1766621396.671099,1822,1,17,0,17,0
1766621396.687137,1822,1,17,0,17,0
1766621396.703100,1823,1,18,0,18,0
1766621396.718466,1824,1,18,0,18,0
1766621396.735126,1824,1,18,0,18,0
1766621396.752014,1825,1,18,0,18,0
1766621396.769363,1826,1,18,1,18,1
1766621396.786744,1827,1,18,1,18,1
1766621396.803657,1828,1,18,1,18,1
1766621396.820085,1828,1,18,1,18,1
1766621396.836771,1829,1,18,0,18,0
1766621396.853419,1830,1,18,0,18,0
1766621396.870360,1831,1,18,0,18,0
1766621396.887019,1831,1,18,0,18,0
1766621396.903213,1832,1,18,1,18,1
1766621396.920485,1833,1,18,1,18,1
1766621396.937666,1834,1,18,1,18,1
1766621396.953839,1834,1,18,1,18,1
1766621396.969934,1835,1,18,1,18,1
1766621396.985979,1836,1,18,1,18,1
1766621397.003134,1836,1,18,1,18,1
1766621397.020055,1837,1,17,1,17,1
1766621397.035774,1838,1,17,1,17,1
1766621397.051787,1839,1,17,1,17,1
1766621397.068247,1839,1,17,1,17,1
1766621397.084939,1840,1,17,1,17,1
1766621397.101111,1841,1,16,1,16,1
1766621397.117230,1842,1,16,1,16,1
1766621397.133978,1842,1,16,1,16,1
1766621397.150568,1843,1,16,1,16,1
1766621397.168449,1844,1,16,2,16,2
1766621397.184901,1845,1,16,2,16,2
1766621397.201155,1845,1,16,2,16,2
1766621397.217497,1846,1,16,2,16,2
1766621397.233744,1847,1,17,2,17,2
1766621397.249911,1848,1,17,2,17,2
1766621397.266133,1848,1,17,2,17,2
1766621397.282244,1849,1,17,2,17,2
1766621397.299599,1850,1,18,2,18,2
1766621397.315810,1851,1,18,2,18,2
1766621397.332418,1851,1,18,2,18,2
1766621397.349372,1852,1,18,2,18,2
1766621397.366165,1853,1,18,2,18,2
1766621397.382203,1854,1,18,3,18,3
1766621397.398436,1854,1,18,3,18,3
1766621397.415273,1855,1,18,3,18,3
1766621397.432489,1856,1,18,3,18,3
1766621397.449962,1857,1,17,3,17,3
1766621397.466757,1857,1,17,3,17,3
1766621397.483056,1858,1,17,3,17,3
1766621397.499746,1859,1,17,3,17,3
1766621397.516201,1860,1,17,2,17,2
1766621397.533556,1860,1,17,2,17,2
1766621397.549567,1861,1,17,2,17,2
1766621397.566581,1862,1,17,2,17,2
1766621397.583644,1863,1,17,2,17,2
1766621397.600445,1863,1,17,2,17,2
1766621397.617453,1864,1,16,2,16,2
1766621397.634189,1865,1,16,2,16,2
1766621397.649686,1866,1,16,2,16,2
1766621397.666652,1866,1,16,2,16,2
1766621397.682886,1867,1,16,2,16,2
1766621397.699947,1868,1,16,1,16,1
1766621397.716485,1869,1,16,1,16,1
1766621397.732708,1869,1,16,1,16,1
1766621397.748632,1870,1,17,1,17,1
1766621397.764764,1871,1,17,1,17,1
1766621397.782031,1872,1,17,1,17,1
1766621397.798544,1873,1,18,1,18,1
1766621397.815903,1873,1,18,1,18,1
1766621397.832558,1874,1,18,1,18,1
1766621397.849490,1875,1,18,1,18,1
1766621397.865924,1876,1,17,1,17,1
1766621397.882939,1876,1,17,1,17,1
1766621397.899087,1877,1,17,1,17,1
1766621397.914734,1878,1,17,1,17,1
1766621397.930628,1879,1,16,1,16,1
1766621397.947137,1879,1,16,1,16,1
1766621397.962989,1880,1,16,1,16,1
1766621397.979742,1881,1,16,1,16,1
1766621397.996599,1882,1,16,1,16,1
1766621398.012418,1882,1,16,1,16,1
1766621398.028700,1883,1,17,1,17,1
1766621398.044953,1884,1,17,1,17,1
1766621398.061444,1885,1,17,1,17,1
1766621398.077826,1885,1,17,1,17,1
1766621398.095258,1886,1,17,1,17,1
1766621398.111705,1887,1,18,1,18,1
1766621398.128061,1888,1,18,1,18,1
1766621398.144385,1888,1,18,1,18,1
1766621398.161459,1889,1,18,1,18,1
1766621398.178436,1890,1,18,1,18,1
1766621398.196463,1891,1,19,1,19,1
1766621398.213790,1891,1,19,1,19,1
1766621398.230447,1892,1,19,1,19,1
1766621398.246970,1893,1,19,1,19,1
1766621398.263931,1894,1,19,1,19,1
1766621398.280053,1895,1,19,0,19,0
1766621398.295887,1895,1,19,0,19,0
1766621398.312729,1896,1,19,0,19,0
1766621398.329355,1897,1,19,0,19,0
1766621398.345958,1898,1,19,0,19,0
1766621398.362074,1898,1,19,0,19,0
1766621398.377616,1899,1,19,1,19,1
1766621398.393802,1900,1,19,1,19,1
1766621398.409955,1900,1,19,1,19,1
1766621398.426351,1901,1,19,1,19,1
1766621398.442831,1902,1,19,1,19,1
1766621398.459707,1903,1,19,1,19,1
1766621398.476875,1903,1,19,1,19,1
1766621398.493715,1904,1,19,1,19,1
1766621398.509748,1905,1,19,1,19,1
1766621398.526190,1906,1,19,1,19,1
1766621398.541927,1906,1,19,1,19,1
1766621398.557409,1907,1,19,1,19,1
1766621398.574510,1908,1,19,1,19,1
1766621398.591354,1909,1,19,1,19,1
1766621398.607790,1909,1,19,1,19,1
1766621398.624765,1910,1,19,1,19,1
1766621398.641988,1911,1,19,1,19,1
1766621398.658138,1912,1,19,1,19,1
1766621398.674676,1912,1,19,1,19,1
1766621398.691381,1913,1,19,1,19,1
1766621398.707616,1914,1,19,1,19,1
1766621398.724847,1915,1,19,1,19,1
1766621398.741424,1915,1,19,1,19,1
1766621398.758427,1916,1,19,1,19,1
1766621398.775336,1917,1,19,1,19,1
1766621398.792648,1918,1,19,1,19,1
1766621398.809397,1919,1,19,1,19,1
1766621398.826216,1919,1,19,1,19,1
1766621398.843735,1920,1,19,1,19,1
1766621398.861309,1921,1,19,1,19,1
1766621398.878632,1922,1,19,1,19,1
1766621398.895581,1922,1,19,1,19,1
1766621398.912260,1923,1,19,1,19,1
1766621398.929058,1924,1,19,1,19,1
1766621398.945333,1925,1,19,1,19,1
1766621398.962285,1926,1,19,1,19,1
1766621398.979693,1926,1,19,1,19,1
1766621398.996655,1927,1,19,1,19,1
1766621399.013379,1928,1,19,1,19,1
1766621399.030844,1929,1,19,1,19,1
1766621399.047446,1930,1,18,1,18,1
1766621399.065171,1930,1,18,1,18,1
1766621399.080561,1931,1,18,1,18,1
1766621399.096964,1932,1,18,1,18,1
1766621399.114042,1933,1,18,1,18,1
1766621399.131044,1933,1,18,1,18,1
1766621399.146469,1934,1,17,1,17,1
1766621399.163765,1935,1,17,1,17,1
1766621399.179490,1935,1,17,1,17,1
1766621399.195912,1936,1,17,0,17,0
1766621399.211961,1937,1,17,0,17,0
1766621399.228745,1938,1,17,0,17,0
1766621399.245582,1938,1,17,0,17,0
1766621399.263066,1939,1,17,0,17,0
1766621399.278953,1940,1,17,1,17,1
1766621399.295207,1941,1,17,1,17,1
1766621399.312211,1941,1,17,1,17,1
1766621399.329817,1942,1,17,1,17,1
1766621399.346505,1943,1,17,1,17,1
1766621399.362961,1944,1,17,1,17,1
1766621399.379372,1945,1,17,1,17,1
1766621399.396211,1945,1,17,1,17,1
1766621399.412529,1946,1,17,1,17,1
1766621399.428719,1947,1,16,1,16,1
1766621399.445281,1948,1,16,1,16,1
1766621399.462159,1948,1,16,1,16,1
1766621399.478261,1949,1,16,1,16,1
1766621399.495152,1950,1,16,0,16,0
1766621399.511081,1951,1,16,0,16,0
1766621399.532276,1952,1,16,0,16,0
1766621399.548968,1952,1,16,0,16,0
1766621399.565816,1953,1,16,0,16,0
1766621399.582371,1954,1,16,0,16,0
1766621399.599915,1955,1,16,0,16,0
1766621399.616651,1955,1,16,0,16,0
1766621399.633419,1956,1,15,0,15,0
1766621399.649965,1957,1,15,0,15,0
1766621399.666522,1958,1,15,0,15,0
1766621399.683460,1958,1,15,0,15,0
1766621399.700567,1959,1,15,0,15,0
1766621399.716796,1960,1,15,0,15,0
1766621399.732670,1961,1,16,0,16,0
1766621399.748729,1961,1,16,0,16,0
1766621399.764727,1962,1,16,0,16,0
1766621399.781907,1963,1,16,1,16,1
1766621399.797929,1963,1,16,1,16,1
1766621399.814015,1964,1,16,1,16,1
1766621399.830484,1965,1,16,1,16,1
1766621399.847078,1966,1,16,1,16,1
1766621399.864030,1966,1,16,1,16,1
1766621399.880071,1967,1,16,2,16,2
1766621399.896645,1968,1,16,2,16,2
1766621399.913559,1969,1,16,2,16,2
1766621399.929714,1969,1,16,2,16,2
1766621399.946844,1970,1,15,2,15,2
1766621399.963248,1971,1,15,2,15,2
1766621399.980496,1972,1,16,2,16,2
1766621399.997495,1972,1,16,2,16,2
1766621400.014117,1973,1,16,2,16,2
1766621400.029382,1974,1,16,2,16,2
1766621400.047633,1974,1,16,2,16,2
1766621400.064166,1975,1,16,2,16,2
1766621400.081411,1976,1,16,3,16,3
1766621400.098392,1977,1,16,3,16,3
1766621400.115652,1978,1,16,2,16,2
1766621400.132495,1978,1,16,2,16,2
1766621400.148455,1979,1,16,2,16,2
1766621400.165344,1980,1,16,2,16,2
1766621400.182637,1981,1,16,3,16,3
1766621400.199646,1981,1,16,3,16,3
1766621400.216111,1982,1,16,3,16,3
1766621400.232683,1983,1,16,3,16,3
1766621400.249577,1984,1,16,4,16,4
1766621400.266706,1984,1,16,4,16,4
1766621400.283646,1985,1,16,4,16,4
1766621400.300005,1986,1,16,4,16,4
1766621400.316391,1987,1,17,4,17,4
1766621400.333128,1987,1,17,4,17,4
1766621400.349670,1988,1,17,4,17,4
1766621400.377246,1989,1,17,4,17,4
1766621400.393831,1990,1,17,4,17,4
1766621400.410690,1991,1,16,4,16,4
1766621400.427518,1991,1,16,4,16,4
1766621400.444887,1992,1,16,4,16,4
1766621400.461909,1993,1,16,4,16,4
1766621400.478657,1994,1,16,4,16,4
1766621400.495634,1995,1,16,4,16,4
1766621400.512231,1995,1,16,4,16,4
1766621400.528647,1996,1,16,4,16,4
1766621400.545420,1997,1,16,4,16,4
1766621400.562212,1998,1,16,3,16,3
1766621400.578693,1998,1,16,3,16,3
1766621400.595483,1999,1,16,3,16,3
1766621400.612110,2000,1,16,3,16,3
1766621400.628616,2001,1,15,3,15,3
1766621400.645910,2001,1,15,3,15,3
1766621400.661793,2002,1,15,3,15,3
1766621400.677641,2003,1,15,3,15,3
1766621400.693915,2004,1,15,3,15,3
1766621400.710601,2004,1,15,3,15,3
1766621400.726525,2005,1,15,3,15,3
1766621400.743694,2006,1,15,3,15,3
1766621400.760983,2007,1,15,3,15,3
1766621400.777100,2007,1,15,3,15,3
1766621400.793529,2008,1,14,3,14,3
1766621400.810081,2009,1,14,3,14,3
1766621400.826266,2010,1,14,3,14,3
1766621400.842915,2010,1,14,3,14,3
1766621400.859714,2011,1,15,3,15,3
1766621400.876029,2012,1,15,3,15,3
1766621400.892210,2012,1,15,3,15,3
1766621400.908482,2013,1,15,3,15,3
1766621400.925696,2014,1,15,3,15,3
1766621400.941588,2015,1,15,2,15,2
1766621400.958691,2016,1,15,2,15,2
1766621400.975043,2016,1,15,2,15,2
1766621400.991393,2017,1,15,2,15,2
1766621401.008586,2018,1,15,1,15,1
1766621401.025294,2019,1,15,1,15,1
1766621401.042566,2019,1,15,1,15,1
1766621401.058386,2020,1,15,1,15,1
1766621401.075901,2021,1,15,1,15,1
1766621401.092439,2022,1,15,2,15,2
1766621401.108738,2022,1,15,2,15,2
1766621401.124935,2023,1,15,2,15,2
1766621401.140779,2024,1,15,2,15,2
1766621401.156995,2025,1,15,2,15,2
1766621401.172815,2025,1,15,2,15,2
1766621401.188548,2026,1,15,2,15,2
1766621401.205792,2027,1,16,2,16,2
1766621401.221993,2027,1,16,2,16,2
1766621401.239558,2028,1,16,2,16,2
1766621401.256048,2029,1,16,2,16,2
1766621401.272387,2030,1,16,2,16,2
1766621401.289839,2031,1,16,3,16,3
1766621401.305730,2031,1,16,3,16,3
1766621401.321435,2032,1,16,3,16,3
1766621401.337753,2033,1,16,3,16,3
1766621401.353870,2033,1,16,3,16,3
1766621401.373638,2034,1,16,3,16,3
1766621401.391397,2035,1,16,3,16,3
1766621401.408693,2036,1,16,3,16,3
1766621401.425315,2037,1,16,3,16,3
1766621401.442667,2037,1,16,3,16,3
1766621401.458988,2038,1,16,2,16,2
1766621401.475454,2039,1,16,2,16,2
1766621401.492116,2040,1,16,2,16,2
1766621401.508272,2040,1,16,2,16,2
1766621401.524924,2041,1,16,2,16,2
1766621401.541618,2042,1,16,2,16,2
1766621401.558726,2043,1,16,2,16,2
1766621401.574778,2043,1,16,2,16,2
1766621401.591722,2044,1,16,2,16,2
1766621401.607588,2045,1,17,2,17,2
1766621401.624610,2045,1,17,2,17,2
1766621401.640908,2046,1,17,2,17,2
1766621401.657057,2047,1,17,2,17,2
1766621401.672921,2048,1,16,2,16,2
1766621401.688784,2048,1,16,2,16,2
1766621401.705885,2049,1,16,2,16,2
1766621401.722701,2050,1,16,2,16,2
1766621401.739504,2051,1,16,2,16,2
1766621401.755804,2051,1,16,2,16,2
1766621401.772762,2052,1,15,2,15,2
1766621401.788374,2053,1,15,2,15,2
1766621401.805540,2054,1,15,2,15,2
1766621401.821708,2054,1,15,2,15,2
1766621401.867719,2055,1,15,2,15,2
1766621401.877254,2056,1,15,3,15,3
1766621401.895250,2057,1,15,3,15,3
1766621401.911984,2057,1,15,3,15,3
1766621401.927727,2058,1,15,3,15,3
1766621401.945103,2059,1,15,3,15,3
1766621401.961092,2060,1,15,3,15,3
1766621401.976403,2060,1,15,3,15,3
1766621401.993893,2061,1,15,3,15,3
1766621402.010397,2062,1,15,3,15,3
1766621402.027935,2063,1,15,3,15,3
1766621402.044476,2063,1,15,3,15,3
1766621402.061516,2064,1,15,3,15,3
1766621402.078615,2065,1,15,2,15,2
1766621402.095274,2066,1,15,2,15,2
1766621402.112317,2067,1,15,2,15,2
1766621402.129877,2068,1,15,2,15,2
1766621402.147449,2068,1,15,2,15,2
1766621402.163540,2069,1,15,2,15,2
1766621402.180101,2070,1,15,2,15,2
1766621402.196157,2070,1,15,2,15,2
1766621402.212801,2071,1,15,2,15,2
1766621402.230428,2072,1,15,2,15,2
1766621402.247475,2073,1,15,2,15,2
1766621402.263659,2074,1,15,2,15,2
1766621402.279668,2074,1,15,2,15,2
1766621402.296306,2075,1,15,2,15,2
1766621402.314052,2076,1,15,2,15,2
1766621402.329822,2077,1,15,2,15,2
1766621402.347219,2077,1,15,2,15,2
1766621402.365324,2078,1,15,1,15,1
1766621402.382426,2079,1,15,1,15,1
1766621402.399600,2080,1,15,1,15,1
1766621402.416419,2081,1,15,1,15,1
1766621402.433454,2081,1,15,1,15,1
1766621402.450736,2082,1,16,1,16,1
1766621402.466779,2083,1,16,1,16,1
1766621402.483323,2084,1,16,1,16,1
1766621402.499793,2084,1,16,1,16,1
1766621402.516416,2085,1,15,1,15,1
1766621402.533715,2086,1,15,1,15,1
1766621402.549705,2087,1,15,1,15,1
1766621402.566451,2087,1,15,1,15,1
1766621402.583874,2088,1,15,1,15,1
1766621402.599636,2089,1,15,1,15,1
1766621402.616196,2090,1,15,1,15,1
1766621402.634109,2090,1,15,1,15,1
1766621402.650789,2091,1,15,1,15,1
1766621402.666975,2092,1,15,1,15,1
1766621402.682296,2093,1,14,1,14,1
1766621402.698630,2093,1,14,1,14,1
1766621402.714923,2094,1,14,1,14,1
1766621402.730447,2095,1,14,1,14,1
1766621402.747349,2096,1,14,1,14,1
1766621402.764628,2096,1,14,1,14,1
1766621402.781697,2097,1,14,1,14,1
1766621402.798740,2098,1,14,1,14,1
1766621402.815087,2099,1,15,1,15,1
1766621402.831101,2099,1,15,1,15,1
1766621402.847348,2100,1,15,1,15,1
1766621402.864985,2101,1,15,1,15,1
1766621402.881440,2102,1,15,1,15,1
1766621402.899640,2102,1,15,1,15,1
1766621402.915994,2103,1,15,1,15,1
1766621402.932432,2104,1,15,2,15,2
1766621402.948788,2105,1,15,2,15,2
1766621402.966037,2105,1,15,2,15,2
1766621402.982189,2106,1,15,1,15,1
1766621402.998663,2107,1,15,1,15,1
1766621403.014620,2108,1,15,1,15,1
1766621403.031507,2108,1,15,1,15,1
1766621403.048632,2109,1,15,1,15,1
1766621403.065597,2110,1,15,1,15,1
1766621403.081507,2111,1,15,1,15,1
1766621403.098367,2111,1,15,1,15,1
1766621403.115021,2112,1,15,2,15,2
1766621403.131742,2113,1,15,2,15,2
1766621403.148082,2113,1,15,2,15,2
1766621403.164990,2114,1,15,2,15,2
1766621403.180716,2115,1,15,2,15,2
1766621403.197761,2116,1,15,2,15,2
1766621403.214298,2116,1,15,2,15,2
1766621403.231010,2117,1,15,2,15,2
1766621403.248176,2118,1,15,2,15,2
1766621403.264291,2119,1,15,2,15,2
1766621403.280982,2119,1,15,2,15,2
1766621403.296531,2120,1,15,3,15,3
1766621403.312691,2121,1,15,3,15,3
1766621403.328422,2121,1,15,3,15,3
1766621403.345029,2122,1,15,3,15,3
1766621403.363433,2123,1,14,3,14,3
1766621403.379725,2124,1,14,3,14,3
1766621403.395576,2124,1,14,3,14,3
1766621403.411607,2125,1,14,3,14,3
1766621403.428757,2126,1,14,3,14,3
1766621403.444818,2127,1,14,3,14,3
1766621403.461582,2127,1,14,3,14,3
1766621403.478508,2128,1,14,3,14,3
1766621403.495990,2129,1,14,3,14,3
1766621403.512732,2130,1,14,3,14,3
1766621403.530341,2131,1,14,3,14,3
1766621403.547630,2131,1,14,3,14,3
1766621403.563482,2132,1,14,3,14,3
1766621403.579493,2133,1,14,3,14,3
1766621403.595996,2133,1,14,3,14,3
1766621403.613244,2134,1,14,3,14,3
1766621403.630447,2135,1,14,3,14,3
1766621403.647260,2136,1,14,3,14,3
1766621403.663472,2136,1,14,3,14,3
1766621403.679438,2137,1,14,3,14,3
1766621403.696423,2138,1,14,3,14,3
1766621403.713467,2139,1,14,3,14,3
1766621403.730116,2140,1,14,3,14,3
1766621403.746550,2140,1,14,3,14,3
1766621403.771620,2141,1,14,3,14,3
1766621403.788690,2141,1,14,3,14,3
1766621403.804641,2141,1,14,3,14,3
1766621403.824453,2142,1,14,3,14,3
1766621403.840725,2143,1,14,3,14,3
1766621403.856535,2143,1,14,3,14,3
1766621403.872707,2144,1,14,3,14,3
1766621403.889457,2145,1,14,3,14,3
1766621403.905872,2146,1,14,3,14,3
1766621403.922267,2146,1,14,3,14,3
1766621403.938830,2147,1,14,3,14,3
1766621403.955136,2148,1,14,3,14,3
1766621403.971564,2149,1,14,3,14,3
1766621403.987405,2149,1,14,3,14,3
1766621404.005032,2150,1,14,3,14,3
1766621404.021488,2151,1,14,3,14,3
1766621404.038419,2152,1,14,3,14,3
1766621404.054758,2152,1,14,3,14,3
1766621404.072143,2153,1,14,3,14,3
1766621404.088067,2154,1,14,3,14,3
1766621404.103912,2154,1,14,3,14,3
1766621404.120308,2155,1,14,3,14,3
1766621404.137998,2156,1,15,3,15,3
1766621404.154161,2157,1,15,3,15,3
1766621404.170113,2157,1,15,3,15,3
1766621404.186275,2158,1,15,3,15,3
1766621404.204042,2159,1,15,3,15,3
1766621404.220699,2160,1,14,3,14,3
1766621404.237071,2160,1,14,3,14,3
1766621404.254529,2161,1,14,3,14,3
1766621404.270720,2162,1,14,3,14,3
1766621404.287003,2163,1,14,3,14,3
1766621404.302766,2163,1,14,3,14,3
1766621404.318688,2164,1,14,3,14,3
1766621404.335157,2165,1,15,3,15,3
1766621404.351523,2166,1,15,3,15,3
1766621404.368850,2166,1,15,3,15,3
1766621404.385352,2167,1,15,3,15,3
1766621404.402470,2168,1,15,3,15,3
1766621404.418679,2169,1,15,2,15,2
1766621404.435353,2169,1,15,2,15,2
1766621404.452367,2170,1,15,2,15,2
1766621404.470053,2171,1,15,2,15,2
1766621404.486537,2172,1,15,2,15,2
1766621404.503394,2173,1,15,2,15,2
1766621404.520267,2173,1,15,2,15,2
1766621404.536695,2174,1,15,2,15,2
1766621404.553874,2175,1,15,2,15,2
1766621404.570528,2175,1,15,2,15,2
1766621404.586861,2176,1,15,2,15,2
1766621404.603012,2177,1,15,2,15,2
1766621404.619127,2178,1,15,2,15,2
1766621404.635138,2178,1,15,2,15,2
1766621404.652110,2179,1,15,2,15,2
1766621404.668338,2180,1,15,2,15,2
1766621404.686198,2181,1,15,2,15,2
1766621404.703294,2182,1,15,3,15,3
1766621404.720093,2182,1,15,3,15,3
1766621404.735679,2183,1,15,3,15,3
1766621404.752573,2184,1,15,3,15,3
1766621404.770334,2184,1,15,3,15,3
1766621404.787473,2185,1,15,3,15,3
1766621404.803267,2186,1,15,2,15,2
1766621404.820176,2187,1,15,2,15,2
1766621404.835515,2187,1,15,2,15,2
1766621404.851361,2188,1,15,2,15,2
1766621404.868891,2189,1,15,2,15,2
1766621404.886203,2190,1,15,1,15,1
1766621404.903213,2190,1,15,1,15,1
1766621404.919675,2191,1,15,1,15,1
1766621404.936091,2192,1,15,1,15,1
1766621404.951650,2193,1,16,1,16,1
1766621404.968509,2193,1,16,1,16,1
1766621404.988943,2194,1,16,1,16,1
1766621405.006145,2195,1,16,1,16,1
1766621405.022640,2195,1,16,1,16,1
1766621405.038731,2196,1,15,1,15,1
1766621405.054497,2197,1,15,1,15,1
1766621405.070646,2198,1,15,1,15,1
1766621405.087422,2198,1,15,1,15,1
1766621405.103950,2199,1,15,1,15,1
1766621405.120121,2200,1,15,1,15,1
1766621405.137131,2201,1,15,0,15,0
1766621405.152673,2201,1,15,0,15,0
1766621405.169632,2202,1,15,0,15,0
1766621405.186752,2203,1,15,0,15,0
1766621405.203158,2204,1,16,0,16,0
1766621405.219182,2204,1,16,0,16,0
1766621405.236550,2205,1,16,0,16,0
1766621405.253733,2206,1,16,0,16,0
1766621405.271045,2207,1,16,0,16,0
1766621405.287771,2207,1,16,0,16,0
1766621405.304724,2208,1,16,0,16,0
1766621405.321318,2209,1,16,0,16,0
1766621405.339391,2210,1,16,0,16,0
1766621405.356020,2211,1,16,0,16,0
1766621405.371583,2211,1,16,0,16,0
1766621405.388906,2212,1,16,0,16,0
1766621405.405487,2213,1,16,0,16,0
1766621405.422361,2214,1,16,0,16,0
1766621405.438832,2214,1,16,0,16,0
1766621405.454545,2215,1,16,0,16,0
1766621405.470539,2216,1,16,0,16,0
1766621405.486960,2217,1,15,0,15,0
1766621405.503270,2217,1,15,0,15,0
1766621405.519807,2218,1,15,0,15,0
1766621405.537113,2219,1,15,0,15,0
1766621405.552392,2220,1,16,0,16,0
1766621405.570139,2220,1,16,0,16,0
1766621405.585914,2221,1,16,0,16,0
1766621405.602655,2222,1,16,0,16,0
1766621405.619537,2223,1,16,0,16,0
1766621405.637031,2223,1,16,0,16,0
1766621405.654693,2224,1,16,0,16,0
1766621405.671958,2225,1,16,0,16,0
1766621405.688115,2226,1,16,0,16,0
1766621405.704536,2227,1,15,0,15,0
1766621405.721274,2227,1,15,0,15,0
1766621405.737853,2228,1,15,0,15,0
1766621405.754164,2229,1,15,0,15,0
1766621405.770191,2230,1,15,0,15,0
1766621405.787657,2230,1,15,0,15,0
1766621405.804950,2231,1,15,0,15,0
1766621405.821127,2232,1,15,0,15,0
1766621405.837197,2233,1,15,0,15,0
1766621405.854171,2233,1,15,0,15,0
1766621405.870698,2234,1,16,0,16,0
1766621405.887211,2235,1,16,0,16,0
1766621405.904605,2236,1,16,0,16,0
1766621405.921542,2236,1,16,0,16,0
1766621405.938571,2237,1,16,0,16,0
1766621405.955449,2238,1,15,0,15,0
1766621405.972480,2239,1,15,0,15,0
1766621405.988794,2239,1,15,0,15,0
1766621406.006232,2240,1,15,0,15,0
1766621406.023703,2241,1,15,0,15,0
1766621406.040479,2242,1,15,0,15,0
1766621406.056906,2243,1,15,0,15,0
1766621406.073502,2243,1,15,0,15,0
1766621406.090186,2244,1,15,0,15,0
1766621406.107562,2245,1,15,0,15,0
1766621406.125069,2246,1,16,0,16,0
1766621406.140634,2246,1,16,0,16,0
1766621406.156924,2247,1,16,0,16,0
1766621406.174389,2248,1,16,0,16,0
1766621406.191222,2249,1,16,0,16,0
1766621406.208559,2250,1,16,0,16,0
1766621406.225183,2250,1,16,0,16,0
1766621406.241058,2251,1,16,0,16,0
1766621406.257365,2252,1,16,0,16,0
1766621406.273410,2253,1,17,0,17,0
1766621406.290694,2253,1,17,0,17,0
1766621406.307499,2254,1,17,0,17,0
1766621406.323915,2255,1,17,0,17,0
1766621406.340148,2256,1,18,0,18,0
1766621406.356516,2256,1,18,0,18,0
1766621406.372446,2257,1,18,0,18,0
1766621406.388834,2258,1,18,0,18,0
1766621406.405400,2258,1,18,0,18,0
1766621406.421865,2259,1,18,0,18,0
1766621406.437773,2260,1,18,0,18,0
1766621406.454422,2260,1,18,0,18,0
1766621406.470574,2261,1,18,0,18,0
1766621406.486904,2262,1,18,0,18,0
1766621406.502398,2263,1,18,1,18,1
1766621406.518700,2263,1,18,1,18,1
1766621406.534943,2264,1,18,1,18,1
1766621406.551002,2265,1,18,1,18,1
1766621406.566764,2266,1,17,1,17,1
1766621406.582687,2266,1,17,1,17,1
1766621406.599776,2267,1,17,1,17,1
1766621406.617225,2268,1,17,1,17,1
1766621406.634222,2269,1,17,0,17,0
1766621406.650707,2269,1,17,0,17,0
1766621406.667215,2270,1,17,0,17,0
1766621406.684562,2271,1,17,0,17,0
1766621406.701711,2272,1,16,0,16,0
1766621406.718869,2273,1,16,0,16,0
1766621406.735508,2273,1,16,0,16,0
1766621406.751633,2274,1,16,0,16,0
1766621406.768378,2275,1,16,1,16,1
1766621406.785148,2276,1,16,1,16,1
1766621406.802069,2276,1,16,1,16,1
1766621406.818566,2277,1,16,1,16,1
1766621406.835819,2278,1,17,1,17,1
1766621406.852180,2278,1,17,1,17,1
1766621406.868661,2279,1,17,1,17,1
1766621406.884341,2280,1,17,1,17,1
1766621406.901696,2281,1,17,1,17,1
1766621406.917988,2282,1,17,1,17,1
1766621406.934312,2282,1,17,1,17,1
1766621406.950971,2283,1,17,1,17,1
1766621406.966572,2284,1,17,1,17,1
1766621406.983879,2285,1,17,1,17,1
1766621407.000517,2285,1,17,1,17,1
1766621407.017130,2286,1,17,1,17,1
1766621407.033421,2287,1,18,1,18,1
1766621407.050405,2287,1,18,1,18,1
1766621407.066815,2288,1,18,1,18,1
1766621407.082964,2289,1,18,1,18,1
1766621407.098804,2290,1,18,2,18,2
1766621407.115166,2290,1,18,2,18,2
1766621407.131849,2291,1,18,2,18,2
1766621407.148646,2292,1,18,2,18,2
1766621407.164600,2293,1,18,2,18,2
1766621407.180625,2293,1,18,2,18,2
1766621407.197252,2294,1,17,2,17,2
1766621407.213462,2295,1,17,2,17,2
1766621407.231196,2296,1,17,2,17,2
1766621407.249564,2297,1,17,2,17,2
1766621407.266756,2297,1,17,2,17,2
1766621407.283381,2298,1,17,2,17,2
1766621407.300697,2299,1,18,2,18,2
1766621407.316713,2300,1,18,2,18,2
1766621407.333356,2301,1,18,2,18,2
1766621407.349824,2301,1,18,2,18,2
1766621407.366272,2302,1,17,2,17,2
1766621407.384182,2303,1,17,2,17,2
1766621407.400700,2304,1,17,2,17,2
1766621407.417497,2305,1,17,2,17,2
1766621407.434254,2305,1,17,2,17,2
1766621407.451056,2306,1,17,2,17,2
1766621407.467854,2307,1,17,2,17,2
1766621407.484334,2308,1,16,2,16,2
1766621407.501852,2308,1,16,2,16,2
1766621407.517934,2309,1,16,2,16,2
1766621407.534278,2310,1,16,2,16,2
1766621407.551221,2311,1,16,1,16,1
1766621407.568917,2311,1,16,1,16,1
1766621407.585846,2312,1,16,1,16,1
1766621407.602079,2313,1,16,1,16,1
1766621407.618999,2314,1,16,1,16,1
1766621407.635641,2315,1,16,2,16,2
1766621407.652465,2315,1,16,2,16,2
1766621407.668886,2316,1,16,2,16,2
1766621407.685911,2317,1,16,2,16,2
1766621407.702075,2318,1,16,1,16,1
1766621407.718268,2318,1,16,1,16,1
1766621407.735282,2319,1,16,1,16,1
1766621407.752858,2320,1,16,1,16,1
1766621407.768401,2321,1,16,1,16,1
1766621407.786140,2321,1,16,1,16,1
1766621407.803544,2322,1,16,2,16,2
1766621407.820086,2323,1,16,2,16,2
1766621407.835617,2324,1,16,2,16,2
1766621407.851916,2324,1,16,2,16,2
1766621407.868792,2325,1,16,2,16,2
1766621407.885410,2326,1,15,2,15,2
1766621407.902576,2327,1,15,2,15,2
1766621407.918674,2327,1,15,2,15,2
1766621407.935225,2328,1,15,2,15,2
1766621407.953101,2329,1,15,1,15,1
1766621407.970347,2330,1,15,1,15,1
1766621407.987252,2330,1,15,1,15,1
1766621408.004860,2331,1,15,1,15,1
1766621408.021245,2332,1,15,1,15,1
1766621408.038874,2333,1,15,0,15,0
1766621408.054612,2334,1,15,0,15,0
1766621408.071722,2334,1,15,0,15,0
1766621408.088933,2335,1,15,0,15,0
1766621408.104662,2336,1,15,0,15,0
1766621408.121062,2337,1,15,1,15,1
1766621408.136898,2337,1,15,1,15,1
1766621408.152835,2338,1,15,1,15,1
1766621408.168767,2339,1,15,1,15,1
1766621408.185200,2339,1,15,1,15,1
1766621408.202223,2340,1,16,1,16,1
1766621408.218869,2341,1,16,1,16,1
1766621408.235326,2342,1,16,1,16,1
1766621408.251676,2342,1,16,1,16,1
1766621408.268272,2343,1,16,1,16,1
1766621408.284528,2344,1,16,2,16,2
1766621408.301678,2345,1,16,2,16,2
1766621408.318202,2346,1,16,2,16,2
1766621408.335402,2346,1,16,2,16,2
1766621408.352451,2347,1,17,2,17,2
1766621408.369493,2348,1,17,2,17,2
1766621408.386194,2349,1,17,2,17,2
1766621408.402459,2349,1,17,2,17,2
1766621408.419330,2350,1,18,2,18,2
1766621408.435952,2351,1,18,2,18,2
1766621408.452764,2352,1,18,2,18,2
1766621408.468976,2352,1,18,2,18,2
1766621408.484962,2353,1,18,1,18,1
1766621408.501232,2354,1,18,1,18,1
1766621408.518678,2355,1,18,1,18,1
1766621408.535931,2355,1,18,1,18,1
1766621408.551736,2356,1,18,1,18,1
1766621408.567938,2357,1,18,2,18,2
1766621408.584561,2358,1,18,2,18,2
1766621408.600701,2358,1,18,2,18,2
1766621408.616841,2359,1,18,2,18,2
1766621408.633200,2360,1,18,2,18,2
1766621408.651689,2361,1,17,2,17,2
1766621408.667622,2361,1,17,2,17,2
1766621408.684339,2362,1,17,2,17,2
1766621408.701070,2363,1,17,2,17,2
1766621408.717520,2364,1,17,2,17,2
1766621408.733383,2364,1,17,2,17,2
1766621408.749374,2365,1,17,2,17,2
1766621408.767362,2366,1,17,2,17,2
1766621408.784204,2367,1,16,2,16,2
1766621408.801370,2367,1,16,2,16,2
1766621408.821906,2368,1,16,2,16,2
1766621408.838919,2369,1,16,2,16,2
1766621408.854767,2370,1,16,2,16,2
1766621408.871162,2370,1,16,2,16,2
1766621408.886890,2371,1,17,2,17,2
1766621408.903109,2372,1,17,2,17,2
1766621408.919032,2372,1,17,2,17,2
1766621408.953970,2374,1,17,2,17,2
1766621409.030790,2374,1,17,2,17,2
1766621409.064954,2377,1,18,2,18,2
1766621409.123179,2378,1,18,2,18,2
1766621409.141717,2379,1,18,3,18,3
1766621409.156517,2380,1,18,3,18,3
1766621409.172923,2380,1,18,3,18,3
1766621409.188840,2381,1,18,3,18,3
1766621409.206625,2382,1,18,3,18,3
1766621409.222454,2382,1,18,3,18,3
1766621409.239822,2383,1,18,3,18,3
1766621409.256831,2384,1,18,3,18,3
1766621409.272353,2385,1,19,3,19,3
1766621409.289082,2385,1,19,3,19,3
1766621409.305696,2386,1,19,3,19,3
1766621409.322351,2387,1,19,3,19,3
1766621409.338986,2388,1,19,3,19,3
1766621409.354615,2388,1,19,3,19,3
1766621409.371292,2389,1,19,3,19,3
1766621409.388991,2390,1,19,3,19,3
1766621409.405364,2391,1,19,4,19,4
1766621409.422175,2391,1,19,4,19,4
1766621409.438998,2392,1,19,4,19,4
1766621409.455254,2393,1,19,4,19,4
1766621409.473004,2394,1,19,4,19,4
1766621409.489140,2394,1,19,4,19,4
1766621409.506100,2395,1,18,4,18,4
1766621409.521713,2396,1,18,4,18,4
1766621409.542003,2396,1,18,4,18,4
1766621409.558764,2397,1,18,4,18,4
1766621409.575648,2397,1,18,4,18,4
1766621409.592385,2398,1,18,3,18,3
1766621409.608910,2399,1,18,3,18,3
1766621409.624684,2400,1,18,3,18,3
1766621409.640754,2400,1,18,3,18,3
1766621409.657392,2401,1,18,3,18,3
1766621409.674137,2402,1,18,3,18,3
1766621409.689825,2402,1,18,3,18,3
1766621409.706254,2403,1,18,4,18,4
1766621409.723572,2404,1,18,4,18,4
1766621409.739729,2405,1,18,4,18,4
1766621409.756046,2405,1,18,4,18,4
1766621409.771733,2406,1,18,3,18,3
1766621409.787942,2407,1,18,3,18,3
1766621409.803872,2408,1,18,3,18,3
1766621409.820543,2408,1,18,3,18,3
1766621409.837024,2409,1,18,2,18,2
1766621409.852766,2410,1,18,2,18,2
1766621409.869184,2411,1,18,2,18,2
1766621409.885402,2411,1,18,2,18,2
1766621409.902135,2412,1,18,2,18,2
1766621409.917849,2413,1,18,2,18,2
1766621409.934044,2414,1,18,2,18,2
1766621409.950634,2414,1,18,2,18,2
1766621409.966844,2415,1,18,2,18,2
1766621409.983504,2416,1,18,1,18,1
1766621410.000242,2417,1,18,1,18,1
1766621410.016844,2417,1,18,1,18,1
1766621410.034127,2418,1,18,1,18,1
1766621410.050183,2419,1,18,1,18,1
1766621410.065990,2420,1,18,2,18,2
1766621410.082018,2420,1,18,2,18,2
1766621410.097786,2421,1,18,2,18,2
1766621410.114358,2422,1,18,2,18,2
1766621410.131575,2423,1,18,1,18,1
1766621410.148899,2423,1,18,1,18,1
1766621410.164917,2424,1,18,1,18,1
1766621410.180439,2425,1,18,1,18,1
1766621410.196701,2426,1,18,2,18,2
1766621410.212961,2426,1,18,2,18,2
1766621410.229587,2427,1,18,2,18,2
1766621410.246172,2428,1,18,2,18,2
1766621410.262980,2429,1,18,2,18,2
1766621410.279040,2429,1,18,2,18,2
1766621410.295873,2430,1,18,1,18,1
1766621410.311655,2431,1,18,1,18,1
1766621410.327885,2432,1,18,1,18,1
1766621410.345277,2432,1,18,1,18,1
1766621410.362276,2433,1,18,1,18,1
1766621410.379179,2434,1,18,1,18,1
1766621410.395289,2435,1,18,0,18,0
1766621410.412204,2435,1,18,0,18,0
1766621410.430226,2436,1,18,0,18,0
1766621410.446833,2437,1,18,0,18,0
1766621410.463287,2438,1,18,0,18,0
1766621410.480060,2438,1,18,0,18,0
1766621410.496710,2439,1,18,0,18,0
1766621410.513217,2440,1,18,0,18,0
1766621410.529639,2441,1,18,0,18,0
1766621410.546429,2442,1,18,0,18,0
1766621410.563466,2442,1,18,0,18,0
1766621410.580968,2443,1,19,0,19,0
1766621410.597053,2444,1,19,0,19,0
1766621410.612667,2445,1,19,0,19,0
1766621410.629339,2445,1,19,0,19,0
1766621410.646624,2446,1,19,0,19,0
1766621410.662972,2447,1,19,0,19,0
1766621410.679674,2448,1,19,0,19,0
1766621410.696596,2448,1,19,0,19,0
1766621410.712956,2449,1,19,0,19,0
1766621410.728625,2450,1,19,0,19,0
1766621410.746075,2451,1,19,0,19,0
1766621410.761715,2451,1,19,0,19,0
1766621410.778938,2452,1,19,0,19,0
1766621410.795818,2453,1,19,0,19,0
1766621410.811795,2454,1,19,0,19,0
1766621410.828164,2454,1,19,0,19,0
1766621410.844562,2455,1,19,0,19,0
1766621410.862185,2456,1,19,1,19,1
1766621410.878871,2457,1,19,1,19,1
1766621410.895141,2457,1,19,1,19,1
1766621410.911336,2458,1,19,1,19,1
1766621410.928116,2459,1,19,1,19,1
1766621410.944483,2460,1,19,1,19,1
1766621410.961132,2460,1,19,1,19,1
1766621410.977328,2461,1,19,1,19,1
1766621410.994424,2462,1,19,1,19,1
1766621411.010847,2463,1,19,1,19,1
1766621411.026806,2463,1,19,1,19,1
1766621411.042794,2464,1,19,1,19,1
1766621411.059423,2465,1,19,1,19,1
1766621411.075992,2466,1,19,1,19,1
1766621411.091810,2466,1,19,1,19,1
1766621411.108765,2467,1,19,1,19,1
1766621411.124819,2468,1,19,1,19,1
1766621411.141531,2469,1,19,1,19,1
1766621411.157943,2469,1,19,1,19,1
1766621411.174172,2470,1,19,1,19,1
1766621411.190820,2471,1,19,1,19,1
1766621411.207479,2472,1,19,1,19,1
1766621411.224417,2472,1,19,1,19,1
1766621411.240811,2473,1,19,0,19,0
1766621411.256463,2474,1,19,0,19,0
1766621411.273491,2475,1,19,0,19,0
1766621411.290896,2475,1,19,0,19,0
1766621411.307792,2476,1,19,0,19,0
1766621411.324051,2477,1,19,0,19,0
1766621411.340302,2478,1,19,0,19,0
1766621411.357601,2478,1,19,0,19,0
1766621411.374190,2479,1,18,0,18,0
1766621411.390154,2480,1,18,0,18,0
1766621411.405884,2481,1,18,0,18,0
1766621411.422066,2481,1,18,0,18,0
1766621411.438615,2482,1,18,0,18,0
1766621411.455320,2483,1,18,0,18,0
1766621411.472294,2484,1,19,0,19,0
1766621411.489583,2485,1,19,0,19,0
1766621411.506994,2485,1,19,0,19,0
1766621411.522547,2486,1,19,0,19,0
1766621411.539117,2487,1,19,0,19,0
1766621411.555367,2487,1,19,0,19,0
1766621411.572731,2488,1,19,1,19,1
1766621411.588706,2489,1,19,1,19,1
1766621411.604809,2490,1,19,1,19,1
1766621411.620621,2490,1,19,1,19,1
1766621411.636860,2491,1,19,1,19,1
1766621411.653614,2492,1,19,0,19,0
1766621411.670681,2493,1,19,0,19,0
1766621411.687627,2493,1,19,0,19,0
1766621411.704728,2494,1,19,0,19,0
1766621411.720927,2495,1,19,0,19,0
1766621411.736904,2496,1,19,0,19,0
1766621411.753438,2496,1,19,0,19,0
1766621411.770156,2497,1,18,0,18,0
1766621411.786673,2498,1,18,0,18,0
1766621411.802685,2499,1,18,0,18,0
1766621411.820121,2499,1,18,0,18,0
1766621411.837417,2500,1,18,0,18,0
1766621411.854225,2501,1,18,1,18,1
1766621411.871339,2502,1,18,1,18,1
1766621411.889451,2503,1,18,1,18,1
1766621411.906476,2504,1,18,1,18,1
1766621411.923387,2504,1,18,1,18,1
1766621411.940645,2505,1,18,1,18,1
1766621411.957031,2506,1,18,2,18,2
1766621411.973764,2507,1,18,2,18,2
1766621411.990828,2507,1,18,2,18,2
1766621412.007414,2508,1,18,2,18,2
1766621412.024211,2509,1,18,2,18,2
1766621412.041582,2510,1,18,3,18,3
1766621412.057916,2510,1,18,3,18,3
1766621412.075091,2511,1,18,3,18,3
1766621412.091653,2512,1,18,3,18,3
1766621412.107512,2513,1,18,2,18,2
1766621412.123836,2513,1,18,2,18,2
1766621412.140244,2514,1,18,2,18,2
1766621412.156516,2515,1,18,2,18,2
1766621412.172659,2516,1,18,1,18,1
1766621412.188641,2516,1,18,1,18,1
1766621412.204950,2517,1,18,1,18,1
1766621412.221026,2518,1,18,1,18,1
1766621412.237730,2519,1,18,1,18,1
1766621412.254540,2519,1,18,1,18,1
1766621412.271655,2520,1,18,0,18,0
1766621412.289115,2521,1,18,0,18,0
1766621412.304896,2522,1,18,0,18,0
1766621412.320717,2522,1,18,0,18,0
1766621412.337073,2523,1,18,0,18,0
1766621412.353631,2524,1,19,0,19,0
1766621412.370474,2524,1,19,0,19,0
1766621412.386724,2525,1,19,0,19,0
1766621412.403020,2526,1,19,0,19,0
1766621412.419381,2527,1,19,1,19,1
1766621412.436296,2527,1,19,1,19,1
1766621412.453353,2528,1,19,1,19,1
1766621412.470661,2529,1,19,1,19,1
1766621412.487731,2530,1,19,1,19,1
1766621412.504122,2530,1,19,1,19,1
1766621412.520104,2531,1,18,1,18,1
1766621412.536006,2532,1,18,1,18,1
1766621412.552177,2533,1,18,1,18,1
1766621412.568003,2533,1,18,1,18,1
1766621412.583818,2534,1,19,1,19,1
1766621412.599908,2535,1,19,1,19,1
1766621412.616011,2535,1,19,1,19,1
1766621412.631659,2536,1,19,1,19,1
1766621412.648244,2537,1,19,1,19,1
1766621412.665204,2538,1,19,1,19,1
1766621412.682211,2538,1,19,1,19,1
1766621412.698746,2539,1,19,1,19,1
1766621412.714998,2540,1,19,1,19,1
1766621412.731375,2541,1,19,1,19,1
1766621412.748692,2541,1,19,1,19,1
1766621412.765332,2542,1,19,1,19,1
1766621412.782307,2543,1,19,1,19,1
1766621412.799479,2544,1,19,1,19,1
1766621412.815714,2544,1,19,1,19,1
1766621412.832448,2545,1,19,1,19,1
1766621412.849823,2546,1,19,1,19,1
1766621412.866398,2547,1,18,1,18,1
1766621412.883071,2548,1,18,1,18,1
1766621412.900340,2548,1,18,1,18,1
1766621412.916864,2549,1,18,1,18,1
1766621412.933926,2550,1,19,1,19,1
1766621412.949933,2551,1,19,1,19,1
1766621412.966819,2551,1,19,1,19,1
1766621412.982657,2552,1,19,0,19,0
1766621412.998777,2553,1,19,0,19,0
1766621413.015362,2554,1,19,0,19,0
1766621413.032041,2554,1,19,0,19,0
1766621413.047950,2555,1,19,0,19,0
1766621413.064206,2556,1,19,0,19,0
1766621413.081270,2557,1,19,0,19,0
1766621413.098235,2557,1,19,0,19,0
1766621413.115799,2558,1,19,0,19,0
1766621413.131361,2559,1,19,0,19,0
1766621413.147687,2560,1,19,0,19,0
1766621413.164301,2560,1,19,0,19,0
1766621413.181050,2561,1,19,0,19,0
1766621413.197162,2562,1,19,0,19,0
1766621413.213120,2563,1,19,0,19,0
1766621413.228782,2563,1,19,0,19,0
1766621413.246534,2564,1,19,0,19,0
1766621413.263623,2565,1,19,0,19,0
1766621413.279740,2566,1,19,0,19,0
1766621413.296742,2566,1,19,0,19,0
1766621413.313781,2567,1,19,0,19,0
1766621413.330486,2568,1,19,0,19,0
1766621413.346734,2569,1,19,1,19,1
1766621413.362724,2569,1,19,1,19,1
1766621413.379124,2570,1,19,1,19,1
1766621413.395114,2571,1,19,1,19,1
1766621413.410628,2571,1,19,1,19,1
1766621413.427218,2572,1,19,1,19,1
1766621413.443834,2573,1,19,1,19,1
1766621413.460361,2574,1,19,1,19,1
1766621413.476577,2575,1,19,1,19,1
1766621413.492645,2575,1,19,1,19,1
1766621413.509181,2576,1,19,1,19,1
1766621413.525234,2577,1,18,1,18,1
1766621413.541678,2578,1,18,1,18,1
1766621413.558983,2578,1,18,1,18,1
1766621413.576029,2579,1,18,1,18,1
1766621413.591673,2580,1,18,1,18,1
1766621413.608366,2581,1,18,0,18,0
1766621413.625444,2581,1,18,0,18,0
1766621413.641689,2582,1,18,0,18,0
1766621413.658131,2583,1,17,0,17,0
1766621413.673574,2583,1,17,0,17,0
1766621413.690058,2584,1,17,0,17,0
1766621413.706190,2585,1,17,0,17,0
1766621413.722695,2586,1,17,0,17,0
1766621413.739369,2587,1,17,0,17,0
1766621413.756218,2587,1,17,0,17,0
1766621413.774170,2588,1,17,0,17,0
1766621413.790014,2589,1,17,0,17,0
1766621413.806810,2590,1,18,0,18,0
1766621413.823649,2590,1,18,0,18,0
1766621413.840589,2591,1,18,0,18,0
1766621413.856481,2592,1,18,0,18,0
1766621413.872993,2592,1,18,0,18,0
1766621413.889683,2593,1,17,0,17,0
1766621413.906276,2594,1,17,0,17,0
1766621413.923232,2595,1,17,0,17,0
1766621413.941138,2596,1,17,0,17,0
1766621413.957666,2596,1,17,0,17,0
1766621413.974849,2597,1,17,1,17,1
1766621413.990991,2598,1,17,1,17,1
1766621414.007168,2599,1,16,1,16,1
1766621414.023454,2599,1,16,1,16,1
1766621414.040390,2600,1,16,1,16,1
1766621414.058243,2601,1,16,1,16,1
1766621414.075270,2602,1,16,1,16,1
1766621414.092095,2602,1,16,1,16,1
1766621414.107984,2603,1,16,2,16,2
1766621414.124351,2604,1,16,2,16,2
1766621414.141290,2605,1,16,2,16,2
1766621414.158012,2605,1,16,2,16,2
1766621414.174536,2606,1,16,2,16,2
1766621414.192290,2607,1,16,1,16,1
1766621414.208889,2608,1,16,1,16,1
1766621414.224783,2608,1,16,1,16,1
1766621414.241702,2609,1,16,1,16,1
1766621414.257605,2610,1,16,1,16,1
1766621414.274859,2611,1,15,1,15,1
1766621414.291563,2612,1,15,1,15,1
1766621414.308164,2612,1,15,1,15,1
1766621414.324529,2613,1,15,1,15,1
1766621414.342145,2614,1,15,1,15,1
1766621414.359070,2615,1,14,1,14,1
1766621414.375124,2615,1,14,1,14,1
1766621414.391939,2616,1,14,1,14,1
1766621414.408155,2617,1,14,1,14,1
1766621414.424448,2618,1,13,1,13,1
1766621414.440713,2618,1,13,1,13,1
1766621414.457409,2619,1,13,1,13,1
1766621414.474184,2620,1,13,1,13,1
1766621414.490395,2621,1,13,1,13,1
1766621414.507456,2621,1,13,1,13,1
1766621414.524539,2622,1,13,1,13,1
1766621414.541512,2623,1,13,2,13,2
1766621414.558439,2624,1,13,2,13,2
1766621414.575594,2624,1,13,2,13,2
1766621414.591606,2625,1,13,2,13,2
1766621414.607795,2626,1,13,2,13,2
1766621414.624528,2627,1,13,2,13,2
1766621414.641842,2627,1,13,2,13,2
1766621414.658692,2628,1,13,2,13,2
1766621414.674895,2629,1,13,2,13,2
1766621414.691300,2630,1,13,2,13,2
1766621414.707697,2630,1,13,2,13,2
1766621414.723905,2631,1,13,2,13,2
1766621414.740204,2632,1,13,2,13,2
1766621414.758075,2633,1,13,2,13,2
1766621414.774344,2634,1,13,2,13,2
1766621414.791926,2634,1,13,2,13,2
1766621414.807763,2635,1,13,2,13,2
1766621414.824463,2636,1,13,2,13,2
1766621414.841522,2636,1,13,2,13,2
1766621414.858037,2637,1,13,2,13,2
1766621414.873631,2638,1,13,2,13,2
1766621414.890172,2639,1,13,2,13,2
1766621414.907758,2640,1,13,2,13,2
1766621414.923520,2640,1,13,2,13,2
1766621414.940677,2641,1,13,2,13,2
1766621414.958061,2642,1,13,2,13,2
1766621414.974164,2642,1,13,2,13,2
1766621414.989775,2643,1,13,2,13,2
1766621415.006728,2644,1,13,2,13,2
1766621415.023142,2645,1,13,2,13,2
1766621415.039404,2646,1,13,2,13,2
1766621415.056101,2646,1,13,2,13,2
1766621415.071544,2647,1,13,2,13,2
1766621415.088151,2648,1,13,2,13,2
1766621415.104632,2649,1,13,2,13,2
1766621415.120741,2649,1,13,2,13,2
1766621415.137135,2650,1,13,2,13,2
1766621415.153251,2651,1,13,2,13,2
1766621415.170666,2651,1,13,2,13,2
1766621415.187665,2652,1,12,2,12,2
1766621415.204818,2653,1,12,2,12,2
1766621415.220670,2654,1,12,2,12,2
1766621415.237859,2655,1,12,2,12,2
1766621415.253946,2655,1,12,2,12,2
1766621415.270274,2656,1,12,2,12,2
1766621415.287269,2657,1,12,2,12,2
1766621415.304852,2658,1,12,2,12,2
1766621415.320853,2658,1,12,2,12,2
1766621415.337305,2659,1,12,2,12,2
1766621415.354470,2660,1,12,2,12,2
1766621415.371020,2661,1,12,2,12,2
1766621415.387846,2661,1,12,2,12,2
1766621415.404820,2662,1,12,2,12,2
1766621415.421249,2663,1,13,2,13,2
1766621415.438895,2664,1,13,2,13,2
1766621415.455479,2664,1,13,2,13,2
1766621415.471760,2665,1,13,2,13,2
1766621415.489258,2666,1,13,2,13,2
1766621415.505733,2667,1,13,2,13,2
1766621415.522560,2667,1,13,2,13,2
1766621415.540285,2668,1,13,2,13,2
1766621415.557424,2669,1,13,2,13,2
1766621415.573777,2670,1,13,2,13,2
1766621415.590098,2670,1,13,2,13,2
1766621415.606011,2671,1,12,2,12,2
1766621415.622156,2672,1,12,2,12,2
1766621415.637725,2673,1,12,2,12,2
1766621415.654646,2673,1,12,2,12,2
1766621415.670800,2674,1,12,2,12,2
1766621415.687498,2675,1,12,2,12,2
1766621415.703876,2676,1,12,2,12,2
1766621415.719781,2676,1,12,2,12,2
1766621415.736202,2677,1,12,2,12,2
1766621415.752854,2678,1,12,2,12,2
1766621415.769091,2679,1,12,2,12,2
1766621415.784705,2679,1,12,2,12,2
1766621415.801269,2680,1,12,2,12,2
1766621415.817414,2681,1,12,2,12,2
1766621415.834165,2682,1,12,2,12,2
1766621415.850669,2682,1,12,2,12,2
1766621415.867506,2683,1,12,2,12,2
1766621415.883955,2684,1,12,2,12,2
1766621415.900070,2684,1,12,2,12,2
1766621415.916284,2685,1,12,2,12,2
1766621415.934191,2686,1,12,2,12,2
1766621415.950627,2687,1,12,2,12,2
1766621415.967467,2688,1,12,2,12,2
1766621415.984103,2688,1,12,2,12,2
1766621415.999596,2689,1,12,2,12,2
1766621416.016448,2690,1,12,2,12,2
1766621416.033700,2691,1,12,2,12,2
1766621416.049852,2691,1,12,2,12,2
1766621416.065910,2692,1,12,2,12,2
1766621416.082601,2693,1,12,2,12,2
1766621416.098747,2694,1,12,2,12,2
1766621416.115575,2694,1,12,2,12,2
1766621416.131837,2695,1,12,2,12,2
1766621416.148683,2696,1,12,2,12,2
1766621416.165108,2696,1,12,2,12,2
1766621416.180669,2697,1,12,2,12,2
1766621416.197110,2698,1,13,2,13,2
1766621416.212793,2699,1,13,2,13,2
1766621416.229146,2699,1,13,2,13,2
1766621416.245828,2700,1,13,2,13,2
1766621416.262476,2701,1,13,2,13,2
1766621416.279021,2702,1,13,2,13,2
1766621416.295255,2702,1,13,2,13,2
1766621416.312418,2703,1,13,2,13,2
1766621416.328959,2704,1,13,2,13,2
1766621416.344742,2705,1,13,2,13,2
1766621416.360949,2705,1,13,2,13,2
1766621416.377744,2706,1,13,2,13,2
1766621416.394407,2707,1,13,2,13,2
1766621416.411264,2708,1,13,2,13,2
1766621416.428049,2708,1,13,2,13,2
1766621416.444742,2709,1,13,2,13,2
1766621416.461699,2710,1,13,2,13,2
1766621416.477767,2711,1,13,2,13,2
1766621416.495042,2712,1,13,2,13,2
1766621416.510480,2712,1,13,2,13,2
1766621416.526867,2713,1,13,2,13,2
1766621416.543415,2714,1,13,2,13,2
1766621416.560933,2715,1,13,2,13,2
1766621416.578005,2715,1,13,2,13,2
1766621416.594475,2716,1,13,2,13,2
1766621416.612166,2717,1,13,2,13,2
1766621416.628934,2718,1,13,2,13,2
1766621416.645723,2718,1,13,2,13,2
1766621416.662372,2719,1,13,2,13,2
1766621416.679220,2720,1,13,2,13,2
1766621416.696049,2721,1,13,2,13,2
1766621416.712202,2721,1,13,2,13,2
1766621416.728980,2722,1,13,2,13,2
1766621416.745645,2723,1,13,2,13,2
1766621416.762487,2724,1,13,2,13,2
1766621416.780482,2725,1,13,2,13,2
1766621416.796937,2725,1,13,2,13,2
1766621416.813529,2726,1,13,2,13,2
1766621416.830723,2727,1,13,2,13,2
1766621416.847316,2727,1,13,2,13,2
1766621416.865153,2728,1,13,2,13,2
1766621416.880703,2729,1,13,2,13,2
1766621416.896795,2730,1,13,2,13,2
1766621416.913769,2731,1,13,2,13,2
1766621416.930638,2731,1,13,2,13,2
1766621416.946915,2732,1,13,2,13,2
1766621416.962483,2733,1,12,2,12,2
1766621416.980133,2734,1,12,2,12,2
1766621416.997215,2734,1,12,2,12,2
1766621417.014060,2735,1,12,2,12,2
1766621417.030954,2736,1,12,2,12,2
1766621417.046590,2737,1,12,2,12,2
1766621417.063469,2737,1,12,2,12,2
1766621417.081068,2738,1,12,2,12,2
1766621417.097160,2739,1,12,2,12,2
1766621417.112433,2740,1,12,2,12,2
1766621417.128995,2741,1,12,2,12,2
1766621417.144988,2741,1,12,2,12,2
1766621417.162107,2742,1,12,2,12,2
1766621417.178764,2743,1,12,2,12,2
1766621417.194431,2744,1,12,2,12,2
1766621417.210975,2744,1,12,2,12,2
1766621417.226542,2745,1,12,2,12,2
1766621417.242576,2746,1,12,2,12,2
1766621417.259091,2747,1,12,2,12,2
1766621417.275445,2747,1,12,2,12,2
1766621417.292979,2748,1,12,2,12,2
1766621417.308955,2749,1,13,2,13,2
1766621417.324577,2750,1,13,2,13,2
1766621417.340827,2750,1,13,2,13,2
1766621417.357230,2751,1,13,2,13,2
1766621417.374736,2752,1,13,1,13,1
1766621417.391350,2753,1,13,1,13,1
1766621417.408300,2754,1,13,1,13,1
1766621417.425953,2754,1,13,1,13,1
1766621417.442372,2755,1,13,1,13,1
1766621417.458892,2756,1,13,1,13,1
1766621417.475396,2757,1,13,1,13,1
1766621417.492544,2757,1,13,1,13,1
1766621417.508800,2758,1,13,1,13,1
1766621417.524961,2759,1,13,1,13,1
1766621417.541003,2760,1,13,1,13,1
1766621417.557096,2760,1,13,1,13,1
1766621417.573615,2761,1,13,1,13,1
1766621417.590482,2762,1,14,1,14,1
1766621417.607262,2763,1,14,1,14,1
1766621417.623931,2763,1,14,1,14,1
1766621417.640617,2764,1,14,1,14,1
1766621417.656856,2765,1,14,1,14,1
1766621417.672948,2766,1,14,1,14,1
1766621417.689410,2766,1,14,1,14,1
1766621417.706352,2767,1,14,1,14,1
1766621417.723143,2768,1,14,1,14,1
1766621417.739229,2769,1,14,1,14,1
1766621417.756823,2769,1,14,1,14,1
1766621417.773591,2770,1,14,1,14,1
1766621417.790454,2771,1,14,1,14,1
1766621417.806873,2772,1,14,1,14,1
1766621417.823216,2772,1,14,1,14,1
1766621417.840486,2773,1,14,1,14,1
1766621417.856914,2774,1,14,1,14,1
1766621417.874228,2775,1,14,1,14,1
1766621417.890799,2775,1,14,1,14,1
1766621417.907079,2776,1,14,1,14,1
1766621417.923903,2777,1,14,1,14,1
1766621417.939581,2778,1,14,1,14,1
1766621417.955830,2778,1,14,1,14,1
1766621417.971915,2779,1,14,1,14,1
1766621417.989130,2780,1,14,1,14,1
1766621418.004765,2781,1,14,1,14,1
1766621418.021652,2781,1,14,1,14,1
1766621418.038574,2782,1,14,1,14,1
1766621418.055456,2783,1,14,1,14,1
1766621418.072134,2784,1,15,1,15,1
1766621418.088788,2784,1,15,1,15,1
1766621418.104425,2785,1,15,1,15,1
1766621418.120576,2786,1,15,1,15,1
1766621418.137225,2787,1,15,1,15,1
1766621418.154142,2787,1,15,1,15,1
1766621418.170588,2788,1,16,1,16,1
1766621418.187737,2789,1,16,1,16,1
1766621418.204439,2790,1,16,1,16,1
1766621418.221529,2790,1,16,1,16,1
1766621418.237456,2791,1,16,1,16,1
1766621418.253870,2792,1,16,2,16,2
1766621418.270342,2793,1,16,2,16,2
1766621418.287244,2794,1,16,2,16,2
1766621418.304114,2794,1,16,2,16,2
1766621418.320544,2795,1,17,2,17,2
1766621418.337682,2796,1,17,2,17,2
1766621418.355059,2797,1,17,2,17,2
1766621418.371206,2797,1,17,2,17,2
1766621418.387751,2798,1,17,2,17,2
1766621418.404522,2799,1,17,2,17,2
1766621418.420880,2800,1,17,2,17,2
1766621418.436543,2800,1,17,2,17,2
1766621418.452854,2801,1,17,2,17,2
1766621418.469038,2802,1,17,2,17,2
1766621418.485070,2802,1,17,2,17,2
1766621418.500558,2803,1,17,2,17,2
1766621418.516843,2804,1,17,2,17,2
1766621418.533662,2805,1,17,2,17,2
1766621418.550670,2805,1,17,2,17,2
1766621418.567613,2806,1,17,2,17,2
1766621418.583471,2807,1,17,2,17,2
1766621418.600159,2808,1,17,2,17,2
1766621418.616739,2808,1,17,2,17,2
1766621418.633228,2809,1,17,2,17,2
1766621418.650478,2810,1,17,2,17,2
1766621418.667957,2811,1,17,2,17,2
1766621418.683775,2812,1,17,2,17,2
1766621418.700643,2812,1,17,2,17,2
1766621418.717081,2813,1,17,1,17,1
1766621418.733691,2814,1,17,1,17,1
1766621418.750109,2815,1,17,1,17,1
1766621418.765868,2815,1,17,1,17,1
1766621418.781655,2816,1,17,2,17,2
1766621418.798922,2817,1,17,2,17,2
1766621418.815547,2818,1,16,2,16,2
1766621418.833052,2818,1,16,2,16,2
1766621418.849025,2819,1,16,2,16,2
1766621418.864722,2820,1,16,2,16,2
1766621418.881249,2821,1,16,2,16,2
1766621418.898292,2821,1,16,2,16,2
1766621418.914878,2822,1,15,2,15,2
1766621418.931442,2823,1,15,2,15,2
1766621418.948931,2824,1,15,2,15,2
1766621418.965212,2824,1,15,2,15,2
1766621418.981968,2825,1,15,2,15,2
1766621418.997916,2826,1,15,2,15,2
1766621419.014789,2827,1,15,2,15,2
1766621419.031098,2827,1,15,2,15,2
1766621419.047388,2828,1,15,2,15,2
1766621419.063989,2829,1,15,2,15,2
1766621419.079838,2830,1,16,2,16,2
1766621419.096576,2830,1,16,2,16,2
1766621419.112970,2831,1,16,2,16,2
1766621419.129354,2832,1,17,2,17,2
1766621419.146236,2833,1,17,2,17,2
1766621419.163830,2834,1,17,2,17,2
1766621419.179760,2834,1,17,2,17,2
1766621419.197037,2835,1,17,2,17,2
1766621419.212473,2836,1,17,2,17,2
1766621419.229014,2837,1,17,2,17,2
1766621419.245249,2837,1,17,2,17,2
1766621419.261805,2838,1,17,2,17,2
1766621419.278358,2839,1,17,2,17,2
1766621419.294846,2840,1,17,2,17,2
1766621419.311057,2840,1,17,2,17,2
1766621419.327121,2841,1,17,2,17,2
1766621419.342821,2842,1,17,1,17,1
1766621419.359540,2842,1,17,1,17,1
1766621419.376444,2843,1,17,1,17,1
1766621419.393013,2844,1,17,1,17,1
1766621419.409370,2845,1,17,2,17,2
1766621419.425982,2845,1,17,2,17,2
1766621419.442182,2846,1,17,2,17,2
1766621419.458194,2847,1,17,2,17,2
1766621419.474828,2848,1,17,2,17,2
1766621419.490812,2848,1,17,2,17,2
1766621419.507366,2849,1,17,2,17,2
1766621419.523894,2850,1,17,2,17,2
1766621419.540499,2851,1,17,2,17,2
1766621419.556611,2851,1,17,2,17,2
1766621419.573858,2852,1,18,2,18,2
1766621419.590511,2853,1,18,2,18,2
1766621419.607108,2854,1,18,2,18,2
1766621419.622969,2854,1,18,2,18,2
1766621419.640577,2855,1,18,1,18,1
1766621419.656992,2856,1,18,1,18,1
1766621419.673069,2857,1,18,1,18,1
1766621419.688931,2858,1,18,1,18,1
1766621419.704982,2858,1,18,1,18,1
1766621419.721649,2859,1,18,2,18,2
1766621419.738228,2860,1,18,2,18,2
1766621419.754948,2861,1,18,2,18,2
1766621419.770860,2861,1,18,2,18,2
1766621419.788006,2862,1,18,2,18,2
1766621419.804327,2863,1,18,2,18,2
1766621419.820472,2863,1,18,2,18,2
1766621419.836429,2864,1,18,2,18,2
1766621419.853717,2865,1,18,2,18,2
1766621419.871583,2866,1,18,2,18,2
1766621419.888046,2867,1,18,2,18,2
1766621419.904637,2867,1,18,2,18,2
1766621419.921505,2868,1,17,2,17,2
1766621419.937721,2869,1,17,2,17,2
1766621419.954217,2870,1,17,2,17,2
1766621419.970805,2870,1,17,2,17,2
1766621419.986877,2871,1,17,2,17,2
1766621420.003469,2872,1,16,2,16,2
1766621420.019947,2873,1,16,2,16,2
1766621420.035969,2873,1,16,2,16,2
1766621420.052217,2874,1,16,2,16,2
1766621420.069050,2875,1,16,3,16,3
1766621420.085134,2876,1,16,3,16,3
1766621420.101243,2876,1,16,3,16,3
1766621420.118181,2877,1,16,3,16,3
1766621420.134048,2878,1,16,3,16,3
1766621420.150938,2879,1,16,3,16,3
1766621420.166624,2879,1,16,3,16,3
1766621420.182945,2880,1,16,2,16,2
1766621420.198855,2881,1,16,2,16,2
1766621420.215485,2881,1,16,2,16,2
1766621420.233057,2882,1,16,2,16,2
1766621420.249190,2883,1,15,2,15,2
1766621420.264741,2884,1,15,2,15,2
1766621420.281328,2885,1,15,2,15,2
1766621420.298333,2885,1,15,2,15,2
1766621420.314765,2886,1,15,2,15,2
1766621420.331561,2887,1,15,2,15,2
1766621420.347764,2888,1,15,2,15,2
1766621420.364287,2888,1,15,2,15,2
1766621420.381043,2889,1,15,2,15,2
1766621420.397782,2890,1,15,2,15,2
1766621420.414165,2891,1,15,2,15,2
1766621420.430423,2891,1,15,2,15,2
1766621420.447596,2892,1,15,2,15,2
1766621420.464711,2893,1,15,2,15,2
1766621420.480654,2894,1,15,1,15,1
1766621420.496609,2894,1,15,1,15,1
1766621420.512762,2895,1,15,1,15,1
1766621420.528903,2896,1,15,1,15,1
1766621420.544851,2896,1,15,1,15,1
1766621420.561604,2897,1,15,0,15,0
1766621420.578142,2898,1,15,0,15,0
1766621420.594100,2899,1,15,0,15,0
1766621420.609766,2899,1,15,0,15,0
1766621420.626595,2900,1,15,0,15,0
1766621420.643194,2901,1,15,0,15,0
1766621420.659201,2902,1,15,0,15,0
1766621420.675539,2902,1,15,0,15,0
1766621420.691521,2903,1,15,0,15,0
1766621420.708313,2904,1,15,0,15,0
1766621420.725002,2905,1,15,0,15,0
1766621420.741593,2905,1,15,0,15,0
1766621420.758833,2906,1,15,0,15,0
1766621420.774678,2907,1,15,0,15,0
1766621420.791192,2908,1,15,1,15,1
1766621420.807432,2908,1,15,1,15,1
1766621420.824325,2909,1,15,1,15,1
1766621420.840744,2910,1,15,1,15,1
1766621420.856613,2911,1,15,1,15,1
1766621420.873330,2911,1,15,1,15,1
1766621420.889995,2912,1,15,1,15,1
1766621420.906166,2913,1,16,1,16,1
1766621420.922465,2914,1,16,1,16,1
1766621420.938950,2914,1,16,1,16,1
1766621420.955090,2915,1,16,1,16,1
1766621420.971377,2916,1,16,0,16,0
1766621420.988166,2917,1,16,0,16,0
1766621421.004893,2918,1,16,0,16,0
1766621421.021202,2918,1,16,0,16,0
1766621421.038097,2919,1,16,0,16,0
1766621421.053484,2920,1,15,0,15,0
1766621421.070046,2920,1,15,0,15,0
1766621421.085691,2921,1,15,0,15,0
1766621421.102088,2922,1,15,0,15,0
1766621421.118360,2922,1,15,0,15,0
1766621421.134418,2923,1,15,0,15,0
1766621421.150877,2924,1,15,0,15,0
1766621421.166420,2925,1,15,0,15,0
1766621421.182880,2925,1,15,0,15,0
1766621421.199292,2926,1,15,0,15,0
1766621421.216150,2927,1,15,0,15,0
1766621421.232641,2928,1,15,0,15,0
1766621421.248374,2928,1,15,0,15,0
1766621421.265687,2929,1,15,1,15,1
1766621421.282231,2930,1,15,1,15,1
1766621421.303270,2931,1,15,1,15,1
1766621421.319523,2932,1,15,1,15,1
1766621421.336831,2932,1,15,1,15,1
1766621421.352989,2933,1,15,0,15,0
1766621421.368468,2934,1,15,0,15,0
1766621421.384802,2934,1,15,0,15,0
1766621421.401026,2935,1,15,0,15,0
1766621421.417636,2936,1,15,0,15,0
1766621421.435114,2937,1,16,0,16,0
1766621421.451546,2937,1,16,0,16,0
1766621421.468101,2938,1,16,0,16,0
1766621421.484349,2939,1,16,0,16,0
1766621421.501023,2940,1,16,0,16,0
1766621421.516371,2940,1,16,0,16,0
1766621421.533556,2941,1,16,0,16,0
1766621421.550436,2942,1,16,0,16,0
1766621421.567821,2943,1,16,0,16,0
1766621421.584368,2943,1,16,0,16,0
1766621421.601995,2944,1,16,1,16,1
1766621421.619211,2945,1,16,1,16,1
1766621421.636982,2946,1,17,1,17,1
1766621421.653171,2946,1,17,1,17,1
1766621421.669223,2947,1,17,1,17,1
1766621421.685826,2948,1,17,1,17,1
1766621421.703374,2949,1,17,1,17,1
1766621421.720446,2950,1,18,1,18,1
1766621421.736975,2950,1,18,1,18,1
1766621421.753783,2951,1,18,1,18,1
1766621421.769248,2952,1,18,1,18,1
1766621421.786353,2953,1,19,1,19,1
1766621421.803219,2953,1,19,1,19,1
1766621421.820906,2954,1,19,1,19,1
1766621421.837221,2955,1,19,1,19,1
1766621421.853984,2956,1,19,1,19,1
1766621421.869752,2956,1,19,1,19,1
1766621421.886477,2957,1,18,1,18,1
1766621421.903324,2958,1,18,1,18,1
1766621421.919632,2959,1,18,1,18,1
1766621421.935272,2959,1,18,1,18,1
1766621421.952900,2960,1,18,1,18,1
1766621421.969590,2961,1,18,1,18,1
1766621421.985809,2962,1,18,1,18,1
1766621422.002030,2962,1,18,1,18,1
1766621422.017704,2963,1,17,1,17,1
1766621422.034276,2964,1,17,1,17,1
1766621422.051688,2965,1,17,1,17,1
1766621422.068204,2965,1,17,1,17,1
1766621422.084781,2966,1,17,2,17,2
1766621422.101358,2967,1,17,2,17,2
1766621422.118965,2968,1,17,2,17,2
1766621422.134746,2968,1,17,2,17,2
1766621422.150370,2969,1,16,2,16,2
1766621422.167363,2970,1,16,2,16,2
1766621422.184310,2971,1,16,2,16,2
1766621422.201218,2972,1,15,2,15,2
1766621422.218640,2972,1,15,2,15,2
1766621422.235567,2973,1,15,2,15,2
1766621422.252347,2974,1,15,2,15,2
1766621422.269257,2975,1,15,2,15,2
1766621422.285800,2975,1,15,2,15,2
1766621422.302078,2976,1,15,3,15,3
1766621422.317718,2977,1,15,3,15,3
1766621422.333777,2978,1,14,3,14,3
1766621422.350278,2978,1,14,3,14,3
1766621422.367769,2979,1,14,3,14,3
1766621422.384017,2980,1,14,3,14,3
1766621422.401086,2981,1,14,3,14,3
1766621422.416763,2981,1,14,3,14,3
1766621422.432780,2982,1,15,3,15,3
1766621422.449098,2983,1,15,3,15,3
1766621422.465610,2984,1,15,3,15,3
1766621422.482158,2984,1,15,3,15,3
1766621422.499243,2985,1,15,3,15,3
1766621422.516247,2986,1,15,3,15,3
1766621422.533368,2987,1,15,3,15,3
1766621422.549932,2988,1,15,3,15,3
1766621422.565751,2988,1,15,3,15,3
1766621422.583100,2989,1,15,2,15,2
1766621422.599216,2990,1,15,2,15,2
1766621422.616395,2991,1,15,2,15,2
1766621422.632331,2991,1,15,2,15,2
1766621422.649203,2992,1,15,3,15,3
1766621422.665394,2993,1,15,3,15,3
1766621422.682612,2994,1,15,3,15,3
1766621422.700434,2994,1,15,3,15,3
1766621422.716545,2995,1,14,3,14,3
1766621422.732537,2996,1,14,3,14,3
1766621422.749992,2997,1,14,3,14,3
1766621422.766008,2997,1,14,3,14,3
1766621422.783537,2998,1,14,3,14,3
1766621422.799806,2999,1,14,3,14,3
1766621422.816525,3000,1,14,3,14,3
1766621422.832535,3000,1,14,3,14,3
1766621422.849373,3001,1,14,3,14,3
1766621422.866339,3002,1,15,3,15,3
1766621422.882853,3003,1,15,3,15,3
1766621422.899875,3004,1,15,3,15,3
1766621422.916624,3004,1,15,3,15,3
1766621422.933181,3005,1,15,3,15,3
1766621422.949379,3006,1,14,3,14,3
1766621422.965990,3007,1,14,3,14,3
1766621422.982260,3007,1,14,3,14,3
1766621422.999340,3008,1,14,3,14,3
1766621423.015658,3009,1,14,3,14,3
1766621423.031991,3010,1,14,3,14,3
1766621423.048052,3010,1,14,3,14,3
1766621423.064869,3011,1,14,3,14,3
1766621423.080484,3012,1,14,3,14,3
1766621423.096949,3013,1,14,3,14,3
1766621423.113617,3013,1,14,3,14,3
1766621423.131608,3014,1,14,3,14,3
1766621423.148549,3015,1,14,3,14,3
1766621423.164861,3016,1,14,3,14,3
1766621423.180408,3016,1,14,3,14,3
1766621423.198044,3017,1,14,3,14,3
1766621423.213686,3018,1,15,3,15,3
1766621423.231566,3019,1,15,3,15,3
1766621423.247870,3019,1,15,3,15,3
1766621423.263880,3020,1,15,3,15,3
1766621423.280495,3021,1,16,3,16,3
1766621423.297669,3022,1,16,3,16,3
1766621423.314392,3022,1,16,3,16,3
1766621423.330824,3023,1,16,3,16,3
1766621423.347707,3024,1,16,3,16,3
1766621423.365754,3025,1,16,4,16,4
1766621423.382422,3025,1,16,4,16,4
1766621423.399373,3026,1,16,4,16,4
1766621423.416143,3027,1,16,4,16,4
1766621423.432592,3028,1,16,4,16,4
1766621423.449392,3029,1,16,4,16,4
1766621423.465690,3029,1,16,4,16,4
1766621423.482640,3030,1,16,4,16,4
1766621423.499005,3031,1,16,4,16,4
1766621423.515436,3032,1,16,4,16,4
1766621423.532928,3032,1,16,4,16,4
1766621423.549293,3033,1,16,4,16,4
1766621423.565700,3034,1,16,3,16,3
1766621423.582072,3035,1,16,3,16,3
1766621423.598755,3035,1,16,3,16,3
1766621423.615706,3036,1,16,3,16,3
1766621423.631685,3037,1,16,4,16,4
1766621423.649244,3038,1,16,4,16,4
1766621423.665854,3038,1,16,4,16,4
1766621423.681573,3039,1,16,4,16,4
1766621423.699222,3040,1,16,4,16,4
1766621423.716283,3041,1,16,4,16,4
1766621423.733262,3041,1,16,4,16,4
1766621423.750560,3042,1,16,4,16,4
1766621423.766680,3043,1,16,4,16,4
1766621423.783605,3044,1,16,4,16,4
1766621423.800059,3044,1,16,4,16,4
1766621423.816018,3045,1,16,4,16,4
1766621423.831619,3046,1,16,4,16,4
1766621423.848403,3047,1,16,4,16,4
1766621423.865532,3047,1,16,4,16,4
1766621423.882570,3048,1,16,4,16,4
1766621423.899030,3049,1,16,4,16,4
1766621423.914868,3050,1,17,4,17,4
1766621423.931375,3050,1,17,4,17,4
1766621423.948113,3051,1,17,4,17,4
1766621423.963778,3052,1,17,4,17,4
1766621423.980313,3053,1,16,4,16,4
1766621423.998479,3053,1,16,4,16,4
1766621424.015066,3054,1,16,4,16,4
1766621424.031108,3055,1,16,4,16,4
1766621424.047925,3056,1,16,4,16,4
1766621424.063521,3056,1,16,4,16,4
1766621424.096858,3057,1,16,4,16,4
1766621424.211465,3058,1,16,4,16,4
1766621424.229086,3059,1,16,3,16,3
1766621424.246266,3059,1,16,3,16,3
1766621424.262535,3060,1,16,3,16,3
1766621424.280116,3061,1,16,4,16,4
1766621424.296591,3062,1,16,4,16,4
1766621424.313353,3063,1,16,4,16,4
1766621424.330738,3063,1,16,4,16,4
1766621424.347915,3064,1,16,4,16,4
1766621424.364835,3065,1,16,4,16,4
1766621424.381033,3066,1,16,4,16,4
1766621424.396616,3067,1,16,4,16,4
1766621424.413234,3067,1,16,4,16,4
1766621424.429277,3068,1,16,4,16,4
1766621424.445761,3069,1,16,4,16,4
1766621424.461843,3069,1,16,4,16,4
1766621424.478491,3070,1,16,4,16,4
1766621424.495615,3071,1,16,4,16,4
1766621424.511766,3071,1,16,4,16,4
1766621424.529122,3072,1,16,3,16,3
1766621424.544840,3073,1,16,3,16,3
1766621424.561583,3074,1,16,3,16,3
1766621424.577764,3074,1,16,3,16,3
1766621424.594796,3075,1,16,3,16,3
1766621424.610621,3076,1,15,3,15,3
1766621424.627424,3077,1,15,3,15,3
1766621424.643949,3077,1,15,3,15,3
1766621424.660508,3078,1,15,3,15,3
1766621424.677815,3079,1,15,2,15,2
1766621424.694262,3080,1,15,2,15,2
1766621424.710847,3080,1,15,2,15,2
1766621424.727551,3081,1,15,3,15,3
1766621424.744378,3082,1,15,3,15,3
1766621424.761111,3083,1,15,3,15,3
1766621424.777177,3083,1,15,3,15,3
1766621424.792730,3084,1,15,3,15,3
1766621424.808945,3085,1,15,3,15,3
1766621424.825824,3086,1,15,3,15,3
1766621424.842623,3086,1,15,3,15,3
1766621424.859392,3087,1,15,3,15,3
1766621424.876565,3088,1,15,3,15,3
1766621424.893363,3089,1,16,3,16,3
1766621424.909437,3089,1,16,3,16,3
1766621424.926050,3090,1,16,3,16,3
1766621424.942790,3091,1,16,3,16,3
1766621424.959006,3092,1,16,3,16,3
1766621424.975507,3092,1,16,3,16,3
1766621424.992362,3093,1,16,3,16,3
1766621425.009483,3094,1,16,3,16,3
1766621425.026224,3095,1,16,3,16,3
1766621425.044135,3095,1,16,3,16,3
1766621425.060518,3096,1,16,3,16,3
1766621425.077316,3097,1,16,3,16,3
1766621425.093746,3098,1,16,3,16,3
1766621425.110510,3098,1,16,3,16,3
1766621425.126815,3099,1,15,3,15,3
1766621425.143268,3100,1,15,3,15,3
1766621425.161150,3101,1,15,3,15,3
1766621425.176923,3101,1,15,3,15,3
1766621425.192682,3102,1,15,3,15,3
1766621425.208630,3103,1,15,3,15,3
1766621425.225399,3104,1,16,3,16,3
1766621425.242037,3104,1,16,3,16,3
1766621425.258320,3105,1,16,3,16,3
1766621425.274525,3106,1,16,3,16,3
1766621425.291391,3107,1,16,3,16,3
1766621425.308028,3107,1,16,3,16,3
1766621425.324664,3108,1,16,3,16,3
1766621425.341181,3109,1,16,3,16,3
1766621425.356752,3110,1,16,3,16,3
1766621425.373866,3110,1,16,3,16,3
1766621425.390479,3111,1,15,3,15,3
1766621425.407937,3112,1,15,3,15,3
1766621425.423474,3113,1,15,3,15,3
1766621425.440644,3114,1,15,2,15,2
1766621425.457269,3114,1,15,2,15,2
1766621425.474691,3115,1,15,2,15,2
1766621425.490719,3116,1,15,2,15,2
1766621425.506685,3116,1,15,2,15,2
1766621425.523001,3117,1,15,2,15,2
1766621425.540117,3118,1,15,2,15,2
1766621425.555704,3119,1,15,2,15,2
1766621425.571636,3119,1,15,2,15,2
1766621425.589249,3120,1,15,2,15,2
1766621425.607340,3121,1,15,2,15,2
1766621425.624370,3122,1,15,2,15,2
1766621425.641371,3122,1,15,2,15,2
1766621425.657696,3123,1,16,2,16,2
1766621425.674529,3124,1,16,2,16,2
1766621425.691917,3125,1,16,2,16,2
1766621425.708480,3125,1,16,2,16,2
1766621425.725269,3126,1,16,2,16,2
1766621425.742137,3127,1,16,1,16,1
1766621425.759104,3128,1,16,1,16,1
1766621425.776419,3128,1,16,1,16,1
1766621425.793848,3129,1,16,1,16,1
1766621425.810775,3130,1,16,1,16,1
1766621425.827535,3131,1,16,1,16,1
1766621425.844360,3131,1,16,1,16,1
1766621425.860595,3132,1,16,1,16,1
1766621425.877055,3133,1,17,1,17,1
1766621425.894325,3134,1,17,1,17,1
1766621425.911380,3135,1,17,1,17,1
1766621425.928491,3135,1,17,1,17,1
1766621425.944927,3136,1,17,2,17,2
1766621425.961666,3137,1,17,2,17,2
1766621425.978598,3138,1,18,2,18,2
1766621425.994320,3138,1,18,2,18,2
1766621426.011211,3139,1,18,2,18,2
1766621426.028392,3140,1,18,2,18,2
1766621426.045429,3141,1,18,2,18,2
1766621426.062411,3141,1,18,2,18,2
1766621426.079004,3142,1,17,2,17,2
1766621426.095407,3143,1,17,2,17,2
1766621426.113650,3144,1,17,2,17,2
1766621426.130682,3144,1,17,2,17,2
1766621426.147293,3145,1,17,2,17,2
1766621426.163732,3146,1,16,2,16,2
1766621426.179733,3147,1,16,2,16,2
1766621426.196778,3148,1,16,2,16,2
1766621426.212396,3148,1,16,2,16,2
1766621426.229012,3149,1,17,2,17,2
1766621426.245665,3150,1,17,2,17,2
1766621426.262975,3151,1,17,2,17,2
1766621426.279476,3151,1,17,2,17,2
1766621426.296208,3152,1,17,2,17,2
1766621426.314553,3153,1,16,2,16,2
1766621426.332099,3154,1,16,2,16,2
1766621426.348650,3154,1,16,2,16,2
1766621426.365390,3155,1,16,2,16,2
1766621426.382445,3156,1,16,1,16,1
1766621426.400195,3157,1,16,1,16,1
1766621426.416704,3157,1,16,1,16,1
1766621426.433705,3158,1,16,1,16,1
1766621426.451680,3159,1,16,1,16,1
1766621426.467743,3160,1,15,1,15,1
1766621426.484743,3160,1,15,1,15,1
1766621426.501435,3161,1,15,1,15,1
1766621426.517997,3162,1,16,1,16,1
1766621426.533679,3163,1,16,1,16,1
1766621426.550734,3163,1,16,1,16,1
1766621426.567892,3164,1,16,1,16,1
1766621426.584121,3165,1,16,1,16,1
1766621426.599317,3166,1,16,1,16,1
1766621426.616235,3166,1,16,1,16,1
1766621426.632746,3167,1,16,0,16,0
1766621426.650161,3168,1,16,0,16,0
1766621426.665416,3169,1,16,0,16,0
1766621426.682212,3169,1,16,0,16,0
1766621426.698330,3170,1,16,0,16,0
1766621426.715234,3171,1,17,0,17,0
1766621426.731990,3172,1,17,0,17,0
1766621426.748108,3172,1,17,0,17,0
1766621426.764018,3173,1,17,0,17,0
1766621426.780236,3174,1,16,0,16,0
1766621426.797481,3175,1,16,0,16,0
1766621426.814073,3175,1,16,0,16,0
1766621426.830441,3176,1,16,0,16,0
1766621426.847587,3177,1,16,1,16,1
1766621426.864733,3178,1,16,1,16,1
1766621426.880925,3178,1,16,1,16,1
1766621426.897159,3179,1,16,1,16,1
1766621426.914024,3180,1,16,2,16,2
1766621426.930538,3181,1,16,2,16,2
1766621426.946848,3181,1,16,2,16,2
1766621426.963463,3182,1,16,2,16,2
1766621426.979449,3183,1,17,2,17,2
1766621426.995797,3184,1,17,2,17,2
1766621427.011549,3184,1,17,2,17,2
1766621427.028177,3185,1,17,2,17,2
1766621427.044394,3186,1,17,2,17,2
1766621427.061242,3187,1,18,2,18,2
1766621427.077911,3187,1,18,2,18,2
1766621427.093686,3188,1,18,2,18,2
1766621427.110846,3189,1,18,2,18,2
1766621427.127461,3190,1,17,2,17,2
1766621427.144414,3190,1,17,2,17,2
1766621427.161137,3191,1,17,2,17,2
1766621427.178612,3192,1,17,2,17,2
1766621427.194731,3193,1,17,2,17,2
1766621427.211410,3193,1,17,2,17,2
1766621427.228282,3194,1,17,2,17,2
1766621427.245849,3195,1,17,2,17,2
1766621427.262089,3196,1,17,2,17,2
1766621427.279428,3197,1,17,2,17,2
1766621427.296074,3197,1,17,2,17,2
1766621427.312636,3198,1,17,2,17,2
1766621427.329248,3199,1,17,2,17,2
1766621427.345740,3199,1,17,2,17,2
1766621427.362348,3200,1,17,2,17,2
1766621427.379924,3201,1,17,2,17,2
1766621427.395821,3202,1,17,2,17,2
1766621427.411542,3203,1,17,2,17,2
1766621427.428208,3203,1,17,2,17,2
1766621427.443670,3204,1,17,2,17,2
1766621427.460483,3205,1,17,2,17,2
1766621427.478340,3206,1,17,2,17,2
1766621427.494447,3206,1,17,2,17,2
1766621427.511277,3207,1,17,2,17,2
1766621427.527607,3208,1,17,2,17,2
1766621427.543519,3208,1,17,2,17,2
1766621427.559624,3209,1,16,2,16,2
1766621427.576123,3210,1,16,2,16,2
1766621427.591537,3211,1,16,2,16,2
1766621427.607874,3211,1,16,2,16,2
1766621427.624130,3212,1,16,2,16,2
1766621427.640103,3213,1,15,2,15,2
1766621427.655576,3213,1,15,2,15,2
1766621427.672789,3214,1,15,2,15,2
1766621427.688960,3215,1,15,2,15,2
1766621427.704589,3216,1,16,2,16,2
1766621427.722036,3216,1,16,2,16,2
1766621427.737442,3217,1,16,2,16,2
1766621427.753804,3218,1,16,2,16,2
1766621427.770587,3219,1,16,2,16,2
1766621427.786706,3219,1,16,2,16,2
1766621427.803596,3220,1,16,3,16,3
1766621427.820717,3221,1,16,3,16,3
1766621427.837533,3222,1,16,3,16,3
1766621427.855274,3222,1,16,3,16,3
1766621427.872127,3223,1,16,3,16,3
1766621427.888348,3224,1,15,3,15,3
1766621427.905869,3225,1,15,3,15,3
1766621427.922310,3226,1,15,3,15,3
1766621427.939235,3226,1,15,3,15,3
1766621427.955911,3227,1,15,2,15,2
1766621427.973006,3228,1,15,2,15,2
1766621427.988484,3229,1,15,2,15,2
1766621428.005687,3229,1,15,2,15,2
1766621428.022357,3230,1,15,2,15,2
1766621428.039094,3231,1,15,3,15,3
1766621428.055256,3232,1,15,3,15,3
1766621428.071773,3232,1,15,3,15,3
1766621428.087811,3233,1,15,3,15,3
1766621428.104039,3234,1,15,3,15,3
1766621428.120709,3235,1,15,3,15,3
1766621428.137071,3235,1,15,3,15,3
1766621428.153561,3236,1,15,3,15,3
1766621428.170832,3237,1,16,3,16,3
1766621428.187062,3238,1,16,3,16,3
1766621428.216462,3239,1,16,3,16,3
1766621428.233698,3239,1,16,3,16,3
1766621428.250428,3240,1,16,3,16,3
1766621428.267336,3241,1,16,3,16,3
1766621428.284157,3242,1,16,3,16,3
1766621428.300138,3242,1,16,3,16,3
1766621428.316264,3243,1,15,3,15,3
1766621428.333344,3244,1,15,3,15,3
1766621428.350634,3245,1,15,3,15,3
1766621428.367942,3245,1,15,3,15,3
1766621428.383728,3246,1,15,3,15,3
1766621428.400915,3247,1,15,3,15,3
1766621428.417803,3248,1,15,3,15,3
1766621428.434134,3249,1,15,3,15,3
1766621428.450779,3249,1,15,3,15,3
1766621428.466868,3250,1,15,3,15,3
1766621428.482485,3251,1,15,2,15,2
1766621428.499227,3252,1,15,2,15,2
1766621428.516603,3252,1,15,2,15,2
1766621428.534185,3253,1,15,2,15,2
1766621428.550875,3254,1,15,2,15,2
1766621428.567492,3255,1,15,3,15,3
1766621428.584170,3255,1,15,3,15,3
1766621428.600436,3256,1,15,3,15,3
1766621428.616540,3257,1,15,3,15,3
1766621428.633364,3258,1,16,3,16,3
1766621428.650563,3258,1,16,3,16,3
1766621428.667002,3259,1,16,3,16,3
1766621428.682835,3260,1,16,3,16,3
1766621428.698766,3261,1,16,3,16,3
1766621428.714670,3261,1,16,3,16,3
1766621428.731284,3262,1,16,2,16,2
1766621428.748546,3263,1,16,2,16,2
1766621428.765211,3264,1,16,2,16,2
1766621428.782404,3264,1,16,2,16,2
1766621428.799460,3265,1,17,2,17,2
1766621428.815967,3266,1,17,2,17,2
1766621428.832183,3267,1,17,2,17,2
1766621428.849340,3267,1,17,2,17,2
1766621428.866403,3268,1,17,1,17,1
1766621428.883362,3269,1,17,1,17,1
1766621428.900814,3270,1,17,1,17,1
1766621428.916547,3270,1,17,1,17,1
1766621428.934369,3271,1,17,1,17,1
1766621428.951124,3272,1,17,1,17,1
1766621428.967540,3273,1,17,1,17,1
1766621428.984939,3273,1,17,1,17,1
1766621429.000577,3274,1,17,1,17,1
1766621429.017674,3275,1,17,1,17,1
1766621429.034452,3276,1,17,1,17,1
1766621429.051243,3276,1,17,1,17,1
1766621429.068616,3277,1,17,1,17,1
1766621429.085698,3278,1,17,1,17,1
1766621429.102515,3279,1,17,1,17,1
1766621429.119508,3280,1,17,2,17,2
1766621429.135949,3280,1,17,2,17,2
1766621429.152434,3281,1,17,2,17,2
1766621429.169492,3282,1,17,2,17,2
1766621429.186783,3283,1,17,2,17,2
1766621429.203075,3283,1,17,2,17,2
1766621429.219099,3284,1,17,2,17,2
1766621429.236021,3285,1,17,2,17,2
1766621429.252383,3286,1,17,2,17,2
1766621429.269204,3286,1,17,2,17,2
1766621429.286802,3287,1,17,2,17,2
1766621429.302932,3288,1,17,2,17,2
1766621429.318592,3289,1,18,2,18,2
1766621429.335907,3289,1,18,2,18,2
1766621429.352671,3290,1,18,2,18,2
1766621429.370742,3291,1,18,2,18,2
1766621429.386633,3292,1,18,2,18,2
1766621429.404385,3293,1,18,2,18,2
1766621429.421800,3293,1,18,2,18,2
1766621429.437835,3294,1,18,2,18,2
1766621429.454405,3295,1,18,2,18,2
1766621429.472012,3296,1,18,3,18,3
1766621429.489096,3296,1,18,3,18,3
1766621429.506918,3297,1,18,3,18,3
1766621429.523494,3297,1,18,3,18,3
1766621429.540569,3299,1,18,4,18,4
1766621429.558341,3299,1,18,4,18,4
1766621429.575873,3300,1,18,4,18,4
1766621429.592372,3301,1,17,4,17,4
1766621429.609539,3302,1,17,4,17,4
1766621429.626005,3302,1,17,4,17,4
1766621429.642714,3303,1,17,4,17,4
1766621429.659271,3304,1,17,4,17,4
1766621429.676464,3305,1,17,4,17,4
1766621429.693620,3305,1,17,4,17,4
1766621429.710173,3306,1,17,4,17,4
1766621429.726738,3307,1,17,4,17,4
1766621429.742977,3308,1,16,4,16,4
1766621429.759444,3308,1,16,4,16,4
1766621429.776222,3309,1,16,4,16,4
1766621429.793946,3310,1,16,4,16,4
1766621429.810346,3311,1,16,4,16,4
1766621429.827432,3312,1,16,4,16,4
1766621429.845210,3312,1,16,4,16,4
1766621429.862125,3313,1,16,4,16,4
1766621429.878580,3314,1,16,4,16,4
1766621429.895720,3315,1,16,4,16,4
1766621429.911469,3315,1,16,4,16,4
1766621429.927920,3316,1,16,3,16,3
1766621429.944814,3317,1,16,3,16,3
1766621429.960831,3318,1,16,3,16,3
1766621429.977470,3318,1,16,3,16,3
1766621429.994391,3319,1,16,3,16,3
1766621430.010523,3320,1,16,4,16,4
1766621430.026394,3321,1,16,4,16,4
1766621430.042700,3321,1,16,4,16,4
1766621430.058606,3322,1,16,4,16,4
1766621430.075913,3323,1,17,4,17,4
1766621430.091549,3324,1,17,4,17,4
1766621430.108275,3324,1,17,4,17,4
1766621430.124644,3325,1,17,4,17,4
1766621430.141284,3326,1,17,4,17,4
1766621430.157501,3327,1,17,4,17,4
1766621430.175078,3327,1,17,4,17,4
1766621430.191844,3328,1,17,4,17,4
1766621430.208174,3329,1,17,4,17,4
1766621430.223859,3330,1,17,5,17,5
1766621430.240155,3330,1,17,5,17,5
1766621430.256444,3331,1,17,5,17,5
1766621430.273181,3332,1,17,5,17,5
1766621430.290220,3333,1,17,5,17,5
1766621430.306772,3333,1,17,5,17,5
1766621430.322355,3334,1,17,5,17,5
1766621430.339403,3335,1,17,5,17,5
1766621430.357477,3336,1,17,6,17,6
1766621430.374606,3337,1,17,6,17,6
1766621430.391184,3337,1,17,6,17,6
1766621430.408277,3338,1,17,6,17,6
1766621430.425046,3339,1,17,6,17,6
1766621430.441328,3340,1,17,6,17,6
1766621430.458853,3340,1,17,6,17,6
1766621430.474567,3341,1,17,6,17,6
1766621430.491187,3342,1,17,6,17,6
1766621430.506897,3343,1,17,6,17,6
1766621430.523931,3343,1,17,6,17,6
1766621430.540771,3344,1,17,6,17,6
1766621430.557317,3345,1,18,6,18,6
1766621430.574421,3346,1,18,6,18,6
1766621430.590956,3346,1,18,6,18,6
1766621430.607529,3347,1,18,6,18,6
1766621430.624600,3348,1,18,6,18,6
1766621430.640692,3349,1,18,6,18,6
1766621430.657743,3349,1,18,6,18,6
1766621430.673812,3350,1,18,6,18,6
1766621430.689418,3351,1,18,6,18,6
1766621430.706486,3352,1,17,6,17,6
1766621430.723042,3352,1,17,6,17,6
1766621430.739128,3353,1,17,6,17,6
1766621430.755160,3354,1,17,6,17,6
1766621430.772196,3355,1,17,6,17,6
1766621430.789315,3355,1,17,6,17,6
1766621430.805551,3356,1,17,6,17,6
1766621430.822093,3357,1,17,5,17,5
1766621430.838382,3358,1,17,5,17,5
1766621430.855133,3358,1,17,5,17,5
1766621430.871988,3359,1,17,5,17,5
1766621430.888670,3360,1,17,5,17,5
1766621430.905402,3360,1,17,5,17,5
1766621430.922281,3361,1,17,6,17,6
1766621430.939340,3362,1,17,6,17,6
1766621430.956222,3363,1,17,6,17,6
1766621430.973866,3364,1,17,6,17,6
1766621430.990737,3364,1,17,6,17,6
1766621431.007945,3365,1,17,6,17,6
1766621431.024561,3366,1,17,6,17,6
1766621431.041017,3367,1,17,6,17,6
1766621431.057136,3367,1,17,6,17,6
1766621431.073035,3368,1,18,6,18,6
1766621431.089552,3369,1,18,6,18,6
1766621431.106896,3370,1,18,6,18,6
1766621431.123173,3370,1,18,6,18,6
1766621431.140425,3371,1,17,6,17,6
1766621431.157129,3372,1,17,6,17,6
1766621431.173454,3373,1,17,6,17,6
1766621431.190447,3373,1,17,6,17,6
1766621431.206580,3374,1,17,6,17,6
1766621431.222977,3375,1,17,6,17,6
1766621431.239509,3376,1,17,6,17,6
1766621431.256017,3376,1,17,6,17,6
1766621431.272837,3377,1,17,6,17,6
1766621431.288910,3378,1,17,6,17,6
1766621431.304614,3379,1,18,6,18,6
1766621431.320532,3379,1,18,6,18,6
1766621431.336864,3380,1,18,6,18,6
1766621431.354003,3381,1,18,6,18,6
1766621431.370660,3382,1,18,6,18,6
1766621431.387935,3383,1,17,6,17,6
1766621431.403874,3383,1,17,6,17,6
1766621431.420521,3384,1,17,6,17,6
1766621431.437291,3385,1,17,5,17,5
1766621431.454367,3386,1,17,5,17,5
1766621431.471117,3386,1,17,5,17,5
1766621431.487904,3387,1,17,5,17,5
1766621431.516784,3388,1,17,5,17,5
1766621431.532424,3389,1,17,5,17,5
1766621431.549457,3390,1,17,5,17,5
1766621431.566606,3390,1,17,5,17,5
1766621431.584112,3391,1,17,5,17,5
1766621431.600247,3392,1,17,5,17,5
1766621431.618061,3393,1,17,5,17,5
1766621431.635087,3393,1,17,5,17,5
1766621431.650963,3394,1,17,5,17,5
1766621431.666934,3395,1,17,5,17,5
1766621431.683616,3396,1,17,5,17,5
1766621431.699554,3396,1,17,5,17,5
1766621431.716089,3397,1,17,5,17,5
1766621431.733389,3398,1,17,5,17,5
1766621431.749604,3399,1,17,5,17,5
1766621431.765663,3399,1,17,5,17,5
1766621431.781876,3400,1,17,5,17,5
1766621431.798584,3401,1,17,5,17,5
1766621431.816247,3402,1,17,5,17,5
1766621431.834044,3402,1,17,5,17,5
1766621431.849602,3403,1,17,5,17,5
1766621431.865626,3404,1,17,6,17,6
1766621431.882658,3405,1,17,6,17,6
1766621431.899531,3405,1,17,6,17,6
1766621431.916154,3406,1,17,6,17,6
1766621431.932260,3407,1,17,6,17,6
1766621431.971217,3408,1,17,6,17,6
1766621431.987668,3409,1,17,6,17,6
1766621432.004992,3410,1,17,6,17,6
1766621432.021235,3410,1,17,6,17,6
1766621432.037435,3411,1,17,6,17,6
1766621432.053606,3412,1,17,6,17,6
1766621432.070640,3413,1,17,6,17,6
1766621432.087724,3413,1,17,6,17,6
1766621432.103417,3414,1,18,6,18,6
1766621432.120247,3415,1,18,6,18,6
1766621432.137574,3416,1,18,6,18,6
1766621432.154867,3416,1,18,6,18,6
1766621432.170592,3417,1,18,6,18,6
1766621432.188572,3418,1,18,6,18,6
1766621432.205345,3419,1,18,6,18,6
1766621432.222183,3420,1,18,6,18,6
1766621432.239677,3420,1,18,6,18,6
1766621432.256269,3421,1,18,6,18,6
1766621432.273427,3422,1,18,6,18,6
1766621432.289507,3423,1,18,6,18,6
1766621432.306456,3423,1,18,6,18,6
1766621432.322672,3424,1,18,6,18,6
1766621432.339561,3425,1,18,6,18,6
1766621432.356245,3426,1,18,6,18,6
1766621432.373264,3426,1,18,6,18,6
1766621432.389636,3427,1,18,6,18,6
1766621432.405745,3428,1,18,6,18,6
1766621432.422383,3429,1,18,6,18,6
1766621432.439266,3430,1,18,6,18,6
1766621432.455912,3430,1,18,6,18,6
1766621432.472620,3431,1,17,6,17,6
1766621432.489383,3432,1,17,6,17,6
1766621432.505800,3433,1,17,6,17,6
1766621432.522936,3433,1,17,6,17,6
1766621432.539515,3434,1,17,6,17,6
1766621432.556824,3435,1,18,6,18,6
1766621432.573861,3436,1,18,6,18,6
1766621432.590565,3436,1,18,6,18,6
1766621432.607051,3437,1,18,6,18,6
1766621432.623424,3438,1,18,6,18,6
1766621432.639619,3439,1,18,7,18,7
1766621432.655777,3439,1,18,7,18,7
1766621432.672447,3440,1,18,7,18,7
1766621432.689178,3441,1,18,7,18,7
1766621432.705882,3442,1,18,7,18,7
1766621432.722355,3442,1,18,7,18,7
1766621432.740504,3443,1,18,7,18,7
1766621432.757247,3444,1,18,7,18,7
1766621432.773631,3445,1,18,7,18,7
1766621432.790372,3445,1,18,7,18,7
1766621432.806990,3446,1,18,7,18,7
1766621432.823148,3447,1,18,7,18,7
1766621432.839252,3448,1,18,7,18,7
1766621432.856426,3448,1,18,7,18,7
1766621432.873579,3449,1,18,7,18,7
1766621432.890723,3450,1,18,8,18,8
1766621432.906627,3451,1,18,8,18,8
1766621432.923158,3451,1,18,8,18,8
1766621432.939742,3452,1,18,8,18,8
1766621432.955387,3453,1,18,8,18,8
1766621432.971988,3454,1,18,9,18,9
1766621432.987739,3454,1,18,9,18,9
1766621433.004509,3455,1,18,9,18,9
1766621433.021212,3456,1,18,9,18,9
1766621433.038117,3456,1,18,9,18,9
1766621433.056562,3457,1,18,9,18,9
1766621433.073899,3458,1,18,9,18,9
1766621433.089665,3459,1,18,9,18,9
1766621433.106309,3460,1,18,9,18,9
1766621433.122930,3460,1,18,9,18,9
1766621433.139538,3461,1,18,9,18,9
1766621433.156125,3462,1,19,9,19,9
1766621433.171999,3463,1,19,9,19,9
1766621433.188467,3463,1,19,9,19,9
1766621433.205379,3464,1,19,10,19,10
1766621433.222985,3465,1,19,10,19,10
1766621433.240190,3466,1,19,10,19,10
1766621433.256029,3466,1,19,10,19,10
1766621433.271469,3467,1,19,11,19,11
1766621433.288001,3468,1,19,11,19,11
1766621433.304461,3469,1,19,11,19,11
1766621433.322068,3469,1,19,11,19,11
1766621433.338071,3470,1,19,11,19,11
1766621433.353546,3471,1,19,11,19,11
1766621433.370215,3472,1,19,11,19,11
1766621433.387507,3472,1,19,11,19,11
1766621433.404555,3473,1,19,11,19,11
1766621433.420967,3474,1,19,11,19,11
1766621433.436957,3475,1,19,11,19,11
1766621433.453168,3475,1,19,11,19,11
1766621433.469112,3476,1,19,11,19,11
1766621433.484861,3477,1,19,11,19,11
1766621433.501668,3478,1,19,10,19,10
1766621433.519378,3478,1,19,10,19,10
1766621433.536065,3479,1,19,10,19,10
1766621433.552990,3480,1,19,10,19,10
1766621433.569546,3481,1,19,10,19,10
1766621433.585803,3481,1,19,10,19,10
1766621433.601597,3482,1,18,10,18,10
1766621433.618117,3483,1,18,10,18,10
1766621433.634589,3484,1,18,10,18,10
1766621433.651471,3484,1,18,10,18,10
1766621433.668625,3485,1,19,10,19,10
1766621433.685249,3486,1,19,10,19,10
1766621433.701649,3487,1,19,11,19,11
1766621433.718135,3487,1,19,11,19,11
1766621433.734030,3488,1,19,11,19,11
1766621433.750510,3489,1,19,11,19,11
1766621433.766562,3490,1,18,11,18,11
1766621433.782921,3490,1,18,11,18,11
1766621433.798754,3491,1,18,11,18,11
1766621433.814959,3492,1,18,11,18,11
1766621433.830672,3492,1,18,11,18,11
1766621433.846820,3493,1,19,11,19,11
1766621433.863191,3494,1,19,11,19,11
1766621433.879123,3495,1,18,11,18,11
1766621433.895556,3495,1,18,11,18,11
1766621433.912455,3496,1,18,11,18,11
1766621433.929499,3497,1,18,11,18,11
1766621433.946239,3498,1,18,11,18,11
1766621433.963216,3498,1,18,11,18,11
1766621433.979313,3499,1,18,11,18,11
1766621433.996689,3500,1,18,11,18,11
1766621434.012955,3501,1,18,11,18,11
1766621434.029478,3501,1,18,11,18,11
1766621434.045968,3502,1,18,10,18,10
1766621434.062555,3503,1,18,10,18,10
1766621434.079368,3504,1,18,10,18,10
1766621434.096719,3504,1,18,10,18,10
1766621434.113675,3505,1,18,9,18,9
1766621434.130603,3506,1,18,9,18,9
1766621434.147246,3507,1,18,9,18,9
1766621434.163548,3507,1,18,9,18,9
1766621434.181051,3508,1,18,9,18,9
1766621434.196424,3509,1,18,9,18,9
1766621434.213236,3510,1,18,9,18,9
1766621434.230779,3511,1,18,9,18,9
1766621434.247073,3511,1,18,9,18,9
1766621434.262515,3512,1,18,9,18,9
1766621434.278853,3513,1,18,9,18,9
1766621434.295080,3513,1,18,9,18,9
1766621434.310671,3514,1,18,9,18,9
1766621434.327394,3515,1,18,9,18,9
1766621434.344309,3516,1,18,9,18,9
1766621434.361575,3516,1,18,9,18,9
1766621434.378966,3517,1,18,9,18,9
1766621434.395201,3518,1,18,9,18,9
1766621434.411889,3519,1,18,8,18,8
1766621434.429415,3520,1,18,8,18,8
1766621434.446273,3520,1,18,8,18,8
1766621434.462813,3521,1,19,8,19,8
1766621434.478642,3522,1,19,8,19,8
1766621434.495169,3523,1,19,8,19,8
1766621434.510890,3523,1,19,8,19,8
1766621434.528008,3524,1,18,8,18,8
1766621434.544461,3525,1,18,8,18,8
1766621434.561591,3526,1,18,8,18,8
1766621434.578307,3526,1,18,8,18,8
1766621434.595736,3527,1,18,8,18,8
1766621434.611768,3528,1,17,8,17,8
1766621434.628761,3529,1,17,8,17,8
1766621434.645170,3529,1,17,8,17,8
1766621434.661985,3530,1,17,8,17,8
1766621434.678648,3531,1,16,8,16,8
1766621434.694755,3531,1,16,8,16,8
1766621434.711349,3532,1,16,8,16,8
1766621434.727606,3533,1,16,8,16,8
1766621434.743922,3534,1,16,8,16,8
1766621434.761117,3534,1,16,8,16,8
1766621434.776782,3535,1,16,8,16,8
1766621434.792393,3536,1,15,8,15,8
1766621434.809443,3537,1,15,8,15,8
1766621434.826476,3537,1,15,8,15,8
1766621434.842584,3538,1,15,8,15,8
1766621434.858595,3539,1,16,8,16,8
1766621434.874463,3540,1,16,8,16,8
1766621434.890535,3540,1,16,8,16,8
1766621434.907916,3541,1,16,8,16,8
1766621434.924878,3542,1,16,8,16,8
1766621434.941492,3543,1,16,8,16,8
1766621434.959073,3544,1,16,9,16,9
1766621434.975290,3544,1,16,9,16,9
1766621434.992695,3545,1,16,9,16,9
1766621435.009880,3546,1,16,9,16,9
1766621435.026187,3547,1,16,8,16,8
1766621435.042319,3547,1,16,8,16,8
1766621435.059353,3548,1,16,8,16,8
1766621435.076048,3549,1,16,8,16,8
1766621435.091567,3550,1,16,7,16,7
1766621435.108691,3550,1,16,7,16,7
1766621435.125316,3551,1,16,7,16,7
1766621435.142119,3552,1,16,7,16,7
1766621435.158355,3553,1,15,7,15,7
1766621435.175781,3554,1,15,7,15,7
1766621435.192687,3554,1,15,7,15,7
1766621435.209385,3555,1,15,7,15,7
1766621435.225424,3556,1,14,7,14,7
1766621435.241997,3557,1,14,7,14,7
1766621435.257647,3557,1,14,7,14,7
1766621435.274839,3558,1,14,7,14,7
1766621435.291334,3559,1,14,7,14,7
1766621435.308643,3560,1,14,8,14,8
1766621435.324993,3560,1,14,8,14,8
1766621435.341678,3561,1,14,8,14,8
1766621435.359318,3562,1,14,8,14,8
1766621435.376385,3563,1,14,8,14,8
1766621435.393815,3564,1,14,8,14,8
1766621435.410930,3564,1,14,8,14,8
1766621435.427242,3565,1,14,7,14,7
1766621435.444499,3566,1,14,7,14,7
1766621435.461046,3567,1,14,7,14,7
1766621435.476228,3567,1,14,7,14,7
1766621435.494356,3568,1,13,7,13,7
1766621435.511031,3569,1,13,7,13,7
1766621435.526864,3570,1,13,7,13,7
1766621435.543280,3570,1,13,7,13,7
1766621435.561068,3571,1,13,6,13,6
1766621435.576528,3572,1,13,6,13,6
1766621435.593442,3573,1,13,6,13,6
1766621435.610255,3574,1,13,6,13,6
1766621435.627777,3574,1,13,6,13,6
1766621435.644393,3574,1,13,6,13,6
1766621435.661331,3575,1,13,5,13,5
1766621435.678294,3576,1,13,5,13,5
1766621435.694913,3576,1,13,5,13,5
1766621435.712194,3577,1,13,5,13,5
1766621435.729125,3578,1,14,5,14,5
1766621435.745358,3579,1,14,5,14,5
1766621435.762435,3579,1,14,5,14,5
1766621435.778978,3580,1,14,5,14,5
1766621435.795178,3581,1,14,5,14,5
1766621435.812087,3582,1,15,5,15,5
1766621435.827624,3582,1,15,5,15,5
1766621435.844859,3583,1,15,5,15,5
1766621435.861217,3584,1,15,5,15,5
1766621435.878273,3585,1,15,5,15,5
1766621435.895448,3585,1,15,5,15,5
1766621435.911593,3586,1,15,5,15,5
1766621435.927577,3587,1,14,5,14,5
1766621435.944379,3588,1,14,5,14,5
1766621435.960308,3588,1,14,5,14,5
1766621435.977420,3589,1,14,5,14,5
1766621435.994125,3590,1,14,5,14,5
1766621436.011021,3591,1,14,6,14,6
1766621436.026695,3591,1,14,6,14,6
1766621436.043954,3592,1,14,6,14,6
1766621436.059946,3593,1,14,6,14,6
1766621436.075903,3593,1,14,6,14,6
1766621436.092002,3594,1,14,6,14,6
1766621436.108501,3595,1,14,6,14,6
1766621436.125303,3596,1,13,6,13,6
1766621436.141444,3596,1,13,6,13,6
1766621436.158131,3597,1,13,6,13,6
1766621436.174346,3598,1,13,6,13,6
1766621436.191357,3599,1,13,6,13,6
1766621436.207894,3599,1,13,6,13,6
1766621436.223942,3600,1,13,6,13,6
1766621436.239650,3601,1,13,6,13,6
1766621436.256325,3602,1,13,6,13,6
1766621436.273327,3603,1,13,6,13,6
1766621436.289873,3603,1,13,6,13,6
1766621436.307392,3604,1,13,6,13,6
1766621436.323685,3605,1,13,6,13,6
1766621436.345481,3605,1,13,6,13,6
1766621436.362719,3606,1,13,5,13,5
1766621436.379492,3607,1,13,5,13,5
1766621436.396610,3608,1,13,5,13,5
1766621436.413166,3609,1,13,5,13,5
1766621436.430267,3609,1,13,5,13,5
1766621436.447270,3610,1,13,5,13,5
1766621436.465398,3611,1,13,5,13,5
1766621436.482167,3612,1,13,5,13,5
1766621436.499568,3613,1,13,4,13,4
1766621436.516076,3613,1,13,4,13,4
1766621436.531764,3614,1,13,4,13,4
1766621436.548754,3615,1,13,4,13,4
1766621436.565222,3616,1,13,4,13,4
1766621436.582236,3616,1,13,4,13,4
1766621436.601605,3617,1,12,4,12,4
1766621436.619199,3618,1,12,4,12,4
1766621436.635894,3619,1,12,4,12,4
1766621436.652972,3620,1,12,5,12,5
1766621436.669495,3620,1,12,5,12,5
1766621436.686634,3621,1,12,5,12,5
1766621436.702834,3622,1,12,5,12,5
1766621436.719605,3623,1,12,5,12,5
1766621436.736482,3623,1,12,5,12,5
1766621436.753165,3624,1,12,5,12,5
1766621436.769741,3625,1,12,5,12,5
1766621436.788100,3626,1,12,4,12,4
1766621436.804584,3626,1,12,4,12,4
1766621436.820884,3627,1,12,4,12,4
1766621436.837734,3628,1,12,4,12,4
1766621436.853657,3629,1,12,5,12,5
1766621436.870632,3629,1,12,5,12,5
1766621436.887542,3630,1,12,5,12,5
1766621436.905268,3631,1,12,5,12,5
1766621436.922800,3632,1,12,5,12,5
1766621436.939023,3632,1,12,5,12,5
1766621436.955063,3633,1,12,4,12,4
1766621436.970682,3634,1,12,4,12,4
1766621436.987429,3635,1,12,4,12,4
1766621437.004620,3635,1,12,4,12,4
1766621437.021189,3636,1,12,4,12,4
1766621437.037697,3637,1,13,4,13,4
1766621437.053972,3638,1,13,4,13,4
1766621437.070789,3638,1,13,4,13,4
1766621437.087271,3639,1,12,4,12,4
1766621437.104987,3640,1,12,4,12,4
1766621437.121140,3641,1,12,4,12,4
1766621437.137167,3641,1,12,4,12,4
1766621437.153255,3642,1,12,5,12,5
1766621437.170115,3643,1,12,5,12,5
1766621437.186362,3644,1,12,5,12,5
1766621437.202264,3644,1,12,5,12,5
1766621437.218702,3645,1,12,4,12,4
1766621437.235454,3646,1,12,4,12,4
1766621437.252004,3647,1,12,4,12,4
1766621437.267501,3648,1,12,4,12,4
1766621437.284050,3648,1,12,4,12,4
1766621437.300724,3649,1,12,4,12,4
1766621437.317648,3650,1,12,4,12,4
1766621437.333776,3651,1,12,4,12,4
1766621437.350282,3651,1,12,4,12,4
1766621437.366759,3652,1,12,4,12,4
1766621437.384013,3653,1,12,4,12,4
1766621437.400607,3654,1,12,4,12,4
1766621437.417181,3654,1,12,4,12,4
1766621437.433789,3655,1,12,4,12,4
1766621437.450225,3656,1,12,4,12,4
1766621437.467682,3657,1,12,4,12,4
1766621437.483383,3657,1,12,4,12,4
1766621437.499759,3658,1,12,4,12,4
1766621437.515620,3659,1,13,4,13,4
1766621437.532773,3660,1,13,4,13,4
1766621437.549012,3660,1,13,4,13,4
1766621437.564897,3661,1,13,4,13,4
1766621437.580552,3662,1,13,4,13,4
1766621437.597360,3663,1,13,4,13,4
1766621437.614478,3663,1,13,4,13,4
1766621437.630871,3664,1,13,4,13,4
1766621437.647856,3665,1,13,4,13,4
1766621437.664392,3666,1,13,4,13,4
1766621437.681465,3666,1,13,4,13,4
1766621437.697675,3667,1,13,4,13,4
1766621437.715019,3668,1,13,4,13,4
1766621437.730739,3669,1,13,4,13,4
1766621437.746959,3669,1,13,4,13,4
1766621437.762541,3670,1,13,5,13,5
1766621437.779126,3671,1,13,5,13,5
1766621437.794868,3672,1,13,5,13,5
1766621437.810733,3672,1,13,5,13,5
1766621437.826617,3673,1,13,5,13,5
1766621437.842973,3674,1,12,5,12,5
1766621437.860338,3675,1,12,5,12,5
1766621437.877006,3675,1,12,5,12,5
1766621437.894272,3676,1,12,5,12,5
1766621437.910815,3677,1,13,5,13,5
1766621437.926719,3678,1,13,5,13,5
1766621437.943384,3678,1,13,5,13,5
1766621437.959391,3679,1,13,5,13,5
1766621437.976809,3680,1,14,5,14,5
1766621437.992948,3681,1,14,5,14,5
1766621438.009413,3681,1,14,5,14,5
1766621438.026036,3682,1,14,4,14,4
1766621438.042432,3683,1,14,4,14,4
1766621438.059651,3684,1,14,4,14,4
1766621438.075576,3684,1,14,4,14,4
1766621438.092110,3685,1,14,4,14,4
1766621438.107700,3686,1,14,4,14,4
1766621438.123939,3687,1,14,4,14,4
1766621438.139690,3687,1,14,4,14,4
1766621438.156088,3688,1,14,4,14,4
1766621438.171443,3689,1,13,4,13,4
1766621438.188146,3690,1,13,4,13,4
1766621438.204236,3690,1,13,4,13,4
1766621438.222266,3691,1,13,5,13,5
1766621438.239507,3692,1,13,5,13,5
1766621438.256099,3693,1,13,5,13,5
1766621438.272307,3693,1,13,5,13,5
1766621438.290811,3694,1,13,5,13,5
1766621438.307162,3695,1,13,4,13,4
1766621438.323055,3696,1,13,4,13,4
1766621438.339797,3696,1,13,4,13,4
1766621438.356671,3697,1,13,4,13,4
1766621438.373167,3698,1,13,4,13,4
1766621438.389309,3699,1,13,4,13,4
1766621438.407601,3699,1,13,4,13,4
1766621438.424661,3700,1,13,4,13,4
1766621438.441781,3701,1,13,4,13,4
1766621438.457509,3702,1,13,4,13,4
1766621438.473848,3702,1,13,4,13,4
1766621438.490866,3703,1,13,4,13,4
1766621438.507046,3704,1,13,5,13,5
1766621438.522660,3705,1,13,5,13,5
1766621438.538908,3705,1,13,5,13,5
1766621438.555333,3706,1,14,5,14,5
1766621438.571958,3707,1,14,5,14,5
1766621438.587716,3708,1,14,5,14,5
1766621438.604807,3708,1,14,5,14,5
1766621438.621950,3709,1,14,5,14,5
1766621438.637905,3710,1,14,5,14,5
1766621438.654700,3711,1,14,5,14,5
1766621438.670724,3711,1,14,5,14,5
1766621438.687572,3712,1,15,5,15,5
1766621438.704372,3713,1,15,5,15,5
1766621438.720960,3714,1,16,5,16,5
1766621438.737513,3714,1,16,5,16,5
1766621438.754599,3715,1,16,5,16,5
1766621438.771022,3716,1,16,5,16,5
1766621438.787259,3717,1,16,5,16,5
1766621438.804053,3718,1,16,6,16,6
1766621438.821169,3718,1,16,6,16,6
1766621438.836725,3719,1,16,6,16,6
1766621438.852643,3720,1,16,6,16,6
1766621438.869466,3721,1,17,6,17,6
1766621438.885525,3721,1,17,6,17,6
1766621438.901562,3722,1,17,6,17,6
1766621438.918299,3723,1,17,6,17,6
1766621438.938228,3724,1,18,6,18,6
1766621438.954785,3724,1,18,6,18,6
1766621438.970481,3725,1,18,6,18,6
1766621438.986754,3726,1,18,6,18,6
1766621439.003481,3727,1,18,6,18,6
1766621439.019557,3727,1,18,6,18,6
1766621439.036542,3728,1,17,6,17,6
1766621439.052734,3729,1,17,6,17,6
1766621439.069387,3730,1,17,6,17,6
1766621439.086837,3730,1,17,6,17,6
1766621439.103988,3731,1,17,6,17,6
1766621439.120180,3732,1,17,5,17,5
1766621439.138041,3733,1,17,5,17,5
1766621439.153943,3734,1,17,5,17,5
1766621439.170485,3734,1,17,5,17,5
1766621439.187542,3735,1,17,5,17,5
1766621439.203786,3736,1,17,4,17,4
1766621439.221044,3737,1,17,4,17,4
1766621439.237764,3737,1,17,4,17,4
1766621439.253755,3738,1,17,4,17,4
1766621439.270823,3739,1,17,4,17,4
1766621439.287422,3740,1,17,5,17,5
1766621439.303696,3740,1,17,5,17,5
1766621439.320342,3741,1,17,5,17,5
1766621439.462212,3742,1,17,5,17,5
1766621439.494934,3743,1,18,5,18,5
1766621439.512882,3744,1,18,5,18,5
1766621439.528837,3745,1,18,5,18,5
1766621439.545122,3746,1,18,4,18,4
1766621439.561770,3746,1,18,4,18,4
1766621439.577459,3747,1,18,4,18,4
1766621439.593997,3748,1,18,4,18,4
1766621439.610867,3749,1,18,4,18,4
1766621439.628414,3750,1,18,4,18,4
1766621439.645119,3750,1,18,4,18,4
1766621439.661388,3751,1,18,4,18,4
1766621439.678419,3752,1,19,4,19,4
1766621439.695576,3753,1,19,4,19,4
1766621439.712126,3753,1,19,4,19,4
1766621439.728201,3754,1,19,4,19,4
1766621439.744923,3755,1,19,4,19,4
1766621439.761400,3756,1,19,4,19,4
1766621439.778809,3756,1,19,4,19,4
1766621439.794743,3757,1,19,4,19,4
1766621439.810758,3758,1,19,4,19,4
1766621439.826544,3759,1,19,4,19,4
1766621439.843702,3759,1,19,4,19,4
1766621439.861174,3760,1,18,4,18,4
1766621439.876838,3761,1,18,4,18,4
1766621439.893487,3762,1,18,4,18,4
1766621439.911628,3763,1,18,4,18,4
1766621439.927530,3763,1,18,4,18,4
1766621439.944663,3764,1,18,4,18,4
1766621439.960830,3765,1,18,4,18,4
1766621439.977166,3766,1,18,4,18,4
1766621439.993104,3766,1,18,4,18,4
1766621440.009692,3767,1,18,4,18,4
1766621440.026589,3768,1,18,4,18,4
1766621440.042846,3769,1,18,4,18,4
1766621440.059725,3769,1,18,4,18,4
1766621440.077010,3770,1,18,4,18,4
1766621440.093822,3771,1,18,4,18,4
1766621440.110577,3772,1,18,4,18,4
1766621440.127707,3772,1,18,4,18,4
1766621440.143955,3773,1,18,4,18,4
1766621440.160193,3774,1,18,4,18,4
1766621440.176042,3775,1,19,4,19,4
1766621440.192257,3775,1,19,4,19,4
1766621440.209728,3776,1,19,4,19,4
1766621440.226149,3777,1,19,4,19,4
1766621440.242000,3778,1,19,4,19,4
1766621440.258625,3778,1,19,4,19,4
1766621440.274379,3779,1,19,3,19,3
1766621440.291146,3780,1,19,3,19,3
1766621440.307447,3781,1,19,3,19,3
1766621440.324925,3782,1,19,3,19,3
1766621440.340465,3782,1,19,3,19,3
1766621440.356594,3783,1,19,3,19,3
1766621440.373653,3784,1,19,2,19,2
1766621440.390856,3785,1,19,2,19,2
1766621440.407429,3785,1,19,2,19,2
1766621440.424979,3786,1,19,2,19,2
1766621440.440879,3787,1,19,2,19,2
1766621440.457905,3788,1,19,2,19,2
1766621440.475292,3788,1,19,2,19,2
1766621440.492707,3789,1,19,2,19,2
1766621440.509794,3790,1,19,2,19,2
1766621440.526005,3791,1,19,2,19,2
1766621440.543799,3792,1,19,3,19,3
1766621440.560789,3792,1,19,3,19,3
1766621440.577902,3793,1,19,3,19,3
1766621440.593946,3794,1,19,3,19,3
1766621440.609928,3795,1,19,3,19,3
1766621440.626293,3795,1,19,3,19,3
1766621440.643817,3796,1,18,3,18,3
1766621440.660628,3797,1,18,3,18,3
1766621440.677351,3798,1,19,3,19,3
1766621440.695342,3798,1,19,3,19,3
1766621440.711909,3799,1,19,3,19,3
1766621440.728373,3800,1,19,3,19,3
1766621440.745922,3801,1,19,2,19,2
1766621440.762426,3802,1,19,2,19,2
1766621440.779321,3802,1,19,2,19,2
1766621440.796400,3803,1,19,2,19,2
1766621440.812968,3804,1,19,2,19,2
1766621440.829130,3805,1,19,2,19,2
1766621440.845731,3805,1,19,2,19,2
1766621440.861928,3806,1,19,2,19,2
1766621440.879604,3807,1,19,2,19,2
1766621440.896136,3808,1,19,1,19,1
1766621440.912377,3808,1,19,1,19,1
1766621440.928591,3809,1,19,1,19,1
1766621440.946434,3810,1,19,1,19,1
1766621440.963173,3811,1,19,1,19,1
1766621440.978917,3811,1,19,1,19,1
1766621440.995369,3812,1,19,1,19,1
1766621441.011932,3813,1,19,1,19,1
1766621441.028908,3814,1,19,1,19,1
1766621441.044816,3814,1,19,1,19,1
1766621441.060883,3815,1,19,0,19,0
1766621441.077104,3816,1,19,0,19,0
1766621441.092769,3817,1,19,0,19,0
1766621441.109251,3817,1,19,0,19,0
1766621441.125765,3818,1,19,0,19,0
1766621441.141755,3819,1,19,1,19,1
1766621441.157428,3820,1,19,1,19,1
1766621441.174508,3820,1,19,1,19,1
1766621441.191613,3821,1,19,1,19,1
1766621441.208307,3822,1,19,1,19,1
1766621441.225802,3823,1,19,0,19,0
1766621441.242021,3824,1,19,0,19,0
1766621441.257920,3824,1,19,0,19,0
1766621441.274281,3825,1,19,0,19,0
1766621441.291718,3826,1,19,1,19,1
1766621441.308442,3827,1,19,1,19,1
1766621441.324856,3827,1,19,1,19,1
1766621441.340757,3828,1,19,1,19,1
1766621441.356685,3829,1,19,1,19,1
1766621441.374006,3830,1,19,1,19,1
1766621441.390438,3830,1,19,1,19,1
1766621441.406428,3831,1,19,1,19,1
1766621441.424765,3832,1,19,1,19,1
1766621441.440932,3833,1,19,1,19,1
1766621441.457271,3833,1,19,1,19,1
1766621441.474269,3834,1,19,0,19,0
1766621441.491647,3835,1,19,0,19,0
1766621441.507706,3836,1,19,0,19,0
1766621441.524028,3837,1,19,0,19,0
1766621441.539696,3837,1,19,0,19,0
1766621441.555844,3838,1,19,0,19,0
1766621441.571833,3839,1,19,0,19,0
1766621441.587998,3840,1,19,0,19,0
1766621441.603707,3840,1,19,0,19,0
1766621441.619882,3841,1,19,0,19,0
1766621441.636513,3842,1,19,0,19,0
1766621441.653843,3843,1,19,1,19,1
1766621441.669611,3843,1,19,1,19,1
1766621441.685695,3844,1,19,1,19,1
1766621441.701935,3845,1,19,1,19,1
1766621441.717729,3846,1,19,1,19,1
1766621441.734161,3846,1,19,1,19,1
1766621441.751391,3847,1,18,1,18,1
1766621441.768310,3848,1,18,1,18,1
1766621441.785311,3849,1,18,1,18,1
1766621441.801603,3849,1,18,1,18,1
1766621441.818419,3850,1,19,1,19,1
1766621441.835131,3851,1,19,1,19,1
1766621441.851245,3852,1,19,1,19,1
1766621441.868014,3852,1,19,1,19,1
1766621441.884060,3853,1,19,1,19,1
1766621441.900935,3854,1,19,2,19,2
1766621441.917556,3855,1,19,2,19,2
1766621441.934227,3855,1,19,2,19,2
1766621441.951155,3856,1,19,2,19,2
1766621441.966746,3857,1,19,2,19,2
1766621441.983359,3858,1,19,2,19,2
1766621442.000259,3858,1,19,2,19,2
1766621442.017127,3859,1,19,2,19,2
1766621442.033248,3860,1,18,2,18,2
1766621442.049658,3861,1,18,2,18,2
1766621442.066239,3861,1,18,2,18,2
1766621442.082360,3862,1,18,2,18,2
1766621442.099792,3863,1,18,2,18,2
1766621442.116316,3864,1,18,1,18,1
1766621442.133357,3864,1,18,1,18,1
1766621442.150902,3865,1,18,1,18,1
1766621442.166567,3866,1,18,1,18,1
1766621442.183248,3867,1,19,1,19,1
1766621442.200979,3867,1,19,1,19,1
1766621442.217529,3868,1,19,1,19,1
1766621442.234930,3869,1,19,1,19,1
1766621442.251133,3870,1,19,1,19,1
1766621442.267362,3871,1,18,1,18,1
1766621442.284293,3871,1,18,1,18,1
1766621442.300621,3872,1,18,1,18,1
1766621442.317191,3873,1,18,1,18,1
1766621442.334434,3874,1,18,1,18,1
1766621442.350697,3874,1,18,1,18,1
1766621442.366871,3875,1,18,2,18,2
1766621442.382847,3876,1,18,2,18,2
1766621442.398815,3877,1,18,2,18,2
1766621442.414917,3877,1,18,2,18,2
1766621442.431614,3878,1,18,2,18,2
1766621442.447846,3879,1,18,2,18,2
1766621442.463902,3880,1,18,2,18,2
1766621442.480141,3880,1,18,2,18,2
1766621442.496467,3881,1,18,2,18,2
1766621442.512761,3882,1,18,2,18,2
1766621442.529698,3883,1,18,3,18,3
1766621442.546782,3883,1,18,3,18,3
1766621442.563133,3884,1,18,3,18,3
1766621442.579312,3885,1,18,3,18,3
1766621442.596678,3886,1,18,3,18,3
1766621442.613284,3886,1,18,3,18,3
1766621442.629785,3887,1,18,4,18,4
1766621442.647362,3888,1,18,4,18,4
1766621442.664614,3889,1,18,4,18,4
1766621442.681834,3890,1,18,4,18,4
1766621442.698730,3890,1,18,4,18,4
1766621442.715202,3891,1,19,4,19,4
1766621442.731004,3892,1,19,4,19,4
1766621442.747665,3893,1,19,4,19,4
1766621442.763987,3893,1,19,4,19,4
1766621442.780463,3894,1,18,4,18,4
1766621442.796942,3895,1,18,4,18,4
1766621442.812564,3896,1,18,4,18,4
1766621442.828748,3896,1,18,4,18,4
1766621442.844752,3897,1,17,4,17,4
1766621442.860894,3898,1,17,4,17,4
1766621442.877523,3899,1,17,5,17,5
1766621442.894724,3899,1,17,5,17,5
1766621442.910862,3900,1,17,5,17,5
1766621442.927608,3901,1,17,5,17,5
1766621442.944287,3902,1,16,5,16,5
1766621442.961785,3903,1,16,5,16,5
1766621442.978192,3903,1,16,5,16,5
1766621442.993855,3904,1,16,5,16,5
1766621443.010304,3905,1,16,5,16,5
1766621443.027672,3906,1,16,5,16,5
1766621443.043910,3906,1,16,5,16,5
1766621443.060667,3907,1,16,5,16,5
1766621443.077026,3908,1,16,5,16,5
1766621443.093828,3909,1,16,6,16,6
1766621443.110443,3909,1,16,6,16,6
1766621443.127488,3910,1,16,6,16,6
1766621443.144764,3911,1,16,6,16,6
1766621443.161274,3912,1,16,6,16,6
1766621443.178241,3913,1,16,6,16,6
1766621443.195052,3913,1,16,6,16,6
1766621443.212122,3914,1,16,7,16,7
1766621443.229429,3915,1,16,7,16,7
1766621443.246838,3916,1,16,7,16,7
1766621443.262638,3916,1,16,7,16,7
1766621443.280012,3917,1,16,7,16,7
1766621443.296536,3918,1,16,7,16,7
1766621443.313638,3919,1,16,7,16,7
1766621443.329921,3919,1,16,7,16,7
1766621443.346209,3920,1,16,7,16,7
1766621443.363149,3921,1,16,6,16,6
1766621443.378582,3922,1,16,6,16,6
1766621443.395890,3922,1,16,6,16,6
1766621443.412313,3923,1,16,6,16,6
1766621443.428839,3924,1,16,6,16,6
1766621443.445625,3925,1,16,6,16,6
1766621443.461382,3925,1,16,6,16,6
1766621443.478136,3926,1,16,6,16,6
1766621443.494117,3927,1,16,7,16,7
1766621443.510925,3928,1,16,7,16,7
1766621443.527376,3929,1,16,7,16,7
1766621443.544648,3929,1,16,7,16,7
1766621443.560871,3930,1,16,8,16,8
1766621443.578181,3931,1,16,8,16,8
1766621443.594730,3932,1,16,8,16,8
1766621443.610674,3932,1,16,8,16,8
1766621443.626943,3933,1,16,9,16,9
1766621443.643035,3934,1,16,9,16,9
1766621443.659074,3935,1,16,9,16,9
1766621443.675519,3935,1,16,9,16,9
1766621443.692180,3936,1,16,9,16,9
1766621443.707849,3937,1,16,9,16,9
1766621443.724224,3938,1,16,9,16,9
1766621443.741910,3938,1,16,9,16,9
1766621443.758895,3939,1,16,9,16,9
1766621443.775047,3940,1,16,9,16,9
1766621443.790676,3941,1,16,9,16,9
1766621443.806993,3941,1,16,9,16,9
1766621443.823390,3942,1,16,9,16,9
1766621443.840500,3943,1,16,10,16,10
1766621443.856988,3944,1,16,10,16,10
1766621443.873385,3944,1,16,10,16,10
1766621443.890441,3945,1,16,10,16,10
1766621443.907387,3946,1,16,9,16,9
1766621443.924996,3947,1,16,9,16,9
1766621443.941612,3947,1,16,9,16,9
1766621443.958466,3948,1,16,9,16,9
1766621443.975212,3949,1,16,9,16,9
1766621443.992595,3950,1,16,9,16,9
1766621444.009617,3951,1,16,9,16,9
1766621444.025929,3951,1,16,9,16,9
1766621444.042897,3952,1,16,9,16,9
1766621444.058721,3953,1,16,9,16,9
1766621444.074745,3954,1,16,9,16,9
1766621444.090343,3954,1,16,9,16,9
1766621444.108059,3955,1,16,10,16,10
1766621444.124995,3956,1,16,10,16,10
1766621444.140887,3957,1,16,10,16,10
1766621444.157129,3957,1,16,10,16,10
1766621444.173152,3958,1,15,10,15,10
1766621444.189669,3959,1,15,10,15,10
1766621444.205968,3960,1,15,10,15,10
1766621444.221794,3960,1,15,10,15,10
1766621444.238806,3961,1,14,10,14,10
1766621444.254906,3962,1,14,10,14,10
1766621444.272084,3963,1,14,11,14,11
1766621444.287856,3963,1,14,11,14,11
1766621444.304101,3964,1,14,11,14,11
1766621444.320715,3965,1,14,11,14,11
1766621444.336919,3966,1,14,11,14,11
1766621444.352518,3966,1,14,11,14,11
1766621444.369387,3967,1,14,11,14,11
1766621444.386320,3968,1,13,11,13,11
1766621444.403549,3969,1,13,11,13,11
1766621444.419873,3969,1,13,11,13,11
1766621444.436665,3970,1,13,11,13,11
1766621444.453225,3971,1,13,11,13,11
1766621444.470702,3972,1,13,12,13,12
1766621444.486799,3972,1,13,12,13,12
1766621444.503489,3973,1,13,12,13,12
1766621444.520097,3974,1,13,12,13,12
1766621444.536313,3975,1,13,12,13,12
1766621444.553195,3976,1,13,12,13,12
1766621444.569659,3976,1,13,12,13,12
1766621444.586233,3977,1,13,12,13,12
1766621444.603602,3978,1,13,12,13,12
1766621444.620620,3979,1,13,12,13,12
1766621444.637064,3979,1,13,12,13,12
1766621444.653589,3980,1,13,11,13,11
1766621444.670707,3981,1,13,11,13,11
1766621444.687944,3982,1,13,11,13,11
1766621444.703985,3982,1,13,11,13,11
1766621444.720326,3983,1,13,11,13,11
1766621444.736795,3984,1,13,11,13,11
1766621444.752897,3985,1,13,11,13,11
1766621444.769520,3986,1,13,11,13,11
1766621444.786347,3986,1,13,11,13,11
1766621444.802701,3987,1,14,11,14,11
1766621444.819804,3988,1,14,11,14,11
1766621444.836735,3989,1,14,11,14,11
1766621444.853694,3989,1,14,11,14,11
1766621444.871107,3990,1,14,11,14,11
1766621444.887167,3991,1,14,11,14,11
1766621444.902500,3992,1,14,11,14,11
1766621444.919960,3992,1,14,11,14,11
1766621444.936074,3993,1,14,11,14,11
1766621444.952329,3994,1,14,11,14,11
1766621444.969143,3995,1,14,11,14,11
1766621444.984728,3995,1,14,11,14,11
1766621445.002084,3996,1,14,11,14,11
1766621445.017691,3997,1,14,11,14,11
1766621445.033567,3998,1,14,11,14,11
1766621445.049867,3998,1,14,11,14,11
1766621445.065866,3999,1,14,11,14,11
1766621445.082899,4000,1,14,11,14,11
1766621445.099226,4001,1,14,11,14,11
1766621445.117268,4001,1,14,11,14,11
1766621445.134192,4002,1,14,11,14,11
1766621445.149872,4003,1,14,11,14,11
1766621445.166058,4004,1,14,11,14,11
1766621445.181956,4004,1,14,11,14,11
1766621445.197763,4005,1,14,10,14,10
1766621445.213907,4006,1,14,10,14,10
1766621445.230484,4007,1,14,10,14,10
1766621445.247574,4008,1,13,10,13,10
1766621445.264225,4008,1,13,10,13,10
1766621445.280923,4009,1,13,10,13,10
1766621445.296935,4010,1,13,10,13,10
1766621445.313374,4011,1,13,10,13,10
1766621445.329890,4011,1,13,10,13,10
1766621445.346015,4012,1,13,10,13,10
1766621445.363216,4013,1,13,10,13,10
1766621445.379818,4014,1,13,10,13,10
1766621445.395583,4014,1,13,10,13,10
1766621445.411950,4015,1,13,10,13,10
1766621445.427786,4016,1,12,10,12,10
1766621445.444406,4017,1,12,10,12,10
1766621445.460952,4017,1,12,10,12,10
1766621445.476854,4018,1,12,10,12,10
1766621445.493816,4019,1,12,10,12,10
1766621445.510750,4020,1,12,10,12,10
1766621445.527027,4020,1,12,10,12,10
1766621445.542918,4021,1,12,10,12,10
1766621445.558970,4022,1,12,10,12,10
1766621445.575155,4023,1,12,10,12,10
1766621445.590607,4023,1,12,10,12,10
1766621445.606939,4024,1,12,10,12,10
1766621445.623067,4025,1,12,10,12,10
1766621445.639807,4026,1,12,10,12,10
1766621445.655961,4026,1,12,10,12,10
1766621445.671731,4027,1,12,10,12,10
1766621445.687944,4028,1,12,10,12,10
1766621445.704390,4029,1,12,10,12,10
1766621445.721031,4029,1,12,10,12,10
1766621445.737819,4030,1,12,10,12,10
1766621445.755263,4031,1,12,10,12,10
1766621445.772205,4032,1,12,10,12,10
1766621445.789990,4033,1,12,10,12,10
1766621445.806282,4033,1,12,10,12,10
1766621445.824340,4034,1,12,10,12,10
1766621445.841617,4035,1,12,10,12,10
1766621445.857520,4036,1,12,10,12,10
1766621445.873725,4037,1,12,10,12,10
1766621445.891158,4037,1,12,10,12,10
1766621445.907384,4038,1,12,10,12,10
1766621445.924414,4039,1,13,10,13,10
1766621445.940366,4040,1,13,10,13,10
1766621445.957928,4040,1,13,10,13,10
1766621445.973744,4041,1,13,10,13,10
1766621445.989539,4042,1,13,11,13,11
1766621446.006796,4043,1,13,11,13,11
1766621446.023215,4044,1,13,11,13,11
1766621446.039826,4044,1,13,11,13,11
1766621446.056121,4045,1,13,10,13,10
1766621446.072239,4046,1,13,10,13,10
1766621446.089684,4047,1,13,10,13,10
1766621446.105656,4047,1,13,10,13,10
1766621446.122865,4048,1,13,10,13,10
1766621446.138933,4049,1,13,11,13,11
1766621446.155471,4050,1,13,11,13,11
1766621446.171947,4050,1,13,11,13,11
1766621446.188252,4051,1,13,11,13,11
1766621446.204865,4052,1,13,11,13,11
1766621446.221017,4053,1,13,11,13,11
1766621446.237099,4053,1,13,11,13,11
1766621446.253647,4054,1,13,11,13,11
1766621446.271260,4055,1,13,11,13,11
1766621446.287676,4056,1,13,10,13,10
1766621446.304359,4057,1,13,10,13,10
1766621446.322039,4057,1,13,10,13,10
1766621446.338488,4058,1,13,10,13,10
1766621446.354615,4059,1,12,10,12,10
1766621446.370919,4059,1,12,10,12,10
1766621446.386777,4060,1,12,10,12,10
1766621446.403043,4061,1,12,10,12,10
1766621446.419918,4062,1,12,10,12,10
1766621446.435943,4062,1,12,10,12,10
1766621446.452826,4063,1,12,10,12,10
1766621446.469963,4064,1,12,10,12,10
1766621446.485726,4065,1,12,10,12,10
1766621446.501856,4065,1,12,10,12,10
1766621446.518102,4066,1,12,10,12,10
1766621446.533863,4067,1,12,10,12,10
1766621446.549531,4068,1,12,10,12,10
1766621446.565970,4068,1,12,10,12,10
1766621446.581635,4069,1,12,10,12,10
1766621446.598199,4070,1,12,10,12,10
1766621446.614679,4071,1,12,10,12,10
1766621446.631541,4071,1,12,10,12,10
1766621446.648581,4072,1,12,10,12,10
1766621446.665081,4073,1,12,10,12,10
1766621446.680535,4074,1,12,10,12,10
1766621446.697516,4074,1,12,10,12,10
1766621446.714028,4075,1,12,10,12,10
1766621446.730036,4076,1,12,10,12,10
1766621446.746282,4077,1,12,10,12,10
1766621446.763423,4077,1,12,10,12,10
1766621446.780994,4078,1,12,10,12,10
1766621446.797062,4079,1,12,10,12,10
1766621446.813665,4080,1,12,10,12,10
1766621446.829883,4081,1,12,10,12,10
1766621446.846153,4081,1,12,10,12,10
1766621446.863332,4082,1,12,10,12,10
1766621446.879669,4083,1,13,10,13,10
1766621446.896734,4084,1,13,10,13,10
1766621446.914170,4084,1,13,10,13,10
1766621446.930595,4085,1,13,11,13,11
1766621446.947482,4086,1,13,11,13,11
1766621446.964042,4087,1,13,11,13,11
1766621446.980291,4087,1,13,11,13,11
1766621446.997815,4088,1,13,11,13,11
1766621447.014349,4089,1,13,11,13,11
1766621447.031905,4090,1,13,11,13,11
1766621447.048957,4091,1,14,11,14,11
1766621447.065529,4091,1,14,11,14,11
1766621447.083145,4092,1,14,11,14,11
1766621447.099757,4093,1,14,11,14,11
1766621447.116132,4094,1,14,11,14,11
1766621447.131568,4094,1,14,11,14,11
1766621447.147600,4095,1,14,11,14,11
1766621447.164536,4096,1,14,11,14,11
1766621447.181900,4097,1,14,11,14,11
1766621447.198543,4097,1,14,11,14,11
1766621447.215132,4098,1,14,11,14,11
1766621447.232403,4099,1,14,11,14,11
1766621447.249020,4100,1,14,11,14,11
1766621447.265599,4101,1,14,11,14,11
1766621447.281997,4101,1,14,11,14,11
1766621447.299050,4102,1,14,11,14,11
1766621447.315138,4103,1,14,11,14,11
1766621447.331016,4104,1,13,11,13,11
1766621447.346720,4104,1,13,11,13,11
1766621447.364371,4105,1,13,11,13,11
1766621447.380979,4106,1,13,11,13,11
1766621447.397271,4107,1,13,12,13,12
1766621447.414541,4108,1,13,12,13,12
1766621447.430816,4108,1,13,12,13,12
1766621447.446896,4109,1,13,12,13,12
1766621447.463598,4110,1,13,11,13,11
1766621447.479550,4111,1,13,11,13,11
1766621447.495594,4111,1,13,11,13,11
1766621447.512319,4112,1,13,11,13,11
1766621447.529848,4113,1,13,10,13,10
1766621447.546888,4114,1,13,10,13,10
1766621447.562975,4114,1,13,10,13,10
1766621447.579542,4115,1,13,10,13,10
1766621447.595687,4116,1,13,10,13,10
1766621447.613726,4117,1,13,10,13,10
1766621447.630160,4117,1,13,10,13,10
1766621447.646319,4118,1,13,10,13,10
1766621447.663309,4119,1,14,10,14,10
1766621447.680445,4120,1,14,10,14,10
1766621447.696875,4120,1,14,10,14,10
1766621447.713361,4121,1,14,10,14,10
1766621447.731540,4122,1,14,10,14,10
1766621447.748767,4123,1,14,10,14,10
1766621447.765908,4124,1,14,10,14,10
1766621447.782301,4124,1,14,10,14,10
1766621447.799868,4125,1,14,10,14,10
1766621447.816138,4126,1,14,10,14,10
1766621447.832188,4127,1,13,10,13,10
1766621447.847970,4127,1,13,10,13,10
1766621447.864629,4128,1,13,10,13,10
1766621447.880986,4129,1,13,10,13,10
1766621447.896874,4130,1,13,10,13,10
1766621447.913790,4130,1,13,10,13,10
1766621447.930032,4131,1,13,10,13,10
1766621447.947110,4132,1,13,10,13,10
1766621447.963266,4133,1,13,10,13,10
1766621447.981091,4133,1,13,10,13,10
1766621447.996932,4134,1,13,10,13,10
1766621448.012960,4135,1,14,10,14,10
1766621448.029252,4136,1,14,10,14,10
1766621448.046056,4136,1,14,10,14,10
1766621448.062333,4137,1,14,10,14,10
1766621448.079944,4138,1,14,10,14,10
1766621448.096298,4139,1,13,10,13,10
1766621448.113586,4140,1,13,10,13,10
1766621448.129441,4140,1,13,10,13,10
1766621448.147060,4141,1,13,10,13,10
1766621448.163009,4142,1,13,10,13,10
1766621448.180438,4143,1,13,10,13,10
1766621448.199733,4143,1,13,10,13,10
1766621448.216973,4144,1,13,10,13,10
1766621448.234279,4145,1,13,10,13,10
1766621448.250719,4146,1,13,10,13,10
1766621448.266867,4146,1,13,10,13,10
1766621448.283337,4147,1,13,10,13,10
1766621448.299910,4148,1,13,10,13,10
1766621448.316271,4149,1,13,10,13,10
1766621448.333346,4150,1,13,10,13,10
1766621448.349898,4150,1,13,10,13,10
1766621448.366874,4151,1,13,10,13,10
1766621448.384258,4152,1,13,10,13,10
1766621448.401067,4153,1,13,10,13,10
1766621448.417125,4153,1,13,10,13,10
1766621448.433272,4154,1,13,10,13,10
1766621448.449961,4155,1,13,10,13,10
1766621448.466042,4156,1,13,11,13,11
1766621448.482030,4156,1,13,11,13,11
1766621448.498352,4157,1,13,11,13,11
1766621448.515324,4158,1,13,11,13,11
1766621448.532953,4159,1,13,11,13,11
1766621448.549958,4159,1,13,11,13,11
1766621448.565924,4160,1,13,10,13,10
1766621448.582519,4161,1,13,10,13,10
1766621448.610991,4162,1,13,10,13,10
1766621448.627983,4163,1,13,10,13,10
1766621448.644460,4164,1,13,10,13,10
1766621448.660834,4164,1,13,10,13,10
1766621448.676762,4165,1,13,10,13,10
1766621448.693871,4166,1,13,10,13,10
1766621448.709283,4167,1,12,10,12,10
1766621448.725833,4167,1,12,10,12,10
1766621448.743082,4168,1,12,10,12,10
1766621448.759172,4169,1,12,10,12,10
1766621448.775386,4170,1,12,10,12,10
1766621448.791695,4171,1,12,10,12,10
1766621448.808755,4171,1,12,10,12,10
1766621448.825465,4172,1,12,10,12,10
1766621448.842051,4173,1,12,10,12,10
1766621448.858296,4174,1,12,10,12,10
1766621448.875170,4174,1,12,10,12,10
1766621448.891650,4175,1,12,10,12,10
1766621448.908078,4176,1,12,10,12,10
1766621448.924350,4177,1,13,10,13,10
1766621448.941434,4177,1,13,10,13,10
1766621448.958989,4178,1,13,10,13,10
1766621448.974856,4179,1,13,10,13,10
1766621448.990749,4180,1,13,10,13,10
1766621449.007483,4180,1,13,10,13,10
1766621449.024690,4181,1,13,11,13,11
1766621449.040735,4182,1,13,11,13,11
1766621449.056701,4183,1,13,11,13,11
1766621449.074103,4183,1,13,11,13,11
1766621449.089985,4184,1,13,11,13,11
1766621449.106150,4185,1,13,11,13,11
1766621449.122369,4186,1,13,11,13,11
1766621449.138736,4186,1,13,11,13,11
1766621449.155290,4187,1,13,11,13,11
1766621449.172591,4188,1,13,11,13,11
1766621449.189849,4189,1,13,11,13,11
1766621449.205775,4190,1,13,11,13,11
1766621449.222698,4190,1,13,11,13,11
1766621449.239097,4191,1,13,11,13,11
1766621449.254969,4192,1,13,12,13,12
1766621449.271441,4193,1,13,12,13,12
1766621449.287941,4193,1,13,12,13,12
1766621449.304607,4194,1,13,12,13,12
1766621449.321275,4195,1,13,12,13,12
1766621449.338320,4196,1,13,12,13,12
1766621449.355231,4196,1,13,12,13,12
1766621449.372257,4197,1,13,12,13,12
1766621449.389263,4198,1,13,12,13,12
1766621449.406408,4199,1,13,12,13,12
1766621449.423755,4200,1,13,12,13,12
1766621449.439973,4200,1,13,12,13,12
1766621449.457103,4201,1,13,12,13,12
1766621449.474499,4202,1,13,12,13,12
1766621449.491773,4203,1,13,11,13,11
1766621449.507555,4203,1,13,11,13,11
1766621449.523401,4204,1,13,11,13,11
1766621449.539958,4205,1,13,11,13,11
1766621449.556518,4206,1,13,11,13,11
1766621449.573936,4206,1,13,11,13,11
1766621449.590652,4207,1,13,11,13,11
1766621449.606814,4208,1,14,11,14,11
1766621449.623035,4209,1,14,11,14,11
1766621449.638644,4209,1,14,11,14,11
1766621449.655900,4210,1,14,11,14,11
1766621449.671868,4211,1,14,10,14,10
1766621449.688824,4212,1,14,10,14,10
1766621449.705805,4212,1,14,10,14,10
1766621449.721727,4213,1,14,10,14,10
1766621449.738253,4214,1,14,10,14,10
1766621449.754238,4215,1,14,10,14,10
1766621449.770438,4215,1,14,10,14,10
1766621449.787339,4216,1,14,10,14,10
1766621449.803728,4217,1,14,10,14,10
1766621449.820755,4218,1,14,10,14,10
1766621449.836828,4218,1,14,10,14,10
1766621449.853870,4219,1,13,10,13,10
1766621449.870415,4220,1,13,10,13,10
1766621449.887445,4221,1,13,10,13,10
1766621449.904494,4222,1,13,10,13,10
1766621449.920555,4222,1,13,10,13,10
1766621449.938120,4223,1,13,10,13,10
1766621449.954183,4224,1,13,10,13,10
1766621449.969731,4225,1,13,10,13,10
1766621449.986550,4225,1,13,10,13,10
1766621450.003623,4226,1,13,10,13,10
1766621450.020046,4227,1,13,10,13,10
1766621450.035889,4228,1,12,10,12,10
1766621450.052939,4228,1,12,10,12,10
1766621450.069018,4229,1,12,10,12,10
1766621450.084813,4230,1,12,10,12,10
1766621450.101563,4231,1,12,10,12,10
1766621450.118165,4231,1,12,10,12,10
1766621450.133993,4232,1,12,10,12,10
1766621450.150091,4233,1,12,10,12,10
1766621450.166141,4234,1,12,10,12,10
1766621450.182564,4234,1,12,10,12,10
1766621450.199642,4235,1,12,10,12,10
1766621450.215640,4236,1,12,10,12,10
1766621450.232019,4237,1,12,10,12,10
1766621450.248334,4237,1,12,10,12,10
1766621450.264743,4238,1,12,10,12,10
1766621450.281255,4239,1,12,10,12,10
1766621450.298468,4240,1,12,10,12,10
1766621450.315214,4240,1,12,10,12,10
1766621450.331573,4241,1,12,10,12,10
1766621450.347649,4242,1,12,10,12,10
1766621450.363400,4242,1,12,10,12,10
1766621450.380147,4243,1,13,10,13,10
1766621450.397131,4244,1,13,10,13,10
1766621450.413805,4245,1,13,10,13,10
1766621450.430970,4246,1,13,11,13,11
1766621450.446659,4246,1,13,11,13,11
1766621450.463003,4247,1,13,11,13,11
1766621450.479619,4248,1,13,11,13,11
1766621450.496785,4249,1,13,11,13,11
1766621450.513480,4249,1,13,11,13,11
1766621450.529961,4250,1,13,12,13,12
1766621450.546387,4251,1,13,12,13,12
1766621450.563441,4252,1,13,12,13,12
1766621450.579797,4252,1,13,12,13,12
1766621450.595684,4253,1,13,12,13,12
1766621450.611874,4254,1,13,12,13,12
1766621450.628885,4255,1,13,12,13,12
1766621450.644464,4255,1,13,12,13,12
1766621450.660582,4256,1,13,12,13,12
1766621450.677702,4257,1,13,12,13,12
1766621450.694140,4258,1,13,12,13,12
1766621450.710023,4258,1,13,12,13,12
1766621450.725399,4259,1,13,12,13,12
1766621450.741637,4260,1,13,12,13,12
1766621450.758205,4260,1,13,12,13,12
1766621450.775793,4261,1,13,12,13,12
1766621450.793132,4262,1,13,12,13,12
1766621450.809637,4263,1,13,12,13,12
1766621450.825957,4264,1,13,12,13,12
1766621450.841988,4264,1,13,12,13,12
1766621450.859310,4265,1,13,12,13,12
1766621450.876908,4266,1,13,12,13,12
1766621450.893304,4267,1,12,12,12,12
1766621450.910012,4267,1,12,12,12,12
1766621450.926718,4268,1,12,12,12,12
1766621450.942952,4269,1,12,12,12,12
1766621450.959137,4270,1,12,12,12,12
1766621450.974936,4270,1,12,12,12,12
1766621450.991133,4271,1,12,12,12,12
1766621451.008366,4272,1,12,12,12,12
1766621451.025095,4273,1,12,12,12,12
1766621451.041312,4273,1,12,12,12,12
1766621451.057920,4274,1,12,12,12,12
1766621451.074423,4275,1,12,12,12,12
1766621451.090814,4276,1,13,12,13,12
1766621451.107436,4276,1,13,12,13,12
1766621451.123489,4277,1,13,12,13,12
1766621451.141090,4278,1,13,12,13,12
1766621451.157731,4279,1,13,12,13,12
1766621451.174350,4279,1,13,12,13,12
1766621451.191625,4280,1,13,12,13,12
1766621451.208587,4281,1,13,12,13,12
1766621451.225305,4282,1,13,12,13,12
1766621451.241850,4283,1,13,12,13,12
1766621451.257762,4283,1,13,12,13,12
1766621451.274945,4284,1,13,12,13,12
1766621451.291723,4285,1,13,12,13,12
1766621451.307403,4286,1,13,12,13,12
1766621451.324689,4286,1,13,12,13,12
1766621451.341333,4287,1,13,12,13,12
1766621451.358595,4288,1,13,12,13,12
1766621451.375318,4289,1,13,12,13,12
1766621451.392542,4289,1,13,12,13,12
1766621451.408709,4290,1,13,11,13,11
1766621451.425290,4291,1,13,11,13,11
1766621451.442793,4292,1,13,11,13,11
1766621451.460202,4293,1,13,10,13,10
1766621451.476955,4293,1,13,10,13,10
1766621451.493282,4294,1,13,10,13,10
1766621451.510967,4295,1,13,10,13,10
1766621451.527456,4296,1,13,10,13,10
1766621451.544123,4296,1,13,10,13,10
1766621451.559839,4297,1,13,10,13,10
1766621451.576120,4298,1,13,10,13,10
1766621451.592968,4299,1,13,10,13,10
1766621451.609151,4299,1,13,10,13,10
1766621451.624974,4300,1,13,10,13,10
1766621451.642238,4301,1,13,10,13,10
1766621451.659993,4302,1,13,10,13,10
1766621451.675784,4303,1,14,10,14,10
1766621451.691400,4303,1,14,10,14,10
1766621451.707990,4304,1,14,10,14,10
1766621451.725183,4305,1,14,10,14,10
1766621451.740685,4306,1,14,10,14,10
1766621451.756797,4306,1,14,10,14,10
1766621451.773019,4307,1,14,10,14,10
1766621451.789076,4308,1,14,10,14,10
1766621451.805100,4308,1,14,10,14,10
1766621451.821543,4309,1,14,10,14,10
1766621451.838249,4310,1,14,11,14,11
1766621451.855238,4311,1,14,11,14,11
1766621451.872430,4312,1,14,11,14,11
1766621451.889131,4312,1,14,11,14,11
1766621451.904663,4313,1,14,11,14,11
1766621451.921299,4314,1,14,11,14,11
1766621451.938760,4315,1,14,11,14,11
1766621451.955305,4315,1,14,11,14,11
1766621451.971335,4316,1,14,11,14,11
1766621451.987539,4317,1,14,11,14,11
1766621452.004051,4318,1,13,11,13,11
1766621452.021293,4318,1,13,11,13,11
1766621452.038096,4319,1,13,11,13,11
1766621452.054633,4320,1,13,11,13,11
1766621452.071503,4321,1,13,11,13,11
1766621452.088515,4322,1,13,11,13,11
1766621452.105063,4322,1,13,11,13,11
1766621452.122075,4323,1,13,11,13,11
1766621452.139375,4324,1,13,11,13,11
1766621452.155939,4325,1,13,11,13,11
1766621452.172374,4325,1,13,11,13,11
1766621452.189060,4326,1,13,11,13,11
1766621452.205461,4327,1,13,11,13,11
1766621452.221923,4328,1,13,11,13,11
1766621452.238121,4328,1,13,11,13,11
1766621452.255183,4329,1,13,11,13,11
1766621452.272687,4330,1,13,11,13,11
1766621452.288308,4331,1,13,11,13,11
1766621452.305193,4332,1,13,10,13,10
1766621452.321748,4332,1,13,10,13,10
1766621452.338284,4333,1,13,10,13,10
1766621452.355541,4334,1,13,10,13,10
1766621452.373584,4335,1,12,10,12,10
1766621452.389663,4335,1,12,10,12,10
1766621452.405958,4336,1,12,10,12,10
1766621452.422556,4337,1,12,10,12,10
1766621452.439317,4338,1,12,10,12,10
1766621452.456065,4338,1,12,10,12,10
1766621452.472593,4339,1,12,10,12,10
1766621452.489744,4340,1,12,10,12,10
1766621452.506566,4341,1,12,10,12,10
1766621452.523151,4341,1,12,10,12,10
1766621452.540682,4342,1,12,10,12,10
1766621452.557503,4343,1,12,10,12,10
1766621452.573789,4344,1,12,10,12,10
1766621452.589688,4344,1,12,10,12,10
1766621452.605760,4345,1,12,10,12,10
1766621452.623175,4346,1,12,10,12,10
1766621452.638976,4347,1,12,10,12,10
1766621452.655127,4347,1,12,10,12,10
1766621452.672466,4348,1,12,10,12,10
1766621452.689574,4349,1,12,10,12,10
1766621452.706885,4350,1,12,10,12,10
1766621452.722942,4350,1,12,10,12,10
1766621452.739290,4351,1,12,10,12,10
1766621452.756881,4352,1,12,10,12,10
1766621452.773313,4353,1,12,10,12,10
1766621452.790833,4353,1,12,10,12,10
1766621452.807134,4354,1,12,10,12,10
1766621452.823234,4355,1,12,10,12,10
1766621452.840131,4356,1,12,10,12,10
1766621452.856581,4357,1,12,10,12,10
1766621452.873876,4357,1,12,10,12,10
1766621452.890945,4358,1,12,10,12,10
1766621452.906960,4359,1,13,10,13,10
1766621452.923518,4360,1,13,10,13,10
1766621452.939677,4360,1,13,10,13,10
1766621452.956807,4361,1,13,10,13,10
1766621452.972965,4362,1,14,10,14,10
1766621452.990069,4363,1,14,10,14,10
1766621453.006513,4363,1,14,10,14,10
1766621453.023715,4364,1,14,10,14,10
1766621453.040134,4365,1,14,10,14,10
1766621453.056621,4366,1,14,10,14,10
1766621453.073439,4366,1,14,10,14,10
1766621453.090036,4367,1,14,10,14,10
1766621453.106272,4368,1,13,10,13,10
1766621453.123560,4369,1,13,10,13,10
1766621453.140206,4369,1,13,10,13,10
1766621453.157665,4370,1,13,10,13,10
1766621453.173997,4371,1,13,10,13,10
1766621453.189942,4372,1,14,10,14,10
1766621453.205825,4372,1,14,10,14,10
1766621453.222140,4373,1,14,10,14,10
1766621453.238123,4374,1,14,10,14,10
1766621453.254567,4375,1,14,10,14,10
1766621453.271328,4375,1,14,10,14,10
1766621453.288226,4376,1,13,10,13,10
1766621453.304874,4377,1,13,10,13,10
1766621453.321005,4378,1,13,10,13,10
1766621453.337139,4379,1,13,10,13,10
1766621453.354016,4379,1,13,10,13,10
1766621453.369939,4380,1,13,10,13,10
1766621453.386035,4381,1,13,10,13,10
1766621453.402131,4381,1,13,10,13,10
1766621453.417831,4382,1,13,10,13,10
1766621453.434505,4383,1,13,10,13,10
1766621453.451005,4384,1,13,10,13,10
1766621453.467134,4384,1,13,10,13,10
1766621453.483249,4385,1,13,10,13,10
1766621453.499875,4386,1,13,10,13,10
1766621453.516467,4387,1,14,10,14,10
1766621453.534080,4387,1,14,10,14,10
1766621453.551340,4388,1,14,10,14,10
1766621453.568529,4389,1,14,10,14,10
1766621453.585601,4390,1,14,10,14,10
1766621453.602370,4391,1,14,10,14,10
1766621453.618646,4391,1,14,10,14,10
1766621453.634621,4392,1,14,10,14,10
1766621453.651453,4393,1,14,10,14,10
1766621453.668590,4394,1,14,10,14,10
1766621453.685165,4394,1,14,10,14,10
1766621453.701054,4395,1,14,10,14,10
1766621453.716763,4396,1,13,10,13,10
1766621453.733222,4397,1,13,10,13,10
1766621453.750027,4397,1,13,10,13,10
1766621453.766466,4398,1,12,10,12,10
1766621453.783206,4399,1,12,10,12,10
1766621453.800182,4400,1,12,10,12,10
1766621453.817002,4400,1,12,10,12,10
1766621453.833650,4401,1,13,10,13,10
1766621453.850100,4402,1,13,10,13,10
1766621453.867325,4403,1,13,10,13,10
1766621453.884762,4404,1,13,10,13,10
1766621453.901184,4404,1,13,10,13,10
1766621453.916622,4405,1,13,10,13,10
1766621453.933333,4406,1,13,10,13,10
1766621453.950770,4407,1,13,10,13,10
1766621453.967573,4407,1,13,10,13,10
1766621453.984073,4408,1,13,10,13,10
1766621453.999717,4409,1,13,10,13,10
1766621454.016421,4410,1,13,10,13,10
1766621454.033641,4410,1,13,10,13,10
1766621454.051316,4411,1,13,11,13,11
1766621454.068345,4412,1,13,11,13,11
1766621454.085150,4413,1,13,11,13,11
1766621454.101339,4413,1,13,11,13,11
1766621454.117555,4414,1,13,12,13,12
1766621454.134840,4415,1,13,12,13,12
1766621454.151145,4416,1,13,12,13,12
1766621454.168048,4417,1,13,12,13,12
1766621454.185424,4417,1,13,12,13,12
1766621454.202471,4418,1,13,12,13,12
1766621454.219195,4419,1,13,12,13,12
1766621454.236876,4420,1,13,12,13,12
1766621454.253764,4420,1,13,12,13,12
1766621454.269866,4421,1,12,12,12,12
1766621454.286345,4422,1,12,12,12,12
1766621454.303020,4423,1,12,12,12,12
1766621454.319203,4423,1,12,12,12,12
1766621454.336801,4424,1,12,12,12,12
1766621454.353473,4425,1,11,12,11,12
1766621454.371281,4426,1,11,12,11,12
1766621454.388068,4426,1,11,12,11,12
1766621454.404141,4427,1,11,12,11,12
1766621454.420747,4428,1,11,12,11,12
1766621454.437267,4429,1,11,13,11,13
1766621454.454011,4429,1,11,13,11,13
1766621454.471140,4430,1,11,13,11,13
1766621454.487214,4431,1,11,12,11,12
1766621454.503987,4432,1,11,12,11,12
1766621454.520776,4433,1,11,12,11,12
1766621454.537111,4433,1,11,12,11,12
1766621454.553625,4434,1,11,12,11,12
1766621454.570019,4435,1,12,12,12,12
1766621454.585648,4435,1,12,12,12,12
1766621454.602367,4436,1,12,12,12,12
1766621454.620882,4437,1,12,12,12,12
1766621454.637008,4438,1,12,13,12,13
1766621454.652851,4438,1,12,13,12,13
1766621454.693125,4439,1,12,13,12,13
1766621454.727355,4440,1,12,12,12,12
1766621454.770909,4442,1,12,12,12,12
1766621454.862995,4444,1,13,12,13,12
1766621454.878639,4445,1,13,11,13,11
1766621454.895433,4445,1,13,11,13,11
1766621454.911644,4446,1,13,11,13,11
1766621454.928290,4447,1,13,11,13,11
1766621454.944529,4447,1,13,11,13,11
1766621454.961689,4448,1,13,11,13,11
1766621454.978880,4449,1,12,11,12,11
1766621454.995542,4450,1,12,11,12,11
1766621455.011643,4450,1,12,11,12,11
1766621455.028301,4451,1,12,11,12,11
1766621455.044553,4452,1,12,12,12,12
1766621455.061485,4453,1,12,12,12,12
1766621455.078630,4453,1,12,12,12,12
1766621455.094949,4454,1,12,12,12,12
1766621455.111193,4455,1,12,13,12,13
1766621455.128211,4456,1,12,13,12,13
1766621455.146230,4456,1,12,13,12,13
1766621455.163330,4457,1,12,13,12,13
1766621455.179976,4458,1,11,13,11,13
1766621455.195951,4459,1,11,13,11,13
1766621455.211381,4459,1,11,13,11,13
1766621455.229066,4460,1,11,13,11,13
1766621455.245323,4461,1,11,13,11,13
1766621455.261622,4461,1,11,13,11,13
1766621455.278235,4462,1,11,13,11,13
1766621455.294995,4463,1,11,13,11,13
1766621455.311564,4464,1,11,14,11,14
1766621455.328712,4464,1,11,14,11,14
1766621455.344384,4465,1,11,14,11,14
1766621455.361676,4466,1,11,14,11,14
1766621455.378532,4467,1,11,14,11,14
1766621455.394971,4468,1,11,15,11,15
1766621455.410988,4468,1,11,15,11,15
1766621455.427170,4469,1,11,15,11,15
1766621455.443705,4470,1,11,15,11,15
1766621455.459544,4470,1,11,15,11,15
1766621455.476204,4471,1,11,14,11,14
1766621455.494320,4472,1,11,14,11,14
1766621455.511032,4473,1,11,15,11,15
1766621455.527571,4473,1,11,15,11,15
1766621455.544017,4474,1,11,15,11,15
1766621455.560125,4475,1,11,15,11,15
1766621455.576309,4476,1,11,15,11,15
1766621455.592721,4476,1,11,15,11,15
1766621455.608909,4477,1,11,16,11,16
1766621455.625566,4478,1,11,16,11,16
1766621455.641690,4479,1,11,16,11,16
1766621455.658223,4480,1,10,16,10,16
1766621455.675001,4480,1,10,16,10,16
1766621455.691445,4481,1,10,16,10,16
1766621455.709147,4482,1,10,16,10,16
1766621455.725588,4483,1,10,16,10,16
1766621455.742115,4483,1,10,16,10,16
1766621455.757772,4484,1,9,16,9,16
1766621455.774359,4485,1,9,16,9,16
1766621455.791798,4486,1,9,16,9,16
1766621455.808534,4486,1,9,16,9,16
1766621455.825133,4487,1,9,16,9,16
1766621455.841849,4488,1,9,16,9,16
1766621455.858118,4489,1,8,16,8,16
1766621455.874645,4489,1,8,16,8,16
1766621455.890892,4490,1,8,16,8,16
1766621455.906917,4491,1,7,16,7,16
1766621455.922760,4492,1,7,16,7,16
1766621455.938737,4492,1,7,16,7,16
1766621455.955086,4493,1,7,16,7,16
1766621455.971612,4494,1,7,16,7,16
1766621455.988228,4495,1,7,16,7,16
1766621456.004763,4495,1,7,16,7,16
1766621456.021194,4496,1,7,15,7,15
1766621456.036949,4497,1,7,15,7,15
1766621456.053147,4498,1,7,15,7,15
1766621456.069832,4498,1,7,15,7,15
1766621456.085939,4499,1,7,15,7,15
1766621456.102551,4500,1,7,16,7,16
1766621456.119692,4501,1,7,16,7,16
1766621456.136535,4501,1,7,16,7,16
1766621456.153631,4502,1,7,16,7,16
1766621456.170107,4503,1,7,16,7,16
1766621456.186204,4504,1,7,16,7,16
1766621456.203442,4505,1,6,16,6,16
1766621456.220302,4505,1,6,16,6,16
1766621456.237120,4506,1,6,16,6,16
1766621456.252419,4507,1,6,16,6,16
1766621456.269321,4508,1,6,16,6,16
1766621456.286896,4508,1,6,16,6,16
1766621456.302715,4509,1,6,15,6,15
1766621456.318877,4510,1,6,15,6,15
1766621456.334531,4511,1,6,15,6,15
1766621456.351434,4511,1,6,15,6,15
1766621456.368227,4512,1,6,15,6,15
1766621456.384410,4513,1,6,16,6,16
1766621456.401426,4514,1,6,16,6,16
1766621456.418184,4514,1,6,16,6,16
1766621456.435181,4515,1,6,16,6,16
1766621456.451258,4516,1,6,16,6,16
1766621456.468301,4517,1,6,17,6,17
1766621456.485322,4518,1,6,17,6,17
1766621456.501884,4518,1,6,17,6,17
1766621456.517655,4519,1,7,17,7,17
1766621456.534324,4520,1,7,17,7,17
1766621456.551919,4521,1,7,17,7,17
1766621456.567974,4521,1,7,17,7,17
1766621456.584674,4522,1,7,16,7,16
1766621456.601245,4523,1,7,16,7,16
1766621456.617947,4524,1,7,16,7,16
1766621456.634595,4525,1,6,16,6,16
1766621456.652654,4525,1,6,16,6,16
1766621456.668735,4526,1,6,16,6,16
1766621456.685927,4527,1,6,16,6,16
1766621456.702386,4528,1,7,16,7,16
1766621456.719786,4528,1,7,16,7,16
1766621456.735793,4529,1,7,16,7,16
1766621456.752249,4530,1,7,16,7,16
1766621456.768457,4530,1,7,16,7,16
1766621456.785010,4531,1,7,16,7,16
1766621456.801224,4532,1,7,17,7,17
1766621456.817923,4533,1,7,17,7,17
1766621456.834543,4534,1,7,17,7,17
1766621456.851537,4535,1,8,17,8,17
1766621456.868563,4535,1,8,17,8,17
1766621456.884790,4536,1,8,17,8,17
1766621456.901517,4537,1,8,17,8,17
1766621456.917758,4538,1,9,17,9,17
1766621456.934052,4538,1,9,17,9,17
1766621456.950159,4539,1,9,17,9,17
1766621456.965762,4540,1,9,17,9,17
1766621456.982850,4541,1,9,16,9,16
1766621456.999948,4541,1,9,16,9,16
1766621457.015722,4542,1,9,16,9,16
1766621457.031846,4543,1,9,16,9,16
1766621457.048727,4544,1,8,16,8,16
1766621457.065083,4544,1,8,16,8,16
1766621457.081334,4545,1,8,16,8,16
1766621457.097846,4546,1,8,16,8,16
1766621457.115149,4547,1,8,16,8,16
1766621457.131407,4547,1,8,16,8,16
1766621457.148069,4548,1,9,16,9,16
1766621457.164254,4549,1,9,16,9,16
1766621457.181648,4550,1,9,16,9,16
1766621457.197645,4550,1,9,16,9,16
1766621457.214072,4551,1,9,16,9,16
1766621457.231438,4552,1,8,16,8,16
1766621457.248512,4553,1,8,16,8,16
1766621457.264701,4554,1,8,16,8,16
1766621457.281440,4554,1,8,16,8,16
1766621457.299006,4555,1,8,16,8,16
1766621457.315643,4556,1,8,17,8,17
1766621457.331319,4557,1,8,17,8,17
1766621457.347606,4557,1,8,17,8,17
1766621457.364090,4558,1,8,17,8,17
1766621457.381533,4559,1,8,17,8,17
1766621457.398238,4560,1,8,17,8,17
1766621457.415356,4560,1,8,17,8,17
1766621457.431963,4561,1,9,17,9,17
1766621457.448235,4562,1,9,17,9,17
1766621457.465330,4563,1,9,17,9,17
1766621457.482423,4564,1,10,17,10,17
1766621457.499806,4564,1,10,17,10,17
1766621457.516139,4565,1,10,17,10,17
1766621457.532645,4566,1,10,17,10,17
1766621457.549155,4567,1,10,16,10,16
1766621457.564898,4567,1,10,16,10,16
1766621457.581406,4568,1,10,16,10,16
1766621457.598467,4569,1,10,16,10,16
1766621457.614885,4570,1,10,16,10,16
1766621457.631583,4571,1,11,16,11,16
1766621457.648435,4571,1,11,16,11,16
1766621457.664845,4572,1,11,16,11,16
1766621457.681704,4573,1,11,16,11,16
1766621457.698497,4574,1,11,16,11,16
1766621457.714727,4574,1,11,16,11,16
1766621457.731271,4575,1,11,16,11,16
1766621457.748398,4576,1,11,16,11,16
1766621457.765069,4577,1,11,16,11,16
1766621457.781752,4577,1,11,16,11,16
1766621457.798915,4578,1,12,16,12,16
1766621457.814834,4579,1,12,16,12,16
1766621457.830862,4580,1,12,16,12,16
1766621457.847403,4580,1,12,16,12,16
1766621457.864731,4581,1,12,15,12,15
1766621457.881122,4582,1,12,15,12,15
1766621457.897043,4583,1,12,15,12,15
1766621457.913619,4584,1,12,15,12,15
1766621457.929968,4584,1,12,15,12,15
1766621457.946652,4585,1,12,14,12,14
1766621457.963500,4586,1,12,14,12,14
1766621457.980975,4587,1,12,14,12,14
1766621457.997537,4587,1,12,14,12,14
1766621458.014513,4588,1,12,14,12,14
1766621458.031379,4589,1,12,14,12,14
1766621458.048865,4590,1,12,14,12,14
1766621458.066905,4591,1,12,14,12,14
1766621458.085161,4591,1,12,14,12,14
1766621458.100877,4592,1,12,14,12,14
1766621458.117854,4593,1,12,13,12,13
1766621458.133961,4594,1,12,13,12,13
1766621458.150207,4594,1,12,13,12,13
1766621458.167716,4595,1,12,13,12,13
1766621458.184767,4596,1,12,13,12,13
1766621458.201308,4597,1,12,13,12,13
1766621458.217988,4597,1,12,13,12,13
1766621458.233340,4598,1,12,13,12,13
1766621458.249960,4599,1,12,13,12,13
1766621458.266553,4600,1,13,13,13,13
1766621458.283135,4600,1,13,13,13,13
1766621458.300184,4601,1,13,13,13,13
1766621458.317390,4602,1,13,13,13,13
1766621458.334749,4603,1,13,12,13,12
1766621458.351789,4604,1,13,12,13,12
1766621458.368700,4604,1,13,12,13,12
1766621458.385803,4605,1,13,12,13,12
1766621458.402056,4606,1,13,12,13,12
1766621458.417766,4607,1,13,13,13,13
1766621458.434746,4607,1,13,13,13,13
1766621458.451675,4608,1,13,13,13,13
1766621458.468707,4609,1,13,13,13,13
1766621458.485062,4610,1,13,13,13,13
1766621458.501774,4610,1,13,13,13,13
1766621458.517798,4611,1,13,13,13,13
1766621458.533819,4612,1,13,13,13,13
1766621458.550056,4613,1,13,13,13,13
1766621458.566491,4613,1,13,13,13,13
1766621458.583781,4614,1,13,13,13,13
1766621458.599971,4615,1,13,12,13,12
1766621458.616231,4616,1,13,12,13,12
1766621458.632795,4616,1,13,12,13,12
1766621458.649168,4617,1,13,12,13,12
1766621458.665935,4618,1,13,12,13,12
1766621458.681800,4619,1,12,12,12,12
1766621458.698505,4620,1,12,12,12,12
1766621458.715201,4620,1,12,12,12,12
1766621458.731133,4621,1,12,12,12,12
1766621458.747357,4622,1,12,12,12,12
1766621458.764219,4623,1,13,12,13,12
1766621458.780915,4623,1,13,12,13,12
1766621458.796605,4624,1,13,12,13,12
1766621458.812716,4625,1,13,11,13,11
1766621458.828696,4626,1,13,11,13,11
1766621458.845059,4626,1,13,11,13,11
1766621458.860953,4627,1,13,11,13,11
1766621458.877573,4628,1,13,11,13,11
1766621458.893897,4629,1,13,11,13,11
1766621458.911330,4629,1,13,11,13,11
1766621458.928245,4630,1,13,10,13,10
1766621458.944731,4631,1,13,10,13,10
1766621458.961254,4632,1,13,10,13,10
1766621458.978467,4632,1,13,10,13,10
1766621458.996010,4633,1,12,10,12,10
1766621459.012790,4634,1,12,10,12,10
1766621459.028705,4635,1,12,10,12,10
1766621459.045379,4636,1,12,10,12,10
1766621459.061850,4636,1,12,10,12,10
1766621459.078564,4637,1,12,10,12,10
1766621459.095770,4638,1,12,10,12,10
1766621459.111485,4639,1,12,10,12,10
1766621459.128253,4639,1,12,10,12,10
1766621459.144398,4640,1,12,10,12,10
1766621459.161215,4641,1,13,10,13,10
1766621459.178276,4642,1,13,10,13,10
1766621459.195716,4642,1,13,10,13,10
1766621459.212442,4643,1,13,10,13,10
1766621459.229292,4644,1,13,10,13,10
1766621459.246761,4645,1,14,10,14,10
1766621459.263378,4646,1,14,10,14,10
1766621459.280775,4646,1,14,10,14,10
1766621459.297854,4647,1,14,10,14,10
1766621459.314579,4648,1,14,10,14,10
1766621459.330921,4649,1,14,10,14,10
1766621459.346472,4649,1,14,10,14,10
1766621459.362961,4650,1,14,10,14,10
1766621459.380779,4651,1,14,10,14,10
1766621459.397721,4652,1,14,11,14,11
1766621459.414158,4653,1,14,11,14,11
1766621459.430201,4653,1,14,11,14,11
1766621459.445779,4654,1,14,11,14,11
1766621459.462248,4655,1,14,11,14,11
1766621459.478866,4655,1,14,11,14,11
1766621459.494636,4656,1,14,11,14,11
1766621459.510606,4657,1,14,11,14,11
1766621459.527576,4658,1,14,11,14,11
1766621459.544152,4658,1,14,11,14,11
1766621459.560211,4659,1,14,11,14,11
1766621459.578594,4660,1,13,11,13,11
1766621459.594437,4661,1,13,11,13,11
1766621459.610554,4661,1,13,11,13,11
1766621459.627610,4662,1,13,12,13,12
1766621459.644632,4663,1,13,12,13,12
1766621459.661355,4664,1,13,12,13,12
1766621459.677716,4665,1,13,12,13,12
1766621459.694599,4665,1,13,12,13,12
1766621459.711145,4666,1,13,12,13,12
1766621459.727765,4667,1,13,12,13,12
1766621459.744931,4668,1,13,12,13,12
1766621459.761532,4668,1,13,12,13,12
1766621459.777681,4669,1,13,12,13,12
1766621459.795084,4670,1,13,12,13,12
1766621459.811737,4671,1,13,12,13,12
1766621459.828511,4672,1,13,12,13,12
1766621459.845814,4672,1,13,12,13,12
1766621459.862047,4673,1,13,12,13,12
1766621459.878228,4674,1,13,12,13,12
1766621459.895551,4675,1,13,12,13,12
1766621459.911981,4675,1,13,12,13,12
1766621459.928181,4676,1,13,12,13,12
1766621459.944978,4677,1,13,12,13,12
1766621459.961136,4678,1,12,12,12,12
1766621459.977811,4678,1,12,12,12,12
1766621459.994421,4679,1,12,12,12,12
1766621460.011477,4680,1,11,12,11,12
1766621460.027322,4681,1,11,12,11,12
1766621460.044440,4681,1,11,12,11,12
1766621460.061141,4682,1,11,12,11,12
1766621460.077491,4683,1,11,12,11,12
1766621460.094231,4684,1,11,12,11,12
1766621460.111010,4684,1,11,12,11,12
1766621460.127429,4685,1,11,12,11,12
1766621460.144880,4686,1,11,12,11,12
1766621460.161408,4687,1,11,12,11,12
1766621460.177830,4688,1,11,12,11,12
1766621460.193569,4688,1,11,12,11,12
1766621460.210761,4689,1,12,12,12,12
1766621460.226654,4690,1,12,12,12,12
1766621460.242996,4690,1,12,12,12,12
1766621460.260275,4691,1,12,12,12,12
1766621460.277078,4692,1,12,12,12,12
1766621460.293612,4693,1,12,12,12,12
1766621460.310123,4694,1,12,12,12,12
1766621460.326648,4694,1,12,12,12,12
1766621460.343565,4695,1,12,11,12,11
1766621460.360261,4696,1,12,11,12,11
1766621460.377072,4697,1,12,11,12,11
1766621460.394015,4697,1,12,11,12,11
1766621460.410594,4698,1,12,10,12,10
1766621460.427166,4699,1,12,10,12,10
1766621460.443534,4700,1,12,10,12,10
1766621460.460253,4700,1,12,10,12,10
1766621460.476932,4701,1,13,10,13,10
1766621460.493380,4702,1,13,10,13,10
1766621460.511196,4703,1,13,10,13,10
1766621460.527731,4703,1,13,10,13,10
1766621460.544733,4704,1,13,10,13,10
1766621460.560922,4705,1,14,10,14,10
1766621460.577660,4706,1,14,10,14,10
1766621460.594925,4707,1,14,10,14,10
1766621460.611341,4707,1,14,10,14,10
1766621460.628803,4708,1,14,10,14,10
1766621460.644919,4709,1,13,10,13,10
1766621460.660883,4710,1,13,10,13,10
1766621460.677541,4710,1,13,10,13,10
1766621460.694056,4711,1,13,10,13,10
1766621460.710225,4712,1,13,10,13,10
1766621460.727209,4713,1,13,10,13,10
1766621460.744318,4713,1,13,10,13,10
1766621460.760923,4714,1,13,10,13,10
1766621460.777264,4715,1,13,11,13,11
1766621460.794141,4716,1,13,11,13,11
1766621460.811649,4717,1,13,11,13,11
1766621460.828083,4717,1,13,11,13,11
1766621460.844379,4718,1,13,11,13,11
1766621460.861538,4719,1,12,11,12,11
1766621460.878594,4720,1,12,11,12,11
1766621460.895443,4720,1,12,11,12,11
1766621460.912477,4721,1,12,11,12,11
1766621460.929049,4722,1,13,11,13,11
1766621460.945777,4723,1,13,11,13,11
1766621460.961626,4723,1,13,11,13,11
1766621460.978421,4724,1,13,11,13,11
1766621460.994597,4725,1,13,11,13,11
1766621461.011075,4726,1,13,11,13,11
1766621461.027184,4727,1,14,11,14,11
1766621461.042905,4727,1,14,11,14,11
1766621461.060252,4728,1,14,11,14,11
1766621461.077728,4729,1,14,11,14,11
1766621461.095352,4730,1,14,11,14,11
1766621461.112226,4730,1,14,11,14,11
1766621461.130152,4731,1,14,10,14,10
1766621461.146336,4732,1,14,10,14,10
1766621461.163198,4733,1,14,10,14,10
1766621461.180626,4733,1,14,10,14,10
1766621461.197314,4734,1,13,10,13,10
1766621461.213540,4735,1,13,10,13,10
1766621461.230392,4736,1,13,10,13,10
1766621461.248004,4737,1,13,10,13,10
1766621461.264318,4737,1,13,10,13,10
1766621461.281481,4738,1,13,10,13,10
1766621461.298893,4739,1,13,10,13,10
1766621461.315117,4740,1,13,10,13,10
1766621461.331404,4740,1,13,10,13,10
1766621461.348003,4741,1,13,10,13,10
1766621461.364855,4742,1,13,10,13,10
1766621461.381231,4743,1,13,11,13,11
1766621461.398214,4744,1,13,11,13,11
1766621461.415378,4744,1,13,11,13,11
1766621461.432470,4745,1,13,11,13,11
1766621461.449233,4746,1,14,11,14,11
1766621461.465784,4747,1,14,11,14,11
1766621461.482619,4747,1,14,11,14,11
1766621461.499965,4748,1,14,11,14,11
1766621461.515558,4749,1,13,11,13,11
1766621461.532690,4750,1,13,11,13,11
1766621461.549163,4750,1,13,11,13,11
1766621461.565457,4751,1,13,11,13,11
1766621461.581867,4752,1,13,11,13,11
1766621461.598380,4753,1,13,11,13,11
1766621461.614902,4753,1,13,11,13,11
1766621461.631207,4754,1,13,11,13,11
1766621461.648033,4755,1,12,11,12,11
1766621461.664601,4756,1,12,11,12,11
1766621461.681277,4756,1,12,11,12,11
1766621461.698585,4757,1,12,11,12,11
1766621461.716087,4758,1,13,11,13,11
1766621461.732553,4759,1,13,11,13,11
1766621461.748667,4759,1,13,11,13,11
1766621461.765232,4760,1,13,11,13,11
1766621461.781947,4761,1,13,11,13,11
1766621461.798291,4762,1,12,11,12,11
1766621461.815104,4762,1,12,11,12,11
1766621461.831489,4763,1,12,11,12,11
1766621461.848100,4764,1,12,11,12,11
1766621461.863550,4765,1,12,12,12,12
1766621461.880124,4766,1,12,12,12,12
1766621461.896574,4766,1,12,12,12,12
1766621461.913339,4767,1,12,12,12,12
1766621461.931450,4768,1,12,12,12,12
1766621461.947966,4769,1,12,12,12,12
1766621461.964222,4769,1,12,12,12,12
1766621461.981663,4770,1,12,12,12,12
1766621461.998111,4771,1,12,12,12,12
1766621462.014253,4772,1,12,12,12,12
1766621462.031123,4773,1,12,13,12,13
1766621462.047652,4773,1,12,13,12,13
1766621462.064518,4774,1,12,13,12,13
1766621462.081173,4775,1,12,13,12,13
1766621462.097335,4776,1,12,13,12,13
1766621462.114444,4776,1,12,13,12,13
1766621462.130766,4777,1,11,13,11,13
1766621462.146914,4778,1,11,13,11,13
1766621462.163703,4779,1,11,13,11,13
1766621462.180231,4779,1,11,13,11,13
1766621462.196648,4780,1,10,13,10,13
1766621462.213188,4781,1,10,13,10,13
1766621462.228634,4782,1,10,13,10,13
1766621462.244900,4782,1,10,13,10,13
1766621462.260642,4783,1,10,12,10,12
1766621462.276801,4784,1,10,12,10,12
1766621462.294110,4785,1,10,12,10,12
1766621462.311615,4785,1,10,12,10,12
1766621462.328361,4786,1,10,12,10,12
1766621462.345940,4787,1,10,13,10,13
1766621462.362722,4788,1,10,13,10,13
1766621462.379571,4789,1,10,13,10,13
1766621462.396423,4789,1,10,13,10,13
1766621462.413786,4790,1,10,13,10,13
1766621462.430345,4791,1,10,13,10,13
1766621462.447128,4792,1,10,13,10,13
1766621462.462689,4792,1,10,13,10,13
1766621462.479069,4793,1,10,13,10,13
1766621462.495194,4794,1,10,13,10,13
1766621462.512255,4795,1,10,13,10,13
1766621462.530463,4795,1,10,13,10,13
1766621462.546894,4796,1,10,13,10,13
1766621462.563909,4797,1,10,13,10,13
1766621462.580297,4798,1,10,13,10,13
1766621462.596683,4798,1,10,13,10,13
1766621462.612913,4799,1,10,13,10,13
1766621462.629358,4800,1,10,13,10,13
1766621462.646345,4801,1,10,12,10,12
1766621462.663416,4801,1,10,12,10,12
1766621462.681573,4802,1,10,12,10,12
1766621462.698728,4803,1,10,12,10,12
1766621462.714453,4804,1,10,12,10,12
1766621462.731668,4805,1,9,12,9,12
1766621462.748252,4805,1,9,12,9,12
1766621462.765166,4806,1,9,12,9,12
1766621462.781696,4807,1,9,12,9,12
1766621462.798059,4808,1,9,12,9,12
1766621462.814237,4808,1,9,12,9,12
1766621462.831053,4809,1,9,12,9,12
1766621462.846744,4810,1,9,12,9,12
1766621462.863099,4810,1,9,12,9,12
1766621462.879676,4811,1,8,12,8,12
1766621462.895738,4812,1,8,12,8,12
1766621462.912722,4813,1,8,12,8,12
1766621462.928953,4813,1,8,12,8,12
1766621462.945094,4814,1,9,12,9,12
1766621462.961579,4815,1,9,12,9,12
1766621462.978814,4816,1,9,12,9,12
1766621462.995521,4817,1,9,12,9,12
1766621463.011873,4817,1,9,12,9,12
1766621463.027631,4818,1,9,12,9,12
1766621463.043902,4819,1,9,11,9,11
1766621463.060302,4820,1,9,11,9,11
1766621463.077882,4820,1,9,11,9,11
1766621463.094393,4821,1,9,11,9,11
1766621463.111181,4822,1,9,11,9,11
1766621463.127335,4823,1,9,10,9,10
1766621463.143886,4823,1,9,10,9,10
1766621463.159962,4824,1,9,10,9,10
1766621463.175996,4825,1,9,10,9,10
1766621463.192173,4826,1,9,10,9,10
1766621463.207428,4826,1,9,10,9,10
1766621463.224138,4827,1,9,10,9,10
1766621463.241504,4828,1,9,10,9,10
1766621463.258047,4829,1,9,10,9,10
1766621463.275415,4829,1,9,10,9,10
1766621463.292282,4830,1,9,11,9,11
1766621463.309620,4831,1,9,11,9,11
1766621463.326590,4832,1,9,11,9,11
1766621463.343059,4833,1,9,11,9,11
1766621463.360107,4833,1,9,11,9,11
1766621463.376509,4834,1,9,11,9,11
1766621463.392816,4835,1,9,11,9,11
1766621463.409355,4836,1,9,11,9,11
1766621463.426861,4836,1,9,11,9,11
1766621463.442805,4837,1,9,10,9,10
1766621463.459319,4838,1,9,10,9,10
1766621463.476500,4839,1,9,10,9,10
1766621463.493217,4839,1,9,10,9,10
1766621463.510415,4840,1,9,10,9,10
1766621463.527473,4841,1,9,10,9,10
1766621463.544521,4842,1,9,10,9,10
1766621463.560914,4842,1,9,10,9,10
1766621463.577405,4843,1,9,10,9,10
1766621463.594456,4844,1,9,10,9,10
1766621463.611541,4845,1,9,10,9,10
1766621463.628670,4846,1,9,10,9,10
1766621463.645854,4846,1,9,10,9,10
1766621463.662328,4847,1,9,10,9,10
1766621463.679577,4848,1,9,10,9,10
1766621463.695532,4849,1,8,10,8,10
1766621463.712374,4849,1,8,10,8,10
1766621463.729125,4850,1,8,10,8,10
1766621463.744848,4851,1,8,10,8,10
1766621463.761808,4852,1,8,10,8,10
1766621463.778942,4853,1,8,10,8,10
1766621463.795505,4853,1,8,10,8,10
1766621463.811489,4854,1,8,10,8,10
1766621463.827490,4855,1,8,10,8,10
1766621463.844339,4856,1,8,10,8,10
1766621463.861223,4856,1,8,10,8,10
1766621463.878493,4857,1,8,10,8,10
1766621463.895524,4858,1,8,10,8,10
1766621463.912453,4859,1,8,10,8,10
1766621463.930042,4859,1,8,10,8,10
1766621463.946179,4860,1,8,10,8,10
1766621463.961484,4861,1,8,10,8,10
1766621463.978317,4862,1,8,10,8,10
1766621463.994796,4862,1,8,10,8,10
1766621464.011397,4863,1,8,10,8,10
1766621464.027949,4864,1,8,9,8,9
1766621464.043566,4865,1,8,9,8,9
1766621464.059734,4865,1,8,9,8,9
1766621464.075543,4866,1,8,9,8,9
1766621464.092598,4867,1,8,9,8,9
1766621464.108783,4868,1,8,9,8,9
1766621464.124668,4868,1,8,9,8,9
1766621464.141084,4869,1,8,9,8,9
1766621464.157089,4870,1,8,9,8,9
1766621464.173434,4871,1,8,9,8,9
1766621464.190399,4872,1,8,9,8,9
1766621464.206847,4872,1,8,9,8,9
1766621464.222749,4873,1,8,8,8,8
1766621464.238876,4874,1,8,8,8,8
1766621464.254538,4875,1,8,8,8,8
1766621464.271372,4875,1,8,8,8,8
1766621464.288660,4876,1,8,8,8,8
1766621464.304969,4877,1,8,7,8,7
1766621464.322041,4878,1,8,7,8,7
1766621464.338949,4878,1,8,7,8,7
1766621464.354861,4879,1,8,7,8,7
1766621464.370475,4880,1,8,7,8,7
1766621464.386997,4881,1,8,7,8,7
1766621464.402451,4881,1,8,7,8,7
1766621464.420384,4882,1,8,7,8,7
1766621464.436336,4883,1,8,7,8,7
1766621464.453342,4884,1,9,7,9,7
1766621464.470018,4885,1,9,7,9,7
1766621464.486748,4885,1,9,7,9,7
1766621464.503054,4886,1,9,7,9,7
1766621464.520588,4887,1,9,7,9,7
1766621464.537353,4888,1,9,6,9,6
1766621464.554715,4888,1,9,6,9,6
1766621464.571404,4889,1,9,6,9,6
1766621464.587696,4890,1,9,6,9,6
1766621464.604484,4891,1,9,6,9,6
1766621464.620457,4891,1,9,6,9,6
1766621464.637472,4892,1,9,5,9,5
1766621464.654092,4893,1,9,5,9,5
1766621464.671368,4894,1,9,5,9,5
1766621464.688255,4895,1,9,5,9,5
1766621464.704747,4895,1,9,5,9,5
1766621464.721526,4896,1,9,5,9,5
1766621464.739067,4897,1,9,4,9,4
1766621464.755295,4898,1,9,4,9,4
1766621464.772859,4899,1,9,4,9,4
1766621464.789021,4899,1,9,4,9,4
1766621464.804830,4900,1,9,4,9,4
1766621464.820761,4901,1,8,4,8,4
1766621464.837465,4902,1,8,4,8,4
1766621464.854266,4902,1,8,4,8,4
1766621464.871173,4903,1,8,4,8,4
1766621464.887191,4904,1,8,3,8,3
1766621464.902716,4905,1,8,3,8,3
1766621464.918383,4905,1,8,3,8,3
1766621464.934926,4906,1,8,3,8,3
1766621464.951968,4907,1,8,3,8,3
1766621464.968663,4907,1,8,3,8,3
1766621464.985381,4908,1,9,3,9,3
1766621465.001712,4909,1,9,3,9,3
1766621465.018085,4910,1,9,3,9,3
1766621465.034696,4910,1,9,3,9,3
1766621465.051293,4911,1,8,3,8,3
1766621465.068402,4912,1,8,3,8,3
1766621465.085543,4913,1,8,3,8,3
1766621465.101425,4914,1,8,3,8,3
1766621465.117914,4914,1,8,3,8,3
1766621465.134360,4915,1,7,3,7,3
1766621465.151944,4916,1,7,3,7,3
1766621465.167723,4917,1,7,3,7,3
1766621465.184777,4917,1,7,3,7,3
1766621465.201454,4918,1,7,3,7,3
1766621465.218497,4919,1,8,3,8,3
1766621465.235854,4920,1,8,3,8,3
1766621465.252785,4921,1,8,3,8,3
1766621465.269440,4921,1,8,3,8,3
1766621465.285850,4922,1,8,3,8,3
1766621465.301447,4923,1,8,3,8,3
1766621465.318511,4924,1,8,4,8,4
1766621465.336264,4924,1,8,4,8,4
1766621465.353237,4925,1,8,4,8,4
1766621465.371636,4926,1,8,4,8,4
1766621465.387547,4927,1,8,4,8,4
1766621465.404701,4928,1,8,5,8,5
1766621465.420513,4928,1,8,5,8,5
1766621465.437373,4929,1,8,5,8,5
1766621465.454696,4930,1,8,5,8,5
1766621465.471635,4931,1,8,4,8,4
1766621465.487711,4932,1,8,4,8,4
1766621465.504651,4932,1,8,4,8,4
1766621465.521149,4933,1,7,4,7,4
1766621465.537064,4934,1,7,4,7,4
1766621465.552596,4935,1,7,4,7,4
1766621465.568986,4935,1,7,4,7,4
1766621465.584781,4936,1,7,4,7,4
1766621465.600685,4937,1,8,4,8,4
1766621465.617860,4938,1,8,4,8,4
1766621465.633806,4938,1,8,4,8,4
1766621465.650916,4939,1,8,4,8,4
1766621465.667301,4940,1,8,4,8,4
1766621465.684371,4941,1,9,4,9,4
1766621465.700360,4941,1,9,4,9,4
1766621465.716986,4942,1,9,4,9,4
1766621465.733790,4943,1,9,4,9,4
1766621465.750362,4944,1,9,4,9,4
1766621465.767320,4945,1,10,4,10,4
1766621465.784108,4945,1,10,4,10,4
1766621465.799605,4946,1,10,4,10,4
1766621465.815414,4947,1,10,4,10,4
1766621465.832250,4948,1,10,4,10,4
1766621465.848971,4948,1,10,4,10,4
1766621465.864945,4949,1,10,4,10,4
1766621465.880265,4950,1,10,4,10,4
1766621465.898176,4951,1,10,4,10,4
1766621465.914541,4951,1,10,4,10,4
1766621465.930412,4952,1,10,4,10,4
1766621465.946517,4953,1,10,4,10,4
1766621465.963428,4954,1,10,4,10,4
1766621465.980253,4954,1,10,4,10,4
1766621465.997129,4955,1,10,4,10,4
1766621466.013710,4956,1,10,3,10,3
1766621466.030481,4957,1,10,3,10,3
1766621466.047255,4957,1,10,3,10,3
1766621466.064509,4958,1,11,3,11,3
1766621466.081870,4959,1,11,3,11,3
1766621466.098144,4960,1,11,3,11,3
1766621466.114083,4961,1,10,3,10,3
1766621466.130289,4961,1,10,3,10,3
1766621466.147656,4962,1,10,3,10,3
1766621466.163907,4963,1,10,3,10,3
1766621466.180045,4964,1,10,3,10,3
1766621466.196572,4964,1,10,3,10,3
1766621466.213965,4965,1,10,2,10,2
1766621466.230456,4966,1,10,2,10,2
1766621466.248031,4967,1,10,2,10,2
1766621466.265224,4968,1,10,2,10,2
1766621466.282510,4968,1,10,2,10,2
1766621466.299384,4969,1,10,2,10,2
1766621466.315530,4970,1,10,2,10,2
1766621466.332420,4971,1,10,2,10,2
1766621466.349726,4971,1,10,2,10,2
1766621466.366594,4972,1,10,1,10,1
1766621466.383133,4973,1,10,1,10,1
1766621466.399321,4974,1,10,1,10,1
1766621466.416416,4975,1,10,1,10,1
1766621466.432875,4975,1,10,1,10,1
1766621466.448802,4976,1,10,1,10,1
1766621466.464886,4977,1,10,1,10,1
1766621466.481001,4978,1,10,1,10,1
1766621466.497088,4978,1,10,1,10,1
1766621466.514437,4979,1,10,0,10,0
1766621466.530570,4980,1,10,0,10,0
1766621466.547526,4981,1,10,0,10,0
1766621466.565309,4981,1,10,0,10,0
1766621466.582373,4982,1,10,0,10,0
1766621466.600492,4983,1,10,1,10,1
1766621466.617058,4984,1,10,1,10,1
1766621466.633022,4985,1,10,1,10,1
1766621466.650090,4985,1,10,1,10,1
1766621466.666585,4986,1,10,1,10,1
1766621466.683408,4987,1,9,1,9,1
1766621466.700258,4988,1,9,1,9,1
1766621466.717376,4988,1,9,1,9,1
1766621466.734443,4989,1,9,1,9,1
1766621466.751393,4990,1,10,1,10,1
1766621466.767869,4991,1,10,1,10,1
1766621466.785131,4992,1,10,1,10,1
1766621466.801313,4992,1,10,1,10,1
1766621466.818167,4993,1,10,1,10,1
1766621466.833397,4994,1,10,0,10,0
1766621466.850079,4995,1,10,0,10,0
1766621466.866052,4995,1,10,0,10,0
1766621466.881878,4996,1,10,0,10,0
1766621466.897707,4997,1,9,0,9,0
1766621466.914124,4998,1,9,0,9,0
1766621466.929720,4998,1,9,0,9,0
1766621466.946027,4999,1,9,0,9,0
1766621466.962796,5000,1,9,0,9,0
1766621466.979570,5001,1,10,0,10,0
1766621466.996201,5001,1,10,0,10,0
1766621467.012751,5002,1,10,0,10,0
1766621467.028688,5003,1,10,0,10,0
1766621467.045612,5004,1,10,0,10,0
1766621467.062459,5004,1,10,0,10,0
1766621467.078994,5005,1,10,0,10,0
1766621467.095214,5006,1,10,0,10,0
1766621467.112292,5007,1,10,0,10,0
1766621467.129442,5007,1,10,0,10,0
1766621467.145666,5008,1,10,0,10,0
1766621467.162488,5009,1,10,0,10,0
1766621467.178731,5010,1,11,0,11,0
1766621467.196734,5011,1,11,0,11,0
1766621467.213611,5011,1,11,0,11,0
1766621467.230514,5012,1,11,0,11,0
1766621467.247390,5013,1,10,0,10,0
1766621467.264867,5014,1,10,0,10,0
1766621467.280697,5014,1,10,0,10,0
1766621467.297781,5015,1,10,0,10,0
1766621467.314389,5016,1,10,0,10,0
1766621467.332066,5017,1,11,0,11,0
1766621467.347982,5018,1,11,0,11,0
1766621467.363696,5018,1,11,0,11,0
1766621467.379780,5019,1,11,0,11,0
1766621467.396097,5020,1,11,0,11,0
1766621467.412018,5020,1,11,0,11,0
1766621467.428231,5021,1,11,1,11,1
1766621467.445051,5022,1,11,1,11,1
1766621467.461671,5023,1,12,1,12,1
1766621467.477450,5023,1,12,1,12,1
1766621467.493768,5024,1,12,1,12,1
1766621467.509918,5025,1,12,1,12,1
1766621467.527008,5026,1,13,1,13,1
1766621467.544114,5027,1,13,1,13,1
1766621467.560795,5027,1,13,1,13,1
1766621467.577312,5028,1,14,1,14,1
1766621467.594247,5029,1,14,1,14,1
1766621467.611444,5030,1,14,1,14,1
1766621467.628315,5030,1,14,1,14,1
1766621467.645313,5031,1,14,1,14,1
1766621467.662904,5032,1,13,1,13,1
1766621467.680322,5033,1,13,1,13,1
1766621467.696106,5034,1,13,1,13,1
1766621467.713161,5034,1,13,1,13,1
1766621467.728669,5035,1,13,1,13,1
1766621467.745166,5036,1,13,0,13,0
1766621467.761215,5037,1,13,0,13,0
1766621467.778978,5037,1,13,0,13,0
1766621467.795161,5038,1,13,0,13,0
1766621467.811085,5039,1,13,0,13,0
1766621467.827588,5040,1,13,0,13,0
1766621467.845188,5041,1,13,1,13,1
1766621467.860852,5041,1,13,1,13,1
1766621467.877214,5042,1,13,1,13,1
1766621467.894272,5043,1,13,1,13,1
1766621467.911499,5044,1,13,1,13,1
1766621467.928391,5044,1,13,1,13,1
1766621467.945180,5045,1,13,2,13,2
1766621467.962130,5046,1,13,2,13,2
1766621467.978328,5047,1,13,2,13,2
1766621467.995018,5048,1,13,2,13,2
1766621468.011463,5048,1,13,2,13,2
1766621468.027741,5049,1,13,2,13,2
1766621468.044472,5050,1,13,2,13,2
1766621468.061200,5051,1,13,2,13,2
1766621468.077109,5051,1,13,2,13,2
1766621468.093162,5052,1,13,2,13,2
1766621468.109541,5053,1,13,2,13,2
1766621468.126266,5054,1,13,2,13,2
1766621468.143253,5054,1,13,2,13,2
1766621468.160376,5055,1,13,2,13,2
1766621468.177148,5056,1,13,2,13,2
1766621468.194785,5057,1,13,2,13,2
1766621468.210386,5058,1,13,2,13,2
1766621468.226974,5058,1,13,2,13,2
1766621468.243006,5059,1,13,2,13,2
1766621468.259048,5060,1,13,2,13,2
1766621468.275206,5061,1,13,2,13,2
1766621468.292100,5061,1,13,2,13,2
1766621468.308067,5062,1,13,2,13,2
1766621468.323950,5063,1,13,2,13,2
1766621468.340130,5064,1,13,2,13,2
1766621468.355922,5064,1,13,2,13,2
1766621468.371900,5065,1,13,2,13,2
1766621468.389135,5066,1,13,2,13,2
1766621468.404505,5067,1,13,2,13,2
1766621468.421451,5067,1,13,2,13,2
1766621468.438245,5068,1,13,2,13,2
1766621468.454995,5069,1,13,2,13,2
1766621468.471110,5070,1,13,2,13,2
1766621468.487178,5070,1,13,2,13,2
1766621468.504208,5071,1,12,2,12,2
1766621468.521406,5072,1,12,2,12,2
1766621468.538535,5073,1,12,2,12,2
1766621468.555388,5074,1,12,2,12,2
1766621468.572395,5074,1,12,2,12,2
1766621468.588845,5075,1,12,2,12,2
1766621468.605284,5076,1,12,2,12,2
1766621468.622159,5077,1,12,2,12,2
1766621468.638061,5077,1,12,2,12,2
1766621468.654248,5078,1,12,2,12,2
1766621468.670495,5079,1,12,2,12,2
1766621468.687279,5080,1,12,2,12,2
1766621468.704532,5080,1,12,2,12,2
1766621468.721524,5081,1,12,2,12,2
1766621468.738407,5082,1,12,2,12,2
1766621468.755505,5083,1,12,2,12,2
1766621468.771454,5084,1,12,2,12,2
1766621468.788084,5084,1,12,2,12,2
1766621468.804098,5085,1,12,2,12,2
1766621468.820607,5086,1,12,2,12,2
1766621468.836752,5087,1,12,2,12,2
1766621468.853413,5087,1,12,2,12,2
1766621468.870236,5088,1,12,2,12,2
1766621468.887600,5089,1,12,2,12,2
1766621468.904755,5090,1,12,2,12,2
1766621468.921870,5091,1,12,2,12,2
1766621468.938339,5091,1,12,2,12,2
1766621468.955520,5092,1,12,2,12,2
1766621468.971818,5093,1,12,2,12,2
1766621468.988063,5094,1,12,2,12,2
1766621469.004570,5094,1,12,2,12,2
1766621469.021668,5095,1,12,2,12,2
1766621469.038298,5096,1,12,2,12,2
1766621469.054968,5097,1,12,2,12,2
1766621469.071250,5098,1,12,2,12,2
1766621469.089032,5098,1,12,2,12,2
1766621469.105098,5099,1,12,2,12,2
1766621469.121736,5100,1,13,2,13,2
1766621469.138762,5101,1,13,2,13,2
1766621469.154954,5101,1,13,2,13,2
1766621469.171628,5102,1,13,2,13,2
1766621469.189392,5103,1,13,2,13,2
1766621469.205963,5104,1,13,2,13,2
1766621469.222568,5104,1,13,2,13,2
1766621469.239194,5105,1,13,2,13,2
1766621469.255021,5106,1,13,2,13,2
1766621469.271116,5107,1,12,2,12,2
1766621469.287302,5108,1,12,2,12,2
1766621469.304528,5108,1,12,2,12,2
1766621469.321147,5109,1,12,2,12,2
1766621469.337099,5110,1,12,2,12,2
1766621469.353398,5111,1,12,2,12,2
1766621469.369678,5111,1,12,2,12,2
1766621469.386606,5112,1,12,2,12,2
1766621469.403391,5113,1,12,2,12,2
1766621469.421677,5114,1,12,1,12,1
1766621469.438959,5115,1,12,1,12,1
1766621469.454513,5115,1,12,1,12,1
1766621469.470742,5116,1,12,1,12,1
1766621469.488618,5117,1,12,1,12,1
1766621469.505702,5117,1,12,1,12,1
1766621469.521975,5118,1,12,2,12,2
1766621469.537555,5119,1,12,2,12,2
1766621469.554599,5120,1,12,2,12,2
1766621469.570630,5120,1,12,2,12,2
1766621469.586992,5121,1,12,2,12,2
1766621469.603590,5122,1,12,2,12,2
1766621469.619621,5123,1,12,2,12,2
1766621469.637038,5124,1,12,2,12,2
1766621469.652518,5124,1,12,2,12,2
1766621469.669199,5125,1,12,2,12,2
1766621469.686232,5126,1,12,2,12,2
1766621469.703636,5127,1,12,2,12,2
1766621469.720265,5127,1,12,2,12,2
1766621469.737829,5128,1,12,2,12,2
1766621469.754070,5129,1,12,2,12,2
1766621469.770416,5130,1,12,2,12,2
1766621469.787613,5130,1,12,2,12,2
1766621469.803846,5131,1,12,2,12,2
1766621469.820189,5132,1,12,2,12,2
1766621469.836266,5133,1,12,2,12,2
1766621469.853633,5133,1,12,2,12,2
1766621469.869586,5134,1,12,2,12,2
1766621469.885901,5135,1,12,1,12,1
1766621469.901690,5136,1,12,1,12,1
1766621470.088011,5137,1,12,1,12,1
1766621470.103804,5138,1,13,1,13,1
1766621470.120238,5139,1,13,1,13,1
1766621470.136509,5139,1,13,1,13,1
1766621470.153934,5140,1,13,1,13,1
1766621470.170433,5141,1,13,1,13,1
1766621470.187655,5142,1,14,1,14,1
1766621470.203472,5143,1,14,1,14,1
1766621470.219920,5143,1,14,1,14,1
1766621470.237084,5144,1,14,1,14,1
1766621470.253571,5145,1,14,1,14,1
1766621470.269798,5146,1,15,1,15,1
1766621470.286766,5146,1,15,1,15,1
1766621470.302476,5147,1,15,1,15,1
1766621470.319560,5148,1,15,0,15,0
1766621470.336777,5149,1,15,0,15,0
1766621470.352881,5149,1,15,0,15,0
1766621470.369278,5150,1,15,0,15,0
1766621470.386425,5151,1,15,0,15,0
1766621470.403170,5152,1,15,0,15,0
1766621470.420836,5152,1,15,0,15,0
1766621470.436818,5153,1,15,0,15,0
1766621470.454143,5154,1,15,0,15,0
1766621470.469669,5155,1,15,0,15,0
1766621470.486203,5155,1,15,0,15,0
1766621470.504007,5156,1,15,0,15,0
1766621470.520469,5157,1,15,0,15,0
1766621470.536685,5158,1,16,0,16,0
1766621470.552684,5158,1,16,0,16,0
1766621470.569144,5159,1,16,0,16,0
1766621470.584806,5160,1,16,0,16,0
1766621470.600623,5161,1,15,0,15,0
1766621470.617642,5161,1,15,0,15,0
1766621470.634618,5162,1,15,0,15,0
1766621470.651776,5163,1,15,0,15,0
1766621470.668738,5164,1,15,0,15,0
1766621470.685771,5165,1,15,0,15,0
1766621470.702036,5165,1,15,0,15,0
1766621470.718535,5166,1,15,0,15,0
1766621470.735473,5167,1,15,1,15,1
1766621470.753195,5168,1,15,1,15,1
1766621470.770533,5169,1,15,1,15,1
1766621470.786843,5169,1,15,1,15,1
1766621470.803927,5170,1,15,1,15,1
1766621470.820552,5171,1,14,1,14,1
1766621470.838118,5172,1,14,1,14,1
1766621470.854507,5172,1,14,1,14,1
1766621470.871209,5173,1,14,1,14,1
1766621470.888161,5174,1,14,1,14,1
1766621470.903480,5175,1,14,1,14,1
1766621470.920432,5175,1,14,1,14,1
1766621470.937075,5176,1,14,1,14,1
1766621470.954166,5177,1,14,1,14,1
1766621470.971415,5178,1,14,1,14,1
1766621470.987473,5179,1,14,1,14,1
1766621471.003884,5179,1,14,1,14,1
1766621471.019832,5180,1,14,1,14,1
1766621471.036805,5181,1,14,1,14,1
1766621471.053480,5182,1,15,1,15,1
1766621471.070525,5182,1,15,1,15,1
1766621471.086839,5183,1,15,1,15,1
1766621471.103521,5184,1,15,1,15,1
1766621471.120549,5185,1,15,1,15,1
1766621471.137099,5185,1,15,1,15,1
1766621471.152832,5186,1,15,0,15,0
1766621471.169053,5187,1,15,0,15,0
1766621471.185512,5188,1,15,0,15,0
1766621471.201976,5188,1,15,0,15,0
1766621471.217964,5189,1,16,0,16,0
1766621471.235055,5190,1,16,0,16,0
1766621471.251023,5191,1,16,0,16,0
1766621471.299086,5191,1,16,0,16,0
1766621471.315639,5192,1,16,1,16,1
1766621471.332126,5193,1,17,1,17,1
1766621471.348232,5194,1,17,1,17,1
1766621471.365079,5194,1,17,1,17,1
1766621471.381262,5195,1,17,1,17,1
1766621471.397517,5196,1,17,1,17,1
1766621471.414594,5197,1,16,1,16,1
1766621471.431642,5198,1,16,1,16,1
1766621471.448181,5198,1,16,1,16,1
1766621471.465504,5199,1,16,1,16,1
1766621471.481567,5200,1,16,1,16,1
1766621471.498681,5201,1,16,0,16,0
1766621471.514367,5201,1,16,0,16,0
1766621471.531167,5202,1,16,0,16,0
1766621471.547081,5203,1,16,0,16,0
1766621471.562735,5204,1,17,0,17,0
1766621471.579122,5204,1,17,0,17,0
1766621471.595101,5205,1,17,0,17,0
1766621471.611539,5206,1,17,0,17,0
1766621471.628812,5207,1,17,0,17,0
1766621471.644443,5207,1,17,0,17,0
1766621471.661744,5208,1,17,1,17,1
1766621471.677351,5209,1,17,1,17,1
1766621471.694095,5210,1,17,1,17,1
1766621471.712013,5210,1,17,1,17,1
1766621471.728858,5211,1,17,1,17,1
1766621471.745158,5212,1,17,2,17,2
1766621471.761324,5213,1,17,2,17,2
1766621471.778744,5213,1,17,2,17,2
1766621471.795239,5214,1,17,2,17,2
1766621471.812630,5215,1,17,1,17,1
1766621471.828499,5216,1,17,1,17,1
1766621471.844626,5216,1,17,1,17,1
1766621471.861158,5217,1,17,1,17,1
1766621471.877800,5218,1,17,0,17,0
1766621471.894128,5219,1,17,0,17,0
1766621471.911549,5219,1,17,0,17,0
1766621471.927985,5220,1,17,0,17,0
1766621471.944029,5221,1,17,0,17,0
1766621471.959604,5222,1,17,0,17,0
1766621471.975817,5222,1,17,0,17,0
1766621471.992270,5223,1,17,0,17,0
1766621472.009057,5224,1,17,0,17,0
1766621472.025234,5225,1,17,0,17,0
1766621472.043468,5226,1,17,0,17,0
1766621472.061697,5226,1,17,0,17,0
1766621472.078467,5227,1,17,0,17,0
1766621472.095177,5228,1,17,0,17,0
1766621472.111054,5229,1,17,0,17,0
1766621472.127338,5229,1,17,0,17,0
1766621472.143910,5230,1,17,0,17,0
1766621472.160479,5231,1,17,0,17,0
1766621472.177260,5232,1,17,0,17,0
1766621472.194956,5233,1,17,0,17,0
1766621472.211852,5233,1,17,0,17,0
1766621472.228086,5234,1,17,0,17,0
1766621472.244418,5235,1,17,1,17,1
1766621472.261610,5236,1,17,1,17,1
1766621472.277859,5236,1,17,1,17,1
1766621472.294282,5237,1,17,1,17,1
1766621472.311201,5238,1,17,1,17,1
1766621472.327340,5239,1,17,2,17,2
1766621472.344093,5240,1,17,2,17,2
1766621472.359627,5240,1,17,2,17,2
1766621472.375587,5241,1,17,2,17,2
1766621472.392262,5242,1,18,2,18,2
1766621472.409317,5242,1,18,2,18,2
1766621472.425565,5243,1,18,2,18,2
1766621472.442265,5244,1,18,2,18,2
1766621472.459535,5245,1,18,2,18,2
1766621472.475537,5245,1,18,2,18,2
1766621472.491528,5246,1,18,1,18,1
1766621472.509573,5247,1,18,1,18,1
1766621472.526328,5248,1,18,1,18,1
1766621472.542943,5249,1,17,1,17,1
1766621472.558292,5249,1,17,1,17,1
1766621472.575585,5250,1,17,1,17,1
1766621472.592112,5251,1,17,1,17,1
1766621472.609054,5252,1,17,1,17,1
1766621472.625627,5252,1,17,1,17,1
1766621472.641971,5253,1,17,0,17,0
1766621472.657773,5254,1,17,0,17,0
1766621472.673948,5255,1,17,0,17,0
1766621472.690224,5255,1,17,0,17,0
1766621472.707968,5256,1,17,0,17,0
1766621472.724075,5257,1,17,0,17,0
1766621472.740656,5258,1,17,0,17,0
1766621472.756677,5259,1,17,0,17,0
1766621472.773873,5259,1,17,0,17,0
1766621472.790501,5260,1,17,0,17,0
1766621472.807085,5261,1,17,0,17,0
1766621472.823633,5262,1,17,0,17,0
1766621472.840262,5262,1,17,0,17,0
1766621472.856454,5263,1,17,0,17,0
1766621472.873594,5264,1,17,0,17,0
1766621472.890275,5265,1,18,0,18,0
1766621472.907429,5266,1,18,0,18,0
1766621472.924852,5266,1,18,0,18,0
1766621472.941512,5267,1,18,0,18,0
1766621472.958974,5268,1,19,0,19,0
1766621472.975226,5269,1,19,0,19,0
1766621472.991813,5269,1,19,0,19,0
1766621473.009117,5270,1,19,0,19,0
1766621473.025181,5271,1,19,0,19,0
1766621473.040348,5272,1,19,0,19,0
1766621473.056942,5272,1,19,0,19,0
1766621473.072680,5273,1,19,0,19,0
1766621473.089278,5274,1,19,0,19,0
1766621473.107122,5275,1,19,0,19,0
1766621473.123077,5275,1,19,0,19,0
1766621473.138950,5276,1,19,0,19,0
1766621473.155389,5277,1,19,0,19,0
1766621473.172997,5278,1,19,0,19,0
1766621473.188309,5278,1,19,0,19,0
1766621473.205288,5279,1,18,0,18,0
1766621473.223070,5280,1,18,0,18,0
1766621473.238587,5281,1,18,0,18,0
1766621473.255088,5282,1,18,0,18,0
1766621473.270958,5282,1,18,0,18,0
1766621473.287335,5283,1,17,0,17,0
1766621473.304229,5284,1,17,0,17,0
1766621473.321685,5285,1,17,0,17,0
1766621473.338461,5285,1,17,0,17,0
1766621473.355688,5286,1,17,0,17,0
1766621473.372500,5287,1,17,0,17,0
1766621473.389534,5288,1,16,0,16,0
1766621473.406074,5289,1,16,0,16,0
1766621473.421996,5289,1,16,0,16,0
1766621473.437900,5290,1,16,0,16,0
1766621473.454189,5291,1,16,0,16,0
1766621473.470467,5292,1,16,0,16,0
1766621473.486835,5292,1,16,0,16,0
1766621473.502783,5293,1,16,0,16,0
1766621473.518929,5293,1,16,0,16,0
1766621473.535954,5294,1,16,0,16,0
1766621473.551984,5295,1,16,0,16,0
1766621473.568880,5296,1,16,0,16,0
1766621473.585143,5297,1,16,0,16,0
1766621473.601268,5297,1,16,0,16,0
1766621473.617852,5298,1,16,0,16,0
1766621473.633906,5299,1,16,0,16,0
1766621473.650333,5300,1,16,1,16,1
1766621473.668088,5300,1,16,1,16,1
1766621473.684350,5301,1,16,1,16,1
1766621473.701856,5302,1,16,0,16,0
1766621473.718554,5303,1,16,0,16,0
1766621473.735332,5303,1,16,0,16,0
1766621473.751958,5304,1,16,0,16,0
1766621473.768499,5305,1,16,0,16,0
1766621473.784619,5306,1,17,0,17,0
1766621473.801369,5307,1,17,0,17,0
1766621473.817797,5307,1,17,0,17,0
1766621473.834174,5308,1,17,1,17,1
1766621473.849547,5309,1,17,1,17,1
1766621473.866152,5310,1,17,1,17,1
1766621473.883471,5310,1,17,1,17,1
1766621473.899533,5311,1,17,1,17,1
1766621473.916180,5312,1,17,1,17,1
1766621473.931937,5313,1,17,0,17,0
1766621473.947909,5313,1,17,0,17,0
1766621473.963910,5314,1,17,0,17,0
1766621473.979527,5315,1,17,0,17,0
1766621473.995718,5315,1,17,0,17,0
1766621474.011650,5316,1,18,0,18,0
1766621474.029006,5317,1,18,0,18,0
1766621474.044397,5318,1,18,0,18,0
1766621474.061557,5319,1,18,1,18,1
1766621474.078503,5319,1,18,1,18,1
1766621474.095062,5320,1,18,1,18,1
1766621474.111748,5321,1,18,1,18,1
1766621474.127870,5322,1,19,1,19,1
1766621474.143979,5322,1,19,1,19,1
1766621474.160417,5323,1,19,1,19,1
1766621474.177196,5324,1,19,1,19,1
1766621474.193537,5325,1,19,1,19,1
1766621474.210432,5325,1,19,1,19,1
1766621474.226577,5326,1,19,0,19,0
1766621474.243224,5327,1,19,0,19,0
1766621474.260684,5328,1,19,0,19,0
1766621474.276984,5329,1,19,0,19,0
1766621474.292796,5329,1,19,0,19,0
1766621474.308678,5330,1,19,0,19,0
1766621474.325000,5331,1,19,0,19,0
1766621474.340698,5331,1,19,0,19,0
1766621474.357573,5332,1,19,0,19,0
1766621474.374699,5333,1,19,0,19,0
1766621474.390496,5334,1,19,0,19,0
1766621474.406584,5335,1,19,0,19,0
1766621474.423949,5335,1,19,0,19,0
1766621474.439328,5336,1,19,0,19,0
1766621474.455612,5337,1,19,0,19,0
1766621474.472462,5338,1,19,0,19,0
1766621474.489829,5338,1,19,0,19,0
1766621474.506346,5339,1,19,0,19,0
1766621474.523126,5340,1,19,0,19,0
1766621474.540669,5341,1,19,0,19,0
1766621474.556780,5341,1,19,0,19,0
1766621474.572913,5342,1,19,0,19,0
1766621474.589509,5343,1,19,0,19,0
1766621474.605740,5344,1,19,0,19,0
1766621474.621846,5344,1,19,0,19,0
1766621474.637962,5345,1,19,0,19,0
1766621474.654819,5346,1,19,0,19,0
1766621474.671257,5347,1,19,0,19,0
1766621474.688373,5347,1,19,0,19,0
1766621474.704505,5348,1,19,0,19,0
1766621474.721195,5349,1,19,0,19,0
1766621474.737438,5350,1,19,0,19,0
1766621474.754004,5351,1,19,0,19,0
1766621474.770740,5351,1,19,0,19,0
1766621474.786787,5352,1,19,0,19,0
1766621474.803771,5353,1,19,0,19,0
1766621474.819463,5354,1,19,0,19,0
1766621474.836303,5354,1,19,0,19,0
1766621474.852660,5355,1,19,1,19,1
1766621474.868987,5356,1,19,1,19,1
1766621474.885331,5357,1,19,1,19,1
1766621474.902560,5357,1,19,1,19,1
1766621474.919100,5358,1,19,1,19,1
1766621474.935968,5359,1,19,1,19,1
1766621474.952590,5360,1,19,1,19,1
1766621474.969053,5361,1,19,2,19,2
1766621474.986593,5361,1,19,2,19,2
1766621475.003422,5362,1,19,2,19,2
1766621475.019779,5363,1,19,2,19,2
1766621475.035992,5364,1,19,2,19,2
1766621475.051894,5364,1,19,2,19,2
1766621475.068205,5365,1,19,2,19,2
1766621475.085938,5366,1,19,2,19,2
1766621475.102687,5367,1,19,2,19,2
1766621475.119418,5367,1,19,2,19,2
1766621475.136183,5368,1,19,2,19,2
1766621475.152986,5369,1,19,1,19,1
1766621475.168977,5370,1,19,1,19,1
1766621475.184636,5370,1,19,1,19,1
1766621475.201077,5371,1,19,1,19,1
1766621475.217069,5372,1,19,1,19,1
1766621475.232790,5373,1,18,1,18,1
1766621475.249050,5373,1,18,1,18,1
1766621475.266010,5374,1,18,1,18,1
1766621475.282965,5375,1,18,1,18,1
1766621475.299144,5376,1,17,1,17,1
1766621475.315127,5377,1,17,1,17,1
1766621475.331882,5377,1,17,1,17,1
1766621475.348861,5378,1,17,1,17,1
1766621475.364842,5379,1,16,1,16,1
1766621475.381892,5380,1,16,1,16,1
1766621475.398334,5380,1,16,1,16,1
1766621475.415458,5381,1,16,1,16,1
1766621475.431866,5382,1,16,1,16,1
1766621475.448561,5383,1,16,0,16,0
1766621475.464912,5383,1,16,0,16,0
1766621475.481503,5384,1,16,0,16,0
1766621475.498772,5385,1,16,0,16,0
1766621475.515213,5386,1,16,0,16,0
1766621475.533174,5386,1,16,0,16,0
1766621475.548815,5387,1,16,0,16,0
1766621475.564710,5388,1,16,0,16,0
1766621475.581365,5389,1,16,0,16,0
1766621475.598079,5389,1,16,0,16,0
1766621475.613955,5390,1,16,0,16,0
1766621475.630461,5391,1,16,0,16,0
1766621475.647517,5392,1,16,0,16,0
1766621475.664833,5393,1,16,0,16,0
1766621475.680541,5393,1,16,0,16,0
1766621475.698032,5394,1,16,0,16,0
1766621475.714328,5395,1,16,0,16,0
1766621475.731739,5396,1,17,0,17,0
1766621475.748934,5396,1,17,0,17,0
1766621475.764971,5397,1,17,0,17,0
1766621475.781284,5398,1,17,0,17,0
1766621475.798273,5399,1,17,0,17,0
1766621475.814445,5399,1,17,0,17,0
1766621475.831647,5400,1,17,0,17,0
1766621475.848207,5401,1,17,0,17,0
1766621475.865788,5402,1,17,0,17,0
1766621475.882764,5402,1,17,0,17,0
1766621475.899127,5403,1,17,0,17,0
1766621475.915756,5404,1,17,1,17,1
1766621475.931751,5405,1,17,1,17,1
1766621475.948037,5405,1,17,1,17,1
1766621475.963416,5406,1,17,1,17,1
1766621475.979930,5407,1,17,1,17,1
1766621475.996133,5407,1,17,1,17,1
1766621476.012684,5408,1,17,1,17,1
1766621476.029327,5409,1,17,0,17,0
1766621476.046472,5410,1,17,0,17,0
1766621476.063073,5411,1,17,0,17,0
1766621476.079216,5411,1,17,0,17,0
1766621476.096932,5412,1,17,0,17,0
1766621476.113344,5413,1,17,0,17,0
1766621476.131236,5414,1,17,0,17,0
1766621476.148379,5415,1,17,0,17,0
1766621476.165650,5415,1,17,0,17,0
1766621476.181774,5416,1,17,0,17,0
1766621476.197997,5417,1,17,0,17,0
1766621476.214537,5418,1,17,0,17,0
1766621476.231713,5418,1,17,0,17,0
1766621476.248121,5419,1,17,0,17,0
1766621476.264550,5420,1,17,1,17,1
1766621476.280528,5421,1,17,1,17,1
1766621476.296966,5421,1,17,1,17,1
1766621476.312454,5422,1,17,1,17,1
1766621476.329833,5423,1,17,1,17,1
1766621476.346502,5424,1,18,1,18,1
1766621476.362725,5424,1,18,1,18,1
1766621476.379662,5425,1,18,1,18,1
1766621476.395755,5426,1,18,1,18,1
1766621476.412471,5427,1,18,0,18,0
1766621476.429073,5428,1,18,0,18,0
1766621476.445031,5428,1,18,0,18,0
1766621476.462092,5429,1,18,0,18,0
1766621476.479616,5430,1,18,0,18,0
1766621476.495916,5431,1,18,1,18,1
1766621476.513012,5431,1,18,1,18,1
1766621476.529563,5432,1,18,1,18,1
1766621476.545969,5433,1,18,1,18,1
1766621476.562057,5434,1,18,0,18,0
1766621476.578107,5434,1,18,0,18,0
1766621476.593981,5435,1,18,0,18,0
1766621476.610511,5436,1,18,0,18,0
1766621476.627097,5437,1,18,0,18,0
1766621476.643312,5437,1,18,0,18,0
1766621476.660496,5438,1,18,1,18,1
1766621476.677187,5439,1,18,1,18,1
1766621476.693249,5440,1,18,1,18,1
1766621476.710338,5441,1,18,1,18,1
1766621476.728374,5441,1,18,1,18,1
1766621476.745496,5442,1,17,1,17,1
1766621476.762042,5443,1,17,1,17,1
1766621476.777437,5444,1,17,0,17,0
1766621476.794049,5444,1,17,0,17,0
1766621476.810302,5445,1,17,0,17,0
1766621476.827632,5446,1,17,0,17,0
1766621476.844001,5447,1,17,0,17,0
1766621476.859784,5447,1,17,0,17,0
1766621476.877008,5448,1,17,0,17,0
1766621476.893675,5449,1,16,0,16,0
1766621476.910042,5450,1,16,0,16,0
1766621476.926166,5451,1,16,0,16,0
1766621476.942744,5451,1,16,0,16,0
1766621476.959144,5452,1,15,0,15,0
1766621476.975183,5453,1,15,0,15,0
1766621476.991419,5454,1,15,0,15,0
1766621477.008294,5454,1,15,0,15,0
1766621477.025127,5455,1,15,0,15,0
1766621477.040947,5456,1,15,0,15,0
1766621477.056952,5457,1,15,0,15,0
1766621477.073224,5457,1,15,0,15,0
1766621477.090601,5458,1,15,0,15,0
1766621477.107569,5459,1,15,0,15,0
1766621477.124186,5460,1,15,0,15,0
1766621477.140651,5460,1,15,0,15,0
1766621477.157284,5461,1,15,0,15,0
1766621477.174359,5462,1,15,0,15,0
1766621477.190755,5463,1,15,0,15,0
1766621477.207739,5464,1,15,0,15,0
1766621477.223619,5464,1,15,0,15,0
1766621477.239434,5465,1,15,0,15,0
1766621477.256598,5466,1,15,1,15,1
1766621477.273101,5467,1,15,1,15,1
1766621477.288728,5467,1,15,1,15,1
1766621477.304863,5468,1,15,1,15,1
1766621477.320805,5469,1,15,1,15,1
1766621477.337423,5470,1,16,1,16,1
1766621477.354455,5470,1,16,1,16,1
1766621477.370744,5471,1,16,1,16,1
1766621477.386370,5472,1,16,0,16,0
1766621477.402380,5472,1,16,0,16,0
1766621477.419852,5473,1,16,0,16,0
1766621477.436870,5474,1,16,0,16,0
1766621477.452726,5475,1,16,0,16,0
1766621477.469721,5476,1,16,0,16,0
1766621477.486104,5476,1,16,0,16,0
1766621477.501498,5477,1,16,0,16,0
1766621477.517751,5478,1,16,0,16,0
1766621477.533605,5479,1,16,0,16,0
1766621477.549963,5479,1,16,0,16,0
1766621477.567130,5480,1,16,0,16,0
1766621477.583987,5481,1,17,0,17,0
1766621477.600434,5482,1,17,0,17,0
1766621477.617380,5482,1,17,0,17,0
1766621477.633644,5483,1,17,0,17,0
1766621477.650299,5484,1,17,1,17,1
1766621477.667361,5485,1,17,1,17,1
1766621477.684804,5486,1,17,1,17,1
1766621477.700858,5486,1,17,1,17,1
1766621477.717448,5487,1,17,1,17,1
1766621477.733743,5488,1,17,0,17,0
1766621477.750480,5489,1,17,0,17,0
1766621477.766802,5489,1,17,0,17,0
1766621477.783741,5490,1,17,0,17,0
1766621477.800603,5491,1,17,0,17,0
1766621477.817873,5492,1,18,0,18,0
1766621477.834716,5492,1,18,0,18,0
1766621477.850664,5493,1,18,0,18,0
1766621477.867874,5494,1,18,0,18,0
1766621477.884005,5495,1,18,0,18,0
1766621477.900201,5495,1,18,0,18,0
1766621477.917211,5496,1,18,0,18,0
1766621477.934218,5497,1,18,0,18,0
1766621477.950762,5498,1,18,0,18,0
1766621477.967474,5498,1,18,0,18,0
1766621477.985016,5499,1,18,0,18,0
1766621478.000516,5500,1,17,0,17,0
1766621478.017388,5501,1,17,0,17,0
1766621478.033977,5502,1,18,0,18,0
1766621478.049381,5502,1,18,0,18,0
1766621478.066523,5503,1,18,0,18,0
1766621478.083273,5504,1,18,0,18,0
1766621478.100661,5505,1,17,0,17,0
1766621478.116539,5505,1,17,0,17,0
1766621478.133585,5506,1,17,0,17,0
1766621478.150633,5507,1,17,0,17,0
1766621478.167598,5508,1,17,0,17,0
1766621478.184387,5508,1,17,0,17,0
1766621478.201702,5509,1,17,1,17,1
1766621478.218035,5510,1,17,1,17,1
1766621478.233664,5511,1,17,1,17,1
1766621478.250579,5512,1,17,0,17,0
1766621478.267065,5512,1,17,0,17,0
1766621478.283627,5513,1,17,0,17,0
1766621478.299824,5514,1,17,0,17,0
1766621478.316126,5515,1,17,0,17,0
1766621478.331633,5515,1,17,0,17,0
1766621478.347928,5516,1,17,0,17,0
1766621478.364991,5517,1,17,0,17,0
1766621478.380671,5518,1,17,0,17,0
1766621478.397710,5518,1,17,0,17,0
1766621478.414173,5519,1,17,1,17,1
1766621478.430410,5520,1,17,1,17,1
1766621478.447436,5521,1,17,1,17,1
1766621478.464143,5521,1,17,1,17,1
1766621478.479622,5522,1,17,2,17,2
1766621478.495734,5523,1,17,2,17,2
1766621478.512123,5524,1,17,2,17,2
1766621478.528129,5524,1,17,2,17,2
1766621478.544456,5525,1,17,2,17,2
1766621478.562071,5526,1,16,2,16,2
1766621478.578953,5526,1,16,2,16,2
1766621478.595049,5528,1,16,2,16,2
1766621478.611990,5528,1,16,2,16,2
1766621478.627260,5529,1,16,2,16,2
1766621478.644373,5530,1,16,1,16,1
1766621478.661799,5531,1,16,1,16,1
1766621478.678300,5531,1,16,1,16,1
1766621478.696201,5532,1,16,1,16,1
1766621478.713626,5533,1,16,0,16,0
1766621478.730841,5534,1,16,0,16,0
1766621478.747340,5535,1,16,0,16,0
1766621478.763350,5535,1,16,0,16,0
1766621478.780494,5536,1,17,0,17,0
1766621478.797387,5537,1,17,0,17,0
1766621478.814183,5538,1,17,0,17,0
1766621478.829951,5538,1,17,0,17,0
1766621478.845979,5539,1,17,1,17,1
1766621478.861933,5540,1,17,1,17,1
1766621478.879381,5541,1,17,1,17,1
1766621478.896600,5541,1,17,1,17,1
1766621478.913445,5542,1,17,2,17,2
1766621478.930448,5543,1,17,2,17,2
1766621478.947418,5544,1,17,2,17,2
1766621478.964347,5544,1,17,2,17,2
1766621478.981654,5545,1,16,2,16,2
1766621478.997745,5546,1,16,2,16,2
1766621479.013404,5547,1,16,2,16,2
1766621479.029592,5548,1,16,2,16,2
1766621479.046288,5548,1,16,2,16,2
1766621479.063502,5549,1,16,2,16,2
1766621479.080693,5550,1,15,2,15,2
1766621479.096508,5551,1,15,2,15,2
1766621479.113711,5551,1,15,2,15,2
1766621479.129759,5552,1,15,2,15,2
1766621479.146257,5553,1,15,3,15,3
1766621479.163493,5554,1,15,3,15,3
1766621479.180130,5554,1,15,3,15,3
1766621479.196158,5555,1,15,3,15,3
1766621479.213274,5556,1,15,3,15,3
1766621479.231416,5557,1,16,3,16,3
1766621479.248308,5558,1,16,3,16,3
1766621479.265396,5558,1,16,3,16,3
1766621479.281762,5559,1,16,4,16,4
1766621479.298242,5560,1,16,4,16,4
1766621479.315215,5561,1,16,4,16,4
1766621479.332208,5562,1,16,3,16,3
1766621479.349622,5562,1,16,3,16,3
1766621479.366359,5563,1,16,3,16,3
1766621479.383003,5564,1,16,3,16,3
1766621479.399845,5565,1,16,3,16,3
1766621479.416459,5565,1,16,3,16,3
1766621479.432885,5566,1,16,2,16,2
1766621479.448761,5567,1,16,2,16,2
1766621479.464653,5568,1,17,2,17,2
1766621479.480424,5568,1,17,2,17,2
1766621479.497300,5569,1,17,2,17,2
1766621479.514591,5570,1,17,2,17,2
1766621479.531860,5571,1,16,2,16,2
1766621479.547946,5571,1,16,2,16,2
1766621479.564693,5572,1,16,2,16,2
1766621479.580501,5573,1,16,2,16,2
1766621479.596878,5574,1,16,1,16,1
1766621479.613840,5574,1,16,1,16,1
1766621479.629837,5575,1,16,1,16,1
1766621479.645988,5576,1,16,1,16,1
1766621479.661851,5577,1,16,1,16,1
1766621479.677758,5577,1,16,1,16,1
1766621479.693889,5578,1,15,1,15,1
1766621479.710476,5579,1,15,1,15,1
1766621479.727117,5580,1,15,1,15,1
1766621479.742861,5580,1,15,1,15,1
1766621479.759423,5581,1,15,1,15,1
1766621479.776035,5582,1,15,1,15,1
1766621479.791765,5583,1,15,2,15,2
1766621479.807584,5583,1,15,2,15,2
1766621479.823968,5584,1,15,2,15,2
1766621479.840812,5585,1,15,2,15,2
1766621479.857661,5586,1,15,2,15,2
1766621479.874163,5586,1,15,2,15,2
1766621479.891375,5587,1,15,2,15,2
1766621479.907748,5588,1,15,2,15,2
1766621479.924529,5589,1,15,2,15,2
1766621479.941875,5589,1,15,2,15,2
1766621479.958457,5590,1,15,2,15,2
1766621479.975648,5591,1,15,2,15,2
1766621479.992508,5592,1,15,2,15,2
1766621480.009613,5593,1,15,2,15,2
1766621480.026344,5593,1,15,2,15,2
1766621480.044155,5594,1,15,2,15,2
1766621480.059763,5595,1,15,2,15,2
1766621480.076057,5596,1,15,2,15,2
1766621480.092789,5596,1,15,2,15,2
1766621480.109197,5597,1,15,1,15,1
1766621480.126833,5598,1,15,1,15,1
1766621480.143647,5599,1,15,1,15,1
1766621480.160501,5599,1,15,1,15,1
1766621480.178047,5600,1,15,1,15,1
1766621480.193860,5601,1,14,1,14,1
1766621480.210521,5602,1,14,1,14,1
1766621480.226736,5602,1,14,1,14,1
1766621480.242876,5603,1,14,1,14,1
1766621480.258798,5604,1,14,1,14,1
1766621480.275071,5605,1,14,1,14,1
1766621480.291682,5606,1,13,1,13,1
1766621480.307881,5606,1,13,1,13,1
1766621480.323791,5607,1,13,1,13,1
1766621480.340883,5608,1,13,1,13,1
1766621480.357073,5609,1,14,1,14,1
1766621480.373883,5609,1,14,1,14,1
1766621480.390803,5610,1,14,1,14,1
1766621480.406830,5611,1,14,1,14,1
1766621480.422627,5612,1,15,1,15,1
1766621480.438557,5612,1,15,1,15,1
1766621480.455199,5613,1,15,1,15,1
1766621480.472549,5614,1,15,1,15,1
1766621480.489318,5615,1,15,1,15,1
1766621480.506193,5615,1,15,1,15,1
1766621480.524095,5616,1,15,2,15,2
1766621480.540874,5617,1,15,2,15,2
1766621480.557931,5618,1,15,2,15,2
1766621480.574413,5619,1,15,1,15,1
1766621480.591734,5619,1,15,1,15,1
1766621480.608165,5620,1,15,1,15,1
1766621480.624326,5621,1,15,1,15,1
1766621480.641244,5622,1,15,1,15,1
1766621480.658740,5622,1,15,1,15,1
1766621480.675256,5623,1,16,1,16,1
1766621480.691768,5624,1,16,1,16,1
1766621480.708222,5625,1,16,2,16,2
1766621480.725533,5626,1,16,2,16,2
1766621480.742147,5626,1,16,2,16,2
1766621480.758672,5627,1,16,2,16,2
1766621480.776046,5628,1,16,2,16,2
1766621480.792645,5629,1,15,2,15,2
1766621480.809353,5629,1,15,2,15,2
1766621480.825821,5630,1,15,2,15,2
1766621480.842261,5631,1,15,2,15,2
1766621480.858272,5632,1,15,1,15,1
1766621480.874824,5632,1,15,1,15,1
1766621480.890699,5633,1,15,1,15,1
1766621480.907802,5634,1,15,1,15,1
1766621480.924553,5635,1,15,1,15,1
1766621480.940624,5636,1,15,1,15,1
1766621480.957249,5636,1,15,1,15,1
1766621480.974610,5637,1,15,1,15,1
1766621480.991860,5638,1,15,1,15,1
1766621481.008890,5639,1,15,1,15,1
1766621481.025487,5639,1,15,1,15,1
1766621481.041978,5640,1,15,1,15,1
1766621481.058853,5641,1,16,1,16,1
1766621481.074989,5642,1,16,1,16,1
1766621481.090737,5642,1,16,1,16,1
1766621481.107507,5643,1,16,1,16,1
1766621481.124826,5644,1,16,1,16,1
1766621481.141667,5645,1,17,1,17,1
1766621481.158258,5645,1,17,1,17,1
1766621481.174665,5646,1,17,1,17,1
1766621481.191440,5647,1,17,1,17,1
1766621481.208086,5648,1,17,0,17,0
1766621481.223794,5648,1,17,0,17,0
1766621481.240508,5649,1,17,0,17,0
1766621481.256619,5650,1,17,0,17,0
1766621481.274399,5651,1,17,0,17,0
1766621481.291993,5652,1,18,0,18,0
1766621481.307890,5652,1,18,0,18,0
1766621481.323978,5653,1,18,0,18,0
1766621481.339550,5654,1,18,0,18,0
1766621481.356833,5655,1,19,0,19,0
1766621481.373325,5656,1,19,0,19,0
1766621481.389796,5656,1,19,0,19,0
1766621481.406659,5657,1,19,0,19,0
1766621481.423144,5658,1,19,1,19,1
1766621481.439762,5659,1,19,1,19,1
1766621481.456485,5659,1,19,1,19,1
1766621481.473221,5660,1,19,1,19,1
1766621481.490377,5661,1,19,2,19,2
1766621481.507297,5662,1,19,2,19,2
1766621481.524246,5663,1,19,2,19,2
1766621481.541689,5663,1,19,2,19,2
1766621481.558707,5664,1,19,1,19,1
1766621481.574316,5665,1,19,1,19,1
1766621481.590975,5666,1,19,1,19,1
1766621481.608011,5666,1,19,1,19,1
1766621481.624671,5667,1,19,1,19,1
1766621481.641994,5668,1,19,1,19,1
1766621481.658183,5669,1,19,1,19,1
1766621481.674364,5669,1,19,1,19,1
1766621481.690508,5670,1,19,0,19,0
1766621481.707001,5671,1,19,0,19,0
1766621481.723684,5672,1,19,0,19,0
1766621481.740038,5672,1,19,0,19,0
1766621481.755545,5673,1,19,0,19,0
1766621481.772489,5674,1,19,1,19,1
1766621481.789624,5675,1,19,1,19,1
1766621481.806917,5676,1,19,2,19,2
1766621481.823085,5676,1,19,2,19,2
1766621481.839477,5677,1,19,2,19,2
1766621481.856296,5678,1,19,2,19,2
1766621481.874077,5679,1,19,2,19,2
1766621481.891127,5679,1,19,2,19,2
1766621481.906664,5680,1,19,1,19,1
1766621481.923368,5681,1,19,1,19,1
1766621481.941291,5682,1,19,1,19,1
1766621481.958074,5683,1,19,1,19,1
1766621481.975401,5683,1,19,1,19,1
1766621481.992999,5684,1,18,1,18,1
1766621482.008529,5685,1,18,1,18,1
1766621482.025561,5686,1,18,1,18,1
1766621482.042687,5686,1,18,1,18,1
1766621482.059091,5687,1,18,1,18,1
1766621482.075903,5688,1,18,2,18,2
1766621482.092969,5689,1,18,2,18,2
1766621482.109782,5689,1,18,2,18,2
1766621482.125835,5690,1,18,2,18,2
1766621482.143134,5691,1,19,2,19,2
1766621482.158414,5692,1,19,2,19,2
1766621482.174807,5692,1,19,2,19,2
1766621482.191502,5693,1,19,2,19,2
1766621482.208434,5694,1,19,2,19,2
1766621482.224451,5695,1,19,1,19,1
1766621482.241527,5696,1,19,1,19,1
1766621482.258109,5696,1,19,1,19,1
1766621482.273768,5697,1,19,1,19,1
1766621482.291634,5698,1,18,1,18,1
1766621482.309083,5699,1,18,1,18,1
1766621482.326197,5699,1,18,1,18,1
1766621482.342360,5700,1,18,1,18,1
1766621482.358655,5701,1,18,1,18,1
1766621482.375547,5702,1,18,1,18,1
1766621482.391351,5702,1,18,1,18,1
1766621482.408157,5703,1,17,1,17,1
1766621482.423955,5704,1,17,1,17,1
1766621482.440935,5705,1,17,1,17,1
1766621482.457660,5706,1,17,2,17,2
1766621482.474356,5706,1,17,2,17,2
1766621482.491771,5707,1,17,2,17,2
1766621482.508100,5708,1,17,2,17,2
1766621482.524558,5709,1,17,2,17,2
1766621482.541852,5709,1,17,2,17,2
1766621482.558825,5710,1,17,1,17,1
1766621482.574987,5711,1,17,1,17,1
1766621482.590930,5712,1,16,1,16,1
1766621482.607008,5712,1,16,1,16,1
1766621482.623745,5713,1,16,1,16,1
1766621482.641360,5714,1,16,1,16,1
1766621482.658252,5715,1,16,1,16,1
1766621482.675379,5716,1,16,1,16,1
1766621482.691687,5716,1,16,1,16,1
1766621482.707734,5717,1,16,1,16,1
1766621482.724273,5718,1,16,1,16,1
1766621482.742191,5719,1,16,1,16,1
1766621482.758645,5719,1,16,1,16,1
1766621482.775491,5720,1,16,1,16,1
1766621482.792979,5721,1,16,1,16,1
1766621482.810253,5722,1,16,1,16,1
1766621482.826525,5723,1,15,1,15,1
1766621482.844202,5723,1,15,1,15,1
1766621482.860332,5724,1,15,1,15,1
1766621482.876926,5725,1,15,1,15,1
1766621482.893016,5726,1,15,2,15,2
1766621482.909283,5726,1,15,2,15,2
1766621482.926292,5727,1,15,2,15,2
1766621482.942739,5728,1,15,2,15,2
1766621482.959083,5729,1,15,2,15,2
1766621482.975937,5730,1,15,2,15,2
1766621482.991490,5730,1,15,2,15,2
1766621483.009165,5731,1,15,2,15,2
1766621483.025315,5732,1,15,2,15,2
1766621483.042352,5733,1,15,2,15,2
1766621483.058722,5733,1,15,2,15,2
1766621483.075834,5734,1,15,2,15,2
1766621483.092028,5735,1,15,2,15,2
1766621483.108118,5736,1,15,2,15,2
1766621483.124653,5736,1,15,2,15,2
1766621483.140995,5737,1,15,2,15,2
1766621483.156682,5738,1,15,2,15,2
1766621483.172964,5739,1,15,2,15,2
1766621483.188998,5739,1,15,2,15,2
1766621483.205127,5740,1,15,2,15,2
1766621483.221364,5741,1,15,2,15,2
1766621483.238586,5742,1,15,2,15,2
1766621483.254840,5743,1,15,2,15,2
1766621483.270596,5743,1,15,2,15,2
1766621483.286492,5744,1,15,2,15,2
1766621483.302547,5745,1,15,2,15,2
1766621483.318935,5746,1,15,3,15,3
1766621483.335919,5746,1,15,3,15,3
1766621483.351763,5747,1,15,3,15,3
1766621483.368369,5748,1,15,3,15,3
1766621483.384289,5749,1,16,3,16,3
1766621483.400948,5749,1,16,3,16,3
1766621483.417772,5750,1,16,3,16,3
1766621483.433827,5751,1,16,3,16,3
1766621483.449908,5752,1,16,3,16,3
1766621483.466817,5752,1,16,3,16,3
1766621483.484097,5753,1,16,3,16,3
1766621483.500147,5754,1,16,3,16,3
1766621483.516825,5755,1,16,3,16,3
1766621483.533048,5755,1,16,3,16,3
1766621483.550547,5756,1,15,3,15,3
1766621483.566732,5757,1,15,3,15,3
1766621483.583580,5758,1,15,3,15,3
1766621483.600382,5759,1,15,3,15,3
1766621483.617456,5759,1,15,3,15,3
1766621483.634243,5760,1,15,3,15,3
1766621483.650764,5761,1,15,3,15,3
1766621483.666848,5762,1,15,3,15,3
1766621483.683507,5762,1,15,3,15,3
1766621483.699548,5763,1,15,3,15,3
1766621483.716782,5764,1,14,3,14,3
1766621483.733428,5765,1,14,3,14,3
1766621483.749666,5765,1,14,3,14,3
1766621483.765656,5766,1,14,3,14,3
1766621483.781481,5767,1,14,4,14,4
1766621483.798658,5768,1,14,4,14,4
1766621483.815232,5768,1,14,4,14,4
1766621483.831929,5769,1,14,4,14,4
1766621483.848982,5770,1,14,5,14,5
1766621483.864666,5771,1,14,5,14,5
1766621483.881893,5771,1,14,5,14,5
1766621483.898734,5772,1,14,5,14,5
1766621483.915553,5773,1,14,5,14,5
1766621483.932703,5774,1,14,5,14,5
1766621483.950630,5775,1,14,5,14,5
1766621483.967957,5775,1,14,5,14,5
1766621483.984459,5776,1,14,5,14,5
1766621484.001226,5777,1,14,5,14,5
1766621484.017935,5778,1,14,5,14,5
1766621484.034139,5778,1,14,5,14,5
1766621484.050696,5779,1,14,5,14,5
1766621484.066369,5780,1,14,5,14,5
1766621484.083615,5780,1,14,5,14,5
1766621484.100802,5781,1,14,5,14,5
1766621484.117267,5782,1,14,5,14,5
1766621484.134605,5783,1,14,6,14,6
1766621484.151052,5784,1,14,6,14,6
1766621484.167180,5784,1,14,6,14,6
1766621484.183651,5785,1,14,6,14,6
1766621484.200902,5786,1,14,6,14,6
1766621484.217438,5787,1,14,6,14,6
1766621484.233911,5787,1,14,6,14,6
1766621484.250560,5788,1,14,6,14,6
1766621484.267136,5789,1,14,6,14,6
1766621484.284010,5790,1,14,5,14,5
1766621484.299585,5790,1,14,5,14,5
1766621484.316214,5791,1,14,5,14,5
1766621484.333339,5792,1,14,5,14,5
1766621484.350582,5793,1,14,5,14,5
1766621484.367068,5794,1,14,6,14,6
1766621484.383004,5794,1,14,6,14,6
1766621484.399069,5795,1,14,6,14,6
1766621484.414881,5796,1,14,5,14,5
1766621484.431459,5797,1,14,5,14,5
1766621484.448104,5797,1,14,5,14,5
1766621484.464282,5798,1,14,5,14,5
1766621484.480636,5799,1,14,5,14,5
1766621484.497728,5799,1,14,5,14,5
1766621484.513864,5800,1,14,4,14,4
1766621484.530817,5801,1,14,4,14,4
1766621484.547421,5802,1,14,4,14,4
1766621484.564572,5803,1,14,4,14,4
1766621484.589293,5803,1,14,4,14,4
1766621484.605866,5804,1,14,4,14,4
1766621484.621899,5805,1,14,3,14,3
1766621484.637408,5806,1,14,3,14,3
1766621484.654203,5806,1,14,3,14,3
1766621484.670773,5807,1,14,3,14,3
1766621484.686867,5808,1,14,3,14,3
1766621484.702977,5809,1,15,3,15,3
1766621484.720545,5809,1,15,3,15,3
1766621484.737252,5810,1,15,3,15,3
1766621484.753826,5811,1,15,3,15,3
1766621484.769891,5812,1,16,3,16,3
1766621484.787045,5812,1,16,3,16,3
1766621484.803605,5813,1,16,3,16,3
1766621484.820230,5814,1,16,3,16,3
1766621484.836601,5815,1,16,3,16,3
1766621484.852638,5815,1,16,3,16,3
1766621484.869863,5816,1,16,3,16,3
1766621484.886675,5817,1,16,3,16,3
1766621484.903499,5818,1,15,3,15,3
1766621484.920733,5818,1,15,3,15,3
1766621484.937768,5819,1,15,3,15,3
1766621484.954120,5820,1,15,3,15,3
1766621484.982888,5820,1,15,3,15,3
1766621484.999474,5821,1,16,3,16,3
1766621485.016160,5822,1,16,3,16,3
1766621485.032357,5823,1,16,3,16,3
1766621485.049719,5823,1,16,3,16,3
1766621485.065473,5824,1,16,4,16,4
1766621485.082575,5825,1,16,4,16,4
1766621485.098847,5825,1,16,4,16,4
1766621485.115220,5826,1,16,4,16,4
1766621485.132203,5827,1,16,4,16,4
1766621485.148287,5828,1,16,4,16,4
1766621485.165688,5828,1,16,4,16,4
1766621485.182863,5829,1,16,4,16,4
1766621485.198692,5830,1,16,4,16,4
1766621485.215182,5831,1,16,5,16,5
1766621485.230690,5831,1,16,5,16,5
1766621485.247014,5832,1,16,5,16,5
1766621485.262942,5833,1,16,4,16,4
1766621485.437335,5833,1,16,4,16,4
1766621485.454009,5834,1,16,5,16,5
1766621485.470714,5835,1,16,5,16,5
1766621485.486480,5835,1,16,5,16,5
1766621485.503074,5836,1,16,5,16,5
1766621485.519705,5837,1,16,5,16,5
1766621485.535956,5837,1,16,5,16,5
1766621485.551699,5838,1,16,5,16,5
1766621485.569378,5839,1,17,5,17,5
1766621485.585740,5840,1,17,5,17,5
1766621485.602266,5841,1,17,5,17,5
1766621485.619309,5841,1,17,5,17,5
1766621485.635978,5842,1,17,5,17,5
1766621485.651949,5843,1,16,5,16,5
1766621485.668253,5843,1,16,5,16,5
1766621485.684961,5844,1,16,5,16,5
1766621485.700650,5845,1,16,5,16,5
1766621485.717317,5846,1,16,5,16,5
1766621485.734196,5846,1,16,5,16,5
1766621485.749904,5847,1,15,5,15,5
1766621485.766689,5848,1,15,5,15,5
1766621485.782756,5849,1,15,5,15,5
1766621485.799344,5849,1,15,5,15,5
1766621485.815842,5850,1,16,5,16,5
1766621485.832888,5851,1,16,5,16,5
1766621485.849291,5852,1,16,5,16,5
1766621485.866953,5852,1,16,5,16,5
1766621485.883112,5853,1,17,5,17,5
1766621485.899135,5854,1,17,5,17,5
1766621485.915104,5855,1,17,5,17,5
1766621485.932187,5855,1,17,5,17,5
1766621485.948069,5856,1,17,5,17,5
1766621485.964267,5857,1,17,5,17,5
1766621485.981981,5858,1,17,5,17,5
1766621485.998075,5858,1,17,5,17,5
1766621486.013662,5859,1,17,5,17,5
1766621486.029595,5860,1,16,5,16,5
1766621486.045996,5861,1,16,5,16,5
1766621486.062287,5861,1,16,5,16,5
1766621486.079488,5862,1,16,5,16,5
1766621486.096042,5863,1,16,5,16,5
1766621486.112099,5864,1,16,5,16,5
1766621486.128135,5864,1,16,5,16,5
1766621486.144999,5865,1,16,5,16,5
1766621486.162315,5866,1,16,5,16,5
1766621486.178520,5867,1,16,5,16,5
1766621486.194565,5867,1,16,5,16,5
1766621486.210754,5868,1,16,5,16,5
1766621486.227472,5869,1,16,5,16,5
1766621486.244324,5870,1,16,5,16,5
1766621486.261433,5870,1,16,5,16,5
1766621486.277615,5871,1,16,5,16,5
1766621486.293654,5872,1,16,5,16,5
1766621486.310716,5872,1,16,5,16,5
1766621486.326843,5873,1,16,5,16,5
1766621486.343135,5874,1,16,5,16,5
1766621486.358694,5875,1,16,5,16,5
1766621486.374660,5875,1,16,5,16,5
1766621486.391874,5876,1,17,5,17,5
1766621486.409072,5877,1,17,5,17,5
1766621486.424705,5878,1,17,5,17,5
1766621486.441635,5878,1,17,5,17,5
1766621486.458255,5879,1,17,5,17,5
1766621486.475720,5880,1,17,5,17,5
1766621486.492770,5881,1,17,5,17,5
1766621486.509034,5882,1,17,5,17,5
1766621486.525382,5882,1,17,5,17,5
1766621486.542027,5883,1,17,5,17,5
1766621486.557379,5884,1,17,5,17,5
1766621486.574410,5885,1,17,5,17,5
1766621486.591011,5885,1,17,5,17,5
1766621486.606738,5886,1,17,5,17,5
1766621486.623473,5887,1,17,5,17,5
1766621486.640634,5888,1,17,5,17,5
1766621486.657393,5888,1,17,5,17,5
1766621486.674725,5889,1,17,5,17,5
1766621486.691530,5890,1,17,5,17,5
1766621486.707701,5891,1,17,5,17,5
1766621486.725211,5891,1,17,5,17,5
1766621486.742787,5892,1,17,5,17,5
1766621486.759916,5893,1,17,5,17,5
1766621486.777016,5894,1,17,5,17,5
1766621486.792894,5895,1,17,5,17,5
1766621486.808699,5895,1,17,5,17,5
1766621486.826070,5896,1,17,5,17,5
1766621486.842275,5897,1,17,5,17,5
1766621486.859561,5898,1,17,5,17,5
1766621486.875626,5898,1,17,5,17,5
1766621486.892125,5899,1,17,5,17,5
1766621486.907710,5900,1,17,5,17,5
1766621486.924324,5901,1,17,5,17,5
1766621486.940980,5901,1,17,5,17,5
1766621486.957222,5902,1,17,5,17,5
1766621486.975141,5903,1,17,5,17,5
1766621486.991699,5904,1,17,5,17,5
1766621487.007932,5905,1,17,5,17,5
1766621487.024937,5905,1,17,5,17,5
1766621487.041183,5906,1,17,5,17,5
1766621487.058277,5907,1,17,5,17,5
1766621487.075873,5908,1,16,5,16,5
1766621487.092335,5908,1,16,5,16,5
1766621487.108548,5909,1,16,5,16,5
1766621487.126636,5910,1,17,5,17,5
1766621487.142711,5911,1,17,5,17,5
1766621487.158885,5912,1,17,5,17,5
1766621487.175160,5912,1,17,5,17,5
1766621487.191646,5913,1,17,5,17,5
1766621487.207611,5914,1,17,5,17,5
1766621487.223670,5915,1,16,5,16,5
1766621487.240617,5915,1,16,5,16,5
1766621487.258546,5916,1,16,5,16,5
1766621487.276010,5917,1,16,5,16,5
1766621487.292794,5918,1,16,4,16,4
1766621487.309808,5918,1,16,4,16,4
1766621487.326466,5919,1,16,4,16,4
1766621487.343961,5920,1,16,4,16,4
1766621487.359769,5921,1,16,4,16,4
1766621487.376555,5922,1,16,4,16,4
1766621487.393551,5922,1,16,4,16,4
1766621487.409905,5923,1,16,4,16,4
1766621487.425654,5924,1,16,4,16,4
1766621487.441658,5925,1,16,3,16,3
1766621487.457504,5925,1,16,3,16,3
1766621487.473833,5926,1,16,3,16,3
1766621487.491739,5927,1,16,3,16,3
1766621487.508046,5928,1,16,3,16,3
1766621487.524364,5928,1,16,3,16,3
1766621487.541069,5929,1,16,3,16,3
1766621487.557170,5930,1,16,3,16,3
1766621487.573433,5931,1,16,3,16,3
1766621487.590681,5931,1,16,3,16,3
1766621487.606741,5932,1,16,3,16,3
1766621487.623026,5933,1,16,4,16,4
1766621487.639986,5934,1,16,4,16,4
1766621487.656075,5934,1,16,4,16,4
1766621487.672831,5935,1,16,4,16,4
1766621487.689274,5936,1,16,4,16,4
1766621487.705923,5937,1,16,4,16,4
1766621487.722077,5937,1,16,4,16,4
1766621487.738026,5938,1,16,4,16,4
1766621487.754356,5939,1,16,4,16,4
1766621487.771739,5940,1,16,4,16,4
1766621487.788288,5940,1,16,4,16,4
1766621487.805260,5941,1,16,4,16,4
1766621487.822180,5942,1,16,4,16,4
1766621487.838068,5943,1,16,4,16,4
1766621487.854670,5943,1,16,4,16,4
1766621487.871063,5944,1,16,4,16,4
1766621487.886333,5945,1,16,4,16,4
1766621487.904062,5946,1,16,4,16,4
1766621487.920764,5946,1,16,4,16,4
1766621487.937612,5947,1,16,4,16,4
1766621487.954894,5948,1,16,4,16,4
1766621487.970922,5949,1,16,3,16,3
1766621487.987415,5949,1,16,3,16,3
1766621488.003629,5950,1,16,3,16,3
1766621488.019582,5951,1,16,3,16,3
1766621488.036332,5952,1,16,3,16,3
1766621488.053186,5952,1,16,3,16,3
1766621488.070998,5953,1,16,3,16,3
1766621488.087919,5954,1,16,4,16,4
1766621488.104132,5955,1,16,4,16,4
1766621488.120369,5955,1,16,4,16,4
1766621488.137527,5956,1,16,4,16,4
1766621488.155054,5957,1,16,4,16,4
1766621488.170628,5958,1,16,4,16,4
1766621488.187028,5959,1,16,4,16,4
1766621488.204201,5959,1,16,4,16,4
1766621488.221747,5960,1,16,4,16,4
1766621488.238196,5961,1,16,4,16,4
1766621488.255136,5962,1,16,4,16,4
1766621488.271355,5962,1,16,4,16,4
1766621488.288150,5963,1,16,4,16,4
1766621488.303865,5964,1,16,5,16,5
1766621488.320960,5965,1,16,5,16,5
1766621488.337106,5965,1,16,5,16,5
1766621488.353287,5966,1,16,5,16,5
1766621488.369999,5967,1,15,5,15,5
1766621488.386553,5968,1,15,5,15,5
1766621488.403414,5969,1,15,5,15,5
1766621488.420013,5969,1,15,5,15,5
1766621488.436543,5970,1,15,5,15,5
1766621488.453201,5971,1,15,5,15,5
1766621488.471042,5972,1,15,5,15,5
1766621488.488007,5972,1,15,5,15,5
1766621488.505310,5973,1,15,5,15,5
1766621488.522050,5974,1,14,5,14,5
1766621488.538157,5975,1,14,5,14,5
1766621488.554174,5975,1,14,5,14,5
1766621488.570916,5976,1,14,5,14,5
1766621488.587045,5977,1,14,4,14,4
1766621488.603269,5978,1,14,4,14,4
1766621488.620965,5979,1,14,4,14,4
1766621488.638080,5979,1,14,4,14,4
1766621488.654069,5980,1,14,4,14,4
1766621488.670667,5981,1,14,4,14,4
1766621488.687195,5982,1,14,4,14,4
1766621488.704765,5982,1,14,4,14,4
1766621488.721138,5983,1,14,4,14,4
1766621488.737563,5984,1,14,3,14,3
1766621488.754864,5985,1,14,3,14,3
1766621488.771561,5985,1,14,3,14,3
1766621488.788410,5986,1,14,3,14,3
1766621488.805160,5987,1,14,3,14,3
1766621488.821428,5988,1,14,3,14,3
1766621488.837569,5989,1,14,3,14,3
1766621488.854812,5989,1,14,3,14,3
1766621488.871608,5990,1,14,3,14,3
1766621488.887642,5991,1,14,3,14,3
1766621488.903856,5992,1,14,3,14,3
1766621488.919906,5992,1,14,3,14,3
1766621488.936100,5993,1,14,3,14,3
1766621488.952169,5994,1,14,3,14,3
1766621488.968071,5995,1,14,4,14,4
1766621488.984008,5995,1,14,4,14,4
1766621489.000881,5996,1,14,4,14,4
1766621489.017678,5997,1,14,4,14,4
1766621489.034329,5998,1,14,4,14,4
1766621489.050992,5998,1,14,4,14,4
1766621489.066807,5999,1,14,5,14,5
1766621489.082758,6000,1,14,5,14,5
1766621489.098578,6001,1,14,5,14,5
1766621489.114828,6001,1,14,5,14,5
1766621489.131005,6002,1,14,5,14,5
1766621489.147431,6003,1,15,5,15,5
1766621489.164055,6004,1,15,5,15,5
1766621489.179913,6004,1,15,5,15,5
1766621489.196285,6005,1,15,5,15,5
1766621489.213034,6006,1,15,5,15,5
1766621489.229040,6007,1,15,5,15,5
1766621489.246474,6007,1,15,5,15,5
1766621489.262939,6008,1,15,5,15,5
1766621489.279645,6009,1,15,5,15,5
1766621489.295880,6010,1,15,5,15,5
1766621489.312262,6010,1,15,5,15,5
1766621489.329093,6011,1,15,5,15,5
1766621489.345679,6012,1,15,5,15,5
1766621489.361796,6013,1,15,5,15,5
1766621489.378445,6013,1,15,5,15,5
1766621489.395115,6014,1,16,5,16,5
1766621489.411517,6015,1,16,5,16,5
1766621489.427731,6016,1,16,5,16,5
1766621489.443561,6016,1,16,5,16,5
1766621489.460123,6017,1,16,5,16,5
1766621489.477327,6018,1,17,5,17,5
1766621489.493740,6019,1,17,5,17,5
1766621489.509546,6020,1,17,5,17,5
1766621489.526748,6020,1,17,5,17,5
1766621489.543292,6021,1,17,5,17,5
1766621489.559440,6022,1,17,5,17,5
1766621489.575958,6023,1,17,5,17,5
1766621489.591966,6023,1,17,5,17,5
1766621489.607962,6024,1,17,5,17,5
1766621489.623993,6025,1,17,5,17,5
1766621489.640241,6026,1,17,5,17,5
1766621489.658241,6026,1,17,5,17,5
1766621489.675444,6027,1,17,5,17,5
1766621489.691785,6028,1,17,5,17,5
1766621489.707572,6029,1,17,5,17,5
1766621489.724224,6029,1,17,5,17,5
1766621489.742222,6030,1,17,5,17,5
1766621489.759009,6031,1,17,5,17,5
1766621489.775161,6032,1,17,5,17,5
1766621489.791841,6033,1,16,5,16,5
1766621489.808577,6033,1,16,5,16,5
1766621489.825667,6034,1,16,5,16,5
1766621489.842641,6035,1,17,5,17,5
1766621489.858972,6036,1,17,5,17,5
1766621489.875072,6036,1,17,5,17,5
1766621489.891405,6037,1,17,5,17,5
1766621489.908034,6038,1,17,5,17,5
1766621489.923750,6039,1,17,5,17,5
1766621489.940463,6039,1,17,5,17,5
1766621489.957584,6040,1,17,5,17,5
1766621489.974034,6041,1,17,5,17,5
1766621489.990645,6042,1,17,5,17,5
1766621490.007098,6043,1,17,5,17,5
1766621490.022665,6043,1,17,5,17,5
1766621490.038900,6044,1,17,5,17,5
1766621490.055480,6045,1,17,5,17,5
1766621490.073037,6046,1,17,5,17,5
1766621490.089559,6046,1,17,5,17,5
1766621490.106126,6047,1,17,5,17,5
1766621490.123162,6048,1,17,5,17,5
1766621490.139228,6049,1,17,5,17,5
1766621490.155815,6049,1,17,5,17,5
1766621490.172845,6050,1,17,5,17,5
1766621490.188490,6051,1,17,5,17,5
1766621490.205261,6052,1,17,5,17,5
1766621490.222326,6053,1,17,5,17,5
1766621490.238805,6053,1,17,5,17,5
1766621490.255862,6054,1,17,5,17,5
1766621490.272331,6055,1,17,5,17,5
1766621490.290082,6056,1,16,5,16,5
1766621490.306627,6056,1,16,5,16,5
1766621490.323185,6057,1,16,5,16,5
1766621490.339200,6058,1,16,5,16,5
1766621490.356874,6059,1,16,5,16,5
1766621490.372908,6059,1,16,5,16,5
1766621490.388550,6060,1,16,5,16,5
1766621490.405722,6061,1,16,5,16,5
1766621490.422164,6062,1,16,5,16,5
1766621490.437911,6062,1,16,5,16,5
1766621490.454829,6063,1,16,5,16,5
1766621490.471004,6064,1,16,5,16,5
1766621490.487618,6065,1,16,5,16,5
1766621490.504432,6066,1,16,5,16,5
1766621490.520731,6066,1,16,5,16,5
1766621490.538096,6067,1,16,5,16,5
1766621490.554173,6068,1,17,5,17,5
1766621490.570230,6069,1,17,5,17,5
1766621490.588134,6069,1,17,5,17,5
1766621490.604285,6070,1,17,5,17,5
1766621490.621820,6071,1,16,5,16,5
1766621490.638297,6072,1,16,5,16,5
1766621490.656264,6073,1,16,5,16,5
1766621490.673053,6073,1,16,5,16,5
1766621490.689660,6074,1,16,5,16,5
1766621490.705796,6075,1,16,5,16,5
1766621490.722409,6076,1,16,5,16,5
1766621490.739969,6076,1,16,5,16,5
1766621490.756040,6077,1,16,5,16,5
1766621490.771564,6078,1,17,5,17,5
1766621490.788507,6079,1,17,5,17,5
1766621490.804919,6079,1,17,5,17,5
1766621490.820778,6080,1,17,5,17,5
1766621490.837350,6081,1,17,5,17,5
1766621490.853663,6082,1,17,5,17,5
1766621490.870799,6082,1,17,5,17,5
1766621490.888119,6083,1,17,5,17,5
1766621490.904871,6084,1,17,5,17,5
1766621490.920836,6085,1,17,5,17,5
1766621490.937342,6085,1,17,5,17,5
1766621490.953884,6086,1,17,5,17,5
1766621490.970455,6087,1,17,5,17,5
1766621490.987088,6088,1,17,5,17,5
1766621491.003310,6088,1,17,5,17,5
1766621491.020298,6089,1,17,5,17,5
1766621491.037759,6090,1,17,5,17,5
1766621491.054189,6091,1,17,5,17,5
1766621491.069747,6092,1,17,5,17,5
1766621491.086186,6092,1,17,5,17,5
1766621491.102745,6093,1,17,5,17,5
1766621491.118791,6094,1,17,5,17,5
1766621491.135584,6095,1,17,5,17,5
1766621491.152850,6095,1,17,5,17,5
1766621491.169625,6096,1,17,5,17,5
1766621491.185526,6097,1,17,5,17,5
1766621491.201703,6098,1,16,5,16,5
1766621491.218898,6098,1,16,5,16,5
1766621491.234866,6099,1,16,5,16,5
1766621491.251498,6100,1,16,5,16,5
1766621491.268552,6101,1,16,5,16,5
1766621491.284686,6102,1,15,5,15,5
1766621491.301024,6102,1,15,5,15,5
1766621491.317037,6103,1,15,5,15,5
1766621491.333265,6104,1,15,5,15,5
1766621491.351090,6105,1,15,5,15,5
1766621491.366658,6105,1,15,5,15,5
1766621491.382671,6106,1,15,5,15,5
1766621491.398714,6107,1,15,5,15,5
1766621491.414787,6108,1,15,5,15,5
1766621491.431157,6108,1,15,5,15,5
1766621491.447084,6109,1,15,5,15,5
1766621491.464220,6110,1,15,5,15,5
1766621491.480964,6111,1,15,5,15,5
1766621491.497018,6111,1,15,5,15,5
1766621491.512970,6112,1,15,5,15,5
1766621491.529356,6113,1,15,5,15,5
1766621491.545869,6114,1,15,5,15,5
1766621491.562727,6114,1,15,5,15,5
1766621491.579593,6115,1,14,5,14,5
1766621491.595889,6116,1,14,5,14,5
1766621491.611947,6117,1,14,5,14,5
1766621491.628044,6117,1,14,5,14,5
1766621491.643900,6118,1,14,4,14,4
1766621491.660243,6119,1,14,4,14,4
1766621491.676977,6120,1,14,4,14,4
1766621491.693142,6121,1,14,4,14,4
1766621491.709256,6121,1,14,4,14,4
1766621491.726357,6122,1,14,4,14,4
1766621491.743951,6123,1,14,4,14,4
1766621491.759695,6124,1,14,4,14,4
1766621491.776294,6124,1,14,4,14,4
1766621491.792639,6125,1,13,4,13,4
1766621491.808617,6126,1,13,4,13,4
1766621491.825341,6127,1,13,4,13,4
1766621491.843015,6127,1,13,4,13,4
1766621491.858611,6128,1,13,4,13,4
1766621491.875426,6129,1,13,4,13,4
1766621491.892128,6130,1,13,4,13,4
1766621491.908316,6130,1,13,4,13,4
1766621491.925083,6131,1,13,4,13,4
1766621491.941562,6132,1,13,4,13,4
1766621491.958961,6133,1,13,4,13,4
1766621491.974940,6134,1,13,4,13,4
1766621491.990843,6134,1,13,4,13,4
1766621492.006987,6135,1,13,4,13,4
1766621492.022894,6136,1,14,4,14,4
1766621492.038640,6136,1,14,4,14,4
1766621492.055152,6137,1,14,4,14,4
1766621492.071263,6138,1,14,4,14,4
1766621492.088735,6139,1,14,4,14,4
1766621492.105568,6140,1,13,4,13,4
1766621492.122048,6140,1,13,4,13,4
1766621492.138533,6141,1,13,4,13,4
1766621492.155171,6142,1,14,4,14,4
1766621492.171041,6143,1,14,4,14,4
1766621492.187075,6143,1,14,4,14,4
1766621492.204228,6144,1,14,4,14,4
1766621492.220963,6145,1,14,4,14,4
1766621492.237252,6146,1,14,4,14,4
1766621492.254819,6146,1,14,4,14,4
1766621492.271826,6147,1,14,3,14,3
1766621492.288193,6148,1,14,3,14,3
1766621492.305722,6149,1,14,3,14,3
1766621492.322800,6150,1,14,3,14,3
1766621492.338915,6150,1,14,3,14,3
1766621492.355670,6151,1,14,3,14,3
1766621492.372242,6152,1,14,3,14,3
1766621492.389334,6153,1,14,3,14,3
1766621492.406055,6153,1,14,3,14,3
1766621492.422362,6154,1,14,3,14,3
1766621492.439077,6155,1,14,3,14,3
1766621492.456077,6156,1,14,3,14,3
1766621492.473085,6157,1,14,3,14,3
1766621492.488833,6157,1,14,3,14,3
1766621492.504901,6158,1,14,3,14,3
1766621492.522454,6159,1,14,3,14,3
1766621492.539300,6160,1,15,3,15,3
1766621492.556024,6160,1,15,3,15,3
1766621492.572199,6161,1,15,3,15,3
1766621492.589683,6162,1,15,3,15,3
1766621492.606390,6163,1,16,3,16,3
1766621492.623602,6164,1,16,3,16,3
1766621492.640094,6164,1,16,3,16,3
1766621492.656033,6165,1,16,3,16,3
1766621492.672012,6166,1,16,3,16,3
1766621492.687936,6167,1,16,3,16,3
1766621492.704899,6167,1,16,3,16,3
1766621492.721114,6168,1,16,3,16,3
1766621492.736396,6169,1,16,3,16,3
1766621492.753657,6170,1,16,3,16,3
1766621492.769420,6170,1,16,3,16,3
1766621492.785970,6171,1,15,3,15,3
1766621492.801594,6172,1,15,3,15,3
1766621492.817757,6172,1,15,3,15,3
1766621492.834671,6173,1,15,3,15,3
1766621492.851071,6174,1,15,3,15,3
1766621492.867039,6175,1,15,3,15,3
1766621492.883377,6176,1,15,3,15,3
1766621492.899818,6176,1,15,3,15,3
1766621492.916272,6177,1,16,3,16,3
1766621492.933309,6178,1,16,3,16,3
1766621492.950839,6179,1,16,3,16,3
1766621492.966489,6179,1,16,3,16,3
1766621492.983082,6180,1,16,3,16,3
1766621492.999209,6181,1,16,2,16,2
1766621493.017087,6182,1,16,2,16,2
1766621493.032536,6182,1,16,2,16,2
1766621493.049747,6183,1,16,2,16,2
1766621493.065958,6184,1,16,3,16,3
1766621493.082399,6185,1,16,3,16,3
1766621493.099242,6185,1,16,3,16,3
1766621493.116205,6186,1,16,3,16,3
1766621493.133326,6187,1,16,4,16,4
1766621493.149757,6188,1,16,4,16,4
1766621493.166373,6188,1,16,4,16,4
1766621493.183682,6189,1,16,4,16,4
1766621493.200774,6190,1,16,5,16,5
1766621493.217562,6191,1,16,5,16,5
1766621493.235062,6192,1,16,5,16,5
1766621493.251451,6192,1,16,5,16,5
1766621493.268004,6193,1,16,5,16,5
1766621493.283852,6194,1,15,5,15,5
1766621493.299792,6195,1,15,5,15,5
1766621493.315557,6195,1,15,5,15,5
1766621493.332530,6196,1,15,5,15,5
1766621493.348969,6197,1,16,5,16,5
1766621493.365518,6198,1,16,5,16,5
1766621493.382590,6198,1,16,5,16,5
1766621493.399718,6199,1,16,4,16,4
1766621493.415791,6200,1,16,4,16,4
1766621493.432013,6201,1,16,4,16,4
1766621493.448909,6202,1,16,3,16,3
1766621493.465825,6202,1,16,3,16,3
1766621493.481819,6203,1,16,3,16,3
1766621493.498153,6204,1,16,3,16,3
1766621493.514263,6204,1,16,3,16,3
1766621493.531110,6205,1,15,3,15,3
1766621493.548289,6206,1,15,3,15,3
1766621493.565308,6207,1,15,3,15,3
1766621493.582619,6208,1,15,2,15,2
1766621493.598962,6208,1,15,2,15,2
1766621493.615765,6209,1,15,2,15,2
1766621493.632453,6210,1,15,2,15,2
1766621493.649086,6211,1,15,2,15,2
1766621493.664512,6211,1,15,2,15,2
1766621493.682499,6212,1,16,2,16,2
1766621493.699702,6213,1,16,2,16,2
1766621493.716327,6214,1,16,2,16,2
1766621493.733662,6215,1,16,2,16,2
1766621493.749839,6215,1,16,2,16,2
1766621493.765867,6216,1,16,1,16,1
1766621493.782469,6217,1,16,1,16,1
1766621493.798660,6218,1,16,1,16,1
1766621493.814801,6218,1,16,1,16,1
1766621493.830858,6219,1,16,1,16,1
1766621493.846786,6220,1,16,1,16,1
1766621493.862457,6221,1,16,0,16,0
1766621493.880003,6221,1,16,0,16,0
1766621493.895679,6222,1,16,0,16,0
1766621493.911961,6223,1,16,0,16,0
1766621493.927452,6224,1,15,0,15,0
1766621493.944821,6224,1,15,0,15,0
1766621493.961833,6225,1,15,0,15,0
1766621493.979532,6226,1,15,0,15,0
1766621493.995928,6227,1,15,0,15,0
1766621494.012595,6228,1,15,0,15,0
1766621494.029577,6228,1,15,0,15,0
1766621494.046632,6229,1,15,0,15,0
1766621494.063401,6230,1,15,0,15,0
1766621494.080806,6231,1,15,0,15,0
1766621494.097150,6231,1,15,0,15,0
1766621494.113722,6232,1,15,0,15,0
1766621494.129930,6233,1,15,0,15,0
1766621494.146561,6234,1,16,0,16,0
1766621494.163249,6234,1,16,0,16,0
1766621494.179580,6235,1,16,0,16,0
1766621494.196637,6236,1,16,0,16,0
1766621494.213485,6237,1,16,0,16,0
1766621494.229964,6238,1,15,0,15,0
1766621494.245579,6238,1,15,0,15,0
1766621494.261462,6239,1,15,0,15,0
1766621494.277879,6240,1,15,0,15,0
1766621494.294809,6241,1,15,0,15,0
1766621494.311213,6241,1,15,0,15,0
1766621494.328861,6242,1,15,0,15,0
1766621494.345741,6243,1,15,0,15,0
1766621494.362926,6244,1,15,0,15,0
1766621494.378859,6244,1,15,0,15,0
1766621494.396079,6245,1,15,0,15,0
1766621494.412401,6246,1,15,0,15,0
1766621494.428987,6247,1,15,0,15,0
1766621494.445348,6248,1,15,0,15,0
1766621494.463572,6248,1,15,0,15,0
1766621494.480219,6249,1,15,0,15,0
1766621494.498018,6250,1,15,0,15,0
1766621494.514281,6251,1,15,0,15,0
1766621494.530948,6252,1,15,0,15,0
1766621494.547332,6252,1,15,0,15,0
1766621494.563644,6253,1,15,0,15,0
1766621494.580136,6254,1,15,0,15,0
1766621494.596830,6255,1,15,0,15,0
1766621494.613345,6255,1,15,0,15,0
1766621494.630792,6256,1,15,1,15,1
1766621494.647179,6257,1,15,1,15,1
1766621494.663690,6258,1,15,1,15,1
1766621494.680149,6258,1,15,1,15,1
1766621494.696169,6259,1,15,2,15,2
1766621494.712167,6260,1,15,2,15,2
1766621494.728094,6261,1,15,2,15,2
1766621494.744536,6261,1,15,2,15,2
1766621494.760862,6262,1,15,2,15,2
1766621494.777003,6263,1,16,2,16,2
1766621494.793491,6264,1,16,2,16,2
1766621494.811139,6264,1,16,2,16,2
1766621494.827043,6265,1,16,2,16,2
1766621494.843225,6266,1,16,2,16,2
1766621494.860324,6267,1,16,2,16,2
1766621494.876442,6267,1,16,2,16,2
1766621494.893224,6268,1,16,2,16,2
1766621494.910857,6269,1,16,2,16,2
1766621494.927465,6270,1,15,2,15,2
1766621494.944409,6271,1,15,2,15,2
1766621494.960789,6271,1,15,2,15,2
1766621494.977797,6272,1,15,2,15,2
1766621494.995364,6273,1,15,2,15,2
1766621495.012660,6274,1,15,3,15,3
1766621495.028619,6275,1,15,3,15,3
1766621495.045071,6275,1,15,3,15,3
1766621495.061814,6276,1,15,3,15,3
1766621495.077914,6277,1,16,3,16,3
1766621495.093899,6278,1,16,3,16,3
1766621495.110977,6278,1,16,3,16,3
1766621495.127054,6279,1,16,3,16,3
1766621495.143058,6280,1,16,2,16,2
1766621495.158830,6280,1,16,2,16,2
1766621495.174916,6281,1,16,2,16,2
1766621495.190978,6282,1,16,2,16,2
1766621495.207635,6283,1,16,1,16,1
1766621495.224028,6283,1,16,1,16,1
1766621495.240341,6284,1,16,1,16,1
1766621495.256787,6285,1,16,1,16,1
1766621495.273394,6286,1,15,1,15,1
1766621495.289788,6287,1,15,1,15,1
1766621495.305637,6287,1,15,1,15,1
1766621495.322391,6288,1,15,1,15,1
1766621495.338946,6289,1,15,2,15,2
1766621495.354872,6289,1,15,2,15,2
1766621495.372238,6290,1,15,2,15,2
1766621495.389440,6291,1,15,2,15,2
1766621495.406839,6292,1,15,2,15,2
1766621495.422496,6293,1,15,2,15,2
1766621495.440046,6293,1,15,2,15,2
1766621495.456037,6294,1,15,2,15,2
1766621495.472257,6295,1,15,2,15,2
1766621495.488799,6296,1,15,2,15,2
1766621495.504902,6296,1,15,2,15,2
1766621495.521923,6297,1,15,1,15,1
1766621495.538775,6298,1,15,1,15,1
1766621495.555816,6299,1,15,1,15,1
1766621495.572343,6300,1,15,1,15,1
1766621495.589234,6300,1,15,1,15,1
1766621495.606364,6301,1,15,1,15,1
1766621495.623900,6302,1,15,2,15,2
1766621495.640283,6303,1,15,2,15,2
1766621495.656717,6304,1,15,2,15,2
1766621495.673488,6304,1,15,2,15,2
1766621495.690232,6305,1,15,2,15,2
1766621495.707023,6306,1,15,3,15,3
1766621495.723216,6307,1,15,3,15,3
1766621495.741062,6307,1,15,3,15,3
1766621495.757272,6308,1,15,3,15,3
1766621495.774869,6309,1,15,2,15,2
1766621495.790449,6310,1,15,2,15,2
1766621495.807971,6311,1,15,2,15,2
1766621495.824617,6311,1,15,2,15,2
1766621495.840309,6312,1,15,2,15,2
1766621495.857637,6313,1,15,2,15,2
1766621495.873678,6314,1,15,2,15,2
1766621495.890425,6314,1,15,2,15,2
1766621495.907724,6315,1,15,2,15,2
1766621495.924818,6316,1,15,1,15,1
1766621495.940854,6317,1,15,1,15,1
1766621495.957222,6317,1,15,1,15,1
1766621495.974379,6318,1,15,1,15,1
1766621495.990969,6319,1,15,1,15,1
1766621496.006818,6320,1,15,0,15,0
1766621496.023030,6320,1,15,0,15,0
1766621496.038811,6321,1,15,0,15,0
1766621496.054960,6322,1,15,0,15,0
1766621496.072019,6323,1,15,0,15,0
1766621496.088190,6323,1,15,0,15,0
1766621496.104085,6324,1,15,0,15,0
1766621496.120849,6325,1,15,0,15,0
1766621496.137754,6326,1,15,0,15,0
1766621496.153916,6326,1,15,0,15,0
1766621496.171211,6327,1,15,0,15,0
1766621496.187988,6328,1,15,0,15,0
1766621496.203310,6329,1,15,0,15,0
1766621496.219988,6330,1,16,0,16,0
1766621496.236223,6330,1,16,0,16,0
1766621496.252634,6331,1,16,0,16,0
1766621496.270308,6332,1,16,0,16,0
1766621496.287008,6333,1,16,0,16,0
1766621496.302887,6333,1,16,0,16,0
1766621496.319481,6334,1,15,0,15,0
1766621496.336408,6335,1,15,0,15,0
1766621496.353480,6336,1,15,0,15,0
1766621496.371301,6336,1,15,0,15,0
1766621496.388360,6337,1,15,0,15,0
1766621496.406091,6338,1,15,0,15,0
1766621496.422213,6339,1,15,0,15,0
1766621496.438950,6340,1,15,0,15,0
1766621496.455476,6340,1,15,0,15,0
1766621496.472096,6341,1,15,0,15,0
1766621496.488656,6342,1,15,0,15,0
1766621496.505072,6343,1,15,0,15,0
1766621496.521920,6343,1,15,0,15,0
1766621496.538107,6344,1,15,0,15,0
1766621496.553989,6345,1,15,0,15,0
1766621496.571160,6346,1,15,1,15,1
1766621496.587195,6346,1,15,1,15,1
1766621496.604015,6347,1,15,1,15,1
1766621496.620212,6348,1,15,1,15,1
1766621496.637613,6349,1,15,1,15,1
1766621496.654136,6350,1,15,0,15,0
1766621496.671003,6350,1,15,0,15,0
1766621496.687168,6351,1,15,0,15,0
1766621496.703602,6352,1,15,0,15,0
1766621496.719355,6352,1,15,0,15,0
1766621496.736290,6353,1,15,0,15,0
1766621496.753780,6354,1,15,0,15,0
1766621496.769669,6355,1,15,0,15,0
1766621496.786455,6356,1,15,0,15,0
1766621496.803355,6356,1,15,0,15,0
1766621496.820159,6357,1,15,0,15,0
1766621496.835707,6358,1,15,0,15,0
1766621496.851842,6359,1,15,0,15,0
1766621496.867579,6359,1,15,0,15,0
1766621496.884729,6360,1,15,1,15,1
1766621496.900914,6361,1,15,1,15,1
1766621496.917614,6362,1,15,1,15,1
1766621496.935108,6362,1,15,1,15,1
1766621496.951225,6363,1,15,1,15,1
1766621496.969089,6364,1,15,1,15,1
1766621496.985602,6365,1,15,0,15,0
1766621497.001895,6366,1,15,0,15,0
1766621497.018981,6366,1,15,0,15,0
1766621497.035198,6367,1,15,0,15,0
1766621497.050710,6368,1,15,0,15,0
1766621497.066833,6369,1,15,0,15,0
1766621497.082946,6369,1,15,0,15,0
1766621497.100146,6370,1,15,0,15,0
1766621497.117013,6371,1,15,0,15,0
1766621497.133188,6371,1,15,0,15,0
1766621497.149246,6372,1,15,0,15,0
1766621497.166172,6373,1,15,0,15,0
1766621497.181963,6374,1,15,0,15,0
1766621497.198261,6374,1,15,0,15,0
1766621497.215171,6375,1,15,0,15,0
1766621497.231016,6376,1,15,0,15,0
1766621497.246810,6377,1,15,0,15,0
1766621497.263227,6377,1,15,0,15,0
1766621497.280234,6378,1,15,0,15,0
1766621497.297248,6379,1,15,0,15,0
1766621497.314828,6380,1,15,0,15,0
1766621497.331285,6380,1,15,0,15,0
1766621497.347816,6381,1,15,0,15,0
1766621497.364511,6382,1,15,0,15,0
1766621497.381255,6383,1,15,0,15,0
1766621497.397441,6383,1,15,0,15,0
1766621497.414530,6384,1,15,0,15,0
1766621497.431202,6385,1,15,0,15,0
1766621497.448541,6386,1,15,0,15,0
1766621497.465784,6387,1,15,0,15,0
1766621497.482153,6387,1,15,0,15,0
1766621497.497912,6388,1,15,0,15,0
1766621497.515358,6389,1,15,0,15,0
1766621497.532392,6390,1,15,0,15,0
1766621497.549661,6391,1,15,0,15,0
1766621497.567252,6391,1,15,0,15,0
1766621497.584479,6392,1,15,0,15,0
1766621497.601128,6393,1,15,0,15,0
1766621497.617450,6394,1,15,0,15,0
1766621497.633545,6394,1,15,0,15,0
1766621497.651010,6395,1,15,0,15,0
1766621497.667644,6396,1,15,0,15,0
1766621497.683734,6397,1,15,0,15,0
1766621497.700170,6397,1,15,0,15,0
1766621497.715959,6398,1,15,0,15,0
1766621497.732526,6399,1,15,0,15,0
1766621497.749136,6400,1,16,0,16,0
1766621497.764782,6400,1,16,0,16,0
1766621497.781249,6401,1,16,0,16,0
1766621497.798241,6402,1,16,0,16,0
1766621497.814896,6403,1,16,0,16,0
1766621497.832045,6404,1,16,0,16,0
1766621497.848948,6404,1,16,0,16,0
1766621497.865023,6405,1,16,0,16,0
1766621497.881181,6406,1,16,0,16,0
1766621497.896806,6406,1,16,0,16,0
1766621497.913176,6407,1,15,0,15,0
1766621497.929824,6408,1,15,0,15,0
1766621497.945578,6409,1,15,0,15,0
1766621497.962257,6410,1,15,0,15,0
1766621497.979758,6410,1,15,0,15,0
1766621497.996382,6411,1,15,0,15,0
1766621498.013216,6412,1,15,0,15,0
1766621498.030337,6413,1,15,0,15,0
1766621498.047311,6413,1,15,0,15,0
1766621498.063845,6414,1,15,0,15,0
1766621498.080595,6415,1,15,0,15,0
1766621498.097488,6416,1,15,0,15,0
1766621498.115080,6417,1,15,0,15,0
1766621498.131299,6417,1,15,0,15,0
1766621498.148570,6418,1,15,0,15,0
1766621498.165463,6419,1,15,0,15,0
1766621498.182216,6420,1,15,0,15,0
1766621498.199165,6420,1,15,0,15,0
1766621498.214844,6421,1,15,0,15,0
1766621498.231384,6422,1,16,0,16,0
1766621498.247767,6423,1,16,0,16,0
1766621498.264504,6423,1,16,0,16,0
1766621498.281235,6424,1,16,0,16,0
1766621498.298011,6425,1,16,0,16,0
1766621498.315388,6426,1,16,0,16,0
1766621498.332128,6427,1,16,0,16,0
1766621498.348174,6427,1,16,0,16,0
1766621498.364022,6428,1,15,0,15,0
1766621498.380169,6429,1,15,0,15,0
1766621498.395689,6430,1,15,0,15,0
1766621498.412677,6430,1,15,0,15,0
1766621498.429626,6431,1,15,0,15,0
1766621498.446448,6432,1,15,0,15,0
1766621498.463575,6433,1,15,0,15,0
1766621498.480531,6433,1,15,0,15,0
1766621498.497575,6434,1,15,0,15,0
1766621498.514448,6435,1,15,1,15,1
1766621498.531618,6436,1,15,1,15,1
1766621498.547825,6437,1,15,1,15,1
1766621498.563748,6437,1,15,1,15,1
1766621498.579659,6438,1,15,2,15,2
1766621498.596791,6439,1,15,2,15,2
1766621498.613389,6440,1,15,2,15,2
1766621498.629700,6440,1,15,2,15,2
1766621498.646096,6441,1,15,2,15,2
1766621498.662684,6442,1,16,2,16,2
1766621498.679257,6443,1,16,2,16,2
1766621498.696223,6443,1,16,2,16,2
1766621498.713655,6444,1,16,2,16,2
1766621498.729744,6445,1,16,2,16,2
1766621498.746430,6446,1,15,2,15,2
1766621498.762944,6446,1,15,2,15,2
1766621498.779307,6447,1,15,2,15,2
1766621498.796565,6448,1,15,2,15,2
1766621498.813483,6449,1,15,2,15,2
1766621498.830220,6450,1,15,3,15,3
1766621498.847941,6450,1,15,3,15,3
1766621498.863575,6451,1,15,3,15,3
1766621498.881908,6452,1,15,3,15,3
1766621498.898288,6453,1,15,3,15,3
1766621498.915191,6453,1,15,3,15,3
1766621498.931763,6454,1,15,3,15,3
1766621498.947948,6455,1,15,3,15,3
1766621498.964571,6456,1,15,3,15,3
1766621498.981337,6456,1,15,3,15,3
1766621498.999078,6457,1,15,3,15,3
1766621499.015335,6458,1,15,3,15,3
1766621499.032549,6459,1,15,3,15,3
1766621499.049632,6460,1,15,3,15,3
1766621499.066465,6460,1,15,3,15,3
1766621499.083196,6461,1,15,3,15,3
1766621499.099682,6462,1,15,2,15,2
1766621499.116408,6463,1,15,2,15,2
1766621499.132626,6463,1,15,2,15,2
1766621499.149513,6464,1,15,2,15,2
1766621499.166491,6465,1,15,2,15,2
1766621499.183152,6466,1,15,2,15,2
1766621499.198978,6466,1,15,2,15,2
1766621499.215864,6467,1,15,1,15,1
1766621499.231295,6468,1,15,1,15,1
1766621499.248929,6469,1,15,1,15,1
1766621499.264844,6469,1,15,1,15,1
1766621499.281381,6470,1,15,1,15,1
1766621499.299740,6471,1,15,2,15,2
1766621499.316339,6472,1,15,2,15,2
1766621499.333007,6473,1,15,2,15,2
1766621499.349650,6473,1,15,2,15,2
1766621499.366151,6474,1,15,2,15,2
1766621499.382782,6475,1,15,2,15,2
1766621499.399043,6476,1,15,2,15,2
1766621499.415457,6476,1,15,2,15,2
1766621499.432102,6477,1,15,2,15,2
1766621499.448427,6478,1,16,2,16,2
1766621499.464907,6479,1,16,2,16,2
1766621499.481249,6479,1,16,2,16,2
1766621499.498479,6480,1,16,2,16,2
1766621499.514816,6481,1,17,2,17,2
1766621499.531294,6482,1,17,2,17,2
1766621499.548033,6483,1,17,2,17,2
1766621499.564499,6483,1,17,2,17,2
1766621499.582411,6484,1,16,2,16,2
1766621499.598780,6485,1,16,2,16,2
1766621499.615080,6486,1,16,2,16,2
1766621499.632497,6486,1,16,2,16,2
1766621499.648910,6487,1,16,1,16,1
1766621499.665687,6488,1,16,1,16,1
1766621499.681856,6489,1,16,1,16,1
1766621499.697449,6489,1,16,1,16,1
1766621499.713692,6490,1,16,1,16,1
1766621499.730977,6491,1,16,2,16,2
1766621499.746854,6492,1,16,2,16,2
1766621499.762929,6492,1,16,2,16,2
1766621499.779766,6493,1,16,2,16,2
1766621499.797190,6494,1,17,2,17,2
1766621499.813861,6495,1,17,2,17,2
1766621499.830400,6495,1,17,2,17,2
1766621499.846674,6496,1,17,2,17,2
1766621499.863348,6497,1,17,2,17,2
1766621499.879467,6498,1,17,1,17,1
1766621499.896743,6498,1,17,1,17,1
1766621499.913102,6499,1,17,1,17,1
1766621499.928325,6500,1,17,1,17,1
1766621499.945427,6501,1,17,2,17,2
1766621499.962072,6501,1,17,2,17,2
1766621499.978309,6502,1,17,2,17,2
1766621499.995977,6503,1,17,2,17,2
1766621500.012280,6504,1,17,2,17,2
1766621500.029801,6505,1,17,1,17,1
1766621500.046728,6505,1,17,1,17,1
1766621500.063938,6506,1,17,1,17,1
1766621500.080363,6507,1,17,1,17,1
1766621500.096781,6508,1,17,1,17,1
1766621500.113216,6508,1,17,1,17,1
1766621500.129783,6509,1,16,1,16,1
1766621500.145593,6510,1,16,1,16,1
1766621500.162652,6511,1,16,1,16,1
1766621500.179080,6511,1,16,1,16,1
1766621500.194666,6512,1,16,1,16,1
1766621500.211884,6513,1,16,2,16,2
1766621500.228183,6514,1,16,2,16,2
1766621500.243603,6514,1,16,2,16,2
1766621500.259889,6515,1,16,2,16,2
1766621500.276068,6516,1,16,1,16,1
1766621500.291751,6517,1,16,1,16,1
1766621500.308470,6517,1,16,1,16,1
1766621500.325149,6518,1,16,1,16,1
1766621500.341279,6519,1,17,1,17,1
1766621500.357910,6520,1,17,1,17,1
1766621500.373672,6520,1,17,1,17,1
1766621500.390693,6521,1,17,1,17,1
1766621500.408011,6522,1,17,1,17,1
1766621500.424404,6523,1,16,1,16,1
1766621500.440979,6523,1,16,1,16,1
1766621500.456842,6524,1,16,1,16,1
1766621500.473392,6525,1,16,1,16,1
1766621500.489950,6526,1,16,2,16,2
1766621500.506000,6526,1,16,2,16,2
1766621500.522069,6527,1,16,2,16,2
1766621500.538119,6528,1,16,2,16,2
1766621500.553683,6529,1,15,2,15,2
1766621500.570294,6529,1,15,2,15,2
1766621500.659796,6530,1,15,2,15,2
1766621500.695221,6530,1,15,2,15,2
1766621500.712370,6531,1,15,2,15,2
1766621500.759756,6531,1,15,2,15,2
1766621500.778901,6531,1,15,2,15,2
1766621500.799632,6533,1,15,2,15,2
1766621500.816648,6533,1,15,2,15,2
1766621500.833289,6534,1,15,3,15,3
1766621500.851376,6535,1,15,3,15,3
1766621500.868558,6535,1,15,3,15,3
1766621500.884940,6536,1,15,3,15,3
1766621500.901562,6537,1,15,3,15,3
1766621500.918115,6538,1,15,3,15,3
1766621500.934630,6538,1,15,3,15,3
1766621500.951365,6539,1,15,3,15,3
1766621500.968773,6540,1,15,2,15,2
1766621500.985378,6541,1,15,2,15,2
1766621501.003433,6542,1,15,2,15,2
1766621501.019916,6542,1,15,2,15,2
1766621501.036690,6543,1,15,1,15,1
1766621501.053396,6544,1,15,1,15,1
1766621501.070410,6545,1,15,1,15,1
1766621501.086997,6545,1,15,1,15,1
1766621501.103244,6546,1,15,1,15,1
1766621501.119420,6547,1,15,1,15,1
1766621501.136127,6548,1,15,1,15,1
1766621501.151542,6548,1,15,1,15,1
1766621501.168912,6549,1,15,1,15,1
1766621501.185703,6550,1,15,1,15,1
1766621501.202417,6550,1,15,1,15,1
1766621501.219227,6551,1,15,1,15,1
1766621501.236140,6552,1,15,1,15,1
1766621501.252782,6553,1,15,1,15,1
1766621501.268719,6553,1,15,1,15,1
1766621501.285954,6554,1,15,1,15,1
1766621501.302896,6555,1,15,1,15,1
1766621501.319017,6556,1,15,2,15,2
1766621501.335625,6556,1,15,2,15,2
1766621501.352175,6557,1,15,2,15,2
1766621501.367712,6558,1,15,2,15,2
1766621501.384301,6559,1,15,2,15,2
1766621501.401366,6560,1,15,2,15,2
1766621501.417894,6560,1,15,2,15,2
1766621501.433459,6561,1,15,2,15,2
1766621501.451018,6562,1,15,2,15,2
1766621501.467288,6563,1,15,2,15,2
1766621501.484683,6563,1,15,2,15,2
1766621501.501142,6564,1,15,2,15,2
1766621501.518347,6565,1,15,2,15,2
1766621501.535323,6566,1,15,1,15,1
1766621501.552637,6567,1,15,1,15,1
1766621501.569085,6567,1,15,1,15,1
1766621501.585315,6568,1,14,1,14,1
1766621501.601344,6569,1,14,1,14,1
1766621501.618068,6570,1,14,1,14,1
1766621501.633855,6570,1,14,1,14,1
1766621501.649896,6571,1,14,1,14,1
1766621501.667617,6572,1,14,1,14,1
1766621501.683569,6573,1,14,1,14,1
1766621501.701224,6573,1,14,1,14,1
1766621501.718296,6574,1,14,1,14,1
1766621501.734980,6575,1,14,1,14,1
1766621501.750693,6576,1,14,1,14,1
1766621501.767163,6577,1,14,1,14,1
1766621501.783200,6577,1,14,1,14,1
1766621501.799948,6578,1,15,1,15,1
1766621501.815958,6579,1,15,1,15,1
1766621501.832243,6580,1,15,1,15,1
1766621501.849203,6580,1,15,1,15,1
1766621501.865592,6581,1,15,1,15,1
1766621501.882280,6582,1,15,2,15,2
1766621501.900418,6583,1,15,2,15,2
1766621501.917276,6584,1,15,2,15,2
1766621501.934508,6584,1,15,2,15,2
1766621501.951035,6585,1,15,2,15,2
1766621501.968256,6586,1,15,3,15,3
1766621501.985045,6587,1,15,3,15,3
1766621502.001572,6587,1,15,3,15,3
1766621502.017817,6588,1,15,3,15,3
1766621502.034015,6589,1,15,3,15,3
1766621502.049761,6590,1,15,3,15,3
1766621502.066099,6590,1,15,3,15,3
1766621502.081891,6591,1,15,3,15,3
1766621502.098003,6592,1,15,3,15,3
1766621502.113777,6593,1,14,3,14,3
1766621502.129528,6593,1,14,3,14,3
1766621502.146947,6594,1,14,3,14,3
1766621502.162626,6595,1,14,3,14,3
1766621502.179653,6596,1,14,4,14,4
1766621502.196425,6596,1,14,4,14,4
1766621502.213041,6597,1,14,4,14,4
1766621502.229480,6598,1,14,4,14,4
1766621502.246755,6599,1,14,4,14,4
1766621502.262840,6599,1,14,4,14,4
1766621502.279622,6600,1,14,4,14,4
1766621502.296861,6601,1,14,4,14,4
1766621502.313010,6602,1,14,4,14,4
1766621502.328463,6603,1,14,5,14,5
1766621502.344591,6603,1,14,5,14,5
1766621502.361359,6604,1,14,5,14,5
1766621502.378567,6605,1,14,5,14,5
1766621502.394966,6606,1,14,5,14,5
1766621502.411191,6606,1,14,5,14,5
1766621502.427241,6607,1,14,6,14,6
1766621502.444317,6608,1,14,6,14,6
1766621502.461037,6609,1,14,6,14,6
1766621502.476674,6609,1,14,6,14,6
1766621502.492353,6610,1,14,6,14,6
1766621502.508648,6611,1,14,6,14,6
1766621502.524758,6612,1,14,6,14,6
1766621502.540356,6612,1,14,6,14,6
1766621502.557088,6613,1,14,6,14,6
1766621502.573355,6614,1,14,6,14,6
1766621502.589871,6615,1,14,5,14,5
1766621502.606274,6615,1,14,5,14,5
1766621502.623166,6616,1,14,5,14,5
1766621502.639899,6617,1,14,5,14,5
1766621502.655988,6618,1,13,5,13,5
1766621502.672155,6618,1,13,5,13,5
1766621502.688592,6619,1,13,5,13,5
1766621502.705227,6620,1,13,5,13,5
1766621502.722064,6621,1,14,5,14,5
1766621502.737763,6621,1,14,5,14,5
1766621502.753848,6622,1,14,5,14,5
1766621502.771165,6623,1,14,5,14,5
1766621502.787122,6624,1,14,5,14,5
1766621502.803655,6624,1,14,5,14,5
1766621502.819631,6625,1,14,5,14,5
1766621502.836401,6626,1,14,4,14,4
1766621502.853534,6627,1,14,4,14,4
1766621502.869323,6627,1,14,4,14,4
1766621502.885994,6628,1,14,5,14,5
1766621502.901983,6629,1,14,5,14,5
1766621502.919163,6630,1,14,5,14,5
1766621502.935066,6630,1,14,5,14,5
1766621502.951116,6631,1,14,5,14,5
1766621502.966934,6632,1,14,6,14,6
1766621502.982826,6633,1,14,6,14,6
1766621502.998989,6633,1,14,6,14,6
1766621503.014737,6634,1,14,6,14,6
1766621503.031328,6635,1,14,6,14,6
1766621503.047898,6636,1,14,5,14,5
1766621503.064169,6636,1,14,5,14,5
1766621503.080220,6637,1,14,5,14,5
1766621503.096366,6638,1,14,5,14,5
1766621503.113060,6639,1,14,5,14,5
1766621503.128965,6639,1,14,5,14,5
1766621503.145375,6640,1,13,5,13,5
1766621503.162166,6641,1,13,5,13,5
1766621503.178946,6642,1,13,5,13,5
1766621503.195927,6642,1,13,5,13,5
1766621503.212549,6643,1,13,5,13,5
1766621503.229243,6644,1,13,5,13,5
1766621503.246470,6645,1,13,5,13,5
1766621503.262562,6645,1,13,5,13,5
1766621503.279565,6646,1,13,5,13,5
1766621503.295864,6647,1,13,4,13,4
1766621503.312014,6648,1,13,4,13,4
1766621503.328915,6648,1,13,4,13,4
1766621503.345072,6649,1,13,4,13,4
1766621503.361223,6650,1,13,4,13,4
1766621503.377642,6651,1,13,4,13,4
1766621503.394751,6651,1,13,4,13,4
1766621503.412037,6652,1,13,4,13,4
1766621503.427878,6653,1,13,4,13,4
1766621503.444127,6654,1,13,5,13,5
1766621503.461034,6655,1,13,5,13,5
1766621503.476403,6655,1,13,5,13,5
1766621503.492936,6656,1,13,5,13,5
1766621503.509240,6657,1,13,5,13,5
1766621503.525816,6658,1,13,4,13,4
1766621503.541661,6658,1,13,4,13,4
1766621503.558935,6659,1,13,4,13,4
1766621503.575302,6660,1,13,4,13,4
1766621503.592401,6661,1,13,4,13,4
1766621503.608820,6661,1,13,4,13,4
1766621503.624939,6662,1,13,4,13,4
1766621503.641256,6663,1,13,4,13,4
1766621503.657988,6664,1,13,4,13,4
1766621503.675090,6664,1,13,4,13,4
1766621503.691442,6665,1,13,4,13,4
1766621503.707692,6666,1,13,4,13,4
1766621503.724387,6667,1,13,4,13,4
1766621503.741021,6667,1,13,4,13,4
1766621503.758338,6668,1,13,4,13,4
1766621503.774835,6669,1,13,4,13,4
1766621503.792143,6670,1,13,4,13,4
1766621503.808320,6671,1,13,4,13,4
1766621503.824716,6671,1,13,4,13,4
1766621503.841877,6672,1,13,4,13,4
1766621503.857757,6673,1,13,4,13,4
1766621503.874140,6674,1,13,4,13,4
1766621503.889773,6674,1,13,4,13,4
1766621503.906896,6675,1,13,4,13,4
1766621503.922588,6676,1,13,4,13,4
1766621503.939081,6677,1,13,4,13,4
1766621503.955874,6677,1,13,4,13,4
1766621503.972413,6678,1,13,4,13,4
1766621503.989498,6679,1,13,4,13,4
1766621504.006343,6680,1,13,4,13,4
1766621504.023031,6680,1,13,4,13,4
1766621504.039172,6681,1,13,4,13,4
1766621504.055336,6682,1,13,4,13,4
1766621504.072914,6683,1,13,4,13,4
1766621504.089257,6684,1,13,4,13,4
1766621504.105277,6684,1,13,4,13,4
1766621504.122165,6685,1,13,4,13,4
1766621504.138404,6686,1,13,4,13,4
1766621504.154885,6687,1,13,4,13,4
1766621504.170886,6687,1,13,4,13,4
1766621504.187568,6688,1,13,4,13,4
1766621504.203228,6689,1,14,4,14,4
1766621504.221134,6690,1,14,4,14,4
1766621504.236754,6690,1,14,4,14,4
1766621504.253301,6691,1,14,4,14,4
1766621504.270554,6692,1,14,3,14,3
1766621504.286775,6693,1,14,3,14,3
1766621504.303137,6693,1,14,3,14,3
1766621504.319446,6694,1,14,3,14,3
1766621504.337033,6695,1,15,3,15,3
1766621504.353092,6696,1,15,3,15,3
1766621504.368925,6697,1,15,3,15,3
1766621504.384878,6697,1,15,3,15,3
1766621504.401365,6698,1,15,3,15,3
1766621504.418915,6699,1,15,3,15,3
1766621504.435644,6700,1,15,3,15,3
1766621504.452473,6700,1,15,3,15,3
1766621504.469991,6701,1,15,3,15,3
1766621504.486139,6702,1,16,3,16,3
1766621504.502687,6703,1,16,3,16,3
1766621504.519142,6703,1,16,3,16,3
1766621504.535023,6704,1,16,3,16,3
1766621504.552492,6705,1,16,3,16,3
1766621504.569650,6706,1,15,3,15,3
1766621504.586595,6707,1,15,3,15,3
1766621504.603306,6707,1,15,3,15,3
1766621504.620792,6708,1,15,3,15,3
1766621504.637237,6709,1,16,3,16,3
1766621504.654548,6710,1,16,3,16,3
1766621504.671031,6710,1,16,3,16,3
1766621504.687532,6711,1,16,3,16,3
1766621504.704669,6712,1,16,3,16,3
1766621504.721486,6713,1,16,4,16,4
1766621504.738791,6714,1,16,4,16,4
1766621504.755184,6714,1,16,4,16,4
1766621504.771811,6715,1,16,4,16,4
1766621504.788167,6716,1,16,4,16,4
1766621504.805125,6717,1,16,5,16,5
1766621504.821926,6717,1,16,5,16,5
1766621504.839044,6718,1,16,5,16,5
1766621504.855328,6719,1,16,5,16,5
1766621504.872332,6720,1,17,5,17,5
1766621504.889381,6721,1,17,5,17,5
1766621504.906609,6721,1,17,5,17,5
1766621504.923586,6722,1,17,5,17,5
1766621504.940479,6723,1,17,5,17,5
1766621504.957275,6724,1,17,5,17,5
1766621504.974581,6725,1,16,5,16,5
1766621504.991050,6725,1,16,5,16,5
1766621505.007186,6726,1,16,5,16,5
1766621505.023525,6727,1,16,5,16,5
1766621505.040762,6728,1,16,5,16,5
1766621505.058138,6728,1,16,5,16,5
1766621505.073908,6729,1,16,5,16,5
1766621505.090096,6730,1,16,5,16,5
1766621505.106639,6731,1,17,5,17,5
1766621505.123683,6731,1,17,5,17,5
1766621505.141122,6732,1,17,5,17,5
1766621505.157984,6733,1,17,5,17,5
1766621505.175238,6734,1,17,5,17,5
1766621505.192533,6735,1,17,5,17,5
1766621505.209315,6735,1,17,5,17,5
1766621505.226351,6736,1,17,5,17,5
1766621505.242920,6737,1,17,5,17,5
1766621505.259531,6738,1,17,5,17,5
1766621505.275711,6738,1,17,5,17,5
1766621505.292826,6739,1,17,5,17,5
1766621505.308420,6740,1,17,5,17,5
1766621505.324357,6741,1,17,5,17,5
1766621505.341222,6741,1,17,5,17,5
1766621505.358628,6742,1,17,5,17,5
1766621505.374922,6743,1,16,5,16,5
1766621505.392535,6744,1,16,5,16,5
1766621505.408627,6745,1,16,4,16,4
1766621505.424861,6745,1,16,4,16,4
1766621505.441670,6746,1,16,4,16,4
1766621505.458020,6747,1,16,4,16,4
1766621505.473729,6748,1,16,4,16,4
1766621505.489977,6748,1,16,4,16,4
1766621505.505746,6749,1,16,4,16,4
1766621505.522408,6750,1,16,3,16,3
1766621505.539521,6750,1,16,3,16,3
1766621505.556437,6751,1,16,3,16,3
1766621505.572876,6752,1,16,3,16,3
1766621505.589764,6753,1,15,3,15,3
1766621505.605718,6753,1,15,3,15,3
1766621505.621912,6754,1,15,3,15,3
1766621505.638403,6755,1,15,3,15,3
1766621505.655221,6756,1,15,3,15,3
1766621505.673329,6757,1,15,3,15,3
1766621505.690441,6757,1,15,3,15,3
1766621505.707401,6758,1,15,3,15,3
1766621505.723405,6759,1,15,3,15,3
1766621505.740422,6760,1,16,3,16,3
1766621505.757283,6761,1,16,3,16,3
1766621505.774742,6761,1,16,3,16,3
1766621505.791155,6762,1,16,3,16,3
1766621505.807678,6763,1,16,3,16,3
1766621505.825050,6764,1,16,3,16,3
1766621505.840944,6764,1,16,3,16,3
1766621505.857498,6765,1,16,3,16,3
1766621505.874195,6766,1,15,3,15,3
1766621505.890149,6767,1,15,3,15,3
1766621505.906640,6767,1,15,3,15,3
1766621505.923973,6768,1,15,3,15,3
1766621505.939572,6769,1,15,3,15,3
1766621505.955826,6770,1,15,3,15,3
1766621505.972278,6770,1,15,3,15,3
1766621505.989622,6771,1,14,3,14,3
1766621506.006331,6772,1,14,3,14,3
1766621506.023866,6773,1,14,3,14,3
1766621506.039339,6774,1,14,3,14,3
1766621506.056404,6774,1,14,3,14,3
1766621506.073365,6775,1,14,3,14,3
1766621506.091075,6776,1,14,3,14,3
1766621506.107490,6777,1,15,3,15,3
1766621506.124219,6777,1,15,3,15,3
1766621506.141132,6778,1,15,3,15,3
1766621506.158581,6779,1,15,3,15,3
1766621506.175310,6780,1,14,3,14,3
1766621506.192355,6781,1,14,3,14,3
1766621506.208805,6781,1,14,3,14,3
1766621506.225481,6782,1,14,3,14,3
1766621506.242124,6783,1,14,3,14,3
1766621506.258896,6784,1,15,3,15,3
1766621506.275553,6784,1,15,3,15,3
1766621506.292637,6785,1,15,3,15,3
1766621506.309525,6786,1,15,3,15,3
1766621506.326503,6787,1,15,3,15,3
1766621506.342745,6787,1,15,3,15,3
1766621506.359402,6788,1,15,3,15,3
1766621506.376023,6789,1,14,3,14,3
1766621506.391465,6790,1,14,3,14,3
1766621506.408913,6791,1,14,4,14,4
1766621506.425281,6791,1,14,4,14,4
1766621506.441416,6792,1,14,4,14,4
1766621506.457442,6793,1,14,4,14,4
1766621506.473614,6794,1,14,4,14,4
1766621506.490925,6794,1,14,4,14,4
1766621506.506754,6795,1,14,4,14,4
1766621506.523249,6796,1,14,4,14,4
1766621506.540924,6797,1,14,4,14,4
1766621506.556781,6797,1,14,4,14,4
1766621506.573233,6798,1,14,4,14,4
1766621506.590915,6799,1,14,4,14,4
1766621506.607713,6800,1,14,3,14,3
1766621506.624617,6801,1,14,3,14,3
1766621506.640370,6801,1,14,3,14,3
1766621506.657763,6802,1,14,3,14,3
1766621506.674959,6803,1,14,3,14,3
1766621506.691141,6804,1,14,3,14,3
1766621506.707387,6804,1,14,3,14,3
1766621506.724123,6805,1,14,3,14,3
1766621506.739851,6806,1,14,3,14,3
1766621506.755975,6807,1,14,3,14,3
1766621506.772498,6807,1,14,3,14,3
1766621506.788460,6808,1,14,3,14,3
1766621506.805340,6809,1,14,3,14,3
1766621506.821725,6810,1,14,3,14,3
1766621506.837802,6810,1,14,3,14,3
1766621506.854507,6811,1,14,3,14,3
1766621506.870980,6812,1,14,3,14,3
1766621506.887131,6813,1,14,3,14,3
1766621506.902996,6813,1,14,3,14,3
1766621506.919297,6814,1,14,3,14,3
1766621506.936223,6815,1,14,3,14,3
1766621506.953267,6816,1,14,3,14,3
1766621506.970133,6817,1,14,3,14,3
1766621506.986245,6817,1,14,3,14,3
1766621507.003429,6818,1,14,3,14,3
1766621507.020783,6819,1,14,3,14,3
1766621507.036926,6820,1,14,3,14,3
1766621507.052843,6820,1,14,3,14,3
1766621507.068768,6821,1,14,3,14,3
1766621507.085834,6822,1,14,3,14,3
1766621507.102155,6823,1,14,3,14,3
1766621507.118708,6823,1,14,3,14,3
1766621507.135101,6824,1,15,3,15,3
1766621507.151433,6825,1,15,3,15,3
1766621507.168238,6826,1,15,3,15,3
1766621507.185234,6826,1,15,3,15,3
1766621507.202141,6827,1,15,3,15,3
1766621507.219419,6828,1,15,3,15,3
1766621507.236274,6829,1,15,3,15,3
1766621507.252938,6830,1,15,3,15,3
1766621507.268810,6830,1,15,3,15,3
1766621507.285400,6831,1,15,3,15,3
1766621507.302397,6832,1,15,3,15,3
1766621507.319163,6833,1,15,3,15,3
1766621507.334588,6833,1,15,3,15,3
1766621507.351388,6834,1,15,3,15,3
1766621507.368685,6835,1,15,3,15,3
1766621507.384560,6836,1,15,3,15,3
1766621507.401500,6836,1,15,3,15,3
1766621507.418403,6837,1,14,3,14,3
1766621507.435272,6838,1,14,3,14,3
1766621507.452373,6839,1,14,3,14,3
1766621507.469068,6840,1,14,4,14,4
1766621507.484586,6840,1,14,4,14,4
1766621507.500867,6841,1,14,4,14,4
1766621507.516711,6842,1,13,4,13,4
1766621507.532575,6843,1,13,4,13,4
1766621507.548780,6843,1,13,4,13,4
1766621507.564368,6844,1,13,4,13,4
1766621507.581421,6845,1,13,4,13,4
1766621507.598644,6846,1,13,4,13,4
1766621507.615947,6846,1,13,4,13,4
1766621507.632436,6847,1,13,4,13,4
1766621507.650009,6848,1,13,4,13,4
1766621507.666629,6849,1,13,5,13,5
1766621507.684915,6850,1,13,5,13,5
1766621507.701511,6850,1,13,5,13,5
1766621507.718199,6851,1,13,5,13,5
1766621507.735475,6852,1,13,5,13,5
1766621507.752287,6853,1,13,6,13,6
1766621507.768843,6853,1,13,6,13,6
1766621507.785131,6854,1,13,6,13,6
1766621507.801331,6855,1,13,6,13,6
1766621507.818407,6856,1,13,6,13,6
1766621507.835363,6857,1,13,6,13,6
1766621507.852574,6857,1,13,6,13,6
1766621507.869555,6858,1,13,6,13,6
1766621507.886164,6859,1,13,6,13,6
1766621507.903108,6860,1,13,6,13,6
1766621507.920261,6860,1,13,6,13,6
1766621507.936559,6861,1,13,6,13,6
1766621507.954184,6862,1,13,5,13,5
1766621507.970064,6863,1,13,5,13,5
1766621507.986840,6863,1,13,5,13,5
1766621508.004088,6864,1,13,5,13,5
1766621508.020333,6865,1,13,5,13,5
1766621508.036447,6866,1,13,5,13,5
1766621508.053875,6867,1,13,5,13,5
1766621508.069660,6867,1,13,5,13,5
1766621508.085399,6868,1,13,5,13,5
1766621508.102288,6869,1,13,5,13,5
1766621508.119145,6870,1,13,5,13,5
1766621508.136599,6870,1,13,5,13,5
1766621508.153368,6871,1,13,5,13,5
1766621508.170475,6872,1,13,4,13,4
1766621508.187675,6873,1,13,4,13,4
1766621508.204466,6873,1,13,4,13,4
1766621508.221648,6874,1,13,4,13,4
1766621508.237869,6875,1,13,4,13,4
1766621508.254636,6876,1,13,4,13,4
1766621508.271345,6876,1,13,4,13,4
1766621508.288259,6877,1,13,4,13,4
1766621508.305134,6878,1,13,4,13,4
1766621508.322003,6879,1,13,4,13,4
1766621508.338568,6879,1,13,4,13,4
1766621508.355235,6880,1,13,4,13,4
1766621508.372541,6881,1,13,4,13,4
1766621508.388834,6882,1,13,4,13,4
1766621508.405545,6883,1,13,4,13,4
1766621508.422586,6883,1,13,4,13,4
1766621508.439439,6884,1,13,4,13,4
1766621508.456771,6885,1,13,4,13,4
1766621508.473303,6886,1,13,4,13,4
1766621508.490217,6886,1,13,4,13,4
1766621508.506564,6887,1,13,4,13,4
1766621508.524112,6888,1,13,4,13,4
1766621508.540161,6889,1,13,4,13,4
1766621508.556630,6889,1,13,4,13,4
1766621508.573167,6890,1,13,5,13,5
1766621508.588751,6891,1,13,5,13,5
1766621508.604856,6892,1,13,5,13,5
1766621508.620549,6892,1,13,5,13,5
1766621508.637737,6893,1,13,5,13,5
1766621508.653566,6894,1,14,5,14,5
1766621508.672292,6895,1,14,5,14,5
1766621508.689503,6896,1,14,5,14,5
1766621508.706091,6896,1,14,5,14,5
1766621508.722508,6897,1,14,5,14,5
1766621508.739675,6898,1,14,5,14,5
1766621508.756494,6899,1,14,4,14,4
1766621508.773777,6900,1,14,4,14,4
1766621508.790526,6900,1,14,4,14,4
1766621508.807956,6901,1,14,4,14,4
1766621508.824229,6902,1,14,4,14,4
1766621508.840665,6903,1,14,4,14,4
1766621508.857045,6903,1,14,4,14,4
1766621508.873572,6904,1,14,4,14,4
1766621508.890365,6905,1,14,4,14,4
1766621508.906650,6906,1,14,4,14,4
1766621508.923680,6906,1,14,4,14,4
1766621508.940789,6907,1,14,4,14,4
1766621508.957055,6908,1,14,4,14,4
1766621508.972684,6909,1,14,3,14,3
1766621508.989525,6909,1,14,3,14,3
1766621509.006819,6910,1,14,3,14,3
1766621509.022847,6911,1,14,3,14,3
1766621509.038874,6912,1,14,3,14,3
1766621509.055001,6913,1,14,3,14,3
1766621509.072326,6913,1,14,3,14,3
1766621509.089191,6914,1,14,3,14,3
1766621509.106023,6915,1,14,3,14,3
1766621509.122047,6916,1,14,4,14,4
1766621509.138506,6916,1,14,4,14,4
1766621509.156741,6917,1,14,4,14,4
1766621509.172984,6918,1,14,4,14,4
1766621509.189073,6919,1,14,4,14,4
1766621509.206046,6920,1,14,4,14,4
1766621509.221604,6920,1,14,4,14,4
1766621509.238204,6921,1,14,4,14,4
1766621509.255361,6922,1,14,4,14,4
1766621509.272716,6923,1,14,4,14,4
1766621509.289681,6923,1,14,4,14,4
1766621509.306366,6924,1,14,4,14,4
1766621509.322569,6925,1,13,4,13,4
1766621509.339265,6926,1,13,4,13,4
1766621509.356587,6926,1,13,4,13,4
1766621509.374190,6927,1,13,4,13,4
1766621509.391193,6928,1,13,4,13,4
1766621509.407500,6929,1,13,4,13,4
1766621509.423742,6930,1,13,4,13,4
1766621509.440345,6930,1,13,4,13,4
1766621509.457546,6931,1,13,4,13,4
1766621509.473793,6932,1,13,4,13,4
1766621509.490605,6933,1,14,4,14,4
1766621509.507155,6933,1,14,4,14,4
1766621509.523214,6934,1,14,4,14,4
1766621509.539954,6935,1,14,4,14,4
1766621509.555714,6936,1,14,3,14,3
1766621509.572057,6936,1,14,3,14,3
1766621509.588607,6937,1,14,3,14,3
1766621509.604748,6938,1,14,3,14,3
1766621509.620935,6939,1,14,3,14,3
1766621509.637286,6939,1,14,3,14,3
1766621509.654346,6940,1,15,3,15,3
1766621509.671200,6941,1,15,3,15,3
1766621509.688456,6942,1,15,3,15,3
1766621509.704429,6942,1,15,3,15,3
1766621509.721147,6943,1,15,3,15,3
1766621509.737190,6944,1,14,3,14,3
1766621509.753775,6945,1,14,3,14,3
1766621509.769952,6945,1,14,3,14,3
1766621509.786478,6946,1,14,3,14,3
1766621509.803134,6947,1,15,3,15,3
1766621509.818568,6948,1,15,3,15,3
1766621509.835626,6948,1,15,3,15,3
1766621509.851894,6949,1,15,2,15,2
1766621509.868005,6950,1,15,2,15,2
1766621509.884998,6951,1,15,2,15,2
1766621509.901071,6951,1,15,2,15,2
1766621509.917089,6952,1,15,2,15,2
1766621509.934494,6953,1,15,2,15,2
1766621509.951164,6954,1,15,2,15,2
1766621509.967773,6954,1,15,2,15,2
1766621509.984812,6955,1,15,2,15,2
1766621510.001638,6956,1,15,2,15,2
1766621510.018272,6957,1,16,2,16,2
1766621510.035226,6958,1,16,2,16,2
1766621510.052301,6958,1,16,2,16,2
1766621510.068836,6959,1,16,2,16,2
1766621510.084913,6960,1,16,2,16,2
1766621510.101405,6961,1,16,2,16,2
1766621510.117662,6961,1,16,2,16,2
1766621510.134248,6962,1,16,2,16,2
1766621510.150552,6963,1,17,2,17,2
1766621510.167228,6964,1,17,2,17,2
1766621510.183716,6964,1,17,2,17,2
1766621510.199746,6965,1,17,2,17,2
1766621510.215502,6966,1,18,2,18,2
1766621510.231798,6967,1,18,2,18,2
1766621510.247571,6967,1,18,2,18,2
1766621510.265072,6968,1,18,2,18,2
1766621510.281420,6969,1,18,2,18,2
1766621510.298211,6970,1,18,2,18,2
1766621510.314995,6971,1,18,1,18,1
1766621510.331246,6971,1,18,1,18,1
1766621510.348925,6972,1,18,1,18,1
1766621510.365378,6973,1,18,1,18,1
1766621510.382712,6974,1,17,1,17,1
1766621510.398632,6974,1,17,1,17,1
1766621510.415318,6975,1,17,1,17,1
1766621510.431451,6976,1,17,1,17,1
1766621510.447687,6977,1,17,2,17,2
1766621510.464683,6977,1,17,2,17,2
1766621510.481969,6978,1,17,2,17,2
1766621510.499209,6979,1,17,2,17,2
1766621510.515563,6980,1,17,2,17,2
1766621510.532119,6981,1,17,2,17,2
1766621510.548596,6981,1,17,2,17,2
1766621510.565020,6982,1,17,2,17,2
1766621510.580922,6983,1,17,2,17,2
1766621510.597718,6984,1,16,2,16,2
1766621510.615534,6984,1,16,2,16,2
1766621510.632683,6985,1,16,2,16,2
1766621510.649225,6986,1,16,2,16,2
1766621510.666118,6987,1,16,2,16,2
1766621510.682975,6987,1,16,2,16,2
1766621510.699027,6988,1,16,1,16,1
1766621510.715021,6989,1,16,1,16,1
1766621510.731208,6990,1,16,1,16,1
1766621510.748013,6990,1,16,1,16,1
1766621510.764600,6991,1,16,2,16,2
1766621510.781303,6992,1,16,2,16,2
1766621510.798243,6993,1,16,2,16,2
1766621510.814788,6994,1,16,2,16,2
1766621510.831622,6994,1,16,2,16,2
1766621510.848567,6995,1,16,1,16,1
1766621510.864875,6996,1,16,1,16,1
1766621510.880502,6997,1,16,1,16,1
1766621510.897137,6997,1,16,1,16,1
1766621510.913344,6998,1,16,1,16,1
1766621510.930371,6999,1,17,1,17,1
1766621510.946508,7000,1,17,1,17,1
1766621510.963320,7000,1,17,1,17,1
1766621510.980099,7001,1,17,1,17,1
1766621510.996309,7002,1,18,1,18,1
1766621511.013194,7003,1,18,1,18,1
1766621511.030334,7003,1,18,1,18,1
1766621511.046499,7004,1,18,1,18,1
1766621511.063013,7005,1,18,1,18,1
1766621511.079396,7006,1,17,1,17,1
1766621511.095772,7006,1,17,1,17,1
1766621511.112455,7007,1,17,1,17,1
1766621511.129843,7008,1,17,1,17,1
1766621511.146949,7009,1,17,1,17,1
1766621511.163534,7009,1,17,1,17,1
1766621511.181415,7010,1,17,0,17,0
1766621511.198093,7011,1,17,0,17,0
1766621511.213816,7012,1,17,0,17,0
1766621511.230307,7012,1,17,0,17,0
1766621511.247043,7013,1,18,0,18,0
1766621511.262791,7014,1,18,0,18,0
1766621511.279181,7015,1,18,0,18,0
1766621511.295271,7015,1,18,0,18,0
1766621511.311624,7016,1,17,0,17,0
1766621511.328056,7017,1,17,0,17,0
1766621511.344299,7018,1,17,0,17,0
1766621511.360823,7018,1,17,0,17,0
1766621511.377700,7019,1,17,0,17,0
1766621511.394013,7020,1,18,0,18,0
1766621511.410404,7021,1,18,0,18,0
1766621511.427175,7021,1,18,0,18,0
1766621511.443971,7022,1,18,0,18,0
1766621511.460335,7023,1,19,0,19,0
1766621511.477411,7024,1,19,0,19,0
1766621511.493969,7024,1,19,0,19,0
1766621511.510105,7025,1,19,0,19,0
1766621511.526089,7026,1,19,0,19,0
1766621511.541764,7027,1,19,0,19,0
1766621511.558182,7027,1,19,0,19,0
1766621511.575174,7028,1,19,0,19,0
1766621511.591134,7029,1,19,0,19,0
1766621511.607182,7029,1,19,0,19,0
1766621511.623843,7030,1,19,0,19,0
1766621511.639970,7031,1,19,0,19,0
1766621511.656059,7032,1,19,0,19,0
1766621511.672331,7032,1,19,0,19,0
1766621511.688616,7033,1,19,0,19,0
1766621511.705319,7034,1,18,0,18,0
1766621511.722390,7035,1,18,0,18,0
1766621511.739614,7036,1,19,0,19,0
1766621511.755527,7036,1,19,0,19,0
1766621511.771584,7037,1,19,0,19,0
1766621511.788735,7038,1,19,0,19,0
1766621511.805630,7039,1,19,1,19,1
1766621511.822665,7039,1,19,1,19,1
1766621511.838535,7040,1,19,1,19,1
1766621511.855859,7041,1,19,1,19,1
1766621511.872847,7042,1,19,1,19,1
1766621511.890124,7043,1,19,1,19,1
1766621511.906227,7043,1,19,1,19,1
1766621511.922851,7044,1,19,1,19,1
1766621511.938684,7045,1,18,1,18,1
1766621511.955884,7045,1,18,1,18,1
1766621511.972865,7046,1,18,1,18,1
1766621511.990302,7047,1,18,2,18,2
1766621512.007295,7048,1,18,2,18,2
1766621512.024826,7049,1,18,2,18,2
1766621512.041247,7049,1,18,2,18,2
1766621512.058454,7050,1,18,2,18,2
1766621512.075991,7051,1,19,2,19,2
1766621512.092383,7052,1,19,2,19,2
1766621512.109020,7053,1,19,2,19,2
1766621512.125517,7053,1,19,2,19,2
1766621512.142807,7054,1,19,2,19,2
1766621512.159528,7055,1,19,2,19,2
1766621512.177379,7056,1,19,2,19,2
1766621512.194045,7056,1,19,2,19,2
1766621512.211429,7057,1,19,2,19,2
1766621512.227903,7058,1,19,2,19,2
1766621512.244697,7059,1,18,2,18,2
1766621512.261686,7060,1,18,2,18,2
1766621512.278713,7060,1,18,2,18,2
1766621512.295770,7061,1,18,2,18,2
1766621512.312457,7062,1,19,2,19,2
1766621512.328922,7063,1,19,2,19,2
1766621512.345429,7063,1,19,2,19,2
1766621512.362106,7064,1,19,2,19,2
1766621512.378426,7065,1,19,3,19,3
1766621512.395241,7066,1,19,3,19,3
1766621512.412991,7066,1,19,3,19,3
1766621512.429042,7067,1,19,3,19,3
1766621512.445202,7068,1,19,3,19,3
1766621512.462386,7069,1,19,4,19,4
1766621512.478538,7069,1,19,4,19,4
1766621512.495430,7070,1,19,4,19,4
1766621512.512491,7071,1,19,4,19,4
1766621512.529345,7072,1,19,4,19,4
1766621512.546229,7072,1,19,4,19,4
1766621512.563610,7073,1,19,4,19,4
1766621512.580165,7074,1,19,4,19,4
1766621512.595791,7075,1,19,4,19,4
1766621512.612214,7075,1,19,4,19,4
1766621512.628856,7076,1,19,4,19,4
1766621512.645599,7077,1,19,4,19,4
1766621512.662453,7077,1,19,4,19,4
1766621512.680042,7078,1,19,3,19,3
1766621512.696559,7079,1,19,3,19,3
1766621512.713870,7080,1,19,3,19,3
1766621512.730238,7081,1,19,3,19,3
1766621512.747991,7082,1,19,3,19,3
1766621512.764632,7082,1,19,3,19,3
1766621512.780853,7083,1,19,3,19,3
1766621512.797591,7084,1,19,3,19,3
1766621512.813728,7085,1,19,2,19,2
1766621512.830608,7085,1,19,2,19,2
1766621512.847314,7086,1,19,2,19,2
1766621512.863301,7087,1,19,3,19,3
1766621512.880688,7088,1,19,3,19,3
1766621512.897189,7088,1,19,3,19,3
1766621512.914441,7089,1,19,3,19,3
1766621512.931632,7090,1,19,3,19,3
1766621512.948155,7091,1,19,3,19,3
1766621512.963710,7091,1,19,3,19,3
1766621512.981530,7092,1,19,3,19,3
1766621512.998412,7093,1,19,3,19,3
1766621513.015243,7094,1,19,3,19,3
1766621513.031536,7095,1,19,3,19,3
1766621513.049582,7095,1,19,3,19,3
1766621513.066669,7096,1,19,3,19,3
1766621513.083289,7097,1,19,3,19,3
1766621513.100633,7098,1,19,3,19,3
1766621513.117324,7098,1,19,3,19,3
1766621513.134511,7099,1,19,3,19,3
1766621513.151775,7100,1,19,3,19,3
1766621513.168622,7101,1,19,4,19,4
1766621513.184952,7102,1,19,4,19,4
1766621513.201620,7102,1,19,4,19,4
1766621513.218094,7103,1,19,4,19,4
1766621513.233349,7104,1,19,4,19,4
1766621513.250475,7105,1,19,4,19,4
1766621513.266804,7105,1,19,4,19,4
1766621513.283959,7106,1,19,4,19,4
1766621513.299690,7107,1,19,4,19,4
1766621513.316223,7108,1,19,4,19,4
1766621513.332883,7108,1,19,4,19,4
1766621513.349219,7109,1,19,4,19,4
1766621513.366429,7110,1,19,4,19,4
1766621513.383449,7111,1,19,4,19,4
1766621513.399540,7111,1,19,4,19,4
1766621513.416118,7112,1,19,4,19,4
1766621513.431341,7113,1,19,4,19,4
1766621513.448403,7114,1,19,3,19,3
1766621513.465343,7114,1,19,3,19,3
1766621513.482153,7115,1,19,3,19,3
1766621513.497982,7116,1,19,3,19,3
1766621513.514814,7117,1,19,3,19,3
1766621513.530609,7118,1,19,3,19,3
1766621513.546308,7118,1,19,3,19,3
1766621513.563118,7119,1,19,3,19,3
1766621513.578873,7120,1,19,3,19,3
1766621513.595206,7120,1,19,3,19,3
1766621513.611567,7121,1,19,3,19,3
1766621513.627501,7122,1,19,4,19,4
1766621513.644783,7123,1,19,4,19,4
1766621513.660734,7123,1,19,4,19,4
1766621513.678209,7124,1,19,4,19,4
1766621513.694658,7125,1,19,4,19,4
1766621513.711425,7126,1,19,4,19,4
1766621513.728370,7127,1,19,4,19,4
1766621513.746410,7127,1,19,4,19,4
1766621513.763911,7128,1,19,4,19,4
1766621513.780549,7129,1,19,4,19,4
1766621513.797195,7130,1,19,4,19,4
1766621513.814282,7131,1,19,4,19,4
1766621513.831411,7131,1,19,4,19,4
1766621513.848469,7132,1,19,4,19,4
1766621513.865474,7133,1,19,4,19,4
1766621513.882463,7134,1,19,4,19,4
1766621513.899687,7135,1,19,4,19,4
1766621513.916749,7135,1,19,4,19,4
1766621513.932854,7136,1,19,4,19,4
1766621513.949179,7137,1,19,4,19,4
1766621513.964926,7138,1,19,4,19,4
1766621513.981502,7138,1,19,4,19,4
1766621513.997944,7139,1,19,4,19,4
1766621514.013701,7140,1,19,4,19,4
1766621514.029838,7141,1,19,4,19,4
1766621514.046593,7141,1,19,4,19,4
1766621514.063918,7142,1,19,4,19,4
1766621514.081120,7143,1,19,4,19,4
1766621514.097258,7144,1,19,4,19,4
1766621514.115430,7145,1,19,4,19,4
1766621514.131698,7145,1,19,4,19,4
1766621514.147867,7146,1,19,4,19,4
1766621514.164250,7147,1,19,4,19,4
1766621514.182154,7148,1,19,4,19,4
1766621514.198039,7148,1,19,4,19,4
1766621514.213511,7149,1,19,4,19,4
1766621514.230356,7150,1,19,4,19,4
1766621514.247812,7151,1,19,4,19,4
1766621514.264416,7151,1,19,4,19,4
1766621514.281558,7152,1,19,4,19,4
1766621514.298164,7153,1,19,4,19,4
1766621514.314294,7154,1,19,4,19,4
1766621514.331713,7155,1,19,4,19,4
1766621514.348854,7155,1,19,4,19,4
1766621514.365079,7156,1,19,4,19,4
1766621514.380931,7157,1,19,4,19,4
1766621514.396738,7158,1,19,4,19,4
1766621514.412954,7158,1,19,4,19,4
1766621514.429204,7159,1,19,4,19,4
1766621514.446954,7160,1,19,3,19,3
1766621514.463000,7161,1,19,3,19,3
1766621514.479333,7161,1,19,3,19,3
1766621514.496846,7162,1,19,3,19,3
1766621514.513591,7163,1,19,3,19,3
1766621514.531948,7164,1,19,3,19,3
1766621514.547797,7165,1,19,3,19,3
1766621514.563266,7165,1,19,3,19,3
1766621514.580217,7166,1,19,3,19,3
1766621514.596638,7167,1,19,3,19,3
1766621514.613660,7167,1,19,3,19,3
1766621514.630695,7168,1,19,2,19,2
1766621514.647532,7169,1,19,2,19,2
1766621514.663739,7170,1,19,2,19,2
1766621514.679620,7170,1,19,2,19,2
1766621514.695798,7171,1,19,1,19,1
1766621514.711537,7172,1,19,1,19,1
1766621514.728465,7173,1,19,1,19,1
1766621514.745100,7173,1,19,1,19,1
1766621514.761356,7174,1,19,1,19,1
1766621514.777999,7175,1,19,1,19,1
1766621514.794918,7176,1,19,1,19,1
1766621514.811550,7176,1,19,1,19,1
1766621514.828765,7177,1,19,1,19,1
1766621514.844974,7178,1,19,1,19,1
1766621514.861853,7179,1,19,0,19,0
1766621514.877984,7179,1,19,0,19,0
1766621514.894596,7180,1,19,0,19,0
1766621514.911168,7181,1,19,0,19,0
1766621514.926865,7182,1,19,0,19,0
1766621514.943984,7183,1,19,0,19,0
1766621514.960808,7183,1,19,0,19,0
1766621514.977123,7184,1,19,0,19,0
1766621514.992450,7185,1,19,0,19,0
1766621515.010033,7186,1,19,0,19,0
1766621515.026962,7186,1,19,0,19,0
1766621515.043672,7187,1,19,0,19,0
1766621515.059712,7188,1,19,0,19,0
1766621515.076221,7189,1,19,0,19,0
1766621515.093198,7189,1,19,0,19,0
1766621515.109126,7190,1,19,0,19,0
1766621515.125209,7191,1,19,0,19,0
1766621515.141610,7192,1,19,0,19,0
1766621515.157754,7192,1,19,0,19,0
1766621515.174191,7193,1,19,0,19,0
1766621515.190538,7194,1,18,0,18,0
1766621515.206954,7195,1,18,0,18,0
1766621515.222924,7195,1,18,0,18,0
1766621515.238896,7196,1,18,0,18,0
1766621515.255682,7197,1,19,0,19,0
1766621515.272675,7198,1,19,0,19,0
1766621515.288797,7198,1,19,0,19,0
1766621515.305204,7199,1,19,0,19,0
1766621515.323380,7200,1,19,0,19,0
1766621515.340654,7201,1,19,0,19,0
1766621515.357395,7202,1,18,0,18,0
1766621515.374903,7202,1,18,0,18,0
1766621515.390064,7203,1,18,0,18,0
1766621515.407662,7204,1,18,0,18,0
1766621515.423617,7205,1,18,0,18,0
1766621515.439868,7205,1,18,0,18,0
1766621515.456107,7206,1,19,0,19,0
1766621515.473116,7207,1,19,0,19,0
1766621515.491354,7208,1,19,0,19,0
1766621515.508467,7208,1,19,0,19,0
1766621515.525228,7209,1,19,0,19,0
1766621515.542894,7210,1,19,0,19,0
1766621515.559552,7210,1,19,0,19,0
1766621515.576903,7211,1,19,0,19,0
1766621515.593100,7212,1,19,0,19,0
1766621515.609799,7213,1,19,1,19,1
1766621515.625489,7213,1,19,1,19,1
1766621515.641629,7214,1,19,1,19,1
1766621515.658218,7215,1,19,1,19,1
1766621515.675003,7216,1,19,0,19,0
1766621515.691731,7216,1,19,0,19,0
1766621515.708674,7217,1,19,0,19,0
1766621515.724850,7218,1,19,0,19,0
1766621515.741404,7219,1,18,0,18,0
1766621515.758274,7219,1,18,0,18,0
1766621515.774392,7220,1,18,0,18,0
1766621515.791366,7221,1,18,0,18,0
1766621515.808072,7222,1,18,0,18,0
1766621515.825511,7222,1,18,0,18,0
1766621515.842344,7223,1,18,0,18,0
1766621515.858598,7224,1,18,0,18,0
1766621515.875626,7225,1,18,0,18,0
1766621515.892526,7226,1,17,0,17,0
1766621515.946630,7226,1,17,0,17,0
1766621515.977104,7226,1,17,0,17,0
1766621516.023787,7227,1,17,0,17,0
1766621516.041445,7227,1,17,0,17,0
1766621516.058585,7227,1,17,0,17,0
1766621516.075246,7228,1,16,0,16,0
1766621516.092727,7229,1,16,0,16,0
1766621516.110157,7230,1,16,0,16,0
1766621516.126551,7230,1,16,0,16,0
1766621516.142766,7231,1,16,0,16,0
1766621516.159732,7232,1,16,0,16,0
1766621516.177021,7233,1,16,0,16,0
1766621516.193740,7233,1,16,0,16,0
1766621516.210467,7234,1,17,0,17,0
1766621516.228024,7235,1,17,0,17,0
1766621516.243835,7236,1,17,1,17,1
1766621516.260413,7236,1,17,1,17,1
1766621516.276820,7237,1,17,1,17,1
1766621516.292438,7238,1,17,1,17,1
1766621516.308610,7239,1,16,1,16,1
1766621516.324586,7239,1,16,1,16,1
1766621516.340763,7240,1,16,1,16,1
1766621516.356385,7241,1,16,1,16,1
1766621516.372991,7241,1,16,1,16,1
1766621516.388766,7242,1,16,1,16,1
1766621516.405243,7243,1,16,1,16,1
1766621516.423142,7244,1,16,1,16,1
1766621516.439736,7244,1,16,1,16,1
1766621516.455761,7245,1,16,1,16,1
1766621516.473565,7246,1,16,0,16,0
1766621516.491370,7247,1,16,0,16,0
1766621516.508710,7247,1,16,0,16,0
1766621516.525099,7248,1,16,0,16,0
1766621516.541238,7249,1,15,0,15,0
1766621516.558829,7250,1,15,0,15,0
1766621516.574531,7251,1,15,0,15,0
1766621516.591449,7251,1,15,0,15,0
1766621516.608052,7252,1,16,0,16,0
1766621516.624649,7253,1,16,0,16,0
1766621516.640971,7254,1,16,0,16,0
1766621516.657111,7254,1,16,0,16,0
1766621516.673100,7255,1,16,0,16,0
1766621516.688518,7256,1,16,0,16,0
1766621516.705689,7256,1,16,0,16,0
1766621516.722731,7257,1,16,0,16,0
1766621516.738358,7258,1,16,0,16,0
1766621516.754615,7259,1,16,0,16,0
1766621516.770596,7259,1,16,0,16,0
1766621516.787337,7260,1,16,0,16,0
1766621516.804306,7261,1,16,0,16,0
1766621516.821391,7262,1,16,0,16,0
1766621516.838613,7263,1,16,1,16,1
1766621516.855628,7263,1,16,1,16,1
1766621516.871672,7264,1,16,1,16,1
1766621516.887591,7265,1,16,1,16,1
1766621516.904215,7265,1,16,1,16,1
1766621516.921525,7266,1,16,0,16,0
1766621516.938689,7267,1,16,0,16,0
1766621516.955158,7268,1,16,0,16,0
1766621516.970849,7269,1,16,1,16,1
1766621516.987473,7269,1,16,1,16,1
1766621517.005130,7270,1,16,1,16,1
1766621517.021643,7271,1,16,1,16,1
1766621517.038826,7272,1,15,1,15,1
1766621517.055404,7272,1,15,1,15,1
1766621517.072604,7273,1,15,1,15,1
1766621517.089132,7274,1,15,1,15,1
1766621517.106287,7275,1,16,1,16,1
1766621517.123639,7275,1,16,1,16,1
1766621517.140564,7276,1,16,1,16,1
1766621517.157325,7277,1,16,1,16,1
1766621517.174083,7278,1,16,1,16,1
1766621517.190249,7278,1,16,1,16,1
1766621517.207324,7279,1,16,0,16,0
1766621517.223746,7280,1,16,0,16,0
1766621517.240890,7281,1,17,0,17,0
1766621517.256739,7282,1,17,0,17,0
1766621517.273457,7282,1,17,0,17,0
1766621517.290681,7283,1,17,0,17,0
1766621517.306816,7284,1,17,0,17,0
1766621517.323780,7285,1,17,0,17,0
1766621517.340682,7285,1,17,0,17,0
1766621517.358437,7286,1,17,0,17,0
1766621517.375582,7287,1,17,0,17,0
1766621517.392470,7288,1,17,0,17,0
1766621517.408757,7289,1,17,0,17,0
1766621517.425289,7289,1,17,0,17,0
1766621517.442034,7290,1,17,0,17,0
1766621517.458231,7291,1,16,0,16,0
1766621517.475655,7292,1,16,0,16,0
1766621517.492780,7292,1,16,0,16,0
1766621517.508300,7293,1,16,0,16,0
1766621517.525529,7294,1,16,0,16,0
1766621517.543151,7295,1,16,0,16,0
1766621517.559717,7296,1,16,0,16,0
1766621517.576818,7296,1,16,0,16,0
1766621517.593794,7297,1,17,0,17,0
1766621517.610708,7298,1,17,0,17,0
1766621517.626674,7299,1,17,0,17,0
1766621517.643522,7299,1,17,0,17,0
1766621517.659605,7300,1,17,0,17,0
1766621517.676321,7301,1,16,0,16,0
1766621517.693900,7302,1,16,0,16,0
1766621517.709428,7302,1,16,0,16,0
1766621517.726493,7303,1,16,0,16,0
1766621517.742928,7304,1,17,0,17,0
1766621517.758326,7305,1,17,0,17,0
1766621517.774607,7305,1,17,0,17,0
1766621517.791592,7306,1,17,0,17,0
1766621517.808352,7307,1,17,0,17,0
1766621517.824745,7308,1,17,0,17,0
1766621517.840893,7308,1,17,0,17,0
1766621517.858169,7309,1,17,0,17,0
1766621517.873940,7310,1,17,0,17,0
1766621517.890352,7311,1,17,0,17,0
1766621517.907794,7312,1,17,0,17,0
1766621517.924318,7312,1,17,0,17,0
1766621517.941392,7313,1,17,0,17,0
1766621517.957581,7314,1,17,0,17,0
1766621517.973752,7315,1,17,0,17,0
1766621517.990378,7315,1,17,0,17,0
1766621518.007635,7316,1,17,0,17,0
1766621518.024591,7317,1,17,0,17,0
1766621518.040850,7318,1,18,0,18,0
1766621518.057466,7318,1,18,0,18,0
1766621518.073945,7319,1,18,0,18,0
1766621518.089983,7320,1,18,0,18,0
1766621518.105699,7320,1,18,0,18,0
1766621518.123717,7321,1,18,0,18,0
1766621518.140210,7322,1,18,1,18,1
1766621518.156925,7323,1,18,1,18,1
1766621518.173599,7324,1,18,1,18,1
1766621518.190474,7324,1,18,1,18,1
1766621518.207421,7325,1,18,2,18,2
1766621518.225556,7326,1,18,2,18,2
1766621518.242393,7327,1,18,2,18,2
1766621518.259750,7327,1,18,2,18,2
1766621518.276175,7328,1,18,2,18,2
1766621518.293312,7329,1,18,2,18,2
1766621518.310244,7330,1,17,2,17,2
1766621518.327543,7330,1,17,2,17,2
1766621518.344949,7331,1,17,2,17,2
1766621518.360633,7332,1,17,2,17,2
1766621518.377157,7333,1,18,2,18,2
1766621518.393652,7333,1,18,2,18,2
1766621518.409312,7334,1,18,2,18,2
1766621518.426911,7335,1,18,2,18,2
1766621518.443465,7336,1,17,2,17,2
1766621518.460701,7336,1,17,2,17,2
1766621518.477042,7337,1,17,2,17,2
1766621518.493868,7338,1,17,2,17,2
1766621518.510882,7339,1,17,2,17,2
1766621518.527687,7340,1,18,2,18,2
1766621518.544303,7340,1,18,2,18,2
1766621518.560582,7341,1,18,2,18,2
1766621518.618640,7341,1,18,2,18,2
1766621518.635252,7342,1,18,2,18,2
1766621518.652471,7343,1,19,2,19,2
1766621518.669063,7344,1,19,2,19,2
1766621518.684575,7344,1,19,2,19,2
1766621518.701080,7345,1,19,3,19,3
1766621518.716986,7346,1,19,3,19,3
1766621518.733204,7347,1,19,3,19,3
1766621518.750520,7347,1,19,3,19,3
1766621518.766881,7348,1,19,3,19,3
1766621518.783887,7349,1,19,3,19,3
1766621518.800692,7350,1,19,3,19,3
1766621518.816388,7350,1,19,3,19,3
1766621518.833433,7351,1,19,3,19,3
1766621518.850511,7352,1,19,3,19,3
1766621518.867625,7353,1,19,3,19,3
1766621518.884431,7354,1,19,4,19,4
1766621518.901095,7354,1,19,4,19,4
1766621518.918009,7355,1,19,4,19,4
1766621518.934663,7356,1,19,4,19,4
1766621518.951423,7357,1,18,4,18,4
1766621518.967807,7357,1,18,4,18,4
1766621518.984464,7358,1,18,4,18,4
1766621519.001212,7359,1,18,4,18,4
1766621519.018290,7360,1,18,4,18,4
1766621519.035362,7360,1,18,4,18,4
1766621519.051632,7361,1,19,4,19,4
1766621519.067467,7362,1,19,4,19,4
1766621519.083477,7363,1,19,4,19,4
1766621519.100746,7363,1,19,4,19,4
1766621519.116897,7364,1,19,4,19,4
1766621519.133661,7365,1,19,5,19,5
1766621519.149771,7366,1,19,5,19,5
1766621519.166743,7366,1,19,5,19,5
1766621519.183340,7367,1,19,5,19,5
1766621519.200766,7368,1,19,4,19,4
1766621519.217024,7369,1,19,4,19,4
1766621519.232962,7370,1,19,4,19,4
1766621519.249135,7370,1,19,4,19,4
1766621519.264753,7371,1,18,4,18,4
1766621519.281440,7372,1,18,4,18,4
1766621519.297397,7372,1,18,4,18,4
1766621519.314015,7373,1,18,4,18,4
1766621519.331075,7374,1,18,5,18,5
1766621519.347408,7375,1,18,5,18,5
1766621519.363920,7375,1,18,5,18,5
1766621519.380306,7376,1,18,5,18,5
1766621519.397373,7377,1,18,5,18,5
1766621519.414126,7378,1,18,6,18,6
1766621519.430383,7378,1,18,6,18,6
1766621519.447403,7379,1,18,6,18,6
1766621519.464117,7380,1,18,6,18,6
1766621519.479793,7381,1,18,6,18,6
1766621519.496562,7381,1,18,6,18,6
1766621519.514286,7382,1,17,6,17,6
1766621519.531897,7383,1,17,6,17,6
1766621519.547791,7384,1,17,6,17,6
1766621519.564513,7384,1,17,6,17,6
1766621519.581852,7385,1,17,5,17,5
1766621519.598443,7386,1,17,5,17,5
1766621519.615955,7387,1,17,5,17,5
1766621519.633252,7387,1,17,5,17,5
1766621519.650255,7388,1,17,5,17,5
1766621519.667683,7389,1,17,5,17,5
1766621519.684568,7390,1,17,5,17,5
1766621519.702389,7391,1,17,6,17,6
1766621519.719462,7391,1,17,6,17,6
1766621519.736803,7392,1,17,6,17,6
1766621519.752963,7393,1,17,6,17,6
1766621519.768867,7394,1,17,6,17,6
1766621519.785952,7394,1,17,6,17,6
1766621519.801888,7395,1,18,6,18,6
1766621519.818223,7396,1,18,6,18,6
1766621519.835615,7397,1,18,6,18,6
1766621519.852170,7397,1,18,6,18,6
1766621519.868391,7398,1,18,6,18,6
1766621519.885783,7399,1,19,6,19,6
1766621519.901765,7400,1,19,6,19,6
1766621519.918639,7400,1,19,6,19,6
1766621519.935993,7401,1,19,6,19,6
1766621519.951561,7402,1,19,5,19,5
1766621519.968057,7403,1,19,5,19,5
1766621519.984038,7403,1,19,5,19,5
1766621520.000420,7404,1,19,5,19,5
1766621520.016924,7405,1,19,5,19,5
1766621520.034464,7406,1,19,4,19,4
1766621520.050781,7406,1,19,4,19,4
1766621520.067151,7407,1,19,4,19,4
1766621520.082920,7408,1,19,4,19,4
1766621520.099277,7409,1,19,4,19,4
1766621520.116117,7410,1,19,5,19,5
1766621520.131989,7410,1,19,5,19,5
1766621520.147775,7411,1,19,5,19,5
1766621520.164423,7412,1,19,5,19,5
1766621520.182379,7413,1,19,5,19,5
1766621520.199567,7413,1,19,5,19,5
1766621520.216486,7414,1,19,5,19,5
1766621520.233992,7415,1,19,5,19,5
1766621520.249693,7416,1,19,5,19,5
1766621520.266467,7416,1,19,5,19,5
1766621520.283155,7417,1,19,5,19,5
1766621520.299478,7418,1,19,5,19,5
1766621520.315688,7419,1,19,5,19,5
1766621520.333020,7419,1,19,5,19,5
1766621520.349832,7420,1,19,5,19,5
1766621520.366791,7421,1,19,4,19,4
1766621520.383351,7422,1,19,4,19,4
1766621520.400460,7422,1,19,4,19,4
1766621520.416868,7423,1,19,4,19,4
1766621520.434222,7424,1,19,4,19,4
1766621520.450933,7425,1,19,4,19,4
1766621520.467436,7426,1,19,5,19,5
1766621520.484533,7426,1,19,5,19,5
1766621520.501617,7427,1,19,5,19,5
1766621520.517974,7428,1,19,5,19,5
1766621520.535421,7429,1,19,5,19,5
1766621520.552808,7429,1,19,5,19,5
1766621520.569457,7430,1,19,5,19,5
1766621520.586418,7431,1,19,4,19,4
1766621520.602911,7432,1,19,4,19,4
1766621520.618997,7432,1,19,4,19,4
1766621520.634635,7433,1,19,4,19,4
1766621520.650948,7434,1,19,4,19,4
1766621520.667929,7435,1,19,3,19,3
1766621520.683505,7435,1,19,3,19,3
1766621520.700208,7436,1,19,3,19,3
1766621520.717323,7437,1,19,3,19,3
1766621520.733460,7438,1,18,3,18,3
1766621520.751087,7439,1,18,3,18,3
1766621520.767216,7439,1,18,3,18,3
1766621520.783671,7440,1,18,3,18,3
1766621520.800791,7441,1,17,3,17,3
1766621520.816664,7442,1,17,3,17,3
1766621520.834329,7442,1,17,3,17,3
1766621520.852260,7443,1,17,3,17,3
1766621520.868366,7444,1,17,3,17,3
1766621520.885762,7445,1,17,3,17,3
1766621520.902800,7445,1,17,3,17,3
1766621520.919422,7446,1,16,3,16,3
1766621520.936046,7447,1,16,3,16,3
1766621520.952818,7448,1,17,3,17,3
1766621520.968488,7448,1,17,3,17,3
1766621520.985124,7449,1,17,3,17,3
1766621521.000984,7450,1,17,3,17,3
1766621521.017914,7451,1,17,3,17,3
1766621521.034182,7451,1,17,3,17,3
1766621521.051479,7452,1,17,2,17,2
1766621521.069109,7453,1,17,2,17,2
1766621521.085063,7454,1,17,2,17,2
1766621521.101113,7455,1,17,2,17,2
1766621521.117477,7455,1,17,2,17,2
1766621521.134219,7456,1,17,2,17,2
1766621521.151440,7457,1,17,2,17,2
1766621521.169084,7458,1,16,2,16,2
1766621521.185146,7459,1,16,2,16,2
1766621521.201111,7459,1,16,2,16,2
1766621521.217450,7460,1,16,2,16,2
1766621521.234720,7461,1,16,2,16,2
1766621521.252101,7462,1,17,2,17,2
1766621521.268364,7462,1,17,2,17,2
1766621521.285308,7463,1,17,2,17,2
1766621521.301603,7464,1,17,2,17,2
1766621521.318157,7465,1,17,2,17,2
1766621521.334147,7465,1,17,2,17,2
1766621521.349744,7466,1,18,2,18,2
1766621521.366774,7467,1,18,2,18,2
1766621521.383256,7468,1,18,2,18,2
1766621521.399909,7468,1,18,2,18,2
1766621521.416547,7469,1,18,2,18,2
1766621521.434171,7470,1,18,1,18,1
1766621521.450256,7471,1,18,1,18,1
1766621521.466810,7471,1,18,1,18,1
1766621521.484143,7472,1,18,1,18,1
1766621521.499671,7473,1,18,0,18,0
1766621521.515916,7474,1,18,0,18,0
1766621521.532606,7474,1,18,0,18,0
1766621521.550022,7475,1,19,0,19,0
1766621521.566402,7476,1,19,0,19,0
1766621521.582855,7477,1,19,0,19,0
1766621521.599019,7477,1,19,0,19,0
1766621521.615528,7478,1,19,0,19,0
1766621521.632828,7479,1,19,0,19,0
1766621521.649742,7480,1,19,0,19,0
1766621521.666309,7480,1,19,0,19,0
1766621521.683404,7481,1,19,0,19,0
1766621521.700116,7482,1,19,0,19,0
1766621521.715826,7483,1,19,0,19,0
1766621521.731947,7483,1,19,0,19,0
1766621521.747707,7484,1,19,0,19,0
1766621521.764903,7485,1,19,0,19,0
1766621521.780636,7486,1,19,0,19,0
1766621521.797328,7486,1,19,0,19,0
1766621521.813834,7487,1,19,0,19,0
1766621521.830101,7488,1,19,0,19,0
1766621521.846186,7489,1,18,0,18,0
1766621521.861800,7489,1,18,0,18,0
1766621521.878819,7490,1,18,0,18,0
1766621521.896345,7491,1,18,0,18,0
1766621521.914143,7492,1,18,0,18,0
1766621521.930240,7493,1,18,0,18,0
1766621521.946749,7493,1,18,0,18,0
1766621521.962764,7494,1,18,0,18,0
1766621521.979784,7495,1,17,0,17,0
1766621521.996905,7496,1,17,0,17,0
1766621522.012656,7496,1,17,0,17,0
1766621522.029229,7497,1,17,0,17,0
1766621522.046703,7498,1,17,0,17,0
1766621522.062902,7499,1,17,0,17,0
1766621522.079229,7499,1,17,0,17,0
1766621522.096380,7500,1,17,0,17,0
1766621522.113976,7501,1,17,0,17,0
1766621522.130737,7502,1,17,0,17,0
1766621522.147040,7502,1,17,0,17,0
1766621522.162646,7503,1,16,0,16,0
1766621522.178528,7504,1,16,0,16,0
1766621522.194967,7505,1,16,0,16,0
1766621522.211992,7505,1,16,0,16,0
1766621522.229063,7506,1,17,0,17,0
1766621522.245502,7507,1,17,0,17,0
1766621522.261879,7508,1,17,0,17,0
1766621522.278972,7509,1,17,0,17,0
1766621522.295867,7509,1,17,0,17,0
1766621522.311551,7510,1,18,0,18,0
1766621522.328594,7511,1,18,0,18,0
1766621522.345931,7512,1,18,0,18,0
1766621522.362637,7512,1,18,0,18,0
1766621522.379020,7513,1,17,0,17,0
1766621522.394967,7514,1,17,0,17,0
1766621522.411540,7514,1,17,0,17,0
1766621522.427416,7515,1,17,1,17,1
1766621522.444415,7516,1,17,1,17,1
1766621522.461608,7517,1,16,1,16,1
1766621522.478157,7517,1,16,1,16,1
1766621522.493956,7518,1,16,1,16,1
1766621522.510953,7519,1,16,1,16,1
1766621522.526766,7520,1,16,1,16,1
1766621522.543125,7520,1,16,1,16,1
1766621522.559669,7521,1,16,1,16,1
1766621522.576442,7522,1,16,1,16,1
1766621522.594211,7523,1,15,1,15,1
1766621522.611635,7523,1,15,1,15,1
1766621522.628397,7524,1,15,1,15,1
1766621522.645013,7525,1,15,1,15,1
1766621522.660757,7526,1,15,1,15,1
1766621522.677232,7526,1,15,1,15,1
1766621522.694369,7527,1,16,1,16,1
1766621522.711524,7528,1,16,1,16,1
1766621522.728113,7529,1,16,1,16,1
1766621522.745010,7529,1,16,1,16,1
1766621522.760869,7530,1,16,1,16,1
1766621522.776751,7531,1,16,0,16,0
1766621522.792886,7532,1,16,0,16,0
1766621522.809184,7532,1,16,0,16,0
1766621522.825441,7533,1,16,0,16,0
1766621522.842548,7534,1,16,0,16,0
1766621522.858865,7535,1,16,0,16,0
1766621522.874719,7535,1,16,0,16,0
1766621522.890650,7536,1,16,0,16,0
1766621522.907723,7537,1,16,0,16,0
1766621522.924896,7538,1,17,0,17,0
1766621522.941972,7538,1,17,0,17,0
1766621522.958328,7539,1,17,0,17,0
1766621522.974996,7540,1,17,0,17,0
1766621522.991720,7541,1,17,0,17,0
1766621523.008306,7542,1,18,0,18,0
1766621523.025936,7542,1,18,0,18,0
1766621523.042591,7543,1,18,0,18,0
1766621523.059559,7544,1,18,0,18,0
1766621523.076208,7545,1,18,0,18,0
1766621523.092838,7545,1,18,0,18,0
1766621523.110031,7546,1,17,0,17,0
1766621523.126193,7547,1,17,0,17,0
1766621523.143180,7548,1,17,0,17,0
1766621523.160824,7548,1,17,0,17,0
1766621523.177924,7549,1,17,0,17,0
1766621523.193953,7550,1,17,0,17,0
1766621523.211817,7551,1,17,0,17,0
1766621523.228581,7551,1,17,0,17,0
1766621523.245236,7552,1,16,0,16,0
1766621523.261810,7553,1,16,0,16,0
1766621523.278025,7554,1,16,0,16,0
1766621523.294397,7554,1,16,0,16,0
1766621523.310542,7555,1,16,0,16,0
1766621523.327150,7556,1,16,0,16,0
1766621523.343464,7557,1,17,0,17,0
1766621523.359399,7557,1,17,0,17,0
1766621523.376446,7558,1,17,0,17,0
1766621523.394274,7559,1,17,0,17,0
1766621523.411320,7560,1,17,0,17,0
1766621523.428183,7560,1,17,0,17,0
1766621523.444362,7561,1,17,1,17,1
1766621523.461787,7562,1,17,1,17,1
1766621523.478161,7563,1,17,1,17,1
1766621523.494194,7563,1,17,1,17,1
1766621523.511982,7564,1,17,2,17,2
1766621523.528381,7565,1,17,2,17,2
1766621523.545509,7566,1,17,2,17,2
1766621523.561684,7566,1,17,2,17,2
1766621523.577801,7567,1,17,2,17,2
1766621523.594948,7568,1,17,1,17,1
1766621523.611348,7569,1,17,1,17,1
1766621523.627468,7569,1,17,1,17,1
1766621523.644435,7570,1,17,1,17,1
1766621523.661037,7571,1,17,1,17,1
1766621523.677025,7572,1,18,1,18,1
1766621523.693388,7572,1,18,1,18,1
1766621523.710104,7573,1,18,1,18,1
1766621523.727062,7574,1,18,1,18,1
1766621523.743809,7575,1,18,1,18,1
1766621523.760510,7576,1,18,0,18,0
1766621523.776671,7576,1,18,0,18,0
1766621523.793407,7577,1,18,0,18,0
1766621523.810649,7578,1,19,0,19,0
1766621523.827617,7579,1,19,0,19,0
1766621523.844222,7579,1,19,0,19,0
1766621523.860715,7580,1,19,0,19,0
1766621523.877498,7581,1,19,0,19,0
1766621523.893944,7582,1,19,0,19,0
1766621523.909575,7582,1,19,0,19,0
1766621523.926523,7583,1,19,0,19,0
1766621523.943654,7584,1,19,0,19,0
1766621523.959511,7585,1,19,0,19,0
1766621523.976833,7585,1,19,0,19,0
1766621523.994396,7586,1,19,0,19,0
1766621524.010574,7587,1,19,0,19,0
1766621524.027021,7588,1,19,0,19,0
1766621524.043238,7588,1,19,0,19,0
1766621524.059892,7589,1,19,1,19,1
1766621524.077119,7590,1,19,1,19,1
1766621524.093631,7591,1,19,1,19,1
1766621524.110114,7592,1,19,2,19,2
1766621524.126968,7592,1,19,2,19,2
1766621524.143041,7593,1,19,2,19,2
1766621524.158484,7594,1,19,2,19,2
1766621524.175986,7595,1,19,3,19,3
1766621524.191852,7595,1,19,3,19,3
1766621524.208520,7596,1,19,3,19,3
1766621524.226454,7597,1,19,3,19,3
1766621524.243420,7598,1,19,4,19,4
1766621524.260823,7598,1,19,4,19,4
1766621524.277810,7599,1,19,4,19,4
1766621524.293998,7600,1,19,4,19,4
1766621524.309977,7601,1,19,4,19,4
1766621524.325570,7601,1,19,4,19,4
1766621524.341579,7602,1,19,4,19,4
1766621524.357804,7603,1,18,4,18,4
1766621524.374003,7604,1,18,4,18,4
1766621524.390650,7604,1,18,4,18,4
1766621524.407050,7605,1,18,4,18,4
1766621524.422953,7606,1,18,4,18,4
1766621524.439660,7607,1,18,4,18,4
1766621524.456228,7607,1,18,4,18,4
1766621524.473837,7608,1,18,4,18,4
1766621524.490887,7609,1,18,4,18,4
1766621524.507321,7610,1,18,4,18,4
1766621524.524533,7610,1,18,4,18,4
1766621524.540836,7611,1,18,4,18,4
1766621524.557152,7612,1,18,4,18,4
1766621524.572703,7613,1,18,4,18,4
1766621524.588578,7613,1,18,4,18,4
1766621524.604832,7614,1,18,4,18,4
1766621524.620993,7615,1,18,4,18,4
1766621524.637772,7616,1,18,4,18,4
1766621524.653885,7616,1,18,4,18,4
1766621524.671621,7617,1,19,4,19,4
1766621524.688527,7618,1,19,4,19,4
1766621524.706622,7619,1,19,4,19,4
1766621524.723090,7620,1,19,4,19,4
1766621524.739251,7620,1,19,4,19,4
1766621524.756765,7621,1,19,4,19,4
1766621524.773088,7622,1,19,4,19,4
1766621524.789021,7623,1,19,5,19,5
1766621524.805674,7623,1,19,5,19,5
1766621524.823298,7624,1,19,5,19,5
1766621524.840507,7625,1,19,5,19,5
1766621524.856687,7626,1,19,6,19,6
1766621524.873060,7627,1,19,6,19,6
1766621524.889038,7627,1,19,6,19,6
1766621524.904853,7628,1,19,6,19,6
1766621524.921542,7629,1,19,5,19,5
1766621524.941111,7629,1,19,5,19,5
1766621524.958582,7630,1,19,5,19,5
1766621524.975401,7631,1,19,5,19,5
1766621524.992696,7632,1,19,6,19,6
1766621525.009241,7633,1,19,6,19,6
1766621525.026492,7633,1,19,6,19,6
1766621525.042987,7634,1,19,6,19,6
1766621525.058636,7635,1,19,6,19,6
1766621525.075119,7636,1,19,6,19,6
1766621525.091868,7636,1,19,6,19,6
1766621525.107909,7637,1,19,6,19,6
1766621525.124647,7638,1,19,6,19,6
1766621525.141939,7639,1,19,6,19,6
1766621525.157692,7639,1,19,6,19,6
1766621525.174886,7640,1,19,6,19,6
1766621525.191888,7641,1,19,6,19,6
1766621525.209000,7642,1,19,6,19,6
1766621525.225706,7642,1,19,6,19,6
1766621525.243365,7643,1,19,6,19,6
1766621525.260966,7644,1,19,5,19,5
1766621525.277403,7645,1,19,5,19,5
1766621525.293935,7646,1,19,5,19,5
1766621525.310854,7646,1,19,5,19,5
1766621525.327724,7647,1,19,5,19,5
1766621525.344244,7648,1,19,5,19,5
1766621525.361737,7649,1,19,5,19,5
1766621525.378485,7649,1,19,5,19,5
1766621525.395409,7650,1,18,5,18,5
1766621525.412346,7651,1,18,5,18,5
1766621525.429482,7652,1,18,5,18,5
1766621525.447601,7653,1,19,5,19,5
1766621525.463722,7653,1,19,5,19,5
1766621525.480295,7654,1,19,5,19,5
1766621525.496982,7655,1,19,5,19,5
1766621525.513138,7656,1,19,5,19,5
1766621525.529032,7656,1,19,5,19,5
1766621525.546081,7657,1,19,5,19,5
1766621525.563890,7658,1,19,5,19,5
1766621525.579243,7659,1,19,5,19,5
1766621525.596521,7659,1,19,5,19,5
1766621525.613113,7660,1,18,5,18,5
1766621525.629891,7661,1,18,5,18,5
1766621525.646109,7662,1,18,5,18,5
1766621525.662857,7662,1,18,5,18,5
1766621525.679493,7663,1,18,5,18,5
1766621525.696449,7664,1,18,6,18,6
1766621525.713260,7665,1,18,6,18,6
1766621525.730444,7665,1,18,6,18,6
1766621525.747381,7666,1,18,6,18,6
1766621525.764398,7667,1,18,6,18,6
1766621525.781598,7668,1,18,6,18,6
1766621525.799020,7669,1,18,6,18,6
1766621525.815725,7669,1,18,6,18,6
1766621525.832990,7670,1,18,6,18,6
1766621525.849956,7671,1,18,5,18,5
1766621525.866451,7672,1,18,5,18,5
1766621525.883088,7672,1,18,5,18,5
1766621525.899361,7673,1,18,5,18,5
1766621525.916385,7674,1,18,5,18,5
1766621525.933973,7675,1,18,5,18,5
1766621525.950477,7676,1,17,5,17,5
1766621525.966480,7676,1,17,5,17,5
1766621525.983296,7677,1,17,5,17,5
1766621526.000074,7678,1,17,5,17,5
1766621526.016153,7679,1,17,5,17,5
1766621526.031781,7679,1,17,5,17,5
1766621526.048865,7680,1,17,6,17,6
1766621526.065129,7681,1,17,6,17,6
1766621526.080479,7682,1,17,6,17,6
1766621526.097385,7682,1,17,6,17,6
1766621526.114219,7683,1,17,6,17,6
1766621526.131902,7684,1,17,6,17,6
1766621526.148491,7685,1,17,6,17,6
1766621526.165845,7686,1,17,6,17,6
1766621526.182566,7686,1,17,6,17,6
1766621526.198712,7687,1,17,6,17,6
1766621526.214915,7688,1,17,6,17,6
1766621526.231370,7689,1,17,6,17,6
1766621526.249169,7689,1,17,6,17,6
1766621526.264914,7690,1,17,5,17,5
1766621526.281640,7691,1,17,5,17,5
1766621526.297729,7692,1,17,5,17,5
1766621526.314184,7692,1,17,5,17,5
1766621526.331060,7693,1,17,5,17,5
1766621526.347234,7694,1,17,6,17,6
1766621526.365584,7695,1,17,6,17,6
1766621526.382663,7695,1,17,6,17,6
1766621526.399043,7696,1,17,6,17,6
1766621526.415802,7697,1,17,6,17,6
1766621526.433363,7698,1,17,6,17,6
1766621526.449420,7698,1,17,6,17,6
1766621526.466456,7699,1,17,6,17,6
1766621526.483083,7700,1,17,6,17,6
1766621526.500202,7701,1,17,6,17,6
1766621526.517930,7702,1,17,6,17,6
1766621526.534351,7702,1,17,6,17,6
1766621526.551597,7703,1,17,6,17,6
1766621526.567628,7704,1,17,6,17,6
1766621526.583744,7705,1,17,6,17,6
1766621526.599576,7705,1,17,6,17,6
1766621526.615697,7706,1,17,6,17,6
1766621526.631819,7707,1,17,6,17,6
1766621526.648937,7708,1,17,6,17,6
1766621526.664964,7708,1,17,6,17,6
1766621526.681581,7709,1,17,6,17,6
1766621526.698266,7710,1,17,6,17,6
1766621526.715992,7711,1,17,6,17,6
1766621526.731945,7711,1,17,6,17,6
1766621526.748444,7712,1,17,6,17,6
1766621526.765384,7713,1,17,6,17,6
1766621526.782166,7714,1,17,6,17,6
1766621526.799186,7715,1,17,5,17,5
1766621526.815859,7715,1,17,5,17,5
1766621526.831841,7716,1,17,5,17,5
1766621526.847578,7717,1,17,5,17,5
1766621526.864783,7717,1,17,5,17,5
1766621526.880917,7718,1,16,5,16,5
1766621526.897084,7719,1,16,5,16,5
1766621526.914409,7720,1,16,5,16,5
1766621526.932157,7721,1,15,5,15,5
1766621526.949510,7721,1,15,5,15,5
1766621526.966182,7722,1,15,5,15,5
1766621526.981823,7723,1,15,5,15,5
1766621526.999669,7724,1,15,5,15,5
1766621527.016327,7724,1,15,5,15,5
1766621527.033608,7725,1,15,5,15,5
1766621527.049908,7726,1,15,5,15,5
1766621527.066224,7727,1,15,5,15,5
1766621527.083269,7727,1,15,5,15,5
1766621527.100003,7728,1,15,5,15,5
1766621527.117173,7729,1,15,5,15,5
1766621527.133090,7730,1,15,5,15,5
1766621527.150141,7731,1,16,5,16,5
1766621527.166186,7731,1,16,5,16,5
1766621527.182044,7732,1,16,5,16,5
1766621527.198304,7733,1,16,5,16,5
1766621527.214582,7733,1,16,5,16,5
1766621527.231647,7734,1,15,5,15,5
1766621527.247430,7735,1,15,5,15,5
1766621527.263892,7736,1,15,5,15,5
1766621527.281048,7736,1,15,5,15,5
1766621527.297733,7737,1,15,5,15,5
1766621527.314254,7738,1,15,5,15,5
1766621527.333041,7739,1,15,5,15,5
1766621527.348917,7740,1,15,5,15,5
1766621527.366250,7740,1,15,5,15,5
1766621527.382491,7741,1,15,5,15,5
1766621527.399351,7742,1,15,5,15,5
1766621527.417050,7743,1,15,5,15,5
1766621527.433030,7743,1,15,5,15,5
1766621527.448923,7744,1,15,5,15,5
1766621527.465154,7745,1,15,5,15,5
1766621527.480916,7746,1,15,5,15,5
1766621527.496566,7746,1,15,5,15,5
1766621527.513657,7747,1,15,5,15,5
1766621527.530164,7748,1,15,5,15,5
1766621527.546108,7749,1,15,5,15,5
1766621527.561857,7749,1,15,5,15,5
1766621527.577997,7750,1,14,5,14,5
1766621527.594157,7751,1,14,5,14,5
1766621527.610486,7751,1,14,5,14,5
1766621527.626948,7752,1,14,5,14,5
1766621527.642470,7753,1,14,5,14,5
1766621527.659415,7754,1,14,5,14,5
1766621527.676770,7755,1,14,6,14,6
1766621527.692797,7755,1,14,6,14,6
1766621527.708828,7756,1,14,6,14,6
1766621527.725064,7757,1,14,6,14,6
1766621527.740901,7758,1,14,6,14,6
1766621527.757006,7758,1,14,6,14,6
1766621527.773109,7759,1,14,6,14,6
1766621527.790044,7760,1,14,5,14,5
1766621527.806479,7760,1,14,5,14,5
1766621527.822916,7761,1,14,5,14,5
1766621527.839767,7762,1,14,5,14,5
1766621527.856261,7763,1,14,5,14,5
1766621527.873151,7764,1,14,4,14,4
1766621527.888319,7764,1,14,4,14,4
1766621527.905717,7765,1,14,4,14,4
1766621527.921735,7766,1,14,5,14,5
1766621527.940442,7767,1,14,5,14,5
1766621527.957779,7767,1,14,5,14,5
1766621527.974133,7768,1,14,5,14,5
1766621527.990950,7769,1,14,5,14,5
1766621528.007089,7770,1,13,5,13,5
1766621528.023361,7770,1,13,5,13,5
1766621528.040114,7771,1,13,5,13,5
1766621528.057010,7772,1,13,5,13,5
1766621528.072993,7773,1,13,5,13,5
1766621528.088751,7773,1,13,5,13,5
1766621528.105241,7774,1,13,4,13,4
1766621528.122026,7775,1,13,4,13,4
1766621528.137784,7776,1,13,4,13,4
1766621528.153862,7776,1,13,4,13,4
1766621528.170358,7777,1,13,5,13,5
1766621528.187466,7778,1,13,5,13,5
1766621528.204142,7779,1,13,5,13,5
1766621528.220474,7779,1,13,5,13,5
1766621528.237395,7780,1,13,5,13,5
1766621528.254721,7781,1,13,5,13,5
1766621528.271911,7782,1,13,5,13,5
1766621528.289247,7782,1,13,5,13,5
1766621528.306453,7783,1,13,5,13,5
1766621528.323617,7784,1,13,5,13,5
1766621528.339582,7785,1,13,4,13,4
1766621528.356225,7785,1,13,4,13,4
1766621528.373274,7786,1,13,4,13,4
1766621528.390792,7787,1,13,4,13,4
1766621528.407400,7788,1,13,5,13,5
1766621528.424514,7789,1,13,5,13,5
1766621528.441462,7789,1,13,5,13,5
1766621528.458482,7790,1,13,5,13,5
1766621528.475338,7791,1,13,5,13,5
1766621528.493486,7792,1,13,5,13,5
1766621528.510777,7793,1,13,5,13,5
1766621528.527969,7793,1,13,5,13,5
1766621528.544558,7794,1,13,5,13,5
1766621528.560999,7795,1,13,4,13,4
1766621528.577623,7796,1,13,4,13,4
1766621528.594189,7796,1,13,4,13,4
1766621528.610227,7797,1,13,4,13,4
1766621528.626900,7798,1,14,4,14,4
1766621528.644012,7799,1,14,4,14,4
1766621528.660040,7799,1,14,4,14,4
1766621528.676456,7800,1,14,4,14,4
1766621528.693198,7801,1,14,4,14,4
1766621528.710700,7802,1,14,5,14,5
1766621528.727940,7803,1,14,5,14,5
1766621528.744429,7803,1,14,5,14,5
1766621528.760891,7804,1,14,5,14,5
1766621528.776993,7805,1,14,5,14,5
1766621528.793393,7806,1,13,5,13,5
1766621528.810467,7806,1,13,5,13,5
1766621528.827848,7807,1,13,5,13,5
1766621528.843751,7808,1,13,5,13,5
1766621528.859943,7809,1,14,5,14,5
1766621528.877247,7809,1,14,5,14,5
1766621528.894329,7810,1,14,5,14,5
1766621528.911052,7811,1,14,5,14,5
1766621528.926468,7812,1,14,5,14,5
1766621528.943155,7812,1,14,5,14,5
1766621528.959386,7813,1,14,6,14,6
1766621528.976091,7814,1,14,6,14,6
1766621528.991918,7815,1,14,6,14,6
1766621529.008182,7815,1,14,6,14,6
1766621529.023142,7816,1,14,6,14,6
1766621529.040543,7817,1,14,6,14,6
1766621529.058458,7818,1,14,6,14,6
1766621529.076257,7819,1,14,6,14,6
1766621529.093078,7819,1,14,6,14,6
1766621529.108896,7820,1,14,6,14,6
1766621529.124535,7821,1,13,6,13,6
1766621529.141382,7822,1,13,6,13,6
1766621529.157701,7822,1,13,6,13,6
1766621529.173919,7823,1,13,6,13,6
1766621529.189503,7824,1,14,6,14,6
1766621529.206886,7825,1,14,6,14,6
1766621529.223485,7825,1,14,6,14,6
1766621529.239922,7826,1,14,6,14,6
1766621529.256211,7827,1,14,5,14,5
1766621529.272987,7828,1,14,5,14,5
1766621529.289040,7828,1,14,5,14,5
1766621529.306143,7829,1,14,5,14,5
1766621529.321697,7830,1,14,5,14,5
1766621529.339621,7831,1,14,5,14,5
1766621529.356013,7831,1,14,5,14,5
1766621529.372394,7832,1,13,5,13,5
1766621529.389334,7833,1,13,5,13,5
1766621529.406612,7834,1,13,5,13,5
1766621529.423465,7834,1,13,5,13,5
1766621529.441103,7835,1,13,4,13,4
1766621529.457409,7836,1,13,4,13,4
1766621529.474489,7837,1,13,4,13,4
1766621529.490764,7837,1,13,4,13,4
1766621529.506710,7838,1,13,4,13,4
1766621529.522773,7839,1,13,4,13,4
1766621529.538724,7840,1,13,4,13,4
1766621529.555573,7840,1,13,4,13,4
1766621529.572227,7841,1,13,4,13,4
1766621529.589663,7842,1,13,4,13,4
1766621529.606641,7843,1,14,4,14,4
1766621529.623554,7844,1,14,4,14,4
1766621529.640191,7844,1,14,4,14,4
1766621529.656799,7845,1,14,4,14,4
1766621529.672427,7846,1,14,4,14,4
1766621529.689148,7847,1,14,4,14,4
1766621529.706476,7847,1,14,4,14,4
1766621529.723205,7848,1,14,4,14,4
1766621529.739981,7849,1,14,4,14,4
1766621529.756267,7850,1,14,5,14,5
1766621529.773360,7850,1,14,5,14,5
1766621529.789819,7851,1,14,5,14,5
1766621529.806426,7852,1,14,5,14,5
1766621529.823276,7853,1,14,5,14,5
1766621529.839753,7854,1,13,5,13,5
1766621529.856285,7854,1,13,5,13,5
1766621529.873044,7855,1,13,5,13,5
1766621529.889050,7856,1,13,5,13,5
1766621529.905667,7857,1,13,5,13,5
1766621529.922938,7857,1,13,5,13,5
1766621529.939381,7858,1,13,5,13,5
1766621529.957321,7859,1,13,5,13,5
1766621529.974321,7860,1,14,5,14,5
1766621529.991067,7861,1,14,5,14,5
1766621530.007684,7861,1,14,5,14,5
1766621530.024206,7862,1,14,5,14,5
1766621530.040925,7863,1,14,5,14,5
1766621530.057322,7864,1,14,6,14,6
1766621530.074178,7864,1,14,6,14,6
1766621530.090021,7865,1,14,6,14,6
1766621530.106532,7866,1,14,6,14,6
1766621530.123194,7867,1,14,6,14,6
1766621530.140213,7868,1,13,6,13,6
1766621530.157264,7868,1,13,6,13,6
1766621530.175278,7869,1,13,6,13,6
1766621530.191939,7870,1,13,6,13,6
1766621530.207770,7871,1,13,6,13,6
1766621530.224229,7871,1,13,6,13,6
1766621530.242964,7872,1,13,6,13,6
1766621530.259220,7873,1,13,6,13,6
1766621530.276387,7874,1,13,6,13,6
1766621530.292577,7874,1,13,6,13,6
1766621530.309534,7875,1,13,6,13,6
1766621530.327319,7876,1,13,5,13,5
1766621530.344610,7877,1,13,5,13,5
1766621530.360914,7877,1,13,5,13,5
1766621530.377161,7878,1,13,5,13,5
1766621530.393609,7879,1,13,5,13,5
1766621530.409835,7880,1,13,6,13,6
1766621530.426925,7881,1,13,6,13,6
1766621530.443053,7881,1,13,6,13,6
1766621530.459649,7882,1,13,6,13,6
1766621530.476264,7883,1,13,6,13,6
1766621530.494029,7884,1,14,6,14,6
1766621530.511073,7884,1,14,6,14,6
1766621530.527702,7885,1,14,6,14,6
1766621530.544022,7886,1,14,6,14,6
1766621530.560494,7887,1,13,6,13,6
1766621530.577067,7887,1,13,6,13,6
1766621530.610650,7888,1,13,6,13,6
1766621530.628469,7889,1,13,6,13,6
1766621530.645211,7890,1,13,5,13,5
1766621530.662670,7891,1,13,5,13,5
1766621530.679445,7891,1,13,5,13,5
1766621530.696788,7892,1,13,5,13,5
1766621530.713776,7893,1,13,5,13,5
1766621530.730965,7894,1,13,5,13,5
1766621530.746671,7894,1,13,5,13,5
1766621530.763753,7895,1,13,5,13,5
1766621530.780044,7896,1,13,5,13,5
1766621530.795855,7897,1,13,5,13,5
1766621530.811774,7897,1,13,5,13,5
1766621530.828721,7898,1,13,6,13,6
1766621530.845257,7899,1,13,6,13,6
1766621530.861701,7900,1,13,6,13,6
1766621530.878526,7900,1,13,6,13,6
1766621530.895164,7901,1,13,6,13,6
1766621530.912075,7902,1,13,6,13,6
1766621530.928519,7903,1,13,6,13,6
1766621530.945590,7904,1,13,6,13,6
1766621530.961797,7904,1,13,6,13,6
1766621530.977805,7905,1,14,6,14,6
1766621530.994417,7906,1,14,6,14,6
1766621531.011625,7906,1,14,6,14,6
1766621531.028494,7907,1,14,6,14,6
1766621531.045727,7908,1,14,6,14,6
1766621531.063487,7909,1,14,5,14,5
1766621531.080098,7909,1,14,5,14,5
1766621531.096793,7910,1,14,5,14,5
1766621531.112864,7911,1,14,5,14,5
1766621531.128503,7912,1,14,5,14,5
1766621531.144654,7912,1,14,5,14,5
1766621531.160819,7913,1,14,5,14,5
1766621531.177375,7914,1,14,4,14,4
1766621531.194551,7915,1,14,4,14,4
1766621531.211831,7915,1,14,4,14,4
1766621531.229048,7916,1,14,4,14,4
1766621531.245296,7917,1,14,4,14,4
1766621531.261959,7918,1,14,5,14,5
1766621531.278242,7918,1,14,5,14,5
1766621531.295493,7919,1,14,5,14,5
1766621531.312094,7920,1,14,5,14,5
1766621531.327910,7921,1,14,4,14,4
1766621531.344047,7921,1,14,4,14,4
1766621531.365438,7922,1,14,4,14,4
1766621531.382162,7923,1,14,4,14,4
1766621531.398962,7923,1,14,4,14,4
1766621531.418083,7924,1,14,4,14,4
1766621531.445066,7924,1,14,4,14,4
1766621531.481893,7924,1,14,4,14,4
1766621531.512623,7925,1,14,4,14,4
1766621531.558319,7927,1,14,4,14,4
1766621531.574643,7927,1,14,4,14,4
1766621531.592477,7928,1,14,3,14,3
1766621531.609070,7928,1,14,3,14,3
1766621531.625882,7929,1,14,3,14,3
1766621531.642173,7930,1,14,3,14,3
1766621531.658853,7931,1,14,3,14,3
1766621531.675133,7932,1,14,3,14,3
1766621531.691324,7932,1,14,3,14,3
1766621531.708316,7933,1,14,3,14,3
1766621531.725526,7934,1,14,3,14,3
1766621531.742152,7935,1,14,3,14,3
1766621531.758988,7935,1,14,3,14,3
1766621531.775613,7936,1,14,3,14,3
1766621531.792557,7937,1,14,3,14,3
1766621531.809032,7938,1,15,3,15,3
1766621531.825608,7938,1,15,3,15,3
1766621531.842165,7939,1,15,3,15,3
1766621531.859551,7940,1,15,3,15,3
1766621531.876152,7941,1,15,2,15,2
1766621531.891827,7941,1,15,2,15,2
1766621531.907731,7942,1,15,2,15,2
1766621531.924474,7943,1,15,2,15,2
1766621531.941783,7944,1,15,2,15,2
1766621531.958174,7945,1,16,2,16,2
1766621531.974242,7945,1,16,2,16,2
1766621531.992062,7946,1,16,2,16,2
1766621532.008220,7947,1,16,2,16,2
1766621532.025405,7947,1,16,2,16,2
1766621532.041835,7948,1,16,2,16,2
1766621532.058008,7949,1,16,3,16,3
1766621532.074749,7950,1,16,3,16,3
1766621532.091345,7950,1,16,3,16,3
1766621532.107566,7951,1,16,3,16,3
1766621532.140191,7952,1,16,3,16,3
1766621532.157646,7953,1,16,3,16,3
1766621532.174828,7954,1,16,3,16,3
1766621532.190644,7954,1,16,3,16,3
1766621532.207259,7955,1,16,3,16,3
1766621532.224420,7956,1,16,3,16,3
1766621532.242010,7957,1,16,3,16,3
1766621532.258628,7957,1,16,3,16,3
1766621532.274923,7958,1,16,3,16,3
1766621532.290718,7959,1,16,3,16,3
1766621532.307625,7960,1,17,3,17,3
1766621532.323749,7960,1,17,3,17,3
1766621532.341033,7961,1,17,3,17,3
1766621532.357316,7962,1,17,3,17,3
1766621532.373892,7963,1,17,3,17,3
1766621532.451887,7963,1,17,3,17,3
1766621532.478266,7964,1,17,3,17,3
1766621532.532858,7967,1,17,3,17,3
1766621532.555948,7968,1,16,3,16,3
1766621532.576135,7969,1,16,3,16,3
1766621532.593983,7970,1,16,3,16,3
1766621532.610735,7971,1,16,3,16,3
1766621532.627061,7971,1,16,3,16,3
1766621532.642618,7972,1,16,3,16,3
1766621532.659204,7973,1,16,3,16,3
1766621532.676647,7974,1,16,3,16,3
1766621532.693705,7974,1,16,3,16,3
1766621532.710737,7975,1,16,3,16,3
1766621532.727874,7976,1,16,2,16,2
1766621532.743949,7977,1,16,2,16,2
1766621532.759996,7977,1,16,2,16,2
1766621532.775828,7978,1,16,2,16,2
1766621532.792192,7979,1,15,2,15,2
1766621532.808659,7979,1,15,2,15,2
1766621532.825738,7980,1,15,2,15,2
1766621532.842413,7981,1,15,2,15,2
1766621532.858817,7982,1,15,2,15,2
1766621532.874882,7982,1,15,2,15,2
1766621532.916697,7983,1,15,2,15,2
1766621532.932876,7983,1,15,2,15,2
1766621532.948328,7984,1,15,2,15,2
1766621532.965532,7985,1,15,2,15,2
1766621532.982508,7986,1,15,1,15,1
1766621532.999484,7986,1,15,1,15,1
1766621533.016501,7987,1,15,1,15,1
1766621533.032414,7988,1,15,1,15,1
1766621533.048853,7989,1,14,1,14,1
1766621533.064772,7989,1,14,1,14,1
1766621533.080496,7990,1,14,1,14,1
1766621533.097314,7991,1,14,1,14,1
1766621533.114357,7992,1,14,1,14,1
1766621533.131731,7992,1,14,1,14,1
1766621533.147937,7993,1,14,2,14,2
1766621533.163993,7994,1,14,2,14,2
1766621533.180981,7995,1,14,2,14,2
1766621533.197043,7995,1,14,2,14,2
1766621533.212756,7996,1,14,2,14,2
1766621533.229284,7997,1,14,3,14,3
1766621533.245843,7998,1,14,3,14,3
1766621533.261373,7998,1,14,3,14,3
1766621533.278470,7999,1,14,3,14,3
1766621533.296029,8000,1,14,3,14,3
1766621533.312142,8001,1,14,3,14,3
1766621533.329004,8001,1,14,3,14,3
1766621533.344709,8002,1,15,3,15,3
1766621533.360751,8003,1,15,3,15,3
1766621533.377541,8004,1,15,3,15,3
1766621533.394445,8004,1,15,3,15,3
1766621533.410739,8005,1,15,3,15,3
1766621533.427850,8006,1,15,3,15,3
1766621533.444336,8007,1,15,2,15,2
1766621533.461898,8008,1,15,2,15,2
1766621533.477984,8008,1,15,2,15,2
1766621533.494531,8009,1,15,2,15,2
1766621533.512096,8010,1,16,2,16,2
1766621533.528680,8011,1,16,2,16,2
1766621533.544785,8011,1,16,2,16,2
1766621533.560375,8012,1,16,2,16,2
1766621533.577851,8013,1,16,1,16,1
1766621533.594990,8013,1,16,1,16,1
1766621533.611042,8014,1,16,1,16,1
1766621533.627648,8015,1,16,1,16,1
1766621533.644685,8016,1,16,1,16,1
1766621533.661808,8016,1,16,1,16,1
1766621533.677352,8017,1,16,2,16,2
1766621533.694407,8018,1,16,2,16,2
1766621533.711482,8019,1,16,2,16,2
1766621533.728542,8019,1,16,2,16,2
1766621533.745662,8020,1,16,3,16,3
1766621533.762195,8021,1,16,3,16,3
1766621533.779845,8022,1,16,3,16,3
1766621533.795986,8022,1,16,3,16,3
1766621533.813550,8023,1,16,3,16,3
1766621533.830001,8024,1,16,3,16,3
1766621533.846550,8025,1,17,3,17,3
1766621533.863404,8026,1,17,3,17,3
1766621533.880102,8026,1,17,3,17,3
1766621533.896797,8027,1,18,3,18,3
1766621533.913824,8028,1,18,3,18,3
1766621533.930265,8029,1,18,3,18,3
1766621533.947519,8029,1,18,3,18,3
1766621533.964159,8030,1,18,3,18,3
1766621533.979956,8031,1,18,3,18,3
1766621533.996203,8032,1,18,3,18,3
1766621534.013212,8032,1,18,3,18,3
1766621534.030580,8033,1,18,3,18,3
1766621534.048196,8034,1,19,3,19,3
1766621534.063443,8035,1,19,3,19,3
1766621534.080295,8035,1,19,3,19,3
1766621534.097182,8036,1,19,3,19,3
1766621534.113250,8037,1,19,2,19,2
1766621534.130084,8038,1,19,2,19,2
1766621534.145811,8038,1,19,2,19,2
1766621534.163133,8039,1,19,2,19,2
1766621534.180876,8040,1,19,2,19,2
1766621534.196695,8040,1,19,2,19,2
1766621534.213598,8041,1,19,2,19,2
1766621534.230335,8042,1,18,2,18,2
1766621534.247651,8043,1,18,2,18,2
1766621534.264432,8043,1,18,2,18,2
1766621534.282109,8044,1,18,2,18,2
1766621534.297795,8045,1,18,2,18,2
1766621534.313630,8045,1,18,2,18,2
1766621534.330554,8046,1,18,3,18,3
1766621534.347786,8047,1,18,3,18,3
1766621534.364197,8048,1,18,3,18,3
1766621534.379409,8049,1,18,3,18,3
1766621534.396126,8049,1,18,3,18,3
1766621534.412126,8050,1,18,3,18,3
1766621534.428126,8051,1,19,3,19,3
1766621534.444356,8051,1,19,3,19,3
1766621534.462188,8052,1,19,3,19,3
1766621534.479128,8053,1,19,3,19,3
1766621534.495776,8054,1,19,3,19,3
1766621534.513080,8054,1,19,3,19,3
1766621534.529730,8055,1,19,2,19,2
1766621534.546026,8056,1,19,2,19,2
1766621534.562286,8057,1,19,2,19,2
1766621534.579149,8058,1,19,2,19,2
1766621534.595760,8058,1,19,2,19,2
1766621534.612289,8059,1,19,2,19,2
1766621534.630076,8060,1,19,2,19,2
1766621534.646667,8061,1,19,2,19,2
1766621534.663332,8061,1,19,2,19,2
1766621534.680007,8062,1,19,2,19,2
1766621534.696372,8063,1,19,2,19,2
1766621534.713923,8064,1,19,2,19,2
1766621534.730215,8064,1,19,2,19,2
1766621534.747725,8065,1,19,2,19,2
1766621534.764251,8066,1,19,2,19,2
1766621534.781445,8067,1,19,2,19,2
1766621534.798876,8068,1,19,2,19,2
1766621534.815904,8068,1,19,2,19,2
1766621534.832307,8069,1,19,2,19,2
1766621534.849432,8070,1,19,2,19,2
1766621534.866524,8071,1,19,2,19,2
1766621534.883122,8071,1,19,2,19,2
1766621534.900184,8072,1,19,2,19,2
1766621534.916927,8073,1,19,2,19,2
1766621534.933542,8074,1,19,2,19,2
1766621534.949690,8074,1,19,2,19,2
1766621534.966085,8075,1,19,2,19,2
1766621534.982527,8076,1,19,2,19,2
1766621534.998849,8077,1,19,3,19,3
1766621535.015691,8077,1,19,3,19,3
1766621535.033178,8078,1,19,3,19,3
1766621535.049779,8079,1,19,3,19,3
1766621535.066951,8080,1,19,2,19,2
1766621535.083931,8081,1,19,2,19,2
1766621535.100315,8081,1,19,2,19,2
1766621535.117367,8082,1,19,2,19,2
1766621535.134367,8083,1,19,2,19,2
1766621535.150759,8084,1,19,2,19,2
1766621535.167428,8084,1,19,2,19,2
1766621535.184718,8085,1,19,2,19,2
1766621535.200769,8086,1,19,2,19,2
1766621535.216861,8087,1,19,2,19,2
1766621535.233438,8087,1,19,2,19,2
1766621535.250197,8088,1,19,2,19,2
1766621535.266598,8089,1,19,1,19,1
1766621535.283498,8090,1,19,1,19,1
1766621535.300481,8090,1,19,1,19,1
1766621535.317537,8091,1,18,1,18,1
1766621535.334440,8092,1,18,1,18,1
1766621535.351034,8093,1,18,1,18,1
1766621535.366654,8093,1,18,1,18,1
1766621535.382790,8094,1,18,0,18,0
1766621535.399810,8095,1,18,0,18,0
1766621535.416269,8096,1,18,0,18,0
1766621535.432824,8096,1,18,0,18,0
1766621535.449816,8097,1,18,0,18,0
1766621535.466090,8098,1,18,0,18,0
1766621535.482919,8099,1,18,0,18,0
1766621535.498935,8099,1,18,0,18,0
1766621535.515810,8100,1,18,0,18,0
1766621535.532295,8101,1,18,0,18,0
1766621535.549417,8102,1,18,0,18,0
1766621535.566055,8102,1,18,0,18,0
1766621535.582249,8103,1,17,0,17,0
1766621535.598727,8104,1,17,0,17,0
1766621535.615143,8105,1,17,0,17,0
1766621535.630754,8105,1,17,0,17,0
1766621535.647328,8106,1,17,1,17,1
1766621535.663957,8107,1,17,1,17,1
1766621535.680613,8108,1,17,1,17,1
1766621535.697846,8109,1,17,0,17,0
1766621535.714778,8109,1,17,0,17,0
1766621535.731029,8110,1,17,0,17,0
1766621535.746936,8111,1,16,0,16,0
1766621535.762676,8111,1,16,0,16,0
1766621535.778917,8112,1,16,0,16,0
1766621535.795468,8113,1,16,0,16,0
1766621535.812069,8114,1,16,0,16,0
1766621535.828073,8114,1,16,0,16,0
1766621535.845118,8115,1,16,1,16,1
1766621535.860698,8116,1,16,1,16,1
1766621535.876734,8117,1,16,1,16,1
1766621535.893265,8118,1,16,1,16,1
1766621535.909823,8118,1,16,1,16,1
1766621535.926868,8119,1,17,1,17,1
1766621535.943420,8120,1,17,1,17,1
1766621535.960306,8121,1,17,1,17,1
1766621535.977370,8121,1,17,1,17,1
1766621535.994746,8122,1,17,2,17,2
1766621536.010354,8123,1,17,2,17,2
1766621536.027427,8124,1,17,2,17,2
1766621536.044243,8124,1,17,2,17,2
1766621536.061342,8125,1,16,2,16,2
1766621536.078438,8126,1,16,2,16,2
1766621536.095159,8127,1,16,2,16,2
1766621536.110838,8127,1,16,2,16,2
1766621536.126718,8128,1,16,2,16,2
1766621536.143482,8129,1,16,1,16,1
1766621536.159548,8130,1,16,1,16,1
1766621536.177149,8130,1,16,1,16,1
1766621536.193224,8131,1,16,1,16,1
1766621536.210050,8132,1,16,1,16,1
1766621536.226671,8133,1,16,1,16,1
1766621536.243384,8134,1,16,1,16,1
1766621536.259981,8134,1,16,1,16,1
1766621536.275786,8135,1,16,1,16,1
1766621536.292201,8136,1,16,0,16,0
1766621536.309575,8137,1,16,0,16,0
1766621536.325623,8137,1,16,0,16,0
1766621536.341675,8138,1,16,0,16,0
1766621536.357936,8139,1,16,0,16,0
1766621536.373880,8139,1,16,0,16,0
1766621536.389773,8140,1,17,0,17,0
1766621536.405772,8141,1,17,0,17,0
1766621536.422559,8142,1,17,0,17,0
1766621536.440097,8142,1,17,0,17,0
1766621536.456827,8143,1,17,0,17,0
1766621536.473651,8144,1,17,0,17,0
1766621536.490223,8145,1,17,0,17,0
1766621536.507483,8145,1,17,0,17,0
1766621536.524464,8146,1,17,0,17,0
1766621536.541336,8147,1,17,1,17,1
1766621536.558304,8148,1,17,1,17,1
1766621536.576371,8149,1,18,1,18,1
1766621536.593343,8149,1,18,1,18,1
1766621536.610928,8150,1,18,1,18,1
1766621536.627536,8151,1,18,1,18,1
1766621536.644611,8152,1,19,1,19,1
1766621536.660658,8152,1,19,1,19,1
1766621536.677424,8153,1,19,1,19,1
1766621536.695015,8154,1,19,1,19,1
1766621536.712276,8155,1,19,1,19,1
1766621536.729939,8156,1,19,2,19,2
1766621536.745612,8156,1,19,2,19,2
1766621536.763131,8157,1,19,2,19,2
1766621536.779826,8158,1,19,2,19,2
1766621536.795337,8159,1,19,3,19,3
1766621536.812182,8159,1,19,3,19,3
1766621536.827935,8160,1,19,3,19,3
1766621536.844408,8161,1,19,3,19,3
1766621536.860422,8162,1,19,3,19,3
1766621536.876287,8162,1,19,3,19,3
1766621536.893117,8163,1,19,3,19,3
1766621536.909487,8164,1,19,3,19,3
1766621536.925343,8164,1,19,3,19,3
1766621536.941494,8165,1,19,2,19,2
1766621536.958207,8166,1,19,2,19,2
1766621536.975644,8167,1,19,1,19,1
1766621536.992297,8168,1,19,1,19,1
1766621537.009247,8168,1,19,1,19,1
1766621537.025987,8169,1,19,1,19,1
1766621537.042334,8170,1,19,1,19,1
1766621537.058677,8171,1,19,1,19,1
1766621537.075332,8171,1,19,1,19,1
1766621537.092763,8172,1,19,1,19,1
1766621537.110614,8173,1,19,1,19,1
1766621537.126904,8174,1,19,1,19,1
1766621537.143317,8174,1,19,1,19,1
1766621537.160211,8175,1,19,1,19,1
1766621537.176930,8176,1,19,1,19,1
1766621537.193192,8177,1,19,1,19,1
1766621537.209072,8178,1,19,1,19,1
1766621537.226349,8178,1,19,1,19,1
1766621537.242656,8179,1,19,2,19,2
1766621537.259543,8180,1,19,2,19,2
1766621537.276440,8181,1,19,2,19,2
1766621537.293441,8181,1,19,2,19,2
1766621537.309481,8182,1,19,2,19,2
1766621537.327014,8183,1,19,3,19,3
1766621537.343147,8184,1,19,3,19,3
1766621537.359312,8184,1,19,3,19,3
1766621537.376012,8185,1,19,3,19,3
1766621537.392339,8186,1,19,3,19,3
1766621537.409084,8187,1,18,3,18,3
1766621537.424701,8187,1,18,3,18,3
1766621537.442364,8188,1,18,3,18,3
1766621537.458851,8189,1,18,3,18,3
1766621537.474989,8190,1,18,3,18,3
1766621537.490747,8190,1,18,3,18,3
1766621537.508629,8191,1,18,3,18,3
1766621537.525016,8192,1,18,3,18,3
1766621537.542143,8193,1,17,3,17,3
1766621537.558252,8193,1,17,3,17,3
1766621537.574989,8194,1,17,3,17,3
1766621537.591709,8195,1,17,3,17,3
1766621537.607617,8196,1,17,3,17,3
1766621537.625036,8197,1,16,3,16,3
1766621537.642340,8197,1,16,3,16,3
1766621537.659685,8198,1,16,3,16,3
1766621537.676677,8199,1,16,3,16,3
1766621537.693275,8200,1,16,4,16,4
1766621537.709585,8200,1,16,4,16,4
1766621537.726126,8201,1,16,4,16,4
1766621537.742837,8202,1,16,4,16,4
1766621537.759563,8203,1,16,4,16,4
1766621537.776413,8203,1,16,4,16,4
1766621537.793458,8204,1,16,4,16,4
1766621537.810284,8205,1,16,4,16,4
1766621537.827731,8206,1,16,4,16,4
1766621537.843729,8206,1,16,4,16,4
1766621537.860908,8207,1,16,4,16,4
1766621537.877321,8208,1,16,4,16,4
1766621537.892772,8209,1,16,4,16,4
1766621537.909189,8209,1,16,4,16,4
1766621537.927179,8210,1,16,4,16,4
1766621537.943912,8211,1,16,4,16,4
1766621537.960593,8212,1,16,4,16,4
1766621537.977576,8212,1,16,4,16,4
1766621537.993889,8213,1,16,4,16,4
1766621538.009910,8214,1,16,4,16,4
1766621538.025585,8215,1,16,4,16,4
1766621538.042134,8215,1,16,4,16,4
1766621538.057719,8216,1,16,4,16,4
1766621538.074285,8217,1,16,4,16,4
1766621538.090918,8218,1,16,3,16,3
1766621538.107730,8218,1,16,3,16,3
1766621538.124050,8219,1,16,3,16,3
1766621538.140501,8220,1,16,3,16,3
1766621538.157622,8221,1,15,3,15,3
1766621538.174302,8221,1,15,3,15,3
1766621538.190412,8222,1,15,3,15,3
1766621538.206949,8223,1,15,3,15,3
1766621538.223693,8224,1,14,3,14,3
1766621538.239393,8224,1,14,3,14,3
1766621538.255342,8225,1,14,3,14,3
1766621538.272396,8226,1,14,3,14,3
1766621538.289918,8227,1,14,3,14,3
1766621538.305405,8227,1,14,3,14,3
1766621538.323447,8228,1,14,4,14,4
1766621538.340234,8229,1,14,4,14,4
1766621538.357108,8230,1,14,4,14,4
1766621538.373028,8230,1,14,4,14,4
1766621538.389851,8231,1,14,4,14,4
1766621538.406396,8232,1,14,4,14,4
1766621538.423733,8233,1,14,4,14,4
1766621538.440043,8234,1,14,4,14,4
1766621538.456108,8234,1,14,4,14,4
1766621538.473196,8235,1,14,4,14,4
1766621538.489587,8236,1,14,5,14,5
1766621538.506380,8237,1,14,5,14,5
1766621538.523529,8237,1,14,5,14,5
1766621538.540354,8238,1,14,5,14,5
1766621538.557134,8239,1,14,5,14,5
1766621538.573206,8240,1,14,5,14,5
1766621538.591079,8240,1,14,5,14,5
1766621538.607439,8241,1,14,5,14,5
1766621538.624083,8242,1,14,5,14,5
1766621538.642030,8243,1,14,5,14,5
1766621538.657980,8243,1,14,5,14,5
1766621538.674565,8244,1,14,5,14,5
1766621538.690745,8245,1,14,4,14,4
1766621538.707137,8246,1,14,4,14,4
1766621538.723362,8246,1,14,4,14,4
1766621538.740546,8247,1,14,4,14,4
1766621538.757529,8248,1,14,4,14,4
1766621538.773625,8249,1,14,4,14,4
1766621538.790237,8250,1,14,4,14,4
1766621538.807923,8250,1,14,4,14,4
1766621538.824831,8251,1,14,4,14,4
1766621538.841967,8252,1,14,5,14,5
1766621538.858583,8253,1,14,5,14,5
1766621538.876357,8254,1,14,5,14,5
1766621538.977214,8255,1,13,5,13,5
1766621538.994303,8256,1,14,5,14,5
1766621539.010855,8257,1,14,5,14,5
1766621539.027619,8257,1,14,5,14,5
1766621539.043978,8258,1,14,5,14,5
1766621539.063281,8258,1,14,5,14,5
1766621539.099270,8259,1,13,5,13,5
1766621539.123188,8260,1,13,5,13,5
1766621539.165884,8261,1,13,5,13,5
1766621539.183594,8262,1,13,5,13,5
1766621539.199721,8263,1,13,5,13,5
1766621539.227250,8263,1,13,5,13,5
1766621539.254740,8264,1,13,5,13,5
1766621539.272062,8266,1,14,5,14,5
1766621539.288262,8266,1,14,5,14,5
1766621539.305094,8267,1,14,5,14,5
1766621539.322067,8268,1,14,5,14,5
1766621539.338537,8269,1,14,5,14,5
1766621539.354984,8269,1,14,5,14,5
1766621539.370871,8270,1,14,5,14,5
1766621539.387149,8271,1,13,5,13,5
1766621539.403319,8271,1,13,5,13,5
1766621539.420799,8272,1,13,5,13,5
1766621539.436575,8273,1,13,5,13,5
1766621539.453223,8274,1,13,6,13,6
1766621539.469290,8274,1,13,6,13,6
1766621539.487132,8275,1,13,6,13,6
1766621539.504518,8276,1,13,6,13,6
1766621539.521124,8277,1,13,6,13,6
1766621539.537228,8277,1,13,6,13,6
1766621539.554034,8278,1,13,6,13,6
1766621539.570223,8279,1,13,6,13,6
1766621539.586952,8280,1,13,6,13,6
1766621539.602681,8280,1,13,6,13,6
1766621539.618778,8281,1,14,6,14,6
1766621539.635495,8282,1,14,6,14,6
1766621539.652457,8283,1,14,6,14,6
1766621539.669247,8284,1,13,6,13,6
1766621539.685546,8284,1,13,6,13,6
1766621539.702274,8285,1,13,6,13,6
1766621539.718379,8286,1,13,6,13,6
1766621539.735157,8287,1,13,6,13,6
1766621539.750921,8287,1,13,6,13,6
1766621539.766752,8288,1,13,6,13,6
1766621539.782414,8289,1,13,6,13,6
1766621539.800228,8290,1,13,6,13,6
1766621539.817823,8290,1,13,6,13,6
1766621539.834520,8291,1,13,6,13,6
1766621539.850585,8292,1,13,6,13,6
1766621539.866949,8293,1,13,6,13,6
1766621539.883866,8293,1,13,6,13,6
1766621539.900415,8294,1,13,5,13,5
1766621539.917411,8295,1,13,5,13,5
1766621539.934683,8295,1,13,5,13,5
1766621539.951808,8296,1,13,5,13,5
1766621539.968044,8297,1,13,5,13,5
1766621539.983861,8298,1,13,5,13,5
1766621539.999678,8298,1,13,5,13,5
1766621540.017016,8299,1,14,5,14,5
1766621540.033222,8300,1,14,5,14,5
1766621540.050334,8301,1,14,5,14,5
1766621540.066844,8301,1,14,5,14,5
1766621540.082797,8302,1,14,5,14,5
1766621540.099308,8303,1,13,5,13,5
1766621540.116123,8304,1,13,5,13,5
1766621540.132375,8304,1,13,5,13,5
1766621540.148725,8305,1,13,5,13,5
1766621540.164939,8306,1,13,4,13,4
1766621540.181246,8307,1,13,4,13,4
1766621540.197646,8307,1,13,4,13,4
1766621540.214509,8308,1,13,4,13,4
1766621540.230704,8309,1,13,5,13,5
1766621540.246685,8310,1,13,5,13,5
1766621540.262363,8310,1,13,5,13,5
1766621540.280176,8311,1,13,5,13,5
1766621540.295949,8312,1,13,5,13,5
1766621540.311679,8313,1,14,5,14,5
1766621540.328175,8313,1,14,5,14,5
1766621540.343914,8314,1,14,5,14,5
1766621540.360394,8315,1,14,5,14,5
1766621540.377527,8316,1,14,4,14,4
1766621540.394545,8316,1,14,4,14,4
1766621540.410306,8317,1,14,4,14,4
1766621540.427337,8318,1,14,4,14,4
1766621540.444466,8319,1,14,4,14,4
1766621540.461371,8319,1,14,4,14,4
1766621540.478660,8320,1,13,4,13,4
1766621540.494730,8321,1,13,4,13,4
1766621540.511199,8322,1,14,4,14,4
1766621540.527176,8322,1,14,4,14,4
1766621540.543309,8323,1,14,4,14,4
1766621540.559985,8324,1,14,4,14,4
1766621540.576381,8325,1,14,4,14,4
1766621540.593580,8325,1,14,4,14,4
1766621540.609451,8326,1,14,5,14,5
1766621540.626031,8327,1,14,5,14,5
1766621540.642177,8328,1,14,5,14,5
1766621540.658741,8328,1,14,5,14,5
1766621540.675859,8329,1,14,5,14,5
1766621540.692003,8330,1,14,5,14,5
1766621540.708821,8331,1,14,5,14,5
1766621540.725261,8331,1,14,5,14,5
1766621540.743167,8332,1,14,5,14,5
1766621540.759393,8333,1,14,5,14,5
1766621540.776259,8334,1,14,4,14,4
1766621540.793469,8335,1,14,4,14,4
1766621540.810424,8335,1,14,4,14,4
1766621540.826573,8336,1,14,4,14,4
1766621540.844078,8337,1,14,4,14,4
1766621540.860209,8338,1,14,4,14,4
1766621540.877290,8338,1,14,4,14,4
1766621540.894119,8339,1,14,4,14,4
1766621540.911484,8340,1,14,4,14,4
1766621540.928350,8341,1,14,4,14,4
1766621540.944949,8342,1,13,4,13,4
1766621540.961996,8342,1,13,4,13,4
1766621540.978695,8343,1,13,4,13,4
1766621540.995701,8344,1,13,4,13,4
1766621541.011909,8345,1,13,4,13,4
1766621541.027824,8345,1,13,4,13,4
1766621541.044455,8346,1,13,4,13,4
1766621541.060920,8347,1,13,4,13,4
1766621541.076734,8348,1,13,4,13,4
1766621541.093408,8348,1,13,4,13,4
1766621541.110437,8349,1,14,4,14,4
1766621541.127632,8350,1,14,4,14,4
1766621541.144338,8351,1,14,4,14,4
1766621541.161087,8352,1,14,4,14,4
1766621541.178279,8352,1,14,4,14,4
1766621541.196064,8353,1,14,4,14,4
1766621541.213027,8354,1,14,4,14,4
1766621541.229198,8355,1,14,4,14,4
1766621541.246269,8355,1,14,4,14,4
1766621541.263582,8356,1,14,4,14,4
1766621541.280288,8357,1,14,4,14,4
1766621541.296519,8358,1,14,4,14,4
1766621541.313745,8358,1,14,4,14,4
1766621541.330358,8359,1,14,4,14,4
1766621541.347906,8360,1,14,4,14,4
1766621541.364466,8361,1,14,4,14,4
1766621541.380901,8361,1,14,4,14,4
1766621541.397127,8362,1,14,4,14,4
1766621541.413826,8363,1,14,4,14,4
1766621541.430466,8364,1,14,4,14,4
1766621541.449027,8364,1,14,4,14,4
1766621541.466538,8365,1,14,4,14,4
1766621541.483294,8366,1,14,4,14,4
1766621541.500556,8367,1,14,5,14,5
1766621541.517590,8368,1,14,5,14,5
1766621541.533377,8368,1,14,5,14,5
1766621541.550597,8369,1,14,5,14,5
1766621541.567768,8370,1,14,5,14,5
1766621541.584653,8371,1,14,5,14,5
1766621541.600731,8371,1,14,5,14,5
1766621541.616675,8372,1,14,6,14,6
1766621541.633442,8373,1,14,6,14,6
1766621541.649966,8374,1,14,6,14,6
1766621541.666333,8374,1,14,6,14,6
1766621541.683804,8375,1,14,6,14,6
1766621541.701031,8376,1,14,6,14,6
1766621541.716906,8377,1,14,6,14,6
1766621541.733480,8378,1,14,6,14,6
1766621541.749752,8378,1,14,6,14,6
1766621541.765534,8379,1,14,6,14,6
1766621541.781937,8380,1,14,6,14,6
1766621541.798538,8380,1,14,6,14,6
1766621541.815255,8381,1,14,6,14,6
1766621541.833504,8382,1,14,6,14,6
1766621541.850343,8383,1,14,5,14,5
1766621541.866885,8383,1,14,5,14,5
1766621541.883095,8384,1,14,5,14,5
1766621541.899175,8385,1,14,6,14,6
1766621541.914927,8386,1,14,6,14,6
1766621541.930872,8386,1,14,6,14,6
1766621541.947333,8387,1,14,6,14,6
1766621541.964516,8388,1,13,6,13,6
1766621541.981534,8389,1,13,6,13,6
1766621541.997442,8389,1,13,6,13,6
1766621542.014757,8390,1,13,6,13,6
1766621542.031022,8391,1,13,6,13,6
1766621542.049139,8392,1,13,6,13,6
1766621542.066856,8392,1,13,6,13,6
1766621542.083014,8393,1,13,6,13,6
1766621542.098630,8394,1,13,6,13,6
1766621542.115059,8395,1,13,6,13,6
1766621542.131285,8395,1,13,6,13,6
1766621542.148675,8396,1,13,6,13,6
1766621542.165642,8397,1,13,5,13,5
1766621542.182409,8398,1,13,5,13,5
1766621542.200084,8398,1,13,5,13,5
1766621542.216632,8399,1,13,5,13,5
1766621542.233179,8400,1,14,5,14,5
1766621542.250014,8401,1,14,5,14,5
1766621542.265988,8402,1,14,5,14,5
1766621542.282509,8402,1,14,5,14,5
1766621542.300132,8403,1,14,4,14,4
1766621542.317515,8404,1,14,4,14,4
1766621542.334291,8405,1,14,4,14,4
1766621542.350831,8405,1,14,4,14,4
1766621542.368008,8406,1,14,3,14,3
1766621542.383934,8407,1,14,3,14,3
1766621542.400172,8407,1,14,3,14,3
1766621542.415549,8408,1,14,3,14,3
1766621542.432327,8409,1,14,3,14,3
1766621542.449409,8410,1,14,4,14,4
1766621542.466659,8410,1,14,4,14,4
1766621542.482748,8411,1,14,4,14,4
1766621542.499089,8412,1,14,4,14,4
1766621542.515754,8413,1,14,5,14,5
1766621542.532482,8413,1,14,5,14,5
1766621542.548925,8414,1,14,5,14,5
1766621542.565231,8415,1,14,5,14,5
1766621542.583210,8416,1,14,5,14,5
1766621542.600292,8417,1,14,5,14,5
1766621542.618071,8417,1,14,5,14,5
1766621542.634758,8418,1,14,4,14,4
1766621542.651364,8419,1,14,4,14,4
1766621542.668134,8420,1,14,4,14,4
1766621542.684156,8420,1,14,4,14,4
1766621542.700748,8421,1,14,4,14,4
1766621542.717522,8422,1,14,4,14,4
1766621542.733883,8423,1,14,4,14,4
1766621542.750532,8423,1,14,4,14,4
1766621542.766912,8424,1,14,4,14,4
1766621542.783817,8425,1,14,4,14,4
1766621542.799798,8426,1,13,4,13,4
1766621542.817228,8427,1,13,4,13,4
1766621542.833817,8427,1,13,4,13,4
1766621542.850085,8428,1,13,4,13,4
1766621542.866900,8429,1,13,4,13,4
1766621542.883483,8430,1,14,4,14,4
1766621542.900303,8430,1,14,4,14,4
1766621542.916999,8431,1,14,4,14,4
1766621542.933953,8432,1,14,5,14,5
1766621542.950049,8433,1,14,5,14,5
1766621542.966328,8433,1,14,5,14,5
1766621542.982910,8434,1,14,5,14,5
1766621542.998446,8435,1,14,5,14,5
1766621543.015862,8436,1,14,5,14,5
1766621543.032497,8436,1,14,5,14,5
1766621543.049775,8437,1,15,5,15,5
1766621543.066122,8438,1,15,5,15,5
1766621543.082389,8439,1,15,5,15,5
1766621543.099908,8439,1,15,5,15,5
1766621543.116449,8440,1,14,5,14,5
1766621543.133667,8441,1,14,5,14,5
1766621543.149725,8442,1,14,5,14,5
1766621543.166376,8442,1,14,5,14,5
1766621543.183330,8443,1,15,5,15,5
1766621543.199820,8444,1,15,5,15,5
1766621543.216663,8445,1,15,5,15,5
1766621543.233245,8446,1,14,5,14,5
1766621543.250018,8446,1,14,5,14,5
1766621543.267008,8447,1,14,5,14,5
1766621543.284019,8448,1,14,5,14,5
1766621543.300023,8449,1,14,5,14,5
1766621543.316226,8449,1,14,5,14,5
1766621543.333534,8450,1,13,5,13,5
1766621543.349763,8451,1,13,5,13,5
1766621543.366130,8452,1,13,5,13,5
1766621543.382662,8452,1,13,5,13,5
1766621543.399024,8453,1,13,5,13,5
1766621543.415138,8454,1,14,5,14,5
1766621543.430413,8455,1,14,5,14,5
1766621543.446745,8455,1,14,5,14,5
1766621543.463267,8456,1,14,5,14,5
1766621543.480210,8457,1,14,5,14,5
1766621543.497429,8458,1,14,5,14,5
1766621543.514966,8458,1,14,5,14,5
1766621543.531014,8459,1,14,5,14,5
1766621543.550159,8460,1,14,5,14,5
1766621543.565758,8460,1,14,5,14,5
1766621543.582374,8461,1,14,4,14,4
1766621543.598548,8462,1,14,4,14,4
1766621543.615087,8463,1,14,4,14,4
1766621543.632143,8463,1,14,4,14,4
1766621543.648350,8464,1,14,4,14,4
1766621543.665817,8465,1,14,4,14,4
1766621543.683135,8466,1,13,4,13,4
1766621543.698793,8466,1,13,4,13,4
1766621543.714992,8467,1,13,4,13,4
1766621543.730773,8468,1,13,4,13,4
1766621543.746964,8469,1,13,4,13,4
1766621543.763233,8469,1,13,4,13,4
1766621543.780508,8470,1,13,4,13,4
1766621543.796645,8471,1,13,4,13,4
1766621543.813515,8472,1,13,4,13,4
1766621543.830772,8473,1,13,4,13,4
1766621543.847067,8473,1,13,4,13,4
1766621543.863081,8474,1,13,4,13,4
1766621543.879382,8475,1,13,4,13,4
1766621543.896326,8476,1,13,4,13,4
1766621543.913137,8476,1,13,4,13,4
1766621543.929791,8477,1,13,4,13,4
1766621543.946518,8478,1,13,4,13,4
1766621543.963365,8479,1,13,4,13,4
1766621543.980268,8479,1,13,4,13,4
1766621543.996942,8480,1,13,4,13,4
1766621544.012501,8481,1,13,4,13,4
1766621544.029221,8482,1,13,4,13,4
1766621544.045562,8482,1,13,4,13,4
1766621544.063070,8483,1,13,4,13,4
1766621544.079636,8484,1,13,4,13,4
1766621544.096374,8485,1,14,4,14,4
1766621544.113140,8486,1,14,4,14,4
1766621544.129505,8486,1,14,4,14,4
1766621544.146053,8487,1,14,4,14,4
1766621544.162408,8488,1,14,4,14,4
1766621544.179189,8488,1,14,4,14,4
1766621544.196364,8489,1,14,3,14,3
1766621544.213174,8490,1,14,3,14,3
1766621544.229259,8491,1,14,3,14,3
1766621544.245918,8491,1,14,3,14,3
1766621544.262251,8492,1,14,3,14,3
1766621544.279417,8493,1,14,4,14,4
1766621544.295719,8494,1,14,4,14,4
1766621544.312323,8494,1,14,4,14,4
1766621544.329064,8495,1,14,4,14,4
1766621544.345685,8496,1,14,4,14,4
1766621544.362289,8497,1,14,3,14,3
1766621544.378815,8498,1,14,3,14,3
1766621544.395227,8498,1,14,3,14,3
1766621544.411528,8499,1,14,3,14,3
1766621544.427492,8500,1,15,3,15,3
1766621544.443868,8500,1,15,3,15,3
1766621544.460828,8501,1,15,3,15,3
1766621544.477567,8502,1,15,3,15,3
1766621544.494532,8503,1,14,3,14,3
1766621544.513123,8504,1,14,3,14,3
1766621544.529473,8504,1,14,3,14,3
1766621544.546161,8505,1,14,3,14,3
1766621544.562519,8506,1,14,2,14,2
1766621544.580618,8507,1,14,2,14,2
1766621544.597324,8508,1,14,2,14,2
1766621544.614398,8508,1,14,2,14,2
1766621544.631271,8509,1,14,1,14,1
1766621544.648678,8510,1,14,1,14,1
1766621544.666061,8511,1,14,1,14,1
1766621544.682105,8511,1,14,1,14,1
1766621544.698300,8512,1,14,1,14,1
1766621544.715938,8513,1,14,1,14,1
1766621544.732256,8514,1,14,1,14,1
1766621544.749074,8515,1,14,1,14,1
1766621544.765261,8515,1,14,1,14,1
1766621544.781802,8516,1,14,2,14,2
1766621544.797925,8517,1,14,2,14,2
1766621544.814650,8518,1,14,2,14,2
1766621544.830350,8518,1,14,2,14,2
1766621544.846701,8519,1,14,2,14,2
1766621544.863560,8520,1,14,3,14,3
1766621544.880520,8521,1,14,3,14,3
1766621544.897278,8521,1,14,3,14,3
1766621544.914208,8522,1,14,3,14,3
1766621544.932414,8523,1,14,3,14,3
1766621544.949138,8524,1,14,4,14,4
1766621544.965586,8524,1,14,4,14,4
1766621544.982922,8525,1,14,4,14,4
1766621544.999525,8526,1,14,4,14,4
1766621545.016312,8527,1,14,4,14,4
1766621545.033051,8528,1,14,3,14,3
1766621545.049239,8528,1,14,3,14,3
1766621545.066113,8529,1,14,3,14,3
1766621545.081897,8530,1,14,3,14,3
1766621545.098440,8531,1,14,3,14,3
1766621545.116031,8531,1,14,3,14,3
1766621545.131538,8532,1,14,3,14,3
1766621545.148446,8533,1,14,3,14,3
1766621545.165728,8534,1,14,3,14,3
1766621545.182427,8535,1,14,3,14,3
1766621545.198659,8535,1,14,3,14,3
1766621545.215039,8536,1,14,3,14,3
1766621545.231279,8537,1,14,3,14,3
1766621545.248535,8538,1,14,3,14,3
1766621545.265067,8538,1,14,3,14,3
1766621545.281339,8539,1,15,3,15,3
1766621545.297643,8540,1,15,3,15,3
1766621545.315053,8541,1,15,3,15,3
1766621545.330551,8541,1,15,3,15,3
1766621545.346769,8542,1,15,3,15,3
1766621545.363909,8543,1,14,3,14,3
1766621545.379817,8544,1,14,3,14,3
1766621545.395494,8544,1,14,3,14,3
1766621545.412656,8545,1,14,3,14,3
1766621545.430888,8546,1,14,3,14,3
1766621545.447269,8547,1,14,3,14,3
1766621545.464388,8548,1,14,3,14,3
1766621545.481433,8548,1,14,3,14,3
1766621545.498388,8549,1,14,3,14,3
1766621545.515099,8550,1,14,3,14,3
1766621545.531559,8551,1,14,3,14,3
1766621545.548424,8551,1,14,3,14,3
1766621545.564325,8552,1,14,3,14,3
1766621545.581568,8553,1,14,3,14,3
1766621545.598255,8554,1,14,3,14,3
1766621545.614661,8554,1,14,3,14,3
1766621545.631294,8555,1,14,2,14,2
1766621545.647918,8556,1,14,2,14,2
1766621545.664454,8557,1,14,2,14,2
1766621545.682101,8557,1,14,2,14,2
1766621545.698772,8558,1,14,2,14,2
1766621545.714807,8559,1,14,1,14,1
1766621545.730829,8560,1,14,1,14,1
1766621545.747569,8560,1,14,1,14,1
1766621545.763634,8561,1,14,1,14,1
1766621545.780896,8562,1,14,1,14,1
1766621545.796839,8563,1,14,1,14,1
1766621545.812899,8563,1,14,1,14,1
1766621545.829102,8564,1,14,1,14,1
1766621545.844992,8565,1,15,1,15,1
1766621545.862289,8566,1,15,1,15,1
1766621545.879007,8566,1,15,1,15,1
1766621545.894490,8567,1,15,1,15,1
1766621545.912200,8568,1,15,1,15,1
1766621545.929954,8569,1,16,1,16,1
1766621545.945760,8569,1,16,1,16,1
1766621545.961557,8570,1,16,1,16,1
1766621545.977922,8571,1,16,1,16,1
1766621545.993625,8572,1,16,1,16,1
1766621546.010349,8572,1,16,1,16,1
1766621546.026941,8573,1,16,1,16,1
1766621546.043285,8574,1,16,2,16,2
1766621546.060635,8575,1,16,2,16,2
1766621546.077958,8575,1,16,2,16,2
1766621546.094612,8576,1,16,2,16,2
1766621546.110300,8577,1,16,2,16,2
1766621546.127532,8578,1,16,3,16,3
1766621546.143949,8578,1,16,3,16,3
1766621546.159663,8579,1,16,3,16,3
1766621546.175468,8580,1,16,3,16,3
1766621546.192359,8581,1,16,3,16,3
1766621546.209518,8581,1,16,3,16,3
1766621546.226296,8582,1,15,3,15,3
1766621546.243173,8583,1,15,3,15,3
1766621546.259378,8584,1,16,3,16,3
1766621546.276029,8585,1,16,3,16,3
1766621546.292250,8585,1,16,3,16,3
1766621546.309178,8586,1,16,3,16,3
1766621546.324840,8587,1,16,3,16,3
1766621546.340965,8588,1,17,3,17,3
1766621546.358541,8588,1,17,3,17,3
1766621546.375645,8589,1,17,3,17,3
1766621546.392207,8590,1,17,3,17,3
1766621546.409198,8591,1,17,2,17,2
1766621546.425462,8591,1,17,2,17,2
1766621546.442231,8592,1,17,2,17,2
1766621546.458734,8593,1,17,2,17,2
1766621546.474521,8593,1,17,2,17,2
1766621546.491183,8594,1,16,2,16,2
1766621546.507834,8595,1,16,2,16,2
1766621546.523832,8596,1,16,2,16,2
1766621546.540481,8596,1,16,2,16,2
1766621546.556475,8597,1,16,2,16,2
1766621546.572904,8598,1,16,2,16,2
1766621546.589859,8599,1,16,1,16,1
1766621546.605813,8599,1,16,1,16,1
1766621546.622336,8600,1,16,1,16,1
1766621546.639227,8601,1,16,1,16,1
1766621546.656303,8602,1,16,2,16,2
1766621546.672342,8602,1,16,2,16,2
1766621546.689396,8603,1,16,2,16,2
1766621546.705846,8604,1,16,2,16,2
1766621546.722450,8605,1,16,2,16,2
1766621546.739143,8605,1,16,2,16,2
1766621546.755888,8606,1,15,2,15,2
1766621546.772130,8607,1,15,2,15,2
1766621546.789126,8608,1,15,2,15,2
1766621546.804847,8608,1,15,2,15,2
1766621546.821234,8609,1,15,2,15,2
1766621546.837541,8610,1,15,1,15,1
1766621546.855018,8611,1,15,1,15,1
1766621546.870825,8611,1,15,1,15,1
1766621546.887557,8612,1,15,1,15,1
1766621546.903590,8613,1,14,1,14,1
1766621546.919603,8614,1,14,1,14,1
1766621546.936266,8614,1,14,1,14,1
1766621546.952487,8615,1,14,1,14,1
1766621546.969330,8616,1,13,1,13,1
1766621546.986127,8617,1,13,1,13,1
1766621547.002282,8617,1,13,1,13,1
1766621547.019512,8618,1,13,1,13,1
1766621547.036905,8619,1,13,1,13,1
1766621547.052465,8620,1,13,1,13,1
1766621547.069342,8620,1,13,1,13,1
1766621547.085580,8621,1,13,1,13,1
1766621547.102084,8622,1,13,1,13,1
1766621547.118728,8623,1,13,1,13,1
1766621547.136276,8624,1,13,1,13,1
1766621547.153471,8624,1,13,1,13,1
1766621547.171093,8625,1,13,1,13,1
1766621547.186777,8626,1,13,1,13,1
1766621547.202885,8627,1,13,1,13,1
1766621547.219427,8627,1,13,1,13,1
1766621547.236028,8628,1,14,1,14,1
1766621547.253983,8629,1,14,1,14,1
1766621547.271014,8630,1,14,1,14,1
1766621547.288150,8630,1,14,1,14,1
1766621547.315123,8631,1,15,1,15,1
1766621547.330853,8632,1,15,1,15,1
1766621547.346673,8633,1,15,1,15,1
1766621547.362841,8634,1,16,1,16,1
1766621547.379717,8634,1,16,1,16,1
1766621547.396232,8635,1,16,1,16,1
1766621547.412818,8636,1,16,1,16,1
1766621547.429401,8637,1,17,1,17,1
1766621547.446761,8637,1,17,1,17,1
1766621547.463446,8638,1,17,1,17,1
1766621547.480082,8639,1,17,1,17,1
1766621547.496613,8640,1,17,1,17,1
1766621547.513095,8640,1,17,1,17,1
1766621547.529055,8641,1,16,1,16,1
1766621547.545375,8642,1,16,1,16,1
1766621547.562620,8643,1,16,1,16,1
1766621547.579611,8643,1,16,1,16,1
1766621547.596719,8644,1,16,2,16,2
1766621547.613315,8645,1,16,2,16,2
1766621547.630579,8646,1,17,2,17,2
1766621547.647658,8646,1,17,2,17,2
1766621547.664345,8647,1,17,2,17,2
1766621547.682626,8648,1,17,2,17,2
1766621547.699341,8649,1,17,2,17,2
1766621547.716776,8650,1,17,1,17,1
1766621547.733891,8650,1,17,1,17,1
1766621547.750206,8651,1,17,1,17,1
1766621547.767915,8652,1,17,1,17,1
1766621547.784359,8653,1,17,1,17,1
1766621547.801198,8653,1,17,1,17,1
1766621547.819081,8654,1,17,2,17,2
1766621547.836078,8655,1,17,2,17,2
1766621547.852586,8656,1,17,2,17,2
1766621547.869145,8657,1,17,2,17,2
1766621547.885921,8657,1,17,2,17,2
1766621547.902427,8658,1,17,3,17,3
1766621547.918738,8659,1,17,3,17,3
1766621547.935277,8660,1,17,3,17,3
1766621547.952308,8661,1,17,3,17,3
1766621547.969995,8661,1,17,3,17,3
1766621547.986384,8662,1,17,3,17,3
1766621548.003191,8663,1,17,3,17,3
1766621548.018326,8664,1,17,3,17,3
1766621548.036082,8664,1,17,3,17,3
1766621548.052582,8665,1,17,3,17,3
1766621548.069046,8666,1,17,3,17,3
1766621548.085296,8667,1,18,3,18,3
1766621548.102731,8667,1,18,3,18,3
1766621548.118889,8668,1,18,3,18,3
1766621548.135322,8669,1,18,4,18,4
1766621548.152689,8670,1,18,4,18,4
1766621548.169304,8671,1,18,4,18,4
1766621548.186840,8671,1,18,4,18,4
1766621548.203368,8672,1,18,4,18,4
1766621548.219497,8673,1,18,4,18,4
1766621548.236120,8674,1,18,4,18,4
1766621548.251310,8674,1,18,4,18,4
1766621548.268172,8675,1,18,4,18,4
1766621548.284700,8676,1,18,4,18,4
1766621548.301751,8677,1,18,4,18,4
1766621548.318731,8677,1,18,4,18,4
1766621548.335284,8678,1,18,4,18,4
1766621548.352269,8679,1,18,4,18,4
1766621548.369965,8680,1,18,4,18,4
1766621548.387009,8681,1,18,4,18,4
1766621548.403611,8681,1,18,4,18,4
1766621548.421087,8682,1,18,4,18,4
1766621548.436658,8683,1,18,4,18,4
1766621548.452642,8684,1,18,4,18,4
1766621548.469652,8684,1,18,4,18,4
1766621548.485974,8685,1,18,4,18,4
1766621548.502363,8686,1,18,4,18,4
1766621548.520002,8687,1,18,4,18,4
1766621548.536615,8687,1,18,4,18,4
1766621548.553496,8688,1,18,4,18,4
1766621548.569726,8689,1,18,4,18,4
1766621548.585880,8689,1,18,4,18,4
1766621548.602352,8690,1,19,4,19,4
1766621548.619542,8691,1,19,4,19,4
1766621548.636282,8692,1,19,4,19,4
1766621548.653725,8692,1,19,4,19,4
1766621548.670494,8693,1,19,3,19,3
1766621548.687185,8694,1,19,3,19,3
1766621548.703206,8695,1,19,3,19,3
1766621548.720731,8696,1,19,3,19,3
1766621548.736727,8696,1,19,3,19,3
1766621548.753566,8697,1,19,3,19,3
1766621548.770242,8698,1,18,3,18,3
1766621548.787828,8699,1,18,3,18,3
1766621548.803780,8699,1,18,3,18,3
1766621548.820533,8700,1,18,3,18,3
1766621548.837359,8701,1,18,3,18,3
1766621548.854438,8702,1,18,3,18,3
1766621548.871056,8703,1,18,2,18,2
1766621548.888504,8703,1,18,2,18,2
1766621548.905355,8704,1,18,2,18,2
1766621548.922244,8705,1,18,2,18,2
1766621548.938407,8706,1,18,3,18,3
1766621548.954795,8706,1,18,3,18,3
1766621548.970928,8707,1,18,3,18,3
1766621548.986889,8708,1,17,3,17,3
1766621549.003750,8709,1,17,3,17,3
1766621549.019743,8709,1,17,3,17,3
1766621549.035831,8710,1,17,3,17,3
1766621549.052608,8711,1,17,3,17,3
1766621549.069621,8712,1,17,2,17,2
1766621549.086729,8712,1,17,2,17,2
1766621549.102631,8713,1,17,2,17,2
1766621549.119276,8714,1,17,2,17,2
1766621549.135906,8715,1,17,2,17,2
1766621549.151707,8715,1,17,2,17,2
1766621549.168732,8716,1,17,2,17,2
1766621549.185927,8717,1,17,2,17,2
1766621549.201494,8718,1,17,2,17,2
1766621549.218335,8718,1,17,2,17,2
1766621549.235493,8719,1,17,2,17,2
1766621549.252645,8720,1,18,2,18,2
1766621549.269374,8721,1,18,2,18,2
1766621549.286008,8721,1,18,2,18,2
1766621549.302578,8722,1,18,2,18,2
1766621549.319229,8723,1,18,2,18,2
1766621549.336394,8724,1,18,3,18,3
1766621549.353503,8724,1,18,3,18,3
1766621549.369573,8725,1,18,3,18,3
1766621549.386671,8726,1,18,3,18,3
1766621549.403284,8727,1,18,3,18,3
1766621549.420771,8727,1,18,3,18,3
1766621549.437590,8728,1,19,3,19,3
1766621549.454019,8729,1,19,3,19,3
1766621549.471444,8730,1,19,3,19,3
1766621549.487746,8731,1,19,3,19,3
1766621549.503452,8731,1,19,3,19,3
1766621549.520257,8732,1,19,3,19,3
1766621549.536565,8733,1,19,4,19,4
1766621549.552750,8733,1,19,4,19,4
1766621549.568904,8734,1,19,4,19,4
1766621549.584922,8735,1,19,4,19,4
1766621549.601067,8736,1,19,4,19,4
1766621549.618060,8736,1,19,4,19,4
1766621549.634033,8737,1,19,4,19,4
1766621549.650262,8738,1,19,4,19,4
1766621549.667056,8739,1,19,5,19,5
1766621549.682545,8739,1,19,5,19,5
1766621549.699335,8740,1,19,5,19,5
1766621549.717371,8741,1,19,5,19,5
1766621549.734753,8742,1,19,5,19,5
1766621549.895010,8742,1,19,5,19,5
1766621549.912651,8743,1,19,5,19,5
1766621549.929350,8743,1,19,5,19,5
1766621549.946488,8744,1,19,4,19,4
1766621549.963679,8745,1,19,4,19,4
1766621549.980847,8746,1,19,4,19,4
1766621549.996980,8746,1,19,4,19,4
1766621550.014056,8747,1,18,4,18,4
1766621550.029964,8748,1,18,4,18,4
1766621550.046188,8749,1,18,4,18,4
1766621550.063976,8749,1,18,4,18,4
1766621550.080984,8750,1,18,4,18,4
1766621550.097651,8751,1,18,4,18,4
1766621550.113725,8752,1,18,4,18,4
1766621550.130013,8753,1,18,4,18,4
1766621550.146004,8753,1,18,4,18,4
1766621550.162376,8754,1,18,4,18,4
1766621550.179235,8755,1,18,5,18,5
1766621550.196499,8756,1,18,5,18,5
1766621550.213624,8756,1,18,5,18,5
1766621550.230132,8757,1,18,5,18,5
1766621550.246745,8758,1,18,5,18,5
1766621550.262759,8759,1,19,5,19,5
1766621550.279213,8759,1,19,5,19,5
1766621550.296415,8760,1,19,5,19,5
1766621550.313555,8761,1,19,5,19,5
1766621550.330865,8762,1,19,5,19,5
1766621550.347147,8763,1,19,5,19,5
1766621550.362682,8763,1,19,5,19,5
1766621550.379393,8764,1,19,5,19,5
1766621550.395843,8765,1,19,5,19,5
1766621550.412378,8766,1,19,6,19,6
1766621550.428392,8766,1,19,6,19,6
1766621550.444961,8767,1,19,6,19,6
1766621550.461365,8768,1,19,6,19,6
1766621550.477598,8769,1,19,5,19,5
1766621550.493490,8769,1,19,5,19,5
1766621550.509505,8770,1,19,5,19,5
1766621550.526240,8771,1,19,5,19,5
1766621550.542713,8772,1,18,5,18,5
1766621550.558702,8772,1,18,5,18,5
1766621550.575610,8773,1,18,5,18,5
1766621550.592615,8774,1,18,5,18,5
1766621550.609417,8775,1,17,5,17,5
1766621550.626147,8775,1,17,5,17,5
1766621550.642667,8776,1,17,5,17,5
1766621550.659119,8777,1,17,5,17,5
1766621550.676763,8778,1,17,5,17,5
1766621550.693634,8778,1,17,5,17,5
1766621550.710757,8779,1,17,5,17,5
1766621550.727536,8780,1,17,5,17,5
1766621550.744653,8781,1,17,5,17,5
1766621550.762347,8782,1,17,5,17,5
1766621550.778414,8782,1,17,5,17,5
1766621550.795087,8783,1,17,5,17,5
1766621550.810987,8784,1,17,5,17,5
1766621550.827582,8785,1,17,5,17,5
1766621550.844531,8785,1,17,5,17,5
1766621550.861768,8786,1,18,5,18,5
1766621550.877828,8787,1,18,5,18,5
1766621550.893935,8788,1,18,5,18,5
1766621550.910259,8788,1,18,5,18,5
1766621550.927123,8789,1,18,4,18,4
1766621550.943625,8790,1,18,4,18,4
1766621550.959957,8791,1,18,4,18,4
1766621550.976401,8791,1,18,4,18,4
1766621550.993502,8792,1,18,4,18,4
1766621551.009877,8793,1,18,4,18,4
1766621551.025691,8794,1,18,4,18,4
1766621551.042379,8794,1,18,4,18,4
1766621551.059700,8795,1,18,4,18,4
1766621551.076633,8796,1,18,4,18,4
1766621551.093565,8797,1,18,4,18,4
1766621551.110664,8798,1,18,4,18,4
1766621551.128340,8798,1,18,4,18,4
1766621551.145562,8799,1,18,4,18,4
1766621551.162558,8800,1,18,4,18,4
1766621551.179082,8801,1,18,4,18,4
1766621551.195414,8801,1,18,4,18,4
1766621551.212565,8802,1,18,4,18,4
1766621551.228744,8803,1,18,4,18,4
1766621551.245667,8804,1,18,3,18,3
1766621551.262263,8804,1,18,3,18,3
1766621551.280131,8805,1,18,3,18,3
1766621551.296000,8806,1,18,3,18,3
1766621551.311651,8807,1,18,3,18,3
1766621551.328904,8807,1,18,3,18,3
1766621551.345393,8808,1,18,3,18,3
1766621551.362602,8809,1,18,3,18,3
1766621551.379160,8810,1,18,3,18,3
1766621551.394635,8811,1,18,3,18,3
1766621551.412452,8811,1,18,3,18,3
1766621551.429695,8812,1,19,3,19,3
1766621551.446734,8813,1,19,3,19,3
1766621551.463763,8814,1,19,3,19,3
1766621551.480403,8814,1,19,3,19,3
1766621551.496898,8815,1,19,3,19,3
1766621551.513412,8816,1,19,4,19,4
1766621551.529735,8817,1,19,4,19,4
1766621551.546136,8817,1,19,4,19,4
1766621551.561836,8818,1,19,4,19,4
1766621551.578047,8819,1,18,4,18,4
1766621551.594651,8820,1,18,4,18,4
1766621551.611991,8820,1,18,4,18,4
1766621551.627772,8821,1,18,4,18,4
1766621551.643856,8822,1,18,5,18,5
1766621551.660439,8823,1,18,5,18,5
1766621551.677505,8823,1,18,5,18,5
1766621551.693898,8824,1,18,5,18,5
1766621551.710853,8825,1,19,5,19,5
1766621551.727335,8826,1,19,5,19,5
1766621551.744767,8827,1,19,5,19,5
1766621551.762333,8827,1,19,5,19,5
1766621551.779069,8828,1,19,5,19,5
1766621551.795355,8829,1,18,5,18,5
1766621551.812655,8830,1,18,5,18,5
1766621551.829903,8831,1,18,5,18,5
1766621551.846251,8831,1,18,5,18,5
1766621551.864045,8832,1,19,5,19,5
1766621551.880310,8833,1,19,5,19,5
1766621551.897935,8834,1,19,5,19,5
1766621551.913758,8834,1,19,5,19,5
1766621551.930814,8835,1,18,5,18,5
1766621551.947772,8836,1,18,5,18,5
1766621551.964423,8837,1,18,5,18,5
1766621551.981120,8837,1,18,5,18,5
1766621551.998393,8838,1,18,5,18,5
1766621552.015387,8839,1,18,5,18,5
1766621552.033746,8840,1,19,5,19,5
1766621552.050145,8841,1,19,5,19,5
1766621552.067252,8842,1,19,5,19,5
1766621552.084251,8842,1,19,5,19,5
1766621552.100759,8843,1,19,5,19,5
1766621552.118068,8844,1,19,5,19,5
1766621552.134794,8845,1,19,5,19,5
1766621552.150440,8845,1,19,5,19,5
1766621552.167191,8846,1,19,5,19,5
1766621552.183755,8847,1,19,6,19,6
1766621552.200717,8848,1,19,6,19,6
1766621552.216551,8848,1,19,6,19,6
1766621552.234022,8849,1,19,6,19,6
1766621552.250251,8850,1,19,6,19,6
1766621552.267028,8851,1,18,6,18,6
1766621552.283915,8851,1,18,6,18,6
1766621552.300609,8852,1,18,6,18,6
1766621552.317801,8853,1,18,6,18,6
1766621552.334383,8854,1,18,5,18,5
1766621552.351122,8855,1,18,5,18,5
1766621552.367573,8855,1,18,5,18,5
1766621552.383688,8856,1,18,5,18,5
1766621552.399794,8857,1,18,5,18,5
1766621552.416081,8858,1,17,5,17,5
1766621552.432425,8858,1,17,5,17,5
1766621552.448885,8859,1,17,5,17,5
1766621552.465647,8860,1,17,5,17,5
1766621552.482654,8861,1,17,5,17,5
1766621552.499753,8861,1,17,5,17,5
1766621552.516054,8862,1,17,5,17,5
1766621552.532743,8863,1,17,5,17,5
1766621552.549311,8864,1,17,5,17,5
1766621552.566488,8864,1,17,5,17,5
1766621552.583956,8865,1,17,5,17,5
1766621552.600371,8866,1,17,5,17,5
1766621552.616501,8867,1,17,5,17,5
1766621552.633570,8868,1,17,5,17,5
1766621552.649980,8868,1,17,5,17,5
1766621552.666981,8869,1,17,5,17,5
1766621552.682879,8870,1,17,5,17,5
1766621552.699054,8871,1,17,5,17,5
1766621552.714603,8871,1,17,5,17,5
1766621552.731612,8872,1,17,5,17,5
1766621552.748139,8873,1,16,5,16,5
1766621552.764699,8874,1,16,5,16,5
1766621552.780414,8874,1,16,5,16,5
1766621552.797161,8875,1,16,5,16,5
1766621552.813712,8876,1,15,5,15,5
1766621552.830460,8877,1,15,5,15,5
1766621552.847010,8877,1,15,5,15,5
1766621552.863516,8878,1,15,5,15,5
1766621552.880436,8879,1,15,5,15,5
1766621552.897102,8880,1,15,5,15,5
1766621552.914168,8881,1,15,5,15,5
1766621552.929868,8881,1,15,5,15,5
1766621552.946104,8882,1,15,5,15,5
1766621552.962700,8883,1,15,5,15,5
1766621552.979226,8884,1,15,5,15,5
1766621552.996265,8884,1,15,5,15,5
1766621553.012233,8885,1,15,5,15,5
1766621553.030088,8886,1,15,5,15,5
1766621553.045793,8887,1,15,5,15,5
1766621553.063150,8887,1,15,5,15,5
1766621553.078500,8888,1,15,5,15,5
1766621553.094357,8889,1,15,5,15,5
1766621553.111031,8890,1,15,5,15,5
1766621553.128048,8890,1,15,5,15,5
1766621553.144660,8891,1,15,5,15,5
1766621553.161541,8892,1,15,5,15,5
1766621553.178545,8893,1,15,5,15,5
1766621553.196172,8894,1,15,5,15,5
1766621553.212341,8894,1,15,5,15,5
1766621553.229844,8895,1,15,5,15,5
1766621553.246074,8896,1,15,5,15,5
1766621553.261792,8897,1,15,5,15,5
1766621553.279025,8898,1,15,5,15,5
1766621553.295605,8898,1,15,5,15,5
1766621553.312440,8899,1,15,5,15,5
1766621553.329734,8900,1,15,5,15,5
1766621553.346027,8901,1,15,5,15,5
1766621553.362378,8901,1,15,5,15,5
1766621553.379150,8902,1,15,5,15,5
1766621553.396217,8903,1,14,5,14,5
1766621553.413731,8904,1,14,5,14,5
1766621553.429766,8904,1,14,5,14,5
1766621553.446201,8905,1,14,5,14,5
1766621553.462384,8906,1,14,5,14,5
1766621553.479616,8907,1,13,5,13,5
1766621553.496701,8908,1,13,5,13,5
1766621553.512573,8908,1,13,5,13,5
1766621553.530423,8909,1,13,5,13,5
1766621553.548006,8910,1,13,6,13,6
1766621553.571022,8911,1,13,6,13,6
1766621553.588413,8912,1,13,6,13,6
1766621553.606518,8912,1,13,6,13,6
1766621553.623283,8913,1,13,6,13,6
1766621553.640589,8914,1,13,6,13,6
1766621553.657608,8915,1,13,6,13,6
1766621553.674797,8916,1,13,6,13,6
1766621553.691281,8916,1,13,6,13,6
1766621553.707846,8917,1,13,6,13,6
1766621553.724598,8918,1,13,6,13,6
1766621553.741901,8919,1,13,6,13,6
1766621553.757992,8919,1,13,6,13,6
1766621553.774020,8920,1,13,6,13,6
1766621553.789966,8921,1,13,6,13,6
1766621553.805889,8922,1,13,6,13,6
1766621553.822674,8922,1,13,6,13,6
1766621553.839353,8923,1,13,6,13,6
1766621553.856220,8924,1,13,6,13,6
1766621553.872381,8925,1,13,6,13,6
1766621553.888631,8925,1,13,6,13,6
1766621553.905413,8926,1,13,6,13,6
1766621553.921438,8927,1,14,6,14,6
1766621553.939455,8928,1,14,6,14,6
1766621553.956263,8928,1,14,6,14,6
1766621553.973826,8929,1,14,6,14,6
1766621553.989493,8930,1,14,6,14,6
1766621554.006754,8931,1,13,6,13,6
1766621554.023574,8931,1,13,6,13,6
1766621554.040272,8932,1,13,6,13,6
1766621554.056957,8933,1,14,6,14,6
1766621554.072283,8934,1,14,6,14,6
1766621554.089552,8934,1,14,6,14,6
1766621554.106117,8935,1,14,6,14,6
1766621554.122186,8936,1,14,6,14,6
1766621554.137703,8937,1,13,6,13,6
1766621554.154734,8937,1,13,6,13,6
1766621554.171034,8938,1,13,6,13,6
1766621554.187492,8939,1,13,6,13,6
1766621554.204660,8940,1,13,6,13,6
1766621554.220830,8940,1,13,6,13,6
1766621554.236799,8941,1,13,5,13,5
1766621554.253971,8942,1,13,5,13,5
1766621554.270503,8943,1,13,5,13,5
1766621554.287115,8943,1,13,5,13,5
1766621554.303668,8944,1,13,4,13,4
1766621554.319932,8944,1,13,4,13,4
1766621555.702746,8945,1,13,4,13,4
1766621555.721282,8945,1,13,4,13,4
1766621557.101024,8945,1,13,4,13,4
1766621557.134573,8945,1,13,4,13,4
1766621557.150852,8945,1,13,4,13,4
1766621557.171219,8945,1,13,4,13,4
1766621557.188599,8945,1,13,4,13,4
1766621557.204541,8945,1,13,4,13,4
1766621557.220550,8945,1,13,4,13,4
1766621558.584188,8945,1,13,4,13,4
1766621558.609771,8945,1,13,4,13,4
1766621558.625669,8945,1,13,4,13,4
1766621558.642829,8945,1,13,4,13,4
1766621558.663609,8945,1,13,4,13,4
1766621558.682263,8946,1,14,4,14,4
1766621558.702518,8947,1,13,4,13,4
1766621558.718895,8947,1,13,4,13,4
1766621558.734988,8948,1,13,4,13,4
1766621558.770503,8948,1,13,4,13,4
1766621558.818494,8949,1,13,4,13,4
1766621558.835053,8951,1,13,5,13,5
1766621558.851490,8952,1,13,5,13,5
1766621558.868499,8952,1,13,5,13,5
1766621558.894861,8953,1,13,5,13,5
1766621558.912580,8953,1,13,5,13,5
1766621558.933869,8953,1,13,5,13,5
1766621558.950623,8954,1,13,4,13,4
1766621558.970771,8955,1,13,4,13,4
1766621558.988367,8955,1,13,4,13,4
1766621559.004391,8956,1,13,4,13,4
1766621559.032604,8957,1,13,5,13,5
1766621559.053906,8958,1,13,5,13,5
1766621559.070448,8958,1,13,5,13,5
1766621560.464754,8959,1,13,5,13,5
1766621560.490371,8960,1,13,5,13,5
1766621560.513613,8961,1,13,5,13,5
1766621560.547941,8962,1,13,5,13,5
1766621560.565004,8962,1,13,5,13,5
1766621560.596846,8962,1,13,5,13,5
1766621560.618686,8963,1,13,5,13,5
1766621560.673734,8965,1,14,5,14,5
1766621560.705914,8966,1,14,5,14,5
1766621560.722782,8967,1,14,5,14,5
1766621560.750955,8967,1,14,5,14,5
1766621562.133644,8968,1,14,5,14,5
1766621562.149997,8968,1,14,5,14,5
1766621562.172824,8968,1,14,5,14,5
1766621562.190110,8970,1,13,5,13,5
1766621562.207028,8970,1,13,5,13,5
1766621562.224050,8971,1,13,5,13,5
1766621562.240566,8972,1,13,5,13,5
1766621562.266934,8972,1,13,5,13,5
1766621562.283655,8973,1,13,5,13,5
1766621562.300189,8973,1,13,5,13,5
1766621562.315794,8974,1,13,5,13,5
1766621562.331827,8974,1,13,5,13,5
1766621562.348705,8975,1,13,5,13,5
1766621562.376085,8976,1,13,5,13,5
1766621562.399767,8977,1,13,5,13,5
1766621562.428751,8978,1,13,4,13,4
1766621562.447646,8979,1,13,4,13,4
1766621562.479618,8979,1,13,4,13,4
1766621562.501312,8980,1,13,4,13,4
1766621562.518041,8981,1,13,4,13,4
1766621562.534397,8982,1,14,4,14,4
1766621562.550617,8982,1,14,4,14,4
1766621562.566716,8983,1,14,4,14,4
1766621562.584683,8983,1,14,4,14,4
1766621562.602782,8984,1,14,4,14,4
1766621562.619840,8985,1,14,4,14,4
1766621562.635901,8985,1,14,4,14,4
1766621562.652826,8986,1,14,4,14,4
1766621562.669925,8986,1,14,4,14,4
1766621562.687958,8986,1,14,4,14,4
1766621562.705163,8987,1,14,2,14,2
1766621562.727693,8987,1,14,2,14,2
1766621562.744929,8988,1,14,2,14,2
1766621562.761361,8989,1,14,2,14,2
1766621562.791879,8989,1,14,2,14,2
1766621562.808962,8990,1,14,3,14,3
1766621562.824706,8990,1,14,3,14,3
1766621562.841736,8991,1,14,3,14,3
1766621562.858182,8992,1,14,3,14,3
1766621562.895944,8992,1,14,3,14,3
1766621562.912908,8993,1,14,3,14,3
1766621562.929605,8994,1,14,3,14,3
1766621562.945934,8995,1,15,3,15,3
1766621562.970648,8996,1,15,3,15,3
1766621562.987695,8996,1,15,3,15,3
1766621563.004877,8998,1,15,3,15,3
1766621563.021226,8998,1,15,3,15,3
1766621563.049687,8998,1,15,3,15,3
1766621563.066134,8999,1,15,3,15,3
1766621563.081747,8999,1,15,3,15,3
1766621563.107321,8999,1,15,3,15,3
1766621563.124000,9000,1,16,3,16,3
1766621563.140372,9001,1,16,4,16,4
1766621563.156827,9001,1,16,4,16,4
1766621563.174350,9002,1,16,4,16,4
1766621563.191190,9002,1,16,4,16,4
1766621563.212881,9002,1,16,4,16,4
1766621563.235389,9003,1,16,4,16,4
1766621563.252972,9004,1,16,4,16,4
1766621564.698611,9004,1,16,4,16,4
1766621564.715823,9005,1,13,5,13,5
1766621564.731437,9006,1,13,5,13,5
1766621564.748555,9007,1,13,6,13,6
1766621564.765643,9007,1,13,6,13,6
1766621564.782420,9008,1,13,6,13,6
1766621564.798709,9009,1,13,6,13,6
1766621564.815295,9009,1,13,6,13,6
1766621564.831334,9010,1,13,6,13,6
1766621564.849958,9010,1,13,6,13,6
1766621564.867350,9012,1,13,6,13,6
1766621564.883383,9012,1,13,6,13,6
1766621564.900527,9013,1,13,6,13,6
1766621564.915754,9013,1,13,6,13,6
1766621564.932862,9014,1,13,6,13,6
1766621564.950051,9015,1,13,6,13,6
1766621564.966767,9016,1,13,6,13,6
1766621564.982868,9016,1,13,6,13,6
1766621564.999121,9017,1,13,6,13,6
1766621565.015391,9018,1,13,6,13,6
1766621565.032648,9019,1,13,5,13,5
1766621565.049611,9020,1,13,5,13,5
1766621565.066062,9020,1,13,5,13,5
1766621565.081959,9021,1,13,5,13,5
1766621565.098046,9022,1,13,6,13,6
1766621565.115039,9023,1,13,6,13,6
1766621565.131082,9023,1,13,6,13,6
1766621565.147371,9024,1,13,6,13,6
1766621565.163986,9025,1,13,5,13,5
1766621565.179604,9025,1,13,5,13,5
1766621565.196044,9026,1,13,5,13,5
1766621565.212332,9027,1,13,5,13,5
1766621565.229195,9028,1,13,6,13,6
1766621565.271848,9029,1,13,6,13,6
1766621565.289558,9030,1,13,6,13,6
1766621565.306922,9031,1,14,6,14,6
1766621565.323452,9032,1,14,6,14,6
1766621565.340373,9032,1,14,6,14,6
1766621565.358181,9033,1,14,6,14,6
1766621565.374231,9034,1,14,6,14,6
1766621565.391346,9035,1,14,6,14,6
1766621565.407996,9035,1,14,6,14,6
1766621565.424186,9036,1,14,6,14,6
1766621565.439612,9037,1,14,6,14,6
1766621565.455620,9037,1,14,6,14,6
1766621565.472173,9038,1,14,6,14,6
1766621565.487812,9039,1,14,6,14,6
1766621565.505025,9040,1,14,6,14,6
1766621565.521841,9040,1,14,6,14,6
1766621565.538096,9041,1,14,6,14,6
1766621565.554503,9042,1,13,6,13,6
1766621565.571429,9043,1,13,6,13,6
1766621565.588088,9043,1,13,6,13,6
1766621565.604632,9044,1,13,6,13,6
1766621565.621208,9045,1,13,6,13,6
1766621565.637800,9046,1,13,6,13,6
1766621565.653471,9046,1,13,6,13,6
1766621565.670433,9047,1,13,6,13,6
1766621565.686672,9048,1,13,6,13,6
1766621565.702475,9049,1,13,5,13,5
1766621565.719196,9049,1,13,5,13,5
1766621565.736047,9050,1,13,5,13,5
1766621565.753008,9051,1,13,5,13,5
1766621565.769664,9052,1,14,5,14,5
1766621565.786062,9053,1,14,5,14,5
1766621565.802177,9053,1,14,5,14,5
1766621565.820222,9054,1,14,5,14,5
1766621565.836694,9055,1,14,6,14,6
1766621565.853525,9056,1,14,6,14,6
1766621565.870147,9056,1,14,6,14,6
1766621565.886584,9057,1,14,6,14,6
1766621565.903179,9058,1,14,6,14,6
1766621565.919206,9059,1,14,6,14,6
1766621565.935393,9059,1,14,6,14,6
1766621565.951527,9060,1,14,6,14,6
1766621565.968114,9061,1,14,6,14,6
1766621565.983465,9062,1,14,6,14,6
1766621566.000201,9062,1,14,6,14,6
1766621566.015951,9063,1,14,6,14,6
1766621566.031785,9064,1,14,6,14,6
1766621566.048409,9065,1,14,6,14,6
1766621566.065342,9065,1,14,6,14,6
1766621566.082132,9066,1,14,6,14,6
1766621566.097602,9067,1,14,6,14,6
1766621566.114224,9068,1,14,6,14,6
1766621566.131230,9068,1,14,6,14,6
1766621566.147631,9069,1,14,5,14,5
1766621566.163765,9070,1,14,5,14,5
1766621566.179603,9071,1,14,5,14,5
1766621566.195344,9071,1,14,5,14,5
1766621566.211446,9072,1,15,5,15,5
1766621566.228159,9073,1,15,5,15,5
1766621566.244318,9074,1,15,5,15,5
1766621566.261717,9074,1,15,5,15,5
1766621566.278637,9075,1,15,5,15,5
