time,snapshot_id,player_id,row,col
1765321063.6608996,52,1,16,7
1765321063.7520175,53,1,16,7
1765321063.8041594,54,1,16,7
1765321063.8548076,55,1,16,7
1765321063.905938,56,1,16,7
1765321063.9564934,57,1,16,7
1765321064.0072253,58,1,16,7
1765321064.0576613,59,1,16,7
1765321064.1082807,60,1,16,7
1765321064.1591058,61,1,16,7
1765321064.2098284,62,1,16,7
1765321064.2604802,63,1,16,7
1765321064.3110201,64,1,16,7
1765321064.3617597,65,1,16,7
1765321064.412547,66,1,16,7
1765321064.4629493,67,1,16,7
1765321064.5135849,68,1,16,7
1765321064.5650218,69,1,16,7
1765321064.5650218,69,2,0,12
1765321064.615846,70,1,16,7
1765321064.615846,70,2,0,12
1765321064.6670418,71,1,16,7
1765321064.6670418,71,2,0,12
1765321064.717828,72,1,16,7
1765321064.717828,72,2,0,12
1765321064.7689009,73,1,16,7
1765321064.7689009,73,2,1,12
1765321064.8196082,74,1,16,7
1765321064.8196082,74,2,1,12
1765321064.870042,75,1,16,7
1765321064.870042,75,2,1,12
1765321064.9207466,76,1,16,7
1765321064.9207466,76,2,1,12
1765321064.9712613,77,1,16,7
1765321064.9712613,77,2,0,12
1765321065.0216427,78,1,16,7
1765321065.0216427,78,2,0,12
1765321065.072062,79,1,16,7
1765321065.072062,79,2,0,12
1765321065.1227758,80,1,16,7
1765321065.1227758,80,2,0,12
1765321065.1737778,81,1,16,7
1765321065.1737778,81,2,0,12
1765321065.2243018,82,1,16,7
1765321065.2243018,82,2,0,12
1765321065.2243018,82,3,18,19
1765321065.2751672,83,1,16,7
1765321065.2751672,83,2,0,12
1765321065.2751672,83,3,18,19
1765321065.325771,84,1,16,7
1765321065.325771,84,2,0,12
1765321065.325771,84,3,18,19
1765321065.3762963,85,1,16,7
1765321065.3762963,85,2,0,12
1765321065.3762963,85,3,19,19
1765321065.427158,86,1,16,7
1765321065.427158,86,2,0,12
1765321065.427158,86,3,19,19
1765321065.4780948,87,1,16,7
1765321065.4780948,87,2,0,12
1765321065.4780948,87,3,19,19
1765321065.5285876,88,1,16,7
1765321065.5285876,88,2,0,12
1765321065.5285876,88,3,19,19
1765321065.5790522,89,1,16,7
1765321065.5790522,89,2,0,12
1765321065.5790522,89,3,18,19
1765321065.629625,90,1,16,7
1765321065.629625,90,2,0,12
1765321065.629625,90,3,18,19
1765321065.6805394,91,1,16,7
1765321065.6805394,91,2,0,12
1765321065.6805394,91,3,18,19
1765321065.731164,92,1,16,7
1765321065.731164,92,2,0,12
1765321065.731164,92,3,18,19
1765321065.7816336,93,1,16,7
1765321065.7816336,93,2,0,12
1765321065.7816336,93,3,18,19
1765321065.8323922,94,1,16,7
1765321065.8323922,94,2,0,13
1765321065.8323922,94,3,18,19
1765321065.883139,95,1,16,7
1765321065.883139,95,2,0,13
1765321065.883139,95,3,18,19
1765321065.9334874,96,1,16,7
1765321065.9334874,96,2,0,13
1765321065.9334874,96,3,17,19
1765321065.9841652,97,1,16,7
1765321065.9841652,97,2,0,13
1765321065.9841652,97,3,17,19
1765321065.9841652,97,4,7,0
1765321066.0354943,98,1,16,7
1765321066.0354943,98,2,0,13
1765321066.0354943,98,3,17,19
1765321066.0354943,98,4,7,0
1765321066.0864134,99,1,16,7
1765321066.0864134,99,2,0,13
1765321066.0864134,99,3,16,19
1765321066.0864134,99,4,7,0
1765321066.137155,100,1,16,7
1765321066.137155,100,2,0,13
1765321066.137155,100,3,16,19
1765321066.137155,100,4,7,0
1765321066.189112,101,1,16,7
1765321066.189112,101,2,0,13
1765321066.189112,101,3,16,19
1765321066.189112,101,4,8,0
1765321066.2401414,102,1,16,7
1765321066.2401414,102,2,0,13
1765321066.2401414,102,3,16,19
1765321066.2401414,102,4,8,0
1765321066.290703,103,1,16,7
1765321066.290703,103,2,0,13
1765321066.290703,103,3,16,19
1765321066.290703,103,4,8,0
1765321066.3412032,104,1,16,7
1765321066.3412032,104,2,0,13
1765321066.3412032,104,3,16,19
1765321066.3412032,104,4,8,0
1765321066.391909,105,1,16,7
1765321066.391909,105,2,0,13
1765321066.391909,105,3,16,19
1765321066.391909,105,4,7,0
1765321066.4423637,106,1,16,7
1765321066.4423637,106,2,0,14
1765321066.4423637,106,3,16,19
1765321066.4423637,106,4,7,0
1765321066.493236,107,1,16,7
1765321066.493236,107,2,0,14
1765321066.493236,107,3,16,19
1765321066.493236,107,4,7,0
1765321066.5442858,108,1,16,7
1765321066.5442858,108,2,0,14
1765321066.5442858,108,3,16,19
1765321066.5442858,108,4,7,0
1765321066.5951803,109,1,16,7
1765321066.5951803,109,2,0,14
1765321066.5951803,109,3,16,19
1765321066.5951803,109,4,7,0
1765321066.646206,110,1,16,7
1765321066.646206,110,2,0,13
1765321066.646206,110,3,15,19
1765321066.646206,110,4,7,0
1765321066.697698,111,1,16,7
1765321066.697698,111,2,0,13
1765321066.697698,111,3,15,19
1765321066.697698,111,4,6,0
1765321066.7485445,112,1,16,7
1765321066.7485445,112,2,0,13
1765321066.7485445,112,3,15,19
1765321066.7485445,112,4,6,0
1765321066.799002,113,1,16,7
1765321066.799002,113,2,0,12
1765321066.799002,113,3,15,19
1765321066.799002,113,4,6,0
1765321066.849802,114,1,16,7
1765321066.849802,114,2,0,12
1765321066.849802,114,3,15,19
1765321066.849802,114,4,6,0
1765321066.9003751,115,1,16,7
1765321066.9003751,115,2,0,12
1765321066.9003751,115,3,15,19
1765321066.9003751,115,4,5,0
1765321066.9533207,116,1,16,7
1765321066.9533207,116,2,0,12
1765321066.9533207,116,3,15,19
1765321066.9533207,116,4,5,0
1765321067.0042777,117,1,16,7
1765321067.0042777,117,2,0,12
1765321067.0042777,117,3,15,19
1765321067.0042777,117,4,5,0
1765321067.0559337,118,1,16,7
1765321067.0559337,118,2,0,12
1765321067.0559337,118,3,15,19
1765321067.0559337,118,4,5,0
1765321067.1072915,119,1,16,7
1765321067.1072915,119,2,0,12
1765321067.1072915,119,3,15,19
1765321067.1072915,119,4,5,0
1765321067.157807,120,1,16,7
1765321067.157807,120,2,0,12
1765321067.157807,120,3,15,19
1765321067.157807,120,4,5,0
1765321067.2090766,121,1,16,7
1765321067.2090766,121,2,0,12
1765321067.2090766,121,3,15,19
1765321067.2090766,121,4,5,1
1765321067.2599685,122,1,16,7
1765321067.2599685,122,2,0,12
1765321067.2599685,122,3,15,18
1765321067.2599685,122,4,5,1
1765321067.3108022,123,1,16,7
1765321067.3108022,123,2,0,12
1765321067.3108022,123,3,15,18
1765321067.3108022,123,4,5,1
1765321067.3616865,124,1,16,7
1765321067.3616865,124,2,0,12
1765321067.3616865,124,3,15,18
1765321067.3616865,124,4,5,1
1765321067.412516,125,1,16,7
1765321067.412516,125,2,0,12
1765321067.412516,125,3,15,17
1765321067.412516,125,4,4,1
1765321067.4631178,126,1,16,7
1765321067.4631178,126,2,0,12
1765321067.4631178,126,3,15,17
1765321067.4631178,126,4,4,1
1765321067.5136955,127,1,16,7
1765321067.5136955,127,2,0,12
1765321067.5136955,127,3,15,17
1765321067.5136955,127,4,4,1
1765321067.564611,128,1,15,7
1765321067.564611,128,2,0,12
1765321067.564611,128,3,15,17
1765321067.564611,128,4,4,1
1765321067.6162035,129,1,15,7
1765321067.6162035,129,2,0,13
1765321067.6162035,129,3,15,17
1765321067.6162035,129,4,4,1
1765321067.6667757,130,1,15,7
1765321067.6667757,130,2,0,13
1765321067.6667757,130,3,15,17
1765321067.6667757,130,4,4,1
1765321067.7179787,131,1,15,7
1765321067.7179787,131,2,0,13
1765321067.7179787,131,3,15,17
1765321067.7179787,131,4,4,1
1765321067.7684102,132,1,14,7
1765321067.7684102,132,2,0,12
1765321067.7684102,132,3,15,17
1765321067.7684102,132,4,4,1
1765321067.8194075,133,1,14,7
1765321067.8194075,133,2,0,12
1765321067.8194075,133,3,15,17
1765321067.8194075,133,4,4,2
1765321067.8700757,134,1,13,7
1765321067.8700757,134,2,0,12
1765321067.8700757,134,3,14,17
1765321067.8700757,134,4,4,2
1765321067.9210048,135,1,13,7
1765321067.9210048,135,2,0,12
1765321067.9210048,135,3,14,17
1765321067.9210048,135,4,4,2
1765321067.9718976,136,1,13,7
1765321067.9718976,136,2,0,12
1765321067.9718976,136,3,14,17
1765321067.9718976,136,4,4,2
1765321068.0225024,137,1,12,7
1765321068.0225024,137,2,0,12
1765321068.0225024,137,3,14,17
1765321068.0225024,137,4,4,2
1765321068.0729773,138,1,12,7
1765321068.0729773,138,2,0,12
1765321068.0729773,138,3,14,17
1765321068.0729773,138,4,4,1
1765321068.1233256,139,1,12,7
1765321068.1233256,139,2,0,12
1765321068.1233256,139,3,14,17
1765321068.1233256,139,4,4,1
1765321068.174276,140,1,11,7
1765321068.174276,140,2,0,12
1765321068.174276,140,3,14,17
1765321068.174276,140,4,4,0
1765321068.2261195,141,1,11,7
1765321068.2261195,141,2,0,12
1765321068.2261195,141,3,14,18
1765321068.2261195,141,4,4,0
1765321068.276825,142,1,10,7
1765321068.276825,142,2,0,12
1765321068.276825,142,3,14,18
1765321068.276825,142,4,4,0
1765321068.3279483,143,1,10,7
1765321068.3279483,143,2,0,12
1765321068.3279483,143,3,14,18
1765321068.3279483,143,4,4,0
1765321068.3784444,144,1,10,7
1765321068.3784444,144,2,0,12
1765321068.3784444,144,3,14,17
1765321068.3784444,144,4,4,0
1765321068.4289882,145,1,9,7
1765321068.4289882,145,2,0,12
1765321068.4289882,145,3,14,17
1765321068.4289882,145,4,4,0
1765321068.4797003,146,1,9,7
1765321068.4797003,146,2,0,12
1765321068.4797003,146,3,14,17
1765321068.4797003,146,4,4,0
1765321068.5302618,147,1,9,7
1765321068.5302618,147,2,0,12
1765321068.5302618,147,3,14,17
1765321068.5302618,147,4,4,0
1765321068.5810957,148,1,8,7
1765321068.5810957,148,2,0,12
1765321068.5810957,148,3,14,17
1765321068.5810957,148,4,4,0
1765321068.6317716,149,1,8,7
1765321068.6317716,149,2,0,12
1765321068.6317716,149,3,14,17
1765321068.6317716,149,4,3,0
1765321068.6823268,150,1,8,7
1765321068.6823268,150,2,0,12
1765321068.6823268,150,3,13,17
1765321068.6823268,150,4,3,0
1765321068.733688,151,1,8,7
1765321068.733688,151,2,0,12
1765321068.733688,151,3,13,17
1765321068.733688,151,4,3,0
1765321068.784148,152,1,8,7
1765321068.784148,152,2,0,12
1765321068.784148,152,3,13,17
1765321068.784148,152,4,3,0
1765321068.83497,153,1,8,7
1765321068.83497,153,2,0,12
1765321068.83497,153,3,13,17
1765321068.83497,153,4,3,0
1765321068.885766,154,1,8,7
1765321068.885766,154,2,0,12
1765321068.885766,154,3,13,17
1765321068.885766,154,4,3,0
1765321068.936353,155,1,9,7
1765321068.936353,155,2,0,12
1765321068.936353,155,3,13,17
1765321068.936353,155,4,3,0
1765321068.987491,156,1,9,7
1765321068.987491,156,2,0,12
1765321068.987491,156,3,13,17
1765321068.987491,156,4,3,0
1765321069.0380702,157,1,9,7
1765321069.0380702,157,2,0,12
1765321069.0380702,157,3,13,17
1765321069.0380702,157,4,3,1
1765321069.0888963,158,1,9,7
1765321069.0888963,158,2,0,12
1765321069.0888963,158,3,12,17
1765321069.0888963,158,4,3,1
1765321069.139726,159,1,9,7
1765321069.139726,159,2,0,12
1765321069.139726,159,3,12,17
1765321069.139726,159,4,3,0
1765321069.1905148,160,1,9,7
1765321069.1905148,160,2,0,11
1765321069.1905148,160,3,12,17
1765321069.1905148,160,4,3,0
1765321069.2416503,161,1,9,7
1765321069.2416503,161,2,0,11
1765321069.2416503,161,3,12,17
1765321069.2416503,161,4,3,0
1765321069.2925358,162,1,8,7
1765321069.2925358,162,2,0,11
1765321069.2925358,162,3,12,17
1765321069.2925358,162,4,3,0
1765321069.3432598,163,1,8,7
1765321069.3432598,163,2,0,10
1765321069.3432598,163,3,12,17
1765321069.3432598,163,4,3,0
1765321069.393738,164,1,8,7
1765321069.393738,164,2,0,10
1765321069.393738,164,3,12,17
1765321069.393738,164,4,3,0
1765321069.4445167,165,1,8,7
1765321069.4445167,165,2,0,10
1765321069.4445167,165,3,12,17
1765321069.4445167,165,4,3,0
1765321069.4961605,166,1,7,7
1765321069.4961605,166,2,0,10
1765321069.4961605,166,3,12,17
1765321069.4961605,166,4,2,0
1765321069.546785,167,1,7,7
1765321069.546785,167,2,0,10
1765321069.546785,167,3,12,17
1765321069.546785,167,4,2,0
1765321069.5974739,168,1,7,7
1765321069.5974739,168,2,0,10
1765321069.5974739,168,3,12,17
1765321069.5974739,168,4,2,0
1765321069.6479485,169,1,7,7
1765321069.6479485,169,2,0,10
1765321069.6479485,169,3,12,17
1765321069.6479485,169,4,2,0
1765321069.698703,170,1,7,7
1765321069.698703,170,2,0,10
1765321069.698703,170,3,12,17
1765321069.698703,170,4,2,0
1765321069.7499976,171,1,7,7
1765321069.7499976,171,2,0,10
1765321069.7499976,171,3,12,16
1765321069.7499976,171,4,2,0
1765321069.8007395,172,1,7,7
1765321069.8007395,172,2,0,10
1765321069.8007395,172,3,12,16
1765321069.8007395,172,4,2,0
1765321069.851695,173,1,7,7
1765321069.851695,173,2,0,10
1765321069.851695,173,3,12,16
1765321069.851695,173,4,1,0
1765321069.9028814,174,1,7,7
1765321069.9028814,174,2,0,10
1765321069.9028814,174,3,12,16
1765321069.9028814,174,4,1,0
1765321069.9556031,175,1,7,7
1765321069.9556031,175,2,0,10
1765321069.9556031,175,3,12,15
1765321069.9556031,175,4,1,0
1765321070.0061162,176,1,6,7
1765321070.0061162,176,2,0,10
1765321070.0061162,176,3,12,15
1765321070.0061162,176,4,1,0
1765321070.0568535,177,1,6,7
1765321070.0568535,177,2,1,10
1765321070.0568535,177,3,12,15
1765321070.0568535,177,4,1,0
1765321070.1072853,178,1,6,7
1765321070.1072853,178,2,1,10
1765321070.1072853,178,3,12,15
1765321070.1072853,178,4,1,0
1765321070.1581223,179,1,6,7
1765321070.1581223,179,2,1,10
1765321070.1581223,179,3,12,15
1765321070.1581223,179,4,1,0
1765321070.2087667,180,1,6,7
1765321070.2087667,180,2,2,10
1765321070.2087667,180,3,12,15
1765321070.2087667,180,4,1,0
1765321070.2602408,181,1,6,7
1765321070.2602408,181,2,2,10
1765321070.2602408,181,3,12,15
1765321070.2602408,181,4,1,0
1765321070.3109784,182,1,6,7
1765321070.3109784,182,2,2,10
1765321070.3109784,182,3,11,15
1765321070.3109784,182,4,1,0
1765321070.361609,183,1,6,7
1765321070.361609,183,2,2,10
1765321070.361609,183,3,11,15
1765321070.361609,183,4,1,0
1765321070.4125106,184,1,6,7
1765321070.4125106,184,2,2,10
1765321070.4125106,184,3,11,15
1765321070.4125106,184,4,1,0
1765321070.4632213,185,1,6,7
1765321070.4632213,185,2,2,10
1765321070.4632213,185,3,11,15
1765321070.4632213,185,4,1,0
1765321070.5142946,186,1,6,7
1765321070.5142946,186,2,2,10
1765321070.5142946,186,3,11,15
1765321070.5142946,186,4,1,0
1765321070.5653324,187,1,6,7
1765321070.5653324,187,2,2,10
1765321070.5653324,187,3,11,15
1765321070.5653324,187,4,1,0
1765321070.6160932,188,1,6,7
1765321070.6160932,188,2,2,10
1765321070.6160932,188,3,11,15
1765321070.6160932,188,4,1,0
1765321070.6674838,189,1,6,7
1765321070.6674838,189,2,2,10
1765321070.6674838,189,3,12,15
1765321070.6674838,189,4,1,0
1765321070.717971,190,1,6,7
1765321070.717971,190,2,2,10
1765321070.717971,190,3,12,15
1765321070.717971,190,4,1,0
1765321070.7690182,191,1,6,7
1765321070.7690182,191,2,2,10
1765321070.7690182,191,3,12,15
1765321070.7690182,191,4,1,0
1765321070.8204865,192,1,6,7
1765321070.8204865,192,2,2,10
1765321070.8204865,192,3,13,15
1765321070.8204865,192,4,1,0
1765321070.8712509,193,1,6,8
1765321070.8712509,193,2,2,10
1765321070.8712509,193,3,13,15
1765321070.8712509,193,4,1,0
1765321070.9221163,194,1,6,8
1765321070.9221163,194,2,2,10
1765321070.9221163,194,3,13,15
1765321070.9221163,194,4,1,0
1765321070.9729514,195,1,6,8
1765321070.9729514,195,2,2,10
1765321070.9729514,195,3,13,15
1765321070.9729514,195,4,1,0
1765321071.0243342,196,1,6,8
1765321071.0243342,196,2,1,10
1765321071.0243342,196,3,13,15
1765321071.0243342,196,4,1,0
1765321071.0751007,197,1,6,9
1765321071.0751007,197,2,1,10
1765321071.0751007,197,3,13,15
1765321071.0751007,197,4,1,0
1765321071.1263087,198,1,6,9
1765321071.1263087,198,2,1,10
1765321071.1263087,198,3,13,15
1765321071.1263087,198,4,0,0
1765321071.2575283,199,1,6,10
1765321071.2575283,199,2,1,10
1765321071.2575283,199,3,13,15
1765321071.2575283,199,4,0,0
1765321071.3084333,200,1,6,10
1765321071.3084333,200,2,1,10
1765321071.3084333,200,3,13,15
1765321071.3084333,200,4,0,0
1765321071.3604963,201,1,6,11
1765321071.3604963,201,2,1,10
1765321071.3604963,201,3,13,15
1765321071.3604963,201,4,0,0
1765321071.4109015,202,1,6,11
1765321071.4109015,202,2,1,10
1765321071.4109015,202,3,13,15
1765321071.4109015,202,4,0,0
1765321071.461968,203,1,6,12
1765321071.461968,203,2,0,10
1765321071.461968,203,3,13,15
1765321071.461968,203,4,1,0
1765321071.5131214,204,1,6,12
1765321071.5131214,204,2,0,10
1765321071.5131214,204,3,13,15
1765321071.5131214,204,4,1,0
1765321071.563786,205,1,6,12
1765321071.563786,205,2,0,10
1765321071.563786,205,3,13,15
1765321071.563786,205,4,1,0
1765321071.614475,206,1,6,12
1765321071.614475,206,2,0,10
1765321071.614475,206,3,13,15
1765321071.614475,206,4,2,0
1765321071.6649487,207,1,6,13
1765321071.6649487,207,2,0,10
1765321071.6649487,207,3,13,15
1765321071.6649487,207,4,2,0
1765321071.7158842,208,1,6,13
1765321071.7158842,208,2,0,10
1765321071.7158842,208,3,12,15
1765321071.7158842,208,4,2,0
1765321071.7665238,209,1,6,14
1765321071.7665238,209,2,0,10
1765321071.7665238,209,3,12,15
1765321071.7665238,209,4,2,0
1765321071.8173652,210,1,6,14
1765321071.8173652,210,2,0,10
1765321071.8173652,210,3,12,15
1765321071.8173652,210,4,2,0
1765321071.8690033,211,1,6,14
1765321071.8690033,211,2,0,10
1765321071.8690033,211,3,12,15
1765321071.8690033,211,4,2,0
1765321071.919611,212,1,6,15
1765321071.919611,212,2,0,10
1765321071.919611,212,3,12,15
1765321071.919611,212,4,2,0
1765321071.9705105,213,1,6,15
1765321071.9705105,213,2,0,10
1765321071.9705105,213,3,12,15
1765321071.9705105,213,4,2,0
1765321072.0214097,214,1,6,15
1765321072.0214097,214,2,0,10
1765321072.0214097,214,3,12,15
1765321072.0214097,214,4,2,0
1765321072.0718117,215,1,6,16
1765321072.0718117,215,2,0,11
1765321072.0718117,215,3,12,15
1765321072.0718117,215,4,2,0
1765321072.122847,216,1,6,16
1765321072.122847,216,2,0,11
1765321072.122847,216,3,11,15
1765321072.122847,216,4,2,0
1765321072.1732767,217,1,6,16
1765321072.1732767,217,2,0,11
1765321072.1732767,217,3,11,15
1765321072.1732767,217,4,2,0
1765321072.2238057,218,1,6,17
1765321072.2238057,218,2,0,11
1765321072.2238057,218,3,11,15
1765321072.2238057,218,4,2,0
1765321072.2746625,219,1,6,17
1765321072.2746625,219,2,0,11
1765321072.2746625,219,3,11,15
1765321072.2746625,219,4,2,0
1765321072.325575,220,1,6,17
1765321072.325575,220,2,0,11
1765321072.325575,220,3,11,15
1765321072.325575,220,4,2,0
1765321072.3769076,221,1,6,18
1765321072.3769076,221,2,0,11
1765321072.3769076,221,3,11,15
1765321072.3769076,221,4,2,0
1765321072.428192,222,1,6,18
1765321072.428192,222,2,0,11
1765321072.428192,222,3,11,15
1765321072.428192,222,4,1,0
1765321072.4786808,223,1,6,18
1765321072.4786808,223,2,0,11
1765321072.4786808,223,3,11,15
1765321072.4786808,223,4,1,0
1765321072.5295875,224,1,6,18
1765321072.5295875,224,2,0,11
1765321072.5295875,224,3,11,15
1765321072.5295875,224,4,1,0
1765321072.5800304,225,1,6,18
1765321072.5800304,225,2,0,11
1765321072.5800304,225,3,11,15
1765321072.5800304,225,4,1,0
1765321072.6307476,226,1,6,18
1765321072.6307476,226,2,1,11
1765321072.6307476,226,3,11,15
1765321072.6307476,226,4,1,0
1765321072.6818054,227,1,6,18
1765321072.6818054,227,2,1,11
1765321072.6818054,227,3,11,15
1765321072.6818054,227,4,1,0
1765321072.7327068,228,1,6,18
1765321072.7327068,228,2,1,11
1765321072.7327068,228,3,11,15
1765321072.7327068,228,4,1,0
1765321072.7832417,229,1,6,18
1765321072.7832417,229,2,1,11
1765321072.7832417,229,3,11,16
1765321072.7832417,229,4,1,0
1765321072.8337955,230,1,5,18
1765321072.8337955,230,2,1,11
1765321072.8337955,230,3,11,16
1765321072.8337955,230,4,0,0
1765321072.885493,231,1,5,18
1765321072.885493,231,2,1,11
1765321072.885493,231,3,11,16
1765321072.885493,231,4,0,0
1765321072.935991,232,1,5,18
1765321072.935991,232,2,1,11
1765321072.935991,232,3,11,16
1765321072.935991,232,4,0,0
1765321072.9893417,233,1,5,18
1765321072.9893417,233,2,1,11
1765321072.9893417,233,3,11,16
1765321072.9893417,233,4,0,0
1765321073.0404305,234,1,4,18
1765321073.0404305,234,2,1,12
1765321073.0404305,234,3,11,16
1765321073.0404305,234,4,0,0
1765321073.091147,235,1,4,18
1765321073.091147,235,2,1,12
1765321073.091147,235,3,11,16
1765321073.091147,235,4,0,0
1765321073.1416466,236,1,4,18
1765321073.1416466,236,2,1,12
1765321073.1416466,236,3,11,16
1765321073.1416466,236,4,0,0
1765321073.1922023,237,1,3,18
1765321073.1922023,237,2,1,12
1765321073.1922023,237,3,11,16
1765321073.1922023,237,4,0,0
1765321073.24321,238,1,3,18
1765321073.24321,238,2,1,12
1765321073.24321,238,3,11,16
1765321073.24321,238,4,0,0
1765321073.2941668,239,1,3,18
1765321073.2941668,239,2,1,12
1765321073.2941668,239,3,12,16
1765321073.2941668,239,4,0,0
1765321073.3448448,240,1,2,18
1765321073.3448448,240,2,1,12
1765321073.3448448,240,3,12,16
1765321073.3448448,240,4,0,0
1765321073.3959076,241,1,2,18
1765321073.3959076,241,2,1,12
1765321073.3959076,241,3,12,16
1765321073.3959076,241,4,0,0
1765321073.446363,242,1,2,18
1765321073.446363,242,2,1,12
1765321073.446363,242,3,12,16
1765321073.446363,242,4,0,1
1765321073.4969091,243,1,2,18
1765321073.4969091,243,2,2,12
1765321073.4969091,243,3,12,16
1765321073.4969091,243,4,0,1
1765321073.5475142,244,1,2,18
1765321073.5475142,244,2,2,12
1765321073.5475142,244,3,12,16
1765321073.5475142,244,4,0,1
1765321073.5978994,245,1,2,18
1765321073.5978994,245,2,2,12
1765321073.5978994,245,3,12,16
1765321073.5978994,245,4,0,1
1765321073.6490345,246,1,2,17
1765321073.6490345,246,2,2,12
1765321073.6490345,246,3,12,16
1765321073.6490345,246,4,0,1
1765321073.699754,247,1,2,17
1765321073.699754,247,2,2,12
1765321073.699754,247,3,12,17
1765321073.699754,247,4,0,1
1765321073.7501435,248,1,1,17
1765321073.7501435,248,2,2,12
1765321073.7501435,248,3,12,17
1765321073.7501435,248,4,0,1
1765321073.800967,249,1,1,17
1765321073.800967,249,2,2,12
1765321073.800967,249,3,12,17
1765321073.800967,249,4,0,1
1765321073.8518417,250,1,1,17
1765321073.8518417,250,2,2,12
1765321073.8518417,250,3,12,17
1765321073.8518417,250,4,0,1
1765321073.9031148,251,1,1,17
1765321073.9031148,251,2,2,12
1765321073.9031148,251,3,12,17
1765321073.9031148,251,4,0,1
1765321073.953776,252,1,1,17
1765321073.953776,252,2,2,12
1765321073.953776,252,3,12,17
1765321073.953776,252,4,0,1
1765321074.0042815,253,1,1,17
1765321074.0042815,253,2,2,13
1765321074.0042815,253,3,12,17
1765321074.0042815,253,4,1,1
1765321074.0554204,254,1,1,17
1765321074.0554204,254,2,2,13
1765321074.0554204,254,3,12,17
1765321074.0554204,254,4,1,1
1765321074.1061192,255,1,2,17
1765321074.1061192,255,2,1,13
1765321074.1061192,255,3,12,17
1765321074.1061192,255,4,1,1
1765321074.1570458,256,1,2,17
1765321074.1570458,256,2,1,13
1765321074.1570458,256,3,13,17
1765321074.1570458,256,4,1,1
1765321074.208086,257,1,2,17
1765321074.208086,257,2,1,13
1765321074.208086,257,3,13,17
1765321074.208086,257,4,1,1
1765321074.258642,258,1,3,17
1765321074.258642,258,2,1,13
1765321074.258642,258,3,13,17
1765321074.258642,258,4,1,1
1765321074.309274,259,1,3,17
1765321074.309274,259,2,1,14
1765321074.309274,259,3,13,17
1765321074.309274,259,4,1,1
1765321074.3598278,260,1,3,17
1765321074.3598278,260,2,1,14
1765321074.3598278,260,3,13,17
1765321074.3598278,260,4,1,1
1765321074.411056,261,1,4,17
1765321074.411056,261,2,1,14
1765321074.411056,261,3,13,17
1765321074.411056,261,4,1,2
1765321074.4616792,262,1,4,17
1765321074.4616792,262,2,1,14
1765321074.4616792,262,3,13,17
1765321074.4616792,262,4,1,2
1765321074.5122447,263,1,4,17
1765321074.5122447,263,2,1,14
1765321074.5122447,263,3,13,17
1765321074.5122447,263,4,1,2
1765321074.563319,264,1,5,17
1765321074.563319,264,2,1,14
1765321074.563319,264,3,13,17
1765321074.563319,264,4,1,2
1765321074.6143546,265,1,5,17
1765321074.6143546,265,2,1,15
1765321074.6143546,265,3,13,17
1765321074.6143546,265,4,1,2
1765321074.6648982,266,1,5,17
1765321074.6648982,266,2,1,15
1765321074.6648982,266,3,13,18
1765321074.6648982,266,4,1,2
1765321074.7156818,267,1,5,17
1765321074.7156818,267,2,1,15
1765321074.7156818,267,3,13,18
1765321074.7156818,267,4,1,2
1765321074.7662003,268,1,5,17
1765321074.7662003,268,2,1,15
1765321074.7662003,268,3,13,18
1765321074.7662003,268,4,1,2
1765321074.8167758,269,1,6,17
1765321074.8167758,269,2,1,15
1765321074.8167758,269,3,12,18
1765321074.8167758,269,4,1,2
1765321074.8673377,270,1,6,17
1765321074.8673377,270,2,1,15
1765321074.8673377,270,3,12,18
1765321074.8673377,270,4,2,2
1765321074.9188557,271,1,6,17
1765321074.9188557,271,2,1,15
1765321074.9188557,271,3,12,18
1765321074.9188557,271,4,2,2
1765321074.9704542,272,1,7,17
1765321074.9704542,272,2,1,15
1765321074.9704542,272,3,12,19
1765321074.9704542,272,4,2,2
1765321075.0215564,273,1,7,17
1765321075.0215564,273,2,1,15
1765321075.0215564,273,3,12,19
1765321075.0215564,273,4,2,2
1765321075.07252,274,1,7,17
1765321075.07252,274,2,1,15
1765321075.07252,274,3,12,19
1765321075.07252,274,4,2,2
1765321075.1231422,275,1,8,17
1765321075.1231422,275,2,1,15
1765321075.1231422,275,3,12,19
1765321075.1231422,275,4,2,2
1765321075.173505,276,1,8,17
1765321075.173505,276,2,1,15
1765321075.173505,276,3,12,19
1765321075.173505,276,4,2,2
1765321075.224076,277,1,8,17
1765321075.224076,277,2,1,15
1765321075.224076,277,3,12,19
1765321075.224076,277,4,2,2
1765321075.2751217,278,1,8,17
1765321075.2751217,278,2,1,15
1765321075.2751217,278,3,12,19
1765321075.2751217,278,4,2,2
1765321075.3255823,279,1,9,17
1765321075.3255823,279,2,1,15
1765321075.3255823,279,3,12,19
1765321075.3255823,279,4,2,2
1765321075.3764846,280,1,9,17
1765321075.3764846,280,2,0,15
1765321075.3764846,280,3,12,19
1765321075.3764846,280,4,2,3
1765321075.4279127,281,1,9,17
1765321075.4279127,281,2,0,15
1765321075.4279127,281,3,12,19
1765321075.4279127,281,4,2,3
1765321075.4784381,282,1,9,17
1765321075.4784381,282,2,0,15
1765321075.4784381,282,3,12,19
1765321075.4784381,282,4,2,3
1765321075.5291722,283,1,9,17
1765321075.5291722,283,2,0,15
1765321075.5291722,283,3,12,19
1765321075.5291722,283,4,1,3
1765321075.579888,284,1,10,17
1765321075.579888,284,2,0,15
1765321075.579888,284,3,12,19
1765321075.579888,284,4,1,3
1765321075.635257,285,1,10,17
1765321075.635257,285,2,0,15
1765321075.635257,285,3,12,19
1765321075.635257,285,4,1,3
1765321075.686109,286,1,10,17
1765321075.686109,286,2,0,15
1765321075.686109,286,3,12,19
1765321075.686109,286,4,1,4
1765321075.7364714,287,1,11,17
1765321075.7364714,287,2,0,14
1765321075.7364714,287,3,12,19
1765321075.7364714,287,4,1,4
1765321075.7875657,288,1,11,17
1765321075.7875657,288,2,0,14
1765321075.7875657,288,3,12,19
1765321075.7875657,288,4,1,4
1765321075.8380158,289,1,11,17
1765321075.8380158,289,2,0,14
1765321075.8380158,289,3,12,19
1765321075.8380158,289,4,1,4
1765321075.8885546,290,1,12,17
1765321075.8885546,290,2,0,14
1765321075.8885546,290,3,12,19
1765321075.8885546,290,4,1,4
1765321075.939997,291,1,12,17
1765321075.939997,291,2,0,14
1765321075.939997,291,3,12,19
1765321075.939997,291,4,1,4
1765321075.9926794,292,1,12,17
1765321075.9926794,292,2,0,14
1765321075.9926794,292,3,12,19
1765321075.9926794,292,4,1,5
1765321076.0433679,293,1,13,17
1765321076.0433679,293,2,0,14
1765321076.0433679,293,3,12,19
1765321076.0433679,293,4,1,5
1765321076.0941582,294,1,13,17
1765321076.0941582,294,2,0,14
1765321076.0941582,294,3,11,19
1765321076.0941582,294,4,1,5
1765321076.145206,295,1,13,17
1765321076.145206,295,2,0,13
1765321076.145206,295,3,11,19
1765321076.145206,295,4,1,5
1765321076.195999,296,1,14,17
1765321076.195999,296,2,0,13
1765321076.195999,296,3,11,19
1765321076.195999,296,4,1,5
1765321076.2466767,297,1,14,17
1765321076.2466767,297,2,0,13
1765321076.2466767,297,3,11,19
1765321076.2466767,297,4,1,5
1765321076.2974389,298,1,14,17
1765321076.2974389,298,2,0,13
1765321076.2974389,298,3,11,19
1765321076.2974389,298,4,1,5
1765321076.3483825,299,1,15,17
1765321076.3483825,299,2,0,13
1765321076.3483825,299,3,11,19
1765321076.3483825,299,4,1,5
1765321076.3989813,300,1,15,17
1765321076.3989813,300,2,0,13
1765321076.3989813,300,3,11,19
1765321076.3989813,300,4,1,5
1765321076.4506001,301,1,15,17
1765321076.4506001,301,2,0,12
1765321076.4506001,301,3,11,18
1765321076.4506001,301,4,1,5
1765321076.5012078,302,1,16,17
1765321076.5012078,302,2,0,12
1765321076.5012078,302,3,11,18
1765321076.5012078,302,4,1,5
1765321076.5519056,303,1,16,17
1765321076.5519056,303,2,0,12
1765321076.5519056,303,3,11,18
1765321076.5519056,303,4,1,5
1765321076.602763,304,1,16,17
1765321076.602763,304,2,0,12
1765321076.602763,304,3,11,18
1765321076.602763,304,4,1,5
1765321076.6536067,305,1,17,17
1765321076.6536067,305,2,0,12
1765321076.6536067,305,3,11,18
1765321076.6536067,305,4,1,5
1765321076.7046654,306,1,17,17
1765321076.7046654,306,2,0,12
1765321076.7046654,306,3,11,18
1765321076.7046654,306,4,1,5
1765321076.7551613,307,1,17,17
1765321076.7551613,307,2,0,12
1765321076.7551613,307,3,11,18
1765321076.7551613,307,4,0,5
1765321076.8059676,308,1,18,17
1765321076.8059676,308,2,0,12
1765321076.8059676,308,3,11,18
1765321076.8059676,308,4,0,5
1765321076.8566625,309,1,18,17
1765321076.8566625,309,2,0,12
1765321076.8566625,309,3,11,18
1765321076.8566625,309,4,0,5
1765321076.907352,310,1,18,17
1765321076.907352,310,2,0,12
1765321076.907352,310,3,11,18
1765321076.907352,310,4,0,5
1765321076.9586167,311,1,19,17
1765321076.9586167,311,2,0,12
1765321076.9586167,311,3,11,18
1765321076.9586167,311,4,0,5
1765321077.0093677,312,1,19,17
1765321077.0093677,312,2,0,12
1765321077.0093677,312,3,11,18
1765321077.0093677,312,4,0,5
1765321077.060483,313,1,19,17
1765321077.060483,313,2,0,12
1765321077.060483,313,3,11,18
1765321077.060483,313,4,0,5
1765321077.1112595,314,1,19,17
1765321077.1112595,314,2,0,12
1765321077.1112595,314,3,11,18
1765321077.1112595,314,4,0,5
1765321077.1617925,315,1,19,17
1765321077.1617925,315,2,0,12
1765321077.1617925,315,3,11,18
1765321077.1617925,315,4,0,4
1765321077.2127469,316,1,19,17
1765321077.2127469,316,2,0,12
1765321077.2127469,316,3,11,18
1765321077.2127469,316,4,0,4
1765321077.263438,317,1,19,17
1765321077.263438,317,2,0,12
1765321077.263438,317,3,11,18
1765321077.263438,317,4,0,4
1765321077.3142624,318,1,19,17
1765321077.3142624,318,2,0,12
1765321077.3142624,318,3,11,18
1765321077.3142624,318,4,0,4
1765321077.365933,319,1,19,17
1765321077.365933,319,2,1,12
1765321077.365933,319,3,11,18
1765321077.365933,319,4,0,4
1765321077.4166105,320,1,19,17
1765321077.4166105,320,2,1,12
1765321077.4166105,320,3,11,18
1765321077.4166105,320,4,0,4
1765321077.468567,321,1,19,17
1765321077.468567,321,2,1,12
1765321077.468567,321,3,11,18
1765321077.468567,321,4,0,4
1765321077.519189,322,1,19,17
1765321077.519189,322,2,0,12
1765321077.519189,322,3,11,18
1765321077.519189,322,4,0,4
1765321077.5696056,323,1,19,17
1765321077.5696056,323,2,0,12
1765321077.5696056,323,3,11,18
1765321077.5696056,323,4,0,3
1765321077.6203127,324,1,19,17
1765321077.6203127,324,2,0,12
1765321077.6203127,324,3,10,18
1765321077.6203127,324,4,0,3
1765321077.671072,325,1,19,18
1765321077.671072,325,2,0,12
1765321077.671072,325,3,10,18
1765321077.671072,325,4,0,3
1765321077.7217262,326,1,19,18
1765321077.7217262,326,2,0,12
1765321077.7217262,326,3,10,18
1765321077.7217262,326,4,0,3
1765321077.772459,327,1,19,18
1765321077.772459,327,2,0,12
1765321077.772459,327,3,10,18
1765321077.772459,327,4,0,3
1765321077.8229442,328,1,19,19
1765321077.8229442,328,2,0,12
1765321077.8229442,328,3,10,18
1765321077.8229442,328,4,0,2
1765321077.8742564,329,1,19,19
1765321077.8742564,329,2,0,12
1765321077.8742564,329,3,10,18
1765321077.8742564,329,4,0,2
1765321077.9252186,330,1,19,19
1765321077.9252186,330,2,0,12
1765321077.9252186,330,3,10,18
1765321077.9252186,330,4,0,2
1765321077.9764028,331,1,19,19
1765321077.9764028,331,2,0,12
1765321077.9764028,331,3,10,18
1765321077.9764028,331,4,0,2
1765321078.027113,332,1,19,19
1765321078.027113,332,2,0,12
1765321078.027113,332,3,10,18
1765321078.027113,332,4,0,2
1765321078.077884,333,1,19,19
1765321078.077884,333,2,0,12
1765321078.077884,333,3,11,18
1765321078.077884,333,4,0,2
1765321078.1282656,334,1,19,19
1765321078.1282656,334,2,0,12
1765321078.1282656,334,3,11,18
1765321078.1282656,334,4,0,2
1765321078.1791396,335,1,19,19
1765321078.1791396,335,2,0,12
1765321078.1791396,335,3,11,18
1765321078.1791396,335,4,0,2
1765321078.229729,336,1,19,19
1765321078.229729,336,2,0,12
1765321078.229729,336,3,10,18
1765321078.229729,336,4,0,2
1765321078.2806275,337,1,19,19
1765321078.2806275,337,2,0,12
1765321078.2806275,337,3,10,18
1765321078.2806275,337,4,0,2
1765321078.3315942,338,1,19,19
1765321078.3315942,338,2,0,12
1765321078.3315942,338,3,10,18
1765321078.3315942,338,4,0,2
1765321078.3821864,339,1,18,19
1765321078.3821864,339,2,0,12
1765321078.3821864,339,3,10,18
1765321078.3821864,339,4,0,2
1765321078.4330778,340,1,18,19
1765321078.4330778,340,2,0,12
1765321078.4330778,340,3,10,18
1765321078.4330778,340,4,0,2
1765321078.4843373,341,1,18,19
1765321078.4843373,341,2,0,12
1765321078.4843373,341,3,10,18
1765321078.4843373,341,4,0,2
1765321078.534959,342,1,17,19
1765321078.534959,342,2,0,12
1765321078.534959,342,3,10,18
1765321078.534959,342,4,0,2
1765321078.586119,343,1,17,19
1765321078.586119,343,2,0,12
1765321078.586119,343,3,9,18
1765321078.586119,343,4,0,2
1765321078.6370275,344,1,17,19
1765321078.6370275,344,2,0,12
1765321078.6370275,344,3,9,18
1765321078.6370275,344,4,0,2
1765321078.6876812,345,1,16,19
1765321078.6876812,345,2,0,12
1765321078.6876812,345,3,9,18
1765321078.6876812,345,4,0,2
1765321078.738453,346,1,16,19
1765321078.738453,346,2,0,12
1765321078.738453,346,3,9,18
1765321078.738453,346,4,0,2
1765321078.7893772,347,1,16,19
1765321078.7893772,347,2,0,12
1765321078.7893772,347,3,9,18
1765321078.7893772,347,4,1,2
1765321078.8397565,348,1,15,19
1765321078.8397565,348,2,0,12
1765321078.8397565,348,3,9,18
1765321078.8397565,348,4,1,2
1765321078.890292,349,1,15,19
1765321078.890292,349,2,0,12
1765321078.890292,349,3,9,18
1765321078.890292,349,4,1,2
1765321078.9415586,350,1,15,19
1765321078.9415586,350,2,0,12
1765321078.9415586,350,3,9,18
1765321078.9415586,350,4,0,2
1765321078.9951558,351,1,14,19
1765321078.9951558,351,2,0,12
1765321078.9951558,351,3,9,18
1765321078.9951558,351,4,0,2
1765321079.045951,352,1,14,19
1765321079.045951,352,2,0,12
1765321079.045951,352,3,9,18
1765321079.045951,352,4,0,2
1765321079.096366,353,1,14,19
1765321079.096366,353,2,0,12
1765321079.096366,353,3,9,18
1765321079.096366,353,4,0,2
1765321079.1477404,354,1,13,19
1765321079.1477404,354,2,0,12
1765321079.1477404,354,3,9,18
1765321079.1477404,354,4,0,2
1765321079.1987221,355,1,13,19
1765321079.1987221,355,2,0,12
1765321079.1987221,355,3,9,18
1765321079.1987221,355,4,0,2
1765321079.2491937,356,1,13,19
1765321079.2491937,356,2,0,12
1765321079.2491937,356,3,9,18
1765321079.2491937,356,4,0,2
1765321079.2997322,357,1,13,19
1765321079.2997322,357,2,0,12
1765321079.2997322,357,3,9,18
1765321079.2997322,357,4,0,2
1765321079.3502166,358,1,13,19
1765321079.3502166,358,2,0,12
1765321079.3502166,358,3,9,18
1765321079.3502166,358,4,0,2
1765321079.4007277,359,1,13,19
1765321079.4007277,359,2,0,12
1765321079.4007277,359,3,9,18
1765321079.4007277,359,4,0,2
1765321079.4517138,360,1,13,19
1765321079.4517138,360,2,0,12
1765321079.4517138,360,3,9,18
1765321079.4517138,360,4,0,2
1765321079.5029433,361,1,13,19
1765321079.5029433,361,2,0,12
1765321079.5029433,361,3,8,18
1765321079.5029433,361,4,0,2
1765321079.5538921,362,1,13,19
1765321079.5538921,362,2,0,12
1765321079.5538921,362,3,8,18
1765321079.5538921,362,4,0,2
1765321079.6044676,363,1,13,19
1765321079.6044676,363,2,1,12
1765321079.6044676,363,3,8,18
1765321079.6044676,363,4,0,2
1765321079.655068,364,1,13,19
1765321079.655068,364,2,1,12
1765321079.655068,364,3,8,18
1765321079.655068,364,4,0,2
1765321079.7059584,365,1,13,19
1765321079.7059584,365,2,1,12
1765321079.7059584,365,3,7,18
1765321079.7059584,365,4,0,2
1765321079.7565358,366,1,13,19
1765321079.7565358,366,2,2,12
1765321079.7565358,366,3,7,18
1765321079.7565358,366,4,0,2
1765321079.8071644,367,1,13,19
1765321079.8071644,367,2,2,12
1765321079.8071644,367,3,7,18
1765321079.8071644,367,4,0,2
1765321079.8577545,368,1,13,19
1765321079.8577545,368,2,2,12
1765321079.8577545,368,3,7,18
1765321079.8577545,368,4,0,2
1765321079.9081912,369,1,13,19
1765321079.9081912,369,2,2,12
1765321079.9081912,369,3,7,18
1765321079.9081912,369,4,0,2
1765321079.958833,370,1,13,19
1765321079.958833,370,2,2,12
1765321079.958833,370,3,7,18
1765321079.958833,370,4,0,2
1765321080.0101626,371,1,13,19
1765321080.0101626,371,2,2,12
1765321080.0101626,371,3,7,18
1765321080.0101626,371,4,0,2
1765321080.0609791,372,1,13,19
1765321080.0609791,372,2,2,12
1765321080.0609791,372,3,7,18
1765321080.0609791,372,4,0,2
1765321080.1118395,373,1,13,19
1765321080.1118395,373,2,2,12
1765321080.1118395,373,3,7,18
1765321080.1118395,373,4,0,2
1765321080.162429,374,1,13,19
1765321080.162429,374,2,2,12
1765321080.162429,374,3,7,18
1765321080.162429,374,4,0,2
1765321080.2130723,375,1,13,19
1765321080.2130723,375,2,2,12
1765321080.2130723,375,3,7,18
1765321080.2130723,375,4,0,2
1765321080.263954,376,1,13,18
1765321080.263954,376,2,3,12
1765321080.263954,376,3,7,18
1765321080.263954,376,4,0,2
1765321080.31458,377,1,13,18
1765321080.31458,377,2,3,12
1765321080.31458,377,3,8,18
1765321080.31458,377,4,0,2
1765321080.3651142,378,1,13,18
1765321080.3651142,378,2,3,12
1765321080.3651142,378,3,8,18
1765321080.3651142,378,4,0,2
1765321080.4160652,379,1,13,18
1765321080.4160652,379,2,3,12
1765321080.4160652,379,3,8,18
1765321080.4160652,379,4,0,2
1765321080.466725,380,1,12,18
1765321080.466725,380,2,3,12
1765321080.466725,380,3,9,18
1765321080.466725,380,4,0,2
1765321080.5181358,381,1,12,18
1765321080.5181358,381,2,3,12
1765321080.5181358,381,3,9,18
1765321080.5181358,381,4,0,2
1765321080.5686364,382,1,12,18
1765321080.5686364,382,2,3,12
1765321080.5686364,382,3,9,18
1765321080.5686364,382,4,0,2
1765321080.619218,383,1,11,18
1765321080.619218,383,2,3,11
1765321080.619218,383,3,9,18
1765321080.619218,383,4,0,2
1765321080.6701205,384,1,11,18
1765321080.6701205,384,2,3,11
1765321080.6701205,384,3,9,18
1765321080.6701205,384,4,0,2
1765321080.7210357,385,1,10,18
1765321080.7210357,385,2,3,11
1765321080.7210357,385,3,9,18
1765321080.7210357,385,4,0,2
1765321080.7718143,386,1,10,18
1765321080.7718143,386,2,3,11
1765321080.7718143,386,3,9,18
1765321080.7718143,386,4,0,2
1765321080.822315,387,1,10,18
1765321080.822315,387,2,3,11
1765321080.822315,387,3,9,18
1765321080.822315,387,4,0,2
1765321080.873081,388,1,10,18
1765321080.873081,388,2,3,11
1765321080.873081,388,3,9,18
1765321080.873081,388,4,0,2
1765321080.9236476,389,1,10,18
1765321080.9236476,389,2,2,11
1765321080.9236476,389,3,9,18
1765321080.9236476,389,4,0,2
1765321080.9754279,390,1,10,18
1765321080.9754279,390,2,2,11
1765321080.9754279,390,3,9,18
1765321080.9754279,390,4,0,2
1765321081.026784,391,1,10,18
1765321081.026784,391,2,2,11
1765321081.026784,391,3,9,18
1765321081.026784,391,4,1,2
1765321081.0776622,392,1,10,18
1765321081.0776622,392,2,1,11
1765321081.0776622,392,3,9,18
1765321081.0776622,392,4,1,2
1765321081.1282039,393,1,10,18
1765321081.1282039,393,2,1,11
1765321081.1282039,393,3,9,18
1765321081.1282039,393,4,1,2
1765321081.1792114,394,1,10,18
1765321081.1792114,394,2,1,11
1765321081.1792114,394,3,9,18
1765321081.1792114,394,4,2,2
1765321081.2297928,395,1,10,18
1765321081.2297928,395,2,1,11
1765321081.2297928,395,3,9,18
1765321081.2297928,395,4,2,2
1765321081.280295,396,1,10,19
1765321081.280295,396,2,1,11
1765321081.280295,396,3,9,18
1765321081.280295,396,4,2,2
1765321081.331222,397,1,10,19
1765321081.331222,397,2,1,11
1765321081.331222,397,3,9,18
1765321081.331222,397,4,2,2
1765321081.3817325,398,1,10,19
1765321081.3817325,398,2,1,11
1765321081.3817325,398,3,9,18
1765321081.3817325,398,4,2,2
1765321081.4325624,399,1,10,19
1765321081.4325624,399,2,2,11
1765321081.4325624,399,3,9,18
1765321081.4325624,399,4,2,2
1765321081.483342,400,1,10,19
1765321081.483342,400,2,2,11
1765321081.483342,400,3,9,18
1765321081.483342,400,4,2,2
1765321081.534517,401,1,10,19
1765321081.534517,401,2,1,11
1765321081.534517,401,3,9,18
1765321081.534517,401,4,2,2
1765321081.5856748,402,1,10,19
1765321081.5856748,402,2,1,11
1765321081.5856748,402,3,8,18
1765321081.5856748,402,4,2,2
1765321081.6363778,403,1,10,19
1765321081.6363778,403,2,1,11
1765321081.6363778,403,3,8,18
1765321081.6363778,403,4,3,2
1765321081.6870894,404,1,9,19
1765321081.6870894,404,2,1,11
1765321081.6870894,404,3,8,18
1765321081.6870894,404,4,3,2
1765321081.737917,405,1,9,19
1765321081.737917,405,2,1,11
1765321081.737917,405,3,8,18
1765321081.737917,405,4,3,2
1765321081.7887127,406,1,9,19
1765321081.7887127,406,2,1,11
1765321081.7887127,406,3,7,18
1765321081.7887127,406,4,3,2
1765321081.839469,407,1,8,19
1765321081.839469,407,2,1,11
1765321081.839469,407,3,7,18
1765321081.839469,407,4,3,2
1765321081.8901043,408,1,8,19
1765321081.8901043,408,2,1,11
1765321081.8901043,408,3,7,18
1765321081.8901043,408,4,3,2
1765321081.9411466,409,1,8,19
1765321081.9411466,409,2,1,11
1765321081.9411466,409,3,7,18
1765321081.9411466,409,4,3,2
1765321081.99195,410,1,7,19
1765321081.99195,410,2,1,11
1765321081.99195,410,3,7,18
1765321081.99195,410,4,3,2
1765321082.046163,411,1,7,19
1765321082.046163,411,2,1,11
1765321082.046163,411,3,7,18
1765321082.046163,411,4,3,1
1765321082.0968506,412,1,7,19
1765321082.0968506,412,2,1,11
1765321082.0968506,412,3,7,18
1765321082.0968506,412,4,3,1
1765321082.1478002,413,1,7,19
1765321082.1478002,413,2,1,11
1765321082.1478002,413,3,8,18
1765321082.1478002,413,4,3,1
1765321082.198787,414,1,6,19
1765321082.198787,414,2,2,11
1765321082.198787,414,3,8,18
1765321082.198787,414,4,3,1
1765321082.2493815,415,1,6,19
1765321082.2493815,415,2,2,11
1765321082.2493815,415,3,7,18
1765321082.2493815,415,4,3,1
1765321082.2999167,416,1,6,19
1765321082.2999167,416,2,2,11
1765321082.2999167,416,3,7,18
1765321082.2999167,416,4,2,1
1765321082.3504145,417,1,5,19
1765321082.3504145,417,2,2,11
1765321082.3504145,417,3,7,18
1765321082.3504145,417,4,2,1
1765321082.4008648,418,1,5,19
1765321082.4008648,418,2,3,11
1765321082.4008648,418,3,7,18
1765321082.4008648,418,4,2,1
1765321082.451798,419,1,5,19
1765321082.451798,419,2,3,11
1765321082.451798,419,3,7,18
1765321082.451798,419,4,2,1
1765321082.5025141,420,1,4,19
1765321082.5025141,420,2,3,11
1765321082.5025141,420,3,7,18
1765321082.5025141,420,4,1,1
1765321082.5541039,421,1,4,19
1765321082.5541039,421,2,3,11
1765321082.5541039,421,3,7,18
1765321082.5541039,421,4,1,1
1765321082.6046479,422,1,4,19
1765321082.6046479,422,2,3,11
1765321082.6046479,422,3,7,18
1765321082.6046479,422,4,1,1
1765321082.6563132,423,1,3,19
1765321082.6563132,423,2,3,11
1765321082.6563132,423,3,7,18
1765321082.6563132,423,4,1,1
1765321082.7079556,424,1,3,19
1765321082.7079556,424,2,3,11
1765321082.7079556,424,3,7,18
1765321082.7079556,424,4,1,1
1765321082.758411,425,1,3,19
1765321082.758411,425,2,3,11
1765321082.758411,425,3,7,18
1765321082.758411,425,4,1,1
1765321082.8091087,426,1,2,19
1765321082.8091087,426,2,3,11
1765321082.8091087,426,3,7,18
1765321082.8091087,426,4,1,1
1765321082.8596098,427,1,2,19
1765321082.8596098,427,2,3,11
1765321082.8596098,427,3,7,18
1765321082.8596098,427,4,2,1
1765321082.910287,428,1,2,19
1765321082.910287,428,2,3,11
1765321082.910287,428,3,8,18
1765321082.910287,428,4,2,1
1765321082.9610963,429,1,2,19
1765321082.9610963,429,2,3,11
1765321082.9610963,429,3,8,18
1765321082.9610963,429,4,1,1
1765321083.0116954,430,1,1,19
1765321083.0116954,430,2,3,11
1765321083.0116954,430,3,8,18
1765321083.0116954,430,4,1,1
1765321083.0632327,431,1,1,19
1765321083.0632327,431,2,3,11
1765321083.0632327,431,3,8,18
1765321083.0632327,431,4,1,1
1765321083.1136894,432,1,1,19
1765321083.1136894,432,2,3,12
1765321083.1136894,432,3,9,18
1765321083.1136894,432,4,1,1
1765321083.164087,433,1,1,18
1765321083.164087,433,2,3,12
1765321083.164087,433,3,9,18
1765321083.164087,433,4,1,1
1765321083.2153635,434,1,1,18
1765321083.2153635,434,2,3,12
1765321083.2153635,434,3,9,18
1765321083.2153635,434,4,1,1
1765321083.2663336,435,1,1,18
1765321083.2663336,435,2,3,12
1765321083.2663336,435,3,9,18
1765321083.2663336,435,4,1,1
1765321083.3169897,436,1,1,17
1765321083.3169897,436,2,3,12
1765321083.3169897,436,3,9,18
1765321083.3169897,436,4,1,1
1765321083.367743,437,1,1,17
1765321083.367743,437,2,3,12
1765321083.367743,437,3,9,18
1765321083.367743,437,4,1,1
1765321083.4183187,438,1,1,17
1765321083.4183187,438,2,3,12
1765321083.4183187,438,3,9,18
1765321083.4183187,438,4,1,1
1765321083.4691417,439,1,1,16
1765321083.4691417,439,2,3,12
1765321083.4691417,439,3,9,18
1765321083.4691417,439,4,1,1
1765321083.5201166,440,1,1,16
1765321083.5201166,440,2,2,12
1765321083.5201166,440,3,9,18
1765321083.5201166,440,4,1,1
1765321083.5718029,441,1,1,16
1765321083.5718029,441,2,2,12
1765321083.5718029,441,3,9,18
1765321083.5718029,441,4,2,1
1765321083.6226466,442,1,1,15
1765321083.6226466,442,2,2,12
1765321083.6226466,442,3,9,18
1765321083.6226466,442,4,2,1
1765321083.673264,443,1,1,15
1765321083.673264,443,2,2,12
1765321083.673264,443,3,9,18
1765321083.673264,443,4,2,1
1765321083.7236767,444,1,1,15
1765321083.7236767,444,2,2,12
1765321083.7236767,444,3,9,18
1765321083.7236767,444,4,2,1
1765321083.7743852,445,1,1,14
1765321083.7743852,445,2,2,12
1765321083.7743852,445,3,9,18
1765321083.7743852,445,4,3,1
1765321083.8250678,446,1,1,14
1765321083.8250678,446,2,2,12
1765321083.8250678,446,3,9,18
1765321083.8250678,446,4,3,1
1765321083.8760946,447,1,1,14
1765321083.8760946,447,2,2,12
1765321083.8760946,447,3,9,18
1765321083.8760946,447,4,3,1
1765321083.9266202,448,1,1,13
1765321083.9266202,448,2,2,13
1765321083.9266202,448,3,9,18
1765321083.9266202,448,4,3,1
1765321083.9771755,449,1,1,13
1765321083.9771755,449,2,2,13
1765321083.9771755,449,3,9,18
1765321083.9771755,449,4,3,1
1765321084.027931,450,1,1,13
1765321084.027931,450,2,2,13
1765321084.027931,450,3,9,18
1765321084.027931,450,4,3,1
1765321084.079027,451,1,1,13
1765321084.079027,451,2,2,13
1765321084.079027,451,3,9,18
1765321084.079027,451,4,3,1
1765321084.1298363,452,1,1,12
1765321084.1298363,452,2,2,13
1765321084.1298363,452,3,9,18
1765321084.1298363,452,4,3,1
1765321084.1804764,453,1,1,12
1765321084.1804764,453,2,1,13
1765321084.1804764,453,3,9,18
1765321084.1804764,453,4,3,1
1765321084.2313943,454,1,1,11
1765321084.2313943,454,2,1,13
1765321084.2313943,454,3,9,18
1765321084.2313943,454,4,3,1
1765321084.28213,455,1,1,11
1765321084.28213,455,2,1,13
1765321084.28213,455,3,8,18
1765321084.28213,455,4,3,1
1765321084.3329177,456,1,1,11
1765321084.3329177,456,2,0,13
1765321084.3329177,456,3,8,18
1765321084.3329177,456,4,3,1
1765321084.3837411,457,1,1,11
1765321084.3837411,457,2,0,13
1765321084.3837411,457,3,8,18
1765321084.3837411,457,4,3,1
1765321084.4345465,458,1,1,10
1765321084.4345465,458,2,0,13
1765321084.4345465,458,3,8,18
1765321084.4345465,458,4,3,1
1765321084.4851801,459,1,1,10
1765321084.4851801,459,2,0,13
1765321084.4851801,459,3,8,18
1765321084.4851801,459,4,3,1
1765321084.5359209,460,1,1,10
1765321084.5359209,460,2,0,14
1765321084.5359209,460,3,8,18
1765321084.5359209,460,4,3,2
1765321084.5872655,461,1,1,9
1765321084.5872655,461,2,0,14
1765321084.5872655,461,3,8,18
1765321084.5872655,461,4,3,2
1765321084.637797,462,1,1,9
1765321084.637797,462,2,0,14
1765321084.637797,462,3,8,18
1765321084.637797,462,4,3,2
1765321084.688459,463,1,1,9
1765321084.688459,463,2,0,15
1765321084.688459,463,3,8,18
1765321084.688459,463,4,3,2
1765321084.739455,464,1,1,8
1765321084.739455,464,2,0,15
1765321084.739455,464,3,8,18
1765321084.739455,464,4,3,2
1765321084.7903175,465,1,1,8
1765321084.7903175,465,2,0,15
1765321084.7903175,465,3,8,18
1765321084.7903175,465,4,3,2
1765321084.8411548,466,1,1,8
1765321084.8411548,466,2,0,15
1765321084.8411548,466,3,8,18
1765321084.8411548,466,4,3,2
1765321084.891733,467,1,1,7
1765321084.891733,467,2,0,15
1765321084.891733,467,3,7,18
1765321084.891733,467,4,3,2
1765321084.9424794,468,1,1,7
1765321084.9424794,468,2,0,15
1765321084.9424794,468,3,7,18
1765321084.9424794,468,4,2,2
1765321084.9929652,469,1,1,7
1765321084.9929652,469,2,0,15
1765321084.9929652,469,3,7,18
1765321084.9929652,469,4,2,2
1765321085.0463197,470,1,1,6
1765321085.0463197,470,2,0,15
1765321085.0463197,470,3,7,18
1765321085.0463197,470,4,2,2
1765321085.0977006,471,1,1,6
1765321085.0977006,471,2,0,15
1765321085.0977006,471,3,7,18
1765321085.0977006,471,4,2,2
1765321085.14825,472,1,1,6
1765321085.14825,472,2,0,15
1765321085.14825,472,3,7,18
1765321085.14825,472,4,2,2
1765321085.1992683,473,1,1,5
1765321085.1992683,473,2,0,15
1765321085.1992683,473,3,7,18
1765321085.1992683,473,4,2,2
1765321085.25008,474,1,1,5
1765321085.25008,474,2,0,15
1765321085.25008,474,3,7,18
1765321085.25008,474,4,2,2
1765321085.3008494,475,1,1,5
1765321085.3008494,475,2,0,15
1765321085.3008494,475,3,7,18
1765321085.3008494,475,4,2,3
1765321085.3515184,476,1,1,5
1765321085.3515184,476,2,0,15
1765321085.3515184,476,3,7,18
1765321085.3515184,476,4,2,3
1765321085.4022386,477,1,2,5
1765321085.4022386,477,2,0,15
1765321085.4022386,477,3,7,18
1765321085.4022386,477,4,2,3
1765321085.4526834,478,1,2,5
1765321085.4526834,478,2,0,15
1765321085.4526834,478,3,7,18
1765321085.4526834,478,4,2,3
1765321085.5030773,479,1,2,5
1765321085.5030773,479,2,0,15
1765321085.5030773,479,3,7,18
1765321085.5030773,479,4,2,3
1765321085.5539634,480,1,2,5
1765321085.5539634,480,2,0,15
1765321085.5539634,480,3,7,18
1765321085.5539634,480,4,2,3
1765321085.6053615,481,1,3,5
1765321085.6053615,481,2,0,15
1765321085.6053615,481,3,7,18
1765321085.6053615,481,4,1,3
1765321085.6558938,482,1,3,5
1765321085.6558938,482,2,0,15
1765321085.6558938,482,3,7,18
1765321085.6558938,482,4,1,3
1765321085.7066872,483,1,4,5
1765321085.7066872,483,2,0,15
1765321085.7066872,483,3,7,18
1765321085.7066872,483,4,0,3
1765321085.757281,484,1,4,5
1765321085.757281,484,2,0,15
1765321085.757281,484,3,7,18
1765321085.757281,484,4,0,3
1765321085.8083048,485,1,4,5
1765321085.8083048,485,2,0,15
1765321085.8083048,485,3,7,18
1765321085.8083048,485,4,0,3
1765321085.859082,486,1,5,5
1765321085.859082,486,2,0,15
1765321085.859082,486,3,7,18
1765321085.859082,486,4,0,3
1765321085.9098556,487,1,5,5
1765321085.9098556,487,2,0,15
1765321085.9098556,487,3,7,18
1765321085.9098556,487,4,0,4
1765321085.960791,488,1,5,5
1765321085.960791,488,2,0,15
1765321085.960791,488,3,7,18
1765321085.960791,488,4,0,4
1765321086.0116644,489,1,6,5
1765321086.0116644,489,2,0,15
1765321086.0116644,489,3,7,18
1765321086.0116644,489,4,0,4
1765321086.0621994,490,1,6,5
1765321086.0621994,490,2,0,15
1765321086.0621994,490,3,7,18
1765321086.0621994,490,4,0,5
1765321086.1136873,491,1,6,5
1765321086.1136873,491,2,0,15
1765321086.1136873,491,3,7,18
1765321086.1136873,491,4,0,5
1765321086.164467,492,1,7,5
1765321086.164467,492,2,0,15
1765321086.164467,492,3,7,18
1765321086.164467,492,4,0,5
1765321086.2152996,493,1,7,5
1765321086.2152996,493,2,0,15
1765321086.2152996,493,3,7,18
1765321086.2152996,493,4,0,5
1765321086.2661679,494,1,7,5
1765321086.2661679,494,2,0,15
1765321086.2661679,494,3,7,18
1765321086.2661679,494,4,0,5
1765321086.3167074,495,1,7,5
1765321086.3167074,495,2,0,15
1765321086.3167074,495,3,7,18
1765321086.3167074,495,4,0,5
1765321086.3672862,496,1,8,5
1765321086.3672862,496,2,0,15
1765321086.3672862,496,3,7,18
1765321086.3672862,496,4,0,5
1765321086.4178908,497,1,8,5
1765321086.4178908,497,2,0,16
1765321086.4178908,497,3,7,18
1765321086.4178908,497,4,0,5
1765321086.4683952,498,1,9,5
1765321086.4683952,498,2,0,16
1765321086.4683952,498,3,7,18
1765321086.4683952,498,4,0,5
1765321086.519384,499,1,9,5
1765321086.519384,499,2,0,16
1765321086.519384,499,3,7,18
1765321086.519384,499,4,0,5
1765321086.5704372,500,1,9,5
1765321086.5704372,500,2,0,16
1765321086.5704372,500,3,7,18
1765321086.5704372,500,4,0,5
1765321086.6222515,501,1,9,5
1765321086.6222515,501,2,0,16
1765321086.6222515,501,3,7,18
1765321086.6222515,501,4,0,5
1765321086.672882,502,1,9,5
1765321086.672882,502,2,0,16
1765321086.672882,502,3,7,18
1765321086.672882,502,4,0,5
1765321086.7232165,503,1,9,5
1765321086.7232165,503,2,0,16
1765321086.7232165,503,3,7,18
1765321086.7232165,503,4,0,5
1765321086.773813,504,1,9,5
1765321086.773813,504,2,0,16
1765321086.773813,504,3,7,18
1765321086.773813,504,4,0,5
1765321086.8247612,505,1,10,5
1765321086.8247612,505,2,0,16
1765321086.8247612,505,3,7,18
1765321086.8247612,505,4,0,5
1765321086.8753874,506,1,10,5
1765321086.8753874,506,2,0,16
1765321086.8753874,506,3,7,18
1765321086.8753874,506,4,0,5
1765321086.9260027,507,1,10,5
1765321086.9260027,507,2,0,16
1765321086.9260027,507,3,7,18
1765321086.9260027,507,4,0,5
1765321086.9765475,508,1,11,5
1765321086.9765475,508,2,0,16
1765321086.9765475,508,3,7,18
1765321086.9765475,508,4,0,5
1765321087.0274017,509,1,11,5
1765321087.0274017,509,2,0,16
1765321087.0274017,509,3,7,18
1765321087.0274017,509,4,0,5
1765321087.0783432,510,1,11,5
1765321087.0783432,510,2,0,16
1765321087.0783432,510,3,7,18
1765321087.0783432,510,4,0,5
1765321087.1300247,511,1,11,5
1765321087.1300247,511,2,0,16
1765321087.1300247,511,3,7,18
1765321087.1300247,511,4,0,5
1765321087.1806724,512,1,12,5
1765321087.1806724,512,2,0,16
1765321087.1806724,512,3,7,18
1765321087.1806724,512,4,0,5
1765321087.2312703,513,1,12,5
1765321087.2312703,513,2,0,16
1765321087.2312703,513,3,7,18
1765321087.2312703,513,4,0,5
1765321087.2823806,514,1,12,5
1765321087.2823806,514,2,0,16
1765321087.2823806,514,3,7,18
1765321087.2823806,514,4,0,5
1765321087.33328,515,1,13,5
1765321087.33328,515,2,0,16
1765321087.33328,515,3,7,18
1765321087.33328,515,4,0,5
1765321087.383776,516,1,13,5
1765321087.383776,516,2,0,16
1765321087.383776,516,3,7,18
1765321087.383776,516,4,0,5
1765321087.4347222,517,1,13,5
1765321087.4347222,517,2,0,16
1765321087.4347222,517,3,7,18
1765321087.4347222,517,4,0,5
1765321087.4856968,518,1,14,5
1765321087.4856968,518,2,0,16
1765321087.4856968,518,3,7,18
1765321087.4856968,518,4,0,5
1765321087.5366762,519,1,14,5
1765321087.5366762,519,2,0,16
1765321087.5366762,519,3,7,18
1765321087.5366762,519,4,0,5
1765321087.5874066,520,1,14,5
1765321087.5874066,520,2,0,16
1765321087.5874066,520,3,7,18
1765321087.5874066,520,4,0,5
1765321087.6388505,521,1,14,5
1765321087.6388505,521,2,0,17
1765321087.6388505,521,3,7,18
1765321087.6388505,521,4,0,5
1765321087.689566,522,1,15,5
1765321087.689566,522,2,0,17
1765321087.689566,522,3,7,18
1765321087.689566,522,4,0,5
1765321087.7400186,523,1,15,5
1765321087.7400186,523,2,0,17
1765321087.7400186,523,3,7,18
1765321087.7400186,523,4,0,5
1765321087.790918,524,1,15,5
1765321087.790918,524,2,0,17
1765321087.790918,524,3,7,18
1765321087.790918,524,4,0,6
1765321087.8418505,525,1,16,5
1765321087.8418505,525,2,0,17
1765321087.8418505,525,3,7,18
1765321087.8418505,525,4,0,6
1765321087.8923867,526,1,16,5
1765321087.8923867,526,2,0,18
1765321087.8923867,526,3,7,18
1765321087.8923867,526,4,0,6
1765321087.9431143,527,1,16,5
1765321087.9431143,527,2,0,18
1765321087.9431143,527,3,7,18
1765321087.9431143,527,4,0,6
1765321087.993681,528,1,17,5
1765321087.993681,528,2,0,18
1765321087.993681,528,3,7,18
1765321087.993681,528,4,0,6
1765321088.0492165,529,1,17,5
1765321088.0492165,529,2,0,18
1765321088.0492165,529,3,7,18
1765321088.0492165,529,4,0,6
1765321088.099827,530,1,17,5
1765321088.099827,530,2,0,18
1765321088.099827,530,3,7,18
1765321088.099827,530,4,0,6
1765321088.15115,531,1,18,5
1765321088.15115,531,2,0,18
1765321088.15115,531,3,7,18
1765321088.15115,531,4,0,6
1765321088.2019193,532,1,18,5
1765321088.2019193,532,2,0,18
1765321088.2019193,532,3,7,18
1765321088.2019193,532,4,0,6
1765321088.2528098,533,1,18,5
1765321088.2528098,533,2,0,18
1765321088.2528098,533,3,7,18
1765321088.2528098,533,4,0,6
1765321088.3035123,534,1,19,5
1765321088.3035123,534,2,0,18
1765321088.3035123,534,3,7,18
1765321088.3035123,534,4,0,6
1765321088.3542771,535,1,19,5
1765321088.3542771,535,2,0,17
1765321088.3542771,535,3,7,18
1765321088.3542771,535,4,0,6
1765321088.4052055,536,1,19,5
1765321088.4052055,536,2,0,17
1765321088.4052055,536,3,7,18
1765321088.4052055,536,4,0,6
1765321088.4558847,537,1,19,5
1765321088.4558847,537,2,0,17
1765321088.4558847,537,3,7,18
1765321088.4558847,537,4,0,6
1765321088.5067863,538,1,19,5
1765321088.5067863,538,2,0,17
1765321088.5067863,538,3,7,18
1765321088.5067863,538,4,0,6
1765321088.5577183,539,1,19,5
1765321088.5577183,539,2,0,17
1765321088.5577183,539,3,7,18
1765321088.5577183,539,4,0,6
1765321088.6088052,540,1,19,5
1765321088.6088052,540,2,0,17
1765321088.6088052,540,3,7,18
1765321088.6088052,540,4,0,6
1765321088.660079,541,1,19,5
1765321088.660079,541,2,0,17
1765321088.660079,541,3,7,18
1765321088.660079,541,4,0,6
1765321088.7110667,542,1,19,6
1765321088.7110667,542,2,0,17
1765321088.7110667,542,3,7,18
1765321088.7110667,542,4,0,6
1765321088.7617414,543,1,19,6
1765321088.7617414,543,2,0,17
1765321088.7617414,543,3,7,18
1765321088.7617414,543,4,0,6
1765321088.8125238,544,1,19,6
1765321088.8125238,544,2,0,17
1765321088.8125238,544,3,7,18
1765321088.8125238,544,4,0,6
1765321088.8630843,545,1,19,6
1765321088.8630843,545,2,0,17
1765321088.8630843,545,3,7,18
1765321088.8630843,545,4,0,6
1765321088.9140332,546,1,19,7
1765321088.9140332,546,2,0,17
1765321088.9140332,546,3,7,18
1765321088.9140332,546,4,0,6
1765321088.9645197,547,1,19,7
1765321088.9645197,547,2,0,17
1765321088.9645197,547,3,7,18
1765321088.9645197,547,4,0,6
1765321089.0152485,548,1,19,8
1765321089.0152485,548,2,0,17
1765321089.0152485,548,3,7,18
1765321089.0152485,548,4,0,6
1765321089.0659802,549,1,19,8
1765321089.0659802,549,2,0,17
1765321089.0659802,549,3,7,18
1765321089.0659802,549,4,0,7
1765321089.1172323,550,1,19,8
1765321089.1172323,550,2,0,17
1765321089.1172323,550,3,7,18
1765321089.1172323,550,4,0,7
1765321089.168531,551,1,19,8
1765321089.168531,551,2,0,17
1765321089.168531,551,3,7,18
1765321089.168531,551,4,0,7
1765321089.219076,552,1,19,8
1765321089.219076,552,2,0,17
1765321089.219076,552,3,8,18
1765321089.219076,552,4,0,7
1765321089.269946,553,1,19,8
1765321089.269946,553,2,0,17
1765321089.269946,553,3,8,18
1765321089.269946,553,4,0,8
1765321089.321207,554,1,19,8
1765321089.321207,554,2,0,17
1765321089.321207,554,3,8,18
1765321089.321207,554,4,0,8
1765321089.371863,555,1,19,8
1765321089.371863,555,2,0,17
1765321089.371863,555,3,9,18
1765321089.371863,555,4,0,8
1765321089.4223762,556,1,19,8
1765321089.4223762,556,2,0,17
1765321089.4223762,556,3,9,18
1765321089.4223762,556,4,0,8
1765321089.4731781,557,1,19,8
1765321089.4731781,557,2,0,17
1765321089.4731781,557,3,9,18
1765321089.4731781,557,4,0,8
1765321089.5241282,558,1,19,9
1765321089.5241282,558,2,0,17
1765321089.5241282,558,3,9,18
1765321089.5241282,558,4,0,8
1765321089.5747337,559,1,19,9
1765321089.5747337,559,2,0,17
1765321089.5747337,559,3,9,18
1765321089.5747337,559,4,0,8
1765321089.6253858,560,1,19,9
1765321089.6253858,560,2,0,17
1765321089.6253858,560,3,9,18
1765321089.6253858,560,4,0,8
1765321089.676783,561,1,19,10
1765321089.676783,561,2,0,16
1765321089.676783,561,3,9,18
1765321089.676783,561,4,0,8
1765321089.7276998,562,1,19,10
1765321089.7276998,562,2,0,16
1765321089.7276998,562,3,9,18
1765321089.7276998,562,4,0,8
1765321089.7787075,563,1,19,10
1765321089.7787075,563,2,0,16
1765321089.7787075,563,3,9,18
1765321089.7787075,563,4,0,7
1765321089.8292863,564,1,19,11
1765321089.8292863,564,2,0,16
1765321089.8292863,564,3,9,18
1765321089.8292863,564,4,0,7
1765321089.8802772,565,1,19,11
1765321089.8802772,565,2,0,16
1765321089.8802772,565,3,9,18
1765321089.8802772,565,4,0,7
1765321089.9307559,566,1,19,12
1765321089.9307559,566,2,0,16
1765321089.9307559,566,3,9,18
1765321089.9307559,566,4,0,7
1765321089.9815347,567,1,19,12
1765321089.9815347,567,2,0,16
1765321089.9815347,567,3,9,18
1765321089.9815347,567,4,0,7
1765321090.032357,568,1,19,12
1765321090.032357,568,2,0,16
1765321090.032357,568,3,9,18
1765321090.032357,568,4,0,7
1765321090.0831964,569,1,19,12
1765321090.0831964,569,2,0,16
1765321090.0831964,569,3,8,18
1765321090.0831964,569,4,0,7
1765321090.1339893,570,1,19,12
1765321090.1339893,570,2,0,16
1765321090.1339893,570,3,8,18
1765321090.1339893,570,4,0,7
1765321090.1853678,571,1,19,12
1765321090.1853678,571,2,0,15
1765321090.1853678,571,3,8,18
1765321090.1853678,571,4,0,7
1765321090.2362745,572,1,18,12
1765321090.2362745,572,2,0,15
1765321090.2362745,572,3,8,18
1765321090.2362745,572,4,0,7
1765321090.2870305,573,1,18,12
1765321090.2870305,573,2,0,15
1765321090.2870305,573,3,8,18
1765321090.2870305,573,4,0,7
1765321090.337777,574,1,18,12
1765321090.337777,574,2,0,14
1765321090.337777,574,3,8,18
1765321090.337777,574,4,0,7
1765321090.389294,575,1,17,12
1765321090.389294,575,2,0,14
1765321090.389294,575,3,8,18
1765321090.389294,575,4,0,7
1765321090.4399667,576,1,17,12
1765321090.4399667,576,2,0,14
1765321090.4399667,576,3,8,17
1765321090.4399667,576,4,0,7
1765321090.4905455,577,1,17,12
1765321090.4905455,577,2,0,14
1765321090.4905455,577,3,8,17
1765321090.4905455,577,4,0,7
1765321090.5413983,578,1,16,12
1765321090.5413983,578,2,0,14
1765321090.5413983,578,3,8,17
1765321090.5413983,578,4,0,7
1765321090.5922458,579,1,16,12
1765321090.5922458,579,2,0,14
1765321090.5922458,579,3,8,17
1765321090.5922458,579,4,0,7
1765321090.6427128,580,1,16,12
1765321090.6427128,580,2,0,14
1765321090.6427128,580,3,8,17
1765321090.6427128,580,4,0,7
1765321090.6942325,581,1,15,12
1765321090.6942325,581,2,0,14
1765321090.6942325,581,3,8,17
1765321090.6942325,581,4,0,7
1765321090.7449253,582,1,15,12
1765321090.7449253,582,2,0,14
1765321090.7449253,582,3,8,17
1765321090.7449253,582,4,0,7
1765321090.7957492,583,1,15,12
1765321090.7957492,583,2,0,14
1765321090.7957492,583,3,8,17
1765321090.7957492,583,4,0,7
1765321090.8464847,584,1,15,11
1765321090.8464847,584,2,0,14
1765321090.8464847,584,3,8,17
1765321090.8464847,584,4,0,7
1765321090.8974319,585,1,15,11
1765321090.8974319,585,2,0,14
1765321090.8974319,585,3,8,16
1765321090.8974319,585,4,0,7
1765321090.9483159,586,1,15,11
1765321090.9483159,586,2,0,14
1765321090.9483159,586,3,8,16
1765321090.9483159,586,4,0,7
1765321090.999224,587,1,15,11
1765321090.999224,587,2,0,14
1765321090.999224,587,3,8,16
1765321090.999224,587,4,0,7
1765321091.05318,588,1,15,11
1765321091.05318,588,2,0,14
1765321091.05318,588,3,8,16
1765321091.05318,588,4,0,7
1765321091.103914,589,1,15,11
1765321091.103914,589,2,0,14
1765321091.103914,589,3,8,15
1765321091.103914,589,4,0,6
1765321091.1545532,590,1,15,11
1765321091.1545532,590,2,0,14
1765321091.1545532,590,3,8,15
1765321091.1545532,590,4,0,6
1765321091.2060206,591,1,15,11
1765321091.2060206,591,2,0,14
1765321091.2060206,591,3,8,15
1765321091.2060206,591,4,0,6
1765321091.2569616,592,1,15,11
1765321091.2569616,592,2,0,13
1765321091.2569616,592,3,8,15
1765321091.2569616,592,4,0,6
1765321091.3076794,593,1,15,11
1765321091.3076794,593,2,0,13
1765321091.3076794,593,3,8,15
1765321091.3076794,593,4,0,6
1765321091.3595383,594,1,15,11
1765321091.3595383,594,2,0,13
1765321091.3595383,594,3,8,15
1765321091.3595383,594,4,0,6
1765321091.4100287,595,1,15,11
1765321091.4100287,595,2,0,13
1765321091.4100287,595,3,8,15
1765321091.4100287,595,4,0,6
1765321091.4606194,596,1,16,11
1765321091.4606194,596,2,0,13
1765321091.4606194,596,3,8,15
1765321091.4606194,596,4,0,6
1765321091.5111032,597,1,16,11
1765321091.5111032,597,2,0,13
1765321091.5111032,597,3,8,15
1765321091.5111032,597,4,0,6
1765321091.5620158,598,1,16,11
1765321091.5620158,598,2,0,13
1765321091.5620158,598,3,8,15
1765321091.5620158,598,4,0,5
1765321091.6124787,599,1,16,11
1765321091.6124787,599,2,0,13
1765321091.6124787,599,3,8,15
1765321091.6124787,599,4,0,5
1765321091.6630335,600,1,16,11
1765321091.6630335,600,2,0,13
1765321091.6630335,600,3,8,15
1765321091.6630335,600,4,0,5
1765321091.7145872,601,1,16,11
1765321091.7145872,601,2,0,13
1765321091.7145872,601,3,8,15
1765321091.7145872,601,4,0,5
1765321091.7652059,602,1,16,11
1765321091.7652059,602,2,0,13
1765321091.7652059,602,3,8,15
1765321091.7652059,602,4,0,4
1765321091.8159,603,1,16,11
1765321091.8159,603,2,0,13
1765321091.8159,603,3,8,15
1765321091.8159,603,4,0,4
1765321091.8664255,604,1,17,11
1765321091.8664255,604,2,1,13
1765321091.8664255,604,3,7,15
1765321091.8664255,604,4,0,4
1765321091.9174566,605,1,17,11
1765321091.9174566,605,2,1,13
1765321091.9174566,605,3,7,15
1765321091.9174566,605,4,0,4
1765321091.9683032,606,1,17,11
1765321091.9683032,606,2,1,13
1765321091.9683032,606,3,7,14
1765321091.9683032,606,4,0,4
1765321092.0192142,607,1,17,12
1765321092.0192142,607,2,1,13
1765321092.0192142,607,3,7,14
1765321092.0192142,607,4,0,4
1765321092.0701087,608,1,17,12
1765321092.0701087,608,2,1,13
1765321092.0701087,608,3,7,14
1765321092.0701087,608,4,0,4
1765321092.1208546,609,1,17,12
1765321092.1208546,609,2,1,13
1765321092.1208546,609,3,7,14
1765321092.1208546,609,4,0,4
1765321092.1715763,610,1,17,12
1765321092.1715763,610,2,1,13
1765321092.1715763,610,3,7,14
1765321092.1715763,610,4,0,4
1765321092.223022,611,1,17,13
1765321092.223022,611,2,1,13
1765321092.223022,611,3,7,14
1765321092.223022,611,4,0,4
1765321092.2738457,612,1,17,13
1765321092.2738457,612,2,1,13
1765321092.2738457,612,3,7,14
1765321092.2738457,612,4,0,4
1765321092.3245032,613,1,17,14
1765321092.3245032,613,2,1,13
1765321092.3245032,613,3,7,14
1765321092.3245032,613,4,0,4
1765321092.3751633,614,1,17,14
1765321092.3751633,614,2,1,13
1765321092.3751633,614,3,7,14
1765321092.3751633,614,4,0,4
1765321092.4259164,615,1,17,14
1765321092.4259164,615,2,1,13
1765321092.4259164,615,3,7,14
1765321092.4259164,615,4,0,4
1765321092.4767604,616,1,17,14
1765321092.4767604,616,2,1,13
1765321092.4767604,616,3,7,14
1765321092.4767604,616,4,0,4
1765321092.527553,617,1,17,14
1765321092.527553,617,2,1,13
1765321092.527553,617,3,7,14
1765321092.527553,617,4,0,4
1765321092.5785313,618,1,16,14
1765321092.5785313,618,2,1,13
1765321092.5785313,618,3,8,14
1765321092.5785313,618,4,0,4
1765321092.629375,619,1,16,14
1765321092.629375,619,2,1,13
1765321092.629375,619,3,8,14
1765321092.629375,619,4,0,4
1765321092.6800299,620,1,16,14
1765321092.6800299,620,2,1,13
1765321092.6800299,620,3,8,14
1765321092.6800299,620,4,0,3
1765321092.7313268,621,1,16,14
1765321092.7313268,621,2,1,13
1765321092.7313268,621,3,8,14
1765321092.7313268,621,4,0,3
1765321092.7819562,622,1,15,14
1765321092.7819562,622,2,1,13
1765321092.7819562,622,3,8,14
1765321092.7819562,622,4,0,3
1765321092.8328035,623,1,15,14
1765321092.8328035,623,2,1,13
1765321092.8328035,623,3,8,14
1765321092.8328035,623,4,0,3
1765321092.8834152,624,1,15,14
1765321092.8834152,624,2,1,13
1765321092.8834152,624,3,8,13
1765321092.8834152,624,4,0,3
1765321092.9341745,625,1,14,14
1765321092.9341745,625,2,1,13
1765321092.9341745,625,3,8,13
1765321092.9341745,625,4,0,3
1765321092.985056,626,1,14,14
1765321092.985056,626,2,1,13
1765321092.985056,626,3,8,13
1765321092.985056,626,4,0,3
1765321093.035724,627,1,14,14
1765321093.035724,627,2,1,13
1765321093.035724,627,3,8,13
1765321093.035724,627,4,0,3
1765321093.086714,628,1,14,13
1765321093.086714,628,2,1,13
1765321093.086714,628,3,8,13
1765321093.086714,628,4,0,3
1765321093.1375573,629,1,14,13
1765321093.1375573,629,2,1,13
1765321093.1375573,629,3,8,13
1765321093.1375573,629,4,0,3
1765321093.1882813,630,1,13,13
1765321093.1882813,630,2,1,13
1765321093.1882813,630,3,8,13
1765321093.1882813,630,4,0,3
1765321093.239324,631,1,13,13
1765321093.239324,631,2,1,13
1765321093.239324,631,3,8,13
1765321093.239324,631,4,0,3
1765321093.2900975,632,1,13,12
1765321093.2900975,632,2,1,13
1765321093.2900975,632,3,8,13
1765321093.2900975,632,4,1,3
1765321093.341236,633,1,13,12
1765321093.341236,633,2,2,13
1765321093.341236,633,3,8,13
1765321093.341236,633,4,1,3
1765321093.3922825,634,1,12,12
1765321093.3922825,634,2,2,13
1765321093.3922825,634,3,8,13
1765321093.3922825,634,4,1,3
1765321093.443153,635,1,12,12
1765321093.443153,635,2,2,13
1765321093.443153,635,3,8,13
1765321093.443153,635,4,1,3
1765321093.4936097,636,1,12,11
1765321093.4936097,636,2,2,13
1765321093.4936097,636,3,8,13
1765321093.4936097,636,4,1,3
1765321093.544076,637,1,11,11
1765321093.544076,637,2,2,13
1765321093.544076,637,3,8,13
1765321093.544076,637,4,1,2
1765321093.5948133,638,1,11,10
1765321093.5948133,638,2,2,13
1765321093.5948133,638,3,8,12
1765321093.5948133,638,4,1,2
1765321093.6452212,639,1,11,10
1765321093.6452212,639,2,2,13
1765321093.6452212,639,3,8,12
1765321093.6452212,639,4,1,2
1765321093.6957586,640,1,11,10
1765321093.6957586,640,2,2,13
1765321093.6957586,640,3,8,12
1765321093.6957586,640,4,1,2
1765321093.7471526,641,1,11,10
1765321093.7471526,641,2,2,13
1765321093.7471526,641,3,8,12
1765321093.7471526,641,4,1,2
1765321093.7980764,642,1,11,9
1765321093.7980764,642,2,2,13
1765321093.7980764,642,3,8,12
1765321093.7980764,642,4,1,2
1765321093.8489408,643,1,10,9
1765321093.8489408,643,2,2,13
1765321093.8489408,643,3,8,12
1765321093.8489408,643,4,1,2
1765321093.8998463,644,1,10,9
1765321093.8998463,644,2,2,12
1765321093.8998463,644,3,8,12
1765321093.8998463,644,4,1,2
1765321093.950623,645,1,10,9
1765321093.950623,645,2,2,12
1765321093.950623,645,3,8,12
1765321093.950623,645,4,1,2
1765321094.0012872,646,1,10,9
1765321094.0012872,646,2,2,12
1765321094.0012872,646,3,8,12
1765321094.0012872,646,4,1,2
1765321094.0544424,647,1,9,9
1765321094.0544424,647,2,2,12
1765321094.0544424,647,3,9,12
1765321094.0544424,647,4,1,2
1765321094.1052537,648,1,9,9
1765321094.1052537,648,2,2,12
1765321094.1052537,648,3,9,12
1765321094.1052537,648,4,1,2
1765321094.1558108,649,1,9,9
1765321094.1558108,649,2,2,12
1765321094.1558108,649,3,9,12
1765321094.1558108,649,4,1,2
1765321094.2064636,650,1,9,9
1765321094.2064636,650,2,2,12
1765321094.2064636,650,3,9,12
1765321094.2064636,650,4,1,2
1765321094.2580688,651,1,8,9
1765321094.2580688,651,2,3,12
1765321094.2580688,651,3,9,12
1765321094.2580688,651,4,1,1
1765321094.3088953,652,1,8,9
1765321094.3088953,652,2,3,12
1765321094.3088953,652,3,9,12
1765321094.3088953,652,4,1,1
1765321094.3597147,653,1,8,9
1765321094.3597147,653,2,3,12
1765321094.3597147,653,3,9,12
1765321094.3597147,653,4,1,1
1765321094.4101942,654,1,8,9
1765321094.4101942,654,2,3,12
1765321094.4101942,654,3,9,12
1765321094.4101942,654,4,1,1
1765321094.4607673,655,1,7,9
1765321094.4607673,655,2,3,12
1765321094.4607673,655,3,9,12
1765321094.4607673,655,4,1,1
1765321094.5115254,656,1,7,9
1765321094.5115254,656,2,3,12
1765321094.5115254,656,3,9,12
1765321094.5115254,656,4,1,1
1765321094.5622778,657,1,7,9
1765321094.5622778,657,2,3,12
1765321094.5622778,657,3,9,12
1765321094.5622778,657,4,1,1
1765321094.6128771,658,1,6,9
1765321094.6128771,658,2,3,12
1765321094.6128771,658,3,9,12
1765321094.6128771,658,4,1,1
1765321094.6635141,659,1,6,9
1765321094.6635141,659,2,3,12
1765321094.6635141,659,3,9,11
1765321094.6635141,659,4,1,1
1765321094.7145455,660,1,6,9
1765321094.7145455,660,2,3,12
1765321094.7145455,660,3,9,11
1765321094.7145455,660,4,2,1
1765321094.767058,661,1,5,9
1765321094.767058,661,2,3,12
1765321094.767058,661,3,9,11
1765321094.767058,661,4,2,1
1765321094.8178937,662,1,5,9
1765321094.8178937,662,2,3,12
1765321094.8178937,662,3,9,11
1765321094.8178937,662,4,2,1
1765321094.8684413,663,1,5,9
1765321094.8684413,663,2,3,12
1765321094.8684413,663,3,9,11
1765321094.8684413,663,4,2,1
1765321094.9197745,664,1,5,9
1765321094.9197745,664,2,2,12
1765321094.9197745,664,3,9,11
1765321094.9197745,664,4,2,1
1765321094.9703522,665,1,5,9
1765321094.9703522,665,2,2,12
1765321094.9703522,665,3,9,11
1765321094.9703522,665,4,2,1
1765321095.0213344,666,1,5,9
1765321095.0213344,666,2,2,12
1765321095.0213344,666,3,10,11
1765321095.0213344,666,4,2,1
1765321095.0722501,667,1,5,9
1765321095.0722501,667,2,2,11
1765321095.0722501,667,3,10,11
1765321095.0722501,667,4,2,1
1765321095.1232338,668,1,5,9
1765321095.1232338,668,2,2,11
1765321095.1232338,668,3,10,11
1765321095.1232338,668,4,2,1
1765321095.1739328,669,1,5,9
1765321095.1739328,669,2,2,11
1765321095.1739328,669,3,10,11
1765321095.1739328,669,4,2,1
1765321095.2245803,670,1,4,9
1765321095.2245803,670,2,3,11
1765321095.2245803,670,3,10,11
1765321095.2245803,670,4,2,1
1765321095.275851,671,1,4,9
1765321095.275851,671,2,3,11
1765321095.275851,671,3,10,11
1765321095.275851,671,4,2,1
1765321095.3267264,672,1,4,9
1765321095.3267264,672,2,3,11
1765321095.3267264,672,3,10,11
1765321095.3267264,672,4,2,0
1765321095.3775759,673,1,4,9
1765321095.3775759,673,2,3,11
1765321095.3775759,673,3,10,11
1765321095.3775759,673,4,2,0
1765321095.4286041,674,1,3,9
1765321095.4286041,674,2,3,11
1765321095.4286041,674,3,10,11
1765321095.4286041,674,4,2,0
1765321095.4793677,675,1,3,9
1765321095.4793677,675,2,3,11
1765321095.4793677,675,3,10,11
1765321095.4793677,675,4,2,0
1765321095.530284,676,1,3,8
1765321095.530284,676,2,3,11
1765321095.530284,676,3,10,11
1765321095.530284,676,4,2,0
1765321095.5810642,677,1,3,8
1765321095.5810642,677,2,3,12
1765321095.5810642,677,3,10,11
1765321095.5810642,677,4,2,0
1765321095.6315863,678,1,3,8
1765321095.6315863,678,2,3,12
1765321095.6315863,678,3,10,11
1765321095.6315863,678,4,2,0
1765321095.682192,679,1,2,8
1765321095.682192,679,2,3,12
1765321095.682192,679,3,9,11
1765321095.682192,679,4,3,0
1765321095.7330117,680,1,2,8
1765321095.7330117,680,2,3,12
1765321095.7330117,680,3,9,11
1765321095.7330117,680,4,3,0
1765321095.7988024,681,1,2,7
1765321095.7988024,681,2,3,12
1765321095.7988024,681,3,9,11
1765321095.7988024,681,4,3,0
1765321095.850364,682,1,2,7
1765321095.850364,682,2,3,12
1765321095.850364,682,3,9,10
1765321095.850364,682,4,3,0
1765321095.9013577,683,1,2,7
1765321095.9013577,683,2,2,12
1765321095.9013577,683,3,9,10
1765321095.9013577,683,4,3,0
1765321095.952096,684,1,2,7
1765321095.952096,684,2,2,12
1765321095.952096,684,3,10,10
1765321095.952096,684,4,3,0
1765321096.0028782,685,1,2,7
1765321096.0028782,685,2,2,12
1765321096.0028782,685,3,10,10
1765321096.0028782,685,4,3,0
1765321096.0538952,686,1,2,7
1765321096.0538952,686,2,2,12
1765321096.0538952,686,3,10,10
1765321096.0538952,686,4,3,0
1765321096.1048799,687,1,2,7
1765321096.1048799,687,2,2,12
1765321096.1048799,687,3,10,10
1765321096.1048799,687,4,3,0
1765321096.1555984,688,1,2,7
1765321096.1555984,688,2,2,12
1765321096.1555984,688,3,10,10
1765321096.1555984,688,4,3,0
1765321096.2061687,689,1,2,7
1765321096.2061687,689,2,2,12
1765321096.2061687,689,3,10,10
1765321096.2061687,689,4,3,0
1765321096.2568872,690,1,2,7
1765321096.2568872,690,2,2,12
1765321096.2568872,690,3,10,10
1765321096.2568872,690,4,3,0
1765321096.3081162,691,1,2,7
1765321096.3081162,691,2,2,12
1765321096.3081162,691,3,10,11
1765321096.3081162,691,4,3,0
1765321096.3591425,692,1,3,7
1765321096.3591425,692,2,2,12
1765321096.3591425,692,3,10,11
1765321096.3591425,692,4,2,0
1765321096.410177,693,1,3,7
1765321096.410177,693,2,1,12
1765321096.410177,693,3,10,11
1765321096.410177,693,4,2,0
1765321096.4607074,694,1,3,7
1765321096.4607074,694,2,1,12
1765321096.4607074,694,3,10,11
1765321096.4607074,694,4,2,0
1765321096.511607,695,1,3,7
1765321096.511607,695,2,1,12
1765321096.511607,695,3,10,11
1765321096.511607,695,4,2,0
1765321096.5622144,696,1,3,7
1765321096.5622144,696,2,1,12
1765321096.5622144,696,3,10,11
1765321096.5622144,696,4,2,0
1765321096.6130447,697,1,3,7
1765321096.6130447,697,2,1,12
1765321096.6130447,697,3,9,11
1765321096.6130447,697,4,3,0
1765321096.6636357,698,1,3,6
1765321096.6636357,698,2,1,12
1765321096.6636357,698,3,9,11
1765321096.6636357,698,4,3,0
1765321096.7146025,699,1,3,6
1765321096.7146025,699,2,1,12
1765321096.7146025,699,3,9,11
1765321096.7146025,699,4,3,0
1765321096.7657855,700,1,3,6
1765321096.7657855,700,2,1,12
1765321096.7657855,700,3,9,11
1765321096.7657855,700,4,3,0
1765321096.817736,701,1,3,6
1765321096.817736,701,2,1,12
1765321096.817736,701,3,9,11
1765321096.817736,701,4,3,0
1765321096.8684018,702,1,3,6
1765321096.8684018,702,2,2,12
1765321096.8684018,702,3,9,11
1765321096.8684018,702,4,3,0
1765321096.9191506,703,1,3,6
1765321096.9191506,703,2,2,12
1765321096.9191506,703,3,9,11
1765321096.9191506,703,4,3,0
1765321096.9699528,704,1,3,6
1765321096.9699528,704,2,2,12
1765321096.9699528,704,3,9,11
1765321096.9699528,704,4,3,1
1765321097.020612,705,1,2,6
1765321097.020612,705,2,2,12
1765321097.020612,705,3,9,11
1765321097.020612,705,4,3,1
1765321097.072779,706,1,2,6
1765321097.072779,706,2,2,12
1765321097.072779,706,3,9,11
1765321097.072779,706,4,3,1
1765321097.123632,707,1,2,6
1765321097.123632,707,2,2,11
1765321097.123632,707,3,9,11
1765321097.123632,707,4,3,1
1765321097.174325,708,1,2,6
1765321097.174325,708,2,2,11
1765321097.174325,708,3,8,11
1765321097.174325,708,4,3,1
1765321097.2248168,709,1,1,6
1765321097.2248168,709,2,2,11
1765321097.2248168,709,3,8,11
1765321097.2248168,709,4,3,1
1765321097.2777362,710,1,1,6
1765321097.2777362,710,2,2,11
1765321097.2777362,710,3,8,11
1765321097.2777362,710,4,2,1
1765321097.3292007,711,1,1,6
1765321097.3292007,711,2,2,11
1765321097.3292007,711,3,8,11
1765321097.3292007,711,4,2,1
1765321097.3799376,712,1,1,6
1765321097.3799376,712,2,2,11
1765321097.3799376,712,3,8,11
1765321097.3799376,712,4,2,1
1765321097.4308567,713,1,1,6
1765321097.4308567,713,2,2,11
1765321097.4308567,713,3,8,11
1765321097.4308567,713,4,2,1
1765321097.4815395,714,1,2,6
1765321097.4815395,714,2,2,11
1765321097.4815395,714,3,8,11
1765321097.4815395,714,4,2,1
1765321097.5321245,715,1,2,6
1765321097.5321245,715,2,2,11
1765321097.5321245,715,3,8,11
1765321097.5321245,715,4,2,1
1765321097.582776,716,1,2,6
1765321097.582776,716,2,1,11
1765321097.582776,716,3,9,11
1765321097.582776,716,4,2,1
1765321097.6333694,717,1,2,6
1765321097.6333694,717,2,1,11
1765321097.6333694,717,3,9,11
1765321097.6333694,717,4,2,1
1765321097.6838999,718,1,2,6
1765321097.6838999,718,2,1,11
1765321097.6838999,718,3,9,11
1765321097.6838999,718,4,2,1
1765321097.7346826,719,1,3,6
1765321097.7346826,719,2,1,11
1765321097.7346826,719,3,9,11
1765321097.7346826,719,4,2,1
1765321097.786392,720,1,3,6
1765321097.786392,720,2,1,11
1765321097.786392,720,3,9,11
1765321097.786392,720,4,2,1
1765321097.83884,721,1,3,6
1765321097.83884,721,2,1,11
1765321097.83884,721,3,9,11
1765321097.83884,721,4,1,1
1765321097.889436,722,1,4,6
1765321097.889436,722,2,1,11
1765321097.889436,722,3,9,10
1765321097.889436,722,4,1,1
1765321097.9398928,723,1,4,6
1765321097.9398928,723,2,1,11
1765321097.9398928,723,3,9,10
1765321097.9398928,723,4,1,1
1765321097.99036,724,1,5,6
1765321097.99036,724,2,1,11
1765321097.99036,724,3,9,10
1765321097.99036,724,4,1,1
1765321098.0412056,725,1,5,6
1765321098.0412056,725,2,2,11
1765321098.0412056,725,3,9,10
1765321098.0412056,725,4,1,1
1765321098.0920684,726,1,5,6
1765321098.0920684,726,2,2,11
1765321098.0920684,726,3,9,10
1765321098.0920684,726,4,1,1
1765321098.1428857,727,1,5,6
1765321098.1428857,727,2,2,11
1765321098.1428857,727,3,9,10
1765321098.1428857,727,4,1,1
1765321098.193808,728,1,5,6
1765321098.193808,728,2,2,11
1765321098.193808,728,3,9,10
1765321098.193808,728,4,1,1
1765321098.2447226,729,1,5,7
1765321098.2447226,729,2,2,11
1765321098.2447226,729,3,9,10
1765321098.2447226,729,4,2,1
1765321098.295603,730,1,5,8
1765321098.295603,730,2,2,11
1765321098.295603,730,3,9,10
1765321098.295603,730,4,2,1
1765321098.3470216,731,1,5,8
1765321098.3470216,731,2,2,11
1765321098.3470216,731,3,8,10
1765321098.3470216,731,4,2,1
1765321098.397988,732,1,5,8
1765321098.397988,732,2,2,12
1765321098.397988,732,3,8,10
1765321098.397988,732,4,2,1
1765321098.448539,733,1,5,9
1765321098.448539,733,2,2,12
1765321098.448539,733,3,8,10
1765321098.448539,733,4,2,1
1765321098.4989903,734,1,5,9
1765321098.4989903,734,2,2,12
1765321098.4989903,734,3,8,10
1765321098.4989903,734,4,2,1
1765321098.5499153,735,1,5,9
1765321098.5499153,735,2,2,12
1765321098.5499153,735,3,8,10
1765321098.5499153,735,4,2,0
1765321098.6011548,736,1,5,9
1765321098.6011548,736,2,2,12
1765321098.6011548,736,3,8,10
1765321098.6011548,736,4,2,0
1765321098.6522055,737,1,5,10
1765321098.6522055,737,2,2,12
1765321098.6522055,737,3,8,10
1765321098.6522055,737,4,2,0
1765321098.702649,738,1,5,10
1765321098.702649,738,2,2,12
1765321098.702649,738,3,8,10
1765321098.702649,738,4,2,0
1765321098.7532604,739,1,5,10
1765321098.7532604,739,2,2,12
1765321098.7532604,739,3,8,10
1765321098.7532604,739,4,2,0
1765321098.8039773,740,1,5,11
1765321098.8039773,740,2,2,12
1765321098.8039773,740,3,9,10
1765321098.8039773,740,4,2,0
1765321098.85542,741,1,5,11
1765321098.85542,741,2,2,12
1765321098.85542,741,3,9,10
1765321098.85542,741,4,2,0
1765321098.9063413,742,1,5,12
1765321098.9063413,742,2,3,12
1765321098.9063413,742,3,9,10
1765321098.9063413,742,4,2,0
1765321098.9569714,743,1,5,12
1765321098.9569714,743,2,3,12
1765321098.9569714,743,3,9,10
1765321098.9569714,743,4,2,0
1765321099.0079198,744,1,5,12
1765321099.0079198,744,2,3,12
1765321099.0079198,744,3,9,10
1765321099.0079198,744,4,1,0
1765321099.0585947,745,1,5,13
1765321099.0585947,745,2,3,12
1765321099.0585947,745,3,9,10
1765321099.0585947,745,4,1,0
1765321099.1091428,746,1,5,13
1765321099.1091428,746,2,3,12
1765321099.1091428,746,3,9,10
1765321099.1091428,746,4,1,0
1765321099.1601365,747,1,5,13
1765321099.1601365,747,2,3,12
1765321099.1601365,747,3,9,11
1765321099.1601365,747,4,1,0
1765321099.2108397,748,1,5,14
1765321099.2108397,748,2,3,12
1765321099.2108397,748,3,9,11
1765321099.2108397,748,4,1,0
1765321099.2615414,749,1,5,14
1765321099.2615414,749,2,3,12
1765321099.2615414,749,3,9,11
1765321099.2615414,749,4,1,0
1765321099.3121915,750,1,5,14
1765321099.3121915,750,2,3,12
1765321099.3121915,750,3,9,11
1765321099.3121915,750,4,1,0
1765321099.3634088,751,1,5,15
1765321099.3634088,751,2,3,12
1765321099.3634088,751,3,9,11
1765321099.3634088,751,4,1,0
1765321099.414399,752,1,5,15
1765321099.414399,752,2,3,12
1765321099.414399,752,3,9,11
1765321099.414399,752,4,1,0
1765321099.4652057,753,1,5,15
1765321099.4652057,753,2,3,12
1765321099.4652057,753,3,9,11
1765321099.4652057,753,4,2,0
1765321099.516008,754,1,5,15
1765321099.516008,754,2,3,12
1765321099.516008,754,3,9,11
1765321099.516008,754,4,2,0
1765321099.5666828,755,1,5,16
1765321099.5666828,755,2,3,12
1765321099.5666828,755,3,9,11
1765321099.5666828,755,4,2,0
1765321099.6172276,756,1,5,16
1765321099.6172276,756,2,3,12
1765321099.6172276,756,3,9,11
1765321099.6172276,756,4,2,0
1765321099.6680377,757,1,5,16
1765321099.6680377,757,2,3,12
1765321099.6680377,757,3,10,11
1765321099.6680377,757,4,2,0
1765321099.7188969,758,1,5,16
1765321099.7188969,758,2,3,12
1765321099.7188969,758,3,10,11
1765321099.7188969,758,4,2,0
1765321099.7697647,759,1,5,16
1765321099.7697647,759,2,3,12
1765321099.7697647,759,3,10,11
1765321099.7697647,759,4,2,0
1765321099.820332,760,1,4,16
1765321099.820332,760,2,3,12
1765321099.820332,760,3,10,11
1765321099.820332,760,4,2,1
1765321099.8721933,761,1,4,16
1765321099.8721933,761,2,3,11
1765321099.8721933,761,3,10,11
1765321099.8721933,761,4,2,1
1765321099.9236143,762,1,4,16
1765321099.9236143,762,2,3,11
1765321099.9236143,762,3,10,11
1765321099.9236143,762,4,2,1
1765321099.974126,763,1,3,16
1765321099.974126,763,2,3,11
1765321099.974126,763,3,10,11
1765321099.974126,763,4,2,1
1765321100.0248675,764,1,3,16
1765321100.0248675,764,2,3,11
1765321100.0248675,764,3,10,11
1765321100.0248675,764,4,2,1
1765321100.0776646,765,1,3,16
1765321100.0776646,765,2,3,11
1765321100.0776646,765,3,10,11
1765321100.0776646,765,4,2,1
1765321100.1282675,766,1,2,16
1765321100.1282675,766,2,3,11
1765321100.1282675,766,3,10,11
1765321100.1282675,766,4,2,1
1765321100.1790984,767,1,2,16
1765321100.1790984,767,2,3,11
1765321100.1790984,767,3,10,11
1765321100.1790984,767,4,2,1
1765321100.2294405,768,1,2,16
1765321100.2294405,768,2,3,11
1765321100.2294405,768,3,10,11
1765321100.2294405,768,4,2,1
1765321100.279985,769,1,2,16
1765321100.279985,769,2,3,11
1765321100.279985,769,3,10,11
1765321100.279985,769,4,2,1
1765321100.330869,770,1,2,16
1765321100.330869,770,2,4,11
1765321100.330869,770,3,10,11
1765321100.330869,770,4,3,1
1765321100.382233,771,1,2,15
1765321100.382233,771,2,4,11
1765321100.382233,771,3,10,11
1765321100.382233,771,4,3,1
1765321100.4330597,772,1,2,15
1765321100.4330597,772,2,4,11
1765321100.4330597,772,3,10,11
1765321100.4330597,772,4,3,1
1765321100.4839158,773,1,2,15
1765321100.4839158,773,2,4,11
1765321100.4839158,773,3,10,11
1765321100.4839158,773,4,3,1
1765321100.534674,774,1,2,14
1765321100.534674,774,2,3,11
1765321100.534674,774,3,10,11
1765321100.534674,774,4,3,1
1765321100.5852993,775,1,2,14
1765321100.5852993,775,2,3,11
1765321100.5852993,775,3,10,11
1765321100.5852993,775,4,3,1
1765321100.63626,776,1,2,14
1765321100.63626,776,2,3,11
1765321100.63626,776,3,10,10
1765321100.63626,776,4,3,1
1765321100.6867933,777,1,2,14
1765321100.6867933,777,2,3,11
1765321100.6867933,777,3,10,10
1765321100.6867933,777,4,3,1
1765321100.7375598,778,1,2,14
1765321100.7375598,778,2,3,11
1765321100.7375598,778,3,10,10
1765321100.7375598,778,4,3,1
1765321100.78824,779,1,2,14
1765321100.78824,779,2,3,12
1765321100.78824,779,3,10,10
1765321100.78824,779,4,3,1
1765321100.8392234,780,1,3,14
1765321100.8392234,780,2,3,12
1765321100.8392234,780,3,10,10
1765321100.8392234,780,4,3,1
1765321100.890639,781,1,3,14
1765321100.890639,781,2,3,12
1765321100.890639,781,3,10,10
1765321100.890639,781,4,3,1
1765321100.941986,782,1,3,14
1765321100.941986,782,2,3,12
1765321100.941986,782,3,10,10
1765321100.941986,782,4,3,1
1765321100.9927313,783,1,4,14
1765321100.9927313,783,2,3,12
1765321100.9927313,783,3,10,10
1765321100.9927313,783,4,3,1
1765321101.0436864,784,1,4,14
1765321101.0436864,784,2,3,12
1765321101.0436864,784,3,10,10
1765321101.0436864,784,4,3,1
1765321101.0948296,785,1,5,14
1765321101.0948296,785,2,3,12
1765321101.0948296,785,3,10,10
1765321101.0948296,785,4,3,1
1765321101.1456594,786,1,5,14
1765321101.1456594,786,2,3,12
1765321101.1456594,786,3,10,10
1765321101.1456594,786,4,3,1
1765321101.1965752,787,1,5,14
1765321101.1965752,787,2,3,12
1765321101.1965752,787,3,10,10
1765321101.1965752,787,4,3,1
1765321101.2470837,788,1,5,14
1765321101.2470837,788,2,4,12
1765321101.2470837,788,3,9,10
1765321101.2470837,788,4,3,1
1765321101.297877,789,1,5,13
1765321101.297877,789,2,4,12
1765321101.297877,789,3,9,10
1765321101.297877,789,4,3,0
1765321101.3486984,790,1,5,13
1765321101.3486984,790,2,4,12
1765321101.3486984,790,3,9,10
1765321101.3486984,790,4,3,0
1765321101.4001467,791,1,5,13
1765321101.4001467,791,2,4,12
1765321101.4001467,791,3,9,10
1765321101.4001467,791,4,3,0
1765321101.4507706,792,1,5,12
1765321101.4507706,792,2,4,13
1765321101.4507706,792,3,9,10
1765321101.4507706,792,4,3,0
1765321101.5021484,793,1,5,12
1765321101.5021484,793,2,4,13
1765321101.5021484,793,3,9,11
1765321101.5021484,793,4,3,0
1765321101.5528603,794,1,5,12
1765321101.5528603,794,2,4,13
1765321101.5528603,794,3,9,11
1765321101.5528603,794,4,3,0
1765321101.603551,795,1,5,11
1765321101.603551,795,2,4,13
1765321101.603551,795,3,9,11
1765321101.603551,795,4,3,0
1765321101.65451,796,1,5,11
1765321101.65451,796,2,4,13
1765321101.65451,796,3,9,11
1765321101.65451,796,4,3,0
1765321101.7049198,797,1,5,11
1765321101.7049198,797,2,4,13
1765321101.7049198,797,3,9,11
1765321101.7049198,797,4,4,0
1765321101.7556467,798,1,5,10
1765321101.7556467,798,2,4,13
1765321101.7556467,798,3,9,11
1765321101.7556467,798,4,4,0
1765321101.8064723,799,1,5,10
1765321101.8064723,799,2,4,13
1765321101.8064723,799,3,9,11
1765321101.8064723,799,4,4,0
1765321101.8569703,800,1,5,10
1765321101.8569703,800,2,4,13
1765321101.8569703,800,3,9,11
1765321101.8569703,800,4,4,0
1765321101.9084086,801,1,5,9
1765321101.9084086,801,2,4,13
1765321101.9084086,801,3,9,11
1765321101.9084086,801,4,3,0
1765321101.9591794,802,1,5,9
1765321101.9591794,802,2,4,13
1765321101.9591794,802,3,9,11
1765321101.9591794,802,4,3,0
1765321102.0100634,803,1,5,9
1765321102.0100634,803,2,4,13
1765321102.0100634,803,3,10,11
1765321102.0100634,803,4,3,0
1765321102.061035,804,1,5,8
1765321102.061035,804,2,4,13
1765321102.061035,804,3,10,11
1765321102.061035,804,4,3,0
1765321102.1116033,805,1,5,8
1765321102.1116033,805,2,4,13
1765321102.1116033,805,3,10,11
1765321102.1116033,805,4,3,0
1765321102.1621754,806,1,5,8
1765321102.1621754,806,2,4,13
1765321102.1621754,806,3,10,12
1765321102.1621754,806,4,3,1
1765321102.2129743,807,1,5,7
1765321102.2129743,807,2,4,13
1765321102.2129743,807,3,10,12
1765321102.2129743,807,4,3,1
1765321102.2637517,808,1,5,7
1765321102.2637517,808,2,4,13
1765321102.2637517,808,3,10,12
1765321102.2637517,808,4,3,1
1765321102.3145351,809,1,5,7
1765321102.3145351,809,2,4,13
1765321102.3145351,809,3,10,12
1765321102.3145351,809,4,3,1
1765321102.3657012,810,1,5,6
1765321102.3657012,810,2,4,13
1765321102.3657012,810,3,10,12
1765321102.3657012,810,4,3,1
1765321102.417259,811,1,5,6
1765321102.417259,811,2,4,13
1765321102.417259,811,3,10,12
1765321102.417259,811,4,3,1
1765321102.4677298,812,1,5,6
1765321102.4677298,812,2,4,13
1765321102.4677298,812,3,10,12
1765321102.4677298,812,4,3,1
1765321102.5183127,813,1,5,5
1765321102.5183127,813,2,4,13
1765321102.5183127,813,3,10,12
1765321102.5183127,813,4,3,1
1765321102.5689745,814,1,5,5
1765321102.5689745,814,2,4,13
1765321102.5689745,814,3,10,12
1765321102.5689745,814,4,3,1
1765321102.6196146,815,1,5,5
1765321102.6196146,815,2,4,13
1765321102.6196146,815,3,10,12
1765321102.6196146,815,4,3,1
1765321102.6703687,816,1,5,4
1765321102.6703687,816,2,4,13
1765321102.6703687,816,3,10,12
1765321102.6703687,816,4,4,1
1765321102.721279,817,1,5,4
1765321102.721279,817,2,4,13
1765321102.721279,817,3,10,12
1765321102.721279,817,4,4,1
1765321102.7721164,818,1,5,4
1765321102.7721164,818,2,4,12
1765321102.7721164,818,3,10,12
1765321102.7721164,818,4,4,1
1765321102.82255,819,1,5,3
1765321102.82255,819,2,4,12
1765321102.82255,819,3,10,12
1765321102.82255,819,4,4,2
1765321102.8730414,820,1,5,3
1765321102.8730414,820,2,4,12
1765321102.8730414,820,3,10,13
1765321102.8730414,820,4,4,2
1765321102.9247692,821,1,5,3
1765321102.9247692,821,2,4,12
1765321102.9247692,821,3,10,13
1765321102.9247692,821,4,4,2
1765321102.975135,822,1,5,2
1765321102.975135,822,2,4,12
1765321102.975135,822,3,10,13
1765321102.975135,822,4,4,2
1765321103.0262296,823,1,5,2
1765321103.0262296,823,2,4,12
1765321103.0262296,823,3,10,13
1765321103.0262296,823,4,4,2
1765321103.0788026,824,1,5,2
1765321103.0788026,824,2,4,12
1765321103.0788026,824,3,10,13
1765321103.0788026,824,4,4,2
1765321103.1294708,825,1,5,1
1765321103.1294708,825,2,4,13
1765321103.1294708,825,3,10,13
1765321103.1294708,825,4,4,2
1765321103.1802523,826,1,5,1
1765321103.1802523,826,2,4,13
1765321103.1802523,826,3,10,13
1765321103.1802523,826,4,4,2
1765321103.2309551,827,1,5,1
1765321103.2309551,827,2,4,13
1765321103.2309551,827,3,10,13
1765321103.2309551,827,4,4,2
1765321103.2819502,828,1,5,0
1765321103.2819502,828,2,4,13
1765321103.2819502,828,3,10,13
1765321103.2819502,828,4,4,2
1765321103.3328369,829,1,5,0
1765321103.3328369,829,2,4,13
1765321103.3328369,829,3,10,13
1765321103.3328369,829,4,4,2
1765321103.3835816,830,1,5,0
1765321103.3835816,830,2,4,13
1765321103.3835816,830,3,10,13
1765321103.3835816,830,4,4,2
1765321103.4350965,831,1,5,0
1765321103.4350965,831,2,4,13
1765321103.4350965,831,3,10,13
1765321103.4350965,831,4,4,2
1765321103.4858212,832,1,5,0
1765321103.4858212,832,2,4,13
1765321103.4858212,832,3,10,12
1765321103.4858212,832,4,4,2
1765321103.5369043,833,1,5,0
1765321103.5369043,833,2,4,13
1765321103.5369043,833,3,10,12
1765321103.5369043,833,4,4,2
1765321103.5876417,834,1,5,0
1765321103.5876417,834,2,4,13
1765321103.5876417,834,3,10,12
1765321103.5876417,834,4,4,3
1765321103.638617,835,1,5,0
1765321103.638617,835,2,4,13
1765321103.638617,835,3,10,12
1765321103.638617,835,4,4,3
1765321103.6895258,836,1,5,0
1765321103.6895258,836,2,4,13
1765321103.6895258,836,3,10,12
1765321103.6895258,836,4,4,3
1765321103.7404897,837,1,5,0
1765321103.7404897,837,2,4,13
1765321103.7404897,837,3,10,12
1765321103.7404897,837,4,4,3
1765321103.7912035,838,1,5,0
1765321103.7912035,838,2,4,13
1765321103.7912035,838,3,10,12
1765321103.7912035,838,4,4,3
1765321103.8420594,839,1,6,0
1765321103.8420594,839,2,4,13
1765321103.8420594,839,3,10,12
1765321103.8420594,839,4,4,3
1765321103.8924932,840,1,6,0
1765321103.8924932,840,2,4,13
1765321103.8924932,840,3,10,13
1765321103.8924932,840,4,4,3
1765321103.9441924,841,1,6,0
1765321103.9441924,841,2,4,13
1765321103.9441924,841,3,10,13
1765321103.9441924,841,4,4,3
1765321103.9947872,842,1,6,0
1765321103.9947872,842,2,4,13
1765321103.9947872,842,3,10,13
1765321103.9947872,842,4,4,3
1765321104.0454564,843,1,6,0
1765321104.0454564,843,2,4,13
1765321104.0454564,843,3,10,13
1765321104.0454564,843,4,4,3
1765321104.0961404,844,1,6,0
1765321104.0961404,844,2,4,13
1765321104.0961404,844,3,10,13
1765321104.0961404,844,4,4,3
1765321104.1468737,845,1,7,0
1765321104.1468737,845,2,4,13
1765321104.1468737,845,3,10,14
1765321104.1468737,845,4,4,2
1765321104.1974175,846,1,7,0
1765321104.1974175,846,2,3,13
1765321104.1974175,846,3,10,14
1765321104.1974175,846,4,4,2
1765321104.2482893,847,1,7,0
1765321104.2482893,847,2,3,13
1765321104.2482893,847,3,10,14
1765321104.2482893,847,4,4,2
1765321104.2988882,848,1,8,0
1765321104.2988882,848,2,3,13
1765321104.2988882,848,3,10,14
1765321104.2988882,848,4,4,2
1765321104.3496609,849,1,8,0
1765321104.3496609,849,2,3,13
1765321104.3496609,849,3,10,14
1765321104.3496609,849,4,4,2
1765321104.4005034,850,1,8,0
1765321104.4005034,850,2,3,13
1765321104.4005034,850,3,10,14
1765321104.4005034,850,4,4,2
1765321104.451715,851,1,8,0
1765321104.451715,851,2,3,13
1765321104.451715,851,3,10,15
1765321104.451715,851,4,4,2
1765321104.5025086,852,1,8,0
1765321104.5025086,852,2,3,13
1765321104.5025086,852,3,10,15
1765321104.5025086,852,4,4,2
1765321104.5536232,853,1,8,0
1765321104.5536232,853,2,3,13
1765321104.5536232,853,3,10,15
1765321104.5536232,853,4,4,3
1765321104.6044805,854,1,8,1
1765321104.6044805,854,2,4,13
1765321104.6044805,854,3,10,15
1765321104.6044805,854,4,4,3
1765321104.655023,855,1,8,1
1765321104.655023,855,2,4,13
1765321104.655023,855,3,10,15
1765321104.655023,855,4,4,3
1765321104.7058113,856,1,8,1
1765321104.7058113,856,2,4,13
1765321104.7058113,856,3,10,15
1765321104.7058113,856,4,4,3
1765321104.7568574,857,1,8,1
1765321104.7568574,857,2,4,13
1765321104.7568574,857,3,10,15
1765321104.7568574,857,4,4,3
1765321104.8077924,858,1,7,1
1765321104.8077924,858,2,4,12
1765321104.8077924,858,3,10,15
1765321104.8077924,858,4,4,4
1765321104.8582556,859,1,7,1
1765321104.8582556,859,2,4,12
1765321104.8582556,859,3,10,15
1765321104.8582556,859,4,4,4
1765321104.9088202,860,1,7,1
1765321104.9088202,860,2,4,12
1765321104.9088202,860,3,9,15
1765321104.9088202,860,4,4,4
1765321104.992744,861,1,6,1
1765321104.992744,861,2,4,12
1765321104.992744,861,3,9,15
1765321104.992744,861,4,4,4
1765321105.0446603,862,1,6,1
1765321105.0446603,862,2,4,12
1765321105.0446603,862,3,9,15
1765321105.0446603,862,4,4,4
1765321105.0954623,863,1,6,1
1765321105.0954623,863,2,4,12
1765321105.0954623,863,3,9,15
1765321105.0954623,863,4,4,4
1765321105.1464553,864,1,5,1
1765321105.1464553,864,2,4,12
1765321105.1464553,864,3,9,15
1765321105.1464553,864,4,4,4
1765321105.197479,865,1,5,1
1765321105.197479,865,2,3,12
1765321105.197479,865,3,9,15
1765321105.197479,865,4,4,4
1765321105.248315,866,1,5,1
1765321105.248315,866,2,3,12
1765321105.248315,866,3,9,15
1765321105.248315,866,4,4,4
1765321105.2993994,867,1,5,1
1765321105.2993994,867,2,3,12
1765321105.2993994,867,3,10,15
1765321105.2993994,867,4,4,4
1765321105.3498788,868,1,4,1
1765321105.3498788,868,2,3,12
1765321105.3498788,868,3,10,15
1765321105.3498788,868,4,4,4
1765321105.4004493,869,1,4,1
1765321105.4004493,869,2,3,12
1765321105.4004493,869,3,10,15
1765321105.4004493,869,4,4,4
1765321105.4514244,870,1,4,1
1765321105.4514244,870,2,3,12
1765321105.4514244,870,3,10,15
1765321105.4514244,870,4,4,4
1765321105.502545,871,1,4,1
1765321105.502545,871,2,3,12
1765321105.502545,871,3,10,15
1765321105.502545,871,4,4,4
1765321105.5538104,872,1,4,1
1765321105.5538104,872,2,3,11
1765321105.5538104,872,3,10,14
1765321105.5538104,872,4,4,4
1765321105.6044993,873,1,5,1
1765321105.6044993,873,2,3,11
1765321105.6044993,873,3,10,14
1765321105.6044993,873,4,3,4
1765321105.6553583,874,1,5,1
1765321105.6553583,874,2,3,11
1765321105.6553583,874,3,10,14
1765321105.6553583,874,4,3,4
1765321105.7060199,875,1,5,1
1765321105.7060199,875,2,3,11
1765321105.7060199,875,3,10,14
1765321105.7060199,875,4,3,4
1765321105.7564597,876,1,5,1
1765321105.7564597,876,2,3,11
1765321105.7564597,876,3,10,14
1765321105.7564597,876,4,3,4
1765321105.8070319,877,1,5,1
1765321105.8070319,877,2,3,11
1765321105.8070319,877,3,10,14
1765321105.8070319,877,4,3,4
1765321105.8579915,878,1,5,1
1765321105.8579915,878,2,3,11
1765321105.8579915,878,3,10,14
1765321105.8579915,878,4,3,4
1765321105.908831,879,1,5,1
1765321105.908831,879,2,3,11
1765321105.908831,879,3,9,14
1765321105.908831,879,4,3,4
1765321105.9595563,880,1,5,1
1765321105.9595563,880,2,3,10
1765321105.9595563,880,3,9,14
1765321105.9595563,880,4,3,4
1765321106.011102,881,1,6,1
1765321106.011102,881,2,3,10
1765321106.011102,881,3,9,14
1765321106.011102,881,4,4,4
1765321106.0622532,882,1,6,1
1765321106.0622532,882,2,3,10
1765321106.0622532,882,3,9,14
1765321106.0622532,882,4,4,4
1765321106.1141963,883,1,6,1
1765321106.1141963,883,2,3,10
1765321106.1141963,883,3,9,14
1765321106.1141963,883,4,4,4
1765321106.1646383,884,1,7,1
1765321106.1646383,884,2,3,10
1765321106.1646383,884,3,9,14
1765321106.1646383,884,4,4,4
1765321106.2154953,885,1,7,1
1765321106.2154953,885,2,3,10
1765321106.2154953,885,3,9,14
1765321106.2154953,885,4,4,3
1765321106.2662265,886,1,7,1
1765321106.2662265,886,2,3,11
1765321106.2662265,886,3,9,14
1765321106.2662265,886,4,4,3
1765321106.317031,887,1,7,1
1765321106.317031,887,2,3,11
1765321106.317031,887,3,9,13
1765321106.317031,887,4,4,3
1765321106.3679295,888,1,8,1
1765321106.3679295,888,2,3,11
1765321106.3679295,888,3,9,13
1765321106.3679295,888,4,4,3
1765321106.4183438,889,1,8,1
1765321106.4183438,889,2,3,11
1765321106.4183438,889,3,9,13
1765321106.4183438,889,4,4,3
1765321106.46912,890,1,8,1
1765321106.46912,890,2,3,11
1765321106.46912,890,3,9,13
1765321106.46912,890,4,4,3
1765321106.5207717,891,1,9,1
1765321106.5207717,891,2,3,11
1765321106.5207717,891,3,9,13
1765321106.5207717,891,4,4,3
1765321106.5714874,892,1,9,1
1765321106.5714874,892,2,3,11
1765321106.5714874,892,3,9,13
1765321106.5714874,892,4,3,3
1765321106.6222546,893,1,9,1
1765321106.6222546,893,2,3,11
1765321106.6222546,893,3,9,13
1765321106.6222546,893,4,3,3
1765321106.6729429,894,1,10,1
1765321106.6729429,894,2,3,11
1765321106.6729429,894,3,9,12
1765321106.6729429,894,4,3,3
1765321106.7235212,895,1,10,1
1765321106.7235212,895,2,3,11
1765321106.7235212,895,3,9,12
1765321106.7235212,895,4,3,3
1765321106.7745845,896,1,10,1
1765321106.7745845,896,2,3,11
1765321106.7745845,896,3,9,12
1765321106.7745845,896,4,3,3
1765321106.8250878,897,1,11,1
1765321106.8250878,897,2,3,11
1765321106.8250878,897,3,9,12
1765321106.8250878,897,4,3,3
1765321106.8756855,898,1,11,1
1765321106.8756855,898,2,3,11
1765321106.8756855,898,3,9,12
1765321106.8756855,898,4,3,3
1765321106.9263322,899,1,11,1
1765321106.9263322,899,2,3,11
1765321106.9263322,899,3,9,12
1765321106.9263322,899,4,3,3
1765321106.9777696,900,1,11,1
1765321106.9777696,900,2,2,11
1765321106.9777696,900,3,9,13
1765321106.9777696,900,4,3,2
1765321107.0291374,901,1,12,1
1765321107.0291374,901,2,2,11
1765321107.0291374,901,3,9,13
1765321107.0291374,901,4,3,2
1765321107.0798588,902,1,12,1
1765321107.0798588,902,2,2,11
1765321107.0798588,902,3,9,13
1765321107.0798588,902,4,3,2
1765321107.1305068,903,1,12,1
1765321107.1305068,903,2,2,11
1765321107.1305068,903,3,9,13
1765321107.1305068,903,4,3,2
1765321107.181444,904,1,13,1
1765321107.181444,904,2,2,10
1765321107.181444,904,3,9,13
1765321107.181444,904,4,3,2
1765321107.232017,905,1,13,1
1765321107.232017,905,2,2,10
1765321107.232017,905,3,9,13
1765321107.232017,905,4,3,2
1765321107.2827706,906,1,13,1
1765321107.2827706,906,2,2,10
1765321107.2827706,906,3,9,13
1765321107.2827706,906,4,3,2
1765321107.3334837,907,1,14,1
1765321107.3334837,907,2,2,10
1765321107.3334837,907,3,9,13
1765321107.3334837,907,4,3,1
1765321107.384583,908,1,14,1
1765321107.384583,908,2,2,10
1765321107.384583,908,3,9,13
1765321107.384583,908,4,3,1
1765321107.4349115,909,1,14,1
1765321107.4349115,909,2,2,10
1765321107.4349115,909,3,9,13
1765321107.4349115,909,4,3,1
1765321107.4861968,910,1,14,1
1765321107.4861968,910,2,3,10
1765321107.4861968,910,3,9,13
1765321107.4861968,910,4,3,1
1765321107.5373673,911,1,15,1
1765321107.5373673,911,2,3,10
1765321107.5373673,911,3,9,13
1765321107.5373673,911,4,3,1
1765321107.5883157,912,1,15,1
1765321107.5883157,912,2,3,10
1765321107.5883157,912,3,9,13
1765321107.5883157,912,4,3,1
1765321107.6392477,913,1,15,1
1765321107.6392477,913,2,3,10
1765321107.6392477,913,3,9,13
1765321107.6392477,913,4,3,1
1765321107.689858,914,1,16,1
1765321107.689858,914,2,3,10
1765321107.689858,914,3,8,13
1765321107.689858,914,4,3,2
1765321107.7402182,915,1,16,1
1765321107.7402182,915,2,3,10
1765321107.7402182,915,3,8,13
1765321107.7402182,915,4,3,2
1765321107.790981,916,1,16,1
1765321107.790981,916,2,4,10
1765321107.790981,916,3,8,13
1765321107.790981,916,4,3,2
1765321107.8415658,917,1,17,1
1765321107.8415658,917,2,4,10
1765321107.8415658,917,3,8,13
1765321107.8415658,917,4,3,2
1765321107.8923886,918,1,17,1
1765321107.8923886,918,2,4,10
1765321107.8923886,918,3,8,13
1765321107.8923886,918,4,3,2
1765321107.9432447,919,1,17,1
1765321107.9432447,919,2,4,10
1765321107.9432447,919,3,8,12
1765321107.9432447,919,4,3,2
1765321107.9938722,920,1,18,1
1765321107.9938722,920,2,4,10
1765321107.9938722,920,3,8,12
1765321107.9938722,920,4,3,2
1765321108.044999,921,1,18,1
1765321108.044999,921,2,4,10
1765321108.044999,921,3,8,12
1765321108.044999,921,4,3,2
1765321108.0957992,922,1,19,1
1765321108.0957992,922,2,4,10
1765321108.0957992,922,3,8,12
1765321108.0957992,922,4,3,2
1765321108.1464787,923,1,19,1
1765321108.1464787,923,2,4,10
1765321108.1464787,923,3,8,12
1765321108.1464787,923,4,3,2
1765321108.1972601,924,1,19,1
1765321108.1972601,924,2,4,10
1765321108.1972601,924,3,8,12
1765321108.1972601,924,4,3,2
1765321108.2476718,925,1,19,1
1765321108.2476718,925,2,4,10
1765321108.2476718,925,3,9,12
1765321108.2476718,925,4,3,2
1765321108.298465,926,1,19,1
1765321108.298465,926,2,4,10
1765321108.298465,926,3,9,12
1765321108.298465,926,4,3,2
1765321108.3497293,927,1,19,1
1765321108.3497293,927,2,4,10
1765321108.3497293,927,3,9,12
1765321108.3497293,927,4,3,2
1765321108.4002216,928,1,19,1
1765321108.4002216,928,2,4,10
1765321108.4002216,928,3,9,12
1765321108.4002216,928,4,2,2
1765321108.4509716,929,1,19,1
1765321108.4509716,929,2,4,10
1765321108.4509716,929,3,9,12
1765321108.4509716,929,4,2,2
1765321108.5016918,930,1,19,1
1765321108.5016918,930,2,4,10
1765321108.5016918,930,3,9,12
1765321108.5016918,930,4,2,2
1765321108.5530655,931,1,19,1
1765321108.5530655,931,2,4,10
1765321108.5530655,931,3,10,12
1765321108.5530655,931,4,2,2
1765321108.6039205,932,1,19,1
1765321108.6039205,932,2,4,10
1765321108.6039205,932,3,10,12
1765321108.6039205,932,4,2,1
1765321108.6544776,933,1,19,1
1765321108.6544776,933,2,4,11
1765321108.6544776,933,3,10,12
1765321108.6544776,933,4,2,1
1765321108.7061663,934,1,19,2
1765321108.7061663,934,2,4,11
1765321108.7061663,934,3,10,12
1765321108.7061663,934,4,2,1
1765321108.7565317,935,1,19,2
1765321108.7565317,935,2,4,11
1765321108.7565317,935,3,10,12
1765321108.7565317,935,4,2,1
1765321108.8070486,936,1,19,2
1765321108.8070486,936,2,4,11
1765321108.8070486,936,3,10,12
1765321108.8070486,936,4,2,1
1765321108.8577383,937,1,19,3
1765321108.8577383,937,2,4,11
1765321108.8577383,937,3,10,12
1765321108.8577383,937,4,2,1
1765321108.9083133,938,1,19,3
1765321108.9083133,938,2,4,11
1765321108.9083133,938,3,10,11
1765321108.9083133,938,4,3,1
1765321108.959834,939,1,19,3
1765321108.959834,939,2,4,11
1765321108.959834,939,3,10,11
1765321108.959834,939,4,3,1
1765321109.0106711,940,1,19,3
1765321109.0106711,940,2,4,12
1765321109.0106711,940,3,10,11
1765321109.0106711,940,4,3,1
1765321109.0621462,941,1,18,3
1765321109.0621462,941,2,4,12
1765321109.0621462,941,3,10,11
1765321109.0621462,941,4,3,1
1765321109.1128716,942,1,18,3
1765321109.1128716,942,2,4,12
1765321109.1128716,942,3,10,11
1765321109.1128716,942,4,3,1
1765321109.1658113,943,1,18,3
1765321109.1658113,943,2,4,12
1765321109.1658113,943,3,10,11
1765321109.1658113,943,4,3,1
1765321109.216393,944,1,18,3
1765321109.216393,944,2,4,12
1765321109.216393,944,3,11,11
1765321109.216393,944,4,3,1
1765321109.2669866,945,1,17,3
1765321109.2669866,945,2,4,12
1765321109.2669866,945,3,11,11
1765321109.2669866,945,4,3,1
1765321109.317476,946,1,17,3
1765321109.317476,946,2,4,12
1765321109.317476,946,3,11,11
1765321109.317476,946,4,3,1
1765321109.3680077,947,1,17,3
1765321109.3680077,947,2,4,12
1765321109.3680077,947,3,11,11
1765321109.3680077,947,4,3,1
1765321109.4186401,948,1,16,3
1765321109.4186401,948,2,4,12
1765321109.4186401,948,3,11,12
1765321109.4186401,948,4,3,1
1765321109.4693093,949,1,16,3
1765321109.4693093,949,2,4,12
1765321109.4693093,949,3,11,12
1765321109.4693093,949,4,3,1
1765321109.5200403,950,1,16,3
1765321109.5200403,950,2,4,12
1765321109.5200403,950,3,11,12
1765321109.5200403,950,4,3,1
1765321109.571981,951,1,16,3
1765321109.571981,951,2,4,12
1765321109.571981,951,3,11,12
1765321109.571981,951,4,3,0
1765321109.6231356,952,1,15,3
1765321109.6231356,952,2,4,12
1765321109.6231356,952,3,11,12
1765321109.6231356,952,4,3,0
1765321109.6739926,953,1,15,3
1765321109.6739926,953,2,4,13
1765321109.6739926,953,3,11,12
1765321109.6739926,953,4,3,0
1765321109.7246435,954,1,15,3
1765321109.7246435,954,2,4,13
1765321109.7246435,954,3,11,13
1765321109.7246435,954,4,3,0
1765321109.7751021,955,1,14,3
1765321109.7751021,955,2,4,13
1765321109.7751021,955,3,11,13
1765321109.7751021,955,4,3,0
1765321109.8259728,956,1,14,3
1765321109.8259728,956,2,4,13
1765321109.8259728,956,3,11,13
1765321109.8259728,956,4,3,0
1765321109.8769507,957,1,14,3
1765321109.8769507,957,2,3,13
1765321109.8769507,957,3,11,13
1765321109.8769507,957,4,3,0
1765321109.9277916,958,1,14,3
1765321109.9277916,958,2,3,13
1765321109.9277916,958,3,11,13
1765321109.9277916,958,4,4,0
1765321109.9793694,959,1,13,3
1765321109.9793694,959,2,3,13
1765321109.9793694,959,3,11,13
1765321109.9793694,959,4,4,0
1765321110.0302126,960,1,13,3
1765321110.0302126,960,2,3,13
1765321110.0302126,960,3,12,13
1765321110.0302126,960,4,4,0
1765321110.0817564,961,1,13,3
1765321110.0817564,961,2,3,13
1765321110.0817564,961,3,12,13
1765321110.0817564,961,4,4,0
1765321110.1329,962,1,12,3
1765321110.1329,962,2,3,13
1765321110.1329,962,3,12,13
1765321110.1329,962,4,4,0
1765321110.184139,963,1,12,3
1765321110.184139,963,2,3,13
1765321110.184139,963,3,12,13
1765321110.184139,963,4,4,0
1765321110.2350032,964,1,12,3
1765321110.2350032,964,2,3,13
1765321110.2350032,964,3,12,13
1765321110.2350032,964,4,4,0
1765321110.2860584,965,1,11,3
1765321110.2860584,965,2,3,13
1765321110.2860584,965,3,12,13
1765321110.2860584,965,4,4,0
1765321110.3366556,966,1,11,3
1765321110.3366556,966,2,3,13
1765321110.3366556,966,3,12,13
1765321110.3366556,966,4,4,0
1765321110.3875759,967,1,11,3
1765321110.3875759,967,2,3,13
1765321110.3875759,967,3,12,14
1765321110.3875759,967,4,4,0
1765321110.4384332,968,1,10,3
1765321110.4384332,968,2,3,13
1765321110.4384332,968,3,12,14
1765321110.4384332,968,4,4,0
1765321110.4891894,969,1,10,3
1765321110.4891894,969,2,3,13
1765321110.4891894,969,3,12,14
1765321110.4891894,969,4,4,0
1765321110.5400329,970,1,10,3
1765321110.5400329,970,2,3,13
1765321110.5400329,970,3,12,14
1765321110.5400329,970,4,4,0
1765321110.5914438,971,1,10,3
1765321110.5914438,971,2,3,13
1765321110.5914438,971,3,11,14
1765321110.5914438,971,4,4,0
1765321110.6422555,972,1,9,3
1765321110.6422555,972,2,3,13
1765321110.6422555,972,3,11,14
1765321110.6422555,972,4,4,0
1765321110.69346,973,1,9,3
1765321110.69346,973,2,3,13
1765321110.69346,973,3,11,14
1765321110.69346,973,4,4,0
1765321110.7440875,974,1,9,3
1765321110.7440875,974,2,4,13
1765321110.7440875,974,3,11,14
1765321110.7440875,974,4,4,0
1765321110.7948809,975,1,8,3
1765321110.7948809,975,2,4,13
1765321110.7948809,975,3,11,14
1765321110.7948809,975,4,4,0
1765321110.8452544,976,1,8,3
1765321110.8452544,976,2,4,13
1765321110.8452544,976,3,11,14
1765321110.8452544,976,4,4,0
1765321110.8962777,977,1,8,3
1765321110.8962777,977,2,4,13
1765321110.8962777,977,3,11,14
1765321110.8962777,977,4,4,0
1765321110.9470565,978,1,8,3
1765321110.9470565,978,2,4,13
1765321110.9470565,978,3,11,14
1765321110.9470565,978,4,4,0
1765321110.9979334,979,1,7,3
1765321110.9979334,979,2,4,13
1765321110.9979334,979,3,11,14
1765321110.9979334,979,4,4,0
1765321111.0491738,980,1,7,3
1765321111.0491738,980,2,4,13
1765321111.0491738,980,3,11,14
1765321111.0491738,980,4,4,0
1765321111.1029084,981,1,7,3
1765321111.1029084,981,2,4,13
1765321111.1029084,981,3,11,14
1765321111.1029084,981,4,4,0
1765321111.154028,982,1,6,3
1765321111.154028,982,2,4,13
1765321111.154028,982,3,11,14
1765321111.154028,982,4,4,0
1765321111.2048306,983,1,6,3
1765321111.2048306,983,2,4,13
1765321111.2048306,983,3,11,14
1765321111.2048306,983,4,4,0
1765321111.2554839,984,1,6,3
1765321111.2554839,984,2,4,13
1765321111.2554839,984,3,11,14
1765321111.2554839,984,4,3,0
1765321111.3060908,985,1,5,3
1765321111.3060908,985,2,4,13
1765321111.3060908,985,3,11,14
1765321111.3060908,985,4,3,0
1765321111.35724,986,1,5,3
1765321111.35724,986,2,4,13
1765321111.35724,986,3,11,14
1765321111.35724,986,4,3,0
1765321111.408128,987,1,5,3
1765321111.408128,987,2,4,13
1765321111.408128,987,3,11,14
1765321111.408128,987,4,3,0
1765321111.458922,988,1,5,3
1765321111.458922,988,2,4,13
1765321111.458922,988,3,11,14
1765321111.458922,988,4,3,0
1765321111.509367,989,1,5,3
1765321111.509367,989,2,4,13
1765321111.509367,989,3,12,14
1765321111.509367,989,4,3,0
1765321111.5601966,990,1,5,2
1765321111.5601966,990,2,4,13
1765321111.5601966,990,3,12,14
1765321111.5601966,990,4,3,0
1765321111.6115904,991,1,5,2
1765321111.6115904,991,2,4,13
1765321111.6115904,991,3,12,14
1765321111.6115904,991,4,3,0
1765321111.6625314,992,1,5,2
1765321111.6625314,992,2,4,13
1765321111.6625314,992,3,12,14
1765321111.6625314,992,4,3,0
1765321111.7135406,993,1,5,1
1765321111.7135406,993,2,4,13
1765321111.7135406,993,3,12,14
1765321111.7135406,993,4,3,0
1765321111.7640176,994,1,5,1
1765321111.7640176,994,2,4,13
1765321111.7640176,994,3,12,14
1765321111.7640176,994,4,3,0
1765321111.815652,995,1,5,1
1765321111.815652,995,2,4,13
1765321111.815652,995,3,12,14
1765321111.815652,995,4,3,0
1765321111.8664343,996,1,5,1
1765321111.8664343,996,2,4,13
1765321111.8664343,996,3,12,14
1765321111.8664343,996,4,3,0
1765321111.9171193,997,1,5,1
1765321111.9171193,997,2,4,13
1765321111.9171193,997,3,12,14
1765321111.9171193,997,4,3,0
1765321111.9679434,998,1,6,1
1765321111.9679434,998,2,4,13
1765321111.9679434,998,3,13,14
1765321111.9679434,998,4,3,0
1765321112.018371,999,1,6,1
1765321112.018371,999,2,4,13
1765321112.018371,999,3,13,14
1765321112.018371,999,4,3,0
1765321112.06891,1000,1,6,1
1765321112.06891,1000,2,4,13
1765321112.06891,1000,3,13,14
1765321112.06891,1000,4,3,0
1765321112.1199336,1001,1,7,1
1765321112.1199336,1001,2,4,12
1765321112.1199336,1001,3,13,14
1765321112.1199336,1001,4,3,0
1765321112.172108,1002,1,7,1
1765321112.172108,1002,2,4,12
1765321112.172108,1002,3,13,14
1765321112.172108,1002,4,4,0
1765321112.2232525,1003,1,7,1
1765321112.2232525,1003,2,4,12
1765321112.2232525,1003,3,13,14
1765321112.2232525,1003,4,4,0
1765321112.2742808,1004,1,7,1
1765321112.2742808,1004,2,4,12
1765321112.2742808,1004,3,13,14
1765321112.2742808,1004,4,4,0
1765321112.3249288,1005,1,7,1
1765321112.3249288,1005,2,4,12
1765321112.3249288,1005,3,13,14
1765321112.3249288,1005,4,4,0
1765321112.3755412,1006,1,7,1
1765321112.3755412,1006,2,4,12
1765321112.3755412,1006,3,13,14
1765321112.3755412,1006,4,4,0
1765321112.4268737,1007,1,7,2
1765321112.4268737,1007,2,4,12
1765321112.4268737,1007,3,13,14
1765321112.4268737,1007,4,4,0
1765321112.4775364,1008,1,7,2
1765321112.4775364,1008,2,4,12
1765321112.4775364,1008,3,13,14
1765321112.4775364,1008,4,4,0
1765321112.5279605,1009,1,7,2
1765321112.5279605,1009,2,4,12
1765321112.5279605,1009,3,13,14
1765321112.5279605,1009,4,4,0
1765321112.5786362,1010,1,7,2
1765321112.5786362,1010,2,4,12
1765321112.5786362,1010,3,13,14
1765321112.5786362,1010,4,4,0
1765321112.630136,1011,1,7,2
1765321112.630136,1011,2,4,12
1765321112.630136,1011,3,13,14
1765321112.630136,1011,4,4,0
1765321112.68098,1012,1,7,2
1765321112.68098,1012,2,4,12
1765321112.68098,1012,3,13,14
1765321112.68098,1012,4,4,0
1765321112.7317283,1013,1,7,2
1765321112.7317283,1013,2,4,12
1765321112.7317283,1013,3,13,14
1765321112.7317283,1013,4,4,0
1765321112.7825406,1014,1,7,2
1765321112.7825406,1014,2,4,12
1765321112.7825406,1014,3,13,14
1765321112.7825406,1014,4,4,0
1765321112.8329823,1015,1,8,2
1765321112.8329823,1015,2,4,12
1765321112.8329823,1015,3,13,14
1765321112.8329823,1015,4,4,0
1765321112.8836446,1016,1,8,2
1765321112.8836446,1016,2,4,12
1765321112.8836446,1016,3,13,14
1765321112.8836446,1016,4,4,0
1765321112.9340644,1017,1,8,2
1765321112.9340644,1017,2,4,12
1765321112.9340644,1017,3,13,14
1765321112.9340644,1017,4,4,0
1765321112.9850364,1018,1,9,2
1765321112.9850364,1018,2,4,13
1765321112.9850364,1018,3,13,14
1765321112.9850364,1018,4,4,0
1765321113.0355754,1019,1,9,2
1765321113.0355754,1019,2,4,13
1765321113.0355754,1019,3,13,14
1765321113.0355754,1019,4,4,0
1765321113.0864382,1020,1,9,2
1765321113.0864382,1020,2,4,13
1765321113.0864382,1020,3,13,14
1765321113.0864382,1020,4,4,0
1765321113.1378887,1021,1,9,2
1765321113.1378887,1021,2,4,13
1765321113.1378887,1021,3,13,14
1765321113.1378887,1021,4,4,0
1765321113.1883285,1022,1,10,2
1765321113.1883285,1022,2,4,13
1765321113.1883285,1022,3,13,14
1765321113.1883285,1022,4,4,0
1765321113.2389824,1023,1,10,2
1765321113.2389824,1023,2,4,13
1765321113.2389824,1023,3,13,14
1765321113.2389824,1023,4,4,0
1765321113.2895732,1024,1,10,2
1765321113.2895732,1024,2,4,13
1765321113.2895732,1024,3,13,14
1765321113.2895732,1024,4,4,0
1765321113.3404849,1025,1,11,2
1765321113.3404849,1025,2,4,13
1765321113.3404849,1025,3,13,14
1765321113.3404849,1025,4,4,0
1765321113.3910677,1026,1,11,2
1765321113.3910677,1026,2,4,13
1765321113.3910677,1026,3,13,14
1765321113.3910677,1026,4,4,0
1765321113.4415765,1027,1,11,2
1765321113.4415765,1027,2,4,13
1765321113.4415765,1027,3,13,14
1765321113.4415765,1027,4,4,0
1765321113.4922607,1028,1,11,2
1765321113.4922607,1028,2,4,13
1765321113.4922607,1028,3,13,14
1765321113.4922607,1028,4,4,0
1765321113.5434947,1029,1,11,2
1765321113.5434947,1029,2,4,13
1765321113.5434947,1029,3,13,14
1765321113.5434947,1029,4,4,0
1765321113.5939164,1030,1,11,2
1765321113.5939164,1030,2,4,13
1765321113.5939164,1030,3,13,14
1765321113.5939164,1030,4,4,0
1765321113.6453204,1031,1,12,2
1765321113.6453204,1031,2,4,13
1765321113.6453204,1031,3,13,14
1765321113.6453204,1031,4,4,0
1765321113.6969705,1032,1,12,2
1765321113.6969705,1032,2,4,13
1765321113.6969705,1032,3,13,15
1765321113.6969705,1032,4,4,0
1765321113.747862,1033,1,12,2
1765321113.747862,1033,2,4,13
1765321113.747862,1033,3,13,15
1765321113.747862,1033,4,4,0
1765321113.7986002,1034,1,12,2
1765321113.7986002,1034,2,4,12
1765321113.7986002,1034,3,13,15
1765321113.7986002,1034,4,4,0
1765321113.8492694,1035,1,13,2
1765321113.8492694,1035,2,4,12
1765321113.8492694,1035,3,13,15
1765321113.8492694,1035,4,4,0
1765321113.900227,1036,1,13,2
1765321113.900227,1036,2,4,12
1765321113.900227,1036,3,13,15
1765321113.900227,1036,4,4,0
1765321113.9506335,1037,1,13,2
1765321113.9506335,1037,2,4,12
1765321113.9506335,1037,3,13,15
1765321113.9506335,1037,4,4,0
1765321114.0010986,1038,1,14,2
1765321114.0010986,1038,2,4,12
1765321114.0010986,1038,3,13,15
1765321114.0010986,1038,4,4,0
1765321114.0519066,1039,1,14,2
1765321114.0519066,1039,2,4,12
1765321114.0519066,1039,3,13,15
1765321114.0519066,1039,4,4,0
1765321114.1027064,1040,1,14,2
1765321114.1027064,1040,2,4,12
1765321114.1027064,1040,3,13,15
1765321114.1027064,1040,4,4,0
1765321114.154608,1041,1,15,2
1765321114.154608,1041,2,4,12
1765321114.154608,1041,3,14,15
1765321114.154608,1041,4,4,0
1765321114.2053761,1042,1,15,2
1765321114.2053761,1042,2,4,12
1765321114.2053761,1042,3,14,15
1765321114.2053761,1042,4,4,0
1765321114.2562804,1043,1,15,2
1765321114.2562804,1043,2,4,12
1765321114.2562804,1043,3,14,15
1765321114.2562804,1043,4,4,0
1765321114.3070872,1044,1,16,2
1765321114.3070872,1044,2,4,12
1765321114.3070872,1044,3,14,15
1765321114.3070872,1044,4,4,0
1765321114.3574808,1045,1,16,2
1765321114.3574808,1045,2,4,12
1765321114.3574808,1045,3,14,15
1765321114.3574808,1045,4,4,0
1765321114.4084735,1046,1,16,2
1765321114.4084735,1046,2,4,13
1765321114.4084735,1046,3,14,15
1765321114.4084735,1046,4,4,0
1765321114.4589949,1047,1,16,2
1765321114.4589949,1047,2,4,13
1765321114.4589949,1047,3,14,15
1765321114.4589949,1047,4,4,0
1765321114.5097551,1048,1,17,2
1765321114.5097551,1048,2,4,13
1765321114.5097551,1048,3,14,15
1765321114.5097551,1048,4,4,0
1765321114.560409,1049,1,17,2
1765321114.560409,1049,2,4,13
1765321114.560409,1049,3,14,15
1765321114.560409,1049,4,4,0
1765321114.6109474,1050,1,18,2
1765321114.6109474,1050,2,4,13
1765321114.6109474,1050,3,14,15
1765321114.6109474,1050,4,4,0
1765321114.6644707,1051,1,18,2
1765321114.6644707,1051,2,4,13
1765321114.6644707,1051,3,14,15
1765321114.6644707,1051,4,4,0
1765321114.714888,1052,1,18,2
1765321114.714888,1052,2,4,13
1765321114.714888,1052,3,14,15
1765321114.714888,1052,4,4,0
1765321114.7665133,1053,1,19,2
1765321114.7665133,1053,2,3,13
1765321114.7665133,1053,3,14,15
1765321114.7665133,1053,4,4,0
1765321114.8173716,1054,1,19,2
1765321114.8173716,1054,2,3,13
1765321114.8173716,1054,3,14,15
1765321114.8173716,1054,4,4,0
1765321114.8678746,1055,1,19,2
1765321114.8678746,1055,2,3,13
1765321114.8678746,1055,3,14,15
1765321114.8678746,1055,4,4,0
1765321114.9185064,1056,1,19,2
1765321114.9185064,1056,2,3,13
1765321114.9185064,1056,3,14,15
1765321114.9185064,1056,4,4,0
1765321114.9687648,1057,1,19,2
1765321114.9687648,1057,2,3,13
1765321114.9687648,1057,3,14,15
1765321114.9687648,1057,4,4,0
1765321115.0193954,1058,1,19,2
1765321115.0193954,1058,2,3,13
1765321115.0193954,1058,3,14,15
1765321115.0193954,1058,4,4,0
1765321115.0700831,1059,1,19,2
1765321115.0700831,1059,2,3,13
1765321115.0700831,1059,3,14,15
1765321115.0700831,1059,4,4,0
1765321115.1205986,1060,1,19,2
1765321115.1205986,1060,2,3,13
1765321115.1205986,1060,3,14,15
1765321115.1205986,1060,4,4,0
1765321115.1741126,1061,1,19,2
1765321115.1741126,1061,2,3,12
1765321115.1741126,1061,3,14,16
1765321115.1741126,1061,4,4,0
1765321115.2246656,1062,1,19,2
1765321115.2246656,1062,2,3,12
1765321115.2246656,1062,3,14,16
1765321115.2246656,1062,4,4,0
1765321115.2754512,1063,1,19,2
1765321115.2754512,1063,2,3,12
1765321115.2754512,1063,3,14,16
1765321115.2754512,1063,4,4,0
1765321115.3260527,1064,1,19,1
1765321115.3260527,1064,2,3,12
1765321115.3260527,1064,3,14,16
1765321115.3260527,1064,4,4,0
1765321115.3770227,1065,1,19,1
1765321115.3770227,1065,2,4,12
1765321115.3770227,1065,3,14,16
1765321115.3770227,1065,4,4,0
1765321115.428146,1066,1,19,1
1765321115.428146,1066,2,4,12
1765321115.428146,1066,3,14,16
1765321115.428146,1066,4,4,0
1765321115.4790103,1067,1,19,1
1765321115.4790103,1067,2,4,12
1765321115.4790103,1067,3,14,16
1765321115.4790103,1067,4,4,0
1765321115.5299258,1068,1,19,0
1765321115.5299258,1068,2,4,12
1765321115.5299258,1068,3,13,16
1765321115.5299258,1068,4,4,0
1765321115.5806096,1069,1,19,0
1765321115.5806096,1069,2,4,12
1765321115.5806096,1069,3,13,16
1765321115.5806096,1069,4,4,0
1765321115.631391,1070,1,19,0
1765321115.631391,1070,2,4,12
1765321115.631391,1070,3,13,16
1765321115.631391,1070,4,4,0
1765321115.6824703,1071,1,19,0
1765321115.6824703,1071,2,4,12
1765321115.6824703,1071,3,13,16
1765321115.6824703,1071,4,4,0
1765321115.7331383,1072,1,18,0
1765321115.7331383,1072,2,4,12
1765321115.7331383,1072,3,13,16
1765321115.7331383,1072,4,4,0
1765321115.7846909,1073,1,18,0
1765321115.7846909,1073,2,4,12
1765321115.7846909,1073,3,13,16
1765321115.7846909,1073,4,4,0
1765321115.835485,1074,1,18,0
1765321115.835485,1074,2,4,12
1765321115.835485,1074,3,13,16
1765321115.835485,1074,4,4,0
1765321115.8861868,1075,1,17,0
1765321115.8861868,1075,2,4,12
1765321115.8861868,1075,3,13,15
1765321115.8861868,1075,4,4,0
1765321115.937184,1076,1,17,0
1765321115.937184,1076,2,4,13
1765321115.937184,1076,3,13,15
1765321115.937184,1076,4,4,0
1765321115.9878156,1077,1,17,0
1765321115.9878156,1077,2,4,13
1765321115.9878156,1077,3,13,15
1765321115.9878156,1077,4,4,0
1765321116.0386596,1078,1,16,0
1765321116.0386596,1078,2,4,13
1765321116.0386596,1078,3,13,15
1765321116.0386596,1078,4,4,0
1765321116.0893593,1079,1,16,0
1765321116.0893593,1079,2,4,13
1765321116.0893593,1079,3,13,15
1765321116.0893593,1079,4,4,0
1765321116.1400437,1080,1,16,0
1765321116.1400437,1080,2,3,13
1765321116.1400437,1080,3,14,15
1765321116.1400437,1080,4,4,0
1765321116.1915197,1081,1,15,0
1765321116.1915197,1081,2,3,13
1765321116.1915197,1081,3,14,15
1765321116.1915197,1081,4,3,0
1765321116.24212,1082,1,15,0
1765321116.24212,1082,2,3,13
1765321116.24212,1082,3,14,15
1765321116.24212,1082,4,3,0
1765321116.2929335,1083,1,15,0
1765321116.2929335,1083,2,3,13
1765321116.2929335,1083,3,15,15
1765321116.2929335,1083,4,3,0
1765321116.3433914,1084,1,15,0
1765321116.3433914,1084,2,2,13
1765321116.3433914,1084,3,15,15
1765321116.3433914,1084,4,3,0
1765321116.3937705,1085,1,14,0
1765321116.3937705,1085,2,2,13
1765321116.3937705,1085,3,15,15
1765321116.3937705,1085,4,3,0
1765321116.4445038,1086,1,14,0
1765321116.4445038,1086,2,2,13
1765321116.4445038,1086,3,15,15
1765321116.4445038,1086,4,3,0
1765321116.495339,1087,1,14,0
1765321116.495339,1087,2,2,13
1765321116.495339,1087,3,15,15
1765321116.495339,1087,4,3,0
1765321116.5459554,1088,1,13,0
1765321116.5459554,1088,2,2,13
1765321116.5459554,1088,3,15,15
1765321116.5459554,1088,4,3,0
1765321116.596568,1089,1,13,0
1765321116.596568,1089,2,2,13
1765321116.596568,1089,3,15,15
1765321116.596568,1089,4,3,0
1765321116.6471064,1090,1,13,0
1765321116.6471064,1090,2,2,13
1765321116.6471064,1090,3,15,16
1765321116.6471064,1090,4,3,0
1765321116.6985173,1091,1,13,0
1765321116.6985173,1091,2,2,13
1765321116.6985173,1091,3,15,16
1765321116.6985173,1091,4,3,0
1765321116.7493088,1092,1,12,0
1765321116.7493088,1092,2,2,13
1765321116.7493088,1092,3,15,16
1765321116.7493088,1092,4,3,0
1765321116.80016,1093,1,12,0
1765321116.80016,1093,2,2,13
1765321116.80016,1093,3,15,16
1765321116.80016,1093,4,4,0
1765321116.8511941,1094,1,12,0
1765321116.8511941,1094,2,2,13
1765321116.8511941,1094,3,15,16
1765321116.8511941,1094,4,4,0
1765321116.9014943,1095,1,11,0
1765321116.9014943,1095,2,2,13
1765321116.9014943,1095,3,14,16
1765321116.9014943,1095,4,4,0
1765321116.9520473,1096,1,11,0
1765321116.9520473,1096,2,2,13
1765321116.9520473,1096,3,14,16
1765321116.9520473,1096,4,4,0
1765321117.0028687,1097,1,11,0
1765321117.0028687,1097,2,2,13
1765321117.0028687,1097,3,14,16
1765321117.0028687,1097,4,4,0
1765321117.053969,1098,1,10,0
1765321117.053969,1098,2,2,13
1765321117.053969,1098,3,14,16
1765321117.053969,1098,4,4,0
1765321117.104537,1099,1,10,0
1765321117.104537,1099,2,2,13
1765321117.104537,1099,3,13,16
1765321117.104537,1099,4,4,0
1765321117.1554477,1100,1,10,0
1765321117.1554477,1100,2,2,13
1765321117.1554477,1100,3,13,16
1765321117.1554477,1100,4,4,0
1765321117.2073562,1101,1,9,0
1765321117.2073562,1101,2,2,13
1765321117.2073562,1101,3,13,16
1765321117.2073562,1101,4,4,0
1765321117.25855,1102,1,9,0
1765321117.25855,1102,2,2,13
1765321117.25855,1102,3,13,16
1765321117.25855,1102,4,4,0
1765321117.3091516,1103,1,9,0
1765321117.3091516,1103,2,2,13
1765321117.3091516,1103,3,13,16
1765321117.3091516,1103,4,4,0
1765321117.359842,1104,1,9,0
1765321117.359842,1104,2,2,13
1765321117.359842,1104,3,13,16
1765321117.359842,1104,4,4,0
1765321117.4106038,1105,1,9,0
1765321117.4106038,1105,2,2,13
1765321117.4106038,1105,3,13,16
1765321117.4106038,1105,4,4,0
1765321117.461079,1106,1,9,0
1765321117.461079,1106,2,2,13
1765321117.461079,1106,3,13,16
1765321117.461079,1106,4,4,0
1765321117.5127156,1107,1,9,0
1765321117.5127156,1107,2,2,13
1765321117.5127156,1107,3,13,16
1765321117.5127156,1107,4,4,0
1765321117.563513,1108,1,8,0
1765321117.563513,1108,2,2,13
1765321117.563513,1108,3,13,16
1765321117.563513,1108,4,3,0
1765321117.6147234,1109,1,8,0
1765321117.6147234,1109,2,3,13
1765321117.6147234,1109,3,13,16
1765321117.6147234,1109,4,3,0
1765321117.6658065,1110,1,7,0
1765321117.6658065,1110,2,3,13
1765321117.6658065,1110,3,13,16
1765321117.6658065,1110,4,3,0
1765321117.7172015,1111,1,7,0
1765321117.7172015,1111,2,3,13
1765321117.7172015,1111,3,13,16
1765321117.7172015,1111,4,3,0
1765321117.7682254,1112,1,7,0
1765321117.7682254,1112,2,3,13
1765321117.7682254,1112,3,13,16
1765321117.7682254,1112,4,2,0
1765321117.8188698,1113,1,6,0
1765321117.8188698,1113,2,3,13
1765321117.8188698,1113,3,13,16
1765321117.8188698,1113,4,2,0
1765321117.8694072,1114,1,6,0
1765321117.8694072,1114,2,3,13
1765321117.8694072,1114,3,13,16
1765321117.8694072,1114,4,2,0
1765321117.9202797,1115,1,6,0
1765321117.9202797,1115,2,3,14
1765321117.9202797,1115,3,13,16
1765321117.9202797,1115,4,2,0
1765321117.9718237,1116,1,6,0
1765321117.9718237,1116,2,3,14
1765321117.9718237,1116,3,13,16
1765321117.9718237,1116,4,2,0
1765321118.0228126,1117,1,6,0
1765321118.0228126,1117,2,3,15
1765321118.0228126,1117,3,13,16
1765321118.0228126,1117,4,2,0
1765321118.0734246,1118,1,6,1
1765321118.0734246,1118,2,3,15
1765321118.0734246,1118,3,13,16
1765321118.0734246,1118,4,2,0
1765321118.1239088,1119,1,6,1
1765321118.1239088,1119,2,3,15
1765321118.1239088,1119,3,13,16
1765321118.1239088,1119,4,2,0
1765321118.1772432,1120,1,6,2
1765321118.1772432,1120,2,3,15
1765321118.1772432,1120,3,13,16
1765321118.1772432,1120,4,2,1
1765321118.2281945,1121,1,6,2
1765321118.2281945,1121,2,3,15
1765321118.2281945,1121,3,13,16
1765321118.2281945,1121,4,2,1
1765321118.278606,1122,1,6,2
1765321118.278606,1122,2,3,15
1765321118.278606,1122,3,13,16
1765321118.278606,1122,4,2,1
1765321118.3294969,1123,1,6,2
1765321118.3294969,1123,2,3,15
1765321118.3294969,1123,3,13,16
1765321118.3294969,1123,4,2,1
1765321118.380106,1124,1,6,3
1765321118.380106,1124,2,3,15
1765321118.380106,1124,3,14,16
1765321118.380106,1124,4,2,1
1765321118.4305184,1125,1,6,3
1765321118.4305184,1125,2,3,15
1765321118.4305184,1125,3,14,16
1765321118.4305184,1125,4,2,1
1765321118.4809797,1126,1,6,3
1765321118.4809797,1126,2,3,15
1765321118.4809797,1126,3,14,16
1765321118.4809797,1126,4,2,1
1765321118.5313172,1127,1,5,3
1765321118.5313172,1127,2,3,15
1765321118.5313172,1127,3,14,16
1765321118.5313172,1127,4,2,1
1765321118.5819685,1128,1,5,3
1765321118.5819685,1128,2,3,15
1765321118.5819685,1128,3,14,16
1765321118.5819685,1128,4,2,1
1765321118.633316,1129,1,5,3
1765321118.633316,1129,2,3,15
1765321118.633316,1129,3,14,16
1765321118.633316,1129,4,2,1
1765321118.6838949,1130,1,5,3
1765321118.6838949,1130,2,3,15
1765321118.6838949,1130,3,14,16
1765321118.6838949,1130,4,2,1
1765321118.7354286,1131,1,5,3
1765321118.7354286,1131,2,3,15
1765321118.7354286,1131,3,14,16
1765321118.7354286,1131,4,2,2
1765321118.7860136,1132,1,5,3
1765321118.7860136,1132,2,3,15
1765321118.7860136,1132,3,14,16
1765321118.7860136,1132,4,2,2
1765321118.8366058,1133,1,5,4
1765321118.8366058,1133,2,3,15
1765321118.8366058,1133,3,14,16
1765321118.8366058,1133,4,2,2
1765321118.8873916,1134,1,5,4
1765321118.8873916,1134,2,3,15
1765321118.8873916,1134,3,14,16
1765321118.8873916,1134,4,2,2
1765321118.9382923,1135,1,5,4
1765321118.9382923,1135,2,3,15
1765321118.9382923,1135,3,14,16
1765321118.9382923,1135,4,2,2
1765321118.9889781,1136,1,6,4
1765321118.9889781,1136,2,3,15
1765321118.9889781,1136,3,14,16
1765321118.9889781,1136,4,2,2
1765321119.0398283,1137,1,6,4
1765321119.0398283,1137,2,3,15
1765321119.0398283,1137,3,14,16
1765321119.0398283,1137,4,3,2
1765321119.0902817,1138,1,6,4
1765321119.0902817,1138,2,3,15
1765321119.0902817,1138,3,14,16
1765321119.0902817,1138,4,3,2
1765321119.1408715,1139,1,6,4
1765321119.1408715,1139,2,3,15
1765321119.1408715,1139,3,14,16
1765321119.1408715,1139,4,3,2
1765321119.191196,1140,1,7,4
1765321119.191196,1140,2,3,15
1765321119.191196,1140,3,14,16
1765321119.191196,1140,4,3,2
1765321119.2427542,1141,1,7,4
1765321119.2427542,1141,2,3,15
1765321119.2427542,1141,3,14,16
1765321119.2427542,1141,4,3,2
1765321119.2933197,1142,1,8,4
1765321119.2933197,1142,2,3,15
1765321119.2933197,1142,3,14,16
1765321119.2933197,1142,4,3,2
1765321119.3441153,1143,1,8,4
1765321119.3441153,1143,2,3,15
1765321119.3441153,1143,3,14,16
1765321119.3441153,1143,4,3,3
1765321119.3951864,1144,1,8,4
1765321119.3951864,1144,2,3,15
1765321119.3951864,1144,3,14,16
1765321119.3951864,1144,4,3,3
1765321119.4461732,1145,1,8,4
1765321119.4461732,1145,2,3,15
1765321119.4461732,1145,3,14,16
1765321119.4461732,1145,4,3,4
1765321119.4969525,1146,1,9,4
1765321119.4969525,1146,2,3,15
1765321119.4969525,1146,3,14,16
1765321119.4969525,1146,4,3,4
1765321119.5478063,1147,1,9,4
1765321119.5478063,1147,2,2,15
1765321119.5478063,1147,3,14,16
1765321119.5478063,1147,4,3,4
1765321119.5983238,1148,1,10,4
1765321119.5983238,1148,2,2,15
1765321119.5983238,1148,3,14,16
1765321119.5983238,1148,4,3,4
1765321119.648764,1149,1,10,4
1765321119.648764,1149,2,2,15
1765321119.648764,1149,3,14,16
1765321119.648764,1149,4,3,4
1765321119.6995394,1150,1,10,4
1765321119.6995394,1150,2,2,15
1765321119.6995394,1150,3,14,16
1765321119.6995394,1150,4,3,4
1765321119.7507126,1151,1,10,4
1765321119.7507126,1151,2,2,15
1765321119.7507126,1151,3,14,16
1765321119.7507126,1151,4,3,4
1765321119.801442,1152,1,11,4
1765321119.801442,1152,2,2,15
1765321119.801442,1152,3,14,16
1765321119.801442,1152,4,3,4
1765321119.852187,1153,1,11,4
1765321119.852187,1153,2,2,15
1765321119.852187,1153,3,14,16
1765321119.852187,1153,4,3,4
1765321119.90273,1154,1,11,4
1765321119.90273,1154,2,2,15
1765321119.90273,1154,3,14,16
1765321119.90273,1154,4,3,4
1765321119.9536586,1155,1,12,4
1765321119.9536586,1155,2,2,15
1765321119.9536586,1155,3,14,16
1765321119.9536586,1155,4,3,4
1765321120.004572,1156,1,12,4
1765321120.004572,1156,2,2,15
1765321120.004572,1156,3,14,16
1765321120.004572,1156,4,3,4
1765321120.0549736,1157,1,12,4
1765321120.0549736,1157,2,2,15
1765321120.0549736,1157,3,14,16
1765321120.0549736,1157,4,3,4
1765321120.1058645,1158,1,12,4
1765321120.1058645,1158,2,2,15
1765321120.1058645,1158,3,14,16
1765321120.1058645,1158,4,3,4
1765321120.156603,1159,1,13,4
1765321120.156603,1159,2,2,15
1765321120.156603,1159,3,14,16
1765321120.156603,1159,4,3,4
1765321120.2072446,1160,1,13,4
1765321120.2072446,1160,2,2,15
1765321120.2072446,1160,3,14,16
1765321120.2072446,1160,4,3,4
1765321120.2589772,1161,1,14,4
1765321120.2589772,1161,2,2,15
1765321120.2589772,1161,3,14,16
1765321120.2589772,1161,4,3,4
1765321120.3099322,1162,1,14,4
1765321120.3099322,1162,2,2,15
1765321120.3099322,1162,3,13,16
1765321120.3099322,1162,4,3,4
1765321120.3605917,1163,1,14,4
1765321120.3605917,1163,2,2,15
1765321120.3605917,1163,3,13,16
1765321120.3605917,1163,4,3,4
1765321120.4114256,1164,1,14,4
1765321120.4114256,1164,2,2,15
1765321120.4114256,1164,3,13,16
1765321120.4114256,1164,4,3,4
1765321120.4627695,1165,1,15,4
1765321120.4627695,1165,2,2,15
1765321120.4627695,1165,3,13,16
1765321120.4627695,1165,4,3,4
1765321120.5140586,1166,1,15,4
1765321120.5140586,1166,2,2,15
1765321120.5140586,1166,3,13,16
1765321120.5140586,1166,4,3,4
1765321120.5646987,1167,1,15,4
1765321120.5646987,1167,2,2,15
1765321120.5646987,1167,3,13,16
1765321120.5646987,1167,4,3,4
1765321120.615733,1168,1,15,4
1765321120.615733,1168,2,2,15
1765321120.615733,1168,3,13,16
1765321120.615733,1168,4,3,4
1765321120.666406,1169,1,15,4
1765321120.666406,1169,2,2,15
1765321120.666406,1169,3,13,16
1765321120.666406,1169,4,3,4
1765321120.7171023,1170,1,15,4
1765321120.7171023,1170,2,2,15
1765321120.7171023,1170,3,13,16
1765321120.7171023,1170,4,3,4
1765321120.7686656,1171,1,16,4
1765321120.7686656,1171,2,2,15
1765321120.7686656,1171,3,13,16
1765321120.7686656,1171,4,3,4
1765321120.8194747,1172,1,16,4
1765321120.8194747,1172,2,2,15
1765321120.8194747,1172,3,13,15
1765321120.8194747,1172,4,3,4
1765321120.870286,1173,1,16,4
1765321120.870286,1173,2,2,15
1765321120.870286,1173,3,13,15
1765321120.870286,1173,4,3,4
1765321120.9207761,1174,1,17,4
1765321120.9207761,1174,2,2,15
1765321120.9207761,1174,3,13,15
1765321120.9207761,1174,4,3,4
1765321120.971928,1175,1,17,4
1765321120.971928,1175,2,2,15
1765321120.971928,1175,3,13,15
1765321120.971928,1175,4,2,4
1765321121.0224807,1176,1,17,4
1765321121.0224807,1176,2,2,15
1765321121.0224807,1176,3,13,16
1765321121.0224807,1176,4,2,4
1765321121.073305,1177,1,18,4
1765321121.073305,1177,2,2,15
1765321121.073305,1177,3,13,16
1765321121.073305,1177,4,2,4
1765321121.124607,1178,1,18,4
1765321121.124607,1178,2,2,15
1765321121.124607,1178,3,13,16
1765321121.124607,1178,4,2,4
1765321121.1784332,1179,1,19,4
1765321121.1784332,1179,2,2,15
1765321121.1784332,1179,3,13,16
1765321121.1784332,1179,4,2,4
1765321121.2299247,1180,1,19,4
1765321121.2299247,1180,2,2,15
1765321121.2299247,1180,3,13,16
1765321121.2299247,1180,4,2,4
