time,snapshot_id,player_id,server_row,server_col,display_row,display_col
1765415317.756508,233,2,19,1,19,1
1765415317.770509,233,2,19,1,19,1
1765415317.787540,234,2,19,1,19,1
1765415317.809010,235,2,19,1,19,1
1765415317.825695,236,2,19,1,19,1
1765415317.839052,236,2,19,1,19,1
1765415317.853708,237,2,19,1,19,1
1765415317.870235,238,2,19,1,19,1
1765415317.885570,239,2,19,1,19,1
1765415317.901828,239,2,19,1,19,1
1765415317.918176,240,2,19,1,19,1
1765415317.934288,241,2,19,1,19,1
1765415317.951113,242,2,19,1,19,1
1765415317.967230,243,2,19,1,19,1
1765415317.983063,243,2,19,1,19,1
1765415317.998899,244,2,19,1,19,1
1765415318.014692,245,2,19,1,19,1
1765415318.031341,246,2,19,1,19,1
1765415318.047895,246,2,19,1,19,1
1765415318.064336,247,2,19,1,19,1
1765415318.080576,248,2,19,1,19,1
1765415318.098590,249,2,19,1,19,1
1765415318.113795,249,2,19,1,19,1
1765415318.129322,250,2,19,1,19,1
1765415318.146899,251,2,19,1,19,1
1765415318.167415,252,2,19,1,19,1
1765415318.180491,252,2,19,1,19,1
1765415318.196774,253,2,19,1,19,1
1765415318.213889,253,2,19,1,19,1
1765415318.230945,254,2,19,1,19,1
1765415318.247484,255,2,19,1,19,1
1765415318.264620,256,2,19,1,19,1
1765415318.281802,257,2,19,1,19,1
1765415318.298986,257,2,19,1,19,1
1765415318.315307,258,2,19,1,19,1
1765415318.331672,259,2,19,1,19,1
1765415318.347735,260,2,18,1,18,1
1765415318.364441,260,2,18,1,18,1
1765415318.381322,261,2,18,1,18,1
1765415318.398256,262,2,18,1,18,1
1765415318.415301,263,2,18,1,18,1
1765415318.431786,264,2,18,1,18,1
1765415318.448302,264,2,18,1,18,1
1765415318.536584,264,2,18,1,18,1
1765415318.568632,268,2,18,1,18,1
1765415318.585735,269,2,18,1,18,1
1765415318.602535,269,2,18,1,18,1
1765415318.618796,270,2,18,1,18,1
1765415318.635715,271,2,18,1,18,1
1765415318.652329,272,2,18,1,18,1
1765415318.669886,272,2,18,1,18,1
1765415318.686848,273,2,18,1,18,1
1765415318.703527,274,2,18,1,18,1
1765415318.720417,275,2,18,1,18,1
1765415318.736531,276,2,18,1,18,1
1765415318.753270,276,2,18,1,18,1
1765415318.770608,277,2,18,1,18,1
1765415318.787295,278,2,18,1,18,1
1765415318.804410,279,2,18,1,18,1
1765415318.820665,280,2,18,1,18,1
1765415318.837777,280,2,18,1,18,1
1765415318.853562,281,2,18,1,18,1
1765415318.871316,282,2,18,1,18,1
1765415318.887388,282,2,18,1,18,1
1765415318.904323,283,2,18,1,18,1
1765415318.920806,284,2,18,1,18,1
1765415318.938236,285,2,18,1,18,1
1765415318.954410,286,2,18,1,18,1
1765415318.971249,286,2,18,1,18,1
1765415318.987397,287,2,18,1,18,1
1765415319.003883,288,2,18,1,18,1
1765415319.020931,289,2,18,1,18,1
1765415319.037579,289,2,18,1,18,1
1765415319.060946,291,2,18,1,18,1
1765415319.078068,291,2,18,1,18,1
1765415319.094649,292,2,18,1,18,1
1765415319.110647,293,2,18,1,18,1
1765415319.127782,294,2,18,1,18,1
1765415319.144946,295,2,18,1,18,1
1765415319.161248,295,2,18,1,18,1
1765415319.177813,296,2,18,1,18,1
1765415319.193772,297,2,18,1,18,1
1765415319.210442,298,2,18,1,18,1
1765415319.227233,298,2,18,1,18,1
1765415319.243105,299,2,18,1,18,1
1765415319.260260,300,2,18,1,18,1
1765415319.276465,301,2,18,1,18,1
1765415319.293665,301,2,18,1,18,1
1765415319.309885,302,2,18,1,18,1
1765415319.326105,303,2,17,1,17,1
1765415319.343087,304,2,17,1,17,1
1765415319.359511,305,2,17,1,17,1
1765415319.376662,305,2,17,1,17,1
1765415319.392929,306,2,17,1,17,1
1765415319.409398,307,2,17,1,17,1
1765415319.425622,308,2,17,1,17,1
1765415319.442699,308,2,17,1,17,1
1765415319.458880,309,2,17,1,17,1
1765415319.475379,310,2,17,1,17,1
1765415319.491549,311,2,17,1,17,1
1765415319.507874,311,2,17,1,17,1
1765415319.524413,312,2,17,1,17,1
1765415319.541124,313,2,17,1,17,1
1765415319.557715,314,2,17,1,17,1
1765415319.575045,315,2,17,1,17,1
1765415319.590821,315,2,17,1,17,1
1765415319.608101,316,2,17,1,17,1
1765415319.623619,317,2,17,1,17,1
1765415319.640531,318,2,17,1,17,1
1765415319.657349,318,2,17,1,17,1
1765415319.673824,319,2,17,1,17,1
1765415319.690773,320,2,16,1,16,1
1765415319.708501,321,2,16,1,16,1
1765415319.725386,322,2,16,1,16,1
1765415319.742539,322,2,16,1,16,1
1765415319.759372,323,2,16,1,16,1
1765415319.777103,324,2,16,1,16,1
1765415319.792588,325,2,16,1,16,1
1765415319.809449,326,2,16,1,16,1
1765415319.826335,326,2,16,1,16,1
1765415319.842970,327,2,16,1,16,1
1765415319.858808,328,2,16,1,16,1
1765415319.874690,329,2,16,1,16,1
1765415319.891489,329,2,16,1,16,1
1765415319.908090,330,2,16,1,16,1
1765415319.924707,331,2,16,1,16,1
1765415319.940959,332,2,16,1,16,1
1765415319.957365,333,2,16,1,16,1
1765415319.975512,333,2,16,1,16,1
1765415319.992188,334,2,16,1,16,1
1765415320.008257,335,2,16,1,16,1
1765415320.025394,336,2,16,1,16,1
1765415320.043007,337,2,16,1,16,1
1765415320.059224,337,2,16,1,16,1
1765415320.075895,338,2,16,1,16,1
1765415320.092446,339,2,16,1,16,1
1765415320.109083,340,2,16,1,16,1
1765415320.125669,340,2,16,1,16,1
1765415320.142095,341,2,16,1,16,1
1765415320.159000,342,2,16,1,16,1
1765415320.174701,343,2,16,1,16,1
1765415320.191182,344,2,16,1,16,1
1765415320.207007,344,2,16,1,16,1
1765415320.222842,345,2,16,1,16,1
1765415320.239167,346,2,16,1,16,1
1765415320.254855,347,2,16,1,16,1
1765415320.270896,347,2,16,1,16,1
1765415320.286837,348,2,16,1,16,1
1765415320.304590,349,2,16,1,16,1
1765415320.320936,350,2,16,1,16,1
1765415320.338066,350,2,16,1,16,1
1765415320.355078,351,2,16,1,16,1
1765415320.370535,352,2,16,1,16,1
1765415320.386453,353,2,16,1,16,1
1765415320.403261,354,2,16,1,16,1
1765415320.421517,354,2,16,1,16,1
1765415320.438466,355,2,16,1,16,1
1765415320.454876,356,2,16,1,16,1
1765415320.471092,356,2,16,1,16,1
1765415320.487447,357,2,16,1,16,1
1765415320.504885,358,2,16,1,16,1
1765415320.521137,359,2,16,1,16,1
1765415320.537903,359,2,16,1,16,1
1765415320.554338,360,2,16,1,16,1
1765415320.571540,361,2,16,1,16,1
1765415320.588166,362,2,16,1,16,1
1765415320.604662,363,2,16,1,16,1
1765415320.621542,363,2,16,1,16,1
1765415320.644550,364,2,16,1,16,1
1765415320.661514,365,2,16,1,16,1
1765415320.678013,366,2,16,1,16,1
1765415320.694430,366,2,16,1,16,1
1765415320.711877,367,2,16,1,16,1
1765415320.729055,368,2,16,1,16,1
1765415320.744745,369,2,16,1,16,1
1765415320.760695,370,2,16,1,16,1
1765415320.777434,370,2,16,1,16,1
1765415320.793597,371,2,16,1,16,1
1765415320.810915,372,2,16,1,16,1
1765415320.827296,373,2,16,1,16,1
1765415320.843673,373,2,16,1,16,1
1765415320.860748,374,2,16,1,16,1
1765415320.876545,375,2,16,1,16,1
1765415320.893110,376,2,16,1,16,1
1765415320.909053,377,2,16,2,16,2
1765415320.925172,377,2,16,2,16,2
1765415320.941907,378,2,16,2,16,2
1765415320.957965,379,2,16,2,16,2
1765415320.974362,380,2,16,2,16,2
1765415320.992022,380,2,16,2,16,2
1765415321.008423,381,2,16,2,16,2
1765415321.024739,382,2,16,2,16,2
1765415321.040951,383,2,16,2,16,2
1765415321.058886,384,2,16,2,16,2
1765415321.075043,384,2,16,2,16,2
1765415321.090800,385,2,16,2,16,2
1765415321.107074,385,2,16,2,16,2
1765415321.123384,386,2,16,2,16,2
1765415321.139938,387,2,16,2,16,2
1765415321.156183,388,2,16,2,16,2
1765415321.172354,389,2,16,2,16,2
1765415321.189130,389,2,16,2,16,2
1765415321.205938,390,2,16,2,16,2
1765415321.221970,391,2,16,2,16,2
1765415321.238494,392,2,16,2,16,2
1765415321.254834,392,2,16,2,16,2
1765415321.270963,393,2,16,2,16,2
1765415321.287119,394,2,16,2,16,2
1765415321.303273,395,2,16,2,16,2
1765415321.319373,395,2,16,2,16,2
1765415321.336437,396,2,16,2,16,2
1765415321.352830,397,2,16,2,16,2
1765415321.368755,398,2,16,2,16,2
1765415321.385600,399,2,16,2,16,2
1765415321.401896,399,2,16,2,16,2
1765415321.419159,400,2,16,2,16,2
1765415321.435205,401,2,16,2,16,2
1765415321.452417,402,2,16,2,16,2
1765415321.469824,403,2,16,2,16,2
1765415321.486932,403,2,16,2,16,2
1765415321.503601,404,2,16,2,16,2
1765415321.520583,405,2,16,2,16,2
1765415321.538076,406,2,16,2,16,2
1765415321.553625,406,2,16,2,16,2
1765415321.570860,407,2,16,2,16,2
1765415321.587811,408,2,16,2,16,2
1765415321.604346,409,2,16,2,16,2
1765415321.621127,410,2,16,2,16,2
1765415321.636843,410,2,16,2,16,2
1765415321.653304,411,2,16,2,16,2
1765415321.669737,412,2,16,2,16,2
1765415321.686708,413,2,16,2,16,2
1765415321.703026,413,2,16,2,16,2
1765415321.719040,414,2,16,2,16,2
1765415321.736084,415,2,16,2,16,2
1765415321.752499,416,2,16,2,16,2
1765415321.769327,416,2,16,2,16,2
1765415321.786441,417,2,16,2,16,2
1765415321.802765,418,2,16,2,16,2
1765415321.819393,419,2,16,2,16,2
1765415321.836865,420,2,16,2,16,2
1765415321.855749,420,2,16,2,16,2
1765415321.873663,421,2,16,2,16,2
1765415321.890589,422,2,16,2,16,2
1765415321.907086,423,2,16,2,16,2
1765415321.923832,423,2,16,2,16,2
1765415321.940177,424,2,16,2,16,2
1765415321.956232,425,2,16,2,16,2
1765415321.972678,426,2,16,2,16,2
1765415321.989734,426,2,16,2,16,2
1765415322.006088,427,2,16,2,16,2
1765415322.022105,428,2,16,2,16,2
1765415322.038628,429,2,16,2,16,2
1765415322.055212,430,2,16,2,16,2
1765415322.071391,430,2,16,2,16,2
1765415322.088096,431,2,16,2,16,2
1765415322.104022,432,2,16,2,16,2
1765415322.120245,433,2,16,2,16,2
1765415322.136101,433,2,16,2,16,2
1765415322.152468,434,2,16,2,16,2
1765415322.168946,435,2,16,2,16,2
1765415322.185667,436,2,16,2,16,2
1765415322.201945,436,2,16,2,16,2
1765415322.218282,437,2,16,2,16,2
1765415322.235147,438,2,16,2,16,2
1765415322.251560,439,2,16,2,16,2
1765415322.268516,439,2,16,2,16,2
1765415322.285490,440,2,16,2,16,2
1765415322.302430,441,2,16,2,16,2
1765415322.319274,442,2,16,2,16,2
1765415322.335092,442,2,16,2,16,2
1765415322.351259,443,2,16,2,16,2
1765415322.367687,444,2,16,2,16,2
1765415322.384679,445,2,16,2,16,2
1765415322.400915,446,2,16,2,16,2
1765415322.417545,446,2,16,2,16,2
1765415322.434850,447,2,16,2,16,2
1765415322.452073,448,2,16,2,16,2
1765415322.468601,449,2,17,2,17,2
1765415322.485881,450,2,17,2,17,2
1765415322.502988,450,2,17,2,17,2
1765415322.518967,451,2,17,2,17,2
1765415322.536368,452,2,17,2,17,2
1765415322.553379,453,2,17,2,17,2
1765415322.571025,454,2,17,2,17,2
1765415322.587118,454,2,17,2,17,2
1765415322.603585,455,2,17,2,17,2
1765415322.620608,456,2,17,2,17,2
1765415322.637444,457,2,17,2,17,2
1765415322.654968,457,2,17,2,17,2
1765415322.670877,458,2,17,2,17,2
1765415322.687941,459,2,17,2,17,2
1765415322.704570,460,2,17,2,17,2
1765415322.721492,461,2,17,2,17,2
1765415322.737994,461,2,17,2,17,2
1765415322.754225,462,2,17,2,17,2
1765415322.769900,463,2,17,2,17,2
1765415322.786504,464,2,17,2,17,2
1765415322.803760,464,2,17,2,17,2
1765415322.819766,465,2,17,2,17,2
1765415322.836311,466,2,17,2,17,2
1765415322.853672,467,2,17,2,17,2
1765415322.870843,468,2,17,2,17,2
1765415322.888197,468,2,17,2,17,2
1765415322.905037,469,2,17,2,17,2
1765415322.922241,470,2,17,2,17,2
1765415322.939009,471,2,17,2,17,2
1765415322.954738,471,2,17,2,17,2
1765415322.971460,472,2,17,2,17,2
1765415322.988149,473,2,17,2,17,2
1765415323.004539,474,2,17,2,17,2
1765415323.020808,475,2,17,2,17,2
1765415323.037312,475,2,17,2,17,2
1765415323.054463,476,2,17,2,17,2
1765415323.071442,477,2,17,2,17,2
1765415323.088455,478,2,17,2,17,2
1765415323.105555,478,2,17,2,17,2
1765415323.122753,479,2,17,2,17,2
1765415323.139690,480,2,17,2,17,2
1765415323.156169,481,2,17,2,17,2
1765415323.172293,482,2,17,2,17,2
1765415323.189916,482,2,17,2,17,2
1765415323.205669,483,2,17,2,17,2
1765415323.222576,484,2,17,1,17,1
1765415323.240211,485,2,17,1,17,1
1765415323.256709,486,2,17,1,17,1
1765415323.272789,486,2,17,1,17,1
1765415323.289077,487,2,17,1,17,1
1765415323.305556,488,2,17,1,17,1
1765415323.322771,489,2,17,1,17,1
1765415323.339712,489,2,17,1,17,1
1765415323.356176,490,2,17,1,17,1
1765415323.371642,491,2,17,1,17,1
1765415323.387512,492,2,17,1,17,1
1765415323.404871,492,2,17,1,17,1
1765415323.421523,493,2,17,1,17,1
1765415323.438712,494,2,17,1,17,1
1765415323.455470,495,2,17,1,17,1
1765415323.471902,496,2,17,1,17,1
1765415323.488048,496,2,17,1,17,1
1765415323.504337,497,2,17,1,17,1
1765415323.521331,498,2,17,1,17,1
1765415323.538340,499,2,17,1,17,1
1765415323.555820,499,2,17,1,17,1
1765415323.573102,500,2,17,1,17,1
1765415323.589083,501,2,17,1,17,1
1765415323.604953,502,2,17,1,17,1
1765415323.621358,503,2,17,1,17,1
1765415323.637997,503,2,17,1,17,1
1765415323.653691,504,2,17,1,17,1
1765415323.669688,505,2,17,1,17,1
1765415323.685816,506,2,17,1,17,1
1765415323.703293,506,2,17,1,17,1
1765415323.720130,507,2,17,1,17,1
1765415323.736615,508,2,17,1,17,1
1765415323.753562,509,2,17,1,17,1
1765415323.771355,509,2,17,1,17,1
1765415323.788050,510,2,17,1,17,1
1765415323.803894,511,2,17,1,17,1
1765415323.820197,512,2,17,1,17,1
1765415323.836628,512,2,17,1,17,1
1765415323.853386,513,2,17,1,17,1
1765415323.869768,514,2,17,1,17,1
1765415323.885783,515,2,17,1,17,1
1765415323.901871,516,2,17,1,17,1
1765415323.918808,516,2,17,1,17,1
1765415323.935235,517,2,17,1,17,1
1765415323.951461,518,2,16,1,16,1
1765415323.967915,519,2,16,1,16,1
1765415323.983810,520,2,16,1,16,1
1765415324.000721,520,2,16,1,16,1
1765415324.016770,521,2,16,1,16,1
1765415324.033371,522,2,16,1,16,1
1765415324.049778,523,2,16,1,16,1
1765415324.066974,523,2,16,1,16,1
1765415324.083477,524,2,16,1,16,1
1765415324.100008,525,2,16,1,16,1
1765415324.116270,526,2,16,1,16,1
1765415324.132004,526,2,16,1,16,1
1765415324.148457,527,2,16,1,16,1
1765415324.164911,528,2,16,1,16,1
1765415324.181314,529,2,16,1,16,1
1765415324.198831,530,2,16,1,16,1
1765415324.214622,530,2,16,1,16,1
1765415324.231030,531,2,16,1,16,1
1765415324.246871,532,2,16,1,16,1
1765415324.264066,533,2,16,1,16,1
1765415324.280311,533,2,16,1,16,1
1765415324.296803,534,2,16,1,16,1
1765415324.312505,535,2,16,1,16,1
1765415324.329594,536,2,16,1,16,1
1765415324.345768,536,2,16,1,16,1
1765415324.362468,537,2,16,1,16,1
1765415324.379389,538,2,16,1,16,1
1765415324.396883,539,2,16,1,16,1
1765415324.414614,540,2,16,1,16,1
1765415324.431057,540,2,16,1,16,1
1765415324.447030,541,2,16,1,16,1
1765415324.463291,542,2,16,1,16,1
1765415324.481000,543,2,16,1,16,1
1765415324.496771,543,2,16,1,16,1
1765415324.513365,544,2,16,1,16,1
1765415324.530092,545,2,16,1,16,1
1765415324.545919,546,2,16,1,16,1
1765415324.562015,546,2,16,1,16,1
1765415324.577868,547,2,16,1,16,1
1765415324.594407,548,2,16,1,16,1
1765415324.611251,549,2,16,2,16,2
1765415324.627643,550,2,16,2,16,2
1765415324.644900,550,2,16,2,16,2
1765415324.661458,551,2,16,2,16,2
1765415324.679074,552,2,16,2,16,2
1765415324.696025,553,2,16,2,16,2
1765415324.713211,553,2,16,2,16,2
1765415324.729367,554,2,16,2,16,2
1765415324.746189,555,2,16,2,16,2
1765415324.762068,556,2,16,2,16,2
1765415324.778840,557,2,16,2,16,2
1765415324.795355,557,2,16,2,16,2
1765415324.812323,558,2,16,2,16,2
1765415324.829664,559,2,16,2,16,2
1765415324.847118,560,2,16,2,16,2
1765415324.862866,560,2,16,2,16,2
1765415324.878811,561,2,16,2,16,2
1765415324.894760,562,2,16,2,16,2
1765415324.910949,563,2,16,2,16,2
1765415324.927186,563,2,16,2,16,2
1765415324.942982,564,2,16,2,16,2
1765415324.959947,565,2,16,1,16,1
1765415324.976830,566,2,16,1,16,1
1765415324.992497,566,2,16,1,16,1
1765415325.009969,567,2,16,1,16,1
1765415325.026848,568,2,16,1,16,1
1765415325.043600,569,2,16,1,16,1
1765415325.059528,570,2,16,1,16,1
1765415325.076199,570,2,16,1,16,1
1765415325.091751,571,2,16,1,16,1
1765415325.109134,572,2,16,1,16,1
1765415325.124712,573,2,16,1,16,1
1765415325.141770,573,2,16,1,16,1
1765415325.159329,574,2,16,1,16,1
1765415325.176529,575,2,16,1,16,1
1765415325.192652,576,2,16,1,16,1
1765415325.208597,577,2,16,1,16,1
1765415325.225928,577,2,16,1,16,1
1765415325.241891,578,2,16,1,16,1
1765415325.258455,579,2,16,1,16,1
1765415325.275869,580,2,16,1,16,1
1765415325.292222,580,2,16,1,16,1
1765415325.308678,581,2,16,1,16,1
1765415325.325953,582,2,16,1,16,1
1765415325.341842,583,2,16,1,16,1
1765415325.359020,584,2,16,1,16,1
1765415325.375458,584,2,16,1,16,1
1765415325.392538,585,2,16,1,16,1
1765415325.408487,586,2,16,1,16,1
1765415325.424553,587,2,16,1,16,1
1765415325.441388,587,2,16,1,16,1
1765415325.458054,588,2,16,1,16,1
1765415325.474570,589,2,16,1,16,1
1765415325.491997,590,2,16,1,16,1
1765415325.507989,591,2,16,1,16,1
1765415325.524863,591,2,16,1,16,1
1765415325.541808,592,2,16,1,16,1
1765415325.558139,593,2,16,1,16,1
1765415325.573983,594,2,16,1,16,1
1765415325.590201,594,2,16,1,16,1
1765415325.606149,595,2,16,1,16,1
1765415325.622456,596,2,16,1,16,1
1765415325.638847,597,2,16,1,16,1
1765415325.655526,597,2,16,1,16,1
1765415325.672906,598,2,16,1,16,1
1765415325.688653,599,2,16,1,16,1
1765415325.705343,600,2,16,1,16,1
1765415325.722233,601,2,16,1,16,1
1765415325.738362,601,2,16,1,16,1
1765415325.755080,602,2,16,1,16,1
1765415325.771423,603,2,16,1,16,1
1765415325.789214,604,2,16,1,16,1
1765415325.805998,604,2,16,1,16,1
1765415325.822783,605,2,16,1,16,1
1765415325.839246,606,2,16,1,16,1
1765415325.855453,607,2,16,1,16,1
1765415325.872472,608,2,16,0,16,0
1765415325.889229,608,2,16,0,16,0
1765415325.907036,609,2,16,0,16,0
1765415325.923582,610,2,16,0,16,0
1765415325.939509,611,2,16,0,16,0
1765415325.956989,612,2,16,0,16,0
1765415325.974063,612,2,16,0,16,0
1765415325.990846,613,2,16,0,16,0
1765415326.008017,614,2,16,0,16,0
1765415326.023722,615,2,16,0,16,0
1765415326.041018,615,2,16,0,16,0
1765415326.057419,616,2,16,0,16,0
1765415326.074185,617,2,16,0,16,0
1765415326.089747,618,2,16,0,16,0
1765415326.107125,619,2,16,0,16,0
1765415326.124258,619,2,16,0,16,0
1765415326.140893,620,2,16,0,16,0
1765415326.157472,621,2,16,0,16,0
1765415326.174880,622,2,16,0,16,0
1765415326.190868,623,2,16,0,16,0
1765415326.207627,623,2,16,0,16,0
1765415326.224397,624,2,16,0,16,0
1765415326.241097,625,2,16,0,16,0
1765415326.258316,626,2,16,0,16,0
1765415326.275244,626,2,16,0,16,0
1765415326.291010,627,2,16,0,16,0
1765415326.306589,628,2,16,0,16,0
1765415326.323162,629,2,16,0,16,0
1765415326.340276,630,2,16,0,16,0
1765415326.356345,630,2,16,0,16,0
1765415326.374146,631,2,16,0,16,0
1765415326.391116,632,2,16,0,16,0
1765415326.407218,633,2,16,0,16,0
1765415326.423324,633,2,16,0,16,0
1765415326.440611,634,2,16,0,16,0
1765415326.457835,635,2,16,0,16,0
1765415326.474839,636,2,16,0,16,0
1765415326.491475,637,2,16,0,16,0
1765415326.508720,637,2,16,0,16,0
1765415326.525311,638,2,16,0,16,0
1765415326.542504,639,2,16,0,16,0
1765415326.692028,639,2,16,0,16,0
1765415326.708570,640,2,16,0,16,0
1765415326.725559,641,2,16,0,16,0
1765415326.742001,642,2,16,0,16,0
1765415326.767704,642,2,16,0,16,0
1765415326.791925,643,2,16,0,16,0
1765415326.814496,644,2,16,0,16,0
1765415326.831070,645,2,16,0,16,0
1765415326.847631,646,2,16,0,16,0
1765415326.864703,647,2,16,0,16,0
1765415326.881481,647,2,16,0,16,0
1765415326.915816,648,2,16,0,16,0
1765415326.931889,649,2,16,0,16,0
1765415326.948676,650,2,16,0,16,0
1765415326.965139,650,2,16,0,16,0
1765415326.980517,651,2,16,0,16,0
1765415326.997081,652,2,16,0,16,0
1765415327.013147,653,2,16,0,16,0
1765415327.029435,653,2,16,0,16,0
1765415327.046949,654,2,16,0,16,0
1765415327.064160,655,2,16,0,16,0
1765415327.080524,656,2,16,0,16,0
1765415327.098079,657,2,16,0,16,0
1765415327.113824,657,2,16,0,16,0
1765415327.129548,658,2,16,0,16,0
1765415327.146721,659,2,16,0,16,0
1765415327.163372,660,2,16,0,16,0
1765415327.179966,660,2,16,0,16,0
1765415327.196360,661,2,16,0,16,0
1765415327.213419,662,2,16,0,16,0
1765415327.230323,663,2,16,0,16,0
1765415327.246992,664,2,16,0,16,0
1765415327.262956,664,2,16,0,16,0
1765415327.279068,665,2,16,0,16,0
1765415327.295211,666,2,16,0,16,0
1765415327.311235,667,2,16,0,16,0
1765415327.327184,667,2,16,0,16,0
1765415327.343466,668,2,16,0,16,0
1765415327.360650,669,2,16,0,16,0
1765415327.376493,670,2,16,0,16,0
1765415327.393436,670,2,16,0,16,0
1765415327.410619,671,2,16,0,16,0
1765415327.427176,672,2,16,1,16,1
1765415327.443885,673,2,16,1,16,1
1765415327.460761,674,2,16,1,16,1
1765415327.476726,674,2,16,1,16,1
1765415327.493842,675,2,16,1,16,1
1765415327.510808,676,2,16,1,16,1
1765415327.527394,677,2,16,1,16,1
1765415327.543960,677,2,16,1,16,1
1765415327.560397,678,2,16,1,16,1
1765415327.577091,679,2,16,1,16,1
1765415327.593629,680,2,16,1,16,1
1765415327.609585,681,2,16,1,16,1
1765415327.627009,681,2,16,1,16,1
1765415327.643142,682,2,16,1,16,1
1765415327.659443,683,2,16,1,16,1
1765415327.676234,684,2,16,1,16,1
1765415327.692519,684,2,16,1,16,1
1765415327.709669,685,2,16,1,16,1
1765415327.725997,686,2,16,1,16,1
1765415327.741841,687,2,16,1,16,1
1765415327.758492,688,2,16,1,16,1
1765415327.776015,688,2,16,1,16,1
1765415327.791803,689,2,16,1,16,1
1765415327.808524,690,2,16,1,16,1
1765415327.825891,691,2,16,1,16,1
1765415327.841926,691,2,16,1,16,1
1765415327.857794,692,2,16,1,16,1
1765415327.874723,693,2,16,1,16,1
1765415327.890971,694,2,16,1,16,1
1765415327.906929,694,2,16,1,16,1
1765415327.923121,695,2,16,1,16,1
1765415327.939346,696,2,16,1,16,1
1765415327.955937,697,2,16,1,16,1
1765415327.973051,697,2,16,1,16,1
1765415327.989602,698,2,16,1,16,1
1765415328.005888,699,2,16,1,16,1
1765415328.022316,700,2,16,1,16,1
1765415328.039457,701,2,16,0,16,0
1765415328.056043,701,2,16,0,16,0
1765415328.072977,702,2,16,0,16,0
1765415328.090134,703,2,16,0,16,0
1765415328.105773,704,2,16,0,16,0
1765415328.122561,704,2,16,0,16,0
1765415328.139403,705,2,16,0,16,0
1765415328.156572,706,2,16,0,16,0
1765415328.173685,707,2,16,0,16,0
1765415328.190109,708,2,16,0,16,0
1765415328.206518,708,2,16,0,16,0
1765415328.222963,709,2,16,0,16,0
1765415328.239986,710,2,16,0,16,0
1765415328.256176,711,2,16,0,16,0
1765415328.272550,711,2,16,0,16,0
1765415328.289747,712,2,16,0,16,0
1765415328.307476,713,2,16,0,16,0
1765415328.325049,714,2,16,0,16,0
1765415328.341009,715,2,16,0,16,0
1765415328.357932,715,2,16,0,16,0
1765415328.373809,716,2,16,0,16,0
1765415328.389902,717,2,16,0,16,0
1765415328.406152,718,2,16,0,16,0
1765415328.422210,718,2,16,0,16,0
1765415328.437968,719,2,16,0,16,0
1765415328.454041,720,2,16,0,16,0
1765415328.470653,721,2,16,0,16,0
1765415328.487961,721,2,16,0,16,0
1765415328.504980,722,2,16,0,16,0
1765415328.520492,723,2,16,0,16,0
1765415328.537651,724,2,15,0,15,0
1765415328.555082,725,2,15,0,15,0
1765415328.571190,725,2,15,0,15,0
1765415328.586627,726,2,15,0,15,0
1765415328.603368,727,2,15,0,15,0
1765415328.620154,728,2,15,0,15,0
1765415328.636543,728,2,15,0,15,0
1765415328.653168,729,2,15,0,15,0
1765415328.668786,730,2,15,0,15,0
1765415328.685537,731,2,15,0,15,0
1765415328.701989,732,2,15,0,15,0
1765415328.718825,732,2,15,0,15,0
1765415328.735595,733,2,15,0,15,0
1765415328.752584,734,2,15,0,15,0
1765415328.769119,735,2,15,0,15,0
1765415328.784495,735,2,15,0,15,0
1765415328.801133,736,2,15,0,15,0
1765415328.816912,737,2,15,0,15,0
1765415328.833060,738,2,15,0,15,0
1765415328.848674,738,2,15,0,15,0
1765415328.865947,739,2,15,0,15,0
1765415328.882663,740,2,15,0,15,0
1765415328.899757,741,2,15,0,15,0
1765415328.916251,742,2,15,0,15,0
1765415328.931549,742,2,15,0,15,0
1765415328.948359,743,2,15,0,15,0
1765415328.966092,744,2,15,0,15,0
1765415328.982680,745,2,15,0,15,0
1765415328.999272,745,2,15,0,15,0
1765415329.014760,746,2,15,0,15,0
1765415329.031430,747,2,15,0,15,0
1765415329.048590,748,2,15,0,15,0
1765415329.064966,749,2,15,0,15,0
1765415329.081441,749,2,15,0,15,0
1765415329.097599,750,2,15,0,15,0
1765415329.114297,751,2,15,0,15,0
1765415329.131573,752,2,16,0,16,0
1765415329.148310,752,2,16,0,16,0
1765415329.165342,753,2,16,0,16,0
1765415329.182543,754,2,16,0,16,0
1765415329.198647,755,2,16,0,16,0
1765415329.215456,756,2,16,0,16,0
1765415329.232570,756,2,16,0,16,0
1765415329.249252,757,2,16,0,16,0
1765415329.264912,758,2,16,0,16,0
1765415329.281827,759,2,16,0,16,0
1765415329.298274,759,2,16,0,16,0
1765415329.314817,760,2,16,0,16,0
1765415329.330987,761,2,16,0,16,0
1765415329.347593,762,2,16,0,16,0
1765415329.363814,762,2,16,0,16,0
1765415329.380093,763,2,16,0,16,0
1765415329.396318,764,2,16,0,16,0
1765415329.413985,765,2,16,0,16,0
1765415329.430120,766,2,16,0,16,0
1765415329.446314,766,2,16,0,16,0
1765415329.463392,767,2,16,0,16,0
1765415329.480584,768,2,16,0,16,0
1765415329.497718,769,2,16,0,16,0
1765415329.514564,770,2,17,0,17,0
1765415329.531550,770,2,17,0,17,0
1765415329.548579,771,2,17,0,17,0
1765415329.565023,772,2,17,0,17,0
1765415329.581599,773,2,17,0,17,0
1765415329.599084,773,2,17,0,17,0
1765415329.614741,774,2,17,0,17,0
1765415329.631498,775,2,17,0,17,0
1765415329.648700,776,2,17,0,17,0
1765415329.664705,777,2,17,0,17,0
1765415329.682105,777,2,17,0,17,0
1765415329.699212,778,2,17,0,17,0
1765415329.715960,779,2,17,0,17,0
1765415329.732256,780,2,17,0,17,0
1765415329.748096,780,2,17,0,17,0
1765415329.764851,781,2,17,0,17,0
1765415329.781047,782,2,17,0,17,0
1765415329.798124,783,2,17,0,17,0
1765415329.813820,784,2,17,0,17,0
1765415329.830413,784,2,17,0,17,0
1765415329.846413,785,2,17,0,17,0
1765415329.863815,786,2,17,0,17,0
1765415329.880508,787,2,17,0,17,0
1765415329.897728,787,2,17,0,17,0
1765415329.914690,788,2,17,0,17,0
1765415329.931723,789,2,17,0,17,0
1765415329.948450,790,2,17,0,17,0
1765415329.964705,791,2,17,0,17,0
1765415329.980684,791,2,17,0,17,0
1765415329.997385,792,2,17,0,17,0
1765415330.013983,793,2,17,0,17,0
1765415330.030056,794,2,17,0,17,0
1765415330.045930,794,2,17,0,17,0
1765415330.062223,795,2,17,0,17,0
1765415330.077708,796,2,17,0,17,0
1765415330.094639,797,2,17,0,17,0
1765415330.111171,797,2,17,0,17,0
1765415330.127198,798,2,17,0,17,0
1765415330.143949,799,2,17,0,17,0
1765415330.160650,800,2,17,0,17,0
1765415330.177165,800,2,17,0,17,0
1765415330.192980,801,2,17,0,17,0
1765415330.209150,802,2,17,0,17,0
1765415330.224858,803,2,17,0,17,0
1765415330.240959,803,2,17,0,17,0
1765415330.257505,804,2,17,0,17,0
1765415330.274236,805,2,17,0,17,0
1765415330.290075,806,2,17,0,17,0
1765415330.306522,806,2,17,0,17,0
1765415330.324677,807,2,17,0,17,0
1765415330.342044,808,2,17,0,17,0
1765415330.357843,809,2,17,0,17,0
1765415330.374986,810,2,17,0,17,0
1765415330.391298,810,2,17,0,17,0
1765415330.408683,811,2,17,0,17,0
1765415330.425462,812,2,17,0,17,0
1765415330.443034,813,2,17,0,17,0
1765415330.458907,814,2,17,0,17,0
1765415330.474907,814,2,17,0,17,0
1765415330.491238,815,2,17,0,17,0
1765415330.507821,816,2,17,0,17,0
1765415330.523495,817,2,17,0,17,0
1765415330.540562,817,2,17,0,17,0
1765415330.557020,818,2,17,0,17,0
1765415330.573272,819,2,17,0,17,0
1765415330.589837,820,2,17,0,17,0
1765415330.606571,821,2,17,0,17,0
1765415330.622595,821,2,17,0,17,0
1765415330.639474,822,2,17,0,17,0
1765415330.656006,823,2,17,0,17,0
1765415330.671539,824,2,17,0,17,0
1765415330.688599,824,2,17,0,17,0
1765415330.705535,825,2,17,0,17,0
1765415330.722169,826,2,17,0,17,0
1765415330.738209,827,2,17,0,17,0
1765415330.755368,827,2,17,0,17,0
1765415330.771993,828,2,17,0,17,0
1765415330.788894,829,2,17,0,17,0
1765415330.805015,830,2,17,0,17,0
1765415330.820638,831,2,17,0,17,0
1765415330.837717,831,2,17,0,17,0
1765415330.854351,832,2,16,0,16,0
1765415330.871394,833,2,16,0,16,0
1765415330.888278,834,2,16,0,16,0
1765415330.904625,834,2,16,0,16,0
1765415330.921449,835,2,16,0,16,0
1765415330.938306,836,2,16,0,16,0
1765415330.954985,837,2,16,0,16,0
1765415330.971632,838,2,16,0,16,0
1765415330.988279,838,2,16,0,16,0
1765415331.004843,839,2,16,0,16,0
1765415331.021161,840,2,16,0,16,0
1765415331.037071,841,2,16,0,16,0
1765415331.053112,841,2,16,0,16,0
1765415331.071132,842,2,16,0,16,0
1765415331.086708,843,2,16,0,16,0
1765415331.103513,844,2,16,0,16,0
1765415331.119592,844,2,16,0,16,0
1765415331.136198,845,2,16,0,16,0
1765415331.152043,846,2,16,0,16,0
1765415331.167980,847,2,16,0,16,0
1765415331.184527,847,2,16,0,16,0
1765415331.200995,848,2,16,0,16,0
1765415331.218538,849,2,16,0,16,0
1765415331.235172,850,2,16,0,16,0
1765415331.251358,850,2,16,0,16,0
1765415331.268404,851,2,16,0,16,0
1765415331.285289,852,2,16,0,16,0
1765415331.302101,853,2,16,0,16,0
1765415331.318863,854,2,16,0,16,0
1765415331.335391,854,2,16,0,16,0
1765415331.352219,855,2,16,0,16,0
1765415331.368712,856,2,16,0,16,0
1765415331.385446,857,2,16,0,16,0
1765415331.401695,857,2,16,0,16,0
1765415331.418650,858,2,16,0,16,0
1765415331.435061,859,2,16,0,16,0
1765415331.451418,860,2,16,0,16,0
1765415331.468384,861,2,16,0,16,0
1765415331.485101,861,2,16,0,16,0
1765415331.501708,862,2,16,0,16,0
1765415331.518014,863,2,16,0,16,0
1765415331.534651,864,2,16,0,16,0
1765415331.551331,864,2,16,0,16,0
1765415331.568922,865,2,15,0,15,0
1765415331.585445,866,2,15,0,15,0
1765415331.602627,867,2,15,0,15,0
1765415331.618950,868,2,15,0,15,0
1765415331.636050,868,2,15,0,15,0
1765415331.652883,869,2,15,0,15,0
1765415331.670172,870,2,15,0,15,0
1765415331.685606,871,2,15,0,15,0
1765415331.702135,871,2,15,0,15,0
1765415331.718275,872,2,15,0,15,0
1765415331.734158,873,2,15,0,15,0
1765415331.769467,874,2,15,0,15,0
1765415331.789528,874,2,15,0,15,0
1765415331.806194,875,2,15,0,15,0
1765415331.822050,876,2,15,0,15,0
1765415331.837822,877,2,15,0,15,0
1765415331.854945,877,2,15,0,15,0
1765415331.870965,878,2,15,0,15,0
1765415331.887125,879,2,15,0,15,0
1765415331.903000,880,2,15,0,15,0
1765415331.918981,880,2,15,0,15,0
1765415331.935783,881,2,15,0,15,0
1765415331.952136,882,2,15,0,15,0
1765415331.968041,883,2,15,0,15,0
1765415331.984713,883,2,15,0,15,0
1765415332.000854,884,2,15,0,15,0
1765415332.016730,885,2,15,0,15,0
1765415332.032863,886,2,15,0,15,0
1765415332.049086,886,2,15,0,15,0
1765415332.065091,887,2,15,0,15,0
1765415332.081523,888,2,15,0,15,0
1765415332.098209,889,2,15,0,15,0
1765415332.113792,889,2,15,0,15,0
1765415332.129672,890,2,15,0,15,0
1765415332.147310,891,2,15,0,15,0
1765415332.164708,892,2,15,0,15,0
1765415332.180901,893,2,15,0,15,0
1765415332.198233,893,2,15,0,15,0
1765415332.213987,894,2,15,0,15,0
1765415332.230382,895,2,15,0,15,0
1765415332.247329,896,2,15,0,15,0
1765415332.264395,896,2,15,0,15,0
1765415332.280507,897,2,15,0,15,0
1765415332.297438,898,2,15,0,15,0
1765415332.314191,899,2,15,0,15,0
1765415332.329899,899,2,15,0,15,0
1765415332.346955,900,2,15,0,15,0
1765415332.362824,901,2,15,0,15,0
1765415332.379452,902,2,15,0,15,0
1765415332.396831,903,2,15,0,15,0
1765415332.412530,903,2,15,0,15,0
1765415332.428677,904,2,15,0,15,0
1765415332.445019,905,2,15,0,15,0
1765415332.480622,906,2,15,0,15,0
1765415332.505742,907,2,15,0,15,0
1765415332.522861,908,2,15,0,15,0
1765415332.539470,909,2,15,0,15,0
1765415332.556040,909,2,15,0,15,0
1765415332.571617,910,2,15,0,15,0
1765415332.588644,911,2,15,0,15,0
1765415332.604962,911,2,15,0,15,0
1765415332.621727,912,2,15,0,15,0
1765415332.639066,913,2,15,0,15,0
1765415332.655377,914,2,15,0,15,0
1765415332.672865,915,2,15,0,15,0
1765415332.688692,915,2,15,0,15,0
1765415332.705921,916,2,15,1,15,1
1765415332.722190,917,2,15,1,15,1
1765415332.739574,918,2,15,1,15,1
1765415332.756405,919,2,15,1,15,1
1765415332.774005,919,2,15,1,15,1
1765415332.790752,920,2,15,1,15,1
1765415332.806941,921,2,15,1,15,1
1765415332.823232,922,2,15,1,15,1
1765415332.839481,922,2,15,1,15,1
1765415332.856590,923,2,15,1,15,1
1765415332.873471,924,2,15,1,15,1
1765415332.890687,925,2,15,1,15,1
1765415332.906789,926,2,15,1,15,1
1765415332.923684,926,2,15,1,15,1
1765415332.940645,927,2,15,1,15,1
1765415332.957241,928,2,15,1,15,1
1765415332.973568,929,2,15,1,15,1
1765415332.990839,930,2,15,1,15,1
1765415333.006913,930,2,15,1,15,1
1765415333.024709,931,2,15,1,15,1
1765415333.042030,932,2,15,1,15,1
1765415333.058838,933,2,15,1,15,1
1765415333.075742,933,2,15,1,15,1
1765415333.092815,934,2,15,1,15,1
1765415333.108384,935,2,15,1,15,1
1765415333.125285,936,2,15,1,15,1
1765415333.142342,937,2,15,1,15,1
1765415333.159223,937,2,15,1,15,1
1765415333.174818,938,2,15,1,15,1
1765415333.191095,939,2,15,1,15,1
1765415333.207112,940,2,15,1,15,1
1765415333.223395,940,2,15,1,15,1
1765415333.240464,941,2,15,1,15,1
1765415333.256759,942,2,15,1,15,1
1765415333.272969,943,2,15,1,15,1
1765415333.289685,943,2,15,1,15,1
1765415333.305877,944,2,15,1,15,1
1765415333.321854,945,2,15,1,15,1
1765415333.339247,946,2,15,1,15,1
1765415333.356626,947,2,15,1,15,1
1765415333.373189,947,2,15,1,15,1
1765415333.389188,948,2,15,1,15,1
1765415333.404967,949,2,15,1,15,1
1765415333.422040,950,2,15,1,15,1
1765415333.438511,950,2,15,1,15,1
1765415333.455328,951,2,15,1,15,1
1765415333.472703,952,2,15,1,15,1
1765415333.488851,953,2,15,1,15,1
1765415333.505226,954,2,15,1,15,1
1765415333.520797,954,2,15,1,15,1
1765415333.537098,955,2,15,1,15,1
1765415333.553649,956,2,15,1,15,1
1765415333.570138,957,2,15,1,15,1
1765415333.585479,957,2,15,1,15,1
1765415333.602846,958,2,15,1,15,1
1765415333.618866,959,2,15,1,15,1
1765415333.635335,960,2,15,1,15,1
1765415333.651899,960,2,15,1,15,1
1765415333.669314,961,2,15,1,15,1
1765415333.687166,962,2,15,1,15,1
1765415333.703198,963,2,15,1,15,1
1765415333.718874,964,2,16,1,16,1
1765415333.736044,964,2,16,1,16,1
1765415333.752386,965,2,16,1,16,1
1765415333.769278,966,2,16,1,16,1
1765415333.786567,967,2,16,1,16,1
1765415333.803844,968,2,16,1,16,1
1765415333.820616,968,2,16,1,16,1
1765415333.837529,969,2,16,1,16,1
1765415333.853616,970,2,16,1,16,1
1765415333.870064,971,2,16,1,16,1
1765415333.885805,971,2,16,1,16,1
1765415333.902179,972,2,16,1,16,1
1765415333.918914,973,2,16,1,16,1
1765415333.934966,974,2,16,1,16,1
1765415333.951132,974,2,16,1,16,1
1765415333.967889,975,2,16,1,16,1
1765415333.983698,976,2,16,1,16,1
1765415333.999517,977,2,16,1,16,1
1765415334.016962,977,2,16,1,16,1
1765415334.032990,978,2,16,1,16,1
1765415334.049358,979,2,16,1,16,1
1765415334.066025,980,2,16,1,16,1
1765415334.082596,981,2,16,1,16,1
1765415334.099339,981,2,16,1,16,1
1765415334.116553,982,2,16,1,16,1
1765415334.133213,983,2,16,1,16,1
1765415334.149327,984,2,16,1,16,1
1765415334.165763,984,2,16,1,16,1
1765415334.182382,985,2,16,1,16,1
1765415334.199006,986,2,16,1,16,1
1765415334.216168,987,2,16,1,16,1
1765415334.232081,987,2,16,1,16,1
1765415334.248385,988,2,16,1,16,1
1765415334.266244,989,2,16,1,16,1
1765415334.283635,990,2,16,1,16,1
1765415334.300643,991,2,16,1,16,1
1765415334.317139,991,2,16,1,16,1
1765415334.333020,992,2,16,1,16,1
1765415334.349161,993,2,16,1,16,1
1765415334.365967,994,2,16,1,16,1
1765415334.382255,994,2,16,1,16,1
1765415334.399343,995,2,16,1,16,1
1765415334.416756,996,2,16,2,16,2
1765415334.433715,997,2,16,2,16,2
1765415334.450309,998,2,16,2,16,2
1765415334.466706,998,2,16,2,16,2
1765415334.482854,999,2,16,2,16,2
1765415334.500235,1000,2,16,2,16,2
1765415334.516350,1001,2,16,2,16,2
1765415334.534199,1002,2,16,2,16,2
1765415334.550344,1002,2,16,2,16,2
1765415334.567440,1003,2,16,2,16,2
1765415334.583680,1004,2,16,2,16,2
1765415334.600329,1005,2,16,2,16,2
1765415334.617676,1005,2,16,2,16,2
1765415334.634045,1006,2,16,2,16,2
1765415334.650245,1007,2,16,2,16,2
1765415334.667103,1008,2,16,2,16,2
1765415334.683312,1009,2,16,2,16,2
1765415334.701077,1009,2,16,2,16,2
1765415334.717611,1010,2,16,2,16,2
1765415334.733860,1011,2,16,2,16,2
1765415334.749496,1012,2,16,2,16,2
1765415334.766424,1012,2,16,2,16,2
1765415334.782917,1013,2,16,2,16,2
1765415334.799526,1014,2,16,2,16,2
1765415334.816202,1015,2,16,2,16,2
1765415334.832025,1015,2,16,2,16,2
1765415334.849080,1016,2,16,2,16,2
1765415334.864842,1017,2,16,2,16,2
1765415334.881274,1018,2,16,2,16,2
1765415334.896990,1018,2,16,2,16,2
1765415334.914405,1019,2,16,2,16,2
1765415334.930621,1020,2,16,2,16,2
1765415334.947335,1021,2,16,2,16,2
1765415334.964076,1022,2,16,2,16,2
1765415334.980767,1022,2,16,2,16,2
1765415334.997185,1023,2,16,2,16,2
1765415335.013100,1024,2,16,2,16,2
1765415335.029150,1025,2,16,2,16,2
1765415335.046171,1025,2,16,2,16,2
1765415335.062882,1026,2,16,2,16,2
1765415335.079535,1027,2,16,2,16,2
1765415335.096323,1028,2,16,2,16,2
1765415335.112650,1028,2,16,2,16,2
1765415335.129869,1029,2,16,2,16,2
1765415335.146421,1030,2,16,2,16,2
1765415335.163666,1031,2,17,2,17,2
1765415335.179869,1032,2,17,2,17,2
1765415335.195401,1032,2,17,2,17,2
1765415335.212119,1033,2,17,2,17,2
1765415335.227719,1034,2,17,2,17,2
1765415335.244314,1035,2,17,2,17,2
1765415335.260734,1035,2,17,2,17,2
1765415335.277707,1036,2,17,2,17,2
1765415335.293946,1037,2,17,2,17,2
1765415335.310577,1038,2,17,2,17,2
1765415335.327897,1039,2,17,2,17,2
1765415335.344317,1039,2,17,2,17,2
1765415335.361056,1040,2,17,2,17,2
1765415335.377820,1041,2,17,2,17,2
1765415335.394900,1042,2,17,2,17,2
1765415335.411325,1043,2,17,2,17,2
1765415335.428593,1043,2,17,2,17,2
1765415335.445810,1044,2,17,2,17,2
1765415335.462433,1045,2,17,2,17,2
1765415335.479374,1046,2,17,2,17,2
1765415335.496251,1046,2,17,2,17,2
1765415335.512251,1047,2,17,2,17,2
1765415335.528468,1048,2,17,2,17,2
1765415335.545283,1049,2,17,2,17,2
1765415335.562464,1050,2,17,2,17,2
1765415335.579502,1050,2,17,2,17,2
1765415335.596454,1051,2,17,2,17,2
1765415335.613886,1052,2,17,2,17,2
1765415335.630102,1053,2,17,2,17,2
1765415335.646040,1053,2,17,2,17,2
1765415335.662791,1054,2,17,2,17,2
1765415335.679196,1055,2,17,2,17,2
1765415335.694808,1056,2,17,2,17,2
1765415335.710742,1056,2,17,2,17,2
1765415335.727266,1057,2,17,2,17,2
1765415335.742837,1058,2,17,2,17,2
1765415335.759915,1059,2,17,2,17,2
1765415335.775878,1060,2,17,2,17,2
1765415335.792938,1060,2,17,2,17,2
1765415335.809680,1061,2,17,2,17,2
1765415335.826690,1062,2,17,2,17,2
1765415335.843227,1063,2,17,2,17,2
1765415335.859413,1063,2,17,2,17,2
1765415335.876967,1064,2,17,2,17,2
1765415335.893535,1065,2,17,2,17,2
1765415335.910441,1066,2,17,2,17,2
1765415335.927767,1067,2,17,2,17,2
1765415335.944588,1067,2,17,2,17,2
1765415335.961313,1068,2,17,3,17,3
1765415335.978930,1069,2,17,3,17,3
1765415335.994895,1070,2,17,3,17,3
1765415336.011385,1070,2,17,3,17,3
1765415336.028562,1071,2,17,3,17,3
1765415336.045902,1072,2,17,3,17,3
1765415336.062996,1073,2,17,3,17,3
1765415336.079812,1074,2,17,3,17,3
1765415336.096472,1074,2,17,3,17,3
1765415336.112425,1075,2,17,3,17,3
1765415336.128531,1076,2,17,3,17,3
1765415336.146473,1077,2,17,3,17,3
1765415336.164148,1078,2,17,3,17,3
1765415336.180493,1078,2,17,3,17,3
1765415336.197070,1079,2,17,3,17,3
1765415336.213605,1080,2,17,3,17,3
1765415336.231399,1081,2,17,3,17,3
1765415336.247932,1082,2,17,3,17,3
1765415336.264743,1082,2,17,3,17,3
1765415336.280500,1083,2,17,3,17,3
1765415336.297908,1084,2,16,3,16,3
1765415336.313580,1085,2,16,3,16,3
1765415336.330437,1085,2,16,3,16,3
1765415336.347383,1086,2,16,3,16,3
1765415336.364836,1087,2,16,3,16,3
1765415336.380895,1088,2,16,3,16,3
1765415336.397218,1089,2,16,3,16,3
1765415336.414022,1089,2,16,3,16,3
1765415336.429590,1090,2,16,3,16,3
1765415336.446537,1091,2,16,3,16,3
1765415336.463646,1092,2,16,3,16,3
1765415336.480525,1092,2,16,3,16,3
1765415336.497030,1093,2,16,3,16,3
1765415336.512764,1094,2,16,3,16,3
1765415336.530031,1095,2,16,3,16,3
1765415336.546401,1096,2,16,3,16,3
1765415336.563720,1096,2,16,3,16,3
1765415336.580378,1097,2,16,3,16,3
1765415336.596811,1098,2,16,3,16,3
1765415336.613030,1099,2,16,3,16,3
1765415336.629544,1099,2,16,3,16,3
1765415336.646464,1100,2,16,3,16,3
1765415336.662924,1101,2,16,3,16,3
1765415336.679527,1102,2,16,4,16,4
1765415336.695704,1102,2,16,4,16,4
1765415336.712469,1103,2,16,4,16,4
1765415336.729168,1104,2,16,4,16,4
1765415336.746111,1105,2,16,4,16,4
1765415336.762408,1106,2,16,4,16,4
1765415336.779549,1106,2,16,4,16,4
1765415336.796500,1107,2,16,4,16,4
1765415336.813575,1108,2,16,4,16,4
1765415336.830778,1109,2,16,4,16,4
1765415336.847388,1110,2,16,4,16,4
1765415336.864949,1110,2,16,4,16,4
1765415336.881741,1111,2,16,4,16,4
1765415336.898313,1112,2,16,4,16,4
1765415336.915216,1113,2,16,4,16,4
1765415337.032432,1114,2,16,4,16,4
1765415337.049997,1114,2,16,4,16,4
1765415337.066597,1114,2,16,4,16,4
1765415337.083386,1115,2,16,4,16,4
1765415337.100134,1115,2,16,4,16,4
1765415337.115845,1116,2,16,4,16,4
1765415337.132554,1117,2,16,4,16,4
1765415337.149155,1118,2,16,4,16,4
1765415337.165747,1118,2,16,4,16,4
1765415337.182633,1119,2,16,4,16,4
1765415337.200727,1120,2,16,4,16,4
1765415337.217084,1121,2,16,4,16,4
1765415337.233131,1121,2,16,4,16,4
1765415337.249212,1122,2,16,4,16,4
1765415337.265342,1123,2,16,4,16,4
1765415337.282780,1124,2,16,5,16,5
1765415337.298534,1124,2,16,5,16,5
1765415337.315188,1125,2,16,5,16,5
1765415337.330959,1126,2,16,5,16,5
1765415337.347157,1127,2,16,5,16,5
1765415337.363563,1128,2,16,5,16,5
1765415337.380678,1128,2,16,5,16,5
1765415337.398020,1129,2,16,5,16,5
1765415337.414375,1130,2,16,5,16,5
1765415337.431439,1131,2,16,5,16,5
1765415337.448332,1131,2,16,5,16,5
1765415337.465520,1132,2,16,5,16,5
1765415337.483002,1133,2,16,5,16,5
1765415337.498769,1134,2,16,5,16,5
1765415337.515550,1134,2,16,5,16,5
1765415337.533226,1135,2,16,5,16,5
1765415337.549286,1136,2,16,5,16,5
1765415337.566127,1137,2,16,5,16,5
1765415337.587840,1137,2,16,5,16,5
1765415337.605399,1138,2,16,5,16,5
1765415337.622517,1139,2,16,5,16,5
1765415337.640157,1140,2,16,5,16,5
1765415337.656234,1141,2,16,5,16,5
1765415337.672301,1141,2,16,5,16,5
1765415337.688884,1142,2,16,5,16,5
1765415337.704988,1143,2,16,5,16,5
1765415337.721265,1144,2,16,5,16,5
1765415337.736972,1144,2,16,5,16,5
1765415337.752836,1145,2,16,5,16,5
1765415337.769193,1146,2,16,5,16,5
1765415337.785613,1147,2,16,5,16,5
1765415337.802742,1147,2,16,5,16,5
1765415337.818876,1148,2,16,5,16,5
1765415337.834749,1149,2,16,5,16,5
1765415337.851493,1150,2,16,5,16,5
1765415337.867893,1150,2,16,5,16,5
1765415337.885045,1151,2,16,5,16,5
1765415337.901389,1152,2,16,5,16,5
1765415337.917888,1153,2,16,5,16,5
1765415337.933647,1154,2,16,5,16,5
1765415337.951151,1154,2,16,5,16,5
1765415337.966679,1155,2,16,5,16,5
1765415337.982733,1156,2,16,5,16,5
1765415337.999274,1157,2,16,5,16,5
1765415338.015905,1157,2,16,5,16,5
1765415338.032863,1158,2,16,5,16,5
1765415338.050399,1159,2,16,5,16,5
1765415338.067629,1160,2,16,5,16,5
1765415338.083634,1161,2,16,5,16,5
1765415338.100654,1161,2,16,5,16,5
1765415338.118183,1162,2,16,5,16,5
1765415338.135397,1163,2,16,5,16,5
1765415338.152304,1164,2,16,5,16,5
1765415338.168951,1165,2,16,5,16,5
1765415338.185827,1165,2,16,5,16,5
1765415338.203016,1166,2,16,5,16,5
1765415338.218960,1167,2,16,5,16,5
1765415338.235764,1168,2,16,5,16,5
1765415338.251607,1168,2,16,5,16,5
1765415338.267732,1169,2,16,5,16,5
1765415338.283764,1170,2,16,5,16,5
1765415338.300804,1171,2,16,5,16,5
1765415338.317409,1171,2,16,5,16,5
1765415338.333705,1172,2,16,5,16,5
1765415338.349758,1173,2,16,5,16,5
1765415338.366625,1174,2,16,5,16,5
1765415338.383553,1175,2,16,5,16,5
1765415338.399468,1175,2,16,5,16,5
1765415338.416811,1176,2,16,5,16,5
1765415338.432451,1177,2,16,5,16,5
1765415338.449268,1178,2,16,5,16,5
1765415338.464792,1178,2,16,5,16,5
1765415338.481070,1179,2,16,5,16,5
1765415338.497791,1180,2,16,5,16,5
1765415338.513657,1181,2,16,5,16,5
1765415338.530311,1181,2,16,5,16,5
1765415338.547336,1182,2,16,5,16,5
1765415338.563994,1183,2,16,5,16,5
1765415338.579815,1184,2,15,5,15,5
1765415338.597013,1185,2,15,5,15,5
1765415338.612622,1185,2,15,5,15,5
1765415338.630082,1186,2,15,5,15,5
1765415338.647157,1187,2,15,5,15,5
1765415338.663050,1188,2,15,5,15,5
1765415338.680008,1188,2,15,5,15,5
1765415338.696735,1189,2,15,5,15,5
1765415338.713170,1190,2,15,5,15,5
1765415338.729768,1191,2,15,5,15,5
1765415338.745837,1192,2,15,5,15,5
1765415338.761639,1192,2,15,5,15,5
1765415338.778319,1193,2,15,5,15,5
1765415338.794774,1194,2,15,5,15,5
1765415338.810827,1195,2,15,5,15,5
1765415338.827295,1195,2,15,5,15,5
1765415338.843924,1195,2,15,5,15,5
1765415338.860596,1197,2,15,5,15,5
1765415338.877272,1198,2,15,5,15,5
1765415338.894840,1198,2,15,5,15,5
1765415338.911470,1199,2,15,5,15,5
1765415338.928076,1200,2,15,5,15,5
1765415338.944294,1201,2,15,5,15,5
1765415338.961018,1201,2,15,5,15,5
1765415338.977520,1202,2,15,5,15,5
1765415338.994203,1203,2,15,5,15,5
1765415339.009740,1204,2,15,5,15,5
1765415339.026478,1204,2,15,5,15,5
1765415339.042554,1205,2,15,5,15,5
1765415339.059611,1206,2,15,5,15,5
1765415339.076964,1207,2,15,5,15,5
1765415339.092626,1208,2,15,5,15,5
1765415339.109102,1208,2,15,5,15,5
1765415339.125191,1209,2,15,5,15,5
1765415339.141294,1210,2,15,5,15,5
1765415339.157935,1211,2,15,5,15,5
1765415339.174084,1211,2,15,5,15,5
1765415339.190022,1212,2,15,5,15,5
1765415339.206038,1213,2,15,5,15,5
1765415339.222271,1214,2,15,5,15,5
1765415339.238402,1214,2,15,5,15,5
1765415339.255090,1215,2,15,5,15,5
1765415339.271716,1216,2,15,5,15,5
1765415339.288601,1217,2,15,5,15,5
1765415339.304560,1217,2,15,5,15,5
1765415339.322054,1218,2,15,5,15,5
1765415339.338792,1219,2,15,5,15,5
1765415339.355473,1220,2,15,5,15,5
1765415339.372550,1221,2,15,5,15,5
1765415339.389428,1221,2,15,5,15,5
1765415339.406142,1222,2,15,5,15,5
1765415339.421950,1223,2,15,5,15,5
1765415339.437860,1224,2,15,5,15,5
1765415339.454503,1224,2,15,5,15,5
1765415339.472457,1225,2,15,5,15,5
1765415339.489310,1226,2,15,5,15,5
1765415339.506274,1227,2,15,5,15,5
1765415339.522316,1228,2,15,5,15,5
1765415339.539435,1228,2,15,5,15,5
1765415339.556765,1229,2,15,5,15,5
1765415339.572608,1230,2,15,5,15,5
1765415339.590373,1231,2,15,5,15,5
1765415339.607053,1232,2,15,5,15,5
1765415339.623857,1232,2,15,5,15,5
1765415339.639434,1233,2,15,5,15,5
1765415339.656775,1234,2,15,5,15,5
1765415339.672607,1235,2,15,5,15,5
1765415339.688613,1235,2,15,5,15,5
1765415339.705037,1236,2,15,5,15,5
1765415339.721314,1237,2,15,5,15,5
1765415339.738227,1238,2,15,5,15,5
1765415339.756140,1239,2,15,5,15,5
1765415339.771379,1239,2,15,5,15,5
1765415339.788367,1240,2,15,5,15,5
1765415339.805305,1241,2,15,5,15,5
1765415339.823302,1242,2,15,5,15,5
1765415339.839691,1242,2,15,5,15,5
1765415339.856627,1243,2,15,5,15,5
1765415339.873924,1244,2,15,5,15,5
1765415339.890149,1245,2,15,5,15,5
1765415339.906142,1246,2,15,5,15,5
1765415339.922603,1246,2,15,5,15,5
1765415339.940037,1247,2,15,5,15,5
1765415339.956710,1248,2,15,5,15,5
1765415339.974365,1249,2,15,5,15,5
1765415339.990968,1250,2,15,5,15,5
1765415340.007254,1250,2,15,5,15,5
1765415340.023099,1251,2,15,5,15,5
1765415340.038357,1252,2,15,5,15,5
1765415340.055109,1252,2,15,5,15,5
1765415340.071762,1253,2,15,5,15,5
1765415340.088796,1254,2,15,5,15,5
1765415340.104772,1255,2,15,5,15,5
1765415340.121324,1256,2,15,5,15,5
1765415340.138731,1256,2,15,5,15,5
1765415340.154845,1257,2,15,5,15,5
1765415340.171234,1258,2,15,5,15,5
1765415340.187684,1259,2,15,5,15,5
1765415340.203627,1259,2,15,5,15,5
1765415340.219883,1260,2,15,5,15,5
1765415340.237062,1261,2,15,5,15,5
1765415340.253674,1262,2,15,5,15,5
1765415340.269871,1263,2,15,5,15,5
1765415340.285641,1263,2,15,5,15,5
1765415340.302186,1264,2,15,5,15,5
1765415340.317717,1265,2,15,5,15,5
1765415340.334236,1266,2,15,5,15,5
1765415340.349929,1266,2,15,5,15,5
1765415340.366279,1267,2,15,5,15,5
1765415340.383082,1268,2,15,5,15,5
1765415340.399709,1269,2,15,5,15,5
1765415340.416127,1269,2,15,5,15,5
1765415340.431751,1270,2,15,5,15,5
1765415340.447492,1271,2,15,5,15,5
1765415340.463717,1272,2,15,5,15,5
1765415340.480420,1272,2,15,5,15,5
1765415340.498155,1273,2,15,5,15,5
1765415340.514294,1274,2,15,5,15,5
1765415340.532403,1275,2,15,5,15,5
1765415340.549439,1276,2,15,5,15,5
1765415340.566402,1276,2,15,5,15,5
1765415340.582482,1277,2,15,5,15,5
1765415340.599660,1278,2,15,5,15,5
1765415340.616509,1279,2,15,5,15,5
1765415340.633126,1280,2,15,5,15,5
1765415340.649516,1280,2,15,5,15,5
1765415340.665899,1281,2,15,5,15,5
1765415340.681766,1282,2,15,5,15,5
1765415340.697491,1283,2,15,5,15,5
1765415340.714876,1283,2,15,5,15,5
1765415340.731531,1284,2,15,5,15,5
1765415340.748898,1285,2,15,5,15,5
1765415340.765247,1286,2,15,5,15,5
1765415340.781113,1286,2,15,5,15,5
1765415340.797699,1287,2,15,5,15,5
1765415340.813605,1288,2,15,5,15,5
1765415340.830223,1289,2,15,5,15,5
1765415340.846584,1290,2,15,5,15,5
1765415340.862933,1290,2,15,5,15,5
1765415340.879627,1291,2,15,5,15,5
1765415340.896991,1292,2,15,5,15,5
1765415340.912767,1293,2,15,5,15,5
1765415340.929613,1293,2,15,5,15,5
1765415340.946455,1294,2,15,5,15,5
1765415340.963300,1295,2,15,5,15,5
1765415340.981138,1296,2,15,5,15,5
1765415340.997649,1297,2,15,5,15,5
1765415341.014704,1297,2,15,5,15,5
1765415341.031266,1298,2,15,5,15,5
1765415341.047669,1299,2,15,5,15,5
1765415341.064289,1300,2,15,5,15,5
1765415341.080508,1301,2,15,5,15,5
1765415341.097130,1301,2,15,5,15,5
1765415341.112733,1302,2,15,5,15,5
1765415341.129201,1303,2,15,5,15,5
1765415341.145076,1304,2,15,5,15,5
1765415341.161616,1304,2,15,5,15,5
1765415341.178426,1305,2,15,5,15,5
1765415341.195148,1306,2,15,5,15,5
1765415341.211555,1307,2,15,5,15,5
1765415341.229371,1307,2,15,5,15,5
1765415341.247547,1308,2,15,5,15,5
1765415341.264903,1309,2,15,5,15,5
1765415341.280496,1310,2,15,5,15,5
1765415341.296981,1311,2,15,5,15,5
1765415341.313064,1311,2,15,5,15,5
1765415341.329238,1312,2,15,5,15,5
1765415341.346202,1313,2,15,5,15,5
1765415341.362625,1314,2,15,5,15,5
1765415341.378687,1314,2,15,5,15,5
1765415341.395295,1315,2,15,5,15,5
1765415341.411908,1316,2,15,5,15,5
1765415341.428154,1317,2,15,5,15,5
1765415341.445191,1318,2,15,5,15,5
1765415341.461871,1318,2,15,5,15,5
1765415341.478121,1319,2,15,5,15,5
1765415341.494861,1320,2,15,5,15,5
1765415341.511505,1321,2,15,5,15,5
1765415341.528747,1322,2,15,5,15,5
1765415341.544993,1322,2,15,5,15,5
1765415341.561856,1323,2,15,5,15,5
1765415341.577658,1324,2,15,5,15,5
1765415341.594755,1325,2,15,5,15,5
1765415341.611073,1325,2,15,5,15,5
1765415341.627909,1326,2,15,5,15,5
1765415341.644153,1327,2,15,5,15,5
1765415341.659830,1328,2,15,5,15,5
1765415341.675794,1328,2,15,5,15,5
1765415341.692546,1329,2,15,5,15,5
1765415341.709190,1330,2,15,5,15,5
1765415341.724952,1331,2,15,5,15,5
1765415341.741317,1331,2,15,5,15,5
1765415341.758196,1332,2,15,5,15,5
1765415341.774135,1333,2,15,5,15,5
1765415341.790610,1334,2,15,5,15,5
1765415341.807237,1335,2,15,5,15,5
1765415341.822861,1335,2,15,5,15,5
1765415341.838972,1336,2,15,5,15,5
1765415341.855021,1337,2,15,5,15,5
1765415341.871671,1338,2,15,5,15,5
1765415341.888368,1338,2,15,5,15,5
1765415341.904930,1339,2,15,5,15,5
1765415341.920598,1340,2,15,5,15,5
1765415341.937198,1341,2,15,5,15,5
1765415341.953529,1341,2,15,5,15,5
1765415341.969997,1342,2,15,5,15,5
1765415341.986351,1343,2,15,5,15,5
1765415342.003253,1344,2,15,5,15,5
1765415342.019088,1344,2,15,5,15,5
1765415342.034876,1345,2,15,5,15,5
1765415342.052351,1346,2,15,5,15,5
1765415342.070189,1347,2,15,5,15,5
1765415342.085814,1348,2,15,5,15,5
1765415342.102099,1348,2,15,5,15,5
1765415342.118610,1349,2,15,5,15,5
1765415342.134973,1350,2,15,5,15,5
1765415342.151528,1351,2,15,5,15,5
1765415342.168163,1351,2,15,5,15,5
1765415342.185136,1352,2,15,5,15,5
1765415342.201916,1353,2,15,5,15,5
1765415342.217981,1354,2,15,5,15,5
1765415342.233821,1354,2,15,5,15,5
1765415342.251022,1355,2,15,5,15,5
1765415342.267550,1356,2,15,5,15,5
1765415342.283529,1357,2,15,5,15,5
1765415342.300530,1358,2,15,5,15,5
1765415342.317551,1358,2,15,5,15,5
1765415342.334274,1359,2,15,5,15,5
1765415342.350670,1360,2,15,5,15,5
1765415342.367017,1361,2,15,5,15,5
1765415342.383071,1361,2,15,5,15,5
1765415342.400022,1362,2,15,5,15,5
1765415342.416144,1363,2,15,5,15,5
1765415342.431785,1364,2,15,5,15,5
1765415342.447958,1364,2,15,5,15,5
1765415342.464289,1365,2,15,5,15,5
1765415342.481251,1366,2,16,5,16,5
1765415342.497066,1367,2,16,5,16,5
1765415342.513197,1367,2,16,5,16,5
1765415342.529228,1368,2,16,5,16,5
1765415342.545209,1369,2,16,5,16,5
1765415342.561502,1370,2,16,5,16,5
1765415342.578547,1370,2,16,5,16,5
1765415342.595463,1371,2,16,5,16,5
1765415342.611879,1372,2,16,5,16,5
1765415342.628153,1373,2,16,5,16,5
1765415342.644962,1374,2,16,5,16,5
1765415342.661612,1374,2,16,5,16,5
1765415342.677747,1375,2,16,5,16,5
1765415342.694283,1376,2,16,5,16,5
1765415342.712025,1377,2,16,5,16,5
1765415342.728286,1377,2,16,5,16,5
1765415342.745624,1378,2,16,5,16,5
1765415342.761785,1379,2,16,5,16,5
1765415342.777405,1380,2,16,5,16,5
1765415342.794097,1381,2,16,5,16,5
1765415342.810919,1381,2,16,5,16,5
1765415342.828107,1382,2,16,5,16,5
1765415342.845490,1383,2,16,5,16,5
1765415342.862338,1384,2,16,5,16,5
1765415342.879514,1385,2,16,5,16,5
1765415342.895677,1385,2,16,5,16,5
1765415342.912272,1386,2,16,5,16,5
1765415342.929284,1387,2,16,5,16,5
1765415342.946250,1388,2,16,5,16,5
1765415342.962522,1388,2,16,5,16,5
1765415342.979493,1389,2,16,5,16,5
1765415342.997138,1390,2,16,5,16,5
1765415343.012554,1391,2,16,5,16,5
1765415343.030075,1392,2,16,5,16,5
1765415343.046312,1392,2,16,5,16,5
1765415343.063018,1393,2,16,5,16,5
1765415343.079340,1394,2,16,5,16,5
1765415343.096049,1395,2,16,5,16,5
1765415343.112604,1395,2,16,5,16,5
1765415343.129027,1396,2,16,5,16,5
1765415343.144679,1397,2,16,5,16,5
1765415343.161165,1398,2,16,5,16,5
1765415343.177540,1398,2,16,5,16,5
1765415343.193980,1399,2,16,5,16,5
1765415343.210614,1400,2,16,5,16,5
1765415343.227528,1401,2,16,5,16,5
1765415343.245595,1402,2,16,5,16,5
1765415343.262883,1402,2,16,5,16,5
1765415343.279744,1403,2,16,5,16,5
1765415343.296225,1404,2,16,5,16,5
1765415343.311690,1404,2,16,5,16,5
1765415343.328216,1405,2,16,5,16,5
1765415343.344894,1406,2,16,5,16,5
1765415343.361310,1407,2,16,5,16,5
1765415343.378300,1408,2,16,5,16,5
1765415343.394892,1408,2,16,5,16,5
1765415343.411294,1409,2,16,5,16,5
1765415343.428108,1410,2,16,5,16,5
1765415343.445839,1411,2,16,5,16,5
1765415343.462548,1411,2,16,5,16,5
1765415343.479753,1412,2,16,5,16,5
1765415343.496150,1413,2,16,5,16,5
1765415343.512900,1414,2,16,5,16,5
1765415343.529952,1415,2,16,5,16,5
1765415343.546385,1415,2,16,5,16,5
1765415343.562621,1416,2,16,5,16,5
1765415343.579808,1417,2,16,5,16,5
1765415343.596416,1418,2,16,5,16,5
1765415343.614156,1419,2,16,5,16,5
1765415343.630269,1419,2,16,5,16,5
1765415343.646443,1420,2,16,5,16,5
1765415343.663679,1421,2,16,5,16,5
1765415343.680676,1422,2,16,5,16,5
1765415343.697215,1422,2,16,5,16,5
1765415343.713267,1423,2,16,5,16,5
1765415343.729288,1424,2,16,5,16,5
1765415343.746328,1425,2,16,5,16,5
1765415343.763380,1426,2,16,5,16,5
1765415343.781005,1426,2,16,5,16,5
1765415343.796626,1427,2,16,5,16,5
1765415343.813028,1428,2,16,5,16,5
1765415343.829387,1429,2,16,5,16,5
1765415343.846153,1429,2,16,5,16,5
1765415343.863091,1430,2,16,5,16,5
1765415343.878372,1431,2,16,5,16,5
1765415343.896147,1432,2,16,5,16,5
1765415343.912205,1432,2,16,5,16,5
1765415343.927973,1433,2,16,5,16,5
1765415343.944038,1434,2,16,5,16,5
1765415343.961030,1435,2,16,5,16,5
1765415343.977640,1436,2,16,5,16,5
1765415343.996374,1436,2,16,5,16,5
1765415344.012837,1437,2,16,5,16,5
1765415344.029502,1438,2,16,5,16,5
1765415344.046267,1439,2,16,5,16,5
1765415344.062024,1439,2,16,5,16,5
1765415344.078233,1440,2,16,5,16,5
1765415344.094380,1441,2,16,5,16,5
1765415344.111033,1442,2,16,5,16,5
1765415344.127879,1443,2,16,5,16,5
1765415344.144309,1443,2,16,5,16,5
1765415344.161604,1444,2,16,5,16,5
1765415344.178544,1445,2,16,5,16,5
1765415344.195127,1446,2,16,5,16,5
1765415344.211027,1446,2,16,5,16,5
1765415344.227176,1447,2,16,5,16,5
1765415344.243591,1448,2,16,5,16,5
1765415344.259661,1449,2,16,5,16,5
1765415344.275393,1449,2,16,5,16,5
1765415344.291754,1450,2,16,5,16,5
1765415344.307789,1451,2,16,5,16,5
1765415344.324287,1452,2,16,5,16,5
1765415344.341858,1452,2,16,5,16,5
1765415344.358542,1453,2,16,5,16,5
1765415344.374916,1454,2,16,5,16,5
1765415344.391472,1455,2,16,5,16,5
1765415344.408066,1456,2,16,5,16,5
1765415344.424898,1456,2,16,5,16,5
1765415344.441483,1457,2,16,5,16,5
1765415344.458677,1458,2,16,5,16,5
1765415344.475671,1459,2,16,5,16,5
1765415344.492286,1460,2,16,5,16,5
1765415344.507925,1460,2,16,5,16,5
1765415344.523520,1461,2,16,5,16,5
1765415344.540978,1462,2,16,5,16,5
1765415344.557093,1463,2,16,5,16,5
1765415344.572834,1463,2,16,5,16,5
1765415344.589439,1464,2,16,5,16,5
1765415344.606348,1465,2,16,5,16,5
1765415344.623688,1466,2,16,5,16,5
1765415344.641357,1466,2,16,5,16,5
1765415344.659137,1467,2,16,5,16,5
1765415344.675324,1468,2,16,5,16,5
1765415344.692663,1469,2,16,5,16,5
1765415344.710274,1470,2,16,5,16,5
1765415344.728214,1471,2,16,5,16,5
1765415344.744683,1471,2,16,5,16,5
1765415344.760597,1472,2,16,5,16,5
1765415344.776838,1473,2,16,5,16,5
1765415344.794094,1474,2,16,5,16,5
1765415344.810367,1474,2,16,5,16,5
1765415344.827579,1475,2,16,5,16,5
1765415344.844171,1476,2,16,5,16,5
1765415344.860094,1477,2,16,5,16,5
1765415344.876859,1478,2,16,5,16,5
1765415344.892650,1478,2,16,5,16,5
1765415344.909726,1479,2,16,5,16,5
1765415344.926570,1480,2,16,5,16,5
1765415344.943146,1481,2,16,5,16,5
1765415344.959479,1481,2,16,5,16,5
1765415344.977303,1482,2,16,5,16,5
1765415344.994207,1483,2,16,5,16,5
1765415345.010095,1484,2,16,5,16,5
1765415345.026364,1484,2,16,5,16,5
1765415345.043417,1485,2,16,5,16,5
1765415345.059783,1486,2,16,5,16,5
1765415345.076373,1487,2,16,5,16,5
1765415345.093021,1488,2,16,5,16,5
1765415345.108726,1488,2,16,5,16,5
1765415345.125856,1489,2,16,5,16,5
1765415345.142382,1490,2,16,5,16,5
1765415345.160002,1491,2,16,5,16,5
1765415345.176140,1491,2,16,5,16,5
1765415345.193032,1492,2,16,5,16,5
1765415345.209377,1493,2,16,5,16,5
1765415345.226166,1494,2,16,5,16,5
1765415345.242532,1495,2,16,5,16,5
1765415345.259170,1495,2,16,5,16,5
1765415345.275866,1496,2,16,5,16,5
1765415345.292467,1497,2,16,5,16,5
1765415345.309906,1498,2,16,5,16,5
1765415345.326071,1498,2,16,5,16,5
1765415345.341993,1499,2,16,5,16,5
1765415345.358133,1500,2,16,5,16,5
1765415345.373853,1501,2,16,5,16,5
1765415345.390345,1501,2,16,5,16,5
1765415345.407330,1502,2,16,5,16,5
1765415345.424879,1503,2,16,5,16,5
1765415345.440824,1504,2,16,5,16,5
1765415345.456942,1505,2,16,5,16,5
1765415345.473676,1505,2,16,5,16,5
1765415345.490590,1506,2,16,5,16,5
1765415345.507734,1507,2,16,5,16,5
1765415345.525283,1508,2,16,5,16,5
1765415345.541430,1509,2,16,5,16,5
1765415345.558510,1509,2,16,5,16,5
1765415345.575615,1510,2,16,5,16,5
1765415345.592830,1511,2,16,5,16,5
1765415345.609956,1512,2,16,5,16,5
1765415345.626917,1513,2,16,5,16,5
1765415345.643344,1513,2,16,5,16,5
1765415345.659657,1514,2,16,5,16,5
1765415345.676357,1515,2,16,5,16,5
1765415345.693406,1516,2,16,5,16,5
1765415345.710906,1516,2,16,5,16,5
1765415345.727477,1517,2,16,5,16,5
1765415345.745012,1518,2,15,5,15,5
1765415345.760735,1519,2,15,5,15,5
1765415345.777284,1520,2,15,5,15,5
1765415345.794235,1520,2,15,5,15,5
1765415345.811178,1521,2,15,5,15,5
1765415345.827873,1522,2,15,5,15,5
1765415345.844435,1523,2,15,5,15,5
1765415345.861059,1523,2,15,5,15,5
1765415345.876699,1524,2,15,5,15,5
1765415345.893494,1525,2,15,5,15,5
1765415345.910613,1526,2,15,5,15,5
1765415345.927379,1527,2,15,5,15,5
1765415345.945101,1527,2,15,5,15,5
1765415345.961085,1528,2,15,5,15,5
1765415345.976742,1529,2,15,5,15,5
1765415345.993945,1530,2,15,5,15,5
1765415346.010224,1530,2,15,5,15,5
1765415346.026643,1531,2,15,5,15,5
1765415346.043468,1532,2,15,5,15,5
1765415346.060401,1533,2,15,5,15,5
1765415346.077289,1534,2,14,5,14,5
1765415346.092940,1534,2,14,5,14,5
1765415346.109304,1535,2,14,5,14,5
1765415346.126222,1536,2,14,5,14,5
1765415346.142632,1537,2,14,5,14,5
1765415346.160036,1537,2,14,5,14,5
1765415346.176514,1538,2,14,5,14,5
1765415346.193106,1539,2,14,5,14,5
1765415346.208751,1540,2,14,5,14,5
1765415346.225232,1540,2,14,5,14,5
1765415346.242693,1541,2,14,5,14,5
1765415346.258515,1542,2,14,5,14,5
1765415346.275256,1543,2,14,5,14,5
1765415346.291835,1544,2,14,5,14,5
1765415346.308187,1544,2,14,5,14,5
1765415346.323547,1545,2,14,5,14,5
1765415346.340560,1546,2,14,5,14,5
1765415346.357927,1547,2,14,5,14,5
1765415346.373883,1547,2,14,5,14,5
1765415346.390541,1548,2,14,5,14,5
1765415346.407574,1549,2,14,5,14,5
1765415346.423836,1550,2,14,5,14,5
1765415346.439932,1551,2,14,5,14,5
1765415346.456055,1551,2,14,5,14,5
1765415346.471846,1552,2,14,5,14,5
1765415346.488713,1553,2,14,5,14,5
1765415346.505936,1554,2,14,5,14,5
1765415346.522689,1554,2,14,5,14,5
1765415346.539739,1555,2,14,5,14,5
1765415346.556485,1556,2,14,5,14,5
1765415346.573522,1557,2,14,5,14,5
1765415346.591196,1558,2,14,5,14,5
1765415346.607175,1558,2,14,5,14,5
1765415346.623360,1559,2,14,5,14,5
1765415346.639738,1560,2,14,5,14,5
1765415346.656114,1561,2,14,5,14,5
1765415346.672899,1561,2,14,5,14,5
1765415346.688658,1562,2,14,5,14,5
1765415346.706618,1563,2,14,5,14,5
1765415346.723516,1564,2,14,5,14,5
1765415346.739731,1565,2,14,5,14,5
1765415346.756956,1565,2,14,5,14,5
1765415346.772817,1566,2,14,5,14,5
1765415346.788982,1567,2,14,5,14,5
1765415346.806084,1568,2,14,5,14,5
1765415346.822611,1568,2,14,5,14,5
1765415346.839605,1569,2,14,5,14,5
1765415346.856001,1570,2,14,5,14,5
1765415346.873373,1571,2,15,5,15,5
1765415346.890959,1572,2,15,5,15,5
1765415346.907882,1572,2,15,5,15,5
1765415346.923912,1573,2,15,5,15,5
1765415346.940886,1574,2,15,5,15,5
1765415346.957736,1575,2,15,5,15,5
1765415347.032025,1576,2,15,5,15,5
1765415347.048220,1577,2,15,5,15,5
1765415347.067827,1578,2,15,5,15,5
1765415347.087746,1578,2,15,5,15,5
1765415347.105101,1579,2,15,5,15,5
1765415347.120955,1580,2,15,5,15,5
1765415347.138036,1580,2,15,5,15,5
1765415347.154418,1581,2,15,5,15,5
1765415347.170563,1582,2,15,5,15,5
1765415347.187901,1583,2,15,5,15,5
1765415347.203631,1584,2,15,5,15,5
1765415347.220247,1584,2,15,5,15,5
1765415347.235744,1585,2,16,5,16,5
1765415347.252233,1586,2,16,5,16,5
1765415347.268649,1587,2,16,5,16,5
1765415347.285334,1587,2,16,5,16,5
1765415347.302375,1588,2,16,5,16,5
1765415347.320298,1589,2,16,5,16,5
1765415347.336907,1590,2,16,5,16,5
1765415347.353606,1591,2,16,5,16,5
1765415347.371007,1591,2,16,5,16,5
1765415347.387574,1592,2,16,5,16,5
1765415347.404116,1593,2,16,5,16,5
1765415347.420667,1594,2,16,5,16,5
1765415347.436933,1595,2,16,5,16,5
1765415347.454232,1595,2,16,5,16,5
1765415347.471969,1596,2,16,5,16,5
1765415347.489216,1597,2,16,5,16,5
1765415347.505064,1598,2,16,5,16,5
1765415347.521670,1599,2,16,5,16,5
1765415347.538088,1599,2,16,5,16,5
1765415347.554212,1600,2,16,5,16,5
1765415347.569967,1601,2,16,5,16,5
1765415347.585660,1602,2,16,5,16,5
1765415347.602452,1602,2,16,5,16,5
1765415347.620059,1603,2,16,5,16,5
1765415347.636865,1604,2,16,5,16,5
1765415347.652469,1605,2,16,5,16,5
1765415347.669504,1605,2,16,5,16,5
1765415347.685841,1606,2,16,5,16,5
1765415347.702562,1607,2,16,5,16,5
1765415347.718765,1608,2,16,5,16,5
1765415347.735550,1609,2,16,5,16,5
1765415347.752275,1609,2,16,5,16,5
1765415347.769181,1610,2,16,5,16,5
1765415347.784971,1611,2,16,5,16,5
1765415347.801465,1612,2,16,5,16,5
1765415347.818967,1612,2,16,5,16,5
1765415347.835726,1613,2,16,5,16,5
1765415347.852705,1614,2,16,5,16,5
1765415347.868980,1615,2,16,5,16,5
1765415347.885865,1616,2,16,5,16,5
1765415347.902104,1616,2,16,5,16,5
1765415347.918997,1617,2,16,5,16,5
1765415347.935267,1618,2,16,5,16,5
1765415347.952402,1619,2,16,5,16,5
1765415347.969284,1619,2,16,5,16,5
1765415347.986767,1620,2,16,5,16,5
1765415348.002764,1621,2,16,5,16,5
1765415348.019074,1622,2,16,5,16,5
1765415348.035399,1623,2,16,5,16,5
1765415348.052406,1623,2,16,5,16,5
1765415348.070484,1624,2,16,5,16,5
1765415348.087510,1625,2,16,5,16,5
1765415348.103843,1626,2,16,5,16,5
1765415348.120572,1627,2,16,5,16,5
1765415348.137525,1627,2,16,5,16,5
1765415348.154074,1628,2,16,5,16,5
1765415348.171128,1629,2,16,5,16,5
1765415348.187038,1630,2,16,5,16,5
1765415348.203148,1630,2,16,5,16,5
1765415348.218838,1631,2,16,5,16,5
1765415348.235355,1632,2,16,5,16,5
1765415348.251670,1633,2,16,5,16,5
1765415348.269190,1633,2,16,5,16,5
1765415348.285802,1634,2,16,5,16,5
1765415348.302166,1635,2,16,5,16,5
1765415348.318840,1636,2,16,5,16,5
1765415348.335539,1637,2,16,5,16,5
1765415348.352211,1637,2,16,5,16,5
1765415348.367843,1638,2,16,5,16,5
1765415348.384445,1639,2,16,5,16,5
1765415348.401176,1640,2,16,5,16,5
1765415348.417800,1640,2,16,5,16,5
1765415348.435445,1641,2,16,5,16,5
1765415348.452104,1642,2,16,5,16,5
1765415348.468617,1643,2,16,5,16,5
1765415348.485720,1644,2,16,5,16,5
1765415348.502253,1644,2,16,5,16,5
1765415348.518313,1645,2,16,5,16,5
1765415348.534571,1646,2,16,5,16,5
1765415348.551396,1647,2,16,5,16,5
1765415348.568085,1648,2,16,5,16,5
1765415348.584054,1648,2,16,5,16,5
1765415348.600160,1649,2,16,5,16,5
1765415348.616832,1650,2,16,5,16,5
1765415348.633687,1651,2,16,5,16,5
1765415348.650845,1651,2,16,5,16,5
1765415348.667781,1652,2,16,5,16,5
1765415348.684170,1653,2,16,5,16,5
1765415348.701451,1654,2,16,5,16,5
1765415348.718936,1655,2,16,5,16,5
1765415348.735576,1655,2,16,5,16,5
1765415348.752314,1656,2,16,5,16,5
1765415348.769748,1657,2,16,5,16,5
1765415348.786901,1658,2,16,5,16,5
1765415348.803643,1659,2,16,5,16,5
1765415348.820286,1659,2,16,5,16,5
1765415348.837281,1660,2,16,5,16,5
1765415348.855058,1661,2,16,5,16,5
1765415348.871393,1662,2,16,5,16,5
1765415348.888991,1663,2,16,5,16,5
1765415348.905005,1663,2,16,5,16,5
1765415348.922160,1664,2,16,5,16,5
1765415348.937624,1665,2,16,5,16,5
1765415348.953918,1666,2,16,5,16,5
1765415348.970869,1666,2,16,5,16,5
1765415348.987793,1667,2,16,5,16,5
1765415349.003786,1668,2,16,5,16,5
1765415349.021075,1669,2,16,5,16,5
1765415349.037969,1669,2,16,5,16,5
1765415349.055088,1670,2,16,5,16,5
1765415349.071812,1671,2,16,5,16,5
1765415349.087912,1672,2,16,5,16,5
1765415349.104579,1673,2,16,5,16,5
1765415349.121523,1673,2,16,5,16,5
1765415349.138047,1674,2,16,5,16,5
1765415349.154406,1675,2,16,5,16,5
1765415349.171041,1676,2,16,5,16,5
1765415349.187676,1676,2,16,5,16,5
1765415349.204324,1677,2,16,5,16,5
1765415349.221451,1678,2,16,5,16,5
1765415349.238311,1679,2,16,5,16,5
1765415349.255455,1680,2,16,5,16,5
1765415349.273105,1680,2,16,5,16,5
1765415349.289441,1681,2,16,5,16,5
1765415349.306652,1682,2,16,5,16,5
1765415349.322858,1683,2,16,5,16,5
1765415349.339995,1684,2,15,5,15,5
1765415349.356602,1684,2,15,5,15,5
1765415349.373184,1685,2,15,5,15,5
1765415349.389604,1686,2,15,5,15,5
1765415349.406661,1687,2,15,5,15,5
1765415349.423331,1687,2,15,5,15,5
1765415349.440166,1688,2,15,5,15,5
1765415349.455749,1689,2,15,5,15,5
1765415349.472147,1690,2,15,5,15,5
1765415349.489318,1691,2,15,5,15,5
1765415349.506026,1691,2,15,5,15,5
1765415349.522071,1692,2,15,5,15,5
1765415349.538492,1693,2,15,5,15,5
1765415349.554872,1694,2,15,5,15,5
1765415349.570933,1694,2,15,5,15,5
1765415349.586576,1695,2,15,5,15,5
1765415349.603045,1696,2,15,5,15,5
1765415349.618843,1697,2,15,5,15,5
1765415349.635206,1697,2,15,5,15,5
1765415349.651382,1698,2,15,5,15,5
1765415349.667847,1699,2,15,5,15,5
1765415349.684147,1700,2,15,5,15,5
1765415349.700080,1700,2,15,5,15,5
1765415349.716285,1701,2,15,5,15,5
1765415349.731887,1702,2,15,5,15,5
1765415349.747704,1703,2,15,5,15,5
1765415349.764535,1703,2,15,5,15,5
1765415349.781803,1704,2,14,5,14,5
1765415349.798441,1705,2,14,5,14,5
1765415349.815471,1706,2,14,5,14,5
1765415349.832740,1707,2,14,5,14,5
1765415349.848787,1707,2,14,5,14,5
1765415349.865802,1708,2,14,5,14,5
1765415349.882773,1709,2,14,5,14,5
1765415349.899409,1710,2,14,5,14,5
1765415349.915995,1711,2,14,5,14,5
1765415349.932073,1711,2,14,5,14,5
1765415349.947695,1712,2,14,5,14,5
1765415349.965280,1713,2,14,5,14,5
1765415349.982967,1714,2,14,5,14,5
1765415349.998830,1714,2,14,5,14,5
1765415350.015396,1715,2,14,5,14,5
1765415350.032413,1716,2,14,5,14,5
1765415350.049178,1717,2,14,5,14,5
1765415350.065350,1718,2,14,5,14,5
1765415350.082285,1718,2,14,5,14,5
1765415350.099193,1719,2,14,5,14,5
1765415350.115287,1720,2,14,5,14,5
1765415350.132702,1721,2,14,5,14,5
1765415350.149290,1721,2,14,5,14,5
1765415350.166640,1722,2,14,5,14,5
1765415350.182425,1723,2,14,5,14,5
1765415350.199203,1724,2,14,5,14,5
1765415350.215624,1725,2,14,5,14,5
1765415350.232760,1725,2,14,5,14,5
1765415350.250082,1726,2,14,5,14,5
1765415350.266564,1727,2,14,5,14,5
1765415350.283131,1728,2,14,5,14,5
1765415350.299811,1728,2,14,5,14,5
1765415350.315751,1729,2,14,5,14,5
1765415350.332493,1730,2,14,5,14,5
1765415350.349359,1731,2,14,5,14,5
1765415350.366952,1732,2,15,5,15,5
1765415350.382959,1732,2,15,5,15,5
1765415350.399398,1733,2,15,5,15,5
1765415350.417142,1734,2,15,5,15,5
1765415350.432957,1735,2,15,5,15,5
1765415350.449359,1735,2,15,5,15,5
1765415350.466700,1736,2,15,5,15,5
1765415350.484280,1737,2,15,5,15,5
1765415350.500764,1738,2,15,5,15,5
1765415350.517832,1739,2,15,5,15,5
1765415350.534473,1739,2,15,5,15,5
1765415350.550600,1740,2,15,5,15,5
1765415350.566685,1741,2,15,5,15,5
1765415350.583461,1742,2,15,5,15,5
1765415350.601036,1742,2,15,5,15,5
1765415350.617905,1743,2,15,5,15,5
1765415350.634556,1744,2,15,5,15,5
1765415350.652055,1745,2,15,5,15,5
1765415350.667514,1746,2,15,5,15,5
1765415350.684791,1746,2,15,5,15,5
1765415350.700968,1747,2,15,5,15,5
1765415350.716585,1748,2,15,5,15,5
1765415350.733526,1749,2,15,5,15,5
1765415350.750582,1749,2,15,5,15,5
1765415350.767486,1750,2,15,5,15,5
1765415350.783899,1751,2,15,5,15,5
1765415350.799845,1752,2,15,5,15,5
1765415350.816710,1753,2,15,5,15,5
1765415350.833211,1753,2,15,5,15,5
1765415350.849226,1754,2,15,5,15,5
1765415350.865279,1755,2,15,5,15,5
1765415350.882864,1756,2,15,5,15,5
1765415350.899815,1756,2,15,5,15,5
1765415350.915628,1757,2,15,5,15,5
1765415350.932739,1758,2,15,5,15,5
1765415350.948372,1759,2,15,5,15,5
1765415350.965907,1760,2,15,5,15,5
1765415350.983191,1760,2,15,5,15,5
1765415351.000525,1761,2,15,5,15,5
1765415351.017137,1762,2,14,5,14,5
1765415351.033583,1763,2,14,5,14,5
1765415351.050739,1763,2,14,5,14,5
1765415351.067292,1764,2,14,5,14,5
1765415351.083966,1765,2,14,5,14,5
1765415351.101182,1766,2,14,5,14,5
1765415351.116788,1766,2,14,5,14,5
1765415351.133544,1767,2,14,5,14,5
1765415351.149793,1768,2,14,5,14,5
1765415351.167372,1769,2,14,5,14,5
1765415351.183985,1770,2,14,5,14,5
1765415351.200187,1770,2,14,5,14,5
1765415351.216077,1771,2,14,5,14,5
1765415351.232584,1772,2,14,5,14,5
1765415351.249453,1773,2,14,5,14,5
1765415351.266873,1774,2,14,5,14,5
1765415351.283559,1774,2,14,5,14,5
1765415351.300723,1775,2,14,5,14,5
1765415351.317663,1776,2,14,5,14,5
1765415351.334545,1777,2,14,5,14,5
1765415351.350941,1777,2,14,5,14,5
1765415351.367502,1778,2,14,5,14,5
1765415351.385124,1779,2,14,5,14,5
1765415351.400761,1780,2,14,5,14,5
1765415351.417652,1781,2,14,5,14,5
1765415351.434368,1781,2,14,5,14,5
1765415351.450908,1782,2,14,5,14,5
1765415351.466920,1783,2,14,5,14,5
1765415351.482697,1784,2,14,5,14,5
1765415351.500042,1784,2,14,5,14,5
1765415351.517025,1785,2,14,5,14,5
1765415351.533120,1786,2,14,5,14,5
1765415351.548885,1787,2,14,5,14,5
1765415351.565065,1787,2,14,5,14,5
1765415351.580981,1788,2,14,5,14,5
1765415351.597829,1789,2,14,5,14,5
1765415351.614512,1790,2,14,5,14,5
1765415351.631433,1791,2,14,5,14,5
1765415351.648466,1791,2,14,5,14,5
1765415351.665316,1792,2,14,5,14,5
1765415351.682189,1793,2,14,5,14,5
1765415351.698462,1794,2,14,5,14,5
1765415351.715076,1794,2,14,5,14,5
1765415351.731534,1795,2,14,5,14,5
1765415351.748061,1796,2,15,5,15,5
1765415351.764167,1797,2,15,5,15,5
1765415351.780725,1798,2,15,5,15,5
1765415351.797368,1798,2,15,5,15,5
1765415351.814461,1799,2,15,5,15,5
1765415351.831762,1800,2,15,5,15,5
1765415351.849059,1801,2,15,5,15,5
1765415351.865134,1801,2,15,5,15,5
1765415351.881863,1802,2,15,5,15,5
1765415351.898307,1803,2,15,5,15,5
1765415351.915454,1804,2,15,5,15,5
1765415351.931892,1805,2,15,5,15,5
1765415351.948322,1805,2,15,5,15,5
1765415351.965642,1806,2,15,5,15,5
1765415351.982167,1807,2,15,5,15,5
1765415352.077219,1807,2,15,5,15,5
1765415352.093036,1808,2,15,5,15,5
1765415352.109636,1808,2,15,5,15,5
1765415352.126328,1809,2,15,5,15,5
1765415352.143890,1810,2,15,5,15,5
1765415352.160599,1811,2,15,5,15,5
1765415352.177389,1812,2,16,5,16,5
1765415352.194232,1812,2,16,5,16,5
1765415352.209933,1813,2,16,5,16,5
1765415352.226357,1814,2,16,5,16,5
1765415352.243220,1815,2,16,5,16,5
1765415352.259146,1815,2,16,5,16,5
1765415352.275551,1816,2,16,5,16,5
1765415352.291636,1817,2,16,5,16,5
1765415352.308307,1818,2,16,5,16,5
1765415352.325399,1818,2,16,5,16,5
1765415352.341714,1819,2,16,5,16,5
1765415352.358688,1820,2,16,5,16,5
1765415352.375340,1821,2,16,5,16,5
1765415352.392219,1822,2,16,5,16,5
1765415352.408241,1822,2,16,5,16,5
1765415352.423501,1823,2,16,5,16,5
1765415352.440364,1824,2,16,5,16,5
1765415352.457726,1825,2,16,5,16,5
1765415352.473972,1825,2,16,5,16,5
1765415352.491105,1826,2,16,5,16,5
1765415352.507702,1827,2,16,5,16,5
1765415352.524437,1828,2,16,5,16,5
1765415352.541762,1829,2,16,5,16,5
1765415352.558422,1829,2,16,5,16,5
1765415352.575429,1830,2,16,5,16,5
1765415352.593133,1831,2,16,5,16,5
1765415352.610203,1832,2,16,5,16,5
1765415352.625479,1832,2,16,5,16,5
1765415352.641962,1833,2,16,5,16,5
1765415352.658753,1834,2,16,5,16,5
1765415352.675515,1835,2,16,5,16,5
1765415352.692442,1836,2,16,5,16,5
1765415352.709601,1836,2,16,5,16,5
1765415352.726665,1837,2,16,5,16,5
1765415352.743699,1838,2,16,5,16,5
1765415352.760257,1839,2,16,5,16,5
1765415352.775851,1840,2,16,5,16,5
1765415352.792364,1840,2,16,5,16,5
1765415352.808787,1841,2,16,5,16,5
1765415352.825214,1842,2,16,5,16,5
1765415352.841193,1843,2,16,5,16,5
1765415352.857461,1843,2,16,5,16,5
1765415352.875434,1844,2,16,5,16,5
1765415352.891633,1845,2,16,5,16,5
1765415352.908940,1846,2,16,5,16,5
1765415352.925305,1846,2,16,5,16,5
1765415352.942127,1847,2,16,5,16,5
1765415352.957407,1848,2,16,5,16,5
1765415352.974957,1849,2,16,5,16,5
1765415352.990800,1850,2,16,5,16,5
1765415353.007514,1850,2,16,5,16,5
1765415353.023736,1851,2,16,5,16,5
1765415353.040096,1852,2,16,5,16,5
1765415353.057240,1853,2,16,5,16,5
1765415353.073244,1853,2,16,5,16,5
1765415353.088904,1854,2,16,5,16,5
1765415353.105324,1855,2,16,5,16,5
1765415353.121839,1856,2,16,5,16,5
1765415353.138804,1856,2,16,5,16,5
1765415353.155512,1857,2,16,5,16,5
1765415353.173050,1858,2,16,5,16,5
1765415353.188777,1859,2,16,5,16,5
1765415353.205446,1860,2,16,5,16,5
1765415353.222419,1860,2,16,5,16,5
1765415353.239352,1861,2,16,5,16,5
1765415353.256492,1862,2,16,5,16,5
1765415353.273759,1863,2,16,5,16,5
1765415353.290183,1864,2,16,5,16,5
1765415353.306272,1864,2,16,5,16,5
1765415353.323293,1865,2,16,5,16,5
1765415353.340906,1866,2,16,5,16,5
1765415353.356527,1867,2,16,5,16,5
1765415353.373055,1867,2,16,5,16,5
1765415353.388602,1868,2,16,5,16,5
1765415353.405275,1869,2,16,5,16,5
1765415353.422225,1870,2,16,6,16,6
1765415353.438207,1870,2,16,6,16,6
1765415353.454335,1871,2,16,6,16,6
1765415353.472060,1872,2,16,6,16,6
1765415353.487981,1873,2,16,6,16,6
1765415353.504361,1873,2,16,6,16,6
1765415353.521367,1874,2,16,6,16,6
1765415353.538490,1875,2,16,6,16,6
1765415353.555683,1876,2,16,6,16,6
1765415353.572027,1877,2,16,6,16,6
1765415353.587755,1877,2,16,6,16,6
1765415353.603919,1878,2,16,6,16,6
1765415353.620240,1879,2,16,6,16,6
1765415353.637002,1880,2,16,6,16,6
1765415353.654479,1880,2,16,6,16,6
1765415353.670614,1881,2,16,6,16,6
1765415353.687090,1882,2,16,6,16,6
1765415353.704068,1883,2,16,6,16,6
1765415353.720301,1884,2,16,6,16,6
1765415353.736788,1884,2,16,6,16,6
1765415353.752724,1885,2,16,6,16,6
1765415353.770242,1886,2,16,6,16,6
1765415353.786971,1887,2,16,6,16,6
1765415353.802941,1887,2,16,6,16,6
1765415353.819011,1888,2,16,6,16,6
1765415353.835406,1889,2,16,6,16,6
1765415353.851817,1890,2,16,6,16,6
1765415353.869502,1891,2,16,6,16,6
1765415353.886618,1891,2,16,6,16,6
1765415353.903141,1892,2,16,6,16,6
1765415353.920081,1893,2,16,6,16,6
1765415353.936213,1894,2,16,6,16,6
1765415353.951514,1894,2,16,6,16,6
1765415353.969316,1895,2,16,6,16,6
1765415353.986598,1896,2,16,6,16,6
1765415354.003149,1897,2,16,6,16,6
1765415354.020171,1898,2,16,6,16,6
1765415354.036309,1898,2,16,6,16,6
1765415354.052521,1899,2,16,6,16,6
1765415354.069420,1900,2,16,6,16,6
1765415354.085907,1901,2,16,6,16,6
1765415354.101933,1901,2,16,6,16,6
1765415354.118488,1902,2,16,6,16,6
1765415354.135511,1903,2,15,6,15,6
1765415354.152260,1904,2,15,6,15,6
1765415354.168979,1905,2,15,6,15,6
1765415354.185490,1905,2,15,6,15,6
1765415354.202328,1906,2,15,6,15,6
1765415354.219066,1907,2,15,6,15,6
1765415354.236070,1908,2,15,6,15,6
1765415354.252552,1908,2,15,6,15,6
1765415354.269213,1909,2,15,6,15,6
1765415354.285412,1910,2,15,6,15,6
1765415354.302234,1911,2,15,6,15,6
1765415354.318882,1912,2,15,6,15,6
1765415354.335222,1912,2,15,6,15,6
1765415354.350691,1913,2,15,6,15,6
1765415354.367772,1914,2,15,6,15,6
1765415354.383573,1915,2,15,6,15,6
1765415354.400574,1915,2,15,6,15,6
1765415354.417157,1916,2,15,6,15,6
1765415354.434060,1917,2,15,6,15,6
1765415354.450241,1918,2,15,6,15,6
1765415354.466671,1918,2,15,6,15,6
1765415354.482952,1919,2,15,6,15,6
1765415354.499677,1920,2,15,6,15,6
1765415354.515531,1921,2,15,6,15,6
1765415354.532688,1921,2,15,6,15,6
1765415354.549479,1922,2,15,6,15,6
1765415354.566828,1923,2,15,6,15,6
1765415354.583357,1924,2,15,6,15,6
1765415354.600524,1925,2,15,6,15,6
1765415354.618005,1925,2,15,6,15,6
1765415354.634469,1926,2,15,6,15,6
1765415354.651826,1927,2,15,6,15,6
1765415354.668262,1928,2,15,6,15,6
1765415354.685867,1929,2,15,6,15,6
1765415354.702592,1929,2,15,6,15,6
1765415354.718817,1930,2,15,6,15,6
1765415354.735472,1931,2,15,6,15,6
1765415354.752695,1932,2,15,7,15,7
1765415354.769104,1933,2,15,7,15,7
1765415354.785574,1933,2,15,7,15,7
1765415354.802526,1934,2,15,7,15,7
1765415354.819146,1935,2,15,7,15,7
1765415354.835660,1936,2,15,7,15,7
1765415354.852343,1936,2,15,7,15,7
1765415354.870008,1937,2,15,7,15,7
1765415354.886534,1938,2,15,7,15,7
1765415354.903751,1939,2,15,7,15,7
1765415354.919935,1940,2,15,7,15,7
1765415354.936928,1940,2,15,7,15,7
1765415354.953511,1941,2,15,7,15,7
1765415354.970688,1942,2,15,7,15,7
1765415354.987653,1943,2,15,7,15,7
1765415355.003580,1943,2,15,7,15,7
1765415355.019892,1944,2,15,7,15,7
1765415355.036230,1945,2,15,7,15,7
1765415355.053219,1946,2,15,7,15,7
1765415355.069266,1947,2,15,7,15,7
1765415355.085282,1947,2,15,7,15,7
1765415355.102490,1948,2,15,7,15,7
1765415355.120754,1949,2,15,7,15,7
1765415355.136891,1950,2,15,7,15,7
1765415355.152683,1950,2,15,7,15,7
1765415355.169205,1951,2,15,7,15,7
1765415355.185260,1952,2,15,7,15,7
1765415355.202336,1953,2,15,7,15,7
1765415355.219081,1954,2,15,7,15,7
1765415355.235191,1954,2,15,7,15,7
1765415355.251753,1955,2,15,7,15,7
1765415355.268382,1956,2,15,7,15,7
1765415355.285168,1957,2,15,7,15,7
1765415355.300692,1957,2,15,7,15,7
1765415355.317754,1958,2,15,7,15,7
1765415355.334455,1959,2,15,7,15,7
1765415355.351077,1960,2,15,7,15,7
1765415355.367546,1961,2,15,7,15,7
1765415355.383692,1961,2,15,7,15,7
1765415355.400939,1962,2,15,7,15,7
1765415355.417311,1963,2,15,7,15,7
1765415355.434000,1964,2,15,7,15,7
1765415355.450613,1964,2,15,7,15,7
1765415355.467778,1965,2,15,7,15,7
1765415355.484134,1966,2,15,7,15,7
1765415355.500786,1967,2,15,7,15,7
1765415355.517438,1967,2,15,7,15,7
1765415355.533762,1968,2,15,7,15,7
1765415355.549567,1969,2,15,7,15,7
1765415355.565453,1970,2,15,7,15,7
1765415355.582622,1971,2,15,7,15,7
1765415355.599234,1971,2,15,7,15,7
1765415355.615637,1972,2,15,7,15,7
1765415355.632012,1973,2,15,7,15,7
1765415355.647940,1974,2,15,7,15,7
1765415355.664114,1974,2,15,7,15,7
1765415355.679573,1975,2,15,7,15,7
1765415355.697136,1976,2,15,7,15,7
1765415355.712878,1977,2,15,7,15,7
1765415355.729497,1977,2,15,7,15,7
1765415355.745720,1978,2,15,7,15,7
1765415355.762053,1979,2,15,7,15,7
1765415355.778414,1980,2,15,7,15,7
1765415355.795650,1980,2,15,7,15,7
1765415355.812467,1981,2,15,7,15,7
1765415355.830135,1982,2,15,7,15,7
1765415355.846711,1983,2,15,7,15,7
1765415355.863308,1984,2,15,7,15,7
1765415355.879992,1984,2,15,7,15,7
1765415355.896848,1985,2,15,7,15,7
1765415355.912725,1986,2,15,7,15,7
1765415355.929440,1987,2,15,7,15,7
1765415355.945945,1987,2,15,7,15,7
1765415355.962085,1988,2,15,7,15,7
1765415355.978224,1989,2,15,7,15,7
1765415355.995219,1990,2,15,7,15,7
1765415356.011482,1991,2,15,7,15,7
1765415356.028228,1991,2,15,7,15,7
1765415356.044607,1992,2,15,7,15,7
1765415356.062262,1993,2,15,7,15,7
1765415356.078937,1994,2,15,7,15,7
1765415356.094694,1994,2,15,7,15,7
1765415356.110507,1995,2,15,7,15,7
1765415356.127999,1996,2,15,7,15,7
1765415356.144007,1997,2,15,7,15,7
1765415356.159853,1997,2,15,7,15,7
1765415356.176433,1998,2,15,7,15,7
1765415356.193778,1999,2,15,7,15,7
1765415356.210180,2000,2,15,7,15,7
1765415356.226734,2001,2,15,7,15,7
1765415356.243591,2001,2,15,7,15,7
1765415356.259824,2002,2,15,7,15,7
1765415356.276175,2003,2,15,7,15,7
1765415356.293118,2004,2,15,6,15,6
1765415356.309370,2004,2,15,6,15,6
1765415356.326721,2005,2,15,6,15,6
1765415356.343393,2006,2,15,6,15,6
1765415356.360275,2007,2,15,6,15,6
1765415356.376356,2008,2,15,6,15,6
1765415356.393551,2008,2,15,6,15,6
1765415356.410709,2009,2,15,6,15,6
1765415356.426979,2010,2,15,6,15,6
1765415356.442843,2011,2,15,6,15,6
1765415356.459796,2011,2,15,6,15,6
1765415356.477069,2012,2,15,6,15,6
1765415356.493789,2013,2,15,6,15,6
1765415356.509741,2014,2,15,6,15,6
1765415356.526549,2015,2,15,6,15,6
1765415356.543522,2015,2,15,6,15,6
1765415356.559615,2016,2,15,6,15,6
1765415356.575630,2017,2,15,6,15,6
1765415356.592404,2018,2,15,6,15,6
1765415356.610009,2018,2,15,6,15,6
1765415356.626685,2019,2,15,6,15,6
1765415356.643258,2020,2,15,6,15,6
1765415356.659523,2021,2,15,6,15,6
1765415356.676573,2022,2,15,6,15,6
1765415356.693793,2022,2,15,6,15,6
1765415356.709854,2023,2,15,6,15,6
1765415356.725364,2024,2,15,6,15,6
1765415356.742501,2025,2,15,6,15,6
1765415356.758778,2025,2,15,6,15,6
1765415356.775125,2026,2,15,6,15,6
1765415356.791835,2027,2,15,6,15,6
1765415356.807826,2028,2,15,6,15,6
1765415356.823521,2028,2,15,6,15,6
1765415356.840528,2029,2,15,6,15,6
1765415356.856534,2030,2,15,6,15,6
1765415356.874050,2031,2,15,6,15,6
1765415356.889718,2031,2,15,6,15,6
1765415356.906266,2032,2,15,6,15,6
1765415356.923036,2033,2,15,6,15,6
1765415356.984278,2033,2,15,6,15,6
1765415357.005361,2034,2,15,6,15,6
1765415357.022462,2034,2,15,6,15,6
1765415357.039074,2035,2,16,6,16,6
1765415357.055564,2036,2,16,6,16,6
1765415357.073211,2037,2,16,6,16,6
1765415357.089456,2037,2,16,6,16,6
1765415357.106183,2038,2,16,6,16,6
1765415357.122838,2039,2,16,6,16,6
1765415357.138425,2040,2,16,6,16,6
1765415357.155468,2041,2,16,6,16,6
1765415357.172700,2041,2,16,6,16,6
1765415357.189513,2042,2,16,6,16,6
1765415357.207447,2043,2,16,6,16,6
1765415357.224901,2044,2,16,6,16,6
1765415357.240564,2045,2,16,6,16,6
1765415357.257220,2045,2,16,6,16,6
1765415357.274110,2046,2,16,6,16,6
1765415357.290112,2047,2,16,6,16,6
1765415357.305496,2048,2,16,6,16,6
1765415357.321943,2048,2,16,6,16,6
1765415357.337744,2049,2,16,6,16,6
1765415357.354430,2050,2,16,6,16,6
1765415357.370790,2051,2,16,6,16,6
1765415357.388048,2051,2,16,6,16,6
1765415357.403828,2052,2,16,6,16,6
1765415357.421454,2053,2,16,7,16,7
1765415357.437675,2054,2,16,7,16,7
1765415357.454128,2055,2,16,7,16,7
1765415357.469731,2055,2,16,7,16,7
1765415357.486700,2056,2,16,7,16,7
1765415357.503332,2057,2,16,7,16,7
1765415357.520495,2058,2,16,7,16,7
1765415357.537389,2058,2,16,7,16,7
1765415357.554473,2059,2,16,7,16,7
1765415357.571497,2060,2,16,7,16,7
1765415357.588636,2061,2,16,7,16,7
1765415357.605460,2062,2,16,7,16,7
1765415357.622360,2062,2,16,7,16,7
1765415357.640052,2063,2,16,7,16,7
1765415357.656064,2064,2,16,7,16,7
1765415357.671669,2065,2,16,7,16,7
1765415357.688161,2065,2,16,7,16,7
1765415357.705475,2066,2,16,7,16,7
1765415357.722593,2067,2,16,7,16,7
1765415357.738995,2068,2,16,7,16,7
1765415357.755537,2069,2,16,7,16,7
1765415357.772838,2069,2,16,7,16,7
1765415357.789078,2070,2,16,7,16,7
1765415357.805653,2071,2,15,7,15,7
1765415357.822422,2072,2,15,7,15,7
1765415357.839422,2073,2,15,7,15,7
1765415357.856081,2073,2,15,7,15,7
1765415357.872326,2074,2,15,7,15,7
1765415357.888893,2075,2,15,7,15,7
1765415357.904395,2076,2,15,7,15,7
1765415357.921318,2076,2,15,7,15,7
1765415357.937947,2077,2,15,7,15,7
1765415357.954520,2078,2,15,7,15,7
1765415357.971665,2079,2,15,7,15,7
1765415357.988882,2080,2,15,7,15,7
1765415358.006454,2080,2,15,7,15,7
1765415358.023361,2081,2,15,7,15,7
1765415358.040962,2082,2,15,7,15,7
1765415358.058002,2083,2,15,7,15,7
1765415358.074000,2084,2,15,7,15,7
1765415358.090080,2084,2,15,7,15,7
1765415358.106001,2085,2,15,7,15,7
1765415358.122961,2086,2,15,7,15,7
1765415358.139285,2087,2,15,7,15,7
1765415358.155607,2087,2,15,7,15,7
1765415358.172210,2088,2,15,7,15,7
1765415358.187929,2089,2,15,7,15,7
1765415358.204267,2090,2,15,7,15,7
1765415358.220073,2090,2,15,7,15,7
1765415358.236049,2091,2,15,7,15,7
1765415358.251362,2092,2,15,7,15,7
1765415358.267905,2093,2,15,7,15,7
1765415358.285366,2093,2,15,7,15,7
1765415358.302283,2094,2,15,7,15,7
1765415358.319061,2095,2,15,7,15,7
1765415358.335238,2096,2,15,7,15,7
1765415358.350662,2096,2,15,7,15,7
1765415358.368027,2097,2,15,7,15,7
1765415358.384147,2098,2,15,7,15,7
1765415358.399947,2099,2,15,7,15,7
1765415358.416120,2100,2,15,7,15,7
1765415358.431992,2100,2,15,7,15,7
1765415358.449519,2101,2,15,7,15,7
1765415358.465773,2102,2,15,7,15,7
1765415358.482589,2103,2,15,7,15,7
1765415358.499845,2103,2,15,7,15,7
1765415358.516461,2104,2,15,7,15,7
1765415358.534036,2105,2,15,7,15,7
1765415358.549964,2106,2,15,7,15,7
1765415358.566738,2107,2,15,7,15,7
1765415358.583157,2107,2,15,7,15,7
1765415358.598850,2108,2,15,7,15,7
1765415358.615506,2109,2,15,7,15,7
1765415358.632456,2110,2,15,7,15,7
1765415358.648666,2110,2,15,7,15,7
1765415358.664969,2111,2,15,7,15,7
1765415358.682154,2112,2,15,7,15,7
1765415358.698107,2113,2,15,7,15,7
1765415358.714281,2113,2,15,7,15,7
1765415358.731266,2114,2,15,7,15,7
1765415358.747332,2115,2,15,7,15,7
1765415358.764204,2116,2,15,7,15,7
1765415358.780184,2117,2,15,7,15,7
1765415358.796464,2117,2,15,7,15,7
1765415358.812983,2118,2,15,7,15,7
1765415358.830041,2119,2,15,7,15,7
1765415358.845311,2120,2,15,7,15,7
1765415358.862895,2120,2,15,7,15,7
1765415358.878412,2121,2,15,7,15,7
1765415358.895560,2122,2,15,7,15,7
1765415358.912462,2123,2,14,7,14,7
1765415358.929566,2124,2,14,7,14,7
1765415358.946590,2124,2,14,7,14,7
1765415358.963397,2125,2,14,7,14,7
1765415358.979440,2126,2,14,7,14,7
1765415358.996513,2127,2,14,7,14,7
1765415359.013452,2127,2,14,7,14,7
1765415359.030099,2128,2,14,7,14,7
1765415359.046385,2129,2,14,7,14,7
1765415359.063040,2130,2,14,7,14,7
1765415359.080096,2131,2,14,7,14,7
1765415359.096446,2131,2,14,7,14,7
1765415359.113344,2132,2,14,7,14,7
1765415359.131226,2133,2,14,7,14,7
1765415359.147684,2134,2,14,7,14,7
1765415359.164314,2134,2,14,7,14,7
1765415359.182060,2135,2,14,7,14,7
1765415359.197842,2136,2,14,7,14,7
1765415359.213947,2137,2,14,7,14,7
1765415359.230665,2138,2,14,7,14,7
1765415359.246529,2138,2,14,7,14,7
1765415359.263902,2139,2,14,7,14,7
1765415359.280379,2140,2,14,7,14,7
1765415359.297059,2141,2,14,7,14,7
1765415359.313255,2141,2,14,7,14,7
1765415359.330781,2142,2,14,7,14,7
1765415359.347645,2143,2,14,7,14,7
1765415359.364312,2144,2,14,7,14,7
1765415359.380815,2145,2,14,7,14,7
1765415359.396704,2145,2,14,7,14,7
1765415359.413391,2146,2,14,7,14,7
1765415359.430612,2147,2,14,7,14,7
1765415359.446723,2148,2,14,7,14,7
1765415359.462512,2148,2,14,7,14,7
1765415359.479337,2149,2,14,7,14,7
1765415359.496258,2150,2,14,7,14,7
1765415359.511909,2151,2,14,7,14,7
1765415359.529154,2151,2,14,7,14,7
1765415359.545337,2152,2,14,7,14,7
1765415359.563287,2153,2,14,7,14,7
1765415359.580258,2154,2,14,7,14,7
1765415359.595964,2155,2,14,7,14,7
1765415359.611930,2155,2,14,7,14,7
1765415359.628347,2156,2,14,7,14,7
1765415359.645674,2157,2,14,7,14,7
1765415359.662002,2158,2,14,7,14,7
1765415359.677936,2158,2,14,7,14,7
1765415359.694138,2159,2,14,7,14,7
1765415359.710920,2160,2,14,7,14,7
1765415359.727485,2161,2,14,7,14,7
1765415359.744679,2162,2,14,7,14,7
1765415359.761274,2162,2,14,7,14,7
1765415359.778064,2163,2,14,7,14,7
1765415359.794983,2164,2,14,7,14,7
1765415359.811769,2165,2,14,7,14,7
1765415359.828641,2165,2,14,7,14,7
1765415359.844714,2166,2,14,7,14,7
1765415359.861501,2167,2,14,7,14,7
1765415359.878425,2168,2,14,7,14,7
1765415359.895276,2168,2,14,7,14,7
1765415359.910925,2169,2,14,7,14,7
1765415359.927378,2170,2,14,7,14,7
1765415359.944001,2171,2,14,7,14,7
1765415359.960032,2171,2,14,7,14,7
1765415359.976834,2172,2,14,7,14,7
1765415359.993652,2173,2,14,7,14,7
1765415360.009821,2174,2,14,7,14,7
1765415360.026591,2175,2,14,7,14,7
1765415360.042661,2175,2,14,7,14,7
1765415360.058711,2176,2,14,7,14,7
1765415360.075669,2177,2,14,7,14,7
1765415360.092175,2178,2,14,7,14,7
1765415360.108351,2178,2,14,7,14,7
1765415360.125588,2179,2,14,7,14,7
1765415360.142206,2180,2,14,7,14,7
1765415360.158613,2181,2,14,7,14,7
1765415360.175089,2181,2,14,7,14,7
1765415360.191200,2182,2,14,7,14,7
1765415360.207863,2183,2,14,7,14,7
1765415360.224502,2184,2,14,7,14,7
1765415360.241416,2185,2,14,7,14,7
1765415360.258388,2185,2,14,7,14,7
1765415360.275569,2186,2,14,7,14,7
1765415360.293168,2187,2,14,7,14,7
1765415360.309457,2188,2,14,7,14,7
1765415360.326122,2189,2,14,7,14,7
1765415360.342881,2189,2,14,7,14,7
1765415360.359650,2190,2,14,7,14,7
1765415360.375538,2191,2,14,7,14,7
1765415360.391934,2192,2,14,7,14,7
1765415360.407600,2192,2,14,7,14,7
1765415360.425423,2193,2,14,7,14,7
1765415360.442396,2194,2,14,7,14,7
1765415360.459194,2195,2,14,7,14,7
1765415360.475434,2196,2,14,7,14,7
1765415360.492592,2196,2,14,7,14,7
1765415360.509425,2197,2,14,7,14,7
1765415360.526252,2198,2,14,7,14,7
1765415360.542535,2199,2,14,7,14,7
1765415360.559553,2199,2,14,7,14,7
1765415360.576926,2200,2,14,7,14,7
1765415360.593695,2201,2,14,7,14,7
1765415360.610181,2202,2,14,7,14,7
1765415360.627719,2203,2,14,7,14,7
1765415360.644160,2203,2,14,7,14,7
1765415360.660432,2204,2,14,7,14,7
1765415360.677184,2205,2,14,7,14,7
1765415360.693080,2206,2,14,7,14,7
1765415360.709314,2206,2,14,7,14,7
1765415360.726774,2207,2,14,7,14,7
1765415360.742658,2208,2,14,7,14,7
1765415360.758875,2209,2,14,7,14,7
1765415360.774866,2210,2,14,7,14,7
1765415360.790801,2210,2,14,7,14,7
1765415360.808420,2211,2,14,7,14,7
1765415360.825577,2212,2,14,7,14,7
1765415360.842657,2213,2,14,7,14,7
1765415360.860292,2214,2,14,7,14,7
1765415360.877784,2214,2,14,7,14,7
1765415360.894205,2215,2,14,7,14,7
1765415360.910641,2216,2,14,7,14,7
1765415360.926659,2217,2,14,7,14,7
1765415360.942631,2217,2,14,7,14,7
1765415360.959398,2218,2,14,7,14,7
1765415360.976134,2219,2,14,7,14,7
1765415360.991862,2220,2,14,7,14,7
1765415361.008104,2220,2,14,7,14,7
1765415361.023463,2221,2,14,7,14,7
1765415361.040276,2222,2,14,7,14,7
1765415361.057037,2223,2,14,7,14,7
1765415361.073506,2224,2,14,7,14,7
1765415361.091348,2224,2,14,7,14,7
1765415361.108797,2225,2,14,7,14,7
1765415361.124496,2226,2,14,7,14,7
1765415361.140839,2227,2,14,7,14,7
1765415361.157247,2227,2,14,7,14,7
1765415361.173357,2228,2,14,7,14,7
1765415361.190890,2229,2,14,7,14,7
1765415361.207168,2230,2,14,7,14,7
1765415361.222972,2231,2,14,7,14,7
1765415361.239486,2231,2,14,7,14,7
1765415361.256386,2232,2,14,7,14,7
1765415361.273704,2233,2,14,7,14,7
1765415361.290633,2234,2,14,7,14,7
1765415361.307953,2235,2,14,7,14,7
1765415361.325619,2235,2,14,7,14,7
1765415361.342533,2236,2,14,7,14,7
1765415361.359706,2237,2,14,7,14,7
1765415361.376404,2238,2,14,7,14,7
1765415361.393270,2238,2,14,7,14,7
1765415361.408671,2239,2,14,7,14,7
1765415361.425637,2240,2,14,7,14,7
1765415361.442330,2241,2,14,7,14,7
1765415361.458909,2242,2,14,7,14,7
1765415361.475299,2242,2,14,7,14,7
1765415361.492954,2243,2,14,7,14,7
1765415361.509313,2244,2,14,7,14,7
1765415361.525615,2245,2,14,7,14,7
1765415361.542891,2246,2,14,7,14,7
1765415361.558953,2246,2,14,7,14,7
1765415361.574821,2247,2,14,7,14,7
1765415361.591283,2248,2,14,7,14,7
1765415361.608741,2249,2,14,7,14,7
1765415361.625548,2249,2,14,7,14,7
1765415361.642554,2250,2,14,7,14,7
1765415361.659490,2251,2,14,7,14,7
1765415361.676771,2252,2,14,7,14,7
1765415361.693631,2253,2,14,7,14,7
1765415361.709944,2253,2,14,7,14,7
1765415361.726832,2254,2,13,7,13,7
1765415361.743213,2255,2,13,7,13,7
1765415361.760103,2256,2,13,7,13,7
1765415361.776213,2256,2,13,7,13,7
1765415361.792597,2257,2,13,7,13,7
1765415361.809073,2258,2,13,7,13,7
1765415361.825529,2259,2,13,7,13,7
1765415361.842903,2260,2,13,7,13,7
1765415361.859277,2260,2,13,7,13,7
1765415361.875938,2261,2,13,7,13,7
1765415361.892822,2262,2,13,7,13,7
1765415361.909766,2263,2,13,7,13,7
1765415361.926601,2263,2,13,7,13,7
1765415361.944120,2264,2,13,7,13,7
1765415361.960819,2265,2,13,7,13,7
1765415361.977440,2266,2,13,7,13,7
1765415361.994594,2267,2,13,7,13,7
1765415362.012112,2267,2,13,7,13,7
1765415362.028831,2268,2,13,7,13,7
1765415362.044317,2269,2,13,7,13,7
1765415362.060842,2270,2,13,7,13,7
1765415362.077709,2270,2,13,7,13,7
1765415362.094492,2271,2,13,7,13,7
1765415362.110605,2272,2,13,7,13,7
1765415362.126572,2273,2,13,7,13,7
1765415362.142789,2274,2,13,7,13,7
1765415362.159363,2274,2,13,7,13,7
1765415362.175792,2275,2,13,7,13,7
1765415362.192603,2276,2,13,7,13,7
1765415362.209005,2277,2,13,7,13,7
1765415362.225455,2277,2,13,7,13,7
1765415362.241693,2278,2,13,7,13,7
1765415362.257682,2279,2,13,7,13,7
1765415362.274028,2280,2,13,7,13,7
1765415362.290480,2280,2,13,7,13,7
1765415362.307690,2281,2,13,7,13,7
1765415362.324879,2282,2,13,7,13,7
1765415362.340913,2283,2,13,7,13,7
1765415362.357518,2284,2,13,7,13,7
1765415362.374941,2284,2,13,7,13,7
1765415362.391408,2285,2,13,7,13,7
1765415362.408530,2286,2,13,7,13,7
1765415362.425610,2287,2,13,7,13,7
1765415362.442500,2288,2,13,7,13,7
1765415362.458976,2288,2,13,7,13,7
1765415362.475552,2289,2,13,7,13,7
1765415362.491544,2290,2,13,7,13,7
1765415362.508603,2291,2,13,7,13,7
1765415362.525563,2291,2,13,7,13,7
1765415362.542039,2292,2,13,7,13,7
1765415362.558540,2293,2,13,7,13,7
1765415362.575326,2294,2,13,7,13,7
1765415362.592955,2295,2,13,7,13,7
1765415362.609707,2295,2,13,7,13,7
1765415362.625946,2296,2,13,7,13,7
1765415362.642514,2297,2,13,7,13,7
1765415362.659245,2298,2,13,7,13,7
1765415362.676450,2298,2,13,7,13,7
1765415362.692972,2299,2,13,7,13,7
1765415362.709406,2300,2,13,7,13,7
1765415362.725960,2301,2,13,7,13,7
1765415362.742162,2302,2,13,7,13,7
1765415362.758731,2302,2,13,7,13,7
1765415362.774788,2303,2,13,7,13,7
1765415362.790865,2304,2,13,7,13,7
1765415362.807486,2305,2,13,7,13,7
1765415362.823855,2305,2,13,7,13,7
1765415362.840557,2306,2,13,7,13,7
1765415362.857482,2307,2,13,7,13,7
1765415362.874020,2308,2,13,7,13,7
1765415362.889829,2309,2,13,7,13,7
1765415362.907111,2309,2,13,7,13,7
1765415362.923003,2310,2,13,7,13,7
1765415362.939214,2311,2,13,7,13,7
1765415362.954808,2312,2,13,7,13,7
1765415362.970731,2312,2,13,7,13,7
1765415362.986969,2313,2,13,7,13,7
1765415363.004359,2314,2,13,7,13,7
1765415363.021070,2315,2,13,7,13,7
1765415363.037210,2315,2,13,7,13,7
1765415363.053304,2316,2,13,7,13,7
1765415363.071317,2317,2,13,7,13,7
1765415363.088104,2318,2,13,7,13,7
1765415363.103837,2319,2,13,7,13,7
1765415363.120264,2319,2,13,7,13,7
1765415363.136584,2320,2,13,7,13,7
1765415363.153433,2321,2,13,7,13,7
1765415363.170120,2322,2,13,7,13,7
1765415363.186072,2322,2,13,7,13,7
1765415363.201811,2323,2,13,7,13,7
1765415363.217488,2324,2,13,7,13,7
1765415363.234219,2325,2,13,7,13,7
1765415363.250709,2325,2,13,7,13,7
1765415363.267668,2326,2,13,7,13,7
1765415363.284101,2327,2,13,7,13,7
1765415363.300551,2328,2,13,7,13,7
1765415363.317364,2328,2,13,7,13,7
1765415363.333627,2329,2,12,7,12,7
1765415363.350250,2330,2,12,7,12,7
1765415363.366950,2331,2,12,7,12,7
1765415363.383107,2331,2,12,7,12,7
1765415363.399064,2332,2,12,7,12,7
1765415363.415433,2333,2,12,7,12,7
1765415363.432078,2334,2,12,7,12,7
1765415363.448377,2334,2,12,7,12,7
1765415363.466218,2335,2,12,7,12,7
1765415363.482042,2336,2,12,7,12,7
1765415363.498909,2337,2,12,7,12,7
1765415363.516150,2338,2,12,7,12,7
1765415363.533078,2338,2,12,7,12,7
1765415363.549430,2339,2,12,7,12,7
1765415363.566532,2340,2,12,7,12,7
1765415363.583577,2341,2,12,7,12,7
1765415363.599995,2342,2,12,7,12,7
1765415363.615619,2342,2,12,7,12,7
1765415363.632714,2343,2,12,7,12,7
1765415363.649625,2344,2,12,7,12,7
1765415363.666926,2345,2,12,7,12,7
1765415363.683378,2345,2,12,7,12,7
1765415363.699729,2346,2,12,7,12,7
1765415363.716592,2347,2,12,7,12,7
1765415363.733100,2348,2,12,7,12,7
1765415363.749516,2349,2,12,7,12,7
1765415363.766157,2349,2,12,7,12,7
1765415363.782906,2350,2,12,7,12,7
1765415363.798941,2351,2,12,7,12,7
1765415363.814976,2352,2,12,7,12,7
1765415363.831193,2352,2,12,7,12,7
1765415363.846454,2353,2,12,7,12,7
1765415363.862428,2354,2,12,7,12,7
1765415363.880375,2355,2,12,7,12,7
1765415363.897619,2355,2,12,7,12,7
1765415363.914210,2356,2,12,7,12,7
1765415363.930089,2357,2,12,6,12,6
1765415363.946805,2358,2,12,6,12,6
1765415363.963205,2358,2,12,6,12,6
1765415363.979146,2359,2,12,6,12,6
1765415363.995508,2360,2,12,6,12,6
1765415364.012431,2361,2,12,6,12,6
1765415364.030239,2362,2,12,6,12,6
1765415364.046724,2362,2,12,6,12,6
1765415364.062707,2363,2,12,6,12,6
1765415364.079475,2364,2,12,6,12,6
1765415364.096889,2365,2,12,6,12,6
1765415364.113310,2365,2,12,6,12,6
1765415364.130739,2366,2,12,6,12,6
1765415364.147421,2367,2,12,6,12,6
1765415364.164706,2368,2,12,6,12,6
1765415364.181266,2369,2,12,6,12,6
1765415364.197550,2369,2,12,6,12,6
1765415364.214332,2370,2,12,6,12,6
1765415364.230871,2371,2,12,6,12,6
1765415364.247645,2372,2,13,6,13,6
1765415364.264439,2372,2,13,6,13,6
1765415364.281193,2373,2,13,6,13,6
1765415364.296711,2374,2,13,6,13,6
1765415364.313336,2375,2,13,6,13,6
1765415364.330890,2376,2,13,6,13,6
1765415364.346835,2376,2,13,6,13,6
1765415364.362827,2377,2,13,6,13,6
1765415364.379960,2378,2,13,6,13,6
1765415364.395758,2379,2,13,6,13,6
1765415364.412318,2379,2,13,6,13,6
1765415364.429325,2380,2,13,6,13,6
1765415364.446530,2381,2,13,6,13,6
1765415364.462772,2382,2,13,6,13,6
1765415364.478657,2382,2,13,6,13,6
1765415364.495452,2383,2,13,6,13,6
1765415364.511897,2384,2,13,6,13,6
1765415364.527830,2385,2,13,6,13,6
1765415364.543937,2386,2,13,6,13,6
1765415364.559631,2386,2,13,6,13,6
1765415364.576084,2387,2,13,6,13,6
1765415364.592742,2388,2,14,6,14,6
1765415364.609129,2389,2,14,6,14,6
1765415364.625343,2389,2,14,6,14,6
1765415364.641791,2390,2,14,6,14,6
1765415364.659296,2391,2,14,6,14,6
1765415364.676518,2392,2,14,6,14,6
1765415364.693536,2393,2,14,6,14,6
1765415364.710983,2393,2,14,6,14,6
1765415364.727674,2394,2,14,6,14,6
1765415364.744807,2395,2,14,6,14,6
1765415364.761029,2396,2,14,6,14,6
1765415364.777063,2396,2,14,6,14,6
1765415364.793012,2397,2,14,6,14,6
1765415364.809068,2398,2,14,6,14,6
1765415364.824825,2399,2,14,6,14,6
1765415364.840538,2399,2,14,6,14,6
1765415364.857338,2400,2,14,6,14,6
1765415364.874811,2401,2,14,6,14,6
1765415364.891372,2402,2,14,6,14,6
1765415364.908643,2402,2,14,6,14,6
1765415364.924365,2403,2,15,6,15,6
1765415364.941933,2404,2,15,6,15,6
1765415364.958754,2405,2,15,6,15,6
1765415364.975715,2406,2,15,6,15,6
1765415364.993017,2406,2,15,6,15,6
1765415365.009424,2407,2,15,6,15,6
1765415365.025571,2408,2,15,6,15,6
1765415365.042385,2409,2,15,6,15,6
1765415365.059221,2409,2,15,6,15,6
1765415365.076472,2410,2,15,6,15,6
1765415365.093260,2411,2,15,6,15,6
1765415365.109511,2412,2,15,6,15,6
1765415365.126751,2413,2,15,6,15,6
1765415365.142884,2413,2,15,6,15,6
1765415365.158808,2414,2,15,6,15,6
1765415365.175977,2415,2,15,6,15,6
1765415365.191993,2416,2,15,6,15,6
1765415365.207772,2416,2,15,6,15,6
1765415365.223879,2417,2,15,6,15,6
1765415365.239768,2418,2,15,6,15,6
1765415365.257115,2419,2,15,6,15,6
1765415365.273740,2419,2,15,6,15,6
1765415365.290303,2420,2,15,6,15,6
1765415365.307981,2421,2,15,6,15,6
1765415365.324598,2422,2,15,6,15,6
1765415365.341244,2423,2,15,6,15,6
1765415365.357407,2423,2,15,6,15,6
1765415365.373735,2424,2,15,6,15,6
1765415365.390084,2425,2,15,6,15,6
1765415365.406574,2426,2,15,6,15,6
1765415365.423180,2426,2,15,6,15,6
1765415365.439563,2427,2,15,6,15,6
1765415365.455983,2428,2,15,6,15,6
1765415365.472387,2429,2,15,6,15,6
1765415365.489084,2429,2,15,6,15,6
1765415365.505862,2430,2,15,6,15,6
1765415365.521578,2431,2,15,6,15,6
1765415365.538076,2432,2,15,6,15,6
1765415365.553872,2432,2,15,6,15,6
1765415365.570301,2433,2,15,6,15,6
1765415365.586956,2434,2,15,6,15,6
1765415365.604173,2435,2,15,6,15,6
1765415365.620099,2436,2,15,6,15,6
1765415365.637192,2436,2,15,6,15,6
1765415365.653462,2437,2,15,6,15,6
1765415365.669622,2438,2,15,6,15,6
1765415365.686522,2439,2,15,6,15,6
1765415365.704191,2440,2,15,6,15,6
1765415365.720197,2440,2,15,6,15,6
1765415365.736151,2441,2,15,6,15,6
1765415365.752599,2442,2,15,6,15,6
1765415365.769452,2443,2,15,6,15,6
1765415365.786520,2443,2,15,6,15,6
1765415365.803306,2444,2,15,6,15,6
1765415365.821219,2445,2,15,6,15,6
1765415365.836855,2446,2,15,6,15,6
1765415365.853600,2447,2,15,6,15,6
1765415365.869647,2447,2,15,6,15,6
1765415365.885532,2448,2,15,6,15,6
1765415365.901783,2449,2,15,6,15,6
1765415365.918919,2450,2,15,6,15,6
1765415365.934613,2450,2,15,6,15,6
1765415365.950640,2451,2,15,6,15,6
1765415365.966659,2452,2,15,6,15,6
1765415365.983679,2453,2,15,6,15,6
1765415366.000650,2453,2,15,6,15,6
1765415366.016765,2454,2,14,6,14,6
1765415366.033563,2455,2,14,6,14,6
1765415366.050354,2456,2,14,6,14,6
1765415366.067163,2456,2,14,6,14,6
1765415366.083343,2457,2,14,6,14,6
1765415366.100607,2458,2,14,6,14,6
1765415366.116911,2459,2,14,6,14,6
1765415366.133205,2459,2,14,6,14,6
1765415366.149300,2461,2,14,6,14,6
1765415366.166573,2461,2,14,6,14,6
1765415366.183036,2462,2,14,6,14,6
1765415366.200079,2463,2,14,6,14,6
1765415366.216058,2464,2,14,6,14,6
1765415366.231676,2464,2,14,6,14,6
1765415366.247797,2465,2,14,6,14,6
1765415366.263795,2466,2,14,6,14,6
1765415366.280429,2467,2,14,6,14,6
1765415366.297470,2467,2,14,6,14,6
1765415366.314056,2468,2,14,6,14,6
1765415366.330186,2469,2,14,6,14,6
1765415366.346418,2470,2,14,6,14,6
1765415366.363366,2471,2,14,6,14,6
1765415366.379493,2471,2,14,6,14,6
1765415366.396202,2472,2,14,6,14,6
1765415366.411471,2473,2,14,6,14,6
1765415366.428042,2474,2,14,6,14,6
1765415366.443951,2474,2,14,6,14,6
1765415366.460723,2475,2,14,6,14,6
1765415366.477562,2476,2,14,6,14,6
1765415366.494431,2477,2,14,6,14,6
1765415366.511793,2477,2,14,6,14,6
1765415366.528395,2478,2,14,6,14,6
1765415366.545399,2479,2,14,6,14,6
1765415366.562446,2480,2,14,6,14,6
1765415366.579297,2481,2,14,6,14,6
1765415366.595910,2481,2,14,6,14,6
1765415366.612204,2482,2,14,6,14,6
1765415366.627604,2483,2,14,5,14,5
1765415366.644062,2484,2,14,5,14,5
1765415366.660424,2484,2,14,5,14,5
1765415366.677735,2485,2,14,5,14,5
1765415366.694865,2486,2,14,5,14,5
1765415366.711596,2487,2,14,5,14,5
1765415366.728804,2488,2,14,5,14,5
1765415366.745712,2488,2,14,5,14,5
1765415366.762292,2489,2,14,5,14,5
1765415366.779531,2490,2,14,5,14,5
1765415366.796441,2491,2,14,5,14,5
1765415366.813268,2492,2,14,5,14,5
1765415366.830448,2492,2,14,5,14,5
1765415366.846841,2493,2,14,5,14,5
1765415366.862749,2494,2,14,5,14,5
1765415366.879600,2495,2,14,5,14,5
1765415366.897231,2495,2,14,5,14,5
1765415366.914549,2496,2,14,5,14,5
1765415366.931901,2497,2,14,5,14,5
1765415366.948345,2498,2,14,5,14,5
1765415366.965736,2499,2,14,5,14,5
1765415366.982164,2499,2,14,5,14,5
1765415366.998108,2500,2,14,5,14,5
1765415367.014211,2501,2,14,5,14,5
1765415367.030004,2502,2,14,5,14,5
1765415367.046971,2502,2,14,5,14,5
1765415367.063150,2503,2,14,5,14,5
1765415367.137899,2504,2,14,5,14,5
1765415367.195770,2506,2,14,5,14,5
1765415367.212017,2506,2,14,5,14,5
1765415367.228255,2507,2,14,5,14,5
1765415367.244362,2508,2,14,5,14,5
1765415367.261202,2509,2,14,5,14,5
1765415367.277633,2509,2,14,5,14,5
1765415367.294177,2510,2,14,5,14,5
1765415367.309532,2511,2,14,5,14,5
1765415367.326514,2512,2,14,5,14,5
1765415367.343390,2512,2,14,5,14,5
1765415367.359587,2513,2,14,5,14,5
1765415367.376766,2514,2,14,5,14,5
1765415367.392726,2515,2,14,4,14,4
1765415367.409721,2515,2,14,4,14,4
1765415367.426532,2516,2,14,4,14,4
1765415367.444132,2517,2,14,4,14,4
1765415367.459868,2518,2,14,4,14,4
1765415367.476419,2519,2,14,4,14,4
1765415367.493408,2519,2,14,4,14,4
1765415367.509479,2520,2,14,4,14,4
1765415367.527029,2521,2,14,4,14,4
1765415367.543692,2522,2,14,4,14,4
1765415367.560455,2522,2,14,4,14,4
1765415367.577068,2523,2,14,4,14,4
1765415367.593235,2524,2,14,4,14,4
1765415367.609797,2525,2,14,4,14,4
1765415367.626084,2526,2,14,4,14,4
1765415367.641913,2526,2,14,4,14,4
1765415367.658639,2527,2,14,4,14,4
1765415367.675856,2528,2,14,4,14,4
1765415367.692200,2529,2,14,4,14,4
1765415367.708471,2529,2,14,4,14,4
1765415367.725556,2530,2,14,4,14,4
1765415367.742744,2531,2,14,4,14,4
1765415367.759320,2532,2,14,4,14,4
1765415367.775699,2533,2,14,4,14,4
1765415367.792012,2533,2,14,4,14,4
1765415367.807759,2534,2,14,3,14,3
1765415367.823977,2535,2,14,3,14,3
1765415367.840896,2536,2,14,3,14,3
1765415367.857684,2536,2,14,3,14,3
1765415367.874376,2537,2,14,3,14,3
1765415367.890870,2538,2,14,3,14,3
1765415367.907480,2539,2,14,3,14,3
1765415367.923737,2539,2,14,3,14,3
1765415367.939470,2540,2,14,3,14,3
1765415367.956311,2541,2,14,3,14,3
1765415367.972956,2542,2,14,3,14,3
1765415367.989222,2543,2,14,3,14,3
1765415368.005712,2543,2,14,3,14,3
1765415368.021859,2544,2,14,3,14,3
1765415368.038187,2545,2,14,3,14,3
1765415368.054840,2546,2,14,3,14,3
1765415368.086545,2546,2,14,3,14,3
1765415368.105611,2547,2,14,3,14,3
1765415368.122168,2548,2,14,3,14,3
1765415368.137591,2549,2,14,3,14,3
1765415368.154326,2550,2,14,3,14,3
1765415368.171387,2550,2,14,3,14,3
1765415368.188168,2551,2,14,3,14,3
1765415368.203982,2552,2,14,3,14,3
1765415368.221246,2553,2,14,3,14,3
1765415368.236988,2553,2,14,3,14,3
1765415368.253179,2554,2,14,3,14,3
1765415368.269473,2555,2,14,3,14,3
1765415368.287381,2556,2,14,3,14,3
1765415368.304672,2557,2,14,3,14,3
1765415368.321376,2557,2,14,3,14,3
1765415368.338169,2558,2,14,3,14,3
1765415368.354535,2559,2,14,3,14,3
1765415368.371197,2560,2,14,3,14,3
1765415368.387879,2561,2,14,3,14,3
1765415368.404470,2561,2,14,3,14,3
1765415368.420898,2562,2,14,3,14,3
1765415368.436525,2563,2,14,3,14,3
1765415368.453558,2564,2,14,3,14,3
1765415368.469910,2564,2,14,3,14,3
1765415368.487195,2565,2,14,3,14,3
1765415368.504183,2566,2,14,3,14,3
1765415368.520923,2567,2,14,3,14,3
1765415368.537271,2568,2,14,3,14,3
1765415368.552441,2568,2,14,3,14,3
1765415368.569186,2569,2,14,3,14,3
1765415368.585750,2570,2,14,3,14,3
1765415368.601542,2571,2,14,3,14,3
1765415368.618781,2571,2,14,3,14,3
1765415368.636582,2572,2,14,3,14,3
1765415368.654067,2573,2,14,3,14,3
1765415368.670120,2574,2,14,3,14,3
1765415368.685801,2574,2,14,3,14,3
1765415368.702167,2575,2,14,3,14,3
1765415368.718779,2576,2,14,3,14,3
1765415368.735882,2577,2,14,3,14,3
1765415368.752582,2578,2,14,3,14,3
1765415368.769361,2578,2,14,3,14,3
1765415368.786450,2579,2,14,3,14,3
1765415368.802716,2580,2,14,3,14,3
1765415368.818999,2581,2,14,3,14,3
1765415368.835858,2581,2,14,3,14,3
1765415368.851902,2582,2,14,3,14,3
1765415368.868233,2583,2,14,3,14,3
1765415368.884452,2584,2,14,3,14,3
1765415368.901050,2584,2,14,3,14,3
1765415368.917989,2585,2,14,3,14,3
1765415368.934848,2586,2,14,3,14,3
1765415368.951515,2587,2,14,3,14,3
1765415368.968636,2588,2,14,3,14,3
1765415368.985743,2588,2,14,3,14,3
1765415369.001984,2589,2,14,3,14,3
1765415369.018691,2590,2,14,3,14,3
1765415369.036638,2591,2,14,3,14,3
1765415369.053134,2592,2,14,3,14,3
1765415369.069520,2592,2,14,3,14,3
1765415369.086392,2593,2,14,3,14,3
1765415369.102468,2594,2,13,3,13,3
1765415369.118993,2595,2,13,3,13,3
1765415369.135519,2595,2,13,3,13,3
1765415369.152100,2596,2,13,3,13,3
1765415369.167638,2597,2,13,3,13,3
1765415369.183973,2598,2,13,3,13,3
1765415369.199853,2598,2,13,3,13,3
1765415369.216127,2599,2,13,3,13,3
1765415369.232238,2600,2,13,3,13,3
1765415369.248899,2601,2,13,3,13,3
1765415369.265614,2601,2,13,3,13,3
1765415369.282833,2602,2,13,3,13,3
1765415369.299320,2603,2,13,3,13,3
1765415369.316103,2604,2,13,3,13,3
1765415369.332031,2605,2,13,3,13,3
1765415369.348351,2605,2,13,3,13,3
1765415369.365975,2606,2,13,3,13,3
1765415369.382819,2607,2,13,3,13,3
1765415369.399649,2608,2,13,3,13,3
1765415369.416360,2609,2,13,3,13,3
1765415369.433610,2609,2,13,3,13,3
1765415369.450414,2610,2,13,2,13,2
1765415369.468357,2611,2,13,2,13,2
1765415369.484791,2612,2,13,2,13,2
1765415369.500645,2612,2,13,2,13,2
1765415369.518451,2613,2,13,2,13,2
1765415369.535821,2614,2,13,2,13,2
1765415369.552189,2615,2,13,2,13,2
1765415369.567747,2616,2,13,2,13,2
1765415369.585221,2616,2,13,2,13,2
1765415369.601086,2617,2,13,2,13,2
1765415369.617663,2618,2,13,2,13,2
1765415369.634793,2619,2,13,2,13,2
1765415369.652040,2620,2,13,2,13,2
1765415369.668965,2620,2,13,2,13,2
1765415369.685875,2621,2,13,2,13,2
1765415369.701510,2622,2,13,2,13,2
1765415369.719000,2623,2,13,2,13,2
1765415369.735399,2623,2,13,2,13,2
1765415369.751745,2624,2,13,2,13,2
1765415369.768325,2625,2,13,2,13,2
1765415369.784571,2626,2,13,2,13,2
1765415369.801328,2627,2,13,2,13,2
1765415369.817647,2627,2,13,2,13,2
1765415369.834597,2628,2,13,2,13,2
1765415369.850570,2629,2,13,2,13,2
1765415369.867411,2630,2,13,2,13,2
1765415369.884408,2630,2,13,2,13,2
1765415369.900836,2631,2,13,2,13,2
1765415369.917212,2632,2,13,2,13,2
1765415369.933987,2633,2,13,2,13,2
1765415369.950119,2633,2,13,2,13,2
1765415369.965889,2634,2,13,2,13,2
1765415369.981735,2635,2,13,2,13,2
1765415369.998124,2636,2,13,2,13,2
1765415370.014418,2636,2,13,2,13,2
1765415370.031472,2637,2,13,2,13,2
1765415370.048505,2638,2,13,2,13,2
1765415370.065483,2639,2,13,2,13,2
1765415370.082188,2640,2,13,2,13,2
1765415370.097429,2640,2,13,2,13,2
1765415370.114523,2641,2,13,2,13,2
1765415370.131447,2642,2,13,2,13,2
1765415370.149048,2643,2,13,2,13,2
1765415370.165891,2644,2,13,2,13,2
1765415370.183133,2644,2,13,2,13,2
1765415370.199370,2645,2,13,2,13,2
1765415370.216600,2646,2,13,2,13,2
1765415370.232891,2647,2,13,2,13,2
1765415370.249325,2647,2,13,2,13,2
1765415370.265854,2648,2,13,2,13,2
1765415370.283161,2649,2,13,2,13,2
1765415370.299147,2650,2,13,2,13,2
1765415370.315983,2651,2,13,2,13,2
1765415370.332544,2651,2,13,2,13,2
1765415370.348703,2652,2,13,2,13,2
1765415370.365761,2653,2,13,2,13,2
1765415370.382804,2654,2,13,2,13,2
1765415370.399340,2654,2,13,2,13,2
1765415370.415905,2655,2,13,2,13,2
1765415370.432561,2656,2,13,2,13,2
1765415370.448891,2657,2,13,2,13,2
1765415370.465645,2658,2,13,2,13,2
1765415370.482539,2658,2,13,2,13,2
1765415370.498832,2659,2,13,2,13,2
1765415370.515968,2660,2,13,2,13,2
1765415370.532211,2661,2,13,2,13,2
1765415370.547642,2661,2,13,2,13,2
1765415370.563946,2662,2,13,2,13,2
1765415370.580149,2663,2,13,2,13,2
1765415370.595572,2664,2,13,2,13,2
1765415370.612063,2664,2,13,2,13,2
1765415370.628874,2665,2,13,2,13,2
1765415370.645751,2666,2,13,2,13,2
1765415370.662781,2667,2,13,2,13,2
1765415370.679188,2668,2,13,2,13,2
1765415370.696450,2668,2,13,2,13,2
1765415370.713364,2669,2,13,2,13,2
1765415370.730076,2670,2,13,2,13,2
1765415370.746510,2671,2,13,2,13,2
1765415370.763518,2672,2,13,2,13,2
1765415370.780267,2672,2,13,2,13,2
1765415370.796982,2673,2,13,2,13,2
1765415370.813831,2674,2,13,2,13,2
1765415370.830364,2675,2,13,2,13,2
1765415370.847202,2675,2,13,2,13,2
1765415370.863582,2676,2,13,2,13,2
1765415370.880351,2677,2,13,2,13,2
1765415370.897561,2678,2,13,2,13,2
1765415370.914794,2679,2,13,2,13,2
1765415370.931100,2679,2,13,2,13,2
1765415370.946964,2680,2,13,2,13,2
1765415370.963638,2681,2,13,2,13,2
1765415370.980605,2682,2,13,2,13,2
1765415370.997323,2682,2,13,2,13,2
1765415371.013830,2683,2,13,2,13,2
1765415371.030306,2684,2,13,2,13,2
1765415371.048072,2685,2,13,2,13,2
1765415371.063748,2686,2,13,1,13,1
1765415371.081161,2686,2,13,1,13,1
1765415371.097683,2687,2,13,1,13,1
1765415371.114146,2688,2,13,1,13,1
1765415371.130352,2689,2,13,1,13,1
1765415371.147470,2689,2,13,1,13,1
1765415371.164534,2690,2,13,1,13,1
1765415371.181665,2691,2,13,1,13,1
1765415371.198330,2692,2,13,1,13,1
1765415371.215651,2693,2,13,1,13,1
1765415371.232538,2693,2,13,1,13,1
1765415371.249781,2694,2,13,1,13,1
1765415371.266966,2695,2,13,1,13,1
1765415371.282955,2696,2,13,1,13,1
1765415371.299553,2697,2,13,1,13,1
1765415371.317042,2697,2,13,1,13,1
1765415371.333429,2698,2,13,1,13,1
1765415371.349747,2699,2,13,1,13,1
1765415371.366843,2700,2,13,1,13,1
1765415371.382337,2700,2,13,1,13,1
1765415371.399362,2701,2,13,1,13,1
1765415371.416996,2702,2,13,1,13,1
1765415371.432664,2703,2,13,1,13,1
1765415371.449829,2703,2,13,1,13,1
1765415371.465635,2704,2,13,1,13,1
1765415371.482711,2705,2,13,1,13,1
1765415371.498604,2706,2,13,1,13,1
1765415371.516288,2707,2,13,1,13,1
1765415371.532629,2707,2,13,1,13,1
1765415371.549207,2708,2,13,1,13,1
1765415371.564913,2709,2,13,1,13,1
1765415371.581782,2710,2,13,1,13,1
1765415371.598221,2710,2,13,1,13,1
1765415371.615528,2711,2,13,1,13,1
1765415371.632392,2712,2,13,1,13,1
1765415371.649484,2713,2,13,1,13,1
1765415371.667339,2714,2,13,1,13,1
1765415371.684399,2714,2,13,1,13,1
1765415371.701477,2715,2,13,1,13,1
1765415371.718011,2716,2,13,1,13,1
1765415371.734134,2717,2,13,1,13,1
1765415371.751138,2718,2,13,1,13,1
1765415371.767809,2718,2,13,1,13,1
1765415371.784148,2719,2,13,1,13,1
1765415371.799952,2720,2,13,1,13,1
1765415371.816106,2721,2,13,1,13,1
1765415371.832886,2721,2,13,1,13,1
1765415371.848644,2722,2,13,1,13,1
1765415371.865740,2723,2,13,1,13,1
1765415371.882210,2724,2,13,1,13,1
1765415371.897758,2724,2,13,1,13,1
1765415371.914290,2725,2,13,1,13,1
1765415371.931342,2726,2,13,1,13,1
1765415371.947956,2727,2,13,1,13,1
1765415371.964270,2728,2,13,1,13,1
1765415371.981980,2728,2,13,1,13,1
1765415371.998848,2729,2,13,1,13,1
1765415372.015153,2730,2,13,1,13,1
1765415372.030674,2731,2,13,1,13,1
1765415372.047419,2731,2,13,1,13,1
1765415372.063982,2732,2,13,1,13,1
1765415372.080817,2733,2,13,1,13,1
1765415372.097574,2734,2,13,1,13,1
1765415372.115320,2735,2,13,1,13,1
1765415372.132719,2735,2,13,1,13,1
1765415372.148775,2736,2,13,1,13,1
1765415372.165762,2737,2,13,1,13,1
1765415372.183425,2738,2,13,1,13,1
1765415372.200232,2738,2,13,1,13,1
1765415372.216877,2739,2,13,1,13,1
1765415372.233928,2740,2,13,1,13,1
1765415372.249909,2741,2,13,1,13,1
1765415372.266288,2742,2,13,1,13,1
1765415372.283388,2742,2,13,1,13,1
1765415372.299858,2743,2,13,1,13,1
1765415372.316000,2744,2,13,1,13,1
1765415372.332854,2745,2,13,1,13,1
1765415372.348634,2745,2,13,1,13,1
1765415372.365643,2746,2,13,1,13,1
1765415372.382782,2747,2,13,1,13,1
1765415372.398929,2748,2,13,1,13,1
1765415372.416212,2749,2,13,1,13,1
1765415372.432825,2749,2,13,1,13,1
1765415372.449865,2750,2,13,1,13,1
1765415372.466726,2751,2,13,1,13,1
1765415372.483465,2752,2,13,1,13,1
1765415372.499684,2752,2,13,1,13,1
1765415372.515927,2753,2,13,1,13,1
1765415372.532356,2754,2,13,1,13,1
1765415372.550309,2755,2,13,1,13,1
1765415372.567990,2755,2,13,1,13,1
1765415372.584338,2756,2,13,1,13,1
1765415372.600942,2757,2,13,1,13,1
1765415372.617725,2758,2,13,1,13,1
1765415372.634439,2759,2,13,1,13,1
1765415372.651852,2759,2,13,1,13,1
1765415372.668491,2760,2,13,1,13,1
1765415372.684640,2761,2,13,1,13,1
1765415372.701060,2762,2,13,1,13,1
1765415372.717403,2762,2,13,1,13,1
1765415372.733955,2763,2,13,1,13,1
1765415372.749931,2764,2,13,1,13,1
1765415372.765699,2765,2,13,1,13,1
1765415372.782795,2766,2,13,1,13,1
1765415372.799553,2766,2,13,1,13,1
1765415372.816304,2767,2,13,1,13,1
1765415372.832480,2768,2,13,1,13,1
1765415372.849512,2769,2,13,1,13,1
1765415372.865713,2769,2,13,1,13,1
1765415372.882870,2770,2,13,1,13,1
1765415372.899443,2771,2,13,1,13,1
1765415372.916372,2772,2,13,1,13,1
1765415372.933785,2773,2,13,1,13,1
1765415372.951033,2773,2,13,1,13,1
1765415372.968143,2774,2,13,1,13,1
1765415372.984631,2775,2,13,1,13,1
1765415373.001391,2776,2,13,1,13,1
1765415373.018048,2776,2,13,1,13,1
1765415373.034543,2777,2,13,1,13,1
1765415373.051086,2778,2,13,1,13,1
1765415373.067248,2779,2,13,1,13,1
1765415373.082790,2780,2,13,1,13,1
1765415373.099388,2780,2,13,1,13,1
1765415373.116534,2781,2,13,1,13,1
1765415373.132823,2782,2,13,1,13,1
1765415373.149350,2783,2,13,1,13,1
1765415373.166377,2783,2,13,1,13,1
1765415373.183222,2784,2,13,1,13,1
1765415373.198794,2785,2,13,1,13,1
1765415373.214773,2786,2,13,1,13,1
1765415373.231806,2787,2,13,1,13,1
1765415373.248119,2787,2,13,1,13,1
1765415373.263884,2788,2,13,1,13,1
1765415373.280342,2789,2,13,1,13,1
1765415373.296600,2790,2,13,1,13,1
1765415373.313370,2790,2,13,1,13,1
1765415373.329943,2791,2,13,1,13,1
1765415373.346963,2792,2,13,1,13,1
1765415373.363225,2793,2,13,1,13,1
1765415373.380524,2793,2,13,1,13,1
1765415373.397031,2794,2,13,1,13,1
1765415373.413377,2795,2,13,1,13,1
1765415373.430266,2796,2,13,1,13,1
1765415373.446243,2797,2,13,1,13,1
1765415373.462687,2797,2,13,1,13,1
1765415373.480576,2798,2,13,1,13,1
1765415373.497624,2799,2,13,1,13,1
1765415373.514605,2800,2,13,1,13,1
1765415373.531182,2800,2,13,1,13,1
1765415373.549153,2801,2,13,1,13,1
1765415373.565673,2802,2,13,1,13,1
1765415373.582848,2803,2,13,1,13,1
1765415373.599963,2804,2,13,1,13,1
1765415373.617231,2804,2,13,1,13,1
1765415373.632901,2805,2,13,1,13,1
1765415373.648944,2806,2,13,1,13,1
1765415373.665108,2807,2,13,1,13,1
1765415373.681724,2807,2,13,1,13,1
1765415373.698704,2808,2,13,1,13,1
1765415373.715943,2809,2,13,1,13,1
1765415373.732519,2810,2,13,1,13,1
1765415373.749238,2811,2,13,1,13,1
1765415373.764992,2811,2,13,1,13,1
1765415373.781862,2812,2,13,1,13,1
1765415373.799328,2813,2,13,1,13,1
1765415373.816448,2814,2,13,1,13,1
1765415373.834156,2815,2,13,1,13,1
1765415373.850392,2815,2,13,1,13,1
1765415373.867584,2816,2,13,1,13,1
1765415373.884264,2817,2,13,1,13,1
1765415373.900828,2818,2,13,1,13,1
1765415373.917584,2818,2,13,1,13,1
1765415373.933778,2819,2,13,1,13,1
1765415373.951005,2820,2,13,1,13,1
1765415373.968150,2821,2,13,1,13,1
1765415373.984021,2821,2,13,1,13,1
1765415374.000111,2822,2,13,1,13,1
1765415374.016654,2823,2,13,1,13,1
1765415374.033799,2824,2,13,1,13,1
1765415374.049600,2824,2,13,1,13,1
1765415374.066159,2825,2,13,1,13,1
1765415374.082616,2826,2,13,1,13,1
1765415374.099585,2827,2,13,1,13,1
1765415374.116692,2828,2,13,1,13,1
1765415374.133059,2828,2,13,1,13,1
1765415374.149058,2829,2,13,1,13,1
1765415374.164998,2830,2,13,1,13,1
1765415374.180852,2831,2,13,1,13,1
1765415374.198737,2831,2,13,1,13,1
1765415374.214974,2832,2,13,1,13,1
1765415374.231072,2833,2,13,1,13,1
1765415374.247124,2834,2,13,1,13,1
1765415374.263821,2835,2,13,1,13,1
1765415374.280870,2835,2,13,1,13,1
1765415374.298327,2836,2,13,1,13,1
1765415374.315988,2837,2,13,1,13,1
1765415374.332659,2838,2,13,1,13,1
1765415374.349280,2839,2,13,1,13,1
1765415374.365949,2839,2,13,1,13,1
1765415374.382586,2840,2,13,1,13,1
1765415374.398964,2841,2,13,1,13,1
1765415374.415658,2842,2,13,1,13,1
1765415374.432086,2842,2,13,1,13,1
1765415374.447882,2843,2,13,1,13,1
1765415374.464829,2844,2,13,1,13,1
1765415374.481150,2845,2,13,1,13,1
1765415374.497793,2846,2,13,1,13,1
1765415374.515392,2846,2,13,1,13,1
1765415374.532164,2847,2,13,1,13,1
1765415374.548412,2848,2,13,1,13,1
1765415374.565625,2849,2,13,1,13,1
1765415374.582990,2850,2,13,1,13,1
1765415374.599350,2850,2,13,1,13,1
1765415374.616630,2851,2,13,1,13,1
1765415374.633722,2852,2,13,1,13,1
1765415374.650019,2853,2,13,1,13,1
1765415374.666635,2853,2,13,1,13,1
1765415374.683378,2854,2,13,1,13,1
1765415374.700106,2855,2,13,1,13,1
1765415374.715800,2856,2,13,1,13,1
1765415374.732495,2856,2,13,1,13,1
1765415374.748518,2857,2,13,1,13,1
1765415374.765395,2858,2,13,1,13,1
1765415374.781732,2859,2,13,1,13,1
1765415374.798902,2860,2,13,1,13,1
1765415374.816412,2860,2,13,1,13,1
1765415374.833923,2861,2,13,1,13,1
1765415374.850089,2862,2,13,1,13,1
1765415374.866660,2863,2,13,1,13,1
1765415374.883460,2864,2,13,1,13,1
1765415374.900419,2864,2,13,1,13,1
1765415374.918088,2865,2,13,1,13,1
1765415374.934521,2866,2,13,1,13,1
1765415374.951236,2867,2,13,1,13,1
1765415374.967549,2868,2,13,1,13,1
1765415374.984009,2868,2,13,1,13,1
1765415374.999859,2869,2,13,1,13,1
1765415375.016087,2870,2,13,1,13,1
1765415375.031959,2871,2,13,1,13,1
1765415375.048283,2871,2,13,1,13,1
1765415375.064875,2872,2,13,1,13,1
1765415375.081482,2873,2,13,1,13,1
1765415375.098126,2874,2,13,1,13,1
1765415375.113517,2874,2,13,1,13,1
1765415375.130654,2875,2,13,1,13,1
1765415375.146657,2876,2,13,1,13,1
1765415375.163080,2877,2,13,1,13,1
1765415375.179900,2878,2,13,1,13,1
1765415375.196278,2878,2,13,1,13,1
1765415375.212789,2879,2,13,1,13,1
1765415375.229687,2880,2,13,1,13,1
1765415375.245898,2881,2,13,1,13,1
1765415375.262527,2881,2,13,1,13,1
1765415375.279654,2882,2,13,1,13,1
1765415375.296349,2883,2,13,1,13,1
1765415375.313946,2884,2,13,1,13,1
1765415375.329931,2884,2,13,1,13,1
1765415375.346605,2885,2,13,1,13,1
1765415375.362938,2886,2,13,1,13,1
1765415375.388495,2887,2,13,1,13,1
1765415375.398063,2888,2,13,1,13,1
1765415375.414428,2888,2,13,1,13,1
1765415375.431044,2889,2,13,1,13,1
1765415375.447601,2890,2,13,1,13,1
1765415375.464259,2891,2,13,1,13,1
1765415375.480604,2892,2,13,1,13,1
