timestamp,client_id,snapshot_id,seq_num,server_timestamp_ms,recv_time_ms,latency_ms,jitter_ms,perceived_position_error,cpu_percent,bandwidth_per_client_kbps
1765415318.267140,4,248,1,1765415318072,1765415318267,195,0.00,0.0000,0.0,0.00
1765415318.267140,4,249,2,1765415318093,1765415318267,174,0.00,0.0000,0.0,0.00
1765415318.267140,4,250,3,1765415318114,1765415318267,153,0.00,0.0000,0.0,0.00
1765415318.268681,4,251,4,1765415318136,1765415318267,131,0.00,0.0000,0.0,0.00
1765415318.268681,4,252,5,1765415318157,1765415318268,111,0.38,0.0000,0.0,0.00
1765415318.268681,4,253,6,1765415318193,1765415318268,75,0.32,0.0000,0.0,0.00
1765415318.268681,4,254,7,1765415318215,1765415318268,53,0.28,0.0000,0.0,0.00
1765415318.268681,4,255,8,1765415318236,1765415318268,32,0.24,0.0000,0.0,0.00
1765415318.268681,4,256,9,1765415318258,1765415318268,10,0.22,0.0000,0.0,0.00
1765415318.353345,4,257,10,1765415318279,1765415318352,73,16.57,0.0000,0.0,0.00
1765415318.353345,4,258,11,1765415318300,1765415318353,53,15.08,0.0000,0.0,0.00
1765415318.353345,4,259,12,1765415318321,1765415318353,32,13.85,0.0000,0.0,0.00
1765415318.353345,4,260,13,1765415318342,1765415318353,11,12.81,0.0000,0.0,0.00
1765415318.369984,4,261,15,1765415318364,1765415318369,5,12.97,0.0000,0.0,0.00
1765415318.386337,4,262,16,1765415318386,1765415318386,0,13.07,0.0000,0.0,0.00
1765415318.407944,4,263,17,1765415318407,1765415318407,0,13.42,0.0000,0.0,0.00
1765415318.431786,4,264,18,1765415318429,1765415318431,2,13.84,0.0000,0.0,0.00
1765415318.450833,4,265,19,1765415318450,1765415318450,0,13.70,0.0000,0.0,0.00
1765415318.560610,4,266,20,1765415318516,1765415318535,19,17.98,0.0000,0.0,0.00
1765415318.560610,4,267,21,1765415318537,1765415318560,23,17.65,0.0000,0.0,0.00
1765415318.561610,4,268,22,1765415318559,1765415318561,2,17.34,0.0000,0.0,0.00
1765415318.588264,4,269,24,1765415318582,1765415318588,6,17.18,0.0000,0.0,0.00
1765415318.606057,4,270,25,1765415318606,1765415318606,0,16.54,0.0000,0.0,0.00
1765415318.627358,4,271,26,1765415318627,1765415318627,0,16.07,0.0000,0.0,0.00
1765415318.649325,4,272,27,1765415318648,1765415318649,1,15.67,0.0000,0.0,0.00
1765415318.669886,4,273,28,1765415318669,1765415318669,0,15.20,0.0000,0.0,0.00
1765415318.691352,4,274,29,1765415318691,1765415318691,0,14.85,0.0000,0.0,0.00
1765415318.716387,4,275,30,1765415318712,1765415318715,3,14.57,0.0000,0.0,0.00
1765415318.734526,4,276,31,1765415318734,1765415318734,0,14.13,0.0000,0.0,0.00
1765415318.755293,4,277,32,1765415318755,1765415318755,0,13.78,0.0000,0.0,0.00
1765415318.780801,4,278,33,1765415318777,1765415318780,3,13.56,0.0000,0.0,0.00
1765415318.798058,4,279,34,1765415318798,1765415318798,0,13.15,0.0000,0.0,0.00
1765415318.820665,4,280,35,1765415318819,1765415318819,0,12.84,0.0000,0.0,0.00
1765415318.848046,4,281,37,1765415318842,1765415318847,5,12.73,0.0000,0.0,0.00
1765415318.866152,4,282,38,1765415318866,1765415318866,0,12.39,0.0000,0.0,0.00
1765415318.887388,4,283,39,1765415318887,1765415318887,0,12.11,0.0000,0.0,0.00
1765415318.908350,4,284,40,1765415318908,1765415318908,0,11.85,0.0000,0.0,0.00
1765415318.930847,4,285,41,1765415318929,1765415318929,0,11.59,0.0000,0.0,0.00
1765415318.950981,4,286,42,1765415318950,1765415318950,0,11.35,0.0000,0.0,0.00
1765415318.972766,4,287,43,1765415318972,1765415318972,0,11.14,0.0000,0.0,0.00
1765415318.996285,4,288,44,1765415318994,1765415318996,2,10.98,0.0000,0.0,0.00
1765415319.016415,4,289,45,1765415319016,1765415319016,0,10.75,0.0000,0.0,0.00
1765415319.038586,4,290,46,1765415319038,1765415319038,0,10.56,0.0000,0.0,0.00
1765415319.062949,4,291,47,1765415319056,1765415319062,6,10.41,0.0000,0.0,0.00
1765415319.078068,4,292,48,1765415319078,1765415319078,0,10.24,0.0000,0.0,0.00
1765415319.099604,4,293,49,1765415319099,1765415319099,0,10.06,0.0000,0.0,0.00
1765415319.125784,4,294,50,1765415319121,1765415319125,4,9.96,0.0000,0.0,0.00
1765415319.142882,4,295,51,1765415319142,1765415319142,0,9.79,0.0000,0.0,0.00
1765415319.164262,4,296,52,1765415319164,1765415319164,0,9.64,0.0000,0.0,0.00
1765415319.193772,4,297,53,1765415319187,1765415319193,6,9.60,0.0000,0.0,0.00
1765415319.208432,4,298,54,1765415319208,1765415319208,0,9.50,0.0000,0.0,0.00
1765415319.229758,4,299,55,1765415319229,1765415319229,0,9.35,0.0000,0.0,0.00
1765415319.255725,4,300,56,1765415319251,1765415319255,4,9.27,0.0000,0.0,0.00
1765415319.273449,4,301,57,1765415319273,1765415319273,0,9.12,0.0000,0.0,0.00
1765415319.295175,4,302,58,1765415319295,1765415319295,0,8.99,0.0000,0.0,0.00
1765415319.316065,4,303,59,1765415319316,1765415319316,0,8.86,0.0000,0.0,0.00
1765415319.339581,4,304,60,1765415319337,1765415319339,2,8.76,0.0000,0.0,0.00
1765415319.358473,4,305,61,1765415319358,1765415319358,0,8.61,0.0000,0.0,0.00
1765415319.380203,4,306,62,1765415319380,1765415319380,0,8.50,0.0000,0.0,0.00
1765415319.401314,4,307,63,1765415319401,1765415319401,0,8.38,0.0000,0.0,0.00
1765415319.424432,4,308,64,1765415319423,1765415319424,1,8.29,0.0000,0.0,0.00
1765415319.444722,4,309,65,1765415319444,1765415319444,0,7.91,0.0000,0.0,0.00
1765415319.465400,4,310,66,1765415319465,1765415319465,0,7.51,0.0000,0.0,0.00
1765415319.489518,4,311,67,1765415319486,1765415319489,3,7.16,0.0000,0.0,0.00
1765415319.507874,4,312,68,1765415319507,1765415319507,0,6.82,0.0000,0.0,0.00
1765415319.529438,4,313,69,1765415319529,1765415319529,0,6.42,0.0000,0.0,0.00
1765415319.550739,4,314,70,1765415319550,1765415319550,0,6.14,0.0000,0.0,0.00
1765415319.571622,4,315,71,1765415319571,1765415319571,0,5.86,0.0000,0.0,0.00
1765415319.592669,4,316,72,1765415319592,1765415319592,0,5.60,0.0000,0.0,0.00
1765415319.614158,4,317,73,1765415319614,1765415319614,0,4.34,0.0000,0.0,0.00
1765415319.638530,4,318,75,1765415319635,1765415319638,3,4.12,0.0000,0.0,0.00
1765415319.657349,4,319,76,1765415319657,1765415319657,0,3.86,0.0000,0.0,0.00
1765415319.678861,4,320,77,1765415319678,1765415319678,0,3.59,0.0000,0.0,0.00
1765415319.700035,4,321,78,1765415319700,1765415319700,0,3.54,0.0000,0.0,0.00
1765415319.721228,4,322,79,1765415319721,1765415319721,0,3.50,0.0000,0.0,0.00
1765415319.752234,4,323,80,1765415319750,1765415319752,2,3.70,0.0000,0.0,0.00
1765415319.761913,4,324,81,1765415319761,1765415319761,0,3.78,0.0000,0.0,0.00
1765415319.787737,4,325,82,1765415319783,1765415319786,3,3.82,0.0000,0.0,0.00
1765415319.804796,4,326,83,1765415319804,1765415319804,0,2.60,0.0000,0.0,0.00
1765415319.826876,4,327,84,1765415319826,1765415319826,0,2.55,0.0000,0.0,0.00
1765415319.848038,4,328,85,1765415319848,1765415319848,0,2.26,0.0000,0.0,0.00
1765415319.870677,4,329,86,1765415319869,1765415319870,1,2.17,0.0000,0.0,0.00
1765415319.891489,4,330,87,1765415319891,1765415319891,0,2.12,0.0000,0.0,0.00
1765415319.912173,4,331,88,1765415319912,1765415319912,0,2.12,0.0000,0.0,0.00
1765415319.937545,4,332,89,1765415319934,1765415319937,3,2.18,0.0000,0.0,0.00
1765415319.955005,4,333,90,1765415319955,1765415319955,0,2.21,0.0000,0.0,0.00
1765415319.976016,4,334,91,1765415319976,1765415319976,0,2.21,0.0000,0.0,0.00
1765415319.997749,4,335,92,1765415319997,1765415319997,0,2.16,0.0000,0.0,0.00
1765415320.021390,4,336,93,1765415320018,1765415320021,3,2.18,0.0000,0.0,0.00
1765415320.039426,4,337,94,1765415320039,1765415320039,0,2.22,0.0000,0.0,0.00
1765415320.060756,4,338,95,1765415320060,1765415320060,0,2.16,0.0000,0.0,0.00
1765415320.082676,4,339,96,1765415320082,1765415320082,0,2.12,0.0000,0.0,0.00
1765415320.105518,4,340,97,1765415320103,1765415320103,0,2.12,0.0000,0.0,0.00
1765415320.125669,4,341,98,1765415320125,1765415320125,0,2.01,0.0000,0.0,0.00
1765415320.146993,4,342,99,1765415320146,1765415320146,0,1.98,0.0000,0.0,0.00
1765415320.171154,4,343,100,1765415320168,1765415320171,3,2.04,0.0000,0.0,0.00
1765415320.190169,4,344,101,1765415320190,1765415320190,0,2.07,0.0000,0.0,0.00
1765415320.211025,4,345,102,1765415320211,1765415320211,0,2.07,0.0000,0.0,0.00
1765415320.232577,4,346,103,1765415320232,1765415320232,0,2.07,0.0000,0.0,0.00
1765415320.254855,4,347,104,1765415320253,1765415320254,1,2.07,0.0000,0.0,0.00
1765415320.275260,4,348,105,1765415320275,1765415320275,0,2.03,0.0000,0.0,0.00
1765415320.296087,4,349,106,1765415320296,1765415320296,0,2.01,0.0000,0.0,0.00
1765415320.317034,4,350,107,1765415320317,1765415320317,0,2.00,0.0000,0.0,0.00
1765415320.338571,4,351,108,1765415320338,1765415320338,0,1.95,0.0000,0.0,0.00
1765415320.359598,4,352,109,1765415320359,1765415320359,0,1.89,0.0000,0.0,0.00
1765415320.381250,4,353,111,1765415320381,1765415320381,0,1.89,0.0000,0.0,0.00
1765415320.407783,4,354,112,1765415320402,1765415320407,5,1.89,0.0000,0.0,0.00
1765415320.428561,4,355,113,1765415320427,1765415320428,1,1.84,0.0000,0.0,0.00
1765415320.452864,4,356,114,1765415320452,1765415320452,0,1.88,0.0000,0.0,0.00
1765415320.475150,4,357,115,1765415320473,1765415320475,2,1.76,0.0000,0.0,0.00
1765415320.495677,4,358,116,1765415320495,1765415320495,0,1.69,0.0000,0.0,0.00
1765415320.516561,4,359,117,1765415320516,1765415320516,0,1.69,0.0000,0.0,0.00
1765415320.543366,4,360,118,1765415320537,1765415320543,6,1.71,0.0000,0.0,0.00
1765415320.559132,4,361,119,1765415320559,1765415320559,0,1.74,0.0000,0.0,0.00
1765415320.580211,4,362,120,1765415320580,1765415320580,0,1.73,0.0000,0.0,0.00
1765415320.602604,4,363,121,1765415320602,1765415320602,0,1.74,0.0000,0.0,0.00
1765415320.627289,4,364,122,1765415320623,1765415320626,3,1.76,0.0000,0.0,0.00
1765415320.651071,4,365,123,1765415320648,1765415320651,3,1.79,0.0000,0.0,0.00
1765415320.669543,4,366,124,1765415320669,1765415320669,0,1.83,0.0000,0.0,0.00
1765415320.694430,4,367,125,1765415320694,1765415320694,0,1.89,0.0000,0.0,0.00
1765415320.715883,4,368,126,1765415320715,1765415320715,0,1.87,0.0000,0.0,0.00
1765415320.737142,4,369,127,1765415320737,1765415320737,0,1.86,0.0000,0.0,0.00
1765415320.758689,4,370,128,1765415320758,1765415320758,0,1.86,0.0000,0.0,0.00
1765415320.780942,4,371,129,1765415320780,1765415320780,0,1.82,0.0000,0.0,0.00
1765415320.801420,4,372,130,1765415320801,1765415320801,0,1.78,0.0000,0.0,0.00
1765415320.823277,4,373,131,1765415320822,1765415320823,1,1.78,0.0000,0.0,0.00
1765415320.843673,4,374,132,1765415320843,1765415320843,0,1.79,0.0000,0.0,0.00
1765415320.864514,4,375,133,1765415320864,1765415320864,0,1.79,0.0000,0.0,0.00
1765415320.889527,4,376,134,1765415320886,1765415320889,3,1.84,0.0000,0.0,0.00
1765415320.906977,4,377,136,1765415320906,1765415320906,0,1.90,0.0000,0.0,0.00
1765415320.928188,4,378,137,1765415320928,1765415320928,0,1.87,0.0000,0.0,0.00
1765415320.949301,4,379,138,1765415320949,1765415320949,0,1.84,0.0000,0.0,0.00
1765415320.972857,4,380,139,1765415320970,1765415320972,2,1.86,0.0000,0.0,0.00
1765415320.993175,4,381,140,1765415320992,1765415320992,0,1.87,0.0000,0.0,0.00
1765415321.014137,4,382,141,1765415321014,1765415321014,0,1.87,0.0000,0.0,0.00
1765415321.036442,4,383,142,1765415321035,1765415321035,0,1.70,0.0000,0.0,0.00
1765415321.061825,4,384,143,1765415321057,1765415321061,4,1.60,0.0000,0.0,0.00
1765415321.078998,4,385,144,1765415321078,1765415321078,0,1.60,0.0000,0.0,0.00
1765415321.115414,4,386,145,1765415321115,1765415321115,0,1.84,0.0000,0.0,0.00
1765415321.125892,4,387,146,1765415321125,1765415321125,0,2.00,0.0000,0.0,0.00
1765415321.147683,4,388,147,1765415321147,1765415321147,0,2.00,0.0000,0.0,0.00
1765415321.169842,4,389,148,1765415321169,1765415321169,0,2.00,0.0000,0.0,0.00
1765415321.191712,4,390,149,1765415321191,1765415321191,0,2.00,0.0000,0.0,0.00
1765415321.213160,4,391,150,1765415321213,1765415321213,0,2.00,0.0000,0.0,0.00
1765415321.234649,4,392,151,1765415321234,1765415321234,0,1.95,0.0000,0.0,0.00
1765415321.258494,4,393,152,1765415321255,1765415321258,3,1.93,0.0000,0.0,0.00
1765415321.278304,4,394,153,1765415321277,1765415321277,0,1.96,0.0000,0.0,0.00
1765415321.298407,4,395,154,1765415321298,1765415321298,0,1.96,0.0000,0.0,0.00
1765415321.325392,4,396,155,1765415321320,1765415321324,4,2.00,0.0000,0.0,0.00
1765415321.341451,4,397,156,1765415321341,1765415321341,0,2.01,0.0000,0.0,0.00
1765415321.362779,4,398,157,1765415321362,1765415321362,0,2.01,0.0000,0.0,0.00
1765415321.383955,4,399,158,1765415321383,1765415321383,0,2.02,0.0000,0.0,0.00
1765415321.408785,4,400,159,1765415321404,1765415321407,3,2.05,0.0000,0.0,0.00
1765415321.426271,4,401,160,1765415321426,1765415321426,0,2.08,0.0000,0.0,0.00
1765415321.447778,4,402,161,1765415321447,1765415321447,0,2.08,0.0000,0.0,0.00
1765415321.473063,4,403,162,1765415321468,1765415321473,5,2.10,0.0000,0.0,0.00
1765415321.489978,4,404,163,1765415321489,1765415321489,0,2.15,0.0000,0.0,0.00
1765415321.511851,4,405,164,1765415321511,1765415321511,0,2.14,0.0000,0.0,0.00
1765415321.533166,4,406,165,1765415321533,1765415321533,0,2.14,0.0000,0.0,0.00
1765415321.562432,4,407,166,1765415321555,1765415321562,7,2.26,0.0000,0.0,0.00
1765415321.577194,4,408,167,1765415321577,1765415321577,0,2.36,0.0000,0.0,0.00
1765415321.598376,4,409,168,1765415321598,1765415321598,0,2.36,0.0000,0.0,0.00
1765415321.619900,4,410,169,1765415321619,1765415321619,0,2.36,0.0000,0.0,0.00
1765415321.641034,4,411,170,1765415321641,1765415321641,0,2.35,0.0000,0.0,0.00
1765415321.662203,4,412,171,1765415321662,1765415321662,0,2.35,0.0000,0.0,0.00
1765415321.684153,4,413,172,1765415321684,1765415321684,0,2.35,0.0000,0.0,0.00
1765415321.707766,4,414,173,1765415321705,1765415321707,2,2.30,0.0000,0.0,0.00
1765415321.727385,4,415,174,1765415321727,1765415321727,0,2.32,0.0000,0.0,0.00
1765415321.748332,4,416,175,1765415321748,1765415321748,0,2.29,0.0000,0.0,0.00
1765415321.772175,4,417,176,1765415321769,1765415321772,3,2.30,0.0000,0.0,0.00
1765415321.790846,4,418,177,1765415321790,1765415321790,0,2.34,0.0000,0.0,0.00
1765415321.812365,4,419,178,1765415321812,1765415321812,0,2.33,0.0000,0.0,0.00
1765415321.834867,4,420,180,1765415321834,1765415321834,0,2.25,0.0000,0.0,0.00
1765415321.862270,4,421,182,1765415321861,1765415321861,0,2.24,0.0000,0.0,0.00
1765415321.883408,4,422,183,1765415321883,1765415321883,0,2.24,0.0000,0.0,0.00
1765415321.904716,4,423,184,1765415321904,1765415321904,0,2.24,0.0000,0.0,0.00
1765415321.926384,4,424,185,1765415321926,1765415321926,0,2.21,0.0000,0.0,0.00
1765415321.947719,4,425,186,1765415321947,1765415321947,0,2.17,0.0000,0.0,0.00
1765415321.968772,4,426,187,1765415321968,1765415321968,0,2.12,0.0000,0.0,0.00
1765415321.993724,4,427,188,1765415321990,1765415321993,3,2.12,0.0000,0.0,0.00
1765415322.011594,4,428,189,1765415322011,1765415322011,0,2.17,0.0000,0.0,0.00
1765415322.033119,4,429,191,1765415322033,1765415322033,0,2.17,0.0000,0.0,0.00
1765415322.057212,4,430,192,1765415322054,1765415322057,3,2.19,0.0000,0.0,0.00
1765415322.075197,4,431,193,1765415322075,1765415322075,0,2.25,0.0000,0.0,0.00
1765415322.096380,4,432,194,1765415322096,1765415322096,0,2.25,0.0000,0.0,0.00
1765415322.117936,4,433,195,1765415322117,1765415322117,0,2.25,0.0000,0.0,0.00
1765415322.140622,4,434,196,1765415322139,1765415322140,1,2.25,0.0000,0.0,0.00
1765415322.162021,4,435,198,1765415322162,1765415322162,0,2.25,0.0000,0.0,0.00
1765415322.183048,4,436,200,1765415322183,1765415322183,0,2.20,0.0000,0.0,0.00
1765415322.206056,4,437,201,1765415322205,1765415322206,1,2.14,0.5920,0.0,0.00
1765415322.227155,4,438,202,1765415322227,1765415322227,0,2.15,0.3880,0.0,0.00
1765415322.248391,4,439,203,1765415322248,1765415322248,0,2.15,0.1960,0.0,0.00
1765415322.272579,4,440,204,1765415322269,1765415322271,2,2.15,0.0000,0.0,0.00
1765415322.291038,4,441,205,1765415322291,1765415322291,0,2.15,0.0000,0.0,0.00
1765415322.312528,4,442,206,1765415322312,1765415322312,0,2.15,0.0000,0.0,0.00
1765415322.338132,4,443,207,1765415322335,1765415322338,3,2.22,0.6040,0.0,0.00
1765415322.356089,4,444,208,1765415322356,1765415322356,0,2.20,0.4000,0.0,0.00
1765415322.377022,4,445,210,1765415322377,1765415322377,0,2.14,0.1960,0.0,0.00
1765415322.398907,4,446,211,1765415322398,1765415322398,0,1.88,0.0000,0.0,0.00
1765415322.423072,4,447,212,1765415322420,1765415322423,3,1.75,0.0000,0.0,0.00
1765415322.441891,4,448,213,1765415322441,1765415322441,0,1.80,0.0000,0.0,0.00
1765415322.462513,4,449,215,1765415322462,1765415322462,0,1.81,0.7960,0.0,0.00
1765415322.484328,4,450,217,1765415322484,1765415322484,0,1.81,0.5920,0.0,0.00
1765415322.506031,4,451,218,1765415322505,1765415322506,1,1.81,0.1840,0.0,0.00
1765415322.527182,4,452,219,1765415322527,1765415322527,0,1.81,0.0000,0.0,0.00
1765415322.548607,4,453,220,1765415322548,1765415322548,0,1.77,0.0000,0.0,0.00
1765415322.569911,4,454,221,1765415322569,1765415322569,0,1.74,0.0000,0.0,0.00
1765415322.592396,4,455,223,1765415322591,1765415322591,0,1.74,0.6040,0.0,0.00
1765415322.613000,4,456,224,1765415322613,1765415322613,0,1.67,0.4000,0.0,0.00
1765415322.634808,4,457,225,1765415322634,1765415322634,0,1.61,0.1960,0.0,0.00
1765415322.657034,4,458,226,1765415322655,1765415322657,2,1.62,0.0000,0.0,0.00
1765415322.677402,4,459,227,1765415322677,1765415322677,0,1.64,0.0000,0.0,0.00
1765415322.698145,4,460,228,1765415322698,1765415322698,0,1.60,0.0000,0.0,0.00
1765415322.719393,4,461,229,1765415322719,1765415322719,0,1.57,0.0000,0.0,0.00
1765415322.742515,4,462,230,1765415322741,1765415322742,1,1.59,0.7960,0.0,0.00
1765415322.763260,4,463,231,1765415322763,1765415322763,0,1.52,0.6040,0.0,0.00
1765415322.784988,4,464,232,1765415322784,1765415322784,0,1.44,0.4120,0.0,0.00
1765415322.806278,4,465,234,1765415322806,1765415322806,0,1.44,0.0160,0.0,0.00
1765415322.827743,4,466,235,1765415322827,1765415322827,0,1.44,0.0000,0.0,0.00
1765415322.849110,4,467,236,1765415322848,1765415322849,1,1.31,0.0000,0.0,0.00
1765415322.870843,4,468,237,1765415322869,1765415322870,1,1.22,0.0000,0.0,0.00
1765415322.892443,4,469,238,1765415322892,1765415322892,0,1.22,0.6040,0.0,0.00
1765415322.914069,4,470,239,1765415322913,1765415322914,1,1.22,0.4000,0.0,0.00
1765415322.935199,4,471,241,1765415322935,1765415322935,0,1.22,0.1960,0.0,0.00
1765415322.958755,4,472,242,1765415322956,1765415322958,2,1.24,0.0000,0.0,0.00
1765415322.978393,4,473,243,1765415322977,1765415322978,1,1.26,0.0000,0.0,0.00
1765415322.998855,4,474,244,1765415322998,1765415322998,0,1.25,0.0000,0.0,0.00
1765415323.023184,4,475,245,1765415323020,1765415323020,0,1.24,0.0000,0.0,0.00
1765415323.041556,4,476,246,1765415323041,1765415323041,0,1.24,0.0000,0.0,0.00
1765415323.063674,4,477,247,1765415323063,1765415323063,0,1.20,0.0000,0.0,0.00
1765415323.085668,4,478,249,1765415323085,1765415323085,0,1.16,0.0000,0.0,0.00
1765415323.110083,4,479,250,1765415323106,1765415323108,2,1.17,0.0000,0.0,0.00
1765415323.128281,4,480,251,1765415323128,1765415323128,0,1.19,1.0000,0.0,0.00
1765415323.149077,4,481,252,1765415323149,1765415323149,0,1.10,1.7960,0.0,0.00
1765415323.170286,4,482,253,1765415323170,1765415323170,0,1.09,1.6040,0.0,0.00
1765415323.192424,4,483,255,1765415323191,1765415323192,1,1.10,1.2080,0.0,0.00
1765415323.213559,4,484,256,1765415323213,1765415323213,0,1.09,1.0040,0.0,0.00
1765415323.234110,4,485,257,1765415323234,1765415323234,0,1.09,0.8000,0.0,0.00
1765415323.255265,4,486,258,1765415323255,1765415323255,0,1.09,0.5960,0.0,0.00
1765415323.277320,4,487,259,1765415323277,1765415323277,0,1.03,0.1880,0.0,0.00
1765415323.298958,4,488,260,1765415323298,1765415323298,0,0.99,0.0000,0.0,0.00
1765415323.320762,4,489,261,1765415323319,1765415323319,0,0.99,0.0000,0.0,0.00
1765415323.343271,4,490,262,1765415323341,1765415323343,2,0.99,0.0000,0.0,0.00
1765415323.362602,4,491,264,1765415323362,1765415323362,0,0.97,0.0000,0.0,0.00
1765415323.384214,4,492,265,1765415323384,1765415323384,0,0.98,0.0000,0.0,0.00
1765415323.405379,4,493,266,1765415323405,1765415323405,0,0.98,0.0000,0.0,0.00
1765415323.427589,4,494,267,1765415323426,1765415323427,1,0.96,0.0000,0.0,0.00
1765415323.448251,4,495,268,1765415323448,1765415323448,0,0.95,0.0000,0.0,0.00
1765415323.469499,4,496,269,1765415323469,1765415323469,0,0.95,0.7960,0.0,0.00
1765415323.491066,4,497,270,1765415323491,1765415323491,0,0.93,0.5920,0.0,0.00
1765415323.513613,4,498,272,1765415323512,1765415323512,0,0.93,0.1840,0.0,0.00
1765415323.534476,4,499,274,1765415323534,1765415323534,0,0.94,0.0000,0.0,0.00
1765415323.559857,4,500,275,1765415323555,1765415323556,1,0.92,0.0000,0.0,0.00
1765415323.577951,4,501,276,1765415323576,1765415323577,1,0.91,0.8080,0.0,0.00
1765415323.598670,4,502,277,1765415323598,1765415323598,0,0.91,0.6160,0.0,0.00
1765415323.620047,4,503,278,1765415323620,1765415323620,0,0.83,0.4240,0.0,0.00
1765415323.642193,4,504,279,1765415323642,1765415323642,0,0.79,0.0280,0.0,0.00
1765415323.664313,4,505,280,1765415323664,1765415323664,0,0.79,0.0000,0.0,0.00
1765415323.689867,4,506,281,1765415323685,1765415323685,0,0.79,0.0000,0.0,0.00
1765415323.707012,4,507,283,1765415323707,1765415323707,0,0.74,0.0000,0.0,0.00
1765415323.728669,4,508,284,1765415323728,1765415323728,0,0.69,0.7960,0.0,0.00
1765415323.750010,4,509,285,1765415323750,1765415323750,0,0.70,0.5920,0.0,0.00
1765415323.772449,4,510,286,1765415323771,1765415323771,0,0.69,0.1960,0.0,0.00
1765415323.792682,4,511,287,1765415323792,1765415323792,0,0.69,0.0000,0.0,0.00
1765415323.814630,4,512,288,1765415323814,1765415323814,0,0.69,0.0000,0.0,0.00
1765415323.842010,4,513,289,1765415323842,1765415323842,0,0.80,0.0000,0.0,0.00
1765415323.853386,4,514,291,1765415323853,1765415323853,0,0.96,0.0000,0.0,0.00
1765415323.875938,4,515,293,1765415323874,1765415323874,0,0.95,1.1683,0.0,0.00
1765415323.897343,4,516,294,1765415323897,1765415323897,0,0.97,0.9070,0.0,0.00
1765415323.923468,4,517,295,1765415323919,1765415323923,4,1.05,0.4123,0.0,0.00
1765415323.940792,4,518,296,1765415323940,1765415323940,0,1.09,0.2200,0.0,0.00
1765415323.961805,4,519,297,1765415323961,1765415323961,0,1.07,0.0160,0.0,0.00
1765415323.982796,4,520,298,1765415323982,1765415323982,0,1.07,0.0000,0.0,0.00
1765415324.004246,4,521,299,1765415324004,1765415324004,0,1.08,0.7960,0.0,0.00
1765415324.026626,4,522,300,1765415324026,1765415324026,0,1.06,0.6040,0.0,0.00
1765415324.047475,4,523,301,1765415324047,1765415324047,0,1.06,0.4000,0.0,0.00
1765415324.070336,4,524,303,1765415324068,1765415324070,2,1.08,0.0160,0.0,0.00
1765415324.091003,4,525,304,1765415324091,1765415324091,0,1.08,0.0000,0.0,0.00
1765415324.112747,4,526,305,1765415324112,1765415324112,0,1.08,0.0000,0.0,0.00
1765415324.134044,4,527,306,1765415324133,1765415324134,1,1.08,0.2040,0.0,0.00
1765415324.155431,4,528,307,1765415324155,1765415324155,0,1.08,1.0000,0.0,0.00
1765415324.176704,4,529,308,1765415324176,1765415324176,0,1.07,0.7960,0.0,0.00
1765415324.198831,4,530,310,1765415324197,1765415324197,0,1.07,0.5920,0.0,0.00
1765415324.222126,4,531,311,1765415324219,1765415324222,3,1.13,0.1960,0.0,0.00
1765415324.240761,4,532,312,1765415324240,1765415324240,0,1.15,0.0000,0.0,0.00
1765415324.262060,4,533,313,1765415324262,1765415324262,0,1.14,0.0000,0.0,0.00
1765415324.287560,4,534,314,1765415324283,1765415324287,4,1.18,0.0000,0.0,0.00
1765415324.304459,4,535,315,1765415324304,1765415324304,0,1.24,0.7960,0.0,0.00
1765415324.325838,4,536,316,1765415324325,1765415324325,0,1.24,0.5920,0.0,0.00
1765415324.347274,4,537,318,1765415324347,1765415324347,0,1.24,0.4000,0.0,0.00
1765415324.369923,4,538,319,1765415324368,1765415324369,1,1.24,0.0040,0.0,0.00
1765415324.390595,4,539,321,1765415324390,1765415324390,0,1.22,0.0000,0.0,0.00
1765415324.411889,4,540,322,1765415324411,1765415324411,0,1.20,0.7960,0.0,0.00
1765415324.438197,4,541,323,1765415324433,1765415324436,3,1.26,0.4000,0.0,0.00
1765415324.454692,4,542,324,1765415324454,1765415324454,0,1.31,0.2080,0.0,0.00
1765415324.476844,4,543,325,1765415324476,1765415324476,0,1.31,0.0160,0.0,0.00
1765415324.503122,4,544,327,1765415324498,1765415324503,5,1.40,0.0000,0.0,0.00
1765415324.519268,4,545,328,1765415324519,1765415324519,0,1.48,0.0000,0.0,0.00
1765415324.540753,4,546,329,1765415324540,1765415324540,0,1.48,0.0000,0.0,0.00
1765415324.562015,4,547,330,1765415324562,1765415324562,0,1.48,0.0000,0.0,0.00
1765415324.585772,4,548,331,1765415324583,1765415324585,2,1.50,0.0000,0.0,0.00
1765415324.606244,4,549,332,1765415324605,1765415324605,0,1.51,1.0000,0.0,0.00
1765415324.627643,4,550,333,1765415324626,1765415324626,0,1.48,1.1427,0.0,0.00
1765415324.648351,4,551,334,1765415324648,1765415324648,0,1.45,0.8542,0.0,0.00
1765415324.670021,4,552,336,1765415324670,1765415324670,0,1.45,0.2942,0.0,0.00
1765415324.691386,4,553,337,1765415324691,1765415324691,0,1.45,0.0226,0.0,0.00
1765415324.713211,4,554,338,1765415324713,1765415324713,0,1.45,0.0000,0.0,0.00
1765415324.735516,4,555,339,1765415324734,1765415324735,1,1.45,0.0000,0.0,0.00
1765415324.755630,4,556,340,1765415324755,1765415324755,0,1.47,0.7960,0.0,0.00
1765415324.777832,4,557,341,1765415324777,1765415324777,0,1.47,0.6040,0.0,0.00
1765415324.803157,4,558,343,1765415324799,1765415324802,3,1.52,0.1960,0.0,0.00
1765415324.821110,4,559,344,1765415324821,1765415324821,0,1.55,0.0000,0.0,0.00
1765415324.842772,4,560,345,1765415324842,1765415324842,0,1.55,0.0000,0.0,0.00
1765415324.865380,4,561,347,1765415324864,1765415324865,1,1.57,0.0000,0.0,0.00
1765415324.887742,4,562,348,1765415324886,1765415324887,1,1.57,0.7960,0.0,0.00
1765415324.907804,4,563,349,1765415324907,1765415324907,0,1.58,0.5920,0.0,0.00
1765415324.929693,4,564,350,1765415324929,1765415324929,0,1.58,0.3880,0.0,0.00
1765415324.956267,4,565,351,1765415324951,1765415324955,4,1.65,0.0000,0.0,0.00
1765415324.972307,4,566,353,1765415324972,1765415324972,0,1.72,0.0000,0.0,0.00
1765415324.993497,4,567,354,1765415324993,1765415324993,0,1.71,0.0000,0.0,0.00
1765415325.014979,4,568,355,1765415325014,1765415325014,0,1.71,0.0000,0.0,0.00
1765415325.036207,4,569,356,1765415325036,1765415325036,0,1.71,0.8080,0.0,0.00
1765415325.057664,4,570,357,1765415325057,1765415325057,0,1.71,0.6040,0.0,0.00
1765415325.078758,4,571,358,1765415325078,1765415325078,0,1.71,0.4000,0.0,0.00
1765415325.099942,4,572,359,1765415325099,1765415325099,0,1.71,0.1960,0.0,0.00
1765415325.122373,4,573,361,1765415325120,1765415325122,2,1.62,0.0000,0.0,0.00
1765415325.142279,4,574,362,1765415325142,1765415325142,0,1.48,0.0000,0.0,0.00
1765415325.163833,4,575,363,1765415325163,1765415325163,0,1.48,0.0000,0.0,0.00
1765415325.190070,4,576,364,1765415325185,1765415325188,3,1.52,0.6040,0.0,0.00
1765415325.206207,4,577,365,1765415325206,1765415325206,0,1.49,0.4000,0.0,0.00
1765415325.227452,4,578,366,1765415325227,1765415325227,0,1.43,0.1960,0.0,0.00
1765415325.248967,4,579,367,1765415325248,1765415325248,0,1.43,0.0040,0.0,0.00
1765415325.271617,4,580,368,1765415325270,1765415325271,1,1.45,1.0000,0.0,0.00
1765415325.292222,4,581,370,1765415325292,1765415325292,0,1.45,0.8080,0.0,0.00
1765415325.313692,4,582,371,1765415325313,1765415325313,0,1.44,0.6040,0.0,0.00
1765415325.337763,4,583,372,1765415325335,1765415325336,1,1.47,1.2200,0.0,0.00
1765415325.356581,4,584,373,1765415325356,1765415325356,0,1.46,1.0160,0.0,0.00
1765415325.377969,4,585,374,1765415325377,1765415325377,0,1.46,0.8120,0.0,0.00
1765415325.402417,4,586,375,1765415325398,1765415325402,4,1.52,0.4280,0.0,0.00
1765415325.420185,4,587,376,1765415325420,1765415325420,0,1.56,0.2360,0.0,0.00
1765415325.441388,4,588,377,1765415325441,1765415325441,0,1.56,0.0440,0.0,0.00
1765415325.463665,4,589,379,1765415325463,1765415325463,0,1.56,0.0000,0.0,0.00
1765415325.487585,4,590,380,1765415325485,1765415325487,2,1.60,0.7960,0.0,0.00
1765415325.506974,4,591,381,1765415325506,1765415325506,0,1.57,0.5920,0.0,0.00
1765415325.528373,4,592,382,1765415325528,1765415325528,0,1.53,0.3880,0.0,0.00
1765415325.553823,4,593,383,1765415325550,1765415325553,3,1.58,0.0000,0.0,0.00
1765415325.571011,4,594,384,1765415325571,1765415325571,0,1.57,0.0000,0.0,0.00
1765415325.592711,4,595,385,1765415325592,1765415325592,0,1.51,0.0000,0.0,0.00
1765415325.613802,4,596,387,1765415325613,1765415325613,0,1.51,1.0000,0.0,0.00
1765415325.636336,4,597,388,1765415325635,1765415325636,1,1.53,0.6040,0.0,0.00
1765415325.657063,4,598,389,1765415325657,1765415325657,0,1.53,0.1920,0.0,0.00
1765415325.677916,4,599,390,1765415325677,1765415325677,0,1.54,0.0000,0.0,0.00
1765415325.702558,4,600,391,1765415325699,1765415325702,3,1.60,0.0000,0.0,0.00
1765415325.720225,4,601,392,1765415325720,1765415325720,0,1.59,0.0000,0.0,0.00
1765415325.741892,4,602,393,1765415325741,1765415325741,0,1.54,0.0000,0.0,0.00
1765415325.763112,4,603,394,1765415325763,1765415325763,0,1.54,0.0000,0.0,0.00
1765415325.786510,4,604,396,1765415325784,1765415325786,2,1.47,0.7960,0.0,0.00
1765415325.805998,4,605,397,1765415325805,1765415325805,0,1.42,0.5920,0.0,0.00
1765415325.827452,4,606,398,1765415325826,1765415325826,0,1.42,0.3880,0.0,0.00
1765415325.851916,4,607,399,1765415325848,1765415325848,0,1.42,0.0000,0.0,0.00
1765415325.870465,4,608,400,1765415325870,1765415325870,0,1.41,0.0000,0.0,0.00
1765415325.892250,4,609,401,1765415325892,1765415325892,0,1.39,0.0000,0.0,0.00
1765415325.912985,4,610,402,1765415325912,1765415325912,0,1.41,0.0000,0.0,0.00
1765415325.936667,4,611,403,1765415325933,1765415325935,2,1.43,0.7960,0.0,0.00
1765415325.955651,4,612,405,1765415325955,1765415325955,0,1.44,0.6040,0.0,0.00
1765415325.977236,4,613,406,1765415325977,1765415325977,0,1.44,0.4120,0.0,0.00
1765415326.001940,4,614,407,1765415325998,1765415326000,2,1.46,0.0160,0.0,0.00
1765415326.019869,4,615,408,1765415326019,1765415326019,0,1.49,0.0000,0.0,0.00
1765415326.041018,4,616,409,1765415326041,1765415326041,0,1.48,0.0000,0.0,0.00
1765415326.061927,4,617,410,1765415326061,1765415326061,0,1.49,0.0000,0.0,0.00
1765415326.083021,4,618,411,1765415326083,1765415326083,0,1.43,0.6040,0.0,0.00
1765415326.104430,4,619,412,1765415326104,1765415326104,0,1.40,0.4000,0.0,0.00
1765415326.125764,4,620,413,1765415326125,1765415326125,0,1.40,0.2080,0.0,0.00
1765415326.148070,4,621,414,1765415326146,1765415326148,2,1.40,0.0000,0.0,0.00
1765415326.168124,4,622,415,1765415326168,1765415326168,0,1.41,0.0000,0.0,0.00
1765415326.189468,4,623,416,1765415326189,1765415326189,0,1.39,0.0000,0.0,0.00
1765415326.212657,4,624,418,1765415326211,1765415326212,1,1.41,0.0000,0.0,0.00
1765415326.232201,4,625,419,1765415326232,1765415326232,0,1.34,0.7960,0.0,0.00
1765415326.254529,4,626,420,1765415326253,1765415326253,0,1.29,0.6040,0.0,0.00
1765415326.279067,4,627,421,1765415326275,1765415326279,4,1.37,0.1960,0.0,0.00
1765415326.297034,4,628,423,1765415326297,1765415326297,0,1.41,0.0040,0.0,0.00
1765415326.317915,4,629,424,1765415326317,1765415326317,0,1.42,0.0000,0.0,0.00
1765415326.339208,4,630,425,1765415326339,1765415326339,0,1.43,0.0000,0.0,0.00
1765415326.363116,4,631,426,1765415326360,1765415326363,3,1.47,0.0000,0.0,0.00
1765415326.382217,4,632,427,1765415326382,1765415326382,0,1.50,0.8080,0.0,0.00
1765415326.404671,4,633,429,1765415326403,1765415326404,1,1.48,0.6160,0.0,0.00
1765415326.427347,4,634,430,1765415326425,1765415326426,1,1.47,0.2200,0.0,0.00
1765415326.447120,4,635,432,1765415326447,1765415326447,0,1.47,0.0280,0.0,0.00
1765415326.468467,4,636,433,1765415326468,1765415326468,0,1.41,0.0000,0.0,0.00
1765415326.493480,4,637,434,1765415326489,1765415326490,1,1.37,0.0000,0.0,0.00
1765415326.511224,4,638,435,1765415326511,1765415326511,0,1.37,0.7960,0.0,0.00
1765415326.533040,4,639,436,1765415326532,1765415326533,1,1.38,1.1560,0.0,0.00
1765415326.696548,4,640,437,1765415326696,1765415326696,0,4.86,0.3280,0.0,0.00
1765415326.718157,4,641,439,1765415326718,1765415326718,0,4.85,0.0000,0.0,0.00
1765415326.739539,4,642,440,1765415326739,1765415326739,0,4.85,0.0000,0.0,0.00
1765415326.770221,4,643,441,1765415326767,1765415326770,3,5.06,0.0000,0.0,0.00
1765415326.819018,4,644,442,1765415326800,1765415326812,12,5.57,0.0000,0.0,0.00
1765415326.830070,4,645,444,1765415326820,1765415326830,10,5.58,0.4800,0.0,0.00
1765415326.841533,4,646,445,1765415326841,1765415326841,0,5.60,0.7240,0.0,0.00
1765415326.862695,4,647,446,1765415326862,1765415326862,0,5.59,0.5320,0.0,0.00
1765415326.914800,4,648,447,1765415326898,1765415326903,5,6.08,0.0000,0.0,0.00
1765415326.926856,4,649,448,1765415326923,1765415326926,3,6.08,0.0000,0.0,0.00
1765415326.945165,4,650,449,1765415326945,1765415326945,0,6.10,0.0000,0.0,0.00
1765415326.966643,4,651,451,1765415326966,1765415326966,0,6.09,0.0000,0.0,0.00
1765415326.989221,4,652,452,1765415326988,1765415326988,0,6.09,0.5920,0.0,0.00
1765415327.010140,4,653,453,1765415327010,1765415327010,0,6.08,0.4000,0.0,0.00
1765415327.031433,4,654,454,1765415327031,1765415327031,0,6.07,0.1960,0.0,0.00
1765415327.054989,4,655,455,1765415327052,1765415327054,2,6.06,0.0000,0.0,0.00
1765415327.074426,4,656,456,1765415327074,1765415327074,0,6.06,0.0000,0.0,0.00
1765415327.096034,4,657,457,1765415327096,1765415327096,0,6.07,0.0000,0.0,0.00
1765415327.122938,4,658,459,1765415327117,1765415327117,0,6.07,0.0000,0.0,0.00
1765415327.139554,4,659,460,1765415327138,1765415327139,1,6.06,0.7960,0.0,0.00
1765415327.160329,4,660,461,1765415327160,1765415327160,0,6.05,0.5920,0.0,0.00
1765415327.181588,4,661,462,1765415327181,1765415327181,0,6.04,0.4000,0.0,0.00
1765415327.204514,4,662,463,1765415327202,1765415327204,2,6.04,0.0040,0.0,0.00
1765415327.223675,4,663,464,1765415327223,1765415327223,0,6.04,0.0000,0.0,0.00
1765415327.244986,4,664,465,1765415327244,1765415327244,0,6.05,0.0000,0.0,0.00
1765415327.266935,4,665,466,1765415327266,1765415327266,0,6.04,0.0000,0.0,0.00
1765415327.287452,4,666,467,1765415327287,1765415327287,0,6.04,0.0000,0.0,0.00
1765415327.309153,4,667,468,1765415327309,1765415327309,0,6.04,0.7960,0.0,0.00
1765415327.330690,4,668,471,1765415327330,1765415327330,0,6.04,0.5920,0.0,0.00
1765415327.355325,4,669,472,1765415327352,1765415327354,2,6.04,0.2080,0.0,0.00
1765415327.373878,4,670,473,1765415327373,1765415327373,0,6.04,0.0160,0.0,0.00
1765415327.394942,4,671,474,1765415327394,1765415327394,0,6.05,0.0000,0.0,0.00
1765415327.419678,4,672,475,1765415327416,1765415327419,3,6.05,0.0000,0.0,0.00
1765415327.437452,4,673,476,1765415327437,1765415327437,0,6.07,0.0000,0.0,0.00
1765415327.459734,4,674,478,1765415327458,1765415327458,0,6.07,0.0000,0.0,0.00
1765415327.480728,4,675,480,1765415327480,1765415327480,0,6.06,0.7960,0.0,0.00
1765415327.502712,4,676,481,1765415327501,1765415327502,1,6.06,0.3880,0.0,0.00
1765415327.522669,4,677,482,1765415327522,1765415327522,0,6.06,0.1840,0.0,0.00
1765415327.543960,4,678,483,1765415327543,1765415327543,0,6.07,0.0000,0.0,0.00
1765415327.565408,4,679,484,1765415327565,1765415327565,0,6.06,0.0000,0.0,0.00
1765415327.587766,4,680,485,1765415327586,1765415327587,1,6.06,0.0000,0.0,0.00
1765415327.607688,4,681,486,1765415327607,1765415327607,0,6.07,0.0000,0.0,0.00
1765415327.629042,4,682,488,1765415327629,1765415327629,0,6.06,0.0000,0.0,0.00
1765415327.650183,4,683,489,1765415327650,1765415327650,0,6.06,0.0000,0.0,0.00
1765415327.672722,4,684,490,1765415327671,1765415327671,0,6.07,0.8080,0.0,0.00
1765415327.692519,4,685,491,1765415327692,1765415327692,0,6.07,0.6040,0.0,0.00
1765415327.713673,4,686,492,1765415327713,1765415327713,0,6.07,0.4120,0.0,0.00
1765415327.736692,4,687,493,1765415327735,1765415327736,1,6.02,0.0280,0.0,0.00
1765415327.756484,4,688,494,1765415327756,1765415327756,0,6.01,0.0000,0.0,0.00
1765415327.777952,4,689,495,1765415327777,1765415327777,0,6.01,0.0000,0.0,0.00
1765415327.802581,4,690,497,1765415327799,1765415327802,3,6.02,0.0000,0.0,0.00
1765415327.820611,4,691,498,1765415327820,1765415327820,0,6.04,0.0000,0.0,0.00
1765415327.841926,4,692,499,1765415327841,1765415327841,0,6.04,0.0000,0.0,0.00
1765415327.863360,4,693,500,1765415327862,1765415327863,1,6.04,0.0000,0.0,0.00
1765415327.887044,4,694,502,1765415327886,1765415327887,1,6.03,0.0000,0.0,0.00
1765415327.907926,4,695,503,1765415327907,1765415327907,0,6.03,0.0000,0.0,0.00
1765415327.929694,4,696,504,1765415327929,1765415327929,0,6.03,0.0000,0.0,0.00
1765415327.951402,4,697,505,1765415327951,1765415327951,0,6.03,0.6040,0.0,0.00
1765415327.974100,4,698,507,1765415327973,1765415327974,1,6.02,0.4000,0.0,0.00
1765415327.995224,4,699,508,1765415327994,1765415327994,0,6.03,0.1960,0.0,0.00
1765415328.017581,4,700,509,1765415328015,1765415328017,2,2.13,0.0000,0.0,0.00
1765415328.036935,4,701,510,1765415328036,1765415328036,0,2.16,0.0000,0.0,0.00
1765415328.058041,4,702,511,1765415328058,1765415328058,0,2.15,1.0000,0.0,0.00
1765415328.079525,4,703,512,1765415328079,1765415328079,0,2.00,0.8080,0.0,0.00
1765415328.101852,4,704,513,1765415328100,1765415328100,0,1.63,0.0000,0.0,0.00
1765415328.122561,4,705,514,1765415328122,1765415328122,0,1.59,0.0000,0.0,0.00
1765415328.144467,4,706,516,1765415328144,1765415328144,0,1.43,0.0000,0.0,0.00
1765415328.165964,4,707,517,1765415328165,1765415328165,0,1.43,0.0000,0.0,0.00
1765415328.187818,4,708,518,1765415328187,1765415328187,0,1.09,0.0000,0.0,0.00
1765415328.209368,4,709,519,1765415328209,1765415328209,0,1.08,0.0000,0.0,0.00
1765415328.232653,4,710,520,1765415328230,1765415328232,2,1.06,0.7960,0.0,0.00
1765415328.253168,4,711,521,1765415328252,1765415328252,0,1.08,0.5920,0.0,0.00
1765415328.274063,4,712,522,1765415328274,1765415328274,0,1.08,0.4000,0.0,0.00
1765415328.298741,4,713,523,1765415328294,1765415328297,3,1.10,0.0040,0.0,0.00
1765415328.316787,4,714,525,1765415328316,1765415328316,0,1.13,0.0000,0.0,0.00
1765415328.337690,4,715,526,1765415328337,1765415328337,0,1.11,0.0000,0.0,0.00
1765415328.358939,4,716,527,1765415328358,1765415328358,0,1.09,0.7960,0.0,0.00
1765415328.383763,4,717,528,1765415328380,1765415328383,3,1.15,0.4000,0.0,0.00
1765415328.401773,4,718,530,1765415328401,1765415328401,0,1.19,0.2080,0.0,0.00
1765415328.423241,4,719,531,1765415328423,1765415328423,0,1.19,0.0160,0.0,0.00
1765415328.445690,4,720,532,1765415328444,1765415328445,1,1.20,0.0000,0.0,0.00
1765415328.466332,4,721,534,1765415328466,1765415328466,0,1.20,0.0000,0.0,0.00
1765415328.487961,4,722,535,1765415328487,1765415328487,0,1.18,0.0000,0.0,0.00
1765415328.512960,4,723,536,1765415328510,1765415328512,2,1.20,0.0000,0.0,0.00
1765415328.531151,4,724,537,1765415328531,1765415328531,0,1.23,0.0000,0.0,0.00
1765415328.552859,4,725,538,1765415328552,1765415328552,0,1.23,0.0000,0.0,0.00
1765415328.573504,4,726,539,1765415328573,1765415328573,0,1.23,0.0000,0.0,0.00
1765415328.596739,4,727,540,1765415328594,1765415328596,2,1.25,0.0000,0.0,0.00
1765415328.616027,4,728,541,1765415328616,1765415328616,0,1.26,0.0000,0.0,0.00
1765415328.638051,4,729,542,1765415328637,1765415328638,1,1.23,0.0000,0.0,0.00
1765415328.661568,4,730,544,1765415328659,1765415328661,2,1.22,0.8080,0.0,0.00
1765415328.680652,4,731,545,1765415328680,1765415328680,0,1.25,1.6160,0.0,0.00
1765415328.701989,4,732,546,1765415328701,1765415328701,0,1.19,1.4000,0.0,0.00
1765415328.722173,4,733,547,1765415328722,1765415328722,0,1.14,1.2080,0.0,0.00
1765415328.745918,4,734,548,1765415328743,1765415328745,2,1.17,0.8000,0.0,0.00
1765415328.764935,4,735,549,1765415328764,1765415328764,0,1.19,0.5960,0.0,0.00
1765415328.787037,4,736,550,1765415328786,1765415328786,0,1.19,0.3920,0.0,0.00
1765415328.811488,4,737,551,1765415328807,1765415328807,0,1.18,0.0000,0.0,0.00
1765415328.828698,4,738,552,1765415328828,1765415328828,0,1.18,0.0000,0.0,0.00
1765415328.850725,4,739,554,1765415328850,1765415328850,0,1.18,0.8080,0.0,0.00
1765415328.872539,4,740,555,1765415328872,1765415328872,0,1.18,0.6160,0.0,0.00
1765415328.893806,4,741,556,1765415328893,1765415328893,0,1.16,0.2200,0.0,0.00
1765415328.914857,4,742,557,1765415328914,1765415328914,0,1.16,0.0160,0.0,0.00
1765415328.936828,4,743,558,1765415328936,1765415328936,0,1.16,0.0000,0.0,0.00
1765415328.961083,4,744,559,1765415328957,1765415328961,4,1.22,0.1920,0.0,0.00
1765415328.978546,4,745,560,1765415328978,1765415328978,0,1.28,1.0000,0.0,0.00
1765415328.999777,4,746,561,1765415328999,1765415328999,0,1.28,0.7960,0.0,0.00
1765415329.021439,4,747,563,1765415329021,1765415329021,0,1.26,0.5920,0.0,0.00
1765415329.045456,4,748,564,1765415329042,1765415329045,3,1.28,0.1840,0.0,0.00
1765415329.063431,4,749,565,1765415329063,1765415329063,0,1.33,0.0000,0.0,0.00
1765415329.085497,4,750,566,1765415329085,1765415329085,0,1.28,0.0000,0.0,0.00
1765415329.106274,4,751,567,1765415329106,1765415329106,0,1.23,0.0000,0.0,0.00
1765415329.132576,4,752,568,1765415329127,1765415329131,4,1.28,0.0000,0.0,0.00
1765415329.149388,4,753,569,1765415329149,1765415329149,0,1.33,1.0000,0.0,0.00
1765415329.170500,4,754,571,1765415329170,1765415329170,0,1.30,0.7960,0.0,0.00
1765415329.192764,4,755,572,1765415329192,1765415329192,0,1.28,0.0120,0.0,0.00
1765415329.213598,4,756,573,1765415329213,1765415329213,0,1.28,0.0000,0.0,0.00
1765415329.234600,4,757,574,1765415329234,1765415329234,0,1.28,0.0000,0.0,0.00
1765415329.256320,4,758,575,1765415329255,1765415329255,0,1.25,0.0000,0.0,0.00
1765415329.279033,4,759,576,1765415329276,1765415329279,3,1.28,0.0000,0.0,0.00
1765415329.300589,4,760,577,1765415329298,1765415329300,2,1.25,0.0000,0.0,0.00
1765415329.319835,4,761,578,1765415329319,1765415329319,0,1.25,0.0000,0.0,0.00
1765415329.346591,4,762,579,1765415329342,1765415329346,4,1.35,0.5800,0.0,0.00
1765415329.364823,4,763,580,1765415329363,1765415329363,0,1.41,0.3880,0.0,0.00
1765415329.385637,4,764,582,1765415329385,1765415329385,0,1.41,0.1960,0.0,0.00
1765415329.406852,4,765,583,1765415329406,1765415329406,0,1.41,0.0000,0.0,0.00
1765415329.428958,4,766,584,1765415329427,1765415329427,0,1.40,0.0000,0.0,0.00
1765415329.449831,4,767,585,1765415329449,1765415329449,0,1.41,0.0000,0.0,0.00
1765415329.470537,4,768,586,1765415329470,1765415329470,0,1.40,0.0000,0.0,0.00
1765415329.493204,4,769,587,1765415329492,1765415329493,1,1.42,0.0000,0.0,0.00
1765415329.513491,4,770,588,1765415329513,1765415329513,0,1.41,0.0000,0.0,0.00
1765415329.535798,4,771,589,1765415329534,1765415329534,0,1.39,0.0000,0.0,0.00
1765415329.558523,4,772,591,1765415329556,1765415329558,2,1.43,0.0000,0.0,0.00
1765415329.577759,4,773,592,1765415329577,1765415329577,0,1.43,0.7960,0.0,0.00
1765415329.599084,4,774,593,1765415329599,1765415329599,0,1.41,0.5920,0.0,0.00
1765415329.620504,4,775,594,1765415329620,1765415329620,0,1.41,0.3880,0.0,0.00
1765415329.641897,4,776,595,1765415329641,1765415329641,0,1.41,0.0040,0.0,0.00
1765415329.663165,4,777,596,1765415329663,1765415329663,0,1.36,0.0000,0.0,0.00
1765415329.684526,4,778,597,1765415329684,1765415329684,0,1.31,0.0000,0.0,0.00
1765415329.705833,4,779,598,1765415329705,1765415329705,0,1.31,0.0000,0.0,0.00
1765415329.727198,4,780,599,1765415329727,1765415329727,0,1.31,0.0000,0.0,0.00
1765415329.748096,4,781,600,1765415329748,1765415329748,0,1.31,0.0000,0.0,0.00
1765415329.772478,4,782,602,1765415329769,1765415329772,3,1.35,1.8080,0.0,0.00
1765415329.790993,4,783,603,1765415329790,1765415329790,0,1.33,1.6040,0.0,0.00
1765415329.812721,4,784,604,1765415329812,1765415329812,0,1.31,1.4120,0.0,0.00
1765415329.837373,4,785,605,1765415329834,1765415329837,3,1.37,1.0160,0.0,0.00
1765415329.855411,4,786,606,1765415329855,1765415329855,0,1.42,0.8120,0.0,0.00
1765415329.876603,4,787,607,1765415329876,1765415329876,0,1.39,0.6200,0.0,0.00
1765415329.898739,4,788,608,1765415329897,1765415329897,0,1.38,0.4280,0.0,0.00
1765415329.920749,4,789,609,1765415329919,1765415329919,0,1.38,1.0440,0.0,0.00
1765415329.941292,4,790,610,1765415329941,1765415329941,0,1.36,0.8400,0.0,0.00
1765415329.962472,4,791,612,1765415329962,1765415329962,0,1.33,0.6360,0.0,0.00
1765415329.986582,4,792,613,1765415329985,1765415329986,1,1.37,0.2520,0.0,0.00
1765415330.006984,4,793,614,1765415330006,1765415330006,0,1.39,0.0480,0.0,0.00
1765415330.027805,4,794,615,1765415330027,1765415330027,0,1.36,0.0000,0.0,0.00
1765415330.051427,4,795,616,1765415330049,1765415330051,2,1.38,0.0000,0.0,0.00
1765415330.071421,4,796,617,1765415330070,1765415330070,0,1.40,0.7960,0.0,0.00
1765415330.092646,4,797,618,1765415330091,1765415330091,0,1.40,0.5920,0.0,0.00
1765415330.113772,4,798,620,1765415330113,1765415330113,0,1.41,0.3880,0.0,0.00
1765415330.136409,4,799,621,1765415330134,1765415330136,2,1.42,1.0000,0.0,0.00
1765415330.155705,4,800,622,1765415330155,1765415330155,0,1.45,0.7960,0.0,0.00
1765415330.177165,4,801,623,1765415330177,1765415330177,0,1.45,0.5920,0.0,0.00
1765415330.201486,4,802,624,1765415330198,1765415330201,3,1.49,0.1960,0.0,0.00
1765415330.221713,4,803,625,1765415330219,1765415330220,1,1.52,0.9920,0.0,0.00
1765415330.241466,4,804,626,1765415330241,1765415330241,0,1.46,0.7880,0.0,0.00
1765415330.263010,4,805,627,1765415330262,1765415330262,0,1.40,0.5840,0.0,0.00
1765415330.289067,4,806,628,1765415330284,1765415330288,4,1.48,0.1760,0.0,0.00
1765415330.306522,4,807,630,1765415330306,1765415330306,0,1.52,0.0000,0.0,0.00
1765415330.328354,4,808,631,1765415330328,1765415330328,0,1.48,0.0000,0.0,0.00
1765415330.349940,4,809,632,1765415330348,1765415330348,0,1.45,0.0000,0.0,0.00
1765415330.372467,4,810,633,1765415330370,1765415330372,2,1.49,0.0000,0.0,0.00
1765415330.391298,4,811,634,1765415330391,1765415330391,0,1.52,0.7960,0.0,0.00
1765415330.413220,4,812,636,1765415330413,1765415330413,0,1.46,0.5920,0.0,0.00
1765415330.434493,4,813,637,1765415330434,1765415330434,0,1.42,0.3880,0.0,0.00
1765415330.459414,4,814,639,1765415330455,1765415330458,3,1.46,0.0000,0.0,0.00
1765415330.477416,4,815,640,1765415330477,1765415330477,0,1.49,0.0000,0.0,0.00
1765415330.498514,4,816,641,1765415330498,1765415330498,0,1.49,0.0000,0.0,0.00
1765415330.526048,4,817,642,1765415330519,1765415330519,0,1.49,0.0000,0.0,0.00
1765415330.542071,4,818,643,1765415330542,1765415330542,0,1.51,0.7960,0.0,0.00
1765415330.563251,4,819,644,1765415330563,1765415330563,0,1.47,0.5920,0.0,0.00
1765415330.584468,4,820,645,1765415330584,1765415330584,0,1.47,0.3880,0.0,0.00
1765415330.608582,4,821,646,1765415330605,1765415330608,3,1.48,0.0000,0.0,0.00
1765415330.627108,4,822,648,1765415330627,1765415330627,0,1.41,0.0000,0.0,0.00
1765415330.648271,4,823,649,1765415330648,1765415330648,0,1.35,0.0000,0.0,0.00
1765415330.669372,4,824,650,1765415330669,1765415330669,0,1.35,0.0000,0.0,0.00
1765415330.692122,4,825,651,1765415330691,1765415330691,0,1.35,0.0000,0.0,0.00
1765415330.713133,4,826,652,1765415330712,1765415330712,0,1.35,0.0000,0.0,0.00
1765415330.734716,4,827,653,1765415330733,1765415330733,0,1.35,0.0000,0.0,0.00
1765415330.757381,4,828,654,1765415330755,1765415330757,2,1.39,0.0000,0.0,0.00
1765415330.777008,4,829,656,1765415330777,1765415330777,0,1.38,0.0000,0.0,0.00
1765415330.798175,4,830,657,1765415330798,1765415330798,0,1.37,0.0000,0.0,0.00
1765415330.823240,4,831,658,1765415330819,1765415330823,4,1.43,0.0000,0.0,0.00
1765415330.841741,4,832,660,1765415330841,1765415330841,0,1.43,0.8080,0.0,0.00
1765415330.862832,4,833,661,1765415330862,1765415330862,0,1.40,0.6040,0.0,0.00
1765415330.888278,4,834,662,1765415330883,1765415330886,3,1.44,0.2200,0.0,0.00
1765415330.906140,4,835,664,1765415330906,1765415330906,0,1.45,0.0160,0.0,0.00
1765415330.927415,4,836,665,1765415330927,1765415330927,0,1.45,0.0000,0.0,0.00
1765415330.949769,4,837,666,1765415330949,1765415330949,0,1.45,0.0000,0.0,0.00
1765415330.970493,4,838,667,1765415330970,1765415330970,0,1.45,0.0000,0.0,0.00
1765415330.992540,4,839,669,1765415330992,1765415330992,0,1.46,0.0000,0.0,0.00
1765415331.013857,4,840,670,1765415331013,1765415331013,0,1.45,0.7960,0.0,0.00
1765415331.040429,4,841,671,1765415331036,1765415331040,4,1.56,0.3760,0.0,0.00
1765415331.058139,4,842,672,1765415331058,1765415331058,0,1.55,0.1840,0.0,0.00
1765415331.079766,4,843,673,1765415331079,1765415331079,0,1.51,0.0000,0.0,0.00
1765415331.101506,4,844,674,1765415331101,1765415331101,0,1.51,0.0000,0.0,0.00
1765415331.123119,4,845,675,1765415331123,1765415331123,0,1.45,0.0000,0.0,0.00
1765415331.144530,4,846,676,1765415331144,1765415331144,0,1.41,0.0000,0.0,0.00
1765415331.170983,4,847,677,1765415331166,1765415331166,0,1.42,0.0000,0.0,0.00
1765415331.187946,4,848,679,1765415331187,1765415331187,0,1.42,0.0000,0.0,0.00
1765415331.210335,4,849,680,1765415331210,1765415331210,0,1.44,0.0000,0.0,0.00
1765415331.232162,4,850,681,1765415331231,1765415331232,1,1.44,0.0000,0.0,0.00
1765415331.254986,4,851,682,1765415331252,1765415331253,1,1.44,0.0000,0.0,0.00
1765415331.274423,4,852,683,1765415331274,1765415331274,0,1.39,0.0000,0.0,0.00
1765415331.295495,4,853,684,1765415331295,1765415331295,0,1.38,0.0000,0.0,0.00
1765415331.317198,4,854,685,1765415331317,1765415331317,0,1.38,0.0000,0.0,0.00
1765415331.339414,4,855,687,1765415331339,1765415331339,0,1.34,0.8080,0.0,0.00
1765415331.360574,4,856,688,1765415331360,1765415331360,0,1.32,0.6160,0.0,0.00
1765415331.381628,4,857,689,1765415331381,1765415331381,0,1.32,0.4240,0.0,0.00
1765415331.403202,4,858,690,1765415331403,1765415331403,0,1.32,0.0280,0.0,0.00
1765415331.424295,4,859,691,1765415331424,1765415331424,0,1.29,0.0000,0.0,0.00
1765415331.446099,4,860,692,1765415331446,1765415331446,0,1.27,0.0000,0.0,0.00
1765415331.469426,4,861,693,1765415331466,1765415331468,2,1.27,1.1560,0.0,0.00
1765415331.489129,4,862,695,1765415331488,1765415331488,0,1.24,0.8803,0.0,0.00
1765415331.509827,4,863,696,1765415331509,1765415331509,0,1.21,0.6165,0.0,0.00
1765415331.531133,4,864,697,1765415331531,1765415331531,0,1.22,0.4000,0.0,0.00
1765415331.552884,4,865,698,1765415331552,1765415331552,0,1.22,0.0040,0.0,0.00
1765415331.573273,4,866,699,1765415331573,1765415331573,0,1.13,0.0000,0.0,0.00
1765415331.594899,4,867,700,1765415331594,1765415331594,0,1.09,0.0000,0.0,0.00
1765415331.617440,4,868,701,1765415331616,1765415331617,1,1.11,0.6040,0.0,0.00
1765415331.637593,4,869,702,1765415331637,1765415331637,0,1.11,0.4000,0.0,0.00
1765415331.659250,4,870,703,1765415331659,1765415331659,0,1.07,0.1960,0.0,0.00
1765415331.684606,4,871,705,1765415331680,1765415331684,4,1.11,0.0000,0.0,0.00
1765415331.702135,4,872,706,1765415331702,1765415331702,0,1.15,0.0000,0.0,0.00
1765415331.723611,4,873,707,1765415331723,1765415331723,0,1.15,0.0000,0.0,0.00
1765415331.758924,4,874,708,1765415331755,1765415331758,3,1.37,0.0000,0.0,0.00
1765415331.791529,4,875,709,1765415331790,1765415331790,0,1.53,0.0000,0.0,0.00
1765415331.817528,4,876,711,1765415331814,1765415331816,2,1.60,0.0000,0.0,0.00
1765415331.835596,4,877,712,1765415331835,1765415331835,0,1.62,0.0000,0.0,0.00
1765415331.858027,4,878,713,1765415331857,1765415331857,0,1.61,0.0000,0.0,0.00
1765415331.878477,4,879,714,1765415331878,1765415331878,0,1.61,0.0000,0.0,0.00
1765415331.899361,4,880,715,1765415331899,1765415331899,0,1.61,0.0000,0.0,0.00
1765415331.920990,4,881,716,1765415331920,1765415331920,0,1.58,0.0000,0.0,0.00
1765415331.944626,4,882,717,1765415331942,1765415331943,1,1.56,0.6040,0.0,0.00
1765415331.963760,4,883,718,1765415331963,1765415331963,0,1.57,0.4000,0.0,0.00
1765415331.985801,4,884,720,1765415331985,1765415331985,0,1.56,0.1960,0.0,0.00
1765415332.010664,4,885,721,1765415332006,1765415332010,4,1.61,0.0000,0.0,0.00
1765415332.029246,4,886,722,1765415332028,1765415332028,0,1.66,0.0000,0.0,0.00
1765415332.049086,4,887,723,1765415332049,1765415332049,0,1.66,0.0000,0.0,0.00
1765415332.070597,4,888,724,1765415332070,1765415332070,0,1.63,0.0000,0.0,0.00
1765415332.094032,4,889,725,1765415332092,1765415332094,2,1.64,0.7960,0.0,0.00
1765415332.114801,4,890,726,1765415332113,1765415332113,0,1.68,0.6040,0.0,0.00
1765415332.136190,4,891,727,1765415332136,1765415332136,0,1.64,0.4000,0.0,0.00
1765415332.160795,4,892,729,1765415332157,1765415332159,2,1.60,0.0040,0.0,0.00
1765415332.180901,4,893,730,1765415332179,1765415332179,0,1.61,1.0000,0.0,0.00
1765415332.201619,4,894,731,1765415332201,1765415332201,0,1.58,0.8080,0.0,0.00
1765415332.224599,4,895,732,1765415332223,1765415332224,1,1.57,0.4240,0.0,0.00
1765415332.244145,4,896,733,1765415332244,1765415332244,0,1.58,1.2200,0.0,0.00
1765415332.265627,4,897,734,1765415332265,1765415332265,0,1.60,1.0160,0.0,0.00
1765415332.291189,4,898,735,1765415332286,1765415332287,1,1.58,0.6200,0.0,0.00
1765415332.308535,4,899,736,1765415332308,1765415332308,0,1.60,0.4280,0.0,0.00
1765415332.329899,4,900,738,1765415332329,1765415332329,0,1.60,0.2240,0.0,0.00
1765415332.351675,4,901,739,1765415332351,1765415332351,0,1.51,0.0200,0.0,0.00
1765415332.375945,4,902,740,1765415332372,1765415332375,3,1.48,0.0000,0.0,0.00
1765415332.393823,4,903,741,1765415332393,1765415332393,0,1.53,0.0000,0.0,0.00
1765415332.415185,4,904,743,1765415332415,1765415332415,0,1.53,0.0000,0.0,0.00
1765415332.436581,4,905,744,1765415332436,1765415332436,0,1.54,0.8080,0.0,0.00
1765415332.480622,4,906,745,1765415332480,1765415332480,0,2.04,0.2680,0.0,0.00
1765415332.501224,4,907,746,1765415332501,1765415332501,0,2.05,0.0520,0.0,0.00
1765415332.527375,4,908,748,1765415332516,1765415332525,9,2.08,0.0000,0.0,0.00
1765415332.544774,4,909,749,1765415332538,1765415332543,5,2.10,0.0000,0.0,0.00
1765415332.563578,4,910,750,1765415332563,1765415332563,0,2.11,0.0000,0.0,0.00
1765415332.584570,4,911,752,1765415332584,1765415332584,0,2.11,0.0000,0.0,0.00
1765415332.608244,4,912,753,1765415332606,1765415332608,2,2.15,0.6040,0.0,0.00
1765415332.627029,4,913,754,1765415332627,1765415332627,0,2.17,0.4000,0.0,0.00
1765415332.647887,4,914,755,1765415332647,1765415332647,0,2.18,0.1960,0.0,0.00
1765415332.668857,4,915,756,1765415332668,1765415332668,0,2.19,0.0000,0.0,0.00
1765415332.692223,4,916,758,1765415332690,1765415332692,2,2.23,0.0000,0.0,0.00
1765415332.711442,4,917,759,1765415332711,1765415332711,0,2.24,0.0000,0.0,0.00
1765415332.732569,4,918,760,1765415332732,1765415332732,0,2.25,0.0000,0.0,0.00
1765415332.754021,4,919,761,1765415332754,1765415332754,0,2.24,0.8080,0.0,0.00
1765415332.776013,4,920,762,1765415332776,1765415332776,0,2.24,0.4120,0.0,0.00
1765415332.797304,4,921,763,1765415332797,1765415332797,0,2.25,0.2080,0.0,0.00
1765415332.818233,4,922,764,1765415332818,1765415332818,0,2.24,0.0040,0.0,0.00
1765415332.840621,4,923,765,1765415332839,1765415332839,0,2.24,0.0000,0.0,0.00
1765415332.860999,4,924,767,1765415332860,1765415332860,0,2.25,0.8080,0.0,0.00
1765415332.883167,4,925,768,1765415332883,1765415332883,0,2.26,0.6040,0.0,0.00
1765415332.905366,4,926,769,1765415332903,1765415332905,2,2.25,0.2200,0.0,0.00
1765415332.925206,4,927,770,1765415332925,1765415332925,0,2.26,0.0280,0.0,0.00
1765415332.946462,4,928,771,1765415332946,1765415332946,0,2.25,0.0000,0.0,0.00
1765415332.970560,4,929,772,1765415332967,1765415332969,2,2.25,0.0000,0.0,0.00
1765415332.988794,4,930,773,1765415332988,1765415332988,0,2.28,0.0000,0.0,0.00
1765415333.010055,4,931,774,1765415333010,1765415333010,0,2.21,0.0000,0.0,0.00
1765415333.034191,4,932,775,1765415333032,1765415333034,2,2.22,0.8080,0.0,0.00
1765415333.054700,4,933,777,1765415333053,1765415333053,0,2.24,0.6040,0.0,0.00
1765415333.075742,4,934,778,1765415333075,1765415333075,0,1.94,0.4000,0.0,0.00
1765415333.101691,4,935,779,1765415333097,1765415333101,4,1.84,0.0040,0.0,0.00
1765415333.118083,4,936,780,1765415333118,1765415333118,0,1.83,0.0000,0.0,0.00
1765415333.139954,4,937,781,1765415333139,1765415333139,0,1.80,0.0000,0.0,0.00
1765415333.160737,4,938,782,1765415333160,1765415333160,0,1.80,0.0000,0.0,0.00
1765415333.183668,4,939,783,1765415333182,1765415333183,1,1.82,0.0000,0.0,0.00
1765415333.203386,4,940,784,1765415333203,1765415333203,0,1.83,0.0000,0.0,0.00
1765415333.224905,4,941,785,1765415333224,1765415333224,0,1.83,0.8080,0.0,0.00
1765415333.249083,4,942,787,1765415333246,1765415333249,3,1.87,0.4240,0.0,0.00
1765415333.267915,4,943,788,1765415333267,1765415333267,0,1.90,0.2320,0.0,0.00
1765415333.291202,4,944,789,1765415333291,1765415333291,0,1.94,0.0400,0.0,0.00
1765415333.312869,4,945,790,1765415333311,1765415333311,0,1.90,0.0000,0.0,0.00
1765415333.333750,4,946,791,1765415333333,1765415333333,0,1.85,1.0000,0.0,0.00
1765415333.354598,4,947,792,1765415333354,1765415333354,0,1.85,0.7960,0.0,0.00
1765415333.379089,4,948,793,1765415333375,1765415333379,4,1.90,0.4000,0.0,0.00
1765415333.397664,4,949,794,1765415333397,1765415333397,0,1.91,0.1960,0.0,0.00
1765415333.418786,4,950,795,1765415333418,1765415333418,0,1.88,0.0000,0.0,0.00
1765415333.439510,4,951,797,1765415333439,1765415333439,0,1.87,0.0000,0.0,0.00
1765415333.464885,4,952,798,1765415333460,1765415333464,4,1.91,0.0000,0.0,0.00
1765415333.482817,4,953,799,1765415333481,1765415333481,0,1.95,0.0000,0.0,0.00
1765415333.503102,4,954,800,1765415333503,1765415333503,0,1.95,0.0000,0.0,0.00
1765415333.523940,4,955,801,1765415333523,1765415333523,0,1.95,0.0000,0.0,0.00
1765415333.545634,4,956,802,1765415333545,1765415333545,0,1.93,0.0000,0.0,0.00
1765415333.567342,4,957,803,1765415333567,1765415333567,0,1.93,0.0000,0.0,0.00
1765415333.588490,4,958,804,1765415333588,1765415333588,0,1.93,0.0000,0.0,0.00
1765415333.611885,4,959,805,1765415333609,1765415333611,2,1.95,0.7960,0.0,0.00
1765415333.630754,4,960,807,1765415333630,1765415333630,0,1.97,0.6040,0.0,0.00
1765415333.652518,4,961,808,1765415333652,1765415333652,0,1.97,0.4120,0.0,0.00
1765415333.677621,4,962,809,1765415333673,1765415333677,4,1.99,0.0040,0.0,0.00
1765415333.694943,4,963,810,1765415333694,1765415333694,0,2.01,0.0000,0.0,0.00
1765415333.717369,4,964,811,1765415333716,1765415333716,0,2.01,0.0000,0.0,0.00
1765415333.738045,4,965,812,1765415333738,1765415333738,0,2.00,0.0000,0.0,0.00
1765415333.759222,4,966,813,1765415333759,1765415333759,0,1.59,0.0000,0.0,0.00
1765415333.780870,4,967,814,1765415333780,1765415333780,0,1.59,0.0000,0.0,0.00
1765415333.802258,4,968,815,1765415333802,1765415333802,0,1.55,0.0000,0.0,0.00
1765415333.828158,4,969,817,1765415333823,1765415333828,5,1.59,0.0000,0.0,0.00
1765415333.845292,4,970,819,1765415333845,1765415333845,0,1.64,0.0000,0.0,0.00
1765415333.866691,4,971,820,1765415333866,1765415333866,0,1.64,0.0000,0.0,0.00
1765415333.890203,4,972,821,1765415333887,1765415333890,3,1.64,0.0000,0.0,0.00
1765415333.909945,4,973,823,1765415333909,1765415333909,0,1.64,0.0000,0.0,0.00
1765415333.931171,4,974,824,1765415333930,1765415333931,1,1.63,0.0000,0.0,0.00
1765415333.956741,4,975,825,1765415333952,1765415333956,4,1.68,0.6160,0.0,0.00
1765415333.974417,4,976,826,1765415333974,1765415333974,0,1.69,0.4120,0.0,0.00
1765415333.995522,4,977,827,1765415333995,1765415333995,0,1.66,0.2080,0.0,0.00
1765415334.017467,4,978,829,1765415334017,1765415334017,0,1.66,0.0040,0.0,0.00
1765415334.039526,4,979,830,1765415334038,1765415334039,1,1.66,0.0000,0.0,0.00
1765415334.059530,4,980,831,1765415334059,1765415334059,0,1.68,0.0000,0.0,0.00
1765415334.081447,4,981,832,1765415334080,1765415334080,0,1.68,0.0000,0.0,0.00
1765415334.102435,4,982,833,1765415334102,1765415334102,0,1.68,0.0000,0.0,0.00
1765415334.126102,4,983,835,1765415334125,1765415334125,0,1.70,0.6040,0.0,0.00
1765415334.146268,4,984,836,1765415334146,1765415334146,0,1.70,0.4000,0.0,0.00
1765415334.167764,4,985,837,1765415334167,1765415334167,0,1.68,0.1960,0.0,0.00
1765415334.189418,4,986,838,1765415334189,1765415334189,0,1.68,0.0000,0.0,0.00
1765415334.210652,4,987,839,1765415334210,1765415334210,0,1.66,0.0000,0.0,0.00
1765415334.232081,4,988,840,1765415334232,1765415334232,0,1.67,0.0000,0.0,0.00
1765415334.256965,4,989,841,1765415334253,1765415334255,2,1.67,0.0000,0.0,0.00
1765415334.275280,4,990,842,1765415334275,1765415334275,0,1.65,0.7960,0.0,0.00
1765415334.296603,4,991,843,1765415334296,1765415334296,0,1.65,0.6040,0.0,0.00
1765415334.322812,4,992,844,1765415334318,1765415334321,3,1.67,0.2200,0.0,0.00
1765415334.339168,4,993,846,1765415334339,1765415334339,0,1.68,0.0280,0.0,0.00
1765415334.361302,4,994,847,1765415334360,1765415334360,0,1.68,1.0000,0.0,0.00
1765415334.386861,4,995,848,1765415334382,1765415334386,4,1.68,0.6040,0.0,0.00
1765415334.403351,4,996,849,1765415334403,1765415334403,0,1.68,0.4120,0.0,0.00
1765415334.424556,4,997,851,1765415334424,1765415334424,0,1.68,0.2080,0.0,0.00
1765415334.445876,4,998,852,1765415334445,1765415334445,0,1.68,0.0160,0.0,0.00
1765415334.468786,4,999,853,1765415334466,1765415334468,2,1.68,0.6200,0.0,0.00
1765415334.488377,4,1000,854,1765415334488,1765415334488,0,1.68,0.4280,0.0,0.00
1765415334.509446,4,1001,855,1765415334509,1765415334509,0,1.68,0.2240,0.0,0.00
1765415334.535247,4,1002,857,1765415334531,1765415334534,3,1.68,0.0000,0.0,0.00
1765415334.553369,4,1003,858,1765415334553,1765415334553,0,1.66,0.0000,0.0,0.00
1765415334.573951,4,1004,859,1765415334573,1765415334573,0,1.64,0.0000,0.0,0.00
1765415334.595779,4,1005,860,1765415334595,1765415334595,0,1.63,0.7960,0.0,0.00
1765415334.617676,4,1006,861,1765415334617,1765415334617,0,1.63,0.4120,0.0,0.00
1765415334.638559,4,1007,862,1765415334638,1765415334638,0,1.63,0.2200,0.0,0.00
1765415334.659657,4,1008,863,1765415334659,1765415334659,0,1.57,0.0160,0.0,0.00
1765415334.681194,4,1009,864,1765415334681,1765415334681,0,1.53,0.0000,0.0,0.00
1765415334.702582,4,1010,866,1765415334702,1765415334702,0,1.53,0.0000,0.0,0.00
1765415334.724083,4,1011,867,1765415334724,1765415334724,0,1.53,0.0000,0.0,0.00
1765415334.753515,4,1012,868,1765415334748,1765415334753,5,1.60,0.0000,0.0,0.00
1765415334.770453,4,1013,869,1765415334770,1765415334770,0,1.60,0.0000,0.0,0.00
1765415334.791476,4,1014,870,1765415334791,1765415334791,0,1.60,0.0000,0.0,0.00
1765415334.812728,4,1015,871,1765415334812,1765415334812,0,1.58,0.0000,0.0,0.00
1765415334.835062,4,1016,872,1765415334833,1765415334835,2,1.60,0.0000,0.0,0.00
1765415334.855204,4,1017,873,1765415334855,1765415334855,0,1.61,0.0000,0.0,0.00
1765415334.876230,4,1018,874,1765415334876,1765415334876,0,1.61,0.0000,0.0,0.00
1765415334.898161,4,1019,875,1765415334898,1765415334898,0,1.59,0.0000,0.0,0.00
1765415334.919416,4,1020,877,1765415334919,1765415334919,0,1.57,0.0000,0.0,0.00
1765415334.940918,4,1021,878,1765415334940,1765415334940,0,1.56,0.0000,0.0,0.00
1765415334.963068,4,1022,879,1765415334963,1765415334963,0,1.52,0.0000,0.0,0.00
1765415334.984065,4,1023,880,1765415334984,1765415334984,0,1.47,0.0000,0.0,0.00
1765415335.005463,4,1024,881,1765415335005,1765415335005,0,1.46,0.0000,0.0,0.00
1765415335.027145,4,1025,882,1765415335027,1765415335027,0,1.46,1.0000,0.0,0.00
1765415335.052202,4,1026,883,1765415335048,1765415335052,4,1.52,0.5920,0.0,0.00
1765415335.070043,4,1027,884,1765415335070,1765415335070,0,1.57,0.4000,0.0,0.00
1765415335.092268,4,1028,885,1765415335091,1765415335091,0,1.56,1.1960,0.0,0.00
1765415335.112650,4,1029,886,1765415335112,1765415335112,0,1.48,0.9920,0.0,0.00
1765415335.134993,4,1030,888,1765415335133,1765415335134,1,1.43,0.5960,0.0,0.00
1765415335.155348,4,1031,889,1765415335155,1765415335155,0,1.43,0.3920,0.0,0.00
1765415335.176859,4,1032,890,1765415335176,1765415335176,0,1.39,0.2000,0.0,0.00
1765415335.198958,4,1033,891,1765415335197,1765415335198,1,1.36,0.0000,0.0,0.00
1765415335.220195,4,1034,892,1765415335219,1765415335220,1,1.36,0.0000,0.0,0.00
1765415335.241876,4,1035,893,1765415335240,1765415335240,0,1.31,0.0000,0.0,0.00
1765415335.266008,4,1036,894,1765415335261,1765415335266,5,1.36,0.5800,0.0,0.00
1765415335.283220,4,1037,895,1765415335283,1765415335283,0,1.41,0.3760,0.0,0.00
1765415335.304868,4,1038,897,1765415335304,1765415335304,0,1.41,0.1720,0.0,0.00
1765415335.325496,4,1039,898,1765415335325,1765415335325,0,1.40,0.0000,0.0,0.00
1765415335.349349,4,1040,899,1765415335346,1765415335348,2,1.41,0.0000,0.0,0.00
1765415335.368261,4,1041,900,1765415335368,1765415335368,0,1.43,0.0000,0.0,0.00
1765415335.389880,4,1042,901,1765415335389,1765415335389,0,1.42,0.0000,0.0,0.00
1765415335.410317,4,1043,902,1765415335410,1765415335410,0,1.39,0.0000,0.0,0.00
1765415335.435134,4,1044,903,1765415335431,1765415335433,2,1.42,0.7960,0.0,0.00
1765415335.454317,4,1045,904,1765415335453,1765415335453,0,1.43,0.5920,0.0,0.00
1765415335.474889,4,1046,905,1765415335474,1765415335474,0,1.43,0.3880,0.0,0.00
1765415335.499952,4,1047,907,1765415335496,1765415335499,3,1.50,0.0000,0.0,0.00
1765415335.517854,4,1048,908,1765415335517,1765415335517,0,1.53,0.0000,0.0,0.00
1765415335.539023,4,1049,909,1765415335539,1765415335539,0,1.51,0.0000,0.0,0.00
1765415335.560456,4,1050,910,1765415335560,1765415335560,0,1.49,0.0000,0.0,0.00
1765415335.583884,4,1051,911,1765415335581,1765415335583,2,1.52,0.5920,0.0,0.00
1765415335.603347,4,1052,912,1765415335603,1765415335603,0,1.46,0.3880,0.0,0.00
1765415335.624645,4,1053,913,1765415335624,1765415335624,0,1.43,0.1840,0.0,0.00
1765415335.646040,4,1054,914,1765415335646,1765415335646,0,1.43,0.0000,0.0,0.00
1765415335.669211,4,1055,915,1765415335667,1765415335667,0,1.34,0.0000,0.0,0.00
1765415335.689800,4,1056,917,1765415335689,1765415335689,0,1.30,0.0000,0.0,0.00
1765415335.710742,4,1057,918,1765415335710,1765415335710,0,1.30,0.0000,0.0,0.00
1765415335.734717,4,1058,919,1765415335732,1765415335734,2,1.35,0.8080,0.0,0.00
1765415335.753473,4,1059,920,1765415335753,1765415335753,0,1.35,0.6160,0.0,0.00
1765415335.775878,4,1060,921,1765415335774,1765415335774,0,1.33,1.4240,0.0,0.00
1765415335.800521,4,1061,923,1765415335797,1765415335800,3,1.42,1.0160,0.0,0.00
1765415335.819312,4,1062,924,1765415335819,1765415335819,0,1.38,0.8240,0.0,0.00
1765415335.840846,4,1063,925,1765415335839,1765415335839,0,1.37,0.6200,0.0,0.00
1765415335.860944,4,1064,926,1765415335860,1765415335860,0,1.35,0.4160,0.0,0.00
1765415335.884692,4,1065,928,1765415335882,1765415335884,2,1.40,1.0080,0.0,0.00
1765415335.905017,4,1066,929,1765415335904,1765415335904,0,1.40,0.8040,0.0,0.00
1765415335.925488,4,1067,930,1765415335925,1765415335925,0,1.40,0.6000,0.0,0.00
1765415335.947170,4,1068,931,1765415335946,1765415335946,0,1.40,0.3960,0.0,0.00
1765415335.968345,4,1069,932,1765415335968,1765415335968,0,1.40,0.0000,0.0,0.00
1765415335.989887,4,1070,933,1765415335989,1765415335989,0,1.40,0.0000,0.0,0.00
1765415336.011385,4,1071,934,1765415336010,1765415336011,1,1.40,0.0000,0.0,0.00
1765415336.034887,4,1072,935,1765415336031,1765415336033,2,1.26,0.0000,0.0,0.00
1765415336.054775,4,1073,937,1765415336053,1765415336054,1,1.21,0.8080,0.0,0.00
1765415336.075419,4,1074,938,1765415336075,1765415336075,0,1.21,0.6160,0.0,0.00
1765415336.097782,4,1075,939,1765415336096,1765415336097,1,1.21,0.2320,0.0,0.00
1765415336.123389,4,1076,940,1765415336118,1765415336121,3,1.23,0.0280,0.0,0.00
1765415336.138918,4,1077,941,1765415336138,1765415336138,0,1.27,0.0000,0.0,0.00
1765415336.160050,4,1078,942,1765415336160,1765415336160,0,1.28,0.0000,0.0,0.00
1765415336.182007,4,1079,943,1765415336180,1765415336180,0,1.29,0.0000,0.0,0.00
1765415336.203097,4,1080,944,1765415336203,1765415336203,0,1.31,0.0000,0.0,0.00
1765415336.224080,4,1081,945,1765415336224,1765415336224,0,1.31,0.0000,0.0,0.00
1765415336.247932,4,1082,947,1765415336245,1765415336247,2,1.31,0.0000,0.0,0.00
1765415336.266253,4,1083,948,1765415336266,1765415336266,0,1.34,0.0000,0.0,0.00
1765415336.287177,4,1084,949,1765415336287,1765415336287,0,1.34,0.0000,0.0,0.00
1765415336.310868,4,1085,950,1765415336308,1765415336310,2,1.36,0.0000,0.0,0.00
1765415336.330437,4,1086,951,1765415336330,1765415336330,0,1.30,0.0000,0.0,0.00
1765415336.352182,4,1087,952,1765415336352,1765415336352,0,1.27,0.0000,0.0,0.00
1765415336.373141,4,1088,953,1765415336373,1765415336373,0,1.27,0.0000,0.0,0.00
1765415336.395118,4,1089,955,1765415336395,1765415336395,0,1.28,0.5920,0.0,0.00
1765415336.416354,4,1090,956,1765415336416,1765415336416,0,1.27,0.3880,0.0,0.00
1765415336.437861,4,1091,958,1765415336437,1765415336437,0,1.27,0.1960,0.0,0.00
1765415336.462320,4,1092,960,1765415336459,1765415336462,3,1.34,0.0000,0.0,0.00
1765415336.480525,4,1093,961,1765415336480,1765415336480,0,1.37,0.0000,0.0,0.00
1765415336.502005,4,1094,962,1765415336502,1765415336502,0,1.37,0.0000,0.0,0.00
1765415336.522746,4,1095,963,1765415336522,1765415336522,0,1.37,0.0000,0.0,0.00
1765415336.544392,4,1096,964,1765415336544,1765415336544,0,1.29,0.0000,0.0,0.00
1765415336.565722,4,1097,965,1765415336565,1765415336565,0,1.24,0.0000,0.0,0.00
1765415336.592669,4,1098,966,1765415336589,1765415336592,3,1.34,0.3960,0.0,0.00
1765415336.610975,4,1099,967,1765415336610,1765415336610,0,1.39,0.2040,0.0,0.00
1765415336.632544,4,1100,968,1765415336632,1765415336632,0,1.37,0.0000,0.0,0.00
1765415336.653858,4,1101,970,1765415336653,1765415336653,0,1.35,0.0000,0.0,0.00
1765415336.675447,4,1102,971,1765415336675,1765415336675,0,1.36,0.0000,0.0,0.00
1765415336.697212,4,1103,972,1765415336697,1765415336697,0,1.36,0.0000,0.0,0.00
1765415336.718772,4,1104,973,1765415336718,1765415336718,0,1.34,0.0000,0.0,0.00
1765415336.742067,4,1105,974,1765415336739,1765415336742,3,1.36,0.0000,0.0,0.00
1765415336.760402,4,1106,975,1765415336760,1765415336760,0,1.41,0.0000,0.0,0.00
1765415336.782048,4,1107,976,1765415336782,1765415336782,0,1.35,0.8080,0.0,0.00
1765415336.802874,4,1108,977,1765415336802,1765415336802,0,1.32,0.6040,0.0,0.00
1765415336.825822,4,1109,979,1765415336824,1765415336825,1,1.34,0.1960,0.0,0.00
1765415336.846057,4,1110,980,1765415336846,1765415336846,0,1.34,0.0040,0.0,0.00
1765415336.867452,4,1111,981,1765415336867,1765415336867,0,1.32,0.0000,0.0,0.00
1765415336.891409,4,1112,982,1765415336889,1765415336891,2,1.35,0.0000,0.0,0.00
1765415336.911681,4,1113,984,1765415336911,1765415336911,0,1.36,0.0000,0.0,0.00
1765415337.017133,4,1114,985,1765415337002,1765415337011,9,3.14,1.2276,0.0,0.00
1765415337.090458,4,1115,987,1765415337082,1765415337090,8,4.66,0.0000,0.0,0.00
1765415337.105153,4,1116,988,1765415337104,1765415337105,1,4.70,0.8080,0.0,0.00
1765415337.127543,4,1117,989,1765415337126,1765415337126,0,4.70,0.5920,0.0,0.00
1765415337.148147,4,1118,990,1765415337148,1765415337148,0,4.70,0.3880,0.0,0.00
1765415337.171611,4,1119,992,1765415337169,1765415337171,2,4.68,0.0000,0.0,0.00
1765415337.192018,4,1120,993,1765415337191,1765415337191,0,4.68,0.0000,0.0,0.00
1765415337.212071,4,1121,994,1765415337212,1765415337212,0,4.62,0.0000,0.0,0.00
1765415337.235158,4,1122,995,1765415337233,1765415337235,2,4.61,0.0000,0.0,0.00
1765415337.254802,4,1123,996,1765415337254,1765415337254,0,4.61,0.0000,0.0,0.00
1765415337.276444,4,1124,997,1765415337276,1765415337276,0,4.61,0.0000,0.0,0.00
1765415337.299542,4,1125,998,1765415337298,1765415337299,1,4.60,0.3960,0.0,0.00
1765415337.319213,4,1126,999,1765415337319,1765415337319,0,4.60,0.2040,0.0,0.00
1765415337.340614,4,1127,1000,1765415337340,1765415337340,0,4.60,0.0000,0.0,0.00
1765415337.367080,4,1128,1002,1765415337362,1765415337367,5,4.68,0.0000,0.0,0.00
1765415337.384692,4,1129,1003,1765415337384,1765415337384,0,4.71,0.0000,0.0,0.00
1765415337.406871,4,1130,1004,1765415337405,1765415337405,0,4.71,0.0000,0.0,0.00
1765415337.428115,4,1131,1005,1765415337427,1765415337427,0,4.71,0.0000,0.0,0.00
1765415337.451464,4,1132,1006,1765415337448,1765415337450,2,4.70,0.7960,0.0,0.00
1765415337.476137,4,1133,1007,1765415337472,1765415337476,4,4.76,0.5920,0.0,0.00
1765415337.493709,4,1134,1008,1765415337493,1765415337493,0,4.78,0.4000,0.0,0.00
1765415337.520101,4,1135,1010,1765415337515,1765415337520,5,4.86,0.0040,0.0,0.00
1765415337.537737,4,1136,1011,1765415337537,1765415337537,0,4.89,0.0000,0.0,0.00
1765415337.558931,4,1137,1012,1765415337558,1765415337558,0,4.87,0.0000,0.0,0.00
1765415337.589842,4,1138,1013,1765415337589,1765415337589,0,5.06,0.0000,0.0,0.00
1765415337.610971,4,1139,1014,1765415337610,1765415337610,0,5.06,0.0000,0.0,0.00
1765415337.636636,4,1140,1015,1765415337632,1765415337635,3,5.08,0.0000,0.0,0.00
1765415337.654717,4,1141,1016,1765415337653,1765415337653,0,5.10,0.8080,0.0,0.00
1765415337.675312,4,1142,1017,1765415337675,1765415337675,0,5.11,0.6040,0.0,0.00
1765415337.700999,4,1143,1018,1765415337696,1765415337700,4,5.11,0.2080,0.0,0.00
1765415337.719059,4,1144,1020,1765415337719,1765415337719,0,5.12,0.0160,0.0,0.00
1765415337.741306,4,1145,1021,1765415337740,1765415337740,0,5.13,0.0000,0.0,0.00
1765415337.765179,4,1146,1022,1765415337761,1765415337765,4,5.14,0.0000,0.0,0.00
1765415337.783016,4,1147,1023,1765415337783,1765415337783,0,5.17,0.0000,0.0,0.00
1765415337.804251,4,1148,1024,1765415337804,1765415337804,0,5.17,0.0000,0.0,0.00
1765415337.826849,4,1149,1025,1765415337825,1765415337825,0,5.17,0.7960,0.0,0.00
1765415337.848989,4,1150,1026,1765415337846,1765415337847,1,5.17,0.3880,0.0,0.00
1765415337.867893,4,1151,1027,1765415337867,1765415337867,0,5.17,0.1840,0.0,0.00
1765415337.888825,4,1152,1028,1765415337888,1765415337888,0,5.16,1.0000,0.0,0.00
1765415337.911032,4,1153,1030,1765415337910,1765415337910,0,5.13,0.7960,0.0,0.00
1765415337.933647,4,1154,1031,1765415337932,1765415337933,1,5.13,0.4000,0.0,0.00
1765415337.954189,4,1155,1032,1765415337954,1765415337954,0,5.12,0.2080,0.0,0.00
1765415337.975198,4,1156,1033,1765415337975,1765415337975,0,5.13,0.6000,0.0,0.00
1765415337.999274,4,1157,1034,1765415337996,1765415337997,1,5.12,0.1920,0.0,0.00
1765415338.018938,4,1158,1035,1765415338018,1765415338018,0,5.05,0.0000,0.0,0.00
1765415338.039542,4,1159,1036,1765415338039,1765415338039,0,5.03,0.0000,0.0,0.00
1765415338.061468,4,1160,1037,1765415338061,1765415338061,0,5.03,0.0000,0.0,0.00
1765415338.085645,4,1161,1039,1765415338082,1765415338085,3,5.02,0.0000,0.0,0.00
1765415338.103757,4,1162,1040,1765415338103,1765415338103,0,5.05,0.0000,0.0,0.00
1765415338.124989,4,1163,1041,1765415338124,1765415338124,0,5.05,0.0000,0.0,0.00
1765415338.146407,4,1164,1042,1765415338146,1765415338146,0,5.05,0.7960,0.0,0.00
1765415338.167712,4,1165,1043,1765415338167,1765415338167,0,5.06,0.4000,0.0,0.00
1765415338.188855,4,1166,1044,1765415338188,1765415338188,0,5.04,0.1960,0.0,0.00
1765415338.210062,4,1167,1045,1765415338210,1765415338210,0,5.04,0.0000,0.0,0.00
1765415338.233528,4,1168,1046,1765415338231,1765415338232,1,5.03,0.0000,0.0,0.00
1765415338.254136,4,1169,1048,1765415338253,1765415338254,1,5.03,0.0000,0.0,0.00
1765415338.274713,4,1170,1049,1765415338274,1765415338274,0,5.04,0.0000,0.0,0.00
1765415338.298674,4,1171,1050,1765415338296,1765415338298,2,5.03,0.0000,0.0,0.00
1765415338.317409,4,1172,1051,1765415338317,1765415338317,0,5.05,0.0000,0.0,0.00
1765415338.338226,4,1173,1052,1765415338338,1765415338338,0,5.05,0.0000,0.0,0.00
1765415338.359385,4,1174,1053,1765415338359,1765415338359,0,3.03,0.0000,0.0,0.00
1765415338.383553,4,1175,1054,1765415338380,1765415338383,3,1.84,0.0000,0.0,0.00
1765415338.402056,4,1176,1055,1765415338402,1765415338402,0,1.78,0.0000,0.0,0.00
1765415338.423344,4,1177,1056,1765415338423,1765415338423,0,1.78,0.8080,0.0,0.00
1765415338.444818,4,1178,1058,1765415338444,1765415338444,0,1.78,0.6040,0.0,0.00
1765415338.466299,4,1179,1061,1765415338466,1765415338466,0,1.76,0.2200,0.0,0.00
1765415338.488361,4,1180,1062,1765415338488,1765415338488,0,1.75,0.0160,0.0,0.00
1765415338.508994,4,1181,1063,1765415338508,1765415338508,0,1.76,0.0000,0.0,0.00
1765415338.532672,4,1182,1064,1765415338530,1765415338531,1,1.76,0.0000,0.0,0.00
1765415338.551358,4,1183,1065,1765415338551,1765415338551,0,1.75,0.0000,0.0,0.00
1765415338.573227,4,1184,1066,1765415338573,1765415338573,0,1.75,0.0000,0.0,0.00
1765415338.599524,4,1185,1067,1765415338594,1765415338595,1,1.73,0.0000,0.0,0.00
1765415338.617243,4,1186,1069,1765415338617,1765415338617,0,1.71,0.0000,0.0,0.00
1765415338.638633,4,1187,1070,1765415338638,1765415338638,0,1.71,0.0000,0.0,0.00
1765415338.659530,4,1188,1071,1765415338659,1765415338659,0,1.62,0.0000,0.0,0.00
1765415338.681516,4,1189,1072,1765415338681,1765415338681,0,1.56,0.6040,0.0,0.00
1765415338.702241,4,1190,1073,1765415338702,1765415338702,0,1.56,0.4120,0.0,0.00
1765415338.723668,4,1191,1074,1765415338723,1765415338723,0,1.56,0.2080,0.0,0.00
1765415338.748893,4,1192,1075,1765415338744,1765415338747,3,1.58,0.0000,0.0,0.00
1765415338.766156,4,1193,1076,1765415338766,1765415338766,0,1.53,0.0000,0.0,0.00
1765415338.787696,4,1194,1077,1765415338787,1765415338787,0,1.48,0.0000,0.0,0.00
1765415338.809824,4,1195,1078,1765415338808,1765415338808,0,1.38,0.7960,0.0,0.00
1765415338.848453,4,1196,1079,1765415338843,1765415338848,5,1.66,0.1600,0.0,0.00
1765415338.854601,4,1197,1081,1765415338854,1765415338854,0,1.88,0.1600,0.0,0.00
1765415338.877272,4,1198,1082,1765415338876,1765415338876,0,1.71,0.0000,0.0,0.00
1765415338.900840,4,1199,1083,1765415338897,1765415338900,3,1.75,0.0000,0.0,0.00
1765415338.920069,4,1200,1084,1765415338919,1765415338920,1,1.71,0.0000,0.0,0.00
1765415338.940597,4,1201,1085,1765415338940,1765415338940,0,1.68,0.0000,0.0,0.00
1765415338.962025,4,1202,1086,1765415338962,1765415338962,0,1.68,0.0000,0.0,0.00
1765415338.985081,4,1203,1087,1765415338983,1765415338983,0,1.61,0.6040,0.0,0.00
1765415339.007735,4,1204,1089,1765415339005,1765415339006,1,1.61,0.4000,0.0,0.00
1765415339.027478,4,1205,1090,1765415339027,1765415339027,0,1.61,0.1960,0.0,0.00
1765415339.051196,4,1206,1091,1765415339048,1765415339049,1,1.55,0.0000,0.0,0.00
1765415339.070128,4,1207,1092,1765415339070,1765415339070,0,1.51,0.0000,0.0,0.00
1765415339.091617,4,1208,1093,1765415339091,1765415339091,0,1.51,0.0000,0.0,0.00
1765415339.112214,4,1209,1094,1765415339112,1765415339112,0,1.51,0.0000,0.0,0.00
1765415339.136366,4,1210,1095,1765415339133,1765415339135,2,1.53,0.0000,0.0,0.00
1765415339.154875,4,1211,1096,1765415339154,1765415339154,0,1.54,0.0000,0.0,0.00
1765415339.176598,4,1212,1097,1765415339176,1765415339176,0,1.55,0.7960,0.0,0.00
1765415339.198589,4,1213,1098,1765415339197,1765415339197,0,1.54,1.5920,0.0,0.00
1765415339.220882,4,1214,1100,1765415339219,1765415339219,0,1.52,1.1840,0.0,0.00
1765415339.240409,4,1215,1101,1765415339240,1765415339240,0,1.52,0.9920,0.0,0.00
1765415339.261872,4,1216,1102,1765415339261,1765415339261,0,1.52,0.7880,0.0,0.00
1765415339.285517,4,1217,1103,1765415339283,1765415339285,2,1.56,0.4040,0.0,0.00
1765415339.304560,4,1218,1104,1765415339304,1765415339304,0,1.59,0.2120,0.0,0.00
1765415339.326594,4,1219,1105,1765415339326,1765415339326,0,1.59,0.0200,0.0,0.00
1765415339.351531,4,1220,1106,1765415339348,1765415339350,2,1.63,0.0000,0.0,0.00
1765415339.369356,4,1221,1107,1765415339369,1765415339369,0,1.62,0.0000,0.0,0.00
1765415339.390439,4,1222,1108,1765415339390,1765415339390,0,1.58,0.0000,0.0,0.00
1765415339.411780,4,1223,1110,1765415339411,1765415339411,0,1.58,0.0000,0.0,0.00
1765415339.433100,4,1224,1111,1765415339433,1765415339433,0,1.58,0.0000,0.0,0.00
1765415339.455009,4,1225,1112,1765415339455,1765415339455,0,1.58,0.0000,0.0,0.00
1765415339.476123,4,1226,1113,1765415339476,1765415339476,0,1.58,0.0000,0.0,0.00
1765415339.500962,4,1227,1114,1765415339497,1765415339499,2,1.60,0.0000,0.0,0.00
1765415339.520319,4,1228,1115,1765415339520,1765415339520,0,1.60,0.7960,0.0,0.00
1765415339.541435,4,1229,1116,1765415339541,1765415339541,0,1.59,0.5920,0.0,0.00
1765415339.562996,4,1230,1117,1765415339562,1765415339562,0,1.58,0.3880,0.0,0.00
1765415339.584645,4,1231,1119,1765415339584,1765415339584,0,1.54,0.0000,0.0,0.00
1765415339.606038,4,1232,1120,1765415339606,1765415339606,0,1.51,0.0000,0.0,0.00
1765415339.627373,4,1233,1121,1765415339627,1765415339627,0,1.51,0.0000,0.0,0.00
1765415339.647917,4,1234,1122,1765415339647,1765415339647,0,1.53,0.0000,0.0,0.00
1765415339.670160,4,1235,1123,1765415339669,1765415339670,1,1.51,0.8080,0.0,0.00
1765415339.690135,4,1236,1124,1765415339690,1765415339690,0,1.50,0.6160,0.0,0.00
1765415339.711600,4,1237,1125,1765415339711,1765415339711,0,1.50,0.4240,0.0,0.00
1765415339.732950,4,1238,1126,1765415339732,1765415339732,0,1.50,0.0400,0.0,0.00
1765415339.754822,4,1239,1127,1765415339754,1765415339754,0,1.50,0.0000,0.0,0.00
1765415339.775902,4,1240,1129,1765415339775,1765415339775,0,1.49,0.0000,0.0,0.00
1765415339.797138,4,1241,1130,1765415339797,1765415339797,0,1.48,0.0000,0.0,0.00
1765415339.818897,4,1242,1131,1765415339818,1765415339818,0,1.46,0.0000,0.0,0.00
1765415339.839691,4,1243,1132,1765415339839,1765415339839,0,1.44,1.0000,0.0,0.00
1765415339.864855,4,1244,1133,1765415339861,1765415339864,3,1.50,0.8542,0.0,0.00
1765415339.882407,4,1245,1134,1765415339882,1765415339882,0,1.54,0.5827,0.0,0.00
1765415339.903558,4,1246,1135,1765415339903,1765415339903,0,1.53,0.3111,0.0,0.00
1765415339.930087,4,1247,1137,1765415339925,1765415339930,5,1.64,0.0000,0.0,0.00
1765415339.947494,4,1248,1138,1765415339947,1765415339947,0,1.69,0.0000,0.0,0.00
1765415339.968989,4,1249,1140,1765415339968,1765415339968,0,1.69,0.0000,0.0,0.00
1765415339.989890,4,1250,1141,1765415339989,1765415339989,0,1.69,0.0000,0.0,0.00
1765415340.012905,4,1251,1142,1765415340011,1765415340012,1,1.71,0.0000,0.0,0.00
1765415340.034007,4,1252,1143,1765415340034,1765415340034,0,1.67,0.0000,0.0,0.00
1765415340.056640,4,1253,1144,1765415340056,1765415340056,0,1.65,0.0000,0.0,0.00
1765415340.079460,4,1254,1145,1765415340077,1765415340079,2,1.67,0.0000,0.0,0.00
1765415340.098128,4,1255,1146,1765415340098,1765415340098,0,1.70,0.0000,0.0,0.00
1765415340.120317,4,1256,1147,1765415340119,1765415340119,0,1.35,0.0000,0.0,0.00
1765415340.140746,4,1257,1148,1765415340140,1765415340140,0,1.14,0.0000,0.0,0.00
1765415340.162200,4,1258,1150,1765415340162,1765415340162,0,1.14,0.0000,0.0,0.00
1765415340.183177,4,1259,1151,1765415340183,1765415340183,0,1.09,0.0000,0.0,0.00
1765415340.206240,4,1260,1152,1765415340205,1765415340205,0,1.09,0.8080,0.0,0.00
1765415340.228395,4,1261,1153,1765415340226,1765415340228,2,1.10,0.4120,0.0,0.00
1765415340.247408,4,1262,1154,1765415340247,1765415340247,0,1.12,0.2080,0.0,0.00
1765415340.268786,4,1263,1155,1765415340268,1765415340268,0,1.12,0.0160,0.0,0.00
1765415340.294231,4,1264,1156,1765415340290,1765415340294,4,1.18,0.0000,0.0,0.00
1765415340.311222,4,1265,1157,1765415340311,1765415340311,0,1.23,0.0000,0.0,0.00
1765415340.332189,4,1266,1158,1765415340332,1765415340332,0,1.23,0.0000,0.0,0.00
1765415340.353452,4,1267,1159,1765415340353,1765415340353,0,1.23,0.0000,0.0,0.00
1765415340.377348,4,1268,1161,1765415340375,1765415340376,1,1.25,0.7960,0.0,0.00
1765415340.397741,4,1269,1162,1765415340397,1765415340397,0,1.25,0.6040,0.0,0.00
1765415340.419194,4,1270,1163,1765415340419,1765415340419,0,1.23,0.4120,0.0,0.00
1765415340.441512,4,1271,1165,1765415340440,1765415340441,1,1.21,0.0160,0.0,0.00
1765415340.461705,4,1272,1166,1765415340461,1765415340461,0,1.22,0.0000,0.0,0.00
1765415340.482420,4,1273,1167,1765415340482,1765415340482,0,1.22,0.0000,0.0,0.00
1765415340.506604,4,1274,1168,1765415340503,1765415340506,3,1.26,0.0000,0.0,0.00
1765415340.525362,4,1275,1169,1765415340525,1765415340525,0,1.29,1.0000,0.0,0.00
1765415340.547442,4,1276,1171,1765415340546,1765415340546,0,1.29,0.8217,0.0,0.00
1765415340.567908,4,1277,1172,1765415340567,1765415340567,0,1.24,0.6041,0.0,0.00
1765415340.593116,4,1278,1173,1765415340589,1765415340593,4,1.30,0.1960,0.0,0.00
1765415340.610662,4,1279,1174,1765415340610,1765415340610,0,1.35,0.0040,0.0,0.00
1765415340.631746,4,1280,1175,1765415340631,1765415340631,0,1.30,0.0000,0.0,0.00
1765415340.654078,4,1281,1176,1765415340654,1765415340654,0,1.30,0.0000,0.0,0.00
1765415340.675097,4,1282,1177,1765415340675,1765415340675,0,1.30,0.0000,0.0,0.00
1765415340.696394,4,1283,1178,1765415340696,1765415340696,0,1.30,0.1920,0.0,0.00
1765415340.718685,4,1284,1179,1765415340718,1765415340718,0,1.30,0.0000,0.0,0.00
1765415340.740690,4,1285,1181,1765415340739,1765415340740,1,1.30,0.0000,0.0,0.00
1765415340.760093,4,1286,1182,1765415340760,1765415340760,0,1.31,0.0000,0.0,0.00
1765415340.781113,4,1287,1183,1765415340781,1765415340781,0,1.29,0.0000,0.0,0.00
1765415340.802553,4,1288,1184,1765415340802,1765415340802,0,1.29,0.0000,0.0,0.00
1765415340.826299,4,1289,1185,1765415340824,1765415340826,2,1.33,0.0000,0.0,0.00
1765415340.845577,4,1290,1186,1765415340845,1765415340845,0,1.36,0.0000,0.0,0.00
1765415340.866460,4,1291,1187,1765415340866,1765415340866,0,1.35,0.2040,0.0,0.00
1765415340.887439,4,1292,1188,1765415340887,1765415340887,0,1.34,0.0000,0.0,0.00
1765415340.908758,4,1293,1189,1765415340908,1765415340908,0,1.34,0.0000,0.0,0.00
1765415340.929613,4,1294,1190,1765415340929,1765415340929,0,1.33,0.0000,0.0,0.00
1765415340.951174,4,1295,1191,1765415340950,1765415340950,0,1.30,0.0000,0.0,0.00
1765415340.976208,4,1296,1193,1765415340972,1765415340976,4,1.38,0.0000,0.0,0.00
1765415340.993246,4,1297,1194,1765415340993,1765415340993,0,1.43,0.0000,0.0,0.00
1765415341.014704,4,1298,1195,1765415341014,1765415341014,0,1.43,0.0000,0.0,0.00
1765415341.036860,4,1299,1196,1765415341036,1765415341036,0,1.43,1.0000,0.0,0.00
1765415341.058206,4,1300,1197,1765415341058,1765415341058,0,1.44,0.8712,0.0,0.00
1765415341.079500,4,1301,1198,1765415341079,1765415341079,0,1.43,0.5827,0.0,0.00
1765415341.100779,4,1302,1199,1765415341100,1765415341100,0,1.43,0.3111,0.0,0.00
1765415341.122374,4,1303,1200,1765415341122,1765415341122,0,1.44,0.0000,0.0,0.00
1765415341.145076,4,1304,1201,1765415341144,1765415341144,0,1.38,0.0000,0.0,0.00
1765415341.169904,4,1305,1202,1765415341166,1765415341167,1,1.37,0.0000,0.0,0.00
1765415341.188735,4,1306,1203,1765415341187,1765415341188,1,1.37,0.0000,0.0,0.00
1765415341.208941,4,1307,1204,1765415341208,1765415341208,0,1.27,0.0000,0.0,0.00
1765415341.230421,4,1308,1205,1765415341230,1765415341230,0,1.23,0.0000,0.0,0.00
1765415341.254215,4,1309,1206,1765415341251,1765415341254,3,1.27,0.3960,0.0,0.00
1765415341.273968,4,1310,1207,1765415341272,1765415341272,0,1.31,0.2040,0.0,0.00
1765415341.294364,4,1311,1209,1765415341294,1765415341294,0,1.29,0.0000,0.0,0.00
1765415341.315573,4,1312,1210,1765415341315,1765415341315,0,1.29,0.0000,0.0,0.00
1765415341.337453,4,1313,1211,1765415341336,1765415341337,1,1.29,0.0000,0.0,0.00
1765415341.357605,4,1314,1212,1765415341357,1765415341357,0,1.27,0.0000,0.0,0.00
1765415341.378687,4,1315,1213,1765415341378,1765415341378,0,1.24,0.0000,0.0,0.00
1765415341.403498,4,1316,1214,1765415341400,1765415341402,2,1.29,0.3960,0.0,0.00
1765415341.421463,4,1317,1215,1765415341421,1765415341421,0,1.32,0.1920,0.0,0.00
1765415341.442652,4,1318,1216,1765415341442,1765415341442,0,1.31,0.0000,0.0,0.00
1765415341.463882,4,1319,1217,1765415341463,1765415341463,0,1.31,0.0000,0.0,0.00
1765415341.486936,4,1320,1218,1765415341485,1765415341486,1,1.33,0.0000,0.0,0.00
1765415341.507466,4,1321,1220,1765415341506,1765415341506,0,1.31,0.0000,0.0,0.00
1765415341.527731,4,1322,1221,1765415341527,1765415341527,0,1.29,0.0000,0.0,0.00
1765415341.553046,4,1323,1222,1765415341549,1765415341553,4,1.38,0.0000,0.0,0.00
1765415341.570951,4,1324,1223,1765415341570,1765415341570,0,1.34,0.0000,0.0,0.00
1765415341.593246,4,1325,1224,1765415341592,1765415341592,0,1.30,0.0000,0.0,0.00
1765415341.614576,4,1326,1225,1765415341614,1765415341614,0,1.31,0.2040,0.0,0.00
1765415341.635590,4,1327,1226,1765415341635,1765415341635,0,1.31,0.0000,0.0,0.00
1765415341.657364,4,1328,1227,1765415341656,1765415341656,0,1.28,0.0000,0.0,0.00
1765415341.678358,4,1329,1228,1765415341678,1765415341678,0,1.29,0.0000,0.0,0.00
1765415341.701550,4,1330,1229,1765415341699,1765415341700,1,1.29,0.0000,0.0,0.00
1765415341.720711,4,1331,1230,1765415341720,1765415341720,0,1.29,0.0000,0.0,0.00
1765415341.741821,4,1332,1231,1765415341741,1765415341741,0,1.28,0.0000,0.0,0.00
1765415341.762832,4,1333,1232,1765415341762,1765415341762,0,1.28,0.0000,0.0,0.00
1765415341.784902,4,1334,1234,1765415341784,1765415341784,0,1.24,0.8080,0.0,0.00
1765415341.805830,4,1335,1235,1765415341805,1765415341805,0,1.21,0.6040,0.0,0.00
1765415341.828010,4,1336,1237,1765415341826,1765415341826,0,1.21,0.4000,0.0,0.00
1765415341.851771,4,1337,1238,1765415341848,1765415341851,3,1.28,0.0000,0.0,0.00
1765415341.869407,4,1338,1239,1765415341869,1765415341869,0,1.23,0.0000,0.0,0.00
1765415341.890890,4,1339,1240,1765415341890,1765415341890,0,1.18,0.0000,0.0,0.00
1765415341.912287,4,1340,1241,1765415341912,1765415341912,0,1.19,0.0000,0.0,0.00
1765415341.935192,4,1341,1242,1765415341933,1765415341935,2,1.19,0.6040,0.0,0.00
1765415341.954534,4,1342,1243,1765415341954,1765415341954,0,1.21,0.3880,0.0,0.00
1765415341.975653,4,1343,1244,1765415341975,1765415341975,0,1.21,0.1840,0.0,0.00
1765415341.998214,4,1344,1246,1765415341998,1765415341998,0,1.23,0.0000,0.0,0.00
1765415342.020609,4,1345,1247,1765415342020,1765415342020,0,1.23,0.0000,0.0,0.00
1765415342.041888,4,1346,1248,1765415342041,1765415342041,0,1.22,0.0000,0.0,0.00
1765415342.063366,4,1347,1249,1765415342063,1765415342063,0,1.23,0.8080,0.0,0.00
1765415342.084798,4,1348,1250,1765415342084,1765415342084,0,1.23,0.4120,0.0,0.00
1765415342.106105,4,1349,1251,1765415342106,1765415342106,0,1.19,0.2080,0.0,0.00
1765415342.127350,4,1350,1252,1765415342127,1765415342127,0,1.16,0.0040,0.0,0.00
1765415342.152526,4,1351,1254,1765415342148,1765415342152,4,1.22,0.0000,0.0,0.00
1765415342.170677,4,1352,1255,1765415342170,1765415342170,0,1.27,0.0000,0.0,0.00
1765415342.191707,4,1353,1256,1765415342191,1765415342191,0,1.27,0.0000,0.0,0.00
1765415342.216477,4,1354,1257,1765415342213,1765415342215,2,1.31,0.0000,0.0,0.00
1765415342.234836,4,1355,1258,1765415342234,1765415342234,0,1.34,0.0000,0.0,0.00
1765415342.256598,4,1356,1259,1765415342256,1765415342256,0,1.27,0.0000,0.0,0.00
1765415342.277493,4,1357,1260,1765415342277,1765415342277,0,1.21,0.0000,0.0,0.00
1765415342.300530,4,1358,1261,1765415342299,1765415342299,0,1.21,0.0000,0.0,0.00
1765415342.321140,4,1359,1262,1765415342321,1765415342321,0,1.21,0.0000,0.0,0.00
1765415342.342404,4,1360,1263,1765415342342,1765415342342,0,1.21,0.0000,0.0,0.00
1765415342.366017,4,1361,1265,1765415342363,1765415342366,3,1.25,0.0000,0.0,0.00
1765415342.386592,4,1362,1266,1765415342385,1765415342385,0,1.28,0.0000,0.0,0.00
1765415342.407073,4,1363,1267,1765415342407,1765415342407,0,1.28,0.0000,0.0,0.00
1765415342.428459,4,1364,1268,1765415342428,1765415342428,0,1.27,0.0000,0.0,0.00
1765415342.449966,4,1365,1270,1765415342449,1765415342449,0,1.25,0.5920,0.0,0.00
1765415342.471292,4,1366,1271,1765415342471,1765415342471,0,1.25,0.3880,0.0,0.00
1765415342.493059,4,1367,1272,1765415342493,1765415342493,0,1.24,0.1840,0.0,0.00
1765415342.517751,4,1368,1273,1765415342514,1765415342517,3,1.28,0.0000,0.0,0.00
1765415342.536794,4,1369,1275,1765415342536,1765415342536,0,1.27,0.0000,0.0,0.00
1765415342.557377,4,1370,1276,1765415342557,1765415342557,0,1.23,0.0000,0.0,0.00
1765415342.581128,4,1371,1277,1765415342579,1765415342581,2,1.26,0.0000,0.0,0.00
1765415342.599979,4,1372,1278,1765415342599,1765415342599,0,1.31,0.0000,0.0,0.00
1765415342.621474,4,1373,1279,1765415342621,1765415342621,0,1.31,0.0000,0.0,0.00
1765415342.644962,4,1374,1280,1765415342642,1765415342644,2,1.31,0.0000,0.0,0.00
1765415342.663623,4,1375,1281,1765415342663,1765415342663,0,1.34,0.0000,0.0,0.00
1765415342.685319,4,1376,1282,1765415342685,1765415342685,0,1.31,0.0000,0.0,0.00
1765415342.706631,4,1377,1283,1765415342706,1765415342706,0,1.28,0.0000,0.0,0.00
1765415342.733167,4,1378,1285,1765415342728,1765415342733,5,1.37,0.2040,0.0,0.00
1765415342.749673,4,1379,1286,1765415342749,1765415342749,0,1.45,1.0000,0.0,0.00
1765415342.771119,4,1380,1287,1765415342771,1765415342771,0,1.43,0.8080,0.0,0.00
1765415342.793088,4,1381,1288,1765415342792,1765415342792,0,1.41,0.6160,0.0,0.00
1765415342.815150,4,1382,1289,1765415342813,1765415342815,2,1.43,0.2200,0.0,0.00
1765415342.834619,4,1383,1290,1765415342834,1765415342834,0,1.40,0.0280,0.0,0.00
1765415342.856818,4,1384,1291,1765415342856,1765415342856,0,1.33,0.0000,0.0,0.00
1765415342.880532,4,1385,1293,1765415342877,1765415342880,3,1.37,0.0000,0.0,0.00
1765415342.898722,4,1386,1294,1765415342898,1765415342898,0,1.41,0.7960,0.0,0.00
1765415342.919882,4,1387,1295,1765415342919,1765415342919,0,1.41,0.6040,0.0,0.00
1765415342.942555,4,1388,1297,1765415342942,1765415342942,0,1.43,0.4000,0.0,0.00
1765415342.965032,4,1389,1298,1765415342964,1765415342964,0,1.43,0.0040,0.0,0.00
1765415342.986743,4,1390,1299,1765415342985,1765415342986,1,1.43,0.0000,0.0,0.00
1765415343.007836,4,1391,1300,1765415343007,1765415343007,0,1.42,0.0000,0.0,0.00
1765415343.032076,4,1392,1302,1765415343029,1765415343031,2,1.45,0.7960,0.0,0.00
1765415343.050981,4,1393,1303,1765415343050,1765415343050,0,1.48,0.5920,0.0,0.00
1765415343.072794,4,1394,1305,1765415343072,1765415343072,0,1.48,0.4000,0.0,0.00
1765415343.098077,4,1395,1306,1765415343094,1765415343097,3,1.53,0.0000,0.0,0.00
1765415343.115632,4,1396,1307,1765415343115,1765415343115,0,1.58,1.0000,0.0,0.00
1765415343.136596,4,1397,1308,1765415343136,1765415343136,0,1.54,0.7960,0.0,0.00
1765415343.158002,4,1398,1309,1765415343158,1765415343158,0,1.48,0.5920,0.0,0.00
1765415343.181296,4,1399,1310,1765415343179,1765415343181,2,1.50,0.1960,0.0,0.00
1765415343.200493,4,1400,1311,1765415343200,1765415343200,0,1.54,0.0040,0.0,0.00
1765415343.221443,4,1401,1312,1765415343221,1765415343221,0,1.52,0.0000,0.0,0.00
1765415343.242704,4,1402,1313,1765415343242,1765415343242,0,1.48,0.0000,0.0,0.00
1765415343.264921,4,1403,1314,1765415343263,1765415343264,1,1.48,0.6040,0.0,0.00
1765415343.286629,4,1404,1316,1765415343286,1765415343286,0,1.47,0.4120,0.0,0.00
1765415343.311690,4,1405,1317,1765415343311,1765415343311,0,1.52,0.0280,0.0,0.00
1765415343.332976,4,1406,1318,1765415343332,1765415343332,0,1.52,0.0000,0.0,0.00
1765415343.354438,4,1407,1319,1765415343354,1765415343354,0,1.52,0.0000,0.0,0.00
1765415343.381306,4,1408,1320,1765415343376,1765415343380,4,1.57,0.0000,0.0,0.00
1765415343.398406,4,1409,1321,1765415343398,1765415343398,0,1.63,0.0000,0.0,0.00
1765415343.419971,4,1410,1322,1765415343419,1765415343419,0,1.63,0.8080,0.0,0.00
1765415343.443368,4,1411,1323,1765415343441,1765415343443,2,1.62,0.7478,0.0,0.00
1765415343.462548,4,1412,1324,1765415343462,1765415343462,0,1.60,0.4833,0.0,0.00
1765415343.483753,4,1413,1327,1765415343483,1765415343483,0,1.60,0.2354,0.0,0.00
1765415343.508742,4,1414,1328,1765415343505,1765415343507,2,1.60,0.0000,0.0,0.00
1765415343.526940,4,1415,1329,1765415343526,1765415343526,0,1.60,0.0000,0.0,0.00
1765415343.547890,4,1416,1330,1765415343547,1765415343547,0,1.60,0.0000,0.0,0.00
1765415343.568868,4,1417,1331,1765415343568,1765415343568,0,1.60,0.0000,0.0,0.00
1765415343.590496,4,1418,1332,1765415343590,1765415343590,0,1.60,0.0000,0.0,0.00
1765415343.611958,4,1419,1333,1765415343611,1765415343611,0,1.60,0.8080,0.0,0.00
1765415343.633160,4,1420,1334,1765415343633,1765415343633,0,1.60,0.6160,0.0,0.00
1765415343.656504,4,1421,1335,1765415343654,1765415343656,2,1.58,0.2080,0.0,0.00
1765415343.675670,4,1422,1337,1765415343675,1765415343675,0,1.58,0.0040,0.0,0.00
1765415343.697721,4,1423,1338,1765415343697,1765415343697,0,1.58,0.0000,0.0,0.00
1765415343.722778,4,1424,1339,1765415343718,1765415343722,4,1.63,0.0000,0.0,0.00
1765415343.740323,4,1425,1340,1765415343740,1765415343740,0,1.68,0.0000,0.0,0.00
1765415343.761361,4,1426,1341,1765415343761,1765415343761,0,1.68,0.0000,0.0,0.00
1765415343.782510,4,1427,1342,1765415343782,1765415343782,0,1.68,0.0000,0.0,0.00
1765415343.807321,4,1428,1343,1765415343803,1765415343807,4,1.70,0.0000,0.0,0.00
1765415343.824963,4,1429,1344,1765415343824,1765415343824,0,1.73,0.0000,0.0,0.00
1765415343.846672,4,1430,1345,1765415343846,1765415343846,0,1.73,0.0000,0.0,0.00
1765415343.869198,4,1431,1346,1765415343869,1765415343869,0,1.72,0.0000,0.0,0.00
1765415343.892164,4,1432,1348,1765415343891,1765415343891,0,1.66,0.0000,0.0,0.00
1765415343.912205,4,1433,1349,1765415343912,1765415343912,0,1.67,0.0000,0.0,0.00
1765415343.933994,4,1434,1350,1765415343933,1765415343933,0,1.65,0.0000,0.0,0.00
1765415343.954580,4,1435,1351,1765415343954,1765415343954,0,1.62,0.0000,0.0,0.00
1765415343.976634,4,1436,1352,1765415343976,1765415343976,0,1.62,0.0000,0.0,0.00
1765415343.997384,4,1437,1353,1765415343997,1765415343997,0,1.62,0.0000,0.0,0.00
1765415344.019243,4,1438,1354,1765415344018,1765415344019,1,1.53,0.0000,0.0,0.00
1765415344.040174,4,1439,1355,1765415344040,1765415344040,0,1.45,0.0000,0.0,0.00
1765415344.062530,4,1440,1357,1765415344062,1765415344062,0,1.45,0.0000,0.0,0.00
1765415344.083750,4,1441,1358,1765415344083,1765415344083,0,1.45,0.0000,0.0,0.00
1765415344.108023,4,1442,1359,1765415344104,1765415344108,4,1.48,0.0000,0.0,0.00
1765415344.125911,4,1443,1360,1765415344125,1765415344125,0,1.52,0.0000,0.0,0.00
1765415344.147181,4,1444,1361,1765415344147,1765415344147,0,1.52,0.7960,0.0,0.00
1765415344.168660,4,1445,1362,1765415344168,1765415344168,0,1.48,0.6040,0.0,0.00
1765415344.192879,4,1446,1364,1765415344190,1765415344191,1,1.45,0.2080,0.0,0.00
1765415344.212633,4,1447,1365,1765415344211,1765415344211,0,1.47,0.0160,0.0,0.00
1765415344.233185,4,1448,1366,1765415344232,1765415344232,0,1.45,0.0000,0.0,0.00
1765415344.257085,4,1449,1367,1765415344255,1765415344257,2,1.50,0.0000,0.0,0.00
1765415344.276899,4,1450,1368,1765415344276,1765415344276,0,1.53,0.0000,0.0,0.00
1765415344.300835,4,1451,1369,1765415344298,1765415344300,2,1.57,0.0000,0.0,0.00
1765415344.324287,4,1452,1370,1765415344320,1765415344320,0,1.55,0.2160,0.0,0.00
1765415344.341858,4,1453,1371,1765415344341,1765415344341,0,1.52,0.9760,0.0,0.00
1765415344.363111,4,1454,1372,1765415344363,1765415344363,0,1.52,0.7720,0.0,0.00
1765415344.384254,4,1455,1373,1765415344384,1765415344384,0,1.46,0.5800,0.0,0.00
1765415344.405770,4,1456,1374,1765415344405,1765415344405,0,1.42,0.1960,0.0,0.00
1765415344.427125,4,1457,1375,1765415344427,1765415344427,0,1.42,0.0040,0.0,0.00
1765415344.448509,4,1458,1376,1765415344448,1765415344448,0,1.42,0.7960,0.0,0.00
1765415344.471675,4,1459,1379,1765415344469,1765415344471,2,1.42,0.4000,0.0,0.00
1765415344.490804,4,1460,1380,1765415344490,1765415344490,0,1.42,0.1960,0.0,0.00
1765415344.512029,4,1461,1381,1765415344512,1765415344512,0,1.42,0.0000,0.0,0.00
1765415344.533207,4,1462,1382,1765415344533,1765415344533,0,1.42,0.0000,0.0,0.00
1765415344.554784,4,1463,1383,1765415344554,1765415344554,0,1.42,0.0000,0.0,0.00
1765415344.575973,4,1464,1384,1765415344575,1765415344575,0,1.41,0.0000,0.0,0.00
1765415344.598505,4,1465,1385,1765415344598,1765415344598,0,1.38,0.0000,0.0,0.00
1765415344.620900,4,1466,1386,1765415344619,1765415344620,1,1.38,1.0000,0.0,0.00
1765415344.642366,4,1467,1387,1765415344641,1765415344641,0,1.38,0.7960,0.0,0.00
1765415344.663165,4,1468,1388,1765415344663,1765415344663,0,1.30,0.5920,0.0,0.00
1765415344.684406,4,1469,1389,1765415344684,1765415344684,0,1.26,0.3880,0.0,0.00
1765415344.706755,4,1470,1391,1765415344705,1765415344705,0,1.26,0.0000,0.0,0.00
1765415344.727072,4,1471,1392,1765415344727,1765415344727,0,1.22,0.0000,0.0,0.00
1765415344.748681,4,1472,1393,1765415344748,1765415344748,0,1.19,0.0000,0.0,0.00
1765415344.771063,4,1473,1394,1765415344769,1765415344769,0,1.19,0.8080,0.0,0.00
1765415344.791577,4,1474,1395,1765415344791,1765415344791,0,1.15,0.6040,0.0,0.00
1765415344.812370,4,1475,1396,1765415344812,1765415344812,0,1.12,0.4120,0.0,0.00
1765415344.835487,4,1476,1397,1765415344833,1765415344835,2,1.15,0.0160,0.0,0.00
1765415344.854588,4,1477,1398,1765415344854,1765415344854,0,1.18,0.0000,0.0,0.00
1765415344.875854,4,1478,1399,1765415344875,1765415344875,0,1.17,0.0000,0.0,0.00
1765415344.897209,4,1479,1400,1765415344897,1765415344897,0,1.18,0.0000,0.0,0.00
1765415344.920653,4,1480,1401,1765415344919,1765415344920,1,1.19,0.0000,0.0,0.00
1765415344.940774,4,1481,1402,1765415344940,1765415344940,0,1.19,0.0000,0.0,0.00
1765415344.962118,4,1482,1404,1765415344962,1765415344962,0,1.16,0.0000,0.0,0.00
1765415344.986222,4,1483,1405,1765415344983,1765415344985,2,1.18,0.0000,0.0,0.00
1765415345.005263,4,1484,1406,1765415345004,1765415345004,0,1.15,0.0000,0.0,0.00
1765415345.026364,4,1485,1407,1765415345026,1765415345026,0,1.11,0.0000,0.0,0.00
1765415345.048452,4,1486,1408,1765415345048,1765415345048,0,1.11,0.0000,0.0,0.00
1765415345.070230,4,1487,1409,1765415345069,1765415345070,1,1.12,0.0000,0.0,0.00
1765415345.090964,4,1488,1410,1765415345090,1765415345090,0,1.08,0.0000,0.0,0.00
1765415345.112016,4,1489,1411,1765415345112,1765415345112,0,1.02,0.0000,0.0,0.00
1765415345.137158,4,1490,1412,1765415345133,1765415345137,4,1.07,0.2040,0.0,0.00
1765415345.154964,4,1491,1413,1765415345154,1765415345154,0,1.11,1.0000,0.0,0.00
1765415345.176666,4,1492,1414,1765415345176,1765415345176,0,1.11,0.2040,0.0,0.00
1765415345.198365,4,1493,1415,1765415345197,1765415345198,1,1.11,0.0120,0.0,0.00
1765415345.220225,4,1494,1417,1765415345220,1765415345220,0,1.12,0.0000,0.0,0.00
1765415345.241124,4,1495,1418,1765415345241,1765415345241,0,1.12,0.0000,0.0,0.00
1765415345.263190,4,1496,1419,1765415345262,1765415345262,0,1.11,0.0000,0.0,0.00
1765415345.288323,4,1497,1420,1765415345283,1765415345287,4,1.17,0.0000,0.0,0.00
1765415345.304878,4,1498,1421,1765415345304,1765415345304,0,1.23,0.0000,0.0,0.00
1765415345.326071,4,1499,1422,1765415345326,1765415345326,0,1.23,0.0000,0.0,0.00
1765415345.347116,4,1500,1423,1765415345347,1765415345347,0,1.23,0.0000,0.0,0.00
1765415345.370320,4,1501,1424,1765415345369,1765415345370,1,1.25,0.5920,0.0,0.00
1765415345.390345,4,1502,1426,1765415345390,1765415345390,0,1.21,0.3880,0.0,0.00
1765415345.411627,4,1503,1427,1765415345411,1765415345411,0,1.15,0.1840,0.0,0.00
1765415345.432866,4,1504,1428,1765415345432,1765415345432,0,1.14,0.0000,0.0,0.00
1765415345.456942,4,1505,1429,1765415345454,1765415345455,1,1.17,0.0000,0.0,0.00
1765415345.476692,4,1506,1430,1765415345476,1765415345476,0,1.14,0.0000,0.0,0.00
1765415345.497126,4,1507,1431,1765415345497,1765415345497,0,1.13,0.0000,0.0,0.00
1765415345.522774,4,1508,1432,1765415345518,1765415345518,0,1.13,0.0000,0.0,0.00
1765415345.539424,4,1509,1433,1765415345539,1765415345539,0,1.07,0.0000,0.0,0.00
1765415345.561043,4,1510,1434,1765415345561,1765415345561,0,1.04,0.0000,0.0,0.00
1765415345.581809,4,1511,1435,1765415345581,1765415345581,0,1.02,0.0000,0.0,0.00
1765415345.604972,4,1512,1436,1765415345603,1765415345604,1,1.03,0.0000,0.0,0.00
1765415345.624837,4,1513,1437,1765415345624,1765415345624,0,1.04,0.7960,0.0,0.00
1765415345.646370,4,1514,1438,1765415345646,1765415345646,0,1.04,0.5920,0.0,0.00
1765415345.668553,4,1515,1440,1765415345668,1765415345668,0,1.05,0.3880,0.0,0.00
1765415345.689822,4,1516,1441,1765415345689,1765415345689,0,1.05,0.0000,0.0,0.00
1765415345.711461,4,1517,1442,1765415345711,1765415345711,0,1.05,0.0000,0.0,0.00
1765415345.732710,4,1518,1443,1765415345732,1765415345732,0,1.05,0.0000,0.0,0.00
1765415345.755855,4,1519,1444,1765415345754,1765415345755,1,1.05,0.0000,0.0,0.00
1765415345.775257,4,1520,1445,1765415345775,1765415345775,0,1.03,0.0000,0.0,0.00
1765415345.797505,4,1521,1446,1765415345796,1765415345796,0,1.03,0.0000,0.0,0.00
1765415345.823374,4,1522,1447,1765415345818,1765415345822,4,1.10,0.6160,0.0,0.00
1765415345.839515,4,1523,1448,1765415345839,1765415345839,0,1.16,0.4120,0.0,0.00
1765415345.861059,4,1524,1449,1765415345861,1765415345861,0,1.17,0.2200,0.0,0.00
1765415345.883361,4,1525,1451,1765415345882,1765415345883,1,1.15,0.0160,0.0,0.00
1765415345.906352,4,1526,1453,1765415345904,1765415345906,2,1.17,0.7960,0.0,0.00
1765415345.926294,4,1527,1454,1765415345926,1765415345926,0,1.18,0.5920,0.0,0.00
1765415345.947648,4,1528,1456,1765415345947,1765415345947,0,1.18,0.3880,0.0,0.00
1765415345.971335,4,1529,1457,1765415345969,1765415345970,1,1.20,0.0040,0.0,0.00
1765415345.990576,4,1530,1458,1765415345990,1765415345990,0,1.22,0.0000,0.0,0.00
1765415346.011727,4,1531,1459,1765415346011,1765415346011,0,1.21,0.0000,0.0,0.00
1765415346.033351,4,1532,1460,1765415346032,1765415346032,0,1.21,0.0000,0.0,0.00
1765415346.054449,4,1533,1462,1765415346054,1765415346054,0,1.22,0.6040,0.0,0.00
1765415346.076282,4,1534,1463,1765415346076,1765415346076,0,1.22,0.4000,0.0,0.00
1765415346.101651,4,1535,1464,1765415346097,1765415346100,3,1.25,0.0160,0.0,0.00
1765415346.119127,4,1536,1465,1765415346118,1765415346119,1,1.27,0.0000,0.0,0.00
1765415346.140239,4,1537,1466,1765415346139,1765415346140,1,1.23,0.0000,0.0,0.00
1765415346.161543,4,1538,1467,1765415346161,1765415346161,0,1.23,0.0000,0.0,0.00
1765415346.183566,4,1539,1468,1765415346182,1765415346183,1,1.23,0.8080,0.0,0.00
1765415346.203689,4,1540,1469,1765415346203,1765415346203,0,1.23,0.6040,0.0,0.00
1765415346.225232,4,1541,1471,1765415346225,1765415346225,0,1.22,0.4000,0.0,0.00
1765415346.250206,4,1542,1472,1765415346246,1765415346250,4,1.27,0.0040,0.0,0.00
1765415346.268069,4,1543,1473,1765415346268,1765415346268,0,1.30,0.0000,0.0,0.00
1765415346.289449,4,1544,1474,1765415346289,1765415346289,0,1.26,0.0000,0.0,0.00
1765415346.310323,4,1545,1475,1765415346310,1765415346310,0,1.26,0.0000,0.0,0.00
1765415346.331897,4,1546,1476,1765415346331,1765415346331,0,1.25,0.0000,0.0,0.00
1765415346.353327,4,1547,1477,1765415346352,1765415346353,1,1.25,1.0000,0.0,0.00
1765415346.374416,4,1548,1478,1765415346374,1765415346374,0,1.24,1.1427,0.0,0.00
1765415346.399227,4,1549,1480,1765415346395,1765415346399,4,1.29,0.5996,0.0,0.00
1765415346.416997,4,1550,1481,1765415346416,1765415346416,0,1.29,0.3111,0.0,0.00
1765415346.438354,4,1551,1482,1765415346438,1765415346438,0,1.24,0.0396,0.0,0.00
1765415346.459569,4,1552,1483,1765415346459,1765415346459,0,1.23,0.0000,0.0,0.00
1765415346.480870,4,1553,1485,1765415346480,1765415346480,0,1.23,0.0000,0.0,0.00
1765415346.502645,4,1554,1486,1765415346502,1765415346502,0,1.23,0.0000,0.0,0.00
1765415346.523727,4,1555,1487,1765415346523,1765415346523,0,1.23,0.0000,0.0,0.00
1765415346.548171,4,1556,1488,1765415346545,1765415346548,3,1.29,0.5920,0.0,0.00
1765415346.567378,4,1557,1490,1765415346567,1765415346567,0,1.26,0.3880,0.0,0.00
1765415346.588928,4,1558,1491,1765415346588,1765415346588,0,1.20,0.1960,0.0,0.00
1765415346.610190,4,1559,1492,1765415346610,1765415346610,0,1.20,0.0000,0.0,0.00
1765415346.631959,4,1560,1493,1765415346631,1765415346631,0,1.20,0.0000,0.0,0.00
1765415346.654116,4,1561,1494,1765415346653,1765415346653,0,1.18,0.0000,0.0,0.00
1765415346.674416,4,1562,1495,1765415346674,1765415346674,0,1.17,0.0000,0.0,0.00
1765415346.697680,4,1563,1496,1765415346695,1765415346697,2,1.19,0.6040,0.0,0.00
1765415346.716867,4,1564,1497,1765415346716,1765415346716,0,1.22,0.4120,0.0,0.00
1765415346.738723,4,1565,1498,1765415346738,1765415346738,0,1.20,0.2200,0.0,0.00
1765415346.762509,4,1566,1500,1765415346759,1765415346762,3,1.24,0.0000,0.0,0.00
1765415346.781265,4,1567,1501,1765415346781,1765415346781,0,1.27,0.0000,0.0,0.00
1765415346.803453,4,1568,1502,1765415346802,1765415346802,0,1.27,0.0000,0.0,0.00
1765415346.825435,4,1569,1503,1765415346823,1765415346825,2,1.30,0.0000,0.0,0.00
1765415346.845206,4,1570,1504,1765415346845,1765415346845,0,1.31,0.8080,0.0,0.00
1765415346.866408,4,1571,1505,1765415346866,1765415346866,0,1.29,0.6160,0.0,0.00
1765415346.889960,4,1572,1506,1765415346887,1765415346889,2,1.29,0.2200,0.0,0.00
1765415346.909402,4,1573,1507,1765415346909,1765415346909,0,1.29,0.0280,0.0,0.00
1765415346.930859,4,1574,1508,1765415346930,1765415346930,0,1.29,0.0000,0.0,0.00
1765415346.956301,4,1575,1510,1765415346952,1765415346956,4,1.36,0.0000,0.0,0.00
1765415346.974039,4,1576,1511,1765415346974,1765415346974,0,1.41,0.0000,0.0,0.00
1765415347.040620,4,1577,1512,1765415347038,1765415347039,1,2.27,0.0000,0.0,0.00
1765415347.071726,4,1578,1513,1765415347063,1765415347066,3,2.38,0.0000,0.0,0.00
1765415347.095274,4,1579,1514,1765415347095,1765415347095,0,2.53,0.0000,0.0,0.00
1765415347.116706,4,1580,1515,1765415347116,1765415347116,0,2.53,0.0000,0.0,0.00
1765415347.139072,4,1581,1517,1765415347138,1765415347139,1,2.53,0.5920,0.0,0.00
1765415347.159030,4,1582,1518,1765415347159,1765415347159,0,2.46,0.3760,0.0,0.00
1765415347.180290,4,1583,1519,1765415347180,1765415347180,0,2.43,0.1720,0.0,0.00
1765415347.201468,4,1584,1520,1765415347201,1765415347201,0,2.43,0.0000,0.0,0.00
1765415347.224751,4,1585,1521,1765415347222,1765415347223,1,2.43,0.0000,0.0,0.00
1765415347.243633,4,1586,1522,1765415347243,1765415347243,0,2.43,0.0000,0.0,0.00
1765415347.265131,4,1587,1523,1765415347265,1765415347265,0,2.42,0.0000,0.0,0.00
1765415347.285839,4,1588,1524,1765415347285,1765415347285,0,2.43,0.0000,0.0,0.00
1765415347.309104,4,1589,1525,1765415347306,1765415347308,2,2.43,0.0000,0.0,0.00
1765415347.327941,4,1590,1526,1765415347327,1765415347327,0,2.43,0.0000,0.0,0.00
1765415347.350097,4,1591,1528,1765415347348,1765415347350,2,2.44,0.0000,0.0,0.00
1765415347.371007,4,1592,1529,1765415347371,1765415347371,0,2.44,0.0000,0.0,0.00
1765415347.392588,4,1593,1530,1765415347392,1765415347392,0,2.45,0.0000,0.0,0.00
1765415347.413648,4,1594,1531,1765415347413,1765415347413,0,2.46,0.0000,0.0,0.00
1765415347.434880,4,1595,1532,1765415347434,1765415347434,0,2.42,0.0000,0.0,0.00
1765415347.459748,4,1596,1533,1765415347455,1765415347458,3,2.44,0.0000,0.0,0.00
1765415347.476990,4,1597,1534,1765415347476,1765415347476,0,2.47,0.0000,0.0,0.00
1765415347.498535,4,1598,1535,1765415347498,1765415347498,0,2.46,0.1920,0.0,0.00
1765415347.523671,4,1599,1536,1765415347520,1765415347523,3,2.52,0.0000,0.0,0.00
1765415347.542066,4,1600,1538,1765415347542,1765415347542,0,2.53,0.0000,0.0,0.00
1765415347.563390,4,1601,1539,1765415347563,1765415347563,0,2.54,0.0000,0.0,0.00
1765415347.589671,4,1602,1540,1765415347585,1765415347588,3,2.54,0.0000,0.0,0.00
1765415347.606140,4,1603,1541,1765415347606,1765415347606,0,2.54,0.0000,0.0,0.00
1765415347.627621,4,1604,1542,1765415347627,1765415347627,0,2.54,0.0000,0.0,0.00
1765415347.649940,4,1605,1543,1765415347648,1765415347648,0,2.54,0.0000,0.0,0.00
1765415347.671017,4,1606,1544,1765415347671,1765415347671,0,2.54,0.0000,0.0,0.00
1765415347.691722,4,1607,1545,1765415347691,1765415347691,0,2.56,0.0000,0.0,0.00
1765415347.713150,4,1608,1546,1765415347713,1765415347713,0,2.55,0.0000,0.0,0.00
1765415347.737615,4,1609,1547,1765415347734,1765415347737,3,2.53,0.4080,0.0,0.00
1765415347.756805,4,1610,1548,1765415347755,1765415347755,0,2.52,0.2160,0.0,0.00
1765415347.777475,4,1611,1549,1765415347777,1765415347777,0,2.52,0.0240,0.0,0.00
1765415347.798923,4,1612,1550,1765415347798,1765415347798,0,2.52,0.0000,0.0,0.00
1765415347.821001,4,1613,1551,1765415347819,1765415347821,2,2.52,0.0000,0.0,0.00
1765415347.842555,4,1614,1553,1765415347841,1765415347841,0,2.54,0.0000,0.0,0.00
1765415347.863911,4,1615,1554,1765415347863,1765415347863,0,2.53,0.0000,0.0,0.00
1765415347.886932,4,1616,1555,1765415347884,1765415347885,1,2.47,0.0000,0.0,0.00
1765415347.905721,4,1617,1556,1765415347905,1765415347905,0,2.46,0.0000,0.0,0.00
1765415347.927346,4,1618,1557,1765415347927,1765415347927,0,2.45,0.0000,0.0,0.00
1765415347.952402,4,1619,1558,1765415347948,1765415347952,4,2.51,0.6040,0.0,0.00
1765415347.969284,4,1620,1559,1765415347969,1765415347969,0,2.55,0.4120,0.0,0.00
1765415347.990653,4,1621,1560,1765415347990,1765415347990,0,2.56,0.2080,0.0,0.00
1765415348.012615,4,1622,1561,1765415348011,1765415348011,0,2.56,0.0040,0.0,0.00
1765415348.035399,4,1623,1562,1765415348033,1765415348035,2,2.59,0.0000,0.0,0.00
1765415348.054918,4,1624,1563,1765415348054,1765415348054,0,2.59,0.0000,0.0,0.00
1765415348.077050,4,1625,1565,1765415348076,1765415348076,0,2.59,0.0000,0.0,0.00
1765415348.102300,4,1626,1566,1765415348097,1765415348101,4,2.61,0.2040,0.0,0.00
1765415348.120572,4,1627,1567,1765415348119,1765415348119,0,2.62,1.0000,0.0,0.00
1765415348.140654,4,1628,1568,1765415348140,1765415348140,0,2.62,0.7960,0.0,0.00
1765415348.162102,4,1629,1569,1765415348162,1765415348162,0,2.61,0.5920,0.0,0.00
1765415348.185547,4,1630,1570,1765415348183,1765415348185,2,2.60,0.1840,0.0,0.00
1765415348.205194,4,1631,1571,1765415348205,1765415348205,0,2.61,0.0000,0.0,0.00
1765415348.226367,4,1632,1572,1765415348226,1765415348226,0,2.61,0.0000,0.0,0.00
1765415348.248157,4,1633,1573,1765415348247,1765415348248,1,2.59,0.0000,0.0,0.00
1765415348.269190,4,1634,1575,1765415348269,1765415348269,0,2.59,0.0000,0.0,0.00
1765415348.290357,4,1635,1577,1765415348290,1765415348290,0,2.51,0.0000,0.0,0.00
1765415348.312073,4,1636,1578,1765415348312,1765415348312,0,2.47,0.0000,0.0,0.00
1765415348.335539,4,1637,1579,1765415348332,1765415348335,3,1.61,0.0000,0.0,0.00
1765415348.354276,4,1638,1580,1765415348353,1765415348354,1,1.55,0.0000,0.0,0.00
1765415348.374733,4,1639,1581,1765415348374,1765415348374,0,1.43,0.0000,0.0,0.00
1765415348.396630,4,1640,1582,1765415348396,1765415348396,0,1.43,0.0000,0.0,0.00
1765415348.419668,4,1641,1583,1765415348417,1765415348419,2,1.43,0.0000,0.0,0.00
1765415348.439114,4,1642,1584,1765415348439,1765415348439,0,1.43,0.0000,0.0,0.00
1765415348.460706,4,1643,1586,1765415348460,1765415348460,0,1.43,0.0000,0.0,0.00
1765415348.481591,4,1644,1588,1765415348481,1765415348481,0,1.43,0.0000,0.0,0.00
1765415348.505272,4,1645,1589,1765415348502,1765415348503,1,1.43,0.0000,0.0,0.00
1765415348.523845,4,1646,1590,1765415348523,1765415348523,0,1.43,0.0000,0.0,0.00
1765415348.545239,4,1647,1591,1765415348545,1765415348545,0,1.43,0.0000,0.0,0.00
1765415348.570110,4,1648,1593,1765415348567,1765415348570,3,1.48,0.6040,0.0,0.00
1765415348.589343,4,1649,1594,1765415348588,1765415348588,0,1.50,0.4000,0.0,0.00
1765415348.609914,4,1650,1595,1765415348609,1765415348609,0,1.47,0.1960,0.0,0.00
1765415348.630677,4,1651,1596,1765415348630,1765415348630,0,1.44,0.0040,0.0,0.00
1765415348.657372,4,1652,1598,1765415348652,1765415348657,5,1.54,0.0000,0.0,0.00
1765415348.673276,4,1653,1599,1765415348673,1765415348673,0,1.62,0.0000,0.0,0.00
1765415348.695056,4,1654,1600,1765415348695,1765415348695,0,1.62,0.0000,0.0,0.00
1765415348.716307,4,1655,1601,1765415348716,1765415348716,0,1.62,0.0000,0.0,0.00
1765415348.740416,4,1656,1602,1765415348737,1765415348740,3,1.62,0.0000,0.0,0.00
1765415348.758894,4,1657,1603,1765415348758,1765415348758,0,1.62,0.0000,0.0,0.00
1765415348.781407,4,1658,1604,1765415348781,1765415348781,0,1.64,0.0000,0.0,0.00
1765415348.805670,4,1659,1605,1765415348802,1765415348805,3,1.62,1.1683,0.0,0.00
1765415348.825081,4,1660,1607,1765415348824,1765415348824,0,1.62,0.8909,0.0,0.00
1765415348.845521,4,1661,1608,1765415348845,1765415348845,0,1.62,0.6236,0.0,0.00
1765415348.866387,4,1662,1609,1765415348866,1765415348866,0,1.56,0.3880,0.0,0.00
1765415348.888991,4,1663,1610,1765415348887,1765415348888,1,1.52,0.0000,0.0,0.00
1765415348.909014,4,1664,1611,1765415348909,1765415348909,0,1.52,0.0000,0.0,0.00
1765415348.929886,4,1665,1612,1765415348929,1765415348929,0,1.54,0.0000,0.0,0.00
1765415348.955925,4,1666,1614,1765415348951,1765415348954,3,1.58,0.0000,0.0,0.00
1765415348.972879,4,1667,1615,1765415348972,1765415348972,0,1.61,0.0000,0.0,0.00
1765415348.995065,4,1668,1617,1765415348994,1765415348994,0,1.61,0.0000,0.0,0.00
1765415349.015851,4,1669,1618,1765415349015,1765415349015,0,1.56,0.0000,0.0,0.00
1765415349.037969,4,1670,1619,1765415349037,1765415349037,0,1.52,0.8080,0.0,0.00
1765415349.059598,4,1671,1620,1765415349059,1765415349059,0,1.52,0.6040,0.0,0.00
1765415349.081125,4,1672,1621,1765415349081,1765415349081,0,1.53,0.4000,0.0,0.00
1765415349.106097,4,1673,1622,1765415349102,1765415349106,4,1.56,0.0000,0.0,0.00
1765415349.124567,4,1674,1623,1765415349124,1765415349124,0,1.60,0.0000,0.0,0.00
1765415349.145552,4,1675,1624,1765415349145,1765415349145,0,1.59,0.0000,0.0,0.00
1765415349.167329,4,1676,1625,1765415349167,1765415349167,0,1.59,0.0000,0.0,0.00
1765415349.190692,4,1677,1627,1765415349189,1765415349190,1,1.60,0.8080,0.0,0.00
1765415349.210549,4,1678,1628,1765415349210,1765415349210,0,1.61,0.6160,0.0,0.00
1765415349.231905,4,1679,1629,1765415349231,1765415349231,0,1.55,0.4240,0.0,0.00
1765415349.255455,4,1680,1630,1765415349253,1765415349255,2,1.53,0.0280,0.0,0.00
1765415349.274619,4,1681,1631,1765415349274,1765415349274,0,1.56,0.0000,0.0,0.00
1765415349.295979,4,1682,1632,1765415349295,1765415349295,0,1.56,0.0000,0.0,0.00
1765415349.319801,4,1683,1633,1765415349317,1765415349319,2,1.56,0.0000,0.0,0.00
1765415349.338472,4,1684,1634,1765415349338,1765415349338,0,1.56,0.0000,0.0,0.00
1765415349.360080,4,1685,1635,1765415349360,1765415349360,0,1.56,0.0000,0.0,0.00
1765415349.381044,4,1686,1637,1765415349381,1765415349381,0,1.50,0.0000,0.0,0.00
1765415349.402125,4,1687,1638,1765415349402,1765415349402,0,1.45,0.0000,0.0,0.00
1765415349.424340,4,1688,1639,1765415349423,1765415349423,0,1.45,0.0000,0.0,0.00
1765415349.444881,4,1689,1640,1765415349444,1765415349444,0,1.45,0.0000,0.0,0.00
1765415349.468093,4,1690,1641,1765415349465,1765415349468,3,1.47,1.0000,0.0,0.00
1765415349.487785,4,1691,1642,1765415349487,1765415349487,0,1.48,0.8080,0.0,0.00
1765415349.509693,4,1692,1643,1765415349509,1765415349509,0,1.49,0.0000,0.0,0.00
1765415349.530538,4,1693,1644,1765415349530,1765415349530,0,1.48,0.0000,0.0,0.00
1765415349.552302,4,1694,1645,1765415349551,1765415349552,1,1.49,0.0000,0.0,0.00
1765415349.573445,4,1695,1646,1765415349572,1765415349573,1,1.49,0.0000,0.0,0.00
1765415349.594420,4,1696,1648,1765415349594,1765415349594,0,1.48,0.0000,0.0,0.00
1765415349.615583,4,1697,1649,1765415349615,1765415349615,0,1.46,0.0000,0.0,0.00
1765415349.637220,4,1698,1650,1765415349637,1765415349637,0,1.43,0.0000,0.0,0.00
1765415349.658190,4,1699,1651,1765415349658,1765415349658,0,1.42,0.0000,0.0,0.00
1765415349.679802,4,1700,1652,1765415349679,1765415349679,0,1.41,0.0000,0.0,0.00
1765415349.702592,4,1701,1653,1765415349701,1765415349702,1,1.41,0.0000,0.0,0.00
1765415349.722825,4,1702,1654,1765415349722,1765415349722,0,1.41,0.0000,0.0,0.00
1765415349.744178,4,1703,1655,1765415349743,1765415349743,0,1.41,0.0000,0.0,0.00
1765415349.769027,4,1704,1656,1765415349764,1765415349769,5,1.50,0.0000,0.0,0.00
1765415349.786353,4,1705,1658,1765415349786,1765415349786,0,1.55,0.0000,0.0,0.00
1765415349.807933,4,1706,1659,1765415349807,1765415349807,0,1.53,0.0000,0.0,0.00
1765415349.829199,4,1707,1660,1765415349829,1765415349829,0,1.53,0.0000,0.0,0.00
1765415349.850295,4,1708,1662,1765415349850,1765415349850,0,1.47,0.5920,0.0,0.00
1765415349.871588,4,1709,1663,1765415349871,1765415349871,0,1.43,0.4000,0.0,0.00
1765415349.894380,4,1710,1664,1765415349893,1765415349893,0,1.43,0.1960,0.0,0.00
1765415349.919018,4,1711,1665,1765415349914,1765415349914,0,1.43,0.0000,0.0,0.00
1765415349.936088,4,1712,1666,1765415349936,1765415349936,0,1.34,0.0000,0.0,0.00
1765415349.956896,4,1713,1667,1765415349956,1765415349956,0,1.28,0.0000,0.0,0.00
1765415349.978365,4,1714,1668,1765415349978,1765415349978,0,1.28,1.0000,0.0,0.00
1765415350.000341,4,1715,1669,1765415350000,1765415350000,0,1.29,0.6040,0.0,0.00
1765415350.021046,4,1716,1670,1765415350021,1765415350021,0,1.24,0.4000,0.0,0.00
1765415350.042459,4,1717,1671,1765415350042,1765415350042,0,1.20,1.1960,0.0,0.00
1765415350.068648,4,1718,1672,1765415350063,1765415350068,5,1.26,0.8000,0.0,0.00
1765415350.085581,4,1719,1674,1765415350085,1765415350085,0,1.27,0.5960,0.0,0.00
1765415350.109178,4,1720,1675,1765415350108,1765415350108,0,1.27,0.4040,0.0,0.00
1765415350.130401,4,1721,1676,1765415350129,1765415350129,0,1.27,0.2000,0.0,0.00
1765415350.150803,4,1722,1677,1765415350150,1765415350150,0,1.27,0.0000,0.0,0.00
1765415350.172753,4,1723,1678,1765415350171,1765415350171,0,1.26,0.0000,0.0,0.00
1765415350.194113,4,1724,1679,1765415350193,1765415350193,0,1.27,0.0000,0.0,0.00
1765415350.217142,4,1725,1680,1765415350214,1765415350216,2,1.28,0.8080,0.0,0.00
1765415350.237299,4,1726,1681,1765415350236,1765415350236,0,1.23,0.6040,0.0,0.00
1765415350.258234,4,1727,1682,1765415350258,1765415350258,0,1.19,0.4120,0.0,0.00
1765415350.279885,4,1728,1684,1765415350279,1765415350279,0,1.19,0.0280,0.0,0.00
1765415350.300824,4,1729,1685,1765415350300,1765415350300,0,1.19,0.0000,0.0,0.00
1765415350.321873,4,1730,1686,1765415350321,1765415350321,0,1.18,0.0000,0.0,0.00
1765415350.346896,4,1731,1687,1765415350343,1765415350346,3,1.24,0.0000,0.0,0.00
1765415350.364812,4,1732,1688,1765415350364,1765415350364,0,1.27,0.0000,0.0,0.00
1765415350.386470,4,1733,1689,1765415350386,1765415350386,0,1.21,0.0000,0.0,0.00
1765415350.407730,4,1734,1690,1765415350407,1765415350407,0,1.17,0.0000,0.0,0.00
1765415350.430319,4,1735,1691,1765415350429,1765415350430,1,1.20,0.0000,0.0,0.00
1765415350.450877,4,1736,1693,1765415350450,1765415350450,0,1.21,0.0000,0.0,0.00
1765415350.473069,4,1737,1694,1765415350472,1765415350472,0,1.19,0.7960,0.0,0.00
1765415350.497696,4,1738,1696,1765415350493,1765415350496,3,1.22,0.3880,0.0,0.00
1765415350.515307,4,1739,1697,1765415350515,1765415350515,0,1.25,0.1960,0.0,0.00
1765415350.536835,4,1740,1698,1765415350536,1765415350536,0,1.20,0.0000,0.0,0.00
1765415350.559281,4,1741,1699,1765415350558,1765415350558,0,1.18,0.0000,0.0,0.00
1765415350.580462,4,1742,1700,1765415350579,1765415350580,1,1.19,0.0000,0.0,0.00
1765415350.601036,4,1743,1701,1765415350601,1765415350601,0,1.14,0.0000,0.0,0.00
1765415350.622952,4,1744,1702,1765415350621,1765415350621,0,1.13,0.0000,0.0,0.00
1765415350.647527,4,1745,1703,1765415350643,1765415350646,3,1.19,0.0000,0.0,0.00
1765415350.665884,4,1746,1705,1765415350665,1765415350665,0,1.21,0.0000,0.0,0.00
1765415350.686805,4,1747,1706,1765415350686,1765415350686,0,1.21,0.0000,0.0,0.00
1765415350.707882,4,1748,1707,1765415350707,1765415350707,0,1.21,0.0000,0.0,0.00
1765415350.728970,4,1749,1708,1765415350728,1765415350728,0,1.21,0.0000,0.0,0.00
1765415350.750582,4,1750,1709,1765415350750,1765415350750,0,1.17,0.0000,0.0,0.00
1765415350.772504,4,1751,1710,1765415350771,1765415350771,0,1.15,0.0000,0.0,0.00
1765415350.796783,4,1752,1711,1765415350793,1765415350795,2,1.19,0.5800,0.0,0.00
1765415350.814686,4,1753,1712,1765415350814,1765415350814,0,1.21,0.3760,0.0,0.00
1765415350.837039,4,1754,1713,1765415350836,1765415350836,0,1.21,0.1720,0.0,0.00
1765415350.858376,4,1755,1714,1765415350857,1765415350857,0,1.21,0.0000,0.0,0.00
1765415350.880866,4,1756,1715,1765415350878,1765415350880,2,1.24,0.0000,0.0,0.00
1765415350.900889,4,1757,1717,1765415350899,1765415350899,0,1.27,0.0000,0.0,0.00
1765415350.921139,4,1758,1718,1765415350921,1765415350921,0,1.27,0.0000,0.0,0.00
1765415350.946825,4,1759,1719,1765415350943,1765415350946,3,1.33,0.0000,0.0,0.00
1765415350.964895,4,1760,1720,1765415350964,1765415350964,0,1.37,0.0000,0.0,0.00
1765415350.987753,4,1761,1721,1765415350987,1765415350987,0,1.37,0.0000,0.0,0.00
1765415351.008639,4,1762,1722,1765415351008,1765415351008,0,1.36,1.0000,0.0,0.00
1765415351.030442,4,1763,1723,1765415351030,1765415351030,0,1.36,1.6160,0.0,0.00
1765415351.052318,4,1764,1724,1765415351051,1765415351052,1,1.29,1.4120,0.0,0.00
1765415351.073937,4,1765,1725,1765415351072,1765415351072,0,1.24,1.2080,0.0,0.00
1765415351.098935,4,1766,1727,1765415351094,1765415351097,3,1.30,0.7880,0.0,0.00
1765415351.116788,4,1767,1728,1765415351116,1765415351116,0,1.33,0.5840,0.0,0.00
1765415351.138119,4,1768,1729,1765415351137,1765415351138,1,1.33,0.3800,0.0,0.00
1765415351.158828,4,1769,1730,1765415351158,1765415351158,0,1.35,0.1880,0.0,0.00
1765415351.180978,4,1770,1731,1765415351180,1765415351180,0,1.35,0.7920,0.0,0.00
1765415351.202103,4,1771,1732,1765415351202,1765415351202,0,1.35,0.5880,0.0,0.00
1765415351.223267,4,1772,1733,1765415351223,1765415351223,0,1.35,0.3960,0.0,0.00
1765415351.247532,4,1773,1734,1765415351244,1765415351247,3,1.37,0.0000,0.0,0.00
1765415351.265686,4,1774,1735,1765415351265,1765415351265,0,1.41,0.0000,0.0,0.00
1765415351.287088,4,1775,1737,1765415351287,1765415351287,0,1.41,0.0000,0.0,0.00
1765415351.309824,4,1776,1739,1765415351308,1765415351308,0,1.41,0.0000,0.0,0.00
1765415351.331547,4,1777,1740,1765415351330,1765415351330,0,1.42,0.0000,0.0,0.00
1765415351.351449,4,1778,1741,1765415351351,1765415351351,0,1.34,0.0000,0.0,0.00
1765415351.373549,4,1779,1742,1765415351372,1765415351372,0,1.28,0.8080,0.0,0.00
1765415351.397094,4,1780,1743,1765415351394,1765415351397,3,1.32,0.4240,0.0,0.00
1765415351.415647,4,1781,1744,1765415351415,1765415351415,0,1.36,0.2320,0.0,0.00
1765415351.437884,4,1782,1745,1765415351436,1765415351436,0,1.36,0.0400,0.0,0.00
1765415351.462631,4,1783,1746,1765415351458,1765415351461,3,1.42,0.0000,0.0,0.00
1765415351.480042,4,1784,1748,1765415351480,1765415351480,0,1.45,0.0000,0.0,0.00
1765415351.502108,4,1785,1749,1765415351501,1765415351502,1,1.43,0.0000,0.0,0.00
1765415351.522578,4,1786,1750,1765415351522,1765415351522,0,1.43,0.0000,0.0,0.00
1765415351.545103,4,1787,1751,1765415351544,1765415351545,1,1.45,0.7960,0.0,0.00
1765415351.565065,4,1788,1752,1765415351565,1765415351565,0,1.46,0.5920,0.0,0.00
1765415351.587725,4,1789,1753,1765415351586,1765415351586,0,1.46,0.3880,0.0,0.00
1765415351.613150,4,1790,1754,1765415351608,1765415351613,5,1.55,0.0000,0.0,0.00
1765415351.632441,4,1791,1756,1765415351629,1765415351631,2,1.54,0.0000,0.0,0.00
1765415351.650981,4,1792,1757,1765415351650,1765415351650,0,1.53,1.0000,0.0,0.00
1765415351.672464,4,1793,1758,1765415351672,1765415351672,0,1.53,0.8080,0.0,0.00
1765415351.694594,4,1794,1759,1765415351693,1765415351694,1,1.53,0.4120,0.0,0.00
1765415351.715076,4,1795,1760,1765415351715,1765415351715,0,1.51,0.2080,0.0,0.00
1765415351.736558,4,1796,1761,1765415351736,1765415351736,0,1.50,0.0000,0.0,0.00
1765415351.757994,4,1797,1762,1765415351757,1765415351757,0,1.49,0.0000,0.0,0.00
1765415351.779442,4,1798,1763,1765415351779,1765415351779,0,1.45,0.0000,0.0,0.00
1765415351.800686,4,1799,1764,1765415351800,1765415351800,0,1.43,0.0000,0.0,0.00
1765415351.823191,4,1800,1765,1765415351822,1765415351822,0,1.43,0.0000,0.0,0.00
1765415351.846610,4,1801,1766,1765415351844,1765415351845,1,1.45,0.6040,0.0,0.00
1765415351.866689,4,1802,1768,1765415351865,1765415351865,0,1.46,0.4120,0.0,0.00
1765415351.887913,4,1803,1769,1765415351887,1765415351887,0,1.46,0.2080,0.0,0.00
1765415351.912453,4,1804,1770,1765415351908,1765415351912,4,1.50,0.0000,0.0,0.00
1765415351.930116,4,1805,1771,1765415351930,1765415351930,0,1.49,0.0000,0.0,0.00
1765415351.952183,4,1806,1773,1765415351952,1765415351952,0,1.47,0.0000,0.0,0.00
1765415351.975153,4,1807,1774,1765415351975,1765415351975,0,1.48,0.0000,0.0,0.00
1765415352.095552,4,1808,1777,1765415352087,1765415352094,7,3.70,0.0000,0.0,0.00
1765415352.112155,4,1809,1778,1765415352111,1765415352111,0,3.72,0.0000,0.0,0.00
1765415352.132579,4,1810,1779,1765415352132,1765415352132,0,3.72,0.0000,0.0,0.00
1765415352.158221,4,1811,1780,1765415352154,1765415352158,4,3.79,0.0000,0.0,0.00
1765415352.175834,4,1812,1781,1765415352175,1765415352175,0,3.80,0.0000,0.0,0.00
1765415352.197234,4,1813,1782,1765415352197,1765415352197,0,3.79,0.0000,0.0,0.00
1765415352.219796,4,1814,1783,1765415352219,1765415352219,0,3.79,0.0000,0.0,0.00
1765415352.241062,4,1815,1785,1765415352240,1765415352240,0,3.79,0.0000,0.0,0.00
1765415352.262843,4,1816,1786,1765415352261,1765415352261,0,3.79,0.0000,0.0,0.00
1765415352.283433,4,1817,1787,1765415352282,1765415352283,1,3.78,0.0000,0.0,0.00
1765415352.307308,4,1818,1788,1765415352304,1765415352306,2,3.77,0.0000,0.0,0.00
1765415352.325399,4,1819,1789,1765415352325,1765415352325,0,3.74,0.0000,0.0,0.00
1765415352.346734,4,1820,1790,1765415352346,1765415352346,0,3.72,0.7960,0.0,0.00
1765415352.369138,4,1821,1791,1765415352368,1765415352368,0,3.73,1.1683,0.0,0.00
1765415352.389335,4,1822,1792,1765415352389,1765415352389,0,3.73,0.6541,0.0,0.00
1765415352.411759,4,1823,1794,1765415352410,1765415352410,0,3.73,0.4249,0.0,0.00
1765415352.432454,4,1824,1795,1765415352432,1765415352432,0,3.73,0.2320,0.0,0.00
1765415352.455606,4,1825,1796,1765415352454,1765415352454,0,3.72,0.0000,0.0,0.00
1765415352.476036,4,1826,1797,1765415352476,1765415352476,0,3.67,0.0000,0.0,0.00
1765415352.497272,4,1827,1799,1765415352497,1765415352497,0,3.66,0.0000,0.0,0.00
1765415352.519230,4,1828,1800,1765415352518,1765415352518,0,3.67,0.0000,0.0,0.00
1765415352.539756,4,1829,1801,1765415352539,1765415352539,0,3.66,0.5920,0.0,0.00
1765415352.561470,4,1830,1802,1765415352561,1765415352561,0,3.66,0.3880,0.0,0.00
1765415352.582425,4,1831,1803,1765415352582,1765415352582,0,3.67,0.1840,0.0,0.00
1765415352.604178,4,1832,1804,1765415352603,1765415352604,1,3.66,0.0000,0.0,0.00
1765415352.625479,4,1833,1806,1765415352625,1765415352625,0,3.64,0.0000,0.0,0.00
1765415352.646610,4,1834,1807,1765415352646,1765415352646,0,3.63,0.0000,0.0,0.00
1765415352.668146,4,1835,1808,1765415352668,1765415352668,0,3.63,0.0000,0.0,0.00
1765415352.691447,4,1836,1809,1765415352689,1765415352690,1,3.63,0.0000,0.0,0.00
1765415352.710600,4,1837,1810,1765415352710,1765415352710,0,3.63,0.0000,0.0,0.00
1765415352.732203,4,1838,1811,1765415352732,1765415352732,0,3.63,0.0000,0.0,0.00
1765415352.756977,4,1839,1812,1765415352753,1765415352756,3,3.65,0.0000,0.0,0.00
1765415352.774843,4,1840,1814,1765415352774,1765415352774,0,3.62,0.0000,0.0,0.00
1765415352.796879,4,1841,1815,1765415352795,1765415352795,0,3.60,0.0000,0.0,0.00
1765415352.817291,4,1842,1816,1765415352817,1765415352817,0,3.60,1.0000,0.0,0.00
1765415352.839143,4,1843,1817,1765415352839,1765415352839,0,3.54,0.6040,0.0,0.00
1765415352.860358,4,1844,1818,1765415352860,1765415352860,0,3.53,0.4000,0.0,0.00
1765415352.882449,4,1845,1819,1765415352882,1765415352882,0,3.53,0.2080,0.0,0.00
1765415352.906944,4,1846,1820,1765415352904,1765415352905,1,3.53,0.0000,0.0,0.00
1765415352.926468,4,1847,1821,1765415352925,1765415352925,0,3.53,0.0000,0.0,0.00
1765415352.946923,4,1848,1822,1765415352946,1765415352946,0,3.53,0.0000,0.0,0.00
1765415352.967963,4,1849,1823,1765415352967,1765415352967,0,3.53,0.0000,0.0,0.00
1765415352.990800,4,1850,1825,1765415352989,1765415352989,0,3.42,0.0000,0.0,0.00
1765415353.012246,4,1851,1826,1765415353011,1765415353011,0,3.40,0.0000,0.0,0.00
1765415353.032496,4,1852,1827,1765415353032,1765415353032,0,3.40,0.0000,0.0,0.00
1765415353.058600,4,1853,1828,1765415353053,1765415353057,4,3.45,0.0000,0.0,0.00
1765415353.074983,4,1854,1829,1765415353074,1765415353074,0,3.47,0.0000,0.0,0.00
1765415353.095940,4,1855,1830,1765415353095,1765415353095,0,3.47,0.0000,0.0,0.00
1765415353.118324,4,1856,1831,1765415353118,1765415353118,0,3.46,0.0000,0.0,0.00
1765415353.139310,4,1857,1832,1765415353139,1765415353139,0,3.46,0.0000,0.0,0.00
1765415353.162206,4,1858,1834,1765415353161,1765415353161,0,3.46,0.8080,0.0,0.00
1765415353.182390,4,1859,1835,1765415353182,1765415353182,0,3.46,0.6040,0.0,0.00
1765415353.206720,4,1860,1837,1765415353203,1765415353206,3,3.49,0.2080,0.0,0.00
1765415353.224633,4,1861,1838,1765415353224,1765415353224,0,3.51,0.0160,0.0,0.00
1765415353.246424,4,1862,1839,1765415353246,1765415353246,0,3.50,0.0000,0.0,0.00
1765415353.271367,4,1863,1840,1765415353267,1765415353270,3,3.52,0.0000,0.0,0.00
1765415353.289177,4,1864,1841,1765415353288,1765415353289,1,3.48,0.8080,0.0,0.00
1765415353.311431,4,1865,1842,1765415353311,1765415353311,0,3.46,0.6160,0.0,0.00
1765415353.332328,4,1866,1843,1765415353332,1765415353332,0,3.47,0.4120,0.0,0.00
1765415353.353971,4,1867,1844,1765415353353,1765415353353,0,3.48,0.0160,0.0,0.00
1765415353.375569,4,1868,1845,1765415353375,1765415353375,0,1.16,0.0000,0.0,0.00
1765415353.398717,4,1869,1847,1765415353397,1765415353397,0,1.10,0.0000,0.0,0.00
1765415353.420227,4,1870,1848,1765415353419,1765415353419,0,1.10,0.0000,0.0,0.00
1765415353.440725,4,1871,1849,1765415353439,1765415353439,0,1.05,0.0000,0.0,0.00
1765415353.461275,4,1872,1850,1765415353461,1765415353461,0,0.99,0.0000,0.0,0.00
1765415353.485516,4,1873,1852,1765415353483,1765415353485,2,1.02,0.0000,0.0,0.00
1765415353.504361,4,1874,1853,1765415353504,1765415353504,0,1.05,0.8080,0.0,0.00
1765415353.525893,4,1875,1854,1765415353525,1765415353525,0,1.05,0.6160,0.0,0.00
1765415353.550045,4,1876,1855,1765415353547,1765415353550,3,1.10,0.2200,0.0,0.00
1765415353.568756,4,1877,1856,1765415353568,1765415353568,0,1.15,0.0160,0.0,0.00
1765415353.590080,4,1878,1857,1765415353590,1765415353590,0,1.13,0.0000,0.0,0.00
1765415353.615863,4,1879,1859,1765415353612,1765415353612,0,1.10,0.0000,0.0,0.00
1765415353.633077,4,1880,1860,1765415353633,1765415353633,0,1.10,0.8080,0.0,0.00
1765415353.654479,4,1881,1861,1765415353654,1765415353654,0,1.10,0.6160,0.0,0.00
1765415353.680244,4,1882,1862,1765415353676,1765415353680,4,1.17,0.2200,0.0,0.00
1765415353.697451,4,1883,1863,1765415353697,1765415353697,0,1.23,0.0280,0.0,0.00
1765415353.718837,4,1884,1864,1765415353718,1765415353718,0,1.23,0.0000,0.0,0.00
1765415353.740291,4,1885,1865,1765415353740,1765415353740,0,1.23,0.0000,0.0,0.00
1765415353.762879,4,1886,1866,1765415353761,1765415353762,1,1.23,0.0000,0.0,0.00
1765415353.782908,4,1887,1868,1765415353782,1765415353782,0,1.25,0.0000,0.0,0.00
1765415353.803941,4,1888,1869,1765415353803,1765415353803,0,1.25,0.0000,0.0,0.00
1765415353.825661,4,1889,1870,1765415353825,1765415353825,0,1.25,0.7960,0.0,0.00
1765415353.847197,4,1890,1871,1765415353847,1765415353847,0,1.25,0.4000,0.0,0.00
1765415353.870501,4,1891,1872,1765415353868,1765415353869,1,1.25,0.1960,0.0,0.00
1765415353.891129,4,1892,1873,1765415353890,1765415353890,0,1.25,0.0040,0.0,0.00
1765415353.912830,4,1893,1874,1765415353911,1765415353911,0,1.25,0.0000,0.0,0.00
1765415353.933207,4,1894,1875,1765415353933,1765415353933,0,1.25,0.0000,0.0,0.00
1765415353.954027,4,1895,1876,1765415353954,1765415353954,0,1.25,0.0000,0.0,0.00
1765415353.976873,4,1896,1877,1765415353975,1765415353975,0,1.25,0.7960,0.0,0.00
1765415353.998538,4,1897,1879,1765415353997,1765415353997,0,1.23,0.4000,0.0,0.00
1765415354.019164,4,1898,1880,1765415354018,1765415354019,1,1.23,0.1840,0.0,0.00
1765415354.039433,4,1899,1881,1765415354039,1765415354039,0,1.22,0.0000,0.0,0.00
1765415354.063654,4,1900,1882,1765415354060,1765415354063,3,1.20,0.0000,0.0,0.00
1765415354.082896,4,1901,1883,1765415354081,1765415354081,0,1.25,0.0000,0.0,0.00
1765415354.103440,4,1902,1884,1765415354103,1765415354103,0,1.25,0.0000,0.0,0.00
1765415354.124863,4,1903,1885,1765415354124,1765415354124,0,1.25,0.0000,0.0,0.00
1765415354.146110,4,1904,1886,1765415354146,1765415354146,0,1.25,0.8080,0.0,0.00
1765415354.167680,4,1905,1888,1765415354167,1765415354167,0,1.25,0.6160,0.0,0.00
1765415354.190407,4,1906,1889,1765415354189,1765415354189,0,1.23,0.4120,0.0,0.00
1765415354.211905,4,1907,1890,1765415354210,1765415354211,1,1.22,0.0040,0.0,0.00
1765415354.232116,4,1908,1891,1765415354232,1765415354232,0,1.22,0.0000,0.0,0.00
1765415354.254142,4,1909,1892,1765415354253,1765415354253,0,1.22,0.0000,0.0,0.00
1765415354.277793,4,1910,1893,1765415354274,1765415354277,3,1.25,0.0000,0.0,0.00
1765415354.296001,4,1911,1894,1765415354296,1765415354296,0,1.28,0.0000,0.0,0.00
1765415354.317350,4,1912,1895,1765415354317,1765415354317,0,1.28,0.7960,0.0,0.00
1765415354.338732,4,1913,1897,1765415354338,1765415354338,0,1.23,0.5800,0.0,0.00
1765415354.362808,4,1914,1898,1765415354359,1765415354362,3,1.20,0.1840,0.0,0.00
1765415354.381421,4,1915,1899,1765415354381,1765415354381,0,1.23,0.0000,0.0,0.00
1765415354.402080,4,1916,1900,1765415354402,1765415354402,0,1.21,0.0000,0.0,0.00
1765415354.423255,4,1917,1901,1765415354423,1765415354423,0,1.21,0.0000,0.0,0.00
1765415354.444901,4,1918,1902,1765415354444,1765415354444,0,1.21,0.0000,0.0,0.00
1765415354.467222,4,1919,1903,1765415354467,1765415354467,0,1.23,0.0000,0.0,0.00
1765415354.488422,4,1920,1904,1765415354488,1765415354488,0,1.19,0.0000,0.0,0.00
1765415354.511819,4,1921,1907,1765415354510,1765415354511,1,1.17,0.0000,0.0,0.00
1765415354.532688,4,1922,1908,1765415354532,1765415354532,0,1.16,0.7960,0.0,0.00
1765415354.554018,4,1923,1909,1765415354554,1765415354554,0,1.13,0.6040,0.0,0.00
1765415354.577290,4,1924,1910,1765415354575,1765415354577,2,1.12,0.2080,0.0,0.00
1765415354.596692,4,1925,1911,1765415354596,1765415354596,0,1.14,0.0040,0.0,0.00
1765415354.618005,4,1926,1912,1765415354618,1765415354618,0,1.15,0.0000,0.0,0.00
1765415354.643654,4,1927,1913,1765415354639,1765415354639,0,1.15,0.0000,0.0,0.00
1765415354.661237,4,1928,1914,1765415354660,1765415354661,1,1.15,0.0000,0.0,0.00
1765415354.682056,4,1929,1915,1765415354682,1765415354682,0,1.14,0.7960,0.0,0.00
1765415354.703591,4,1930,1917,1765415354703,1765415354703,0,1.14,0.5920,0.0,0.00
1765415354.728942,4,1931,1918,1765415354725,1765415354728,3,1.18,0.1720,0.0,0.00
1765415354.746627,4,1932,1919,1765415354746,1765415354746,0,1.23,0.0000,0.0,0.00
1765415354.768098,4,1933,1920,1765415354768,1765415354768,0,1.19,1.0000,0.0,0.00
1765415354.789564,4,1934,1921,1765415354789,1765415354789,0,1.16,0.8080,0.0,0.00
1765415354.811848,4,1935,1922,1765415354810,1765415354811,1,1.16,0.3880,0.0,0.00
1765415354.832035,4,1936,1923,1765415354832,1765415354832,0,1.10,0.1840,0.0,0.00
1765415354.853875,4,1937,1925,1765415354853,1765415354853,0,1.06,0.6120,0.0,0.00
1765415354.875007,4,1938,1926,1765415354875,1765415354875,0,1.06,0.4080,0.0,0.00
1765415354.898137,4,1939,1927,1765415354896,1765415354897,1,1.06,0.0120,0.0,0.00
1765415354.917409,4,1940,1928,1765415354917,1765415354917,0,1.07,0.0000,0.0,0.00
1765415354.938944,4,1941,1929,1765415354938,1765415354938,0,1.07,0.0000,0.0,0.00
1765415354.962535,4,1942,1931,1765415354961,1765415354962,1,1.04,0.0000,0.0,0.00
1765415354.983102,4,1943,1932,1765415354982,1765415354982,0,0.99,0.0000,0.0,0.00
1765415355.004114,4,1944,1933,1765415355003,1765415355004,1,1.00,0.0000,0.0,0.00
1765415355.027360,4,1945,1934,1765415355025,1765415355027,2,1.01,0.6040,0.0,0.00
1765415355.046462,4,1946,1935,1765415355046,1765415355046,0,1.04,0.4000,0.0,0.00
1765415355.068257,4,1947,1936,1765415355067,1765415355067,0,1.03,0.2080,0.0,0.00
1765415355.089442,4,1948,1938,1765415355089,1765415355089,0,1.03,0.0040,0.0,0.00
1765415355.110574,4,1949,1939,1765415355110,1765415355110,0,1.03,0.0000,0.0,0.00
1765415355.131818,4,1950,1940,1765415355131,1765415355131,0,1.02,0.0000,0.0,0.00
1765415355.153221,4,1951,1941,1765415355153,1765415355153,0,1.02,0.0000,0.0,0.00
1765415355.174712,4,1952,1942,1765415355174,1765415355174,0,1.02,0.0000,0.0,0.00
1765415355.195794,4,1953,1943,1765415355195,1765415355195,0,1.02,0.5920,0.0,0.00
1765415355.217474,4,1954,1944,1765415355217,1765415355217,0,1.02,0.3760,0.0,0.00
1765415355.238747,4,1955,1945,1765415355238,1765415355238,0,1.02,0.1720,0.0,0.00
1765415355.260869,4,1956,1946,1765415355259,1765415355259,0,1.02,0.0000,0.0,0.00
1765415355.282651,4,1957,1948,1765415355281,1765415355281,0,1.02,0.0000,0.0,0.00
1765415355.303191,4,1958,1949,1765415355303,1765415355303,0,1.02,0.0000,0.0,0.00
1765415355.324304,4,1959,1950,1765415355324,1765415355324,0,1.01,0.7960,0.0,0.00
1765415355.347564,4,1960,1951,1765415355345,1765415355346,1,0.97,0.4000,0.0,0.00
1765415355.366538,4,1961,1952,1765415355366,1765415355366,0,0.94,0.1960,0.0,0.00
1765415355.387743,4,1962,1953,1765415355387,1765415355387,0,0.93,0.0000,0.0,0.00
1765415355.413796,4,1963,1954,1765415355408,1765415355408,0,0.93,0.0000,0.0,0.00
1765415355.430911,4,1964,1955,1765415355430,1765415355430,0,0.93,0.0000,0.0,0.00
1765415355.452120,4,1965,1957,1765415355452,1765415355452,0,0.94,0.0000,0.0,0.00
1765415355.474974,4,1966,1958,1765415355474,1765415355474,0,0.94,0.0000,0.0,0.00
1765415355.497751,4,1967,1959,1765415355496,1765415355496,0,0.94,0.6040,0.0,0.00
1765415355.517438,4,1968,1960,1765415355517,1765415355517,0,0.94,0.4120,0.0,0.00
1765415355.538846,4,1969,1961,1765415355538,1765415355538,0,0.94,0.2080,0.0,0.00
1765415355.562237,4,1970,1962,1765415355560,1765415355562,2,0.94,0.0000,0.0,0.00
1765415355.581530,4,1971,1963,1765415355581,1765415355581,0,0.94,0.0000,0.0,0.00
1765415355.603248,4,1972,1964,1765415355603,1765415355603,0,0.94,0.7960,0.0,0.00
1765415355.628326,4,1973,1965,1765415355624,1765415355628,4,1.00,0.3880,0.0,0.00
1765415355.645533,4,1974,1967,1765415355645,1765415355645,0,1.02,0.1840,0.0,0.00
1765415355.666837,4,1975,1968,1765415355666,1765415355666,0,0.99,0.0000,0.0,0.00
1765415355.689114,4,1976,1969,1765415355688,1765415355688,0,1.00,0.0000,0.0,0.00
1765415355.711874,4,1977,1970,1765415355709,1765415355710,1,1.00,0.0000,0.0,0.00
1765415355.731023,4,1978,1971,1765415355731,1765415355731,0,1.00,0.0000,0.0,0.00
1765415355.754032,4,1979,1972,1765415355752,1765415355752,0,0.98,0.0000,0.0,0.00
1765415355.777393,4,1980,1973,1765415355775,1765415355777,2,1.03,0.0000,0.0,0.00
1765415355.796157,4,1981,1974,1765415355796,1765415355796,0,1.04,0.0000,0.0,0.00
1765415355.817503,4,1982,1975,1765415355817,1765415355817,0,1.04,0.0000,0.0,0.00
1765415355.839085,4,1983,1977,1765415355839,1765415355839,0,1.04,0.0000,0.0,0.00
1765415355.860978,4,1984,1978,1765415355860,1765415355860,0,1.02,0.0000,0.0,0.00
1765415355.882400,4,1985,1979,1765415355881,1765415355881,0,0.99,0.0000,0.0,0.00
1765415355.902736,4,1986,1980,1765415355902,1765415355902,0,0.99,0.0000,0.0,0.00
1765415355.927235,4,1987,1982,1765415355924,1765415355927,3,1.05,0.0000,0.0,0.00
1765415355.945945,4,1988,1983,1765415355945,1765415355945,0,1.09,0.0000,0.0,0.00
1765415355.967807,4,1989,1984,1765415355967,1765415355967,0,1.09,0.0000,0.0,0.00
1765415355.988638,4,1990,1985,1765415355988,1765415355988,0,1.09,0.7960,0.0,0.00
1765415356.010159,4,1991,1986,1765415356010,1765415356010,0,1.04,0.3880,0.0,0.00
1765415356.032081,4,1992,1987,1765415356032,1765415356032,0,1.00,0.1960,0.0,0.00
1765415356.054035,4,1993,1989,1765415356053,1765415356053,0,0.99,0.0040,0.0,0.00
1765415356.075726,4,1994,1990,1765415356074,1765415356075,1,1.00,0.0000,0.0,0.00
1765415356.095700,4,1995,1991,1765415356095,1765415356095,0,1.01,0.0000,0.0,0.00
1765415356.117154,4,1996,1992,1765415356117,1765415356117,0,1.01,0.0000,0.0,0.00
1765415356.140143,4,1997,1993,1765415356138,1765415356140,2,1.03,0.0000,0.0,0.00
1765415356.159853,4,1998,1994,1765415356159,1765415356159,0,1.06,0.0000,0.0,0.00
1765415356.181117,4,1999,1995,1765415356181,1765415356181,0,1.06,0.0000,0.0,0.00
1765415356.201904,4,2000,1996,1765415356201,1765415356201,0,1.06,0.0000,0.0,0.00
1765415356.223944,4,2001,1998,1765415356223,1765415356223,0,1.06,0.0000,0.0,0.00
1765415356.245176,4,2002,1999,1765415356245,1765415356245,0,1.03,0.0000,0.0,0.00
1765415356.266364,4,2003,2000,1765415356266,1765415356266,0,1.01,0.0000,0.0,0.00
1765415356.287878,4,2004,2001,1765415356287,1765415356287,0,1.01,0.0000,0.0,0.00
1765415356.309370,4,2005,2002,1765415356309,1765415356309,0,0.99,0.0000,0.0,0.00
1765415356.331804,4,2006,2003,1765415356330,1765415356330,0,0.96,0.0000,0.0,0.00
1765415356.352952,4,2007,2004,1765415356352,1765415356352,0,0.96,0.6160,0.0,0.00
1765415356.373716,4,2008,2005,1765415356373,1765415356373,0,0.96,0.4240,0.0,0.00
1765415356.396074,4,2009,2006,1765415356395,1765415356395,0,0.96,0.2320,0.0,0.00
1765415356.417041,4,2010,2008,1765415356417,1765415356417,0,0.97,0.0000,0.0,0.00
1765415356.438401,4,2011,2009,1765415356438,1765415356438,0,0.96,0.0000,0.0,0.00
1765415356.459796,4,2012,2010,1765415356459,1765415356459,0,0.96,0.0000,0.0,0.00
1765415356.483732,4,2013,2011,1765415356480,1765415356480,0,0.96,0.2040,0.0,0.00
1765415356.502644,4,2014,2013,1765415356502,1765415356502,0,0.96,1.0000,0.0,0.00
1765415356.523651,4,2015,2014,1765415356523,1765415356523,0,0.96,0.7960,0.0,0.00
1765415356.545567,4,2016,2015,1765415356545,1765415356545,0,0.97,0.5920,0.0,0.00
1765415356.572050,4,2017,2018,1765415356566,1765415356570,4,1.02,0.1840,0.0,0.00
1765415356.589164,4,2018,2019,1765415356589,1765415356589,0,1.05,0.0000,0.0,0.00
1765415356.610009,4,2019,2020,1765415356610,1765415356610,0,1.05,0.0000,0.0,0.00
1765415356.636231,4,2020,2021,1765415356632,1765415356635,3,1.10,0.0000,0.0,0.00
1765415356.653697,4,2021,2022,1765415356653,1765415356653,0,1.13,0.0000,0.0,0.00
1765415356.676573,4,2022,2024,1765415356675,1765415356676,1,1.15,0.7960,0.0,0.00
1765415356.701977,4,2023,2025,1765415356697,1765415356700,3,1.18,0.4000,0.0,0.00
1765415356.720388,4,2024,2026,1765415356719,1765415356719,0,1.22,0.1960,0.0,0.00
1765415356.740901,4,2025,2027,1765415356740,1765415356740,0,1.22,0.0000,0.0,0.00
1765415356.762281,4,2026,2028,1765415356762,1765415356762,0,1.22,0.0000,0.0,0.00
1765415356.785773,4,2027,2030,1765415356783,1765415356785,2,1.23,0.0000,0.0,0.00
1765415356.804784,4,2028,2031,1765415356804,1765415356804,0,1.27,0.0000,0.0,0.00
1765415356.825695,4,2029,2032,1765415356825,1765415356825,0,1.27,0.0000,0.0,0.00
1765415356.847053,4,2030,2033,1765415356847,1765415356847,0,1.23,0.0000,0.0,0.00
1765415356.868652,4,2031,2034,1765415356868,1765415356868,0,1.20,0.0000,0.0,0.00
1765415356.890226,4,2032,2035,1765415356890,1765415356890,0,1.20,0.0000,0.0,0.00
1765415356.912011,4,2033,2036,1765415356912,1765415356912,0,1.15,1.0000,0.0,0.00
1765415357.015409,4,2034,2038,1765415357002,1765415357014,12,2.99,0.0000,0.0,0.00
1765415357.030695,4,2035,2039,1765415357024,1765415357030,6,3.01,0.0000,0.0,0.00
1765415357.048358,4,2036,2040,1765415357046,1765415357046,0,3.04,0.0000,0.0,0.00
1765415357.068523,4,2037,2041,1765415357068,1765415357068,0,3.04,0.0000,0.0,0.00
1765415357.089456,4,2038,2042,1765415357089,1765415357089,0,3.04,0.0000,0.0,0.00
1765415357.111813,4,2039,2043,1765415357110,1765415357110,0,3.04,0.0000,0.0,0.00
1765415357.132375,4,2040,2044,1765415357131,1765415357131,0,2.98,0.0000,0.0,0.00
1765415357.153128,4,2041,2045,1765415357153,1765415357153,0,2.97,0.0000,0.0,0.00
1765415357.178357,4,2042,2047,1765415357174,1765415357178,4,3.03,0.6160,0.0,0.00
1765415357.196655,4,2043,2048,1765415357196,1765415357196,0,3.05,0.4120,0.0,0.00
1765415357.218639,4,2044,2049,1765415357218,1765415357218,0,3.04,0.2200,0.0,0.00
1765415357.239349,4,2045,2050,1765415357239,1765415357239,0,3.04,0.0160,0.0,0.00
1765415357.262282,4,2046,2051,1765415357261,1765415357261,0,3.04,0.0000,0.0,0.00
1765415357.282426,4,2047,2052,1765415357281,1765415357282,1,2.98,0.0000,0.0,0.00
1765415357.303200,4,2048,2053,1765415357303,1765415357303,0,2.96,0.0000,0.0,0.00
1765415357.329465,4,2049,2054,1765415357325,1765415357328,3,3.03,0.5920,0.0,0.00
1765415357.346785,4,2050,2055,1765415357346,1765415357346,0,3.04,0.3880,0.0,0.00
1765415357.368614,4,2051,2056,1765415357368,1765415357368,0,3.04,0.1840,0.0,0.00
1765415357.389048,4,2052,2057,1765415357389,1765415357389,0,3.05,0.0000,0.0,0.00
1765415357.412682,4,2053,2059,1765415357410,1765415357412,2,3.05,0.0000,0.0,0.00
1765415357.432058,4,2054,2060,1765415357432,1765415357432,0,3.06,0.0000,0.0,0.00
1765415357.453107,4,2055,2061,1765415357453,1765415357453,0,3.06,0.0000,0.0,0.00
1765415357.478753,4,2056,2062,1765415357474,1765415357478,4,3.12,0.0000,0.0,0.00
1765415357.496810,4,2057,2063,1765415357495,1765415357496,1,3.13,0.0000,0.0,0.00
1765415357.517334,4,2058,2064,1765415357517,1765415357517,0,3.12,0.0000,0.0,0.00
1765415357.538909,4,2059,2065,1765415357538,1765415357538,0,3.13,0.7960,0.0,0.00
1765415357.562773,4,2060,2067,1765415357559,1765415357562,3,3.15,0.4000,0.0,0.00
1765415357.580769,4,2061,2068,1765415357580,1765415357580,0,3.17,0.2080,0.0,0.00
1765415357.602598,4,2062,2069,1765415357602,1765415357602,0,3.17,0.0040,0.0,0.00
1765415357.623870,4,2063,2070,1765415357623,1765415357623,0,3.17,1.0000,0.0,0.00
1765415357.646661,4,2064,2071,1765415357645,1765415357646,1,3.17,0.6040,0.0,0.00
1765415357.667624,4,2065,2072,1765415357666,1765415357666,0,3.19,0.4000,0.0,0.00
1765415357.689226,4,2066,2073,1765415357688,1765415357688,0,3.18,0.2080,0.0,0.00
1765415357.712063,4,2067,2074,1765415357710,1765415357712,2,3.21,0.0000,0.0,0.00
1765415357.731117,4,2068,2075,1765415357731,1765415357731,0,3.23,0.0000,0.0,0.00
1765415357.752633,4,2069,2076,1765415357752,1765415357752,0,3.23,0.8080,0.0,0.00
1765415357.777861,4,2070,2077,1765415357773,1765415357777,4,3.29,0.4120,0.0,0.00
1765415357.795515,4,2071,2078,1765415357795,1765415357795,0,3.31,0.2200,0.0,0.00
1765415357.817470,4,2072,2080,1765415357816,1765415357816,0,3.31,0.0160,0.0,0.00
1765415357.837932,4,2073,2081,1765415357837,1765415357837,0,3.31,0.0000,0.0,0.00
1765415357.859593,4,2074,2082,1765415357859,1765415357859,0,3.31,0.0000,0.0,0.00
1765415357.880399,4,2075,2083,1765415357880,1765415357880,0,3.31,0.0000,0.0,0.00
1765415357.901703,4,2076,2084,1765415357901,1765415357901,0,3.32,0.0000,0.0,0.00
1765415357.928917,4,2077,2086,1765415357923,1765415357927,4,3.35,0.5920,0.0,0.00
1765415357.944624,4,2078,2087,1765415357944,1765415357944,0,3.36,0.4000,0.0,0.00
1765415357.966629,4,2079,2089,1765415357966,1765415357966,0,3.35,0.1960,0.0,0.00
1765415357.987563,4,2080,2090,1765415357987,1765415357987,0,3.30,0.0000,0.0,0.00
1765415358.011301,4,2081,2091,1765415358008,1765415358009,1,3.27,1.0000,0.0,0.00
1765415358.030876,4,2082,2092,1765415358030,1765415358030,0,3.27,0.8080,0.0,0.00
1765415358.052350,4,2083,2094,1765415358052,1765415358052,0,3.24,0.6040,0.0,0.00
1765415358.078061,4,2084,2095,1765415358072,1765415358077,5,3.28,0.2831,0.0,0.00
1765415358.094098,4,2085,2096,1765415358094,1765415358094,0,3.31,1.0000,0.0,0.00
1765415358.115992,4,2086,2097,1765415358115,1765415358115,0,3.31,0.8080,0.0,0.00
1765415358.142443,4,2087,2098,1765415358136,1765415358136,0,3.31,0.4240,0.0,0.00
1765415358.159388,4,2088,2099,1765415358159,1765415358159,0,3.30,0.2200,0.0,0.00
1765415358.180404,4,2089,2100,1765415358180,1765415358180,0,3.30,0.0280,0.0,0.00
1765415358.201257,4,2090,2101,1765415358201,1765415358201,0,3.31,0.0000,0.0,0.00
1765415358.225964,4,2091,2103,1765415358222,1765415358225,3,3.33,0.0000,0.0,0.00
1765415358.244259,4,2092,2104,1765415358244,1765415358244,0,3.35,0.8080,0.0,0.00
1765415358.265011,4,2093,2105,1765415358265,1765415358265,0,3.36,0.6040,0.0,0.00
1765415358.290966,4,2094,2106,1765415358286,1765415358290,4,1.62,0.2080,0.0,0.00
1765415358.307660,4,2095,2107,1765415358307,1765415358307,0,1.61,0.0040,0.0,0.00
1765415358.329370,4,2096,2108,1765415358329,1765415358329,0,1.55,0.0000,0.0,0.00
1765415358.350662,4,2097,2109,1765415358350,1765415358350,0,1.54,0.0000,0.0,0.00
1765415358.374790,4,2098,2110,1765415358371,1765415358373,2,1.57,0.7840,0.0,0.00
1765415358.393378,4,2099,2112,1765415358393,1765415358393,0,1.58,0.5800,0.0,0.00
1765415358.415021,4,2100,2113,1765415358415,1765415358415,0,1.59,1.3760,0.0,0.00
1765415358.440399,4,2101,2114,1765415358436,1765415358439,3,1.62,0.9920,0.0,0.00
1765415358.457180,4,2102,2115,1765415358457,1765415358457,0,1.60,0.8000,0.0,0.00
1765415358.479426,4,2103,2116,1765415358478,1765415358478,0,1.56,0.6080,0.0,0.00
1765415358.499845,4,2104,2117,1765415358499,1765415358499,0,1.55,0.4160,0.0,0.00
1765415358.524018,4,2105,2119,1765415358521,1765415358524,3,1.62,1.0080,0.0,0.00
1765415358.543172,4,2106,2120,1765415358543,1765415358543,0,1.64,0.8160,0.0,0.00
1765415358.564435,4,2107,2121,1765415358564,1765415358564,0,1.64,0.6240,0.0,0.00
1765415358.589586,4,2108,2123,1765415358587,1765415358589,2,1.71,0.2280,0.0,0.00
1765415358.608576,4,2109,2124,1765415358608,1765415358608,0,1.67,0.0360,0.0,0.00
1765415358.629921,4,2110,2125,1765415358629,1765415358629,0,1.63,0.0000,0.0,0.00
1765415358.655509,4,2111,2126,1765415358650,1765415358654,4,1.69,0.7960,0.0,0.00
1765415358.672576,4,2112,2127,1765415358672,1765415358672,0,1.73,0.6040,0.0,0.00
1765415358.693660,4,2113,2128,1765415358693,1765415358693,0,1.70,0.4120,0.0,0.00
1765415358.718873,4,2114,2129,1765415358714,1765415358718,4,1.75,0.0160,0.0,0.00
1765415358.736272,4,2115,2130,1765415358736,1765415358736,0,1.79,0.0000,0.0,0.00
1765415358.757118,4,2116,2131,1765415358757,1765415358757,0,1.72,0.0000,0.0,0.00
1765415358.778660,4,2117,2133,1765415358778,1765415358778,0,1.69,0.0000,0.0,0.00
1765415358.802922,4,2118,2134,1765415358799,1765415358801,2,1.71,0.0000,0.0,0.00
1765415358.821653,4,2119,2135,1765415358821,1765415358821,0,1.73,0.0000,0.0,0.00
1765415358.842213,4,2120,2136,1765415358842,1765415358842,0,1.68,0.8080,0.0,0.00
1765415358.863402,4,2121,2137,1765415358863,1765415358863,0,1.64,0.6040,0.0,0.00
1765415358.886907,4,2122,2138,1765415358884,1765415358886,2,1.66,0.1960,0.0,0.00
1765415358.905927,4,2123,2139,1765415358905,1765415358905,0,1.69,0.0000,0.0,0.00
1765415358.928566,4,2124,2141,1765415358927,1765415358927,0,1.67,0.0000,0.0,0.00
1765415358.949096,4,2125,2142,1765415358949,1765415358949,0,1.66,0.0000,0.0,0.00
1765415358.970699,4,2126,2144,1765415358970,1765415358970,0,1.65,0.0000,0.0,0.00
1765415358.992197,4,2127,2145,1765415358992,1765415358992,0,1.61,0.0000,0.0,0.00
1765415359.013962,4,2128,2146,1765415359013,1765415359013,0,1.59,0.0000,0.0,0.00
1765415359.036113,4,2129,2147,1765415359035,1765415359036,1,1.61,0.0000,0.0,0.00
1765415359.057523,4,2130,2148,1765415359057,1765415359057,0,1.54,0.0000,0.0,0.00
1765415359.078650,4,2131,2149,1765415359078,1765415359078,0,1.51,0.0000,0.0,0.00
1765415359.103407,4,2132,2150,1765415359099,1765415359103,4,1.57,0.0000,0.0,0.00
1765415359.121536,4,2133,2151,1765415359121,1765415359121,0,1.61,0.0000,0.0,0.00
1765415359.142700,4,2134,2153,1765415359142,1765415359142,0,1.61,0.0000,0.0,0.00
1765415359.164820,4,2135,2154,1765415359164,1765415359164,0,1.61,0.0000,0.0,0.00
1765415359.187220,4,2136,2155,1765415359187,1765415359187,0,1.64,0.6040,0.0,0.00
1765415359.209051,4,2137,2156,1765415359209,1765415359209,0,1.56,0.4000,0.0,0.00
1765415359.229656,4,2138,2157,1765415359229,1765415359229,0,1.52,0.1960,0.0,0.00
1765415359.254271,4,2139,2158,1765415359250,1765415359253,3,1.56,0.0000,0.0,0.00
1765415359.272408,4,2140,2159,1765415359272,1765415359272,0,1.59,0.0000,0.0,0.00
1765415359.293610,4,2141,2160,1765415359293,1765415359293,0,1.58,0.0000,0.0,0.00
1765415359.315898,4,2142,2161,1765415359314,1765415359314,0,1.58,0.0000,0.0,0.00
1765415359.337141,4,2143,2162,1765415359337,1765415359337,0,1.60,0.0000,0.0,0.00
1765415359.358162,4,2144,2163,1765415359358,1765415359358,0,1.53,0.0000,0.0,0.00
1765415359.379453,4,2145,2164,1765415359379,1765415359379,0,1.48,0.0000,0.0,0.00
1765415359.402465,4,2146,2165,1765415359400,1765415359401,1,1.49,0.0000,0.0,0.00
1765415359.422589,4,2147,2166,1765415359422,1765415359422,0,1.49,0.7960,0.0,0.00
1765415359.443086,4,2148,2167,1765415359443,1765415359443,0,1.46,0.6040,0.0,0.00
1765415359.468217,4,2149,2168,1765415359465,1765415359468,3,1.53,0.1960,0.0,0.00
1765415359.487020,4,2150,2169,1765415359487,1765415359487,0,1.55,0.0000,0.0,0.00
1765415359.509742,4,2151,2171,1765415359508,1765415359508,0,1.51,1.0000,0.0,0.00
1765415359.534676,4,2152,2172,1765415359530,1765415359533,3,1.55,0.6160,0.0,0.00
1765415359.551250,4,2153,2173,1765415359551,1765415359551,0,1.59,0.4120,0.0,0.00
1765415359.573893,4,2154,2174,1765415359572,1765415359572,0,1.52,0.2080,0.0,0.00
1765415359.594956,4,2155,2175,1765415359594,1765415359594,0,1.47,0.0040,0.0,0.00
1765415359.617540,4,2156,2176,1765415359616,1765415359617,1,1.49,0.6000,0.0,0.00
1765415359.637536,4,2157,2177,1765415359637,1765415359637,0,1.51,0.3960,0.0,0.00
1765415359.657915,4,2158,2178,1765415359657,1765415359657,0,1.49,0.2040,0.0,0.00
1765415359.682968,4,2159,2179,1765415359678,1765415359682,4,1.55,0.0000,0.0,0.00
1765415359.700242,4,2160,2180,1765415359700,1765415359700,0,1.58,0.0000,0.0,0.00
1765415359.722967,4,2161,2182,1765415359721,1765415359721,0,1.53,0.0000,0.0,0.00
1765415359.743488,4,2162,2183,1765415359743,1765415359743,0,1.50,0.0000,0.0,0.00
1765415359.768356,4,2163,2184,1765415359765,1765415359767,2,1.55,0.5920,0.0,0.00
1765415359.787031,4,2164,2185,1765415359787,1765415359787,0,1.56,0.4000,0.0,0.00
1765415359.810585,4,2165,2186,1765415359810,1765415359810,0,1.52,0.2080,0.0,0.00
1765415359.833298,4,2166,2187,1765415359832,1765415359833,1,1.52,0.0000,0.0,0.00
1765415359.853509,4,2167,2188,1765415359853,1765415359853,0,1.53,0.0000,0.0,0.00
1765415359.874918,4,2168,2190,1765415359874,1765415359874,0,1.47,0.0000,0.0,0.00
1765415359.899863,4,2169,2191,1765415359896,1765415359899,3,1.50,0.0000,0.0,0.00
1765415359.917519,4,2170,2192,1765415359917,1765415359917,0,1.54,0.7960,0.0,0.00
1765415359.939282,4,2171,2193,1765415359939,1765415359939,0,1.49,0.5920,0.0,0.00
1765415359.960032,4,2172,2194,1765415359960,1765415359960,0,1.44,0.3880,0.0,0.00
1765415359.983291,4,2173,2195,1765415359980,1765415359981,1,1.44,0.0000,0.0,0.00
1765415360.001724,4,2174,2196,1765415360001,1765415360001,0,1.39,0.0000,0.0,0.00
1765415360.023069,4,2175,2197,1765415360023,1765415360023,0,1.36,0.0000,0.0,0.00
1765415360.044165,4,2176,2198,1765415360044,1765415360044,0,1.36,0.0000,0.0,0.00
1765415360.067755,4,2177,2200,1765415360066,1765415360066,0,1.36,0.0000,0.0,0.00
1765415360.088072,4,2178,2201,1765415360088,1765415360088,0,1.34,0.0000,0.0,0.00
1765415360.109353,4,2179,2202,1765415360109,1765415360109,0,1.33,0.7960,0.0,0.00
1765415360.135699,4,2180,2203,1765415360131,1765415360134,3,1.39,0.3880,0.0,0.00
1765415360.153913,4,2181,2204,1765415360152,1765415360152,0,1.43,0.1840,0.0,0.00
1765415360.176098,4,2182,2205,1765415360175,1765415360175,0,1.43,0.0000,0.0,0.00
1765415360.196002,4,2183,2206,1765415360196,1765415360196,0,1.40,0.0000,0.0,0.00
1765415360.221235,4,2184,2208,1765415360217,1765415360220,3,1.44,0.5800,0.0,0.00
1765415360.238692,4,2185,2209,1765415360238,1765415360238,0,1.48,0.3760,0.0,0.00
1765415360.259958,4,2186,2210,1765415360259,1765415360259,0,1.48,0.1720,0.0,0.00
1765415360.281353,4,2187,2211,1765415360281,1765415360281,0,1.48,0.0000,0.0,0.00
1765415360.303886,4,2188,2213,1765415360302,1765415360303,1,1.48,0.0000,0.0,0.00
1765415360.324086,4,2189,2214,1765415360324,1765415360324,0,1.46,0.0000,0.0,0.00
1765415360.345062,4,2190,2215,1765415360345,1765415360345,0,1.46,0.0000,0.0,0.00
1765415360.366414,4,2191,2216,1765415360366,1765415360366,0,1.46,0.0000,0.0,0.00
1765415360.390927,4,2192,2217,1765415360388,1765415360390,2,1.44,0.7960,0.0,0.00
1765415360.409616,4,2193,2218,1765415360409,1765415360409,0,1.43,0.5920,0.0,0.00
1765415360.431236,4,2194,2219,1765415360431,1765415360431,0,1.43,0.4000,0.0,0.00
1765415360.452658,4,2195,2220,1765415360452,1765415360452,0,1.43,0.2080,0.0,0.00
1765415360.473887,4,2196,2222,1765415360473,1765415360473,0,1.41,0.0000,0.0,0.00
1765415360.495101,4,2197,2223,1765415360495,1765415360495,0,1.41,0.0000,0.0,0.00
1765415360.521895,4,2198,2225,1765415360516,1765415360516,0,1.39,0.6160,0.0,0.00
1765415360.539032,4,2199,2226,1765415360538,1765415360538,0,1.35,0.4120,0.0,0.00
1765415360.560059,4,2200,2227,1765415360559,1765415360560,1,1.33,0.2080,0.0,0.00
1765415360.581136,4,2201,2228,1765415360580,1765415360581,1,1.33,0.0160,0.0,0.00
1765415360.605755,4,2202,2229,1765415360601,1765415360605,4,1.37,0.0000,0.0,0.00
1765415360.623887,4,2203,2230,1765415360622,1765415360622,0,1.41,0.0000,0.0,0.00
1765415360.644160,4,2204,2232,1765415360644,1765415360644,0,1.41,0.0000,0.0,0.00
1765415360.671167,4,2205,2233,1765415360666,1765415360670,4,1.48,0.0000,0.0,0.00
1765415360.687716,4,2206,2234,1765415360687,1765415360687,0,1.54,0.0000,0.0,0.00
1765415360.709314,4,2207,2235,1765415360709,1765415360709,0,1.55,0.0000,0.0,0.00
1765415360.730791,4,2208,2236,1765415360730,1765415360730,0,1.55,0.7960,0.0,0.00
1765415360.753516,4,2209,2237,1765415360751,1765415360753,2,1.51,0.3880,0.0,0.00
1765415360.773342,4,2210,2238,1765415360773,1765415360773,0,1.50,0.1840,0.0,0.00
1765415360.795954,4,2211,2240,1765415360794,1765415360794,0,1.50,0.0000,0.0,0.00
1765415360.816078,4,2212,2241,1765415360816,1765415360816,0,1.44,0.0000,0.0,0.00
1765415360.837725,4,2213,2242,1765415360837,1765415360837,0,1.40,0.0000,0.0,0.00
1765415360.858834,4,2214,2243,1765415360858,1765415360858,0,1.40,0.7960,0.0,0.00
1765415360.880662,4,2215,2244,1765415360880,1765415360880,0,1.40,0.5920,0.0,0.00
1765415360.904635,4,2216,2245,1765415360901,1765415360904,3,1.41,0.2080,0.0,0.00
1765415360.921901,4,2217,2246,1765415360921,1765415360921,0,1.46,0.0160,0.0,0.00
1765415360.944157,4,2218,2247,1765415360943,1765415360943,0,1.45,0.0000,0.0,0.00
1765415360.969510,4,2219,2249,1765415360964,1765415360968,4,1.45,0.0000,0.0,0.00
1765415360.987343,4,2220,2251,1765415360987,1765415360987,0,1.43,0.0000,0.0,0.00
1765415361.008620,4,2221,2252,1765415361008,1765415361008,0,1.43,1.0000,0.0,0.00
1765415361.029755,4,2222,2253,1765415361029,1765415361029,0,1.43,1.1087,0.0,0.00
1765415361.050860,4,2223,2254,1765415361050,1765415361050,0,1.39,0.5487,0.0,0.00
1765415361.071983,4,2224,2255,1765415361071,1765415361071,0,1.37,0.2602,0.0,0.00
1765415361.092891,4,2225,2256,1765415361092,1765415361092,0,1.35,0.0000,0.0,0.00
1765415361.114433,4,2226,2257,1765415361114,1765415361114,0,1.33,0.0000,0.0,0.00
1765415361.136030,4,2227,2259,1765415361136,1765415361136,0,1.32,0.0000,0.0,0.00
1765415361.157247,4,2228,2260,1765415361157,1765415361157,0,1.32,0.0000,0.0,0.00
1765415361.178935,4,2229,2261,1765415361178,1765415361178,0,1.26,0.7960,0.0,0.00
1765415361.201516,4,2230,2262,1765415361199,1765415361201,2,1.24,0.4000,0.0,0.00
1765415361.221032,4,2231,2263,1765415361221,1765415361221,0,1.25,0.2080,0.0,0.00
1765415361.242486,4,2232,2264,1765415361242,1765415361242,0,1.25,0.0160,0.0,0.00
1765415361.267875,4,2233,2265,1765415361264,1765415361266,2,1.29,0.0000,0.0,0.00
1765415361.286758,4,2234,2266,1765415361285,1765415361285,0,1.31,0.0000,0.0,0.00
1765415361.308461,4,2235,2268,1765415361306,1765415361308,2,1.32,0.0000,0.0,0.00
1765415361.333195,4,2236,2269,1765415361328,1765415361333,5,1.38,0.0000,0.0,0.00
1765415361.350786,4,2237,2270,1765415361350,1765415361350,0,1.44,0.0000,0.0,0.00
1765415361.372391,4,2238,2271,1765415361371,1765415361371,0,1.43,0.0000,0.0,0.00
1765415361.393270,4,2239,2272,1765415361393,1765415361393,0,1.44,0.0000,0.0,0.00
1765415361.414665,4,2240,2273,1765415361413,1765415361414,1,1.38,0.0000,0.0,0.00
1765415361.434637,4,2241,2274,1765415361434,1765415361434,0,1.35,0.0000,0.0,0.00
1765415361.456389,4,2242,2275,1765415361456,1765415361456,0,1.33,0.0000,0.0,0.00
1765415361.480826,4,2243,2276,1765415361477,1765415361480,3,1.37,0.6040,0.0,0.00
1765415361.498475,4,2244,2277,1765415361498,1765415361498,0,1.37,0.4120,0.0,0.00
1765415361.521096,4,2245,2279,1765415361520,1765415361520,0,1.34,0.2080,0.0,0.00
1765415361.541334,4,2246,2280,1765415361541,1765415361541,0,1.34,0.0040,0.0,0.00
1765415361.565410,4,2247,2282,1765415361562,1765415361564,2,1.35,0.0000,0.0,0.00
1765415361.585366,4,2248,2283,1765415361584,1765415361584,0,1.36,0.0000,0.0,0.00
1765415361.606710,4,2249,2284,1765415361606,1765415361606,0,1.37,0.0000,0.0,0.00
1765415361.629062,4,2250,2285,1765415361628,1765415361628,0,1.38,0.0000,0.0,0.00
1765415361.649127,4,2251,2286,1765415361648,1765415361648,0,1.39,0.0000,0.0,0.00
1765415361.671191,4,2252,2287,1765415361670,1765415361670,0,1.36,0.0000,0.0,0.00
1765415361.695827,4,2253,2288,1765415361692,1765415361695,3,1.38,0.6040,0.0,0.00
1765415361.713449,4,2254,2289,1765415361713,1765415361713,0,1.42,0.4120,0.0,0.00
1765415361.734948,4,2255,2290,1765415361734,1765415361734,0,1.42,0.2080,0.0,0.00
1765415361.760103,4,2256,2292,1765415361756,1765415361759,3,1.48,0.0000,0.0,0.00
1765415361.777720,4,2257,2293,1765415361777,1765415361777,0,1.52,0.0000,0.0,0.00
1765415361.800212,4,2258,2294,1765415361799,1765415361799,0,1.53,0.0000,0.0,0.00
1765415361.821531,4,2259,2295,1765415361820,1765415361820,0,1.52,0.0000,0.0,0.00
1765415361.843912,4,2260,2296,1765415361841,1765415361843,2,1.54,0.0000,0.0,0.00
1765415361.864316,4,2261,2297,1765415361864,1765415361864,0,1.54,0.0000,0.0,0.00
1765415361.886821,4,2262,2298,1765415361885,1765415361886,1,1.51,0.0000,0.0,0.00
1765415361.907263,4,2263,2299,1765415361907,1765415361907,0,1.44,0.8080,0.0,0.00
1765415361.928611,4,2264,2300,1765415361928,1765415361928,0,1.44,0.6160,0.0,0.00
1765415361.950746,4,2265,2301,1765415361949,1765415361949,0,1.36,0.4120,0.0,0.00
1765415361.973906,4,2266,2302,1765415361971,1765415361973,2,1.34,0.0040,0.0,0.00
1765415361.993495,4,2267,2303,1765415361992,1765415361992,0,1.37,0.0000,0.0,0.00
1765415362.014643,4,2268,2304,1765415362014,1765415362014,0,1.37,0.0000,0.0,0.00
1765415362.035869,4,2269,2305,1765415362035,1765415362035,0,1.35,0.0000,0.0,0.00
1765415362.056592,4,2270,2306,1765415362056,1765415362056,0,1.33,0.0000,0.0,0.00
1765415362.078243,4,2271,2307,1765415362078,1765415362078,0,1.34,0.8080,0.0,0.00
1765415362.100047,4,2272,2308,1765415362099,1765415362099,0,1.33,0.6040,0.0,0.00
1765415362.123574,4,2273,2309,1765415362120,1765415362122,2,1.36,0.2080,0.0,0.00
1765415362.141755,4,2274,2310,1765415362141,1765415362141,0,1.39,0.0040,0.0,0.00
1765415362.164517,4,2275,2312,1765415362163,1765415362163,0,1.39,0.0000,0.0,0.00
1765415362.188038,4,2276,2313,1765415362185,1765415362188,3,1.41,0.0000,0.0,0.00
1765415362.206993,4,2277,2314,1765415362206,1765415362206,0,1.39,0.0000,0.0,0.00
1765415362.228973,4,2278,2315,1765415362228,1765415362228,0,1.39,0.0000,0.0,0.00
1765415362.249568,4,2279,2316,1765415362249,1765415362249,0,1.33,0.0000,0.0,0.00
1765415362.270980,4,2280,2317,1765415362270,1765415362270,0,1.30,0.6040,0.0,0.00
1765415362.293028,4,2281,2319,1765415362292,1765415362292,0,1.31,0.4000,0.0,0.00
1765415362.314237,4,2282,2320,1765415362314,1765415362314,0,1.31,1.0190,0.0,0.00
1765415362.336530,4,2283,2321,1765415362335,1765415362336,1,1.31,0.6040,0.0,0.00
1765415362.356512,4,2284,2322,1765415362356,1765415362356,0,1.33,0.4000,0.0,0.00
1765415362.377503,4,2285,2323,1765415362377,1765415362377,0,1.33,0.1840,0.0,0.00
1765415362.399012,4,2286,2324,1765415362399,1765415362399,0,1.33,0.0000,0.0,0.00
1765415362.421106,4,2287,2325,1765415362419,1765415362421,2,1.33,0.0000,0.0,0.00
1765415362.442500,4,2288,2326,1765415362441,1765415362441,0,1.35,0.8080,0.0,0.00
1765415362.463006,4,2289,2328,1765415362463,1765415362463,0,1.35,0.6040,0.0,0.00
1765415362.489039,4,2290,2329,1765415362484,1765415362488,4,1.38,0.1960,0.0,0.00
1765415362.505594,4,2291,2330,1765415362505,1765415362505,0,1.43,0.0040,0.0,0.00
1765415362.528081,4,2292,2332,1765415362527,1765415362527,0,1.44,0.0000,0.0,0.00
1765415362.548377,4,2293,2333,1765415362548,1765415362548,0,1.40,0.0000,0.0,0.00
1765415362.571310,4,2294,2334,1765415362569,1765415362571,2,1.39,0.0000,0.0,0.00
1765415362.590897,4,2295,2335,1765415362590,1765415362590,0,1.40,0.0000,0.0,0.00
1765415362.611789,4,2296,2336,1765415362611,1765415362611,0,1.34,0.0000,0.0,0.00
1765415362.637992,4,2297,2338,1765415362633,1765415362637,4,1.35,0.5920,0.0,0.00
1765415362.656383,4,2298,2339,1765415362655,1765415362655,0,1.40,0.3880,0.0,0.00
1765415362.676450,4,2299,2340,1765415362676,1765415362676,0,1.40,0.1840,0.0,0.00
1765415362.697487,4,2300,2341,1765415362697,1765415362697,0,1.40,0.0000,0.0,0.00
1765415362.722517,4,2301,2342,1765415362719,1765415362722,3,1.43,0.0000,0.0,0.00
1765415362.740063,4,2302,2343,1765415362740,1765415362740,0,1.48,0.0000,0.0,0.00
1765415362.761260,4,2303,2344,1765415362761,1765415362761,0,1.44,0.0000,0.0,0.00
1765415362.782851,4,2304,2345,1765415362782,1765415362782,0,1.39,0.7960,0.0,0.00
1765415362.806474,4,2305,2346,1765415362804,1765415362806,2,1.43,0.4000,0.0,0.00
1765415362.826549,4,2306,2348,1765415362825,1765415362825,0,1.46,0.2080,0.0,0.00
1765415362.847630,4,2307,2349,1765415362846,1765415362846,0,1.44,0.0160,0.0,0.00
1765415362.869765,4,2308,2350,1765415362867,1765415362869,2,1.44,0.0000,0.0,0.00
1765415362.888735,4,2309,2351,1765415362888,1765415362888,0,1.47,0.0000,0.0,0.00
1765415362.909641,4,2310,2352,1765415362909,1765415362909,0,1.46,0.0000,0.0,0.00
1765415362.931991,4,2311,2353,1765415362930,1765415362930,0,1.45,0.0000,0.0,0.00
1765415362.953405,4,2312,2354,1765415362952,1765415362953,1,1.47,0.0000,0.0,0.00
1765415362.974790,4,2313,2355,1765415362973,1765415362973,0,1.42,0.0000,0.0,0.00
1765415362.995007,4,2314,2356,1765415362995,1765415362995,0,1.38,0.0000,0.0,0.00
1765415363.018775,4,2315,2357,1765415363016,1765415363017,1,1.39,0.0000,0.0,0.00
1765415363.038219,4,2316,2358,1765415363038,1765415363038,0,1.33,0.8080,0.0,0.00
1765415363.060859,4,2317,2359,1765415363059,1765415363059,0,1.28,0.6040,0.0,0.00
1765415363.082706,4,2318,2360,1765415363081,1765415363081,0,1.28,0.2200,0.0,0.00
1765415363.103837,4,2319,2361,1765415363102,1765415363102,0,1.28,1.0001,0.0,0.00
1765415363.125225,4,2320,2363,1765415363125,1765415363125,0,1.28,0.7960,0.0,0.00
1765415363.149190,4,2321,2364,1765415363146,1765415363148,2,1.31,0.4000,0.0,0.00
1765415363.169069,4,2322,2365,1765415363167,1765415363167,0,1.33,0.8198,0.0,0.00
1765415363.189822,4,2323,2366,1765415363189,1765415363189,0,1.34,0.5920,0.0,0.00
1765415363.212005,4,2324,2367,1765415363210,1765415363210,0,1.34,0.4000,0.0,0.00
1765415363.233221,4,2325,2368,1765415363232,1765415363232,0,1.34,0.0000,0.0,0.00
1765415363.254320,4,2326,2369,1765415363253,1765415363253,0,1.30,0.0000,0.0,0.00
1765415363.275584,4,2327,2371,1765415363274,1765415363274,0,1.27,0.0000,0.0,0.00
1765415363.301554,4,2328,2372,1765415363296,1765415363297,1,1.29,0.0000,0.0,0.00
1765415363.321425,4,2329,2373,1765415363320,1765415363320,0,1.31,0.0000,0.0,0.00
1765415363.343672,4,2330,2374,1765415363342,1765415363342,0,1.31,0.7960,0.0,0.00
1765415363.368980,4,2331,2375,1765415363364,1765415363367,3,1.37,0.4120,0.0,0.00
1765415363.385614,4,2332,2376,1765415363385,1765415363385,0,1.41,0.2080,0.0,0.00
1765415363.406405,4,2333,2377,1765415363405,1765415363406,1,1.39,0.0040,0.0,0.00
1765415363.427558,4,2334,2378,1765415363427,1765415363427,0,1.36,0.0000,0.0,0.00
1765415363.452023,4,2335,2379,1765415363448,1765415363452,4,1.42,0.0000,0.0,0.00
1765415363.469750,4,2336,2380,1765415363469,1765415363469,0,1.42,0.0000,0.0,0.00
1765415363.490901,4,2337,2382,1765415363490,1765415363490,0,1.37,0.0000,0.0,0.00
1765415363.512578,4,2338,2383,1765415363512,1765415363512,0,1.37,0.0000,0.0,0.00
1765415363.536092,4,2339,2384,1765415363534,1765415363536,2,1.41,0.7960,0.0,0.00
1765415363.555449,4,2340,2385,1765415363555,1765415363555,0,1.44,0.4080,0.0,0.00
1765415363.577645,4,2341,2386,1765415363577,1765415363577,0,1.44,0.2160,0.0,0.00
1765415363.601499,4,2342,2387,1765415363598,1765415363599,1,1.44,0.0000,0.0,0.00
1765415363.619663,4,2343,2388,1765415363619,1765415363619,0,1.45,0.0000,0.0,0.00
1765415363.641112,4,2344,2389,1765415363641,1765415363641,0,1.44,0.0000,0.0,0.00
1765415363.662606,4,2345,2390,1765415363662,1765415363662,0,1.44,0.0000,0.0,0.00
1765415363.688201,4,2346,2392,1765415363683,1765415363686,3,1.48,0.7960,0.0,0.00
1765415363.706272,4,2347,2393,1765415363705,1765415363705,0,1.51,0.5920,0.0,0.00
1765415363.727066,4,2348,2394,1765415363727,1765415363727,0,1.50,0.3760,0.0,0.00
1765415363.748419,4,2349,2395,1765415363748,1765415363748,0,1.49,0.1840,0.0,0.00
1765415363.770997,4,2350,2396,1765415363769,1765415363770,1,1.44,0.0000,0.0,0.00
1765415363.792089,4,2351,2397,1765415363791,1765415363791,0,1.38,0.0000,0.0,0.00
1765415363.812976,4,2352,2398,1765415363812,1765415363812,0,1.37,0.0000,0.0,0.00
1765415363.834793,4,2353,2399,1765415363833,1765415363834,1,1.38,0.0000,0.0,0.00
1765415363.856159,4,2354,2400,1765415363855,1765415363855,0,1.35,0.8080,0.0,0.00
1765415363.877136,4,2355,2401,1765415363877,1765415363877,0,1.33,0.6160,0.0,0.00
1765415363.899128,4,2356,2403,1765415363899,1765415363899,0,1.33,0.2200,0.0,0.00
1765415363.920766,4,2357,2404,1765415363920,1765415363920,0,1.25,1.0001,0.0,0.00
1765415363.942823,4,2358,2405,1765415363942,1765415363942,0,1.21,0.8080,0.0,0.00
1765415363.965777,4,2359,2406,1765415363963,1765415363965,2,1.23,0.4120,0.0,0.00
1765415363.985651,4,2360,2407,1765415363984,1765415363984,0,1.27,0.2200,0.0,0.00
1765415364.006738,4,2361,2409,1765415364006,1765415364006,0,1.21,0.0160,0.0,0.00
1765415364.029241,4,2362,2410,1765415364028,1765415364028,0,1.17,0.0000,0.0,0.00
1765415364.049752,4,2363,2412,1765415364049,1765415364049,0,1.17,0.5920,0.0,0.00
1765415364.071085,4,2364,2413,1765415364071,1765415364071,0,1.17,0.4000,0.0,0.00
1765415364.093547,4,2365,2414,1765415364092,1765415364092,0,1.13,0.2080,0.0,0.00
1765415364.114916,4,2366,2415,1765415364113,1765415364113,0,1.10,0.0000,0.0,0.00
1765415364.135297,4,2367,2416,1765415364135,1765415364135,0,1.10,0.0000,0.0,0.00
1765415364.157155,4,2368,2417,1765415364157,1765415364157,0,1.08,0.0000,0.0,0.00
1765415364.177873,4,2369,2418,1765415364177,1765415364177,0,1.07,0.0000,0.0,0.00
1765415364.200608,4,2370,2419,1765415364199,1765415364199,0,1.07,0.0000,0.0,0.00
1765415364.221579,4,2371,2420,1765415364221,1765415364221,0,1.07,0.8080,0.0,0.00
1765415364.243226,4,2372,2422,1765415364243,1765415364243,0,1.05,0.6040,0.0,0.00
1765415364.267463,4,2373,2423,1765415364264,1765415364267,3,1.06,0.1960,0.0,0.00
1765415364.286807,4,2374,2424,1765415364285,1765415364285,0,1.12,0.0040,0.0,0.00
1765415364.308251,4,2375,2425,1765415364307,1765415364307,0,1.12,0.0000,0.0,0.00
1765415364.328882,4,2376,2426,1765415364328,1765415364328,0,1.12,0.0000,0.0,0.00
1765415364.350872,4,2377,2427,1765415364349,1765415364350,1,1.11,0.0000,0.0,0.00
1765415364.371237,4,2378,2428,1765415364371,1765415364371,0,1.12,0.0000,0.0,0.00
1765415364.393145,4,2379,2429,1765415364392,1765415364393,1,1.11,0.7960,0.0,0.00
1765415364.416876,4,2380,2430,1765415364413,1765415364415,2,1.10,0.4000,0.0,0.00
1765415364.436525,4,2381,2432,1765415364435,1765415364435,0,1.11,0.1960,0.0,0.00
1765415364.458054,4,2382,2433,1765415364457,1765415364457,0,1.07,0.0000,0.0,0.00
1765415364.478657,4,2383,2434,1765415364478,1765415364478,0,1.07,0.0000,0.0,0.00
1765415364.501062,4,2384,2435,1765415364499,1765415364501,2,1.08,0.0000,0.0,0.00
1765415364.522006,4,2385,2436,1765415364521,1765415364522,1,1.08,1.0000,0.0,0.00
1765415364.542880,4,2386,2438,1765415364542,1765415364542,0,1.10,0.7960,0.0,0.00
1765415364.567273,4,2387,2439,1765415364564,1765415364566,2,1.13,0.4000,0.0,0.00
1765415364.586932,4,2388,2440,1765415364585,1765415364585,0,1.15,0.8198,0.0,0.00
1765415364.607084,4,2389,2441,1765415364607,1765415364607,0,1.14,0.5920,0.0,0.00
1765415364.629303,4,2390,2442,1765415364628,1765415364628,0,1.14,0.3880,0.0,0.00
1765415364.650344,4,2391,2443,1765415364649,1765415364650,1,1.09,0.0000,0.0,0.00
1765415364.670953,4,2392,2444,1765415364670,1765415364670,0,1.06,0.0000,0.0,0.00
1765415364.691908,4,2393,2445,1765415364691,1765415364691,0,1.06,0.0000,0.0,0.00
1765415364.718112,4,2394,2447,1765415364713,1765415364713,0,1.06,0.0000,0.0,0.00
1765415364.736129,4,2395,2448,1765415364735,1765415364736,1,1.03,0.0000,0.0,0.00
1765415364.764071,4,2396,2449,1765415364759,1765415364764,5,1.04,0.0000,0.0,0.00
1765415364.781082,4,2397,2450,1765415364781,1765415364781,0,1.11,0.0000,0.0,0.00
1765415364.803483,4,2398,2451,1765415364802,1765415364803,1,1.11,0.7960,0.0,0.00
1765415364.823756,4,2399,2452,1765415364823,1765415364823,0,1.11,0.5920,0.0,0.00
1765415364.845539,4,2400,2453,1765415364845,1765415364845,0,1.07,0.3880,0.0,0.00
1765415364.866481,4,2401,2454,1765415364866,1765415364866,0,1.07,0.1840,0.0,0.00
1765415364.888006,4,2402,2456,1765415364888,1765415364888,0,1.07,0.0000,0.0,0.00
1765415364.909148,4,2403,2457,1765415364909,1765415364909,0,1.05,0.0000,0.0,0.00
1765415364.931231,4,2404,2458,1765415364930,1765415364931,1,1.05,0.0000,0.0,0.00
1765415364.954838,4,2405,2459,1765415364952,1765415364953,1,1.05,0.0000,0.0,0.00
1765415364.974715,4,2406,2460,1765415364973,1765415364973,0,1.04,0.0000,0.0,0.00
1765415364.996042,4,2407,2461,1765415364995,1765415364995,0,1.00,0.8080,0.0,0.00
1765415365.020196,4,2408,2463,1765415365016,1765415365020,4,1.04,0.4120,0.0,0.00
1765415365.038236,4,2409,2464,1765415365038,1765415365038,0,1.10,0.2080,0.0,0.00
1765415365.060359,4,2410,2465,1765415365059,1765415365059,0,1.10,0.0160,0.0,0.00
1765415365.080873,4,2411,2466,1765415365080,1765415365080,0,1.10,0.0000,0.0,0.00
1765415365.103558,4,2412,2467,1765415365102,1765415365102,0,1.10,0.0000,0.0,0.00
1765415365.123782,4,2413,2468,1765415365123,1765415365123,0,1.10,0.0000,0.0,0.00
1765415365.145396,4,2414,2469,1765415365145,1765415365145,0,1.10,0.0000,0.0,0.00
1765415365.166357,4,2415,2470,1765415365166,1765415365166,0,1.10,0.7960,0.0,0.00
1765415365.189364,4,2416,2471,1765415365188,1765415365188,0,1.10,0.3880,0.0,0.00
1765415365.210794,4,2417,2473,1765415365210,1765415365210,0,1.10,0.1960,0.0,0.00
1765415365.231456,4,2418,2474,1765415365231,1765415365231,0,1.10,0.0000,0.0,0.00
1765415365.255044,4,2419,2475,1765415365253,1765415365254,1,1.10,0.0000,0.0,0.00
1765415365.274253,4,2420,2476,1765415365274,1765415365274,0,1.08,0.0000,0.0,0.00
1765415365.295562,4,2421,2477,1765415365295,1765415365295,0,1.08,0.0000,0.0,0.00
1765415365.322196,4,2422,2478,1765415365317,1765415365317,0,1.08,0.2040,0.0,0.00
1765415365.340214,4,2423,2479,1765415365339,1765415365339,0,1.08,0.9880,0.0,0.00
1765415365.361420,4,2424,2480,1765415365360,1765415365360,0,1.08,0.7960,0.0,0.00
1765415365.386077,4,2425,2481,1765415365381,1765415365384,3,1.11,0.4000,0.0,0.00
1765415365.404065,4,2426,2482,1765415365403,1765415365403,0,1.15,0.1960,0.0,0.00
1765415365.427219,4,2427,2484,1765415365424,1765415365426,2,1.17,0.0040,0.0,0.00
1765415365.446090,4,2428,2485,1765415365446,1765415365446,0,1.18,0.0000,0.0,0.00
1765415365.468190,4,2429,2486,1765415365467,1765415365468,1,1.17,0.0000,0.0,0.00
1765415365.489590,4,2430,2487,1765415365489,1765415365489,0,1.17,0.0000,0.0,0.00
1765415365.511087,4,2431,2489,1765415365511,1765415365511,0,1.17,0.7960,0.0,0.00
1765415365.532758,4,2432,2490,1765415365532,1765415365532,0,1.17,0.5920,0.0,0.00
1765415365.555147,4,2433,2491,1765415365553,1765415365553,0,1.13,0.1840,0.0,0.00
1765415365.574924,4,2434,2492,1765415365574,1765415365574,0,1.08,0.0000,0.0,0.00
1765415365.596443,4,2435,2494,1765415365596,1765415365596,0,1.08,0.0000,0.0,0.00
1765415365.623099,4,2436,2495,1765415365617,1765415365622,5,1.15,0.0000,0.0,0.00
1765415365.640244,4,2437,2496,1765415365639,1765415365639,0,1.22,0.0000,0.0,0.00
1765415365.660388,4,2438,2497,1765415365660,1765415365660,0,1.22,0.0000,0.0,0.00
1765415365.681987,4,2439,2498,1765415365681,1765415365681,0,1.22,0.0000,0.0,0.00
1765415365.707881,4,2440,2499,1765415365703,1765415365706,3,1.27,0.0000,0.0,0.00
1765415365.725706,4,2441,2500,1765415365724,1765415365724,0,1.30,0.8080,0.0,0.00
1765415365.745805,4,2442,2501,1765415365745,1765415365745,0,1.30,0.6160,0.0,0.00
1765415365.767133,4,2443,2502,1765415365766,1765415365767,1,1.30,0.4240,0.0,0.00
1765415365.791041,4,2444,2504,1765415365788,1765415365790,2,1.30,0.0040,0.0,0.00
1765415365.809436,4,2445,2505,1765415365808,1765415365808,0,1.35,0.0000,0.0,0.00
1765415365.829986,4,2446,2506,1765415365829,1765415365829,0,1.33,0.0000,0.0,0.00
1765415365.857634,4,2447,2507,1765415365851,1765415365852,1,1.31,0.0000,0.0,0.00
1765415365.873668,4,2448,2508,1765415365872,1765415365873,1,1.28,0.0000,0.0,0.00
1765415365.894773,4,2449,2509,1765415365894,1765415365894,0,1.28,0.0000,0.0,0.00
1765415365.916340,4,2450,2510,1765415365916,1765415365916,0,1.28,0.0000,0.0,0.00
1765415365.940427,4,2451,2511,1765415365937,1765415365939,2,1.30,0.0000,0.0,0.00
1765415365.958805,4,2452,2513,1765415365958,1765415365958,0,1.32,0.8080,0.0,0.00
1765415365.981671,4,2453,2514,1765415365981,1765415365981,0,1.33,0.6040,0.0,0.00
1765415366.006744,4,2454,2515,1765415366002,1765415366005,3,1.37,0.2080,0.0,0.00
1765415366.025440,4,2455,2517,1765415366024,1765415366024,0,1.38,0.0160,0.0,0.00
1765415366.045408,4,2456,2518,1765415366045,1765415366045,0,1.27,0.0000,0.0,0.00
1765415366.067163,4,2457,2519,1765415366067,1765415366067,0,1.21,0.0000,0.0,0.00
1765415366.088373,4,2458,2520,1765415366088,1765415366088,0,1.21,0.0000,0.0,0.00
1765415366.109911,4,2459,2521,1765415366109,1765415366109,0,1.20,0.0000,0.0,0.00
1765415366.140392,4,2460,2522,1765415366136,1765415366140,4,1.36,0.0000,0.0,0.00
1765415366.148289,4,2461,2523,1765415366148,1765415366148,0,1.56,0.0000,0.0,0.00
1765415366.172118,4,2462,2525,1765415366169,1765415366172,3,1.59,0.0000,0.0,0.00
1765415366.191196,4,2463,2526,1765415366190,1765415366191,1,1.62,0.0000,0.0,0.00
1765415366.212974,4,2464,2527,1765415366212,1765415366212,0,1.62,0.0000,0.0,0.00
1765415366.237210,4,2465,2528,1765415366233,1765415366236,3,1.66,0.0000,0.0,0.00
1765415366.255534,4,2466,2529,1765415366255,1765415366255,0,1.67,0.0000,0.0,0.00
1765415366.276146,4,2467,2530,1765415366276,1765415366276,0,1.66,0.0000,0.0,0.00
1765415366.297470,4,2468,2531,1765415366297,1765415366297,0,1.60,0.0000,0.0,0.00
1765415366.320286,4,2469,2532,1765415366319,1765415366320,1,1.58,0.5800,0.0,0.00
1765415366.340705,4,2470,2533,1765415366340,1765415366340,0,1.60,0.3760,0.0,0.00
1765415366.362359,4,2471,2534,1765415366362,1765415366362,0,1.60,0.1720,0.0,0.00
1765415366.383006,4,2472,2535,1765415366383,1765415366383,0,1.60,0.0000,0.0,0.00
1765415366.405542,4,2473,2537,1765415366404,1765415366404,0,1.60,0.0000,0.0,0.00
1765415366.425326,4,2474,2538,1765415366425,1765415366425,0,1.59,0.0000,0.0,0.00
1765415366.448265,4,2475,2539,1765415366448,1765415366448,0,1.62,0.7960,0.0,0.00
1765415366.472015,4,2476,2540,1765415366469,1765415366470,1,1.62,0.4000,0.0,0.00
1765415366.490897,4,2477,2541,1765415366490,1765415366490,0,1.62,0.1840,0.0,0.00
1765415366.511793,4,2478,2542,1765415366511,1765415366511,0,1.62,0.0000,0.0,0.00
1765415366.533324,4,2479,2543,1765415366533,1765415366533,0,1.60,0.0000,0.0,0.00
1765415366.558822,4,2480,2546,1765415366554,1765415366558,4,1.65,0.8080,0.0,0.00
1765415366.576945,4,2481,2547,1765415366576,1765415366576,0,1.70,0.6040,0.0,0.00
1765415366.599128,4,2482,2548,1765415366597,1765415366597,0,1.69,1.4000,0.0,0.00
1765415366.620299,4,2483,2549,1765415366619,1765415366619,0,1.69,1.1960,0.0,0.00
1765415366.642053,4,2484,2550,1765415366640,1765415366640,0,1.69,0.8000,0.0,0.00
1765415366.661424,4,2485,2551,1765415366661,1765415366661,0,1.64,0.5960,0.0,0.00
1765415366.683289,4,2486,2552,1765415366683,1765415366683,0,1.62,0.3920,0.0,0.00
1765415366.708596,4,2487,2553,1765415366704,1765415366708,4,1.66,0.9960,0.0,0.00
1765415366.727176,4,2488,2554,1765415366726,1765415366726,0,1.69,0.7920,0.0,0.00
1765415366.747218,4,2489,2555,1765415366747,1765415366747,0,1.68,0.6000,0.0,0.00
1765415366.769719,4,2490,2556,1765415366768,1765415366768,0,1.68,0.3960,0.0,0.00
1765415366.790745,4,2491,2558,1765415366790,1765415366790,0,1.68,0.0120,0.0,0.00
1765415366.812262,4,2492,2559,1765415366811,1765415366811,0,1.68,0.0000,0.0,0.00
1765415366.833562,4,2493,2560,1765415366833,1765415366833,0,1.69,0.0000,0.0,0.00
1765415366.857381,4,2494,2561,1765415366854,1765415366857,3,1.73,0.0000,0.0,0.00
1765415366.876494,4,2495,2562,1765415366876,1765415366876,0,1.76,0.0000,0.0,0.00
1765415366.897795,4,2496,2563,1765415366897,1765415366897,0,1.67,0.8080,0.0,0.00
1765415366.923253,4,2497,2564,1765415366918,1765415366918,0,1.61,0.4120,0.0,0.00
1765415366.940289,4,2498,2566,1765415366939,1765415366939,0,1.61,0.1960,0.0,0.00
1765415366.961769,4,2499,2567,1765415366960,1765415366960,0,1.61,0.0000,0.0,0.00
1765415366.983173,4,2500,2568,1765415366982,1765415366982,0,1.55,0.0000,0.0,0.00
1765415367.008166,4,2501,2569,1765415367003,1765415367007,4,1.58,0.8080,0.0,0.00
1765415367.025579,4,2502,2571,1765415367025,1765415367025,0,1.62,0.6160,0.0,0.00
1765415367.047526,4,2503,2572,1765415367046,1765415367046,0,1.61,0.4000,0.0,0.00
1765415367.068086,4,2504,2573,1765415367068,1765415367068,0,1.59,0.1960,0.0,0.00
1765415367.173287,4,2505,2575,1765415367162,1765415367173,11,3.45,0.3240,0.0,0.00
1765415367.191254,4,2506,2576,1765415367191,1765415367191,0,3.47,0.9760,0.0,0.00
1765415367.221326,4,2507,2577,1765415367216,1765415367220,4,3.63,1.1560,0.0,0.00
1765415367.238830,4,2508,2578,1765415367238,1765415367238,0,3.65,0.8963,0.0,0.00
1765415367.265823,4,2509,2579,1765415367260,1765415367264,4,3.72,0.4120,0.0,0.00
1765415367.281646,4,2510,2580,1765415367281,1765415367281,0,3.76,0.2080,0.0,0.00
1765415367.303207,4,2511,2582,1765415367302,1765415367302,0,3.77,0.0160,0.0,0.00
1765415367.324364,4,2512,2583,1765415367324,1765415367324,0,3.74,0.0000,0.0,0.00
1765415367.349878,4,2513,2584,1765415367345,1765415367349,4,3.79,0.0000,0.0,0.00
1765415367.367620,4,2514,2585,1765415367367,1765415367367,0,3.80,0.0000,0.0,0.00
1765415367.388611,4,2515,2586,1765415367388,1765415367388,0,3.78,0.0000,0.0,0.00
1765415367.409721,4,2516,2587,1765415367409,1765415367409,0,3.78,0.0000,0.0,0.00
1765415367.433170,4,2517,2588,1765415367431,1765415367433,2,3.81,0.0000,0.0,0.00
1765415367.453361,4,2518,2589,1765415367452,1765415367452,0,3.82,0.0000,0.0,0.00
1765415367.474398,4,2519,2590,1765415367474,1765415367474,0,3.82,0.8080,0.0,0.00
1765415367.498373,4,2520,2592,1765415367495,1765415367498,3,3.64,0.3880,0.0,0.00
1765415367.518073,4,2521,2593,1765415367517,1765415367517,0,3.55,0.1840,0.0,0.00
1765415367.539032,4,2522,2594,1765415367538,1765415367539,1,3.53,0.0000,0.0,0.00
1765415367.565466,4,2523,2595,1765415367561,1765415367565,4,3.58,0.0000,0.0,0.00
1765415367.582586,4,2524,2596,1765415367582,1765415367582,0,3.61,0.0000,0.0,0.00
1765415367.604788,4,2525,2597,1765415367603,1765415367603,0,3.59,0.0000,0.0,0.00
1765415367.626084,4,2526,2598,1765415367625,1765415367625,0,3.57,0.0000,0.0,0.00
1765415367.649928,4,2527,2599,1765415367646,1765415367648,2,3.56,0.6040,0.0,0.00
1765415367.668348,4,2528,2600,1765415367667,1765415367667,0,3.58,0.4000,0.0,0.00
1765415367.689008,4,2529,2601,1765415367689,1765415367689,0,3.58,0.2080,0.0,0.00
1765415367.710515,4,2530,2602,1765415367710,1765415367710,0,3.57,0.0160,0.0,0.00
1765415367.733320,4,2531,2604,1765415367732,1765415367733,1,3.57,0.0000,0.0,0.00
1765415367.753769,4,2532,2605,1765415367753,1765415367753,0,3.58,0.0000,0.0,0.00
1765415367.775194,4,2533,2606,1765415367774,1765415367774,0,3.58,0.0000,0.0,0.00
1765415367.799259,4,2534,2607,1765415367795,1765415367798,3,3.59,0.0000,0.0,0.00
1765415367.816570,4,2535,2608,1765415367816,1765415367816,0,3.63,0.0000,0.0,0.00
1765415367.838885,4,2536,2609,1765415367837,1765415367837,0,3.63,0.0000,0.0,0.00
1765415367.860215,4,2537,2610,1765415367859,1765415367859,0,3.62,0.0000,0.0,0.00
1765415367.883509,4,2538,2612,1765415367880,1765415367882,2,3.61,0.0000,0.0,0.00
1765415367.902954,4,2539,2613,1765415367902,1765415367902,0,3.62,0.0000,0.0,0.00
1765415367.924244,4,2540,2614,1765415367924,1765415367924,0,3.58,0.0000,0.0,0.00
1765415367.947525,4,2541,2615,1765415367945,1765415367946,1,3.54,0.0000,0.0,0.00
1765415367.967857,4,2542,2616,1765415367966,1765415367966,0,3.55,0.0000,0.0,0.00
1765415367.988142,4,2543,2617,1765415367988,1765415367988,0,3.55,0.0000,0.0,0.00
1765415368.012805,4,2544,2618,1765415368009,1765415368011,2,3.54,0.0000,0.0,0.00
1765415368.031390,4,2545,2619,1765415368031,1765415368031,0,3.55,0.0000,0.0,0.00
1765415368.053698,4,2546,2620,1765415368052,1765415368052,0,3.56,0.0000,0.0,0.00
1765415368.087547,4,2547,2621,1765415368087,1765415368087,0,3.81,0.0000,0.0,0.00
1765415368.112622,4,2548,2622,1765415368111,1765415368111,0,3.80,0.0000,0.0,0.00
1765415368.129050,4,2549,2623,1765415368127,1765415368127,0,3.83,0.0000,0.0,0.00
1765415368.154326,4,2550,2625,1765415368149,1765415368154,5,3.92,0.7960,0.0,0.00
1765415368.172398,4,2551,2626,1765415368172,1765415368172,0,3.95,0.5920,0.0,0.00
1765415368.193604,4,2552,2627,1765415368193,1765415368193,0,3.95,0.3880,0.0,0.00
1765415368.219131,4,2553,2628,1765415368215,1765415368217,2,3.97,0.0000,0.0,0.00
1765415368.236988,4,2554,2629,1765415368236,1765415368236,0,3.98,0.0000,0.0,0.00
1765415368.258759,4,2555,2630,1765415368258,1765415368258,0,3.95,0.0000,0.0,0.00
1765415368.280002,4,2556,2631,1765415368280,1765415368280,0,3.95,0.0000,0.0,0.00
1765415368.303493,4,2557,2632,1765415368300,1765415368302,2,3.94,0.7960,0.0,0.00
1765415368.322879,4,2558,2634,1765415368322,1765415368322,0,3.95,0.5920,0.0,0.00
1765415368.344867,4,2559,2635,1765415368343,1765415368343,0,3.95,0.4000,0.0,0.00
1765415368.369658,4,2560,2636,1765415368364,1765415368364,0,3.95,0.0000,0.0,0.00
1765415368.388891,4,2561,2637,1765415368386,1765415368387,1,3.90,0.0000,0.0,0.00
1765415368.408017,4,2562,2638,1765415368408,1765415368408,0,3.88,0.0000,0.0,0.00
1765415368.429486,4,2563,2639,1765415368429,1765415368429,0,3.88,0.0000,0.0,0.00
1765415368.450716,4,2564,2640,1765415368450,1765415368450,0,3.89,0.0000,0.0,0.00
1765415368.472717,4,2565,2641,1765415368472,1765415368472,0,2.04,0.6040,0.0,0.00
1765415368.493212,4,2566,2643,1765415368493,1765415368493,0,1.99,0.4120,0.0,0.00
1765415368.515833,4,2567,2644,1765415368514,1765415368514,0,1.87,0.2200,0.0,0.00
1765415368.538728,4,2568,2645,1765415368536,1765415368538,2,1.86,0.0000,0.0,0.00
1765415368.557375,4,2569,2647,1765415368557,1765415368557,0,1.82,0.0000,0.0,0.00
1765415368.579732,4,2570,2648,1765415368578,1765415368578,0,1.76,0.0000,0.0,0.00
1765415368.602541,4,2571,2649,1765415368600,1765415368601,1,1.77,0.0000,0.0,0.00
1765415368.622601,4,2572,2650,1765415368621,1765415368621,0,1.79,0.8080,0.0,0.00
1765415368.643092,4,2573,2651,1765415368643,1765415368643,0,1.74,0.5920,0.0,0.00
1765415368.665826,4,2574,2653,1765415368664,1765415368664,0,1.69,0.4000,0.0,0.00
1765415368.686313,4,2575,2654,1765415368686,1765415368686,0,1.69,0.0040,0.0,0.00
1765415368.708354,4,2576,2655,1765415368707,1765415368708,1,1.68,0.0000,0.0,0.00
1765415368.729465,4,2577,2656,1765415368729,1765415368729,0,1.65,0.0000,0.0,0.00
1765415368.751077,4,2578,2657,1765415368750,1765415368751,1,1.62,0.0000,0.0,0.00
1765415368.771881,4,2579,2658,1765415368771,1765415368771,0,1.64,0.0000,0.0,0.00
1765415368.793535,4,2580,2659,1765415368793,1765415368793,0,1.60,0.8080,0.0,0.00
1765415368.817989,4,2581,2660,1765415368815,1765415368817,2,1.60,0.4120,0.0,0.00
1765415368.837362,4,2582,2661,1765415368836,1765415368837,1,1.62,0.2080,0.0,0.00
1765415368.859586,4,2583,2663,1765415368858,1765415368858,0,1.55,0.0160,0.0,0.00
1765415368.883452,4,2584,2664,1765415368879,1765415368882,3,1.52,0.0000,0.0,0.00
1765415368.902063,4,2585,2665,1765415368901,1765415368901,0,1.55,0.0000,0.0,0.00
1765415368.923419,4,2586,2667,1765415368922,1765415368922,0,1.56,0.0000,0.0,0.00
1765415368.948360,4,2587,2668,1765415368943,1765415368943,0,1.54,0.6040,0.0,0.00
1765415368.964991,4,2588,2669,1765415368964,1765415368964,0,1.51,0.4000,0.0,0.00
1765415368.987633,4,2589,2670,1765415368986,1765415368986,0,1.51,0.2080,0.0,0.00
1765415369.007900,4,2590,2672,1765415369007,1765415369007,0,1.51,0.0160,0.0,0.00
1765415369.029624,4,2591,2673,1765415369029,1765415369029,0,1.49,0.0000,0.0,0.00
1765415369.050841,4,2592,2674,1765415369050,1765415369050,0,1.48,0.0000,0.0,0.00
1765415369.072610,4,2593,2675,1765415369072,1765415369072,0,1.48,0.0000,0.0,0.00
1765415369.095192,4,2594,2676,1765415369094,1765415369095,1,1.46,0.8080,0.0,0.00
1765415369.115161,4,2595,2677,1765415369115,1765415369115,0,1.43,0.6160,0.0,0.00
1765415369.136523,4,2596,2678,1765415369136,1765415369136,0,1.43,0.4240,0.0,0.00
1765415369.162129,4,2597,2679,1765415369158,1765415369161,3,1.48,0.0160,0.0,0.00
1765415369.180119,4,2598,2681,1765415369179,1765415369180,1,1.50,0.0000,0.0,0.00
1765415369.200363,4,2599,2682,1765415369200,1765415369200,0,1.50,0.0000,0.0,0.00
1765415369.221634,4,2600,2683,1765415369221,1765415369221,0,1.50,0.0000,0.0,0.00
1765415369.244375,4,2601,2684,1765415369243,1765415369244,1,1.52,0.0000,0.0,0.00
1765415369.265614,4,2602,2685,1765415369265,1765415369265,0,1.50,0.8080,0.0,0.00
1765415369.287004,4,2603,2686,1765415369287,1765415369287,0,1.50,0.6040,0.0,0.00
1765415369.311296,4,2604,2687,1765415369308,1765415369311,3,1.52,0.1960,0.0,0.00
1765415369.329635,4,2605,2689,1765415369329,1765415369329,0,1.55,0.0040,0.0,0.00
1765415369.350854,4,2606,2690,1765415369350,1765415369350,0,1.55,0.0000,0.0,0.00
1765415369.376798,4,2607,2691,1765415369372,1765415369375,3,1.36,0.0000,0.0,0.00
1765415369.394607,4,2608,2692,1765415369393,1765415369393,0,1.36,0.0000,0.0,0.00
1765415369.415351,4,2609,2693,1765415369415,1765415369415,0,1.30,0.0000,0.0,0.00
1765415369.436136,4,2610,2694,1765415369436,1765415369436,0,1.19,0.0000,0.0,0.00
1765415369.458524,4,2611,2695,1765415369457,1765415369457,0,1.15,0.6040,0.0,0.00
1765415369.478940,4,2612,2696,1765415369478,1765415369478,0,1.15,0.4000,0.0,0.00
1765415369.501662,4,2613,2698,1765415369500,1765415369500,0,1.11,0.1960,0.0,0.00
1765415369.524466,4,2614,2699,1765415369521,1765415369523,2,1.11,0.0000,0.0,0.00
1765415369.543947,4,2615,2700,1765415369542,1765415369542,0,1.13,0.0000,0.0,0.00
1765415369.564472,4,2616,2701,1765415369564,1765415369564,0,1.13,0.0000,0.0,0.00
1765415369.588779,4,2617,2702,1765415369586,1765415369588,2,1.17,0.6160,0.0,0.00
1765415369.608136,4,2618,2703,1765415369608,1765415369608,0,1.17,0.4240,0.0,0.00
1765415369.629088,4,2619,2704,1765415369629,1765415369629,0,1.17,0.2200,0.0,0.00
1765415369.653553,4,2620,2705,1765415369650,1765415369653,3,1.21,0.0000,0.0,0.00
1765415369.672489,4,2621,2706,1765415369671,1765415369671,0,1.23,0.0000,0.0,0.00
1765415369.693997,4,2622,2707,1765415369692,1765415369692,0,1.23,1.0000,0.0,0.00
1765415369.720514,4,2623,2709,1765415369714,1765415369714,0,1.24,0.5920,0.0,0.00
1765415369.736917,4,2624,2710,1765415369736,1765415369736,0,1.24,0.3880,0.0,0.00
1765415369.757792,4,2625,2711,1765415369757,1765415369757,0,1.24,0.1720,0.0,0.00
1765415369.779698,4,2626,2712,1765415369778,1765415369778,0,1.24,0.0000,0.0,0.00
1765415369.804327,4,2627,2713,1765415369800,1765415369803,3,1.30,0.5920,0.0,0.00
1765415369.821710,4,2628,2714,1765415369821,1765415369821,0,1.30,0.4000,0.0,0.00
1765415369.843126,4,2629,2715,1765415369843,1765415369843,0,1.28,0.1960,0.0,0.00
1765415369.866400,4,2630,2716,1765415369864,1765415369864,0,1.28,0.0040,0.0,0.00
1765415369.887963,4,2631,2717,1765415369886,1765415369887,1,1.28,0.0000,0.0,0.00
1765415369.909163,4,2632,2719,1765415369908,1765415369909,1,1.26,0.0000,0.0,0.00
1765415369.930804,4,2633,2720,1765415369929,1765415369929,0,1.28,0.0000,0.0,0.00
1765415369.953162,4,2634,2721,1765415369951,1765415369953,2,1.32,0.0000,0.0,0.00
1765415369.973184,4,2635,2722,1765415369972,1765415369972,0,1.34,0.0000,0.0,0.00
1765415369.994940,4,2636,2723,1765415369993,1765415369993,0,1.34,0.8080,0.0,0.00
1765415370.019071,4,2637,2724,1765415370014,1765415370019,5,1.42,0.4000,0.0,0.00
1765415370.037598,4,2638,2726,1765415370036,1765415370036,0,1.47,1.0190,0.0,0.00
1765415370.057733,4,2639,2727,1765415370057,1765415370057,0,1.46,0.7960,0.0,0.00
1765415370.080152,4,2640,2728,1765415370079,1765415370079,0,1.46,0.5920,0.0,0.00
1765415370.101397,4,2641,2729,1765415370101,1765415370101,0,1.42,0.2080,0.0,0.00
1765415370.122587,4,2642,2730,1765415370122,1765415370122,0,1.41,0.0040,0.0,0.00
1765415370.143165,4,2643,2731,1765415370143,1765415370143,0,1.41,0.0000,0.0,0.00
1765415370.164353,4,2644,2732,1765415370164,1765415370164,0,1.36,0.0000,0.0,0.00
1765415370.186664,4,2645,2734,1765415370185,1765415370186,1,1.34,0.0000,0.0,0.00
1765415370.207802,4,2646,2735,1765415370207,1765415370207,0,1.34,0.7840,0.0,0.00
1765415370.229886,4,2647,2736,1765415370228,1765415370228,0,1.34,0.5800,0.0,0.00
1765415370.253350,4,2648,2737,1765415370249,1765415370252,3,1.38,0.1840,0.0,0.00
1765415370.270898,4,2649,2738,1765415370270,1765415370270,0,1.42,0.0000,0.0,0.00
1765415370.292032,4,2650,2739,1765415370292,1765415370292,0,1.43,0.0000,0.0,0.00
1765415370.314477,4,2651,2740,1765415370313,1765415370313,0,1.42,0.0000,0.0,0.00
1765415370.336070,4,2652,2741,1765415370335,1765415370335,0,1.43,0.6040,0.0,0.00
1765415370.356318,4,2653,2742,1765415370356,1765415370356,0,1.42,0.4000,0.0,0.00
1765415370.378395,4,2654,2744,1765415370378,1765415370378,0,1.40,0.2080,0.0,0.00
1765415370.400857,4,2655,2745,1765415370399,1765415370400,1,1.39,1.0000,0.0,0.00
1765415370.420735,4,2656,2746,1765415370420,1765415370420,0,1.41,0.7960,0.0,0.00
1765415370.441925,4,2657,2747,1765415370441,1765415370441,0,1.34,0.5920,0.0,0.00
1765415370.464645,4,2658,2748,1765415370463,1765415370463,0,1.32,0.4000,0.0,0.00
1765415370.486433,4,2659,2749,1765415370485,1765415370485,0,1.31,0.0040,0.0,0.00
1765415370.506732,4,2660,2750,1765415370506,1765415370506,0,1.31,0.0000,0.0,0.00
1765415370.528315,4,2661,2751,1765415370528,1765415370528,0,1.29,0.0000,0.0,0.00
1765415370.551368,4,2662,2752,1765415370549,1765415370550,1,1.30,0.8080,0.0,0.00
1765415370.571223,4,2663,2754,1765415370570,1765415370570,0,1.31,0.6040,0.0,0.00
1765415370.591550,4,2664,2755,1765415370591,1765415370591,0,1.27,0.4120,0.0,0.00
1765415370.616741,4,2665,2757,1765415370613,1765415370615,2,1.26,0.0160,0.0,0.00
1765415370.634997,4,2666,2758,1765415370634,1765415370634,0,1.29,0.0000,0.0,0.00
1765415370.657165,4,2667,2759,1765415370656,1765415370656,0,1.24,0.0000,0.0,0.00
1765415370.678189,4,2668,2760,1765415370677,1765415370677,0,1.19,0.0000,0.0,0.00
1765415370.698957,4,2669,2761,1765415370698,1765415370698,0,1.19,0.0000,0.0,0.00
1765415370.721030,4,2670,2762,1765415370720,1765415370720,0,1.19,0.7960,0.0,0.00
1765415370.741442,4,2671,2763,1765415370741,1765415370741,0,1.19,0.6040,0.0,0.00
1765415370.766522,4,2672,2765,1765415370762,1765415370766,4,1.25,0.1960,0.0,0.00
1765415370.784328,4,2673,2766,1765415370783,1765415370783,0,1.31,0.0000,0.0,0.00
1765415370.804507,4,2674,2767,1765415370804,1765415370804,0,1.29,0.0000,0.0,0.00
1765415370.825949,4,2675,2768,1765415370825,1765415370825,0,1.25,0.0000,0.0,0.00
1765415370.850256,4,2676,2769,1765415370847,1765415370850,3,1.31,0.0000,0.0,0.00
1765415370.868602,4,2677,2770,1765415370868,1765415370868,0,1.31,0.8080,0.0,0.00
1765415370.889974,4,2678,2771,1765415370889,1765415370889,0,1.30,0.5920,0.0,0.00
1765415370.912062,4,2679,2772,1765415370911,1765415370911,0,1.30,0.3880,0.0,0.00
1765415370.934228,4,2680,2773,1765415370932,1765415370933,1,1.27,0.0000,0.0,0.00
1765415370.954058,4,2681,2774,1765415370954,1765415370954,0,1.22,0.0000,0.0,0.00
1765415370.975359,4,2682,2775,1765415370975,1765415370975,0,1.22,0.0000,0.0,0.00
1765415371.000388,4,2683,2777,1765415370997,1765415371000,3,1.28,0.0000,0.0,0.00
1765415371.019865,4,2684,2778,1765415371018,1765415371019,1,1.30,0.7960,0.0,0.00
1765415371.040641,4,2685,2779,1765415371040,1765415371040,0,1.30,0.5800,0.0,0.00
1765415371.062741,4,2686,2780,1765415371062,1765415371062,0,1.31,0.3880,0.0,0.00
1765415371.085665,4,2687,2781,1765415371083,1765415371085,2,1.27,0.0000,0.0,0.00
1765415371.105623,4,2688,2782,1765415371104,1765415371104,0,1.25,0.0000,0.0,0.00
1765415371.126233,4,2689,2783,1765415371126,1765415371126,0,1.25,0.0000,0.0,0.00
1765415371.150827,4,2690,2784,1765415371147,1765415371150,3,1.30,1.0000,0.0,0.00
1765415371.169949,4,2691,2786,1765415371168,1765415371169,1,1.30,0.7960,0.0,0.00
1765415371.191155,4,2692,2787,1765415371191,1765415371191,0,1.30,0.6040,0.0,0.00
1765415371.214145,4,2693,2788,1765415371213,1765415371213,0,1.29,0.4120,0.0,0.00
1765415371.234535,4,2694,2789,1765415371234,1765415371234,0,1.25,0.2040,0.0,0.00
1765415371.255916,4,2695,2790,1765415371255,1765415371255,0,1.22,0.0120,0.0,0.00
1765415371.277145,4,2696,2791,1765415371277,1765415371277,0,1.23,0.0000,0.0,0.00
1765415371.298148,4,2697,2792,1765415371298,1765415371298,0,1.15,0.0000,0.0,0.00
1765415371.321574,4,2698,2793,1765415371320,1765415371320,0,1.09,0.0000,0.0,0.00
1765415371.342288,4,2699,2794,1765415371342,1765415371342,0,1.10,0.0000,0.0,0.00
1765415371.366843,4,2700,2796,1765415371364,1765415371365,1,1.11,0.6040,0.0,0.00
1765415371.387049,4,2701,2797,1765415371387,1765415371387,0,1.11,0.4120,0.0,0.00
1765415371.407965,4,2702,2798,1765415371407,1765415371407,0,1.13,0.2080,0.0,0.00
1765415371.432664,4,2703,2799,1765415371429,1765415371431,2,1.17,0.0000,0.0,0.00
1765415371.451346,4,2704,2800,1765415371450,1765415371450,0,1.20,0.0000,0.0,0.00
1765415371.472162,4,2705,2801,1765415371472,1765415371472,0,1.20,0.0000,0.0,0.00
1765415371.493311,4,2706,2802,1765415371493,1765415371493,0,1.20,0.0000,0.0,0.00
1765415371.514500,4,2707,2803,1765415371514,1765415371514,0,1.20,0.8080,0.0,0.00
1765415371.536231,4,2708,2804,1765415371536,1765415371536,0,1.17,0.6160,0.0,0.00
1765415371.557585,4,2709,2806,1765415371557,1765415371557,0,1.12,0.4240,0.0,0.00
1765415371.580185,4,2710,2807,1765415371579,1765415371579,0,1.12,0.0400,0.0,0.00
1765415371.600952,4,2711,2808,1765415371600,1765415371600,0,1.12,0.0000,0.0,0.00
1765415371.621892,4,2712,2809,1765415371621,1765415371621,0,1.11,0.0000,0.0,0.00
1765415371.645944,4,2713,2810,1765415371642,1765415371644,2,1.13,0.0000,0.0,0.00
1765415371.664059,4,2714,2811,1765415371664,1765415371664,0,1.15,1.0000,0.0,0.00
1765415371.685947,4,2715,2812,1765415371685,1765415371685,0,1.14,0.8080,0.0,0.00
1765415371.706999,4,2716,2813,1765415371706,1765415371706,0,1.13,0.6040,0.0,0.00
1765415371.729513,4,2717,2814,1765415371728,1765415371728,0,1.13,0.2080,0.0,0.00
1765415371.749596,4,2718,2815,1765415371749,1765415371749,0,1.13,0.0040,0.0,0.00
1765415371.772393,4,2719,2816,1765415371771,1765415371771,0,1.13,0.8040,0.0,0.00
1765415371.796917,4,2720,2818,1765415371793,1765415371796,3,1.18,0.3960,0.0,0.00
1765415371.815094,4,2721,2819,1765415371815,1765415371815,0,1.21,0.2040,0.0,0.00
1765415371.836458,4,2722,2820,1765415371835,1765415371835,0,1.23,0.0000,0.0,0.00
1765415371.856880,4,2723,2821,1765415371856,1765415371856,0,1.21,0.0000,0.0,0.00
1765415371.878137,4,2724,2822,1765415371878,1765415371878,0,1.21,0.0000,0.0,0.00
1765415371.899262,4,2725,2823,1765415371899,1765415371899,0,1.17,0.0000,0.0,0.00
1765415371.920309,4,2726,2824,1765415371920,1765415371920,0,1.14,0.0000,0.0,0.00
1765415371.944436,4,2727,2825,1765415371941,1765415371943,2,1.16,0.0000,0.0,0.00
1765415371.964270,4,2728,2827,1765415371963,1765415371963,0,1.18,0.7960,0.0,0.00
1765415371.987022,4,2729,2828,1765415371985,1765415371985,0,1.18,0.5920,0.0,0.00
1765415372.006179,4,2730,2829,1765415372006,1765415372006,0,1.18,0.3880,0.0,0.00
1765415372.028327,4,2731,2830,1765415372027,1765415372028,1,1.18,0.0040,0.0,0.00
1765415372.049928,4,2732,2831,1765415372049,1765415372049,0,1.12,0.0000,0.0,0.00
1765415372.070942,4,2733,2832,1765415372070,1765415372070,0,1.06,0.0000,0.0,0.00
1765415372.093400,4,2734,2833,1765415372092,1765415372092,0,1.06,0.0000,0.0,0.00
1765415372.115320,4,2735,2834,1765415372113,1765415372113,0,1.06,0.8080,0.0,0.00
1765415372.136235,4,2736,2835,1765415372136,1765415372136,0,1.03,0.6040,0.0,0.00
1765415372.157695,4,2737,2836,1765415372157,1765415372157,0,0.98,0.2200,0.0,0.00
1765415372.179745,4,2738,2837,1765415372179,1765415372179,0,0.98,0.0280,0.0,0.00
1765415372.200232,4,2739,2838,1765415372200,1765415372200,0,0.98,0.0000,0.0,0.00
1765415372.223002,4,2740,2840,1765415372221,1765415372223,2,1.00,0.0000,0.0,0.00
1765415372.243161,4,2741,2841,1765415372243,1765415372243,0,1.02,0.0000,0.0,0.00
1765415372.264584,4,2742,2843,1765415372264,1765415372264,0,1.02,0.0000,0.0,0.00
1765415372.290431,4,2743,2844,1765415372285,1765415372290,5,1.03,0.0000,0.0,0.00
1765415372.308210,4,2744,2845,1765415372307,1765415372307,0,1.06,0.7960,0.0,0.00
1765415372.329178,4,2745,2846,1765415372328,1765415372328,0,1.06,0.6040,0.0,0.00
1765415372.351166,4,2746,2847,1765415372350,1765415372350,0,1.06,0.4000,0.0,0.00
1765415372.371727,4,2747,2848,1765415372371,1765415372371,0,1.04,0.0040,0.0,0.00
1765415372.393221,4,2748,2849,1765415372393,1765415372393,0,1.02,0.0000,0.0,0.00
1765415372.414246,4,2749,2851,1765415372414,1765415372414,0,1.01,0.0000,0.0,0.00
1765415372.437364,4,2750,2852,1765415372436,1765415372436,0,0.98,0.0000,0.0,0.00
1765415372.458832,4,2751,2853,1765415372457,1765415372457,0,0.95,0.0000,0.0,0.00
1765415372.480005,4,2752,2854,1765415372479,1765415372479,0,0.95,0.0000,0.0,0.00
1765415372.501312,4,2753,2855,1765415372500,1765415372500,0,0.94,0.7960,0.0,0.00
1765415372.521708,4,2754,2856,1765415372521,1765415372521,0,0.94,0.5920,0.0,0.00
1765415372.544086,4,2755,2857,1765415372542,1765415372542,0,0.94,0.1960,0.0,0.00
1765415372.569398,4,2756,2859,1765415372567,1765415372567,0,1.00,0.0000,0.0,0.00
1765415372.592818,4,2757,2861,1765415372589,1765415372592,3,1.06,0.0000,0.0,0.00
1765415372.611127,4,2758,2862,1765415372611,1765415372611,0,1.09,0.0000,0.0,0.00
1765415372.631870,4,2759,2863,1765415372631,1765415372631,0,1.10,0.0000,0.0,0.00
1765415372.653880,4,2760,2864,1765415372653,1765415372653,0,1.08,0.8080,0.0,0.00
1765415372.677821,4,2761,2865,1765415372674,1765415372676,2,1.10,0.4000,0.0,0.00
1765415372.697112,4,2762,2866,1765415372696,1765415372696,0,1.10,0.1960,0.0,0.00
1765415372.717403,4,2763,2868,1765415372717,1765415372717,0,1.05,0.0000,0.0,0.00
1765415372.742954,4,2764,2869,1765415372739,1765415372742,3,1.09,0.0000,0.0,0.00
1765415372.760515,4,2765,2870,1765415372760,1765415372760,0,1.13,0.0000,0.0,0.00
1765415372.781657,4,2766,2871,1765415372781,1765415372781,0,1.13,0.0000,0.0,0.00
1765415372.803954,4,2767,2872,1765415372802,1765415372802,0,1.13,0.7960,0.0,0.00
1765415372.825702,4,2768,2873,1765415372824,1765415372825,1,1.15,0.4120,0.0,0.00
1765415372.845262,4,2769,2874,1765415372845,1765415372845,0,1.16,0.2080,0.0,0.00
1765415372.868228,4,2770,2875,1765415372867,1765415372867,0,1.16,0.0040,0.0,0.00
1765415372.888465,4,2771,2876,1765415372888,1765415372888,0,1.16,1.0000,0.0,0.00
1765415372.909970,4,2772,2878,1765415372909,1765415372909,0,1.16,0.6040,0.0,0.00
1765415372.932776,4,2773,2879,1765415372931,1765415372931,0,1.14,0.4120,0.0,0.00
1765415372.954119,4,2774,2880,1765415372953,1765415372953,0,1.13,0.2080,0.0,0.00
1765415372.976033,4,2775,2881,1765415372974,1765415372976,2,1.15,0.8080,0.0,0.00
1765415372.996459,4,2776,2882,1765415372996,1765415372996,0,1.17,0.6160,0.0,0.00
1765415373.018048,4,2777,2883,1765415373017,1765415373017,0,1.16,0.4120,0.0,0.00
1765415373.042476,4,2778,2885,1765415373038,1765415373042,4,1.22,0.0040,0.0,0.00
1765415373.061420,4,2779,2886,1765415373060,1765415373060,0,1.26,0.0000,0.0,0.00
1765415373.082790,4,2780,2888,1765415373081,1765415373081,0,1.20,0.0000,0.0,0.00
1765415373.102902,4,2781,2889,1765415373102,1765415373102,0,1.17,0.0000,0.0,0.00
1765415373.125607,4,2782,2890,1765415373124,1765415373124,0,1.16,0.0000,0.0,0.00
1765415373.145628,4,2783,2891,1765415373145,1765415373145,0,1.16,0.0000,0.0,0.00
1765415373.167385,4,2784,2892,1765415373166,1765415373166,0,1.16,0.0000,0.0,0.00
1765415373.190885,4,2785,2893,1765415373188,1765415373189,1,1.18,0.0000,0.0,0.00
1765415373.210239,4,2786,2894,1765415373209,1765415373209,0,1.20,0.0000,0.0,0.00
1765415373.230156,4,2787,2895,1765415373230,1765415373230,0,1.17,0.0000,0.0,0.00
1765415373.253182,4,2788,2897,1765415373252,1765415373252,0,1.16,0.0000,0.0,0.00
1765415373.274372,4,2789,2898,1765415373273,1765415373274,1,1.16,0.7960,0.0,0.00
1765415373.295591,4,2790,2899,1765415373294,1765415373294,0,1.18,0.6040,0.0,0.00
1765415373.317393,4,2791,2900,1765415373317,1765415373317,0,1.20,0.4120,0.0,0.00
1765415373.342954,4,2792,2901,1765415373338,1765415373341,3,1.24,0.0040,0.0,0.00
1765415373.360710,4,2793,2902,1765415373359,1765415373359,0,1.28,0.0000,0.0,0.00
1765415373.382118,4,2794,2903,1765415373381,1765415373381,0,1.28,0.0000,0.0,0.00
1765415373.402928,4,2795,2904,1765415373402,1765415373402,0,1.28,0.0000,0.0,0.00
1765415373.426251,4,2796,2905,1765415373423,1765415373425,2,1.28,0.0000,0.0,0.00
1765415373.445237,4,2797,2906,1765415373445,1765415373445,0,1.30,0.7960,0.0,0.00
1765415373.467079,4,2798,2907,1765415373466,1765415373466,0,1.29,0.5920,0.0,0.00
1765415373.489069,4,2799,2909,1765415373487,1765415373487,0,1.29,0.4000,0.0,0.00
1765415373.510014,4,2800,2910,1765415373509,1765415373509,0,1.27,0.0000,0.0,0.00
1765415373.531182,4,2801,2911,1765415373531,1765415373531,0,1.26,0.0000,0.0,0.00
1765415373.552752,4,2802,2912,1765415373552,1765415373552,0,1.26,0.0000,0.0,0.00
1765415373.575338,4,2803,2913,1765415373574,1765415373574,0,1.19,0.0000,0.0,0.00
1765415373.596259,4,2804,2914,1765415373595,1765415373595,0,1.13,0.0000,0.0,0.00
1765415373.617772,4,2805,2916,1765415373617,1765415373617,0,1.13,0.8080,0.0,0.00
1765415373.640063,4,2806,2917,1765415373638,1765415373638,0,1.13,0.4120,0.0,0.00
1765415373.661359,4,2807,2918,1765415373660,1765415373660,0,1.13,0.7800,0.0,0.00
1765415373.682245,4,2808,2919,1765415373682,1765415373682,0,1.13,0.5880,0.0,0.00
1765415373.704743,4,2809,2920,1765415373703,1765415373704,1,1.13,0.1920,0.0,0.00
1765415373.725812,4,2810,2921,1765415373724,1765415373724,0,1.15,0.0000,0.0,0.00
1765415373.745936,4,2811,2922,1765415373745,1765415373745,0,1.15,0.0000,0.0,0.00
1765415373.770949,4,2812,2923,1765415373767,1765415373770,3,1.20,0.5920,0.0,0.00
1765415373.789786,4,2813,2924,1765415373788,1765415373788,0,1.25,0.4000,0.0,0.00
1765415373.811210,4,2814,2925,1765415373810,1765415373810,0,1.25,0.2080,0.0,0.00
1765415373.832086,4,2815,2926,1765415373832,1765415373832,0,1.25,0.0040,0.0,0.00
1765415373.855964,4,2816,2927,1765415373854,1765415373854,0,1.20,0.0000,0.0,0.00
1765415373.878743,4,2817,2930,1765415373877,1765415373877,0,1.16,0.0000,0.0,0.00
1765415373.903827,4,2818,2931,1765415373898,1765415373902,4,1.18,0.0000,0.0,0.00
1765415373.922963,4,2819,2932,1765415373921,1765415373921,0,1.20,0.0000,0.0,0.00
1765415373.942630,4,2820,2933,1765415373942,1765415373942,0,1.20,0.0000,0.0,0.00
1765415373.967003,4,2821,2934,1765415373964,1765415373967,3,1.23,0.0000,0.0,0.00
1765415373.987077,4,2822,2935,1765415373986,1765415373986,0,1.25,0.0000,0.0,0.00
1765415374.008376,4,2823,2936,1765415374007,1765415374007,0,1.25,0.0000,0.0,0.00
1765415374.032292,4,2824,2937,1765415374028,1765415374032,4,1.25,0.0000,0.0,0.00
1765415374.051080,4,2825,2938,1765415374049,1765415374049,0,1.27,0.0000,0.0,0.00
1765415374.071810,4,2826,2939,1765415374070,1765415374070,0,1.27,0.0000,0.0,0.00
1765415374.092682,4,2827,2941,1765415374092,1765415374092,0,1.27,0.0000,0.0,0.00
1765415374.116692,4,2828,2942,1765415374114,1765415374116,2,1.28,0.0000,0.0,0.00
1765415374.135602,4,2829,2943,1765415374135,1765415374135,0,1.30,0.0000,0.0,0.00
1765415374.156639,4,2830,2944,1765415374156,1765415374156,0,1.30,0.0000,0.0,0.00
1765415374.177773,4,2831,2945,1765415374177,1765415374177,0,1.30,0.0000,0.0,0.00
1765415374.199790,4,2832,2946,1765415374198,1765415374198,0,1.30,0.0000,0.0,0.00
1765415374.221005,4,2833,2947,1765415374219,1765415374219,0,1.30,0.0000,0.0,0.00
1765415374.241686,4,2834,2948,1765415374241,1765415374241,0,1.30,0.0000,0.0,0.00
1765415374.268340,4,2835,2949,1765415374262,1765415374268,6,1.37,0.0000,0.0,0.00
1765415374.286503,4,2836,2950,1765415374284,1765415374285,1,1.42,0.0000,0.0,0.00
1765415374.305249,4,2837,2951,1765415374305,1765415374305,0,1.43,0.0000,0.0,0.00
1765415374.326361,4,2838,2952,1765415374326,1765415374326,0,1.37,0.0000,0.0,0.00
1765415374.350278,4,2839,2953,1765415374348,1765415374350,2,1.37,0.0000,0.0,0.00
1765415374.369460,4,2840,2954,1765415374369,1765415374369,0,1.40,0.0000,0.0,0.00
1765415374.391074,4,2841,2955,1765415374391,1765415374391,0,1.40,0.0000,0.0,0.00
1765415374.415658,4,2842,2956,1765415374411,1765415374414,3,1.42,0.0000,0.0,0.00
1765415374.436060,4,2843,2957,1765415374433,1765415374434,1,1.43,0.0000,0.0,0.00
1765415374.455071,4,2844,2958,1765415374454,1765415374454,0,1.45,0.0000,0.0,0.00
1765415374.475379,4,2845,2959,1765415374475,1765415374475,0,1.43,0.0000,0.0,0.00
1765415374.497793,4,2846,2960,1765415374496,1765415374497,1,1.42,0.0000,0.0,0.00
1765415374.517895,4,2847,2961,1765415374517,1765415374517,0,1.43,0.0000,0.0,0.00
1765415374.538885,4,2848,2962,1765415374538,1765415374538,0,1.43,0.0000,0.0,0.00
1765415374.564119,4,2849,2963,1765415374560,1765415374563,3,1.48,0.0000,0.0,0.00
1765415374.582990,4,2850,2964,1765415374581,1765415374582,1,1.50,0.0000,0.0,0.00
1765415374.603391,4,2851,2965,1765415374603,1765415374603,0,1.48,0.0000,0.0,0.00
1765415374.624242,4,2852,2966,1765415374624,1765415374624,0,1.43,0.0000,0.0,0.00
1765415374.647331,4,2853,2967,1765415374645,1765415374645,0,1.39,0.0000,0.0,0.00
1765415374.667643,4,2854,2968,1765415374666,1765415374666,0,1.39,0.0000,0.0,0.00
1765415374.688863,4,2855,2969,1765415374688,1765415374688,0,1.39,0.0000,0.0,0.00
1765415374.713217,4,2856,2970,1765415374709,1765415374712,3,1.41,0.0000,0.0,0.00
1765415374.732495,4,2857,2971,1765415374731,1765415374732,1,1.41,0.0000,0.0,0.00
1765415374.753073,4,2858,2972,1765415374753,1765415374753,0,1.41,0.0000,0.0,0.00
1765415374.778703,4,2859,2973,1765415374774,1765415374778,4,1.47,0.0000,0.0,0.00
1765415374.796434,4,2860,2974,1765415374795,1765415374796,1,1.51,0.0000,0.0,0.00
1765415374.817419,4,2861,2975,1765415374816,1765415374816,0,1.52,0.0000,0.0,0.00
1765415374.838544,4,2862,2976,1765415374837,1765415374837,0,1.52,0.0000,0.0,0.00
1765415374.862138,4,2863,2977,1765415374858,1765415374862,4,1.58,0.0000,0.0,0.00
1765415374.881454,4,2864,2978,1765415374879,1765415374879,0,1.63,0.0000,0.0,0.00
1765415374.901429,4,2865,2979,1765415374901,1765415374901,0,1.63,0.0000,0.0,0.00
1765415374.922983,4,2866,2980,1765415374922,1765415374922,0,1.63,0.0000,0.0,0.00
1765415374.947723,4,2867,2981,1765415374943,1765415374946,3,1.67,0.0000,0.0,0.00
1765415374.966507,4,2868,2982,1765415374965,1765415374965,0,1.69,0.0000,0.0,0.00
1765415374.987795,4,2869,2983,1765415374986,1765415374986,0,1.69,0.0000,0.0,0.00
1765415375.008160,4,2870,2984,1765415375008,1765415375008,0,1.68,0.0000,0.0,0.00
1765415375.033098,4,2871,2985,1765415375029,1765415375031,2,1.71,0.0000,0.0,0.00
1765415375.051283,4,2872,2986,1765415375051,1765415375051,0,1.65,0.0000,0.0,0.00
1765415375.073511,4,2873,2987,1765415375072,1765415375072,0,1.61,0.0000,0.0,0.00
1765415375.098126,4,2874,2988,1765415375093,1765415375098,5,1.69,0.0000,0.0,0.00
1765415375.115642,4,2875,2989,1765415375114,1765415375115,1,1.74,0.0000,0.0,0.00
1765415375.137125,4,2876,2990,1765415375136,1765415375136,0,1.73,0.0000,0.0,0.00
1765415375.157046,4,2877,2991,1765415375157,1765415375157,0,1.70,0.0000,0.0,0.00
