time,snapshot_id,player_id,server_row,server_col,display_row,display_col
1765415318.363432,260,4,6,7,6,7
1765415318.377662,261,4,6,7,6,7
1765415318.394720,262,4,6,7,6,7
1765415318.411186,263,4,6,7,6,7
1765415318.427256,263,4,6,7,6,7
1765415318.444485,264,4,6,7,6,7
1765415318.516264,265,4,6,7,6,7
1765415318.532068,265,4,6,7,6,7
1765415318.548701,265,4,6,7,6,7
1765415318.579191,268,4,6,7,6,7
1765415318.596115,269,4,6,7,6,7
1765415318.612159,270,4,6,7,6,7
1765415318.628788,271,4,6,7,6,7
1765415318.644786,271,4,6,7,6,7
1765415318.660866,272,4,6,7,6,7
1765415318.677585,273,4,6,7,6,7
1765415318.693866,274,4,6,7,6,7
1765415318.710451,274,4,6,7,6,7
1765415318.726502,275,4,6,7,6,7
1765415318.742474,276,4,6,7,6,7
1765415318.759138,277,4,6,7,6,7
1765415318.775610,277,4,6,7,6,7
1765415318.792850,278,4,6,7,6,7
1765415318.808920,279,4,6,7,6,7
1765415318.825562,280,4,6,7,6,7
1765415318.842292,280,4,6,7,6,7
1765415318.859617,281,4,6,7,6,7
1765415318.876204,282,4,6,7,6,7
1765415318.893059,283,4,6,7,6,7
1765415318.909363,284,4,6,7,6,7
1765415318.925744,284,4,6,7,6,7
1765415318.942293,285,4,6,7,6,7
1765415318.959707,286,4,6,7,6,7
1765415318.975783,287,4,6,7,6,7
1765415318.991397,287,4,6,7,6,7
1765415319.008402,288,4,5,7,5,7
1765415319.025458,289,4,5,7,5,7
1765415319.054643,290,4,5,7,5,7
1765415319.070551,291,4,5,7,5,7
1765415319.087515,292,4,5,7,5,7
1765415319.103626,293,4,5,7,5,7
1765415319.120220,293,4,5,7,5,7
1765415319.136871,294,4,5,7,5,7
1765415319.152451,295,4,5,7,5,7
1765415319.169376,296,4,5,7,5,7
1765415319.186116,296,4,5,7,5,7
1765415319.201809,297,4,5,7,5,7
1765415319.218999,298,4,5,7,5,7
1765415319.234780,299,4,5,7,5,7
1765415319.251197,299,4,5,7,5,7
1765415319.267387,300,4,5,7,5,7
1765415319.284377,301,4,5,7,5,7
1765415319.300668,302,4,5,7,5,7
1765415319.318242,303,4,5,7,5,7
1765415319.336069,303,4,5,7,5,7
1765415319.352431,304,4,5,7,5,7
1765415319.370144,305,4,5,7,5,7
1765415319.387292,306,4,5,7,5,7
1765415319.404313,307,4,5,7,5,7
1765415319.421189,307,4,5,7,5,7
1765415319.436358,308,4,5,7,5,7
1765415319.452860,309,4,5,7,5,7
1765415319.469406,310,4,5,7,5,7
1765415319.485894,310,4,5,7,5,7
1765415319.502785,311,4,5,7,5,7
1765415319.518393,312,4,5,7,5,7
1765415319.535398,313,4,5,7,5,7
1765415319.552244,314,4,5,7,5,7
1765415319.567462,314,4,5,7,5,7
1765415319.584274,315,4,5,7,5,7
1765415319.601272,316,4,5,7,5,7
1765415319.618589,317,4,5,7,5,7
1765415319.634970,317,4,5,7,5,7
1765415319.651632,318,4,5,7,5,7
1765415319.668359,319,4,5,7,5,7
1765415319.684873,320,4,5,7,5,7
1765415319.701157,321,4,5,7,5,7
1765415319.716681,321,4,5,7,5,7
1765415319.733070,322,4,5,7,5,7
1765415319.748731,322,4,5,7,5,7
1765415319.765354,324,4,5,7,5,7
1765415319.783150,324,4,5,7,5,7
1765415319.799749,325,4,5,7,5,7
1765415319.816656,326,4,5,7,5,7
1765415319.833518,327,4,5,7,5,7
1765415319.850268,328,4,5,7,5,7
1765415319.866644,328,4,5,7,5,7
1765415319.883437,329,4,5,7,5,7
1765415319.900662,330,4,5,7,5,7
1765415319.917992,331,4,5,7,5,7
1765415319.934201,331,4,5,7,5,7
1765415319.950340,332,4,5,7,5,7
1765415319.966683,333,4,5,7,5,7
1765415319.984505,334,4,4,7,4,7
1765415320.000756,335,4,4,7,4,7
1765415320.017489,335,4,4,7,4,7
1765415320.034389,336,4,4,7,4,7
1765415320.051664,337,4,4,7,4,7
1765415320.068032,338,4,4,7,4,7
1765415320.084711,339,4,4,7,4,7
1765415320.101752,339,4,4,7,4,7
1765415320.119172,340,4,4,7,4,7
1765415320.134867,341,4,4,7,4,7
1765415320.152105,342,4,4,7,4,7
1765415320.168161,342,4,4,7,4,7
1765415320.184618,343,4,4,7,4,7
1765415320.200582,344,4,4,7,4,7
1765415320.217745,345,4,4,7,4,7
1765415320.235129,346,4,4,7,4,7
1765415320.251251,346,4,4,7,4,7
1765415320.268901,347,4,4,7,4,7
1765415320.284801,348,4,4,7,4,7
1765415320.302048,349,4,4,7,4,7
1765415320.318392,350,4,4,7,4,7
1765415320.335378,350,4,4,7,4,7
1765415320.351956,351,4,3,7,3,7
1765415320.368350,352,4,3,7,3,7
1765415320.385444,353,4,3,7,3,7
1765415320.402254,353,4,3,7,3,7
1765415320.420080,354,4,3,7,3,7
1765415320.437460,355,4,3,7,3,7
1765415320.454876,356,4,3,7,3,7
1765415320.471092,356,4,3,7,3,7
1765415320.487447,357,4,3,7,3,7
1765415320.504885,358,4,3,7,3,7
1765415320.521137,359,4,3,7,3,7
1765415320.537903,359,4,3,7,3,7
1765415320.554338,360,4,3,7,3,7
1765415320.571540,361,4,3,7,3,7
1765415320.588166,362,4,3,7,3,7
1765415320.604662,363,4,3,7,3,7
1765415320.621542,363,4,3,7,3,7
1765415320.644550,364,4,3,7,3,7
1765415320.661514,365,4,3,7,3,7
1765415320.683536,366,4,3,7,3,7
1765415320.700481,367,4,3,7,3,7
1765415320.718181,368,4,3,7,3,7
1765415320.734637,368,4,3,7,3,7
1765415320.751500,369,4,3,7,3,7
1765415320.768282,370,4,3,7,3,7
1765415320.785471,371,4,3,7,3,7
1765415320.802483,372,4,3,7,3,7
1765415320.819062,372,4,3,7,3,7
1765415320.835353,373,4,3,7,3,7
1765415320.852378,374,4,3,7,3,7
1765415320.870023,375,4,3,7,3,7
1765415320.886054,375,4,3,7,3,7
1765415320.901922,376,4,3,7,3,7
1765415320.918978,377,4,3,7,3,7
1765415320.935833,378,4,3,7,3,7
1765415320.952422,379,4,3,7,3,7
1765415320.969349,379,4,3,7,3,7
1765415320.987446,380,4,3,7,3,7
1765415321.004879,381,4,3,7,3,7
1765415321.020715,382,4,3,7,3,7
1765415321.037445,383,4,3,7,3,7
1765415321.054766,383,4,3,7,3,7
1765415321.071635,384,4,3,7,3,7
1765415321.087799,385,4,3,7,3,7
1765415321.104779,385,4,3,7,3,7
1765415321.121318,386,4,3,7,3,7
1765415321.138937,387,4,3,7,3,7
1765415321.154726,388,4,3,7,3,7
1765415321.171269,389,4,3,7,3,7
1765415321.188061,389,4,3,7,3,7
1765415321.204937,390,4,3,7,3,7
1765415321.220463,391,4,3,7,3,7
1765415321.237308,392,4,3,7,3,7
1765415321.254834,392,4,3,7,3,7
1765415321.270963,393,4,3,7,3,7
1765415321.287119,394,4,3,7,3,7
1765415321.303273,395,4,3,7,3,7
1765415321.319881,395,4,3,7,3,7
1765415321.336437,396,4,3,7,3,7
1765415321.353835,397,4,3,7,3,7
1765415321.369922,398,4,3,7,3,7
1765415321.386614,399,4,3,7,3,7
1765415321.403402,399,4,3,7,3,7
1765415321.420168,400,4,3,7,3,7
1765415321.436215,401,4,3,7,3,7
1765415321.452417,402,4,3,7,3,7
1765415321.468817,402,4,3,7,3,7
1765415321.485924,403,4,3,7,3,7
1765415321.502093,404,4,3,7,3,7
1765415321.518023,405,4,3,7,3,7
1765415321.546096,406,4,3,7,3,7
1765415321.556641,406,4,3,7,3,7
1765415321.571896,407,4,3,7,3,7
1765415321.588916,408,4,3,8,3,8
1765415321.605342,409,4,3,8,3,8
1765415321.622138,410,4,3,8,3,8
1765415321.637843,410,4,3,8,3,8
1765415321.654812,411,4,3,8,3,8
1765415321.671743,412,4,3,8,3,8
1765415321.688708,413,4,3,8,3,8
1765415321.704534,413,4,3,8,3,8
1765415321.720906,414,4,3,8,3,8
1765415321.737085,415,4,3,8,3,8
1765415321.752499,416,4,3,8,3,8
1765415321.769327,416,4,3,8,3,8
1765415321.786441,417,4,3,8,3,8
1765415321.804193,418,4,3,8,3,8
1765415321.820894,419,4,3,8,3,8
1765415321.837990,420,4,3,8,3,8
1765415321.854739,420,4,3,8,3,8
1765415321.872099,421,4,3,8,3,8
1765415321.888487,422,4,3,8,3,8
1765415321.906079,423,4,3,8,3,8
1765415321.922783,423,4,3,8,3,8
1765415321.940177,424,4,3,8,3,8
1765415321.956232,425,4,3,8,3,8
1765415321.972678,426,4,3,8,3,8
1765415321.989734,426,4,3,8,3,8
1765415322.006088,427,4,3,8,3,8
1765415322.022611,428,4,3,8,4,8
1765415322.037627,429,4,4,8,4,8
1765415322.053677,429,4,4,8,4,8
1765415322.069869,430,4,4,8,4,8
1765415322.087089,431,4,4,8,4,8
1765415322.103020,432,4,4,8,4,8
1765415322.120245,433,4,4,8,4,8
1765415322.137108,433,4,4,8,4,8
1765415322.152468,434,4,4,8,4,8
1765415322.168946,435,4,4,8,4,8
1765415322.185667,436,4,4,8,4.204,8
1765415322.202455,436,4,4,8,4.4079999999999995,8
1765415322.219802,437,4,5,8,4.611999999999999,8
1765415322.236156,438,4,5,8,4.803999999999999,8
1765415322.252567,439,4,5,8,5.0,8
1765415322.268516,439,4,5,8,5.0,8
1765415322.285490,440,4,5,8,5.0,8
1765415322.301399,441,4,5,8,5.0,8
1765415322.319274,442,4,5,8,5.204,8
1765415322.335092,442,4,5,8,5.396,8
1765415322.351259,443,4,6,8,5.6,8
1765415322.368742,444,4,6,8,5.803999999999999,8
1765415322.385704,445,4,6,8,6.0,8
1765415322.402965,446,4,6,8,6.0,8
1765415322.419044,446,4,6,8,6.0,8
1765415322.434850,447,4,6,8,6.0,8
1765415322.452625,448,4,6,8,6.204,8
1765415322.468601,449,4,7,8,6.4079999999999995,8
1765415322.485881,450,4,7,8,6.611999999999999,8
1765415322.502988,450,4,7,8,6.815999999999999,8
1765415322.518967,451,4,7,8,7.0,8
1765415322.536368,452,4,7,8,7.0,8
1765415322.553379,453,4,7,8,7.0,8
1765415322.571025,454,4,7,8,7.204,8
1765415322.587118,454,4,7,8,7.396,8
1765415322.603585,455,4,8,8,7.6,8
1765415322.620608,456,4,8,8,7.803999999999999,8
1765415322.637444,457,4,8,8,8.0,8
1765415322.653600,457,4,8,8,8.0,8
1765415322.669882,458,4,8,8,8.0,8
1765415322.686437,459,4,8,8,8.0,8
1765415322.703568,460,4,8,8,8.0,8
1765415322.720496,461,4,8,8,8.0,8
1765415322.737994,461,4,8,8,8.204,8
1765415322.754225,462,4,9,8,8.396,8
1765415322.769900,463,4,9,8,8.588000000000001,8
1765415322.785495,464,4,9,8,8.780000000000001,8
1765415322.802762,464,4,9,8,8.984000000000002,8
1765415322.819766,465,4,9,8,9.0,8
1765415322.836311,466,4,9,8,9.0,8
1765415322.853672,467,4,9,8,9.0,8
1765415322.870843,468,4,9,8,9.204,8
1765415322.886748,468,4,9,8,9.396,8
1765415322.903210,469,4,10,8,9.600000000000001,8
1765415322.921121,470,4,10,8,9.804000000000002,8
1765415322.937360,471,4,10,8,10.0,8
1765415322.954738,471,4,10,8,10.0,8
1765415322.971460,472,4,10,8,10.0,8
1765415322.988149,473,4,10,8,10.0,8
1765415323.004539,474,4,10,8,10.0,8
1765415323.020808,474,4,10,8,10.0,8
1765415323.037312,475,4,10,8,10.0,8
1765415323.054463,476,4,10,8,10.0,8
1765415323.071442,477,4,10,8,10.0,8
1765415323.088455,478,4,10,8,10.0,8
1765415323.105555,478,4,10,8,10.0,8
1765415323.122753,479,4,10,8,10.0,8
1765415323.139690,480,4,11,8,10.204,8
1765415323.156169,481,4,12,8,10.396,8
1765415323.172293,482,4,12,8,10.600000000000001,8
1765415323.188916,482,4,12,8,10.792000000000002,8
1765415323.205669,483,4,12,8,10.996000000000002,8
1765415323.222576,484,4,12,8,11.200000000000003,8
1765415323.240211,485,4,12,8,11.404000000000003,8
1765415323.256709,486,4,12,8,11.608000000000004,8
1765415323.273790,486,4,12,8,11.812000000000005,8
1765415323.290081,487,4,12,8,12.0,8
1765415323.306642,488,4,12,8,12.0,8
1765415323.322771,489,4,12,8,12.0,8
1765415323.339712,489,4,12,8,12.0,8
1765415323.356176,490,4,12,8,12.0,8
1765415323.372643,491,4,12,8,12.0,8
1765415323.389529,492,4,12,8,12.0,8
1765415323.406605,493,4,12,8,12.0,8
1765415323.423540,493,4,12,8,12.0,8
1765415323.439711,494,4,12,8,12.0,8
1765415323.456470,495,4,12,8,12.204,8
1765415323.473452,496,4,13,8,12.408000000000001,8
1765415323.491066,497,4,13,8,12.612000000000002,8
1765415323.507652,497,4,13,8,12.816000000000003,8
1765415323.523838,498,4,13,8,13.0,8
1765415323.540347,499,4,13,8,13.0,8
1765415323.556327,499,4,13,8,13.0,8
1765415323.573102,500,4,13,8,13.192,8
1765415323.589083,501,4,14,8,13.384,8
1765415323.604953,502,4,14,8,13.576,8
1765415323.621863,503,4,14,8,13.780000000000001,8
1765415323.637997,503,4,14,8,13.972000000000001,8
1765415323.653691,504,4,14,8,14.0,8
1765415323.669688,505,4,14,8,14.0,8
1765415323.685816,505,4,14,8,14.0,8
1765415323.701918,506,4,14,8,14.0,8
1765415323.720130,507,4,14,8,14.204,8
1765415323.735389,508,4,15,8,14.408000000000001,8
1765415323.752553,509,4,15,8,14.612000000000002,8
1765415323.768850,509,4,15,8,14.804000000000002,8
1765415323.785537,510,4,15,8,15.0,8
1765415323.803359,511,4,15,8,15.0,8
1765415323.820197,512,4,15,8,15.0,8
1765415323.836628,512,4,15,8,15.0,8
1765415323.853386,514,4,15,8,15.204,8
1765415323.869768,514,4,15,8,15.396,8
1765415323.885783,515,4,16,7,15.588000000000001,7.808
1765415323.901871,516,4,16,7,15.780000000000001,7.616
1765415323.918808,516,4,16,7,15.984000000000002,7.412
1765415323.935235,517,4,16,7,16.0,7.22
1765415323.951461,518,4,16,7,16.0,7.016
1765415323.967915,519,4,16,7,16.0,7.0
1765415323.983810,520,4,16,7,16.0,7.0
1765415324.000721,520,4,16,7,16.204,7.0
1765415324.016770,521,4,17,7,16.396,7.0
1765415324.033371,522,4,17,7,16.6,7.0
1765415324.049778,523,4,17,7,16.792,7.0
1765415324.065971,523,4,17,7,16.984,7.0
1765415324.082482,524,4,17,7,17.0,7.0
1765415324.100008,525,4,17,7,17.0,7.0
1765415324.116270,526,4,17,7,17.0,7.0
1765415324.134044,526,4,17,7,17.204,7.0
1765415324.150486,527,4,17,7,17.0,7.0
1765415324.167419,528,4,18,7,17.204,7.0
1765415324.184768,529,4,18,7,17.408,7.0
1765415324.201171,530,4,18,7,17.6,7.0
1765415324.218137,530,4,18,7,17.804000000000002,7.0
1765415324.234769,531,4,18,7,18.0,7.0
1765415324.251302,532,4,18,7,18.0,7.0
1765415324.267951,533,4,18,7,18.0,7.0
1765415324.283471,533,4,18,7,18.0,7.0
1765415324.300885,534,4,18,7,18.0,7.204
1765415324.317691,535,4,18,8,18.0,7.4079999999999995
1765415324.334101,536,4,18,8,18.0,7.6
1765415324.350812,537,4,18,8,18.0,7.803999999999999
1765415324.366876,537,4,18,8,18.0,7.9959999999999996
1765415324.382377,538,4,18,8,18.0,8.0
1765415324.399347,539,4,18,8,18.0,8.204
1765415324.416621,540,4,18,9,18.0,8.408000000000001
1765415324.433102,540,4,18,9,18.0,8.600000000000001
1765415324.449066,541,4,18,9,18.0,8.792000000000002
1765415324.464797,542,4,18,9,18.0,8.984000000000002
1765415324.481000,543,4,18,9,18.0,9.0
1765415324.498292,543,4,18,9,18.0,9.0
1765415324.514869,544,4,18,9,18.0,9.0
1765415324.531101,545,4,18,9,18.0,9.0
1765415324.546942,546,4,18,9,18.0,9.0
1765415324.564560,547,4,18,9,18.0,9.0
1765415324.581868,547,4,18,9,18.0,9.0
1765415324.599273,548,4,18,9,18.0,9.0
1765415324.616748,549,4,17,9,17.808,9.192
1765415324.632715,550,4,17,10,17.604,9.396
1765415324.649587,551,4,17,10,17.4,9.600000000000001
1765415324.665487,551,4,17,10,17.208,9.792000000000002
1765415324.682090,552,4,17,10,17.016,9.984000000000002
1765415324.698090,553,4,17,10,17.0,10.0
1765415324.714264,554,4,17,10,17.0,10.0
1765415324.731367,554,4,17,10,17.0,10.0
1765415324.748650,555,4,17,10,17.0,10.204
1765415324.764609,556,4,17,11,17.0,10.396
1765415324.781921,557,4,17,11,17.0,10.600000000000001
1765415324.798611,557,4,17,11,17.0,10.804000000000002
1765415324.816556,558,4,17,11,17.0,11.0
1765415324.834157,559,4,17,11,17.0,11.0
1765415324.850151,560,4,17,11,17.0,11.0
1765415324.866728,561,4,17,11,17.0,11.0
1765415324.883600,561,4,17,11,17.0,11.204
1765415324.900585,562,4,17,12,17.0,11.408000000000001
1765415324.917542,563,4,17,12,17.0,11.612000000000002
1765415324.934112,564,4,17,12,17.0,11.804000000000002
1765415324.951213,564,4,17,12,17.0,12.0
1765415324.966809,565,4,17,12,17.0,12.0
1765415324.983059,566,4,17,12,17.0,12.0
1765415324.999568,567,4,17,12,17.0,12.0
1765415325.017172,568,4,17,12,17.0,12.0
1765415325.033193,568,4,17,12,17.0,12.192
1765415325.049605,569,4,17,13,17.0,12.396
1765415325.066890,570,4,17,13,17.0,12.600000000000001
1765415325.083300,571,4,17,13,17.0,12.804000000000002
1765415325.101030,572,4,17,13,17.0,13.0
1765415325.117419,572,4,17,13,17.0,13.0
1765415325.134472,573,4,17,13,17.0,13.0
1765415325.152210,574,4,17,13,17.0,13.0
1765415325.168507,575,4,17,13,17.0,13.204
1765415325.185035,575,4,17,13,17.0,13.396
1765415325.201634,576,4,17,14,17.0,13.600000000000001
1765415325.218794,577,4,17,14,17.0,13.804000000000002
1765415325.235009,578,4,17,14,17.0,13.996000000000002
1765415325.251179,579,4,17,14,17.0,14.0
1765415325.268097,579,4,17,14,17.0,14.0
1765415325.283769,580,4,17,15,17.0,14.192
1765415325.300529,581,4,17,15,17.0,14.396
1765415325.316711,582,4,17,15,17.0,14.588000000000001
1765415325.333156,582,4,17,15,17.0,14.780000000000001
1765415325.350029,583,4,17,16,17.0,14.984000000000002
1765415325.367182,584,4,17,16,17.0,15.188000000000002
1765415325.382798,585,4,17,16,17.0,15.380000000000003
1765415325.398812,585,4,17,16,17.0,15.572000000000003
1765415325.415138,586,4,17,16,17.0,15.764000000000003
1765415325.431014,587,4,17,16,17.0,15.956000000000003
1765415325.447597,588,4,17,16,17.0,16.0
1765415325.465542,589,4,17,16,17.0,16.0
1765415325.482524,589,4,17,16,17.0,16.204
1765415325.499530,590,4,17,17,17.0,16.408
1765415325.516311,591,4,17,17,17.0,16.612000000000002
1765415325.532877,592,4,17,17,17.0,16.804000000000002
1765415325.549798,592,4,17,17,17.0,17.0
1765415325.565697,593,4,17,17,17.0,17.0
1765415325.582318,594,4,17,17,17.0,17.0
1765415325.600263,595,4,17,17,17.0,17.0
1765415325.616936,596,4,17,16,17.0,16.808
1765415325.633290,596,4,17,16,17.0,16.604
1765415325.650779,597,4,17,16,17.0,16.808
1765415325.667387,598,4,17,17,17.0,17.0
1765415325.682611,599,4,17,17,17.0,17.0
1765415325.699007,599,4,17,17,17.0,17.0
1765415325.715110,600,4,17,17,17.0,17.0
1765415325.731332,601,4,17,17,17.0,17.0
1765415325.747989,602,4,17,17,17.0,17.0
1765415325.764643,603,4,17,17,17.0,17.0
1765415325.781249,603,4,17,17,16.796,17.0
1765415325.798982,604,4,16,17,16.592,17.0
1765415325.815466,605,4,16,17,16.387999999999998,17.0
1765415325.832086,606,4,16,17,16.195999999999998,17.0
1765415325.848402,606,4,16,17,16.0,17.0
1765415325.865483,607,4,16,17,16.0,17.0
1765415325.882195,608,4,16,17,16.0,17.0
1765415325.897658,609,4,16,17,16.0,17.0
1765415325.914524,610,4,16,17,16.0,17.0
1765415325.931491,610,4,16,17,15.796,17.0
1765415325.948061,611,4,15,17,15.604,17.0
1765415325.963795,612,4,15,17,15.411999999999999,17.0
1765415325.979424,613,4,15,17,15.219999999999999,17.0
1765415325.996856,613,4,15,17,15.015999999999998,17.0
1765415326.013429,614,4,15,17,15.0,17.0
1765415326.030530,615,4,15,17,15.0,17.0
1765415326.046947,616,4,15,17,15.0,17.0
1765415326.063392,617,4,15,17,14.796,17.0
1765415326.079509,617,4,15,17,14.604,17.0
1765415326.096889,618,4,14,17,14.399999999999999,17.0
1765415326.112503,619,4,14,17,14.207999999999998,17.0
1765415326.128609,620,4,14,17,14.015999999999998,17.0
1765415326.144911,620,4,14,17,14.0,17.0
1765415326.160666,621,4,14,17,14.0,17.0
1765415326.176887,622,4,14,17,14.0,17.0
1765415326.192876,623,4,14,17,14.0,17.0
1765415326.209139,623,4,14,17,14.0,17.0
1765415326.226192,624,4,14,17,13.796,17.0
1765415326.241603,625,4,13,17,13.604,17.0
1765415326.258316,626,4,13,17,13.399999999999999,17.0
1765415326.275244,626,4,13,17,13.195999999999998,17.0
1765415326.292011,627,4,13,17,13.003999999999998,17.0
1765415326.308108,628,4,13,17,13.0,17.0
1765415326.324667,629,4,13,17,13.0,17.0
1765415326.341804,630,4,13,17,13.0,17.0
1765415326.358974,630,4,13,17,13.0,17.0
1765415326.375203,631,4,13,17,12.808,17.0
1765415326.391116,632,4,12,17,12.616,17.0
1765415326.407218,633,4,12,17,12.424,17.0
1765415326.423324,633,4,12,17,12.219999999999999,17.0
1765415326.439611,634,4,12,17,12.027999999999999,17.0
1765415326.456834,635,4,12,17,12.0,17.0
1765415326.473329,636,4,12,17,12.0,17.0
1765415326.490469,636,4,12,17,12.0,17.0
1765415326.507308,637,4,12,17,11.796,17.0
1765415326.525311,638,4,11,17,11.58,17.0
1765415326.541496,639,4,11,16,11.388,16.808
1765415326.563169,639,4,11,16,11.136,16.556
1765415326.581275,639,4,11,16,11.0,16.328
1765415326.705054,640,4,11,16,11.0,16.099999999999998
1765415326.710934,640,4,11,16,10.0,16.0
1765415326.728572,641,4,10,16,10.0,16.0
1765415326.744506,642,4,10,16,10.0,16.0
1765415326.761696,642,4,10,16,10.0,16.0
1765415326.800955,643,4,10,16,10.0,16.0
1765415326.821029,644,4,10,16,9.52,16.0
1765415326.834591,645,4,10,16,9.724,16.0
1765415326.851142,646,4,9,16,9.532,16.0
1765415326.867224,647,4,9,16,9.34,16.0
1765415326.883472,647,4,9,16,9.136,16.0
1765415326.901973,647,4,9,16,9.0,16.0
1765415326.917811,648,4,9,16,9.0,16.0
1765415326.934575,649,4,9,16,9.0,16.0
1765415326.951215,650,4,9,16,9.0,16.0
1765415326.967696,651,4,9,16,8.796,16.0
1765415326.984674,651,4,9,16,8.591999999999999,16.0
1765415327.001102,652,4,8,16,8.399999999999999,16.0
1765415327.017468,653,4,8,16,8.195999999999998,16.0
1765415327.034522,654,4,8,16,8.0,16.0
1765415327.051460,654,4,8,16,8.0,16.0
1765415327.068921,655,4,8,16,8.0,16.0
1765415327.085452,656,4,8,16,8.0,16.0
1765415327.101591,657,4,8,16,8.0,16.0
1765415327.118335,657,4,8,16,8.0,16.0
1765415327.135807,658,4,8,16,7.796,16.0
1765415327.152271,659,4,7,16,7.5920000000000005,16.0
1765415327.168786,660,4,7,16,7.4,16.0
1765415327.184659,661,4,7,16,7.208,16.0
1765415327.201452,661,4,7,16,7.0040000000000004,16.0
1765415327.219055,662,4,7,16,7.0,16.0
1765415327.234950,663,4,7,16,7.0,16.0
1765415327.251219,664,4,7,16,7.0,16.0
1765415327.266935,664,4,7,16,7.0,16.0
1765415327.283638,665,4,7,16,7.0,16.0
1765415327.300506,666,4,7,16,6.796,16.0
1765415327.317361,667,4,6,16,6.5920000000000005,16.0
1765415327.334136,668,4,6,16,6.4,16.0
1765415327.350206,668,4,6,16,6.208,16.0
1765415327.365789,669,4,6,16,6.016,16.0
1765415327.382670,670,4,6,16,6.0,16.0
1765415327.399163,671,4,6,16,6.0,16.0
1765415327.415638,671,4,6,16,6.0,16.0
1765415327.432160,672,4,6,16,6.0,16.0
1765415327.448193,673,4,6,16,6.0,16.0
1765415327.465791,674,4,6,16,5.796,16.0
1765415327.482672,675,4,5,16,5.58,16.0
1765415327.498683,675,4,5,16,5.388,16.0
1765415327.515330,676,4,5,16,5.184,16.0
1765415327.533462,677,4,5,16,5.0,16.0
1765415327.550781,678,4,5,16,5.0,16.0
1765415327.567430,679,4,5,16,5.0,16.0
1765415327.584000,679,4,5,16,5.0,16.0
1765415327.600651,680,4,5,16,5.0,16.0
1765415327.616925,681,4,5,16,5.0,16.0
1765415327.633616,682,4,5,16,5.0,16.0
1765415327.651879,683,4,5,16,5.0,16.0
1765415327.668209,683,4,5,16,5.0,15.808
1765415327.684734,684,4,5,15,5.0,15.604
1765415327.700654,685,4,5,15,5.0,15.411999999999999
1765415327.716830,686,4,5,15,5.0,15.219999999999999
1765415327.733177,686,4,5,15,5.0,15.027999999999999
1765415327.749388,687,4,5,15,5.0,15.0
1765415327.765981,688,4,5,15,5.0,15.0
1765415327.782064,689,4,5,15,5.0,15.0
1765415327.798274,689,4,5,15,5.0,15.0
1765415327.815077,690,4,5,15,5.0,15.0
1765415327.831265,691,4,5,15,5.0,15.0
1765415327.848496,692,4,5,15,5.0,15.0
1765415327.864866,693,4,5,15,5.0,15.0
1765415327.880502,693,4,5,15,5.0,15.0
1765415327.897477,694,4,5,15,5.0,15.0
1765415327.914515,695,4,5,15,5.0,15.0
1765415327.931216,696,4,5,15,5.0,14.808
1765415327.947389,696,4,5,15,5.0,14.604
1765415327.964997,697,4,5,14,5.0,14.399999999999999
1765415327.981406,698,4,5,14,5.0,14.195999999999998
1765415327.997681,699,4,5,14,5.0,14.003999999999998
1765415328.014661,699,4,5,14,5.0,14.0
1765415328.031528,700,4,5,14,5.0,14.0
1765415328.048737,701,4,5,14,5.0,14.0
1765415328.064923,702,4,5,15,5.0,14.192
1765415328.080870,703,4,5,15,5.0,14.0
1765415328.096833,703,4,5,15,5.0,14.0
1765415328.112605,704,4,5,14,5.0,14.0
1765415328.128884,705,4,5,14,5.0,14.0
1765415328.145503,706,4,5,14,5.0,14.0
1765415328.161580,706,4,5,14,5.0,14.0
1765415328.177899,707,4,5,14,5.0,14.0
1765415328.194762,708,4,5,14,5.0,14.0
1765415328.211385,709,4,5,14,5.0,14.0
1765415328.228577,709,4,5,14,5.0,13.796
1765415328.245994,710,4,5,13,5.0,13.591999999999999
1765415328.262047,711,4,5,13,5.0,13.399999999999999
1765415328.278117,712,4,5,13,5.0,13.207999999999998
1765415328.294764,712,4,5,13,5.0,13.003999999999998
1765415328.311745,713,4,5,13,5.0,13.0
1765415328.328400,714,4,5,13,5.0,13.0
1765415328.345531,715,4,5,13,5.0,12.796
1765415328.362895,716,4,5,12,5.0,12.591999999999999
1765415328.378331,716,4,5,12,5.0,12.399999999999999
1765415328.394927,717,4,5,12,5.0,12.207999999999998
1765415328.411198,718,4,5,12,5.0,12.015999999999998
1765415328.427124,719,4,5,12,5.0,12.0
1765415328.442482,719,4,5,12,5.0,12.0
1765415328.459424,720,4,5,12,5.0,12.0
1765415328.476352,721,4,5,12,5.0,12.0
1765415328.493761,722,4,5,12,5.0,12.0
1765415328.510004,722,4,5,12,5.0,12.0
1765415328.526037,723,4,5,12,5.0,12.0
1765415328.542044,724,4,5,12,5.0,12.0
1765415328.558660,725,4,5,12,5.0,12.0
1765415328.575845,726,4,5,12,5.0,12.0
1765415328.592876,726,4,5,12,5.0,12.0
1765415328.609085,727,4,5,12,5.0,12.0
1765415328.625067,728,4,5,12,5.0,12.0
1765415328.641396,729,4,5,12,5.0,12.0
1765415328.657685,729,4,5,12,5.0,11.808
1765415328.673515,730,4,5,11,5.0,11.616
1765415328.691252,731,4,5,10,5.0,11.4
1765415328.707943,732,4,5,10,5.0,11.208
1765415328.725187,733,4,5,10,5.0,11.004
1765415328.741974,733,4,5,10,5.0,10.799999999999999
1765415328.759109,734,4,5,10,5.0,10.595999999999998
1765415328.775660,735,4,5,10,5.0,10.391999999999998
1765415328.792114,736,4,5,10,5.0,10.199999999999998
1765415328.808214,736,4,5,10,5.0,10.0
1765415328.824976,737,4,5,10,5.0,10.0
1765415328.841052,738,4,5,10,5.0,9.808
1765415328.857074,739,4,5,9,5.0,9.616
1765415328.873546,740,4,5,9,5.0,9.411999999999999
1765415328.890213,740,4,5,9,5.0,9.219999999999999
1765415328.906747,741,4,5,9,5.0,9.015999999999998
1765415328.923300,742,4,5,9,5.0,9.0
1765415328.940867,743,4,5,9,5.0,9.0
1765415328.957115,743,4,5,9,5.0,8.808
1765415328.973290,744,4,5,9,5.0,9.0
1765415328.990557,745,4,5,8,5.0,8.796
1765415329.007312,746,4,5,8,5.0,8.591999999999999
1765415329.024788,747,4,5,8,5.0,8.387999999999998
1765415329.042171,747,4,5,8,5.0,8.183999999999997
1765415329.057285,748,4,5,8,5.0,8.0
1765415329.074433,749,4,5,8,5.0,8.0
1765415329.092270,750,4,5,8,5.0,8.0
1765415329.109369,751,4,5,8,5.0,8.0
1765415329.127856,751,4,5,8,5.0,8.0
1765415329.144215,752,4,5,8,5.0,8.0
1765415329.161791,753,4,4,8,4.796,8.0
1765415329.178058,754,4,4,8,4.988,8.0
1765415329.193887,755,4,5,8,5.0,8.0
1765415329.210082,755,4,5,8,5.0,8.0
1765415329.226342,756,4,5,8,5.0,8.0
1765415329.243206,757,4,5,8,5.0,8.0
1765415329.258404,758,4,5,8,5.0,8.0
1765415329.275464,758,4,5,8,5.0,8.0
1765415329.292001,759,4,5,8,5.0,8.0
1765415329.308247,760,4,5,8,5.0,8.0
1765415329.324750,761,4,5,8,5.204,8.0
1765415329.342446,761,4,5,8,5.42,8.0
1765415329.358793,762,4,6,8,5.612,8.0
1765415329.375862,763,4,6,8,5.804,8.0
1765415329.391351,764,4,6,8,6.0,8.0
1765415329.407960,765,4,6,8,6.0,8.0
1765415329.424853,765,4,6,8,6.0,8.0
1765415329.441808,766,4,6,8,6.0,8.0
1765415329.458132,767,4,6,8,6.0,8.0
1765415329.473310,768,4,6,8,6.0,8.0
1765415329.489690,768,4,6,8,6.0,8.0
1765415329.505623,769,4,6,8,6.0,8.0
1765415329.521764,770,4,6,8,6.0,8.0
1765415329.538705,771,4,6,8,6.0,8.0
1765415329.555010,771,4,6,8,6.0,8.0
1765415329.571805,772,4,6,8,6.0,8.204
1765415329.588522,773,4,6,9,6.0,8.408000000000001
1765415329.606107,774,4,6,9,6.0,8.612000000000002
1765415329.621528,775,4,6,9,6.0,8.804000000000002
1765415329.637880,775,4,6,9,6.0,8.996000000000002
1765415329.654135,776,4,6,9,6.0,9.0
1765415329.669834,777,4,6,9,6.0,9.0
1765415329.685792,778,4,6,9,6.0,9.0
1765415329.702214,778,4,6,9,6.0,9.0
1765415329.718002,779,4,6,9,6.0,9.0
1765415329.734257,780,4,6,9,6.0,9.0
1765415329.751273,781,4,6,9,6.0,9.0
1765415329.767926,781,4,6,9,6.192,9.0
1765415329.784567,782,4,8,9,6.396,9.0
1765415329.800479,783,4,8,9,6.588,9.0
1765415329.817298,784,4,8,9,6.792,9.0
1765415329.834363,784,4,8,9,6.984,9.0
1765415329.851127,785,4,8,9,7.188,9.0
1765415329.866860,786,4,8,9,7.38,9.0
1765415329.883211,787,4,8,9,7.572,9.0
1765415329.898739,788,4,8,9,7.764,9.0
1765415329.915196,788,4,8,9,7.956,9.0
1765415329.931723,789,4,9,9,8.16,9.0
1765415329.948450,790,4,9,9,8.364,9.0
1765415329.964705,791,4,9,9,8.556000000000001,9.0
1765415329.981194,791,4,9,9,8.748000000000001,9.0
1765415329.997385,792,4,9,9,8.952000000000002,9.0
1765415330.013983,793,4,9,9,9.0,9.0
1765415330.030056,794,4,9,9,9.0,9.0
1765415330.047309,794,4,9,9,9.0,9.0
1765415330.064764,795,4,9,9,9.204,9.0
1765415330.081477,796,4,10,9,9.408000000000001,9.0
1765415330.098478,797,4,10,9,9.612000000000002,9.0
1765415330.115782,798,4,10,9,9.816000000000003,9.0
1765415330.132236,798,4,10,9,10.0,9.0
1765415330.148615,799,4,11,9,10.204,9.0
1765415330.165346,800,4,11,9,10.408000000000001,9.0
1765415330.183036,801,4,11,9,10.612000000000002,9.0
1765415330.198504,801,4,11,9,10.804000000000002,9.0
1765415330.216183,802,4,11,9,11.008000000000003,9.0
1765415330.232800,803,4,12,9,11.212000000000003,9.0
1765415330.249413,804,4,12,9,11.416000000000004,9.0
1765415330.266490,805,4,12,9,11.620000000000005,9.0
1765415330.284515,805,4,12,9,11.824000000000005,9.0
1765415330.300490,806,4,12,9,12.0,9.0
1765415330.317566,807,4,12,9,12.0,9.0
1765415330.335010,808,4,12,9,12.0,9.0
1765415330.351439,809,4,12,9,12.0,9.0
1765415330.368948,809,4,12,9,12.0,9.0
1765415330.386289,810,4,12,9,12.204,9.0
1765415330.402478,811,4,13,9,12.408000000000001,9.0
1765415330.419948,812,4,13,9,12.612000000000002,9.0
1765415330.436499,813,4,13,9,12.816000000000003,9.0
1765415330.454110,813,4,13,9,13.0,9.0
1765415330.471389,814,4,13,9,13.0,9.0
1765415330.487923,815,4,13,9,13.0,9.0
1765415330.504755,816,4,13,9,13.0,9.0
1765415330.520989,816,4,13,9,13.0,9.0
1765415330.537391,817,4,13,9,13.204,9.0
1765415330.554316,818,4,14,9,13.408000000000001,9.0
1765415330.571274,819,4,14,9,13.612000000000002,9.0
1765415330.587347,820,4,14,9,13.804000000000002,9.0
1765415330.604908,820,4,14,9,14.0,9.0
1765415330.621125,821,4,14,9,14.0,9.0
1765415330.637845,822,4,14,9,14.0,9.0
1765415330.654997,823,4,14,9,14.0,9.0
1765415330.670542,824,4,14,9,14.0,9.0
1765415330.687587,824,4,14,9,14.0,9.0
1765415330.704521,825,4,14,9,14.0,9.0
1765415330.721169,826,4,14,9,14.0,9.0
1765415330.738209,827,4,14,9,14.0,9.0
1765415330.753861,827,4,14,9,14.0,9.0
1765415330.769995,828,4,14,9,14.0,9.0
1765415330.786623,829,4,14,9,14.0,9.0
1765415330.803003,830,4,14,9,14.0,9.0
1765415330.819619,830,4,14,9,14.0,9.0
1765415330.834835,831,4,14,9,14.0,9.192
1765415330.851752,832,4,14,10,14.0,9.396
1765415330.868156,833,4,14,10,14.0,9.588000000000001
1765415330.883601,833,4,14,10,14.0,9.780000000000001
1765415330.900474,834,4,14,10,14.0,9.984000000000002
1765415330.917954,835,4,14,10,14.0,10.0
1765415330.933788,836,4,14,10,14.0,10.0
1765415330.950277,837,4,14,10,14.0,10.0
1765415330.966496,837,4,14,10,14.0,10.0
1765415330.983759,838,4,14,10,14.0,10.0
1765415331.000271,839,4,14,10,14.0,10.204
1765415331.017603,840,4,14,11,14.0,10.408000000000001
1765415331.036064,840,4,14,11,14.0,10.624
1765415331.052103,841,4,14,11,14.0,10.816
1765415331.068951,842,4,14,11,14.0,11.0
1765415331.085652,843,4,14,11,14.0,11.0
1765415331.102512,844,4,14,11,14.0,11.0
1765415331.119085,844,4,14,11,14.0,11.0
1765415331.135197,845,4,14,11,14.0,11.0
1765415331.150538,846,4,14,11,14.0,11.0
1765415331.166900,846,4,14,11,14.0,11.0
1765415331.183021,847,4,14,11,14.0,11.0
1765415331.199998,848,4,14,11,14.0,11.0
1765415331.216908,849,4,14,11,14.0,11.0
1765415331.233173,850,4,14,11,14.0,11.0
1765415331.250273,850,4,14,11,14.0,11.0
1765415331.267387,851,4,14,11,14.0,11.0
1765415331.284783,852,4,14,11,14.0,11.0
1765415331.301102,853,4,14,11,14.0,11.0
1765415331.317198,854,4,14,11,14.0,11.0
1765415331.333898,854,4,14,11,14.0,11.192
1765415331.349934,855,4,14,12,14.0,11.384
1765415331.366235,856,4,14,12,14.0,11.576
1765415331.382925,857,4,14,12,14.0,11.780000000000001
1765415331.399152,857,4,14,12,14.0,11.972000000000001
1765415331.415138,858,4,14,12,14.0,12.0
1765415331.430357,859,4,14,12,14.0,12.0
1765415331.448481,860,4,14,12,14.0,12.216
1765415331.465334,860,4,14,12,14.0,12.42
1765415331.483563,861,4,13,13,13.796,12.624
1765415331.499370,862,4,13,13,13.591999999999999,12.828000000000001
1765415331.515692,863,4,13,13,13.399999999999999,13.0
1765415331.532144,864,4,13,13,13.207999999999998,13.0
1765415331.548325,864,4,13,13,13.003999999999998,13.0
1765415331.566016,865,4,13,13,13.0,13.0
1765415331.581891,866,4,13,13,13.0,13.0
1765415331.598970,867,4,13,13,13.0,13.204
1765415331.614924,867,4,13,13,13.0,13.396
1765415331.631963,868,4,13,14,13.0,13.600000000000001
1765415331.648689,869,4,13,14,13.0,13.804000000000002
1765415331.664826,870,4,13,14,13.0,13.996000000000002
1765415331.680901,870,4,13,14,13.0,14.0
1765415331.697944,871,4,13,14,13.0,14.0
1765415331.714710,872,4,13,14,13.0,14.0
1765415331.731184,873,4,13,14,13.0,14.0
1765415331.752396,873,4,13,14,13.0,14.0
1765415331.775986,874,4,13,14,13.0,14.0
1765415331.792529,875,4,13,14,13.0,14.0
1765415331.809015,875,4,13,14,13.0,14.0
1765415331.825568,876,4,13,14,13.0,14.0
1765415331.841822,877,4,13,14,13.0,14.0
1765415331.858027,878,4,13,14,13.0,14.0
1765415331.874971,878,4,13,14,13.0,14.0
1765415331.891194,879,4,13,14,13.0,14.0
1765415331.907590,880,4,13,14,13.0,14.0
1765415331.925016,881,4,13,14,12.796,14.0
1765415331.940603,881,4,13,14,12.604,14.0
1765415331.957715,882,4,12,14,12.399999999999999,14.0
1765415331.974550,883,4,12,14,12.195999999999998,14.0
1765415331.990807,884,4,12,14,12.003999999999998,14.0
1765415332.006907,884,4,12,14,12.0,14.0
1765415332.024157,885,4,12,14,12.0,14.0
1765415332.040309,886,4,12,14,12.0,14.0
1765415332.057155,887,4,12,14,12.0,14.0
1765415332.072990,888,4,12,14,12.0,14.0
1765415332.089957,888,4,12,14,11.796,14.0
1765415332.106070,889,4,11,14,11.604,14.0
1765415332.122528,890,4,11,14,11.399999999999999,14.0
1765415332.139783,891,4,11,14,11.195999999999998,14.0
1765415332.155756,891,4,11,14,11.003999999999998,14.0
1765415332.172386,892,4,11,14,11.0,14.0
1765415332.188944,893,4,10,14,10.808,14.0
1765415332.204815,894,4,10,14,10.616,14.0
1765415332.220788,894,4,10,14,10.424,14.0
1765415332.237858,895,4,10,14,10.219999999999999,14.0
1765415332.254869,896,4,9,14,10.015999999999998,14.0
1765415332.271065,897,4,9,14,9.823999999999998,14.0
1765415332.287164,897,4,9,14,9.619999999999997,14.0
1765415332.303750,898,4,9,14,9.427999999999997,14.0
1765415332.321070,899,4,9,14,9.223999999999997,14.0
1765415332.337743,900,4,9,14,9.019999999999996,14.0
1765415332.354697,901,4,9,14,9.0,14.0
1765415332.372361,901,4,9,14,9.0,14.0
1765415332.390108,902,4,9,14,9.0,14.0
1765415332.406709,903,4,9,14,9.0,14.0
1765415332.422998,904,4,9,14,8.808,14.0
1765415332.439588,905,4,8,14,8.604,14.0
1765415332.467283,905,4,8,14,8.267999999999999,14.0
1765415332.487647,906,4,8,14,8.052,14.0
1765415332.510785,907,4,8,14,8.0,14.0
1765415332.519855,907,4,8,14,8.0,14.0
1765415332.538461,908,4,8,14,8.0,14.0
1765415332.556040,909,4,8,14,8.0,14.0
1765415332.571617,910,4,8,14,8.0,14.0
1765415332.588644,911,4,8,14,7.796,14.0
1765415332.604962,911,4,8,14,7.604,14.0
1765415332.621727,912,4,7,14,7.4,14.0
1765415332.639066,913,4,7,14,7.196000000000001,14.0
1765415332.655377,914,4,7,14,7.0,14.0
1765415332.673864,915,4,7,14,7.0,14.0
1765415332.688692,915,4,7,14,7.0,14.0
1765415332.705921,916,4,7,14,7.0,14.0
1765415332.722190,917,4,7,14,7.0,14.0
1765415332.738139,918,4,7,14,6.808,14.0
1765415332.755179,919,4,6,14,6.604,14.0
1765415332.770494,919,4,6,14,6.412,14.0
1765415332.787380,920,4,6,14,6.208,14.0
1765415332.804905,921,4,6,14,6.0040000000000004,14.0
1765415332.820712,922,4,6,14,6.0,14.0
1765415332.836970,922,4,6,14,6.0,14.0
1765415332.853997,923,4,6,14,6.0,13.808
1765415332.869954,924,4,6,13,6.0,13.604
1765415332.885675,925,4,6,13,6.0,13.411999999999999
1765415332.902219,925,4,6,13,6.0,13.219999999999999
1765415332.918158,926,4,6,13,6.0,13.027999999999999
1765415332.934137,927,4,6,13,6.0,13.0
1765415332.949639,928,4,6,13,6.0,13.0
1765415332.966039,928,4,6,13,6.0,13.0
1765415332.981858,929,4,6,13,6.0,13.0
1765415332.997908,930,4,6,13,6.0,13.0
1765415333.013677,931,4,6,13,6.0,13.0
1765415333.030673,931,4,6,13,6.0,12.808
1765415333.047036,932,4,6,12,6.0,12.604
1765415333.063348,933,4,6,12,6.0,12.399999999999999
1765415333.080914,934,4,6,12,6.0,12.195999999999998
1765415333.097089,934,4,6,12,6.0,12.003999999999998
1765415333.113641,935,4,6,12,6.0,12.0
1765415333.129905,936,4,6,12,6.0,12.0
1765415333.146161,937,4,6,12,6.0,12.0
1765415333.162742,938,4,6,12,6.0,12.0
1765415333.179457,938,4,6,12,6.0,12.0
1765415333.196298,939,4,6,12,6.0,12.0
1765415333.212947,940,4,6,12,6.0,11.808
1765415333.228673,941,4,6,11,6.0,11.616
1765415333.245072,941,4,6,11,6.0,11.424
1765415333.260872,942,4,6,11,6.0,11.232
1765415333.276602,943,4,6,11,6.0,11.04
1765415333.293240,944,4,6,11,6.0,11.0
1765415333.309315,944,4,6,11,6.0,11.0
1765415333.325877,945,4,6,11,6.0,11.0
1765415333.342723,946,4,6,12,6.0,11.204
1765415333.358626,947,4,6,12,6.0,11.396
1765415333.375739,947,4,6,12,6.0,11.600000000000001
1765415333.392882,948,4,6,12,6.0,11.804000000000002
1765415333.409730,949,4,6,12,6.0,12.0
1765415333.425548,950,4,6,12,6.0,12.0
1765415333.442648,951,4,6,12,6.0,12.0
1765415333.460344,951,4,6,12,6.0,12.0
1765415333.476779,952,4,6,12,6.0,12.0
1765415333.492860,953,4,6,12,6.0,12.0
1765415333.509335,954,4,6,12,6.0,12.0
1765415333.525951,955,4,6,12,6.0,12.0
1765415333.541610,955,4,6,12,6.0,12.0
1765415333.558166,956,4,6,12,6.0,12.0
1765415333.574261,957,4,6,12,6.0,12.0
1765415333.590989,958,4,6,12,6.0,12.0
1765415333.607739,958,4,6,12,6.0,11.796
1765415333.623791,959,4,6,11,6.0,11.604
1765415333.639754,960,4,6,11,6.0,11.411999999999999
1765415333.656305,961,4,6,11,6.0,11.207999999999998
1765415333.673865,961,4,6,11,6.0,11.003999999999998
1765415333.690704,962,4,6,11,6.0,11.0
1765415333.706762,963,4,6,11,6.0,11.0
1765415333.723431,964,4,6,11,6.0,11.0
1765415333.740379,965,4,6,11,6.0,11.0
1765415333.756607,965,4,6,11,6.0,11.0
1765415333.773816,966,4,6,11,6.0,11.0
1765415333.790081,967,4,6,11,6.0,11.0
1765415333.806901,968,4,6,11,6.0,11.0
1765415333.823606,968,4,6,11,6.0,11.0
1765415333.838776,969,4,6,11,6.0,11.0
1765415333.855123,970,4,6,11,6.0,11.0
1765415333.871133,971,4,6,11,6.0,11.0
1765415333.886810,971,4,6,11,6.0,11.0
1765415333.903598,972,4,6,11,6.0,11.0
1765415333.920146,973,4,6,11,6.0,11.0
1765415333.935972,974,4,6,11,6.192,11.0
1765415333.952176,974,4,6,11,6.384,11.0
1765415333.968893,975,4,7,11,6.588,11.0
1765415333.985213,976,4,7,11,6.792,11.0
1765415334.002415,977,4,7,11,6.9959999999999996,11.0
1765415334.020067,978,4,7,11,7.0,11.0
1765415334.036018,978,4,7,11,7.0,11.0
1765415334.052374,979,4,7,11,7.0,11.0
1765415334.069543,980,4,7,11,7.0,11.0
1765415334.085606,981,4,7,11,7.0,11.0
1765415334.104014,982,4,7,11,7.204,11.0
1765415334.120582,982,4,7,11,7.396,11.0
1765415334.135725,983,4,8,11,7.6,11.0
1765415334.152336,984,4,8,11,7.803999999999999,11.0
1765415334.169457,985,4,8,11,8.0,11.0
1765415334.185906,985,4,8,11,8.0,11.0
1765415334.202715,986,4,8,11,8.0,11.0
1765415334.219142,987,4,8,11,8.0,11.0
1765415334.235467,988,4,8,11,8.0,11.0
1765415334.252386,988,4,8,11,8.0,11.0
1765415334.270109,989,4,8,11,8.204,11.0
1765415334.286221,990,4,9,11,8.396,11.0
1765415334.301637,991,4,9,11,8.588000000000001,11.0
1765415334.318140,991,4,9,11,8.780000000000001,11.0
1765415334.334044,992,4,9,11,8.972000000000001,11.0
1765415334.350161,993,4,9,11,9.0,11.0
1765415334.365967,994,4,10,11,9.192,11.0
1765415334.382255,994,4,10,11,9.396,11.0
1765415334.398838,995,4,10,11,9.588000000000001,11.0
1765415334.415251,996,4,10,11,9.792000000000002,11.0
1765415334.431713,997,4,10,11,9.984000000000002,11.0
1765415334.447951,998,4,10,11,10.176000000000002,11.0
1765415334.465201,998,4,10,11,10.380000000000003,11.0
1765415334.480846,999,4,11,11,10.572000000000003,11.0
1765415334.497278,1000,4,11,11,10.776000000000003,11.0
1765415334.514977,1001,4,11,11,10.980000000000004,11.0
1765415334.531329,1001,4,11,11,11.0,11.0
1765415334.548283,1002,4,11,11,11.0,11.0
1765415334.565410,1003,4,11,11,11.0,11.0
1765415334.582678,1004,4,11,11,11.204,11.0
1765415334.598292,1005,4,12,11,11.396,11.0
1765415334.615167,1005,4,12,11,11.588000000000001,11.0
1765415334.631045,1006,4,12,11,11.780000000000001,11.0
1765415334.647342,1007,4,12,11,11.984000000000002,11.0
1765415334.664800,1008,4,12,11,12.0,11.0
1765415334.681194,1009,4,12,11,12.0,11.0
1765415334.697934,1009,4,12,11,12.0,11.0
1765415334.715095,1010,4,12,11,12.0,11.0
1765415334.731859,1011,4,12,11,12.0,11.0
1765415334.747467,1011,4,12,11,12.0,11.0
1765415334.765413,1012,4,12,11,12.0,11.0
1765415334.781918,1013,4,12,11,12.0,11.0
1765415334.797527,1014,4,12,11,12.0,11.0
1765415334.815202,1015,4,12,11,12.0,11.0
1765415334.832025,1015,4,12,11,12.0,11.0
1765415334.848080,1016,4,12,11,12.0,11.0
1765415334.864842,1017,4,12,11,12.0,11.0
1765415334.881274,1018,4,12,11,12.0,11.0
1765415334.898161,1019,4,12,11,12.0,11.0
1765415334.914405,1019,4,12,11,12.0,11.0
1765415334.932156,1020,4,12,11,12.0,11.0
1765415334.948334,1021,4,12,11,12.0,11.0
1765415334.964582,1022,4,12,11,12.0,11.0
1765415334.980767,1022,4,12,11,12.0,11.0
1765415334.997185,1023,4,12,11,12.0,11.0
1765415335.013100,1024,4,12,11,12.0,11.0
1765415335.030491,1025,4,12,12,12.0,11.216
1765415335.047183,1025,4,12,12,12.0,11.408
1765415335.062882,1026,4,12,12,12.0,11.6
1765415335.079535,1027,4,12,12,12.0,11.804
1765415335.096323,1028,4,12,13,12.0,12.008000000000001
1765415335.113657,1029,4,12,13,12.0,12.212000000000002
1765415335.129869,1029,4,12,13,12.0,12.404000000000002
1765415335.146421,1030,4,12,13,12.0,12.608000000000002
1765415335.162667,1031,4,12,13,12.0,12.800000000000002
1765415335.178869,1032,4,12,13,12.0,12.992000000000003
1765415335.194893,1032,4,12,13,12.0,13.0
1765415335.211120,1033,4,12,13,12.0,13.0
1765415335.226720,1034,4,12,13,12.0,13.0
1765415335.244314,1035,4,12,13,12.216,13.0
1765415335.261744,1035,4,12,13,12.42,13.0
1765415335.278709,1036,4,13,13,12.624,13.0
1765415335.295448,1037,4,13,13,12.828000000000001,13.0
1765415335.313100,1038,4,13,13,13.0,13.0
1765415335.329963,1039,4,13,13,13.0,13.0
1765415335.345828,1039,4,13,13,13.0,13.0
1765415335.362077,1040,4,13,13,13.0,13.0
1765415335.378817,1041,4,13,13,13.0,13.0
1765415335.395931,1042,4,13,13,13.0,13.0
1765415335.412325,1043,4,13,13,13.0,13.0
1765415335.430105,1043,4,13,13,13.204,13.0
1765415335.446811,1044,4,14,13,13.408000000000001,13.0
1765415335.463707,1045,4,14,13,13.612000000000002,13.0
1765415335.479374,1046,4,14,13,13.804000000000002,13.0
1765415335.496251,1046,4,14,13,14.0,13.0
1765415335.513318,1047,4,14,13,14.0,13.0
1765415335.529980,1048,4,14,13,14.0,13.0
1765415335.546280,1049,4,14,13,14.0,13.0
1765415335.563833,1050,4,14,13,14.204,13.0
1765415335.580755,1050,4,14,13,14.408000000000001,13.0
1765415335.597454,1051,4,15,13,14.612000000000002,13.0
1765415335.614955,1052,4,15,13,14.816000000000003,13.0
1765415335.631597,1053,4,15,13,15.0,13.0
1765415335.648106,1054,4,15,13,15.0,13.0
1765415335.664787,1054,4,15,13,15.0,13.0
1765415335.681650,1055,4,15,13,15.0,13.0
1765415335.698330,1056,4,15,13,15.0,13.0
1765415335.715068,1057,4,15,13,15.0,13.0
1765415335.730791,1057,4,15,13,15.192,13.0
1765415335.746934,1058,4,16,13,15.384,13.0
1765415335.762712,1059,4,16,13,15.576,13.0
1765415335.779728,1060,4,17,13,15.780000000000001,13.0
1765415335.797041,1060,4,17,13,15.984000000000002,13.0
1765415335.812950,1061,4,17,13,16.176000000000002,13.0
1765415335.829545,1062,4,17,13,16.380000000000003,13.0
1765415335.846241,1063,4,17,13,16.584000000000003,13.0
1765415335.863447,1064,4,17,13,16.788000000000004,13.0
1765415335.880983,1064,4,17,13,16.992000000000004,13.0
1765415335.897613,1065,4,18,13,17.196000000000005,13.0
1765415335.915041,1066,4,18,13,17.400000000000006,13.0
1765415335.931767,1067,4,18,13,17.604000000000006,13.0
1765415335.948178,1068,4,18,13,17.796000000000006,13.0
1765415335.964830,1068,4,18,13,18.0,13.0
1765415335.981355,1069,4,18,13,18.0,13.0
1765415335.998859,1070,4,18,13,18.0,13.0
1765415336.014888,1071,4,18,13,18.0,13.0
1765415336.030864,1071,4,18,13,18.0,13.0
1765415336.047903,1072,4,18,13,18.192,13.0
1765415336.062996,1073,4,19,13,18.384,13.0
1765415336.078427,1074,4,19,13,18.576,13.0
1765415336.094963,1074,4,19,13,18.768,13.0
1765415336.111382,1075,4,19,13,18.972,13.0
1765415336.128531,1076,4,19,13,19.0,13.0
1765415336.145101,1077,4,19,13,19.0,13.0
1765415336.161057,1078,4,19,13,19.0,13.0
1765415336.176843,1078,4,19,13,19.0,13.0
1765415336.193541,1079,4,19,13,19.0,13.0
1765415336.211210,1080,4,19,13,19.0,13.0
1765415336.227191,1081,4,19,13,19.0,13.0
1765415336.243321,1081,4,19,13,19.0,13.0
1765415336.260208,1082,4,19,13,19.0,13.0
1765415336.275897,1083,4,19,13,19.0,13.0
1765415336.291755,1084,4,19,13,19.0,13.0
1765415336.308758,1084,4,19,13,19.0,13.0
1765415336.326204,1085,4,19,13,19.0,13.0
1765415336.342105,1086,4,19,13,19.0,13.0
1765415336.358213,1087,4,19,13,19.0,13.0
1765415336.374398,1088,4,19,13,19.0,12.796
1765415336.391615,1088,4,19,13,19.0,12.591999999999999
1765415336.408353,1089,4,19,12,19.0,12.387999999999998
1765415336.424867,1090,4,19,12,19.0,12.195999999999998
1765415336.440507,1091,4,19,12,19.0,12.003999999999998
1765415336.457805,1091,4,19,12,19.0,12.0
1765415336.475015,1092,4,19,12,19.0,12.0
1765415336.492079,1093,4,19,12,19.0,12.0
1765415336.507547,1094,4,19,12,19.0,12.0
1765415336.523760,1095,4,19,12,19.0,12.0
1765415336.539865,1095,4,19,12,19.0,12.0
1765415336.555826,1096,4,19,12,19.0,12.0
1765415336.572453,1097,4,19,12,19.0,11.796
1765415336.589064,1097,4,19,12,19.0,11.604
1765415336.604955,1098,4,19,12,19.0,11.796
1765415336.622012,1099,4,19,12,19.0,12.0
1765415336.638905,1100,4,19,12,19.0,12.0
1765415336.655912,1101,4,19,12,19.0,12.0
1765415336.671943,1101,4,19,12,19.0,12.0
1765415336.688689,1102,4,19,12,19.0,12.0
1765415336.704819,1103,4,19,12,19.0,12.0
1765415336.721288,1104,4,19,12,19.0,12.0
1765415336.738546,1104,4,19,12,19.0,12.0
1765415336.755781,1105,4,19,12,19.0,12.0
1765415336.772170,1106,4,19,12,19.0,11.808
1765415336.788582,1107,4,19,11,19.0,11.604
1765415336.804919,1108,4,19,11,19.0,11.411999999999999
1765415336.822304,1108,4,19,11,19.0,11.196
1765415336.839181,1109,4,19,11,19.0,11.004
1765415336.855028,1110,4,19,11,19.0,11.0
1765415336.871675,1111,4,19,11,19.0,11.0
1765415336.888525,1111,4,19,11,19.0,11.0
1765415336.904857,1112,4,19,11,19.0,11.0
1765415337.000565,1113,4,19,11,19.0,10.712
1765415337.056546,1114,4,18,10,18.0,10.0
1765415337.065088,1114,4,18,10,18.0,10.0
1765415337.081373,1114,4,18,10,18.0,10.0
1765415337.099133,1115,4,18,10,18.0,9.808
1765415337.115845,1116,4,18,9,18.0,9.592
1765415337.132554,1117,4,18,9,18.0,9.388
1765415337.149155,1118,4,18,9,18.0,9.196
1765415337.165747,1118,4,18,9,18.0,9.0
1765415337.182633,1119,4,18,9,18.0,9.0
1765415337.199201,1120,4,18,9,18.0,9.0
1765415337.215084,1121,4,18,9,18.0,9.0
1765415337.231133,1121,4,18,9,18.0,9.0
1765415337.247212,1122,4,18,9,18.0,9.0
1765415337.262837,1123,4,18,9,18.0,9.0
1765415337.279461,1124,4,18,9,18.0,8.796
1765415337.295988,1124,4,18,9,18.0,8.604
1765415337.311774,1125,4,18,9,18.0,8.796
1765415337.328944,1126,4,18,9,18.0,9.0
1765415337.345719,1127,4,18,9,18.0,9.0
1765415337.362556,1127,4,18,9,18.0,9.0
1765415337.378678,1128,4,18,9,18.0,9.0
1765415337.395296,1129,4,18,9,18.0,9.0
1765415337.412868,1130,4,18,9,18.0,9.0
1765415337.429438,1131,4,18,9,18.0,9.0
1765415337.446354,1131,4,18,9,18.0,8.796
1765415337.463364,1132,4,18,8,18.0,8.591999999999999
1765415337.479814,1133,4,18,8,18.0,8.399999999999999
1765415337.496506,1134,4,18,8,18.0,8.195999999999998
1765415337.513060,1134,4,18,8,18.0,8.003999999999998
1765415337.528710,1135,4,18,8,18.0,8.0
1765415337.545044,1136,4,18,8,18.0,8.0
1765415337.561964,1137,4,18,8,18.0,8.0
1765415337.579801,1137,4,18,8,18.0,8.0
1765415337.596452,1138,4,18,8,18.0,8.0
1765415337.612978,1139,4,18,8,18.0,8.0
1765415337.629548,1139,4,18,8,18.0,8.0
1765415337.646177,1140,4,18,8,18.0,7.808
1765415337.662271,1141,4,18,7,18.0,7.604
1765415337.679319,1142,4,18,7,18.0,7.4
1765415337.695879,1142,4,18,7,18.0,7.208
1765415337.711994,1143,4,18,7,18.0,7.016
1765415337.727744,1144,4,18,7,18.0,7.0
1765415337.744810,1145,4,18,7,18.0,7.0
1765415337.761633,1145,4,18,7,18.0,7.0
1765415337.778017,1146,4,18,7,18.0,7.0
1765415337.795218,1147,4,18,7,18.0,7.0
1765415337.811331,1148,4,18,7,18.0,6.796
1765415337.827854,1149,4,18,6,18.0,6.604
1765415337.845474,1149,4,18,6,18.0,6.388
1765415337.862405,1150,4,18,6,18.0,6.184
1765415337.879598,1151,4,18,6,18.0,6.0
1765415337.896419,1152,4,18,7,18.0,6.204
1765415337.912513,1153,4,18,7,18.0,6.396
1765415337.930094,1153,4,18,7,18.0,6.6
1765415337.946182,1154,4,18,7,18.0,6.792
1765415337.962060,1155,4,18,7,18.0,6.6
1765415337.978205,1156,4,18,6,18.0,6.4079999999999995
1765415337.995263,1156,4,18,6,18.0,6.191999999999999
1765415338.013387,1157,4,18,6,18.0,6.0
1765415338.030402,1158,4,18,6,18.0,6.0
1765415338.047378,1159,4,18,6,18.0,6.0
1765415338.065128,1160,4,18,6,18.0,6.0
1765415338.081121,1160,4,18,6,18.0,6.0
1765415338.096965,1161,4,18,6,18.0,6.0
1765415338.114163,1162,4,18,6,18.0,6.0
1765415338.131552,1163,4,18,6,18.0,5.796
1765415338.147551,1164,4,18,5,18.0,5.5920000000000005
1765415338.164207,1164,4,18,5,18.0,5.4
1765415338.180798,1165,4,18,5,18.0,5.196000000000001
1765415338.197466,1166,4,18,5,18.0,5.0
1765415338.213448,1167,4,18,5,18.0,5.0
1765415338.229461,1167,4,18,5,18.0,5.0
1765415338.246488,1168,4,18,5,18.0,5.0
1765415338.262757,1169,4,18,5,18.0,5.0
1765415338.279176,1170,4,18,5,18.0,5.0
1765415338.295644,1170,4,18,5,18.0,5.0
1765415338.311466,1171,4,18,5,18.0,5.0
1765415338.329655,1172,4,18,5,18.0,5.0
1765415338.346228,1173,4,18,5,18.0,5.0
1765415338.362436,1174,4,18,5,18.0,5.0
1765415338.379523,1174,4,18,5,18.0,5.0
1765415338.397070,1175,4,18,5,18.0,5.0
1765415338.413254,1176,4,18,5,17.808,5.0
1765415338.429881,1177,4,17,5,17.604,5.0
1765415338.446248,1178,4,17,5,17.412,5.0
1765415338.462041,1178,4,17,5,17.22,5.0
1765415338.478559,1179,4,17,5,17.016,5.0
1765415338.496316,1180,4,17,5,17.0,5.0
1765415338.513134,1181,4,17,5,17.0,5.0
1765415338.528804,1181,4,17,5,17.0,5.0
1765415338.545131,1182,4,17,5,17.0,5.0
1765415338.561482,1183,4,17,5,17.0,5.0
1765415338.578546,1184,4,17,5,17.0,5.0
1765415338.595004,1184,4,17,5,17.0,5.0
1765415338.611623,1185,4,17,5,17.0,5.0
1765415338.628574,1186,4,17,5,17.0,5.0
1765415338.645154,1187,4,17,5,17.0,5.0
1765415338.661539,1188,4,17,5,17.0,4.796
1765415338.678004,1188,4,17,5,17.0,4.604
1765415338.693707,1189,4,17,4,17.0,4.412
1765415338.710663,1190,4,17,4,17.0,4.208
1765415338.727333,1191,4,17,4,17.0,4.0040000000000004
1765415338.744826,1191,4,17,4,17.0,4.0
1765415338.761639,1192,4,17,4,17.0,4.0
1765415338.778319,1193,4,17,4,17.0,4.0
1765415338.795282,1194,4,17,4,16.796,4.0
1765415338.813573,1195,4,16,4,16.58,4.0
1765415338.830671,1195,4,16,4,16.375999999999998,4.0
1765415338.848453,1195,4,16,4,16.159999999999997,4.0
1765415338.865102,1197,4,16,4,16.0,4.0
1765415338.881283,1198,4,16,4,16.0,4.0
1765415338.897353,1198,4,16,4,16.0,4.0
1765415338.915032,1199,4,16,4,16.0,4.0
1765415338.931100,1200,4,16,4,16.0,4.0
1765415338.947582,1201,4,16,4,16.0,4.0
1765415338.965115,1202,4,16,4,15.796,4.0
1765415338.981035,1202,4,16,4,15.604,4.0
1765415338.997736,1203,4,15,4,15.399999999999999,4.0
1765415339.014538,1204,4,15,4,15.195999999999998,4.0
1765415339.031419,1205,4,15,4,15.0,4.0
1765415339.047419,1205,4,15,4,15.0,4.0
1765415339.065607,1206,4,15,4,15.0,4.0
1765415339.081959,1207,4,15,4,15.0,4.0
1765415339.098629,1208,4,15,4,15.0,4.0
1765415339.114990,1209,4,15,4,15.0,4.0
1765415339.131693,1209,4,15,4,15.0,4.0
1765415339.147831,1210,4,15,4,15.0,4.0
1765415339.165733,1211,4,15,4,14.796,4.0
1765415339.181375,1212,4,14,4,14.591999999999999,4.0
1765415339.198589,1213,4,13,4,14.387999999999998,4.0
1765415339.215487,1213,4,13,4,14.183999999999997,4.0
1765415339.232098,1214,4,13,4,13.991999999999997,4.0
1765415339.248934,1215,4,13,4,13.787999999999997,4.0
1765415339.265010,1216,4,13,4,13.595999999999997,4.0
1765415339.281034,1216,4,13,4,13.403999999999996,4.0
1765415339.297127,1217,4,13,4,13.211999999999996,4.0
1765415339.312901,1218,4,13,4,13.019999999999996,4.0
1765415339.329700,1219,4,13,4,13.0,4.0
1765415339.347314,1219,4,13,4,13.0,4.0
1765415339.364160,1220,4,13,4,13.0,4.0
1765415339.381037,1221,4,13,4,13.0,4.0
1765415339.397195,1222,4,13,4,13.0,4.0
1765415339.413797,1223,4,13,4,13.0,4.0
1765415339.430122,1223,4,13,4,13.0,4.0
1765415339.446256,1224,4,13,4,13.0,4.0
1765415339.463369,1225,4,13,4,13.0,4.0
1765415339.480151,1226,4,13,4,13.0,4.0
1765415339.496624,1226,4,13,4,13.0,4.0
1765415339.513792,1227,4,13,4,12.796,4.0
1765415339.530831,1228,4,12,4,12.591999999999999,4.0
1765415339.547854,1229,4,12,4,12.387999999999998,4.0
1765415339.564179,1230,4,12,4,12.195999999999998,4.0
1765415339.580644,1230,4,12,4,12.0,4.0
1765415339.598559,1231,4,12,4,12.0,4.0
1765415339.615588,1232,4,12,4,12.0,4.0
1765415339.632821,1233,4,12,4,12.0,4.0
1765415339.649240,1234,4,12,4,12.0,4.0
1765415339.665633,1234,4,12,4,11.808,4.0
1765415339.681024,1235,4,11,4,11.616,4.0
1765415339.696763,1236,4,11,4,11.424,4.0
1765415339.712886,1237,4,11,4,11.232,4.0
1765415339.728830,1237,4,11,4,11.04,4.0
1765415339.746011,1238,4,11,4,11.0,4.0
1765415339.762005,1239,4,11,4,11.0,4.0
1765415339.778163,1240,4,11,4,11.0,4.0
1765415339.794137,1240,4,11,4,11.0,4.0
1765415339.810918,1241,4,11,4,11.0,4.0
1765415339.827384,1242,4,11,4,11.0,4.0
1765415339.843870,1243,4,11,3,10.808,3.808
1765415339.860581,1243,4,11,3,10.604,3.6039999999999996
1765415339.876926,1244,4,10,3,10.411999999999999,3.4119999999999995
1765415339.893027,1245,4,10,3,10.219999999999999,3.2199999999999993
1765415339.909148,1246,4,10,3,10.027999999999999,3.027999999999999
1765415339.925673,1246,4,10,3,10.0,3.0
1765415339.942327,1247,4,10,3,10.0,3.0
1765415339.959243,1248,4,10,3,10.0,3.0
1765415339.975375,1249,4,10,3,10.0,3.0
1765415339.992002,1250,4,10,3,10.0,3.0
1765415340.008260,1250,4,10,3,10.0,3.0
1765415340.025836,1251,4,10,3,10.0,3.0
1765415340.042399,1252,4,10,3,10.0,3.0
1765415340.059886,1253,4,10,3,10.0,3.0
1765415340.076170,1253,4,10,3,10.0,3.0
1765415340.091795,1254,4,10,3,10.0,3.0
1765415340.108086,1255,4,10,3,10.0,3.0
1765415340.124837,1256,4,10,3,10.0,3.0
1765415340.140746,1257,4,10,3,10.0,3.0
1765415340.157927,1257,4,10,3,10.0,3.0
1765415340.175259,1258,4,10,3,10.0,3.0
1765415340.192718,1259,4,10,3,9.808,3.0
1765415340.208742,1260,4,9,3,9.604,3.0
1765415340.224797,1260,4,9,3,9.411999999999999,3.0
1765415340.241895,1261,4,9,3,9.207999999999998,3.0
1765415340.258154,1262,4,9,3,9.015999999999998,3.0
1765415340.273888,1263,4,9,3,9.0,3.0
1765415340.290004,1263,4,9,3,9.0,3.0
1765415340.306220,1264,4,9,3,9.0,3.0
1765415340.321826,1265,4,9,3,9.0,3.0
1765415340.339369,1266,4,9,3,9.0,3.0
1765415340.356089,1267,4,9,3,9.0,3.0
1765415340.372437,1267,4,9,3,8.796,3.0
1765415340.389110,1268,4,8,3,8.604,3.0
1765415340.405185,1269,4,8,3,8.411999999999999,3.0
1765415340.421206,1270,4,8,3,8.219999999999999,3.0
1765415340.437392,1270,4,8,3,8.015999999999998,3.0
1765415340.454368,1271,4,8,3,8.0,3.0
1765415340.470441,1272,4,8,3,8.0,3.0
1765415340.487446,1273,4,8,3,8.0,3.0
1765415340.503386,1273,4,8,3,8.0,3.0
1765415340.521349,1274,4,8,3,8.0,3.0
1765415340.538376,1275,4,8,2,7.796,2.796
1765415340.555037,1276,4,8,2,7.988,2.6039999999999996
1765415340.571796,1277,4,8,2,8.0,2.3999999999999995
1765415340.589041,1277,4,8,2,8.0,2.1959999999999993
1765415340.604894,1278,4,8,2,8.0,2.003999999999999
1765415340.621383,1279,4,8,2,8.0,2.0
1765415340.637820,1280,4,8,2,8.0,2.0
1765415340.655084,1281,4,8,2,8.0,2.0
1765415340.671124,1281,4,8,2,8.0,2.0
1765415340.687011,1282,4,8,2,7.808,2.0
1765415340.703914,1283,4,8,2,8.0,2.0
1765415340.720201,1284,4,8,2,8.0,2.0
1765415340.736812,1284,4,8,2,8.0,2.0
1765415340.754053,1285,4,8,2,8.0,2.0
1765415340.770769,1286,4,8,2,8.0,2.0
1765415340.787872,1287,4,8,2,8.0,2.0
1765415340.804748,1288,4,8,2,8.0,2.0
1765415340.821778,1288,4,8,2,8.0,2.0
1765415340.838484,1289,4,8,2,8.0,2.0
1765415340.856082,1290,4,8,2,7.796,2.0
1765415340.872659,1291,4,8,2,8.0,2.0
1765415340.888454,1292,4,8,2,8.0,2.0
1765415340.904734,1292,4,8,2,8.0,2.0
1765415340.921275,1293,4,8,2,8.0,2.0
1765415340.938802,1294,4,8,2,8.0,2.0
1765415340.955692,1295,4,8,2,8.0,2.0
1765415340.972141,1295,4,8,2,8.0,2.0
1765415340.987653,1296,4,8,2,8.0,2.0
1765415341.004425,1297,4,8,2,8.0,2.0
1765415341.020671,1298,4,8,2,8.0,2.0
1765415341.036860,1299,4,8,1,7.808,1.808
1765415341.052552,1299,4,8,1,7.616,1.616
1765415341.070194,1300,4,7,1,7.412,1.4120000000000001
1765415341.085861,1301,4,7,1,7.22,1.2200000000000002
1765415341.102119,1302,4,7,1,7.028,1.0280000000000002
1765415341.117846,1302,4,7,1,7.0,1.0
1765415341.134803,1303,4,7,1,7.0,1.0
1765415341.151089,1304,4,7,1,7.0,1.0
1765415341.167221,1304,4,7,1,7.0,1.0
1765415341.184329,1305,4,7,1,7.0,1.0
1765415341.200817,1306,4,7,1,7.0,1.0
1765415341.217506,1307,4,7,1,7.0,1.0
1765415341.234320,1308,4,7,1,7.0,1.204
1765415341.250700,1308,4,7,1,7.0,1.396
1765415341.267033,1309,4,7,1,7.0,1.204
1765415341.284029,1310,4,7,1,7.0,1.0
1765415341.300542,1311,4,7,1,7.0,1.0
1765415341.316668,1312,4,7,1,7.0,1.0
1765415341.333427,1312,4,7,1,7.0,1.0
1765415341.350292,1313,4,7,1,7.0,1.0
1765415341.367141,1314,4,7,1,7.0,1.0
1765415341.383793,1315,4,7,1,7.0,1.204
1765415341.400158,1315,4,7,1,7.0,1.396
1765415341.416440,1316,4,7,1,7.0,1.192
1765415341.433384,1317,4,7,1,7.0,1.0
1765415341.450818,1318,4,7,1,7.0,1.0
1765415341.467102,1319,4,7,1,7.0,1.0
1765415341.483135,1319,4,7,1,7.0,1.0
1765415341.499901,1320,4,7,1,7.0,1.0
1765415341.515997,1321,4,7,1,7.0,1.0
1765415341.532770,1322,4,7,1,7.0,1.0
1765415341.549504,1322,4,7,1,7.0,1.0
1765415341.565877,1323,4,7,1,7.0,1.0
1765415341.582952,1324,4,7,1,7.0,1.0
1765415341.599341,1325,4,7,1,7.0,1.204
1765415341.615582,1326,4,7,1,7.0,1.012
1765415341.632247,1326,4,7,1,7.0,1.0
1765415341.648927,1327,4,7,1,7.0,1.0
1765415341.665031,1328,4,7,1,7.0,1.0
1765415341.681181,1329,4,7,1,7.0,1.0
1765415341.698032,1329,4,7,1,7.0,1.0
1765415341.714190,1330,4,7,1,7.0,1.0
1765415341.730031,1331,4,7,1,7.0,1.0
1765415341.747092,1332,4,7,1,7.0,1.0
1765415341.763948,1333,4,7,1,7.0,1.0
1765415341.779574,1333,4,7,1,6.808,1.0
1765415341.796634,1334,4,6,1,6.604,1.0
1765415341.813840,1335,4,6,1,6.4,1.0
1765415341.830322,1336,4,6,1,6.196000000000001,1.0
1765415341.848393,1336,4,6,1,6.0,1.0
1765415341.865894,1337,4,6,1,6.0,1.0
1765415341.882539,1338,4,6,1,6.0,1.0
1765415341.899169,1339,4,6,1,6.0,1.0
1765415341.914849,1340,4,6,1,6.0,0.808
1765415341.931716,1340,4,6,1,6.0,0.6040000000000001
1765415341.949301,1341,4,6,0,6.0,0.3880000000000001
1765415341.966478,1342,4,6,0,6.0,0.1840000000000001
1765415341.983049,1343,4,6,0,6.0,0.0
1765415341.999234,1344,4,6,0,6.0,0.0
1765415342.015089,1344,4,6,0,6.0,0.0
1765415342.031212,1345,4,6,0,6.0,0.0
1765415342.048014,1346,4,6,0,5.808,0.0
1765415342.064950,1347,4,5,0,5.604,0.0
1765415342.081099,1347,4,5,0,5.412,0.0
1765415342.098029,1348,4,5,0,5.208,0.0
1765415342.114558,1349,4,5,0,5.0040000000000004,0.0
1765415342.130559,1350,4,5,0,5.0,0.0
1765415342.147424,1350,4,5,0,5.0,0.0
1765415342.164037,1351,4,5,0,5.0,0.0
1765415342.181051,1352,4,5,0,5.0,0.0
1765415342.197179,1353,4,5,0,5.0,0.0
1765415342.213063,1353,4,5,0,5.0,0.0
1765415342.229340,1354,4,5,0,5.0,0.0
1765415342.246602,1355,4,5,0,5.0,0.0
1765415342.263037,1356,4,5,0,5.0,0.0
1765415342.279520,1357,4,5,0,5.0,0.0
1765415342.296031,1357,4,5,0,5.0,0.0
1765415342.312024,1358,4,5,0,5.0,0.0
1765415342.328334,1359,4,5,0,5.0,0.0
1765415342.345411,1360,4,5,0,5.0,0.0
1765415342.362398,1360,4,5,0,5.0,0.0
1765415342.379386,1361,4,5,0,5.0,0.0
1765415342.395602,1362,4,5,0,5.0,0.0
1765415342.412327,1363,4,5,0,5.0,0.0
1765415342.429465,1364,4,5,0,4.796,0.0
1765415342.446444,1364,4,5,0,4.5920000000000005,0.0
1765415342.463287,1365,4,4,0,4.388000000000001,0.0
1765415342.480252,1366,4,4,0,4.184000000000001,0.0
1765415342.497066,1367,4,4,0,4.0,0.0
1765415342.513197,1367,4,4,0,4.0,0.0
1765415342.529228,1368,4,4,0,4.0,0.0
1765415342.545209,1369,4,4,0,4.0,0.0
1765415342.560437,1370,4,4,0,4.0,0.0
1765415342.577013,1370,4,4,0,4.0,0.0
1765415342.592898,1371,4,4,0,4.0,0.0
1765415342.608843,1372,4,4,0,4.0,0.0
1765415342.625766,1373,4,4,0,4.0,0.0
1765415342.642465,1373,4,4,0,4.0,0.0
1765415342.659612,1374,4,4,0,4.0,0.0
1765415342.676568,1375,4,4,0,4.0,0.0
1765415342.694283,1376,4,4,0,4.0,0.0
1765415342.712025,1377,4,4,0,4.0,0.0
1765415342.728286,1377,4,4,0,3.796,0.0
1765415342.745624,1378,4,4,0,4.0,0.0
1765415342.761785,1379,4,3,0,3.808,0.0
1765415342.777405,1380,4,3,0,3.6159999999999997,0.0
1765415342.794097,1381,4,3,0,3.4239999999999995,0.0
1765415342.810919,1381,4,3,0,3.2199999999999993,0.0
1765415342.827107,1382,4,3,0,3.027999999999999,0.0
1765415342.843890,1383,4,3,0,3.0,0.0
1765415342.860833,1384,4,3,0,3.0,0.0
1765415342.877311,1384,4,3,0,3.0,0.0
1765415342.893292,1385,4,3,0,2.796,0.0
1765415342.909698,1386,4,2,0,2.6039999999999996,0.0
1765415342.926264,1387,4,2,0,2.3999999999999995,0.0
1765415342.943731,1388,4,2,0,2.1959999999999993,0.0
1765415342.959890,1388,4,2,0,2.003999999999999,0.0
1765415342.976425,1389,4,2,0,2.0,0.0
1765415342.993162,1390,4,2,0,2.0,0.0
1765415343.009920,1391,4,2,0,2.0,0.0
1765415343.026578,1391,4,2,0,1.796,0.0
1765415343.043309,1392,4,1,0,1.592,0.0
1765415343.059999,1393,4,1,0,1.4000000000000001,0.0
1765415343.076827,1394,4,1,0,1.1960000000000002,0.0
1765415343.093429,1394,4,1,0,1.0,0.0
1765415343.110597,1395,4,1,0,1.0,0.0
1765415343.127806,1396,4,2,0,1.204,0.0
1765415343.144679,1397,4,2,0,1.408,0.0
1765415343.161165,1398,4,2,0,1.5999999999999999,0.0
1765415343.177540,1398,4,2,0,1.8039999999999998,0.0
1765415343.193980,1399,4,2,0,1.9959999999999998,0.0
1765415343.209507,1400,4,2,0,2.0,0.0
1765415343.226506,1401,4,2,0,2.0,0.0
1765415343.244153,1402,4,2,0,2.0,0.20400000000000001
1765415343.259846,1402,4,2,0,2.0,0.396
1765415343.275997,1403,4,2,1,2.0,0.5880000000000001
1765415343.291664,1404,4,2,1,2.0,0.78
1765415343.308142,1404,4,2,1,2.0,0.972
1765415343.325204,1405,4,2,1,2.0,1.0
1765415343.341988,1406,4,2,1,2.0,1.0
1765415343.358433,1407,4,2,1,2.0,1.0
1765415343.376286,1407,4,2,1,2.0,1.0
1765415343.392387,1408,4,2,1,2.0,1.0
1765415343.409229,1409,4,2,1,2.192,1.0
1765415343.425108,1410,4,3,1,2.3840000000000003,1.192
1765415343.440829,1410,4,3,1,2.5760000000000005,1.384
1765415343.456464,1411,4,3,2,2.7680000000000007,1.5759999999999998
1765415343.473170,1412,4,3,2,2.960000000000001,1.7679999999999998
1765415343.489004,1413,4,3,2,3.0,1.9599999999999997
1765415343.505130,1413,4,3,2,3.0,2.0
1765415343.521395,1414,4,3,2,3.0,2.0
1765415343.538618,1415,4,3,2,3.0,2.0
1765415343.555017,1416,4,3,2,3.0,2.0
1765415343.570874,1417,4,3,2,3.0,2.0
1765415343.586627,1417,4,3,2,3.0,2.0
1765415343.603217,1418,4,3,2,3.192,2.0
1765415343.618850,1419,4,4,2,3.3840000000000003,2.0
1765415343.636111,1420,4,4,2,3.5880000000000005,2.0
1765415343.652339,1420,4,4,2,3.7920000000000007,2.0
1765415343.669280,1421,4,4,2,3.996000000000001,2.0
1765415343.686180,1422,4,4,2,4.0,2.0
1765415343.701723,1423,4,4,2,4.0,2.0
1765415343.718268,1423,4,4,2,4.0,2.0
1765415343.735306,1424,4,4,2,4.0,2.0
1765415343.752342,1425,4,4,2,4.0,2.0
1765415343.770431,1426,4,4,2,4.0,2.0
1765415343.788015,1427,4,4,2,4.0,2.0
1765415343.803656,1427,4,4,2,4.0,2.0
1765415343.820344,1428,4,4,2,4.0,2.0
1765415343.837860,1429,4,4,2,4.0,2.0
1765415343.856045,1430,4,4,2,4.0,2.0
1765415343.872218,1431,4,4,2,4.0,2.0
1765415343.888166,1431,4,4,2,4.0,2.0
1765415343.904622,1432,4,4,2,4.0,2.0
1765415343.921883,1433,4,4,2,4.0,2.0
1765415343.938453,1434,4,4,2,4.0,2.0
1765415343.955588,1435,4,4,2,4.0,2.0
1765415343.972609,1435,4,4,2,4.0,2.0
1765415343.988890,1436,4,4,2,4.0,2.0
1765415344.005213,1437,4,4,2,4.0,2.0
1765415344.021411,1438,4,4,2,4.0,2.0
1765415344.037495,1438,4,4,2,4.0,2.0
1765415344.055363,1439,4,4,2,4.0,2.0
1765415344.073084,1440,4,4,2,4.0,2.0
1765415344.088808,1441,4,4,2,4.0,2.0
1765415344.104774,1441,4,4,2,4.0,2.0
1765415344.121401,1442,4,4,2,4.0,2.0
1765415344.138345,1443,4,4,2,4.204,2.0
1765415344.154564,1444,4,5,2,4.396,2.0
1765415344.172024,1445,4,5,2,4.6,2.0
1765415344.187929,1445,4,5,2,4.792,2.0
1765415344.204194,1446,4,5,2,4.984,2.0
1765415344.220836,1447,4,5,2,5.0,2.0
1765415344.236856,1448,4,5,2,5.0,2.0
1765415344.252402,1448,4,5,2,5.0,2.0
1765415344.269697,1449,4,5,2,5.0,2.0
1765415344.285804,1450,4,5,2,5.0,2.0
1765415344.302277,1451,4,5,2,5.0,2.0
1765415344.320411,1451,4,5,2,5.216,2.0
1765415344.336832,1452,4,5,2,5.024,2.0
1765415344.353477,1453,4,6,2,5.228,2.0
1765415344.370206,1454,4,6,2,5.42,2.0
1765415344.385815,1455,4,6,2,5.612,2.0
1765415344.402055,1455,4,6,2,5.804,2.0
1765415344.417838,1456,4,6,2,5.996,2.0
1765415344.434144,1457,4,6,2,6.0,2.204
1765415344.450675,1458,4,6,3,6.0,2.3960000000000004
1765415344.467495,1458,4,6,3,6.0,2.6000000000000005
1765415344.484340,1459,4,6,3,6.0,2.8040000000000007
1765415344.501495,1460,4,6,3,6.0,3.0
1765415344.518237,1461,4,6,3,6.0,3.0
1765415344.534213,1462,4,6,3,6.0,3.0
1765415344.550502,1462,4,6,3,6.0,3.0
1765415344.567181,1463,4,6,3,6.0,3.0
1765415344.583350,1464,4,6,3,6.0,3.0
1765415344.600533,1465,4,6,3,6.0,3.0
1765415344.617591,1465,4,6,3,6.0,3.0
1765415344.634283,1466,4,6,2,6.0,2.796
1765415344.652212,1467,4,6,2,6.0,2.5919999999999996
1765415344.668597,1468,4,6,2,6.0,2.3879999999999995
1765415344.686017,1469,4,6,2,6.0,2.1839999999999993
1765415344.702043,1469,4,6,2,6.0,2.0
1765415344.717973,1470,4,6,2,6.0,2.0
1765415344.734203,1471,4,6,2,6.0,2.0
1765415344.750129,1472,4,6,2,6.0,2.0
1765415344.765365,1472,4,6,2,6.0,2.192
1765415344.782596,1473,4,6,3,6.0,2.3960000000000004
1765415344.799025,1474,4,6,3,6.0,2.5880000000000005
1765415344.815068,1475,4,6,3,6.0,2.7800000000000007
1765415344.831593,1475,4,6,3,6.0,2.984000000000001
1765415344.849077,1476,4,6,3,6.0,3.0
1765415344.865109,1477,4,6,3,6.0,3.0
1765415344.882398,1478,4,6,3,6.0,3.0
1765415344.899658,1479,4,6,3,6.0,3.0
1765415344.916461,1479,4,6,3,6.0,3.0
1765415344.933024,1480,4,6,3,6.0,3.0
1765415344.949053,1481,4,6,3,6.0,3.0
1765415344.965415,1482,4,6,3,6.0,3.0
1765415344.982346,1482,4,6,3,6.0,3.0
1765415344.999382,1483,4,6,3,6.0,3.0
1765415345.016902,1484,4,6,3,6.0,3.0
1765415345.033278,1485,4,6,3,6.0,3.0
1765415345.050768,1486,4,6,3,6.0,3.0
1765415345.067212,1486,4,6,3,6.0,3.0
1765415345.082942,1487,4,6,3,6.0,3.0
1765415345.098539,1488,4,6,3,6.0,3.0
1765415345.116038,1489,4,6,3,6.0,3.0
1765415345.133489,1489,4,6,3,6.0,3.204
1765415345.149948,1490,4,6,3,6.0,3.0
1765415345.166766,1491,4,6,4,6.0,3.204
1765415345.183057,1492,4,6,3,6.0,3.012
1765415345.199361,1493,4,6,3,6.0,3.0
1765415345.216176,1493,4,6,3,6.0,3.0
1765415345.232221,1494,4,6,3,6.0,3.0
1765415345.249047,1495,4,6,3,6.0,3.0
1765415345.265187,1496,4,6,3,6.0,3.0
1765415345.283741,1496,4,6,3,6.0,3.0
1765415345.300407,1497,4,6,3,6.0,3.0
1765415345.317085,1498,4,6,3,6.0,3.0
1765415345.333626,1499,4,6,3,6.0,3.0
1765415345.350631,1500,4,6,3,6.0,3.204
1765415345.367261,1500,4,6,3,6.0,3.4080000000000004
1765415345.384261,1501,4,6,4,6.0,3.6120000000000005
1765415345.401287,1502,4,6,4,6.0,3.8160000000000007
1765415345.418834,1503,4,6,4,6.0,4.0
1765415345.435776,1504,4,6,4,6.0,4.0
1765415345.452409,1504,4,6,4,6.0,4.0
1765415345.469835,1505,4,6,4,6.0,4.0
1765415345.485743,1506,4,6,4,6.0,4.0
1765415345.502709,1507,4,6,4,6.0,4.0
1765415345.518626,1507,4,6,4,6.0,4.0
1765415345.534327,1508,4,6,4,6.0,4.0
1765415345.551400,1509,4,6,4,6.0,4.0
1765415345.568738,1510,4,6,4,6.0,4.0
1765415345.585278,1511,4,6,4,6.0,4.0
1765415345.601926,1511,4,6,4,6.0,4.0
1765415345.618946,1512,4,6,4,5.796,4.0
1765415345.635800,1513,4,5,4,5.5920000000000005,4.0
1765415345.654724,1514,4,5,4,5.388000000000001,4.0
1765415345.669559,1515,4,5,4,5.184000000000001,4.0
1765415345.685808,1515,4,5,4,5.0,4.0
1765415345.702349,1516,4,5,4,5.0,4.0
1765415345.719642,1517,4,5,4,5.0,4.0
1765415345.735724,1518,4,5,4,5.0,4.0
1765415345.752133,1518,4,5,4,5.0,4.0
1765415345.768764,1519,4,5,4,5.0,4.0
1765415345.785665,1520,4,5,4,5.0,4.0
1765415345.802089,1521,4,5,4,4.808,4.0
1765415345.818190,1521,4,5,4,4.616,4.0
1765415345.834478,1522,4,4,4,4.412,4.0
1765415345.850805,1523,4,4,4,4.22,4.0
1765415345.867643,1524,4,4,4,4.016,4.0
1765415345.883868,1525,4,4,4,4.0,4.0
1765415345.901674,1525,4,4,4,3.796,4.0
1765415345.917391,1526,4,3,4,3.5919999999999996,4.0
1765415345.934841,1527,4,3,4,3.3879999999999995,4.0
1765415345.950985,1528,4,3,4,3.1959999999999993,4.0
1765415345.967187,1528,4,3,4,3.003999999999999,4.0
1765415345.983328,1529,4,3,4,3.0,4.0
1765415345.999945,1530,4,3,4,3.0,4.0
1765415346.016087,1531,4,3,4,3.0,4.0
1765415346.033351,1532,4,3,4,2.796,4.0
1765415346.049113,1532,4,3,4,2.6039999999999996,4.0
1765415346.065439,1533,4,2,4,2.3999999999999995,4.0
1765415346.081701,1534,4,2,4,2.2079999999999993,4.0
1765415346.097637,1534,4,2,4,2.015999999999999,4.0
1765415346.114214,1535,4,2,4,2.0,4.0
1765415346.130681,1536,4,2,4,2.0,4.0
1765415346.147171,1537,4,2,4,2.0,4.0
1765415346.163554,1538,4,2,4,2.0,4.0
1765415346.179624,1538,4,2,4,1.808,4.0
1765415346.196643,1539,4,1,4,1.604,4.0
1765415346.214319,1540,4,1,4,1.4000000000000001,4.0
1765415346.230752,1541,4,1,4,1.1960000000000002,4.0
1765415346.246742,1541,4,1,4,1.0040000000000002,4.0
1765415346.263040,1542,4,1,4,1.0,4.0
1765415346.279784,1543,4,1,4,1.0,4.0
1765415346.295475,1544,4,1,4,1.0,4.0
1765415346.311400,1545,4,1,4,1.0,4.0
1765415346.328394,1545,4,1,4,1.0,4.0
1765415346.345797,1546,4,1,4,1.0,4.0
1765415346.362004,1547,4,0,4,0.808,4.192
1765415346.378036,1548,4,0,5,0.6160000000000001,4.384
1765415346.394055,1548,4,0,5,0.4240000000000001,4.5760000000000005
1765415346.410673,1549,4,0,5,0.22000000000000008,4.78
1765415346.426361,1550,4,0,5,0.02800000000000008,4.972
1765415346.443952,1551,4,0,5,0.0,5.0
1765415346.461177,1552,4,0,5,0.0,5.0
1765415346.477364,1552,4,0,5,0.0,5.0
1765415346.494227,1553,4,0,5,0.0,5.0
1765415346.510713,1554,4,0,5,0.0,5.0
1765415346.528141,1555,4,0,5,0.0,5.204
1765415346.544613,1555,4,0,5,0.0,5.4079999999999995
1765415346.561309,1556,4,0,6,0.0,5.611999999999999
1765415346.578185,1557,4,0,6,0.0,5.803999999999999
1765415346.594674,1558,4,0,6,0.0,6.0
1765415346.611240,1559,4,0,6,0.0,6.0
1765415346.627616,1559,4,0,6,0.0,6.0
1765415346.643776,1560,4,0,6,0.0,6.0
1765415346.660126,1561,4,0,6,0.0,6.0
1765415346.677029,1562,4,0,6,0.0,6.204
1765415346.692658,1562,4,0,6,0.0,6.396
1765415346.709203,1563,4,0,7,0.0,6.588
1765415346.725074,1564,4,0,7,0.0,6.78
1765415346.740730,1565,4,0,7,0.0,6.972
1765415346.756956,1565,4,0,7,0.0,7.0
1765415346.772817,1566,4,0,7,0.0,7.0
1765415346.788982,1567,4,0,7,0.0,7.0
1765415346.804965,1568,4,0,7,0.0,7.0
1765415346.821104,1568,4,0,7,0.0,7.0
1765415346.837119,1569,4,0,7,0.0,7.192
1765415346.852701,1570,4,0,8,0.0,7.384
1765415346.869747,1571,4,0,8,0.0,7.588
1765415346.885908,1571,4,0,8,0.0,7.78
1765415346.902042,1572,4,0,8,0.0,7.972
1765415346.918354,1573,4,0,8,0.0,8.0
1765415346.934359,1574,4,0,8,0.0,8.0
1765415346.951501,1574,4,0,8,0.0,8.0
1765415346.969023,1575,4,0,8,0.0,8.0
1765415347.051244,1577,4,0,8,0.0,8.744
1765415347.066320,1577,4,0,8,0.0,9.0
1765415347.083725,1578,4,0,9,0.0,9.0
1765415347.101060,1579,4,0,9,0.0,9.0
1765415347.117922,1580,4,0,9,0.0,9.204
1765415347.134522,1580,4,0,9,0.0,9.408000000000001
1765415347.152280,1581,4,0,10,0.0,9.624
1765415347.169552,1582,4,0,10,0.0,9.828000000000001
1765415347.186805,1583,4,0,10,0.0,10.0
1765415347.203631,1584,4,0,10,0.0,10.0
1765415347.220247,1584,4,0,10,0.0,10.0
1765415347.238252,1585,4,0,10,0.0,10.0
1765415347.255946,1586,4,0,10,0.0,10.0
1765415347.272162,1587,4,0,10,0.0,10.0
1765415347.288336,1588,4,0,10,0.0,10.0
1765415347.305392,1588,4,0,10,0.0,10.0
1765415347.322366,1589,4,0,10,0.0,10.0
1765415347.339503,1590,4,0,10,0.0,10.0
1765415347.355617,1591,4,0,10,0.0,10.0
1765415347.372472,1592,4,0,10,0.0,10.0
1765415347.389082,1592,4,0,10,0.0,10.0
1765415347.405116,1593,4,0,10,0.0,10.0
1765415347.421668,1594,4,0,10,0.0,10.0
1765415347.437948,1595,4,0,10,0.0,10.0
1765415347.454232,1595,4,0,10,0.0,10.0
1765415347.469942,1596,4,0,10,0.0,10.0
1765415347.485486,1597,4,0,10,0.0,10.192
1765415347.503064,1598,4,0,10,0.0,10.0
1765415347.520150,1598,4,0,10,0.0,10.0
1765415347.537041,1599,4,0,10,0.0,10.0
1765415347.552816,1600,4,0,10,0.0,10.0
1765415347.568938,1601,4,0,10,0.0,10.0
1765415347.584639,1601,4,0,10,0.0,10.0
1765415347.600938,1602,4,0,10,0.0,10.0
1765415347.617001,1603,4,0,10,0.0,10.0
1765415347.633314,1604,4,0,10,0.0,10.0
1765415347.650937,1605,4,0,10,0.0,10.0
1765415347.667495,1605,4,0,10,0.0,10.0
1765415347.684336,1606,4,0,10,0.0,10.0
1765415347.701056,1607,4,0,10,0.0,10.0
1765415347.717259,1608,4,0,10,0.20400000000000001,10.0
1765415347.734351,1608,4,0,10,0.40800000000000003,10.0
1765415347.750764,1609,4,0,10,0.21600000000000003,10.0
1765415347.766893,1610,4,0,10,0.02400000000000002,10.0
1765415347.783972,1611,4,0,10,0.0,10.0
1765415347.800262,1612,4,0,10,0.0,10.0
1765415347.817463,1612,4,0,10,0.0,10.0
1765415347.834211,1613,4,0,10,0.0,10.0
1765415347.850159,1614,4,0,10,0.0,10.0
1765415347.865451,1615,4,0,10,0.0,10.0
1765415347.882804,1615,4,0,10,0.0,10.0
1765415347.899588,1616,4,0,10,0.0,10.0
1765415347.915473,1617,4,0,10,0.0,10.0
1765415347.931869,1618,4,0,10,0.0,9.808
1765415347.948309,1618,4,0,10,0.0,9.604
1765415347.965153,1619,4,0,9,0.0,9.411999999999999
1765415347.981707,1620,4,0,9,0.0,9.207999999999998
1765415347.998672,1621,4,0,9,0.0,9.003999999999998
1765415348.015123,1622,4,0,9,0.0,9.0
1765415348.031390,1622,4,0,9,0.0,9.0
1765415348.049175,1623,4,0,9,0.0,9.0
1765415348.065691,1624,4,0,9,0.0,9.0
1765415348.081048,1625,4,0,9,0.0,9.0
1765415348.097827,1625,4,0,9,0.20400000000000001,9.0
1765415348.114951,1626,4,0,9,0.0,9.0
1765415348.131591,1627,4,1,9,0.20400000000000001,9.0
1765415348.148476,1628,4,1,9,0.40800000000000003,9.0
1765415348.166456,1629,4,1,9,0.624,9.0
1765415348.182707,1629,4,1,9,0.8160000000000001,9.0
1765415348.199636,1630,4,1,9,1.0,9.0
1765415348.217298,1631,4,1,9,1.0,9.0
1765415348.233992,1632,4,1,9,1.0,9.0
1765415348.250165,1633,4,1,9,1.0,9.0
1765415348.266162,1633,4,1,9,1.0,9.0
1765415348.283258,1634,4,1,9,1.0,9.0
1765415348.300096,1635,4,1,9,1.0,9.0
1765415348.316079,1636,4,1,9,1.0,9.0
1765415348.331415,1636,4,1,9,1.0,9.0
1765415348.347689,1637,4,1,9,1.0,9.0
1765415348.364373,1638,4,1,9,1.0,9.0
1765415348.381406,1639,4,1,9,1.0,9.0
1765415348.398667,1640,4,1,9,1.0,9.0
1765415348.415704,1640,4,1,9,1.0,9.0
1765415348.432422,1641,4,1,9,1.0,9.0
1765415348.449669,1642,4,1,9,1.0,9.0
1765415348.467538,1643,4,1,9,1.0,9.0
1765415348.483600,1644,4,1,9,1.0,9.0
1765415348.500506,1644,4,1,9,1.0,9.0
1765415348.517247,1645,4,1,9,1.0,9.0
1765415348.533570,1646,4,1,9,1.0,9.0
1765415348.550386,1647,4,1,9,1.204,9.0
1765415348.567023,1647,4,1,9,1.396,9.0
1765415348.584054,1648,4,2,9,1.5999999999999999,9.0
1765415348.601163,1649,4,2,9,1.8039999999999998,9.0
1765415348.616832,1650,4,2,9,1.9959999999999998,9.0
1765415348.633687,1651,4,2,9,2.0,9.0
1765415348.650845,1651,4,2,9,2.0,9.0
1765415348.667781,1652,4,2,9,2.0,9.0
1765415348.684170,1653,4,2,9,2.0,9.0
1765415348.701451,1654,4,2,9,2.0,9.0
1765415348.718936,1655,4,2,9,2.0,9.0
1765415348.735576,1655,4,2,9,2.0,9.0
1765415348.752314,1656,4,2,9,2.0,9.0
1765415348.768747,1657,4,2,9,2.0,9.0
1765415348.785893,1658,4,2,9,2.0,9.204
1765415348.802125,1658,4,2,9,2.0,9.396
1765415348.818804,1659,4,3,10,2.204,9.600000000000001
1765415348.835274,1660,4,3,10,2.4080000000000004,9.804000000000002
1765415348.852544,1661,4,3,10,2.6120000000000005,10.0
1765415348.868872,1662,4,3,10,2.8040000000000007,10.0
1765415348.885458,1662,4,3,10,3.0,10.0
1765415348.901985,1663,4,3,10,3.0,10.0
1765415348.918027,1664,4,3,10,3.0,10.0
1765415348.934335,1665,4,3,10,3.0,10.0
1765415348.951008,1665,4,3,10,3.0,10.0
1765415348.967843,1666,4,3,10,3.0,10.0
1765415348.986105,1667,4,3,10,3.0,10.0
1765415349.001659,1668,4,3,10,3.0,10.0
1765415349.018058,1669,4,3,10,3.0,10.0
1765415349.033529,1669,4,3,10,3.0,10.192
1765415349.051063,1670,4,3,11,3.0,10.396
1765415349.067505,1671,4,3,11,3.0,10.600000000000001
1765415349.084828,1672,4,3,11,3.0,10.804000000000002
1765415349.102532,1672,4,3,11,3.0,11.0
1765415349.118997,1673,4,3,11,3.0,11.0
1765415349.136029,1674,4,3,11,3.0,11.0
1765415349.152397,1675,4,3,11,3.0,11.0
1765415349.170040,1676,4,3,11,3.0,11.0
1765415349.185588,1676,4,3,11,3.0,11.192
1765415349.202112,1677,4,3,12,3.0,11.384
1765415349.217862,1678,4,3,12,3.0,11.576
1765415349.233485,1679,4,3,12,3.0,11.768
1765415349.250773,1679,4,3,12,3.0,11.972000000000001
1765415349.267173,1680,4,3,12,3.0,12.0
1765415349.282877,1681,4,3,12,3.0,12.0
1765415349.299756,1682,4,3,12,3.0,12.0
1765415349.316188,1682,4,3,12,3.0,12.0
1765415349.331773,1683,4,3,12,3.0,12.0
1765415349.348712,1684,4,3,12,3.0,12.0
1765415349.365370,1685,4,3,12,3.0,12.0
1765415349.382483,1686,4,3,12,3.0,12.0
1765415349.398617,1686,4,3,12,3.0,12.0
1765415349.414674,1687,4,3,12,3.0,12.0
1765415349.431293,1688,4,3,12,3.0,12.0
1765415349.448586,1689,4,3,12,3.0,12.0
1765415349.465424,1689,4,3,12,3.0,12.0
1765415349.481755,1690,4,3,11,3.0,11.808
1765415349.498654,1691,4,3,11,3.0,12.0
1765415349.515218,1692,4,3,12,3.0,12.0
1765415349.532081,1693,4,3,12,3.0,12.0
1765415349.548946,1693,4,3,12,3.0,12.0
1765415349.565751,1694,4,3,12,3.0,12.0
1765415349.582543,1695,4,3,12,3.0,12.0
1765415349.599515,1696,4,3,12,3.0,12.0
1765415349.617101,1697,4,3,12,3.0,12.0
1765415349.632694,1697,4,3,12,3.0,12.0
1765415349.649229,1698,4,3,12,3.0,12.0
1765415349.665847,1699,4,3,12,3.0,12.0
1765415349.682630,1700,4,3,12,3.0,12.0
1765415349.699080,1700,4,3,12,3.0,12.0
1765415349.715287,1701,4,3,12,3.0,12.0
1765415349.731887,1702,4,3,12,3.0,12.0
1765415349.748779,1703,4,3,12,3.0,12.0
1765415349.764535,1703,4,3,12,3.0,12.0
1765415349.780809,1704,4,3,12,3.0,12.0
1765415349.797434,1705,4,3,12,3.0,12.0
1765415349.813472,1706,4,3,12,3.0,12.0
1765415349.830704,1707,4,3,12,3.0,12.204
1765415349.847783,1707,4,3,12,3.0,12.408000000000001
1765415349.863454,1708,4,3,13,3.0,12.600000000000001
1765415349.880263,1709,4,3,13,3.0,12.804000000000002
1765415349.898308,1710,4,3,13,3.0,13.0
1765415349.915489,1710,4,3,13,3.0,13.0
1765415349.931566,1711,4,3,13,3.0,13.0
1765415349.948199,1712,4,3,13,3.0,13.0
1765415349.963740,1713,4,3,13,3.0,13.0
1765415349.979897,1714,4,2,13,2.808,13.0
1765415349.996495,1714,4,2,13,2.6039999999999996,13.0
1765415350.013891,1715,4,2,13,2.3999999999999995,13.0
1765415350.030907,1716,4,2,13,2.1959999999999993,13.0
1765415350.047635,1717,4,1,13,1.9919999999999993,13.0
1765415350.063801,1717,4,1,13,1.7999999999999994,13.0
1765415350.080287,1718,4,1,13,1.5959999999999994,13.0
1765415350.097184,1719,4,1,13,1.4039999999999995,13.0
1765415350.113280,1720,4,1,13,1.1999999999999995,13.0
1765415350.130401,1721,4,1,13,1.0,13.0
1765415350.147291,1721,4,1,13,1.0,13.0
1765415350.163793,1722,4,1,13,1.0,13.0
1765415350.179916,1723,4,1,13,1.0,13.0
1765415350.196115,1724,4,1,13,1.0,13.0
1765415350.212046,1724,4,1,13,0.808,13.0
1765415350.228764,1725,4,0,13,0.6040000000000001,13.0
1765415350.245048,1726,4,0,13,0.4120000000000001,13.0
1765415350.261251,1727,4,0,13,0.22000000000000008,13.0
1765415350.276349,1727,4,0,13,0.02800000000000008,13.0
1765415350.293713,1728,4,0,13,0.0,13.0
1765415350.309603,1729,4,0,13,0.0,13.0
1765415350.326473,1730,4,0,13,0.0,13.0
1765415350.343171,1730,4,0,13,0.0,13.0
1765415350.358885,1731,4,0,13,0.0,13.0
1765415350.375986,1732,4,0,13,0.0,13.0
1765415350.391804,1733,4,0,13,0.0,13.0
1765415350.409627,1734,4,0,13,0.0,13.0
1765415350.426423,1734,4,0,13,0.0,13.0
1765415350.443036,1735,4,0,13,0.0,13.0
1765415350.459822,1736,4,0,13,0.0,12.796
1765415350.477066,1737,4,0,12,0.0,12.591999999999999
1765415350.493409,1737,4,0,12,0.0,12.387999999999998
1765415350.509849,1738,4,0,12,0.0,12.195999999999998
1765415350.527408,1739,4,0,12,0.0,12.0
1765415350.544122,1740,4,0,12,0.0,12.0
1765415350.560292,1741,4,0,12,0.0,12.0
1765415350.576430,1741,4,0,12,0.0,12.0
1765415350.594014,1742,4,0,12,0.0,12.0
1765415350.610224,1743,4,0,12,0.0,12.0
1765415350.626464,1744,4,0,12,0.0,12.0
1765415350.643582,1744,4,0,12,0.0,12.0
1765415350.659872,1745,4,0,12,0.0,12.0
1765415350.676436,1746,4,0,12,0.0,12.0
1765415350.692813,1747,4,0,12,0.0,12.0
1765415350.708899,1748,4,0,12,0.0,12.0
1765415350.724339,1748,4,0,12,0.0,12.0
1765415350.741184,1749,4,0,12,0.0,12.0
1765415350.757355,1750,4,0,12,0.0,12.0
1765415350.775486,1751,4,0,12,0.0,12.216
1765415350.793231,1751,4,0,12,0.0,12.42
1765415350.809344,1752,4,0,13,0.0,12.624
1765415350.826881,1753,4,0,13,0.0,12.828000000000001
1765415350.842496,1754,4,0,13,0.0,13.0
1765415350.859710,1755,4,0,13,0.0,13.0
1765415350.876884,1755,4,0,13,0.0,13.0
1765415350.893698,1756,4,0,13,0.0,13.0
1765415350.909875,1757,4,0,13,0.0,13.0
1765415350.926286,1758,4,0,13,0.0,13.0
1765415350.943313,1758,4,0,13,0.0,13.0
1765415350.961205,1759,4,0,13,0.0,13.0
1765415350.976689,1760,4,0,13,0.0,13.0
1765415350.993521,1761,4,0,13,0.0,13.0
1765415351.009759,1762,4,1,13,0.192,13.0
1765415351.026194,1762,4,1,13,0.384,13.0
1765415351.042323,1763,4,2,13,0.5880000000000001,13.0
1765415351.059335,1764,4,2,13,0.792,13.0
1765415351.076448,1765,4,2,13,0.996,13.0
1765415351.094607,1765,4,2,13,1.212,13.0
1765415351.112233,1766,4,2,13,1.416,13.0
1765415351.128331,1767,4,2,13,1.6199999999999999,13.0
1765415351.145233,1768,4,2,13,1.8119999999999998,13.0
1765415351.161215,1769,4,2,13,2.004,13.0
1765415351.177859,1769,4,2,13,2.208,13.0
1765415351.194708,1770,4,3,13,2.4120000000000004,13.0
1765415351.210851,1771,4,3,13,2.6040000000000005,13.0
1765415351.227819,1772,4,3,13,2.8080000000000007,13.0
1765415351.244524,1772,4,3,13,3.0,13.0
1765415351.262130,1773,4,3,13,3.0,13.0
1765415351.278664,1774,4,3,13,3.0,13.0
1765415351.295263,1775,4,3,13,3.0,13.0
1765415351.311881,1776,4,3,13,3.0,13.0
1765415351.328154,1776,4,3,13,3.0,13.0
1765415351.345080,1777,4,3,13,3.0,13.0
1765415351.361029,1778,4,3,13,3.0,13.192
1765415351.377065,1779,4,3,14,3.0,13.384
1765415351.392984,1779,4,3,14,3.0,13.576
1765415351.409120,1780,4,3,14,3.0,13.768
1765415351.425187,1781,4,3,14,3.0,13.96
1765415351.441385,1782,4,3,14,3.0,14.0
1765415351.458435,1782,4,3,14,3.0,14.0
1765415351.475535,1783,4,3,14,3.0,14.0
1765415351.491981,1784,4,3,14,3.0,14.0
1765415351.508165,1785,4,3,14,3.0,14.0
1765415351.524037,1786,4,3,14,3.0,14.0
1765415351.541588,1786,4,3,14,3.0,14.204
1765415351.558028,1787,4,3,15,3.0,14.408000000000001
1765415351.574889,1788,4,3,15,3.0,14.612000000000002
1765415351.591791,1789,4,3,15,3.0,14.816000000000003
1765415351.608527,1789,4,3,15,3.0,15.0
1765415351.625365,1790,4,3,15,3.0,15.0
1765415351.641429,1791,4,3,15,3.0,15.0
1765415351.657993,1792,4,2,15,2.808,15.0
1765415351.674409,1793,4,2,15,2.6039999999999996,15.0
1765415351.690722,1793,4,2,15,2.4119999999999995,15.0
1765415351.707781,1794,4,2,15,2.2079999999999993,15.0
1765415351.725821,1795,4,2,15,2.0,15.0
1765415351.741722,1796,4,2,15,2.0,15.0
1765415351.759003,1797,4,2,15,2.0,15.0
1765415351.775423,1797,4,2,15,2.0,15.0
1765415351.792966,1798,4,2,15,2.0,15.0
1765415351.809941,1799,4,2,15,2.0,15.0
1765415351.826571,1800,4,2,15,2.0,15.204
1765415351.842592,1800,4,2,15,2.0,15.396
1765415351.858626,1801,4,2,16,2.0,15.588000000000001
1765415351.875560,1802,4,2,16,2.0,15.792000000000002
1765415351.891446,1803,4,2,16,2.0,15.984000000000002
1765415351.908900,1803,4,2,16,2.0,16.0
1765415351.925412,1804,4,2,16,2.0,16.0
1765415351.942695,1805,4,2,16,2.0,16.0
1765415351.959087,1806,4,2,16,2.0,16.0
1765415351.976160,1807,4,2,16,2.0,16.192
1765415352.077219,1807,4,2,16,2.0,16.432
1765415352.085858,1807,4,2,16,2.0,17.0
1765415352.103102,1808,4,2,17,2.0,17.0
1765415352.120636,1809,4,2,17,2.0,17.0
1765415352.137495,1810,4,2,17,2.0,17.0
1765415352.153784,1810,4,2,17,2.0,17.0
1765415352.169826,1811,4,2,17,2.0,17.0
1765415352.186665,1812,4,2,17,2.0,17.0
1765415352.203334,1813,4,2,17,2.0,17.0
1765415352.219796,1814,4,2,17,2.0,17.0
1765415352.236545,1814,4,2,17,2.0,17.0
1765415352.253147,1815,4,2,17,2.0,17.0
1765415352.269528,1816,4,2,17,2.0,17.0
1765415352.286461,1817,4,2,17,2.0,17.0
1765415352.303454,1817,4,2,17,2.0,17.0
1765415352.320399,1818,4,2,17,2.0,17.0
1765415352.337485,1819,4,2,17,2.0,17.204
1765415352.353780,1820,4,2,18,2.0,17.396
1765415352.370146,1821,4,3,18,2.192,17.588
1765415352.385807,1821,4,3,18,2.3840000000000003,17.78
1765415352.402215,1822,4,3,18,2.5760000000000005,17.972
1765415352.417930,1823,4,3,18,2.7680000000000007,18.0
1765415352.434564,1824,4,3,18,2.972000000000001,18.0
1765415352.450938,1824,4,3,18,3.0,18.0
1765415352.467497,1825,4,3,18,3.0,18.0
1765415352.484568,1826,4,3,18,3.0,18.0
1765415352.501677,1827,4,3,18,3.0,18.0
1765415352.519230,1828,4,3,18,3.0,18.192
1765415352.535597,1828,4,3,18,3.0,18.408
1765415352.552294,1829,4,3,19,3.0,18.612000000000002
1765415352.569896,1830,4,3,19,3.0,18.816000000000003
1765415352.586430,1831,4,3,19,3.0,19.0
1765415352.605187,1832,4,3,19,3.0,19.0
1765415352.620340,1832,4,3,19,3.0,19.0
1765415352.637022,1833,4,3,19,3.0,19.0
1765415352.653157,1834,4,3,19,3.0,19.0
1765415352.669154,1835,4,3,19,3.0,19.0
1765415352.685825,1835,4,3,19,3.0,19.0
1765415352.701509,1836,4,3,19,3.0,19.0
1765415352.718909,1837,4,3,19,3.0,19.0
1765415352.735359,1838,4,3,19,3.0,19.0
1765415352.752393,1838,4,3,19,3.0,19.0
1765415352.768865,1839,4,3,19,3.0,19.0
1765415352.785418,1840,4,3,19,3.0,19.0
1765415352.802757,1841,4,3,19,3.0,19.0
1765415352.818822,1842,4,4,19,3.192,19.0
1765415352.835526,1842,4,4,19,3.3960000000000004,19.0
1765415352.852257,1843,4,4,19,3.6000000000000005,19.0
1765415352.869168,1844,4,4,19,3.7920000000000007,19.0
1765415352.885245,1845,4,4,19,3.984000000000001,19.0
1765415352.902715,1845,4,4,19,4.0,19.0
1765415352.918996,1846,4,4,19,4.0,19.0
1765415352.934752,1847,4,4,19,4.0,19.0
1765415352.952114,1848,4,4,19,4.0,19.0
1765415352.970417,1849,4,4,19,4.0,19.0
1765415352.986434,1849,4,4,19,4.0,19.0
1765415353.003514,1850,4,4,19,4.0,19.0
1765415353.019808,1851,4,4,19,4.0,19.0
1765415353.036895,1852,4,4,19,4.0,19.0
1765415353.053663,1852,4,4,19,4.0,19.0
1765415353.070631,1853,4,4,19,4.0,19.0
1765415353.087848,1854,4,4,19,4.0,19.0
1765415353.103819,1855,4,4,19,4.0,19.0
1765415353.119841,1856,4,4,19,4.0,19.0
1765415353.135782,1856,4,4,19,4.0,19.0
1765415353.151528,1857,4,4,19,4.192,19.0
1765415353.168748,1858,4,5,19,4.396,19.0
1765415353.185463,1859,4,5,19,4.6,19.0
1765415353.201481,1859,4,5,19,4.792,19.0
1765415353.217744,1860,4,5,19,4.984,19.0
1765415353.234093,1861,4,5,19,5.0,19.0
1765415353.250432,1862,4,5,19,5.0,19.0
1765415353.267318,1862,4,5,19,5.0,19.0
1765415353.284048,1863,4,5,19,5.192,19.0
1765415353.300072,1864,4,6,19,5.384,19.0
1765415353.316685,1865,4,6,19,5.588,19.0
1765415353.333371,1866,4,6,19,5.792,19.0
1765415353.349342,1866,4,6,19,5.984,19.0
1765415353.365821,1867,4,6,19,6.0,19.0
1765415353.382610,1868,4,6,19,6.0,19.0
1765415353.398717,1869,4,6,19,6.0,19.0
1765415353.414926,1869,4,6,19,6.0,19.0
1765415353.430980,1870,4,6,19,6.0,19.0
1765415353.448182,1871,4,6,19,6.0,19.0
1765415353.464509,1872,4,6,19,6.0,19.0
1765415353.481907,1872,4,6,19,6.0,19.0
1765415353.498168,1873,4,6,19,6.192,19.0
1765415353.513783,1874,4,7,19,6.384,19.0
1765415353.530409,1875,4,7,19,6.588,19.0
1765415353.547033,1875,4,7,19,6.78,19.0
1765415353.564044,1876,4,7,19,6.984,19.0
1765415353.579746,1877,4,7,19,7.0,19.0
1765415353.596105,1878,4,7,19,7.0,19.0
1765415353.612141,1878,4,7,19,7.0,19.0
1765415353.627711,1879,4,7,19,7.192,19.0
1765415353.644116,1880,4,8,19,7.384,19.0
1765415353.659754,1881,4,8,19,7.5760000000000005,19.0
1765415353.676312,1881,4,8,19,7.78,19.0
1765415353.693211,1882,4,8,19,7.972,19.0
1765415353.709103,1883,4,8,19,8.0,19.0
1765415353.725344,1884,4,8,19,8.0,19.0
1765415353.742326,1885,4,8,19,8.0,19.0
1765415353.759347,1885,4,8,19,8.0,19.0
1765415353.776262,1886,4,8,19,8.0,19.0
1765415353.792652,1887,4,8,19,8.0,19.0
1765415353.809506,1888,4,8,19,8.204,19.0
1765415353.826670,1889,4,9,19,8.408000000000001,19.0
1765415353.842450,1889,4,9,19,8.600000000000001,19.0
1765415353.859762,1890,4,9,19,8.804000000000002,19.0
1765415353.875995,1891,4,9,19,8.996000000000002,19.0
1765415353.892321,1892,4,9,19,9.0,19.0
1765415353.909567,1892,4,9,19,9.0,19.0
1765415353.926663,1893,4,9,19,9.0,19.0
1765415353.943755,1894,4,9,19,9.0,19.0
1765415353.960877,1895,4,9,19,9.204,19.0
1765415353.976873,1896,4,10,19,9.396,19.0
1765415353.993596,1896,4,10,19,9.600000000000001,19.0
1765415354.011401,1897,4,10,19,9.816,19.0
1765415354.028209,1898,4,10,19,10.0,19.0
1765415354.043869,1899,4,10,19,10.0,19.0
1765415354.060623,1899,4,10,19,10.0,19.0
1765415354.077368,1900,4,10,19,10.0,19.0
1765415354.093954,1901,4,10,19,10.0,19.0
1765415354.110061,1902,4,10,19,10.0,19.0
1765415354.125997,1903,4,10,19,10.0,19.0
1765415354.142185,1903,4,10,19,10.192,19.0
1765415354.158203,1904,4,11,19,10.384,19.0
1765415354.174633,1905,4,11,19,10.588000000000001,19.0
1765415354.191407,1906,4,11,19,10.792000000000002,19.0
1765415354.208385,1906,4,11,19,10.996000000000002,19.0
1765415354.225099,1907,4,11,19,11.0,19.0
1765415354.240697,1908,4,11,19,11.0,19.0
1765415354.257654,1909,4,11,19,11.0,19.0
1765415354.274740,1909,4,11,19,11.0,19.0
1765415354.291489,1910,4,11,19,11.0,19.0
1765415354.308827,1911,4,11,19,11.204,19.0
1765415354.326482,1912,4,12,19,11.42,19.0
1765415354.343853,1913,4,12,19,11.624,19.0
1765415354.359728,1913,4,12,19,11.816,19.0
1765415354.375834,1914,4,12,19,12.0,19.0
1765415354.391629,1915,4,12,19,12.0,19.0
1765415354.407647,1916,4,12,19,12.0,19.0
1765415354.424265,1917,4,12,19,12.0,19.0
1765415354.440892,1917,4,12,19,12.0,19.0
1765415354.458054,1918,4,12,19,12.0,19.0
1765415354.473886,1919,4,12,19,12.0,19.0
1765415354.490525,1920,4,12,19,12.0,19.0
1765415354.507847,1920,4,12,19,12.0,19.0
1765415354.525530,1921,4,12,19,12.204,19.0
1765415354.540694,1922,4,13,19,12.396,19.0
1765415354.557039,1923,4,13,19,12.588000000000001,19.0
1765415354.573281,1923,4,13,19,12.792000000000002,19.0
1765415354.590607,1924,4,13,19,12.996000000000002,19.0
1765415354.607589,1925,4,13,19,13.0,19.0
1765415354.624197,1926,4,13,19,13.0,19.0
1765415354.640129,1926,4,13,19,13.0,19.0
1765415354.656727,1927,4,13,19,13.0,19.0
1765415354.674016,1928,4,13,19,13.204,19.0
1765415354.690481,1929,4,14,19,13.408000000000001,19.0
1765415354.708317,1930,4,14,19,13.624,19.0
1765415354.725410,1930,4,14,19,13.828000000000001,19.0
1765415354.742651,1931,4,14,19,14.0,19.0
1765415354.758977,1932,4,14,19,14.0,19.0
1765415354.774545,1933,4,13,19,13.808,19.0
1765415354.792087,1934,4,13,19,13.604,19.0
1765415354.809237,1934,4,13,19,13.388,19.0
1765415354.826522,1935,4,13,19,13.184,19.0
1765415354.844163,1936,4,13,19,13.388,19.0
1765415354.860395,1937,4,14,19,13.592,19.0
1765415354.877582,1938,4,14,19,13.796000000000001,19.0
1765415354.894053,1938,4,14,19,13.988000000000001,19.0
1765415354.909614,1939,4,14,19,14.0,19.0
1765415354.925460,1940,4,14,19,14.0,19.0
1765415354.942487,1941,4,14,19,14.0,19.0
1765415354.958517,1941,4,14,19,14.0,19.0
1765415354.974668,1942,4,14,19,14.0,19.0
1765415354.990749,1943,4,14,19,14.0,19.0
1765415355.007547,1944,4,14,19,14.192,19.0
1765415355.023329,1944,4,14,19,14.396,19.0
1765415355.040462,1945,4,15,19,14.600000000000001,19.0
1765415355.057225,1946,4,15,19,14.792000000000002,19.0
1765415355.073271,1947,4,15,19,14.996000000000002,19.0
1765415355.090451,1948,4,15,19,15.0,19.0
1765415355.107631,1948,4,15,19,15.0,19.0
1765415355.124343,1949,4,15,19,15.0,19.0
1765415355.141414,1950,4,15,19,15.0,19.0
1765415355.157745,1951,4,15,19,15.0,19.0
1765415355.174712,1952,4,15,19,15.204,19.0
1765415355.191780,1952,4,15,19,15.408000000000001,19.0
1765415355.210006,1953,4,16,19,15.624,19.0
1765415355.226455,1954,4,16,19,15.828000000000001,19.0
1765415355.243749,1955,4,16,19,16.0,19.0
1765415355.260869,1956,4,16,19,16.0,19.0
1765415355.276413,1956,4,16,19,16.0,19.0
1765415355.294085,1957,4,16,19,16.0,19.0
1765415355.310636,1958,4,16,19,16.204,19.0
1765415355.326749,1959,4,17,19,16.396,19.0
1765415355.343368,1959,4,17,19,16.6,19.0
1765415355.360820,1960,4,17,19,16.804000000000002,19.0
1765415355.377428,1961,4,17,19,17.0,19.0
1765415355.394103,1962,4,17,19,17.0,19.0
1765415355.409503,1962,4,17,19,17.0,19.0
1765415355.426409,1963,4,17,19,17.0,19.0
1765415355.442730,1964,4,17,19,17.0,19.0
1765415355.459650,1965,4,17,19,17.0,19.0
1765415355.475986,1966,4,17,19,17.192,19.0
1765415355.492838,1966,4,17,19,17.396,19.0
1765415355.509049,1967,4,18,19,17.588,19.0
1765415355.525591,1968,4,18,19,17.792,19.0
1765415355.541346,1969,4,18,19,17.984,19.0
1765415355.557716,1969,4,18,19,18.0,19.0
1765415355.573605,1970,4,18,19,18.0,19.0
1765415355.590540,1971,4,18,19,18.204,19.0
1765415355.607296,1972,4,19,19,18.408,19.0
1765415355.624309,1972,4,19,19,18.612000000000002,19.0
1765415355.641629,1973,4,19,19,18.816000000000003,19.0
1765415355.658067,1974,4,19,19,19.0,19.0
1765415355.674405,1975,4,19,19,19.0,19.0
1765415355.691572,1976,4,19,19,19.0,19.0
1765415355.708227,1976,4,19,19,19.0,19.0
1765415355.724529,1977,4,19,19,19.0,19.0
1765415355.740848,1978,4,19,19,19.0,19.0
1765415355.756548,1979,4,19,19,19.0,19.0
1765415355.773640,1979,4,19,19,19.0,19.0
1765415355.790615,1980,4,19,19,19.0,19.0
1765415355.807990,1981,4,19,19,19.0,19.0
1765415355.823499,1982,4,19,19,19.0,19.0
1765415355.840211,1983,4,19,19,19.0,19.0
1765415355.856417,1983,4,19,19,19.0,19.0
1765415355.872697,1984,4,19,19,19.0,19.0
1765415355.889438,1985,4,19,19,19.0,19.0
1765415355.906314,1986,4,19,19,19.0,19.0
1765415355.922652,1986,4,19,19,19.0,19.0
1765415355.938624,1987,4,19,19,19.0,19.0
1765415355.955532,1988,4,19,19,19.0,19.0
1765415355.972998,1989,4,19,19,19.0,18.796
1765415355.989717,1990,4,19,18,19.0,18.592
1765415356.006581,1990,4,19,18,19.0,18.387999999999998
1765415356.023221,1991,4,19,18,19.0,18.195999999999998
1765415356.038608,1992,4,19,18,19.0,18.003999999999998
1765415356.055542,1993,4,19,18,19.0,18.0
1765415356.071984,1993,4,19,18,19.0,18.0
1765415356.087837,1994,4,19,18,19.0,18.0
1765415356.104212,1995,4,19,18,19.0,18.0
1765415356.120539,1996,4,19,18,19.0,18.0
1765415356.136834,1996,4,19,18,19.0,18.0
1765415356.153350,1997,4,19,18,19.0,18.0
1765415356.170736,1998,4,19,18,19.0,18.0
1765415356.186596,1999,4,19,18,19.0,18.0
1765415356.203171,2000,4,19,18,19.0,18.0
1765415356.219144,2000,4,19,18,19.0,18.0
1765415356.234907,2001,4,19,18,19.0,18.0
1765415356.250645,2002,4,19,18,19.0,18.0
1765415356.267628,2003,4,19,18,19.0,18.0
1765415356.283859,2003,4,19,18,19.0,18.0
1765415356.300039,2004,4,19,18,19.0,18.0
1765415356.316225,2005,4,19,18,19.0,18.0
1765415356.331804,2006,4,19,18,19.0,17.808
1765415356.347867,2006,4,19,18,19.0,17.616
1765415356.363788,2007,4,19,17,19.0,17.424
1765415356.379872,2008,4,19,17,19.0,17.232
1765415356.396074,2009,4,19,17,19.0,17.04
1765415356.412887,2009,4,19,17,19.0,17.0
1765415356.429501,2010,4,19,17,19.0,17.0
1765415356.446382,2011,4,19,17,19.0,17.0
1765415356.463988,2012,4,19,17,19.0,17.0
1765415356.480724,2012,4,19,17,19.0,16.796
1765415356.498131,2013,4,19,17,19.0,17.0
1765415356.514331,2014,4,19,16,19.0,16.796
1765415356.531841,2015,4,19,16,19.0,16.592
1765415356.548988,2016,4,19,16,19.0,16.387999999999998
1765415356.565638,2016,4,19,16,19.0,16.183999999999997
1765415356.582128,2017,4,19,16,19.0,16.0
1765415356.598509,2018,4,19,16,19.0,16.0
1765415356.615625,2019,4,19,16,19.0,16.0
1765415356.631707,2019,4,19,16,19.0,16.0
1765415356.647889,2020,4,19,16,19.0,16.0
1765415356.665079,2021,4,19,16,19.0,15.796
1765415356.681134,2022,4,19,15,19.0,15.604
1765415356.697876,2022,4,19,15,19.0,15.399999999999999
1765415356.714481,2023,4,19,15,19.0,15.195999999999998
1765415356.732003,2024,4,19,15,19.0,15.0
1765415356.747601,2025,4,19,15,19.0,15.0
1765415356.765454,2026,4,19,15,19.0,15.0
1765415356.782175,2026,4,19,15,19.0,15.0
1765415356.798132,2027,4,19,15,19.0,15.0
1765415356.815459,2028,4,19,15,19.0,15.0
1765415356.832940,2029,4,19,15,19.0,15.0
1765415356.849126,2030,4,19,15,19.0,15.0
1765415356.864823,2030,4,19,15,19.0,15.0
1765415356.881311,2031,4,19,15,19.0,15.0
1765415356.898339,2032,4,19,15,19.0,15.0
1765415356.914526,2033,4,19,14,19.0,14.808
1765415356.983279,2033,4,19,14,18.268,14.076
1765415356.992808,2033,4,19,14,18.064,14.0
1765415357.008374,2033,4,19,14,18.0,14.0
1765415357.024972,2034,4,18,14,18.0,14.0
1765415357.041582,2035,4,18,14,18.0,14.0
1765415357.058615,2036,4,18,14,18.0,14.0
1765415357.075323,2037,4,18,14,18.0,14.0
1765415357.091950,2038,4,18,14,18.0,14.0
1765415357.108181,2038,4,18,14,18.0,14.0
1765415357.125344,2039,4,18,14,18.0,14.0
1765415357.142669,2040,4,18,14,18.0,14.0
1765415357.158975,2041,4,18,14,17.808,14.0
1765415357.174724,2041,4,18,14,17.616,14.0
1765415357.191746,2042,4,17,14,17.412,14.0
1765415357.207447,2043,4,17,14,17.22,14.0
1765415357.224901,2044,4,17,14,17.016,14.0
1765415357.241560,2045,4,17,14,17.0,14.0
1765415357.257730,2045,4,17,14,17.0,14.0
1765415357.274110,2046,4,17,14,17.0,14.0
1765415357.290112,2047,4,17,14,17.0,14.0
1765415357.306495,2048,4,17,14,16.796,14.0
1765415357.323942,2048,4,17,14,16.592,14.0
1765415357.340249,2049,4,16,14,16.387999999999998,14.0
1765415357.357651,2050,4,16,14,16.183999999999997,14.0
1765415357.374309,2051,4,16,14,16.0,14.0
1765415357.391624,2052,4,16,14,16.0,14.0
1765415357.408635,2052,4,16,14,16.0,14.0
1765415357.425492,2053,4,16,14,16.0,14.0
1765415357.441795,2054,4,16,14,16.0,14.0
1765415357.458193,2055,4,16,14,16.0,14.0
1765415357.474239,2055,4,16,14,16.0,14.0
1765415357.491655,2056,4,16,14,16.0,14.0
1765415357.508845,2057,4,16,14,16.0,14.0
1765415357.525604,2058,4,16,14,16.0,14.204
1765415357.541919,2059,4,16,15,16.0,14.396
1765415357.558252,2059,4,16,15,16.0,14.600000000000001
1765415357.574499,2060,4,16,15,16.0,14.792000000000002
1765415357.591468,2061,4,16,15,16.0,14.996000000000002
1765415357.609000,2062,4,16,15,16.0,15.0
1765415357.625489,2063,4,17,15,16.204,15.0
1765415357.642143,2063,4,17,15,16.396,15.0
1765415357.658572,2064,4,17,15,16.6,15.0
1765415357.674695,2065,4,17,15,16.792,15.0
1765415357.691221,2066,4,17,15,16.984,15.0
1765415357.707552,2066,4,17,15,17.0,15.0
1765415357.724097,2067,4,17,15,17.0,15.0
1765415357.739995,2068,4,17,15,16.808,15.0
1765415357.757058,2069,4,16,15,16.604,15.0
1765415357.772838,2069,4,16,15,16.412,15.0
1765415357.789078,2070,4,16,15,16.22,15.0
1765415357.806661,2071,4,16,15,16.016,15.0
1765415357.822422,2072,4,16,15,16.0,15.0
1765415357.839422,2073,4,16,15,16.0,15.0
1765415357.856081,2073,4,16,15,16.0,15.0
1765415357.872326,2074,4,16,15,16.0,15.0
1765415357.890148,2075,4,16,15,16.0,15.0
1765415357.906444,2076,4,16,15,15.796,15.0
1765415357.923363,2076,4,16,15,15.591999999999999,15.0
1765415357.940086,2077,4,15,15,15.399999999999999,15.0
1765415357.956741,2078,4,15,15,15.195999999999998,15.0
1765415357.973698,2079,4,15,15,15.0,15.0
1765415357.989888,2080,4,15,15,15.0,15.0
1765415358.006454,2080,4,15,15,15.0,15.0
1765415358.022856,2081,4,15,16,15.0,15.192
1765415358.039456,2082,4,15,16,15.0,15.396
1765415358.056968,2083,4,15,16,15.0,15.600000000000001
1765415358.072944,2083,4,15,16,14.808,15.792000000000002
1765415358.090080,2084,4,15,16,15.0,15.996000000000002
1765415358.106001,2085,4,14,16,14.808,16.0
1765415358.121957,2086,4,14,16,14.616,16.0
1765415358.137872,2086,4,14,16,14.424,16.0
1765415358.154478,2087,4,14,16,14.219999999999999,16.0
1765415358.170699,2088,4,14,16,14.027999999999999,16.0
1765415358.186929,2089,4,14,16,14.0,16.0
1765415358.203263,2090,4,14,16,14.0,16.0
1765415358.220073,2090,4,14,16,14.0,16.0
1765415358.236049,2091,4,14,16,13.808,16.0
1765415358.252372,2092,4,13,16,13.604,16.0
1765415358.269686,2093,4,13,16,13.399999999999999,16.0
1765415358.285873,2093,4,13,16,13.207999999999998,16.0
1765415358.302283,2094,4,13,16,13.003999999999998,16.0
1765415358.319061,2095,4,13,16,13.0,16.0
1765415358.335238,2096,4,13,16,13.0,16.0
1765415358.352199,2097,4,13,16,13.0,16.0
1765415358.369533,2097,4,13,16,12.784,16.0
1765415358.387661,2098,4,12,16,12.58,16.0
1765415358.403442,2099,4,12,16,12.376,16.0
1765415358.420158,2100,4,11,16,12.184,16.0
1765415358.436114,2100,4,11,16,11.991999999999999,16.0
1765415358.452100,2101,4,11,16,11.799999999999999,16.0
1765415358.467788,2102,4,11,16,11.607999999999999,16.0
1765415358.484007,2103,4,11,16,11.415999999999999,16.0
1765415358.500995,2104,4,11,16,11.211999999999998,16.0
1765415358.517466,2104,4,11,16,11.007999999999997,16.0
1765415358.534036,2105,4,10,16,10.815999999999997,16.0
1765415358.549964,2106,4,10,16,10.623999999999997,16.0
1765415358.566738,2107,4,10,16,10.419999999999996,16.0
1765415358.583157,2107,4,10,16,10.227999999999996,16.0
1765415358.598850,2108,4,10,16,10.035999999999996,16.0
1765415358.615506,2109,4,10,16,10.0,16.0
1765415358.632456,2110,4,10,16,10.0,16.0
1765415358.650466,2110,4,10,16,9.796,16.0
1765415358.665982,2111,4,9,16,9.604,16.0
1765415358.682154,2112,4,9,16,9.411999999999999,16.0
1765415358.698107,2113,4,9,16,9.219999999999999,16.0
1765415358.714281,2113,4,9,16,9.015999999999998,16.0
1765415358.731266,2114,4,9,16,9.0,16.0
1765415358.748884,2115,4,9,16,9.0,16.0
1765415358.765711,2116,4,9,16,9.0,16.0
1765415358.782223,2117,4,9,16,9.0,16.0
1765415358.798459,2117,4,9,16,9.0,16.0
1765415358.815499,2118,4,9,16,9.0,16.0
1765415358.831753,2119,4,9,16,8.808,16.0
1765415358.849101,2120,4,8,16,8.604,16.0
1765415358.865606,2121,4,8,16,8.399999999999999,16.0
1765415358.882381,2121,4,8,16,8.195999999999998,16.0
1765415358.899372,2122,4,8,16,8.0,16.0
1765415358.916487,2123,4,8,16,8.0,16.0
1765415358.933471,2124,4,8,16,8.0,16.0
1765415358.950632,2125,4,8,16,8.0,16.0
1765415358.967871,2125,4,8,16,8.0,16.0
1765415358.984146,2126,4,8,16,8.0,16.0
1765415358.999959,2127,4,8,16,8.0,16.0
1765415359.015983,2128,4,8,16,8.0,16.0
1765415359.032597,2128,4,8,16,8.0,16.0
1765415359.048934,2129,4,8,16,8.0,16.0
1765415359.065550,2130,4,8,16,8.0,16.0
1765415359.082625,2131,4,8,16,8.0,16.0
1765415359.099959,2131,4,8,16,8.0,16.0
1765415359.116370,2132,4,8,16,8.0,16.0
1765415359.132736,2133,4,8,16,8.0,16.0
1765415359.149200,2134,4,8,16,8.0,16.0
1765415359.166688,2135,4,8,16,7.796,16.0
1765415359.182060,2135,4,8,16,7.604,16.0
1765415359.198898,2136,4,7,16,7.4,16.0
1765415359.215455,2137,4,7,16,7.196000000000001,16.0
1765415359.231664,2138,4,7,16,7.0040000000000004,16.0
1765415359.249192,2138,4,7,16,7.0,16.0
1765415359.265408,2139,4,7,16,7.0,16.0
1765415359.282672,2140,4,7,16,7.0,16.0
1765415359.298697,2141,4,7,16,7.0,16.0
1765415359.315898,2141,4,7,16,7.0,16.0
1765415359.331856,2142,4,7,16,7.0,16.0
1765415359.348752,2143,4,7,16,7.0,16.0
1765415359.365314,2144,4,7,16,7.0,16.0
1765415359.381822,2145,4,7,16,7.0,16.0
1765415359.397713,2145,4,7,16,7.0,16.0
1765415359.414392,2146,4,7,16,7.0,16.204
1765415359.430612,2147,4,7,17,7.0,16.396
1765415359.447723,2148,4,7,17,7.0,16.6
1765415359.464524,2148,4,7,17,7.0,16.804000000000002
1765415359.481413,2149,4,7,17,7.0,17.0
1765415359.497791,2150,4,7,17,7.0,17.0
1765415359.513918,2151,4,6,17,6.808,17.0
1765415359.530156,2151,4,6,17,6.616,17.0
1765415359.546343,2152,4,6,17,6.412,17.0
1765415359.563287,2153,4,6,17,6.208,17.0
1765415359.580258,2154,4,6,17,6.0040000000000004,17.0
1765415359.598513,2155,4,6,17,6.208,17.0
1765415359.614024,2155,4,6,17,6.4,17.0
1765415359.630629,2156,4,7,17,6.604,17.0
1765415359.646680,2157,4,7,17,6.796,17.0
1765415359.663002,2158,4,7,17,6.988,17.0
1765415359.678938,2158,4,7,17,7.0,17.0
1765415359.695645,2159,4,7,17,7.0,17.0
1765415359.713023,2160,4,7,17,7.0,17.0
1765415359.729486,2161,4,7,17,7.0,17.0
1765415359.747062,2162,4,7,17,7.204,17.0
1765415359.763775,2162,4,7,17,7.4079999999999995,17.0
1765415359.780068,2163,4,8,17,7.6,17.0
1765415359.795980,2164,4,8,17,7.792,17.0
1765415359.812987,2165,4,8,17,7.9959999999999996,17.0
1765415359.829736,2165,4,8,17,8.0,17.0
1765415359.846726,2166,4,8,17,8.0,17.0
1765415359.863521,2167,4,8,17,8.0,17.0
1765415359.879941,2168,4,8,17,8.0,17.0
1765415359.896196,2168,4,8,17,8.0,17.0
1765415359.912968,2169,4,8,17,8.204,17.0
1765415359.929399,2170,4,9,17,8.408000000000001,17.0
1765415359.946553,2171,4,9,17,8.612000000000002,17.0
1765415359.963151,2172,4,9,17,8.804000000000002,17.0
1765415359.979345,2172,4,9,17,9.0,17.0
1765415359.995671,2173,4,9,17,9.0,17.0
1765415360.012374,2174,4,9,17,9.0,17.0
1765415360.030106,2175,4,9,17,9.0,17.0
1765415360.046416,2176,4,9,17,9.0,17.0
1765415360.062703,2176,4,9,17,9.0,17.0
1765415360.079406,2177,4,9,17,9.0,17.0
1765415360.096594,2178,4,9,17,9.204,17.0
1765415360.113589,2179,4,10,17,9.408000000000001,17.0
1765415360.131105,2179,4,10,17,9.612000000000002,17.0
1765415360.147696,2180,4,10,17,9.816000000000003,17.0
1765415360.164401,2181,4,10,17,10.0,17.0
1765415360.180806,2182,4,10,17,10.0,17.0
1765415360.198549,2183,4,10,17,10.0,17.216
1765415360.215451,2183,4,10,17,10.0,17.42
1765415360.232684,2184,4,10,18,10.0,17.624000000000002
1765415360.249633,2185,4,10,18,10.0,17.828000000000003
1765415360.266306,2186,4,10,18,10.0,18.0
1765415360.284057,2187,4,10,18,10.0,18.0
1765415360.300366,2187,4,10,18,10.0,18.0
1765415360.317961,2188,4,10,18,10.0,18.0
1765415360.334853,2189,4,10,18,10.0,18.0
1765415360.352201,2190,4,10,18,10.0,18.0
1765415360.368486,2191,4,10,18,10.0,18.0
1765415360.385434,2191,4,10,18,10.204,18.0
1765415360.402580,2192,4,11,18,10.408000000000001,18.0
1765415360.419060,2193,4,11,18,10.600000000000001,18.0
1765415360.435205,2194,4,11,18,10.792000000000002,18.0
1765415360.453665,2195,4,11,18,10.996000000000002,18.0
1765415360.468425,2195,4,11,18,11.0,18.0
1765415360.485491,2196,4,11,18,11.0,18.0
1765415360.502171,2197,4,11,18,11.192,18.0
1765415360.517871,2197,4,11,18,11.384,18.0
1765415360.534521,2198,4,12,18,11.588000000000001,18.0
1765415360.551581,2199,4,12,18,11.792000000000002,18.0
1765415360.567477,2200,4,12,18,11.984000000000002,18.0
1765415360.584657,2201,4,12,18,12.0,18.0
1765415360.601596,2201,4,12,18,12.0,18.0
1765415360.617856,2202,4,12,18,12.0,18.0
1765415360.633787,2203,4,12,18,12.0,18.0
1765415360.650133,2204,4,12,18,12.0,18.0
1765415360.666097,2204,4,12,18,12.0,18.0
1765415360.682687,2205,4,12,18,12.0,18.0
1765415360.699102,2206,4,12,18,12.0,18.0
1765415360.715653,2207,4,12,18,12.204,18.0
1765415360.732435,2208,4,13,18,12.408000000000001,18.0
1765415360.750001,2208,4,13,18,12.612000000000002,18.0
1765415360.766503,2209,4,13,18,12.816000000000003,18.0
1765415360.784242,2210,4,13,18,13.0,18.0
1765415360.800693,2211,4,13,18,13.0,18.0
1765415360.817594,2212,4,13,18,13.0,18.0
1765415360.834657,2212,4,13,18,13.0,18.0
1765415360.851444,2213,4,13,18,13.204,18.0
1765415360.868665,2214,4,14,18,13.408000000000001,18.0
1765415360.884678,2215,4,14,18,13.600000000000001,18.0
1765415360.901098,2215,4,14,18,13.792000000000002,18.0
1765415360.916734,2216,4,14,18,13.984000000000002,18.0
1765415360.932850,2217,4,14,18,14.0,18.0
1765415360.948769,2218,4,14,18,14.0,18.0
1765415360.964983,2218,4,14,18,14.0,18.0
1765415360.980804,2219,4,14,18,14.0,18.0
1765415360.997880,2220,4,14,18,14.0,18.0
1765415361.015309,2221,4,14,19,14.216,18.216
1765415361.032279,2222,4,15,19,14.42,18.42
1765415361.048737,2222,4,15,19,14.612,18.612000000000002
1765415361.065551,2223,4,15,19,14.816,18.816000000000003
1765415361.082598,2224,4,15,19,15.0,19.0
1765415361.099017,2225,4,15,19,15.0,19.0
1765415361.116166,2226,4,15,19,15.0,19.0
1765415361.132035,2226,4,15,19,15.0,19.0
1765415361.148000,2227,4,15,19,15.0,19.0
1765415361.164332,2228,4,15,19,15.204,19.0
1765415361.181187,2229,4,16,19,15.396,19.0
1765415361.197488,2229,4,16,19,15.600000000000001,19.0
1765415361.214221,2230,4,16,19,15.792000000000002,19.0
1765415361.230119,2231,4,16,19,15.984000000000002,19.0
1765415361.246408,2232,4,16,19,16.0,19.0
1765415361.263394,2232,4,16,19,16.0,19.0
1765415361.280736,2233,4,16,19,16.0,19.0
1765415361.296877,2234,4,16,19,16.0,19.0
1765415361.312491,2235,4,16,19,16.0,19.0
1765415361.328658,2235,4,16,19,16.0,19.0
1765415361.345760,2236,4,16,19,16.0,19.0
1765415361.361750,2237,4,16,19,16.0,19.0
1765415361.378404,2238,4,16,19,16.0,19.0
1765415361.395598,2239,4,16,19,16.0,19.0
1765415361.411725,2239,4,16,19,16.0,19.0
1765415361.427647,2240,4,16,19,16.0,19.0
1765415361.443332,2241,4,16,19,16.0,19.0
1765415361.460918,2242,4,16,19,16.192,19.0
1765415361.476301,2242,4,16,19,16.396,19.0
1765415361.492954,2243,4,17,19,16.588,19.0
1765415361.509313,2244,4,17,19,16.792,19.0
1765415361.526615,2245,4,17,19,16.996000000000002,19.0
1765415361.543979,2246,4,17,19,17.0,19.0
1765415361.559953,2246,4,17,19,17.0,19.0
1765415361.575327,2247,4,17,19,17.0,19.0
1765415361.591788,2248,4,17,19,17.0,19.0
1765415361.607737,2249,4,17,19,17.0,19.0
1765415361.624548,2249,4,17,19,17.0,19.0
1765415361.641456,2250,4,17,19,17.0,19.0
1765415361.657984,2251,4,17,19,17.0,19.0
1765415361.674258,2252,4,17,19,17.204,19.0
1765415361.691120,2252,4,17,19,17.396,19.0
1765415361.707145,2253,4,18,19,17.588,19.0
1765415361.723973,2254,4,18,19,17.792,19.0
1765415361.740198,2255,4,18,19,17.984,19.0
1765415361.755952,2255,4,18,19,18.0,19.0
1765415361.772019,2256,4,18,19,18.0,19.0
1765415361.788581,2257,4,18,19,18.0,19.0
1765415361.806068,2258,4,18,19,18.0,19.0
1765415361.822777,2259,4,18,19,18.0,19.0
1765415361.839321,2259,4,18,19,18.0,19.0
1765415361.855683,2260,4,18,19,18.0,19.0
1765415361.871885,2261,4,18,19,18.0,19.0
1765415361.887821,2262,4,18,19,18.0,19.0
1765415361.903505,2262,4,18,19,18.0,18.808
1765415361.919750,2263,4,18,18,18.0,18.616
1765415361.936305,2264,4,18,18,18.0,18.412
1765415361.953294,2265,4,18,18,18.0,18.208
1765415361.970763,2265,4,18,18,18.0,18.003999999999998
1765415361.986958,2266,4,18,18,18.0,18.0
1765415362.003036,2267,4,18,18,18.0,18.0
1765415362.019229,2268,4,18,18,18.0,18.0
1765415362.035338,2268,4,18,18,18.0,18.0
1765415362.052541,2269,4,18,18,18.0,18.0
1765415362.068873,2270,4,18,18,18.0,17.808
1765415362.085448,2271,4,18,17,18.0,17.604
1765415362.103086,2272,4,18,17,18.0,17.4
1765415362.118811,2272,4,18,17,18.0,17.208
1765415362.135303,2273,4,18,17,18.0,17.003999999999998
1765415362.152699,2274,4,18,17,18.0,17.0
1765415362.169008,2275,4,18,17,18.0,17.0
1765415362.184442,2275,4,18,17,18.0,17.0
1765415362.201440,2276,4,18,17,18.0,17.0
1765415362.217920,2277,4,18,17,18.0,17.0
1765415362.234121,2278,4,18,17,18.0,17.0
1765415362.250601,2279,4,18,17,18.0,16.796
1765415362.266488,2279,4,18,17,18.0,16.604
1765415362.283588,2280,4,18,16,18.0,16.4
1765415362.300398,2281,4,18,16,18.0,16.195999999999998
1765415362.316841,2282,4,17,16,17.808,16.003999999999998
1765415362.333410,2282,4,17,16,17.604,16.0
1765415362.350284,2283,4,17,16,17.4,16.0
1765415362.368275,2284,4,17,16,17.183999999999997,16.0
1765415362.385281,2285,4,17,16,17.0,16.0
1765415362.402113,2286,4,17,16,17.0,16.0
1765415362.417545,2286,4,17,16,17.0,16.0
1765415362.433979,2287,4,17,16,17.0,15.808
1765415362.450549,2288,4,17,15,17.0,15.604
1765415362.467944,2289,4,17,15,17.0,15.399999999999999
1765415362.484340,2289,4,17,15,17.0,15.195999999999998
1765415362.501065,2290,4,17,15,17.0,15.003999999999998
1765415362.518031,2291,4,17,15,17.0,15.0
1765415362.533746,2292,4,17,15,17.0,15.0
1765415362.550441,2293,4,17,15,17.0,15.0
1765415362.567773,2293,4,17,15,17.0,15.0
1765415362.583668,2294,4,17,15,17.0,15.0
1765415362.599998,2295,4,17,15,17.0,15.0
1765415362.616849,2296,4,17,15,17.0,14.808
1765415362.633595,2296,4,17,15,17.0,14.592
1765415362.650755,2297,4,17,14,17.0,14.388
1765415362.667315,2298,4,17,14,17.0,14.184
1765415362.684420,2299,4,17,14,17.0,14.0
1765415362.701545,2300,4,17,14,17.0,14.0
1765415362.718638,2300,4,17,14,17.0,14.0
1765415362.735463,2301,4,17,14,17.0,14.0
1765415362.752573,2302,4,17,14,17.0,14.0
1765415362.769745,2303,4,17,14,17.0,13.796
1765415362.786754,2304,4,17,13,17.0,13.591999999999999
1765415362.802860,2304,4,17,13,17.0,13.399999999999999
1765415362.819028,2305,4,17,13,17.0,13.207999999999998
1765415362.834381,2306,4,17,13,17.0,13.015999999999998
1765415362.850941,2307,4,17,13,17.0,13.0
1765415362.866835,2307,4,17,13,17.0,13.0
1765415362.883144,2308,4,17,13,17.0,13.0
1765415362.899431,2309,4,17,13,17.0,13.0
1765415362.916652,2310,4,17,13,17.0,13.0
1765415362.933228,2311,4,17,13,17.0,13.0
1765415362.948878,2311,4,17,13,17.0,13.0
1765415362.964931,2312,4,17,13,17.0,13.0
1765415362.981172,2313,4,17,13,17.0,13.0
1765415362.997014,2314,4,17,13,17.0,13.0
1765415363.014001,2314,4,17,13,17.0,13.0
1765415363.030121,2315,4,17,13,17.192,13.0
1765415363.046750,2316,4,18,13,17.396,13.0
1765415363.062850,2317,4,18,13,17.588,13.0
1765415363.078862,2317,4,18,13,17.78,13.0
1765415363.095705,2318,4,18,13,17.984,13.0
1765415363.112960,2319,4,18,14,18.0,13.204
1765415363.129230,2320,4,18,14,18.0,13.396
1765415363.145678,2320,4,18,14,18.0,13.600000000000001
1765415363.162640,2321,4,18,14,18.204,13.804000000000002
1765415363.179328,2322,4,19,14,18.408,14.0
1765415363.196087,2323,4,19,14,18.6,14.0
1765415363.213012,2324,4,19,14,18.804000000000002,14.0
1765415363.229375,2324,4,19,14,19.0,14.0
1765415363.246697,2325,4,19,14,19.0,14.0
1765415363.263934,2326,4,19,14,19.0,14.0
1765415363.280613,2327,4,19,14,19.0,14.0
1765415363.297553,2327,4,19,14,19.0,14.0
1765415363.314343,2328,4,19,14,19.0,14.0
1765415363.331283,2329,4,19,14,19.0,13.796
1765415363.348175,2330,4,19,13,19.0,13.604
1765415363.363935,2330,4,19,13,19.0,13.411999999999999
1765415363.381108,2331,4,19,13,19.0,13.207999999999998
1765415363.397558,2332,4,19,13,19.0,13.003999999999998
1765415363.415433,2333,4,19,13,19.0,13.0
1765415363.433077,2334,4,19,13,19.0,13.0
1765415363.448377,2334,4,19,13,19.0,13.0
1765415363.464713,2335,4,19,13,19.0,13.0
1765415363.482551,2336,4,19,13,19.0,13.0
1765415363.497909,2337,4,19,13,19.0,13.0
1765415363.514642,2338,4,19,13,19.0,13.0
1765415363.532067,2338,4,19,13,19.0,12.796
1765415363.548407,2339,4,19,12,19.0,12.591999999999999
1765415363.564531,2340,4,19,13,19.0,12.783999999999999
1765415363.581162,2341,4,19,13,19.0,12.975999999999999
1765415363.597479,2341,4,19,13,19.0,13.0
1765415363.614618,2342,4,19,13,19.0,13.0
1765415363.630708,2343,4,19,13,19.0,13.0
1765415363.647629,2344,4,19,13,19.0,13.0
1765415363.664613,2345,4,19,13,19.0,13.0
1765415363.681973,2345,4,19,13,19.0,12.796
1765415363.698361,2346,4,19,12,19.0,12.591999999999999
1765415363.716592,2347,4,19,12,19.0,12.376
1765415363.733100,2348,4,19,12,19.0,12.184
1765415363.749516,2349,4,19,12,19.0,12.0
1765415363.766157,2349,4,19,12,19.0,12.0
1765415363.782906,2350,4,19,12,19.0,12.0
1765415363.798941,2351,4,19,12,19.0,12.0
1765415363.814976,2352,4,19,12,19.0,12.0
1765415363.831193,2352,4,19,12,19.0,12.0
1765415363.846959,2353,4,19,12,19.0,11.808
1765415363.862428,2354,4,19,11,19.0,11.616
1765415363.878921,2355,4,19,11,19.0,11.424
1765415363.895385,2355,4,19,11,19.0,11.219999999999999
1765415363.912456,2356,4,19,11,19.0,11.015999999999998
1765415363.929088,2357,4,18,11,18.808,11.0
1765415363.945795,2358,4,18,11,18.604,11.0
1765415363.961950,2358,4,18,11,18.412,11.0
1765415363.978140,2359,4,18,11,18.22,11.0
1765415363.994463,2360,4,18,11,18.016,11.0
1765415364.011413,2361,4,18,11,18.0,11.0
1765415364.029241,2362,4,18,11,18.0,10.808
1765415364.045345,2362,4,18,11,18.0,10.592
1765415364.061707,2363,4,18,10,18.0,10.4
1765415364.078089,2364,4,18,10,18.0,10.208
1765415364.094551,2365,4,18,10,18.0,10.004
1765415364.110792,2365,4,18,10,18.0,10.0
1765415364.128333,2366,4,18,10,18.0,10.0
1765415364.145649,2367,4,18,10,18.0,10.0
1765415364.162259,2368,4,18,10,18.0,10.0
1765415364.179121,2369,4,18,10,18.0,10.0
1765415364.195550,2369,4,18,10,18.0,10.0
1765415364.212000,2370,4,18,10,18.0,9.808
1765415364.228943,2371,4,18,9,18.0,9.604
1765415364.245647,2372,4,18,9,18.0,9.399999999999999
1765415364.262923,2372,4,18,9,18.0,9.195999999999998
1765415364.278688,2373,4,18,9,18.0,9.003999999999998
1765415364.295708,2374,4,18,9,18.0,9.0
1765415364.312340,2375,4,18,9,18.0,9.0
1765415364.329896,2376,4,18,9,18.0,9.0
1765415364.346835,2376,4,18,9,18.0,9.0
1765415364.362827,2377,4,18,9,18.0,9.0
1765415364.379960,2378,4,18,9,18.0,8.796
1765415364.395758,2379,4,18,8,18.0,8.604
1765415364.412318,2379,4,18,8,18.0,8.399999999999999
1765415364.429325,2380,4,18,8,18.0,8.195999999999998
1765415364.446530,2381,4,18,8,18.0,8.0
1765415364.462772,2382,4,18,8,18.0,8.0
1765415364.480269,2383,4,18,8,18.0,8.0
1765415364.496460,2383,4,18,8,18.0,8.0
1765415364.512943,2384,4,18,8,18.0,8.0
1765415364.529343,2385,4,18,7,18.0,7.796
1765415364.546450,2386,4,18,7,18.0,7.5920000000000005
1765415364.562981,2386,4,18,7,18.0,7.4
1765415364.579686,2387,4,18,7,18.204,7.196000000000001
1765415364.596752,2388,4,19,7,18.408,7.0
1765415364.613829,2389,4,19,7,18.612000000000002,7.0
1765415364.630315,2390,4,19,7,18.816000000000003,7.0
1765415364.647295,2390,4,19,7,19.0,7.0
1765415364.665503,2391,4,19,7,19.0,7.0
1765415364.681431,2392,4,19,7,19.0,7.0
1765415364.698565,2393,4,19,7,19.0,7.0
1765415364.714582,2393,4,19,7,19.0,7.0
1765415364.732023,2394,4,19,7,19.0,7.0
1765415364.747968,2395,4,19,7,19.0,7.0
1765415364.764071,2396,4,19,7,19.0,7.0
1765415364.782090,2397,4,19,7,19.0,7.0
1765415364.799812,2397,4,19,7,19.0,6.796
1765415364.815603,2398,4,19,6,19.0,6.5920000000000005
1765415364.832798,2399,4,19,6,19.0,6.388000000000001
1765415364.849417,2400,4,19,6,19.0,6.184000000000001
1765415364.866481,2401,4,19,6,19.0,6.0
1765415364.883712,2401,4,19,6,19.0,6.0
1765415364.900498,2402,4,19,6,19.0,6.0
1765415364.917089,2403,4,19,6,19.0,6.0
1765415364.933725,2404,4,19,6,19.0,6.0
1765415364.949975,2404,4,19,6,19.0,6.0
1765415364.967083,2405,4,19,6,19.0,6.0
1765415364.982716,2406,4,19,6,19.0,5.808
1765415364.999020,2407,4,19,5,19.0,5.616
1765415365.015485,2407,4,19,5,19.0,5.412
1765415365.033185,2408,4,19,5,19.0,5.208
1765415365.048856,2409,4,19,5,19.0,5.016
1765415365.065396,2410,4,19,5,19.0,5.0
1765415365.082305,2411,4,19,5,19.0,5.0
1765415365.099773,2411,4,19,5,19.0,5.0
1765415365.116438,2412,4,19,5,19.0,5.0
1765415365.133384,2413,4,19,5,19.0,5.0
1765415365.150431,2414,4,19,5,19.0,4.796
1765415365.167376,2415,4,19,4,19.0,4.5920000000000005
1765415365.184323,2415,4,19,4,19.0,4.388000000000001
1765415365.200506,2416,4,19,4,19.0,4.196000000000001
1765415365.217930,2417,4,19,4,19.0,4.0
1765415365.234375,2418,4,19,4,19.0,4.0
1765415365.250529,2418,4,19,4,19.0,4.0
1765415365.267723,2419,4,19,4,19.0,4.0
1765415365.284183,2420,4,19,4,19.0,4.0
1765415365.299972,2421,4,19,4,19.0,4.0
1765415365.317118,2421,4,19,4,19.0,3.796
1765415365.332749,2422,4,19,4,19.0,3.988
1765415365.348381,2423,4,19,3,19.0,3.796
1765415365.366114,2424,4,19,3,19.0,3.5919999999999996
1765415365.381636,2424,4,19,3,19.0,3.3999999999999995
1765415365.398300,2425,4,19,3,19.0,3.1959999999999993
1765415365.414706,2426,4,19,3,19.0,3.003999999999999
1765415365.432743,2427,4,19,3,19.0,3.0
1765415365.449868,2428,4,19,3,19.0,3.0
1765415365.465632,2428,4,19,3,19.0,3.0
1765415365.482458,2429,4,19,3,19.0,3.0
1765415365.500261,2430,4,19,3,19.0,2.796
1765415365.516554,2431,4,19,2,19.0,2.5919999999999996
1765415365.533838,2432,4,19,2,19.0,2.3879999999999995
1765415365.550808,2432,4,19,2,19.0,2.1839999999999993
1765415365.567887,2433,4,19,2,19.0,2.0
1765415365.585396,2434,4,19,2,19.0,2.0
1765415365.600818,2435,4,19,2,19.0,2.0
1765415365.617557,2435,4,19,2,19.0,2.0
1765415365.634327,2436,4,19,2,19.0,2.0
1765415365.650886,2437,4,19,2,19.0,2.0
1765415365.667623,2438,4,19,2,19.0,2.0
1765415365.685513,2439,4,19,2,19.0,2.0
1765415365.703086,2439,4,19,2,19.0,2.0
1765415365.719140,2440,4,19,2,18.808,2.0
1765415365.735213,2441,4,18,2,18.616,2.0
1765415365.751090,2442,4,18,2,18.424,2.0
1765415365.768451,2443,4,18,2,18.208,2.0
1765415365.785508,2443,4,18,2,18.003999999999998,2.0
1765415365.802291,2444,4,18,2,18.0,2.0
1765415365.819629,2445,4,18,2,18.0,2.0
1765415365.835844,2446,4,18,2,18.0,2.0
1765415365.852052,2446,4,18,2,18.0,2.0
1765415365.868646,2447,4,18,2,18.0,2.0
1765415365.885532,2448,4,18,2,18.0,2.0
1765415365.901783,2449,4,18,2,18.0,2.0
1765415365.918919,2450,4,18,2,18.0,2.0
1765415365.935617,2450,4,18,2,18.0,2.0
1765415365.953283,2451,4,18,2,17.808,2.0
1765415365.968658,2452,4,17,2,17.604,2.0
1765415365.985683,2453,4,17,2,17.4,2.0
1765415366.002155,2453,4,17,2,17.208,2.0
1765415366.017792,2454,4,17,2,17.016,2.0
1765415366.035088,2455,4,17,2,17.0,2.0
1765415366.051356,2456,4,17,2,17.0,2.0
1765415366.068212,2457,4,17,2,17.0,2.0
1765415366.084343,2457,4,17,2,17.0,2.0
1765415366.100607,2458,4,17,2,17.0,2.0
1765415366.116911,2459,4,17,2,17.0,2.0
1765415366.133205,2459,4,17,2,17.0,2.0
1765415366.149300,2461,4,17,2,17.0,2.0
1765415366.167079,2461,4,17,2,17.0,2.0
1765415366.183036,2462,4,17,2,17.0,2.0
1765415366.200079,2463,4,17,2,17.0,2.0
1765415366.216058,2464,4,17,2,17.0,2.0
1765415366.232675,2464,4,17,2,17.0,2.0
1765415366.248993,2465,4,17,2,17.0,2.0
1765415366.264807,2466,4,17,2,17.0,2.0
1765415366.281429,2467,4,17,2,17.0,2.0
1765415366.299386,2468,4,17,2,16.784,2.0
1765415366.316589,2468,4,17,2,16.58,2.0
1765415366.333265,2469,4,16,2,16.375999999999998,2.0
1765415366.350897,2470,4,16,2,16.171999999999997,2.0
1765415366.366897,2471,4,16,2,16.0,2.0
1765415366.384062,2472,4,16,2,16.0,2.0
1765415366.400492,2472,4,16,2,16.0,2.0
1765415366.417674,2473,4,16,2,16.0,2.0
1765415366.434292,2474,4,16,2,15.796,2.0
1765415366.451184,2475,4,15,2,15.604,2.0
1765415366.467728,2475,4,15,2,15.399999999999999,2.0
1765415366.486042,2476,4,15,2,15.184,2.0
1765415366.503103,2477,4,15,2,15.0,2.0
1765415366.520472,2478,4,15,2,15.0,2.0
1765415366.538140,2479,4,15,2,15.0,2.0
1765415366.553924,2479,4,15,2,14.808,2.0
1765415366.570462,2480,4,14,2,14.604,2.0
1765415366.587441,2481,4,14,2,14.399999999999999,2.0
1765415366.604252,2482,4,13,2,14.195999999999998,2.0
1765415366.621337,2483,4,13,2,13.991999999999997,2.0
1765415366.638242,2483,4,13,2,13.799999999999997,2.0
1765415366.654615,2484,4,13,2,13.595999999999997,2.0
1765415366.671502,2485,4,13,2,13.391999999999996,2.0
1765415366.687906,2486,4,13,2,13.199999999999996,2.0
1765415366.704563,2486,4,13,2,12.995999999999995,2.0
1765415366.721585,2487,4,12,2,12.791999999999994,2.0
1765415366.737783,2488,4,12,2,12.599999999999994,2.0
1765415366.754316,2489,4,12,2,12.395999999999994,2.0
1765415366.770880,2490,4,12,2,12.203999999999994,2.0
1765415366.786901,2490,4,12,2,12.011999999999993,2.0
1765415366.802888,2491,4,12,2,12.0,2.0
1765415366.819021,2492,4,12,2,12.0,2.0
1765415366.836319,2493,4,12,2,12.0,2.0
1765415366.852882,2493,4,12,2,12.0,2.0
1765415366.868920,2494,4,12,2,12.0,2.0
1765415366.884756,2495,4,12,2,11.808,2.0
1765415366.901890,2496,4,11,2,11.604,2.0
1765415366.918682,2496,4,11,2,11.411999999999999,2.0
1765415366.935506,2497,4,11,2,11.196,2.0
1765415366.952329,2498,4,11,2,11.0,2.0
1765415366.970076,2499,4,11,2,11.0,2.0
1765415366.986533,2500,4,11,2,11.0,2.0
1765415367.002921,2500,4,11,2,11.0,1.808
1765415367.018822,2501,4,11,1,11.0,1.616
1765415367.036562,2502,4,11,1,11.0,1.4000000000000001
1765415367.053255,2503,4,11,1,11.0,1.1960000000000002
1765415367.070094,2504,4,11,1,11.0,1.0040000000000002
1765415367.085665,2504,4,11,1,11.0,1.0
1765415367.105761,2504,4,11,1,11.0,1.0
1765415367.137899,2504,4,11,1,11.0,1.0
1765415367.164653,2504,4,11,1,10.676,1.0
1765415367.177698,2505,4,11,1,10.976,1.0
1765415367.194258,2506,4,10,1,10.772,1.0
1765415367.211006,2506,4,10,1,10.58,1.0
1765415367.228255,2507,4,10,0,10.388,0.808
1765415367.242350,2508,4,10,0,10.196,0.6160000000000001
1765415367.259649,2508,4,10,0,10.0,0.4120000000000001
1765415367.276250,2509,4,10,0,10.0,0.20800000000000007
1765415367.293173,2510,4,10,0,10.0,0.01600000000000007
1765415367.309532,2511,4,10,0,10.0,0.0
1765415367.326514,2512,4,10,0,10.0,0.0
1765415367.343390,2512,4,10,0,10.0,0.0
1765415367.359587,2513,4,10,0,10.0,0.0
1765415367.376766,2514,4,10,0,10.0,0.0
1765415367.393728,2515,4,10,0,10.0,0.0
1765415367.410837,2516,4,10,0,10.0,0.0
1765415367.427531,2516,4,10,0,10.0,0.0
1765415367.444132,2517,4,10,0,10.0,0.0
1765415367.459868,2518,4,10,0,9.808,0.0
1765415367.477125,2519,4,9,0,9.604,0.0
1765415367.493408,2519,4,9,0,9.388,0.0
1765415367.511478,2520,4,9,0,9.184,0.0
1765415367.528039,2521,4,9,0,9.0,0.0
1765415367.543692,2522,4,9,0,9.0,0.0
1765415367.560455,2522,4,9,0,9.0,0.0
1765415367.578069,2523,4,9,0,9.0,0.0
1765415367.594246,2524,4,9,0,9.0,0.0
1765415367.612304,2525,4,9,0,9.0,0.0
1765415367.629119,2526,4,9,0,8.808,0.0
1765415367.645825,2526,4,9,0,8.604,0.0
1765415367.662885,2527,4,8,0,8.399999999999999,0.0
1765415367.678926,2528,4,8,0,8.207999999999998,0.0
1765415367.695024,2529,4,8,0,8.015999999999998,0.0
1765415367.711732,2530,4,8,0,8.0,0.0
1765415367.728567,2530,4,8,0,8.0,0.0
1765415367.745647,2531,4,8,0,8.0,0.0
1765415367.762963,2532,4,8,0,8.0,0.0
1765415367.778705,2533,4,8,0,8.0,0.0
1765415367.794741,2533,4,8,0,8.0,0.0
1765415367.811274,2534,4,8,0,8.0,0.0
1765415367.829014,2535,4,8,0,8.0,0.0
1765415367.845840,2536,4,8,0,8.0,0.0
1765415367.862216,2537,4,8,0,8.0,0.0
1765415367.877929,2537,4,8,0,8.0,0.0
1765415367.894902,2538,4,8,0,8.0,0.0
1765415367.910984,2539,4,8,0,8.0,0.0
1765415367.926767,2540,4,8,0,8.0,0.0
1765415367.942954,2540,4,8,0,8.0,0.0
1765415367.959458,2541,4,8,0,8.0,0.0
1765415367.976258,2542,4,8,0,8.0,0.0
1765415367.992689,2543,4,8,0,8.0,0.0
1765415368.008723,2543,4,8,0,8.0,0.0
1765415368.025866,2544,4,8,0,8.0,0.0
1765415368.042176,2545,4,8,0,8.0,0.0
1765415368.057950,2546,4,8,0,8.0,0.0
1765415368.078520,2546,4,8,0,8.0,0.0
1765415368.096070,2547,4,8,0,8.0,0.0
1765415368.113622,2548,4,8,0,8.0,0.0
1765415368.131058,2549,4,8,0,8.0,0.0
1765415368.148627,2549,4,8,0,8.204,0.0
1765415368.164358,2550,4,9,0,8.408000000000001,0.0
1765415368.181501,2551,4,9,0,8.612000000000002,0.0
1765415368.198743,2552,4,9,0,8.816000000000003,0.0
1765415368.214997,2552,4,9,0,9.0,0.0
1765415368.232464,2553,4,9,0,9.0,0.0
1765415368.249811,2554,4,9,0,9.0,0.0
1765415368.265965,2555,4,9,0,9.0,0.0
1765415368.283009,2556,4,9,0,9.0,0.0
1765415368.299305,2556,4,9,0,9.204,0.0
1765415368.316854,2557,4,10,0,9.408000000000001,0.0
1765415368.333204,2558,4,10,0,9.600000000000001,0.0
1765415368.349390,2559,4,10,0,9.804000000000002,0.0
1765415368.366055,2559,4,10,0,10.0,0.0
1765415368.383584,2560,4,10,0,10.0,0.0
1765415368.400832,2561,4,10,0,10.0,0.0
1765415368.417804,2562,4,10,0,10.0,0.0
1765415368.435512,2563,4,10,0,10.0,0.0
1765415368.452256,2564,4,10,0,10.204,0.0
1765415368.468911,2564,4,10,0,10.396,0.0
1765415368.484759,2565,4,11,0,10.588000000000001,0.0
1765415368.500677,2566,4,11,0,10.780000000000001,0.0
1765415368.518381,2567,4,11,0,10.996,0.0
1765415368.534751,2567,4,11,0,11.0,0.0
1765415368.550797,2568,4,11,0,11.0,0.0
1765415368.566351,2569,4,11,0,11.0,0.0
1765415368.583236,2570,4,11,0,11.0,0.0
1765415368.598999,2570,4,11,0,11.0,0.0
1765415368.614759,2571,4,11,0,11.192,0.0
1765415368.632556,2572,4,12,0,11.408,0.0
1765415368.649025,2573,4,12,0,11.6,0.0
1765415368.665826,2574,4,12,0,11.804,0.0
1765415368.681799,2574,4,12,0,11.996,0.0
1765415368.698401,2575,4,12,0,12.0,0.0
1765415368.714874,2576,4,12,0,12.0,0.0
1765415368.731539,2577,4,12,0,12.0,0.0
1765415368.748056,2577,4,12,0,12.0,0.0
1765415368.764472,2578,4,12,0,12.0,0.0
1765415368.780960,2579,4,12,0,12.192,0.0
1765415368.797424,2580,4,13,0,12.396,0.0
1765415368.813961,2580,4,13,0,12.588000000000001,0.0
1765415368.830856,2581,4,13,0,12.792000000000002,0.0
1765415368.847626,2582,4,13,0,12.984000000000002,0.0
1765415368.864110,2583,4,13,0,13.0,0.0
1765415368.879898,2583,4,13,0,13.0,0.0
1765415368.895768,2584,4,13,0,13.0,0.0
1765415368.911835,2585,4,13,0,13.0,0.0
1765415368.927936,2586,4,13,0,13.192,0.0
1765415368.944838,2586,4,13,0,13.396,0.0
1765415368.961680,2587,4,14,0,13.600000000000001,0.0
1765415368.977572,2588,4,14,0,13.792000000000002,0.0
1765415368.993933,2589,4,14,0,13.984000000000002,0.0
1765415369.009920,2590,4,14,0,14.0,0.0
1765415369.026624,2590,4,14,0,14.0,0.0
1765415369.042874,2591,4,14,0,14.0,0.0
1765415369.058410,2592,4,14,0,14.0,0.0
1765415369.075742,2593,4,14,0,14.0,0.0
1765415369.091393,2593,4,14,0,14.0,0.192
1765415369.107891,2594,4,14,1,14.0,0.384
1765415369.123707,2595,4,14,1,14.0,0.5760000000000001
1765415369.140528,2596,4,14,1,14.0,0.78
1765415369.157615,2596,4,14,1,14.0,0.984
1765415369.176084,2597,4,14,1,14.0,1.0
1765415369.191002,2598,4,14,1,14.0,1.0
1765415369.207907,2599,4,14,1,14.0,1.0
1765415369.224270,2600,4,14,1,14.0,1.0
1765415369.240817,2600,4,14,1,14.0,1.0
1765415369.256913,2601,4,14,1,14.0,1.192
1765415369.274131,2602,4,14,2,14.0,1.396
1765415369.290388,2603,4,14,2,14.0,1.5999999999999999
1765415369.307719,2603,4,14,2,14.0,1.8039999999999998
1765415369.324099,2604,4,14,2,14.0,1.9959999999999998
1765415369.340198,2605,4,14,2,14.0,2.0
1765415369.355916,2606,4,14,2,14.0,2.0
1765415369.372228,2606,4,14,2,14.0,2.0
1765415369.389093,2607,4,14,2,14.0,2.0
1765415369.404500,2608,4,14,2,14.0,2.0
1765415369.420880,2609,4,14,2,14.0,2.0
1765415369.437144,2610,4,14,2,14.0,2.192
1765415369.453431,2610,4,14,2,14.0,2.3960000000000004
1765415369.470369,2611,4,14,3,14.0,2.6000000000000005
1765415369.487319,2612,4,14,3,14.0,2.8040000000000007
1765415369.503790,2613,4,14,3,14.0,2.996000000000001
1765415369.519967,2613,4,14,3,14.0,3.0
1765415369.535821,2614,4,14,3,14.0,3.0
1765415369.552189,2615,4,14,3,14.0,3.0
1765415369.567747,2616,4,14,3,14.192,3.0
1765415369.583714,2616,4,14,3,14.384,3.0
1765415369.599977,2617,4,15,3,14.576,3.0
1765415369.616663,2618,4,15,3,14.780000000000001,3.0
1765415369.632791,2619,4,15,3,14.972000000000001,3.0
1765415369.649515,2619,4,15,3,15.0,3.0
1765415369.665700,2620,4,15,3,15.0,3.0
1765415369.681632,2621,4,15,3,15.0,3.0
1765415369.698511,2622,4,14,3,14.796,3.0
1765415369.715997,2622,4,14,3,14.591999999999999,3.0
1765415369.732893,2623,4,14,3,14.387999999999998,3.0
1765415369.750402,2624,4,14,3,14.171999999999999,3.0
1765415369.767241,2625,4,14,3,14.0,3.0
1765415369.783566,2626,4,14,3,14.0,3.192
1765415369.800319,2626,4,14,3,14.0,3.4080000000000004
1765415369.816642,2627,4,14,4,14.0,3.6000000000000005
1765415369.833597,2628,4,14,4,14.0,3.8040000000000007
1765415369.849570,2629,4,14,4,14.0,3.996000000000001
1765415369.866400,2630,4,14,4,14.0,4.0
1765415369.883406,2630,4,14,4,14.0,4.0
1765415369.899835,2631,4,14,4,14.0,4.0
1765415369.916186,2632,4,14,4,14.0,4.0
1765415369.932985,2633,4,14,4,14.0,4.0
1765415369.949117,2633,4,14,4,14.0,4.0
1765415369.964879,2634,4,14,4,14.0,4.0
1765415369.980726,2635,4,14,4,13.808,4.0
1765415369.996949,2636,4,13,4,13.616,4.0
1765415370.014418,2636,4,13,4,13.4,4.0
1765415370.031472,2637,4,13,4,13.196,4.0
1765415370.048505,2638,4,13,3,13.0,3.796
1765415370.065483,2639,4,13,3,13.0,3.5919999999999996
1765415370.082188,2640,4,13,3,13.0,3.3999999999999995
1765415370.097429,2640,4,13,3,13.0,3.2079999999999993
1765415370.114523,2641,4,13,3,13.0,3.003999999999999
1765415370.130445,2642,4,13,3,13.0,3.0
1765415370.148022,2643,4,13,3,13.0,3.0
1765415370.164353,2644,4,13,3,13.0,3.0
1765415370.181627,2644,4,13,3,13.0,3.0
1765415370.199876,2645,4,13,3,13.0,3.216
1765415370.216600,2646,4,13,4,13.0,3.4200000000000004
1765415370.232891,2647,4,13,4,13.0,3.6120000000000005
1765415370.249325,2647,4,13,4,13.0,3.8160000000000007
1765415370.265854,2648,4,13,4,13.0,4.0
1765415370.281640,2649,4,13,4,13.0,4.0
1765415370.297912,2650,4,13,4,13.0,4.0
1765415370.314477,2651,4,13,4,13.0,4.204
1765415370.331038,2651,4,13,4,13.0,4.396
1765415370.347627,2652,4,13,5,13.0,4.6
1765415370.364109,2653,4,13,5,13.0,4.792
1765415370.380401,2654,4,13,5,13.0,4.9959999999999996
1765415370.397339,2654,4,13,5,13.0,5.0
1765415370.414395,2655,4,12,5,12.796,5.0
1765415370.431443,2656,4,12,5,12.591999999999999,5.0
1765415370.447891,2657,4,12,5,12.399999999999999,5.0
1765415370.464645,2658,4,12,5,12.195999999999998,5.0
1765415370.480528,2658,4,12,5,12.003999999999998,5.0
1765415370.497460,2659,4,12,5,12.0,5.0
1765415370.513901,2660,4,12,5,12.0,5.0
1765415370.529820,2661,4,12,5,12.0,5.0
1765415370.546157,2661,4,12,5,11.808,5.0
1765415370.562942,2662,4,11,5,11.604,5.0
1765415370.579136,2663,4,11,5,11.411999999999999,5.0
1765415370.595572,2664,4,11,5,11.207999999999998,5.0
1765415370.612063,2664,4,11,5,11.015999999999998,5.0
1765415370.627873,2665,4,11,5,11.0,5.0
1765415370.644245,2666,4,11,5,11.0,5.0
1765415370.661275,2667,4,11,5,11.0,5.0
1765415370.678189,2668,4,11,5,11.0,5.0
1765415370.694961,2668,4,11,5,11.0,5.0
1765415370.712008,2669,4,11,5,10.796,5.0
1765415370.727973,2670,4,10,5,10.604,5.0
1765415370.744490,2671,4,10,5,10.399999999999999,5.0
1765415370.761340,2671,4,10,5,10.195999999999998,5.0
1765415370.779257,2672,4,10,5,10.0,5.0
1765415370.795984,2673,4,10,5,10.0,5.0
1765415370.812541,2674,4,10,5,10.0,5.0
1765415370.829370,2675,4,10,5,10.0,5.0
1765415370.845693,2675,4,10,5,10.0,5.0
1765415370.862157,2676,4,10,5,9.808,5.0
1765415370.879318,2677,4,9,5,9.592,5.0
1765415370.896560,2678,4,9,5,9.388,5.0
1765415370.913399,2679,4,9,5,9.184,5.0
1765415370.929940,2679,4,9,5,9.0,5.0
1765415370.945745,2680,4,9,5,9.0,5.0
1765415370.962619,2681,4,9,5,9.0,5.0
1765415370.979562,2682,4,9,5,9.0,5.0
1765415370.995812,2682,4,9,5,9.0,5.0
1765415371.012633,2683,4,9,5,8.796,5.0
1765415371.030306,2684,4,8,5,8.58,5.0
1765415371.047038,2685,4,8,5,8.388,5.0
1765415371.063748,2686,4,8,5,8.184,5.0
1765415371.081161,2686,4,8,5,8.0,5.0
1765415371.097683,2687,4,8,5,8.0,5.0
1765415371.114146,2688,4,8,5,8.0,5.0
1765415371.130352,2689,4,8,5,8.0,5.0
1765415371.147470,2689,4,8,5,8.0,5.0
1765415371.164534,2690,4,9,5,8.204,5.0
1765415371.180480,2691,4,9,5,8.396,5.0
1765415371.197190,2692,4,9,5,8.588000000000001,5.0
1765415371.214145,2693,4,9,5,8.396,5.0
1765415371.229246,2693,4,9,5,8.204,5.0
1765415371.244417,2694,4,8,5,8.012,5.0
1765415371.261414,2695,4,8,5,8.0,5.0
1765415371.278176,2696,4,8,5,8.0,5.0
1765415371.294124,2696,4,8,5,8.0,5.0
1765415371.310627,2697,4,8,5,8.0,5.0
1765415371.327738,2698,4,8,5,8.0,5.0
1765415371.344297,2699,4,8,5,7.796,5.0
1765415371.360827,2699,4,8,5,7.604,5.0
1765415371.376481,2700,4,7,5,7.412,5.0
1765415371.393568,2701,4,7,5,7.208,5.0
1765415371.411326,2702,4,7,5,7.0,5.0
1765415371.428636,2702,4,7,5,7.0,5.0
1765415371.445680,2703,4,7,5,7.0,5.0
1765415371.461376,2704,4,7,5,7.0,5.0
1765415371.478049,2705,4,7,5,7.0,5.0
1765415371.494831,2706,4,7,5,7.0,5.0
1765415371.510923,2706,4,7,5,6.808,5.0
1765415371.527003,2707,4,6,5,6.616,5.0
1765415371.543176,2708,4,6,5,6.4239999999999995,5.0
1765415371.559124,2709,4,6,5,6.231999999999999,5.0
1765415371.574573,2709,4,6,5,6.039999999999999,5.0
1765415371.591517,2710,4,6,5,6.0,5.0
1765415371.608297,2711,4,6,5,6.0,5.0
1765415371.626181,2712,4,6,5,6.0,5.0
1765415371.642381,2712,4,6,5,6.0,5.0
1765415371.660059,2713,4,6,5,6.0,5.0
1765415371.676238,2714,4,6,4,6.0,4.808
1765415371.692408,2715,4,6,4,6.0,4.604
1765415371.709533,2716,4,6,4,6.0,4.4
1765415371.725993,2716,4,6,4,6.0,4.208
1765415371.742608,2717,4,6,4,6.0,4.0040000000000004
1765415371.758857,2718,4,6,4,6.0,4.196000000000001
1765415371.775908,2719,4,6,5,6.0,4.4
1765415371.792669,2719,4,6,5,6.0,4.604
1765415371.808809,2720,4,6,5,6.0,4.796
1765415371.825289,2721,4,6,5,6.0,5.0
1765415371.842816,2722,4,6,5,6.0,5.0
1765415371.859225,2723,4,6,5,6.0,5.0
1765415371.874623,2723,4,6,5,6.0,5.0
1765415371.890759,2724,4,6,5,6.0,5.0
1765415371.907775,2725,4,6,5,6.0,5.0
1765415371.924836,2726,4,6,5,6.0,5.0
1765415371.940906,2726,4,6,5,6.0,5.0
1765415371.958165,2727,4,6,5,6.204,5.0
1765415371.974341,2728,4,7,5,6.4079999999999995,5.0
1765415371.991388,2729,4,7,5,6.611999999999999,5.0
1765415372.008231,2730,4,7,5,6.803999999999999,5.0
1765415372.023745,2730,4,7,5,6.9959999999999996,5.0
1765415372.040283,2731,4,7,5,7.0,5.0
1765415372.056995,2732,4,7,5,7.0,5.0
1765415372.073139,2733,4,7,5,7.0,5.0
1765415372.088884,2733,4,7,5,7.0,5.0
1765415372.104661,2734,4,7,5,7.0,5.192
1765415372.121873,2735,4,7,6,7.0,5.396
1765415372.138240,2736,4,7,6,7.0,5.588
1765415372.154167,2736,4,7,6,7.0,5.78
1765415372.169666,2737,4,7,6,7.0,5.972
1765415372.185494,2738,4,7,6,7.0,6.0
1765415372.202735,2739,4,7,6,7.0,6.0
1765415372.218871,2739,4,7,6,7.0,6.0
1765415372.234978,2740,4,7,6,7.0,6.0
1765415372.251421,2741,4,7,6,7.0,6.0
1765415372.268466,2742,4,7,6,7.0,6.0
1765415372.285907,2742,4,7,6,7.0,6.0
1765415372.302460,2743,4,7,6,7.204,6.0
1765415372.319044,2744,4,8,6,7.396,6.0
1765415372.335881,2745,4,8,6,7.6,6.0
1765415372.352678,2746,4,8,6,7.792,6.0
1765415372.368294,2746,4,8,6,7.9959999999999996,6.0
1765415372.385840,2747,4,8,6,8.0,6.0
1765415372.403747,2748,4,8,6,8.0,6.0
1765415372.420896,2749,4,8,6,8.0,6.0
1765415372.437364,2750,4,8,6,8.0,6.0
1765415372.454834,2750,4,8,6,8.0,6.0
1765415372.471394,2751,4,8,6,8.0,6.0
1765415372.488538,2752,4,8,6,8.204,6.0
1765415372.505819,2753,4,9,6,8.408000000000001,6.0
1765415372.522950,2754,4,9,6,8.612000000000002,6.0
1765415372.538888,2754,4,9,6,8.804000000000002,6.0
1765415372.557998,2755,4,9,6,9.0,6.0
1765415372.572457,2756,4,9,6,9.0,6.0
1765415372.589242,2756,4,9,6,9.0,6.0
1765415372.606007,2757,4,9,6,9.0,6.0
1765415372.622865,2758,4,9,6,9.0,6.0
1765415372.638652,2759,4,9,6,9.192,6.0
1765415372.656665,2760,4,10,6,9.408,6.0
1765415372.673186,2760,4,10,6,9.6,6.0
1765415372.689820,2761,4,10,6,9.804,6.0
1765415372.707096,2762,4,10,6,10.0,6.0
1765415372.722469,2763,4,10,6,10.0,6.0
1765415372.739173,2763,4,10,6,10.0,6.0
1765415372.755447,2764,4,10,6,10.0,6.0
1765415372.772936,2765,4,10,6,10.0,6.0
1765415372.789403,2766,4,10,6,10.204,6.0
1765415372.806249,2767,4,11,6,10.396,6.0
1765415372.822245,2767,4,11,6,10.588000000000001,6.0
1765415372.838273,2768,4,11,6,10.792000000000002,6.0
1765415372.855540,2769,4,11,6,10.996000000000002,6.0
1765415372.872288,2770,4,11,6,11.0,6.0
1765415372.889590,2771,4,11,5,11.0,5.796
1765415372.905953,2771,4,11,5,11.0,5.604
1765415372.921880,2772,4,11,5,11.0,5.412
1765415372.938356,2773,4,11,5,11.0,5.208
1765415372.955624,2774,4,11,5,11.0,5.0040000000000004
1765415372.971963,2774,4,11,5,11.192,5.0
1765415372.988208,2775,4,12,5,11.384,5.0
1765415373.004427,2776,4,12,5,11.588000000000001,5.0
1765415373.021613,2777,4,12,5,11.792000000000002,5.0
1765415373.038667,2777,4,12,5,11.996000000000002,5.0
1765415373.054644,2778,4,12,5,12.0,5.0
1765415373.071229,2779,4,12,5,12.0,5.0
1765415373.088237,2780,4,12,5,12.0,5.0
1765415373.104539,2781,4,12,5,12.0,5.0
1765415373.121558,2781,4,12,5,12.0,5.0
1765415373.137840,2782,4,12,5,12.0,5.0
1765415373.153841,2783,4,12,5,12.0,5.0
1765415373.169864,2784,4,12,5,12.0,5.0
1765415373.186815,2784,4,12,5,12.0,5.0
1765415373.204123,2785,4,12,5,12.0,5.0
1765415373.220966,2786,4,12,5,12.0,5.0
1765415373.237454,2787,4,12,5,12.0,5.0
1765415373.254183,2788,4,12,5,12.0,5.0
1765415373.270342,2788,4,12,5,12.0,5.204
1765415373.287120,2789,4,12,6,12.0,5.396
1765415373.302513,2790,4,12,6,12.0,5.588
1765415373.319910,2791,4,12,6,12.0,5.792
1765415373.336917,2791,4,12,6,12.0,5.9959999999999996
1765415373.353503,2792,4,12,6,12.0,6.0
1765415373.370400,2793,4,12,6,12.0,6.0
1765415373.386651,2794,4,12,6,12.0,6.0
1765415373.404433,2795,4,12,6,12.0,6.0
1765415373.421611,2795,4,12,6,12.0,6.0
1765415373.438659,2796,4,12,6,11.796,6.0
1765415373.455571,2797,4,11,6,11.591999999999999,6.0
1765415373.472001,2798,4,11,6,11.399999999999999,6.0
1765415373.489069,2799,4,11,6,11.195999999999998,6.0
1765415373.505801,2799,4,11,6,11.0,6.0
1765415373.521715,2800,4,11,6,11.0,6.0
1765415373.538040,2801,4,11,6,11.0,6.0
1765415373.554783,2802,4,11,6,11.0,6.0
1765415373.570901,2802,4,11,6,11.0,6.0
1765415373.586610,2803,4,11,6,11.0,6.0
1765415373.602707,2804,4,11,6,10.808,6.0
1765415373.618780,2805,4,10,6,10.616,6.0
1765415373.635922,2805,4,10,6,10.411999999999999,6.0
1765415373.651349,2806,4,10,6,10.219999999999999,6.0
1765415373.668108,2807,4,11,6,10.411999999999999,6.0
1765415373.684716,2808,4,11,6,10.616,6.0
1765415373.701189,2808,4,11,6,10.808,6.0
1765415373.716946,2809,4,11,6,11.0,6.0
1765415373.733520,2810,4,11,6,11.0,6.0
1765415373.750349,2811,4,11,6,11.0,6.204
1765415373.767510,2811,4,11,6,11.0,6.4079999999999995
1765415373.783862,2812,4,11,7,11.0,6.6
1765415373.799866,2813,4,11,7,11.0,6.792
1765415373.816448,2814,4,11,7,11.0,6.9959999999999996
1765415373.833119,2815,4,11,7,11.0,7.0
1765415373.848991,2815,4,11,7,11.0,7.0
1765415373.864987,2816,4,11,7,11.0,7.0
1765415373.880744,2817,4,11,7,11.0,7.0
1765415373.896819,2817,4,11,7,11.0,7.0
1765415373.913044,2818,4,11,7,11.0,7.0
1765415373.929739,2819,4,11,7,11.0,7.0
1765415373.946069,2820,4,11,7,11.0,7.0
1765415373.962266,2820,4,11,7,11.0,7.0
1765415373.978902,2821,4,11,7,11.0,7.0
1765415373.994601,2822,4,11,7,11.0,7.0
1765415374.011560,2823,4,11,7,11.0,7.0
1765415374.027779,2823,4,11,7,11.0,7.0
1765415374.044542,2824,4,11,7,11.0,7.0
1765415374.061656,2825,4,11,7,11.0,7.0
1765415374.078479,2826,4,11,7,11.0,7.0
1765415374.095086,2827,4,11,7,11.0,7.0
1765415374.111813,2827,4,11,7,11.0,7.0
1765415374.128361,2828,4,11,7,11.0,7.0
1765415374.145041,2829,4,11,7,11.0,7.0
1765415374.161659,2830,4,11,7,11.0,7.0
1765415374.178820,2831,4,11,7,11.0,7.0
1765415374.194947,2831,4,11,7,11.0,7.0
1765415374.211469,2832,4,11,7,11.0,7.0
1765415374.228073,2833,4,11,7,11.0,7.0
1765415374.245618,2834,4,11,7,11.0,7.0
1765415374.262780,2834,4,11,7,11.0,7.0
1765415374.279337,2835,4,11,7,11.0,7.0
1765415374.295967,2836,4,11,7,11.0,7.0
1765415374.312449,2837,4,11,7,11.0,7.0
1765415374.329641,2838,4,11,7,11.0,7.0
1765415374.345759,2838,4,11,7,11.0,7.0
1765415374.362210,2839,4,11,7,11.0,7.0
1765415374.377945,2840,4,11,7,11.0,7.0
1765415374.394436,2841,4,11,7,11.0,7.0
1765415374.410951,2841,4,11,7,11.0,7.0
1765415374.427061,2842,4,11,7,11.0,7.0
1765415374.443732,2843,4,11,7,11.0,7.0
1765415374.459359,2844,4,11,7,11.0,7.0
1765415374.476799,2845,4,11,7,11.0,7.0
1765415374.493272,2845,4,11,7,11.0,7.0
1765415374.509896,2846,4,11,7,11.0,7.0
1765415374.526196,2847,4,11,7,11.0,7.0
1765415374.542385,2848,4,11,7,11.0,7.0
1765415374.559302,2848,4,11,7,11.0,7.0
1765415374.575747,2849,4,11,7,11.0,7.0
1765415374.591760,2850,4,11,7,11.0,7.0
1765415374.608437,2851,4,11,7,11.0,7.0
1765415374.625782,2852,4,11,7,11.0,7.0
1765415374.642703,2852,4,11,7,11.0,7.0
1765415374.659422,2853,4,11,7,11.0,7.0
1765415374.675718,2854,4,11,7,11.0,7.0
1765415374.692231,2855,4,11,7,11.0,7.0
1765415374.708696,2855,4,11,7,11.0,7.0
1765415374.724893,2856,4,11,7,11.0,7.0
1765415374.741630,2857,4,11,7,11.0,7.0
1765415374.758031,2858,4,11,7,11.0,7.0
1765415374.774101,2858,4,11,7,11.0,7.0
1765415374.791297,2859,4,11,7,11.0,7.0
1765415374.808885,2860,4,11,7,11.0,7.0
1765415374.824953,2861,4,11,7,11.0,7.0
1765415374.840927,2862,4,11,7,11.0,7.0
1765415374.857334,2862,4,11,7,11.0,7.0
1765415374.874378,2863,4,11,7,11.0,7.0
1765415374.891779,2864,4,11,7,11.0,7.0
1765415374.908465,2865,4,11,7,11.0,7.0
1765415374.924998,2866,4,11,7,11.0,7.0
1765415374.942198,2866,4,11,7,11.0,7.0
1765415374.959220,2867,4,11,7,11.0,7.0
1765415374.975708,2868,4,11,7,11.0,7.0
1765415374.992818,2869,4,11,7,11.0,7.0
1765415375.009439,2870,4,11,7,11.0,7.0
1765415375.027152,2870,4,11,7,11.0,7.0
1765415375.043761,2871,4,11,7,11.0,7.0
1765415375.060331,2872,4,11,7,11.0,7.0
1765415375.077022,2873,4,11,7,11.0,7.0
1765415375.093368,2873,4,11,7,11.0,7.0
1765415375.109349,2874,4,11,7,11.0,7.0
1765415375.126333,2875,4,11,7,11.0,7.0
1765415375.143135,2876,4,11,7,11.0,7.0
1765415375.159372,2877,4,11,7,11.0,7.0
