timestamp,client_id,snapshot_id,seq_num,server_timestamp_ms,recv_time_ms,latency_ms,jitter_ms,perceived_position_error,cpu_percent,bandwidth_per_client_kbps
1765406825.266864,4,125,1,1765406825091,1765406825266,175,0.00,0.0000,0.0,0.00
1765406825.266864,4,126,2,1765406825134,1765406825266,132,0.00,0.0000,0.0,0.00
1765406825.266864,4,127,3,1765406825175,1765406825266,91,0.00,0.0000,0.0,0.00
1765406825.268007,4,128,4,1765406825217,1765406825268,51,0.89,0.0000,0.0,0.00
1765406825.268007,4,129,5,1765406825259,1765406825268,9,0.75,0.0000,0.0,0.00
1765406825.372341,4,130,6,1765406825301,1765406825372,71,33.12,0.0000,0.0,0.00
1765406825.372341,4,131,7,1765406825351,1765406825372,21,28.78,0.0000,0.0,0.00
1765406825.384432,4,132,8,1765406825384,1765406825384,0,24.90,0.0000,0.0,0.00
1765406825.425951,4,133,10,1765406825425,1765406825425,0,26.31,0.0000,0.0,0.00
1765406825.469325,4,134,11,1765406825468,1765406825469,1,26.96,0.0000,0.0,0.00
1765406825.510455,4,135,12,1765406825510,1765406825510,0,26.48,0.0000,0.0,0.00
1765406825.554813,4,136,13,1765406825552,1765406825554,2,26.02,0.0000,0.0,0.00
1765406825.594378,4,137,15,1765406825594,1765406825594,0,25.00,0.0000,0.0,0.00
1765406825.637473,4,138,16,1765406825636,1765406825637,1,24.19,0.0000,0.0,0.00
1765406825.678793,4,139,17,1765406825678,1765406825678,0,23.22,0.0000,0.0,0.00
1765406825.719813,4,140,18,1765406825719,1765406825719,0,22.29,0.0000,0.0,0.00
1765406825.761684,4,141,19,1765406825761,1765406825761,0,21.45,0.0000,0.0,0.00
1765406825.839226,4,142,20,1765406825835,1765406825839,4,22.15,0.0000,0.0,0.00
1765406825.877838,4,143,21,1765406825877,1765406825877,0,21.07,0.0000,0.0,0.00
1765406825.923990,4,144,23,1765406825921,1765406825923,2,20.37,0.0000,0.0,0.00
1765406825.954049,4,145,24,1765406825953,1765406825953,0,19.64,0.0000,0.0,0.00
1765406825.996272,4,146,25,1765406825996,1765406825996,0,18.98,0.0000,0.0,0.00
1765406826.041599,4,147,26,1765406826038,1765406826041,3,18.42,0.0000,0.0,0.00
1765406826.081465,4,148,27,1765406826080,1765406826080,0,17.72,0.0000,0.0,0.00
1765406826.123681,4,149,28,1765406826123,1765406826123,0,17.16,0.0000,0.0,0.00
1765406826.165310,4,150,29,1765406826165,1765406826165,0,16.62,0.0000,0.0,0.00
1765406826.207936,4,151,30,1765406826207,1765406826207,0,16.10,0.0000,0.0,0.00
1765406826.249727,4,152,31,1765406826249,1765406826249,0,15.62,0.0000,0.0,0.00
1765406826.292161,4,153,32,1765406826291,1765406826291,0,15.16,0.0000,0.0,0.00
1765406826.334063,4,154,33,1765406826334,1765406826334,0,14.74,0.0000,0.0,0.00
1765406826.376283,4,155,34,1765406826376,1765406826376,0,14.33,0.0000,0.0,0.00
1765406826.418722,4,156,35,1765406826418,1765406826418,0,13.94,0.0000,0.0,0.00
1765406826.460619,4,157,36,1765406826460,1765406826460,0,13.57,0.0000,0.0,0.00
1765406826.505586,4,158,37,1765406826503,1765406826505,2,13.26,0.0000,0.0,0.00
1765406826.544916,4,159,38,1765406826544,1765406826544,0,12.89,0.0000,0.0,0.00
1765406826.589634,4,160,39,1765406826587,1765406826589,2,12.61,0.0000,0.0,0.00
1765406826.630447,4,161,41,1765406826629,1765406826629,0,12.28,0.0000,0.0,0.00
1765406826.672736,4,162,42,1765406826671,1765406826672,1,12.00,0.0000,0.0,0.00
1765406826.713652,4,163,43,1765406826713,1765406826713,0,11.72,0.0000,0.0,0.00
1765406826.756727,4,164,44,1765406826756,1765406826756,0,11.47,0.0000,0.0,0.00
1765406826.800030,4,165,45,1765406826800,1765406826800,0,11.24,0.0000,0.0,0.00
1765406826.841931,4,166,46,1765406826841,1765406826841,0,10.99,0.0000,0.0,0.00
1765406826.883436,4,167,47,1765406826883,1765406826883,0,10.76,0.0000,0.0,0.00
1765406826.926171,4,168,48,1765406826925,1765406826925,0,10.54,0.0000,0.0,0.00
1765406826.969841,4,169,49,1765406826967,1765406826969,2,10.35,0.0000,0.0,0.00
1765406827.009632,4,170,50,1765406827009,1765406827009,0,10.13,0.0000,0.0,0.00
1765406827.051140,4,171,51,1765406827051,1765406827051,0,9.93,0.0000,0.0,0.00
1765406827.093598,4,172,52,1765406827093,1765406827093,0,9.74,0.0000,0.0,0.00
1765406827.135942,4,173,53,1765406827135,1765406827135,0,9.56,0.0000,0.0,0.00
1765406827.178356,4,174,54,1765406827178,1765406827178,0,9.40,0.0000,0.0,0.00
1765406827.220840,4,175,55,1765406827220,1765406827220,0,9.23,0.0000,0.0,0.00
1765406827.263608,4,176,56,1765406827263,1765406827263,0,9.08,0.0000,0.0,0.00
1765406827.305035,4,177,57,1765406827305,1765406827305,0,8.93,0.0000,0.0,0.00
1765406827.348831,4,178,58,1765406827347,1765406827348,1,8.79,0.0000,0.0,0.00
1765406827.390014,4,179,59,1765406827389,1765406827389,0,8.64,0.0000,0.0,0.00
1765406827.432244,4,180,61,1765406827431,1765406827432,1,8.50,0.0000,0.0,0.00
1765406827.472950,4,181,62,1765406827472,1765406827472,0,8.35,0.0000,0.0,0.00
1765406827.515035,4,182,63,1765406827515,1765406827515,0,8.23,0.0000,0.0,0.00
1765406827.556907,4,183,64,1765406827556,1765406827556,0,8.10,0.0000,0.0,0.00
1765406827.599228,4,184,65,1765406827599,1765406827599,0,7.98,0.0000,0.0,0.00
1765406827.643646,4,185,66,1765406827642,1765406827643,1,7.87,0.0000,0.0,0.00
1765406827.685935,4,186,67,1765406827684,1765406827685,1,6.80,0.0000,0.0,0.00
1765406827.728518,4,187,68,1765406827728,1765406827728,0,5.76,0.0000,0.0,0.00
1765406827.770257,4,188,69,1765406827770,1765406827770,0,4.88,0.0000,0.0,0.00
1765406827.812847,4,189,70,1765406827812,1765406827812,0,4.15,0.0000,0.0,0.00
1765406827.855142,4,190,71,1765406827855,1765406827855,0,3.30,0.0000,0.0,0.00
1765406827.897419,4,191,73,1765406827897,1765406827897,0,2.37,0.0000,0.0,0.00
1765406827.939127,4,192,74,1765406827939,1765406827939,0,1.97,0.0000,0.0,0.00
1765406827.980955,4,193,75,1765406827980,1765406827980,0,1.97,0.0000,0.0,0.00
1765406828.022759,4,194,76,1765406828022,1765406828022,0,1.94,0.0000,0.0,0.00
1765406828.064721,4,195,77,1765406828064,1765406828064,0,1.93,0.0000,0.0,0.00
1765406828.110671,4,196,78,1765406828106,1765406828110,4,1.97,0.0000,0.0,0.00
1765406828.150183,4,197,79,1765406828150,1765406828150,0,1.97,0.0000,0.0,0.00
1765406828.192257,4,198,80,1765406828192,1765406828192,0,1.97,0.0000,0.0,0.00
1765406828.234487,4,199,81,1765406828234,1765406828234,0,1.96,0.0000,0.0,0.00
1765406828.276363,4,200,82,1765406828276,1765406828276,0,1.95,0.0000,0.0,0.00
1765406828.319232,4,201,83,1765406828318,1765406828318,0,1.95,0.0000,0.0,0.00
1765406828.361511,4,202,84,1765406828361,1765406828361,0,1.21,0.0000,0.0,0.00
1765406828.397438,4,203,85,1765406828397,1765406828397,0,1.23,0.0000,0.0,0.00
1765406828.442146,4,204,86,1765406828438,1765406828442,4,1.23,0.0000,0.0,0.00
1765406828.480596,4,205,87,1765406828480,1765406828480,0,1.11,0.0000,0.0,0.00
1765406828.522818,4,206,88,1765406828522,1765406828522,0,1.10,0.0000,0.0,0.00
1765406828.566738,4,207,89,1765406828565,1765406828565,0,1.05,0.0000,0.0,0.00
1765406828.611046,4,208,90,1765406828608,1765406828611,3,1.10,0.0000,0.0,0.00
1765406828.651428,4,209,91,1765406828651,1765406828651,0,1.11,0.0000,0.0,0.00
1765406828.694357,4,210,92,1765406828694,1765406828694,0,1.12,0.0000,0.0,0.00
1765406828.736680,4,211,93,1765406828736,1765406828736,0,1.12,0.0000,0.0,0.00
1765406828.779181,4,212,94,1765406828779,1765406828779,0,1.14,0.0000,0.0,0.00
1765406828.821345,4,213,95,1765406828821,1765406828821,0,1.14,0.0000,0.0,0.00
1765406828.863864,4,214,96,1765406828863,1765406828863,0,1.12,0.0000,0.0,0.00
1765406828.906643,4,215,97,1765406828906,1765406828906,0,1.14,0.0000,0.0,0.00
1765406828.950773,4,216,99,1765406828950,1765406828950,0,1.17,0.0000,0.0,0.00
1765406828.992157,4,217,100,1765406828992,1765406828992,0,1.17,0.0000,0.0,0.00
1765406829.035239,4,218,101,1765406829035,1765406829035,0,1.13,0.0000,0.0,0.00
1765406829.078809,4,219,102,1765406829077,1765406829078,1,1.11,0.0000,0.0,0.00
1765406829.120041,4,220,103,1765406829119,1765406829119,0,1.07,0.0000,0.0,0.00
1765406829.161530,4,221,105,1765406829161,1765406829161,0,1.04,0.0000,0.0,0.00
1765406829.204412,4,222,106,1765406829203,1765406829203,0,1.03,0.0000,0.0,0.00
1765406829.246269,4,223,107,1765406829246,1765406829246,0,1.03,0.0000,0.0,0.00
1765406829.287738,4,224,108,1765406829287,1765406829287,0,1.03,0.0000,0.0,0.00
1765406829.330698,4,225,109,1765406829330,1765406829330,0,1.01,0.0000,0.0,0.00
1765406829.377460,4,226,110,1765406829372,1765406829377,5,1.09,0.0000,0.0,0.00
1765406829.415311,4,227,112,1765406829415,1765406829415,0,1.14,0.0000,0.0,0.00
1765406829.458469,4,228,114,1765406829457,1765406829458,1,1.15,0.0000,0.0,0.00
1765406829.499278,4,229,115,1765406829499,1765406829499,0,1.13,0.0000,0.0,0.00
1765406829.542961,4,230,116,1765406829541,1765406829542,1,1.12,0.0000,0.0,0.00
1765406829.583768,4,231,117,1765406829583,1765406829583,0,1.13,0.0000,0.0,0.00
1765406829.627605,4,232,118,1765406829626,1765406829627,1,1.16,0.0000,0.0,0.00
1765406829.667989,4,233,119,1765406829667,1765406829667,0,1.19,0.0000,0.0,0.00
1765406829.711312,4,234,120,1765406829710,1765406829711,1,1.21,0.0000,0.0,0.00
1765406829.752304,4,235,121,1765406829752,1765406829752,0,1.23,0.0000,0.0,0.00
1765406829.795857,4,236,122,1765406829794,1765406829795,1,1.23,0.0000,0.0,0.00
1765406829.836977,4,237,123,1765406829836,1765406829836,0,1.24,0.0000,0.0,0.00
1765406829.879084,4,238,124,1765406829879,1765406829879,0,1.24,0.0000,0.0,0.00
1765406829.920678,4,239,125,1765406829920,1765406829920,0,1.24,0.0000,0.0,0.00
1765406829.964139,4,240,126,1765406829964,1765406829964,0,1.26,0.0000,0.0,0.00
1765406830.009420,4,241,127,1765406830006,1765406830008,2,1.26,0.0000,0.0,0.00
1765406830.048373,4,242,128,1765406830048,1765406830048,0,1.28,0.0000,0.0,0.00
1765406830.093354,4,243,129,1765406830091,1765406830093,2,1.31,0.0000,0.0,0.00
1765406830.132552,4,244,130,1765406830132,1765406830132,0,1.35,0.0000,0.0,0.00
1765406830.174062,4,245,131,1765406830174,1765406830174,0,1.31,0.0000,0.0,0.00
1765406830.216564,4,246,132,1765406830216,1765406830216,0,1.31,0.0000,0.0,0.00
1765406830.260343,4,247,133,1765406830258,1765406830260,2,1.33,0.0000,0.0,0.00
1765406830.300894,4,248,134,1765406830300,1765406830300,0,1.36,0.0000,0.0,0.00
1765406830.343197,4,249,135,1765406830343,1765406830343,0,1.37,0.0000,0.0,0.00
1765406830.385666,4,250,136,1765406830385,1765406830385,0,1.36,0.0000,0.0,0.00
1765406830.428180,4,251,137,1765406830428,1765406830428,0,1.37,0.0000,0.0,0.00
1765406830.471581,4,252,138,1765406830470,1765406830470,0,1.37,0.0000,0.0,0.00
1765406830.513054,4,253,140,1765406830513,1765406830513,0,1.37,0.0000,0.0,0.00
1765406830.555427,4,254,141,1765406830555,1765406830555,0,1.37,0.0000,0.0,0.00
1765406830.598301,4,255,142,1765406830598,1765406830598,0,1.38,0.0000,0.0,0.00
1765406830.640152,4,256,143,1765406830640,1765406830640,0,1.32,0.0000,0.0,0.00
1765406830.682217,4,257,144,1765406830682,1765406830682,0,1.29,0.0000,0.0,0.00
1765406830.724090,4,258,145,1765406830724,1765406830724,0,1.29,0.0000,0.0,0.00
1765406830.766136,4,259,146,1765406830766,1765406830766,0,1.29,0.0000,0.0,0.00
1765406830.811111,4,260,147,1765406830808,1765406830811,3,1.33,0.0000,0.0,0.00
1765406830.850280,4,261,148,1765406830850,1765406830850,0,1.38,0.0000,0.0,0.00
1765406830.894023,4,262,149,1765406830893,1765406830894,1,1.40,0.0000,0.0,0.00
1765406830.935349,4,263,150,1765406830935,1765406830935,0,1.32,0.0000,0.0,0.00
1765406830.978390,4,264,151,1765406830977,1765406830978,1,1.28,0.0000,0.0,0.00
1765406831.020664,4,265,152,1765406831020,1765406831020,0,1.22,0.0000,0.0,0.00
1765406831.064630,4,266,153,1765406831062,1765406831064,2,1.25,0.0000,0.0,0.00
1765406831.104297,4,267,154,1765406831104,1765406831104,0,1.27,0.0000,0.0,0.00
1765406831.147862,4,268,155,1765406831146,1765406831147,1,1.22,0.0000,0.0,0.00
1765406831.189076,4,269,156,1765406831189,1765406831189,0,1.19,0.0000,0.0,0.00
1765406831.231182,4,270,157,1765406831231,1765406831231,0,1.18,0.0000,0.0,0.00
1765406831.273731,4,271,158,1765406831273,1765406831273,0,1.18,0.0000,0.0,0.00
1765406831.314953,4,272,159,1765406831314,1765406831314,0,1.18,0.0000,0.0,0.00
1765406831.357406,4,273,160,1765406831357,1765406831357,0,1.19,0.0000,0.0,0.00
1765406831.399141,4,274,161,1765406831399,1765406831399,0,1.19,0.0000,0.0,0.00
1765406831.443071,4,275,163,1765406831441,1765406831443,2,1.21,0.0000,0.0,0.00
1765406831.483480,4,276,164,1765406831482,1765406831482,0,1.23,0.0000,0.0,0.00
1765406831.527997,4,277,165,1765406831524,1765406831527,3,1.27,0.0000,0.0,0.00
1765406831.566358,4,278,166,1765406831566,1765406831566,0,1.31,0.0000,0.0,0.00
1765406831.609348,4,279,167,1765406831608,1765406831609,1,1.31,0.0000,0.0,0.00
1765406831.650252,4,280,168,1765406831650,1765406831650,0,1.31,0.0000,0.0,0.00
1765406831.692408,4,281,169,1765406831692,1765406831692,0,1.31,0.0000,0.0,0.00
1765406831.734434,4,282,170,1765406831734,1765406831734,0,1.31,0.0000,0.0,0.00
1765406831.777915,4,283,171,1765406831776,1765406831776,0,1.29,0.0000,0.0,0.00
1765406831.819151,4,284,172,1765406831819,1765406831819,0,1.29,0.0000,0.0,0.00
1765406831.862252,4,285,173,1765406831861,1765406831861,0,1.28,0.0000,0.0,0.00
1765406831.904566,4,286,174,1765406831904,1765406831904,0,1.20,0.0000,0.0,0.00
1765406831.946642,4,287,175,1765406831946,1765406831946,0,1.15,0.0000,0.0,0.00
1765406831.991677,4,288,177,1765406831989,1765406831991,2,1.19,0.0000,0.0,0.00
1765406832.032136,4,289,178,1765406832032,1765406832032,0,1.19,0.0000,0.0,0.00
1765406832.074481,4,290,179,1765406832074,1765406832074,0,1.17,0.0000,0.0,0.00
1765406832.117176,4,291,180,1765406832117,1765406832117,0,1.17,0.0000,0.0,0.00
1765406832.159518,4,292,181,1765406832159,1765406832159,0,1.14,0.0000,0.0,0.00
1765406832.204468,4,293,182,1765406832202,1765406832204,2,1.16,0.0000,0.0,0.00
1765406832.244938,4,294,183,1765406832244,1765406832244,0,1.16,0.0000,0.0,0.00
1765406832.289776,4,295,184,1765406832286,1765406832289,3,1.20,0.0000,0.0,0.00
1765406832.329962,4,296,185,1765406832329,1765406832329,0,1.21,0.0000,0.0,0.00
1765406832.373548,4,297,186,1765406832371,1765406832373,2,1.23,0.0000,0.0,0.00
1765406832.412912,4,298,187,1765406832412,1765406832412,0,1.26,0.0000,0.0,0.00
1765406832.457670,4,299,188,1765406832454,1765406832457,3,1.30,0.0000,0.0,0.00
1765406832.496980,4,300,189,1765406832496,1765406832496,0,1.31,0.0000,0.0,0.00
1765406832.541707,4,301,190,1765406832538,1765406832540,2,1.31,0.0000,0.0,0.00
1765406832.580794,4,302,191,1765406832580,1765406832580,0,1.31,0.0000,0.0,0.00
1765406832.624018,4,303,192,1765406832622,1765406832624,2,1.29,0.0000,0.0,0.00
1765406832.663704,4,304,193,1765406832663,1765406832663,0,1.29,0.0000,0.0,0.00
1765406832.709984,4,305,194,1765406832705,1765406832708,3,1.34,0.0000,0.0,0.00
1765406832.747303,4,306,195,1765406832747,1765406832747,0,1.38,0.0000,0.0,0.00
1765406832.792992,4,307,196,1765406832789,1765406832791,2,1.38,0.0000,0.0,0.00
1765406832.831149,4,308,197,1765406832831,1765406832831,0,1.38,0.0000,0.0,0.00
1765406832.873691,4,309,198,1765406832873,1765406832873,0,1.37,0.0000,0.0,0.00
1765406832.914886,4,310,199,1765406832914,1765406832914,0,1.38,0.0000,0.0,0.00
1765406832.960078,4,311,200,1765406832957,1765406832959,2,1.42,0.0000,0.0,0.00
1765406832.999157,4,312,201,1765406832999,1765406832999,0,1.45,0.0000,0.0,0.00
1765406833.044437,4,313,202,1765406833041,1765406833044,3,1.49,0.0000,0.0,0.00
1765406833.083505,4,314,203,1765406833082,1765406833082,0,1.54,0.0000,0.0,0.00
1765406833.128410,4,315,204,1765406833124,1765406833128,4,1.60,0.0000,0.0,0.00
1765406833.167613,4,316,205,1765406833167,1765406833167,0,1.64,0.0000,0.0,0.00
1765406833.209251,4,317,207,1765406833209,1765406833209,0,1.64,0.0000,0.0,0.00
1765406833.250950,4,318,208,1765406833250,1765406833250,0,1.65,0.0000,0.0,0.00
1765406833.292958,4,319,209,1765406833292,1765406833292,0,1.65,0.0000,0.0,0.00
1765406833.334881,4,320,210,1765406833334,1765406833334,0,1.59,0.0000,0.0,0.00
1765406833.377271,4,321,211,1765406833377,1765406833377,0,1.57,0.0000,0.0,0.00
1765406833.419199,4,322,212,1765406833419,1765406833419,0,1.54,0.0000,0.0,0.00
1765406833.461190,4,323,214,1765406833461,1765406833461,0,1.52,0.0000,0.0,0.00
1765406833.503332,4,324,215,1765406833503,1765406833503,0,1.51,0.0000,0.0,0.00
1765406833.546213,4,325,216,1765406833546,1765406833546,0,1.52,0.0000,0.0,0.00
1765406833.589918,4,326,217,1765406833588,1765406833589,1,1.50,0.0000,0.0,0.00
1765406833.630538,4,327,218,1765406833630,1765406833630,0,1.49,0.0000,0.0,0.00
1765406833.673870,4,328,219,1765406833672,1765406833672,0,1.47,0.0000,0.0,0.00
1765406833.713873,4,329,220,1765406833713,1765406833713,0,1.48,0.0000,0.0,0.00
1765406833.756853,4,330,221,1765406833756,1765406833756,0,1.50,0.0000,0.0,0.00
1765406833.798904,4,331,222,1765406833798,1765406833798,0,1.50,0.0000,0.0,0.00
1765406833.841089,4,332,223,1765406833841,1765406833841,0,1.51,0.0000,0.0,0.00
1765406833.882463,4,333,224,1765406833882,1765406833882,0,1.50,0.0000,0.0,0.00
1765406833.924177,4,334,225,1765406833924,1765406833924,0,1.50,0.0000,0.0,0.00
1765406833.966574,4,335,226,1765406833966,1765406833966,0,1.46,0.0000,0.0,0.00
1765406834.008020,4,336,227,1765406834008,1765406834008,0,1.43,0.0000,0.0,0.00
1765406834.050860,4,337,228,1765406834050,1765406834050,0,1.36,0.0000,0.0,0.00
1765406834.093488,4,338,229,1765406834092,1765406834092,0,1.33,0.0000,0.0,0.00
1765406834.138047,4,339,230,1765406834134,1765406834137,3,1.37,0.0000,0.0,0.00
1765406834.176515,4,340,231,1765406834176,1765406834176,0,1.40,0.0000,0.0,0.00
1765406834.220077,4,341,232,1765406834219,1765406834220,1,1.44,0.0000,0.0,0.00
1765406834.261403,4,342,233,1765406834261,1765406834261,0,1.45,0.0000,0.0,0.00
1765406834.304481,4,343,235,1765406834304,1765406834304,0,1.46,0.0000,0.0,0.00
1765406834.347077,4,344,236,1765406834347,1765406834347,0,1.46,0.0000,0.0,0.00
1765406834.390353,4,345,237,1765406834390,1765406834390,0,1.48,0.0000,0.0,0.00
1765406834.436118,4,346,238,1765406834431,1765406834432,1,1.46,0.0000,0.0,0.00
1765406834.473681,4,347,239,1765406834473,1765406834473,0,1.48,0.0000,0.0,0.00
1765406834.516463,4,348,240,1765406834515,1765406834515,0,1.42,0.0000,0.0,0.00
1765406834.558280,4,349,241,1765406834558,1765406834558,0,1.42,0.0000,0.0,0.00
1765406834.601860,4,350,242,1765406834600,1765406834600,0,1.42,0.0000,0.0,0.00
1765406834.642368,4,351,243,1765406834642,1765406834642,0,1.41,0.0000,0.0,0.00
1765406834.685731,4,352,244,1765406834684,1765406834684,0,1.41,0.0000,0.0,0.00
1765406834.726726,4,353,245,1765406834726,1765406834726,0,1.34,0.0000,0.0,0.00
1765406834.770172,4,354,246,1765406834769,1765406834770,1,1.36,0.0000,0.0,0.00
1765406834.811662,4,355,247,1765406834811,1765406834811,0,1.31,0.0000,0.0,0.00
1765406834.853894,4,356,248,1765406834853,1765406834853,0,1.29,0.0000,0.0,0.00
1765406834.896159,4,357,249,1765406834896,1765406834896,0,1.26,0.0000,0.0,0.00
1765406834.938350,4,358,250,1765406834938,1765406834938,0,1.23,0.0000,0.0,0.00
1765406834.983417,4,359,251,1765406834980,1765406834983,3,1.23,0.0000,0.0,0.00
1765406835.024294,4,360,253,1765406835024,1765406835024,0,1.21,0.0000,0.0,0.00
1765406835.066965,4,361,254,1765406835066,1765406835066,0,1.17,0.0000,0.0,0.00
1765406835.108784,4,362,255,1765406835108,1765406835108,0,1.14,0.0000,0.0,0.00
1765406835.156379,4,363,256,1765406835153,1765406835156,3,1.23,0.0000,0.0,0.00
1765406835.200966,4,364,257,1765406835195,1765406835200,5,1.23,0.0000,0.0,0.00
1765406835.238770,4,365,258,1765406835238,1765406835238,0,1.22,0.0000,0.0,0.00
1765406835.282098,4,366,259,1765406835281,1765406835282,1,1.23,0.0000,0.0,0.00
1765406835.333351,4,367,260,1765406835331,1765406835332,1,1.36,0.0000,0.0,0.00
1765406835.375012,4,368,261,1765406835375,1765406835375,0,1.34,0.0000,0.0,0.00
1765406835.421285,4,369,262,1765406835417,1765406835421,4,1.41,0.0000,0.0,0.00
1765406835.459314,4,370,264,1765406835459,1765406835459,0,1.45,0.0000,0.0,0.00
1765406835.502480,4,371,265,1765406835501,1765406835502,1,1.41,0.0000,0.0,0.00
1765406835.543698,4,372,266,1765406835543,1765406835543,0,1.39,0.0000,0.0,0.00
1765406835.588987,4,373,267,1765406835585,1765406835588,3,1.39,0.0000,0.0,0.00
1765406835.627864,4,374,268,1765406835627,1765406835627,0,1.38,0.0000,0.0,0.00
1765406835.672988,4,375,269,1765406835669,1765406835672,3,1.36,0.0000,0.0,0.00
1765406835.712744,4,376,270,1765406835712,1765406835712,0,1.35,0.0000,0.0,0.00
1765406835.754521,4,377,271,1765406835754,1765406835754,0,1.35,0.0000,0.0,0.00
1765406835.797025,4,378,272,1765406835797,1765406835797,0,1.34,0.0000,0.0,0.00
1765406835.839346,4,379,273,1765406835839,1765406835839,0,1.34,0.0000,0.0,0.00
1765406835.881586,4,380,274,1765406835881,1765406835881,0,1.34,0.0000,0.0,0.00
1765406835.924322,4,381,275,1765406835923,1765406835923,0,1.33,0.0000,0.0,0.00
1765406835.965922,4,382,276,1765406835965,1765406835965,0,1.33,0.0000,0.0,0.00
1765406836.007661,4,383,277,1765406836007,1765406836007,0,1.33,0.0000,0.0,0.00
1765406836.049654,4,384,278,1765406836049,1765406836049,0,1.33,0.0000,0.0,0.00
1765406836.091635,4,385,279,1765406836091,1765406836091,0,1.33,0.0000,0.0,0.00
1765406836.133746,4,386,280,1765406836133,1765406836133,0,1.32,0.0000,0.0,0.00
1765406836.175993,4,387,281,1765406836175,1765406836175,0,1.31,0.0000,0.0,0.00
1765406836.217693,4,388,282,1765406836217,1765406836217,0,1.31,0.0000,0.0,0.00
1765406836.260615,4,389,283,1765406836260,1765406836260,0,1.30,0.0000,0.0,0.00
1765406836.302285,4,390,284,1765406836302,1765406836302,0,1.30,0.0000,0.0,0.00
1765406836.344279,4,391,285,1765406836344,1765406836344,0,1.30,0.0000,0.0,0.00
1765406836.391139,4,392,286,1765406836387,1765406836390,3,1.36,0.0000,0.0,0.00
1765406836.429575,4,393,287,1765406836429,1765406836429,0,1.39,0.0000,0.0,0.00
1765406836.473718,4,394,288,1765406836471,1765406836473,2,1.41,0.0000,0.0,0.00
1765406836.513754,4,395,289,1765406836513,1765406836513,0,1.44,0.0000,0.0,0.00
1765406836.556479,4,396,290,1765406836556,1765406836556,0,1.44,0.0000,0.0,0.00
1765406836.598692,4,397,291,1765406836598,1765406836598,0,1.44,0.0000,0.0,0.00
1765406836.641008,4,398,292,1765406836641,1765406836641,0,1.45,0.0000,0.0,0.00
1765406836.683008,4,399,293,1765406836683,1765406836683,0,1.40,0.0000,0.0,0.00
1765406836.725926,4,400,294,1765406836725,1765406836725,0,1.36,0.0000,0.0,0.00
1765406836.767520,4,401,295,1765406836767,1765406836767,0,1.34,0.0000,0.0,0.00
1765406836.809645,4,402,296,1765406836809,1765406836809,0,1.32,0.0000,0.0,0.00
1765406836.850939,4,403,297,1765406836850,1765406836850,0,1.33,0.0000,0.0,0.00
1765406836.893364,4,404,298,1765406836893,1765406836893,0,1.33,0.0000,0.0,0.00
1765406836.934569,4,405,299,1765406836934,1765406836934,0,1.33,0.0000,0.0,0.00
1765406836.976930,4,406,300,1765406836976,1765406836976,0,1.33,0.0000,0.0,0.00
1765406837.022335,4,407,301,1765406837019,1765406837022,3,1.40,0.0000,0.0,0.00
1765406837.061219,4,408,302,1765406837061,1765406837061,0,1.43,0.0000,0.0,0.00
1765406837.107939,4,409,303,1765406837103,1765406837106,3,1.47,0.0000,0.0,0.00
1765406837.146133,4,410,304,1765406837146,1765406837146,0,1.50,0.0000,0.0,0.00
1765406837.187668,4,411,305,1765406837187,1765406837187,0,1.51,0.0000,0.0,0.00
1765406837.230694,4,412,306,1765406837230,1765406837230,0,1.52,0.0000,0.0,0.00
1765406837.273208,4,413,307,1765406837273,1765406837273,0,1.52,0.0000,0.0,0.00
1765406837.315404,4,414,308,1765406837315,1765406837315,0,1.49,0.0000,0.0,0.00
1765406837.425784,4,415,309,1765406837423,1765406837425,2,3.05,0.0000,0.0,0.00
1765406837.466195,4,416,311,1765406837466,1765406837466,0,3.06,0.0000,0.0,0.00
1765406837.508920,4,417,312,1765406837508,1765406837508,0,3.07,0.0000,0.0,0.00
1765406837.554088,4,418,313,1765406837551,1765406837554,3,3.12,0.0000,0.0,0.00
1765406837.593620,4,419,314,1765406837593,1765406837593,0,3.12,0.0000,0.0,0.00
1765406837.636036,4,420,315,1765406837636,1765406837636,0,3.10,0.0000,0.0,0.00
1765406837.679014,4,421,316,1765406837678,1765406837679,1,3.09,0.0000,0.0,0.00
1765406837.720494,4,422,317,1765406837720,1765406837720,0,3.10,0.0000,0.0,0.00
1765406837.763066,4,423,319,1765406837763,1765406837763,0,2.99,0.0000,0.0,0.00
1765406837.804719,4,424,320,1765406837804,1765406837804,0,2.99,0.0000,0.0,0.00
1765406837.847038,4,425,321,1765406837847,1765406837847,0,2.96,0.0000,0.0,0.00
1765406837.889662,4,426,322,1765406837889,1765406837889,0,2.95,0.0000,0.0,0.00
1765406837.935689,4,427,323,1765406837931,1765406837935,4,2.84,0.0000,0.0,0.00
1765406837.974666,4,428,324,1765406837974,1765406837974,0,2.86,0.0000,0.0,0.00
1765406838.020326,4,429,325,1765406838017,1765406838018,1,2.81,0.0000,0.0,0.00
1765406838.061173,4,430,327,1765406838060,1765406838060,0,2.78,0.0000,0.0,0.00
1765406838.104133,4,431,328,1765406838103,1765406838104,1,2.80,0.0000,0.0,0.00
1765406838.145709,4,432,329,1765406838145,1765406838145,0,2.80,0.0000,0.0,0.00
1765406838.187988,4,433,330,1765406838187,1765406838187,0,2.76,0.0000,0.0,0.00
1765406838.230581,4,434,331,1765406838230,1765406838230,0,2.74,0.0000,0.0,0.00
1765406838.271903,4,435,332,1765406838271,1765406838271,0,2.71,0.0000,0.0,0.00
1765406838.314384,4,436,333,1765406838314,1765406838314,0,2.69,0.0000,0.0,0.00
1765406838.356687,4,437,334,1765406838356,1765406838356,0,2.69,0.0000,0.0,0.00
1765406838.398445,4,438,335,1765406838398,1765406838398,0,2.70,0.0000,0.0,0.00
1765406838.440469,4,439,336,1765406838440,1765406838440,0,2.70,0.0000,0.0,0.00
1765406838.486810,4,440,337,1765406838482,1765406838486,4,2.76,0.0000,0.0,0.00
1765406838.524477,4,441,338,1765406838524,1765406838524,0,2.78,0.0000,0.0,0.00
1765406838.567570,4,442,339,1765406838567,1765406838567,0,2.78,0.0000,0.0,0.00
1765406838.609126,4,443,340,1765406838609,1765406838609,0,2.78,0.0000,0.0,0.00
1765406838.651505,4,444,341,1765406838651,1765406838651,0,2.78,0.0000,0.0,0.00
1765406838.693351,4,445,342,1765406838693,1765406838693,0,2.78,0.0000,0.0,0.00
1765406838.736450,4,446,343,1765406838736,1765406838736,0,2.77,0.0000,0.0,0.00
1765406838.778207,4,447,344,1765406838778,1765406838778,0,2.77,0.0000,0.0,0.00
1765406838.820720,4,448,345,1765406838820,1765406838820,0,2.77,0.0000,0.0,0.00
1765406838.862696,4,449,346,1765406838862,1765406838862,0,2.78,0.0000,0.0,0.00
1765406838.904500,4,450,347,1765406838904,1765406838904,0,2.78,0.0000,0.0,0.00
1765406838.947538,4,451,348,1765406838947,1765406838947,0,2.77,0.0000,0.0,0.00
1765406838.990360,4,452,349,1765406838990,1765406838990,0,2.70,0.0000,0.0,0.00
1765406839.032650,4,453,350,1765406839032,1765406839032,0,2.69,0.0000,0.0,0.00
1765406839.074709,4,454,351,1765406839074,1765406839074,0,2.67,0.0000,0.0,0.00
1765406839.116949,4,455,352,1765406839116,1765406839116,0,2.66,0.0000,0.0,0.00
1765406839.159800,4,456,353,1765406839159,1765406839159,0,2.66,0.0000,0.0,0.00
1765406839.201091,4,457,354,1765406839201,1765406839201,0,2.66,0.0000,0.0,0.00
1765406839.243341,4,458,355,1765406839243,1765406839243,0,2.67,0.0000,0.0,0.00
1765406839.285817,4,459,356,1765406839285,1765406839285,0,2.67,0.0000,0.0,0.00
1765406839.321475,4,460,357,1765406839321,1765406839321,0,2.70,0.0000,0.0,0.00
1765406839.367223,4,461,358,1765406839363,1765406839367,4,2.77,0.0000,0.0,0.00
1765406839.406219,4,462,359,1765406839406,1765406839406,0,2.78,0.0000,0.0,0.00
1765406839.449165,4,463,360,1765406839448,1765406839448,0,2.78,0.0000,0.0,0.00
1765406839.490707,4,464,362,1765406839490,1765406839490,0,2.78,0.0000,0.0,0.00
1765406839.533574,4,465,363,1765406839532,1765406839533,1,2.77,0.0000,0.0,0.00
1765406839.575604,4,466,365,1765406839575,1765406839575,0,2.77,0.0000,0.0,0.00
1765406839.617816,4,467,366,1765406839617,1765406839617,0,2.70,0.0000,0.0,0.00
1765406839.664130,4,468,367,1765406839660,1765406839664,4,2.78,0.0000,0.0,0.00
1765406839.702666,4,469,368,1765406839702,1765406839702,0,2.76,0.0000,0.0,0.00
1765406839.746785,4,470,369,1765406839744,1765406839746,2,2.77,0.0000,0.0,0.00
1765406839.787171,4,471,370,1765406839787,1765406839787,0,2.77,0.0000,0.0,0.00
1765406839.829272,4,472,371,1765406839829,1765406839829,0,2.77,0.0000,0.0,0.00
1765406839.871156,4,473,372,1765406839871,1765406839871,0,2.78,0.0000,0.0,0.00
1765406839.913993,4,474,373,1765406839913,1765406839913,0,2.78,0.0000,0.0,0.00
1765406839.959223,4,475,374,1765406839955,1765406839959,4,1.27,0.0000,0.0,0.00
1765406839.997162,4,476,375,1765406839997,1765406839997,0,1.30,0.0000,0.0,0.00
1765406840.039700,4,477,376,1765406840039,1765406840039,0,1.30,0.0000,0.0,0.00
1765406840.081903,4,478,377,1765406840081,1765406840081,0,1.22,0.0000,0.0,0.00
1765406840.123771,4,479,378,1765406840123,1765406840123,0,1.19,0.0000,0.0,0.00
1765406840.165496,4,480,379,1765406840165,1765406840165,0,1.17,0.0000,0.0,0.00
1765406840.208035,4,481,380,1765406840208,1765406840208,0,1.17,0.0000,0.0,0.00
1765406840.253255,4,482,381,1765406840251,1765406840252,1,1.20,0.0000,0.0,0.00
1765406840.293323,4,483,382,1765406840293,1765406840293,0,1.19,0.0000,0.0,0.00
1765406840.334839,4,484,383,1765406840334,1765406840334,0,1.19,0.0000,0.0,0.00
1765406840.377132,4,485,384,1765406840377,1765406840377,0,1.19,0.0000,0.0,0.00
1765406840.418675,4,486,385,1765406840418,1765406840418,0,1.20,0.0000,0.0,0.00
1765406840.460236,4,487,386,1765406840460,1765406840460,0,1.12,0.0000,0.0,0.00
1765406840.502604,4,488,387,1765406840502,1765406840502,0,1.09,0.0000,0.0,0.00
1765406840.544672,4,489,388,1765406840544,1765406840544,0,1.04,0.0000,0.0,0.00
1765406840.587847,4,490,389,1765406840587,1765406840587,0,1.06,0.0000,0.0,0.00
1765406840.630679,4,491,390,1765406840630,1765406840630,0,1.04,0.0000,0.0,0.00
1765406840.672295,4,492,391,1765406840672,1765406840672,0,1.03,0.0000,0.0,0.00
1765406840.717470,4,493,392,1765406840715,1765406840717,2,1.09,0.0000,0.0,0.00
1765406840.757584,4,494,393,1765406840757,1765406840757,0,1.10,0.0000,0.0,0.00
1765406840.799510,4,495,395,1765406840799,1765406840799,0,1.09,0.0000,0.0,0.00
1765406840.841157,4,496,396,1765406840841,1765406840841,0,1.07,0.0000,0.0,0.00
1765406840.883011,4,497,397,1765406840883,1765406840883,0,1.07,0.0000,0.0,0.00
1765406840.924797,4,498,398,1765406840924,1765406840924,0,1.08,0.0000,0.0,0.00
1765406840.966491,4,499,399,1765406840966,1765406840966,0,1.08,0.0000,0.0,0.00
1765406841.008162,4,500,400,1765406841008,1765406841008,0,0.98,0.0000,0.0,0.00
1765406841.050316,4,501,401,1765406841050,1765406841050,0,0.95,0.0000,0.0,0.00
1765406841.097154,4,502,403,1765406841093,1765406841097,4,1.04,0.0000,0.0,0.00
1765406841.135557,4,503,404,1765406841135,1765406841135,0,1.08,0.0000,0.0,0.00
1765406841.178692,4,504,405,1765406841177,1765406841178,1,1.10,0.0000,0.0,0.00
1765406841.219966,4,505,406,1765406841219,1765406841219,0,1.11,0.0000,0.0,0.00
1765406841.262387,4,506,407,1765406841261,1765406841261,0,1.09,0.0000,0.0,0.00
1765406841.304240,4,507,408,1765406841304,1765406841304,0,1.11,0.0000,0.0,0.00
1765406841.347558,4,508,409,1765406841347,1765406841347,0,1.13,0.0000,0.0,0.00
1765406841.389521,4,509,410,1765406841389,1765406841389,0,1.13,0.0000,0.0,0.00
1765406841.431697,4,510,411,1765406841431,1765406841431,0,1.13,0.0000,0.0,0.00
1765406841.474856,4,511,413,1765406841473,1765406841474,1,1.13,0.0000,0.0,0.00
1765406841.515329,4,512,414,1765406841515,1765406841515,0,1.12,0.0000,0.0,0.00
1765406841.557702,4,513,415,1765406841557,1765406841557,0,1.12,0.0000,0.0,0.00
1765406841.599937,4,514,416,1765406841599,1765406841599,0,1.12,0.0000,0.0,0.00
1765406841.642171,4,515,417,1765406841641,1765406841642,1,1.14,0.0000,0.0,0.00
1765406841.683620,4,516,418,1765406841683,1765406841683,0,1.13,0.0000,0.0,0.00
1765406841.726013,4,517,419,1765406841726,1765406841726,0,1.15,0.0000,0.0,0.00
1765406841.768041,4,518,420,1765406841768,1765406841768,0,1.15,0.0000,0.0,0.00
1765406841.809589,4,519,421,1765406841809,1765406841809,0,1.16,0.0000,0.0,0.00
1765406841.850988,4,520,422,1765406841850,1765406841850,0,1.11,0.0000,0.0,0.00
1765406841.893709,4,521,423,1765406841893,1765406841893,0,1.04,0.0000,0.0,0.00
1765406841.936043,4,522,424,1765406841936,1765406841936,0,1.03,0.0000,0.0,0.00
1765406841.977594,4,523,425,1765406841977,1765406841977,0,1.04,0.0000,0.0,0.00
1765406842.023869,4,524,426,1765406842020,1765406842023,3,1.12,0.0000,0.0,0.00
1765406842.064023,4,525,427,1765406842063,1765406842063,0,1.13,0.0000,0.0,0.00
1765406842.108808,4,526,428,1765406842105,1765406842108,3,1.19,0.0000,0.0,0.00
1765406842.147699,4,527,429,1765406842147,1765406842147,0,1.22,0.0000,0.0,0.00
1765406842.190460,4,528,430,1765406842189,1765406842190,1,1.13,0.0000,0.0,0.00
1765406842.231761,4,529,431,1765406842231,1765406842231,0,1.10,0.0000,0.0,0.00
1765406842.275598,4,530,432,1765406842273,1765406842275,2,1.10,0.0000,0.0,0.00
1765406842.316365,4,531,433,1765406842315,1765406842316,1,1.10,0.0000,0.0,0.00
1765406842.358195,4,532,434,1765406842358,1765406842358,0,1.10,0.0000,0.0,0.00
1765406842.399917,4,533,435,1765406842399,1765406842399,0,1.11,0.0000,0.0,0.00
1765406842.442112,4,534,436,1765406842442,1765406842442,0,1.13,0.0000,0.0,0.00
1765406842.483698,4,535,437,1765406842483,1765406842483,0,1.06,0.0000,0.0,0.00
1765406842.526296,4,536,438,1765406842526,1765406842526,0,1.03,0.0000,0.0,0.00
1765406842.602133,4,537,439,1765406842601,1765406842601,0,1.72,0.0000,0.0,0.00
1765406842.644890,4,538,440,1765406842643,1765406842644,1,1.72,0.0000,0.0,0.00
1765406842.685860,4,539,441,1765406842685,1765406842685,0,1.73,0.0000,0.0,0.00
1765406842.730452,4,540,442,1765406842728,1765406842730,2,1.77,0.0000,0.0,0.00
1765406842.770782,4,541,443,1765406842770,1765406842770,0,1.80,0.0000,0.0,0.00
1765406842.813595,4,542,445,1765406842813,1765406842813,0,1.78,0.0000,0.0,0.00
1765406842.855667,4,543,446,1765406842855,1765406842855,0,1.76,0.0000,0.0,0.00
1765406842.897972,4,544,447,1765406842897,1765406842897,0,1.75,0.0000,0.0,0.00
1765406842.940966,4,545,448,1765406842940,1765406842940,0,1.75,0.0000,0.0,0.00
1765406842.983125,4,546,449,1765406842983,1765406842983,0,1.73,0.0000,0.0,0.00
1765406843.028703,4,547,450,1765406843025,1765406843028,3,1.77,0.0000,0.0,0.00
1765406843.067598,4,548,451,1765406843067,1765406843067,0,1.81,0.0000,0.0,0.00
1765406843.112659,4,549,452,1765406843109,1765406843111,2,1.82,0.0000,0.0,0.00
1765406843.151571,4,550,453,1765406843151,1765406843151,0,1.86,0.0000,0.0,0.00
1765406843.197250,4,551,454,1765406843194,1765406843197,3,1.91,0.0000,0.0,0.00
1765406843.236419,4,552,455,1765406843236,1765406843236,0,1.96,0.0000,0.0,0.00
1765406843.278230,4,553,456,1765406843278,1765406843278,0,1.92,0.0000,0.0,0.00
1765406843.321358,4,554,457,1765406843320,1765406843321,1,1.89,0.0000,0.0,0.00
1765406843.363849,4,555,458,1765406843363,1765406843363,0,1.89,0.0000,0.0,0.00
1765406843.406060,4,556,459,1765406843406,1765406843406,0,1.88,0.0000,0.0,0.00
1765406843.447794,4,557,460,1765406843447,1765406843447,0,1.90,0.0000,0.0,0.00
1765406843.490075,4,558,462,1765406843489,1765406843489,0,1.88,0.0000,0.0,0.00
1765406843.531636,4,559,463,1765406843531,1765406843531,0,1.88,0.0000,0.0,0.00
1765406843.574383,4,560,464,1765406843573,1765406843573,0,1.88,0.0000,0.0,0.00
1765406843.615891,4,561,465,1765406843615,1765406843615,0,1.88,0.0000,0.0,0.00
1765406843.658259,4,562,466,1765406843658,1765406843658,0,1.81,0.0000,0.0,0.00
1765406843.700693,4,563,467,1765406843700,1765406843700,0,1.75,0.0000,0.0,0.00
1765406843.745962,4,564,468,1765406843742,1765406843745,3,1.79,0.0000,0.0,0.00
1765406843.784925,4,565,469,1765406843784,1765406843784,0,1.82,0.0000,0.0,0.00
1765406843.828998,4,566,470,1765406843826,1765406843828,2,1.83,0.0000,0.0,0.00
1765406843.868605,4,567,471,1765406843868,1765406843868,0,1.86,0.0000,0.0,0.00
1765406843.911376,4,568,472,1765406843910,1765406843911,1,1.86,0.0000,0.0,0.00
1765406843.952059,4,569,473,1765406843952,1765406843952,0,1.88,0.0000,0.0,0.00
1765406843.994603,4,570,474,1765406843994,1765406843994,0,1.88,0.0000,0.0,0.00
1765406844.036777,4,571,475,1765406844036,1765406844036,0,1.88,0.0000,0.0,0.00
1765406844.078785,4,572,476,1765406844078,1765406844078,0,1.87,0.0000,0.0,0.00
1765406844.121519,4,573,478,1765406844121,1765406844121,0,1.86,0.0000,0.0,0.00
1765406844.164592,4,574,479,1765406844164,1765406844164,0,1.86,0.0000,0.0,0.00
1765406844.208781,4,575,480,1765406844206,1765406844208,2,1.88,0.0000,0.0,0.00
1765406844.249079,4,576,481,1765406844249,1765406844249,0,1.88,0.0000,0.0,0.00
1765406844.293253,4,577,482,1765406844291,1765406844293,2,1.89,0.0000,0.0,0.00
1765406844.333037,4,578,483,1765406844333,1765406844333,0,1.93,0.0000,0.0,0.00
1765406844.376948,4,579,484,1765406844374,1765406844376,2,1.90,0.0000,0.0,0.00
1765406844.417897,4,580,485,1765406844416,1765406844417,1,1.90,0.0000,0.0,0.00
1765406844.460268,4,581,486,1765406844459,1765406844460,1,1.90,0.0000,0.0,0.00
1765406844.502371,4,582,487,1765406844502,1765406844502,0,1.91,0.0000,0.0,0.00
1765406844.545964,4,583,488,1765406844545,1765406844545,0,1.89,0.0000,0.0,0.00
1765406844.587685,4,584,489,1765406844587,1765406844587,0,1.84,0.0000,0.0,0.00
1765406844.629385,4,585,490,1765406844629,1765406844629,0,1.81,0.0000,0.0,0.00
1765406844.674589,4,586,491,1765406844670,1765406844674,4,1.81,0.0000,0.0,0.00
1765406844.713840,4,587,492,1765406844713,1765406844713,0,1.81,0.0000,0.0,0.00
1765406844.756452,4,588,493,1765406844756,1765406844756,0,1.81,0.0000,0.0,0.00
1765406844.799372,4,589,494,1765406844799,1765406844799,0,1.79,0.0000,0.0,0.00
1765406844.841260,4,590,495,1765406844841,1765406844841,0,1.78,0.0000,0.0,0.00
1765406844.887186,4,591,496,1765406844883,1765406844887,4,1.81,0.0000,0.0,0.00
1765406844.925315,4,592,497,1765406844925,1765406844925,0,1.87,0.0000,0.0,0.00
1765406844.968966,4,593,498,1765406844966,1765406844967,1,1.85,0.0000,0.0,0.00
1765406845.010148,4,594,499,1765406845010,1765406845010,0,1.85,0.0000,0.0,0.00
1765406845.051651,4,595,500,1765406845051,1765406845051,0,1.85,0.0000,0.0,0.00
1765406845.094958,4,596,501,1765406845093,1765406845094,1,1.85,0.0000,0.0,0.00
1765406845.136580,4,597,502,1765406845136,1765406845136,0,1.27,0.0000,0.0,0.00
1765406845.178663,4,598,503,1765406845178,1765406845178,0,1.26,0.0000,0.0,0.00
1765406845.220702,4,599,504,1765406845220,1765406845220,0,1.25,0.0000,0.0,0.00
1765406845.262579,4,600,505,1765406845262,1765406845262,0,1.20,0.0000,0.0,0.00
1765406845.304939,4,601,506,1765406845304,1765406845304,0,1.17,0.0000,0.0,0.00
1765406845.349705,4,602,507,1765406845346,1765406845349,3,1.21,0.0000,0.0,0.00
1765406845.388609,4,603,508,1765406845388,1765406845388,0,1.25,0.0000,0.0,0.00
1765406845.433346,4,604,509,1765406845430,1765406845433,3,1.30,0.0000,0.0,0.00
1765406845.472881,4,605,511,1765406845472,1765406845472,0,1.33,0.0000,0.0,0.00
1765406845.517876,4,606,513,1765406845515,1765406845517,2,1.37,0.0000,0.0,0.00
1765406845.558686,4,607,514,1765406845558,1765406845558,0,1.33,0.0000,0.0,0.00
1765406845.600145,4,608,515,1765406845600,1765406845600,0,1.29,0.0000,0.0,0.00
1765406845.641974,4,609,516,1765406845641,1765406845641,0,1.27,0.0000,0.0,0.00
1765406845.684636,4,610,517,1765406845684,1765406845684,0,1.26,0.0000,0.0,0.00
1765406845.725775,4,611,518,1765406845725,1765406845725,0,1.20,0.0000,0.0,0.00
1765406845.767375,4,612,519,1765406845767,1765406845767,0,1.16,0.0000,0.0,0.00
1765406845.809302,4,613,520,1765406845809,1765406845809,0,1.16,0.0000,0.0,0.00
1765406845.851198,4,614,521,1765406845851,1765406845851,0,1.14,0.0000,0.0,0.00
1765406845.893481,4,615,522,1765406845893,1765406845893,0,1.14,0.0000,0.0,0.00
1765406845.936203,4,616,523,1765406845936,1765406845936,0,1.14,0.0000,0.0,0.00
1765406845.977846,4,617,524,1765406845977,1765406845977,0,1.14,0.0000,0.0,0.00
1765406846.020105,4,618,525,1765406846020,1765406846020,0,1.16,0.0000,0.0,0.00
1765406846.062420,4,619,526,1765406846062,1765406846062,0,1.16,0.0000,0.0,0.00
1765406846.104812,4,620,527,1765406846104,1765406846104,0,1.16,0.0000,0.0,0.00
1765406846.150191,4,621,528,1765406846147,1765406846150,3,1.23,0.0000,0.0,0.00
1765406846.189037,4,622,529,1765406846189,1765406846189,0,1.26,0.0000,0.0,0.00
1765406846.233155,4,623,530,1765406846231,1765406846233,2,1.29,0.0000,0.0,0.00
1765406846.273271,4,624,531,1765406846273,1765406846273,0,1.26,0.0000,0.0,0.00
1765406846.317610,4,625,532,1765406846315,1765406846317,2,1.26,0.0000,0.0,0.00
1765406846.358253,4,626,533,1765406846358,1765406846358,0,1.24,0.0000,0.0,0.00
1765406846.400365,4,627,534,1765406846400,1765406846400,0,1.21,0.0000,0.0,0.00
1765406846.442624,4,628,535,1765406846442,1765406846442,0,1.20,0.0000,0.0,0.00
1765406846.484646,4,629,536,1765406846484,1765406846484,0,1.19,0.0000,0.0,0.00
1765406846.526128,4,630,537,1765406846526,1765406846526,0,1.19,0.0000,0.0,0.00
1765406846.568345,4,631,538,1765406846568,1765406846568,0,1.19,0.0000,0.0,0.00
1765406846.610615,4,632,539,1765406846610,1765406846610,0,1.19,0.0000,0.0,0.00
1765406846.653642,4,633,540,1765406846652,1765406846652,0,1.17,0.0000,0.0,0.00
1765406846.694683,4,634,541,1765406846694,1765406846694,0,1.16,0.0000,0.0,0.00
1765406846.737155,4,635,542,1765406846736,1765406846736,0,1.12,0.0000,0.0,0.00
1765406846.778652,4,636,543,1765406846778,1765406846778,0,1.10,0.0000,0.0,0.00
1765406846.820532,4,637,544,1765406846820,1765406846820,0,1.06,0.0000,0.0,0.00
1765406846.862401,4,638,545,1765406846862,1765406846862,0,1.04,0.0000,0.0,0.00
1765406846.904098,4,639,546,1765406846904,1765406846904,0,1.02,0.0000,0.0,0.00
1765406846.945838,4,640,547,1765406846945,1765406846945,0,1.02,0.0000,0.0,0.00
1765406846.984598,4,641,548,1765406846980,1765406846983,3,1.04,0.0000,0.0,0.00
1765406847.022217,4,642,549,1765406847022,1765406847022,0,1.07,0.0000,0.0,0.00
1765406847.067135,4,643,550,1765406847064,1765406847067,3,1.12,0.0000,0.0,0.00
1765406847.106630,4,644,551,1765406847106,1765406847106,0,1.16,0.0000,0.0,0.00
1765406847.149563,4,645,553,1765406847148,1765406847149,1,1.17,0.0000,0.0,0.00
1765406847.191222,4,646,554,1765406847191,1765406847191,0,1.14,0.0000,0.0,0.00
1765406847.233810,4,647,555,1765406847233,1765406847233,0,1.07,0.0000,0.0,0.00
1765406847.275285,4,648,556,1765406847275,1765406847275,0,1.06,0.0000,0.0,0.00
1765406847.317260,4,649,557,1765406847317,1765406847317,0,1.05,0.0000,0.0,0.00
1765406847.362704,4,650,558,1765406847359,1765406847361,2,1.07,0.0000,0.0,0.00
1765406847.400756,4,651,559,1765406847400,1765406847400,0,1.10,0.0000,0.0,0.00
1765406847.442705,4,652,560,1765406847442,1765406847442,0,1.01,0.0000,0.0,0.00
1765406847.485610,4,653,561,1765406847485,1765406847485,0,1.02,0.0000,0.0,0.00
1765406847.529902,4,654,563,1765406847527,1765406847529,2,1.02,0.0000,0.0,0.00
1765406847.569408,4,655,564,1765406847569,1765406847569,0,1.05,0.0000,0.0,0.00
1765406847.612923,4,656,565,1765406847611,1765406847612,1,1.05,0.0000,0.0,0.00
1765406847.653549,4,657,566,1765406847653,1765406847653,0,1.07,0.0000,0.0,0.00
1765406847.697132,4,658,567,1765406847696,1765406847697,1,1.09,0.0000,0.0,0.00
1765406847.738972,4,659,568,1765406847738,1765406847738,0,1.11,0.0000,0.0,0.00
1765406847.781368,4,660,569,1765406847781,1765406847781,0,1.12,0.0000,0.0,0.00
1765406847.823744,4,661,570,1765406847823,1765406847823,0,1.12,0.0000,0.0,0.00
1765406847.865814,4,662,571,1765406847865,1765406847865,0,1.10,0.0000,0.0,0.00
1765406847.908418,4,663,572,1765406847908,1765406847908,0,1.03,0.0000,0.0,0.00
1765406847.952411,4,664,573,1765406847952,1765406847952,0,1.02,0.0000,0.0,0.00
1765406847.997542,4,665,574,1765406847994,1765406847997,3,1.05,0.0000,0.0,0.00
1765406848.036741,4,666,575,1765406848036,1765406848036,0,1.02,0.0000,0.0,0.00
1765406848.078781,4,667,576,1765406848078,1765406848078,0,1.00,0.0000,0.0,0.00
1765406848.120839,4,668,577,1765406848120,1765406848120,0,1.00,0.0000,0.0,0.00
1765406848.164137,4,669,578,1765406848163,1765406848163,0,1.01,0.0000,0.0,0.00
1765406848.207229,4,670,579,1765406848206,1765406848207,1,1.04,0.0000,0.0,0.00
1765406848.249208,4,671,580,1765406848249,1765406848249,0,1.03,0.0000,0.0,0.00
1765406848.292616,4,672,581,1765406848292,1765406848292,0,1.05,0.0000,0.0,0.00
1765406848.334071,4,673,582,1765406848334,1765406848334,0,1.05,0.0000,0.0,0.00
1765406848.376791,4,674,583,1765406848376,1765406848376,0,1.05,0.0000,0.0,0.00
1765406848.418745,4,675,584,1765406848418,1765406848418,0,1.05,0.0000,0.0,0.00
1765406848.462685,4,676,585,1765406848460,1765406848462,2,1.07,0.0000,0.0,0.00
1765406848.501994,4,677,586,1765406848501,1765406848501,0,1.09,0.0000,0.0,0.00
1765406848.549019,4,678,587,1765406848545,1765406848548,3,1.18,0.0000,0.0,0.00
1765406848.587112,4,679,588,1765406848587,1765406848587,0,1.21,0.0000,0.0,0.00
1765406848.631407,4,680,589,1765406848630,1765406848631,1,1.26,0.0000,0.0,0.00
1765406848.671906,4,681,590,1765406848671,1765406848671,0,1.19,0.0000,0.0,0.00
1765406848.715181,4,682,591,1765406848714,1765406848714,0,1.18,0.0000,0.0,0.00
1765406848.756635,4,683,592,1765406848756,1765406848756,0,1.13,0.0000,0.0,0.00
1765406848.798292,4,684,593,1765406848798,1765406848798,0,1.11,0.0000,0.0,0.00
1765406848.840541,4,685,595,1765406848840,1765406848840,0,1.07,0.0000,0.0,0.00
1765406848.882714,4,686,596,1765406848882,1765406848882,0,1.06,0.0000,0.0,0.00
1765406848.928440,4,687,597,1765406848924,1765406848924,0,1.06,0.0000,0.0,0.00
1765406848.966570,4,688,598,1765406848966,1765406848966,0,1.06,0.0000,0.0,0.00
1765406849.008970,4,689,599,1765406849008,1765406849008,0,1.06,0.0000,0.0,0.00
1765406849.050363,4,690,600,1765406849050,1765406849050,0,1.06,0.0000,0.0,0.00
1765406849.092081,4,691,601,1765406849092,1765406849092,0,1.06,0.0000,0.0,0.00
1765406849.134347,4,692,602,1765406849133,1765406849134,1,1.06,0.0000,0.0,0.00
1765406849.176147,4,693,603,1765406849176,1765406849176,0,1.06,0.0000,0.0,0.00
1765406849.217636,4,694,604,1765406849217,1765406849217,0,1.07,0.0000,0.0,0.00
1765406849.260148,4,695,605,1765406849260,1765406849260,0,1.09,0.0000,0.0,0.00
1765406849.302325,4,696,606,1765406849302,1765406849302,0,1.09,0.0000,0.0,0.00
1765406849.346215,4,697,607,1765406849345,1765406849346,1,1.13,0.0000,0.0,0.00
1765406849.387265,4,698,608,1765406849387,1765406849387,0,1.14,0.0000,0.0,0.00
1765406849.429547,4,699,609,1765406849429,1765406849429,0,1.14,0.0000,0.0,0.00
1765406849.471910,4,700,610,1765406849471,1765406849471,0,1.13,0.0000,0.0,0.00
1765406849.514346,4,701,612,1765406849513,1765406849514,1,1.10,0.0000,0.0,0.00
1765406849.555705,4,702,613,1765406849555,1765406849555,0,1.08,0.0000,0.0,0.00
1765406849.598875,4,703,614,1765406849597,1765406849597,0,1.02,0.0000,0.0,0.00
1765406849.640092,4,704,615,1765406849640,1765406849640,0,1.00,0.0000,0.0,0.00
1765406849.681792,4,705,616,1765406849681,1765406849681,0,1.00,0.0000,0.0,0.00
1765406849.724048,4,706,617,1765406849724,1765406849724,0,1.02,0.0000,0.0,0.00
1765406849.765566,4,707,618,1765406849765,1765406849765,0,1.03,0.0000,0.0,0.00
1765406849.811084,4,708,619,1765406849807,1765406849811,4,1.10,0.0000,0.0,0.00
1765406849.850093,4,709,620,1765406849850,1765406849850,0,1.14,0.0000,0.0,0.00
1765406849.896177,4,710,621,1765406849892,1765406849896,4,1.18,0.0000,0.0,0.00
1765406849.934909,4,711,622,1765406849934,1765406849934,0,1.20,0.0000,0.0,0.00
1765406849.978952,4,712,623,1765406849976,1765406849977,1,1.21,0.0000,0.0,0.00
1765406850.019410,4,713,624,1765406850018,1765406850018,0,1.21,0.0000,0.0,0.00
1765406850.060726,4,714,625,1765406850060,1765406850060,0,1.17,0.0000,0.0,0.00
1765406850.103236,4,715,626,1765406850103,1765406850103,0,1.16,0.0000,0.0,0.00
1765406850.144713,4,716,627,1765406850144,1765406850144,0,1.16,0.0000,0.0,0.00
1765406850.190531,4,717,629,1765406850187,1765406850190,3,1.23,0.0000,0.0,0.00
1765406850.230638,4,718,630,1765406850230,1765406850230,0,1.22,0.0000,0.0,0.00
1765406850.272630,4,719,631,1765406850272,1765406850272,0,1.20,0.0000,0.0,0.00
1765406850.317404,4,720,632,1765406850316,1765406850316,0,1.23,0.0000,0.0,0.00
1765406850.358855,4,721,633,1765406850358,1765406850358,0,1.23,0.0000,0.0,0.00
1765406850.403915,4,722,634,1765406850400,1765406850403,3,1.28,0.0000,0.0,0.00
1765406850.442860,4,723,635,1765406850442,1765406850442,0,1.30,0.0000,0.0,0.00
1765406850.485550,4,724,637,1765406850485,1765406850485,0,1.28,0.0000,0.0,0.00
1765406850.527502,4,725,638,1765406850527,1765406850527,0,1.22,0.0000,0.0,0.00
1765406850.569854,4,726,639,1765406850569,1765406850569,0,1.19,0.0000,0.0,0.00
1765406850.611871,4,727,640,1765406850611,1765406850611,0,1.19,0.0000,0.0,0.00
1765406850.654138,4,728,641,1765406850654,1765406850654,0,1.20,0.0000,0.0,0.00
1765406850.696527,4,729,642,1765406850696,1765406850696,0,1.19,0.0000,0.0,0.00
1765406850.738432,4,730,643,1765406850738,1765406850738,0,1.15,0.0000,0.0,0.00
1765406850.780097,4,731,644,1765406850780,1765406850780,0,1.15,0.0000,0.0,0.00
1765406850.827018,4,732,645,1765406850822,1765406850822,0,1.13,0.0000,0.0,0.00
1765406850.865148,4,733,646,1765406850865,1765406850865,0,1.15,0.0000,0.0,0.00
1765406850.907018,4,734,647,1765406850907,1765406850907,0,1.15,0.0000,0.0,0.00
1765406850.949395,4,735,648,1765406850949,1765406850949,0,1.15,0.0000,0.0,0.00
1765406850.991605,4,736,649,1765406850991,1765406850991,0,1.11,0.0000,0.0,0.00
1765406851.034145,4,737,651,1765406851034,1765406851034,0,1.10,0.0000,0.0,0.00
1765406851.075409,4,738,652,1765406851075,1765406851075,0,1.00,0.0000,0.0,0.00
1765406851.117466,4,739,653,1765406851117,1765406851117,0,0.97,0.0000,0.0,0.00
1765406851.158793,4,740,654,1765406851158,1765406851158,0,0.93,0.0000,0.0,0.00
1765406851.201051,4,741,655,1765406851201,1765406851201,0,0.93,0.0000,0.0,0.00
1765406851.243032,4,742,656,1765406851243,1765406851243,0,0.91,0.0000,0.0,0.00
1765406851.285608,4,743,657,1765406851285,1765406851285,0,0.91,0.0000,0.0,0.00
1765406851.327770,4,744,658,1765406851327,1765406851327,0,0.91,0.0000,0.0,0.00
1765406851.369761,4,745,659,1765406851369,1765406851369,0,0.91,0.0000,0.0,0.00
1765406851.411016,4,746,660,1765406851411,1765406851411,0,0.91,0.0000,0.0,0.00
1765406851.457726,4,747,661,1765406851453,1765406851456,3,0.98,0.0000,0.0,0.00
1765406851.495104,4,748,662,1765406851495,1765406851495,0,1.01,0.0000,0.0,0.00
1765406851.538626,4,749,664,1765406851536,1765406851538,2,1.03,0.0000,0.0,0.00
1765406851.579095,4,750,665,1765406851578,1765406851579,1,1.04,0.0000,0.0,0.00
1765406851.623060,4,751,666,1765406851620,1765406851623,3,1.08,0.0000,0.0,0.00
1765406851.663018,4,752,667,1765406851662,1765406851662,0,1.11,0.0000,0.0,0.00
1765406851.706454,4,753,668,1765406851704,1765406851704,0,1.11,0.0000,0.0,0.00
1765406851.746044,4,754,669,1765406851746,1765406851746,0,1.10,0.0000,0.0,0.00
1765406851.790229,4,755,670,1765406851788,1765406851790,2,1.12,0.0000,0.0,0.00
1765406851.830552,4,756,671,1765406851830,1765406851830,0,1.14,0.0000,0.0,0.00
1765406851.873108,4,757,672,1765406851873,1765406851873,0,1.12,0.0000,0.0,0.00
1765406851.915900,4,758,673,1765406851915,1765406851915,0,1.11,0.0000,0.0,0.00
1765406851.958206,4,759,674,1765406851958,1765406851958,0,1.13,0.0000,0.0,0.00
1765406851.999715,4,760,675,1765406851999,1765406851999,0,1.14,0.0000,0.0,0.00
1765406852.042774,4,761,676,1765406852042,1765406852042,0,1.14,0.0000,0.0,0.00
1765406852.084968,4,762,677,1765406852084,1765406852084,0,1.13,0.0000,0.0,0.00
1765406852.126219,4,763,678,1765406852126,1765406852126,0,1.13,0.0000,0.0,0.00
1765406852.171267,4,764,679,1765406852168,1765406852171,3,1.17,0.0000,0.0,0.00
1765406852.212034,4,765,680,1765406852211,1765406852212,1,1.17,0.0000,0.0,0.00
1765406852.255833,4,766,681,1765406852253,1765406852255,2,1.17,0.0000,0.0,0.00
1765406852.295455,4,767,682,1765406852295,1765406852295,0,1.18,0.0000,0.0,0.00
1765406852.337771,4,768,683,1765406852337,1765406852337,0,1.10,0.0000,0.0,0.00
1765406852.521385,4,769,684,1765406852513,1765406852521,8,4.80,0.0000,0.0,0.00
1765406852.546077,4,770,685,1765406852538,1765406852544,6,4.81,0.0000,0.0,0.00
1765406852.573968,4,771,686,1765406852573,1765406852573,0,4.84,0.0000,0.0,0.00
1765406852.605330,4,772,687,1765406852605,1765406852605,0,4.89,0.0000,0.0,0.00
1765406852.650728,4,773,688,1765406852648,1765406852650,2,4.91,0.0000,0.0,0.00
1765406852.690451,4,774,689,1765406852690,1765406852690,0,4.92,0.0000,0.0,0.00
1765406852.735335,4,775,690,1765406852732,1765406852734,2,4.92,0.0000,0.0,0.00
1765406852.773674,4,776,691,1765406852773,1765406852773,0,4.93,0.0000,0.0,0.00
1765406852.817220,4,777,692,1765406852816,1765406852816,0,4.87,0.0000,0.0,0.00
1765406852.857940,4,778,693,1765406852857,1765406852857,0,4.86,0.0000,0.0,0.00
1765406852.901441,4,779,695,1765406852900,1765406852900,0,4.86,0.0000,0.0,0.00
1765406852.943703,4,780,696,1765406852943,1765406852943,0,4.86,0.0000,0.0,0.00
1765406852.986790,4,781,697,1765406852986,1765406852986,0,4.85,0.0000,0.0,0.00
1765406853.045982,4,782,698,1765406853040,1765406853044,4,5.23,0.0000,0.0,0.00
1765406853.082875,4,783,699,1765406853082,1765406853082,0,5.23,0.0000,0.0,0.00
1765406853.129160,4,784,700,1765406853124,1765406853127,3,5.26,0.0000,0.0,0.00
1765406853.167574,4,785,701,1765406853167,1765406853167,0,5.27,0.0000,0.0,0.00
1765406853.211418,4,786,703,1765406853211,1765406853211,0,5.26,0.0000,0.0,0.00
1765406853.253424,4,787,704,1765406853252,1765406853253,1,5.26,0.0000,0.0,0.00
1765406853.295685,4,788,705,1765406853295,1765406853295,0,5.26,0.0000,0.0,0.00
1765406853.342292,4,789,706,1765406853338,1765406853342,4,5.34,0.0000,0.0,0.00
1765406853.380399,4,790,707,1765406853380,1765406853380,0,5.36,0.0000,0.0,0.00
1765406853.424375,4,791,708,1765406853422,1765406853424,2,5.35,0.0000,0.0,0.00
1765406853.465039,4,792,709,1765406853465,1765406853465,0,5.35,0.0000,0.0,0.00
1765406853.506551,4,793,710,1765406853506,1765406853506,0,5.36,0.0000,0.0,0.00
1765406853.548405,4,794,712,1765406853547,1765406853547,0,5.37,0.0000,0.0,0.00
1765406853.590567,4,795,713,1765406853590,1765406853590,0,5.36,0.0000,0.0,0.00
1765406853.631788,4,796,714,1765406853631,1765406853631,0,5.37,0.0000,0.0,0.00
1765406853.673409,4,797,715,1765406853673,1765406853673,0,5.37,0.0000,0.0,0.00
1765406853.715431,4,798,716,1765406853715,1765406853715,0,5.37,0.0000,0.0,0.00
1765406853.757805,4,799,717,1765406853757,1765406853757,0,5.37,0.0000,0.0,0.00
1765406853.803841,4,800,718,1765406853799,1765406853803,4,5.41,0.0000,0.0,0.00
1765406853.841128,4,801,719,1765406853841,1765406853841,0,5.43,0.0000,0.0,0.00
1765406853.892741,4,802,720,1765406853887,1765406853891,4,5.59,0.0000,0.0,0.00
1765406853.930441,4,803,721,1765406853930,1765406853930,0,5.61,0.0000,0.0,0.00
1765406853.976516,4,804,722,1765406853973,1765406853976,3,5.65,0.0000,0.0,0.00
1765406854.014476,4,805,723,1765406854014,1765406854014,0,5.67,0.0000,0.0,0.00
1765406854.055996,4,806,724,1765406854055,1765406854055,0,5.68,0.0000,0.0,0.00
1765406854.097488,4,807,725,1765406854097,1765406854097,0,5.66,0.0000,0.0,0.00
1765406854.139178,4,808,726,1765406854139,1765406854139,0,5.65,0.0000,0.0,0.00
1765406854.182438,4,809,727,1765406854181,1765406854181,0,5.65,0.0000,0.0,0.00
1765406854.227306,4,810,728,1765406854223,1765406854227,4,5.69,0.0000,0.0,0.00
1765406854.266538,4,811,729,1765406854265,1765406854265,0,5.72,0.0000,0.0,0.00
1765406854.310557,4,812,730,1765406854307,1765406854309,2,5.69,0.0000,0.0,0.00
1765406854.350399,4,813,731,1765406854349,1765406854350,1,5.70,0.0000,0.0,0.00
1765406854.393247,4,814,732,1765406854392,1765406854393,1,5.69,0.0000,0.0,0.00
1765406854.433810,4,815,733,1765406854433,1765406854433,0,5.72,0.0000,0.0,0.00
1765406854.475754,4,816,734,1765406854475,1765406854475,0,5.71,0.0000,0.0,0.00
1765406854.518896,4,817,735,1765406854518,1765406854518,0,5.71,0.0000,0.0,0.00
1765406854.560722,4,818,736,1765406854560,1765406854560,0,5.71,0.0000,0.0,0.00
1765406854.607590,4,819,737,1765406854604,1765406854606,2,5.75,0.0000,0.0,0.00
1765406854.646861,4,820,738,1765406854646,1765406854646,0,5.76,0.0000,0.0,0.00
1765406854.689756,4,821,739,1765406854688,1765406854689,1,5.76,0.0000,0.0,0.00
1765406854.731333,4,822,740,1765406854731,1765406854731,0,5.76,0.0000,0.0,0.00
1765406854.774700,4,823,741,1765406854774,1765406854774,0,5.75,0.0000,0.0,0.00
1765406854.819946,4,824,742,1765406854816,1765406854819,3,5.75,0.0000,0.0,0.00
1765406854.859202,4,825,743,1765406854859,1765406854859,0,5.76,0.0000,0.0,0.00
1765406854.903394,4,826,744,1765406854902,1765406854903,1,5.75,0.0000,0.0,0.00
1765406854.945155,4,827,745,1765406854945,1765406854945,0,5.74,0.0000,0.0,0.00
1765406854.987352,4,828,746,1765406854987,1765406854987,0,5.74,0.0000,0.0,0.00
1765406855.034820,4,829,747,1765406855030,1765406855033,3,2.74,0.0000,0.0,0.00
1765406855.073365,4,830,748,1765406855073,1765406855073,0,2.44,0.0000,0.0,0.00
1765406855.116996,4,831,749,1765406855115,1765406855116,1,2.27,0.0000,0.0,0.00
1765406855.158415,4,832,750,1765406855158,1765406855158,0,2.12,0.0000,0.0,0.00
1765406855.201350,4,833,751,1765406855200,1765406855201,1,2.09,0.0000,0.0,0.00
1765406855.242467,4,834,752,1765406855242,1765406855242,0,2.07,0.0000,0.0,0.00
1765406855.285256,4,835,754,1765406855285,1765406855285,0,2.05,0.0000,0.0,0.00
1765406855.327379,4,836,755,1765406855327,1765406855327,0,2.01,0.0000,0.0,0.00
1765406855.369404,4,837,756,1765406855369,1765406855369,0,2.01,0.0000,0.0,0.00
1765406855.411634,4,838,757,1765406855411,1765406855411,0,1.99,0.0000,0.0,0.00
1765406855.453576,4,839,758,1765406855453,1765406855453,0,1.99,0.0000,0.0,0.00
1765406855.501038,4,840,759,1765406855495,1765406855501,6,2.09,0.0000,0.0,0.00
1765406855.538661,4,841,761,1765406855538,1765406855538,0,2.16,0.0000,0.0,0.00
1765406855.580822,4,842,762,1765406855580,1765406855580,0,1.84,0.0000,0.0,0.00
1765406855.623115,4,843,763,1765406855623,1765406855623,0,1.80,0.0000,0.0,0.00
1765406855.665104,4,844,764,1765406855665,1765406855665,0,1.75,0.0000,0.0,0.00
1765406855.707325,4,845,765,1765406855707,1765406855707,0,1.72,0.0000,0.0,0.00
1765406855.748977,4,846,766,1765406855748,1765406855748,0,1.70,0.0000,0.0,0.00
1765406855.791002,4,847,767,1765406855791,1765406855791,0,1.71,0.0000,0.0,0.00
1765406855.833127,4,848,768,1765406855832,1765406855832,0,1.73,0.0000,0.0,0.00
1765406855.874545,4,849,769,1765406855874,1765406855874,0,1.63,0.0000,0.0,0.00
1765406855.916249,4,850,770,1765406855916,1765406855916,0,1.58,0.0000,0.0,0.00
1765406855.958447,4,851,771,1765406855958,1765406855958,0,1.54,0.0000,0.0,0.00
1765406856.000112,4,852,772,1765406856000,1765406856000,0,1.53,0.0000,0.0,0.00
1765406856.046638,4,853,773,1765406856042,1765406856042,0,1.52,0.0000,0.0,0.00
1765406856.085093,4,854,774,1765406856084,1765406856085,1,1.52,0.0000,0.0,0.00
1765406856.128608,4,855,775,1765406856127,1765406856128,1,1.52,0.0000,0.0,0.00
1765406856.169278,4,856,776,1765406856169,1765406856169,0,1.52,0.0000,0.0,0.00
1765406856.212128,4,857,778,1765406856212,1765406856212,0,1.53,0.0000,0.0,0.00
1765406856.254247,4,858,780,1765406856254,1765406856254,0,1.53,0.0000,0.0,0.00
1765406856.296330,4,859,781,1765406856296,1765406856296,0,1.53,0.0000,0.0,0.00
1765406856.343501,4,860,782,1765406856338,1765406856342,4,1.53,0.0000,0.0,0.00
1765406856.379874,4,861,783,1765406856379,1765406856379,0,1.55,0.0000,0.0,0.00
1765406856.423968,4,862,784,1765406856421,1765406856422,1,1.40,0.0000,0.0,0.00
1765406856.464135,4,863,785,1765406856463,1765406856463,0,1.37,0.0000,0.0,0.00
1765406856.506691,4,864,786,1765406856506,1765406856506,0,1.31,0.0000,0.0,0.00
1765406856.547954,4,865,787,1765406856547,1765406856547,0,1.27,0.0000,0.0,0.00
1765406856.591055,4,866,788,1765406856591,1765406856591,0,1.30,0.0000,0.0,0.00
1765406856.633077,4,867,789,1765406856633,1765406856633,0,1.30,0.0000,0.0,0.00
1765406856.677110,4,868,790,1765406856677,1765406856677,0,1.33,0.0000,0.0,0.00
1765406856.719974,4,869,791,1765406856718,1765406856719,1,1.33,0.0000,0.0,0.00
1765406856.761073,4,870,792,1765406856761,1765406856761,0,1.25,0.0000,0.0,0.00
1765406856.802575,4,871,793,1765406856802,1765406856802,0,1.22,0.0000,0.0,0.00
1765406856.844569,4,872,794,1765406856844,1765406856844,0,1.18,0.0000,0.0,0.00
1765406856.886686,4,873,795,1765406856886,1765406856886,0,1.17,0.0000,0.0,0.00
1765406856.928740,4,874,796,1765406856928,1765406856928,0,1.16,0.0000,0.0,0.00
1765406856.971851,4,875,797,1765406856971,1765406856971,0,1.15,0.0000,0.0,0.00
1765406857.013595,4,876,798,1765406857013,1765406857013,0,1.15,0.0000,0.0,0.00
1765406857.055999,4,877,799,1765406857055,1765406857055,0,1.13,0.0000,0.0,0.00
1765406857.098533,4,878,800,1765406857097,1765406857097,0,1.13,0.0000,0.0,0.00
1765406857.140800,4,879,801,1765406857140,1765406857140,0,1.07,0.0000,0.0,0.00
1765406857.182202,4,880,802,1765406857182,1765406857182,0,1.05,0.0000,0.0,0.00
1765406857.224108,4,881,803,1765406857224,1765406857224,0,1.03,0.0000,0.0,0.00
1765406857.269624,4,882,804,1765406857265,1765406857269,4,1.09,0.0000,0.0,0.00
1765406857.308875,4,883,805,1765406857308,1765406857308,0,1.11,0.0000,0.0,0.00
1765406857.352656,4,884,806,1765406857350,1765406857352,2,1.09,0.0000,0.0,0.00
1765406857.392068,4,885,807,1765406857392,1765406857392,0,1.09,0.0000,0.0,0.00
1765406857.435088,4,886,808,1765406857433,1765406857435,2,1.07,0.0000,0.0,0.00
1765406857.476453,4,887,809,1765406857476,1765406857476,0,1.08,0.0000,0.0,0.00
1765406857.518258,4,888,810,1765406857518,1765406857518,0,1.08,0.0000,0.0,0.00
1765406857.560270,4,889,812,1765406857560,1765406857560,0,0.99,0.0000,0.0,0.00
1765406857.601855,4,890,813,1765406857601,1765406857601,0,0.98,0.0000,0.0,0.00
1765406857.645288,4,891,814,1765406857644,1765406857645,1,1.00,0.0000,0.0,0.00
1765406857.686733,4,892,815,1765406857686,1765406857686,0,1.02,0.0000,0.0,0.00
1765406857.728420,4,893,816,1765406857728,1765406857728,0,1.00,0.0000,0.0,0.00
1765406857.770566,4,894,817,1765406857770,1765406857770,0,0.99,0.0000,0.0,0.00
1765406857.813187,4,895,818,1765406857812,1765406857813,1,0.99,0.0000,0.0,0.00
1765406857.855211,4,896,819,1765406857855,1765406857855,0,0.99,0.0000,0.0,0.00
1765406857.897182,4,897,820,1765406857897,1765406857897,0,0.99,0.0000,0.0,0.00
1765406857.939106,4,898,821,1765406857939,1765406857939,0,0.99,0.0000,0.0,0.00
1765406857.981292,4,899,822,1765406857981,1765406857981,0,0.99,0.0000,0.0,0.00
1765406858.026589,4,900,823,1765406858023,1765406858026,3,0.92,0.0000,0.0,0.00
1765406858.065353,4,901,824,1765406858065,1765406858065,0,0.90,0.0000,0.0,0.00
1765406858.110957,4,902,825,1765406858107,1765406858110,3,0.96,0.0000,0.0,0.00
1765406858.149920,4,903,826,1765406858149,1765406858149,0,0.97,0.0000,0.0,0.00
1765406858.192041,4,904,827,1765406858192,1765406858192,0,0.99,0.0000,0.0,0.00
1765406858.233951,4,905,828,1765406858233,1765406858233,0,1.00,0.0000,0.0,0.00
1765406858.276820,4,906,829,1765406858276,1765406858276,0,1.01,0.0000,0.0,0.00
1765406858.320042,4,907,831,1765406858319,1765406858320,1,1.03,0.0000,0.0,0.00
1765406858.361377,4,908,832,1765406858361,1765406858361,0,1.03,0.0000,0.0,0.00
1765406858.408765,4,909,833,1765406858404,1765406858407,3,1.12,0.0000,0.0,0.00
1765406858.446363,4,910,834,1765406858446,1765406858446,0,1.15,0.0000,0.0,0.00
1765406858.490260,4,911,835,1765406858488,1765406858490,2,1.19,0.0000,0.0,0.00
1765406858.529624,4,912,836,1765406858529,1765406858529,0,1.22,0.0000,0.0,0.00
1765406858.574811,4,913,837,1765406858570,1765406858573,3,1.26,0.0000,0.0,0.00
1765406858.613451,4,914,838,1765406858613,1765406858613,0,1.27,0.0000,0.0,0.00
1765406858.655943,4,915,839,1765406858655,1765406858655,0,1.25,0.0000,0.0,0.00
1765406858.698400,4,916,840,1765406858698,1765406858698,0,1.26,0.0000,0.0,0.00
1765406858.739874,4,917,841,1765406858739,1765406858739,0,1.25,0.0000,0.0,0.00
1765406858.783947,4,918,842,1765406858782,1765406858783,1,1.29,0.0000,0.0,0.00
1765406858.825565,4,919,843,1765406858825,1765406858825,0,1.29,0.0000,0.0,0.00
1765406858.867665,4,920,844,1765406858866,1765406858867,1,1.21,0.0000,0.0,0.00
1765406858.908944,4,921,845,1765406858908,1765406858908,0,1.16,0.0000,0.0,0.00
1765406858.950343,4,922,846,1765406858950,1765406858950,0,1.14,0.0000,0.0,0.00
1765406858.995853,4,923,847,1765406858992,1765406858995,3,1.19,0.0000,0.0,0.00
1765406859.034190,4,924,848,1765406859034,1765406859034,0,1.21,0.0000,0.0,0.00
1765406859.080056,4,925,849,1765406859077,1765406859080,3,1.28,0.0000,0.0,0.00
1765406859.121047,4,926,850,1765406859119,1765406859119,0,1.28,0.0000,0.0,0.00
1765406859.163689,4,927,851,1765406859162,1765406859162,0,1.29,0.0000,0.0,0.00
1765406859.205068,4,928,852,1765406859205,1765406859205,0,1.27,0.0000,0.0,0.00
1765406859.247646,4,929,854,1765406859247,1765406859247,0,1.27,0.0000,0.0,0.00
1765406859.290091,4,930,855,1765406859290,1765406859290,0,1.29,0.0000,0.0,0.00
1765406859.331967,4,931,856,1765406859331,1765406859331,0,1.29,0.0000,0.0,0.00
1765406859.374598,4,932,857,1765406859374,1765406859374,0,1.31,0.0000,0.0,0.00
1765406859.416082,4,933,858,1765406859416,1765406859416,0,1.31,0.0000,0.0,0.00
1765406859.458312,4,934,859,1765406859458,1765406859458,0,1.31,0.0000,0.0,0.00
1765406859.500888,4,935,860,1765406859500,1765406859500,0,1.29,0.0000,0.0,0.00
1765406859.547458,4,936,861,1765406859542,1765406859546,4,1.37,0.0000,0.0,0.00
1765406859.585062,4,937,863,1765406859585,1765406859585,0,1.41,0.0000,0.0,0.00
1765406859.626637,4,938,864,1765406859626,1765406859626,0,1.42,0.0000,0.0,0.00
1765406859.668848,4,939,865,1765406859668,1765406859668,0,1.40,0.0000,0.0,0.00
1765406859.711550,4,940,866,1765406859710,1765406859710,0,1.40,0.0000,0.0,0.00
1765406859.752818,4,941,867,1765406859752,1765406859752,0,1.40,0.0000,0.0,0.00
1765406859.795286,4,942,868,1765406859795,1765406859795,0,1.36,0.0000,0.0,0.00
1765406859.837145,4,943,869,1765406859837,1765406859837,0,1.32,0.0000,0.0,0.00
1765406859.879807,4,944,870,1765406859879,1765406859879,0,1.29,0.0000,0.0,0.00
1765406859.921069,4,945,871,1765406859921,1765406859921,0,1.26,0.0000,0.0,0.00
1765406859.963774,4,946,872,1765406859963,1765406859963,0,1.24,0.0000,0.0,0.00
1765406860.004822,4,947,873,1765406860004,1765406860004,0,1.24,0.0000,0.0,0.00
1765406860.047674,4,948,874,1765406860046,1765406860046,0,1.24,0.0000,0.0,0.00
1765406860.090410,4,949,875,1765406860089,1765406860089,0,1.26,0.0000,0.0,0.00
1765406860.131308,4,950,876,1765406860131,1765406860131,0,1.25,0.0000,0.0,0.00
1765406860.173520,4,951,877,1765406860173,1765406860173,0,1.21,0.0000,0.0,0.00
1765406860.215516,4,952,878,1765406860215,1765406860215,0,1.20,0.0000,0.0,0.00
1765406860.258232,4,953,879,1765406860258,1765406860258,0,1.22,0.0000,0.0,0.00
1765406860.299996,4,954,880,1765406860299,1765406860299,0,1.23,0.0000,0.0,0.00
1765406860.342973,4,955,881,1765406860342,1765406860342,0,1.23,0.0000,0.0,0.00
1765406860.385279,4,956,882,1765406860385,1765406860385,0,1.24,0.0000,0.0,0.00
1765406860.427159,4,957,883,1765406860427,1765406860427,0,1.24,0.0000,0.0,0.00
1765406860.470290,4,958,885,1765406860470,1765406860470,0,1.26,0.0000,0.0,0.00
1765406860.512037,4,959,886,1765406860512,1765406860512,0,1.26,0.0000,0.0,0.00
1765406860.558481,4,960,887,1765406860554,1765406860557,3,1.26,0.0000,0.0,0.00
1765406860.595848,4,961,888,1765406860595,1765406860595,0,1.27,0.0000,0.0,0.00
1765406860.642159,4,962,889,1765406860638,1765406860642,4,1.31,0.0000,0.0,0.00
1765406860.682044,4,963,890,1765406860682,1765406860682,0,1.30,0.0000,0.0,0.00
1765406860.728087,4,964,891,1765406860723,1765406860726,3,1.32,0.0000,0.0,0.00
1765406860.765230,4,965,892,1765406860765,1765406860765,0,1.35,0.0000,0.0,0.00
1765406860.810210,4,966,893,1765406860807,1765406860810,3,1.39,0.0000,0.0,0.00
1765406860.849899,4,967,894,1765406860849,1765406860849,0,1.39,0.0000,0.0,0.00
1765406860.892102,4,968,895,1765406860891,1765406860892,1,1.39,0.0000,0.0,0.00
1765406860.933174,4,969,896,1765406860933,1765406860933,0,1.33,0.0000,0.0,0.00
1765406860.975434,4,970,897,1765406860975,1765406860975,0,1.29,0.0000,0.0,0.00
1765406861.017455,4,971,898,1765406861017,1765406861017,0,1.25,0.0000,0.0,0.00
1765406861.059733,4,972,899,1765406861059,1765406861059,0,1.22,0.0000,0.0,0.00
1765406861.106284,4,973,900,1765406861102,1765406861106,4,1.28,0.0000,0.0,0.00
1765406861.145098,4,974,901,1765406861145,1765406861145,0,1.29,0.0000,0.0,0.00
1765406861.188545,4,975,902,1765406861187,1765406861187,0,1.29,0.0000,0.0,0.00
1765406861.229494,4,976,903,1765406861229,1765406861229,0,1.28,0.0000,0.0,0.00
1765406861.271291,4,977,904,1765406861271,1765406861271,0,1.27,0.0000,0.0,0.00
1765406861.313264,4,978,905,1765406861313,1765406861313,0,1.23,0.0000,0.0,0.00
1765406861.355102,4,979,906,1765406861355,1765406861355,0,1.23,0.0000,0.0,0.00
1765406861.397138,4,980,907,1765406861397,1765406861397,0,1.23,0.0000,0.0,0.00
1765406861.439657,4,981,908,1765406861439,1765406861439,0,1.22,0.0000,0.0,0.00
1765406861.481201,4,982,909,1765406861481,1765406861481,0,1.22,0.0000,0.0,0.00
1765406861.523881,4,983,910,1765406861523,1765406861523,0,1.15,0.0000,0.0,0.00
1765406861.566147,4,984,912,1765406861566,1765406861566,0,1.14,0.0000,0.0,0.00
1765406861.608501,4,985,913,1765406861608,1765406861608,0,1.05,0.0000,0.0,0.00
1765406861.654960,4,986,914,1765406861650,1765406861654,4,1.11,0.0000,0.0,0.00
1765406861.693416,4,987,915,1765406861693,1765406861693,0,1.12,0.0000,0.0,0.00
1765406861.740407,4,988,916,1765406861735,1765406861739,4,1.19,0.0000,0.0,0.00
1765406861.778014,4,989,917,1765406861778,1765406861778,0,1.22,0.0000,0.0,0.00
1765406861.820899,4,990,918,1765406861819,1765406861820,1,1.21,0.0000,0.0,0.00
1765406861.861660,4,991,919,1765406861861,1765406861861,0,1.21,0.0000,0.0,0.00
1765406861.906450,4,992,920,1765406861903,1765406861905,2,1.23,0.0000,0.0,0.00
1765406861.944896,4,993,921,1765406861944,1765406861944,0,1.26,0.0000,0.0,0.00
1765406861.988749,4,994,922,1765406861987,1765406861988,1,1.30,0.0000,0.0,0.00
1765406862.029426,4,995,923,1765406862029,1765406862029,0,1.31,0.0000,0.0,0.00
1765406862.071874,4,996,924,1765406862071,1765406862071,0,1.22,0.0000,0.0,0.00
1765406862.113219,4,997,925,1765406862113,1765406862113,0,1.19,0.0000,0.0,0.00
1765406862.155993,4,998,926,1765406862155,1765406862155,0,1.18,0.0000,0.0,0.00
1765406862.198704,4,999,927,1765406862198,1765406862198,0,1.20,0.0000,0.0,0.00
1765406862.241124,4,1000,928,1765406862241,1765406862241,0,1.22,0.0000,0.0,0.00
1765406862.289105,4,1001,930,1765406862284,1765406862289,5,1.34,0.0000,0.0,0.00
1765406862.326414,4,1002,931,1765406862326,1765406862326,0,1.38,0.0000,0.0,0.00
1765406862.373131,4,1003,932,1765406862369,1765406862372,3,1.47,0.0000,0.0,0.00
1765406862.411693,4,1004,933,1765406862411,1765406862411,0,1.50,0.0000,0.0,0.00
1765406862.453442,4,1005,934,1765406862453,1765406862453,0,1.50,0.0000,0.0,0.00
1765406862.495570,4,1006,935,1765406862495,1765406862495,0,1.50,0.0000,0.0,0.00
1765406862.538230,4,1007,936,1765406862538,1765406862538,0,1.50,0.0000,0.0,0.00
1765406862.584491,4,1008,937,1765406862581,1765406862584,3,1.58,0.0000,0.0,0.00
1765406862.623431,4,1009,938,1765406862622,1765406862622,0,1.62,0.0000,0.0,0.00
1765406862.667243,4,1010,939,1765406862665,1765406862666,1,1.65,0.0000,0.0,0.00
1765406862.708288,4,1011,940,1765406862708,1765406862708,0,1.65,0.0000,0.0,0.00
1765406862.750337,4,1012,941,1765406862750,1765406862750,0,1.65,0.0000,0.0,0.00
1765406862.795673,4,1013,942,1765406862792,1765406862795,3,1.69,0.0000,0.0,0.00
1765406862.833983,4,1014,943,1765406862833,1765406862833,0,1.73,0.0000,0.0,0.00
1765406862.879818,4,1015,944,1765406862876,1765406862879,3,1.79,0.0000,0.0,0.00
1765406862.918708,4,1016,946,1765406862918,1765406862918,0,1.82,0.0000,0.0,0.00
1765406862.962615,4,1017,947,1765406862961,1765406862962,1,1.85,0.0000,0.0,0.00
1765406863.003296,4,1018,948,1765406863002,1765406863002,0,1.86,0.0000,0.0,0.00
1765406863.046462,4,1019,949,1765406863044,1765406863046,2,1.90,0.0000,0.0,0.00
1765406863.086766,4,1020,950,1765406863086,1765406863086,0,1.86,0.0000,0.0,0.00
1765406863.129774,4,1021,951,1765406863129,1765406863129,0,1.83,0.0000,0.0,0.00
1765406863.172649,4,1022,952,1765406863172,1765406863172,0,1.74,0.0000,0.0,0.00
1765406863.214408,4,1023,953,1765406863214,1765406863214,0,1.72,0.0000,0.0,0.00
1765406863.259840,4,1024,954,1765406863256,1765406863256,0,1.68,0.0000,0.0,0.00
1765406863.298415,4,1025,955,1765406863298,1765406863298,0,1.65,0.0000,0.0,0.00
1765406863.342363,4,1026,956,1765406863340,1765406863342,2,1.63,0.0000,0.0,0.00
1765406863.382368,4,1027,957,1765406863382,1765406863382,0,1.62,0.0000,0.0,0.00
1765406863.425167,4,1028,958,1765406863424,1765406863425,1,1.62,0.0000,0.0,0.00
1765406863.467669,4,1029,959,1765406863466,1765406863466,0,1.62,0.0000,0.0,0.00
1765406863.509362,4,1030,960,1765406863508,1765406863508,0,1.62,0.0000,0.0,0.00
1765406863.551849,4,1031,962,1765406863550,1765406863550,0,1.62,0.0000,0.0,0.00
1765406863.592449,4,1032,964,1765406863592,1765406863592,0,1.62,0.0000,0.0,0.00
1765406863.634747,4,1033,965,1765406863634,1765406863634,0,1.51,0.0000,0.0,0.00
1765406863.676546,4,1034,966,1765406863676,1765406863676,0,1.48,0.0000,0.0,0.00
1765406863.720314,4,1035,967,1765406863718,1765406863720,2,1.52,0.0000,0.0,0.00
1765406863.761856,4,1036,968,1765406863761,1765406863761,0,1.53,0.0000,0.0,0.00
1765406863.803978,4,1037,969,1765406863802,1765406863803,1,1.53,0.0000,0.0,0.00
1765406863.844480,4,1038,970,1765406863844,1765406863844,0,1.54,0.0000,0.0,0.00
1765406863.887100,4,1039,971,1765406863887,1765406863887,0,1.55,0.0000,0.0,0.00
1765406863.929293,4,1040,972,1765406863929,1765406863929,0,1.55,0.0000,0.0,0.00
1765406863.971124,4,1041,973,1765406863971,1765406863971,0,1.55,0.0000,0.0,0.00
1765406864.016574,4,1042,974,1765406864013,1765406864016,3,1.61,0.0000,0.0,0.00
1765406864.054860,4,1043,975,1765406864054,1765406864054,0,1.66,0.0000,0.0,0.00
1765406864.100644,4,1044,976,1765406864097,1765406864100,3,1.72,0.0000,0.0,0.00
1765406864.139761,4,1045,977,1765406864139,1765406864139,0,1.76,0.0000,0.0,0.00
1765406864.184551,4,1046,978,1765406864183,1765406864184,1,1.74,0.0000,0.0,0.00
1765406864.225031,4,1047,979,1765406864225,1765406864225,0,1.71,0.0000,0.0,0.00
1765406864.267974,4,1048,980,1765406864267,1765406864267,0,1.64,0.0000,0.0,0.00
1765406864.310248,4,1049,981,1765406864310,1765406864310,0,1.61,0.0000,0.0,0.00
1765406864.352203,4,1050,982,1765406864352,1765406864352,0,1.61,0.0000,0.0,0.00
1765406864.394582,4,1051,983,1765406864394,1765406864394,0,1.60,0.0000,0.0,0.00
1765406864.435855,4,1052,984,1765406864435,1765406864435,0,1.58,0.0000,0.0,0.00
1765406864.477902,4,1053,985,1765406864477,1765406864477,0,1.54,0.0000,0.0,0.00
1765406864.520039,4,1054,986,1765406864520,1765406864520,0,1.52,0.0000,0.0,0.00
1765406864.562246,4,1055,987,1765406864562,1765406864562,0,1.51,0.0000,0.0,0.00
1765406864.604144,4,1056,988,1765406864604,1765406864604,0,1.51,0.0000,0.0,0.00
1765406864.646875,4,1057,989,1765406864646,1765406864646,0,1.51,0.0000,0.0,0.00
1765406864.688364,4,1058,990,1765406864688,1765406864688,0,1.51,0.0000,0.0,0.00
1765406864.730532,4,1059,991,1765406864730,1765406864730,0,1.49,0.0000,0.0,0.00
1765406864.772908,4,1060,992,1765406864772,1765406864772,0,1.48,0.0000,0.0,0.00
1765406864.815696,4,1061,993,1765406864815,1765406864815,0,1.37,0.0000,0.0,0.00
1765406864.857224,4,1062,994,1765406864857,1765406864857,0,1.31,0.0000,0.0,0.00
1765406864.902656,4,1063,995,1765406864898,1765406864902,4,1.29,0.0000,0.0,0.00
1765406864.941358,4,1064,996,1765406864940,1765406864940,0,1.30,0.0000,0.0,0.00
1765406864.984609,4,1065,997,1765406864982,1765406864984,2,1.34,0.0000,0.0,0.00
1765406865.024224,4,1066,998,1765406865024,1765406865024,0,1.36,0.0000,0.0,0.00
1765406865.069598,4,1067,999,1765406865066,1765406865069,3,1.40,0.0000,0.0,0.00
1765406865.170609,4,1068,1000,1765406865116,1765406865169,53,2.59,0.0000,0.0,0.00
1765406865.206936,4,1069,1001,1765406865201,1765406865206,5,2.60,0.0000,0.0,0.00
1765406865.237321,4,1070,1002,1765406865237,1765406865237,0,2.70,0.0000,0.0,0.00
1765406865.279630,4,1071,1003,1765406865279,1765406865279,0,2.70,0.0000,0.0,0.00
1765406865.327359,4,1072,1005,1765406865322,1765406865326,4,2.78,0.0000,0.0,0.00
1765406865.365094,4,1073,1006,1765406865364,1765406865365,1,2.78,0.0000,0.0,0.00
1765406865.406649,4,1074,1007,1765406865406,1765406865406,0,2.74,0.0000,0.0,0.00
1765406865.449693,4,1075,1008,1765406865449,1765406865449,0,2.68,0.0000,0.0,0.00
1765406865.491956,4,1076,1009,1765406865491,1765406865491,0,2.64,0.0000,0.0,0.00
1765406865.533731,4,1077,1010,1765406865533,1765406865533,0,2.63,0.0000,0.0,0.00
1765406865.575688,4,1078,1012,1765406865575,1765406865575,0,2.61,0.0000,0.0,0.00
1765406865.617698,4,1079,1013,1765406865617,1765406865617,0,2.59,0.0000,0.0,0.00
1765406865.659820,4,1080,1014,1765406865659,1765406865659,0,2.57,0.0000,0.0,0.00
1765406865.701627,4,1081,1015,1765406865701,1765406865701,0,2.58,0.0000,0.0,0.00
1765406865.743926,4,1082,1016,1765406865743,1765406865743,0,2.58,0.0000,0.0,0.00
1765406865.785592,4,1083,1017,1765406865785,1765406865785,0,2.58,0.0000,0.0,0.00
1765406865.828417,4,1084,1018,1765406865828,1765406865828,0,2.58,0.0000,0.0,0.00
1765406865.870071,4,1085,1019,1765406865870,1765406865870,0,2.58,0.0000,0.0,0.00
1765406865.911556,4,1086,1021,1765406865911,1765406865911,0,2.56,0.0000,0.0,0.00
1765406865.954401,4,1087,1022,1765406865953,1765406865953,0,2.55,0.0000,0.0,0.00
1765406865.995927,4,1088,1023,1765406865995,1765406865995,0,2.55,0.0000,0.0,0.00
1765406866.038117,4,1089,1024,1765406866038,1765406866038,0,2.54,0.0000,0.0,0.00
1765406866.080366,4,1090,1025,1765406866080,1765406866080,0,2.54,0.0000,0.0,0.00
1765406866.125253,4,1091,1026,1765406866122,1765406866125,3,2.58,0.0000,0.0,0.00
1765406866.165140,4,1092,1027,1765406866165,1765406866165,0,2.60,0.0000,0.0,0.00
1765406866.209324,4,1093,1028,1765406866206,1765406866209,3,2.62,0.0000,0.0,0.00
1765406866.249320,4,1094,1029,1765406866248,1765406866248,0,2.65,0.0000,0.0,0.00
1765406866.291502,4,1095,1030,1765406866290,1765406866291,1,2.62,0.0000,0.0,0.00
1765406866.333070,4,1096,1031,1765406866333,1765406866333,0,2.61,0.0000,0.0,0.00
1765406866.375561,4,1097,1032,1765406866375,1765406866375,0,2.61,0.0000,0.0,0.00
1765406866.417925,4,1098,1033,1765406866417,1765406866417,0,2.60,0.0000,0.0,0.00
1765406866.463685,4,1099,1034,1765406866459,1765406866463,4,2.67,0.0000,0.0,0.00
1765406866.501330,4,1100,1035,1765406866501,1765406866501,0,2.71,0.0000,0.0,0.00
1765406866.544384,4,1101,1036,1765406866543,1765406866543,0,2.71,0.0000,0.0,0.00
1765406866.586703,4,1102,1037,1765406866586,1765406866586,0,2.67,0.0000,0.0,0.00
1765406866.629559,4,1103,1038,1765406866629,1765406866629,0,2.62,0.0000,0.0,0.00
1765406866.675841,4,1104,1039,1765406866672,1765406866675,3,2.62,0.0000,0.0,0.00
1765406866.714222,4,1105,1040,1765406866714,1765406866714,0,2.62,0.0000,0.0,0.00
1765406866.758935,4,1106,1041,1765406866756,1765406866758,2,2.60,0.0000,0.0,0.00
1765406866.798127,4,1107,1042,1765406866798,1765406866798,0,2.61,0.0000,0.0,0.00
1765406866.841310,4,1108,1043,1765406866839,1765406866841,2,2.60,0.0000,0.0,0.00
1765406866.881774,4,1109,1044,1765406866881,1765406866881,0,2.63,0.0000,0.0,0.00
1765406866.925079,4,1110,1045,1765406866924,1765406866924,0,2.62,0.0000,0.0,0.00
1765406866.967362,4,1111,1046,1765406866966,1765406866967,1,2.61,0.0000,0.0,0.00
1765406867.008882,4,1112,1047,1765406867008,1765406867008,0,2.61,0.0000,0.0,0.00
1765406867.056813,4,1113,1048,1765406867052,1765406867056,4,2.71,0.0000,0.0,0.00
1765406867.085761,4,1114,1049,1765406867085,1765406867085,0,2.88,0.0000,0.0,0.00
1765406867.128055,4,1115,1050,1765406867128,1765406867128,0,2.87,0.0000,0.0,0.00
1765406867.173870,4,1116,1051,1765406867170,1765406867173,3,2.91,0.0000,0.0,0.00
1765406867.212786,4,1117,1052,1765406867212,1765406867212,0,2.95,0.0000,0.0,0.00
1765406867.256571,4,1118,1053,1765406867254,1765406867254,0,2.95,0.0000,0.0,0.00
1765406867.297488,4,1119,1055,1765406867297,1765406867297,0,2.94,0.0000,0.0,0.00
1765406867.339939,4,1120,1056,1765406867339,1765406867339,0,2.94,0.0000,0.0,0.00
1765406867.381567,4,1121,1057,1765406867381,1765406867381,0,2.95,0.0000,0.0,0.00
1765406867.425020,4,1122,1058,1765406867423,1765406867425,2,2.96,0.0000,0.0,0.00
1765406867.468599,4,1123,1059,1765406867467,1765406867467,0,2.92,0.0000,0.0,0.00
1765406867.609193,4,1124,1060,1765406867606,1765406867609,3,5.46,0.0000,0.0,0.00
1765406867.639148,4,1125,1062,1765406867639,1765406867639,0,5.53,0.0000,0.0,0.00
1765406867.681691,4,1126,1063,1765406867681,1765406867681,0,5.51,0.0000,0.0,0.00
1765406867.723936,4,1127,1064,1765406867723,1765406867723,0,5.50,0.0000,0.0,0.00
1765406867.767291,4,1128,1065,1765406867766,1765406867767,1,3.96,0.0000,0.0,0.00
1765406867.808829,4,1129,1066,1765406867808,1765406867808,0,3.93,0.0000,0.0,0.00
1765406867.850658,4,1130,1067,1765406867850,1765406867850,0,3.86,0.0000,0.0,0.00
1765406867.892852,4,1131,1068,1765406867892,1765406867892,0,3.86,0.0000,0.0,0.00
1765406867.934611,4,1132,1069,1765406867934,1765406867934,0,3.78,0.0000,0.0,0.00
1765406867.978154,4,1133,1070,1765406867977,1765406867978,1,3.76,0.0000,0.0,0.00
1765406868.020722,4,1134,1071,1765406868020,1765406868020,0,3.76,0.0000,0.0,0.00
1765406868.064797,4,1135,1072,1765406868063,1765406868063,0,3.76,0.0000,0.0,0.00
1765406868.105664,4,1136,1073,1765406868105,1765406868105,0,3.76,0.0000,0.0,0.00
1765406868.147946,4,1137,1074,1765406868147,1765406868147,0,3.76,0.0000,0.0,0.00
1765406868.190131,4,1138,1075,1765406868190,1765406868190,0,3.75,0.0000,0.0,0.00
1765406868.232342,4,1139,1076,1765406868232,1765406868232,0,3.75,0.0000,0.0,0.00
1765406868.274526,4,1140,1077,1765406868274,1765406868274,0,3.75,0.0000,0.0,0.00
1765406868.316154,4,1141,1078,1765406868316,1765406868316,0,3.75,0.0000,0.0,0.00
1765406868.359134,4,1142,1080,1765406868359,1765406868359,0,3.75,0.0000,0.0,0.00
1765406868.400673,4,1143,1081,1765406868400,1765406868400,0,3.75,0.0000,0.0,0.00
1765406868.442542,4,1144,1082,1765406868442,1765406868442,0,3.76,0.0000,0.0,0.00
1765406868.484388,4,1145,1083,1765406868484,1765406868484,0,3.76,0.0000,0.0,0.00
1765406868.526778,4,1146,1084,1765406868526,1765406868526,0,3.75,0.0000,0.0,0.00
1765406868.569376,4,1147,1086,1765406868569,1765406868569,0,3.75,0.0000,0.0,0.00
1765406868.619079,4,1148,1087,1765406868614,1765406868619,5,3.91,0.0000,0.0,0.00
1765406868.656283,4,1149,1088,1765406868656,1765406868656,0,3.95,0.0000,0.0,0.00
1765406868.701551,4,1150,1089,1765406868698,1765406868701,3,3.97,0.0000,0.0,0.00
1765406868.740355,4,1151,1090,1765406868740,1765406868740,0,3.97,0.0000,0.0,0.00
1765406868.782767,4,1152,1091,1765406868782,1765406868782,0,3.95,0.0000,0.0,0.00
1765406868.825232,4,1153,1092,1765406868824,1765406868824,0,3.95,0.0000,0.0,0.00
1765406868.867355,4,1154,1093,1765406868867,1765406868867,0,3.93,0.0000,0.0,0.00
1765406868.909699,4,1155,1094,1765406868909,1765406868909,0,3.93,0.0000,0.0,0.00
1765406868.951766,4,1156,1095,1765406868951,1765406868951,0,3.93,0.0000,0.0,0.00
1765406868.993669,4,1157,1096,1765406868993,1765406868993,0,3.93,0.0000,0.0,0.00
1765406869.036597,4,1158,1097,1765406869035,1765406869035,0,3.93,0.0000,0.0,0.00
1765406869.077363,4,1159,1098,1765406869077,1765406869077,0,3.88,0.0000,0.0,0.00
1765406869.119712,4,1160,1099,1765406869119,1765406869119,0,3.86,0.0000,0.0,0.00
1765406869.161228,4,1161,1100,1765406869161,1765406869161,0,3.86,0.0000,0.0,0.00
1765406869.204119,4,1162,1101,1765406869203,1765406869203,0,3.86,0.0000,0.0,0.00
1765406869.246830,4,1163,1102,1765406869245,1765406869246,1,3.86,0.0000,0.0,0.00
1765406869.288384,4,1164,1103,1765406869287,1765406869287,0,3.81,0.0000,0.0,0.00
1765406869.331384,4,1165,1104,1765406869330,1765406869331,1,3.79,0.0000,0.0,0.00
1765406869.373178,4,1166,1105,1765406869372,1765406869373,1,3.79,0.0000,0.0,0.00
1765406869.416810,4,1167,1106,1765406869415,1765406869416,1,3.78,0.0000,0.0,0.00
1765406869.457125,4,1168,1107,1765406869457,1765406869457,0,3.79,0.0000,0.0,0.00
1765406869.499272,4,1169,1108,1765406869499,1765406869499,0,3.78,0.0000,0.0,0.00
1765406869.541015,4,1170,1109,1765406869541,1765406869541,0,3.78,0.0000,0.0,0.00
1765406869.583015,4,1171,1110,1765406869583,1765406869583,0,3.79,0.0000,0.0,0.00
1765406869.628286,4,1172,1112,1765406869625,1765406869628,3,3.81,0.0000,0.0,0.00
1765406869.667480,4,1173,1113,1765406869667,1765406869667,0,3.71,0.0000,0.0,0.00
1765406869.710439,4,1174,1114,1765406869709,1765406869710,1,3.64,0.0000,0.0,0.00
1765406869.751608,4,1175,1115,1765406869751,1765406869751,0,3.65,0.0000,0.0,0.00
1765406869.793850,4,1176,1116,1765406869793,1765406869793,0,3.62,0.0000,0.0,0.00
1765406869.836167,4,1177,1117,1765406869836,1765406869836,0,3.60,0.0000,0.0,0.00
1765406869.878803,4,1178,1118,1765406869878,1765406869878,0,3.60,0.0000,0.0,0.00
1765406869.922654,4,1179,1119,1765406869921,1765406869922,1,3.61,0.0000,0.0,0.00
1765406869.964207,4,1180,1120,1765406869964,1765406869964,0,3.61,0.0000,0.0,0.00
1765406870.005820,4,1181,1121,1765406870005,1765406870005,0,3.61,0.0000,0.0,0.00
1765406870.047782,4,1182,1122,1765406870047,1765406870047,0,3.61,0.0000,0.0,0.00
1765406870.088730,4,1183,1123,1765406870088,1765406870088,0,3.62,0.0000,0.0,0.00
1765406870.132002,4,1184,1124,1765406870131,1765406870132,1,1.07,0.0000,0.0,0.00
1765406870.174488,4,1185,1125,1765406870173,1765406870174,1,0.96,0.0000,0.0,0.00
1765406870.215209,4,1186,1126,1765406870215,1765406870215,0,0.97,0.0000,0.0,0.00
1765406870.257479,4,1187,1127,1765406870257,1765406870257,0,0.97,0.0000,0.0,0.00
1765406870.299280,4,1188,1128,1765406870299,1765406870299,0,0.93,0.0000,0.0,0.00
1765406870.342619,4,1189,1129,1765406870342,1765406870342,0,0.93,0.0000,0.0,0.00
1765406870.384947,4,1190,1130,1765406870384,1765406870384,0,0.93,0.0000,0.0,0.00
1765406870.427751,4,1191,1131,1765406870427,1765406870427,0,0.95,0.0000,0.0,0.00
1765406870.473538,4,1192,1132,1765406870469,1765406870473,4,1.03,0.0000,0.0,0.00
1765406870.512416,4,1193,1133,1765406870511,1765406870511,0,1.04,0.0000,0.0,0.00
1765406870.555752,4,1194,1134,1765406870555,1765406870555,0,1.07,0.0000,0.0,0.00
1765406870.597384,4,1195,1135,1765406870597,1765406870597,0,1.06,0.0000,0.0,0.00
1765406870.639893,4,1196,1136,1765406870639,1765406870639,0,1.06,0.0000,0.0,0.00
1765406870.681779,4,1197,1137,1765406870681,1765406870681,0,1.06,0.0000,0.0,0.00
1765406870.723926,4,1198,1138,1765406870723,1765406870723,0,1.04,0.0000,0.0,0.00
1765406870.769992,4,1199,1139,1765406870765,1765406870769,4,1.13,0.0000,0.0,0.00
1765406870.808499,4,1200,1140,1765406870808,1765406870808,0,1.16,0.0000,0.0,0.00
1765406870.851796,4,1201,1141,1765406870850,1765406870851,1,1.18,0.0000,0.0,0.00
1765406870.892552,4,1202,1142,1765406870892,1765406870892,0,1.17,0.0000,0.0,0.00
1765406870.935702,4,1203,1143,1765406870934,1765406870935,1,1.18,0.0000,0.0,0.00
1765406870.978321,4,1204,1144,1765406870978,1765406870978,0,1.19,0.0000,0.0,0.00
1765406871.020326,4,1205,1145,1765406871020,1765406871020,0,1.19,0.0000,0.0,0.00
1765406871.062529,4,1206,1146,1765406871062,1765406871062,0,1.19,0.0000,0.0,0.00
1765406871.105447,4,1207,1147,1765406871105,1765406871105,0,1.19,0.0000,0.0,0.00
1765406871.147370,4,1208,1148,1765406871147,1765406871147,0,1.02,0.0000,0.0,0.00
1765406871.189729,4,1209,1149,1765406871189,1765406871189,0,0.96,0.0000,0.0,0.00
1765406871.231985,4,1210,1150,1765406871231,1765406871231,0,0.90,0.0000,0.0,0.00
1765406871.274672,4,1211,1151,1765406871274,1765406871274,0,0.89,0.0000,0.0,0.00
1765406871.316330,4,1212,1152,1765406871316,1765406871316,0,0.89,0.0000,0.0,0.00
1765406871.359661,4,1213,1154,1765406871359,1765406871359,0,0.90,0.0000,0.0,0.00
1765406871.402410,4,1214,1155,1765406871401,1765406871402,1,0.90,0.0000,0.0,0.00
1765406871.443848,4,1215,1156,1765406871443,1765406871443,0,0.91,0.0000,0.0,0.00
1765406871.487126,4,1216,1157,1765406871486,1765406871487,1,0.95,0.0000,0.0,0.00
1765406871.529782,4,1217,1158,1765406871529,1765406871529,0,0.95,0.0000,0.0,0.00
1765406871.572176,4,1218,1159,1765406871572,1765406871572,0,0.96,0.0000,0.0,0.00
1765406871.614276,4,1219,1160,1765406871614,1765406871614,0,0.96,0.0000,0.0,0.00
1765406871.656852,4,1220,1162,1765406871656,1765406871656,0,0.96,0.0000,0.0,0.00
1765406871.702230,4,1221,1163,1765406871698,1765406871701,3,1.01,0.0000,0.0,0.00
1765406871.741952,4,1222,1164,1765406871740,1765406871741,1,1.04,0.0000,0.0,0.00
1765406871.784465,4,1223,1165,1765406871783,1765406871784,1,1.04,0.0000,0.0,0.00
1765406871.825006,4,1224,1166,1765406871825,1765406871825,0,1.04,0.0000,0.0,0.00
1765406871.867638,4,1225,1167,1765406871867,1765406871867,0,1.00,0.0000,0.0,0.00
1765406871.909802,4,1226,1168,1765406871909,1765406871909,0,1.00,0.0000,0.0,0.00
1765406871.951999,4,1227,1169,1765406871951,1765406871951,0,0.99,0.0000,0.0,0.00
1765406871.994420,4,1228,1170,1765406871994,1765406871994,0,0.99,0.0000,0.0,0.00
1765406872.036408,4,1229,1171,1765406872036,1765406872036,0,0.99,0.0000,0.0,0.00
1765406872.078920,4,1230,1172,1765406872078,1765406872078,0,0.99,0.0000,0.0,0.00
1765406872.121772,4,1231,1173,1765406872121,1765406872121,0,1.00,0.0000,0.0,0.00
1765406872.164000,4,1232,1174,1765406872164,1765406872164,0,0.96,0.0000,0.0,0.00
1765406872.205735,4,1233,1175,1765406872205,1765406872205,0,0.94,0.0000,0.0,0.00
1765406872.251453,4,1234,1176,1765406872247,1765406872251,4,1.00,0.0000,0.0,0.00
1765406872.290367,4,1235,1177,1765406872290,1765406872290,0,1.02,0.0000,0.0,0.00
1765406872.336515,4,1236,1178,1765406872332,1765406872336,4,1.09,0.0000,0.0,0.00
1765406872.374640,4,1237,1179,1765406872374,1765406872374,0,1.14,0.0000,0.0,0.00
1765406872.419441,4,1238,1180,1765406872417,1765406872419,2,1.19,0.0000,0.0,0.00
1765406872.460385,4,1239,1181,1765406872460,1765406872460,0,1.17,0.0000,0.0,0.00
1765406872.503232,4,1240,1182,1765406872503,1765406872503,0,1.18,0.0000,0.0,0.00
1765406872.545451,4,1241,1183,1765406872544,1765406872545,1,1.17,0.0000,0.0,0.00
1765406872.587348,4,1242,1184,1765406872587,1765406872587,0,1.17,0.0000,0.0,0.00
1765406872.630095,4,1243,1185,1765406872629,1765406872629,0,1.15,0.0000,0.0,0.00
1765406872.671982,4,1244,1186,1765406872671,1765406872671,0,1.12,0.0000,0.0,0.00
1765406872.718716,4,1245,1187,1765406872714,1765406872718,4,1.21,0.0000,0.0,0.00
1765406872.756049,4,1246,1188,1765406872756,1765406872756,0,1.25,0.0000,0.0,0.00
1765406872.798516,4,1247,1189,1765406872798,1765406872798,0,1.25,0.0000,0.0,0.00
1765406872.840491,4,1248,1190,1765406872840,1765406872840,0,1.25,0.0000,0.0,0.00
1765406872.882957,4,1249,1191,1765406872882,1765406872882,0,1.24,0.0000,0.0,0.00
1765406872.925769,4,1250,1192,1765406872925,1765406872925,0,1.25,0.0000,0.0,0.00
1765406872.967842,4,1251,1193,1765406872967,1765406872967,0,1.24,0.0000,0.0,0.00
1765406873.014143,4,1252,1195,1765406873010,1765406873014,4,1.27,0.0000,0.0,0.00
1765406873.052675,4,1253,1196,1765406873052,1765406873052,0,1.27,0.0000,0.0,0.00
1765406873.097191,4,1254,1197,1765406873094,1765406873097,3,1.29,0.0000,0.0,0.00
1765406873.136635,4,1255,1198,1765406873136,1765406873136,0,1.32,0.0000,0.0,0.00
1765406873.183026,4,1256,1199,1765406873178,1765406873183,5,1.41,0.0000,0.0,0.00
1765406873.220991,4,1257,1200,1765406873220,1765406873220,0,1.48,0.0000,0.0,0.00
1765406873.266538,4,1258,1201,1765406873263,1765406873265,2,1.53,0.0000,0.0,0.00
1765406873.307030,4,1259,1202,1765406873305,1765406873305,0,1.49,0.0000,0.0,0.00
1765406873.348629,4,1260,1203,1765406873348,1765406873348,0,1.46,0.0000,0.0,0.00
1765406873.390476,4,1261,1204,1765406873390,1765406873390,0,1.45,0.0000,0.0,0.00
1765406873.432071,4,1262,1205,1765406873432,1765406873432,0,1.43,0.0000,0.0,0.00
1765406873.474509,4,1263,1206,1765406873474,1765406873474,0,1.42,0.0000,0.0,0.00
1765406873.517106,4,1264,1207,1765406873517,1765406873517,0,1.42,0.0000,0.0,0.00
1765406873.558650,4,1265,1208,1765406873558,1765406873558,0,1.44,0.0000,0.0,0.00
1765406873.600496,4,1266,1209,1765406873600,1765406873600,0,1.44,0.0000,0.0,0.00
1765406873.646726,4,1267,1210,1765406873642,1765406873646,4,1.50,0.0000,0.0,0.00
1765406873.685782,4,1268,1212,1765406873685,1765406873685,0,1.54,0.0000,0.0,0.00
1765406873.728883,4,1269,1213,1765406873727,1765406873727,0,1.54,0.0000,0.0,0.00
1765406873.769304,4,1270,1214,1765406873769,1765406873769,0,1.54,0.0000,0.0,0.00
1765406873.812485,4,1271,1215,1765406873811,1765406873812,1,1.54,0.0000,0.0,0.00
1765406873.853184,4,1272,1216,1765406873853,1765406873853,0,1.55,0.0000,0.0,0.00
1765406873.895703,4,1273,1217,1765406873895,1765406873895,0,1.54,0.0000,0.0,0.00
1765406873.937907,4,1274,1218,1765406873937,1765406873937,0,1.52,0.0000,0.0,0.00
1765406873.980206,4,1275,1219,1765406873979,1765406873980,1,1.53,0.0000,0.0,0.00
1765406874.021145,4,1276,1220,1765406874021,1765406874021,0,1.50,0.0000,0.0,0.00
1765406874.064453,4,1277,1221,1765406874064,1765406874064,0,1.52,0.0000,0.0,0.00
1765406874.106875,4,1278,1222,1765406874106,1765406874106,0,1.50,0.0000,0.0,0.00
1765406874.148648,4,1279,1223,1765406874148,1765406874148,0,1.50,0.0000,0.0,0.00
1765406874.190868,4,1280,1224,1765406874190,1765406874190,0,1.50,0.0000,0.0,0.00
1765406874.233491,4,1281,1225,1765406874233,1765406874233,0,1.46,0.0000,0.0,0.00
1765406874.275732,4,1282,1226,1765406874275,1765406874275,0,1.44,0.0000,0.0,0.00
1765406874.317017,4,1283,1227,1765406874317,1765406874317,0,1.42,0.0000,0.0,0.00
1765406874.359406,4,1284,1229,1765406874359,1765406874359,0,1.41,0.0000,0.0,0.00
1765406874.402417,4,1285,1230,1765406874402,1765406874402,0,1.43,0.0000,0.0,0.00
1765406874.444365,4,1286,1231,1765406874444,1765406874444,0,1.43,0.0000,0.0,0.00
1765406874.486606,4,1287,1232,1765406874486,1765406874486,0,1.43,0.0000,0.0,0.00
1765406874.530800,4,1288,1233,1765406874528,1765406874530,2,1.45,0.0000,0.0,0.00
1765406874.570692,4,1289,1234,1765406874570,1765406874570,0,1.47,0.0000,0.0,0.00
1765406874.615884,4,1290,1235,1765406874612,1765406874615,3,1.53,0.0000,0.0,0.00
1765406874.654860,4,1291,1236,1765406874654,1765406874654,0,1.55,0.0000,0.0,0.00
1765406874.698933,4,1292,1237,1765406874698,1765406874698,0,1.57,0.0000,0.0,0.00
1765406874.744793,4,1293,1238,1765406874740,1765406874740,0,1.56,0.0000,0.0,0.00
1765406874.782495,4,1294,1239,1765406874782,1765406874782,0,1.48,0.0000,0.0,0.00
1765406874.824813,4,1295,1240,1765406874824,1765406874824,0,1.44,0.0000,0.0,0.00
1765406874.866458,4,1296,1241,1765406874865,1765406874866,1,1.36,0.0000,0.0,0.00
1765406874.912455,4,1297,1242,1765406874908,1765406874911,3,1.38,0.0000,0.0,0.00
1765406874.950063,4,1298,1243,1765406874950,1765406874950,0,1.35,0.0000,0.0,0.00
1765406874.994576,4,1299,1244,1765406874991,1765406874993,2,1.36,0.0000,0.0,0.00
1765406875.033875,4,1300,1245,1765406875033,1765406875033,0,1.36,0.0000,0.0,0.00
1765406875.077847,4,1301,1246,1765406875076,1765406875076,0,1.38,0.0000,0.0,0.00
1765406875.119942,4,1302,1247,1765406875119,1765406875119,0,1.39,0.0000,0.0,0.00
1765406875.162590,4,1303,1248,1765406875162,1765406875162,0,1.41,0.0000,0.0,0.00
1765406875.204535,4,1304,1249,1765406875204,1765406875204,0,1.41,0.0000,0.0,0.00
1765406875.247314,4,1305,1250,1765406875247,1765406875247,0,1.32,0.0000,0.0,0.00
1765406875.289926,4,1306,1251,1765406875288,1765406875288,0,1.29,0.0000,0.0,0.00
1765406875.331632,4,1307,1252,1765406875331,1765406875331,0,1.30,0.0000,0.0,0.00
1765406875.377781,4,1308,1253,1765406875374,1765406875377,3,1.37,0.0000,0.0,0.00
1765406875.416636,4,1309,1254,1765406875416,1765406875416,0,1.41,0.0000,0.0,0.00
1765406875.461987,4,1310,1255,1765406875458,1765406875461,3,1.45,0.0000,0.0,0.00
1765406875.500697,4,1311,1256,1765406875500,1765406875500,0,1.49,0.0000,0.0,0.00
1765406875.545580,4,1312,1257,1765406875542,1765406875545,3,1.45,0.0000,0.0,0.00
1765406875.584349,4,1313,1258,1765406875584,1765406875584,0,1.44,0.0000,0.0,0.00
1765406875.627922,4,1314,1259,1765406875626,1765406875627,1,1.40,0.0000,0.0,0.00
1765406875.669350,4,1315,1261,1765406875668,1765406875668,0,1.37,0.0000,0.0,0.00
1765406875.711099,4,1316,1262,1765406875711,1765406875711,0,1.29,0.0000,0.0,0.00
1765406875.753068,4,1317,1263,1765406875753,1765406875753,0,1.23,0.0000,0.0,0.00
1765406875.795200,4,1318,1264,1765406875795,1765406875795,0,1.17,0.0000,0.0,0.00
1765406875.874534,4,1319,1265,1765406875870,1765406875874,4,1.88,0.0000,0.0,0.00
1765406875.910280,4,1320,1266,1765406875909,1765406875910,1,1.96,0.0000,0.0,0.00
1765406875.942535,4,1321,1268,1765406875942,1765406875942,0,2.09,0.0000,0.0,0.00
1765406875.984620,4,1322,1269,1765406875984,1765406875984,0,2.09,0.0000,0.0,0.00
1765406876.026419,4,1323,1270,1765406876026,1765406876026,0,2.09,0.0000,0.0,0.00
1765406876.068949,4,1324,1271,1765406876068,1765406876068,0,2.09,0.0000,0.0,0.00
1765406876.111855,4,1325,1272,1765406876111,1765406876111,0,2.08,0.0000,0.0,0.00
1765406876.157568,4,1326,1273,1765406876154,1765406876157,3,2.14,0.0000,0.0,0.00
1765406876.197136,4,1327,1274,1765406876196,1765406876196,0,2.12,0.0000,0.0,0.00
1765406876.239695,4,1328,1275,1765406876239,1765406876239,0,2.08,0.0000,0.0,0.00
1765406876.282103,4,1329,1276,1765406876282,1765406876282,0,2.08,0.0000,0.0,0.00
1765406876.323991,4,1330,1277,1765406876323,1765406876323,0,2.09,0.0000,0.0,0.00
1765406876.365825,4,1331,1278,1765406876365,1765406876365,0,2.09,0.0000,0.0,0.00
1765406876.408045,4,1332,1279,1765406876408,1765406876408,0,2.08,0.0000,0.0,0.00
1765406876.452824,4,1333,1280,1765406876449,1765406876452,3,2.10,0.0000,0.0,0.00
1765406876.491871,4,1334,1281,1765406876491,1765406876491,0,2.14,0.0000,0.0,0.00
1765406876.536775,4,1335,1282,1765406876533,1765406876536,3,2.18,0.0000,0.0,0.00
1765406876.575893,4,1336,1283,1765406876575,1765406876575,0,2.21,0.0000,0.0,0.00
1765406876.621935,4,1337,1284,1765406876617,1765406876620,3,2.25,0.0000,0.0,0.00
1765406876.660447,4,1338,1285,1765406876660,1765406876660,0,2.28,0.0000,0.0,0.00
1765406876.705230,4,1339,1286,1765406876703,1765406876705,2,2.31,0.0000,0.0,0.00
1765406876.744863,4,1340,1287,1765406876744,1765406876744,0,2.36,0.0000,0.0,0.00
1765406876.788575,4,1341,1288,1765406876786,1765406876788,2,2.38,0.0000,0.0,0.00
1765406876.828372,4,1342,1289,1765406876828,1765406876828,0,2.40,0.0000,0.0,0.00
1765406876.873825,4,1343,1290,1765406876870,1765406876872,2,2.42,0.0000,0.0,0.00
1765406876.912891,4,1344,1291,1765406876912,1765406876912,0,2.45,0.0000,0.0,0.00
1765406876.954908,4,1345,1292,1765406876954,1765406876954,0,2.45,0.0000,0.0,0.00
1765406876.997184,4,1346,1293,1765406876997,1765406876997,0,2.45,0.0000,0.0,0.00
1765406877.039233,4,1347,1294,1765406877039,1765406877039,0,2.45,0.0000,0.0,0.00
1765406877.081251,4,1348,1295,1765406877081,1765406877081,0,2.44,0.0000,0.0,0.00
1765406877.123806,4,1349,1296,1765406877123,1765406877123,0,2.40,0.0000,0.0,0.00
1765406877.166193,4,1350,1297,1765406877166,1765406877166,0,2.37,0.0000,0.0,0.00
1765406877.208931,4,1351,1299,1765406877208,1765406877208,0,2.32,0.0000,0.0,0.00
1765406877.250364,4,1352,1300,1765406877250,1765406877250,0,2.30,0.0000,0.0,0.00
1765406877.292339,4,1353,1301,1765406877292,1765406877292,0,2.30,0.0000,0.0,0.00
1765406877.334017,4,1354,1302,1765406877334,1765406877334,0,2.30,0.0000,0.0,0.00
1765406877.377849,4,1355,1304,1765406877377,1765406877377,0,2.30,0.0000,0.0,0.00
1765406877.420785,4,1356,1305,1765406877419,1765406877420,1,2.30,0.0000,0.0,0.00
1765406877.461684,4,1357,1306,1765406877461,1765406877461,0,2.28,0.0000,0.0,0.00
1765406877.504719,4,1358,1307,1765406877504,1765406877504,0,2.24,0.0000,0.0,0.00
1765406877.547109,4,1359,1308,1765406877547,1765406877547,0,2.24,0.0000,0.0,0.00
1765406877.589270,4,1360,1309,1765406877589,1765406877589,0,2.21,0.0000,0.0,0.00
1765406877.633867,4,1361,1310,1765406877632,1765406877633,1,2.22,0.0000,0.0,0.00
1765406877.674561,4,1362,1312,1765406877674,1765406877674,0,2.24,0.0000,0.0,0.00
1765406877.716386,4,1363,1313,1765406877716,1765406877716,0,2.24,0.0000,0.0,0.00
1765406877.758834,4,1364,1314,1765406877758,1765406877758,0,2.24,0.0000,0.0,0.00
1765406877.801648,4,1365,1315,1765406877801,1765406877801,0,2.24,0.0000,0.0,0.00
1765406877.843471,4,1366,1316,1765406877843,1765406877843,0,2.23,0.0000,0.0,0.00
1765406877.885550,4,1367,1317,1765406877885,1765406877885,0,2.23,0.0000,0.0,0.00
1765406877.931763,4,1368,1318,1765406877927,1765406877931,4,2.23,0.0000,0.0,0.00
1765406877.969040,4,1369,1319,1765406877969,1765406877969,0,2.24,0.0000,0.0,0.00
1765406878.012657,4,1370,1320,1765406878011,1765406878012,1,2.20,0.0000,0.0,0.00
1765406878.053400,4,1371,1321,1765406878053,1765406878053,0,2.17,0.0000,0.0,0.00
1765406878.100638,4,1372,1322,1765406878096,1765406878100,4,2.21,0.0000,0.0,0.00
1765406878.138404,4,1373,1323,1765406878138,1765406878138,0,2.23,0.0000,0.0,0.00
1765406878.182853,4,1374,1324,1765406878181,1765406878182,1,2.25,0.0000,0.0,0.00
1765406878.223612,4,1375,1325,1765406878223,1765406878223,0,2.25,0.0000,0.0,0.00
1765406878.268847,4,1376,1326,1765406878265,1765406878267,2,2.27,0.0000,0.0,0.00
1765406878.308029,4,1377,1327,1765406878308,1765406878308,0,2.28,0.0000,0.0,0.00
1765406878.349966,4,1378,1328,1765406878349,1765406878349,0,2.29,0.0000,0.0,0.00
1765406878.392407,4,1379,1329,1765406878391,1765406878392,1,1.61,0.0000,0.0,0.00
1765406878.433856,4,1380,1330,1765406878433,1765406878433,0,1.52,0.0000,0.0,0.00
1765406878.476482,4,1381,1331,1765406878476,1765406878476,0,1.40,0.0000,0.0,0.00
1765406878.519434,4,1382,1332,1765406878519,1765406878519,0,1.41,0.0000,0.0,0.00
1765406878.565372,4,1383,1333,1765406878561,1765406878565,4,1.47,0.0000,0.0,0.00
1765406878.603287,4,1384,1334,1765406878603,1765406878603,0,1.53,0.0000,0.0,0.00
1765406878.648399,4,1385,1335,1765406878645,1765406878647,2,1.55,0.0000,0.0,0.00
1765406878.688399,4,1386,1336,1765406878688,1765406878688,0,1.50,0.0000,0.0,0.00
1765406878.733157,4,1387,1337,1765406878730,1765406878733,3,1.50,0.0000,0.0,0.00
1765406878.772548,4,1388,1338,1765406878772,1765406878772,0,1.54,0.0000,0.0,0.00
1765406878.815160,4,1389,1339,1765406878814,1765406878815,1,1.54,0.0000,0.0,0.00
1765406878.856828,4,1390,1340,1765406878856,1765406878856,0,1.54,0.0000,0.0,0.00
1765406878.901348,4,1391,1341,1765406878899,1765406878899,0,1.55,0.0000,0.0,0.00
1765406878.942152,4,1392,1342,1765406878941,1765406878942,1,1.55,0.0000,0.0,0.00
1765406878.983991,4,1393,1343,1765406878983,1765406878983,0,1.53,0.0000,0.0,0.00
1765406879.025293,4,1394,1344,1765406879025,1765406879025,0,1.49,0.0000,0.0,0.00
1765406879.068319,4,1395,1345,1765406879068,1765406879068,0,1.45,0.0000,0.0,0.00
1765406879.110434,4,1396,1346,1765406879110,1765406879110,0,1.41,0.0000,0.0,0.00
1765406879.153678,4,1397,1347,1765406879153,1765406879153,0,1.37,0.0000,0.0,0.00
1765406879.199109,4,1398,1348,1765406879195,1765406879198,3,1.39,0.0000,0.0,0.00
1765406879.236874,4,1399,1349,1765406879236,1765406879236,0,1.40,0.0000,0.0,0.00
1765406879.281582,4,1400,1351,1765406879278,1765406879281,3,1.40,0.0000,0.0,0.00
1765406879.322364,4,1401,1352,1765406879322,1765406879322,0,1.39,0.0000,0.0,0.00
1765406879.365570,4,1402,1353,1765406879364,1765406879364,0,1.36,0.0000,0.0,0.00
1765406879.408340,4,1403,1354,1765406879408,1765406879408,0,1.36,0.0000,0.0,0.00
1765406879.450033,4,1404,1355,1765406879450,1765406879450,0,1.33,0.0000,0.0,0.00
1765406879.491270,4,1405,1356,1765406879491,1765406879491,0,1.34,0.0000,0.0,0.00
1765406879.533578,4,1406,1357,1765406879533,1765406879533,0,1.34,0.0000,0.0,0.00
1765406879.577545,4,1407,1358,1765406879575,1765406879577,2,1.36,0.0000,0.0,0.00
1765406879.617441,4,1408,1359,1765406879617,1765406879617,0,1.39,0.0000,0.0,0.00
1765406879.652590,4,1409,1360,1765406879651,1765406879651,0,1.51,0.0000,0.0,0.00
1765406879.694494,4,1410,1362,1765406879694,1765406879694,0,1.51,0.0000,0.0,0.00
1765406879.737015,4,1411,1363,1765406879737,1765406879737,0,1.53,0.0000,0.0,0.00
1765406879.778686,4,1412,1364,1765406879778,1765406879778,0,1.54,0.0000,0.0,0.00
1765406879.821484,4,1413,1365,1765406879820,1765406879820,0,1.54,0.0000,0.0,0.00
1765406879.862983,4,1414,1366,1765406879862,1765406879862,0,1.54,0.0000,0.0,0.00
1765406879.905685,4,1415,1367,1765406879905,1765406879905,0,1.54,0.0000,0.0,0.00
1765406879.948165,4,1416,1368,1765406879948,1765406879948,0,1.54,0.0000,0.0,0.00
1765406879.990274,4,1417,1369,1765406879990,1765406879990,0,1.53,0.0000,0.0,0.00
1765406880.033594,4,1418,1370,1765406880033,1765406880033,0,1.53,0.0000,0.0,0.00
1765406880.078612,4,1419,1371,1765406880076,1765406880078,2,1.56,0.0000,0.0,0.00
1765406880.118765,4,1420,1372,1765406880118,1765406880118,0,1.59,0.0000,0.0,0.00
1765406880.161738,4,1421,1373,1765406880160,1765406880161,1,1.58,0.0000,0.0,0.00
1765406880.202969,4,1422,1374,1765406880202,1765406880202,0,1.58,0.0000,0.0,0.00
1765406880.245443,4,1423,1375,1765406880244,1765406880244,0,1.58,0.0000,0.0,0.00
1765406880.287152,4,1424,1376,1765406880286,1765406880286,0,1.58,0.0000,0.0,0.00
1765406880.329360,4,1425,1377,1765406880328,1765406880328,0,1.56,0.0000,0.0,0.00
1765406880.371354,4,1426,1378,1765406880370,1765406880371,1,1.58,0.0000,0.0,0.00
1765406880.413856,4,1427,1380,1765406880413,1765406880413,0,1.58,0.0000,0.0,0.00
1765406880.455817,4,1428,1381,1765406880455,1765406880455,0,1.51,0.0000,0.0,0.00
1765406880.497951,4,1429,1382,1765406880497,1765406880497,0,1.45,0.0000,0.0,0.00
1765406880.539106,4,1430,1383,1765406880539,1765406880539,0,1.43,0.0000,0.0,0.00
1765406880.580784,4,1431,1384,1765406880580,1765406880580,0,1.43,0.0000,0.0,0.00
1765406880.626693,4,1432,1385,1765406880623,1765406880626,3,1.41,0.0000,0.0,0.00
1765406880.665705,4,1433,1386,1765406880665,1765406880665,0,1.40,0.0000,0.0,0.00
1765406880.708828,4,1434,1387,1765406880707,1765406880708,1,1.38,0.0000,0.0,0.00
1765406880.749448,4,1435,1388,1765406880749,1765406880749,0,1.38,0.0000,0.0,0.00
1765406880.792105,4,1436,1389,1765406880791,1765406880792,1,1.36,0.0000,0.0,0.00
1765406880.833171,4,1437,1390,1765406880833,1765406880833,0,1.36,0.0000,0.0,0.00
1765406880.874846,4,1438,1391,1765406880874,1765406880874,0,1.36,0.0000,0.0,0.00
1765406880.917434,4,1439,1392,1765406880917,1765406880917,0,1.36,0.0000,0.0,0.00
1765406880.958811,4,1440,1393,1765406880958,1765406880958,0,1.36,0.0000,0.0,0.00
1765406881.001592,4,1441,1394,1765406881001,1765406881001,0,1.36,0.0000,0.0,0.00
1765406881.044853,4,1442,1395,1765406881044,1765406881044,0,1.36,0.0000,0.0,0.00
1765406881.086332,4,1443,1397,1765406881086,1765406881086,0,1.29,0.0000,0.0,0.00
1765406881.129271,4,1444,1398,1765406881129,1765406881129,0,1.25,0.0000,0.0,0.00
1765406881.173725,4,1445,1399,1765406881172,1765406881173,1,1.25,0.0000,0.0,0.00
1765406881.213970,4,1446,1400,1765406881213,1765406881213,0,1.26,0.0000,0.0,0.00
1765406881.257102,4,1447,1401,1765406881255,1765406881257,2,1.24,0.0000,0.0,0.00
1765406881.297604,4,1448,1402,1765406881297,1765406881297,0,1.23,0.0000,0.0,0.00
1765406881.339745,4,1449,1403,1765406881339,1765406881339,0,1.21,0.0000,0.0,0.00
1765406881.381780,4,1450,1404,1765406881381,1765406881381,0,1.20,0.0000,0.0,0.00
1765406881.424645,4,1451,1405,1765406881423,1765406881424,1,1.20,0.0000,0.0,0.00
1765406881.465234,4,1452,1406,1765406881465,1765406881465,0,1.19,0.0000,0.0,0.00
1765406881.509289,4,1453,1407,1765406881506,1765406881509,3,1.22,0.0000,0.0,0.00
1765406881.548925,4,1454,1408,1765406881548,1765406881548,0,1.26,0.0000,0.0,0.00
1765406881.591255,4,1455,1409,1765406881591,1765406881591,0,1.26,0.0000,0.0,0.00
1765406881.633374,4,1456,1410,1765406881633,1765406881633,0,1.26,0.0000,0.0,0.00
1765406881.676474,4,1457,1411,1765406881676,1765406881676,0,1.26,0.0000,0.0,0.00
1765406881.721088,4,1458,1413,1765406881718,1765406881721,3,1.26,0.0000,0.0,0.00
1765406881.760548,4,1459,1414,1765406881760,1765406881760,0,1.24,0.0000,0.0,0.00
1765406881.794314,4,1460,1415,1765406881794,1765406881794,0,1.36,0.0000,0.0,0.00
1765406881.838063,4,1461,1416,1765406881835,1765406881838,3,1.36,0.0000,0.0,0.00
1765406881.878557,4,1462,1417,1765406881878,1765406881878,0,1.40,0.0000,0.0,0.00
1765406881.920364,4,1463,1418,1765406881920,1765406881920,0,1.38,0.0000,0.0,0.00
1765406881.962587,4,1464,1419,1765406881962,1765406881962,0,1.38,0.0000,0.0,0.00
1765406882.004517,4,1465,1420,1765406882004,1765406882004,0,1.36,0.0000,0.0,0.00
1765406882.046519,4,1466,1421,1765406882046,1765406882046,0,1.36,0.0000,0.0,0.00
1765406882.088604,4,1467,1422,1765406882088,1765406882088,0,1.34,0.0000,0.0,0.00
1765406882.130540,4,1468,1423,1765406882130,1765406882130,0,1.30,0.0000,0.0,0.00
1765406882.173681,4,1469,1424,1765406882173,1765406882173,0,1.14,0.0000,0.0,0.00
1765406882.216012,4,1470,1425,1765406882216,1765406882216,0,1.14,0.0000,0.0,0.00
1765406882.258277,4,1471,1426,1765406882258,1765406882258,0,1.12,0.0000,0.0,0.00
1765406882.300946,4,1472,1427,1765406882300,1765406882300,0,1.11,0.0000,0.0,0.00
1765406882.342605,4,1473,1428,1765406882342,1765406882342,0,1.11,0.0000,0.0,0.00
1765406882.384771,4,1474,1430,1765406882384,1765406882384,0,1.11,0.0000,0.0,0.00
1765406882.427799,4,1475,1431,1765406882427,1765406882427,0,1.11,0.0000,0.0,0.00
1765406882.470318,4,1476,1432,1765406882470,1765406882470,0,1.11,0.0000,0.0,0.00
1765406882.512442,4,1477,1433,1765406882512,1765406882512,0,1.11,0.0000,0.0,0.00
1765406882.669241,4,1478,1434,1765406882585,1765406882668,83,3.89,0.0000,0.0,0.00
1765406882.676752,4,1479,1435,1765406882673,1765406882675,2,4.00,0.0000,0.0,0.00
1765406882.716221,4,1480,1436,1765406882716,1765406882716,0,4.00,0.0000,0.0,0.00
1765406882.758454,4,1481,1437,1765406882758,1765406882758,0,4.00,0.0000,0.0,0.00
1765406882.800679,4,1482,1438,1765406882793,1765406882800,7,4.00,0.0000,0.0,0.00
1765406882.836003,4,1483,1439,1765406882836,1765406882836,0,4.02,0.0000,0.0,0.00
1765406882.880391,4,1484,1440,1765406882878,1765406882880,2,4.04,0.0000,0.0,0.00
1765406882.921041,4,1485,1441,1765406882921,1765406882921,0,4.04,0.0000,0.0,0.00
1765406882.963774,4,1486,1442,1765406882963,1765406882963,0,4.05,0.0000,0.0,0.00
1765406883.005207,4,1487,1443,1765406883005,1765406883005,0,4.05,0.0000,0.0,0.00
1765406883.047376,4,1488,1444,1765406883047,1765406883047,0,4.05,0.0000,0.0,0.00
1765406883.089810,4,1489,1445,1765406883089,1765406883089,0,4.05,0.0000,0.0,0.00
1765406883.131651,4,1490,1446,1765406883131,1765406883131,0,4.05,0.0000,0.0,0.00
1765406883.174475,4,1491,1447,1765406883174,1765406883174,0,4.04,0.0000,0.0,0.00
1765406883.216394,4,1492,1448,1765406883216,1765406883216,0,3.96,0.0000,0.0,0.00
1765406883.258864,4,1493,1449,1765406883258,1765406883258,0,3.95,0.0000,0.0,0.00
1765406883.301565,4,1494,1450,1765406883301,1765406883301,0,3.95,0.0000,0.0,0.00
1765406883.347941,4,1495,1451,1765406883343,1765406883346,3,3.99,0.0000,0.0,0.00
1765406883.386357,4,1496,1452,1765406883386,1765406883386,0,4.00,0.0000,0.0,0.00
1765406883.430455,4,1497,1454,1765406883429,1765406883430,1,4.01,0.0000,0.0,0.00
1765406883.471966,4,1498,1455,1765406883471,1765406883471,0,4.01,0.0000,0.0,0.00
1765406883.512647,4,1499,1456,1765406883512,1765406883512,0,4.03,0.0000,0.0,0.00
1765406883.554878,4,1500,1457,1765406883554,1765406883554,0,4.02,0.0000,0.0,0.00
1765406883.598128,4,1501,1458,1765406883596,1765406883598,2,4.04,0.0000,0.0,0.00
1765406883.639235,4,1502,1459,1765406883639,1765406883639,0,4.05,0.0000,0.0,0.00
1765406883.681993,4,1503,1460,1765406883680,1765406883680,0,4.06,0.0000,0.0,0.00
1765406883.723200,4,1504,1462,1765406883723,1765406883723,0,4.06,0.0000,0.0,0.00
1765406883.766264,4,1505,1463,1765406883766,1765406883766,0,4.04,0.0000,0.0,0.00
1765406883.808950,4,1506,1464,1765406883808,1765406883808,0,4.03,0.0000,0.0,0.00
1765406883.851610,4,1507,1465,1765406883851,1765406883851,0,4.00,0.0000,0.0,0.00
1765406883.894207,4,1508,1466,1765406883894,1765406883894,0,3.99,0.0000,0.0,0.00
1765406883.937036,4,1509,1467,1765406883937,1765406883937,0,3.99,0.0000,0.0,0.00
1765406883.980295,4,1510,1468,1765406883979,1765406883980,1,3.98,0.0000,0.0,0.00
1765406884.021835,4,1511,1469,1765406884021,1765406884021,0,3.99,0.0000,0.0,0.00
1765406884.065562,4,1512,1470,1765406884063,1765406884065,2,4.00,0.0000,0.0,0.00
1765406884.105087,4,1513,1471,1765406884105,1765406884105,0,4.00,0.0000,0.0,0.00
1765406884.147419,4,1514,1472,1765406884147,1765406884147,0,3.98,0.0000,0.0,0.00
1765406884.193464,4,1515,1473,1765406884190,1765406884193,3,4.06,0.0000,0.0,0.00
1765406884.232016,4,1516,1474,1765406884232,1765406884232,0,4.07,0.0000,0.0,0.00
1765406884.280310,4,1517,1475,1765406884273,1765406884279,6,4.17,0.0000,0.0,0.00
1765406884.315592,4,1518,1476,1765406884315,1765406884315,0,4.16,0.0000,0.0,0.00
1765406884.361405,4,1519,1477,1765406884358,1765406884361,3,4.22,0.0000,0.0,0.00
1765406884.401995,4,1520,1478,1765406884401,1765406884401,0,4.18,0.0000,0.0,0.00
1765406884.443465,4,1521,1479,1765406884443,1765406884443,0,4.17,0.0000,0.0,0.00
1765406884.484989,4,1522,1480,1765406884484,1765406884484,0,4.17,0.0000,0.0,0.00
1765406884.527512,4,1523,1481,1765406884527,1765406884527,0,4.17,0.0000,0.0,0.00
1765406884.573646,4,1524,1482,1765406884569,1765406884573,4,4.23,0.0000,0.0,0.00
1765406884.611671,4,1525,1483,1765406884611,1765406884611,0,4.25,0.0000,0.0,0.00
1765406884.655159,4,1526,1484,1765406884654,1765406884655,1,4.26,0.0000,0.0,0.00
1765406884.697167,4,1527,1485,1765406884697,1765406884697,0,4.26,0.0000,0.0,0.00
1765406884.739380,4,1528,1486,1765406884739,1765406884739,0,4.26,0.0000,0.0,0.00
1765406884.782053,4,1529,1487,1765406884782,1765406884782,0,4.26,0.0000,0.0,0.00
1765406884.824009,4,1530,1488,1765406884824,1765406884824,0,4.26,0.0000,0.0,0.00
1765406884.866229,4,1531,1489,1765406884866,1765406884866,0,4.26,0.0000,0.0,0.00
1765406884.908686,4,1532,1490,1765406884908,1765406884908,0,4.26,0.0000,0.0,0.00
1765406884.951174,4,1533,1491,1765406884951,1765406884951,0,4.26,0.0000,0.0,0.00
1765406884.993890,4,1534,1492,1765406884993,1765406884993,0,4.26,0.0000,0.0,0.00
1765406885.039622,4,1535,1493,1765406885036,1765406885039,3,4.32,0.0000,0.0,0.00
1765406885.078709,4,1536,1494,1765406885078,1765406885078,0,4.35,0.0000,0.0,0.00
1765406885.121820,4,1537,1495,1765406885120,1765406885121,1,4.34,0.0000,0.0,0.00
1765406885.162868,4,1538,1496,1765406885162,1765406885162,0,2.14,0.0000,0.0,0.00
1765406885.205526,4,1539,1497,1765406885205,1765406885205,0,1.43,0.0000,0.0,0.00
1765406885.247176,4,1540,1498,1765406885247,1765406885247,0,1.42,0.0000,0.0,0.00
1765406885.288607,4,1541,1499,1765406885288,1765406885288,0,1.43,0.0000,0.0,0.00
1765406885.330435,4,1542,1500,1765406885330,1765406885330,0,1.43,0.0000,0.0,0.00
1765406885.372134,4,1543,1501,1765406885372,1765406885372,0,1.35,0.0000,0.0,0.00
1765406885.413658,4,1544,1502,1765406885413,1765406885413,0,1.33,0.0000,0.0,0.00
1765406885.456365,4,1545,1503,1765406885456,1765406885456,0,1.33,0.0000,0.0,0.00
1765406885.499740,4,1546,1504,1765406885498,1765406885498,0,1.33,0.0000,0.0,0.00
1765406885.542672,4,1547,1505,1765406885541,1765406885541,0,1.34,0.0000,0.0,0.00
1765406885.584035,4,1548,1507,1765406885584,1765406885584,0,1.35,0.0000,0.0,0.00
1765406885.626046,4,1549,1508,1765406885626,1765406885626,0,1.35,0.0000,0.0,0.00
1765406885.668180,4,1550,1509,1765406885668,1765406885668,0,1.35,0.0000,0.0,0.00
1765406885.710109,4,1551,1511,1765406885710,1765406885710,0,1.34,0.0000,0.0,0.00
1765406885.752301,4,1552,1512,1765406885752,1765406885752,0,1.34,0.0000,0.0,0.00
1765406885.794654,4,1553,1513,1765406885794,1765406885794,0,1.34,0.0000,0.0,0.00
1765406885.836839,4,1554,1514,1765406885836,1765406885836,0,1.33,0.0000,0.0,0.00
1765406885.879465,4,1555,1515,1765406885879,1765406885879,0,1.29,0.0000,0.0,0.00
1765406885.925390,4,1556,1516,1765406885921,1765406885925,4,1.34,0.0000,0.0,0.00
1765406885.964478,4,1557,1517,1765406885964,1765406885964,0,1.35,0.0000,0.0,0.00
1765406886.007084,4,1558,1518,1765406886007,1765406886007,0,1.34,0.0000,0.0,0.00
1765406886.049949,4,1559,1519,1765406886048,1765406886049,1,1.33,0.0000,0.0,0.00
1765406886.091680,4,1560,1520,1765406886091,1765406886091,0,1.33,0.0000,0.0,0.00
1765406886.133729,4,1561,1521,1765406886133,1765406886133,0,1.30,0.0000,0.0,0.00
1765406886.176163,4,1562,1522,1765406886176,1765406886176,0,1.30,0.0000,0.0,0.00
1765406886.222202,4,1563,1523,1765406886217,1765406886222,5,1.35,0.0000,0.0,0.00
1765406886.259989,4,1564,1524,1765406886259,1765406886259,0,1.41,0.0000,0.0,0.00
1765406886.304539,4,1565,1525,1765406886302,1765406886304,2,1.45,0.0000,0.0,0.00
1765406886.344398,4,1566,1526,1765406886344,1765406886344,0,1.48,0.0000,0.0,0.00
1765406886.388300,4,1567,1527,1765406886386,1765406886388,2,1.50,0.0000,0.0,0.00
1765406886.428170,4,1568,1528,1765406886428,1765406886428,0,1.51,0.0000,0.0,0.00
1765406886.462923,4,1569,1530,1765406886462,1765406886462,0,1.60,0.0000,0.0,0.00
1765406886.505458,4,1570,1531,1765406886504,1765406886505,1,1.60,0.0000,0.0,0.00
1765406886.546624,4,1571,1532,1765406886546,1765406886546,0,1.60,0.0000,0.0,0.00
1765406886.588673,4,1572,1533,1765406886588,1765406886588,0,1.56,0.0000,0.0,0.00
1765406886.630938,4,1573,1534,1765406886630,1765406886630,0,1.54,0.0000,0.0,0.00
1765406886.673041,4,1574,1535,1765406886673,1765406886673,0,1.56,0.0000,0.0,0.00
1765406886.716311,4,1575,1536,1765406886714,1765406886714,0,1.49,0.0000,0.0,0.00
1765406886.757559,4,1576,1537,1765406886757,1765406886757,0,1.47,0.0000,0.0,0.00
1765406886.799796,4,1577,1538,1765406886799,1765406886799,0,1.37,0.0000,0.0,0.00
1765406886.863995,4,1578,1539,1765406886856,1765406886862,6,1.72,0.0000,0.0,0.00
1765406886.898801,4,1579,1540,1765406886896,1765406886897,1,1.74,0.0000,0.0,0.00
1765406886.939531,4,1580,1541,1765406886938,1765406886939,1,1.71,0.0000,0.0,0.00
1765406886.981139,4,1581,1542,1765406886981,1765406886981,0,1.71,0.0000,0.0,0.00
1765406887.022666,4,1582,1543,1765406887022,1765406887022,0,1.71,0.0000,0.0,0.00
1765406887.065067,4,1583,1544,1765406887065,1765406887065,0,1.71,0.0000,0.0,0.00
1765406887.106986,4,1584,1545,1765406887106,1765406887106,0,1.65,0.0000,0.0,0.00
1765406887.149730,4,1585,1546,1765406887149,1765406887149,0,1.61,0.0000,0.0,0.00
1765406887.193446,4,1586,1547,1765406887190,1765406887193,3,1.61,0.0000,0.0,0.00
1765406887.233148,4,1587,1548,1765406887233,1765406887233,0,1.64,0.0000,0.0,0.00
1765406887.277140,4,1588,1549,1765406887275,1765406887275,0,1.64,0.0000,0.0,0.00
1765406887.318172,4,1589,1550,1765406887318,1765406887318,0,1.64,0.0000,0.0,0.00
1765406887.362754,4,1590,1551,1765406887360,1765406887362,2,1.67,0.0000,0.0,0.00
1765406887.402823,4,1591,1552,1765406887402,1765406887402,0,1.70,0.0000,0.0,0.00
1765406887.445793,4,1592,1553,1765406887444,1765406887444,0,1.70,0.0000,0.0,0.00
1765406887.486276,4,1593,1554,1765406887486,1765406887486,0,1.68,0.0000,0.0,0.00
1765406887.528024,4,1594,1555,1765406887528,1765406887528,0,1.68,0.0000,0.0,0.00
1765406887.569986,4,1595,1556,1765406887569,1765406887569,0,1.62,0.0000,0.0,0.00
1765406887.611932,4,1596,1557,1765406887611,1765406887611,0,1.58,0.0000,0.0,0.00
1765406887.654455,4,1597,1558,1765406887654,1765406887654,0,1.58,0.0000,0.0,0.00
1765406887.695964,4,1598,1559,1765406887695,1765406887695,0,1.58,0.0000,0.0,0.00
1765406887.739029,4,1599,1561,1765406887739,1765406887739,0,1.60,0.0000,0.0,0.00
1765406887.780729,4,1600,1562,1765406887780,1765406887780,0,1.62,0.0000,0.0,0.00
1765406887.822975,4,1601,1563,1765406887822,1765406887822,0,1.60,0.0000,0.0,0.00
1765406887.865209,4,1602,1564,1765406887865,1765406887865,0,1.62,0.0000,0.0,0.00
1765406887.907069,4,1603,1565,1765406887907,1765406887907,0,1.62,0.0000,0.0,0.00
1765406887.948600,4,1604,1566,1765406887948,1765406887948,0,1.62,0.0000,0.0,0.00
1765406887.989923,4,1605,1567,1765406887989,1765406887989,0,1.62,0.0000,0.0,0.00
1765406888.034768,4,1606,1568,1765406888032,1765406888034,2,1.67,0.0000,0.0,0.00
1765406888.074822,4,1607,1569,1765406888074,1765406888074,0,1.68,0.0000,0.0,0.00
1765406888.116369,4,1608,1570,1765406888116,1765406888116,0,1.67,0.0000,0.0,0.00
1765406888.158555,4,1609,1571,1765406888158,1765406888158,0,1.67,0.0000,0.0,0.00
1765406888.201447,4,1610,1573,1765406888201,1765406888201,0,1.68,0.0000,0.0,0.00
1765406888.246988,4,1611,1574,1765406888243,1765406888245,2,1.72,0.0000,0.0,0.00
1765406888.285755,4,1612,1575,1765406888285,1765406888285,0,1.74,0.0000,0.0,0.00
1765406888.331435,4,1613,1576,1765406888328,1765406888330,2,1.80,0.0000,0.0,0.00
1765406888.369972,4,1614,1577,1765406888369,1765406888369,0,1.83,0.0000,0.0,0.00
1765406888.415358,4,1615,1578,1765406888412,1765406888415,3,1.90,0.0000,0.0,0.00
1765406888.453851,4,1616,1579,1765406888453,1765406888453,0,1.87,0.0000,0.0,0.00
1765406888.498845,4,1617,1580,1765406888495,1765406888498,3,1.89,0.0000,0.0,0.00
1765406888.537729,4,1618,1581,1765406888537,1765406888537,0,1.91,0.0000,0.0,0.00
1765406888.580940,4,1619,1582,1765406888579,1765406888580,1,1.93,0.0000,0.0,0.00
1765406888.622494,4,1620,1583,1765406888622,1765406888622,0,1.93,0.0000,0.0,0.00
1765406888.664544,4,1621,1584,1765406888664,1765406888664,0,1.93,0.0000,0.0,0.00
1765406888.709110,4,1622,1585,1765406888705,1765406888709,4,1.97,0.0000,0.0,0.00
1765406888.748624,4,1623,1586,1765406888748,1765406888748,0,1.93,0.0000,0.0,0.00
1765406888.793678,4,1624,1587,1765406888791,1765406888793,2,1.92,0.0000,0.0,0.00
1765406888.833337,4,1625,1588,1765406888832,1765406888833,1,1.89,0.0000,0.0,0.00
1765406888.878079,4,1626,1589,1765406888875,1765406888878,3,1.92,0.0000,0.0,0.00
1765406888.917663,4,1627,1591,1765406888917,1765406888917,0,1.92,0.0000,0.0,0.00
1765406888.961780,4,1628,1592,1765406888960,1765406888961,1,1.93,0.0000,0.0,0.00
1765406889.002869,4,1629,1593,1765406889002,1765406889002,0,1.84,0.0000,0.0,0.00
1765406889.044711,4,1630,1594,1765406889044,1765406889044,0,1.83,0.0000,0.0,0.00
1765406889.086895,4,1631,1595,1765406889086,1765406889086,0,1.82,0.0000,0.0,0.00
1765406889.128639,4,1632,1596,1765406889128,1765406889128,0,1.82,0.0000,0.0,0.00
1765406889.172866,4,1633,1597,1765406889171,1765406889172,1,1.85,0.0000,0.0,0.00
1765406889.213931,4,1634,1598,1765406889213,1765406889213,0,1.86,0.0000,0.0,0.00
1765406889.256498,4,1635,1599,1765406889256,1765406889256,0,1.85,0.0000,0.0,0.00
1765406889.298673,4,1636,1600,1765406889298,1765406889298,0,1.84,0.0000,0.0,0.00
1765406889.339846,4,1637,1601,1765406889339,1765406889339,0,1.86,0.0000,0.0,0.00
1765406889.381924,4,1638,1602,1765406889381,1765406889381,0,1.42,0.0000,0.0,0.00
1765406889.424533,4,1639,1603,1765406889423,1765406889423,0,1.33,0.0000,0.0,0.00
1765406889.467386,4,1640,1605,1765406889466,1765406889466,0,1.35,0.0000,0.0,0.00
1765406889.509018,4,1641,1606,1765406889509,1765406889509,0,1.36,0.0000,0.0,0.00
1765406889.553137,4,1642,1607,1765406889550,1765406889553,3,1.39,0.0000,0.0,0.00
1765406889.592388,4,1643,1608,1765406889592,1765406889592,0,1.41,0.0000,0.0,0.00
1765406889.637194,4,1644,1609,1765406889634,1765406889637,3,1.45,0.0000,0.0,0.00
1765406889.678465,4,1645,1610,1765406889677,1765406889677,0,1.46,0.0000,0.0,0.00
1765406889.719246,4,1646,1612,1765406889719,1765406889719,0,1.43,0.0000,0.0,0.00
1765406889.762682,4,1647,1613,1765406889762,1765406889762,0,1.42,0.0000,0.0,0.00
1765406889.804349,4,1648,1614,1765406889803,1765406889804,1,1.42,0.0000,0.0,0.00
1765406889.837946,4,1649,1615,1765406889837,1765406889837,0,1.52,0.0000,0.0,0.00
1765406889.880111,4,1650,1616,1765406889880,1765406889880,0,1.51,0.0000,0.0,0.00
1765406889.922187,4,1651,1617,1765406889922,1765406889922,0,1.47,0.0000,0.0,0.00
1765406889.964096,4,1652,1618,1765406889964,1765406889964,0,1.47,0.0000,0.0,0.00
1765406890.005838,4,1653,1619,1765406890005,1765406890005,0,1.49,0.0000,0.0,0.00
1765406890.052024,4,1654,1620,1765406890048,1765406890052,4,1.58,0.0000,0.0,0.00
1765406890.089665,4,1655,1621,1765406890089,1765406890089,0,1.63,0.0000,0.0,0.00
1765406890.134694,4,1656,1622,1765406890131,1765406890134,3,1.69,0.0000,0.0,0.00
1765406890.173073,4,1657,1623,1765406890173,1765406890173,0,1.72,0.0000,0.0,0.00
1765406890.215367,4,1658,1624,1765406890215,1765406890215,0,1.70,0.0000,0.0,0.00
1765406890.257053,4,1659,1625,1765406890257,1765406890257,0,1.68,0.0000,0.0,0.00
1765406890.298651,4,1660,1626,1765406890298,1765406890298,0,1.68,0.0000,0.0,0.00
1765406890.340126,4,1661,1627,1765406890340,1765406890340,0,1.68,0.0000,0.0,0.00
1765406890.385109,4,1662,1628,1765406890381,1765406890384,3,1.69,0.0000,0.0,0.00
1765406890.424330,4,1663,1629,1765406890423,1765406890424,1,1.73,0.0000,0.0,0.00
1765406890.467323,4,1664,1630,1765406890465,1765406890467,2,1.72,0.0000,0.0,0.00
1765406890.507603,4,1665,1631,1765406890507,1765406890507,0,1.74,0.0000,0.0,0.00
1765406890.551296,4,1666,1632,1765406890549,1765406890549,0,1.71,0.0000,0.0,0.00
1765406890.592262,4,1667,1634,1765406890592,1765406890592,0,1.68,0.0000,0.0,0.00
1765406890.633750,4,1668,1635,1765406890633,1765406890633,0,1.70,0.0000,0.0,0.00
1765406890.675939,4,1669,1636,1765406890675,1765406890675,0,1.70,0.0000,0.0,0.00
1765406890.718226,4,1670,1637,1765406890718,1765406890718,0,1.70,0.0000,0.0,0.00
1765406890.759870,4,1671,1638,1765406890759,1765406890759,0,1.70,0.0000,0.0,0.00
1765406890.802176,4,1672,1639,1765406890802,1765406890802,0,1.67,0.0000,0.0,0.00
1765406890.845387,4,1673,1640,1765406890845,1765406890845,0,1.64,0.0000,0.0,0.00
1765406890.887675,4,1674,1641,1765406890887,1765406890887,0,1.58,0.0000,0.0,0.00
1765406890.932012,4,1675,1642,1765406890929,1765406890932,3,1.57,0.0000,0.0,0.00
1765406890.971721,4,1676,1643,1765406890971,1765406890971,0,1.55,0.0000,0.0,0.00
1765406891.017271,4,1677,1644,1765406891013,1765406891013,0,1.51,0.0000,0.0,0.00
1765406891.055527,4,1678,1645,1765406891055,1765406891055,0,1.45,0.0000,0.0,0.00
1765406891.098827,4,1679,1646,1765406891097,1765406891098,1,1.45,0.0000,0.0,0.00
1765406891.139828,4,1680,1647,1765406891139,1765406891139,0,1.47,0.0000,0.0,0.00
1765406891.182547,4,1681,1648,1765406891182,1765406891182,0,1.48,0.0000,0.0,0.00
1765406891.224282,4,1682,1649,1765406891224,1765406891224,0,1.45,0.0000,0.0,0.00
1765406891.265821,4,1683,1650,1765406891265,1765406891265,0,1.40,0.0000,0.0,0.00
1765406891.308170,4,1684,1651,1765406891308,1765406891308,0,1.38,0.0000,0.0,0.00
1765406891.351554,4,1685,1652,1765406891350,1765406891350,0,1.34,0.0000,0.0,0.00
1765406891.392864,4,1686,1653,1765406891392,1765406891392,0,1.31,0.0000,0.0,0.00
1765406891.435560,4,1687,1654,1765406891435,1765406891435,0,1.25,0.0000,0.0,0.00
1765406891.480333,4,1688,1655,1765406891477,1765406891480,3,1.26,0.0000,0.0,0.00
1765406891.519078,4,1689,1656,1765406891519,1765406891519,0,1.30,0.0000,0.0,0.00
1765406891.564304,4,1690,1657,1765406891560,1765406891564,4,1.33,0.0000,0.0,0.00
1765406891.602772,4,1691,1658,1765406891602,1765406891602,0,1.43,0.0000,0.0,0.00
1765406891.644938,4,1692,1659,1765406891644,1765406891644,0,1.43,0.0000,0.0,0.00
1765406891.687872,4,1693,1660,1765406891687,1765406891687,0,1.42,0.0000,0.0,0.00
1765406891.730363,4,1694,1662,1765406891729,1765406891730,1,1.40,0.0000,0.0,0.00
1765406891.771068,4,1695,1663,1765406891771,1765406891771,0,1.42,0.0000,0.0,0.00
1765406891.813774,4,1696,1664,1765406891813,1765406891813,0,1.42,0.0000,0.0,0.00
1765406891.855875,4,1697,1665,1765406891855,1765406891855,0,1.40,0.0000,0.0,0.00
1765406891.898636,4,1698,1666,1765406891898,1765406891898,0,1.40,0.0000,0.0,0.00
1765406891.944796,4,1699,1667,1765406891941,1765406891944,3,1.45,0.0000,0.0,0.00
1765406891.983951,4,1700,1668,1765406891983,1765406891983,0,1.50,0.0000,0.0,0.00
1765406892.028312,4,1701,1669,1765406892026,1765406892028,2,1.52,0.0000,0.0,0.00
1765406892.067616,4,1702,1670,1765406892067,1765406892067,0,1.57,0.0000,0.0,0.00
1765406892.112699,4,1703,1671,1765406892109,1765406892111,2,1.52,0.0000,0.0,0.00
1765406892.151422,4,1704,1673,1765406892151,1765406892151,0,1.54,0.0000,0.0,0.00
1765406892.195564,4,1705,1674,1765406892194,1765406892194,0,1.50,0.0000,0.0,0.00
1765406892.236645,4,1706,1675,1765406892236,1765406892236,0,1.50,0.0000,0.0,0.00
1765406892.279886,4,1707,1676,1765406892278,1765406892279,1,1.50,0.0000,0.0,0.00
1765406892.320884,4,1708,1677,1765406892320,1765406892320,0,1.52,0.0000,0.0,0.00
1765406892.363015,4,1709,1678,1765406892362,1765406892362,0,1.37,0.0000,0.0,0.00
1765406892.404300,4,1710,1679,1765406892404,1765406892404,0,1.35,0.0000,0.0,0.00
1765406892.445957,4,1711,1680,1765406892445,1765406892445,0,1.36,0.0000,0.0,0.00
1765406892.488698,4,1712,1682,1765406892488,1765406892488,0,1.38,0.0000,0.0,0.00
1765406892.531137,4,1713,1683,1765406892531,1765406892531,0,1.38,0.0000,0.0,0.00
1765406892.573265,4,1714,1684,1765406892573,1765406892573,0,1.29,0.0000,0.0,0.00
1765406892.615593,4,1715,1685,1765406892615,1765406892615,0,1.22,0.0000,0.0,0.00
1765406892.658561,4,1716,1686,1765406892658,1765406892658,0,1.18,0.0000,0.0,0.00
1765406892.700694,4,1717,1687,1765406892700,1765406892700,0,1.14,0.0000,0.0,0.00
1765406892.743009,4,1718,1688,1765406892743,1765406892743,0,1.16,0.0000,0.0,0.00
1765406892.785261,4,1719,1689,1765406892785,1765406892785,0,1.16,0.0000,0.0,0.00
1765406892.832368,4,1720,1690,1765406892828,1765406892831,3,1.21,0.0000,0.0,0.00
1765406892.871457,4,1721,1691,1765406892870,1765406892871,1,1.24,0.0000,0.0,0.00
1765406892.916043,4,1722,1692,1765406892913,1765406892914,1,1.22,0.0000,0.0,0.00
1765406892.955914,4,1723,1693,1765406892955,1765406892955,0,1.21,0.0000,0.0,0.00
1765406892.998068,4,1724,1694,1765406892998,1765406892998,0,1.21,0.0000,0.0,0.00
1765406893.043512,4,1725,1695,1765406893040,1765406893043,3,1.23,0.0000,0.0,0.00
1765406893.086156,4,1726,1696,1765406893082,1765406893086,4,1.24,0.0000,0.0,0.00
1765406893.127073,4,1727,1697,1765406893124,1765406893127,3,1.24,0.0000,0.0,0.00
1765406893.166117,4,1728,1698,1765406893166,1765406893166,0,1.27,0.0000,0.0,0.00
1765406893.210121,4,1729,1699,1765406893209,1765406893210,1,1.30,0.0000,0.0,0.00
1765406893.251591,4,1730,1700,1765406893251,1765406893251,0,1.31,0.0000,0.0,0.00
1765406893.294784,4,1731,1701,1765406893294,1765406893294,0,1.30,0.0000,0.0,0.00
1765406893.336777,4,1732,1702,1765406893336,1765406893336,0,1.29,0.0000,0.0,0.00
1765406893.378658,4,1733,1703,1765406893378,1765406893378,0,1.28,0.0000,0.0,0.00
1765406893.420793,4,1734,1704,1765406893420,1765406893420,0,1.28,0.0000,0.0,0.00
1765406893.462994,4,1735,1705,1765406893462,1765406893462,0,1.23,0.0000,0.0,0.00
1765406893.505419,4,1736,1706,1765406893505,1765406893505,0,1.20,0.0000,0.0,0.00
1765406893.547328,4,1737,1707,1765406893547,1765406893547,0,1.20,0.0000,0.0,0.00
1765406893.589759,4,1738,1708,1765406893589,1765406893589,0,1.20,0.0000,0.0,0.00
1765406893.632396,4,1739,1709,1765406893632,1765406893632,0,1.20,0.0000,0.0,0.00
1765406893.673589,4,1740,1710,1765406893673,1765406893673,0,1.20,0.0000,0.0,0.00
1765406893.716206,4,1741,1711,1765406893716,1765406893716,0,1.20,0.0000,0.0,0.00
1765406893.760466,4,1742,1713,1765406893758,1765406893760,2,1.23,0.0000,0.0,0.00
1765406893.800750,4,1743,1714,1765406893800,1765406893800,0,1.24,0.0000,0.0,0.00
1765406893.843720,4,1744,1715,1765406893843,1765406893843,0,1.24,0.0000,0.0,0.00
1765406893.886192,4,1745,1716,1765406893885,1765406893886,1,1.25,0.0000,0.0,0.00
1765406893.928476,4,1746,1717,1765406893928,1765406893928,0,1.25,0.0000,0.0,0.00
1765406893.971634,4,1747,1718,1765406893970,1765406893970,0,1.24,0.0000,0.0,0.00
1765406894.013175,4,1748,1719,1765406894013,1765406894013,0,1.21,0.0000,0.0,0.00
1765406894.055100,4,1749,1721,1765406894055,1765406894055,0,1.16,0.0000,0.0,0.00
1765406894.097309,4,1750,1722,1765406894096,1765406894097,1,1.11,0.0000,0.0,0.00
1765406894.139432,4,1751,1723,1765406894139,1765406894139,0,1.05,0.0000,0.0,0.00
1765406894.181252,4,1752,1724,1765406894181,1765406894181,0,1.05,0.0000,0.0,0.00
1765406894.224253,4,1753,1725,1765406894224,1765406894224,0,1.05,0.0000,0.0,0.00
1765406894.266706,4,1754,1726,1765406894266,1765406894266,0,1.04,0.0000,0.0,0.00
1765406894.312615,4,1755,1727,1765406894308,1765406894309,1,1.04,0.0000,0.0,0.00
1765406894.351501,4,1756,1728,1765406894351,1765406894351,0,1.04,0.0000,0.0,0.00
1765406894.397838,4,1757,1730,1765406894393,1765406894397,4,1.10,0.0000,0.0,0.00
1765406894.436705,4,1758,1731,1765406894436,1765406894436,0,1.14,0.0000,0.0,0.00
1765406894.481349,4,1759,1732,1765406894479,1765406894481,2,1.12,0.0000,0.0,0.00
1765406894.520934,4,1760,1733,1765406894520,1765406894520,0,1.12,0.0000,0.0,0.00
1765406894.565383,4,1761,1734,1765406894563,1765406894565,2,1.12,0.0000,0.0,0.00
1765406894.605224,4,1762,1735,1765406894605,1765406894605,0,1.11,0.0000,0.0,0.00
1765406894.650330,4,1763,1736,1765406894647,1765406894648,1,1.09,0.0000,0.0,0.00
1765406894.817775,4,1764,1737,1765406894689,1765406894817,128,4.31,0.0000,0.0,0.00
