timestamp,client_id,snapshot_id,seq_num,server_timestamp_ms,recv_time_ms,latency_ms,jitter_ms,perceived_position_error,cpu_percent,bandwidth_per_client_kbps
1765406824.590006,1,107,1,1765406824342,1765406824590,248,0.00,0.0000,0.0,0.00
1765406824.590006,1,108,2,1765406824385,1765406824590,205,0.00,0.0000,0.0,0.00
1765406824.590006,1,109,3,1765406824427,1765406824590,163,0.00,0.0000,0.0,0.00
1765406824.590006,1,110,4,1765406824470,1765406824590,120,0.00,0.0000,0.0,0.00
1765406824.591374,1,111,5,1765406824512,1765406824590,78,0.00,0.0000,0.0,0.00
1765406824.591374,1,112,6,1765406824554,1765406824591,37,0.32,0.0000,0.0,0.00
1765406824.702936,1,113,7,1765406824598,1765406824702,104,30.78,0.0000,0.0,0.00
1765406824.702936,1,114,8,1765406824640,1765406824702,62,27.14,0.0000,0.0,0.00
1765406824.702936,1,115,9,1765406824682,1765406824702,20,24.25,0.0000,0.0,0.00
1765406824.737610,1,116,11,1765406824725,1765406824732,7,24.32,0.0000,0.0,0.00
1765406824.766945,1,117,12,1765406824766,1765406824766,0,24.44,0.0000,0.0,0.00
1765406824.809514,1,118,14,1765406824809,1765406824809,0,25.16,0.0000,0.0,0.00
1765406824.851545,1,119,15,1765406824851,1765406824851,0,25.21,0.0000,0.0,0.00
1765406824.894235,1,120,16,1765406824893,1765406824893,0,24.95,0.0000,0.0,0.00
1765406824.928205,1,121,17,1765406824928,1765406824928,0,24.00,0.0000,0.0,0.00
1765406824.970402,1,122,18,1765406824970,1765406824970,0,23.51,0.0000,0.0,0.00
1765406825.012925,1,123,19,1765406825012,1765406825012,0,22.95,0.0000,0.0,0.00
1765406825.048954,1,124,20,1765406825048,1765406825048,0,22.07,0.0000,0.0,0.00
1765406825.092386,1,125,21,1765406825091,1765406825092,1,21.58,0.0000,0.0,0.00
1765406825.134205,1,126,22,1765406825133,1765406825133,0,20.95,0.0000,0.0,0.00
1765406825.176183,1,127,23,1765406825175,1765406825176,1,20.41,0.0000,0.0,0.00
1765406825.217626,1,128,24,1765406825217,1765406825217,0,19.81,0.0000,0.0,0.00
1765406825.259993,1,129,25,1765406825259,1765406825259,0,19.30,0.0000,0.0,0.00
1765406825.301987,1,130,26,1765406825301,1765406825301,0,18.81,0.0000,0.0,0.00
1765406825.349696,1,131,27,1765406825344,1765406825349,5,18.50,0.0000,0.0,0.00
1765406825.384432,1,132,28,1765406825384,1765406825384,0,17.85,0.0000,0.0,0.00
1765406825.425951,1,133,29,1765406825425,1765406825425,0,17.38,0.0000,0.0,0.00
1765406825.472846,1,134,30,1765406825468,1765406825472,4,17.06,0.0000,0.0,0.00
1765406825.510455,1,135,31,1765406825510,1765406825510,0,16.56,0.0000,0.0,0.00
1765406825.554813,1,136,32,1765406825552,1765406825554,2,16.20,0.0000,0.0,0.00
1765406825.594378,1,137,33,1765406825594,1765406825594,0,15.78,0.0000,0.0,0.00
1765406825.638474,1,138,34,1765406825636,1765406825638,2,15.45,0.0000,0.0,0.00
1765406825.678793,1,139,35,1765406825678,1765406825678,0,15.06,0.0000,0.0,0.00
1765406825.723334,1,140,36,1765406825719,1765406825723,4,14.79,0.0000,0.0,0.00
1765406825.761684,1,141,37,1765406825761,1765406825761,0,14.41,0.0000,0.0,0.00
1765406825.841388,1,142,38,1765406825834,1765406825841,7,14.75,0.0000,0.0,0.00
1765406825.877838,1,143,40,1765406825877,1765406825877,0,14.35,0.0000,0.0,0.00
1765406825.922992,1,144,42,1765406825921,1765406825922,1,14.11,0.0000,0.0,0.00
1765406825.957571,1,145,43,1765406825953,1765406825957,4,13.77,0.0000,0.0,0.00
1765406825.996272,1,146,44,1765406825996,1765406825996,0,13.47,0.0000,0.0,0.00
1765406826.039597,1,147,45,1765406826038,1765406826039,1,13.26,0.0000,0.0,0.00
1765406826.081465,1,148,46,1765406826080,1765406826080,0,13.01,0.0000,0.0,0.00
1765406826.123681,1,149,47,1765406826123,1765406826123,0,12.81,0.0000,0.0,0.00
1765406826.168582,1,150,48,1765406826165,1765406826167,2,12.63,0.0000,0.0,0.00
1765406826.207419,1,151,49,1765406826207,1765406826207,0,12.39,0.0000,0.0,0.00
1765406826.251894,1,152,50,1765406826249,1765406826250,1,12.20,0.0000,0.0,0.00
1765406826.292161,1,153,51,1765406826291,1765406826291,0,11.99,0.0000,0.0,0.00
1765406826.336596,1,154,52,1765406826334,1765406826336,2,11.83,0.0000,0.0,0.00
1765406826.376283,1,155,53,1765406826376,1765406826376,0,11.62,0.0000,0.0,0.00
1765406826.421288,1,156,54,1765406826418,1765406826421,3,11.48,0.0000,0.0,0.00
1765406826.460619,1,157,55,1765406826460,1765406826460,0,11.26,0.0000,0.0,0.00
1765406826.506596,1,158,56,1765406826503,1765406826506,3,11.14,0.0000,0.0,0.00
1765406826.544916,1,159,57,1765406826544,1765406826544,0,10.93,0.0000,0.0,0.00
1765406826.591140,1,160,58,1765406826587,1765406826591,4,10.81,0.0000,0.0,0.00
1765406826.629930,1,161,59,1765406826629,1765406826629,0,10.62,0.0000,0.0,0.00
1765406826.671727,1,162,60,1765406826671,1765406826671,0,10.46,0.0000,0.0,0.00
1765406826.713652,1,163,61,1765406826713,1765406826713,0,10.31,0.0000,0.0,0.00
1765406826.756727,1,164,63,1765406826756,1765406826756,0,10.18,0.0000,0.0,0.00
1765406826.800030,1,165,64,1765406826800,1765406826800,0,10.06,0.0000,0.0,0.00
1765406826.841931,1,166,65,1765406826841,1765406826841,0,9.92,0.0000,0.0,0.00
1765406826.883436,1,167,66,1765406826883,1765406826883,0,9.80,0.0000,0.0,0.00
1765406826.926171,1,168,67,1765406826925,1765406826925,0,8.92,0.0000,0.0,0.00
1765406826.970840,1,169,68,1765406826967,1765406826970,3,8.07,0.0000,0.0,0.00
1765406827.009632,1,170,69,1765406827009,1765406827009,0,7.20,0.0000,0.0,0.00
1765406827.054901,1,171,70,1765406827051,1765406827054,3,6.39,0.0000,0.0,0.00
1765406827.093598,1,172,71,1765406827093,1765406827093,0,5.70,0.0000,0.0,0.00
1765406827.138456,1,173,72,1765406827135,1765406827138,3,4.79,0.0000,0.0,0.00
1765406827.178356,1,174,74,1765406827178,1765406827178,0,3.97,0.0000,0.0,0.00
1765406827.221646,1,175,75,1765406827220,1765406827221,1,3.22,0.0000,0.0,0.00
1765406827.263608,1,176,76,1765406827263,1765406827263,0,3.05,0.0000,0.0,0.00
1765406827.305035,1,177,77,1765406827304,1765406827305,1,2.95,0.0000,0.0,0.00
1765406827.347220,1,178,78,1765406827347,1765406827347,0,2.94,0.0000,0.0,0.00
1765406827.389495,1,179,79,1765406827389,1765406827389,0,2.94,0.0000,0.0,0.00
1765406827.431213,1,180,80,1765406827431,1765406827431,0,2.94,0.0000,0.0,0.00
1765406827.472950,1,181,81,1765406827472,1765406827472,0,2.86,0.0000,0.0,0.00
1765406827.515035,1,182,82,1765406827514,1765406827515,1,2.87,0.0000,0.0,0.00
1765406827.556907,1,183,83,1765406827556,1765406827556,0,2.88,0.0000,0.0,0.00
1765406827.602658,1,184,84,1765406827599,1765406827602,3,2.86,0.0000,0.0,0.00
1765406827.642429,1,185,85,1765406827642,1765406827642,0,2.87,0.0000,0.0,0.00
1765406827.687935,1,186,86,1765406827684,1765406827687,3,2.89,0.0000,0.0,0.00
1765406827.728518,1,187,87,1765406827728,1765406827728,0,2.91,0.0000,0.0,0.00
1765406827.770257,1,188,88,1765406827770,1765406827770,0,2.89,0.0000,0.0,0.00
1765406827.812847,1,189,89,1765406827812,1765406827812,0,2.89,0.0000,0.0,0.00
1765406827.855142,1,190,90,1765406827855,1765406827855,0,2.89,0.0000,0.0,0.00
1765406827.897419,1,191,91,1765406827896,1765406827897,1,2.79,0.0000,0.0,0.00
1765406827.939127,1,192,92,1765406827939,1765406827939,0,2.70,0.0000,0.0,0.00
1765406827.980955,1,193,93,1765406827980,1765406827980,0,2.70,0.0000,0.0,0.00
1765406828.022759,1,194,94,1765406828022,1765406828022,0,2.62,0.0000,0.0,0.00
1765406828.064721,1,195,95,1765406828064,1765406828064,0,2.57,0.0000,0.0,0.00
1765406828.106649,1,196,96,1765406828106,1765406828106,0,2.54,0.0000,0.0,0.00
1765406828.153189,1,197,97,1765406828150,1765406828152,2,2.58,0.0000,0.0,0.00
1765406828.192257,1,198,98,1765406828192,1765406828192,0,2.58,0.0000,0.0,0.00
1765406828.237167,1,199,99,1765406828234,1765406828237,3,2.60,0.0000,0.0,0.00
1765406828.276363,1,200,100,1765406828276,1765406828276,0,2.60,0.0000,0.0,0.00
1765406828.319232,1,201,101,1765406828318,1765406828318,0,2.55,0.0000,0.0,0.00
1765406828.361511,1,202,102,1765406828361,1765406828361,0,1.77,0.0000,0.0,0.00
1765406828.397438,1,203,104,1765406828397,1765406828397,0,1.77,0.0000,0.0,0.00
1765406828.438905,1,204,105,1765406828438,1765406828438,0,1.75,0.0000,0.0,0.00
1765406828.483638,1,205,106,1765406828480,1765406828483,3,1.69,0.0000,0.0,0.00
1765406828.522818,1,206,107,1765406828522,1765406828522,0,1.69,0.0000,0.0,0.00
1765406828.567748,1,207,108,1765406828565,1765406828567,2,1.74,0.0000,0.0,0.00
1765406828.608981,1,208,109,1765406828608,1765406828608,0,1.74,0.0000,0.0,0.00
1765406828.651428,1,209,110,1765406828651,1765406828651,0,1.74,0.0000,0.0,0.00
1765406828.694357,1,210,112,1765406828694,1765406828694,0,1.71,0.0000,0.0,0.00
1765406828.736680,1,211,113,1765406828736,1765406828736,0,1.69,0.0000,0.0,0.00
1765406828.781690,1,212,115,1765406828779,1765406828781,2,1.73,0.0000,0.0,0.00
1765406828.821345,1,213,116,1765406828821,1765406828821,0,1.74,0.0000,0.0,0.00
1765406828.865897,1,214,117,1765406828863,1765406828865,2,1.72,0.0000,0.0,0.00
1765406828.906643,1,215,118,1765406828906,1765406828906,0,1.71,0.0000,0.0,0.00
1765406828.950773,1,216,120,1765406828950,1765406828950,0,1.69,0.0000,0.0,0.00
1765406828.992157,1,217,121,1765406828992,1765406828992,0,1.65,0.0000,0.0,0.00
1765406829.035239,1,218,122,1765406829035,1765406829035,0,1.59,0.0000,0.0,0.00
1765406829.077658,1,219,123,1765406829077,1765406829077,0,1.54,0.0000,0.0,0.00
1765406829.120041,1,220,124,1765406829119,1765406829119,0,1.44,0.0000,0.0,0.00
1765406829.161530,1,221,125,1765406829161,1765406829161,0,1.39,0.0000,0.0,0.00
1765406829.204412,1,222,126,1765406829203,1765406829203,0,1.39,0.0000,0.0,0.00
1765406829.246269,1,223,127,1765406829246,1765406829246,0,1.41,0.0000,0.0,0.00
1765406829.287738,1,224,128,1765406829287,1765406829287,0,1.40,0.0000,0.0,0.00
1765406829.330698,1,225,129,1765406829330,1765406829330,0,1.38,0.0000,0.0,0.00
1765406829.372977,1,226,130,1765406829372,1765406829372,0,1.37,0.0000,0.0,0.00
1765406829.419061,1,227,131,1765406829415,1765406829419,4,1.47,0.0000,0.0,0.00
1765406829.457460,1,228,132,1765406829457,1765406829457,0,1.52,0.0000,0.0,0.00
1765406829.500317,1,229,133,1765406829499,1765406829500,1,1.48,0.0000,0.0,0.00
1765406829.541951,1,230,134,1765406829541,1765406829541,0,1.45,0.0000,0.0,0.00
1765406829.585877,1,231,135,1765406829583,1765406829584,1,1.41,0.0000,0.0,0.00
1765406829.626518,1,232,136,1765406829626,1765406829626,0,1.37,0.0000,0.0,0.00
1765406829.668997,1,233,137,1765406829667,1765406829668,1,1.32,0.0000,0.0,0.00
1765406829.710203,1,234,138,1765406829710,1765406829710,0,1.29,0.0000,0.0,0.00
1765406829.752304,1,235,140,1765406829752,1765406829752,0,1.28,0.0000,0.0,0.00
1765406829.794788,1,236,141,1765406829794,1765406829794,0,1.28,0.0000,0.0,0.00
1765406829.836977,1,237,142,1765406829836,1765406829836,0,1.28,0.0000,0.0,0.00
1765406829.879084,1,238,143,1765406829879,1765406829879,0,1.29,0.0000,0.0,0.00
1765406829.920678,1,239,144,1765406829920,1765406829920,0,1.30,0.0000,0.0,0.00
1765406829.967334,1,240,145,1765406829963,1765406829967,4,1.40,0.0000,0.0,0.00
1765406830.006309,1,241,146,1765406830006,1765406830006,0,1.43,0.0000,0.0,0.00
1765406830.048373,1,242,147,1765406830048,1765406830048,0,1.42,0.0000,0.0,0.00
1765406830.091077,1,243,148,1765406830090,1765406830090,0,1.40,0.0000,0.0,0.00
1765406830.132552,1,244,149,1765406830132,1765406830132,0,1.32,0.0000,0.0,0.00
1765406830.174062,1,245,150,1765406830174,1765406830174,0,1.30,0.0000,0.0,0.00
1765406830.220991,1,246,151,1765406830216,1765406830220,4,1.32,0.0000,0.0,0.00
1765406830.258780,1,247,152,1765406830258,1765406830258,0,1.36,0.0000,0.0,0.00
1765406830.302859,1,248,153,1765406830300,1765406830302,2,1.39,0.0000,0.0,0.00
1765406830.343197,1,249,154,1765406830343,1765406830343,0,1.40,0.0000,0.0,0.00
1765406830.387103,1,250,155,1765406830385,1765406830387,2,1.43,0.0000,0.0,0.00
1765406830.428180,1,251,156,1765406830428,1765406830428,0,1.44,0.0000,0.0,0.00
1765406830.471581,1,252,157,1765406830470,1765406830470,0,1.44,0.0000,0.0,0.00
1765406830.513054,1,253,158,1765406830513,1765406830513,0,1.44,0.0000,0.0,0.00
1765406830.555427,1,254,159,1765406830555,1765406830555,0,1.44,0.0000,0.0,0.00
1765406830.600464,1,255,160,1765406830597,1765406830600,3,1.50,0.0000,0.0,0.00
1765406830.640152,1,256,161,1765406830640,1765406830640,0,1.52,0.0000,0.0,0.00
1765406830.683226,1,257,162,1765406830682,1765406830683,1,1.46,0.0000,0.0,0.00
1765406830.724090,1,258,163,1765406830724,1765406830724,0,1.45,0.0000,0.0,0.00
1765406830.766136,1,259,165,1765406830766,1765406830766,0,1.39,0.0000,0.0,0.00
1765406830.808103,1,260,166,1765406830808,1765406830808,0,1.35,0.0000,0.0,0.00
1765406830.850280,1,261,167,1765406830850,1765406830850,0,1.35,0.0000,0.0,0.00
1765406830.893016,1,262,168,1765406830893,1765406830893,0,1.35,0.0000,0.0,0.00
1765406830.935349,1,263,169,1765406830934,1765406830935,1,1.28,0.0000,0.0,0.00
1765406830.978390,1,264,170,1765406830977,1765406830977,0,1.27,0.0000,0.0,0.00
1765406831.020664,1,265,171,1765406831020,1765406831020,0,1.23,0.0000,0.0,0.00
1765406831.062549,1,266,172,1765406831062,1765406831062,0,1.19,0.0000,0.0,0.00
1765406831.104297,1,267,173,1765406831104,1765406831104,0,1.13,0.0000,0.0,0.00
1765406831.146852,1,268,174,1765406831146,1765406831146,0,1.12,0.0000,0.0,0.00
1765406831.189076,1,269,175,1765406831189,1765406831189,0,1.12,0.0000,0.0,0.00
1765406831.233356,1,270,176,1765406831230,1765406831233,3,1.15,0.0000,0.0,0.00
1765406831.273731,1,271,177,1765406831273,1765406831273,0,1.17,0.0000,0.0,0.00
1765406831.317922,1,272,178,1765406831314,1765406831317,3,1.15,0.0000,0.0,0.00
1765406831.357406,1,273,179,1765406831357,1765406831357,0,1.15,0.0000,0.0,0.00
1765406831.402669,1,274,180,1765406831399,1765406831401,2,1.15,0.0000,0.0,0.00
1765406831.441065,1,275,181,1765406831441,1765406831441,0,1.16,0.0000,0.0,0.00
1765406831.483480,1,276,182,1765406831482,1765406831483,1,1.12,0.0000,0.0,0.00
1765406831.524431,1,277,183,1765406831524,1765406831524,0,1.13,0.0000,0.0,0.00
1765406831.567896,1,278,184,1765406831566,1765406831567,1,1.13,0.0000,0.0,0.00
1765406831.608341,1,279,185,1765406831608,1765406831608,0,1.14,0.0000,0.0,0.00
1765406831.651483,1,280,186,1765406831650,1765406831651,1,1.16,0.0000,0.0,0.00
1765406831.692408,1,281,187,1765406831692,1765406831692,0,1.17,0.0000,0.0,0.00
1765406831.736984,1,282,188,1765406831734,1765406831735,1,1.19,0.0000,0.0,0.00
1765406831.776903,1,283,189,1765406831776,1765406831776,0,1.18,0.0000,0.0,0.00
1765406831.821573,1,284,190,1765406831819,1765406831820,1,1.21,0.0000,0.0,0.00
1765406831.862252,1,285,191,1765406831861,1765406831861,0,1.20,0.0000,0.0,0.00
1765406831.904566,1,286,192,1765406831904,1765406831904,0,1.22,0.0000,0.0,0.00
1765406831.946642,1,287,193,1765406831946,1765406831946,0,1.12,0.0000,0.0,0.00
1765406831.989671,1,288,195,1765406831989,1765406831989,0,1.09,0.0000,0.0,0.00
1765406832.032136,1,289,196,1765406832032,1765406832032,0,1.09,0.0000,0.0,0.00
1765406832.074481,1,290,197,1765406832074,1765406832074,0,1.07,0.0000,0.0,0.00
1765406832.120541,1,291,198,1765406832117,1765406832120,3,1.14,0.0000,0.0,0.00
1765406832.159518,1,292,199,1765406832159,1765406832159,0,1.17,0.0000,0.0,0.00
1765406832.202331,1,293,200,1765406832201,1765406832202,1,1.19,0.0000,0.0,0.00
1765406832.244938,1,294,201,1765406832244,1765406832244,0,1.19,0.0000,0.0,0.00
1765406832.286792,1,295,202,1765406832286,1765406832286,0,1.19,0.0000,0.0,0.00
1765406832.332492,1,296,203,1765406832329,1765406832332,3,1.26,0.0000,0.0,0.00
1765406832.371526,1,297,204,1765406832371,1765406832371,0,1.30,0.0000,0.0,0.00
1765406832.415272,1,298,205,1765406832412,1765406832415,3,1.32,0.0000,0.0,0.00
1765406832.454714,1,299,207,1765406832454,1765406832454,0,1.35,0.0000,0.0,0.00
1765406832.499493,1,300,208,1765406832496,1765406832499,3,1.31,0.0000,0.0,0.00
1765406832.538273,1,301,209,1765406832538,1765406832538,0,1.31,0.0000,0.0,0.00
1765406832.584454,1,302,210,1765406832580,1765406832584,4,1.38,0.0000,0.0,0.00
1765406832.622579,1,303,211,1765406832622,1765406832622,0,1.43,0.0000,0.0,0.00
1765406832.668175,1,304,212,1765406832663,1765406832668,5,1.50,0.0000,0.0,0.00
1765406832.705973,1,305,213,1765406832705,1765406832705,0,1.57,0.0000,0.0,0.00
1765406832.751359,1,306,215,1765406832747,1765406832750,3,1.56,0.0000,0.0,0.00
1765406832.789425,1,307,216,1765406832789,1765406832789,0,1.54,0.0000,0.0,0.00
1765406832.832157,1,308,217,1765406832831,1765406832832,1,1.52,0.0000,0.0,0.00
1765406832.873167,1,309,218,1765406832873,1765406832873,0,1.52,0.0000,0.0,0.00
1765406832.914886,1,310,219,1765406832914,1765406832914,0,1.50,0.0000,0.0,0.00
1765406832.957009,1,311,220,1765406832957,1765406832957,0,1.50,0.0000,0.0,0.00
1765406832.999157,1,312,221,1765406832999,1765406832999,0,1.50,0.0000,0.0,0.00
1765406833.041602,1,313,222,1765406833041,1765406833041,0,1.49,0.0000,0.0,0.00
1765406833.083505,1,314,223,1765406833082,1765406833082,0,1.50,0.0000,0.0,0.00
1765406833.124752,1,315,224,1765406833124,1765406833124,0,1.45,0.0000,0.0,0.00
1765406833.167613,1,316,225,1765406833167,1765406833167,0,1.44,0.0000,0.0,0.00
1765406833.209251,1,317,226,1765406833209,1765406833209,0,1.42,0.0000,0.0,0.00
1765406833.250950,1,318,227,1765406833250,1765406833250,0,1.42,0.0000,0.0,0.00
1765406833.292958,1,319,228,1765406833292,1765406833292,0,1.42,0.0000,0.0,0.00
1765406833.334881,1,320,229,1765406833334,1765406833334,0,1.42,0.0000,0.0,0.00
1765406833.377271,1,321,230,1765406833377,1765406833377,0,1.44,0.0000,0.0,0.00
1765406833.419199,1,322,231,1765406833419,1765406833419,0,1.42,0.0000,0.0,0.00
1765406833.461190,1,323,232,1765406833461,1765406833461,0,1.42,0.0000,0.0,0.00
1765406833.503332,1,324,233,1765406833503,1765406833503,0,1.42,0.0000,0.0,0.00
1765406833.548849,1,325,235,1765406833546,1765406833548,2,1.46,0.0000,0.0,0.00
1765406833.588609,1,326,236,1765406833588,1765406833588,0,1.49,0.0000,0.0,0.00
1765406833.631063,1,327,237,1765406833630,1765406833631,1,1.50,0.0000,0.0,0.00
1765406833.672365,1,328,238,1765406833672,1765406833672,0,1.52,0.0000,0.0,0.00
1765406833.715000,1,329,239,1765406833713,1765406833715,2,1.52,0.0000,0.0,0.00
1765406833.756853,1,330,240,1765406833756,1765406833756,0,1.49,0.0000,0.0,0.00
1765406833.798904,1,331,241,1765406833798,1765406833798,0,1.47,0.0000,0.0,0.00
1765406833.841089,1,332,242,1765406833841,1765406833841,0,1.45,0.0000,0.0,0.00
1765406833.882463,1,333,243,1765406833882,1765406833882,0,1.43,0.0000,0.0,0.00
1765406833.924177,1,334,244,1765406833924,1765406833924,0,1.39,0.0000,0.0,0.00
1765406833.966574,1,335,245,1765406833966,1765406833966,0,1.37,0.0000,0.0,0.00
1765406834.011034,1,336,246,1765406834008,1765406834011,3,1.43,0.0000,0.0,0.00
1765406834.050860,1,337,247,1765406834050,1765406834050,0,1.45,0.0000,0.0,0.00
1765406834.095992,1,338,248,1765406834092,1765406834095,3,1.49,0.0000,0.0,0.00
1765406834.134034,1,339,249,1765406834134,1765406834134,0,1.52,0.0000,0.0,0.00
1765406834.179174,1,340,250,1765406834176,1765406834179,3,1.56,0.0000,0.0,0.00
1765406834.219041,1,341,251,1765406834219,1765406834219,0,1.57,0.0000,0.0,0.00
1765406834.261403,1,342,252,1765406834261,1765406834261,0,1.56,0.0000,0.0,0.00
1765406834.304481,1,343,253,1765406834304,1765406834304,0,1.56,0.0000,0.0,0.00
1765406834.347077,1,344,254,1765406834347,1765406834347,0,1.54,0.0000,0.0,0.00
1765406834.390353,1,345,255,1765406834389,1765406834390,1,1.54,0.0000,0.0,0.00
1765406834.431809,1,346,256,1765406834431,1765406834431,0,1.54,0.0000,0.0,0.00
1765406834.473681,1,347,257,1765406834473,1765406834473,0,1.54,0.0000,0.0,0.00
1765406834.515956,1,348,258,1765406834515,1765406834515,0,1.52,0.0000,0.0,0.00
1765406834.560846,1,349,259,1765406834558,1765406834560,2,1.56,0.0000,0.0,0.00
1765406834.600851,1,350,260,1765406834600,1765406834600,0,1.59,0.0000,0.0,0.00
1765406834.642368,1,351,261,1765406834642,1765406834642,0,1.51,0.0000,0.0,0.00
1765406834.684308,1,352,262,1765406834684,1765406834684,0,1.47,0.0000,0.0,0.00
1765406834.726726,1,353,263,1765406834726,1765406834726,0,1.45,0.0000,0.0,0.00
1765406834.769163,1,354,265,1765406834769,1765406834769,0,1.47,0.0000,0.0,0.00
1765406834.811662,1,355,266,1765406834811,1765406834811,0,1.47,0.0000,0.0,0.00
1765406834.856910,1,356,267,1765406834853,1765406834856,3,1.45,0.0000,0.0,0.00
1765406834.896159,1,357,268,1765406834896,1765406834896,0,1.44,0.0000,0.0,0.00
1765406834.939397,1,358,269,1765406834938,1765406834938,0,1.40,0.0000,0.0,0.00
1765406834.980338,1,359,270,1765406834980,1765406834980,0,1.36,0.0000,0.0,0.00
1765406835.024294,1,360,272,1765406835024,1765406835024,0,1.34,0.0000,0.0,0.00
1765406835.066965,1,361,273,1765406835066,1765406835066,0,1.31,0.0000,0.0,0.00
1765406835.108784,1,362,274,1765406835108,1765406835108,0,1.22,0.0000,0.0,0.00
1765406835.156379,1,363,275,1765406835153,1765406835155,2,1.28,0.0000,0.0,0.00
1765406835.195370,1,364,276,1765406835195,1765406835195,0,1.22,0.0000,0.0,0.00
1765406835.238770,1,365,277,1765406835238,1765406835238,0,1.18,0.0000,0.0,0.00
1765406835.281086,1,366,278,1765406835281,1765406835281,0,1.14,0.0000,0.0,0.00
1765406835.332350,1,367,279,1765406835331,1765406835331,0,1.26,0.0000,0.0,0.00
1765406835.376117,1,368,280,1765406835375,1765406835376,1,1.31,0.0000,0.0,0.00
1765406835.417583,1,369,281,1765406835417,1765406835417,0,1.31,0.0000,0.0,0.00
1765406835.459314,1,370,282,1765406835459,1765406835459,0,1.29,0.0000,0.0,0.00
1765406835.501442,1,371,283,1765406835501,1765406835501,0,1.29,0.0000,0.0,0.00
1765406835.545532,1,372,284,1765406835543,1765406835545,2,1.32,0.0000,0.0,0.00
1765406835.585936,1,373,285,1765406835585,1765406835585,0,1.34,0.0000,0.0,0.00
1765406835.627864,1,374,286,1765406835627,1765406835627,0,1.33,0.0000,0.0,0.00
1765406835.669979,1,375,287,1765406835669,1765406835669,0,1.33,0.0000,0.0,0.00
1765406835.712744,1,376,288,1765406835712,1765406835712,0,1.33,0.0000,0.0,0.00
1765406835.754521,1,377,289,1765406835754,1765406835754,0,1.33,0.0000,0.0,0.00
1765406835.797025,1,378,290,1765406835797,1765406835797,0,1.32,0.0000,0.0,0.00
1765406835.839346,1,379,291,1765406835839,1765406835839,0,1.32,0.0000,0.0,0.00
1765406835.881586,1,380,292,1765406835881,1765406835881,0,1.32,0.0000,0.0,0.00
1765406835.924322,1,381,293,1765406835923,1765406835923,0,1.32,0.0000,0.0,0.00
1765406835.965922,1,382,294,1765406835965,1765406835965,0,1.32,0.0000,0.0,0.00
1765406836.007661,1,383,295,1765406836007,1765406836007,0,1.32,0.0000,0.0,0.00
1765406836.049654,1,384,296,1765406836049,1765406836049,0,1.32,0.0000,0.0,0.00
1765406836.094953,1,385,297,1765406836091,1765406836093,2,1.29,0.0000,0.0,0.00
1765406836.133746,1,386,298,1765406836133,1765406836133,0,1.29,0.0000,0.0,0.00
1765406836.179589,1,387,299,1765406836175,1765406836179,4,1.36,0.0000,0.0,0.00
1765406836.217693,1,388,300,1765406836217,1765406836217,0,1.39,0.0000,0.0,0.00
1765406836.261623,1,389,301,1765406836260,1765406836261,1,1.42,0.0000,0.0,0.00
1765406836.302285,1,390,302,1765406836302,1765406836302,0,1.42,0.0000,0.0,0.00
1765406836.344279,1,391,303,1765406836344,1765406836344,0,1.42,0.0000,0.0,0.00
1765406836.387127,1,392,304,1765406836387,1765406836387,0,1.42,0.0000,0.0,0.00
1765406836.429575,1,393,305,1765406836429,1765406836429,0,1.40,0.0000,0.0,0.00
1765406836.471712,1,394,306,1765406836471,1765406836471,0,1.40,0.0000,0.0,0.00
1765406836.513754,1,395,307,1765406836513,1765406836513,0,1.40,0.0000,0.0,0.00
1765406836.559488,1,396,308,1765406836556,1765406836559,3,1.42,0.0000,0.0,0.00
1765406836.598692,1,397,309,1765406836598,1765406836598,0,1.42,0.0000,0.0,0.00
1765406836.642209,1,398,310,1765406836641,1765406836641,0,1.38,0.0000,0.0,0.00
1765406836.683008,1,399,311,1765406836683,1765406836683,0,1.35,0.0000,0.0,0.00
1765406836.725926,1,400,312,1765406836725,1765406836725,0,1.30,0.0000,0.0,0.00
1765406836.767520,1,401,314,1765406836767,1765406836767,0,1.27,0.0000,0.0,0.00
1765406836.809139,1,402,315,1765406836809,1765406836809,0,1.27,0.0000,0.0,0.00
1765406836.850939,1,403,316,1765406836850,1765406836850,0,1.28,0.0000,0.0,0.00
1765406836.893364,1,404,317,1765406836893,1765406836893,0,1.28,0.0000,0.0,0.00
1765406836.934569,1,405,318,1765406836934,1765406836934,0,1.28,0.0000,0.0,0.00
1765406836.976930,1,406,319,1765406836976,1765406836976,0,1.27,0.0000,0.0,0.00
1765406837.022335,1,407,321,1765406837019,1765406837022,3,1.34,0.0000,0.0,0.00
1765406837.061219,1,408,322,1765406837061,1765406837061,0,1.38,0.0000,0.0,0.00
1765406837.106435,1,409,323,1765406837103,1765406837106,3,1.38,0.0000,0.0,0.00
1765406837.146133,1,410,324,1765406837146,1765406837146,0,1.38,0.0000,0.0,0.00
1765406837.187668,1,411,325,1765406837187,1765406837187,0,1.39,0.0000,0.0,0.00
1765406837.230694,1,412,326,1765406837230,1765406837230,0,1.40,0.0000,0.0,0.00
1765406837.273208,1,413,327,1765406837272,1765406837273,1,1.40,0.0000,0.0,0.00
1765406837.315404,1,414,328,1765406837315,1765406837315,0,1.40,0.0000,0.0,0.00
1765406837.424270,1,415,329,1765406837423,1765406837424,1,2.96,0.0000,0.0,0.00
1765406837.472769,1,416,330,1765406837466,1765406837472,6,3.04,0.0000,0.0,0.00
1765406837.508920,1,417,331,1765406837508,1765406837508,0,3.07,0.0000,0.0,0.00
1765406837.553082,1,418,332,1765406837551,1765406837553,2,3.09,0.0000,0.0,0.00
1765406837.593620,1,419,333,1765406837593,1765406837593,0,3.11,0.0000,0.0,0.00
1765406837.636036,1,420,334,1765406837636,1765406837636,0,3.10,0.0000,0.0,0.00
1765406837.679014,1,421,335,1765406837678,1765406837678,0,3.10,0.0000,0.0,0.00
1765406837.720494,1,422,336,1765406837720,1765406837720,0,3.10,0.0000,0.0,0.00
1765406837.765082,1,423,337,1765406837763,1765406837765,2,3.05,0.0000,0.0,0.00
1765406837.804719,1,424,338,1765406837804,1765406837804,0,3.06,0.0000,0.0,0.00
1765406837.851050,1,425,339,1765406837847,1765406837851,4,3.14,0.0000,0.0,0.00
1765406837.889662,1,426,340,1765406837889,1765406837889,0,3.18,0.0000,0.0,0.00
1765406837.934181,1,427,341,1765406837931,1765406837934,3,3.05,0.0000,0.0,0.00
1765406837.974666,1,428,342,1765406837974,1765406837974,0,3.04,0.0000,0.0,0.00
1765406838.018913,1,429,343,1765406838017,1765406838018,1,3.04,0.0000,0.0,0.00
1765406838.061173,1,430,345,1765406838060,1765406838060,0,3.04,0.0000,0.0,0.00
1765406838.104133,1,431,346,1765406838103,1765406838104,1,3.04,0.0000,0.0,0.00
1765406838.145709,1,432,347,1765406838145,1765406838145,0,3.04,0.0000,0.0,0.00
1765406838.187988,1,433,348,1765406838187,1765406838187,0,3.03,0.0000,0.0,0.00
1765406838.230581,1,434,349,1765406838230,1765406838230,0,3.02,0.0000,0.0,0.00
1765406838.271903,1,435,350,1765406838271,1765406838271,0,3.03,0.0000,0.0,0.00
1765406838.318142,1,436,351,1765406838314,1765406838318,4,3.12,0.0000,0.0,0.00
1765406838.356687,1,437,352,1765406838356,1765406838356,0,3.15,0.0000,0.0,0.00
1765406838.398445,1,438,353,1765406838398,1765406838398,0,3.16,0.0000,0.0,0.00
1765406838.440469,1,439,354,1765406838440,1765406838440,0,3.16,0.0000,0.0,0.00
1765406838.482280,1,440,355,1765406838482,1765406838482,0,3.16,0.0000,0.0,0.00
1765406838.524477,1,441,356,1765406838524,1765406838524,0,3.16,0.0000,0.0,0.00
1765406838.570648,1,442,357,1765406838567,1765406838570,3,3.21,0.0000,0.0,0.00
1765406838.609126,1,443,358,1765406838609,1765406838609,0,3.24,0.0000,0.0,0.00
1765406838.653098,1,444,359,1765406838651,1765406838653,2,3.24,0.0000,0.0,0.00
1765406838.693351,1,445,360,1765406838693,1765406838693,0,3.26,0.0000,0.0,0.00
1765406838.740460,1,446,361,1765406838735,1765406838739,4,3.29,0.0000,0.0,0.00
1765406838.778207,1,447,363,1765406838778,1765406838778,0,3.26,0.0000,0.0,0.00
1765406838.820720,1,448,365,1765406838820,1765406838820,0,3.23,0.0000,0.0,0.00
1765406838.862696,1,449,366,1765406838862,1765406838862,0,3.23,0.0000,0.0,0.00
1765406838.904500,1,450,367,1765406838904,1765406838904,0,3.22,0.0000,0.0,0.00
1765406838.947538,1,451,368,1765406838947,1765406838947,0,3.21,0.0000,0.0,0.00
1765406838.990360,1,452,369,1765406838990,1765406838990,0,3.21,0.0000,0.0,0.00
1765406839.037003,1,453,370,1765406839032,1765406839037,5,3.28,0.0000,0.0,0.00
1765406839.074709,1,454,371,1765406839074,1765406839074,0,3.33,0.0000,0.0,0.00
1765406839.120867,1,455,372,1765406839116,1765406839120,4,3.38,0.0000,0.0,0.00
1765406839.159800,1,456,373,1765406839159,1765406839159,0,3.36,0.0000,0.0,0.00
1765406839.202572,1,457,374,1765406839201,1765406839202,1,3.32,0.0000,0.0,0.00
1765406839.243341,1,458,375,1765406839243,1765406839243,0,3.34,0.0000,0.0,0.00
1765406839.286828,1,459,376,1765406839285,1765406839286,1,3.33,0.0000,0.0,0.00
1765406839.322483,1,460,377,1765406839320,1765406839321,1,3.39,0.0000,0.0,0.00
1765406839.363924,1,461,378,1765406839363,1765406839363,0,3.39,0.0000,0.0,0.00
1765406839.406219,1,462,379,1765406839406,1765406839406,0,3.38,0.0000,0.0,0.00
1765406839.448073,1,463,380,1765406839448,1765406839448,0,3.37,0.0000,0.0,0.00
1765406839.490707,1,464,381,1765406839490,1765406839490,0,3.38,0.0000,0.0,0.00
1765406839.538673,1,465,382,1765406839532,1765406839537,5,3.45,0.0000,0.0,0.00
1765406839.575604,1,466,383,1765406839575,1765406839575,0,3.49,0.0000,0.0,0.00
1765406839.621387,1,467,384,1765406839617,1765406839621,4,3.49,0.0000,0.0,0.00
1765406839.660049,1,468,385,1765406839660,1765406839660,0,3.49,0.0000,0.0,0.00
1765406839.705770,1,469,386,1765406839702,1765406839705,3,3.49,0.0000,0.0,0.00
1765406839.744732,1,470,387,1765406839744,1765406839744,0,3.50,0.0000,0.0,0.00
1765406839.789668,1,471,388,1765406839787,1765406839789,2,3.51,0.0000,0.0,0.00
1765406839.829272,1,472,389,1765406839829,1765406839829,0,3.54,0.0000,0.0,0.00
1765406839.875811,1,473,390,1765406839871,1765406839874,3,3.58,0.0000,0.0,0.00
1765406839.913993,1,474,391,1765406839913,1765406839913,0,3.61,0.0000,0.0,0.00
1765406839.957799,1,475,392,1765406839954,1765406839957,3,2.31,0.0000,0.0,0.00
1765406839.997162,1,476,393,1765406839997,1765406839997,0,2.23,0.0000,0.0,0.00
1765406840.042718,1,477,395,1765406840039,1765406840042,3,2.20,0.0000,0.0,0.00
1765406840.081903,1,478,396,1765406840081,1765406840081,0,2.19,0.0000,0.0,0.00
1765406840.125777,1,479,397,1765406840123,1765406840125,2,2.19,0.0000,0.0,0.00
1765406840.165496,1,480,398,1765406840165,1765406840165,0,2.21,0.0000,0.0,0.00
1765406840.208035,1,481,399,1765406840208,1765406840208,0,2.22,0.0000,0.0,0.00
1765406840.253255,1,482,400,1765406840250,1765406840253,3,2.27,0.0000,0.0,0.00
1765406840.293323,1,483,401,1765406840293,1765406840293,0,2.25,0.0000,0.0,0.00
1765406840.337642,1,484,402,1765406840334,1765406840336,2,2.22,0.0000,0.0,0.00
1765406840.377132,1,485,403,1765406840377,1765406840377,0,2.15,0.0000,0.0,0.00
1765406840.418675,1,486,404,1765406840418,1765406840418,0,2.10,0.0000,0.0,0.00
1765406840.460236,1,487,405,1765406840460,1765406840460,0,2.05,0.0000,0.0,0.00
1765406840.502604,1,488,406,1765406840502,1765406840502,0,2.02,0.0000,0.0,0.00
1765406840.544672,1,489,407,1765406840544,1765406840544,0,1.99,0.0000,0.0,0.00
1765406840.587847,1,490,408,1765406840587,1765406840587,0,2.00,0.0000,0.0,0.00
1765406840.630147,1,491,409,1765406840630,1765406840630,0,1.98,0.0000,0.0,0.00
1765406840.672295,1,492,410,1765406840672,1765406840672,0,1.97,0.0000,0.0,0.00
1765406840.718495,1,493,411,1765406840714,1765406840715,1,1.98,0.0000,0.0,0.00
1765406840.757584,1,494,412,1765406840757,1765406840757,0,1.97,0.0000,0.0,0.00
1765406840.803527,1,495,414,1765406840799,1765406840802,3,2.01,0.0000,0.0,0.00
1765406840.841157,1,496,415,1765406840841,1765406840841,0,1.96,0.0000,0.0,0.00
1765406840.884539,1,497,416,1765406840883,1765406840884,1,1.92,0.0000,0.0,0.00
1765406840.924797,1,498,417,1765406840924,1765406840924,0,1.95,0.0000,0.0,0.00
1765406840.967583,1,499,418,1765406840966,1765406840967,1,1.96,0.0000,0.0,0.00
1765406841.008162,1,500,419,1765406841008,1765406841008,0,1.98,0.0000,0.0,0.00
1765406841.051323,1,501,420,1765406841050,1765406841051,1,1.99,0.0000,0.0,0.00
1765406841.093630,1,502,422,1765406841093,1765406841093,0,1.92,0.0000,0.0,0.00
1765406841.135557,1,503,423,1765406841135,1765406841135,0,1.88,0.0000,0.0,0.00
1765406841.177685,1,504,424,1765406841177,1765406841177,0,1.84,0.0000,0.0,0.00
1765406841.219966,1,505,425,1765406841219,1765406841219,0,1.81,0.0000,0.0,0.00
1765406841.262387,1,506,426,1765406841261,1765406841261,0,1.74,0.0000,0.0,0.00
1765406841.304240,1,507,427,1765406841304,1765406841304,0,1.71,0.0000,0.0,0.00
1765406841.350022,1,508,428,1765406841347,1765406841350,3,1.78,0.0000,0.0,0.00
1765406841.389521,1,509,429,1765406841389,1765406841389,0,1.83,0.0000,0.0,0.00
1765406841.433815,1,510,430,1765406841431,1765406841433,2,1.86,0.0000,0.0,0.00
1765406841.473833,1,511,431,1765406841473,1765406841473,0,1.88,0.0000,0.0,0.00
1765406841.517519,1,512,432,1765406841515,1765406841517,2,1.90,0.0000,0.0,0.00
1765406841.557702,1,513,433,1765406841557,1765406841557,0,1.83,0.0000,0.0,0.00
1765406841.600944,1,514,434,1765406841599,1765406841600,1,1.78,0.0000,0.0,0.00
1765406841.642171,1,515,435,1765406841641,1765406841641,0,1.72,0.0000,0.0,0.00
1765406841.684627,1,516,436,1765406841683,1765406841684,1,1.69,0.0000,0.0,0.00
1765406841.726013,1,517,437,1765406841726,1765406841726,0,1.68,0.0000,0.0,0.00
1765406841.768041,1,518,438,1765406841768,1765406841768,0,1.66,0.0000,0.0,0.00
1765406841.814792,1,519,439,1765406841809,1765406841813,4,1.70,0.0000,0.0,0.00
1765406841.850988,1,520,440,1765406841850,1765406841850,0,1.67,0.0000,0.0,0.00
1765406841.893709,1,521,441,1765406841893,1765406841893,0,1.68,0.0000,0.0,0.00
1765406841.936043,1,522,442,1765406841936,1765406841936,0,1.68,0.0000,0.0,0.00
1765406841.977594,1,523,443,1765406841977,1765406841977,0,1.70,0.0000,0.0,0.00
1765406842.020697,1,524,444,1765406842020,1765406842020,0,1.71,0.0000,0.0,0.00
1765406842.064023,1,525,445,1765406842063,1765406842063,0,1.64,0.0000,0.0,0.00
1765406842.105224,1,526,446,1765406842105,1765406842105,0,1.58,0.0000,0.0,0.00
1765406842.149706,1,527,447,1765406842147,1765406842149,2,1.54,0.0000,0.0,0.00
1765406842.189388,1,528,448,1765406842189,1765406842189,0,1.53,0.0000,0.0,0.00
1765406842.231761,1,529,449,1765406842231,1765406842231,0,1.48,0.0000,0.0,0.00
1765406842.273731,1,530,450,1765406842273,1765406842273,0,1.43,0.0000,0.0,0.00
1765406842.316365,1,531,451,1765406842315,1765406842315,0,1.38,0.0000,0.0,0.00
1765406842.358195,1,532,452,1765406842358,1765406842358,0,1.36,0.0000,0.0,0.00
1765406842.399917,1,533,453,1765406842399,1765406842399,0,1.33,0.0000,0.0,0.00
1765406842.442112,1,534,454,1765406842441,1765406842442,1,1.30,0.0000,0.0,0.00
1765406842.483698,1,535,455,1765406842483,1765406842483,0,1.28,0.0000,0.0,0.00
1765406842.526296,1,536,456,1765406842525,1765406842525,0,1.25,0.0000,0.0,0.00
1765406842.601132,1,537,457,1765406842601,1765406842601,0,1.84,0.0000,0.0,0.00
1765406842.645911,1,538,458,1765406842643,1765406842645,2,1.81,0.0000,0.0,0.00
1765406842.687382,1,539,459,1765406842685,1765406842687,2,1.79,0.0000,0.0,0.00
1765406842.728929,1,540,460,1765406842728,1765406842728,0,1.78,0.0000,0.0,0.00
1765406842.770782,1,541,461,1765406842770,1765406842770,0,1.78,0.0000,0.0,0.00
1765406842.813595,1,542,464,1765406842813,1765406842813,0,1.74,0.0000,0.0,0.00
1765406842.855667,1,543,465,1765406842855,1765406842855,0,1.72,0.0000,0.0,0.00
1765406842.897972,1,544,466,1765406842897,1765406842897,0,1.72,0.0000,0.0,0.00
1765406842.940966,1,545,467,1765406842940,1765406842940,0,1.70,0.0000,0.0,0.00
1765406842.983125,1,546,468,1765406842983,1765406842983,0,1.68,0.0000,0.0,0.00
1765406843.025690,1,547,469,1765406843025,1765406843025,0,1.68,0.0000,0.0,0.00
1765406843.071226,1,548,470,1765406843067,1765406843071,4,1.73,0.0000,0.0,0.00
1765406843.109622,1,549,471,1765406843109,1765406843109,0,1.79,0.0000,0.0,0.00
1765406843.153709,1,550,472,1765406843151,1765406843153,2,1.81,0.0000,0.0,0.00
1765406843.194183,1,551,473,1765406843193,1765406843193,0,1.85,0.0000,0.0,0.00
1765406843.237432,1,552,474,1765406843235,1765406843237,2,1.86,0.0000,0.0,0.00
1765406843.278230,1,553,475,1765406843278,1765406843278,0,1.88,0.0000,0.0,0.00
1765406843.323989,1,554,476,1765406843320,1765406843323,3,1.91,0.0000,0.0,0.00
1765406843.363849,1,555,477,1765406843363,1765406843363,0,1.91,0.0000,0.0,0.00
1765406843.406060,1,556,478,1765406843405,1765406843405,0,1.86,0.0000,0.0,0.00
1765406843.447794,1,557,479,1765406843447,1765406843447,0,1.87,0.0000,0.0,0.00
1765406843.490075,1,558,480,1765406843489,1765406843489,0,1.84,0.0000,0.0,0.00
1765406843.531636,1,559,481,1765406843531,1765406843531,0,1.85,0.0000,0.0,0.00
1765406843.573871,1,560,482,1765406843573,1765406843573,0,1.83,0.0000,0.0,0.00
1765406843.615891,1,561,483,1765406843615,1765406843615,0,1.84,0.0000,0.0,0.00
1765406843.658259,1,562,484,1765406843657,1765406843658,1,1.83,0.0000,0.0,0.00
1765406843.700693,1,563,485,1765406843700,1765406843700,0,1.83,0.0000,0.0,0.00
1765406843.743309,1,564,486,1765406843742,1765406843742,0,1.83,0.0000,0.0,0.00
1765406843.785930,1,565,487,1765406843784,1765406843785,1,1.83,0.0000,0.0,0.00
1765406843.826300,1,566,488,1765406843826,1765406843826,0,1.84,0.0000,0.0,0.00
1765406843.868605,1,567,489,1765406843868,1765406843868,0,1.85,0.0000,0.0,0.00
1765406843.910266,1,568,490,1765406843910,1765406843910,0,1.79,0.0000,0.0,0.00
1765406843.952059,1,569,491,1765406843952,1765406843952,0,1.75,0.0000,0.0,0.00
1765406843.998014,1,570,492,1765406843994,1765406843998,4,1.79,0.0000,0.0,0.00
1765406844.036777,1,571,493,1765406844036,1765406844036,0,1.82,0.0000,0.0,0.00
1765406844.081791,1,572,494,1765406844078,1765406844081,3,1.84,0.0000,0.0,0.00
1765406844.121519,1,573,496,1765406844121,1765406844121,0,1.84,0.0000,0.0,0.00
1765406844.168107,1,574,497,1765406844164,1765406844168,4,1.92,0.0000,0.0,0.00
1765406844.206754,1,575,498,1765406844206,1765406844206,0,1.96,0.0000,0.0,0.00
1765406844.249079,1,576,499,1765406844249,1765406844249,0,1.96,0.0000,0.0,0.00
1765406844.291416,1,577,500,1765406844291,1765406844291,0,1.96,0.0000,0.0,0.00
1765406844.333037,1,578,501,1765406844333,1765406844333,0,1.96,0.0000,0.0,0.00
1765406844.374940,1,579,502,1765406844374,1765406844374,0,1.93,0.0000,0.0,0.00
1765406844.417897,1,580,503,1765406844416,1765406844416,0,1.87,0.0000,0.0,0.00
1765406844.462273,1,581,504,1765406844459,1765406844462,3,1.93,0.0000,0.0,0.00
1765406844.502371,1,582,505,1765406844502,1765406844502,0,1.96,0.0000,0.0,0.00
1765406844.545964,1,583,506,1765406844545,1765406844545,0,1.95,0.0000,0.0,0.00
1765406844.587685,1,584,507,1765406844587,1765406844587,0,1.95,0.0000,0.0,0.00
1765406844.629385,1,585,508,1765406844628,1765406844628,0,1.97,0.0000,0.0,0.00
1765406844.671266,1,586,509,1765406844670,1765406844670,0,1.97,0.0000,0.0,0.00
1765406844.713840,1,587,511,1765406844713,1765406844713,0,1.94,0.0000,0.0,0.00
1765406844.759013,1,588,512,1765406844756,1765406844759,3,1.98,0.0000,0.0,0.00
1765406844.799372,1,589,513,1765406844798,1765406844798,0,2.02,0.0000,0.0,0.00
1765406844.841260,1,590,515,1765406844841,1765406844841,0,2.01,0.0000,0.0,0.00
1765406844.883082,1,591,516,1765406844883,1765406844883,0,2.01,0.0000,0.0,0.00
1765406844.925315,1,592,517,1765406844925,1765406844925,0,2.02,0.0000,0.0,0.00
1765406844.966892,1,593,518,1765406844966,1765406844966,0,2.02,0.0000,0.0,0.00
1765406845.010148,1,594,519,1765406845009,1765406845009,0,2.02,0.0000,0.0,0.00
1765406845.051651,1,595,520,1765406845051,1765406845051,0,2.01,0.0000,0.0,0.00
1765406845.094958,1,596,521,1765406845093,1765406845093,0,2.01,0.0000,0.0,0.00
1765406845.139759,1,597,522,1765406845136,1765406845139,3,1.36,0.0000,0.0,0.00
1765406845.178663,1,598,523,1765406845178,1765406845178,0,1.36,0.0000,0.0,0.00
1765406845.222778,1,599,524,1765406845220,1765406845222,2,1.39,0.0000,0.0,0.00
1765406845.262579,1,600,525,1765406845262,1765406845262,0,1.40,0.0000,0.0,0.00
1765406845.307171,1,601,526,1765406845304,1765406845305,1,1.42,0.0000,0.0,0.00
1765406845.346660,1,602,527,1765406845346,1765406845346,0,1.42,0.0000,0.0,0.00
1765406845.389674,1,603,528,1765406845388,1765406845389,1,1.43,0.0000,0.0,0.00
1765406845.430710,1,604,529,1765406845430,1765406845430,0,1.44,0.0000,0.0,0.00
1765406845.472881,1,605,530,1765406845472,1765406845472,0,1.43,0.0000,0.0,0.00
1765406845.515868,1,606,531,1765406845515,1765406845515,0,1.43,0.0000,0.0,0.00
1765406845.558686,1,607,532,1765406845558,1765406845558,0,1.44,0.0000,0.0,0.00
1765406845.600145,1,608,533,1765406845600,1765406845600,0,1.36,0.0000,0.0,0.00
1765406845.641974,1,609,534,1765406845641,1765406845641,0,1.33,0.0000,0.0,0.00
1765406845.688180,1,610,535,1765406845684,1765406845688,4,1.39,0.0000,0.0,0.00
1765406845.725775,1,611,536,1765406845725,1765406845725,0,1.43,0.0000,0.0,0.00
1765406845.771088,1,612,537,1765406845767,1765406845771,4,1.47,0.0000,0.0,0.00
1765406845.809302,1,613,538,1765406845809,1765406845809,0,1.50,0.0000,0.0,0.00
1765406845.852205,1,614,539,1765406845851,1765406845852,1,1.46,0.0000,0.0,0.00
1765406845.893481,1,615,540,1765406845893,1765406845893,0,1.45,0.0000,0.0,0.00
1765406845.937210,1,616,541,1765406845935,1765406845937,2,1.49,0.0000,0.0,0.00
1765406845.977846,1,617,542,1765406845977,1765406845977,0,1.51,0.0000,0.0,0.00
1765406846.021893,1,618,543,1765406846020,1765406846021,1,1.55,0.0000,0.0,0.00
1765406846.062420,1,619,544,1765406846062,1765406846062,0,1.56,0.0000,0.0,0.00
1765406846.104812,1,620,545,1765406846104,1765406846104,0,1.56,0.0000,0.0,0.00
1765406846.147115,1,621,546,1765406846147,1765406846147,0,1.57,0.0000,0.0,0.00
1765406846.189037,1,622,547,1765406846189,1765406846189,0,1.56,0.0000,0.0,0.00
1765406846.231130,1,623,548,1765406846231,1765406846231,0,1.56,0.0000,0.0,0.00
1765406846.274381,1,624,549,1765406846273,1765406846274,1,1.57,0.0000,0.0,0.00
1765406846.315604,1,625,550,1765406846315,1765406846315,0,1.57,0.0000,0.0,0.00
1765406846.358253,1,626,551,1765406846358,1765406846358,0,1.57,0.0000,0.0,0.00
1765406846.400365,1,627,552,1765406846400,1765406846400,0,1.57,0.0000,0.0,0.00
1765406846.442624,1,628,553,1765406846442,1765406846442,0,1.57,0.0000,0.0,0.00
1765406846.487750,1,629,554,1765406846484,1765406846486,2,1.61,0.0000,0.0,0.00
1765406846.526128,1,630,555,1765406846526,1765406846526,0,1.56,0.0000,0.0,0.00
1765406846.572271,1,631,556,1765406846568,1765406846572,4,1.58,0.0000,0.0,0.00
1765406846.610615,1,632,557,1765406846610,1765406846610,0,1.58,0.0000,0.0,0.00
1765406846.657089,1,633,558,1765406846652,1765406846655,3,1.61,0.0000,0.0,0.00
1765406846.694683,1,634,559,1765406846694,1765406846694,0,1.55,0.0000,0.0,0.00
1765406846.737155,1,635,560,1765406846736,1765406846736,0,1.50,0.0000,0.0,0.00
1765406846.778652,1,636,561,1765406846778,1765406846778,0,1.48,0.0000,0.0,0.00
1765406846.820532,1,637,563,1765406846820,1765406846820,0,1.48,0.0000,0.0,0.00
1765406846.862401,1,638,564,1765406846862,1765406846862,0,1.48,0.0000,0.0,0.00
1765406846.907538,1,639,565,1765406846904,1765406846906,2,1.51,0.0000,0.0,0.00
1765406846.945838,1,640,566,1765406846945,1765406846945,0,1.55,0.0000,0.0,0.00
1765406846.980588,1,641,567,1765406846980,1765406846980,0,1.58,0.0000,0.0,0.00
1765406847.023276,1,642,568,1765406847022,1765406847023,1,1.55,0.0000,0.0,0.00
1765406847.064596,1,643,569,1765406847064,1765406847064,0,1.56,0.0000,0.0,0.00
1765406847.109981,1,644,570,1765406847106,1765406847109,3,1.61,0.0000,0.0,0.00
1765406847.149563,1,645,572,1765406847148,1765406847148,0,1.63,0.0000,0.0,0.00
1765406847.191222,1,646,573,1765406847191,1765406847191,0,1.65,0.0000,0.0,0.00
1765406847.233810,1,647,574,1765406847233,1765406847233,0,1.63,0.0000,0.0,0.00
1765406847.275285,1,648,575,1765406847275,1765406847275,0,1.59,0.0000,0.0,0.00
1765406847.317260,1,649,576,1765406847317,1765406847317,0,1.52,0.0000,0.0,0.00
1765406847.359144,1,650,577,1765406847359,1765406847359,0,1.51,0.0000,0.0,0.00
1765406847.400756,1,651,578,1765406847400,1765406847400,0,1.53,0.0000,0.0,0.00
1765406847.442705,1,652,579,1765406847442,1765406847442,0,1.53,0.0000,0.0,0.00
1765406847.485610,1,653,580,1765406847485,1765406847485,0,1.52,0.0000,0.0,0.00
1765406847.527476,1,654,581,1765406847527,1765406847527,0,1.51,0.0000,0.0,0.00
1765406847.569408,1,655,582,1765406847569,1765406847569,0,1.51,0.0000,0.0,0.00
1765406847.611685,1,656,583,1765406847611,1765406847611,0,1.51,0.0000,0.0,0.00
1765406847.653549,1,657,584,1765406847653,1765406847653,0,1.47,0.0000,0.0,0.00
1765406847.697132,1,658,585,1765406847696,1765406847696,0,1.41,0.0000,0.0,0.00
1765406847.743242,1,659,586,1765406847738,1765406847743,5,1.45,0.0000,0.0,0.00
1765406847.781368,1,660,587,1765406847781,1765406847781,0,1.49,0.0000,0.0,0.00
1765406847.824750,1,661,588,1765406847823,1765406847824,1,1.49,0.0000,0.0,0.00
1765406847.865814,1,662,589,1765406847865,1765406847865,0,1.49,0.0000,0.0,0.00
1765406847.908418,1,663,590,1765406847908,1765406847908,0,1.49,0.0000,0.0,0.00
1765406847.954417,1,664,591,1765406847951,1765406847954,3,1.55,0.0000,0.0,0.00
1765406847.994027,1,665,592,1765406847994,1765406847994,0,1.57,0.0000,0.0,0.00
1765406848.038748,1,666,593,1765406848036,1765406848038,2,1.59,0.0000,0.0,0.00
1765406848.078781,1,667,595,1765406848078,1765406848078,0,1.60,0.0000,0.0,0.00
1765406848.120839,1,668,596,1765406848120,1765406848120,0,1.60,0.0000,0.0,0.00
1765406848.163632,1,669,597,1765406848163,1765406848163,0,1.61,0.0000,0.0,0.00
1765406848.207229,1,670,598,1765406848206,1765406848206,0,1.55,0.0000,0.0,0.00
1765406848.252771,1,671,599,1765406848249,1765406848251,2,1.52,0.0000,0.0,0.00
1765406848.292616,1,672,600,1765406848292,1765406848292,0,1.45,0.0000,0.0,0.00
1765406848.334071,1,673,601,1765406848334,1765406848334,0,1.40,0.0000,0.0,0.00
1765406848.376791,1,674,602,1765406848376,1765406848376,0,1.38,0.0000,0.0,0.00
1765406848.418745,1,675,603,1765406848418,1765406848418,0,1.37,0.0000,0.0,0.00
1765406848.460124,1,676,604,1765406848460,1765406848460,0,1.33,0.0000,0.0,0.00
1765406848.501994,1,677,605,1765406848501,1765406848501,0,1.32,0.0000,0.0,0.00
1765406848.545002,1,678,606,1765406848545,1765406848545,0,1.32,0.0000,0.0,0.00
1765406848.587112,1,679,607,1765406848587,1765406848587,0,1.31,0.0000,0.0,0.00
1765406848.634775,1,680,608,1765406848630,1765406848634,4,1.41,0.0000,0.0,0.00
1765406848.671906,1,681,609,1765406848671,1765406848671,0,1.45,0.0000,0.0,0.00
1765406848.715181,1,682,610,1765406848714,1765406848715,1,1.49,0.0000,0.0,0.00
1765406848.756635,1,683,611,1765406848756,1765406848756,0,1.51,0.0000,0.0,0.00
1765406848.798292,1,684,612,1765406848798,1765406848798,0,1.49,0.0000,0.0,0.00
1765406848.840541,1,685,614,1765406848840,1765406848840,0,1.48,0.0000,0.0,0.00
1765406848.882714,1,686,615,1765406848882,1765406848882,0,1.46,0.0000,0.0,0.00
1765406848.924910,1,687,616,1765406848924,1765406848924,0,1.46,0.0000,0.0,0.00
1765406848.966570,1,688,617,1765406848966,1765406848966,0,1.46,0.0000,0.0,0.00
1765406849.011977,1,689,618,1765406849008,1765406849010,2,1.46,0.0000,0.0,0.00
1765406849.050363,1,690,619,1765406849050,1765406849050,0,1.46,0.0000,0.0,0.00
1765406849.094181,1,691,620,1765406849092,1765406849094,2,1.41,0.0000,0.0,0.00
1765406849.134347,1,692,621,1765406849133,1765406849133,0,1.40,0.0000,0.0,0.00
1765406849.178150,1,693,622,1765406849176,1765406849178,2,1.40,0.0000,0.0,0.00
1765406849.217636,1,694,623,1765406849217,1765406849217,0,1.40,0.0000,0.0,0.00
1765406849.261626,1,695,624,1765406849260,1765406849261,1,1.44,0.0000,0.0,0.00
1765406849.302325,1,696,625,1765406849302,1765406849302,0,1.45,0.0000,0.0,0.00
1765406849.345203,1,697,626,1765406849344,1765406849345,1,1.47,0.0000,0.0,0.00
1765406849.387265,1,698,627,1765406849387,1765406849387,0,1.47,0.0000,0.0,0.00
1765406849.429547,1,699,628,1765406849429,1765406849429,0,1.43,0.0000,0.0,0.00
1765406849.471910,1,700,629,1765406849471,1765406849471,0,1.40,0.0000,0.0,0.00
1765406849.514346,1,701,630,1765406849513,1765406849513,0,1.32,0.0000,0.0,0.00
1765406849.555705,1,702,631,1765406849555,1765406849555,0,1.30,0.0000,0.0,0.00
1765406849.597856,1,703,632,1765406849597,1765406849597,0,1.29,0.0000,0.0,0.00
1765406849.640092,1,704,633,1765406849640,1765406849640,0,1.24,0.0000,0.0,0.00
1765406849.681792,1,705,634,1765406849681,1765406849681,0,1.22,0.0000,0.0,0.00
1765406849.724048,1,706,636,1765406849724,1765406849724,0,1.22,0.0000,0.0,0.00
1765406849.765566,1,707,637,1765406849765,1765406849765,0,1.23,0.0000,0.0,0.00
1765406849.807978,1,708,638,1765406849807,1765406849807,0,1.23,0.0000,0.0,0.00
1765406849.850093,1,709,639,1765406849850,1765406849850,0,1.25,0.0000,0.0,0.00
1765406849.892457,1,710,640,1765406849892,1765406849892,0,1.25,0.0000,0.0,0.00
1765406849.934909,1,711,641,1765406849934,1765406849934,0,1.24,0.0000,0.0,0.00
1765406849.978952,1,712,642,1765406849976,1765406849978,2,1.27,0.0000,0.0,0.00
1765406850.019410,1,713,643,1765406850018,1765406850018,0,1.28,0.0000,0.0,0.00
1765406850.061738,1,714,644,1765406850060,1765406850060,0,1.28,0.0000,0.0,0.00
1765406850.103236,1,715,645,1765406850102,1765406850102,0,1.28,0.0000,0.0,0.00
1765406850.144713,1,716,646,1765406850144,1765406850144,0,1.28,0.0000,0.0,0.00
1765406850.187536,1,717,648,1765406850187,1765406850187,0,1.30,0.0000,0.0,0.00
1765406850.230638,1,718,649,1765406850230,1765406850230,0,1.30,0.0000,0.0,0.00
1765406850.272630,1,719,651,1765406850272,1765406850272,0,1.19,0.0000,0.0,0.00
1765406850.317404,1,720,652,1765406850316,1765406850316,0,1.18,0.0000,0.0,0.00
1765406850.358855,1,721,653,1765406850358,1765406850358,0,1.17,0.0000,0.0,0.00
1765406850.400870,1,722,654,1765406850400,1765406850400,0,1.16,0.0000,0.0,0.00
1765406850.442860,1,723,655,1765406850442,1765406850442,0,1.14,0.0000,0.0,0.00
1765406850.485550,1,724,656,1765406850485,1765406850485,0,1.08,0.0000,0.0,0.00
1765406850.527502,1,725,657,1765406850527,1765406850527,0,1.06,0.0000,0.0,0.00
1765406850.569854,1,726,658,1765406850569,1765406850569,0,1.02,0.0000,0.0,0.00
1765406850.611871,1,727,659,1765406850611,1765406850611,0,1.00,0.0000,0.0,0.00
1765406850.657040,1,728,660,1765406850654,1765406850657,3,1.08,0.0000,0.0,0.00
1765406850.696527,1,729,661,1765406850695,1765406850695,0,1.11,0.0000,0.0,0.00
1765406850.739632,1,730,662,1765406850738,1765406850739,1,1.13,0.0000,0.0,0.00
1765406850.780097,1,731,663,1765406850780,1765406850780,0,1.08,0.0000,0.0,0.00
1765406850.822131,1,732,665,1765406850822,1765406850822,0,1.07,0.0000,0.0,0.00
1765406850.865148,1,733,666,1765406850864,1765406850865,1,1.08,0.0000,0.0,0.00
1765406850.907018,1,734,667,1765406850907,1765406850907,0,1.08,0.0000,0.0,0.00
1765406850.949395,1,735,668,1765406850949,1765406850949,0,1.08,0.0000,0.0,0.00
1765406850.991605,1,736,669,1765406850991,1765406850991,0,1.08,0.0000,0.0,0.00
1765406851.037445,1,737,670,1765406851034,1765406851037,3,1.16,0.0000,0.0,0.00
1765406851.075409,1,738,671,1765406851075,1765406851075,0,1.16,0.0000,0.0,0.00
1765406851.120610,1,739,672,1765406851117,1765406851120,3,1.22,0.0000,0.0,0.00
1765406851.158793,1,740,673,1765406851158,1765406851158,0,1.16,0.0000,0.0,0.00
1765406851.201051,1,741,674,1765406851201,1765406851201,0,1.12,0.0000,0.0,0.00
1765406851.243032,1,742,675,1765406851243,1765406851243,0,1.08,0.0000,0.0,0.00
1765406851.288375,1,743,676,1765406851285,1765406851288,3,1.13,0.0000,0.0,0.00
1765406851.327770,1,744,677,1765406851327,1765406851327,0,1.17,0.0000,0.0,0.00
1765406851.372274,1,745,678,1765406851369,1765406851371,2,1.20,0.0000,0.0,0.00
1765406851.411016,1,746,679,1765406851411,1765406851411,0,1.23,0.0000,0.0,0.00
1765406851.454206,1,747,680,1765406851453,1765406851453,0,1.23,0.0000,0.0,0.00
1765406851.495104,1,748,681,1765406851495,1765406851495,0,1.23,0.0000,0.0,0.00
1765406851.536588,1,749,682,1765406851536,1765406851536,0,1.20,0.0000,0.0,0.00
1765406851.579095,1,750,683,1765406851578,1765406851578,0,1.18,0.0000,0.0,0.00
1765406851.620691,1,751,684,1765406851620,1765406851620,0,1.14,0.0000,0.0,0.00
1765406851.662505,1,752,685,1765406851662,1765406851662,0,1.10,0.0000,0.0,0.00
1765406851.704946,1,753,686,1765406851704,1765406851704,0,1.04,0.0000,0.0,0.00
1765406851.746044,1,754,687,1765406851746,1765406851746,0,1.01,0.0000,0.0,0.00
1765406851.788216,1,755,688,1765406851788,1765406851788,0,0.97,0.0000,0.0,0.00
1765406851.833670,1,756,689,1765406851830,1765406851833,3,1.02,0.0000,0.0,0.00
1765406851.873108,1,757,690,1765406851873,1765406851873,0,1.02,0.0000,0.0,0.00
1765406851.917096,1,758,691,1765406851915,1765406851917,2,1.07,0.0000,0.0,0.00
1765406851.958206,1,759,692,1765406851958,1765406851958,0,1.08,0.0000,0.0,0.00
1765406851.999715,1,760,693,1765406851999,1765406851999,0,1.09,0.0000,0.0,0.00
1765406852.042774,1,761,694,1765406852042,1765406852042,0,1.10,0.0000,0.0,0.00
1765406852.084968,1,762,695,1765406852084,1765406852084,0,1.10,0.0000,0.0,0.00
1765406852.128873,1,763,696,1765406852126,1765406852128,2,1.14,0.0000,0.0,0.00
1765406852.168357,1,764,698,1765406852168,1765406852168,0,1.15,0.0000,0.0,0.00
1765406852.212034,1,765,699,1765406852211,1765406852212,1,1.18,0.0000,0.0,0.00
1765406852.253268,1,766,700,1765406852253,1765406852253,0,1.17,0.0000,0.0,0.00
1765406852.295455,1,767,701,1765406852295,1765406852295,0,1.16,0.0000,0.0,0.00
1765406852.337771,1,768,702,1765406852337,1765406852337,0,1.16,0.0000,0.0,0.00
1765406852.457237,1,769,703,1765406852425,1765406852457,32,3.01,0.0000,0.0,0.00
1765406852.543559,1,770,704,1765406852538,1765406852543,5,4.12,0.0000,0.0,0.00
1765406852.576489,1,771,705,1765406852571,1765406852575,4,4.16,0.0000,0.0,0.00
1765406852.606455,1,772,706,1765406852605,1765406852606,1,4.25,0.0000,0.0,0.00
1765406852.648215,1,773,707,1765406852648,1765406852648,0,4.24,0.0000,0.0,0.00
1765406852.690451,1,774,708,1765406852690,1765406852690,0,4.24,0.0000,0.0,0.00
1765406852.732326,1,775,709,1765406852732,1765406852732,0,4.24,0.0000,0.0,0.00
1765406852.773674,1,776,710,1765406852773,1765406852773,0,4.25,0.0000,0.0,0.00
1765406852.816215,1,777,711,1765406852815,1765406852816,1,4.25,0.0000,0.0,0.00
1765406852.857940,1,778,713,1765406852857,1765406852857,0,4.26,0.0000,0.0,0.00
1765406852.903755,1,779,714,1765406852900,1765406852903,3,4.30,0.0000,0.0,0.00
1765406852.943703,1,780,715,1765406852943,1765406852943,0,4.33,0.0000,0.0,0.00
1765406852.986790,1,781,716,1765406852986,1765406852986,0,4.32,0.0000,0.0,0.00
1765406853.046490,1,782,717,1765406853040,1765406853045,5,4.71,0.0000,0.0,0.00
1765406853.082875,1,783,718,1765406853082,1765406853082,0,4.73,0.0000,0.0,0.00
1765406853.129160,1,784,719,1765406853124,1765406853129,5,4.81,0.0000,0.0,0.00
1765406853.167574,1,785,720,1765406853167,1765406853167,0,4.83,0.0000,0.0,0.00
1765406853.211418,1,786,722,1765406853210,1765406853210,0,4.83,0.0000,0.0,0.00
1765406853.257336,1,787,723,1765406853252,1765406853252,0,4.83,0.0000,0.0,0.00
1765406853.295685,1,788,724,1765406853295,1765406853295,0,4.78,0.0000,0.0,0.00
1765406853.341294,1,789,725,1765406853338,1765406853340,2,4.77,0.0000,0.0,0.00
1765406853.380399,1,790,726,1765406853380,1765406853380,0,4.79,0.0000,0.0,0.00
1765406853.422368,1,791,727,1765406853422,1765406853422,0,4.79,0.0000,0.0,0.00
1765406853.465039,1,792,728,1765406853465,1765406853465,0,4.78,0.0000,0.0,0.00
1765406853.507561,1,793,729,1765406853506,1765406853507,1,4.79,0.0000,0.0,0.00
1765406853.547885,1,794,730,1765406853547,1765406853547,0,4.80,0.0000,0.0,0.00
1765406853.590567,1,795,731,1765406853590,1765406853590,0,4.79,0.0000,0.0,0.00
1765406853.631788,1,796,732,1765406853631,1765406853631,0,4.80,0.0000,0.0,0.00
1765406853.673409,1,797,733,1765406853673,1765406853673,0,4.76,0.0000,0.0,0.00
1765406853.715431,1,798,734,1765406853715,1765406853715,0,4.73,0.0000,0.0,0.00
1765406853.757805,1,799,735,1765406853757,1765406853757,0,4.72,0.0000,0.0,0.00
1765406853.799319,1,800,736,1765406853799,1765406853799,0,4.70,0.0000,0.0,0.00
1765406853.841128,1,801,737,1765406853841,1765406853841,0,4.70,0.0000,0.0,0.00
1765406853.887725,1,802,738,1765406853886,1765406853887,1,4.75,0.0000,0.0,0.00
1765406853.930441,1,803,739,1765406853929,1765406853929,0,4.73,0.0000,0.0,0.00
1765406853.974144,1,804,740,1765406853972,1765406853973,1,4.71,0.0000,0.0,0.00
1765406854.014476,1,805,741,1765406854014,1765406854014,0,4.72,0.0000,0.0,0.00
1765406854.055996,1,806,742,1765406854055,1765406854055,0,4.72,0.0000,0.0,0.00
1765406854.097488,1,807,743,1765406854097,1765406854097,0,4.72,0.0000,0.0,0.00
1765406854.139178,1,808,744,1765406854139,1765406854139,0,4.72,0.0000,0.0,0.00
1765406854.181391,1,809,745,1765406854181,1765406854181,0,4.71,0.0000,0.0,0.00
1765406854.223762,1,810,746,1765406854223,1765406854223,0,4.71,0.0000,0.0,0.00
1765406854.265518,1,811,747,1765406854265,1765406854265,0,4.71,0.0000,0.0,0.00
1765406854.307508,1,812,748,1765406854307,1765406854307,0,4.71,0.0000,0.0,0.00
1765406854.353406,1,813,749,1765406854349,1765406854353,4,4.75,0.0000,0.0,0.00
1765406854.392160,1,814,750,1765406854392,1765406854392,0,4.77,0.0000,0.0,0.00
1765406854.436327,1,815,751,1765406854433,1765406854436,3,4.76,0.0000,0.0,0.00
1765406854.475754,1,816,752,1765406854475,1765406854475,0,4.76,0.0000,0.0,0.00
1765406854.521904,1,817,753,1765406854518,1765406854521,3,4.79,0.0000,0.0,0.00
1765406854.560722,1,818,755,1765406854560,1765406854560,0,4.82,0.0000,0.0,0.00
1765406854.605078,1,819,756,1765406854604,1765406854604,0,4.80,0.0000,0.0,0.00
1765406854.646861,1,820,757,1765406854646,1765406854646,0,4.80,0.0000,0.0,0.00
1765406854.688562,1,821,758,1765406854688,1765406854688,0,4.80,0.0000,0.0,0.00
1765406854.731333,1,822,759,1765406854731,1765406854731,0,4.80,0.0000,0.0,0.00
1765406854.774700,1,823,760,1765406854774,1765406854774,0,4.80,0.0000,0.0,0.00
1765406854.819946,1,824,761,1765406854816,1765406854819,3,4.81,0.0000,0.0,0.00
1765406854.859202,1,825,763,1765406854859,1765406854859,0,4.83,0.0000,0.0,0.00
1765406854.904410,1,826,764,1765406854902,1765406854904,2,4.83,0.0000,0.0,0.00
1765406854.945155,1,827,765,1765406854945,1765406854945,0,4.84,0.0000,0.0,0.00
1765406854.987352,1,828,766,1765406854987,1765406854987,0,4.84,0.0000,0.0,0.00
1765406855.030778,1,829,767,1765406855030,1765406855030,0,2.89,0.0000,0.0,0.00
1765406855.073365,1,830,768,1765406855073,1765406855073,0,1.98,0.0000,0.0,0.00
1765406855.115987,1,831,769,1765406855115,1765406855115,0,1.86,0.0000,0.0,0.00
1765406855.158415,1,832,770,1765406855158,1765406855158,0,1.72,0.0000,0.0,0.00
1765406855.203483,1,833,771,1765406855200,1765406855203,3,1.77,0.0000,0.0,0.00
1765406855.242467,1,834,772,1765406855242,1765406855242,0,1.81,0.0000,0.0,0.00
1765406855.287296,1,835,773,1765406855285,1765406855287,2,1.85,0.0000,0.0,0.00
1765406855.327379,1,836,774,1765406855327,1765406855327,0,1.86,0.0000,0.0,0.00
1765406855.369404,1,837,775,1765406855369,1765406855369,0,1.86,0.0000,0.0,0.00
1765406855.411634,1,838,776,1765406855411,1765406855411,0,1.85,0.0000,0.0,0.00
1765406855.453576,1,839,777,1765406855453,1765406855453,0,1.78,0.0000,0.0,0.00
1765406855.495734,1,840,778,1765406855495,1765406855495,0,1.76,0.0000,0.0,0.00
1765406855.538661,1,841,779,1765406855538,1765406855538,0,1.76,0.0000,0.0,0.00
1765406855.580822,1,842,780,1765406855580,1765406855580,0,1.42,0.0000,0.0,0.00
1765406855.623115,1,843,781,1765406855623,1765406855623,0,1.37,0.0000,0.0,0.00
1765406855.665104,1,844,782,1765406855665,1765406855665,0,1.27,0.0000,0.0,0.00
1765406855.707325,1,845,783,1765406855707,1765406855707,0,1.22,0.0000,0.0,0.00
1765406855.748977,1,846,784,1765406855748,1765406855748,0,1.22,0.0000,0.0,0.00
1765406855.791002,1,847,785,1765406855790,1765406855791,1,1.23,0.0000,0.0,0.00
1765406855.833127,1,848,786,1765406855832,1765406855832,0,1.23,0.0000,0.0,0.00
1765406855.874545,1,849,787,1765406855874,1765406855874,0,1.18,0.0000,0.0,0.00
1765406855.916249,1,850,788,1765406855916,1765406855916,0,1.16,0.0000,0.0,0.00
1765406855.958447,1,851,789,1765406855958,1765406855958,0,1.16,0.0000,0.0,0.00
1765406856.000112,1,852,790,1765406856000,1765406856000,0,1.14,0.0000,0.0,0.00
1765406856.042480,1,853,791,1765406856041,1765406856041,0,1.15,0.0000,0.0,0.00
1765406856.085093,1,854,792,1765406856084,1765406856084,0,1.14,0.0000,0.0,0.00
1765406856.127596,1,855,793,1765406856127,1765406856127,0,1.14,0.0000,0.0,0.00
1765406856.172686,1,856,794,1765406856169,1765406856172,3,1.19,0.0000,0.0,0.00
1765406856.212128,1,857,796,1765406856212,1765406856212,0,1.21,0.0000,0.0,0.00
1765406856.257778,1,858,798,1765406856254,1765406856256,2,1.24,0.0000,0.0,0.00
1765406856.296330,1,859,799,1765406856296,1765406856296,0,1.27,0.0000,0.0,0.00
1765406856.339637,1,860,800,1765406856338,1765406856339,1,1.28,0.0000,0.0,0.00
1765406856.379874,1,861,801,1765406856379,1765406856379,0,1.30,0.0000,0.0,0.00
1765406856.421358,1,862,802,1765406856421,1765406856421,0,1.23,0.0000,0.0,0.00
1765406856.464135,1,863,803,1765406856463,1765406856463,0,1.23,0.0000,0.0,0.00
1765406856.506691,1,864,804,1765406856506,1765406856506,0,1.21,0.0000,0.0,0.00
1765406856.547954,1,865,805,1765406856547,1765406856547,0,1.21,0.0000,0.0,0.00
1765406856.591055,1,866,806,1765406856590,1765406856590,0,1.21,0.0000,0.0,0.00
1765406856.633077,1,867,807,1765406856633,1765406856633,0,1.22,0.0000,0.0,0.00
1765406856.677110,1,868,808,1765406856677,1765406856677,0,1.25,0.0000,0.0,0.00
1765406856.721973,1,869,809,1765406856718,1765406856721,3,1.28,0.0000,0.0,0.00
1765406856.761073,1,870,810,1765406856761,1765406856761,0,1.31,0.0000,0.0,0.00
1765406856.805906,1,871,811,1765406856802,1765406856805,3,1.33,0.0000,0.0,0.00
1765406856.844569,1,872,812,1765406856844,1765406856844,0,1.38,0.0000,0.0,0.00
1765406856.889435,1,873,814,1765406856886,1765406856888,2,1.34,0.0000,0.0,0.00
1765406856.928740,1,874,815,1765406856928,1765406856928,0,1.33,0.0000,0.0,0.00
1765406856.973856,1,875,816,1765406856971,1765406856973,2,1.34,0.0000,0.0,0.00
1765406857.013595,1,876,817,1765406857013,1765406857013,0,1.33,0.0000,0.0,0.00
1765406857.055999,1,877,818,1765406857055,1765406857055,0,1.26,0.0000,0.0,0.00
1765406857.098533,1,878,819,1765406857097,1765406857097,0,1.22,0.0000,0.0,0.00
1765406857.140800,1,879,820,1765406857140,1765406857140,0,1.20,0.0000,0.0,0.00
1765406857.182202,1,880,821,1765406857182,1765406857182,0,1.20,0.0000,0.0,0.00
1765406857.224108,1,881,822,1765406857224,1765406857224,0,1.20,0.0000,0.0,0.00
1765406857.265986,1,882,823,1765406857265,1765406857265,0,1.21,0.0000,0.0,0.00
1765406857.308875,1,883,824,1765406857308,1765406857308,0,1.21,0.0000,0.0,0.00
1765406857.350139,1,884,825,1765406857350,1765406857350,0,1.15,0.0000,0.0,0.00
1765406857.392068,1,885,826,1765406857392,1765406857392,0,1.13,0.0000,0.0,0.00
1765406857.433780,1,886,827,1765406857433,1765406857433,0,1.08,0.0000,0.0,0.00
1765406857.476453,1,887,828,1765406857476,1765406857476,0,1.09,0.0000,0.0,0.00
1765406857.521880,1,888,829,1765406857518,1765406857521,3,1.14,0.0000,0.0,0.00
1765406857.560270,1,889,831,1765406857560,1765406857560,0,1.17,0.0000,0.0,0.00
1765406857.605356,1,890,832,1765406857601,1765406857605,4,1.21,0.0000,0.0,0.00
1765406857.645288,1,891,833,1765406857644,1765406857644,0,1.25,0.0000,0.0,0.00
1765406857.688850,1,892,834,1765406857686,1765406857688,2,1.27,0.0000,0.0,0.00
1765406857.728420,1,893,835,1765406857728,1765406857728,0,1.24,0.0000,0.0,0.00
1765406857.773726,1,894,836,1765406857770,1765406857773,3,1.25,0.0000,0.0,0.00
1765406857.813187,1,895,837,1765406857812,1765406857812,0,1.24,0.0000,0.0,0.00
1765406857.858730,1,896,838,1765406857854,1765406857858,4,1.29,0.0000,0.0,0.00
1765406857.897182,1,897,839,1765406857897,1765406857897,0,1.33,0.0000,0.0,0.00
1765406857.941172,1,898,840,1765406857939,1765406857941,2,1.36,0.0000,0.0,0.00
1765406857.981292,1,899,841,1765406857981,1765406857981,0,1.39,0.0000,0.0,0.00
1765406858.024069,1,900,842,1765406858023,1765406858024,1,1.40,0.0000,0.0,0.00
1765406858.065353,1,901,843,1765406858065,1765406858065,0,1.40,0.0000,0.0,0.00
1765406858.108959,1,902,844,1765406858107,1765406858107,0,1.40,0.0000,0.0,0.00
1765406858.149920,1,903,845,1765406858149,1765406858149,0,1.39,0.0000,0.0,0.00
1765406858.192041,1,904,846,1765406858192,1765406858192,0,1.40,0.0000,0.0,0.00
1765406858.233951,1,905,847,1765406858233,1765406858233,0,1.42,0.0000,0.0,0.00
1765406858.276820,1,906,848,1765406858276,1765406858276,0,1.42,0.0000,0.0,0.00
1765406858.320042,1,907,849,1765406858319,1765406858319,0,1.42,0.0000,0.0,0.00
1765406858.361377,1,908,850,1765406858361,1765406858361,0,1.40,0.0000,0.0,0.00
1765406858.404153,1,909,851,1765406858404,1765406858404,0,1.42,0.0000,0.0,0.00
1765406858.446363,1,910,852,1765406858445,1765406858446,1,1.42,0.0000,0.0,0.00
1765406858.491290,1,911,853,1765406858487,1765406858491,4,1.46,0.0000,0.0,0.00
1765406858.529624,1,912,854,1765406858529,1765406858529,0,1.53,0.0000,0.0,0.00
1765406858.573810,1,913,855,1765406858570,1765406858573,3,1.54,0.0000,0.0,0.00
1765406858.613451,1,914,856,1765406858613,1765406858613,0,1.56,0.0000,0.0,0.00
1765406858.655943,1,915,857,1765406858655,1765406858655,0,1.55,0.0000,0.0,0.00
1765406858.698400,1,916,858,1765406858697,1765406858698,1,1.51,0.0000,0.0,0.00
1765406858.739874,1,917,859,1765406858739,1765406858739,0,1.50,0.0000,0.0,0.00
1765406858.782415,1,918,860,1765406858782,1765406858782,0,1.48,0.0000,0.0,0.00
1765406858.825565,1,919,861,1765406858825,1765406858825,0,1.46,0.0000,0.0,0.00
1765406858.867665,1,920,862,1765406858866,1765406858866,0,1.46,0.0000,0.0,0.00
1765406858.908944,1,921,864,1765406858908,1765406858908,0,1.43,0.0000,0.0,0.00
1765406858.952907,1,922,865,1765406858950,1765406858952,2,1.46,0.0000,0.0,0.00
1765406858.992349,1,923,866,1765406858992,1765406858992,0,1.49,0.0000,0.0,0.00
1765406859.035347,1,924,867,1765406859034,1765406859035,1,1.49,0.0000,0.0,0.00
1765406859.077786,1,925,868,1765406859077,1765406859077,0,1.48,0.0000,0.0,0.00
1765406859.119986,1,926,869,1765406859119,1765406859119,0,1.46,0.0000,0.0,0.00
1765406859.163689,1,927,870,1765406859162,1765406859162,0,1.46,0.0000,0.0,0.00
1765406859.205068,1,928,871,1765406859205,1765406859205,0,1.45,0.0000,0.0,0.00
1765406859.247646,1,929,873,1765406859247,1765406859247,0,1.41,0.0000,0.0,0.00
1765406859.290091,1,930,874,1765406859289,1765406859290,1,1.40,0.0000,0.0,0.00
1765406859.331967,1,931,875,1765406859331,1765406859331,0,1.38,0.0000,0.0,0.00
1765406859.374598,1,932,876,1765406859374,1765406859374,0,1.35,0.0000,0.0,0.00
1765406859.416082,1,933,877,1765406859416,1765406859416,0,1.32,0.0000,0.0,0.00
1765406859.458312,1,934,878,1765406859458,1765406859458,0,1.29,0.0000,0.0,0.00
1765406859.500888,1,935,879,1765406859500,1765406859500,0,1.24,0.0000,0.0,0.00
1765406859.542843,1,936,880,1765406859542,1765406859542,0,1.21,0.0000,0.0,0.00
1765406859.585062,1,937,881,1765406859585,1765406859585,0,1.22,0.0000,0.0,0.00
1765406859.626637,1,938,882,1765406859626,1765406859626,0,1.24,0.0000,0.0,0.00
1765406859.668848,1,939,883,1765406859668,1765406859668,0,1.22,0.0000,0.0,0.00
1765406859.710305,1,940,885,1765406859710,1765406859710,0,1.22,0.0000,0.0,0.00
1765406859.752818,1,941,886,1765406859752,1765406859752,0,1.22,0.0000,0.0,0.00
1765406859.795286,1,942,887,1765406859795,1765406859795,0,1.22,0.0000,0.0,0.00
1765406859.837145,1,943,888,1765406859837,1765406859837,0,1.21,0.0000,0.0,0.00
1765406859.879807,1,944,889,1765406859879,1765406859879,0,1.21,0.0000,0.0,0.00
1765406859.922077,1,945,890,1765406859921,1765406859922,1,1.22,0.0000,0.0,0.00
1765406859.963774,1,946,891,1765406859963,1765406859963,0,1.22,0.0000,0.0,0.00
1765406860.006343,1,947,892,1765406860004,1765406860004,0,1.22,0.0000,0.0,0.00
1765406860.046586,1,948,893,1765406860046,1765406860046,0,1.17,0.0000,0.0,0.00
1765406860.090410,1,949,894,1765406860089,1765406860089,0,1.14,0.0000,0.0,0.00
1765406860.131308,1,950,895,1765406860131,1765406860131,0,1.09,0.0000,0.0,0.00
1765406860.173520,1,951,896,1765406860173,1765406860173,0,1.05,0.0000,0.0,0.00
1765406860.215516,1,952,897,1765406860215,1765406860215,0,1.01,0.0000,0.0,0.00
1765406860.258232,1,953,898,1765406860258,1765406860258,0,1.00,0.0000,0.0,0.00
1765406860.303384,1,954,899,1765406860299,1765406860303,4,1.00,0.0000,0.0,0.00
1765406860.342973,1,955,900,1765406860342,1765406860342,0,1.00,0.0000,0.0,0.00
1765406860.387293,1,956,901,1765406860385,1765406860387,2,0.98,0.0000,0.0,0.00
1765406860.427159,1,957,902,1765406860427,1765406860427,0,0.97,0.0000,0.0,0.00
1765406860.472463,1,958,903,1765406860470,1765406860472,2,0.99,0.0000,0.0,0.00
1765406860.512037,1,959,904,1765406860512,1765406860512,0,0.99,0.0000,0.0,0.00
1765406860.555832,1,960,905,1765406860554,1765406860555,1,0.99,0.0000,0.0,0.00
1765406860.595848,1,961,906,1765406860595,1765406860595,0,1.00,0.0000,0.0,0.00
1765406860.642159,1,962,907,1765406860638,1765406860642,4,1.09,0.0000,0.0,0.00
1765406860.682044,1,963,908,1765406860681,1765406860681,0,1.13,0.0000,0.0,0.00
1765406860.725114,1,964,909,1765406860723,1765406860725,2,1.15,0.0000,0.0,0.00
1765406860.765230,1,965,910,1765406860765,1765406860765,0,1.17,0.0000,0.0,0.00
1765406860.808701,1,966,911,1765406860807,1765406860808,1,1.17,0.0000,0.0,0.00
1765406860.849387,1,967,912,1765406860849,1765406860849,0,1.17,0.0000,0.0,0.00
1765406860.892102,1,968,914,1765406860891,1765406860891,0,1.17,0.0000,0.0,0.00
1765406860.933174,1,969,915,1765406860933,1765406860933,0,1.15,0.0000,0.0,0.00
1765406860.975434,1,970,916,1765406860975,1765406860975,0,1.15,0.0000,0.0,0.00
1765406861.017455,1,971,917,1765406861017,1765406861017,0,1.09,0.0000,0.0,0.00
1765406861.059733,1,972,918,1765406861059,1765406861059,0,1.04,0.0000,0.0,0.00
1765406861.102275,1,973,919,1765406861102,1765406861102,0,1.02,0.0000,0.0,0.00
1765406861.145098,1,974,920,1765406861145,1765406861145,0,1.01,0.0000,0.0,0.00
1765406861.190750,1,975,921,1765406861187,1765406861189,2,1.05,0.0000,0.0,0.00
1765406861.229494,1,976,922,1765406861229,1765406861229,0,1.06,0.0000,0.0,0.00
1765406861.273423,1,977,923,1765406861271,1765406861273,2,1.08,0.0000,0.0,0.00
1765406861.313264,1,978,924,1765406861313,1765406861313,0,1.09,0.0000,0.0,0.00
1765406861.357972,1,979,925,1765406861355,1765406861357,2,1.11,0.0000,0.0,0.00
1765406861.397138,1,980,926,1765406861397,1765406861397,0,1.13,0.0000,0.0,0.00
1765406861.439657,1,981,927,1765406861439,1765406861439,0,1.13,0.0000,0.0,0.00
1765406861.481201,1,982,928,1765406861481,1765406861481,0,1.09,0.0000,0.0,0.00
1765406861.523881,1,983,929,1765406861523,1765406861523,0,1.07,0.0000,0.0,0.00
1765406861.566147,1,984,930,1765406861565,1765406861566,1,1.07,0.0000,0.0,0.00
1765406861.608501,1,985,931,1765406861608,1765406861608,0,1.07,0.0000,0.0,0.00
1765406861.651443,1,986,932,1765406861650,1765406861650,0,1.07,0.0000,0.0,0.00
1765406861.693416,1,987,933,1765406861693,1765406861693,0,1.07,0.0000,0.0,0.00
1765406861.736866,1,988,934,1765406861735,1765406861736,1,1.07,0.0000,0.0,0.00
1765406861.778014,1,989,935,1765406861778,1765406861778,0,1.07,0.0000,0.0,0.00
1765406861.819842,1,990,936,1765406861819,1765406861819,0,1.06,0.0000,0.0,0.00
1765406861.861660,1,991,937,1765406861861,1765406861861,0,1.05,0.0000,0.0,0.00
1765406861.903175,1,992,938,1765406861903,1765406861903,0,1.03,0.0000,0.0,0.00
1765406861.944896,1,993,939,1765406861944,1765406861944,0,1.04,0.0000,0.0,0.00
1765406861.987713,1,994,940,1765406861987,1765406861987,0,1.06,0.0000,0.0,0.00
1765406862.029426,1,995,941,1765406862029,1765406862029,0,1.06,0.0000,0.0,0.00
1765406862.074389,1,996,942,1765406862071,1765406862074,3,1.12,0.0000,0.0,0.00
1765406862.113219,1,997,943,1765406862113,1765406862113,0,1.14,0.0000,0.0,0.00
1765406862.157002,1,998,944,1765406862155,1765406862157,2,1.17,0.0000,0.0,0.00
1765406862.198704,1,999,946,1765406862198,1765406862198,0,1.18,0.0000,0.0,0.00
1765406862.241124,1,1000,947,1765406862241,1765406862241,0,1.19,0.0000,0.0,0.00
1765406862.289105,1,1001,949,1765406862284,1765406862289,5,1.31,0.0000,0.0,0.00
1765406862.326414,1,1002,950,1765406862326,1765406862326,0,1.36,0.0000,0.0,0.00
1765406862.373639,1,1003,951,1765406862369,1765406862373,4,1.45,0.0000,0.0,0.00
1765406862.411693,1,1004,952,1765406862411,1765406862411,0,1.51,0.0000,0.0,0.00
1765406862.455448,1,1005,953,1765406862453,1765406862455,2,1.53,0.0000,0.0,0.00
1765406862.495570,1,1006,954,1765406862495,1765406862495,0,1.54,0.0000,0.0,0.00
1765406862.538230,1,1007,955,1765406862538,1765406862538,0,1.54,0.0000,0.0,0.00
1765406862.581006,1,1008,956,1765406862580,1765406862580,0,1.54,0.0000,0.0,0.00
1765406862.622925,1,1009,957,1765406862622,1765406862622,0,1.53,0.0000,0.0,0.00
1765406862.665227,1,1010,958,1765406862665,1765406862665,0,1.54,0.0000,0.0,0.00
1765406862.708288,1,1011,959,1765406862708,1765406862708,0,1.55,0.0000,0.0,0.00
1765406862.753922,1,1012,960,1765406862750,1765406862753,3,1.60,0.0000,0.0,0.00
1765406862.792637,1,1013,961,1765406862792,1765406862792,0,1.63,0.0000,0.0,0.00
1765406862.837011,1,1014,963,1765406862833,1765406862837,4,1.63,0.0000,0.0,0.00
1765406862.876154,1,1015,964,1765406862876,1765406862876,0,1.63,0.0000,0.0,0.00
1765406862.918708,1,1016,966,1765406862918,1765406862918,0,1.58,0.0000,0.0,0.00
1765406862.961296,1,1017,967,1765406862961,1765406862961,0,1.56,0.0000,0.0,0.00
1765406863.004302,1,1018,968,1765406863002,1765406863004,2,1.53,0.0000,0.0,0.00
1765406863.044827,1,1019,969,1765406863044,1765406863044,0,1.53,0.0000,0.0,0.00
1765406863.089466,1,1020,970,1765406863086,1765406863089,3,1.56,0.0000,0.0,0.00
1765406863.129774,1,1021,971,1765406863129,1765406863129,0,1.56,0.0000,0.0,0.00
1765406863.172649,1,1022,972,1765406863172,1765406863172,0,1.49,0.0000,0.0,0.00
1765406863.214408,1,1023,973,1765406863214,1765406863214,0,1.45,0.0000,0.0,0.00
1765406863.256709,1,1024,974,1765406863256,1765406863256,0,1.41,0.0000,0.0,0.00
1765406863.298415,1,1025,975,1765406863298,1765406863298,0,1.39,0.0000,0.0,0.00
1765406863.340354,1,1026,976,1765406863340,1765406863340,0,1.37,0.0000,0.0,0.00
1765406863.382368,1,1027,977,1765406863381,1765406863382,1,1.36,0.0000,0.0,0.00
1765406863.424154,1,1028,978,1765406863424,1765406863424,0,1.36,0.0000,0.0,0.00
1765406863.470670,1,1029,979,1765406863466,1765406863469,3,1.41,0.0000,0.0,0.00
1765406863.509362,1,1030,980,1765406863508,1765406863508,0,1.45,0.0000,0.0,0.00
1765406863.553219,1,1031,981,1765406863550,1765406863553,3,1.50,0.0000,0.0,0.00
1765406863.592449,1,1032,982,1765406863592,1765406863592,0,1.55,0.0000,0.0,0.00
1765406863.637262,1,1033,983,1765406863634,1765406863637,3,1.58,0.0000,0.0,0.00
1765406863.676546,1,1034,984,1765406863676,1765406863676,0,1.61,0.0000,0.0,0.00
1765406863.719314,1,1035,985,1765406863718,1765406863719,1,1.59,0.0000,0.0,0.00
1765406863.761349,1,1036,986,1765406863760,1765406863761,1,1.57,0.0000,0.0,0.00
1765406863.802924,1,1037,987,1765406863802,1765406863802,0,1.55,0.0000,0.0,0.00
1765406863.844480,1,1038,988,1765406863844,1765406863844,0,1.52,0.0000,0.0,0.00
1765406863.887100,1,1039,989,1765406863887,1765406863887,0,1.50,0.0000,0.0,0.00
1765406863.929293,1,1040,990,1765406863929,1765406863929,0,1.47,0.0000,0.0,0.00
1765406863.971124,1,1041,991,1765406863971,1765406863971,0,1.47,0.0000,0.0,0.00
1765406864.016574,1,1042,992,1765406864013,1765406864016,3,1.52,0.0000,0.0,0.00
1765406864.054860,1,1043,993,1765406864054,1765406864054,0,1.58,0.0000,0.0,0.00
1765406864.100644,1,1044,994,1765406864097,1765406864100,3,1.64,0.0000,0.0,0.00
1765406864.139761,1,1045,995,1765406864139,1765406864139,0,1.68,0.0000,0.0,0.00
1765406864.184551,1,1046,996,1765406864182,1765406864184,2,1.73,0.0000,0.0,0.00
1765406864.225031,1,1047,997,1765406864225,1765406864225,0,1.73,0.0000,0.0,0.00
1765406864.267974,1,1048,998,1765406864267,1765406864267,0,1.72,0.0000,0.0,0.00
1765406864.310248,1,1049,999,1765406864310,1765406864310,0,1.73,0.0000,0.0,0.00
1765406864.352203,1,1050,1000,1765406864352,1765406864352,0,1.72,0.0000,0.0,0.00
1765406864.394582,1,1051,1001,1765406864394,1765406864394,0,1.72,0.0000,0.0,0.00
1765406864.435855,1,1052,1002,1765406864435,1765406864435,0,1.73,0.0000,0.0,0.00
1765406864.477902,1,1053,1003,1765406864477,1765406864477,0,1.72,0.0000,0.0,0.00
1765406864.520039,1,1054,1004,1765406864520,1765406864520,0,1.72,0.0000,0.0,0.00
1765406864.562246,1,1055,1005,1765406864562,1765406864562,0,1.72,0.0000,0.0,0.00
1765406864.604144,1,1056,1006,1765406864604,1765406864604,0,1.67,0.0000,0.0,0.00
1765406864.650596,1,1057,1007,1765406864646,1765406864650,4,1.70,0.0000,0.0,0.00
1765406864.688364,1,1058,1008,1765406864688,1765406864688,0,1.72,0.0000,0.0,0.00
1765406864.732036,1,1059,1009,1765406864730,1765406864732,2,1.74,0.0000,0.0,0.00
1765406864.772908,1,1060,1010,1765406864772,1765406864772,0,1.75,0.0000,0.0,0.00
1765406864.816706,1,1061,1011,1765406864815,1765406864815,0,1.65,0.0000,0.0,0.00
1765406864.857224,1,1062,1012,1765406864857,1765406864857,0,1.59,0.0000,0.0,0.00
1765406864.898748,1,1063,1014,1765406864898,1765406864898,0,1.50,0.0000,0.0,0.00
1765406864.941358,1,1064,1015,1765406864940,1765406864940,0,1.45,0.0000,0.0,0.00
1765406864.982558,1,1065,1016,1765406864982,1765406864982,0,1.41,0.0000,0.0,0.00
1765406865.024224,1,1066,1017,1765406865024,1765406865024,0,1.39,0.0000,0.0,0.00
1765406865.066744,1,1067,1018,1765406865066,1765406865066,0,1.37,0.0000,0.0,0.00
1765406865.161574,1,1068,1019,1765406865116,1765406865161,45,2.49,0.0000,0.0,0.00
1765406865.202202,1,1069,1021,1765406865201,1765406865202,1,2.50,0.0000,0.0,0.00
1765406865.242584,1,1070,1022,1765406865237,1765406865242,5,2.54,0.0000,0.0,0.00
1765406865.279630,1,1071,1023,1765406865279,1765406865279,0,2.60,0.0000,0.0,0.00
1765406865.322782,1,1072,1025,1765406865322,1765406865322,0,2.56,0.0000,0.0,0.00
1765406865.365094,1,1073,1026,1765406865364,1765406865364,0,2.52,0.0000,0.0,0.00
1765406865.406649,1,1074,1027,1765406865406,1765406865406,0,2.48,0.0000,0.0,0.00
1765406865.449693,1,1075,1028,1765406865449,1765406865449,0,2.44,0.0000,0.0,0.00
1765406865.491956,1,1076,1029,1765406865491,1765406865491,0,2.44,0.0000,0.0,0.00
1765406865.533731,1,1077,1030,1765406865533,1765406865533,0,2.45,0.0000,0.0,0.00
1765406865.575688,1,1078,1031,1765406865575,1765406865575,0,2.46,0.0000,0.0,0.00
1765406865.617698,1,1079,1032,1765406865617,1765406865617,0,2.44,0.0000,0.0,0.00
1765406865.659820,1,1080,1033,1765406865659,1765406865659,0,2.39,0.0000,0.0,0.00
1765406865.701627,1,1081,1034,1765406865701,1765406865701,0,2.38,0.0000,0.0,0.00
1765406865.743926,1,1082,1035,1765406865743,1765406865743,0,2.38,0.0000,0.0,0.00
1765406865.785592,1,1083,1036,1765406865785,1765406865785,0,2.38,0.0000,0.0,0.00
1765406865.828417,1,1084,1037,1765406865827,1765406865827,0,2.38,0.0000,0.0,0.00
1765406865.870071,1,1085,1038,1765406865870,1765406865870,0,2.38,0.0000,0.0,0.00
1765406865.911556,1,1086,1039,1765406865911,1765406865911,0,2.39,0.0000,0.0,0.00
1765406865.954401,1,1087,1040,1765406865953,1765406865953,0,2.39,0.0000,0.0,0.00
1765406865.995927,1,1088,1041,1765406865995,1765406865995,0,2.39,0.0000,0.0,0.00
1765406866.038117,1,1089,1042,1765406866038,1765406866038,0,2.34,0.0000,0.0,0.00
1765406866.080366,1,1090,1043,1765406866080,1765406866080,0,2.31,0.0000,0.0,0.00
1765406866.122755,1,1091,1044,1765406866122,1765406866122,0,2.26,0.0000,0.0,0.00
1765406866.165140,1,1092,1045,1765406866165,1765406866165,0,2.23,0.0000,0.0,0.00
1765406866.206794,1,1093,1046,1765406866206,1765406866206,0,2.20,0.0000,0.0,0.00
1765406866.249320,1,1094,1047,1765406866248,1765406866248,0,2.17,0.0000,0.0,0.00
1765406866.291502,1,1095,1048,1765406866290,1765406866290,0,2.18,0.0000,0.0,0.00
1765406866.333070,1,1096,1049,1765406866333,1765406866333,0,2.17,0.0000,0.0,0.00
1765406866.375561,1,1097,1050,1765406866375,1765406866375,0,2.16,0.0000,0.0,0.00
1765406866.420980,1,1098,1051,1765406866417,1765406866420,3,2.20,0.0000,0.0,0.00
1765406866.459070,1,1099,1052,1765406866459,1765406866459,0,2.24,0.0000,0.0,0.00
1765406866.504998,1,1100,1053,1765406866501,1765406866503,2,2.26,0.0000,0.0,0.00
1765406866.557631,1,1101,1055,1765406866543,1765406866557,14,2.54,0.0000,0.0,0.00
1765406866.586703,1,1102,1056,1765406866586,1765406866586,0,2.59,0.0000,0.0,0.00
1765406866.629559,1,1103,1057,1765406866629,1765406866629,0,2.55,0.0000,0.0,0.00
1765406866.672204,1,1104,1058,1765406866672,1765406866672,0,2.48,0.0000,0.0,0.00
1765406866.714222,1,1105,1059,1765406866714,1765406866714,0,2.45,0.0000,0.0,0.00
1765406866.756922,1,1106,1060,1765406866756,1765406866756,0,2.41,0.0000,0.0,0.00
1765406866.798127,1,1107,1061,1765406866798,1765406866798,0,2.40,0.0000,0.0,0.00
1765406866.839985,1,1108,1062,1765406866839,1765406866839,0,2.41,0.0000,0.0,0.00
1765406866.881774,1,1109,1063,1765406866881,1765406866881,0,2.41,0.0000,0.0,0.00
1765406866.925079,1,1110,1065,1765406866924,1765406866924,0,2.41,0.0000,0.0,0.00
1765406866.971370,1,1111,1066,1765406866966,1765406866970,4,2.47,0.0000,0.0,0.00
1765406867.008882,1,1112,1067,1765406867008,1765406867008,0,2.50,0.0000,0.0,0.00
1765406867.052253,1,1113,1068,1765406867052,1765406867052,0,2.52,0.0000,0.0,0.00
1765406867.085761,1,1114,1069,1765406867085,1765406867085,0,2.62,0.0000,0.0,0.00
1765406867.128055,1,1115,1070,1765406867128,1765406867128,0,2.61,0.0000,0.0,0.00
1765406867.170651,1,1116,1071,1765406867170,1765406867170,0,2.61,0.0000,0.0,0.00
1765406867.212786,1,1117,1072,1765406867212,1765406867212,0,2.55,0.0000,0.0,0.00
1765406867.254988,1,1118,1073,1765406867254,1765406867254,0,2.51,0.0000,0.0,0.00
1765406867.301087,1,1119,1074,1765406867297,1765406867301,4,2.58,0.0000,0.0,0.00
1765406867.339939,1,1120,1075,1765406867339,1765406867339,0,2.60,0.0000,0.0,0.00
1765406867.384605,1,1121,1076,1765406867381,1765406867383,2,2.62,0.0000,0.0,0.00
1765406867.423850,1,1122,1077,1765406867423,1765406867423,0,2.64,0.0000,0.0,0.00
1765406867.469606,1,1123,1078,1765406867467,1765406867469,2,2.70,0.0000,0.0,0.00
1765406867.609193,1,1124,1079,1765406867606,1765406867609,3,5.39,0.0000,0.0,0.00
1765406867.639148,1,1125,1080,1765406867639,1765406867639,0,5.43,0.0000,0.0,0.00
1765406867.681691,1,1126,1081,1765406867681,1765406867681,0,5.43,0.0000,0.0,0.00
1765406867.723936,1,1127,1082,1765406867723,1765406867723,0,5.43,0.0000,0.0,0.00
1765406867.770288,1,1128,1083,1765406867766,1765406867770,4,4.07,0.0000,0.0,0.00
1765406867.808829,1,1129,1085,1765406867808,1765406867808,0,4.09,0.0000,0.0,0.00
1765406867.854112,1,1130,1086,1765406867850,1765406867853,3,4.11,0.0000,0.0,0.00
1765406867.892342,1,1131,1087,1765406867892,1765406867892,0,4.10,0.0000,0.0,0.00
1765406867.934611,1,1132,1088,1765406867934,1765406867934,0,4.10,0.0000,0.0,0.00
1765406867.978154,1,1133,1089,1765406867977,1765406867977,0,4.10,0.0000,0.0,0.00
1765406868.023234,1,1134,1090,1765406868020,1765406868023,3,4.15,0.0000,0.0,0.00
1765406868.063787,1,1135,1091,1765406868063,1765406868063,0,4.17,0.0000,0.0,0.00
1765406868.108837,1,1136,1092,1765406868105,1765406868108,3,4.20,0.0000,0.0,0.00
1765406868.147946,1,1137,1093,1765406868147,1765406868147,0,4.22,0.0000,0.0,0.00
1765406868.191136,1,1138,1094,1765406868190,1765406868191,1,4.22,0.0000,0.0,0.00
1765406868.232342,1,1139,1095,1765406868232,1765406868232,0,4.23,0.0000,0.0,0.00
1765406868.274526,1,1140,1096,1765406868274,1765406868274,0,4.23,0.0000,0.0,0.00
1765406868.316154,1,1141,1097,1765406868316,1765406868316,0,4.23,0.0000,0.0,0.00
1765406868.359134,1,1142,1099,1765406868359,1765406868359,0,4.22,0.0000,0.0,0.00
1765406868.400673,1,1143,1100,1765406868400,1765406868400,0,4.23,0.0000,0.0,0.00
1765406868.442542,1,1144,1101,1765406868442,1765406868442,0,4.23,0.0000,0.0,0.00
1765406868.484388,1,1145,1102,1765406868484,1765406868484,0,4.24,0.0000,0.0,0.00
1765406868.526778,1,1146,1103,1765406868526,1765406868526,0,4.23,0.0000,0.0,0.00
1765406868.574384,1,1147,1104,1765406868568,1765406868569,1,4.22,0.0000,0.0,0.00
1765406868.614044,1,1148,1105,1765406868613,1765406868614,1,4.24,0.0000,0.0,0.00
1765406868.657295,1,1149,1106,1765406868655,1765406868657,2,4.24,0.0000,0.0,0.00
1765406868.698117,1,1150,1107,1765406868698,1765406868698,0,4.25,0.0000,0.0,0.00
1765406868.740355,1,1151,1108,1765406868740,1765406868740,0,4.25,0.0000,0.0,0.00
1765406868.782767,1,1152,1109,1765406868782,1765406868782,0,4.26,0.0000,0.0,0.00
1765406868.825232,1,1153,1110,1765406868824,1765406868824,0,4.25,0.0000,0.0,0.00
1765406868.867355,1,1154,1111,1765406868866,1765406868867,1,4.24,0.0000,0.0,0.00
1765406868.909699,1,1155,1113,1765406868909,1765406868909,0,4.24,0.0000,0.0,0.00
1765406868.954775,1,1156,1114,1765406868951,1765406868954,3,4.27,0.0000,0.0,0.00
1765406868.993669,1,1157,1115,1765406868993,1765406868993,0,4.30,0.0000,0.0,0.00
1765406869.037744,1,1158,1116,1765406869035,1765406869037,2,4.27,0.0000,0.0,0.00
1765406869.077363,1,1159,1117,1765406869077,1765406869077,0,4.26,0.0000,0.0,0.00
1765406869.119712,1,1160,1118,1765406869119,1765406869119,0,4.27,0.0000,0.0,0.00
1765406869.161228,1,1161,1119,1765406869161,1765406869161,0,4.01,0.0000,0.0,0.00
1765406869.204119,1,1162,1120,1765406869203,1765406869204,1,3.90,0.0000,0.0,0.00
1765406869.245823,1,1163,1121,1765406869245,1765406869245,0,3.92,0.0000,0.0,0.00
1765406869.288384,1,1164,1122,1765406869287,1765406869287,0,3.93,0.0000,0.0,0.00
1765406869.330336,1,1165,1123,1765406869330,1765406869330,0,3.92,0.0000,0.0,0.00
1765406869.373178,1,1166,1124,1765406869372,1765406869373,1,3.91,0.0000,0.0,0.00
1765406869.415303,1,1167,1125,1765406869414,1765406869415,1,3.91,0.0000,0.0,0.00
1765406869.457125,1,1168,1126,1765406869457,1765406869457,0,3.90,0.0000,0.0,0.00
1765406869.499272,1,1169,1127,1765406869499,1765406869499,0,3.90,0.0000,0.0,0.00
1765406869.541015,1,1170,1128,1765406869541,1765406869541,0,3.91,0.0000,0.0,0.00
1765406869.583015,1,1171,1129,1765406869583,1765406869583,0,3.86,0.0000,0.0,0.00
1765406869.625241,1,1172,1130,1765406869625,1765406869625,0,3.83,0.0000,0.0,0.00
1765406869.667480,1,1173,1131,1765406869667,1765406869667,0,3.83,0.0000,0.0,0.00
1765406869.709113,1,1174,1132,1765406869709,1765406869709,0,3.77,0.0000,0.0,0.00
1765406869.751608,1,1175,1133,1765406869751,1765406869751,0,3.78,0.0000,0.0,0.00
1765406869.793850,1,1176,1134,1765406869793,1765406869793,0,3.78,0.0000,0.0,0.00
1765406869.836167,1,1177,1135,1765406869836,1765406869836,0,3.77,0.0000,0.0,0.00
1765406869.878803,1,1178,1136,1765406869878,1765406869878,0,3.77,0.0000,0.0,0.00
1765406869.925243,1,1179,1137,1765406869921,1765406869925,4,3.77,0.0000,0.0,0.00
1765406869.964207,1,1180,1138,1765406869963,1765406869964,1,3.77,0.0000,0.0,0.00
1765406870.006836,1,1181,1139,1765406870005,1765406870006,1,3.77,0.0000,0.0,0.00
1765406870.047782,1,1182,1140,1765406870047,1765406870047,0,3.76,0.0000,0.0,0.00
1765406870.089764,1,1183,1141,1765406870088,1765406870089,1,3.71,0.0000,0.0,0.00
1765406870.132002,1,1184,1142,1765406870131,1765406870131,0,1.28,0.0000,0.0,0.00
1765406870.173429,1,1185,1143,1765406870173,1765406870173,0,1.16,0.0000,0.0,0.00
1765406870.215209,1,1186,1144,1765406870215,1765406870215,0,1.16,0.0000,0.0,0.00
1765406870.257479,1,1187,1145,1765406870257,1765406870257,0,1.16,0.0000,0.0,0.00
1765406870.299280,1,1188,1146,1765406870299,1765406870299,0,1.05,0.0000,0.0,0.00
1765406870.342619,1,1189,1147,1765406870342,1765406870342,0,1.03,0.0000,0.0,0.00
1765406870.388026,1,1190,1148,1765406870384,1765406870388,4,1.05,0.0000,0.0,0.00
1765406870.427751,1,1191,1149,1765406870427,1765406870427,0,1.05,0.0000,0.0,0.00
1765406870.471233,1,1192,1150,1765406870469,1765406870471,2,1.09,0.0000,0.0,0.00
1765406870.512416,1,1193,1151,1765406870511,1765406870511,0,1.09,0.0000,0.0,0.00
1765406870.555752,1,1194,1152,1765406870555,1765406870555,0,1.05,0.0000,0.0,0.00
1765406870.597384,1,1195,1153,1765406870597,1765406870597,0,1.03,0.0000,0.0,0.00
1765406870.639893,1,1196,1154,1765406870639,1765406870639,0,0.96,0.0000,0.0,0.00
1765406870.681779,1,1197,1155,1765406870681,1765406870681,0,0.93,0.0000,0.0,0.00
1765406870.723926,1,1198,1156,1765406870723,1765406870723,0,0.89,0.0000,0.0,0.00
1765406870.766819,1,1199,1157,1765406870765,1765406870765,0,0.88,0.0000,0.0,0.00
1765406870.808499,1,1200,1158,1765406870808,1765406870808,0,0.90,0.0000,0.0,0.00
1765406870.850723,1,1201,1159,1765406870850,1765406870850,0,0.90,0.0000,0.0,0.00
1765406870.892552,1,1202,1160,1765406870892,1765406870892,0,0.88,0.0000,0.0,0.00
1765406870.934695,1,1203,1162,1765406870934,1765406870934,0,0.88,0.0000,0.0,0.00
1765406870.978321,1,1204,1163,1765406870978,1765406870978,0,0.92,0.0000,0.0,0.00
1765406871.022409,1,1205,1164,1765406871020,1765406871022,2,0.95,0.0000,0.0,0.00
1765406871.062529,1,1206,1165,1765406871062,1765406871062,0,0.97,0.0000,0.0,0.00
1765406871.109196,1,1207,1166,1765406871105,1765406871108,3,1.04,0.0000,0.0,0.00
1765406871.147370,1,1208,1167,1765406871147,1765406871147,0,1.01,0.0000,0.0,0.00
1765406871.191735,1,1209,1168,1765406871189,1765406871191,2,1.03,0.0000,0.0,0.00
1765406871.231985,1,1210,1169,1765406871231,1765406871231,0,1.04,0.0000,0.0,0.00
1765406871.277692,1,1211,1170,1765406871274,1765406871277,3,1.13,0.0000,0.0,0.00
1765406871.316330,1,1212,1171,1765406871316,1765406871316,0,1.16,0.0000,0.0,0.00
1765406871.360167,1,1213,1173,1765406871358,1765406871360,2,1.20,0.0000,0.0,0.00
1765406871.401906,1,1214,1174,1765406871401,1765406871401,0,1.19,0.0000,0.0,0.00
1765406871.445368,1,1215,1175,1765406871443,1765406871445,2,1.23,0.0000,0.0,0.00
1765406871.486119,1,1216,1176,1765406871486,1765406871486,0,1.18,0.0000,0.0,0.00
1765406871.529782,1,1217,1177,1765406871529,1765406871529,0,1.16,0.0000,0.0,0.00
1765406871.572176,1,1218,1178,1765406871572,1765406871572,0,1.14,0.0000,0.0,0.00
1765406871.614276,1,1219,1179,1765406871614,1765406871614,0,1.12,0.0000,0.0,0.00
1765406871.656852,1,1220,1180,1765406871656,1765406871656,0,1.12,0.0000,0.0,0.00
1765406871.698689,1,1221,1181,1765406871698,1765406871698,0,1.12,0.0000,0.0,0.00
1765406871.741952,1,1222,1182,1765406871740,1765406871740,0,1.11,0.0000,0.0,0.00
1765406871.783425,1,1223,1183,1765406871783,1765406871783,0,1.11,0.0000,0.0,0.00
1765406871.828567,1,1224,1184,1765406871825,1765406871828,3,1.17,0.0000,0.0,0.00
1765406871.867638,1,1225,1185,1765406871867,1765406871867,0,1.19,0.0000,0.0,0.00
1765406871.911815,1,1226,1186,1765406871909,1765406871911,2,1.21,0.0000,0.0,0.00
1765406871.951999,1,1227,1187,1765406871951,1765406871951,0,1.23,0.0000,0.0,0.00
1765406871.995429,1,1228,1188,1765406871993,1765406871995,2,1.27,0.0000,0.0,0.00
1765406872.036408,1,1229,1189,1765406872036,1765406872036,0,1.28,0.0000,0.0,0.00
1765406872.081928,1,1230,1190,1765406872078,1765406872081,3,1.33,0.0000,0.0,0.00
1765406872.121772,1,1231,1191,1765406872121,1765406872121,0,1.36,0.0000,0.0,0.00
1765406872.165462,1,1232,1192,1765406872164,1765406872165,1,1.39,0.0000,0.0,0.00
1765406872.205735,1,1233,1193,1765406872205,1765406872205,0,1.41,0.0000,0.0,0.00
1765406872.247946,1,1234,1194,1765406872247,1765406872247,0,1.41,0.0000,0.0,0.00
1765406872.290367,1,1235,1196,1765406872290,1765406872290,0,1.42,0.0000,0.0,0.00
1765406872.332527,1,1236,1197,1765406872332,1765406872332,0,1.42,0.0000,0.0,0.00
1765406872.374640,1,1237,1198,1765406872374,1765406872374,0,1.41,0.0000,0.0,0.00
1765406872.418435,1,1238,1199,1765406872417,1765406872417,0,1.42,0.0000,0.0,0.00
1765406872.460385,1,1239,1200,1765406872460,1765406872460,0,1.34,0.0000,0.0,0.00
1765406872.503232,1,1240,1201,1765406872503,1765406872503,0,1.31,0.0000,0.0,0.00
1765406872.545451,1,1241,1202,1765406872544,1765406872544,0,1.33,0.0000,0.0,0.00
1765406872.587348,1,1242,1203,1765406872587,1765406872587,0,1.32,0.0000,0.0,0.00
1765406872.630095,1,1243,1204,1765406872629,1765406872629,0,1.32,0.0000,0.0,0.00
1765406872.671982,1,1244,1205,1765406872671,1765406872671,0,1.32,0.0000,0.0,0.00
1765406872.718716,1,1245,1206,1765406872714,1765406872718,4,1.41,0.0000,0.0,0.00
1765406872.756049,1,1246,1207,1765406872756,1765406872756,0,1.46,0.0000,0.0,0.00
1765406872.801813,1,1247,1208,1765406872798,1765406872801,3,1.51,0.0000,0.0,0.00
1765406872.840491,1,1248,1209,1765406872840,1765406872840,0,1.55,0.0000,0.0,0.00
1765406872.887001,1,1249,1210,1765406872882,1765406872887,5,1.62,0.0000,0.0,0.00
1765406872.925769,1,1250,1212,1765406872925,1765406872925,0,1.62,0.0000,0.0,0.00
1765406872.967842,1,1251,1213,1765406872967,1765406872967,0,1.58,0.0000,0.0,0.00
1765406873.010028,1,1252,1214,1765406873010,1765406873010,0,1.56,0.0000,0.0,0.00
1765406873.052675,1,1253,1215,1765406873052,1765406873052,0,1.53,0.0000,0.0,0.00
1765406873.094518,1,1254,1216,1765406873094,1765406873094,0,1.50,0.0000,0.0,0.00
1765406873.136635,1,1255,1217,1765406873136,1765406873136,0,1.50,0.0000,0.0,0.00
1765406873.178879,1,1256,1218,1765406873178,1765406873178,0,1.50,0.0000,0.0,0.00
1765406873.220991,1,1257,1219,1765406873220,1765406873220,0,1.50,0.0000,0.0,0.00
1765406873.263777,1,1258,1220,1765406873263,1765406873263,0,1.51,0.0000,0.0,0.00
1765406873.305971,1,1259,1221,1765406873305,1765406873305,0,1.51,0.0000,0.0,0.00
1765406873.349744,1,1260,1222,1765406873348,1765406873349,1,1.53,0.0000,0.0,0.00
1765406873.390476,1,1261,1223,1765406873390,1765406873390,0,1.54,0.0000,0.0,0.00
1765406873.434250,1,1262,1224,1765406873432,1765406873434,2,1.57,0.0000,0.0,0.00
1765406873.474509,1,1263,1225,1765406873474,1765406873474,0,1.60,0.0000,0.0,0.00
1765406873.518102,1,1264,1226,1765406873516,1765406873517,1,1.58,0.0000,0.0,0.00
1765406873.558650,1,1265,1227,1765406873558,1765406873558,0,1.57,0.0000,0.0,0.00
1765406873.601522,1,1266,1228,1765406873600,1765406873601,1,1.55,0.0000,0.0,0.00
1765406873.642719,1,1267,1229,1765406873642,1765406873642,0,1.50,0.0000,0.0,0.00
1765406873.685782,1,1268,1230,1765406873685,1765406873685,0,1.46,0.0000,0.0,0.00
1765406873.727872,1,1269,1231,1765406873727,1765406873727,0,1.44,0.0000,0.0,0.00
1765406873.769304,1,1270,1232,1765406873769,1765406873769,0,1.41,0.0000,0.0,0.00
1765406873.814739,1,1271,1233,1765406873811,1765406873813,2,1.37,0.0000,0.0,0.00
1765406873.853184,1,1272,1234,1765406873853,1765406873853,0,1.35,0.0000,0.0,0.00
1765406873.895703,1,1273,1235,1765406873895,1765406873895,0,1.32,0.0000,0.0,0.00
1765406873.937907,1,1274,1236,1765406873937,1765406873937,0,1.31,0.0000,0.0,0.00
1765406873.980732,1,1275,1237,1765406873979,1765406873980,1,1.29,0.0000,0.0,0.00
1765406874.021145,1,1276,1238,1765406874021,1765406874021,0,1.29,0.0000,0.0,0.00
1765406874.064453,1,1277,1239,1765406874064,1765406874064,0,1.29,0.0000,0.0,0.00
1765406874.110884,1,1278,1240,1765406874106,1765406874109,3,1.33,0.0000,0.0,0.00
1765406874.148648,1,1279,1241,1765406874148,1765406874148,0,1.37,0.0000,0.0,0.00
1765406874.193912,1,1280,1242,1765406874190,1765406874192,2,1.40,0.0000,0.0,0.00
1765406874.233491,1,1281,1243,1765406874233,1765406874233,0,1.42,0.0000,0.0,0.00
1765406874.275732,1,1282,1244,1765406874275,1765406874275,0,1.42,0.0000,0.0,0.00
1765406874.317017,1,1283,1245,1765406874317,1765406874317,0,1.41,0.0000,0.0,0.00
1765406874.359406,1,1284,1247,1765406874359,1765406874359,0,1.35,0.0000,0.0,0.00
1765406874.402417,1,1285,1248,1765406874402,1765406874402,0,1.32,0.0000,0.0,0.00
1765406874.444365,1,1286,1249,1765406874444,1765406874444,0,1.29,0.0000,0.0,0.00
1765406874.486606,1,1287,1250,1765406874486,1765406874486,0,1.27,0.0000,0.0,0.00
1765406874.528284,1,1288,1251,1765406874528,1765406874528,0,1.23,0.0000,0.0,0.00
1765406874.570692,1,1289,1252,1765406874570,1765406874570,0,1.22,0.0000,0.0,0.00
1765406874.613035,1,1290,1253,1765406874612,1765406874612,0,1.17,0.0000,0.0,0.00
1765406874.658161,1,1291,1254,1765406874654,1765406874658,4,1.22,0.0000,0.0,0.00
1765406874.698933,1,1292,1255,1765406874698,1765406874698,0,1.21,0.0000,0.0,0.00
1765406874.742454,1,1293,1256,1765406874740,1765406874742,2,1.22,0.0000,0.0,0.00
1765406874.782495,1,1294,1257,1765406874782,1765406874782,0,1.24,0.0000,0.0,0.00
1765406874.824813,1,1295,1258,1765406874824,1765406874824,0,1.23,0.0000,0.0,0.00
1765406874.866458,1,1296,1259,1765406874865,1765406874865,0,1.24,0.0000,0.0,0.00
1765406874.909611,1,1297,1260,1765406874908,1765406874909,1,1.27,0.0000,0.0,0.00
1765406874.950063,1,1298,1262,1765406874950,1765406874950,0,1.27,0.0000,0.0,0.00
1765406874.991855,1,1299,1263,1765406874991,1765406874991,0,1.27,0.0000,0.0,0.00
1765406875.033875,1,1300,1264,1765406875033,1765406875033,0,1.26,0.0000,0.0,0.00
1765406875.076841,1,1301,1265,1765406875076,1765406875076,0,1.26,0.0000,0.0,0.00
1765406875.119942,1,1302,1266,1765406875119,1765406875119,0,1.26,0.0000,0.0,0.00
1765406875.162590,1,1303,1267,1765406875162,1765406875162,0,1.27,0.0000,0.0,0.00
1765406875.204535,1,1304,1269,1765406875204,1765406875204,0,1.27,0.0000,0.0,0.00
1765406875.247314,1,1305,1270,1765406875247,1765406875247,0,1.19,0.0000,0.0,0.00
1765406875.292922,1,1306,1271,1765406875288,1765406875291,3,1.18,0.0000,0.0,0.00
1765406875.331632,1,1307,1272,1765406875331,1765406875331,0,1.14,0.0000,0.0,0.00
1765406875.377781,1,1308,1273,1765406875374,1765406875376,2,1.16,0.0000,0.0,0.00
1765406875.416636,1,1309,1274,1765406875416,1765406875416,0,1.09,0.0000,0.0,0.00
1765406875.458560,1,1310,1275,1765406875458,1765406875458,0,1.04,0.0000,0.0,0.00
1765406875.500697,1,1311,1276,1765406875500,1765406875500,0,1.04,0.0000,0.0,0.00
1765406875.543775,1,1312,1277,1765406875542,1765406875542,0,1.03,0.0000,0.0,0.00
1765406875.584349,1,1313,1278,1765406875584,1765406875584,0,1.03,0.0000,0.0,0.00
1765406875.627922,1,1314,1279,1765406875626,1765406875626,0,1.03,0.0000,0.0,0.00
1765406875.669350,1,1315,1280,1765406875668,1765406875668,0,1.03,0.0000,0.0,0.00
1765406875.712611,1,1316,1281,1765406875711,1765406875712,1,1.06,0.0000,0.0,0.00
1765406875.753068,1,1317,1282,1765406875753,1765406875753,0,1.07,0.0000,0.0,0.00
1765406875.795200,1,1318,1283,1765406875795,1765406875795,0,1.06,0.0000,0.0,0.00
1765406875.874534,1,1319,1284,1765406875870,1765406875874,4,1.83,0.0000,0.0,0.00
1765406875.909277,1,1320,1285,1765406875909,1765406875909,0,1.90,0.0000,0.0,0.00
1765406875.942535,1,1321,1286,1765406875942,1765406875942,0,1.99,0.0000,0.0,0.00
1765406875.984620,1,1322,1287,1765406875984,1765406875984,0,1.97,0.0000,0.0,0.00
1765406876.026419,1,1323,1288,1765406876026,1765406876026,0,1.94,0.0000,0.0,0.00
1765406876.070994,1,1324,1289,1765406876068,1765406876070,2,1.97,0.0000,0.0,0.00
1765406876.111855,1,1325,1290,1765406876111,1765406876111,0,1.97,0.0000,0.0,0.00
1765406876.154174,1,1326,1291,1765406876154,1765406876154,0,1.97,0.0000,0.0,0.00
1765406876.197136,1,1327,1292,1765406876196,1765406876196,0,1.96,0.0000,0.0,0.00
1765406876.239695,1,1328,1293,1765406876239,1765406876239,0,1.96,0.0000,0.0,0.00
1765406876.282103,1,1329,1294,1765406876282,1765406876282,0,1.96,0.0000,0.0,0.00
1765406876.323991,1,1330,1295,1765406876323,1765406876323,0,1.97,0.0000,0.0,0.00
1765406876.369030,1,1331,1296,1765406876365,1765406876369,4,2.01,0.0000,0.0,0.00
1765406876.408045,1,1332,1297,1765406876408,1765406876408,0,2.03,0.0000,0.0,0.00
1765406876.452824,1,1333,1298,1765406876449,1765406876452,3,2.05,0.0000,0.0,0.00
1765406876.491871,1,1334,1299,1765406876491,1765406876491,0,2.08,0.0000,0.0,0.00
1765406876.536775,1,1335,1300,1765406876533,1765406876536,3,2.13,0.0000,0.0,0.00
1765406876.575893,1,1336,1301,1765406876575,1765406876575,0,2.15,0.0000,0.0,0.00
1765406876.620933,1,1337,1302,1765406876617,1765406876620,3,2.19,0.0000,0.0,0.00
1765406876.660447,1,1338,1303,1765406876660,1765406876660,0,2.17,0.0000,0.0,0.00
1765406876.705230,1,1339,1304,1765406876702,1765406876704,2,2.16,0.0000,0.0,0.00
1765406876.744863,1,1340,1305,1765406876744,1765406876744,0,2.16,0.0000,0.0,0.00
1765406876.786452,1,1341,1306,1765406876786,1765406876786,0,2.15,0.0000,0.0,0.00
1765406876.828372,1,1342,1307,1765406876828,1765406876828,0,2.15,0.0000,0.0,0.00
1765406876.872827,1,1343,1308,1765406876870,1765406876872,2,2.17,0.0000,0.0,0.00
1765406876.912891,1,1344,1309,1765406876912,1765406876912,0,2.20,0.0000,0.0,0.00
1765406876.956483,1,1345,1311,1765406876954,1765406876956,2,2.22,0.0000,0.0,0.00
1765406876.997184,1,1346,1312,1765406876996,1765406876996,0,2.24,0.0000,0.0,0.00
1765406877.040242,1,1347,1313,1765406877039,1765406877040,1,2.27,0.0000,0.0,0.00
1765406877.081251,1,1348,1314,1765406877081,1765406877081,0,2.28,0.0000,0.0,0.00
1765406877.123806,1,1349,1315,1765406877123,1765406877123,0,2.28,0.0000,0.0,0.00
1765406877.166193,1,1350,1316,1765406877166,1765406877166,0,2.28,0.0000,0.0,0.00
1765406877.208931,1,1351,1318,1765406877208,1765406877208,0,2.22,0.0000,0.0,0.00
1765406877.250364,1,1352,1319,1765406877250,1765406877250,0,2.19,0.0000,0.0,0.00
1765406877.292339,1,1353,1320,1765406877292,1765406877292,0,2.17,0.0000,0.0,0.00
1765406877.334017,1,1354,1321,1765406877334,1765406877334,0,2.14,0.0000,0.0,0.00
1765406877.377849,1,1355,1323,1765406877377,1765406877377,0,2.14,0.0000,0.0,0.00
1765406877.422790,1,1356,1324,1765406877419,1765406877422,3,2.17,0.0000,0.0,0.00
1765406877.461684,1,1357,1325,1765406877461,1765406877461,0,2.19,0.0000,0.0,0.00
1765406877.505732,1,1358,1326,1765406877504,1765406877505,1,2.20,0.0000,0.0,0.00
1765406877.547109,1,1359,1327,1765406877547,1765406877547,0,2.19,0.0000,0.0,0.00
1765406877.589270,1,1360,1328,1765406877589,1765406877589,0,2.19,0.0000,0.0,0.00
1765406877.632318,1,1361,1329,1765406877631,1765406877632,1,2.19,0.0000,0.0,0.00
1765406877.674561,1,1362,1330,1765406877674,1765406877674,0,2.19,0.0000,0.0,0.00
1765406877.717827,1,1363,1331,1765406877716,1765406877717,1,2.19,0.0000,0.0,0.00
1765406877.758834,1,1364,1332,1765406877758,1765406877758,0,2.20,0.0000,0.0,0.00
1765406877.801648,1,1365,1333,1765406877801,1765406877801,0,2.20,0.0000,0.0,0.00
1765406877.843471,1,1366,1334,1765406877843,1765406877843,0,2.18,0.0000,0.0,0.00
1765406877.885550,1,1367,1335,1765406877885,1765406877885,0,2.15,0.0000,0.0,0.00
1765406877.927239,1,1368,1336,1765406877927,1765406877927,0,2.10,0.0000,0.0,0.00
1765406877.969040,1,1369,1337,1765406877969,1765406877969,0,2.08,0.0000,0.0,0.00
1765406878.011024,1,1370,1338,1765406878011,1765406878011,0,2.08,0.0000,0.0,0.00
1765406878.053400,1,1371,1339,1765406878052,1765406878053,1,2.08,0.0000,0.0,0.00
1765406878.099368,1,1372,1340,1765406878095,1765406878099,4,2.15,0.0000,0.0,0.00
1765406878.138404,1,1373,1341,1765406878138,1765406878138,0,2.18,0.0000,0.0,0.00
1765406878.181844,1,1374,1342,1765406878181,1765406878181,0,2.19,0.0000,0.0,0.00
1765406878.223612,1,1375,1343,1765406878223,1765406878223,0,2.19,0.0000,0.0,0.00
1765406878.265833,1,1376,1344,1765406878265,1765406878265,0,2.16,0.0000,0.0,0.00
1765406878.308029,1,1377,1345,1765406878308,1765406878308,0,2.15,0.0000,0.0,0.00
1765406878.349966,1,1378,1346,1765406878349,1765406878349,0,2.17,0.0000,0.0,0.00
1765406878.395825,1,1379,1347,1765406878391,1765406878395,4,1.49,0.0000,0.0,0.00
1765406878.433856,1,1380,1348,1765406878433,1765406878433,0,1.45,0.0000,0.0,0.00
1765406878.479801,1,1381,1349,1765406878476,1765406878478,2,1.39,0.0000,0.0,0.00
1765406878.519434,1,1382,1351,1765406878519,1765406878519,0,1.40,0.0000,0.0,0.00
1765406878.561725,1,1383,1352,1765406878561,1765406878561,0,1.40,0.0000,0.0,0.00
1765406878.603287,1,1384,1353,1765406878603,1765406878603,0,1.37,0.0000,0.0,0.00
1765406878.645514,1,1385,1354,1765406878645,1765406878645,0,1.35,0.0000,0.0,0.00
1765406878.690548,1,1386,1355,1765406878688,1765406878690,2,1.40,0.0000,0.0,0.00
1765406878.730660,1,1387,1356,1765406878730,1765406878730,0,1.42,0.0000,0.0,0.00
1765406878.776417,1,1388,1357,1765406878772,1765406878776,4,1.48,0.0000,0.0,0.00
1765406878.815160,1,1389,1358,1765406878814,1765406878814,0,1.52,0.0000,0.0,0.00
1765406878.861241,1,1390,1359,1765406878856,1765406878859,3,1.56,0.0000,0.0,0.00
1765406878.899841,1,1391,1360,1765406878899,1765406878899,0,1.51,0.0000,0.0,0.00
1765406878.942152,1,1392,1362,1765406878941,1765406878942,1,1.49,0.0000,0.0,0.00
1765406878.983991,1,1393,1363,1765406878983,1765406878983,0,1.47,0.0000,0.0,0.00
1765406879.025293,1,1394,1364,1765406879025,1765406879025,0,1.43,0.0000,0.0,0.00
1765406879.068319,1,1395,1365,1765406879068,1765406879068,0,1.39,0.0000,0.0,0.00
1765406879.110434,1,1396,1366,1765406879110,1765406879110,0,1.35,0.0000,0.0,0.00
1765406879.153678,1,1397,1367,1765406879153,1765406879153,0,1.31,0.0000,0.0,0.00
1765406879.195137,1,1398,1368,1765406879195,1765406879195,0,1.28,0.0000,0.0,0.00
1765406879.236874,1,1399,1369,1765406879236,1765406879236,0,1.26,0.0000,0.0,0.00
1765406879.278886,1,1400,1370,1765406879278,1765406879278,0,1.24,0.0000,0.0,0.00
1765406879.326215,1,1401,1371,1765406879321,1765406879326,5,1.36,0.0000,0.0,0.00
1765406879.364551,1,1402,1372,1765406879364,1765406879364,0,1.40,0.0000,0.0,0.00
1765406879.409338,1,1403,1373,1765406879408,1765406879409,1,1.43,0.0000,0.0,0.00
1765406879.450033,1,1404,1374,1765406879450,1765406879450,0,1.41,0.0000,0.0,0.00
1765406879.491270,1,1405,1375,1765406879491,1765406879491,0,1.39,0.0000,0.0,0.00
1765406879.533578,1,1406,1376,1765406879533,1765406879533,0,1.37,0.0000,0.0,0.00
1765406879.575617,1,1407,1377,1765406879575,1765406879575,0,1.33,0.0000,0.0,0.00
1765406879.617441,1,1408,1378,1765406879617,1765406879617,0,1.32,0.0000,0.0,0.00
1765406879.651594,1,1409,1379,1765406879651,1765406879651,0,1.41,0.0000,0.0,0.00
1765406879.694494,1,1410,1380,1765406879694,1765406879694,0,1.41,0.0000,0.0,0.00
1765406879.737015,1,1411,1381,1765406879737,1765406879737,0,1.43,0.0000,0.0,0.00
1765406879.778686,1,1412,1382,1765406879778,1765406879778,0,1.44,0.0000,0.0,0.00
1765406879.821484,1,1413,1383,1765406879820,1765406879820,0,1.44,0.0000,0.0,0.00
1765406879.862983,1,1414,1384,1765406879862,1765406879862,0,1.44,0.0000,0.0,0.00
1765406879.909232,1,1415,1385,1765406879905,1765406879909,4,1.53,0.0000,0.0,0.00
1765406879.948165,1,1416,1386,1765406879948,1765406879948,0,1.50,0.0000,0.0,0.00
1765406879.992287,1,1417,1387,1765406879990,1765406879991,1,1.48,0.0000,0.0,0.00
1765406880.033594,1,1418,1388,1765406880033,1765406880033,0,1.44,0.0000,0.0,0.00
1765406880.076185,1,1419,1389,1765406880076,1765406880076,0,1.46,0.0000,0.0,0.00
1765406880.118765,1,1420,1390,1765406880118,1765406880118,0,1.46,0.0000,0.0,0.00
1765406880.160702,1,1421,1391,1765406880160,1765406880160,0,1.44,0.0000,0.0,0.00
1765406880.202969,1,1422,1392,1765406880202,1765406880202,0,1.44,0.0000,0.0,0.00
1765406880.244934,1,1423,1393,1765406880244,1765406880244,0,1.43,0.0000,0.0,0.00
1765406880.289672,1,1424,1394,1765406880286,1765406880289,3,1.48,0.0000,0.0,0.00
1765406880.328286,1,1425,1395,1765406880328,1765406880328,0,1.49,0.0000,0.0,0.00
1765406880.373362,1,1426,1397,1765406880370,1765406880372,2,1.53,0.0000,0.0,0.00
1765406880.413856,1,1427,1399,1765406880413,1765406880413,0,1.54,0.0000,0.0,0.00
1765406880.455817,1,1428,1400,1765406880455,1765406880455,0,1.54,0.0000,0.0,0.00
1765406880.497951,1,1429,1401,1765406880497,1765406880497,0,1.54,0.0000,0.0,0.00
1765406880.539106,1,1430,1402,1765406880539,1765406880539,0,1.54,0.0000,0.0,0.00
1765406880.580784,1,1431,1403,1765406880580,1765406880580,0,1.56,0.0000,0.0,0.00
1765406880.623158,1,1432,1404,1765406880623,1765406880623,0,1.49,0.0000,0.0,0.00
1765406880.665705,1,1433,1405,1765406880665,1765406880665,0,1.46,0.0000,0.0,0.00
1765406880.707822,1,1434,1406,1765406880707,1765406880707,0,1.44,0.0000,0.0,0.00
1765406880.749448,1,1435,1407,1765406880749,1765406880749,0,1.44,0.0000,0.0,0.00
1765406880.791082,1,1436,1408,1765406880791,1765406880791,0,1.44,0.0000,0.0,0.00
1765406880.836180,1,1437,1409,1765406880833,1765406880835,2,1.46,0.0000,0.0,0.00
1765406880.874846,1,1438,1410,1765406880874,1765406880874,0,1.48,0.0000,0.0,0.00
1765406880.917434,1,1439,1411,1765406880916,1765406880916,0,1.39,0.0000,0.0,0.00
1765406880.958811,1,1440,1413,1765406880958,1765406880958,0,1.35,0.0000,0.0,0.00
1765406881.001592,1,1441,1414,1765406881001,1765406881001,0,1.30,0.0000,0.0,0.00
1765406881.044853,1,1442,1415,1765406881044,1765406881044,0,1.31,0.0000,0.0,0.00
1765406881.086332,1,1443,1416,1765406881086,1765406881086,0,1.31,0.0000,0.0,0.00
1765406881.129271,1,1444,1417,1765406881129,1765406881129,0,1.33,0.0000,0.0,0.00
1765406881.172047,1,1445,1418,1765406881172,1765406881172,0,1.35,0.0000,0.0,0.00
1765406881.219882,1,1446,1419,1765406881213,1765406881218,5,1.37,0.0000,0.0,0.00
1765406881.255821,1,1447,1420,1765406881255,1765406881255,0,1.41,0.0000,0.0,0.00
1765406881.299733,1,1448,1421,1765406881297,1765406881299,2,1.36,0.0000,0.0,0.00
1765406881.339745,1,1449,1422,1765406881339,1765406881339,0,1.34,0.0000,0.0,0.00
1765406881.381780,1,1450,1423,1765406881381,1765406881381,0,1.28,0.0000,0.0,0.00
1765406881.423615,1,1451,1424,1765406881423,1765406881423,0,1.26,0.0000,0.0,0.00
1765406881.465234,1,1452,1425,1765406881465,1765406881465,0,1.23,0.0000,0.0,0.00
1765406881.506799,1,1453,1426,1765406881506,1765406881506,0,1.23,0.0000,0.0,0.00
1765406881.548925,1,1454,1427,1765406881548,1765406881548,0,1.23,0.0000,0.0,0.00
1765406881.591255,1,1455,1428,1765406881590,1765406881590,0,1.21,0.0000,0.0,0.00
1765406881.633374,1,1456,1430,1765406881633,1765406881633,0,1.23,0.0000,0.0,0.00
1765406881.676474,1,1457,1431,1765406881676,1765406881676,0,1.23,0.0000,0.0,0.00
1765406881.718541,1,1458,1432,1765406881718,1765406881718,0,1.23,0.0000,0.0,0.00
1765406881.760548,1,1459,1433,1765406881760,1765406881760,0,1.22,0.0000,0.0,0.00
1765406881.797332,1,1460,1434,1765406881794,1765406881797,3,1.29,0.0000,0.0,0.00
1765406881.835886,1,1461,1435,1765406881835,1765406881835,0,1.34,0.0000,0.0,0.00
1765406881.880706,1,1462,1436,1765406881878,1765406881880,2,1.27,0.0000,0.0,0.00
1765406881.920364,1,1463,1437,1765406881920,1765406881920,0,1.29,0.0000,0.0,0.00
1765406881.962587,1,1464,1438,1765406881962,1765406881962,0,1.27,0.0000,0.0,0.00
1765406882.004517,1,1465,1439,1765406882004,1765406882004,0,1.25,0.0000,0.0,0.00
1765406882.046519,1,1466,1440,1765406882046,1765406882046,0,1.25,0.0000,0.0,0.00
1765406882.088604,1,1467,1441,1765406882088,1765406882088,0,1.25,0.0000,0.0,0.00
1765406882.130540,1,1468,1442,1765406882130,1765406882130,0,1.25,0.0000,0.0,0.00
1765406882.176222,1,1469,1443,1765406882173,1765406882175,2,1.12,0.0000,0.0,0.00
1765406882.216012,1,1470,1444,1765406882216,1765406882216,0,1.11,0.0000,0.0,0.00
1765406882.259286,1,1471,1445,1765406882257,1765406882259,2,1.11,0.0000,0.0,0.00
1765406882.300946,1,1472,1446,1765406882300,1765406882300,0,1.11,0.0000,0.0,0.00
1765406882.342605,1,1473,1447,1765406882342,1765406882342,0,1.11,0.0000,0.0,0.00
1765406882.384771,1,1474,1448,1765406882384,1765406882384,0,1.11,0.0000,0.0,0.00
1765406882.427799,1,1475,1449,1765406882427,1765406882427,0,1.05,0.0000,0.0,0.00
1765406882.470318,1,1476,1450,1765406882469,1765406882469,0,0.99,0.0000,0.0,0.00
1765406882.512442,1,1477,1451,1765406882511,1765406882511,0,0.97,0.0000,0.0,0.00
1765406882.585830,1,1478,1452,1765406882584,1765406882585,1,1.71,0.0000,0.0,0.00
1765406882.677765,1,1479,1453,1765406882673,1765406882677,4,2.96,0.0000,0.0,0.00
1765406882.716221,1,1480,1454,1765406882716,1765406882716,0,2.98,0.0000,0.0,0.00
1765406882.758454,1,1481,1455,1765406882758,1765406882758,0,2.98,0.0000,0.0,0.00
1765406882.794121,1,1482,1456,1765406882793,1765406882793,0,3.01,0.0000,0.0,0.00
1765406882.836003,1,1483,1457,1765406882836,1765406882836,0,3.01,0.0000,0.0,0.00
1765406882.880391,1,1484,1458,1765406882878,1765406882880,2,2.98,0.0000,0.0,0.00
1765406882.921041,1,1485,1459,1765406882921,1765406882921,0,2.97,0.0000,0.0,0.00
1765406882.963774,1,1486,1461,1765406882963,1765406882963,0,2.95,0.0000,0.0,0.00
1765406883.005207,1,1487,1462,1765406883005,1765406883005,0,2.95,0.0000,0.0,0.00
1765406883.047376,1,1488,1463,1765406883047,1765406883047,0,2.95,0.0000,0.0,0.00
1765406883.089810,1,1489,1464,1765406883089,1765406883089,0,2.95,0.0000,0.0,0.00
1765406883.131651,1,1490,1465,1765406883131,1765406883131,0,2.95,0.0000,0.0,0.00
1765406883.174475,1,1491,1466,1765406883174,1765406883174,0,2.94,0.0000,0.0,0.00
1765406883.216394,1,1492,1467,1765406883216,1765406883216,0,2.94,0.0000,0.0,0.00
1765406883.261420,1,1493,1468,1765406883258,1765406883261,3,2.99,0.0000,0.0,0.00
1765406883.301565,1,1494,1469,1765406883301,1765406883301,0,3.00,0.0000,0.0,0.00
1765406883.343986,1,1495,1470,1765406883343,1765406883343,0,3.00,0.0000,0.0,0.00
1765406883.386357,1,1496,1471,1765406883386,1765406883386,0,2.99,0.0000,0.0,0.00
1765406883.429454,1,1497,1473,1765406883429,1765406883429,0,2.97,0.0000,0.0,0.00
1765406883.475983,1,1498,1474,1765406883471,1765406883475,4,3.03,0.0000,0.0,0.00
1765406883.512647,1,1499,1475,1765406883512,1765406883512,0,3.05,0.0000,0.0,0.00
1765406883.556951,1,1500,1476,1765406883554,1765406883556,2,3.07,0.0000,0.0,0.00
1765406883.597121,1,1501,1477,1765406883596,1765406883596,0,3.08,0.0000,0.0,0.00
1765406883.639235,1,1502,1478,1765406883639,1765406883639,0,3.08,0.0000,0.0,0.00
1765406883.680982,1,1503,1479,1765406883680,1765406883680,0,3.09,0.0000,0.0,0.00
1765406883.723200,1,1504,1480,1765406883723,1765406883723,0,3.09,0.0000,0.0,0.00
1765406883.766264,1,1505,1481,1765406883766,1765406883766,0,3.09,0.0000,0.0,0.00
1765406883.808950,1,1506,1482,1765406883808,1765406883808,0,3.02,0.0000,0.0,0.00
1765406883.854015,1,1507,1483,1765406883851,1765406883852,1,3.01,0.0000,0.0,0.00
1765406883.894207,1,1508,1484,1765406883894,1765406883894,0,2.99,0.0000,0.0,0.00
1765406883.939212,1,1509,1485,1765406883936,1765406883939,3,3.02,0.0000,0.0,0.00
1765406883.979452,1,1510,1486,1765406883978,1765406883979,1,3.03,0.0000,0.0,0.00
1765406884.021835,1,1511,1487,1765406884021,1765406884021,0,3.03,0.0000,0.0,0.00
1765406884.068077,1,1512,1488,1765406884063,1765406884068,5,3.13,0.0000,0.0,0.00
1765406884.105087,1,1513,1489,1765406884105,1765406884105,0,3.15,0.0000,0.0,0.00
1765406884.150437,1,1514,1490,1765406884147,1765406884150,3,3.19,0.0000,0.0,0.00
1765406884.190339,1,1515,1491,1765406884190,1765406884190,0,3.20,0.0000,0.0,0.00
1765406884.233074,1,1516,1492,1765406884232,1765406884232,0,3.21,0.0000,0.0,0.00
1765406884.273887,1,1517,1493,1765406884273,1765406884273,0,3.22,0.0000,0.0,0.00
1765406884.317123,1,1518,1494,1765406884315,1765406884317,2,3.23,0.0000,0.0,0.00
1765406884.358377,1,1519,1495,1765406884358,1765406884358,0,3.24,0.0000,0.0,0.00
1765406884.401129,1,1520,1496,1765406884401,1765406884401,0,3.19,0.0000,0.0,0.00
1765406884.443465,1,1521,1497,1765406884443,1765406884443,0,3.16,0.0000,0.0,0.00
1765406884.484989,1,1522,1498,1765406884484,1765406884484,0,3.14,0.0000,0.0,0.00
1765406884.527512,1,1523,1499,1765406884526,1765406884526,0,3.13,0.0000,0.0,0.00
1765406884.569631,1,1524,1500,1765406884569,1765406884569,0,3.12,0.0000,0.0,0.00
1765406884.611671,1,1525,1501,1765406884611,1765406884611,0,3.12,0.0000,0.0,0.00
1765406884.655159,1,1526,1502,1765406884654,1765406884654,0,3.11,0.0000,0.0,0.00
1765406884.701160,1,1527,1503,1765406884697,1765406884701,4,3.19,0.0000,0.0,0.00
1765406884.739380,1,1528,1504,1765406884739,1765406884739,0,3.22,0.0000,0.0,0.00
1765406884.785081,1,1529,1505,1765406884781,1765406884785,4,3.25,0.0000,0.0,0.00
1765406884.824009,1,1530,1507,1765406884824,1765406884824,0,3.26,0.0000,0.0,0.00
1765406884.867338,1,1531,1508,1765406884866,1765406884867,1,3.26,0.0000,0.0,0.00
1765406884.908686,1,1532,1509,1765406884908,1765406884908,0,3.26,0.0000,0.0,0.00
1765406884.951174,1,1533,1510,1765406884951,1765406884951,0,3.26,0.0000,0.0,0.00
1765406884.993890,1,1534,1512,1765406884993,1765406884993,0,3.26,0.0000,0.0,0.00
1765406885.036577,1,1535,1513,1765406885036,1765406885036,0,3.26,0.0000,0.0,0.00
1765406885.081728,1,1536,1514,1765406885078,1765406885081,3,3.28,0.0000,0.0,0.00
1765406885.120813,1,1537,1515,1765406885120,1765406885120,0,3.31,0.0000,0.0,0.00
1765406885.163875,1,1538,1516,1765406885162,1765406885163,1,2.53,0.0000,0.0,0.00
1765406885.205526,1,1539,1517,1765406885205,1765406885205,0,1.62,0.0000,0.0,0.00
1765406885.247176,1,1540,1518,1765406885247,1765406885247,0,1.57,0.0000,0.0,0.00
1765406885.288607,1,1541,1519,1765406885288,1765406885288,0,1.59,0.0000,0.0,0.00
1765406885.330435,1,1542,1520,1765406885330,1765406885330,0,1.49,0.0000,0.0,0.00
1765406885.372134,1,1543,1521,1765406885372,1765406885372,0,1.48,0.0000,0.0,0.00
1765406885.413658,1,1544,1522,1765406885413,1765406885413,0,1.46,0.0000,0.0,0.00
1765406885.458374,1,1545,1523,1765406885456,1765406885458,2,1.50,0.0000,0.0,0.00
1765406885.499740,1,1546,1524,1765406885498,1765406885498,0,1.52,0.0000,0.0,0.00
1765406885.543670,1,1547,1525,1765406885541,1765406885542,1,1.55,0.0000,0.0,0.00
1765406885.584035,1,1548,1526,1765406885584,1765406885584,0,1.55,0.0000,0.0,0.00
1765406885.627393,1,1549,1527,1765406885626,1765406885627,1,1.56,0.0000,0.0,0.00
1765406885.668180,1,1550,1528,1765406885668,1765406885668,0,1.58,0.0000,0.0,0.00
1765406885.710109,1,1551,1529,1765406885710,1765406885710,0,1.57,0.0000,0.0,0.00
1765406885.752301,1,1552,1530,1765406885752,1765406885752,0,1.57,0.0000,0.0,0.00
1765406885.794654,1,1553,1531,1765406885794,1765406885794,0,1.52,0.0000,0.0,0.00
1765406885.838845,1,1554,1532,1765406885836,1765406885838,2,1.52,0.0000,0.0,0.00
1765406885.879465,1,1555,1533,1765406885878,1765406885879,1,1.54,0.0000,0.0,0.00
1765406885.921370,1,1556,1534,1765406885921,1765406885921,0,1.52,0.0000,0.0,0.00
1765406885.964478,1,1557,1535,1765406885964,1765406885964,0,1.52,0.0000,0.0,0.00
1765406886.007084,1,1558,1536,1765406886006,1765406886007,1,1.47,0.0000,0.0,0.00
1765406886.052955,1,1559,1537,1765406886048,1765406886052,4,1.44,0.0000,0.0,0.00
1765406886.091680,1,1560,1538,1765406886091,1765406886091,0,1.46,0.0000,0.0,0.00
1765406886.137738,1,1561,1539,1765406886133,1765406886137,4,1.50,0.0000,0.0,0.00
1765406886.176163,1,1562,1540,1765406886175,1765406886176,1,1.53,0.0000,0.0,0.00
1765406886.221194,1,1563,1541,1765406886217,1765406886220,3,1.54,0.0000,0.0,0.00
1765406886.259989,1,1564,1542,1765406886259,1765406886259,0,1.58,0.0000,0.0,0.00
1765406886.302025,1,1565,1543,1765406886302,1765406886302,0,1.58,0.0000,0.0,0.00
1765406886.345411,1,1566,1544,1765406886344,1765406886344,0,1.58,0.0000,0.0,0.00
1765406886.386333,1,1567,1545,1765406886386,1765406886386,0,1.55,0.0000,0.0,0.00
1765406886.428170,1,1568,1546,1765406886428,1765406886428,0,1.55,0.0000,0.0,0.00
1765406886.468216,1,1569,1548,1765406886462,1765406886468,6,1.52,0.0000,0.0,0.00
1765406886.504446,1,1570,1549,1765406886504,1765406886504,0,1.57,0.0000,0.0,0.00
1765406886.549688,1,1571,1550,1765406886546,1765406886549,3,1.63,0.0000,0.0,0.00
1765406886.588673,1,1572,1551,1765406886588,1765406886588,0,1.57,0.0000,0.0,0.00
1765406886.631948,1,1573,1552,1765406886630,1765406886631,1,1.52,0.0000,0.0,0.00
1765406886.673041,1,1574,1553,1765406886672,1765406886673,1,1.46,0.0000,0.0,0.00
1765406886.717310,1,1575,1554,1765406886714,1765406886716,2,1.45,0.0000,0.0,0.00
1765406886.757559,1,1576,1555,1765406886757,1765406886757,0,1.47,0.0000,0.0,0.00
1765406886.800806,1,1577,1556,1765406886799,1765406886800,1,1.47,0.0000,0.0,0.00
1765406886.865006,1,1578,1557,1765406886855,1765406886865,10,1.88,0.0000,0.0,0.00
1765406886.895209,1,1579,1558,1765406886895,1765406886895,0,2.03,0.0000,0.0,0.00
1765406886.939531,1,1580,1559,1765406886938,1765406886938,0,2.03,0.0000,0.0,0.00
1765406886.981139,1,1581,1561,1765406886981,1765406886981,0,2.04,0.0000,0.0,0.00
1765406887.026818,1,1582,1562,1765406887022,1765406887025,3,2.05,0.0000,0.0,0.00
1765406887.065067,1,1583,1563,1765406887065,1765406887065,0,2.08,0.0000,0.0,0.00
1765406887.106986,1,1584,1564,1765406887106,1765406887106,0,2.09,0.0000,0.0,0.00
1765406887.149730,1,1585,1565,1765406887149,1765406887149,0,2.10,0.0000,0.0,0.00
1765406887.190904,1,1586,1566,1765406887190,1765406887190,0,2.10,0.0000,0.0,0.00
1765406887.233148,1,1587,1567,1765406887233,1765406887233,0,2.03,0.0000,0.0,0.00
1765406887.275600,1,1588,1568,1765406887275,1765406887275,0,1.97,0.0000,0.0,0.00
1765406887.318172,1,1589,1569,1765406887318,1765406887318,0,1.91,0.0000,0.0,0.00
1765406887.360160,1,1590,1570,1765406887360,1765406887360,0,1.87,0.0000,0.0,0.00
1765406887.403932,1,1591,1571,1765406887402,1765406887403,1,1.87,0.0000,0.0,0.00
1765406887.444514,1,1592,1573,1765406887444,1765406887444,0,1.87,0.0000,0.0,0.00
1765406887.487284,1,1593,1574,1765406887486,1765406887487,1,1.87,0.0000,0.0,0.00
1765406887.528024,1,1594,1575,1765406887528,1765406887528,0,1.88,0.0000,0.0,0.00
1765406887.569986,1,1595,1576,1765406887569,1765406887569,0,1.89,0.0000,0.0,0.00
1765406887.611932,1,1596,1577,1765406887611,1765406887611,0,1.83,0.0000,0.0,0.00
1765406887.654455,1,1597,1578,1765406887653,1765406887653,0,1.79,0.0000,0.0,0.00
1765406887.695964,1,1598,1579,1765406887695,1765406887695,0,1.78,0.0000,0.0,0.00
1765406887.739029,1,1599,1580,1765406887739,1765406887739,0,1.81,0.0000,0.0,0.00
1765406887.780729,1,1600,1581,1765406887780,1765406887780,0,1.83,0.0000,0.0,0.00
1765406887.822975,1,1601,1582,1765406887822,1765406887822,0,1.81,0.0000,0.0,0.00
1765406887.865209,1,1602,1583,1765406887864,1765406887865,1,1.82,0.0000,0.0,0.00
1765406887.908075,1,1603,1584,1765406887906,1765406887908,2,1.84,0.0000,0.0,0.00
1765406887.948600,1,1604,1585,1765406887948,1765406887948,0,1.85,0.0000,0.0,0.00
1765406887.992107,1,1605,1586,1765406887989,1765406887992,3,1.83,0.0000,0.0,0.00
1765406888.032179,1,1606,1587,1765406888032,1765406888032,0,1.83,0.0000,0.0,0.00
1765406888.074822,1,1607,1588,1765406888074,1765406888074,0,1.80,0.0000,0.0,0.00
1765406888.116369,1,1608,1589,1765406888116,1765406888116,0,1.80,0.0000,0.0,0.00
1765406888.158555,1,1609,1590,1765406888158,1765406888158,0,1.79,0.0000,0.0,0.00
1765406888.204256,1,1610,1592,1765406888201,1765406888204,3,1.84,0.0000,0.0,0.00
1765406888.243336,1,1611,1593,1765406888243,1765406888243,0,1.89,0.0000,0.0,0.00
1765406888.289357,1,1612,1594,1765406888285,1765406888289,4,1.95,0.0000,0.0,0.00
1765406888.328360,1,1613,1595,1765406888328,1765406888328,0,2.00,0.0000,0.0,0.00
1765406888.370980,1,1614,1596,1765406888369,1765406888370,1,1.97,0.0000,0.0,0.00
1765406888.412179,1,1615,1597,1765406888412,1765406888412,0,1.95,0.0000,0.0,0.00
1765406888.453851,1,1616,1598,1765406888453,1765406888453,0,1.97,0.0000,0.0,0.00
1765406888.495321,1,1617,1599,1765406888495,1765406888495,0,1.95,0.0000,0.0,0.00
1765406888.537729,1,1618,1600,1765406888537,1765406888537,0,1.94,0.0000,0.0,0.00
1765406888.579791,1,1619,1601,1765406888579,1765406888579,0,1.88,0.0000,0.0,0.00
1765406888.622494,1,1620,1602,1765406888622,1765406888622,0,1.86,0.0000,0.0,0.00
1765406888.665868,1,1621,1603,1765406888664,1765406888665,1,1.80,0.0000,0.0,0.00
1765406888.705869,1,1622,1604,1765406888705,1765406888705,0,1.78,0.0000,0.0,0.00
1765406888.749647,1,1623,1605,1765406888748,1765406888749,1,1.78,0.0000,0.0,0.00
1765406888.791333,1,1624,1606,1765406888790,1765406888791,1,1.75,0.0000,0.0,0.00
1765406888.833337,1,1625,1607,1765406888832,1765406888833,1,1.73,0.0000,0.0,0.00
1765406888.875553,1,1626,1608,1765406888875,1765406888875,0,1.73,0.0000,0.0,0.00
1765406888.917663,1,1627,1609,1765406888917,1765406888917,0,1.73,0.0000,0.0,0.00
1765406888.960257,1,1628,1610,1765406888960,1765406888960,0,1.75,0.0000,0.0,0.00
1765406889.002869,1,1629,1612,1765406889002,1765406889002,0,1.72,0.0000,0.0,0.00
1765406889.045716,1,1630,1613,1765406889044,1765406889044,0,1.64,0.0000,0.0,0.00
1765406889.086895,1,1631,1614,1765406889086,1765406889086,0,1.59,0.0000,0.0,0.00
1765406889.129750,1,1632,1615,1765406889128,1765406889129,1,1.57,0.0000,0.0,0.00
1765406889.171856,1,1633,1616,1765406889171,1765406889171,0,1.56,0.0000,0.0,0.00
1765406889.213931,1,1634,1617,1765406889213,1765406889213,0,1.56,0.0000,0.0,0.00
1765406889.256498,1,1635,1618,1765406889256,1765406889256,0,1.56,0.0000,0.0,0.00
1765406889.298673,1,1636,1619,1765406889298,1765406889298,0,1.54,0.0000,0.0,0.00
1765406889.339846,1,1637,1620,1765406889339,1765406889339,0,1.55,0.0000,0.0,0.00
1765406889.381924,1,1638,1621,1765406889381,1765406889381,0,1.10,0.0000,0.0,0.00
1765406889.423525,1,1639,1622,1765406889423,1765406889423,0,0.91,0.0000,0.0,0.00
1765406889.466376,1,1640,1624,1765406889466,1765406889466,0,0.91,0.0000,0.0,0.00
1765406889.509018,1,1641,1625,1765406889508,1765406889509,1,0.91,0.0000,0.0,0.00
1765406889.550127,1,1642,1626,1765406889550,1765406889550,0,0.88,0.0000,0.0,0.00
1765406889.595929,1,1643,1627,1765406889592,1765406889594,2,0.90,0.0000,0.0,0.00
1765406889.634143,1,1644,1628,1765406889634,1765406889634,0,0.91,0.0000,0.0,0.00
1765406889.678465,1,1645,1629,1765406889677,1765406889678,1,0.93,0.0000,0.0,0.00
1765406889.719246,1,1646,1630,1765406889719,1765406889719,0,0.93,0.0000,0.0,0.00
1765406889.762682,1,1647,1631,1765406889762,1765406889762,0,0.93,0.0000,0.0,0.00
1765406889.804349,1,1648,1632,1765406889803,1765406889803,0,0.94,0.0000,0.0,0.00
1765406889.837946,1,1649,1633,1765406889837,1765406889837,0,1.02,0.0000,0.0,0.00
1765406889.880111,1,1650,1635,1765406889880,1765406889880,0,1.03,0.0000,0.0,0.00
1765406889.922187,1,1651,1636,1765406889922,1765406889922,0,1.02,0.0000,0.0,0.00
1765406889.964096,1,1652,1637,1765406889964,1765406889964,0,1.00,0.0000,0.0,0.00
1765406890.005838,1,1653,1638,1765406890005,1765406890005,0,1.02,0.0000,0.0,0.00
1765406890.048480,1,1654,1639,1765406890047,1765406890048,1,1.00,0.0000,0.0,0.00
1765406890.089665,1,1655,1640,1765406890089,1765406890089,0,1.00,0.0000,0.0,0.00
1765406890.131543,1,1656,1641,1765406890131,1765406890131,0,1.00,0.0000,0.0,0.00
1765406890.173073,1,1657,1642,1765406890173,1765406890173,0,1.00,0.0000,0.0,0.00
1765406890.215367,1,1658,1643,1765406890215,1765406890215,0,1.00,0.0000,0.0,0.00
1765406890.258552,1,1659,1644,1765406890257,1765406890258,1,0.99,0.0000,0.0,0.00
1765406890.298651,1,1660,1645,1765406890298,1765406890298,0,1.02,0.0000,0.0,0.00
1765406890.341141,1,1661,1646,1765406890340,1765406890341,1,1.02,0.0000,0.0,0.00
1765406890.381929,1,1662,1647,1765406890381,1765406890381,0,1.06,0.0000,0.0,0.00
1765406890.424330,1,1663,1648,1765406890423,1765406890424,1,1.06,0.0000,0.0,0.00
1765406890.465664,1,1664,1649,1765406890465,1765406890465,0,1.04,0.0000,0.0,0.00
1765406890.507603,1,1665,1650,1765406890507,1765406890507,0,1.02,0.0000,0.0,0.00
1765406890.549944,1,1666,1651,1765406890549,1765406890549,0,0.97,0.0000,0.0,0.00
1765406890.592262,1,1667,1652,1765406890591,1765406890592,1,0.98,0.0000,0.0,0.00
1765406890.635317,1,1668,1653,1765406890633,1765406890633,0,1.01,0.0000,0.0,0.00
1765406890.675939,1,1669,1654,1765406890675,1765406890675,0,1.01,0.0000,0.0,0.00
1765406890.718226,1,1670,1655,1765406890718,1765406890718,0,0.98,0.0000,0.0,0.00
1765406890.759870,1,1671,1656,1765406890759,1765406890759,0,0.93,0.0000,0.0,0.00
1765406890.802176,1,1672,1657,1765406890802,1765406890802,0,0.90,0.0000,0.0,0.00
1765406890.845387,1,1673,1658,1765406890845,1765406890845,0,0.84,0.0000,0.0,0.00
1765406890.887675,1,1674,1659,1765406890887,1765406890887,0,0.84,0.0000,0.0,0.00
1765406890.929459,1,1675,1660,1765406890929,1765406890929,0,0.84,0.0000,0.0,0.00
1765406890.971721,1,1676,1661,1765406890971,1765406890971,0,0.82,0.0000,0.0,0.00
1765406891.014104,1,1677,1663,1765406891013,1765406891013,0,0.82,0.0000,0.0,0.00
1765406891.055527,1,1678,1664,1765406891055,1765406891055,0,0.82,0.0000,0.0,0.00
1765406891.097673,1,1679,1665,1765406891097,1765406891097,0,0.82,0.0000,0.0,0.00
1765406891.139828,1,1680,1666,1765406891139,1765406891139,0,0.81,0.0000,0.0,0.00
1765406891.183930,1,1681,1667,1765406891182,1765406891183,1,0.82,0.0000,0.0,0.00
1765406891.224282,1,1682,1668,1765406891224,1765406891224,0,0.79,0.0000,0.0,0.00
1765406891.267353,1,1683,1669,1765406891265,1765406891267,2,0.78,0.0000,0.0,0.00
1765406891.308170,1,1684,1670,1765406891308,1765406891308,0,0.81,0.0000,0.0,0.00
1765406891.351554,1,1685,1671,1765406891350,1765406891351,1,0.82,0.0000,0.0,0.00
1765406891.392864,1,1686,1672,1765406891392,1765406891392,0,0.84,0.0000,0.0,0.00
1765406891.435560,1,1687,1674,1765406891435,1765406891435,0,0.85,0.0000,0.0,0.00
1765406891.478025,1,1688,1675,1765406891477,1765406891477,0,0.84,0.0000,0.0,0.00
1765406891.519078,1,1689,1676,1765406891519,1765406891519,0,0.84,0.0000,0.0,0.00
1765406891.560986,1,1690,1677,1765406891560,1765406891560,0,0.86,0.0000,0.0,0.00
1765406891.602772,1,1691,1678,1765406891602,1765406891602,0,0.86,0.0000,0.0,0.00
1765406891.648631,1,1692,1679,1765406891644,1765406891647,3,0.88,0.0000,0.0,0.00
1765406891.687872,1,1693,1680,1765406891687,1765406891687,0,0.93,0.0000,0.0,0.00
1765406891.730363,1,1694,1681,1765406891729,1765406891730,1,0.94,0.0000,0.0,0.00
1765406891.771068,1,1695,1682,1765406891771,1765406891771,0,0.95,0.0000,0.0,0.00
1765406891.813774,1,1696,1683,1765406891813,1765406891813,0,0.95,0.0000,0.0,0.00
1765406891.855875,1,1697,1684,1765406891855,1765406891855,0,0.93,0.0000,0.0,0.00
1765406891.898636,1,1698,1685,1765406891898,1765406891898,0,0.94,0.0000,0.0,0.00
1765406891.941525,1,1699,1686,1765406891941,1765406891941,0,0.95,0.0000,0.0,0.00
1765406891.983951,1,1700,1687,1765406891983,1765406891983,0,0.94,0.0000,0.0,0.00
1765406892.026306,1,1701,1688,1765406892025,1765406892026,1,0.94,0.0000,0.0,0.00
1765406892.067616,1,1702,1689,1765406892067,1765406892067,0,0.94,0.0000,0.0,0.00
1765406892.109690,1,1703,1690,1765406892109,1765406892109,0,0.92,0.0000,0.0,0.00
1765406892.151422,1,1704,1691,1765406892151,1765406892151,0,0.87,0.0000,0.0,0.00
1765406892.195564,1,1705,1692,1765406892194,1765406892195,1,0.87,0.0000,0.0,0.00
1765406892.236645,1,1706,1693,1765406892236,1765406892236,0,0.87,0.0000,0.0,0.00
1765406892.279886,1,1707,1694,1765406892278,1765406892279,1,0.87,0.0000,0.0,0.00
1765406892.320884,1,1708,1695,1765406892320,1765406892320,0,0.87,0.0000,0.0,0.00
1765406892.363015,1,1709,1696,1765406892362,1765406892362,0,0.74,0.0000,0.0,0.00
1765406892.404300,1,1710,1697,1765406892404,1765406892404,0,0.72,0.0000,0.0,0.00
1765406892.445957,1,1711,1698,1765406892445,1765406892445,0,0.73,0.0000,0.0,0.00
1765406892.491239,1,1712,1700,1765406892488,1765406892490,2,0.80,0.0000,0.0,0.00
1765406892.531137,1,1713,1701,1765406892531,1765406892531,0,0.80,0.0000,0.0,0.00
1765406892.573265,1,1714,1702,1765406892573,1765406892573,0,0.78,0.0000,0.0,0.00
1765406892.615593,1,1715,1703,1765406892615,1765406892615,0,0.77,0.0000,0.0,0.00
1765406892.658561,1,1716,1704,1765406892658,1765406892658,0,0.79,0.0000,0.0,0.00
1765406892.700694,1,1717,1705,1765406892700,1765406892700,0,0.79,0.0000,0.0,0.00
1765406892.743009,1,1718,1706,1765406892743,1765406892743,0,0.81,0.0000,0.0,0.00
1765406892.785261,1,1719,1707,1765406892785,1765406892785,0,0.79,0.0000,0.0,0.00
1765406892.828590,1,1720,1708,1765406892828,1765406892828,0,0.78,0.0000,0.0,0.00
1765406892.873465,1,1721,1709,1765406892870,1765406892873,3,0.83,0.0000,0.0,0.00
1765406892.913664,1,1722,1710,1765406892913,1765406892913,0,0.83,0.0000,0.0,0.00
1765406892.955914,1,1723,1711,1765406892955,1765406892955,0,0.81,0.0000,0.0,0.00
1765406892.998068,1,1724,1713,1765406892998,1765406892998,0,0.82,0.0000,0.0,0.00
1765406893.040021,1,1725,1714,1765406893040,1765406893040,0,0.82,0.0000,0.0,0.00
1765406893.087158,1,1726,1715,1765406893082,1765406893086,4,0.89,0.0000,0.0,0.00
1765406893.125568,1,1727,1716,1765406893124,1765406893125,1,0.92,0.0000,0.0,0.00
1765406893.166117,1,1728,1717,1765406893166,1765406893166,0,0.92,0.0000,0.0,0.00
1765406893.211519,1,1729,1718,1765406893209,1765406893211,2,0.97,0.0000,0.0,0.00
1765406893.251591,1,1730,1719,1765406893251,1765406893251,0,0.98,0.0000,0.0,0.00
1765406893.294784,1,1731,1721,1765406893294,1765406893294,0,0.98,0.0000,0.0,0.00
1765406893.336777,1,1732,1722,1765406893336,1765406893336,0,0.97,0.0000,0.0,0.00
1765406893.378658,1,1733,1723,1765406893378,1765406893378,0,0.96,0.0000,0.0,0.00
1765406893.423976,1,1734,1724,1765406893420,1765406893423,3,1.01,0.0000,0.0,0.00
1765406893.462994,1,1735,1725,1765406893462,1765406893462,0,1.05,0.0000,0.0,0.00
1765406893.508260,1,1736,1726,1765406893505,1765406893508,3,1.13,0.0000,0.0,0.00
1765406893.547328,1,1737,1727,1765406893547,1765406893547,0,1.16,0.0000,0.0,0.00
1765406893.593215,1,1738,1728,1765406893589,1765406893593,4,1.24,0.0000,0.0,0.00
1765406893.632396,1,1739,1730,1765406893632,1765406893632,0,1.27,0.0000,0.0,0.00
1765406893.676147,1,1740,1731,1765406893673,1765406893675,2,1.29,0.0000,0.0,0.00
1765406893.716206,1,1741,1732,1765406893716,1765406893716,0,1.27,0.0000,0.0,0.00
1765406893.758924,1,1742,1733,1765406893758,1765406893758,0,1.25,0.0000,0.0,0.00
1765406893.800750,1,1743,1734,1765406893800,1765406893800,0,1.24,0.0000,0.0,0.00
1765406893.843720,1,1744,1735,1765406893843,1765406893843,0,1.24,0.0000,0.0,0.00
1765406893.886192,1,1745,1736,1765406893885,1765406893885,0,1.23,0.0000,0.0,0.00
1765406893.928476,1,1746,1737,1765406893928,1765406893928,0,1.23,0.0000,0.0,0.00
1765406893.973828,1,1747,1738,1765406893970,1765406893973,3,1.27,0.0000,0.0,0.00
1765406894.013175,1,1748,1739,1765406894012,1765406894012,0,1.31,0.0000,0.0,0.00
1765406894.059295,1,1749,1740,1765406894055,1765406894057,2,1.36,0.0000,0.0,0.00
1765406894.097309,1,1750,1741,1765406894096,1765406894096,0,1.39,0.0000,0.0,0.00
1765406894.142896,1,1751,1742,1765406894139,1765406894141,2,1.44,0.0000,0.0,0.00
1765406894.181252,1,1752,1743,1765406894181,1765406894181,0,1.41,0.0000,0.0,0.00
1765406894.227272,1,1753,1744,1765406894224,1765406894227,3,1.46,0.0000,0.0,0.00
1765406894.266706,1,1754,1745,1765406894266,1765406894266,0,1.49,0.0000,0.0,0.00
1765406894.309618,1,1755,1746,1765406894308,1765406894309,1,1.48,0.0000,0.0,0.00
1765406894.351501,1,1756,1747,1765406894351,1765406894351,0,1.48,0.0000,0.0,0.00
1765406894.393788,1,1757,1748,1765406894393,1765406894393,0,1.48,0.0000,0.0,0.00
1765406894.436705,1,1758,1749,1765406894436,1765406894436,0,1.48,0.0000,0.0,0.00
1765406894.479029,1,1759,1750,1765406894479,1765406894479,0,1.48,0.0000,0.0,0.00
1765406894.520934,1,1760,1751,1765406894520,1765406894520,0,1.50,0.0000,0.0,0.00
1765406894.563078,1,1761,1752,1765406894563,1765406894563,0,1.50,0.0000,0.0,0.00
1765406894.608385,1,1762,1753,1765406894605,1765406894608,3,1.53,0.0000,0.0,0.00
1765406894.647813,1,1763,1754,1765406894647,1765406894647,0,1.57,0.0000,0.0,0.00
1765406894.692473,1,1764,1755,1765406894689,1765406894692,3,1.62,0.0000,0.0,0.00
1765406894.731888,1,1765,1756,1765406894731,1765406894731,0,1.64,0.0000,0.0,0.00
1765406894.775968,1,1766,1757,1765406894773,1765406894775,2,1.65,0.0000,0.0,0.00
1765406894.816766,1,1767,1758,1765406894816,1765406894816,0,1.65,0.0000,0.0,0.00
1765406894.860573,1,1768,1760,1765406894859,1765406894860,1,1.67,0.0000,0.0,0.00
1765406894.894232,1,1769,1761,1765406894893,1765406894894,1,1.79,0.0000,0.0,0.00
1765406894.936453,1,1770,1762,1765406894936,1765406894936,0,1.79,0.0000,0.0,0.00
1765406894.979069,1,1771,1763,1765406894979,1765406894979,0,1.78,0.0000,0.0,0.00
1765406895.021349,1,1772,1765,1765406895021,1765406895021,0,1.73,0.0000,0.0,0.00
1765406895.091078,1,1773,1766,1765406895060,1765406895091,31,2.21,0.0000,0.0,0.00
1765406895.107337,1,1774,1767,1765406895100,1765406895107,7,2.62,0.0000,0.0,0.00
1765406895.144331,1,1775,1768,1765406895143,1765406895144,1,2.69,0.0000,0.0,0.00
1765406895.197770,1,1776,1769,1765406895185,1765406895191,6,2.76,0.0000,0.0,0.00
1765406895.259473,1,1777,1770,1765406895227,1765406895255,28,3.14,0.0000,0.0,0.00
