time,snapshot_id,player_id,server_row,server_col,display_row,display_col
1765406824.775477,117,2,19,1,19,1
1765406824.786530,117,2,19,1,19,1
1765406824.802055,117,2,19,1,19,1
1765406824.819814,118,2,19,1,19,1
1765406824.836061,118,2,19,1,19,1
1765406824.852051,119,2,19,1,19,1
1765406824.868650,119,2,19,1,19,1
1765406824.884709,119,2,19,1,19,1
1765406824.900266,120,2,19,1,19,1
1765406824.916911,120,2,19,1,19,1
1765406824.934509,121,2,19,1,19,1
1765406824.950759,121,2,19,1,19,1
1765406824.967382,121,2,19,1,19,1
1765406824.983454,122,2,19,1,19,1
1765406824.999598,122,2,19,1,19,1
1765406825.016475,123,2,19,1,19,1
1765406825.032769,123,2,19,1,19,1
1765406825.048954,123,2,19,1,19,1
1765406825.066847,124,2,19,1,19,1
1765406825.084304,124,2,19,1,19,1
1765406825.100255,125,2,19,1,19,1
1765406825.120100,125,2,19,1,19,1
1765406825.135712,125,2,19,1,19,1
1765406825.149330,126,2,19,1,19,1
1765406825.166161,126,2,19,1,19,1
1765406825.182698,127,2,19,1,19,1
1765406825.198260,127,2,19,1,19,1
1765406825.215713,127,2,19,1,19,1
1765406825.231786,128,2,19,1,19,1
1765406825.248196,128,2,19,1,19,1
1765406825.264870,129,2,19,1,19,1
1765406825.281848,129,2,19,1,19,1
1765406825.298398,129,2,19,1,19,1
1765406825.314382,130,2,19,1,19,1
1765406825.330563,130,2,19,1,19,1
1765406825.349696,130,2,19,1,19,1
1765406825.366934,131,2,18,1,18,1
1765406825.384432,131,2,18,1,18,1
1765406825.400721,132,2,18,1,18,1
1765406825.417413,132,2,18,1,18,1
1765406825.434587,133,2,18,1,18,1
1765406825.451214,133,2,18,1,18,1
1765406825.468312,133,2,18,1,18,1
1765406825.485658,134,2,18,1,18,1
1765406825.501919,134,2,18,1,18,1
1765406825.519416,135,2,18,1,18,1
1765406825.535038,135,2,18,1,18,1
1765406825.551298,135,2,18,1,18,1
1765406825.567903,136,2,18,1,18,1
1765406825.585495,136,2,18,1,18,1
1765406825.601178,137,2,18,1,18,1
1765406825.617636,137,2,18,1,18,1
1765406825.633298,137,2,18,1,18,1
1765406825.650314,138,2,18,1,18,1
1765406825.667845,138,2,18,1,18,1
1765406825.685829,139,2,18,1,18,1
1765406825.703308,139,2,18,1,18,1
1765406825.719302,139,2,18,1,18,1
1765406825.736255,140,2,18,1,18,1
1765406825.751945,140,2,18,1,18,1
1765406825.768027,141,2,18,1,18,1
1765406825.784622,141,2,18,1,18,1
1765406825.834195,141,2,18,1,18,1
1765406825.850703,142,2,18,1,18,1
1765406825.866664,142,2,18,1,18,1
1765406825.882997,143,2,18,1,18,1
1765406825.899127,143,2,18,1,18,1
1765406825.916893,143,2,18,1,18,1
1765406825.934516,144,2,18,1,18,1
1765406825.951131,144,2,18,1,18,1
1765406825.968729,145,2,18,1,18,1
1765406825.985829,145,2,18,1,18,1
1765406826.002818,146,2,18,1,18,1
1765406826.019293,146,2,18,1,18,1
1765406826.035056,146,2,18,1,18,1
1765406826.051753,147,2,18,1,18,1
1765406826.068098,147,2,18,1,18,1
1765406826.084969,148,2,18,1,18,1
1765406826.102183,148,2,18,1,18,1
1765406826.119082,148,2,18,1,18,1
1765406826.135864,149,2,18,1,18,1
1765406826.152031,149,2,18,1,18,1
1765406826.168582,150,2,18,1,18,1
1765406826.184461,150,2,18,1,18,1
1765406826.200843,150,2,18,1,18,1
1765406826.217540,151,2,18,1,18,1
1765406826.234206,151,2,18,1,18,1
1765406826.250889,152,2,18,1,18,1
1765406826.268521,152,2,18,1,18,1
1765406826.284647,152,2,18,1,18,1
1765406826.300853,153,2,18,1,18,1
1765406826.317450,153,2,18,1,18,1
1765406826.334063,153,2,18,1,18,1
1765406826.350661,154,2,17,1,17,1
1765406826.367062,154,2,17,1,17,1
1765406826.383941,155,2,17,1,17,1
1765406826.401631,155,2,17,1,17,1
1765406826.418722,155,2,17,1,17,1
1765406826.434071,156,2,17,1,17,1
1765406826.451866,156,2,17,1,17,1
1765406826.468825,157,2,17,1,17,1
1765406826.485816,157,2,17,1,17,1
1765406826.502067,157,2,17,1,17,1
1765406826.518395,158,2,17,1,17,1
1765406826.535882,158,2,17,1,17,1
1765406826.552821,159,2,17,1,17,1
1765406826.569665,159,2,17,1,17,1
1765406826.585197,159,2,17,1,17,1
1765406826.601802,160,2,17,1,17,1
1765406826.617946,160,2,17,1,17,1
1765406826.635157,161,2,17,1,17,1
1765406826.651868,161,2,17,1,17,1
1765406826.668701,161,2,17,1,17,1
1765406826.684008,162,2,16,1,16,1
1765406826.701689,162,2,16,1,16,1
1765406826.717659,163,2,16,1,16,1
1765406826.734355,163,2,16,1,16,1
1765406826.750974,163,2,16,1,16,1
1765406826.767665,164,2,16,1,16,1
1765406826.784443,164,2,16,1,16,1
1765406826.801086,165,2,16,1,16,1
1765406826.817641,165,2,16,1,16,1
1765406826.833784,165,2,16,1,16,1
1765406826.849307,166,2,16,1,16,1
1765406826.865734,166,2,16,1,16,1
1765406826.882436,166,2,16,1,16,1
1765406826.899274,167,2,16,1,16,1
1765406826.915759,167,2,16,1,16,1
1765406826.933340,168,2,16,1,16,1
1765406826.949185,168,2,16,1,16,1
1765406826.965702,168,2,16,1,16,1
1765406826.982565,169,2,16,1,16,1
1765406826.999397,169,2,16,1,16,1
1765406827.016299,170,2,16,1,16,1
1765406827.032722,170,2,16,1,16,1
1765406827.049618,170,2,16,1,16,1
1765406827.065720,171,2,16,1,16,1
1765406827.081417,171,2,16,1,16,1
1765406827.098651,172,2,16,1,16,1
1765406827.114919,172,2,16,1,16,1
1765406827.132058,172,2,16,1,16,1
1765406827.148592,173,2,16,1,16,1
1765406827.165491,173,2,16,1,16,1
1765406827.181625,174,2,16,1,16,1
1765406827.197424,174,2,16,1,16,1
1765406827.213789,174,2,16,1,16,1
1765406827.230590,175,2,16,1,16,1
1765406827.246997,175,2,16,1,16,1
1765406827.263608,176,2,16,1,16,1
1765406827.279366,176,2,16,1,16,1
1765406827.295857,176,2,16,1,16,1
1765406827.312937,177,2,16,1,16,1
1765406827.329486,177,2,16,1,16,1
1765406827.345713,177,2,16,1,16,1
1765406827.362051,178,2,16,1,16,1
1765406827.378946,178,2,16,1,16,1
1765406827.396863,179,2,16,1,16,1
1765406827.414505,179,2,16,1,16,1
1765406827.430655,179,2,16,1,16,1
1765406827.446857,180,2,16,1,16,1
1765406827.464136,180,2,16,1,16,1
1765406827.481474,181,2,16,1,16,1
1765406827.497478,181,2,16,1,16,1
1765406827.513523,181,2,16,1,16,1
1765406827.529680,182,2,16,1,16,1
1765406827.545800,182,2,16,1,16,1
1765406827.562699,183,2,16,1,16,1
1765406827.579295,183,2,16,1,16,1
1765406827.596212,183,2,16,1,16,1
1765406827.613008,184,2,16,1,16,1
1765406827.629498,184,2,16,1,16,1
1765406827.646089,185,2,16,1,16,1
1765406827.662457,185,2,16,1,16,1
1765406827.679080,185,2,16,1,16,1
1765406827.696398,186,2,16,1,16,1
1765406827.713234,186,2,16,1,16,1
1765406827.730379,187,2,16,1,16,1
1765406827.746773,187,2,16,1,16,1
1765406827.762128,187,2,16,1,16,1
1765406827.778011,188,2,16,1,16,1
1765406827.794949,188,2,16,1,16,1
1765406827.812847,188,2,16,1,16,1
1765406827.829548,189,2,16,1,16,1
1765406827.845083,189,2,16,1,16,1
1765406827.862672,190,2,16,1,16,1
1765406827.878638,190,2,16,1,16,1
1765406827.895877,190,2,16,1,16,1
1765406827.912347,191,2,16,1,16,1
1765406827.928903,191,2,16,1,16,1
1765406827.946627,192,2,16,2,16,2
1765406827.962268,192,2,16,2,16,2
1765406827.978369,192,2,16,2,16,2
1765406827.994726,193,2,16,2,16,2
1765406828.010502,193,2,16,2,16,2
1765406828.026699,194,2,16,2,16,2
1765406828.042606,194,2,16,2,16,2
1765406828.059670,194,2,16,2,16,2
1765406828.075607,195,2,16,2,16,2
1765406828.092023,195,2,16,2,16,2
1765406828.108663,196,2,16,2,16,2
1765406828.125516,196,2,16,2,16,2
1765406828.141633,196,2,16,2,16,2
1765406828.157501,197,2,16,2,16,2
1765406828.173264,197,2,16,2,16,2
1765406828.189511,197,2,16,2,16,2
1765406828.205797,198,2,16,2,16,2
1765406828.221537,198,2,16,2,16,2
1765406828.238195,199,2,16,2,16,2
1765406828.254966,199,2,16,2,16,2
1765406828.271338,199,2,16,2,16,2
1765406828.287143,200,2,16,2,16,2
1765406828.303102,200,2,16,2,16,2
1765406828.320363,201,2,16,2,16,2
1765406828.337088,201,2,16,2,16,2
1765406828.353490,201,2,16,2,16,2
1765406828.370178,202,2,16,2,16,2
1765406828.387014,202,2,16,2,16,2
1765406828.404385,203,2,16,2,16,2
1765406828.420966,203,2,16,2,16,2
1765406828.437400,203,2,16,2,16,2
1765406828.454170,204,2,16,2,16,2
1765406828.471507,204,2,16,2,16,2
1765406828.487252,205,2,16,2,16,2
1765406828.504055,205,2,16,2,16,2
1765406828.520286,205,2,16,2,16,2
1765406828.535972,206,2,16,2,16,2
1765406828.552826,206,2,16,2,16,2
1765406828.568747,207,2,16,2,16,2
1765406828.585364,207,2,16,2,16,2
1765406828.602191,207,2,16,2,16,2
1765406828.619252,208,2,16,2,16,2
1765406828.636844,208,2,16,2,16,2
1765406828.653668,209,2,16,2,16,2
1765406828.670919,209,2,16,2,16,2
1765406828.688111,209,2,16,2,16,2
1765406828.704596,210,2,16,2,16,2
1765406828.720307,210,2,16,2,16,2
1765406828.737733,211,2,16,2,16,2
1765406828.754077,211,2,16,2,16,2
1765406828.771017,211,2,16,2,16,2
1765406828.787797,212,2,16,2,16,2
1765406828.804491,212,2,16,2,16,2
1765406828.821345,212,2,16,2,16,2
1765406828.838006,213,2,16,2,16,2
1765406828.854856,213,2,16,2,16,2
1765406828.872500,214,2,16,2,16,2
1765406828.888746,214,2,16,2,16,2
1765406828.905622,214,2,16,2,16,2
1765406828.921866,215,2,16,2,16,2
1765406828.938997,215,2,16,2,16,2
1765406828.955508,216,2,16,2,16,2
1765406828.971653,216,2,16,2,16,2
1765406828.987034,216,2,16,2,16,2
1765406829.004557,217,2,16,2,16,2
1765406829.021584,217,2,16,2,16,2
1765406829.038249,218,2,16,2,16,2
1765406829.054832,218,2,16,2,16,2
1765406829.071966,218,2,16,2,16,2
1765406829.089534,219,2,16,2,16,2
1765406829.105761,219,2,16,2,16,2
1765406829.122133,220,2,16,2,16,2
1765406829.138054,220,2,16,2,16,2
1765406829.155510,220,2,16,2,16,2
1765406829.172416,221,2,16,2,16,2
1765406829.188745,221,2,16,2,16,2
1765406829.204412,222,2,16,2,16,2
1765406829.220900,222,2,16,2,16,2
1765406829.237527,222,2,16,2,16,2
1765406829.254896,223,2,16,2,16,2
1765406829.271856,223,2,16,2,16,2
1765406829.288833,224,2,16,2,16,2
1765406829.305727,224,2,16,2,16,2
1765406829.322536,224,2,16,2,16,2
1765406829.338914,225,2,16,2,16,2
1765406829.356066,225,2,16,2,16,2
1765406829.372977,225,2,16,2,16,2
1765406829.389371,226,2,16,2,16,2
1765406829.406808,226,2,16,2,16,2
1765406829.422130,227,2,16,2,16,2
1765406829.438344,227,2,16,2,16,2
1765406829.454711,227,2,16,2,16,2
1765406829.470877,228,2,17,2,17,2
1765406829.487881,228,2,17,2,17,2
1765406829.505254,229,2,17,2,17,2
1765406829.521975,229,2,17,2,17,2
1765406829.539874,229,2,17,2,17,2
1765406829.557007,230,2,17,2,17,2
1765406829.573166,230,2,17,2,17,2
1765406829.589709,231,2,17,2,17,2
1765406829.605830,231,2,17,2,17,2
1765406829.622360,231,2,17,2,17,2
1765406829.638294,232,2,17,2,17,2
1765406829.655684,232,2,17,2,17,2
1765406829.670995,233,2,17,2,17,2
1765406829.688183,233,2,17,2,17,2
1765406829.705615,233,2,17,2,17,2
1765406829.722815,234,2,17,2,17,2
1765406829.739407,234,2,17,2,17,2
1765406829.756661,235,2,17,2,17,2
1765406829.772725,235,2,17,2,17,2
1765406829.788822,235,2,17,2,17,2
1765406829.805696,236,2,17,2,17,2
1765406829.821853,236,2,17,2,17,2
1765406829.839077,237,2,17,2,17,2
1765406829.856222,237,2,17,2,17,2
1765406829.872568,237,2,17,2,17,2
1765406829.889521,238,2,17,2,17,2
1765406829.905923,238,2,17,2,17,2
1765406829.922735,239,2,17,2,17,2
1765406829.938814,239,2,17,2,17,2
1765406829.955732,239,2,17,2,17,2
1765406829.972201,240,2,17,2,17,2
1765406829.989104,240,2,17,2,17,2
1765406830.005799,240,2,17,2,17,2
1765406830.022262,241,2,17,2,17,2
1765406830.038659,241,2,17,2,17,2
1765406830.055495,242,2,17,2,17,2
1765406830.070957,242,2,17,2,17,2
1765406830.087989,242,2,17,2,17,2
1765406830.104428,243,2,17,2,17,2
1765406830.120258,243,2,17,2,17,2
1765406830.136885,244,2,17,2,17,2
1765406830.153417,244,2,17,2,17,2
1765406830.170063,244,2,17,2,17,2
1765406830.186536,245,2,17,2,17,2
1765406830.203481,245,2,17,2,17,2
1765406830.219979,246,2,17,1,17,1
1765406830.236013,246,2,17,1,17,1
1765406830.252999,246,2,17,1,17,1
1765406830.269589,247,2,17,1,17,1
1765406830.286441,247,2,17,1,17,1
1765406830.302859,248,2,17,1,17,1
1765406830.320341,248,2,17,1,17,1
1765406830.336998,248,2,17,1,17,1
1765406830.354100,249,2,17,1,17,1
1765406830.370393,249,2,17,1,17,1
1765406830.387103,250,2,17,1,17,1
1765406830.404041,250,2,17,1,17,1
1765406830.421125,250,2,17,1,17,1
1765406830.437670,251,2,17,1,17,1
1765406830.454369,251,2,17,1,17,1
1765406830.470573,251,2,17,1,17,1
1765406830.486846,252,2,17,1,17,1
1765406830.504012,252,2,17,1,17,1
1765406830.520070,253,2,17,1,17,1
1765406830.536569,253,2,17,1,17,1
1765406830.553417,253,2,17,1,17,1
1765406830.569933,254,2,17,1,17,1
1765406830.587228,254,2,17,1,17,1
1765406830.603984,255,2,17,1,17,1
1765406830.621303,255,2,17,1,17,1
1765406830.637136,255,2,17,1,17,1
1765406830.653928,256,2,17,1,17,1
1765406830.671683,256,2,17,1,17,1
1765406830.687843,257,2,17,1,17,1
1765406830.704468,257,2,17,1,17,1
1765406830.721092,257,2,17,1,17,1
1765406830.737703,258,2,17,1,17,1
1765406830.754388,258,2,17,1,17,1
1765406830.770508,259,2,17,1,17,1
1765406830.787247,259,2,17,1,17,1
1765406830.804524,259,2,17,1,17,1
1765406830.821222,260,2,17,1,17,1
1765406830.837485,260,2,17,1,17,1
1765406830.854346,261,2,17,1,17,1
1765406830.871748,261,2,17,1,17,1
1765406830.887935,261,2,17,1,17,1
1765406830.904764,262,2,17,1,17,1
1765406830.921118,262,2,17,1,17,1
1765406830.937814,263,2,17,1,17,1
1765406830.953553,263,2,17,1,17,1
1765406830.970277,263,2,17,1,17,1
1765406830.986912,264,2,16,1,16,1
1765406831.004584,264,2,16,1,16,1
1765406831.020664,264,2,16,1,16,1
1765406831.037276,265,2,16,1,16,1
1765406831.054399,265,2,16,1,16,1
1765406831.071224,266,2,16,1,16,1
1765406831.087954,266,2,16,1,16,1
1765406831.104297,266,2,16,1,16,1
1765406831.121313,267,2,16,1,16,1
1765406831.138687,267,2,16,1,16,1
1765406831.154978,268,2,16,1,16,1
1765406831.171500,268,2,16,1,16,1
1765406831.188422,268,2,16,1,16,1
1765406831.203961,269,2,16,1,16,1
1765406831.220286,269,2,16,1,16,1
1765406831.237190,270,2,16,1,16,1
1765406831.254889,270,2,16,1,16,1
1765406831.272222,270,2,16,1,16,1
1765406831.288771,271,2,16,1,16,1
1765406831.304647,271,2,16,1,16,1
1765406831.321145,272,2,16,1,16,1
1765406831.337837,272,2,16,1,16,1
1765406831.355901,272,2,16,1,16,1
1765406831.372523,273,2,16,1,16,1
1765406831.388699,273,2,16,1,16,1
1765406831.404674,274,2,16,1,16,1
1765406831.420446,274,2,16,1,16,1
1765406831.436711,274,2,16,1,16,1
1765406831.452203,275,2,16,1,16,1
1765406831.469223,275,2,16,1,16,1
1765406831.486437,276,2,16,1,16,1
1765406831.502964,276,2,16,1,16,1
1765406831.520632,276,2,16,1,16,1
1765406831.536541,277,2,16,1,16,1
1765406831.552705,277,2,16,1,16,1
1765406831.569295,278,2,16,1,16,1
1765406831.585603,278,2,16,1,16,1
1765406831.602277,278,2,16,1,16,1
1765406831.618147,279,2,16,2,16,2
1765406831.634717,279,2,16,2,16,2
1765406831.651483,280,2,16,2,16,2
1765406831.667170,280,2,16,2,16,2
1765406831.683399,280,2,16,2,16,2
1765406831.699470,281,2,16,2,16,2
1765406831.716035,281,2,16,2,16,2
1765406831.732925,281,2,16,2,16,2
1765406831.750567,282,2,16,2,16,2
1765406831.766367,282,2,16,2,16,2
1765406831.782402,283,2,16,2,16,2
1765406831.798447,283,2,16,2,16,2
1765406831.815597,283,2,16,2,16,2
1765406831.831824,284,2,16,2,16,2
1765406831.848425,284,2,16,2,16,2
1765406831.864764,285,2,16,2,16,2
1765406831.881739,285,2,16,2,16,2
1765406831.897141,285,2,16,2,16,2
1765406831.913479,286,2,16,2,16,2
1765406831.930547,286,2,16,2,16,2
1765406831.946136,286,2,16,2,16,2
1765406831.962821,287,2,16,1,16,1
1765406831.978597,287,2,16,1,16,1
1765406831.994802,288,2,16,1,16,1
1765406832.011209,288,2,16,1,16,1
1765406832.028076,288,2,16,1,16,1
1765406832.044940,289,2,16,1,16,1
1765406832.061425,289,2,16,1,16,1
1765406832.078024,290,2,16,1,16,1
1765406832.095054,290,2,16,1,16,1
1765406832.112732,290,2,16,1,16,1
1765406832.129867,291,2,16,1,16,1
1765406832.146879,291,2,16,1,16,1
1765406832.164039,292,2,16,1,16,1
1765406832.180228,292,2,16,1,16,1
1765406832.197300,292,2,16,1,16,1
1765406832.213825,293,2,16,1,16,1
1765406832.229565,293,2,16,1,16,1
1765406832.246444,294,2,16,1,16,1
1765406832.263826,294,2,16,1,16,1
1765406832.280792,294,2,16,1,16,1
1765406832.297083,295,2,16,1,16,1
1765406832.313235,295,2,16,1,16,1
1765406832.329962,295,2,16,1,16,1
1765406832.346917,296,2,16,1,16,1
1765406832.364006,296,2,16,1,16,1
1765406832.382152,297,2,16,1,16,1
1765406832.399953,297,2,16,1,16,1
1765406832.416786,298,2,16,1,16,1
1765406832.433299,298,2,16,1,16,1
1765406832.449526,298,2,16,1,16,1
1765406832.465742,299,2,16,1,16,1
1765406832.481204,299,2,16,1,16,1
1765406832.498494,300,2,16,1,16,1
1765406832.513977,300,2,16,1,16,1
1765406832.530139,300,2,16,1,16,1
1765406832.546465,301,2,16,1,16,1
1765406832.563722,301,2,16,1,16,1
1765406832.580794,301,2,16,1,16,1
1765406832.596397,302,2,16,1,16,1
1765406832.613107,302,2,16,1,16,1
1765406832.629570,303,2,16,1,16,1
1765406832.645972,303,2,16,1,16,1
1765406832.662703,303,2,16,1,16,1
1765406832.679435,304,2,16,1,16,1
1765406832.697080,304,2,16,1,16,1
1765406832.713989,305,2,16,1,16,1
1765406832.730436,305,2,16,1,16,1
1765406832.747303,305,2,16,1,16,1
1765406832.764131,306,2,16,1,16,1
1765406832.780872,306,2,16,1,16,1
1765406832.798513,307,2,16,1,16,1
1765406832.814807,307,2,16,1,16,1
1765406832.831149,307,2,16,1,16,1
1765406832.848437,308,2,16,1,16,1
1765406832.864859,308,2,16,1,16,1
1765406832.882172,309,2,16,0,16,0
1765406832.898751,309,2,16,0,16,0
1765406832.916406,310,2,16,0,16,0
1765406832.932846,310,2,16,0,16,0
1765406832.950474,310,2,16,0,16,0
1765406832.967996,311,2,16,0,16,0
1765406832.985396,311,2,16,0,16,0
1765406833.001694,312,2,16,0,16,0
1765406833.018162,312,2,16,0,16,0
1765406833.034590,312,2,16,0,16,0
1765406833.050528,313,2,16,0,16,0
1765406833.066686,313,2,16,0,16,0
1765406833.083000,313,2,16,0,16,0
1765406833.099720,314,2,16,0,16,0
1765406833.115799,314,2,16,0,16,0
1765406833.132519,315,2,16,0,16,0
1765406833.148802,315,2,16,0,16,0
1765406833.165105,315,2,16,0,16,0
1765406833.183021,316,2,16,0,16,0
1765406833.200153,316,2,16,0,16,0
1765406833.217310,317,2,16,0,16,0
1765406833.233094,317,2,16,0,16,0
1765406833.250950,317,2,16,0,16,0
1765406833.268382,318,2,16,0,16,0
1765406833.284823,318,2,16,0,16,0
1765406833.300679,319,2,16,0,16,0
1765406833.317186,319,2,16,0,16,0
1765406833.333876,319,2,16,0,16,0
1765406833.351438,320,2,16,0,16,0
1765406833.367776,320,2,16,0,16,0
1765406833.384232,321,2,16,0,16,0
1765406833.401260,321,2,16,0,16,0
1765406833.419199,321,2,16,0,16,0
1765406833.435602,322,2,16,0,16,0
1765406833.452102,322,2,16,0,16,0
1765406833.469146,323,2,16,0,16,0
1765406833.485898,323,2,16,0,16,0
1765406833.502281,323,2,16,0,16,0
1765406833.519489,324,2,16,0,16,0
1765406833.535487,324,2,16,0,16,0
1765406833.552217,325,2,16,0,16,0
1765406833.568760,325,2,16,0,16,0
1765406833.585649,325,2,16,0,16,0
1765406833.601613,326,2,16,0,16,0
1765406833.618113,326,2,16,0,16,0
1765406833.634673,327,2,16,0,16,0
1765406833.651400,327,2,16,0,16,0
1765406833.668269,327,2,16,0,16,0
1765406833.684572,328,2,16,0,16,0
1765406833.701102,328,2,16,0,16,0
1765406833.718514,329,2,16,0,16,0
1765406833.735449,329,2,16,0,16,0
1765406833.751376,329,2,16,0,16,0
1765406833.768695,330,2,16,0,16,0
1765406833.785807,330,2,16,0,16,0
1765406833.801645,331,2,16,0,16,0
1765406833.818108,331,2,16,0,16,0
1765406833.834715,331,2,16,0,16,0
1765406833.850133,332,2,16,0,16,0
1765406833.866834,332,2,16,0,16,0
1765406833.884548,333,2,16,0,16,0
1765406833.900502,333,2,16,0,16,0
1765406833.916929,333,2,16,0,16,0
1765406833.934754,334,2,16,0,16,0
1765406833.952690,334,2,16,0,16,0
1765406833.968686,335,2,16,0,16,0
1765406833.985031,335,2,16,0,16,0
1765406834.002292,335,2,16,0,16,0
1765406834.018697,336,2,16,0,16,0
1765406834.035834,336,2,16,0,16,0
1765406834.051957,337,2,16,0,16,0
1765406834.069022,337,2,16,0,16,0
1765406834.086196,337,2,16,0,16,0
1765406834.102962,338,2,16,0,16,0
1765406834.119494,338,2,16,0,16,0
1765406834.136050,339,2,16,0,16,0
1765406834.153618,339,2,16,0,16,0
1765406834.170404,339,2,16,0,16,0
1765406834.187056,340,2,16,0,16,0
1765406834.203879,340,2,16,0,16,0
1765406834.220077,341,2,16,0,16,0
1765406834.237492,341,2,16,0,16,0
1765406834.253292,341,2,16,0,16,0
1765406834.269502,342,2,16,0,16,0
1765406834.285696,342,2,16,0,16,0
1765406834.301972,342,2,16,0,16,0
1765406834.319301,343,2,16,0,16,0
1765406834.335218,343,2,16,0,16,0
1765406834.351964,344,2,16,0,16,0
1765406834.368394,344,2,16,0,16,0
1765406834.385268,344,2,16,0,16,0
1765406834.402808,345,2,16,1,16,1
1765406834.419069,345,2,16,1,16,1
1765406834.436118,346,2,16,1,16,1
1765406834.452447,346,2,16,1,16,1
1765406834.468340,346,2,16,1,16,1
1765406834.486045,347,2,16,1,16,1
1765406834.502823,347,2,16,1,16,1
1765406834.519808,348,2,16,1,16,1
1765406834.535788,348,2,16,1,16,1
1765406834.551886,348,2,16,1,16,1
1765406834.569090,349,2,16,1,16,1
1765406834.585751,349,2,16,1,16,1
1765406834.601860,350,2,16,1,16,1
1765406834.619182,350,2,16,1,16,1
1765406834.636111,350,2,16,1,16,1
1765406834.653157,351,2,16,1,16,1
1765406834.669073,351,2,16,1,16,1
1765406834.685731,352,2,16,1,16,1
1765406834.701830,352,2,16,1,16,1
1765406834.719077,352,2,16,1,16,1
1765406834.736462,353,2,16,1,16,1
1765406834.753533,353,2,16,1,16,1
1765406834.770172,354,2,16,1,16,1
1765406834.786739,354,2,16,1,16,1
1765406834.802844,354,2,16,1,16,1
1765406834.819879,355,2,16,1,16,1
1765406834.836691,355,2,16,1,16,1
1765406834.852387,355,2,16,1,16,1
1765406834.869490,356,2,16,1,16,1
1765406834.885527,356,2,16,1,16,1
1765406834.902024,357,2,16,1,16,1
1765406834.919258,357,2,16,1,16,1
1765406834.935724,357,2,16,1,16,1
1765406834.951787,358,2,16,1,16,1
1765406834.968165,358,2,16,1,16,1
1765406834.984466,359,2,16,1,16,1
1765406835.001970,359,2,16,1,16,1
1765406835.019178,359,2,16,1,16,1
1765406835.035806,360,2,16,0,16,0
1765406835.053046,360,2,16,0,16,0
1765406835.069838,361,2,16,0,16,0
1765406835.087735,361,2,16,0,16,0
1765406835.103167,361,2,16,0,16,0
1765406835.119187,362,2,16,0,16,0
1765406835.135904,362,2,16,0,16,0
1765406835.152359,362,2,16,0,16,0
1765406835.169418,363,2,16,0,16,0
1765406835.186097,363,2,16,0,16,0
1765406835.202973,364,2,16,0,16,0
1765406835.220710,364,2,16,0,16,0
1765406835.236727,364,2,16,0,16,0
1765406835.253630,365,2,16,0,16,0
1765406835.269496,365,2,16,0,16,0
1765406835.286138,366,2,16,0,16,0
1765406835.318261,366,2,16,0,16,0
1765406835.334159,367,2,16,0,16,0
1765406835.349961,367,2,16,0,16,0
1765406835.367342,367,2,16,0,16,0
1765406835.384277,368,2,16,0,16,0
1765406835.400389,368,2,16,0,16,0
1765406835.417074,368,2,16,0,16,0
1765406835.433709,369,2,16,0,16,0
1765406835.449171,369,2,16,0,16,0
1765406835.465845,370,2,16,0,16,0
1765406835.482760,370,2,16,0,16,0
1765406835.498927,370,2,16,0,16,0
1765406835.516838,371,2,15,0,15,0
1765406835.533181,371,2,15,0,15,0
1765406835.550460,372,2,15,0,15,0
1765406835.567129,372,2,15,0,15,0
1765406835.583299,372,2,15,0,15,0
1765406835.599260,373,2,15,0,15,0
1765406835.615653,373,2,15,0,15,0
1765406835.631800,374,2,15,0,15,0
1765406835.648485,374,2,15,0,15,0
1765406835.665172,374,2,15,0,15,0
1765406835.681858,375,2,15,0,15,0
1765406835.699445,375,2,15,0,15,0
1765406835.715708,376,2,15,0,15,0
1765406835.731826,376,2,15,0,15,0
1765406835.748820,376,2,15,0,15,0
1765406835.764630,377,2,15,0,15,0
1765406835.781007,377,2,15,0,15,0
1765406835.797025,377,2,15,0,15,0
1765406835.813835,378,2,15,0,15,0
1765406835.830366,378,2,15,0,15,0
1765406835.847402,379,2,15,0,15,0
1765406835.863677,379,2,15,0,15,0
1765406835.879313,379,2,15,0,15,0
1765406835.896009,380,2,15,0,15,0
1765406835.911940,380,2,15,0,15,0
1765406835.929304,381,2,15,0,15,0
1765406835.945755,381,2,15,0,15,0
1765406835.962248,381,2,15,0,15,0
1765406835.978977,382,2,15,0,15,0
1765406835.995841,382,2,15,0,15,0
1765406836.012682,383,2,15,0,15,0
1765406836.028810,383,2,15,0,15,0
1765406836.044050,383,2,15,0,15,0
1765406836.061597,384,2,15,0,15,0
1765406836.078047,384,2,15,0,15,0
1765406836.094953,385,2,16,0,16,0
1765406836.112077,385,2,16,0,16,0
1765406836.128821,385,2,16,0,16,0
1765406836.144443,386,2,16,0,16,0
1765406836.160442,386,2,16,0,16,0
1765406836.177007,387,2,16,0,16,0
1765406836.193317,387,2,16,0,16,0
1765406836.209917,387,2,16,0,16,0
1765406836.227091,388,2,16,0,16,0
1765406836.244762,388,2,16,0,16,0
1765406836.260615,388,2,16,0,16,0
1765406836.276703,389,2,16,0,16,0
1765406836.292171,389,2,16,0,16,0
1765406836.308346,390,2,16,0,16,0
1765406836.326107,390,2,16,0,16,0
1765406836.342772,390,2,16,0,16,0
1765406836.358994,391,2,16,0,16,0
1765406836.376511,391,2,16,0,16,0
1765406836.392135,392,2,16,0,16,0
1765406836.409775,392,2,16,0,16,0
1765406836.425733,392,2,16,0,16,0
1765406836.442146,393,2,16,0,16,0
1765406836.459166,393,2,16,0,16,0
1765406836.476231,394,2,17,0,17,0
1765406836.493224,394,2,17,0,17,0
1765406836.510243,394,2,17,0,17,0
1765406836.526197,395,2,17,0,17,0
1765406836.542142,395,2,17,0,17,0
1765406836.558489,396,2,17,0,17,0
1765406836.574275,396,2,17,0,17,0
1765406836.591666,396,2,17,0,17,0
1765406836.607082,397,2,17,0,17,0
1765406836.624407,397,2,17,0,17,0
1765406836.641008,397,2,17,0,17,0
1765406836.657636,398,2,17,0,17,0
1765406836.674689,398,2,17,0,17,0
1765406836.690217,399,2,17,0,17,0
1765406836.706843,399,2,17,0,17,0
1765406836.723907,399,2,17,0,17,0
1765406836.740935,400,2,17,0,17,0
1765406836.757920,400,2,17,0,17,0
1765406836.774596,401,2,17,0,17,0
1765406836.790672,401,2,17,0,17,0
1765406836.807142,401,2,17,0,17,0
1765406836.824108,402,2,17,0,17,0
1765406836.840205,402,2,17,0,17,0
1765406836.856613,403,2,17,0,17,0
1765406836.872319,403,2,17,0,17,0
1765406836.889319,403,2,17,0,17,0
1765406836.905871,404,2,17,0,17,0
1765406836.923376,404,2,17,0,17,0
1765406836.940130,405,2,17,0,17,0
1765406836.957536,405,2,17,0,17,0
1765406836.973923,405,2,17,0,17,0
1765406836.990536,406,2,17,0,17,0
1765406837.006801,406,2,17,0,17,0
1765406837.023336,407,2,17,0,17,0
1765406837.040243,407,2,17,0,17,0
1765406837.057213,407,2,17,0,17,0
1765406837.073387,408,2,17,0,17,0
1765406837.089443,408,2,17,0,17,0
1765406837.105928,409,2,17,0,17,0
1765406837.123419,409,2,17,0,17,0
1765406837.139567,409,2,17,0,17,0
1765406837.156103,410,2,17,0,17,0
1765406837.172519,410,2,17,0,17,0
1765406837.188677,411,2,17,0,17,0
1765406837.206221,411,2,17,0,17,0
1765406837.223576,411,2,17,0,17,0
1765406837.241212,412,2,17,0,17,0
1765406837.258054,412,2,17,0,17,0
1765406837.274215,413,2,17,0,17,0
1765406837.291866,413,2,17,0,17,0
1765406837.308944,413,2,17,0,17,0
1765406837.423268,414,2,17,0,17,0
1765406837.439516,415,2,17,0,17,0
1765406837.456126,415,2,17,0,17,0
1765406837.472769,416,2,17,0,17,0
1765406837.488827,416,2,17,0,17,0
1765406837.505911,416,2,17,0,17,0
1765406837.522514,417,2,17,0,17,0
1765406837.538606,417,2,17,0,17,0
1765406837.555089,418,2,17,0,17,0
1765406837.571888,418,2,17,0,17,0
1765406837.589487,418,2,17,0,17,0
1765406837.606018,419,2,17,0,17,0
1765406837.622723,419,2,17,0,17,0
1765406837.638474,420,2,17,0,17,0
1765406837.654498,420,2,17,0,17,0
1765406837.670307,420,2,17,0,17,0
1765406837.686466,421,2,17,0,17,0
1765406837.702441,421,2,17,0,17,0
1765406837.718964,421,2,17,0,17,0
1765406837.736044,422,2,17,0,17,0
1765406837.752052,422,2,17,0,17,0
1765406837.768994,423,2,17,0,17,0
1765406837.785887,423,2,17,0,17,0
1765406837.803215,423,2,17,0,17,0
1765406837.820029,424,2,16,0,16,0
1765406837.836740,424,2,16,0,16,0
1765406837.853044,425,2,16,0,16,0
1765406837.869046,425,2,16,0,16,0
1765406837.886039,425,2,16,0,16,0
1765406837.902221,426,2,16,0,16,0
1765406837.919220,426,2,16,0,16,0
1765406837.936700,427,2,16,0,16,0
1765406837.952852,427,2,16,0,16,0
1765406837.970365,427,2,16,0,16,0
1765406837.986712,428,2,16,0,16,0
1765406838.002745,428,2,16,0,16,0
1765406838.018913,429,2,16,0,16,0
1765406838.035141,429,2,16,0,16,0
1765406838.051656,429,2,16,0,16,0
1765406838.068347,430,2,16,0,16,0
1765406838.086095,430,2,16,0,16,0
1765406838.102123,430,2,16,0,16,0
1765406838.118831,431,2,16,0,16,0
1765406838.136380,431,2,16,0,16,0
1765406838.153493,432,2,16,0,16,0
1765406838.169226,432,2,16,0,16,0
1765406838.185979,432,2,16,0,16,0
1765406838.202428,433,2,16,0,16,0
1765406838.218667,433,2,16,0,16,0
1765406838.234718,434,2,16,0,16,0
1765406838.250484,434,2,16,0,16,0
1765406838.266347,434,2,16,0,16,0
1765406838.282891,435,2,16,0,16,0
1765406838.300029,435,2,16,0,16,0
1765406838.316939,436,2,16,0,16,0
1765406838.333329,436,2,16,0,16,0
1765406838.350556,436,2,16,0,16,0
1765406838.367006,437,2,16,0,16,0
1765406838.383391,437,2,16,0,16,0
1765406838.399452,438,2,16,0,16,0
1765406838.415879,438,2,16,0,16,0
1765406838.433437,438,2,16,0,16,0
1765406838.449739,439,2,16,0,16,0
1765406838.465166,439,2,16,0,16,0
1765406838.482280,439,2,16,0,16,0
1765406838.498585,440,2,16,0,16,0
1765406838.515872,440,2,16,0,16,0
1765406838.533021,441,2,15,0,15,0
1765406838.549662,441,2,15,0,15,0
1765406838.567038,441,2,15,0,15,0
1765406838.583371,442,2,15,0,15,0
1765406838.600087,442,2,15,0,15,0
1765406838.616805,443,2,15,0,15,0
1765406838.633844,443,2,15,0,15,0
1765406838.650508,443,2,15,0,15,0
1765406838.667067,444,2,15,0,15,0
1765406838.683882,444,2,15,0,15,0
1765406838.700223,445,2,15,0,15,0
1765406838.717204,445,2,15,0,15,0
1765406838.734400,445,2,15,0,15,0
1765406838.750153,446,2,15,0,15,0
1765406838.766185,446,2,15,0,15,0
1765406838.782412,447,2,15,0,15,0
1765406838.799239,447,2,15,0,15,0
1765406838.816701,447,2,15,0,15,0
1765406838.833402,448,2,15,0,15,0
1765406838.849391,448,2,15,0,15,0
1765406838.865443,449,2,15,0,15,0
1765406838.881574,449,2,15,0,15,0
1765406838.898172,449,2,15,0,15,0
1765406838.915744,450,2,15,0,15,0
1765406838.931822,450,2,15,0,15,0
1765406838.948575,451,2,15,0,15,0
1765406838.964230,451,2,15,0,15,0
1765406838.980593,451,2,15,0,15,0
1765406838.996423,452,2,15,0,15,0
1765406839.013590,452,2,15,0,15,0
1765406839.029361,452,2,15,0,15,0
1765406839.046484,453,2,15,0,15,0
1765406839.062880,453,2,15,0,15,0
1765406839.079857,454,2,15,0,15,0
1765406839.097871,454,2,15,0,15,0
1765406839.114951,454,2,15,0,15,0
1765406839.131871,455,2,15,0,15,0
1765406839.148638,455,2,15,0,15,0
1765406839.164786,456,2,15,0,15,0
1765406839.180600,456,2,15,0,15,0
1765406839.197311,456,2,15,0,15,0
1765406839.214754,457,2,15,0,15,0
1765406839.230754,457,2,15,0,15,0
1765406839.247614,458,2,15,0,15,0
1765406839.263985,458,2,15,0,15,0
1765406839.280064,458,2,15,0,15,0
1765406839.297463,459,2,15,0,15,0
1765406839.313638,459,2,15,0,15,0
1765406839.329567,460,2,15,0,15,0
1765406839.345793,460,2,15,0,15,0
1765406839.361300,460,2,15,0,15,0
1765406839.378885,461,2,15,0,15,0
1765406839.396001,461,2,15,0,15,0
1765406839.412946,462,2,15,0,15,0
1765406839.429800,462,2,15,0,15,0
1765406839.446559,462,2,15,0,15,0
1765406839.462413,463,2,15,0,15,0
1765406839.479016,463,2,15,0,15,0
1765406839.495859,464,2,15,0,15,0
1765406839.513151,464,2,15,0,15,0
1765406839.529808,464,2,15,0,15,0
1765406839.545874,465,2,15,0,15,0
1765406839.562747,465,2,15,0,15,0
1765406839.578653,466,2,15,0,15,0
1765406839.594929,466,2,15,0,15,0
1765406839.611434,466,2,15,0,15,0
1765406839.627542,467,2,15,0,15,0
1765406839.643978,467,2,15,0,15,0
1765406839.661616,468,2,15,1,15,1
1765406839.677874,468,2,15,1,15,1
1765406839.694990,468,2,15,1,15,1
1765406839.711399,469,2,15,1,15,1
1765406839.727607,469,2,15,1,15,1
1765406839.744732,469,2,15,1,15,1
1765406839.761740,470,2,15,1,15,1
1765406839.777947,470,2,15,1,15,1
1765406839.794503,471,2,15,1,15,1
1765406839.810807,471,2,15,1,15,1
1765406839.827189,471,2,15,1,15,1
1765406839.843499,472,2,15,1,15,1
1765406839.859402,472,2,15,1,15,1
1765406839.875811,473,2,15,1,15,1
1765406839.892782,473,2,15,1,15,1
1765406839.909427,473,2,15,1,15,1
1765406839.924653,474,2,15,1,15,1
1765406839.941545,474,2,15,1,15,1
1765406839.957799,475,2,15,1,15,1
1765406839.974686,475,2,15,1,15,1
1765406839.991148,475,2,15,1,15,1
1765406840.008374,476,2,15,1,15,1
1765406840.024561,476,2,15,1,15,1
1765406840.041702,477,2,15,1,15,1
1765406840.058142,477,2,15,1,15,1
1765406840.075682,477,2,15,1,15,1
1765406840.092504,478,2,15,1,15,1
1765406840.108455,478,2,15,1,15,1
1765406840.124780,479,2,15,1,15,1
1765406840.141117,479,2,15,1,15,1
1765406840.157754,479,2,15,1,15,1
1765406840.174659,480,2,15,1,15,1
1765406840.191301,480,2,15,1,15,1
1765406840.208035,480,2,15,1,15,1
1765406840.225931,481,2,15,1,15,1
1765406840.242540,481,2,15,1,15,1
1765406840.258787,482,2,15,1,15,1
1765406840.274435,482,2,15,1,15,1
1765406840.291323,482,2,15,1,15,1
1765406840.307809,483,2,15,1,15,1
1765406840.324517,483,2,15,1,15,1
1765406840.341722,484,2,15,1,15,1
1765406840.358229,484,2,15,1,15,1
1765406840.374622,484,2,15,1,15,1
1765406840.391280,485,2,15,1,15,1
1765406840.408519,485,2,15,1,15,1
1765406840.425285,486,2,15,1,15,1
1765406840.442660,486,2,15,1,15,1
1765406840.459235,486,2,15,1,15,1
1765406840.475937,487,2,15,1,15,1
1765406840.493896,487,2,15,1,15,1
1765406840.511128,488,2,15,1,15,1
1765406840.528050,488,2,15,1,15,1
1765406840.544672,488,2,15,1,15,1
1765406840.562000,489,2,15,1,15,1
1765406840.578932,489,2,15,1,15,1
1765406840.595906,490,2,15,1,15,1
1765406840.612833,490,2,15,1,15,1
1765406840.630147,490,2,15,1,15,1
1765406840.647231,491,2,15,1,15,1
1765406840.663957,491,2,15,1,15,1
1765406840.681150,492,2,15,1,15,1
1765406840.697407,492,2,15,1,15,1
1765406840.712927,492,2,15,1,15,1
1765406840.730800,493,2,16,1,16,1
1765406840.747036,493,2,16,1,16,1
1765406840.763572,494,2,16,1,16,1
1765406840.780028,494,2,16,1,16,1
1765406840.797441,494,2,16,1,16,1
1765406840.813299,495,2,16,1,16,1
1765406840.830343,495,2,16,1,16,1
1765406840.846290,496,2,16,1,16,1
1765406840.862426,496,2,16,1,16,1
1765406840.878929,496,2,16,1,16,1
1765406840.896183,497,2,16,1,16,1
1765406840.912278,497,2,16,1,16,1
1765406840.929449,498,2,16,1,16,1
1765406840.946055,498,2,16,1,16,1
1765406840.962974,498,2,16,1,16,1
1765406840.979553,499,2,16,1,16,1
1765406840.995792,499,2,16,1,16,1
1765406841.011323,500,2,16,1,16,1
1765406841.027959,500,2,16,1,16,1
1765406841.044508,500,2,16,1,16,1
1765406841.060910,501,2,16,1,16,1
1765406841.077588,501,2,16,1,16,1
1765406841.093630,501,2,16,1,16,1
1765406841.109873,502,2,16,1,16,1
1765406841.126285,502,2,16,1,16,1
1765406841.142830,503,2,16,1,16,1
1765406841.159120,503,2,16,1,16,1
1765406841.176174,503,2,16,1,16,1
1765406841.193837,504,2,16,1,16,1
1765406841.210952,504,2,16,1,16,1
1765406841.227510,505,2,16,1,16,1
1765406841.243491,505,2,16,1,16,1
1765406841.259877,505,2,16,1,16,1
1765406841.276958,506,2,16,1,16,1
1765406841.293694,506,2,16,1,16,1
1765406841.309227,507,2,16,1,16,1
1765406841.326061,507,2,16,1,16,1
1765406841.343121,507,2,16,1,16,1
1765406841.360530,508,2,16,1,16,1
1765406841.377651,508,2,16,1,16,1
1765406841.395048,509,2,16,2,16,2
1765406841.411931,509,2,16,2,16,2
1765406841.428865,509,2,16,2,16,2
1765406841.445975,510,2,16,2,16,2
1765406841.462848,510,2,16,2,16,2
1765406841.480112,511,2,16,2,16,2
1765406841.496526,511,2,16,2,16,2
1765406841.513795,511,2,16,2,16,2
1765406841.530619,512,2,16,2,16,2
1765406841.547003,512,2,16,2,16,2
1765406841.563972,513,2,16,2,16,2
1765406841.580644,513,2,16,2,16,2
1765406841.597420,513,2,16,2,16,2
1765406841.613721,514,2,16,2,16,2
1765406841.630463,514,2,16,2,16,2
1765406841.646908,515,2,16,2,16,2
1765406841.663251,515,2,16,2,16,2
1765406841.680591,515,2,16,2,16,2
1765406841.697105,516,2,16,2,16,2
1765406841.714079,516,2,16,2,16,2
1765406841.730702,517,2,16,2,16,2
1765406841.746027,517,2,16,2,16,2
1765406841.762337,517,2,16,2,16,2
1765406841.778785,518,2,16,2,16,2
1765406841.795366,518,2,16,2,16,2
1765406841.811630,519,2,16,2,16,2
1765406841.827157,519,2,16,2,16,2
1765406841.844453,519,2,16,2,16,2
1765406841.860739,520,2,16,2,16,2
1765406841.876695,520,2,16,2,16,2
1765406841.892200,520,2,16,2,16,2
1765406841.908587,521,2,16,2,16,2
1765406841.924956,521,2,16,2,16,2
1765406841.942208,522,2,16,2,16,2
1765406841.958479,522,2,16,2,16,2
1765406841.975084,522,2,16,2,16,2
1765406841.991621,523,2,16,2,16,2
1765406842.007445,523,2,16,2,16,2
1765406842.023869,524,2,16,2,16,2
1765406842.040924,524,2,16,2,16,2
1765406842.058173,524,2,16,2,16,2
1765406842.074551,525,2,16,2,16,2
1765406842.090173,525,2,16,2,16,2
1765406842.106292,526,2,17,2,17,2
1765406842.123054,526,2,17,2,17,2
1765406842.140075,526,2,17,2,17,2
1765406842.156905,527,2,17,2,17,2
1765406842.174621,527,2,17,2,17,2
1765406842.190460,528,2,17,2,17,2
1765406842.207110,528,2,17,2,17,2
1765406842.224320,528,2,17,2,17,2
1765406842.240441,529,2,17,2,17,2
1765406842.256922,529,2,17,2,17,2
1765406842.275598,530,2,17,2,17,2
1765406842.292717,530,2,17,2,17,2
1765406842.309344,530,2,17,2,17,2
1765406842.325805,531,2,17,2,17,2
1765406842.341912,531,2,17,2,17,2
1765406842.358195,531,2,17,2,17,2
1765406842.375063,532,2,17,2,17,2
1765406842.391868,532,2,17,2,17,2
1765406842.409233,533,2,17,2,17,2
1765406842.425140,533,2,17,2,17,2
1765406842.441605,533,2,17,2,17,2
1765406842.458627,534,2,17,2,17,2
1765406842.474951,534,2,17,2,17,2
1765406842.491549,535,2,17,2,17,2
1765406842.508396,535,2,17,2,17,2
1765406842.524787,535,2,17,2,17,2
1765406842.588097,536,2,17,2,17,2
1765406842.604649,537,2,17,2,17,2
1765406842.621719,537,2,17,2,17,2
1765406842.638186,537,2,17,2,17,2
1765406842.654414,538,2,17,2,17,2
1765406842.671116,538,2,17,2,17,2
1765406842.687382,539,2,17,2,17,2
1765406842.704592,539,2,17,2,17,2
1765406842.720504,539,2,17,2,17,2
1765406842.736899,540,2,17,2,17,2
1765406842.753528,540,2,17,2,17,2
1765406842.770275,540,2,17,2,17,2
1765406842.787433,541,2,17,2,17,2
1765406842.803051,541,2,17,2,17,2
1765406842.820339,542,2,17,2,17,2
1765406842.836706,542,2,17,2,17,2
1765406842.852562,542,2,17,2,17,2
1765406842.868864,543,2,17,2,17,2
1765406842.886094,543,2,17,2,17,2
1765406842.902876,544,2,17,3,17,3
1765406842.919887,544,2,17,3,17,3
1765406842.936945,544,2,17,3,17,3
1765406842.953966,545,2,17,3,17,3
1765406842.971087,545,2,17,3,17,3
1765406842.988380,546,2,17,3,17,3
1765406843.004976,546,2,17,3,17,3
1765406843.021878,546,2,17,3,17,3
1765406843.039367,547,2,17,3,17,3
1765406843.056638,547,2,17,3,17,3
1765406843.072724,548,2,17,3,17,3
1765406843.088924,548,2,17,3,17,3
1765406843.105569,548,2,17,3,17,3
1765406843.121150,549,2,17,3,17,3
1765406843.137612,549,2,17,3,17,3
1765406843.153709,550,2,17,3,17,3
1765406843.169882,550,2,17,3,17,3
1765406843.186953,550,2,17,3,17,3
1765406843.203866,551,2,17,3,17,3
1765406843.221772,551,2,17,3,17,3
1765406843.238429,552,2,17,3,17,3
1765406843.255217,552,2,17,3,17,3
1765406843.272197,552,2,17,3,17,3
1765406843.289028,553,2,16,3,16,3
1765406843.305905,553,2,16,3,16,3
1765406843.323482,554,2,16,3,16,3
1765406843.339823,554,2,16,3,16,3
1765406843.355968,554,2,16,3,16,3
1765406843.373887,555,2,16,3,16,3
1765406843.391182,555,2,16,3,16,3
1765406843.407480,556,2,16,3,16,3
1765406843.423393,556,2,16,3,16,3
1765406843.439774,556,2,16,3,16,3
1765406843.457092,557,2,16,3,16,3
1765406843.475084,557,2,16,3,16,3
1765406843.491480,558,2,16,3,16,3
1765406843.507482,558,2,16,3,16,3
1765406843.523561,558,2,16,3,16,3
1765406843.539461,559,2,16,3,16,3
1765406843.555895,559,2,16,3,16,3
1765406843.572865,559,2,16,3,16,3
1765406843.590524,560,2,16,3,16,3
1765406843.607208,560,2,16,3,16,3
1765406843.624430,561,2,16,3,16,3
1765406843.640210,561,2,16,3,16,3
1765406843.657716,561,2,16,3,16,3
1765406843.674011,562,2,16,4,16,4
1765406843.690007,562,2,16,4,16,4
1765406843.707062,563,2,16,4,16,4
1765406843.724245,563,2,16,4,16,4
1765406843.740804,563,2,16,4,16,4
1765406843.757065,564,2,16,4,16,4
1765406843.774202,564,2,16,4,16,4
1765406843.790555,565,2,16,4,16,4
1765406843.806670,565,2,16,4,16,4
1765406843.822771,565,2,16,4,16,4
1765406843.839207,566,2,16,4,16,4
1765406843.856500,566,2,16,4,16,4
1765406843.872648,567,2,16,4,16,4
1765406843.889481,567,2,16,4,16,4
1765406843.905996,567,2,16,4,16,4
1765406843.923883,568,2,16,4,16,4
1765406843.940812,568,2,16,4,16,4
1765406843.956581,569,2,16,4,16,4
1765406843.973181,569,2,16,4,16,4
1765406843.989595,569,2,16,4,16,4
1765406844.006300,570,2,16,4,16,4
1765406844.024115,570,2,16,4,16,4
1765406844.041280,571,2,16,4,16,4
1765406844.058058,571,2,16,4,16,4
1765406844.074909,571,2,16,4,16,4
1765406844.091894,572,2,16,4,16,4
1765406844.109300,572,2,16,4,16,4
1765406844.126130,573,2,16,4,16,4
1765406844.143087,573,2,16,4,16,4
1765406844.159584,573,2,16,4,16,4
1765406844.176137,574,2,16,4,16,4
1765406844.192741,574,2,16,4,16,4
1765406844.208781,575,2,16,4,16,4
1765406844.224341,575,2,16,4,16,4
1765406844.240945,575,2,16,4,16,4
1765406844.258206,576,2,16,5,16,5
1765406844.274848,576,2,16,5,16,5
1765406844.291416,576,2,16,5,16,5
1765406844.308472,577,2,16,5,16,5
1765406844.324884,577,2,16,5,16,5
1765406844.341958,578,2,16,5,16,5
1765406844.358281,578,2,16,5,16,5
1765406844.374940,578,2,16,5,16,5
1765406844.392257,579,2,16,5,16,5
1765406844.408311,579,2,16,5,16,5
1765406844.424193,580,2,16,5,16,5
1765406844.440964,580,2,16,5,16,5
1765406844.457242,580,2,16,5,16,5
1765406844.474474,581,2,16,5,16,5
1765406844.491362,581,2,16,5,16,5
1765406844.508015,582,2,16,5,16,5
1765406844.524863,582,2,16,5,16,5
1765406844.542397,582,2,16,5,16,5
1765406844.558200,583,2,16,5,16,5
1765406844.575178,583,2,16,5,16,5
1765406844.592225,584,2,16,5,16,5
1765406844.608485,584,2,16,5,16,5
1765406844.625880,584,2,16,5,16,5
1765406844.642466,585,2,16,5,16,5
1765406844.659143,585,2,16,5,16,5
1765406844.676092,586,2,16,5,16,5
1765406844.693620,586,2,16,5,16,5
1765406844.709335,586,2,16,5,16,5
1765406844.726412,587,2,16,5,16,5
1765406844.742930,587,2,16,5,16,5
1765406844.760372,588,2,16,5,16,5
1765406844.776175,588,2,16,5,16,5
1765406844.793062,588,2,16,5,16,5
1765406844.808963,589,2,16,5,16,5
1765406844.826139,589,2,16,5,16,5
1765406844.842278,590,2,16,5,16,5
1765406844.858484,590,2,16,5,16,5
1765406844.874611,590,2,16,5,16,5
1765406844.891185,591,2,16,5,16,5
1765406844.908142,591,2,16,5,16,5
1765406844.925315,591,2,16,5,16,5
1765406844.942116,592,2,16,5,16,5
1765406844.958285,592,2,16,5,16,5
1765406844.976107,593,2,16,5,16,5
1765406844.993075,593,2,16,5,16,5
1765406845.009640,593,2,16,5,16,5
1765406845.026035,594,2,16,5,16,5
1765406845.042475,594,2,16,5,16,5
1765406845.058643,595,2,16,5,16,5
1765406845.075083,595,2,16,5,16,5
1765406845.091213,595,2,16,5,16,5
1765406845.107948,596,2,16,5,16,5
1765406845.124935,596,2,16,5,16,5
1765406845.142527,597,2,16,5,16,5
1765406845.158602,597,2,16,5,16,5
1765406845.176083,597,2,16,5,16,5
1765406845.192460,598,2,16,5,16,5
1765406845.209513,598,2,16,5,16,5
1765406845.226134,599,2,16,5,16,5
1765406845.243419,599,2,16,5,16,5
1765406845.260076,599,2,16,5,16,5
1765406845.277213,600,2,16,5,16,5
1765406845.294098,600,2,16,5,16,5
1765406845.310460,601,2,16,5,16,5
1765406845.327508,601,2,16,5,16,5
1765406845.343144,601,2,16,5,16,5
1765406845.359729,602,2,16,5,16,5
1765406845.377486,602,2,16,5,16,5
1765406845.393996,603,2,16,5,16,5
1765406845.410389,603,2,16,5,16,5
1765406845.426644,603,2,16,5,16,5
1765406845.443286,604,2,16,5,16,5
1765406845.459748,604,2,16,5,16,5
1765406845.476665,605,2,16,5,16,5
1765406845.492573,605,2,16,5,16,5
1765406845.508628,605,2,16,5,16,5
1765406845.524875,606,2,15,5,15,5
1765406845.542673,606,2,15,5,15,5
1765406845.558166,606,2,15,5,15,5
1765406845.575176,607,2,15,5,15,5
1765406845.591979,607,2,15,5,15,5
1765406845.610245,608,2,15,5,15,5
1765406845.626144,608,2,15,5,15,5
1765406845.643256,609,2,15,5,15,5
1765406845.660922,609,2,15,5,15,5
1765406845.678344,609,2,15,5,15,5
1765406845.694793,610,2,15,5,15,5
1765406845.710207,610,2,15,5,15,5
1765406845.727310,611,2,15,5,15,5
1765406845.743875,611,2,15,5,15,5
1765406845.761432,611,2,15,5,15,5
1765406845.778188,612,2,15,5,15,5
1765406845.793972,612,2,15,5,15,5
1765406845.810326,613,2,15,5,15,5
1765406845.826663,613,2,15,5,15,5
1765406845.842976,613,2,15,5,15,5
1765406845.860568,614,2,15,5,15,5
1765406845.876210,614,2,15,5,15,5
1765406845.892479,614,2,15,5,15,5
1765406845.908872,615,2,15,5,15,5
1765406845.925356,615,2,15,5,15,5
1765406845.942101,616,2,15,5,15,5
1765406845.958867,616,2,15,5,15,5
1765406845.976341,616,2,15,5,15,5
1765406845.992763,617,2,15,5,15,5
1765406846.008083,617,2,15,5,15,5
1765406846.024890,618,2,15,5,15,5
1765406846.041509,618,2,15,5,15,5
1765406846.057564,618,2,15,5,15,5
1765406846.073585,619,2,15,5,15,5
1765406846.089096,619,2,15,5,15,5
1765406846.106455,620,2,15,5,15,5
1765406846.122205,620,2,15,5,15,5
1765406846.138793,620,2,15,5,15,5
1765406846.155537,621,2,15,5,15,5
1765406846.171659,621,2,15,5,15,5
1765406846.188036,621,2,15,5,15,5
1765406846.205302,622,2,15,4,15,4
1765406846.221810,622,2,15,4,15,4
1765406846.237833,623,2,15,4,15,4
1765406846.254592,623,2,15,4,15,4
1765406846.270257,623,2,15,4,15,4
1765406846.287109,624,2,15,4,15,4
1765406846.303563,624,2,15,4,15,4
1765406846.320034,625,2,15,4,15,4
1765406846.337223,625,2,15,4,15,4
1765406846.353153,625,2,15,4,15,4
1765406846.370193,626,2,15,4,15,4
1765406846.386243,626,2,15,4,15,4
1765406846.402829,627,2,15,4,15,4
1765406846.419112,627,2,15,4,15,4
1765406846.436441,627,2,15,4,15,4
1765406846.452565,628,2,15,4,15,4
1765406846.469482,628,2,15,4,15,4
1765406846.486216,629,2,15,4,15,4
1765406846.503395,629,2,15,4,15,4
1765406846.519532,629,2,15,4,15,4
1765406846.535192,630,2,15,4,15,4
1765406846.552112,630,2,15,4,15,4
1765406846.570262,631,2,15,4,15,4
1765406846.587011,631,2,15,4,15,4
1765406846.603133,631,2,15,4,15,4
1765406846.619375,632,2,15,4,15,4
1765406846.636042,632,2,15,4,15,4
1765406846.652634,632,2,15,4,15,4
1765406846.668582,633,2,15,4,15,4
1765406846.684493,633,2,15,4,15,4
1765406846.701459,634,2,15,4,15,4
1765406846.717937,634,2,15,4,15,4
1765406846.734399,634,2,15,4,15,4
1765406846.751249,635,2,15,4,15,4
1765406846.768241,635,2,15,4,15,4
1765406846.784233,636,2,15,4,15,4
1765406846.800624,636,2,15,4,15,4
1765406846.817532,636,2,15,4,15,4
1765406846.834413,637,2,15,4,15,4
1765406846.850583,637,2,15,4,15,4
1765406846.866998,638,2,15,3,15,3
1765406846.884404,638,2,15,3,15,3
1765406846.900587,638,2,15,3,15,3
1765406846.917318,639,2,15,3,15,3
1765406846.934065,639,2,15,3,15,3
1765406846.952486,640,2,15,3,15,3
1765406846.968490,640,2,15,3,15,3
1765406846.984598,641,2,15,3,15,3
1765406847.001413,641,2,15,3,15,3
1765406847.018130,641,2,15,3,15,3
1765406847.035241,642,2,15,3,15,3
1765406847.051559,642,2,15,3,15,3
1765406847.068139,643,2,15,3,15,3
1765406847.085678,643,2,15,3,15,3
1765406847.102538,643,2,15,3,15,3
1765406847.118975,644,2,15,3,15,3
1765406847.136248,644,2,15,3,15,3
1765406847.152563,645,2,15,3,15,3
1765406847.168529,645,2,15,3,15,3
1765406847.185205,645,2,15,3,15,3
1765406847.201937,646,2,15,3,15,3
1765406847.219283,646,2,15,3,15,3
1765406847.236331,647,2,15,3,15,3
1765406847.252875,647,2,15,3,15,3
1765406847.269167,647,2,15,3,15,3
1765406847.286157,648,2,15,3,15,3
1765406847.302473,648,2,15,3,15,3
1765406847.318300,649,2,15,3,15,3
1765406847.334787,649,2,15,3,15,3
1765406847.350749,649,2,15,3,15,3
1765406847.366820,650,2,15,3,15,3
1765406847.383498,650,2,15,3,15,3
1765406847.399784,650,2,15,3,15,3
1765406847.416341,651,2,15,2,15,2
1765406847.433093,651,2,15,2,15,2
1765406847.450444,652,2,15,2,15,2
1765406847.467340,652,2,15,2,15,2
1765406847.484101,652,2,15,2,15,2
1765406847.501136,653,2,15,2,15,2
1765406847.517369,653,2,15,2,15,2
1765406847.533526,654,2,15,2,15,2
1765406847.549807,654,2,15,2,15,2
1765406847.565902,654,2,15,2,15,2
1765406847.583664,655,2,15,2,15,2
1765406847.600247,655,2,15,2,15,2
1765406847.617948,656,2,15,2,15,2
1765406847.635404,656,2,15,2,15,2
1765406847.652044,656,2,15,2,15,2
1765406847.668704,657,2,15,2,15,2
1765406847.685016,657,2,15,2,15,2
1765406847.702154,658,2,15,2,15,2
1765406847.719281,658,2,15,2,15,2
1765406847.736459,658,2,15,2,15,2
1765406847.752841,659,2,15,2,15,2
1765406847.770128,659,2,15,2,15,2
1765406847.786935,660,2,15,2,15,2
1765406847.804125,660,2,15,2,15,2
1765406847.820221,660,2,15,2,15,2
1765406847.837642,661,2,15,2,15,2
1765406847.854800,661,2,15,2,15,2
1765406847.871195,662,2,15,2,15,2
1765406847.887240,662,2,15,2,15,2
1765406847.903357,662,2,15,2,15,2
1765406847.919950,663,2,15,2,15,2
1765406847.937192,663,2,15,2,15,2
1765406847.954417,664,2,15,2,15,2
1765406847.971245,664,2,15,2,15,2
1765406847.987035,664,2,15,2,15,2
1765406848.005124,665,2,15,2,15,2
1765406848.021893,665,2,15,2,15,2
1765406848.038748,666,2,15,2,15,2
1765406848.054734,666,2,15,2,15,2
1765406848.071105,666,2,15,2,15,2
1765406848.087518,667,2,15,2,15,2
1765406848.104143,667,2,15,2,15,2
1765406848.121846,668,2,15,2,15,2
1765406848.139442,668,2,15,2,15,2
1765406848.156098,668,2,15,2,15,2
1765406848.172956,669,2,15,2,15,2
1765406848.189312,669,2,15,2,15,2
1765406848.205220,669,2,15,2,15,2
1765406848.222730,670,2,15,2,15,2
1765406848.238663,670,2,15,2,15,2
1765406848.255364,671,2,15,2,15,2
1765406848.271005,671,2,15,2,15,2
1765406848.287554,671,2,15,2,15,2
1765406848.304214,672,2,15,2,15,2
1765406848.320371,672,2,15,2,15,2
1765406848.337396,673,2,15,2,15,2
1765406848.354075,673,2,15,2,15,2
1765406848.370722,673,2,15,2,15,2
1765406848.386285,674,2,15,2,15,2
1765406848.402724,674,2,15,2,15,2
1765406848.418745,674,2,15,2,15,2
1765406848.434788,675,2,15,2,15,2
1765406848.451384,675,2,15,2,15,2
1765406848.467557,676,2,15,2,15,2
1765406848.484003,676,2,15,2,15,2
1765406848.500984,676,2,15,2,15,2
1765406848.517237,677,2,15,2,15,2
1765406848.534498,677,2,15,2,15,2
1765406848.551523,678,2,15,2,15,2
1765406848.567849,678,2,15,2,15,2
1765406848.585095,678,2,15,2,15,2
1765406848.601407,679,2,15,2,15,2
1765406848.617228,679,2,15,2,15,2
1765406848.633776,680,2,15,2,15,2
1765406848.650205,680,2,15,2,15,2
1765406848.667356,680,2,15,2,15,2
1765406848.683953,681,2,15,2,15,2
1765406848.700662,681,2,15,2,15,2
1765406848.716183,682,2,15,1,15,1
1765406848.732534,682,2,15,1,15,1
1765406848.749635,682,2,15,1,15,1
1765406848.766238,683,2,15,1,15,1
1765406848.783136,683,2,15,1,15,1
1765406848.799332,684,2,15,1,15,1
1765406848.815139,684,2,15,1,15,1
1765406848.831523,684,2,15,1,15,1
1765406848.847497,685,2,15,1,15,1
1765406848.863457,685,2,15,1,15,1
1765406848.880212,685,2,15,1,15,1
1765406848.897403,686,2,15,1,15,1
1765406848.913175,686,2,15,1,15,1
1765406848.930750,687,2,15,1,15,1
1765406848.947014,687,2,15,1,15,1
1765406848.963315,687,2,15,1,15,1
1765406848.980655,688,2,15,1,15,1
1765406848.997297,688,2,15,1,15,1
1765406849.014327,689,2,15,1,15,1
1765406849.031755,689,2,15,1,15,1
1765406849.048363,689,2,15,1,15,1
1765406849.063947,690,2,15,1,15,1
1765406849.081763,690,2,15,1,15,1
1765406849.098635,691,2,15,1,15,1
1765406849.114540,691,2,15,1,15,1
1765406849.130350,691,2,15,1,15,1
1765406849.146339,692,2,15,1,15,1
1765406849.163598,692,2,15,1,15,1
1765406849.180151,693,2,15,1,15,1
1765406849.197069,693,2,15,1,15,1
1765406849.214117,693,2,15,1,15,1
1765406849.230368,694,2,15,1,15,1
1765406849.247458,694,2,15,1,15,1
1765406849.263632,695,2,15,1,15,1
1765406849.279308,695,2,15,1,15,1
1765406849.296278,695,2,15,1,15,1
1765406849.313475,696,2,15,1,15,1
1765406849.329427,696,2,15,1,15,1
1765406849.346215,697,2,15,1,15,1
1765406849.363012,697,2,15,1,15,1
1765406849.380002,697,2,15,1,15,1
1765406849.397058,698,2,15,1,15,1
1765406849.413993,698,2,15,1,15,1
1765406849.430566,699,2,16,1,16,1
1765406849.446464,699,2,16,1,16,1
1765406849.462527,699,2,16,1,16,1
1765406849.478199,700,2,16,1,16,1
1765406849.494411,700,2,16,1,16,1
1765406849.511309,700,2,16,1,16,1
1765406849.527979,701,2,16,1,16,1
1765406849.545249,701,2,16,1,16,1
1765406849.562284,702,2,16,1,16,1
1765406849.579244,702,2,16,1,16,1
1765406849.595353,702,2,16,1,16,1
1765406849.612058,703,2,16,1,16,1
1765406849.629265,703,2,16,1,16,1
1765406849.646153,704,2,16,1,16,1
1765406849.663543,704,2,16,1,16,1
1765406849.679118,704,2,16,1,16,1
1765406849.697088,705,2,16,1,16,1
1765406849.713738,705,2,16,1,16,1
1765406849.730782,706,2,16,1,16,1
1765406849.747111,706,2,16,1,16,1
1765406849.764037,706,2,16,1,16,1
1765406849.780746,707,2,16,1,16,1
1765406849.796450,707,2,16,1,16,1
1765406849.812588,708,2,16,1,16,1
1765406849.829312,708,2,16,1,16,1
1765406849.845352,708,2,16,1,16,1
1765406849.862326,709,2,16,1,16,1
1765406849.878905,709,2,16,1,16,1
1765406849.896177,710,2,16,1,16,1
1765406849.912632,710,2,16,1,16,1
1765406849.928142,710,2,16,1,16,1
1765406849.945832,711,2,16,1,16,1
1765406849.961990,711,2,16,1,16,1
1765406849.978952,712,2,16,1,16,1
1765406849.996472,712,2,16,1,16,1
1765406850.012385,712,2,16,1,16,1
1765406850.029714,713,2,16,1,16,1
1765406850.045366,713,2,16,1,16,1
1765406850.061738,714,2,16,1,16,1
1765406850.078552,714,2,16,1,16,1
1765406850.094480,714,2,16,1,16,1
1765406850.110250,715,2,16,1,16,1
1765406850.127375,715,2,16,1,16,1
1765406850.144713,715,2,16,1,16,1
1765406850.161361,716,2,16,1,16,1
1765406850.178133,716,2,16,1,16,1
1765406850.194547,717,2,16,1,16,1
1765406850.211404,717,2,16,1,16,1
1765406850.228629,717,2,16,1,16,1
1765406850.244626,718,2,16,1,16,1
1765406850.260600,718,2,16,1,16,1
1765406850.277287,719,2,16,1,16,1
1765406850.293908,719,2,16,1,16,1
1765406850.311349,719,2,16,1,16,1
1765406850.327518,720,2,16,1,16,1
1765406850.343769,720,2,16,1,16,1
1765406850.360255,721,2,16,1,16,1
1765406850.376938,721,2,16,1,16,1
1765406850.393836,721,2,16,1,16,1
1765406850.411395,722,2,16,1,16,1
1765406850.428158,722,2,16,1,16,1
1765406850.444881,723,2,16,1,16,1
1765406850.462037,723,2,16,1,16,1
1765406850.478139,723,2,16,1,16,1
1765406850.495677,724,2,16,1,16,1
1765406850.511967,724,2,16,1,16,1
1765406850.528833,725,2,16,1,16,1
1765406850.546057,725,2,16,1,16,1
1765406850.562802,725,2,16,1,16,1
1765406850.578995,726,2,16,1,16,1
1765406850.596184,726,2,16,1,16,1
1765406850.612880,727,2,16,1,16,1
1765406850.630744,727,2,16,1,16,1
1765406850.647254,727,2,16,1,16,1
1765406850.663113,728,2,16,1,16,1
1765406850.679726,728,2,16,1,16,1
1765406850.695990,728,2,16,1,16,1
1765406850.712169,729,2,16,1,16,1
1765406850.729120,729,2,16,1,16,1
1765406850.746674,730,2,16,1,16,1
1765406850.762208,730,2,16,1,16,1
1765406850.778098,730,2,16,1,16,1
1765406850.795139,731,2,16,1,16,1
1765406850.811516,731,2,16,1,16,1
1765406850.828022,732,2,16,1,16,1
1765406850.845095,732,2,16,1,16,1
1765406850.861571,732,2,16,1,16,1
1765406850.877568,733,2,16,1,16,1
1765406850.893348,733,2,16,1,16,1
1765406850.909431,734,2,16,1,16,1
1765406850.926518,734,2,16,1,16,1
1765406850.943356,734,2,16,1,16,1
1765406850.959291,735,2,16,0,16,0
1765406850.975451,735,2,16,0,16,0
1765406850.991605,735,2,16,0,16,0
1765406851.007752,736,2,16,0,16,0
1765406851.023222,736,2,16,0,16,0
1765406851.040785,737,2,16,0,16,0
1765406851.056855,737,2,16,0,16,0
1765406851.073412,737,2,16,0,16,0
1765406851.089131,738,2,16,0,16,0
1765406851.106397,738,2,16,0,16,0
1765406851.123081,739,2,16,0,16,0
1765406851.139632,739,2,16,0,16,0
1765406851.156152,739,2,16,0,16,0
1765406851.172451,740,2,16,0,16,0
1765406851.189011,740,2,16,0,16,0
1765406851.205725,741,2,16,0,16,0
1765406851.222270,741,2,16,0,16,0
1765406851.239126,741,2,16,0,16,0
1765406851.255183,742,2,16,0,16,0
1765406851.271953,742,2,16,0,16,0
1765406851.289381,743,2,16,0,16,0
1765406851.306241,743,2,16,0,16,0
1765406851.322580,743,2,16,0,16,0
1765406851.338412,744,2,16,0,16,0
1765406851.355013,744,2,16,0,16,0
1765406851.371277,745,2,16,0,16,0
1765406851.387365,745,2,16,0,16,0
1765406851.404558,745,2,16,0,16,0
1765406851.420705,746,2,16,0,16,0
1765406851.436335,746,2,16,0,16,0
1765406851.452683,746,2,16,0,16,0
1765406851.469367,747,2,16,0,16,0
1765406851.486305,747,2,16,0,16,0
1765406851.503060,748,2,16,0,16,0
1765406851.519404,748,2,16,0,16,0
1765406851.536078,748,2,16,0,16,0
1765406851.553061,749,2,16,0,16,0
1765406851.569721,749,2,16,0,16,0
1765406851.586178,750,2,16,0,16,0
1765406851.602992,750,2,16,0,16,0
1765406851.620182,750,2,16,0,16,0
1765406851.636080,751,2,16,0,16,0
1765406851.652993,751,2,16,0,16,0
1765406851.669464,752,2,16,0,16,0
1765406851.685638,752,2,16,0,16,0
1765406851.702442,752,2,16,0,16,0
1765406851.719104,753,2,16,0,16,0
1765406851.735594,753,2,16,0,16,0
1765406851.751576,754,2,16,0,16,0
1765406851.768329,754,2,16,0,16,0
1765406851.784683,754,2,16,0,16,0
1765406851.800313,755,2,16,0,16,0
1765406851.816400,755,2,16,0,16,0
1765406851.832671,756,2,16,0,16,0
1765406851.848720,756,2,16,0,16,0
1765406851.865128,756,2,16,0,16,0
1765406851.882031,757,2,16,0,16,0
1765406851.898497,757,2,16,0,16,0
1765406851.914093,757,2,16,0,16,0
1765406851.931556,758,2,16,0,16,0
1765406851.947696,758,2,16,0,16,0
1765406851.963738,759,2,16,0,16,0
1765406851.979374,759,2,16,0,16,0
1765406851.995278,759,2,16,0,16,0
1765406852.011747,760,2,16,0,16,0
1765406852.028336,760,2,16,0,16,0
1765406852.044784,761,2,16,0,16,0
1765406852.061217,761,2,16,0,16,0
1765406852.077548,761,2,16,0,16,0
1765406852.094157,762,2,16,0,16,0
1765406852.110886,762,2,16,0,16,0
1765406852.128873,763,2,16,0,16,0
1765406852.146328,763,2,16,0,16,0
1765406852.162741,763,2,16,0,16,0
1765406852.178292,764,2,16,0,16,0
1765406852.194668,764,2,16,0,16,0
1765406852.211027,764,2,16,0,16,0
1765406852.228141,765,2,16,0,16,0
1765406852.244700,765,2,16,0,16,0
1765406852.261021,766,2,16,0,16,0
1765406852.278024,766,2,16,0,16,0
1765406852.294950,766,2,16,0,16,0
1765406852.312209,767,2,16,0,16,0
1765406852.328829,767,2,16,0,16,0
1765406852.345075,768,2,16,0,16,0
1765406852.362366,768,2,16,0,16,0
1765406852.381907,768,2,16,0,16,0
1765406852.513852,769,2,16,0,16,0
1765406852.547594,770,2,16,0,16,0
1765406852.565150,770,2,16,0,16,0
1765406852.581311,771,2,16,0,16,0
1765406852.597241,771,2,16,0,16,0
1765406852.614002,772,2,16,0,16,0
1765406852.631666,772,2,16,0,16,0
1765406852.648215,772,2,16,0,16,0
1765406852.664272,773,2,16,0,16,0
1765406852.682087,773,2,16,0,16,0
1765406852.698564,774,2,15,0,15,0
1765406852.715623,774,2,15,0,15,0
1765406852.731822,774,2,15,0,15,0
1765406852.747428,775,2,15,0,15,0
1765406852.763964,775,2,15,0,15,0
1765406852.781581,776,2,15,0,15,0
1765406852.798390,776,2,15,0,15,0
1765406852.814705,776,2,15,0,15,0
1765406852.830701,777,2,15,0,15,0
1765406852.847392,777,2,15,0,15,0
1765406852.863533,778,2,15,0,15,0
1765406852.879126,778,2,15,0,15,0
1765406852.896428,778,2,15,0,15,0
1765406852.912821,779,2,15,0,15,0
1765406852.929006,779,2,15,0,15,0
1765406852.946747,780,2,15,0,15,0
1765406852.962556,780,2,15,0,15,0
1765406852.978779,780,2,15,0,15,0
1765406852.995051,781,2,15,0,15,0
1765406853.011978,781,2,15,0,15,0
1765406853.038146,781,2,15,0,15,0
1765406853.054948,782,2,14,0,14,0
1765406853.071740,782,2,14,0,14,0
1765406853.088922,783,2,14,0,14,0
1765406853.106269,783,2,14,0,14,0
1765406853.123185,783,2,14,0,14,0
1765406853.140692,784,2,14,0,14,0
1765406853.158014,784,2,14,0,14,0
1765406853.174245,785,2,14,0,14,0
1765406853.190760,785,2,14,0,14,0
1765406853.206391,785,2,14,0,14,0
1765406853.223148,786,2,14,0,14,0
1765406853.240459,786,2,14,0,14,0
1765406853.257336,787,2,14,0,14,0
1765406853.273525,787,2,14,0,14,0
1765406853.290001,787,2,14,0,14,0
1765406853.306055,788,2,14,0,14,0
1765406853.322711,788,2,14,0,14,0
1765406853.338130,788,2,14,0,14,0
1765406853.354539,789,2,14,0,14,0
1765406853.370119,789,2,14,0,14,0
1765406853.386223,790,2,14,0,14,0
1765406853.402985,790,2,14,0,14,0
1765406853.420355,790,2,14,0,14,0
1765406853.436620,791,2,14,0,14,0
1765406853.452431,791,2,14,0,14,0
1765406853.469488,792,2,14,0,14,0
1765406853.486170,792,2,14,0,14,0
1765406853.503485,792,2,14,0,14,0
1765406853.519709,793,2,14,0,14,0
1765406853.536230,793,2,14,0,14,0
1765406853.553626,794,2,14,0,14,0
1765406853.570014,794,2,14,0,14,0
1765406853.586515,794,2,14,0,14,0
1765406853.602832,795,2,14,0,14,0
1765406853.620108,795,2,14,0,14,0
1765406853.636114,796,2,14,0,14,0
1765406853.652101,796,2,14,0,14,0
1765406853.668401,796,2,14,0,14,0
1765406853.684096,797,2,14,0,14,0
1765406853.700957,797,2,14,0,14,0
1765406853.717234,798,2,14,0,14,0
1765406853.733742,798,2,14,0,14,0
1765406853.749779,798,2,14,0,14,0
1765406853.766178,799,2,14,0,14,0
1765406853.783066,799,2,14,0,14,0
1765406853.799319,799,2,14,0,14,0
1765406853.816952,800,2,14,0,14,0
1765406853.833461,800,2,14,0,14,0
1765406853.849709,801,2,15,0,15,0
1765406853.884217,801,2,15,0,15,0
1765406853.904788,802,2,15,0,15,0
1765406853.921873,802,2,15,0,15,0
1765406853.937941,803,2,15,0,15,0
1765406853.955160,803,2,15,0,15,0
1765406853.972600,803,2,15,0,15,0
1765406853.989324,804,2,15,0,15,0
1765406854.006881,804,2,15,0,15,0
1765406854.023957,805,2,15,0,15,0
1765406854.040609,805,2,15,0,15,0
1765406854.057235,806,2,15,0,15,0
1765406854.074129,806,2,15,0,15,0
1765406854.091462,806,2,15,0,15,0
1765406854.107826,807,2,15,0,15,0
1765406854.125424,807,2,15,0,15,0
1765406854.141190,808,2,15,0,15,0
1765406854.158484,808,2,15,0,15,0
1765406854.174067,808,2,15,0,15,0
1765406854.190907,809,2,16,0,16,0
1765406854.207452,809,2,16,0,16,0
1765406854.223762,809,2,16,0,16,0
1765406854.241055,810,2,16,0,16,0
1765406854.257950,810,2,16,0,16,0
1765406854.274570,811,2,16,0,16,0
1765406854.290821,811,2,16,0,16,0
1765406854.306480,811,2,16,0,16,0
1765406854.322313,812,2,16,0,16,0
1765406854.339384,812,2,16,0,16,0
1765406854.356119,813,2,16,0,16,0
1765406854.372837,813,2,16,0,16,0
1765406854.389718,813,2,16,0,16,0
1765406854.405099,814,2,16,0,16,0
1765406854.422444,814,2,16,0,16,0
1765406854.438379,815,2,16,0,16,0
1765406854.454266,815,2,16,0,16,0
1765406854.470215,815,2,16,0,16,0
1765406854.486872,816,2,16,0,16,0
1765406854.504645,816,2,16,0,16,0
1765406854.520905,817,2,16,0,16,0
1765406854.537652,817,2,16,0,16,0
1765406854.553510,817,2,16,0,16,0
1765406854.569400,818,2,16,0,16,0
1765406854.585269,818,2,16,0,16,0
1765406854.602025,818,2,16,0,16,0
1765406854.619324,819,2,16,0,16,0
1765406854.636321,819,2,16,0,16,0
1765406854.652303,820,2,16,0,16,0
1765406854.668372,820,2,16,0,16,0
1765406854.685039,820,2,16,0,16,0
1765406854.701915,821,2,16,0,16,0
1765406854.718535,821,2,16,0,16,0
1765406854.735156,822,2,16,0,16,0
1765406854.751560,822,2,16,0,16,0
1765406854.768663,822,2,16,0,16,0
1765406854.784981,823,2,16,0,16,0
1765406854.802356,823,2,16,0,16,0
1765406854.818431,824,2,16,0,16,0
1765406854.834742,824,2,16,0,16,0
1765406854.850690,824,2,16,0,16,0
1765406854.866641,825,2,16,0,16,0
1765406854.882785,825,2,16,0,16,0
1765406854.898825,825,2,16,0,16,0
1765406854.914254,826,2,16,0,16,0
1765406854.930622,826,2,16,0,16,0
1765406854.947589,827,2,16,0,16,0
1765406854.962952,827,2,16,0,16,0
1765406854.979611,827,2,16,0,16,0
1765406854.996125,828,2,16,0,16,0
1765406855.012898,828,2,16,0,16,0
1765406855.030240,828,2,16,0,16,0
1765406855.046266,829,2,16,0,16,0
1765406855.062821,829,2,16,0,16,0
1765406855.078540,830,2,16,0,16,0
1765406855.094690,830,2,16,0,16,0
1765406855.110924,830,2,16,0,16,0
1765406855.128011,831,2,16,0,16,0
1765406855.144768,831,2,16,0,16,0
1765406855.160635,832,2,17,0,17,0
1765406855.177313,832,2,17,0,17,0
1765406855.194241,832,2,17,0,17,0
1765406855.210986,833,2,17,0,17,0
1765406855.227856,833,2,17,0,17,0
1765406855.244553,834,2,17,0,17,0
1765406855.260800,834,2,17,0,17,0
1765406855.276703,834,2,17,0,17,0
1765406855.293657,835,2,17,0,17,0
1765406855.310108,835,2,17,0,17,0
1765406855.327379,835,2,17,0,17,0
1765406855.343304,836,2,17,0,17,0
1765406855.359568,836,2,17,0,17,0
1765406855.376254,837,2,17,0,17,0
1765406855.392717,837,2,17,0,17,0
1765406855.408448,837,2,17,0,17,0
1765406855.424810,838,2,17,0,17,0
1765406855.441383,838,2,17,0,17,0
1765406855.458483,839,2,17,0,17,0
1765406855.474889,839,2,17,0,17,0
1765406855.492637,839,2,17,0,17,0
1765406855.509128,840,2,17,0,17,0
1765406855.526324,840,2,17,0,17,0
1765406855.543096,841,2,17,0,17,0
1765406855.560256,841,2,17,0,17,0
1765406855.576834,841,2,17,0,17,0
1765406855.594430,842,2,17,0,17,0
1765406855.611476,842,2,17,0,17,0
1765406855.627385,843,2,17,0,17,0
1765406855.644107,843,2,17,0,17,0
1765406855.660372,843,2,17,0,17,0
1765406855.677080,844,2,17,0,17,0
1765406855.692882,844,2,17,0,17,0
1765406855.710084,845,2,17,0,17,0
1765406855.726901,845,2,17,0,17,0
1765406855.743675,845,2,17,0,17,0
1765406855.758924,846,2,17,0,17,0
1765406855.775742,846,2,17,0,17,0
1765406855.792413,847,2,17,0,17,0
1765406855.809437,847,2,17,0,17,0
1765406855.826091,847,2,17,0,17,0
1765406855.843279,848,2,17,0,17,0
1765406855.860231,848,2,17,0,17,0
1765406855.876660,849,2,17,0,17,0
1765406855.893041,849,2,17,0,17,0
1765406855.909574,849,2,17,0,17,0
1765406855.926365,850,2,17,0,17,0
1765406855.943043,850,2,17,0,17,0
1765406855.959477,851,2,17,0,17,0
1765406855.976219,851,2,17,0,17,0
1765406855.993240,851,2,17,0,17,0
1765406856.010235,852,2,17,0,17,0
1765406856.027299,852,2,17,0,17,0
1765406856.044622,853,2,17,0,17,0
1765406856.060629,853,2,17,0,17,0
1765406856.076579,853,2,17,0,17,0
1765406856.092660,854,2,17,0,17,0
1765406856.108975,854,2,17,0,17,0
1765406856.125560,854,2,17,0,17,0
1765406856.141085,855,2,17,0,17,0
1765406856.157950,855,2,17,0,17,0
1765406856.174683,856,2,17,0,17,0
1765406856.190658,856,2,17,0,17,0
1765406856.206467,856,2,17,0,17,0
1765406856.222557,857,2,17,0,17,0
1765406856.238449,857,2,17,0,17,0
1765406856.255768,858,2,17,0,17,0
1765406856.271831,858,2,17,0,17,0
1765406856.288510,858,2,17,0,17,0
1765406856.304991,859,2,17,0,17,0
1765406856.321797,859,2,17,0,17,0
1765406856.338299,859,2,17,0,17,0
1765406856.354707,860,2,16,0,16,0
1765406856.371357,860,2,16,0,16,0
1765406856.388396,861,2,16,0,16,0
1765406856.404772,861,2,16,0,16,0
1765406856.421358,861,2,16,0,16,0
1765406856.437047,862,2,16,0,16,0
1765406856.454426,862,2,16,0,16,0
1765406856.471273,863,2,16,0,16,0
1765406856.487534,863,2,16,0,16,0
1765406856.504181,863,2,16,0,16,0
1765406856.521127,864,2,16,0,16,0
1765406856.537789,864,2,16,0,16,0
1765406856.554477,865,2,16,0,16,0
1765406856.572135,865,2,16,0,16,0
1765406856.588553,865,2,16,0,16,0
1765406856.604991,866,2,16,0,16,0
1765406856.622488,866,2,16,0,16,0
1765406856.638735,867,2,16,0,16,0
1765406856.654527,867,2,16,0,16,0
1765406856.671581,867,2,16,0,16,0
1765406856.687520,868,2,16,0,16,0
1765406856.703442,868,2,16,0,16,0
1765406856.719974,869,2,16,0,16,0
1765406856.736822,869,2,16,0,16,0
1765406856.753084,869,2,16,0,16,0
1765406856.770111,870,2,15,0,15,0
1765406856.786548,870,2,15,0,15,0
1765406856.802575,870,2,15,0,15,0
1765406856.818576,871,2,15,0,15,0
1765406856.835337,871,2,15,0,15,0
1765406856.852787,872,2,15,0,15,0
1765406856.868903,872,2,15,0,15,0
1765406856.886686,872,2,15,0,15,0
1765406856.902445,873,2,15,0,15,0
1765406856.918518,873,2,15,0,15,0
1765406856.936224,874,2,15,0,15,0
1765406856.953533,874,2,15,0,15,0
1765406856.970332,874,2,15,0,15,0
1765406856.987138,875,2,15,0,15,0
1765406857.003871,875,2,15,0,15,0
1765406857.020887,876,2,15,0,15,0
1765406857.038412,876,2,15,0,15,0
1765406857.055458,876,2,15,0,15,0
1765406857.072150,877,2,15,0,15,0
1765406857.089726,877,2,15,0,15,0
1765406857.106158,878,2,15,0,15,0
1765406857.123264,878,2,15,0,15,0
1765406857.139256,878,2,15,0,15,0
1765406857.155834,879,2,15,0,15,0
1765406857.174507,879,2,15,0,15,0
1765406857.191093,880,2,15,0,15,0
1765406857.207561,880,2,15,0,15,0
1765406857.224108,880,2,15,0,15,0
1765406857.241653,881,2,15,0,15,0
1765406857.257525,881,2,15,0,15,0
1765406857.274017,882,2,15,0,15,0
1765406857.291394,882,2,15,0,15,0
1765406857.308363,882,2,15,0,15,0
1765406857.324727,883,2,15,0,15,0
1765406857.340957,883,2,15,0,15,0
1765406857.357467,884,2,16,0,16,0
1765406857.373884,884,2,16,0,16,0
1765406857.390563,884,2,16,0,16,0
1765406857.406311,885,2,16,0,16,0
1765406857.422921,885,2,16,0,16,0
1765406857.440805,886,2,16,0,16,0
1765406857.456476,886,2,16,0,16,0
1765406857.472683,886,2,16,0,16,0
1765406857.488337,887,2,16,0,16,0
1765406857.504806,887,2,16,0,16,0
1765406857.521880,888,2,16,0,16,0
1765406857.539229,888,2,16,0,16,0
1765406857.555347,888,2,16,0,16,0
1765406857.571849,889,2,16,0,16,0
1765406857.589171,889,2,16,0,16,0
1765406857.606658,890,2,16,0,16,0
1765406857.623530,890,2,16,0,16,0
1765406857.640524,890,2,16,0,16,0
1765406857.656661,891,2,16,0,16,0
1765406857.672600,891,2,16,0,16,0
1765406857.688850,892,2,16,0,16,0
1765406857.706154,892,2,16,0,16,0
1765406857.722259,892,2,16,0,16,0
1765406857.738541,893,2,16,0,16,0
1765406857.754482,893,2,16,0,16,0
1765406857.771574,894,2,16,0,16,0
1765406857.788578,894,2,16,0,16,0
1765406857.804554,894,2,16,0,16,0
1765406857.820536,895,2,16,0,16,0
1765406857.836836,895,2,16,0,16,0
1765406857.853703,895,2,16,0,16,0
1765406857.871222,896,2,16,0,16,0
1765406857.887546,896,2,16,0,16,0
1765406857.904453,897,2,16,0,16,0
1765406857.921251,897,2,16,0,16,0
1765406857.937592,897,2,16,0,16,0
1765406857.954624,898,2,16,0,16,0
1765406857.970968,898,2,16,0,16,0
1765406857.987257,899,2,15,0,15,0
1765406858.003644,899,2,15,0,15,0
1765406858.019823,899,2,15,0,15,0
1765406858.036956,900,2,15,0,15,0
1765406858.053900,900,2,15,0,15,0
1765406858.070559,901,2,15,0,15,0
1765406858.086624,901,2,15,0,15,0
1765406858.103001,901,2,15,0,15,0
1765406858.119763,902,2,15,0,15,0
1765406858.137527,902,2,15,0,15,0
1765406858.153399,903,2,15,0,15,0
1765406858.171230,903,2,15,0,15,0
1765406858.187987,903,2,15,0,15,0
1765406858.204542,904,2,15,0,15,0
1765406858.220811,904,2,15,0,15,0
1765406858.236905,905,2,15,0,15,0
1765406858.255245,905,2,15,0,15,0
1765406858.271797,905,2,15,0,15,0
1765406858.288730,906,2,15,0,15,0
1765406858.304969,906,2,15,0,15,0
1765406858.321529,907,2,15,0,15,0
1765406858.337689,907,2,15,0,15,0
1765406858.353358,907,2,15,0,15,0
1765406858.369778,908,2,15,0,15,0
1765406858.385061,908,2,15,0,15,0
1765406858.403144,908,2,15,0,15,0
1765406858.419833,909,2,15,0,15,0
1765406858.435688,909,2,15,0,15,0
1765406858.452046,910,2,15,0,15,0
1765406858.468870,910,2,15,0,15,0
1765406858.485209,910,2,15,0,15,0
1765406858.501830,911,2,15,0,15,0
1765406858.518441,911,2,15,0,15,0
1765406858.534144,912,2,15,0,15,0
1765406858.551423,912,2,15,0,15,0
1765406858.567766,912,2,15,0,15,0
1765406858.583690,913,2,15,0,15,0
1765406858.600093,913,2,15,0,15,0
1765406858.617148,914,2,15,0,15,0
1765406858.634362,914,2,15,0,15,0
1765406858.650703,914,2,15,0,15,0
1765406858.666870,915,2,15,0,15,0
1765406858.683996,915,2,15,0,15,0
1765406858.700649,916,2,16,0,16,0
1765406858.716537,916,2,16,0,16,0
1765406858.733658,916,2,16,0,16,0
1765406858.750509,917,2,16,0,16,0
1765406858.766305,917,2,16,0,16,0
1765406858.782415,917,2,16,0,16,0
1765406858.798592,918,2,16,0,16,0
1765406858.814111,918,2,16,0,16,0
1765406858.830769,919,2,16,0,16,0
1765406858.847566,919,2,16,0,16,0
1765406858.863124,919,2,16,0,16,0
1765406858.879912,920,2,16,0,16,0
1765406858.896442,920,2,16,0,16,0
1765406858.912562,921,2,16,0,16,0
1765406858.928592,921,2,16,0,16,0
1765406858.944828,921,2,16,0,16,0
1765406858.962400,922,2,16,0,16,0
1765406858.979261,922,2,16,0,16,0
1765406858.995853,923,2,16,0,16,0
1765406859.012891,923,2,16,0,16,0
1765406859.028986,923,2,16,0,16,0
1765406859.046845,924,2,16,0,16,0
1765406859.063899,924,2,16,0,16,0
1765406859.081532,925,2,16,0,16,0
1765406859.097412,925,2,16,0,16,0
1765406859.113051,925,2,16,0,16,0
1765406859.129565,926,2,16,0,16,0
1765406859.146377,926,2,16,0,16,0
1765406859.162673,926,2,16,0,16,0
1765406859.179852,927,2,17,0,17,0
1765406859.197367,927,2,17,0,17,0
1765406859.214190,928,2,17,0,17,0
1765406859.230362,928,2,17,0,17,0
1765406859.247111,928,2,17,0,17,0
1765406859.263662,929,2,17,0,17,0
1765406859.280050,929,2,17,0,17,0
1765406859.297194,930,2,17,0,17,0
1765406859.314261,930,2,17,0,17,0
1765406859.330454,930,2,17,0,17,0
1765406859.347525,931,2,17,0,17,0
1765406859.363865,931,2,17,0,17,0
1765406859.381106,932,2,17,0,17,0
1765406859.397312,932,2,17,0,17,0
1765406859.413881,932,2,17,0,17,0
1765406859.430756,933,2,17,0,17,0
1765406859.447306,933,2,17,0,17,0
1765406859.464093,934,2,17,0,17,0
1765406859.480817,934,2,17,0,17,0
1765406859.497319,934,2,17,0,17,0
1765406859.514030,935,2,17,0,17,0
1765406859.532267,935,2,17,0,17,0
1765406859.548472,936,2,17,0,17,0
1765406859.565275,936,2,17,0,17,0
1765406859.581549,936,2,17,0,17,0
1765406859.597486,937,2,17,0,17,0
1765406859.614955,937,2,17,0,17,0
1765406859.631604,938,2,17,0,17,0
1765406859.647562,938,2,17,0,17,0
1765406859.663661,938,2,17,0,17,0
1765406859.679939,939,2,17,0,17,0
1765406859.696498,939,2,17,0,17,0
1765406859.712773,940,2,17,0,17,0
1765406859.729650,940,2,17,0,17,0
1765406859.746329,940,2,17,0,17,0
1765406859.763583,941,2,17,0,17,0
1765406859.779733,941,2,17,0,17,0
1765406859.795286,941,2,17,0,17,0
1765406859.811388,942,2,17,0,17,0
1765406859.828239,942,2,17,0,17,0
1765406859.844488,943,2,17,0,17,0
1765406859.861218,943,2,17,0,17,0
1765406859.877189,943,2,17,0,17,0
1765406859.894049,944,2,17,0,17,0
1765406859.910795,944,2,17,0,17,0
1765406859.926622,945,2,17,0,17,0
1765406859.942424,945,2,17,0,17,0
1765406859.958091,945,2,17,0,17,0
1765406859.975118,946,2,17,0,17,0
1765406859.992102,946,2,17,0,17,0
1765406860.008529,947,2,17,0,17,0
1765406860.024599,947,2,17,0,17,0
1765406860.040505,947,2,17,0,17,0
1765406860.056699,948,2,17,0,17,0
1765406860.072781,948,2,17,0,17,0
1765406860.089339,948,2,17,0,17,0
1765406860.106256,949,2,17,0,17,0
1765406860.123163,949,2,17,0,17,0
1765406860.139700,950,2,17,0,17,0
1765406860.156501,950,2,17,0,17,0
1765406860.173520,950,2,17,0,17,0
1765406860.189255,951,2,17,0,17,0
1765406860.207076,951,2,17,0,17,0
1765406860.223877,952,2,17,0,17,0
1765406860.241605,952,2,17,0,17,0
1765406860.258232,952,2,17,0,17,0
1765406860.274517,953,2,17,0,17,0
1765406860.290445,953,2,17,0,17,0
1765406860.306525,954,2,17,0,17,0
1765406860.323703,954,2,17,0,17,0
1765406860.340282,954,2,17,0,17,0
1765406860.357312,955,2,17,0,17,0
1765406860.374742,955,2,17,0,17,0
1765406860.391296,956,2,17,1,17,1
1765406860.408834,956,2,17,1,17,1
1765406860.425656,956,2,17,1,17,1
1765406860.442373,957,2,17,1,17,1
1765406860.458635,957,2,17,1,17,1
1765406860.474463,958,2,17,1,17,1
1765406860.490548,958,2,17,1,17,1
1765406860.506684,958,2,17,1,17,1
1765406860.522909,959,2,17,1,17,1
1765406860.539750,959,2,17,1,17,1
1765406860.555832,960,2,17,1,17,1
1765406860.573060,960,2,17,1,17,1
1765406860.589255,960,2,17,1,17,1
1765406860.605675,961,2,17,1,17,1
1765406860.621925,961,2,17,1,17,1
1765406860.638624,961,2,17,1,17,1
1765406860.654990,962,2,17,1,17,1
1765406860.671521,962,2,17,1,17,1
1765406860.687881,963,2,17,1,17,1
1765406860.704991,963,2,17,1,17,1
1765406860.722067,963,2,17,1,17,1
1765406860.738853,964,2,17,1,17,1
1765406860.756960,964,2,17,1,17,1
1765406860.773434,965,2,17,1,17,1
1765406860.789163,965,2,17,1,17,1
1765406860.806636,965,2,17,1,17,1
1765406860.823059,966,2,17,1,17,1
1765406860.840318,966,2,17,1,17,1
1765406860.856615,967,2,17,1,17,1
1765406860.873647,967,2,17,1,17,1
1765406860.889503,967,2,17,1,17,1
1765406860.906612,968,2,17,1,17,1
1765406860.922812,968,2,17,1,17,1
1765406860.938516,969,2,17,1,17,1
1765406860.956143,969,2,17,1,17,1
1765406860.972669,969,2,17,1,17,1
1765406860.988437,970,2,17,1,17,1
1765406861.005193,970,2,17,1,17,1
1765406861.021377,971,2,17,1,17,1
1765406861.037337,971,2,17,1,17,1
1765406861.054291,971,2,17,1,17,1
1765406861.070694,972,2,17,1,17,1
1765406861.087778,972,2,17,1,17,1
1765406861.103285,973,2,16,1,16,1
1765406861.120095,973,2,16,1,16,1
1765406861.136796,973,2,16,1,16,1
1765406861.153366,974,2,16,1,16,1
1765406861.169516,974,2,16,1,16,1
1765406861.186284,974,2,16,1,16,1
1765406861.202638,975,2,16,1,16,1
1765406861.218899,975,2,16,1,16,1
1765406861.237265,976,2,16,1,16,1
1765406861.254670,976,2,16,1,16,1
1765406861.271291,976,2,16,1,16,1
1765406861.287847,977,2,16,1,16,1
1765406861.304188,977,2,16,1,16,1
1765406861.320810,978,2,16,1,16,1
1765406861.336672,978,2,16,1,16,1
1765406861.353591,978,2,16,1,16,1
1765406861.369838,979,2,16,1,16,1
1765406861.386760,979,2,16,1,16,1
1765406861.402581,980,2,16,1,16,1
1765406861.418404,980,2,16,1,16,1
1765406861.434610,980,2,16,1,16,1
1765406861.450391,981,2,16,1,16,1
1765406861.466332,981,2,16,1,16,1
1765406861.482260,982,2,16,1,16,1
1765406861.499112,982,2,16,1,16,1
1765406861.515558,982,2,16,1,16,1
1765406861.532594,983,2,16,1,16,1
1765406861.548850,983,2,16,1,16,1
1765406861.565612,983,2,16,1,16,1
1765406861.582235,984,2,16,1,16,1
1765406861.598929,984,2,16,1,16,1
1765406861.616432,985,2,16,1,16,1
1765406861.633034,985,2,16,1,16,1
1765406861.650909,985,2,16,1,16,1
1765406861.667685,986,2,16,1,16,1
1765406861.683849,986,2,16,1,16,1
1765406861.700379,987,2,16,1,16,1
1765406861.717075,987,2,16,1,16,1
1765406861.733342,987,2,16,1,16,1
1765406861.749332,988,2,16,2,16,2
1765406861.765408,988,2,16,2,16,2
1765406861.781189,989,2,16,2,16,2
1765406861.797423,989,2,16,2,16,2
1765406861.814724,989,2,16,2,16,2
1765406861.831557,990,2,16,2,16,2
1765406861.847526,990,2,16,2,16,2
1765406861.863755,991,2,16,2,16,2
1765406861.879270,991,2,16,2,16,2
1765406861.896459,991,2,16,2,16,2
1765406861.913837,992,2,16,2,16,2
1765406861.930256,992,2,16,2,16,2
1765406861.946937,993,2,16,2,16,2
1765406861.964026,993,2,16,2,16,2
1765406861.980682,993,2,16,2,16,2
1765406861.996945,994,2,16,2,16,2
1765406862.013499,994,2,16,2,16,2
1765406862.029426,994,2,16,2,16,2
1765406862.046501,995,2,16,2,16,2
1765406862.062869,995,2,16,2,16,2
1765406862.080678,996,2,16,2,16,2
1765406862.096416,996,2,16,2,16,2
1765406862.113219,996,2,16,2,16,2
1765406862.130531,997,2,16,2,16,2
1765406862.147128,997,2,16,2,16,2
1765406862.163707,998,2,16,2,16,2
1765406862.179560,998,2,16,2,16,2
1765406862.195673,998,2,16,2,16,2
1765406862.211488,999,2,16,2,16,2
1765406862.227399,999,2,16,2,16,2
1765406862.243173,1000,2,16,2,16,2
1765406862.261293,1000,2,16,2,16,2
1765406862.277722,1000,2,16,2,16,2
1765406862.294651,1001,2,16,2,16,2
1765406862.311057,1001,2,16,2,16,2
1765406862.327522,1002,2,16,2,16,2
1765406862.344664,1002,2,16,2,16,2
1765406862.360678,1002,2,16,2,16,2
1765406862.376950,1003,2,16,2,16,2
1765406862.393272,1003,2,16,2,16,2
1765406862.409651,1003,2,16,2,16,2
1765406862.426308,1004,2,16,2,16,2
1765406862.442935,1004,2,16,2,16,2
1765406862.459455,1005,2,16,2,16,2
1765406862.475685,1005,2,16,2,16,2
1765406862.491571,1005,2,16,2,16,2
1765406862.508590,1006,2,16,2,16,2
1765406862.525102,1006,2,16,2,16,2
1765406862.542302,1007,2,16,2,16,2
1765406862.559446,1007,2,16,2,16,2
1765406862.576537,1007,2,16,2,16,2
1765406862.593013,1008,2,16,2,16,2
1765406862.609431,1008,2,16,2,16,2
1765406862.626470,1009,2,16,2,16,2
1765406862.642776,1009,2,16,2,16,2
1765406862.659204,1009,2,16,2,16,2
1765406862.675908,1010,2,16,2,16,2
1765406862.693329,1010,2,16,2,16,2
1765406862.709296,1011,2,16,2,16,2
1765406862.725662,1011,2,16,2,16,2
1765406862.742308,1011,2,16,2,16,2
1765406862.758449,1012,2,16,2,16,2
1765406862.775789,1012,2,16,2,16,2
1765406862.791127,1012,2,16,2,16,2
1765406862.808159,1013,2,16,2,16,2
1765406862.825299,1013,2,16,2,16,2
1765406862.842809,1014,2,16,2,16,2
1765406862.858337,1014,2,16,2,16,2
1765406862.874652,1014,2,16,2,16,2
1765406862.890495,1015,2,16,2,16,2
1765406862.907443,1015,2,16,2,16,2
1765406862.923272,1016,2,16,2,16,2
1765406862.940368,1016,2,16,2,16,2
1765406862.957297,1016,2,16,2,16,2
1765406862.973812,1017,2,16,2,16,2
1765406862.990000,1017,2,16,2,16,2
1765406863.007245,1018,2,16,2,16,2
1765406863.024336,1018,2,16,2,16,2
1765406863.040511,1018,2,16,2,16,2
1765406863.057497,1019,2,16,2,16,2
1765406863.073935,1019,2,16,2,16,2
1765406863.091476,1020,2,16,2,16,2
1765406863.106591,1020,2,16,2,16,2
1765406863.123725,1020,2,16,2,16,2
1765406863.140551,1021,2,16,2,16,2
1765406863.156759,1021,2,16,2,16,2
1765406863.172649,1021,2,16,2,16,2
1765406863.188906,1022,2,16,2,16,2
1765406863.205169,1022,2,16,2,16,2
1765406863.221616,1023,2,16,2,16,2
1765406863.237690,1023,2,16,2,16,2
1765406863.254204,1023,2,16,2,16,2
1765406863.270546,1024,2,16,1,16,1
1765406863.287334,1024,2,16,1,16,1
1765406863.303873,1025,2,16,1,16,1
1765406863.320882,1025,2,16,1,16,1
1765406863.338289,1025,2,16,1,16,1
1765406863.354173,1026,2,16,1,16,1
1765406863.370039,1026,2,16,1,16,1
1765406863.387921,1027,2,16,1,16,1
1765406863.405376,1027,2,16,1,16,1
1765406863.421121,1027,2,16,1,16,1
1765406863.437751,1028,2,16,1,16,1
1765406863.453903,1028,2,16,1,16,1
1765406863.470670,1029,2,16,1,16,1
1765406863.487925,1029,2,16,1,16,1
1765406863.505341,1029,2,16,1,16,1
1765406863.521806,1030,2,16,1,16,1
1765406863.537491,1030,2,16,1,16,1
1765406863.554216,1031,2,16,1,16,1
1765406863.571004,1031,2,16,1,16,1
1765406863.588443,1031,2,16,1,16,1
1765406863.605230,1032,2,16,1,16,1
1765406863.621914,1032,2,16,1,16,1
1765406863.639294,1033,2,16,1,16,1
1765406863.655674,1033,2,16,1,16,1
1765406863.671441,1033,2,16,1,16,1
1765406863.688049,1034,2,16,1,16,1
1765406863.705485,1034,2,16,1,16,1
1765406863.721770,1035,2,16,1,16,1
1765406863.737538,1035,2,16,1,16,1
1765406863.754384,1035,2,16,1,16,1
1765406863.770727,1036,2,16,1,16,1
1765406863.787306,1036,2,16,1,16,1
1765406863.803978,1037,2,16,1,16,1
1765406863.821042,1037,2,16,1,16,1
1765406863.838392,1037,2,16,1,16,1
1765406863.855411,1038,2,16,1,16,1
1765406863.872719,1038,2,16,1,16,1
1765406863.889108,1039,2,16,1,16,1
1765406863.906598,1039,2,16,1,16,1
1765406863.922718,1039,2,16,1,16,1
1765406863.938386,1040,2,17,1,17,1
1765406863.954453,1040,2,17,1,17,1
1765406863.971124,1040,2,17,1,17,1
1765406863.989168,1041,2,17,1,17,1
1765406864.006410,1041,2,17,1,17,1
1765406864.022596,1042,2,17,1,17,1
1765406864.039169,1042,2,17,1,17,1
1765406864.056740,1043,2,17,1,17,1
1765406864.072991,1043,2,17,1,17,1
1765406864.090333,1043,2,17,1,17,1
1765406864.106612,1044,2,17,1,17,1
1765406864.122584,1044,2,17,1,17,1
1765406864.138244,1044,2,17,1,17,1
1765406864.154758,1045,2,17,1,17,1
1765406864.170535,1045,2,17,1,17,1
1765406864.186549,1046,2,17,1,17,1
1765406864.202479,1046,2,17,1,17,1
1765406864.219624,1046,2,17,1,17,1
1765406864.236196,1047,2,17,1,17,1
1765406864.252683,1047,2,17,1,17,1
1765406864.269012,1048,2,17,1,17,1
1765406864.286328,1048,2,17,1,17,1
1765406864.302822,1048,2,17,1,17,1
1765406864.319698,1049,2,17,1,17,1
1765406864.336522,1049,2,17,1,17,1
1765406864.353581,1050,2,17,2,17,2
1765406864.370093,1050,2,17,2,17,2
1765406864.387553,1050,2,17,2,17,2
1765406864.403434,1051,2,17,2,17,2
1765406864.420127,1051,2,17,2,17,2
1765406864.437386,1052,2,17,2,17,2
1765406864.453660,1052,2,17,2,17,2
1765406864.470315,1052,2,17,2,17,2
1765406864.486899,1053,2,17,2,17,2
1765406864.503905,1053,2,17,2,17,2
1765406864.521056,1054,2,17,2,17,2
1765406864.537868,1054,2,17,2,17,2
1765406864.555919,1054,2,17,2,17,2
1765406864.572894,1055,2,17,2,17,2
1765406864.589628,1055,2,17,2,17,2
1765406864.605416,1056,2,17,2,17,2
1765406864.621836,1056,2,17,2,17,2
1765406864.638901,1056,2,17,2,17,2
1765406864.655920,1057,2,17,2,17,2
1765406864.673283,1057,2,17,2,17,2
1765406864.689430,1058,2,17,2,17,2
1765406864.705296,1058,2,17,2,17,2
1765406864.722275,1058,2,17,2,17,2
1765406864.739041,1059,2,16,2,16,2
1765406864.755045,1059,2,16,2,16,2
1765406864.772908,1059,2,16,2,16,2
1765406864.789370,1060,2,16,2,16,2
1765406864.805633,1060,2,16,2,16,2
1765406864.822367,1061,2,16,2,16,2
1765406864.838437,1061,2,16,2,16,2
1765406864.854717,1061,2,16,2,16,2
1765406864.870970,1062,2,16,2,16,2
1765406864.888451,1062,2,16,2,16,2
1765406864.904653,1063,2,16,2,16,2
1765406864.921107,1063,2,16,2,16,2
1765406864.937739,1063,2,16,2,16,2
1765406864.953860,1064,2,16,2,16,2
1765406864.970274,1064,2,16,2,16,2
1765406864.986675,1065,2,16,2,16,2
1765406865.002766,1065,2,16,2,16,2
1765406865.018808,1065,2,16,2,16,2
1765406865.034985,1066,2,16,2,16,2
1765406865.051985,1066,2,16,2,16,2
1765406865.069091,1067,2,16,2,16,2
1765406865.086012,1067,2,16,2,16,2
1765406865.102089,1067,2,16,2,16,2
1765406865.171610,1068,2,16,2,16,2
1765406865.189676,1068,2,16,2,16,2
1765406865.206936,1069,2,16,2,16,2
1765406865.222701,1069,2,16,2,16,2
1765406865.239835,1070,2,16,2,16,2
1765406865.256737,1070,2,16,2,16,2
1765406865.273080,1070,2,16,2,16,2
1765406865.290496,1071,2,16,2,16,2
1765406865.306535,1071,2,16,2,16,2
1765406865.322262,1071,2,16,2,16,2
1765406865.338754,1072,2,16,2,16,2
1765406865.355732,1072,2,16,2,16,2
1765406865.371115,1073,2,16,2,16,2
1765406865.388725,1073,2,16,2,16,2
1765406865.405141,1073,2,16,2,16,2
1765406865.421087,1074,2,16,2,16,2
1765406865.437735,1074,2,16,2,16,2
1765406865.453924,1075,2,16,2,16,2
1765406865.470948,1075,2,16,2,16,2
1765406865.487434,1075,2,16,2,16,2
1765406865.504024,1076,2,16,2,16,2
1765406865.520206,1076,2,16,2,16,2
1765406865.537246,1077,2,16,2,16,2
1765406865.553290,1077,2,16,2,16,2
1765406865.570145,1077,2,16,2,16,2
1765406865.587391,1078,2,16,2,16,2
1765406865.603445,1078,2,16,2,16,2
1765406865.619707,1079,2,16,2,16,2
1765406865.636419,1079,2,16,2,16,2
1765406865.653253,1079,2,16,2,16,2
1765406865.670744,1080,2,16,2,16,2
1765406865.686852,1080,2,16,2,16,2
1765406865.703896,1081,2,16,2,16,2
1765406865.721568,1081,2,16,2,16,2
1765406865.737576,1081,2,16,2,16,2
1765406865.753064,1082,2,16,2,16,2
1765406865.770050,1082,2,16,2,16,2
1765406865.787598,1083,2,16,2,16,2
1765406865.803955,1083,2,16,2,16,2
1765406865.820956,1083,2,16,2,16,2
1765406865.837695,1084,2,15,2,15,2
1765406865.853624,1084,2,15,2,15,2
1765406865.870071,1084,2,15,2,15,2
1765406865.886733,1085,2,15,2,15,2
1765406865.902434,1085,2,15,2,15,2
1765406865.919205,1086,2,15,2,15,2
1765406865.935082,1086,2,15,2,15,2
1765406865.951805,1086,2,15,2,15,2
1765406865.967454,1087,2,15,2,15,2
1765406865.983651,1087,2,15,2,15,2
1765406865.999483,1088,2,15,2,15,2
1765406866.015990,1088,2,15,2,15,2
1765406866.032569,1088,2,15,2,15,2
1765406866.048892,1089,2,15,2,15,2
1765406866.066380,1089,2,15,2,15,2
1765406866.083572,1090,2,15,2,15,2
1765406866.099142,1090,2,15,2,15,2
1765406866.115663,1090,2,15,2,15,2
1765406866.131711,1091,2,15,2,15,2
1765406866.147294,1091,2,15,2,15,2
1765406866.163623,1091,2,15,2,15,2
1765406866.180206,1092,2,15,2,15,2
1765406866.196445,1092,2,15,2,15,2
1765406866.213542,1093,2,15,2,15,2
1765406866.228984,1093,2,15,2,15,2
1765406866.245776,1093,2,15,2,15,2
1765406866.262383,1094,2,15,2,15,2
1765406866.279147,1094,2,15,2,15,2
1765406866.296521,1095,2,15,2,15,2
1765406866.312387,1095,2,15,2,15,2
1765406866.329419,1095,2,15,2,15,2
1765406866.346463,1096,2,15,2,15,2
1765406866.361900,1096,2,15,2,15,2
1765406866.378614,1097,2,15,2,15,2
1765406866.394567,1097,2,15,2,15,2
1765406866.411408,1097,2,15,2,15,2
1765406866.428011,1098,2,15,2,15,2
1765406866.444353,1098,2,15,2,15,2
1765406866.462175,1099,2,15,2,15,2
1765406866.478877,1099,2,15,2,15,2
1765406866.495788,1099,2,15,2,15,2
1765406866.511355,1100,2,15,2,15,2
1765406866.527654,1100,2,15,2,15,2
1765406866.543841,1100,2,15,2,15,2
1765406866.561658,1101,2,15,2,15,2
1765406866.577746,1101,2,15,2,15,2
1765406866.594228,1102,2,15,2,15,2
1765406866.611257,1102,2,15,2,15,2
1765406866.627564,1102,2,15,2,15,2
1765406866.643934,1103,2,15,2,15,2
1765406866.661573,1103,2,15,2,15,2
1765406866.678429,1104,2,15,2,15,2
1765406866.694505,1104,2,15,2,15,2
1765406866.710719,1104,2,15,2,15,2
1765406866.726854,1105,2,15,2,15,2
1765406866.743866,1105,2,15,2,15,2
1765406866.760342,1106,2,15,2,15,2
1765406866.777269,1106,2,15,2,15,2
1765406866.794073,1106,2,15,2,15,2
1765406866.810357,1107,2,15,2,15,2
1765406866.827380,1107,2,15,2,15,2
1765406866.844359,1108,2,15,2,15,2
1765406866.861238,1108,2,15,2,15,2
1765406866.877975,1108,2,15,2,15,2
1765406866.894330,1109,2,15,2,15,2
1765406866.910577,1109,2,15,2,15,2
1765406866.926585,1110,2,15,2,15,2
1765406866.943697,1110,2,15,2,15,2
1765406866.959542,1110,2,15,2,15,2
1765406866.975881,1111,2,15,2,15,2
1765406866.993367,1111,2,15,2,15,2
1765406867.010372,1112,2,15,2,15,2
1765406867.026814,1112,2,15,2,15,2
1765406867.043635,1112,2,15,2,15,2
1765406867.060049,1113,2,15,2,15,2
1765406867.076192,1113,2,15,2,15,2
1765406867.093246,1114,2,15,2,15,2
1765406867.110514,1114,2,15,2,15,2
1765406867.127048,1114,2,15,2,15,2
1765406867.143796,1115,2,15,2,15,2
1765406867.161565,1115,2,15,2,15,2
1765406867.177983,1116,2,15,2,15,2
1765406867.195517,1116,2,15,2,15,2
1765406867.211787,1116,2,15,2,15,2
1765406867.227648,1117,2,15,2,15,2
1765406867.244074,1117,2,15,2,15,2
1765406867.260493,1118,2,15,2,15,2
1765406867.276135,1118,2,15,2,15,2
1765406867.293441,1118,2,15,2,15,2
1765406867.309694,1119,2,15,2,15,2
1765406867.325297,1119,2,15,2,15,2
1765406867.342086,1120,2,15,3,15,3
1765406867.358615,1120,2,15,3,15,3
1765406867.374656,1120,2,15,3,15,3
1765406867.390955,1121,2,15,3,15,3
1765406867.408772,1121,2,15,3,15,3
1765406867.425020,1122,2,15,3,15,3
1765406867.442101,1122,2,15,3,15,3
1765406867.460968,1122,2,15,3,15,3
1765406867.602598,1123,2,15,3,15,3
1765406867.618636,1124,2,15,3,15,3
1765406867.634616,1124,2,15,3,15,3
1765406867.651377,1125,2,15,3,15,3
1765406867.667728,1125,2,15,3,15,3
1765406867.684027,1126,2,15,3,15,3
1765406867.700362,1126,2,15,3,15,3
1765406867.716722,1126,2,15,3,15,3
1765406867.733087,1127,2,15,3,15,3
1765406867.749857,1127,2,15,3,15,3
1765406867.766124,1127,2,15,3,15,3
1765406867.783149,1128,2,15,3,15,3
1765406867.800211,1128,2,15,3,15,3
1765406867.816658,1129,2,15,3,15,3
1765406867.832391,1129,2,15,3,15,3
1765406867.848152,1129,2,15,3,15,3
1765406867.864174,1130,2,15,3,15,3
1765406867.881186,1130,2,15,3,15,3
1765406867.897395,1131,2,15,3,15,3
1765406867.913727,1131,2,15,3,15,3
1765406867.929581,1131,2,15,3,15,3
1765406867.945451,1132,2,15,3,15,3
1765406867.961264,1132,2,15,3,15,3
1765406867.977647,1132,2,15,3,15,3
1765406867.994150,1133,2,15,3,15,3
1765406868.010377,1133,2,15,3,15,3
1765406868.026825,1134,2,15,3,15,3
1765406868.042203,1134,2,15,3,15,3
1765406868.059359,1134,2,15,3,15,3
1765406868.076452,1135,2,15,3,15,3
1765406868.092680,1135,2,15,3,15,3
1765406868.108837,1136,2,15,3,15,3
1765406868.126454,1136,2,15,3,15,3
1765406868.142926,1136,2,15,3,15,3
1765406868.159973,1137,2,15,3,15,3
1765406868.177268,1137,2,15,3,15,3
1765406868.193649,1138,2,15,3,15,3
1765406868.210196,1138,2,15,3,15,3
1765406868.226821,1138,2,15,3,15,3
1765406868.243358,1139,2,15,3,15,3
1765406868.260135,1139,2,15,3,15,3
1765406868.276150,1140,2,15,3,15,3
1765406868.293123,1140,2,15,3,15,3
1765406868.310741,1140,2,15,3,15,3
1765406868.327733,1141,2,15,3,15,3
1765406868.343603,1141,2,15,3,15,3
1765406868.359134,1141,2,15,3,15,3
1765406868.375495,1142,2,15,3,15,3
1765406868.391659,1142,2,15,3,15,3
1765406868.408478,1143,2,15,3,15,3
1765406868.425759,1143,2,15,3,15,3
1765406868.441540,1143,2,15,3,15,3
1765406868.457667,1144,2,15,3,15,3
1765406868.473790,1144,2,15,3,15,3
1765406868.491802,1145,2,15,3,15,3
1765406868.507923,1145,2,15,3,15,3
1765406868.524765,1145,2,15,3,15,3
1765406868.540968,1146,2,15,3,15,3
1765406868.558568,1146,2,15,3,15,3
1765406868.575891,1147,2,15,3,15,3
1765406868.592375,1147,2,15,3,15,3
1765406868.609977,1147,2,15,3,15,3
1765406868.626651,1148,2,15,3,15,3
1765406868.643188,1148,2,15,3,15,3
1765406868.659292,1149,2,14,3,14,3
1765406868.676442,1149,2,14,3,14,3
1765406868.693051,1149,2,14,3,14,3
1765406868.710431,1150,2,14,3,14,3
1765406868.727703,1150,2,14,3,14,3
1765406868.743827,1151,2,14,3,14,3
1765406868.760753,1151,2,14,3,14,3
1765406868.776228,1151,2,14,3,14,3
1765406868.793344,1152,2,14,3,14,3
1765406868.810548,1152,2,14,3,14,3
1765406868.826737,1153,2,14,3,14,3
1765406868.842380,1153,2,14,3,14,3
1765406868.858281,1153,2,14,3,14,3
1765406868.874668,1154,2,14,3,14,3
1765406868.891468,1154,2,14,3,14,3
1765406868.908195,1154,2,14,3,14,3
1765406868.925676,1155,2,14,3,14,3
1765406868.941385,1155,2,14,3,14,3
1765406868.957775,1156,2,14,3,14,3
1765406868.973092,1156,2,14,3,14,3
1765406868.989596,1156,2,14,3,14,3
1765406869.005439,1157,2,14,3,14,3
1765406869.021724,1157,2,14,3,14,3
1765406869.037744,1158,2,14,3,14,3
1765406869.053847,1158,2,14,3,14,3
1765406869.071351,1158,2,14,3,14,3
1765406869.087967,1159,2,14,3,14,3
1765406869.104902,1159,2,14,3,14,3
1765406869.121722,1160,2,14,3,14,3
1765406869.137672,1160,2,14,3,14,3
1765406869.153603,1160,2,14,3,14,3
1765406869.170150,1161,2,14,3,14,3
1765406869.186701,1161,2,14,3,14,3
1765406869.202610,1161,2,14,3,14,3
1765406869.219330,1162,2,14,3,14,3
1765406869.236809,1162,2,14,3,14,3
1765406869.252151,1163,2,14,3,14,3
1765406869.269351,1163,2,14,3,14,3
1765406869.285880,1163,2,14,3,14,3
1765406869.302719,1164,2,14,3,14,3
1765406869.318215,1164,2,14,3,14,3
1765406869.334521,1165,2,14,3,14,3
1765406869.350513,1165,2,14,3,14,3
1765406869.366458,1165,2,14,3,14,3
1765406869.383590,1166,2,14,3,14,3
1765406869.399419,1166,2,14,3,14,3
1765406869.415303,1166,2,14,3,14,3
1765406869.431796,1167,2,14,4,14,4
1765406869.448293,1167,2,14,4,14,4
1765406869.465035,1168,2,14,4,14,4
1765406869.481600,1168,2,14,4,14,4
1765406869.497765,1168,2,14,4,14,4
1765406869.513201,1169,2,14,4,14,4
1765406869.530332,1169,2,14,4,14,4
1765406869.546533,1170,2,14,4,14,4
1765406869.563037,1170,2,14,4,14,4
1765406869.580508,1170,2,14,4,14,4
1765406869.597459,1171,2,14,4,14,4
1765406869.614107,1171,2,14,4,14,4
1765406869.630791,1172,2,14,4,14,4
1765406869.647635,1172,2,14,4,14,4
1765406869.664027,1172,2,14,4,14,4
1765406869.680651,1173,2,14,4,14,4
1765406869.696354,1173,2,14,4,14,4
1765406869.713598,1174,2,14,4,14,4
1765406869.728962,1174,2,14,4,14,4
1765406869.745551,1174,2,14,4,14,4
1765406869.761569,1175,2,14,4,14,4
1765406869.778474,1175,2,14,4,14,4
1765406869.794858,1176,2,14,4,14,4
1765406869.812332,1176,2,14,4,14,4
1765406869.828619,1176,2,14,4,14,4
1765406869.843959,1177,2,14,4,14,4
1765406869.860315,1177,2,14,4,14,4
1765406869.877187,1177,2,14,4,14,4
1765406869.893646,1178,2,14,5,14,5
1765406869.910419,1178,2,14,5,14,5
1765406869.926685,1179,2,14,5,14,5
1765406869.942841,1179,2,14,5,14,5
1765406869.959191,1179,2,14,5,14,5
1765406869.976242,1180,2,14,5,14,5
1765406869.993618,1180,2,14,5,14,5
1765406870.010551,1181,2,14,5,14,5
1765406870.026391,1181,2,14,5,14,5
1765406870.042716,1181,2,14,5,14,5
1765406870.057976,1182,2,14,5,14,5
1765406870.074663,1182,2,14,5,14,5
1765406870.090770,1183,2,14,5,14,5
1765406870.107973,1183,2,14,5,14,5
1765406870.125567,1183,2,14,5,14,5
1765406870.142301,1184,2,14,5,14,5
1765406870.159072,1184,2,14,5,14,5
1765406870.175998,1185,2,14,5,14,5
1765406870.192765,1185,2,14,5,14,5
1765406870.209055,1185,2,14,5,14,5
1765406870.225922,1186,2,14,5,14,5
1765406870.242968,1186,2,14,5,14,5
1765406870.259855,1187,2,13,5,13,5
1765406870.277073,1187,2,13,5,13,5
1765406870.294382,1187,2,13,5,13,5
1765406870.310255,1188,2,13,5,13,5
1765406870.326781,1188,2,13,5,13,5
1765406870.344032,1189,2,13,5,13,5
1765406870.360759,1189,2,13,5,13,5
1765406870.376659,1189,2,13,5,13,5
1765406870.392591,1190,2,13,5,13,5
1765406870.408631,1190,2,13,5,13,5
1765406870.425520,1190,2,13,5,13,5
1765406870.441484,1191,2,13,5,13,5
1765406870.457972,1191,2,13,5,13,5
1765406870.475989,1192,2,13,5,13,5
1765406870.492640,1192,2,13,5,13,5
1765406870.509099,1192,2,13,5,13,5
1765406870.526492,1193,2,13,5,13,5
1765406870.542037,1193,2,13,5,13,5
1765406870.558760,1194,2,13,5,13,5
1765406870.574232,1194,2,13,5,13,5
1765406870.590569,1194,2,13,5,13,5
1765406870.606484,1195,2,13,5,13,5
1765406870.622825,1195,2,13,5,13,5
1765406870.638432,1195,2,13,5,13,5
1765406870.654083,1196,2,13,5,13,5
1765406870.670547,1196,2,13,5,13,5
1765406870.686789,1197,2,13,5,13,5
1765406870.702642,1197,2,13,5,13,5
1765406870.718000,1197,2,13,5,13,5
1765406870.736465,1198,2,13,5,13,5
1765406870.753706,1198,2,13,5,13,5
1765406870.769992,1199,2,13,5,13,5
1765406870.787570,1199,2,13,5,13,5
1765406870.803943,1199,2,13,5,13,5
1765406870.820680,1200,2,13,5,13,5
1765406870.837344,1200,2,13,5,13,5
1765406870.853841,1201,2,13,4,13,4
1765406870.870697,1201,2,13,4,13,4
1765406870.887518,1201,2,13,4,13,4
1765406870.903248,1202,2,13,4,13,4
1765406870.919060,1202,2,13,4,13,4
1765406870.935702,1203,2,13,4,13,4
1765406870.951440,1203,2,13,4,13,4
1765406870.967738,1203,2,13,4,13,4
1765406870.984118,1204,2,13,4,13,4
1765406871.000739,1204,2,13,4,13,4
1765406871.016809,1204,2,13,4,13,4
1765406871.031916,1205,2,13,4,13,4
1765406871.048852,1205,2,13,4,13,4
1765406871.073340,1206,2,13,4,13,4
1765406871.090111,1206,2,13,4,13,4
1765406871.106987,1207,2,13,4,13,4
1765406871.124282,1207,2,13,4,13,4
1765406871.141275,1207,2,13,4,13,4
1765406871.158366,1208,2,13,4,13,4
1765406871.175145,1208,2,13,4,13,4
1765406871.191735,1209,2,14,4,14,4
1765406871.207740,1209,2,14,4,14,4
1765406871.223625,1209,2,14,4,14,4
1765406871.240396,1210,2,14,4,14,4
1765406871.256660,1210,2,14,4,14,4
1765406871.273161,1210,2,14,4,14,4
1765406871.290776,1211,2,14,4,14,4
1765406871.306244,1211,2,14,4,14,4
1765406871.322388,1212,2,14,4,14,4
1765406871.338509,1212,2,14,4,14,4
1765406871.354695,1212,2,14,4,14,4
1765406871.370859,1213,2,14,4,14,4
1765406871.388427,1213,2,14,4,14,4
1765406871.404435,1214,2,14,4,14,4
1765406871.420737,1214,2,14,4,14,4
1765406871.437476,1214,2,14,4,14,4
1765406871.454418,1215,2,14,4,14,4
1765406871.470700,1215,2,14,4,14,4
1765406871.487126,1216,2,15,4,15,4
1765406871.504587,1216,2,15,4,15,4
1765406871.521061,1216,2,15,4,15,4
1765406871.537735,1217,2,15,4,15,4
1765406871.553512,1217,2,15,4,15,4
1765406871.569668,1217,2,15,4,15,4
1765406871.585830,1218,2,15,4,15,4
1765406871.602269,1218,2,15,4,15,4
1765406871.619410,1219,2,15,4,15,4
1765406871.635740,1219,2,15,4,15,4
1765406871.652344,1219,2,15,4,15,4
1765406871.668632,1220,2,15,4,15,4
1765406871.685184,1220,2,15,4,15,4
1765406871.702230,1221,2,15,4,15,4
1765406871.718709,1221,2,15,4,15,4
1765406871.734796,1221,2,15,4,15,4
1765406871.750727,1222,2,15,4,15,4
1765406871.766757,1222,2,15,4,15,4
1765406871.783425,1222,2,15,4,15,4
1765406871.799215,1223,2,15,4,15,4
1765406871.815721,1223,2,15,4,15,4
1765406871.831630,1224,2,16,4,16,4
1765406871.849114,1224,2,16,4,16,4
1765406871.865821,1224,2,16,4,16,4
1765406871.882676,1225,2,16,4,16,4
1765406871.898434,1225,2,16,4,16,4
1765406871.914811,1226,2,16,4,16,4
1765406871.931530,1226,2,16,4,16,4
1765406871.947792,1226,2,16,4,16,4
1765406871.963996,1227,2,16,4,16,4
1765406871.981119,1227,2,16,4,16,4
1765406871.997426,1228,2,16,4,16,4
1765406872.013519,1228,2,16,4,16,4
1765406872.030377,1228,2,16,4,16,4
1765406872.047012,1229,2,16,4,16,4
1765406872.063897,1229,2,16,4,16,4
1765406872.080929,1230,2,16,4,16,4
1765406872.098741,1230,2,16,4,16,4
1765406872.114237,1230,2,16,4,16,4
1765406872.130366,1231,2,16,4,16,4
1765406872.147758,1231,2,16,4,16,4
1765406872.163491,1231,2,16,4,16,4
1765406872.179940,1232,2,16,4,16,4
1765406872.197171,1232,2,16,4,16,4
1765406872.213200,1233,2,16,4,16,4
1765406872.230674,1233,2,16,4,16,4
1765406872.246656,1233,2,16,4,16,4
1765406872.262849,1234,2,16,4,16,4
1765406872.280105,1234,2,16,4,16,4
1765406872.297060,1235,2,16,4,16,4
1765406872.313839,1235,2,16,4,16,4
1765406872.330504,1235,2,16,4,16,4
1765406872.347180,1236,2,16,4,16,4
1765406872.364002,1236,2,16,4,16,4
1765406872.380266,1237,2,16,4,16,4
1765406872.396134,1237,2,16,4,16,4
1765406872.412899,1237,2,16,4,16,4
1765406872.430326,1238,2,16,4,16,4
1765406872.447800,1238,2,16,4,16,4
1765406872.464098,1239,2,16,4,16,4
1765406872.480787,1239,2,16,4,16,4
1765406872.497499,1239,2,16,4,16,4
1765406872.513906,1240,2,16,4,16,4
1765406872.531364,1240,2,16,4,16,4
1765406872.547965,1241,2,16,4,16,4
1765406872.564154,1241,2,16,4,16,4
1765406872.580560,1241,2,16,4,16,4
1765406872.597276,1242,2,16,4,16,4
1765406872.613841,1242,2,16,4,16,4
1765406872.630095,1242,2,16,4,16,4
1765406872.647052,1243,2,16,4,16,4
1765406872.664076,1243,2,16,4,16,4
1765406872.680704,1244,2,16,4,16,4
1765406872.697294,1244,2,16,4,16,4
1765406872.714168,1244,2,16,4,16,4
1765406872.730480,1245,2,16,4,16,4
1765406872.746475,1245,2,16,4,16,4
1765406872.762698,1246,2,16,4,16,4
1765406872.778712,1246,2,16,4,16,4
1765406872.795992,1246,2,16,4,16,4
1765406872.813089,1247,2,16,4,16,4
1765406872.829888,1247,2,16,4,16,4
1765406872.847321,1248,2,16,4,16,4
1765406872.863920,1248,2,16,4,16,4
1765406872.880946,1248,2,16,4,16,4
1765406872.897839,1249,2,16,4,16,4
1765406872.914701,1249,2,16,4,16,4
1765406872.931932,1250,2,15,4,15,4
1765406872.948187,1250,2,15,4,15,4
1765406872.964134,1250,2,15,4,15,4
1765406872.981143,1251,2,15,4,15,4
1765406872.997140,1251,2,15,4,15,4
1765406873.014143,1252,2,15,4,15,4
1765406873.031367,1252,2,15,4,15,4
1765406873.047653,1252,2,15,4,15,4
1765406873.063897,1253,2,15,4,15,4
1765406873.081100,1253,2,15,4,15,4
1765406873.097191,1254,2,15,4,15,4
1765406873.113503,1254,2,15,4,15,4
1765406873.130416,1254,2,15,4,15,4
1765406873.147545,1255,2,15,4,15,4
1765406873.163701,1255,2,15,4,15,4
1765406873.179914,1256,2,15,4,15,4
1765406873.197438,1256,2,15,4,15,4
1765406873.213610,1256,2,15,4,15,4
1765406873.230540,1257,2,15,4,15,4
1765406873.246804,1257,2,15,4,15,4
1765406873.263239,1257,2,15,4,15,4
1765406873.279871,1258,2,15,4,15,4
1765406873.297932,1258,2,15,4,15,4
1765406873.314283,1259,2,15,4,15,4
1765406873.330721,1259,2,15,4,15,4
1765406873.347126,1259,2,15,4,15,4
1765406873.364131,1260,2,15,4,15,4
1765406873.380434,1260,2,15,4,15,4
1765406873.397327,1261,2,15,4,15,4
1765406873.413873,1261,2,15,4,15,4
1765406873.430559,1261,2,15,4,15,4
1765406873.446522,1262,2,15,4,15,4
1765406873.462507,1262,2,15,4,15,4
1765406873.479452,1263,2,15,4,15,4
1765406873.495538,1263,2,15,4,15,4
1765406873.511591,1263,2,15,4,15,4
1765406873.528606,1264,2,15,4,15,4
1765406873.544925,1264,2,15,4,15,4
1765406873.562666,1265,2,15,3,15,3
1765406873.578564,1265,2,15,3,15,3
1765406873.595435,1265,2,15,3,15,3
1765406873.611937,1266,2,15,3,15,3
1765406873.629013,1266,2,15,3,15,3
1765406873.645726,1267,2,15,3,15,3
1765406873.661348,1267,2,15,3,15,3
1765406873.678693,1267,2,15,3,15,3
1765406873.694748,1268,2,15,3,15,3
1765406873.711583,1268,2,15,3,15,3
1765406873.727329,1268,2,15,3,15,3
1765406873.743574,1269,2,15,3,15,3
1765406873.759376,1269,2,15,3,15,3
1765406873.774877,1270,2,15,3,15,3
1765406873.791961,1270,2,15,3,15,3
1765406873.809055,1270,2,15,3,15,3
1765406873.826194,1271,2,15,3,15,3
1765406873.842783,1271,2,15,3,15,3
1765406873.858557,1272,2,15,3,15,3
1765406873.875322,1272,2,15,3,15,3
1765406873.892685,1272,2,15,3,15,3
1765406873.909400,1273,2,15,3,15,3
1765406873.925175,1273,2,15,3,15,3
1765406873.941338,1274,2,15,3,15,3
1765406873.957877,1274,2,15,3,15,3
1765406873.975639,1274,2,15,3,15,3
1765406873.991540,1275,2,15,3,15,3
1765406874.008201,1275,2,15,3,15,3
1765406874.025263,1276,2,15,3,15,3
1765406874.041085,1276,2,15,3,15,3
1765406874.057845,1276,2,15,3,15,3
1765406874.075260,1277,2,15,3,15,3
1765406874.092135,1277,2,15,3,15,3
1765406874.108882,1278,2,15,3,15,3
1765406874.124995,1278,2,15,3,15,3
1765406874.142166,1278,2,15,3,15,3
1765406874.157940,1279,2,15,3,15,3
1765406874.175264,1279,2,15,3,15,3
1765406874.191912,1280,2,15,3,15,3
1765406874.209242,1280,2,15,3,15,3
1765406874.226938,1280,2,15,3,15,3
1765406874.243698,1281,2,15,3,15,3
1765406874.259922,1281,2,15,3,15,3
1765406874.277555,1282,2,15,3,15,3
1765406874.293056,1282,2,15,3,15,3
1765406874.309789,1282,2,15,3,15,3
1765406874.325494,1283,2,15,2,15,2
1765406874.342511,1283,2,15,2,15,2
1765406874.359406,1283,2,15,2,15,2
1765406874.375474,1284,2,15,2,15,2
1765406874.391936,1284,2,15,2,15,2
1765406874.408653,1285,2,15,2,15,2
1765406874.425101,1285,2,15,2,15,2
1765406874.441850,1285,2,15,2,15,2
1765406874.459058,1286,2,15,2,15,2
1765406874.475731,1286,2,15,2,15,2
1765406874.492663,1287,2,15,2,15,2
1765406874.508901,1287,2,15,2,15,2
1765406874.525273,1287,2,15,2,15,2
1765406874.542315,1288,2,15,2,15,2
1765406874.559351,1288,2,15,2,15,2
1765406874.575320,1289,2,15,2,15,2
1765406874.591742,1289,2,15,2,15,2
1765406874.608111,1289,2,15,2,15,2
1765406874.624241,1290,2,15,2,15,2
1765406874.641176,1290,2,15,2,15,2
1765406874.658161,1291,2,15,2,15,2
1765406874.674507,1291,2,15,2,15,2
1765406874.690347,1291,2,15,2,15,2
1765406874.706739,1292,2,15,2,15,2
1765406874.722837,1292,2,15,2,15,2
1765406874.738980,1292,2,15,2,15,2
1765406874.756932,1293,2,15,1,15,1
1765406874.774234,1293,2,15,1,15,1
1765406874.791216,1294,2,15,1,15,1
1765406874.807857,1294,2,15,1,15,1
1765406874.824813,1294,2,15,1,15,1
1765406874.841731,1295,2,15,1,15,1
1765406874.857742,1295,2,15,1,15,1
1765406874.874633,1296,2,15,1,15,1
1765406874.890895,1296,2,15,1,15,1
1765406874.908418,1296,2,15,1,15,1
1765406874.925139,1297,2,15,1,15,1
1765406874.941983,1297,2,15,1,15,1
1765406874.958576,1298,2,15,1,15,1
1765406874.974364,1298,2,15,1,15,1
1765406874.990852,1298,2,15,1,15,1
1765406875.007922,1299,2,15,1,15,1
1765406875.024954,1299,2,15,1,15,1
1765406875.043054,1300,2,15,1,15,1
1765406875.059795,1300,2,15,1,15,1
1765406875.076336,1300,2,15,1,15,1
1765406875.093509,1301,2,15,1,15,1
1765406875.110080,1301,2,15,1,15,1
1765406875.127004,1302,2,15,1,15,1
1765406875.143666,1302,2,15,1,15,1
1765406875.159081,1302,2,15,1,15,1
1765406875.175323,1303,2,15,1,15,1
1765406875.191698,1303,2,15,1,15,1
1765406875.207128,1304,2,15,1,15,1
1765406875.223641,1304,2,15,1,15,1
1765406875.239813,1304,2,15,1,15,1
1765406875.255410,1305,2,15,1,15,1
1765406875.272118,1305,2,15,1,15,1
1765406875.288913,1305,2,15,1,15,1
1765406875.306599,1306,2,15,1,15,1
1765406875.322175,1306,2,15,1,15,1
1765406875.338525,1307,2,15,1,15,1
1765406875.355172,1307,2,15,1,15,1
1765406875.371621,1307,2,15,1,15,1
1765406875.387944,1308,2,15,1,15,1
1765406875.404550,1308,2,15,1,15,1
1765406875.420950,1309,2,15,1,15,1
1765406875.437969,1309,2,15,1,15,1
1765406875.454501,1309,2,15,1,15,1
1765406875.470765,1310,2,15,1,15,1
1765406875.487286,1310,2,15,1,15,1
1765406875.503763,1311,2,15,1,15,1
1765406875.520041,1311,2,15,1,15,1
1765406875.536876,1311,2,15,1,15,1
1765406875.554421,1312,2,15,1,15,1
1765406875.571122,1312,2,15,1,15,1
1765406875.588687,1313,2,15,1,15,1
1765406875.604486,1313,2,15,1,15,1
1765406875.621499,1313,2,15,1,15,1
1765406875.638402,1314,2,15,1,15,1
1765406875.654162,1314,2,15,1,15,1
1765406875.670616,1315,2,15,1,15,1
1765406875.687022,1315,2,15,1,15,1
1765406875.703802,1315,2,15,1,15,1
1765406875.720091,1316,2,15,1,15,1
1765406875.736899,1316,2,15,1,15,1
1765406875.754599,1317,2,15,1,15,1
1765406875.770808,1317,2,15,1,15,1
1765406875.787897,1317,2,15,1,15,1
1765406875.804951,1318,2,15,1,15,1
1765406875.821055,1318,2,15,1,15,1
1765406875.859960,1318,2,15,1,15,1
1765406875.880563,1319,2,15,1,15,1
1765406875.896695,1319,2,15,1,15,1
1765406875.914024,1320,2,15,1,15,1
1765406875.931409,1320,2,15,1,15,1
1765406875.948932,1321,2,15,1,15,1
1765406875.965955,1321,2,15,1,15,1
1765406875.983621,1321,2,15,1,15,1
1765406875.999864,1322,2,15,1,15,1
1765406876.016948,1322,2,15,1,15,1
1765406876.033904,1323,2,14,1,14,1
1765406876.050700,1323,2,14,1,14,1
1765406876.066445,1323,2,14,1,14,1
1765406876.082391,1324,2,14,1,14,1
1765406876.099652,1324,2,14,1,14,1
1765406876.116403,1325,2,14,1,14,1
1765406876.132425,1325,2,14,1,14,1
1765406876.148145,1325,2,14,1,14,1
1765406876.164818,1326,2,14,1,14,1
1765406876.182948,1326,2,14,1,14,1
1765406876.199144,1327,2,14,1,14,1
1765406876.215715,1327,2,14,1,14,1
1765406876.231747,1327,2,14,1,14,1
1765406876.248550,1328,2,14,1,14,1
1765406876.264551,1328,2,14,1,14,1
1765406876.281597,1328,2,14,1,14,1
1765406876.298070,1329,2,14,1,14,1
1765406876.314821,1329,2,14,1,14,1
1765406876.330551,1330,2,14,1,14,1
1765406876.346741,1330,2,14,1,14,1
1765406876.362044,1330,2,14,1,14,1
1765406876.378153,1331,2,14,0,14,0
1765406876.394263,1331,2,14,0,14,0
1765406876.411350,1332,2,14,0,14,0
1765406876.427022,1332,2,14,0,14,0
1765406876.444275,1332,2,14,0,14,0
1765406876.460407,1333,2,14,0,14,0
1765406876.477049,1333,2,14,0,14,0
1765406876.494484,1334,2,14,0,14,0
1765406876.511066,1334,2,14,0,14,0
1765406876.527544,1334,2,14,0,14,0
1765406876.544074,1335,2,14,0,14,0
1765406876.560759,1335,2,14,0,14,0
1765406876.576957,1336,2,14,0,14,0
1765406876.594270,1336,2,14,0,14,0
1765406876.610673,1336,2,14,0,14,0
1765406876.626597,1337,2,14,0,14,0
1765406876.643661,1337,2,14,0,14,0
1765406876.660447,1337,2,14,0,14,0
1765406876.676638,1338,2,14,0,14,0
1765406876.693259,1338,2,14,0,14,0
1765406876.709266,1339,2,14,0,14,0
1765406876.725575,1339,2,14,0,14,0
1765406876.742862,1339,2,14,0,14,0
1765406876.759857,1340,2,13,0,13,0
1765406876.776199,1340,2,13,0,13,0
1765406876.793640,1341,2,13,0,13,0
1765406876.809786,1341,2,13,0,13,0
1765406876.827367,1341,2,13,0,13,0
1765406876.843829,1342,2,13,0,13,0
1765406876.861448,1342,2,13,0,13,0
1765406876.877815,1343,2,13,0,13,0
1765406876.895055,1343,2,13,0,13,0
1765406876.911892,1343,2,13,0,13,0
1765406876.929274,1344,2,13,0,13,0
1765406876.945729,1344,2,13,0,13,0
1765406876.962022,1345,2,13,0,13,0
1765406876.978352,1345,2,13,0,13,0
1765406876.995671,1345,2,13,0,13,0
1765406877.011188,1346,2,13,0,13,0
1765406877.027105,1346,2,13,0,13,0
1765406877.044317,1347,2,13,0,13,0
1765406877.061267,1347,2,13,0,13,0
1765406877.077528,1347,2,13,0,13,0
1765406877.094077,1348,2,13,0,13,0
1765406877.110418,1348,2,13,0,13,0
1765406877.126857,1349,2,13,0,13,0
1765406877.144153,1349,2,13,0,13,0
1765406877.160924,1349,2,13,0,13,0
1765406877.177206,1350,2,13,0,13,0
1765406877.193945,1350,2,13,0,13,0
1765406877.210546,1351,2,13,0,13,0
1765406877.226647,1351,2,13,0,13,0
1765406877.243195,1351,2,13,0,13,0
1765406877.260008,1352,2,13,0,13,0
1765406877.276646,1352,2,13,0,13,0
1765406877.293403,1353,2,13,0,13,0
1765406877.309938,1353,2,13,0,13,0
1765406877.326991,1353,2,13,0,13,0
1765406877.343417,1354,2,13,0,13,0
1765406877.360012,1354,2,13,0,13,0
1765406877.376841,1354,2,13,0,13,0
1765406877.394666,1355,2,13,0,13,0
1765406877.410499,1355,2,13,0,13,0
1765406877.427091,1356,2,13,0,13,0
1765406877.443572,1356,2,13,0,13,0
1765406877.460179,1356,2,13,0,13,0
1765406877.476759,1357,2,14,0,14,0
1765406877.493660,1357,2,14,0,14,0
1765406877.510099,1358,2,14,0,14,0
1765406877.527163,1358,2,14,0,14,0
1765406877.543284,1358,2,14,0,14,0
1765406877.560145,1359,2,14,0,14,0
1765406877.577609,1359,2,14,0,14,0
1765406877.593711,1360,2,14,0,14,0
1765406877.610743,1360,2,14,0,14,0
1765406877.627225,1360,2,14,0,14,0
1765406877.644969,1361,2,14,0,14,0
1765406877.661383,1361,2,14,0,14,0
1765406877.677726,1362,2,14,0,14,0
1765406877.694250,1362,2,14,0,14,0
1765406877.710942,1362,2,14,0,14,0
1765406877.728298,1363,2,14,0,14,0
1765406877.745069,1363,2,14,0,14,0
1765406877.761628,1364,2,14,0,14,0
1765406877.777446,1364,2,14,0,14,0
1765406877.793710,1364,2,14,0,14,0
1765406877.810369,1365,2,14,0,14,0
1765406877.826683,1365,2,14,0,14,0
1765406877.843471,1365,2,14,0,14,0
1765406877.859721,1366,2,14,0,14,0
1765406877.876235,1366,2,14,0,14,0
1765406877.893153,1367,2,14,0,14,0
1765406877.909707,1367,2,14,0,14,0
1765406877.925725,1367,2,14,0,14,0
1765406877.941620,1368,2,14,0,14,0
1765406877.958735,1368,2,14,0,14,0
1765406877.974526,1369,2,14,0,14,0
1765406877.990058,1369,2,14,0,14,0
1765406878.007015,1369,2,14,0,14,0
1765406878.023072,1370,2,14,0,14,0
1765406878.039200,1370,2,14,0,14,0
1765406878.055402,1371,2,14,0,14,0
1765406878.071438,1371,2,14,0,14,0
1765406878.087803,1371,2,14,0,14,0
1765406878.103683,1372,2,14,0,14,0
1765406878.119371,1372,2,14,0,14,0
1765406878.135814,1372,2,14,0,14,0
1765406878.152274,1373,2,14,0,14,0
1765406878.168855,1373,2,14,0,14,0
1765406878.186040,1374,2,14,0,14,0
1765406878.202719,1374,2,14,0,14,0
1765406878.218585,1374,2,14,0,14,0
1765406878.234202,1375,2,14,0,14,0
1765406878.250945,1375,2,14,0,14,0
1765406878.267849,1376,2,14,0,14,0
1765406878.284941,1376,2,14,0,14,0
1765406878.301996,1376,2,14,0,14,0
1765406878.318668,1377,2,14,0,14,0
1765406878.335252,1377,2,14,0,14,0
1765406878.351057,1378,2,14,0,14,0
1765406878.368147,1378,2,14,0,14,0
1765406878.384714,1378,2,14,0,14,0
1765406878.401098,1379,2,14,0,14,0
1765406878.417864,1379,2,14,0,14,0
1765406878.435285,1380,2,14,0,14,0
1765406878.452548,1380,2,14,0,14,0
1765406878.468942,1380,2,14,0,14,0
1765406878.485620,1381,2,14,0,14,0
1765406878.502308,1381,2,14,0,14,0
1765406878.518910,1381,2,14,0,14,0
1765406878.535081,1382,2,14,0,14,0
1765406878.552016,1382,2,14,0,14,0
1765406878.568891,1383,2,14,0,14,0
1765406878.585374,1383,2,14,0,14,0
1765406878.601783,1383,2,14,0,14,0
1765406878.618108,1384,2,14,0,14,0
1765406878.634931,1384,2,14,0,14,0
1765406878.651671,1385,2,14,0,14,0
1765406878.667727,1385,2,14,0,14,0
1765406878.683622,1385,2,14,0,14,0
1765406878.700244,1386,2,14,0,14,0
1765406878.716817,1386,2,14,0,14,0
1765406878.734160,1387,2,14,0,14,0
1765406878.751429,1387,2,14,0,14,0
1765406878.768043,1387,2,14,0,14,0
1765406878.785790,1388,2,14,0,14,0
1765406878.801383,1388,2,14,0,14,0
1765406878.818361,1389,2,14,0,14,0
1765406878.834915,1389,2,14,0,14,0
1765406878.851383,1389,2,14,0,14,0
1765406878.867752,1390,2,14,0,14,0
1765406878.884870,1390,2,14,0,14,0
1765406878.903003,1391,2,14,0,14,0
1765406878.920707,1391,2,14,0,14,0
1765406878.936993,1391,2,14,0,14,0
1765406878.953769,1392,2,14,0,14,0
1765406878.970502,1392,2,14,0,14,0
1765406878.986922,1393,2,14,0,14,0
1765406879.003662,1393,2,14,0,14,0
1765406879.019778,1393,2,14,0,14,0
1765406879.036414,1394,2,14,0,14,0
1765406879.052809,1394,2,14,0,14,0
1765406879.068319,1394,2,14,0,14,0
1765406879.084296,1395,2,14,0,14,0
1765406879.101015,1395,2,14,0,14,0
1765406879.118586,1396,2,14,0,14,0
1765406879.135010,1396,2,14,0,14,0
1765406879.151175,1396,2,14,0,14,0
1765406879.167629,1397,2,14,0,14,0
1765406879.183983,1397,2,14,0,14,0
1765406879.200626,1398,2,14,0,14,0
1765406879.216465,1398,2,14,0,14,0
1765406879.233310,1398,2,14,0,14,0
1765406879.249717,1399,2,14,0,14,0
1765406879.265624,1399,2,14,0,14,0
1765406879.281582,1400,2,14,0,14,0
1765406879.297833,1400,2,14,0,14,0
1765406879.315229,1400,2,14,0,14,0
1765406879.331237,1401,2,14,0,14,0
1765406879.347509,1401,2,14,0,14,0
1765406879.364045,1401,2,14,0,14,0
1765406879.380221,1402,2,14,0,14,0
1765406879.396700,1402,2,14,0,14,0
1765406879.413522,1403,2,14,0,14,0
1765406879.430346,1403,2,14,0,14,0
1765406879.447943,1403,2,14,0,14,0
1765406879.464065,1404,2,14,0,14,0
1765406879.480999,1404,2,14,0,14,0
1765406879.498656,1405,2,14,0,14,0
1765406879.514688,1405,2,14,0,14,0
1765406879.530649,1405,2,14,0,14,0
1765406879.546838,1406,2,14,0,14,0
1765406879.562981,1406,2,14,0,14,0
1765406879.579684,1407,2,14,0,14,0
1765406879.595830,1407,2,14,0,14,0
1765406879.613918,1407,2,14,0,14,0
1765406879.630629,1408,2,14,0,14,0
1765406879.646983,1408,2,14,0,14,0
1765406879.664177,1409,2,14,0,14,0
1765406879.679983,1409,2,14,0,14,0
1765406879.697190,1410,2,14,0,14,0
1765406879.713820,1410,2,14,0,14,0
1765406879.730725,1410,2,14,0,14,0
1765406879.747737,1411,2,14,0,14,0
1765406879.763843,1411,2,14,0,14,0
1765406879.780694,1412,2,14,0,14,0
1765406879.796764,1412,2,14,0,14,0
1765406879.812887,1412,2,14,0,14,0
1765406879.829531,1413,2,14,0,14,0
1765406879.845657,1413,2,14,0,14,0
1765406879.862983,1413,2,14,0,14,0
1765406879.880551,1414,2,14,0,14,0
1765406879.897543,1414,2,14,0,14,0
1765406879.913496,1415,2,14,0,14,0
1765406879.929723,1415,2,14,0,14,0
1765406879.945656,1415,2,14,0,14,0
1765406879.962111,1416,2,14,0,14,0
1765406879.978830,1416,2,14,0,14,0
1765406879.994888,1417,2,15,0,15,0
1765406880.012195,1417,2,15,0,15,0
1765406880.028941,1417,2,15,0,15,0
1765406880.045450,1418,2,15,0,15,0
1765406880.061631,1418,2,15,0,15,0
1765406880.077191,1419,2,15,0,15,0
1765406880.093777,1419,2,15,0,15,0
1765406880.109796,1419,2,15,0,15,0
1765406880.126071,1420,2,15,0,15,0
1765406880.142468,1420,2,15,0,15,0
1765406880.158272,1420,2,15,0,15,0
1765406880.175725,1421,2,15,0,15,0
1765406880.191519,1421,2,15,0,15,0
1765406880.208012,1422,2,15,0,15,0
1765406880.224428,1422,2,15,0,15,0
1765406880.241019,1422,2,15,0,15,0
1765406880.258438,1423,2,15,0,15,0
1765406880.274877,1423,2,15,0,15,0
1765406880.291952,1424,2,15,0,15,0
1765406880.309583,1424,2,15,0,15,0
1765406880.325156,1424,2,15,0,15,0
1765406880.341645,1425,2,15,0,15,0
1765406880.357191,1425,2,15,0,15,0
1765406880.373362,1426,2,15,0,15,0
1765406880.389021,1426,2,15,0,15,0
1765406880.407604,1426,2,15,0,15,0
1765406880.424175,1427,2,15,0,15,0
1765406880.440848,1427,2,15,0,15,0
1765406880.457952,1428,2,15,0,15,0
1765406880.475471,1428,2,15,0,15,0
1765406880.492152,1428,2,15,0,15,0
1765406880.508183,1429,2,15,0,15,0
1765406880.524389,1429,2,15,0,15,0
1765406880.540141,1430,2,15,0,15,0
1765406880.557306,1430,2,15,0,15,0
1765406880.573764,1430,2,15,0,15,0
1765406880.590672,1431,2,15,0,15,0
1765406880.607453,1431,2,15,0,15,0
1765406880.623158,1431,2,15,0,15,0
1765406880.639999,1432,2,15,0,15,0
1765406880.656204,1432,2,15,0,15,0
1765406880.672768,1433,2,15,0,15,0
1765406880.688519,1433,2,15,0,15,0
1765406880.704305,1433,2,15,0,15,0
1765406880.720361,1434,2,15,0,15,0
1765406880.736170,1434,2,15,0,15,0
1765406880.752805,1435,2,15,0,15,0
1765406880.768107,1435,2,15,0,15,0
1765406880.784426,1435,2,15,0,15,0
1765406880.802133,1436,2,15,0,15,0
1765406880.819595,1436,2,15,0,15,0
1765406880.835179,1437,2,15,0,15,0
1765406880.853333,1437,2,15,0,15,0
1765406880.870822,1437,2,15,0,15,0
1765406880.887559,1438,2,15,0,15,0
1765406880.903977,1438,2,15,0,15,0
1765406880.920600,1439,2,15,0,15,0
1765406880.937143,1439,2,15,0,15,0
1765406880.953552,1439,2,15,0,15,0
1765406880.970925,1440,2,15,0,15,0
1765406880.987558,1440,2,15,0,15,0
1765406881.004160,1441,2,15,0,15,0
1765406881.021214,1441,2,15,0,15,0
1765406881.037612,1441,2,15,0,15,0
1765406881.054843,1442,2,15,0,15,0
1765406881.072164,1442,2,15,0,15,0
1765406881.088439,1443,2,15,0,15,0
1765406881.104734,1443,2,15,0,15,0
1765406881.121233,1443,2,15,0,15,0
1765406881.137837,1444,2,15,0,15,0
1765406881.155383,1444,2,15,0,15,0
1765406881.172047,1444,2,15,0,15,0
1765406881.189541,1445,2,15,0,15,0
1765406881.206182,1445,2,15,0,15,0
1765406881.222547,1446,2,15,0,15,0
1765406881.239225,1446,2,15,0,15,0
1765406881.255821,1446,2,15,0,15,0
1765406881.273513,1447,2,15,0,15,0
1765406881.289970,1447,2,15,0,15,0
1765406881.306944,1448,2,15,0,15,0
1765406881.322959,1448,2,15,0,15,0
1765406881.339745,1448,2,15,0,15,0
1765406881.356186,1449,2,15,0,15,0
1765406881.372935,1449,2,15,0,15,0
1765406881.389686,1450,2,15,0,15,0
1765406881.406082,1450,2,15,0,15,0
1765406881.423615,1450,2,15,0,15,0
1765406881.440134,1451,2,15,0,15,0
1765406881.457039,1451,2,15,0,15,0
1765406881.473462,1452,2,15,0,15,0
1765406881.489756,1452,2,15,0,15,0
1765406881.505792,1452,2,15,0,15,0
1765406881.521292,1453,2,15,0,15,0
1765406881.537211,1453,2,15,0,15,0
1765406881.553773,1454,2,15,0,15,0
1765406881.569506,1454,2,15,0,15,0
1765406881.585812,1454,2,15,0,15,0
1765406881.601506,1455,2,15,0,15,0
1765406881.617797,1455,2,15,0,15,0
1765406881.634759,1456,2,15,0,15,0
1765406881.650636,1456,2,15,0,15,0
1765406881.665960,1456,2,15,0,15,0
1765406881.682365,1457,2,15,0,15,0
1765406881.699012,1457,2,15,0,15,0
1765406881.716010,1457,2,15,0,15,0
1765406881.732285,1458,2,15,0,15,0
1765406881.749497,1458,2,15,0,15,0
1765406881.766082,1459,2,15,0,15,0
1765406881.782622,1459,2,15,0,15,0
1765406881.799492,1460,2,15,0,15,0
1765406881.815499,1460,2,15,0,15,0
1765406881.832665,1460,2,15,0,15,0
1765406881.848470,1461,2,15,0,15,0
1765406881.864964,1461,2,15,0,15,0
1765406881.881706,1462,2,15,0,15,0
1765406881.897469,1462,2,15,0,15,0
1765406881.913283,1462,2,15,0,15,0
1765406881.929170,1463,2,15,0,15,0
1765406881.945765,1463,2,15,0,15,0
1765406881.962081,1463,2,15,0,15,0
1765406881.979047,1464,2,15,0,15,0
1765406881.995817,1464,2,15,0,15,0
1765406882.012436,1465,2,15,0,15,0
1765406882.028761,1465,2,15,0,15,0
1765406882.045503,1465,2,15,0,15,0
1765406882.061792,1466,2,15,0,15,0
1765406882.078057,1466,2,15,0,15,0
1765406882.094593,1467,2,15,0,15,0
1765406882.111386,1467,2,15,0,15,0
1765406882.127528,1467,2,15,0,15,0
1765406882.144432,1468,2,15,0,15,0
1765406882.161159,1468,2,15,0,15,0
1765406882.177824,1469,2,15,0,15,0
1765406882.194987,1469,2,15,0,15,0
1765406882.212014,1469,2,15,0,15,0
1765406882.229475,1470,2,15,0,15,0
1765406882.246439,1470,2,15,0,15,0
1765406882.262798,1471,2,15,0,15,0
1765406882.278401,1471,2,15,0,15,0
1765406882.294770,1471,2,15,0,15,0
1765406882.311333,1472,2,15,0,15,0
1765406882.328086,1472,2,15,0,15,0
1765406882.344720,1473,2,15,0,15,0
1765406882.361818,1473,2,15,0,15,0
1765406882.377204,1473,2,15,0,15,0
1765406882.394907,1474,2,15,0,15,0
1765406882.411758,1474,2,15,0,15,0
1765406882.427799,1475,2,15,0,15,0
1765406882.444214,1475,2,15,0,15,0
1765406882.459910,1475,2,15,0,15,0
1765406882.476064,1476,2,15,0,15,0
1765406882.492329,1476,2,15,0,15,0
1765406882.509094,1476,2,15,0,15,0
1765406882.526296,1477,2,15,0,15,0
1765406882.552462,1477,2,15,0,15,0
1765406882.671668,1478,2,15,0,15,0
1765406882.688282,1479,2,14,0,14,0
1765406882.705722,1479,2,14,0,14,0
1765406882.721778,1480,2,14,0,14,0
1765406882.737742,1480,2,14,0,14,0
1765406882.753311,1480,2,14,0,14,0
1765406882.771437,1481,2,14,0,14,0
1765406882.788204,1481,2,14,0,14,0
1765406882.805727,1482,2,14,0,14,0
1765406882.821883,1482,2,14,0,14,0
1765406882.838638,1483,2,14,0,14,0
1765406882.855684,1483,2,14,0,14,0
1765406882.871972,1483,2,14,0,14,0
1765406882.888767,1484,2,14,0,14,0
1765406882.905616,1484,2,14,0,14,0
1765406882.922063,1485,2,14,0,14,0
1765406882.939097,1485,2,14,0,14,0
1765406882.955840,1485,2,14,0,14,0
1765406882.972987,1486,2,14,0,14,0
1765406882.989343,1486,2,14,0,14,0
1765406883.006577,1487,2,14,0,14,0
1765406883.023638,1487,2,14,0,14,0
1765406883.040426,1487,2,14,0,14,0
1765406883.056709,1488,2,14,0,14,0
1765406883.073499,1488,2,14,0,14,0
1765406883.089810,1488,2,14,0,14,0
1765406883.105240,1489,2,14,0,14,0
1765406883.121879,1489,2,14,0,14,0
1765406883.138577,1490,2,14,0,14,0
1765406883.155838,1490,2,14,0,14,0
1765406883.172970,1490,2,14,0,14,0
1765406883.189443,1491,2,14,0,14,0
1765406883.204960,1491,2,14,0,14,0
1765406883.221520,1492,2,14,0,14,0
1765406883.237873,1492,2,14,0,14,0
1765406883.255083,1492,2,14,0,14,0
1765406883.272315,1493,2,14,0,14,0
1765406883.289089,1493,2,14,0,14,0
1765406883.305964,1494,2,14,0,14,0
1765406883.323121,1494,2,14,0,14,0
1765406883.338966,1494,2,14,0,14,0
1765406883.356017,1495,2,15,0,15,0
1765406883.373133,1495,2,15,0,15,0
1765406883.389906,1496,2,15,0,15,0
1765406883.407652,1496,2,15,0,15,0
1765406883.424303,1496,2,15,0,15,0
1765406883.440652,1497,2,15,0,15,0
1765406883.457441,1497,2,15,0,15,0
1765406883.473481,1498,2,15,0,15,0
1765406883.489896,1498,2,15,0,15,0
1765406883.506812,1498,2,15,0,15,0
1765406883.522511,1499,2,15,0,15,0
1765406883.539032,1499,2,15,0,15,0
1765406883.555930,1500,2,15,0,15,0
1765406883.572084,1500,2,15,0,15,0
1765406883.588791,1500,2,15,0,15,0
1765406883.605640,1501,2,15,0,15,0
1765406883.620987,1501,2,15,0,15,0
1765406883.637721,1501,2,15,0,15,0
1765406883.654602,1502,2,15,0,15,0
1765406883.670642,1502,2,15,0,15,0
1765406883.686864,1503,2,15,0,15,0
1765406883.703963,1503,2,15,0,15,0
1765406883.720691,1503,2,15,0,15,0
1765406883.736847,1504,2,15,0,15,0
1765406883.753865,1504,2,15,0,15,0
1765406883.770744,1505,2,15,0,15,0
1765406883.786829,1505,2,15,0,15,0
1765406883.803393,1505,2,15,0,15,0
1765406883.819051,1506,2,15,0,15,0
1765406883.835689,1506,2,15,0,15,0
1765406883.851610,1506,2,15,0,15,0
1765406883.868032,1507,2,15,0,15,0
1765406883.884518,1507,2,15,0,15,0
1765406883.900381,1508,2,15,0,15,0
1765406883.917158,1508,2,15,0,15,0
1765406883.934806,1508,2,15,0,15,0
1765406883.951290,1509,2,15,0,15,0
1765406883.968190,1509,2,15,0,15,0
1765406883.984855,1510,2,15,1,15,1
1765406884.001514,1510,2,15,1,15,1
1765406884.017292,1510,2,15,1,15,1
1765406884.034163,1511,2,15,1,15,1
1765406884.050782,1511,2,15,1,15,1
1765406884.067069,1512,2,15,1,15,1
1765406884.084372,1512,2,15,1,15,1
1765406884.100270,1512,2,15,1,15,1
1765406884.117423,1513,2,15,1,15,1
1765406884.134024,1513,2,15,1,15,1
1765406884.151444,1514,2,15,1,15,1
1765406884.167353,1514,2,15,1,15,1
1765406884.185060,1514,2,15,1,15,1
1765406884.202115,1515,2,15,1,15,1
1765406884.219828,1515,2,15,1,15,1
1765406884.237271,1516,2,15,1,15,1
1765406884.254134,1516,2,15,1,15,1
1765406884.270889,1516,2,15,1,15,1
1765406884.287341,1517,2,15,1,15,1
1765406884.303632,1517,2,15,1,15,1
1765406884.319133,1518,2,15,1,15,1
1765406884.335988,1518,2,15,1,15,1
1765406884.353634,1518,2,15,1,15,1
1765406884.369375,1519,2,15,1,15,1
1765406884.385765,1519,2,15,1,15,1
1765406884.401995,1520,2,15,1,15,1
1765406884.418650,1520,2,15,1,15,1
1765406884.434994,1520,2,15,1,15,1
1765406884.451621,1521,2,15,1,15,1
1765406884.468135,1521,2,15,1,15,1
1765406884.484989,1521,2,15,1,15,1
1765406884.501631,1522,2,15,1,15,1
1765406884.518524,1522,2,15,1,15,1
1765406884.534878,1523,2,15,1,15,1
1765406884.551846,1523,2,15,1,15,1
1765406884.569631,1523,2,15,1,15,1
1765406884.585533,1524,2,14,1,14,1
1765406884.602403,1524,2,14,1,14,1
1765406884.618742,1525,2,14,1,14,1
1765406884.635648,1525,2,14,1,14,1
1765406884.652019,1525,2,14,1,14,1
1765406884.668243,1526,2,14,1,14,1
1765406884.684374,1526,2,14,1,14,1
1765406884.701160,1527,2,14,1,14,1
1765406884.718061,1527,2,14,1,14,1
1765406884.735356,1527,2,14,1,14,1
1765406884.751471,1528,2,14,1,14,1
1765406884.768285,1528,2,14,1,14,1
1765406884.785081,1529,2,14,1,14,1
1765406884.801160,1529,2,14,1,14,1
1765406884.817138,1529,2,14,1,14,1
1765406884.834132,1530,2,14,1,14,1
1765406884.851077,1530,2,14,1,14,1
1765406884.867338,1531,2,14,1,14,1
1765406884.883382,1531,2,14,1,14,1
1765406884.899657,1531,2,14,1,14,1
1765406884.915695,1532,2,14,1,14,1
1765406884.932012,1532,2,14,1,14,1
1765406884.949594,1532,2,14,1,14,1
1765406884.965356,1533,2,14,1,14,1
1765406884.981407,1533,2,14,1,14,1
1765406884.999084,1534,2,14,1,14,1
1765406885.015716,1534,2,14,1,14,1
1765406885.031847,1534,2,14,1,14,1
1765406885.049076,1535,2,14,1,14,1
1765406885.065881,1535,2,14,1,14,1
1765406885.083005,1536,2,14,1,14,1
1765406885.100416,1536,2,14,1,14,1
1765406885.117059,1536,2,14,1,14,1
1765406885.134217,1537,2,14,1,14,1
1765406885.150079,1537,2,14,1,14,1
1765406885.167792,1538,2,14,1,14,1
1765406885.184116,1538,2,14,1,14,1
1765406885.201164,1538,2,14,1,14,1
1765406885.217786,1539,2,14,1,14,1
1765406885.233943,1539,2,14,1,14,1
1765406885.250640,1540,2,14,1,14,1
1765406885.266925,1540,2,14,1,14,1
1765406885.283719,1540,2,14,1,14,1
1765406885.299032,1541,2,14,1,14,1
1765406885.315900,1541,2,14,1,14,1
1765406885.332872,1542,2,14,1,14,1
1765406885.350544,1542,2,14,1,14,1
1765406885.367620,1542,2,14,1,14,1
1765406885.384409,1543,2,14,1,14,1
1765406885.400932,1543,2,14,1,14,1
1765406885.418061,1544,2,14,1,14,1
1765406885.435254,1544,2,14,1,14,1
1765406885.452173,1544,2,14,1,14,1
1765406885.469080,1545,2,14,1,14,1
1765406885.485135,1545,2,14,1,14,1
1765406885.502032,1546,2,14,1,14,1
1765406885.518809,1546,2,14,1,14,1
1765406885.535172,1546,2,14,1,14,1
1765406885.552273,1547,2,13,1,13,1
1765406885.568298,1547,2,13,1,13,1
1765406885.586019,1548,2,13,1,13,1
1765406885.602835,1548,2,13,1,13,1
1765406885.619959,1548,2,13,1,13,1
1765406885.636831,1549,2,13,1,13,1
1765406885.653536,1549,2,13,1,13,1
1765406885.669686,1550,2,13,1,13,1
1765406885.685756,1550,2,13,1,13,1
1765406885.701838,1550,2,13,1,13,1
1765406885.718586,1551,2,13,1,13,1
1765406885.734537,1551,2,13,1,13,1
1765406885.750818,1551,2,13,1,13,1
1765406885.767167,1552,2,13,1,13,1
1765406885.784096,1552,2,13,1,13,1
1765406885.800205,1553,2,13,1,13,1
1765406885.817159,1553,2,13,1,13,1
1765406885.833058,1553,2,13,1,13,1
1765406885.849252,1554,2,13,1,13,1
1765406885.865154,1554,2,13,1,13,1
1765406885.881466,1555,2,13,1,13,1
1765406885.898142,1555,2,13,1,13,1
1765406885.915178,1555,2,13,1,13,1
1765406885.932618,1556,2,13,1,13,1
1765406885.948979,1556,2,13,1,13,1
1765406885.967066,1557,2,13,1,13,1
1765406885.984216,1557,2,13,1,13,1
1765406886.001019,1557,2,13,1,13,1
1765406886.018759,1558,2,13,1,13,1
1765406886.035517,1558,2,13,1,13,1
1765406886.051956,1559,2,13,1,13,1
1765406886.068241,1559,2,13,1,13,1
1765406886.085587,1559,2,13,1,13,1
1765406886.103138,1560,2,13,1,13,1
1765406886.119290,1560,2,13,1,13,1
1765406886.135738,1561,2,13,1,13,1
1765406886.152680,1561,2,13,1,13,1
1765406886.168200,1561,2,13,1,13,1
1765406886.184717,1562,2,13,1,13,1
1765406886.200976,1562,2,13,1,13,1
1765406886.219187,1563,2,13,1,13,1
1765406886.235278,1563,2,13,1,13,1
1765406886.251767,1563,2,13,1,13,1
1765406886.267868,1564,2,14,1,14,1
1765406886.285488,1564,2,14,1,14,1
1765406886.302025,1564,2,14,1,14,1
1765406886.318338,1565,2,14,1,14,1
1765406886.334343,1565,2,14,1,14,1
1765406886.350497,1566,2,14,1,14,1
1765406886.367212,1566,2,14,1,14,1
1765406886.383332,1566,2,14,1,14,1
1765406886.399341,1567,2,14,1,14,1
1765406886.415188,1567,2,14,1,14,1
1765406886.431414,1568,2,14,1,14,1
1765406886.448107,1568,2,14,1,14,1
1765406886.464429,1569,2,14,1,14,1
1765406886.481465,1569,2,14,1,14,1
1765406886.497418,1569,2,14,1,14,1
1765406886.513639,1570,2,14,1,14,1
1765406886.529826,1570,2,14,1,14,1
1765406886.546624,1570,2,14,1,14,1
1765406886.562601,1571,2,14,1,14,1
1765406886.579641,1571,2,14,1,14,1
1765406886.596096,1572,2,14,1,14,1
1765406886.612798,1572,2,14,1,14,1
1765406886.629432,1572,2,14,1,14,1
1765406886.647164,1573,2,14,1,14,1
1765406886.663137,1573,2,14,1,14,1
1765406886.679306,1574,2,14,1,14,1
1765406886.695230,1574,2,14,1,14,1
1765406886.712404,1574,2,14,1,14,1
1765406886.728808,1575,2,14,1,14,1
1765406886.745883,1575,2,14,1,14,1
1765406886.762989,1576,2,14,1,14,1
1765406886.779897,1576,2,14,1,14,1
1765406886.797281,1576,2,14,1,14,1
1765406886.814004,1577,2,14,0,14,0
1765406886.830784,1577,2,14,0,14,0
1765406886.850443,1577,2,14,0,14,0
1765406886.867515,1578,2,14,0,14,0
1765406886.888133,1578,2,14,0,14,0
1765406886.901801,1579,2,14,0,14,0
1765406886.918555,1579,2,14,0,14,0
1765406886.934967,1579,2,14,0,14,0
1765406886.951582,1580,2,14,0,14,0
1765406886.968202,1580,2,14,0,14,0
1765406886.985145,1581,2,14,0,14,0
1765406887.001978,1581,2,14,0,14,0
1765406887.019156,1581,2,14,0,14,0
1765406887.036839,1582,2,14,0,14,0
1765406887.054578,1582,2,14,0,14,0
1765406887.071262,1583,2,14,0,14,0
1765406887.088009,1583,2,14,0,14,0
1765406887.105481,1583,2,14,0,14,0
1765406887.121115,1584,2,14,0,14,0
1765406887.138710,1584,2,14,0,14,0
1765406887.154732,1585,2,14,0,14,0
1765406887.170782,1585,2,14,0,14,0
1765406887.186890,1585,2,14,0,14,0
1765406887.203804,1586,2,14,0,14,0
1765406887.219255,1586,2,14,0,14,0
1765406887.236243,1587,2,14,0,14,0
1765406887.253467,1587,2,14,0,14,0
1765406887.269641,1587,2,14,0,14,0
1765406887.285594,1588,2,14,0,14,0
1765406887.302605,1588,2,14,0,14,0
1765406887.319454,1589,2,14,0,14,0
1765406887.335270,1589,2,14,0,14,0
1765406887.351120,1589,2,14,0,14,0
1765406887.368277,1590,2,14,0,14,0
1765406887.384879,1590,2,14,0,14,0
1765406887.402299,1590,2,14,0,14,0
1765406887.418239,1591,2,14,0,14,0
1765406887.434793,1591,2,14,0,14,0
1765406887.451394,1592,2,14,0,14,0
1765406887.468660,1592,2,14,0,14,0
1765406887.484771,1592,2,14,0,14,0
1765406887.501198,1593,2,14,0,14,0
1765406887.517777,1593,2,14,0,14,0
1765406887.534248,1594,2,14,0,14,0
1765406887.550474,1594,2,14,0,14,0
1765406887.565975,1594,2,14,0,14,0
1765406887.582586,1595,2,14,0,14,0
1765406887.598545,1595,2,14,0,14,0
1765406887.614939,1596,2,14,0,14,0
1765406887.631889,1596,2,14,0,14,0
1765406887.649948,1596,2,14,0,14,0
1765406887.666624,1597,2,14,0,14,0
1765406887.682660,1597,2,14,0,14,0
1765406887.698707,1598,2,14,0,14,0
1765406887.714512,1598,2,14,0,14,0
1765406887.730623,1598,2,14,0,14,0
1765406887.747113,1599,2,14,0,14,0
1765406887.763827,1599,2,14,0,14,0
1765406887.780729,1599,2,14,0,14,0
1765406887.797735,1600,2,14,0,14,0
1765406887.813587,1600,2,14,0,14,0
1765406887.829639,1601,2,14,0,14,0
1765406887.846418,1601,2,14,0,14,0
1765406887.863193,1601,2,14,0,14,0
1765406887.880076,1602,2,14,0,14,0
1765406887.897150,1602,2,14,0,14,0
1765406887.913387,1603,2,14,0,14,0
1765406887.928894,1603,2,14,0,14,0
1765406887.947082,1603,2,14,0,14,0
1765406887.963827,1604,2,14,0,14,0
1765406887.980978,1604,2,14,0,14,0
1765406887.997747,1605,2,14,0,14,0
1765406888.013401,1605,2,14,0,14,0
1765406888.031174,1605,2,14,0,14,0
1765406888.047820,1606,2,14,0,14,0
1765406888.065769,1606,2,14,0,14,0
1765406888.081966,1607,2,14,0,14,0
1765406888.098984,1607,2,14,0,14,0
1765406888.116369,1607,2,14,0,14,0
1765406888.132306,1608,2,14,0,14,0
1765406888.148389,1608,2,14,0,14,0
1765406888.164938,1609,2,14,0,14,0
1765406888.182833,1609,2,14,0,14,0
1765406888.199578,1609,2,14,0,14,0
1765406888.216686,1610,2,14,0,14,0
1765406888.232964,1610,2,14,0,14,0
1765406888.249766,1611,2,14,0,14,0
1765406888.266120,1611,2,14,0,14,0
1765406888.282250,1611,2,14,0,14,0
1765406888.298950,1612,2,14,0,14,0
1765406888.318135,1612,2,14,0,14,0
1765406888.334568,1613,2,14,0,14,0
1765406888.350522,1613,2,14,0,14,0
1765406888.366952,1613,2,14,0,14,0
1765406888.384345,1614,2,14,0,14,0
1765406888.400601,1614,2,14,0,14,0
1765406888.416356,1615,2,14,0,14,0
1765406888.433364,1615,2,14,0,14,0
1765406888.449857,1615,2,14,0,14,0
1765406888.466886,1616,2,14,0,14,0
1765406888.483551,1616,2,14,0,14,0
1765406888.500292,1617,2,14,0,14,0
1765406888.516726,1617,2,14,0,14,0
1765406888.533654,1617,2,14,0,14,0
1765406888.549934,1618,2,14,0,14,0
1765406888.567218,1618,2,14,0,14,0
1765406888.584045,1619,2,14,0,14,0
1765406888.601365,1619,2,14,0,14,0
1765406888.618956,1619,2,14,0,14,0
1765406888.635646,1620,2,14,0,14,0
1765406888.651997,1620,2,14,0,14,0
1765406888.669271,1621,2,13,0,13,0
1765406888.686481,1621,2,13,0,13,0
1765406888.702752,1621,2,13,0,13,0
1765406888.718938,1622,2,13,0,13,0
1765406888.736223,1622,2,13,0,13,0
1765406888.753654,1623,2,13,0,13,0
1765406888.769951,1623,2,13,0,13,0
1765406888.786302,1623,2,13,0,13,0
1765406888.802977,1624,2,13,0,13,0
1765406888.821041,1624,2,13,0,13,0
1765406888.837712,1625,2,13,0,13,0
1765406888.852995,1625,2,13,0,13,0
1765406888.869757,1625,2,13,0,13,0
1765406888.885859,1626,2,13,0,13,0
1765406888.903383,1626,2,13,0,13,0
1765406888.920127,1627,2,13,0,13,0
1765406888.937011,1627,2,13,0,13,0
1765406888.954700,1627,2,13,0,13,0
1765406888.970911,1628,2,13,0,13,0
1765406888.987370,1628,2,13,0,13,0
1765406889.004162,1629,2,13,0,13,0
1765406889.020176,1629,2,13,0,13,0
1765406889.036551,1629,2,13,0,13,0
1765406889.053062,1630,2,13,0,13,0
1765406889.069500,1630,2,13,0,13,0
1765406889.085388,1630,2,13,0,13,0
1765406889.101710,1631,2,13,0,13,0
1765406889.118105,1631,2,13,0,13,0
1765406889.135025,1632,2,13,0,13,0
1765406889.151505,1632,2,13,0,13,0
1765406889.168253,1632,2,13,0,13,0
1765406889.186001,1633,2,13,1,13,1
1765406889.203645,1633,2,13,1,13,1
1765406889.219616,1634,2,13,1,13,1
1765406889.236408,1634,2,13,1,13,1
1765406889.253443,1634,2,13,1,13,1
1765406889.269763,1635,2,13,1,13,1
1765406889.287274,1635,2,13,1,13,1
1765406889.304083,1636,2,13,1,13,1
1765406889.321531,1636,2,13,1,13,1
1765406889.338341,1636,2,13,1,13,1
1765406889.354940,1637,2,13,1,13,1
1765406889.372843,1637,2,13,1,13,1
1765406889.390187,1638,2,13,1,13,1
1765406889.407025,1638,2,13,1,13,1
1765406889.423525,1638,2,13,1,13,1
1765406889.439117,1639,2,13,1,13,1
1765406889.455233,1639,2,13,1,13,1
1765406889.472388,1640,2,13,1,13,1
1765406889.489071,1640,2,13,1,13,1
1765406889.506503,1640,2,13,1,13,1
1765406889.523425,1641,2,13,1,13,1
1765406889.539651,1641,2,13,1,13,1
1765406889.556135,1642,2,13,1,13,1
1765406889.572749,1642,2,13,1,13,1
1765406889.589872,1642,2,13,1,13,1
1765406889.607275,1643,2,13,1,13,1
1765406889.623791,1643,2,13,1,13,1
1765406889.640227,1644,2,13,1,13,1
1765406889.657217,1644,2,13,1,13,1
1765406889.673831,1644,2,13,1,13,1
1765406889.690389,1645,2,13,1,13,1
1765406889.707201,1645,2,13,1,13,1
1765406889.723758,1646,2,13,1,13,1
1765406889.740729,1646,2,13,1,13,1
1765406889.756531,1646,2,13,1,13,1
1765406889.773652,1647,2,13,1,13,1
1765406889.790567,1647,2,13,1,13,1
1765406889.806556,1648,2,13,1,13,1
1765406889.822897,1648,2,13,1,13,1
1765406889.840030,1649,2,13,1,13,1
1765406889.856674,1649,2,13,1,13,1
1765406889.872576,1649,2,13,1,13,1
1765406889.888299,1650,2,13,1,13,1
1765406889.904647,1650,2,13,1,13,1
1765406889.922187,1650,2,13,1,13,1
1765406889.939732,1651,2,13,1,13,1
1765406889.956040,1651,2,13,1,13,1
1765406889.971920,1652,2,13,1,13,1
1765406889.988774,1652,2,13,1,13,1
1765406890.004281,1652,2,13,1,13,1
1765406890.020743,1653,2,13,1,13,1
1765406890.037336,1653,2,13,1,13,1
1765406890.053127,1654,2,13,1,13,1
1765406890.070017,1654,2,13,1,13,1
1765406890.087660,1654,2,13,1,13,1
1765406890.103093,1655,2,13,1,13,1
1765406890.119837,1655,2,13,1,13,1
1765406890.137358,1656,2,13,1,13,1
1765406890.154035,1656,2,13,1,13,1
1765406890.171506,1656,2,13,1,13,1
1765406890.188070,1657,2,13,1,13,1
1765406890.205016,1657,2,13,1,13,1
1765406890.222007,1658,2,13,1,13,1
1765406890.238863,1658,2,13,1,13,1
1765406890.256055,1658,2,13,1,13,1
1765406890.272110,1659,2,13,1,13,1
1765406890.289205,1659,2,13,1,13,1
1765406890.305718,1660,2,13,1,13,1
1765406890.321765,1660,2,13,1,13,1
1765406890.338597,1660,2,13,1,13,1
1765406890.354370,1661,2,13,1,13,1
1765406890.370627,1661,2,13,1,13,1
1765406890.387111,1662,2,13,1,13,1
1765406890.403437,1662,2,13,1,13,1
1765406890.420298,1662,2,13,1,13,1
1765406890.437136,1663,2,13,1,13,1
1765406890.454044,1663,2,13,1,13,1
1765406890.470726,1664,2,13,1,13,1
1765406890.487729,1664,2,13,1,13,1
1765406890.504114,1664,2,13,1,13,1
1765406890.520898,1665,2,13,1,13,1
1765406890.538530,1665,2,13,1,13,1
1765406890.554299,1666,2,13,1,13,1
1765406890.570877,1666,2,13,1,13,1
1765406890.588702,1666,2,13,1,13,1
1765406890.604033,1667,2,13,1,13,1
1765406890.620855,1667,2,13,1,13,1
1765406890.638325,1668,2,13,1,13,1
1765406890.655141,1668,2,13,1,13,1
1765406890.671263,1668,2,13,1,13,1
1765406890.688001,1669,2,13,1,13,1
1765406890.704265,1669,2,13,1,13,1
1765406890.719935,1670,2,14,1,14,1
1765406890.737679,1670,2,14,1,14,1
1765406890.753262,1670,2,14,1,14,1
1765406890.769189,1671,2,14,1,14,1
1765406890.785694,1671,2,14,1,14,1
1765406890.803210,1672,2,14,1,14,1
1765406890.819488,1672,2,14,1,14,1
1765406890.836950,1672,2,14,1,14,1
1765406890.853992,1673,2,14,1,14,1
1765406890.871034,1673,2,14,1,14,1
1765406890.887675,1673,2,14,1,14,1
1765406890.904547,1674,2,14,1,14,1
1765406890.920229,1674,2,14,1,14,1
1765406890.937036,1675,2,14,1,14,1
1765406890.953740,1675,2,14,1,14,1
1765406890.970203,1675,2,14,1,14,1
1765406890.986616,1676,2,14,1,14,1
1765406891.002862,1676,2,14,1,14,1
1765406891.020096,1677,2,14,1,14,1
1765406891.036371,1677,2,14,1,14,1
1765406891.053020,1677,2,14,1,14,1
1765406891.069486,1678,2,14,1,14,1
1765406891.085682,1678,2,14,1,14,1
1765406891.102339,1679,2,14,1,14,1
1765406891.118978,1679,2,14,1,14,1
1765406891.135807,1679,2,14,1,14,1
1765406891.151248,1680,2,14,1,14,1
1765406891.167473,1680,2,14,1,14,1
1765406891.183930,1681,2,14,1,14,1
1765406891.201632,1681,2,14,1,14,1
1765406891.217399,1681,2,14,1,14,1
1765406891.233318,1682,2,14,1,14,1
1765406891.249990,1682,2,14,1,14,1
1765406891.267353,1683,2,14,1,14,1
1765406891.284119,1683,2,14,1,14,1
1765406891.300735,1683,2,14,1,14,1
1765406891.317178,1684,2,14,1,14,1
1765406891.334161,1684,2,14,1,14,1
1765406891.350399,1684,2,14,1,14,1
1765406891.367334,1685,2,14,1,14,1
1765406891.384845,1685,2,14,1,14,1
1765406891.401409,1686,2,14,1,14,1
1765406891.417228,1686,2,14,1,14,1
1765406891.434051,1686,2,14,1,14,1
1765406891.451397,1687,2,14,1,14,1
1765406891.468047,1687,2,14,1,14,1
1765406891.484528,1688,2,14,1,14,1
1765406891.501227,1688,2,14,1,14,1
1765406891.517348,1688,2,14,1,14,1
1765406891.533436,1689,2,14,1,14,1
1765406891.549512,1689,2,14,1,14,1
1765406891.566551,1690,2,14,1,14,1
1765406891.583092,1690,2,14,1,14,1
1765406891.599748,1690,2,14,1,14,1
1765406891.615307,1691,2,14,1,14,1
1765406891.632049,1691,2,14,1,14,1
1765406891.649640,1692,2,14,1,14,1
1765406891.666577,1692,2,14,1,14,1
1765406891.683243,1692,2,14,1,14,1
1765406891.699588,1693,2,14,1,14,1
1765406891.715478,1693,2,14,1,14,1
1765406891.731771,1694,2,14,1,14,1
1765406891.748227,1694,2,14,1,14,1
1765406891.765057,1694,2,14,1,14,1
1765406891.781871,1695,2,14,1,14,1
1765406891.798943,1695,2,14,1,14,1
1765406891.815964,1696,2,14,1,14,1
1765406891.832067,1696,2,14,1,14,1
1765406891.848696,1696,2,14,1,14,1
1765406891.864812,1697,2,14,1,14,1
1765406891.880913,1697,2,14,1,14,1
1765406891.897101,1697,2,14,1,14,1
1765406891.913791,1698,2,14,1,14,1
1765406891.930173,1698,2,14,1,14,1
1765406891.947307,1699,2,14,1,14,1
1765406891.963878,1699,2,14,1,14,1
1765406891.980242,1699,2,14,1,14,1
1765406891.997098,1700,2,14,1,14,1
1765406892.014349,1700,2,14,1,14,1
1765406892.030817,1701,2,14,1,14,1
1765406892.046688,1701,2,14,1,14,1
1765406892.062991,1701,2,14,1,14,1
1765406892.079222,1702,2,14,1,14,1
1765406892.095851,1702,2,14,1,14,1
1765406892.112699,1703,2,14,1,14,1
1765406892.129497,1703,2,14,1,14,1
1765406892.145645,1703,2,14,1,14,1
1765406892.162236,1704,2,14,1,14,1
1765406892.178251,1704,2,14,1,14,1
1765406892.195564,1705,2,14,1,14,1
1765406892.211607,1705,2,14,1,14,1
1765406892.227426,1705,2,14,1,14,1
1765406892.244363,1706,2,14,0,14,0
1765406892.261700,1706,2,14,0,14,0
1765406892.277857,1706,2,14,0,14,0
1765406892.295205,1707,2,14,0,14,0
1765406892.311757,1707,2,14,0,14,0
1765406892.327482,1708,2,14,0,14,0
1765406892.344569,1708,2,14,0,14,0
1765406892.360980,1708,2,14,0,14,0
1765406892.377450,1709,2,14,0,14,0
1765406892.394142,1709,2,14,0,14,0
1765406892.411179,1710,2,14,0,14,0
1765406892.428109,1710,2,14,0,14,0
1765406892.444451,1710,2,14,0,14,0
1765406892.461453,1711,2,14,0,14,0
1765406892.477306,1711,2,14,0,14,0
1765406892.493804,1712,2,14,0,14,0
1765406892.510121,1712,2,14,0,14,0
1765406892.527507,1712,2,14,0,14,0
1765406892.544685,1713,2,14,0,14,0
1765406892.561403,1713,2,14,0,14,0
1765406892.577950,1714,2,14,0,14,0
1765406892.594848,1714,2,14,0,14,0
1765406892.611592,1714,2,14,0,14,0
1765406892.627612,1715,2,14,0,14,0
1765406892.643978,1715,2,14,0,14,0
1765406892.660670,1716,2,14,0,14,0
1765406892.677335,1716,2,14,0,14,0
1765406892.693656,1716,2,14,0,14,0
1765406892.709307,1717,2,14,0,14,0
1765406892.725742,1717,2,14,0,14,0
1765406892.742010,1717,2,14,0,14,0
1765406892.759040,1718,2,14,0,14,0
1765406892.776124,1718,2,14,0,14,0
1765406892.793000,1719,2,14,0,14,0
1765406892.809485,1719,2,14,0,14,0
1765406892.826085,1719,2,14,0,14,0
1765406892.843069,1720,2,14,0,14,0
1765406892.859661,1720,2,14,0,14,0
1765406892.876040,1721,2,14,0,14,0
1765406892.892770,1721,2,14,0,14,0
1765406892.908930,1721,2,14,0,14,0
1765406892.925286,1722,2,14,0,14,0
1765406892.941445,1722,2,14,0,14,0
1765406892.957451,1723,2,15,0,15,0
1765406892.973726,1723,2,15,0,15,0
1765406892.989624,1723,2,15,0,15,0
1765406893.005136,1724,2,15,0,15,0
1765406893.021646,1724,2,15,0,15,0
1765406893.037822,1724,2,15,0,15,0
1765406893.053941,1725,2,15,0,15,0
1765406893.070403,1725,2,15,0,15,0
1765406893.086156,1726,2,15,0,15,0
1765406893.102917,1726,2,15,0,15,0
1765406893.120624,1726,2,15,0,15,0
1765406893.137378,1727,2,15,0,15,0
1765406893.153732,1727,2,15,0,15,0
1765406893.169148,1728,2,15,0,15,0
1765406893.185869,1728,2,15,0,15,0
1765406893.203094,1728,2,15,0,15,0
1765406893.219708,1729,2,15,0,15,0
1765406893.236470,1729,2,15,0,15,0
1765406893.253669,1730,2,15,0,15,0
1765406893.269785,1730,2,15,0,15,0
1765406893.286254,1730,2,15,0,15,0
1765406893.302932,1731,2,15,0,15,0
1765406893.320557,1731,2,15,0,15,0
1765406893.338405,1732,2,15,0,15,0
1765406893.355316,1732,2,15,0,15,0
1765406893.371977,1732,2,15,0,15,0
1765406893.389532,1733,2,15,0,15,0
1765406893.405894,1733,2,15,0,15,0
1765406893.422830,1734,2,15,0,15,0
1765406893.439071,1734,2,15,0,15,0
1765406893.455963,1734,2,15,0,15,0
1765406893.472294,1735,2,15,0,15,0
1765406893.489311,1735,2,15,0,15,0
1765406893.507254,1736,2,15,0,15,0
1765406893.524668,1736,2,15,0,15,0
1765406893.540278,1736,2,15,0,15,0
1765406893.556466,1737,2,15,0,15,0
1765406893.572256,1737,2,15,0,15,0
1765406893.588748,1737,2,15,0,15,0
1765406893.605952,1738,2,15,0,15,0
1765406893.623074,1738,2,15,0,15,0
1765406893.640343,1739,2,15,0,15,0
1765406893.657307,1739,2,15,0,15,0
1765406893.673589,1739,2,15,0,15,0
1765406893.689230,1740,2,15,0,15,0
1765406893.705505,1740,2,15,0,15,0
1765406893.722330,1741,2,15,0,15,0
1765406893.739254,1741,2,15,0,15,0
1765406893.755913,1741,2,15,0,15,0
1765406893.772705,1742,2,15,0,15,0
1765406893.788834,1742,2,15,0,15,0
1765406893.805857,1743,2,15,0,15,0
1765406893.823776,1743,2,15,0,15,0
1765406893.839370,1743,2,15,0,15,0
1765406893.855687,1744,2,15,0,15,0
1765406893.872197,1744,2,15,0,15,0
1765406893.888705,1745,2,15,0,15,0
1765406893.905580,1745,2,15,0,15,0
1765406893.921961,1745,2,15,0,15,0
1765406893.939454,1746,2,15,0,15,0
1765406893.955459,1746,2,15,0,15,0
1765406893.971634,1747,2,15,0,15,0
1765406893.988176,1747,2,15,0,15,0
1765406894.004951,1747,2,15,0,15,0
1765406894.021376,1748,2,15,0,15,0
1765406894.038083,1748,2,15,0,15,0
1765406894.054591,1748,2,15,0,15,0
1765406894.070993,1749,2,15,0,15,0
1765406894.088524,1749,2,15,0,15,0
1765406894.105668,1750,2,15,0,15,0
1765406894.123048,1750,2,15,0,15,0
1765406894.140814,1751,2,15,0,15,0
1765406894.157898,1751,2,15,0,15,0
1765406894.175082,1751,2,15,0,15,0
1765406894.192239,1752,2,15,0,15,0
1765406894.208662,1752,2,15,0,15,0
1765406894.224253,1752,2,15,0,15,0
1765406894.240309,1753,2,15,0,15,0
1765406894.257395,1753,2,15,0,15,0
1765406894.274298,1754,2,15,0,15,0
1765406894.290956,1754,2,15,0,15,0
1765406894.308564,1754,2,15,0,15,0
1765406894.324218,1755,2,15,0,15,0
1765406894.340983,1755,2,15,0,15,0
1765406894.357873,1756,2,15,0,15,0
1765406894.374871,1756,2,15,0,15,0
1765406894.392226,1756,2,15,0,15,0
1765406894.409410,1757,2,15,0,15,0
1765406894.425996,1757,2,15,0,15,0
1765406894.442692,1758,2,15,1,15,1
1765406894.459508,1758,2,15,1,15,1
1765406894.476460,1758,2,15,1,15,1
1765406894.492965,1759,2,15,1,15,1
1765406894.509297,1759,2,15,1,15,1
1765406894.525403,1760,2,15,1,15,1
1765406894.542264,1760,2,15,1,15,1
1765406894.559468,1760,2,15,1,15,1
1765406894.575583,1761,2,15,1,15,1
1765406894.592304,1761,2,15,1,15,1
1765406894.608385,1762,2,15,1,15,1
1765406894.624744,1762,2,15,1,15,1
1765406894.641019,1762,2,15,1,15,1
1765406894.656976,1763,2,15,1,15,1
1765406894.674649,1763,2,15,1,15,1
1765406894.691471,1764,2,15,1,15,1
1765406894.707076,1764,2,15,1,15,1
1765406894.724189,1764,2,15,1,15,1
1765406894.740968,1765,2,15,1,15,1
1765406894.758523,1765,2,15,1,15,1
1765406894.774966,1766,2,15,1,15,1
1765406894.792358,1766,2,15,1,15,1
1765406894.809485,1766,2,15,1,15,1
1765406894.825206,1767,2,15,1,15,1
1765406894.841727,1767,2,15,1,15,1
1765406894.858812,1767,2,15,1,15,1
1765406894.876128,1768,2,15,1,15,1
1765406894.893705,1768,2,15,1,15,1
1765406894.909647,1769,2,15,1,15,1
1765406894.926063,1769,2,15,1,15,1
1765406894.942546,1770,2,15,1,15,1
1765406894.958614,1770,2,15,1,15,1
1765406894.974639,1770,2,15,1,15,1
1765406894.991998,1771,2,15,1,15,1
1765406895.008780,1771,2,15,1,15,1
1765406895.028820,1772,2,15,1,15,1
1765406895.130467,1772,2,15,1,15,1
