timestamp,client_id,snapshot_id,seq_num,server_timestamp_ms,recv_time_ms,latency_ms,jitter_ms,perceived_position_error,cpu_percent,bandwidth_per_client_kbps
1765406824.633691,2,110,1,1765406824470,1765406824633,163,0.00,0.0000,0.0,0.00
1765406824.633691,2,111,2,1765406824512,1765406824633,121,0.00,0.0000,0.0,0.00
1765406824.634689,2,112,3,1765406824555,1765406824634,79,0.50,0.0000,0.0,0.00
1765406824.634689,2,113,4,1765406824598,1765406824634,36,0.44,0.0000,0.0,0.00
1765406824.762398,2,114,5,1765406824640,1765406824761,121,47.50,0.0000,0.0,0.00
1765406824.762398,2,115,6,1765406824683,1765406824762,79,40.48,0.0000,0.0,0.00
1765406824.762398,2,116,7,1765406824725,1765406824762,37,35.17,0.0000,0.0,0.00
1765406824.770973,2,117,8,1765406824766,1765406824769,3,30.73,0.0000,0.0,0.00
1765406824.809514,2,118,10,1765406824809,1765406824809,0,30.75,0.0000,0.0,0.00
1765406824.852051,2,119,11,1765406824851,1765406824851,0,30.30,0.0000,0.0,0.00
1765406824.894235,2,120,12,1765406824893,1765406824893,0,29.40,0.0000,0.0,0.00
1765406824.928205,2,121,14,1765406824928,1765406824928,0,27.62,0.0000,0.0,0.00
1765406824.971414,2,122,15,1765406824970,1765406824971,1,26.67,0.0000,0.0,0.00
1765406825.012925,2,123,16,1765406825012,1765406825012,0,25.53,0.0000,0.0,0.00
1765406825.052216,2,124,17,1765406825048,1765406825052,4,24.37,0.0000,0.0,0.00
1765406825.091382,2,125,18,1765406825091,1765406825091,0,23.23,0.0000,0.0,0.00
1765406825.140338,2,126,19,1765406825133,1765406825135,2,22.41,0.0000,0.0,0.00
1765406825.176183,2,127,20,1765406825175,1765406825175,0,21.45,0.0000,0.0,0.00
1765406825.218640,2,128,21,1765406825217,1765406825218,1,20.67,0.0000,0.0,0.00
1765406825.259993,2,129,22,1765406825259,1765406825259,0,19.86,0.0000,0.0,0.00
1765406825.302997,2,130,23,1765406825301,1765406825301,0,19.14,0.0000,0.0,0.00
1765406825.355716,2,131,24,1765406825344,1765406825349,5,18.63,0.0000,0.0,0.00
1765406825.389603,2,132,25,1765406825384,1765406825389,5,17.93,0.0000,0.0,0.00
1765406825.425951,2,133,26,1765406825425,1765406825425,0,17.18,0.0000,0.0,0.00
1765406825.472846,2,134,27,1765406825468,1765406825472,4,16.73,0.0000,0.0,0.00
1765406825.510455,2,135,28,1765406825510,1765406825510,0,16.12,0.0000,0.0,0.00
1765406825.556318,2,136,29,1765406825552,1765406825556,4,15.73,0.0000,0.0,0.00
1765406825.594378,2,137,30,1765406825594,1765406825594,0,15.20,0.0000,0.0,0.00
1765406825.637473,2,138,31,1765406825636,1765406825637,1,14.79,0.0000,0.0,0.00
1765406825.678793,2,139,32,1765406825678,1765406825678,0,14.36,0.0000,0.0,0.00
1765406825.721827,2,140,33,1765406825719,1765406825721,2,14.01,0.0000,0.0,0.00
1765406825.761684,2,141,34,1765406825761,1765406825761,0,13.62,0.0000,0.0,0.00
1765406825.841388,2,142,35,1765406825835,1765406825840,5,13.86,0.0000,0.0,0.00
1765406825.877838,2,143,36,1765406825877,1765406825877,0,13.47,0.0000,0.0,0.00
1765406825.921993,2,144,38,1765406825921,1765406825921,0,13.17,0.0000,0.0,0.00
1765406825.954049,2,145,39,1765406825953,1765406825954,1,13.00,0.0000,0.0,0.00
1765406825.996272,2,146,41,1765406825996,1765406825996,0,12.70,0.0000,0.0,0.00
1765406826.038588,2,147,42,1765406826038,1765406826038,0,12.42,0.0000,0.0,0.00
1765406826.081465,2,148,43,1765406826080,1765406826080,0,12.16,0.0000,0.0,0.00
1765406826.123681,2,149,44,1765406826123,1765406826123,0,11.92,0.0000,0.0,0.00
1765406826.165310,2,150,45,1765406826165,1765406826165,0,11.68,0.0000,0.0,0.00
1765406826.207419,2,151,46,1765406826207,1765406826207,0,11.45,0.0000,0.0,0.00
1765406826.249727,2,152,47,1765406826249,1765406826249,0,11.22,0.0000,0.0,0.00
1765406826.292161,2,153,48,1765406826291,1765406826291,0,11.01,0.0000,0.0,0.00
1765406826.337606,2,154,49,1765406826334,1765406826337,3,10.85,0.0000,0.0,0.00
1765406826.376283,2,155,50,1765406826376,1765406826376,0,10.61,0.0000,0.0,0.00
1765406826.422543,2,156,51,1765406826418,1765406826422,4,10.47,0.0000,0.0,0.00
1765406826.460619,2,157,52,1765406826460,1765406826460,0,10.27,0.0000,0.0,0.00
1765406826.506596,2,158,53,1765406826503,1765406826506,3,10.14,0.0000,0.0,0.00
1765406826.544916,2,159,54,1765406826544,1765406826544,0,9.96,0.0000,0.0,0.00
1765406826.588611,2,160,55,1765406826587,1765406826588,1,9.82,0.0000,0.0,0.00
1765406826.629930,2,161,56,1765406826629,1765406826629,0,9.65,0.0000,0.0,0.00
1765406826.673739,2,162,57,1765406826671,1765406826672,1,9.51,0.0000,0.0,0.00
1765406826.713652,2,163,58,1765406826713,1765406826713,0,9.36,0.0000,0.0,0.00
1765406826.756727,2,164,59,1765406826756,1765406826756,0,9.22,0.0000,0.0,0.00
1765406826.800030,2,165,61,1765406826800,1765406826800,0,9.11,0.0000,0.0,0.00
1765406826.841931,2,166,62,1765406826841,1765406826841,0,8.96,0.0000,0.0,0.00
1765406826.885682,2,167,63,1765406826883,1765406826885,2,8.85,0.0000,0.0,0.00
1765406826.926171,2,168,64,1765406826925,1765406826925,0,8.70,0.0000,0.0,0.00
1765406826.968827,2,169,65,1765406826967,1765406826968,1,8.58,0.0000,0.0,0.00
1765406827.009632,2,170,66,1765406827009,1765406827009,0,8.45,0.0000,0.0,0.00
1765406827.052177,2,171,67,1765406827051,1765406827052,1,7.55,0.0000,0.0,0.00
1765406827.093598,2,172,68,1765406827093,1765406827093,0,6.69,0.0000,0.0,0.00
1765406827.135942,2,173,69,1765406827135,1765406827135,0,5.95,0.0000,0.0,0.00
1765406827.178356,2,174,70,1765406827178,1765406827178,0,4.88,0.0000,0.0,0.00
1765406827.220840,2,175,71,1765406827220,1765406827220,0,3.98,0.0000,0.0,0.00
1765406827.263608,2,176,73,1765406827263,1765406827263,0,3.20,0.0000,0.0,0.00
1765406827.305035,2,177,74,1765406827305,1765406827305,0,2.63,0.0000,0.0,0.00
1765406827.348831,2,178,75,1765406827347,1765406827348,1,2.61,0.0000,0.0,0.00
1765406827.389495,2,179,76,1765406827389,1765406827389,0,2.63,0.0000,0.0,0.00
1765406827.433778,2,180,77,1765406827431,1765406827433,2,2.66,0.0000,0.0,0.00
1765406827.472950,2,181,78,1765406827472,1765406827472,0,2.60,0.0000,0.0,0.00
1765406827.518044,2,182,79,1765406827515,1765406827517,2,2.64,0.0000,0.0,0.00
1765406827.556907,2,183,80,1765406827556,1765406827556,0,2.67,0.0000,0.0,0.00
1765406827.600240,2,184,81,1765406827599,1765406827600,1,2.66,0.0000,0.0,0.00
1765406827.642429,2,185,82,1765406827642,1765406827642,0,2.62,0.0000,0.0,0.00
1765406827.684928,2,186,83,1765406827684,1765406827684,0,2.60,0.0000,0.0,0.00
1765406827.728518,2,187,84,1765406827728,1765406827728,0,2.59,0.0000,0.0,0.00
1765406827.770257,2,188,85,1765406827770,1765406827770,0,2.59,0.0000,0.0,0.00
1765406827.815854,2,189,86,1765406827812,1765406827815,3,2.61,0.0000,0.0,0.00
1765406827.855142,2,190,87,1765406827855,1765406827855,0,2.64,0.0000,0.0,0.00
1765406827.899579,2,191,88,1765406827897,1765406827899,2,2.57,0.0000,0.0,0.00
1765406827.939127,2,192,89,1765406827939,1765406827939,0,2.57,0.0000,0.0,0.00
1765406827.980955,2,193,90,1765406827980,1765406827980,0,2.49,0.0000,0.0,0.00
1765406828.022759,2,194,91,1765406828022,1765406828022,0,2.42,0.0000,0.0,0.00
1765406828.064721,2,195,92,1765406828064,1765406828064,0,2.36,0.0000,0.0,0.00
1765406828.106649,2,196,93,1765406828106,1765406828106,0,2.30,0.0000,0.0,0.00
1765406828.150183,2,197,94,1765406828150,1765406828150,0,2.27,0.0000,0.0,0.00
1765406828.192257,2,198,95,1765406828192,1765406828192,0,2.27,0.0000,0.0,0.00
1765406828.234487,2,199,96,1765406828234,1765406828234,0,2.25,0.0000,0.0,0.00
1765406828.276363,2,200,97,1765406828276,1765406828276,0,2.25,0.0000,0.0,0.00
1765406828.319232,2,201,98,1765406828318,1765406828318,0,2.23,0.0000,0.0,0.00
1765406828.361511,2,202,99,1765406828361,1765406828361,0,1.49,0.0000,0.0,0.00
1765406828.397438,2,203,100,1765406828397,1765406828397,0,1.50,0.0000,0.0,0.00
1765406828.440984,2,204,101,1765406828438,1765406828439,1,1.48,0.0000,0.0,0.00
1765406828.480596,2,205,102,1765406828480,1765406828480,0,1.36,0.0000,0.0,0.00
1765406828.522818,2,206,104,1765406828522,1765406828522,0,1.36,0.0000,0.0,0.00
1765406828.566738,2,207,105,1765406828565,1765406828565,0,1.38,0.0000,0.0,0.00
1765406828.608981,2,208,106,1765406828608,1765406828608,0,1.39,0.0000,0.0,0.00
1765406828.651428,2,209,107,1765406828651,1765406828651,0,1.39,0.0000,0.0,0.00
1765406828.694357,2,210,108,1765406828694,1765406828694,0,1.41,0.0000,0.0,0.00
1765406828.736680,2,211,109,1765406828736,1765406828736,0,1.41,0.0000,0.0,0.00
1765406828.779181,2,212,110,1765406828779,1765406828779,0,1.42,0.0000,0.0,0.00
1765406828.824280,2,213,113,1765406828821,1765406828824,3,1.47,0.0000,0.0,0.00
1765406828.863864,2,214,114,1765406828863,1765406828863,0,1.45,0.0000,0.0,0.00
1765406828.908953,2,215,115,1765406828906,1765406828908,2,1.45,0.0000,0.0,0.00
1765406828.950773,2,216,117,1765406828950,1765406828950,0,1.38,0.0000,0.0,0.00
1765406828.992157,2,217,118,1765406828992,1765406828992,0,1.33,0.0000,0.0,0.00
1765406829.035239,2,218,119,1765406829035,1765406829035,0,1.27,0.0000,0.0,0.00
1765406829.077658,2,219,120,1765406829077,1765406829077,0,1.21,0.0000,0.0,0.00
1765406829.120041,2,220,121,1765406829119,1765406829119,0,1.18,0.0000,0.0,0.00
1765406829.161530,2,221,122,1765406829161,1765406829161,0,1.17,0.0000,0.0,0.00
1765406829.204412,2,222,123,1765406829203,1765406829203,0,1.15,0.0000,0.0,0.00
1765406829.246269,2,223,124,1765406829246,1765406829246,0,1.15,0.0000,0.0,0.00
1765406829.287738,2,224,125,1765406829287,1765406829287,0,1.15,0.0000,0.0,0.00
1765406829.330698,2,225,126,1765406829330,1765406829330,0,1.13,0.0000,0.0,0.00
1765406829.377460,2,226,127,1765406829372,1765406829377,5,1.21,0.0000,0.0,0.00
1765406829.415311,2,227,128,1765406829415,1765406829415,0,1.23,0.0000,0.0,0.00
1765406829.458469,2,228,129,1765406829457,1765406829458,1,1.22,0.0000,0.0,0.00
1765406829.499278,2,229,130,1765406829499,1765406829499,0,1.22,0.0000,0.0,0.00
1765406829.542961,2,230,131,1765406829541,1765406829542,1,1.22,0.0000,0.0,0.00
1765406829.583768,2,231,132,1765406829583,1765406829583,0,1.22,0.0000,0.0,0.00
1765406829.626518,2,232,133,1765406829626,1765406829626,0,1.22,0.0000,0.0,0.00
1765406829.667989,2,233,134,1765406829667,1765406829667,0,1.23,0.0000,0.0,0.00
1765406829.710203,2,234,135,1765406829710,1765406829710,0,1.23,0.0000,0.0,0.00
1765406829.752304,2,235,136,1765406829752,1765406829752,0,1.23,0.0000,0.0,0.00
1765406829.794788,2,236,137,1765406829794,1765406829794,0,1.22,0.0000,0.0,0.00
1765406829.836977,2,237,138,1765406829836,1765406829836,0,1.22,0.0000,0.0,0.00
1765406829.879084,2,238,140,1765406829879,1765406829879,0,1.22,0.0000,0.0,0.00
1765406829.920678,2,239,141,1765406829920,1765406829920,0,1.22,0.0000,0.0,0.00
1765406829.964139,2,240,142,1765406829963,1765406829964,1,1.22,0.0000,0.0,0.00
1765406830.009420,2,241,143,1765406830006,1765406830008,2,1.21,0.0000,0.0,0.00
1765406830.048373,2,242,144,1765406830048,1765406830048,0,1.19,0.0000,0.0,0.00
1765406830.092089,2,243,145,1765406830091,1765406830092,1,1.18,0.0000,0.0,0.00
1765406830.132552,2,244,146,1765406830132,1765406830132,0,1.17,0.0000,0.0,0.00
1765406830.174062,2,245,147,1765406830174,1765406830174,0,1.17,0.0000,0.0,0.00
1765406830.216564,2,246,148,1765406830216,1765406830216,0,1.17,0.0000,0.0,0.00
1765406830.258780,2,247,149,1765406830258,1765406830258,0,1.14,0.0000,0.0,0.00
1765406830.300894,2,248,150,1765406830300,1765406830300,0,1.14,0.0000,0.0,0.00
1765406830.343197,2,249,151,1765406830343,1765406830343,0,1.10,0.0000,0.0,0.00
1765406830.385666,2,250,152,1765406830385,1765406830385,0,1.07,0.0000,0.0,0.00
1765406830.428180,2,251,153,1765406830428,1765406830428,0,1.05,0.0000,0.0,0.00
1765406830.474086,2,252,154,1765406830470,1765406830474,4,1.10,0.0000,0.0,0.00
1765406830.513054,2,253,155,1765406830513,1765406830513,0,1.13,0.0000,0.0,0.00
1765406830.556844,2,254,156,1765406830555,1765406830556,1,1.14,0.0000,0.0,0.00
1765406830.598301,2,255,157,1765406830597,1765406830598,1,1.14,0.0000,0.0,0.00
1765406830.640152,2,256,158,1765406830640,1765406830640,0,1.14,0.0000,0.0,0.00
1765406830.682217,2,257,159,1765406830682,1765406830682,0,1.11,0.0000,0.0,0.00
1765406830.724090,2,258,160,1765406830724,1765406830724,0,1.11,0.0000,0.0,0.00
1765406830.766136,2,259,161,1765406830766,1765406830766,0,1.11,0.0000,0.0,0.00
1765406830.809115,2,260,163,1765406830808,1765406830808,0,1.11,0.0000,0.0,0.00
1765406830.850280,2,261,164,1765406830850,1765406830850,0,1.11,0.0000,0.0,0.00
1765406830.893016,2,262,165,1765406830893,1765406830893,0,1.11,0.0000,0.0,0.00
1765406830.935349,2,263,166,1765406830934,1765406830935,1,1.03,0.0000,0.0,0.00
1765406830.978390,2,264,167,1765406830977,1765406830977,0,1.03,0.0000,0.0,0.00
1765406831.024093,2,265,168,1765406831020,1765406831024,4,1.10,0.0000,0.0,0.00
1765406831.062549,2,266,169,1765406831062,1765406831062,0,1.16,0.0000,0.0,0.00
1765406831.107759,2,267,170,1765406831104,1765406831107,3,1.19,0.0000,0.0,0.00
1765406831.146852,2,268,171,1765406831146,1765406831146,0,1.23,0.0000,0.0,0.00
1765406831.191097,2,269,172,1765406831189,1765406831191,2,1.27,0.0000,0.0,0.00
1765406831.231182,2,270,173,1765406831231,1765406831231,0,1.28,0.0000,0.0,0.00
1765406831.275048,2,271,174,1765406831273,1765406831275,2,1.31,0.0000,0.0,0.00
1765406831.314953,2,272,175,1765406831314,1765406831314,0,1.34,0.0000,0.0,0.00
1765406831.358933,2,273,176,1765406831357,1765406831358,1,1.32,0.0000,0.0,0.00
1765406831.399141,2,274,177,1765406831399,1765406831399,0,1.30,0.0000,0.0,0.00
1765406831.441065,2,275,178,1765406831441,1765406831441,0,1.24,0.0000,0.0,0.00
1765406831.483480,2,276,179,1765406831482,1765406831482,0,1.25,0.0000,0.0,0.00
1765406831.524431,2,277,180,1765406831524,1765406831524,0,1.25,0.0000,0.0,0.00
1765406831.566358,2,278,181,1765406831566,1765406831566,0,1.24,0.0000,0.0,0.00
1765406831.608341,2,279,182,1765406831608,1765406831608,0,1.24,0.0000,0.0,0.00
1765406831.650252,2,280,183,1765406831650,1765406831650,0,1.24,0.0000,0.0,0.00
1765406831.692408,2,281,184,1765406831692,1765406831692,0,1.24,0.0000,0.0,0.00
1765406831.736984,2,282,185,1765406831734,1765406831736,2,1.27,0.0000,0.0,0.00
1765406831.776903,2,283,186,1765406831776,1765406831776,0,1.28,0.0000,0.0,0.00
1765406831.819151,2,284,187,1765406831819,1765406831819,0,1.29,0.0000,0.0,0.00
1765406831.861715,2,285,188,1765406831861,1765406831861,0,1.27,0.0000,0.0,0.00
1765406831.904566,2,286,189,1765406831904,1765406831904,0,1.19,0.0000,0.0,0.00
1765406831.949161,2,287,190,1765406831946,1765406831949,3,1.20,0.0000,0.0,0.00
1765406831.989671,2,288,192,1765406831989,1765406831989,0,1.20,0.0000,0.0,0.00
1765406832.032136,2,289,193,1765406832032,1765406832032,0,1.21,0.0000,0.0,0.00
1765406832.074481,2,290,194,1765406832074,1765406832074,0,1.19,0.0000,0.0,0.00
1765406832.117176,2,291,195,1765406832117,1765406832117,0,1.20,0.0000,0.0,0.00
1765406832.159518,2,292,196,1765406832159,1765406832159,0,1.18,0.0000,0.0,0.00
1765406832.202331,2,293,197,1765406832201,1765406832202,1,1.18,0.0000,0.0,0.00
1765406832.244938,2,294,198,1765406832244,1765406832244,0,1.17,0.0000,0.0,0.00
1765406832.286792,2,295,199,1765406832286,1765406832286,0,1.17,0.0000,0.0,0.00
1765406832.333920,2,296,200,1765406832329,1765406832329,0,1.18,0.0000,0.0,0.00
1765406832.372035,2,297,201,1765406832371,1765406832371,0,1.18,0.0000,0.0,0.00
1765406832.412912,2,298,202,1765406832412,1765406832412,0,1.18,0.0000,0.0,0.00
1765406832.454714,2,299,203,1765406832454,1765406832454,0,1.17,0.0000,0.0,0.00
1765406832.496980,2,300,204,1765406832496,1765406832496,0,1.13,0.0000,0.0,0.00
1765406832.538273,2,301,206,1765406832538,1765406832538,0,1.09,0.0000,0.0,0.00
1765406832.584454,2,302,207,1765406832580,1765406832584,4,1.16,0.0000,0.0,0.00
1765406832.622579,2,303,208,1765406832622,1765406832622,0,1.16,0.0000,0.0,0.00
1765406832.667172,2,304,209,1765406832663,1765406832666,3,1.18,0.0000,0.0,0.00
1765406832.705973,2,305,210,1765406832705,1765406832705,0,1.21,0.0000,0.0,0.00
1765406832.750355,2,306,211,1765406832747,1765406832750,3,1.27,0.0000,0.0,0.00
1765406832.789425,2,307,212,1765406832789,1765406832789,0,1.30,0.0000,0.0,0.00
1765406832.834244,2,308,214,1765406832831,1765406832834,3,1.36,0.0000,0.0,0.00
1765406832.873691,2,309,215,1765406832873,1765406832873,0,1.38,0.0000,0.0,0.00
1765406832.914886,2,310,216,1765406832914,1765406832914,0,1.39,0.0000,0.0,0.00
1765406832.957009,2,311,217,1765406832957,1765406832957,0,1.39,0.0000,0.0,0.00
1765406832.999157,2,312,218,1765406832999,1765406832999,0,1.31,0.0000,0.0,0.00
1765406833.041602,2,313,219,1765406833041,1765406833041,0,1.28,0.0000,0.0,0.00
1765406833.087024,2,314,220,1765406833082,1765406833086,4,1.32,0.0000,0.0,0.00
1765406833.124752,2,315,221,1765406833124,1765406833124,0,1.37,0.0000,0.0,0.00
1765406833.169622,2,316,222,1765406833167,1765406833168,1,1.41,0.0000,0.0,0.00
1765406833.209251,2,317,223,1765406833209,1765406833209,0,1.42,0.0000,0.0,0.00
1765406833.254102,2,318,224,1765406833250,1765406833254,4,1.48,0.0000,0.0,0.00
1765406833.292958,2,319,225,1765406833292,1765406833292,0,1.53,0.0000,0.0,0.00
1765406833.336888,2,320,226,1765406833334,1765406833336,2,1.56,0.0000,0.0,0.00
1765406833.377271,2,321,227,1765406833377,1765406833377,0,1.58,0.0000,0.0,0.00
1765406833.422421,2,322,228,1765406833419,1765406833422,3,1.62,0.0000,0.0,0.00
1765406833.461190,2,323,229,1765406833461,1765406833461,0,1.66,0.0000,0.0,0.00
1765406833.505905,2,324,230,1765406833503,1765406833505,2,1.69,0.0000,0.0,0.00
1765406833.546213,2,325,231,1765406833546,1765406833546,0,1.61,0.0000,0.0,0.00
1765406833.588609,2,326,232,1765406833588,1765406833588,0,1.56,0.0000,0.0,0.00
1765406833.630538,2,327,233,1765406833630,1765406833630,0,1.50,0.0000,0.0,0.00
1765406833.672365,2,328,235,1765406833672,1765406833672,0,1.46,0.0000,0.0,0.00
1765406833.713873,2,329,236,1765406833713,1765406833713,0,1.41,0.0000,0.0,0.00
1765406833.756853,2,330,237,1765406833756,1765406833756,0,1.41,0.0000,0.0,0.00
1765406833.798904,2,331,238,1765406833798,1765406833798,0,1.36,0.0000,0.0,0.00
1765406833.841089,2,332,239,1765406833841,1765406833841,0,1.35,0.0000,0.0,0.00
1765406833.882463,2,333,240,1765406833882,1765406833882,0,1.32,0.0000,0.0,0.00
1765406833.924177,2,334,241,1765406833924,1765406833924,0,1.31,0.0000,0.0,0.00
1765406833.966574,2,335,242,1765406833966,1765406833966,0,1.31,0.0000,0.0,0.00
1765406834.008020,2,336,243,1765406834008,1765406834008,0,1.30,0.0000,0.0,0.00
1765406834.050860,2,337,244,1765406834050,1765406834050,0,1.30,0.0000,0.0,0.00
1765406834.093488,2,338,245,1765406834092,1765406834092,0,1.30,0.0000,0.0,0.00
1765406834.134034,2,339,246,1765406834134,1765406834134,0,1.30,0.0000,0.0,0.00
1765406834.176515,2,340,247,1765406834176,1765406834176,0,1.30,0.0000,0.0,0.00
1765406834.219041,2,341,248,1765406834219,1765406834219,0,1.31,0.0000,0.0,0.00
1765406834.261403,2,342,249,1765406834261,1765406834261,0,1.28,0.0000,0.0,0.00
1765406834.306006,2,343,250,1765406834304,1765406834306,2,1.31,0.0000,0.0,0.00
1765406834.347077,2,344,251,1765406834347,1765406834347,0,1.31,0.0000,0.0,0.00
1765406834.390353,2,345,252,1765406834390,1765406834390,0,1.32,0.0000,0.0,0.00
1765406834.432819,2,346,253,1765406834431,1765406834431,0,1.32,0.0000,0.0,0.00
1765406834.473681,2,347,254,1765406834473,1765406834473,0,1.26,0.0000,0.0,0.00
1765406834.516463,2,348,255,1765406834515,1765406834515,0,1.23,0.0000,0.0,0.00
1765406834.558280,2,349,256,1765406834558,1765406834558,0,1.23,0.0000,0.0,0.00
1765406834.600851,2,350,257,1765406834600,1765406834600,0,1.23,0.0000,0.0,0.00
1765406834.642368,2,351,258,1765406834642,1765406834642,0,1.21,0.0000,0.0,0.00
1765406834.684308,2,352,259,1765406834684,1765406834684,0,1.21,0.0000,0.0,0.00
1765406834.726726,2,353,260,1765406834726,1765406834726,0,1.19,0.0000,0.0,0.00
1765406834.769163,2,354,261,1765406834769,1765406834769,0,1.21,0.0000,0.0,0.00
1765406834.811662,2,355,262,1765406834811,1765406834811,0,1.21,0.0000,0.0,0.00
1765406834.855908,2,356,264,1765406834853,1765406834855,2,1.24,0.0000,0.0,0.00
1765406834.896159,2,357,265,1765406834896,1765406834896,0,1.25,0.0000,0.0,0.00
1765406834.939397,2,358,266,1765406834938,1765406834939,1,1.26,0.0000,0.0,0.00
1765406834.980338,2,359,267,1765406834980,1765406834980,0,1.27,0.0000,0.0,0.00
1765406835.024294,2,360,269,1765406835024,1765406835024,0,1.31,0.0000,0.0,0.00
1765406835.066965,2,361,270,1765406835066,1765406835066,0,1.31,0.0000,0.0,0.00
1765406835.108784,2,362,271,1765406835108,1765406835108,0,1.22,0.0000,0.0,0.00
1765406835.159397,2,363,272,1765406835153,1765406835159,6,1.37,0.0000,0.0,0.00
1765406835.195370,2,364,273,1765406835195,1765406835195,0,1.40,0.0000,0.0,0.00
1765406835.239785,2,365,274,1765406835238,1765406835239,1,1.40,0.0000,0.0,0.00
1765406835.281086,2,366,275,1765406835281,1765406835281,0,1.34,0.0000,0.0,0.00
1765406835.332350,2,367,276,1765406835331,1765406835332,1,1.50,0.0000,0.0,0.00
1765406835.375012,2,368,277,1765406835375,1765406835375,0,1.46,0.0000,0.0,0.00
1765406835.421285,2,369,278,1765406835417,1765406835421,4,1.49,0.0000,0.0,0.00
1765406835.459314,2,370,279,1765406835459,1765406835459,0,1.53,0.0000,0.0,0.00
1765406835.502480,2,371,280,1765406835501,1765406835501,0,1.52,0.0000,0.0,0.00
1765406835.543698,2,372,281,1765406835543,1765406835543,0,1.52,0.0000,0.0,0.00
1765406835.587988,2,373,282,1765406835585,1765406835587,2,1.55,0.0000,0.0,0.00
1765406835.627864,2,374,283,1765406835627,1765406835627,0,1.52,0.0000,0.0,0.00
1765406835.670988,2,375,284,1765406835669,1765406835670,1,1.48,0.0000,0.0,0.00
1765406835.712744,2,376,285,1765406835712,1765406835712,0,1.45,0.0000,0.0,0.00
1765406835.754521,2,377,286,1765406835754,1765406835754,0,1.44,0.0000,0.0,0.00
1765406835.801637,2,378,287,1765406835797,1765406835801,4,1.49,0.0000,0.0,0.00
1765406835.839346,2,379,288,1765406835839,1765406835839,0,1.49,0.0000,0.0,0.00
1765406835.882594,2,380,289,1765406835881,1765406835882,1,1.46,0.0000,0.0,0.00
1765406835.924322,2,381,290,1765406835923,1765406835923,0,1.46,0.0000,0.0,0.00
1765406835.967107,2,382,291,1765406835965,1765406835967,2,1.44,0.0000,0.0,0.00
1765406836.007661,2,383,292,1765406836007,1765406836007,0,1.43,0.0000,0.0,0.00
1765406836.049654,2,384,293,1765406836049,1765406836049,0,1.40,0.0000,0.0,0.00
1765406836.091635,2,385,294,1765406836091,1765406836091,0,1.39,0.0000,0.0,0.00
1765406836.133746,2,386,295,1765406836133,1765406836133,0,1.39,0.0000,0.0,0.00
1765406836.175993,2,387,296,1765406836175,1765406836175,0,1.39,0.0000,0.0,0.00
1765406836.217693,2,388,297,1765406836217,1765406836217,0,1.39,0.0000,0.0,0.00
1765406836.260615,2,389,298,1765406836260,1765406836260,0,1.39,0.0000,0.0,0.00
1765406836.302285,2,390,299,1765406836302,1765406836302,0,1.38,0.0000,0.0,0.00
1765406836.346882,2,391,300,1765406836344,1765406836346,2,1.41,0.0000,0.0,0.00
1765406836.387127,2,392,301,1765406836387,1765406836387,0,1.41,0.0000,0.0,0.00
1765406836.429575,2,393,302,1765406836429,1765406836429,0,1.40,0.0000,0.0,0.00
1765406836.471712,2,394,303,1765406836471,1765406836471,0,1.40,0.0000,0.0,0.00
1765406836.513754,2,395,304,1765406836513,1765406836513,0,1.40,0.0000,0.0,0.00
1765406836.556479,2,396,305,1765406836556,1765406836556,0,1.41,0.0000,0.0,0.00
1765406836.598692,2,397,306,1765406836598,1765406836598,0,1.41,0.0000,0.0,0.00
1765406836.644573,2,398,307,1765406836641,1765406836644,3,1.48,0.0000,0.0,0.00
1765406836.683008,2,399,308,1765406836683,1765406836683,0,1.51,0.0000,0.0,0.00
1765406836.728437,2,400,309,1765406836725,1765406836726,1,1.52,0.0000,0.0,0.00
1765406836.767520,2,401,310,1765406836767,1765406836767,0,1.52,0.0000,0.0,0.00
1765406836.809645,2,402,311,1765406836809,1765406836809,0,1.52,0.0000,0.0,0.00
1765406836.850939,2,403,313,1765406836850,1765406836850,0,1.49,0.0000,0.0,0.00
1765406836.893364,2,404,314,1765406836893,1765406836893,0,1.48,0.0000,0.0,0.00
1765406836.934569,2,405,315,1765406836934,1765406836934,0,1.49,0.0000,0.0,0.00
1765406836.979205,2,406,316,1765406836976,1765406836978,2,1.50,0.0000,0.0,0.00
1765406837.019329,2,407,317,1765406837019,1765406837019,0,1.52,0.0000,0.0,0.00
1765406837.061219,2,408,318,1765406837061,1765406837061,0,1.52,0.0000,0.0,0.00
1765406837.103537,2,409,319,1765406837103,1765406837103,0,1.51,0.0000,0.0,0.00
1765406837.146133,2,410,321,1765406837146,1765406837146,0,1.52,0.0000,0.0,0.00
1765406837.187668,2,411,322,1765406837187,1765406837187,0,1.53,0.0000,0.0,0.00
1765406837.230694,2,412,323,1765406837230,1765406837230,0,1.53,0.0000,0.0,0.00
1765406837.273208,2,413,324,1765406837273,1765406837273,0,1.54,0.0000,0.0,0.00
1765406837.315404,2,414,325,1765406837315,1765406837315,0,1.53,0.0000,0.0,0.00
1765406837.430834,2,415,326,1765406837423,1765406837430,7,3.22,0.0000,0.0,0.00
1765406837.466195,2,416,327,1765406837466,1765406837466,0,3.26,0.0000,0.0,0.00
1765406837.510539,2,417,328,1765406837508,1765406837510,2,3.25,0.0000,0.0,0.00
1765406837.551549,2,418,329,1765406837551,1765406837551,0,3.27,0.0000,0.0,0.00
1765406837.593620,2,419,330,1765406837593,1765406837593,0,3.26,0.0000,0.0,0.00
1765406837.636036,2,420,331,1765406837636,1765406837636,0,3.25,0.0000,0.0,0.00
1765406837.679014,2,421,332,1765406837678,1765406837678,0,3.25,0.0000,0.0,0.00
1765406837.722533,2,422,333,1765406837720,1765406837722,2,3.25,0.0000,0.0,0.00
1765406837.763066,2,423,334,1765406837763,1765406837763,0,3.07,0.0000,0.0,0.00
1765406837.807223,2,424,335,1765406837804,1765406837807,3,3.04,0.0000,0.0,0.00
1765406837.847038,2,425,336,1765406837847,1765406837847,0,3.05,0.0000,0.0,0.00
1765406837.889662,2,426,337,1765406837889,1765406837889,0,3.05,0.0000,0.0,0.00
1765406837.931173,2,427,338,1765406837931,1765406837931,0,2.85,0.0000,0.0,0.00
1765406837.974666,2,428,339,1765406837974,1765406837974,0,2.85,0.0000,0.0,0.00
1765406838.017905,2,429,340,1765406838017,1765406838017,0,2.78,0.0000,0.0,0.00
1765406838.061173,2,430,342,1765406838060,1765406838060,0,2.75,0.0000,0.0,0.00
1765406838.108260,2,431,343,1765406838103,1765406838107,4,2.84,0.0000,0.0,0.00
1765406838.145709,2,432,344,1765406838145,1765406838145,0,2.87,0.0000,0.0,0.00
1765406838.189162,2,433,345,1765406838187,1765406838189,2,2.87,0.0000,0.0,0.00
1765406838.230581,2,434,346,1765406838230,1765406838230,0,2.86,0.0000,0.0,0.00
1765406838.271903,2,435,347,1765406838271,1765406838271,0,2.87,0.0000,0.0,0.00
1765406838.314384,2,436,348,1765406838314,1765406838314,0,2.87,0.0000,0.0,0.00
1765406838.356687,2,437,349,1765406838356,1765406838356,0,2.87,0.0000,0.0,0.00
1765406838.398445,2,438,350,1765406838398,1765406838398,0,2.77,0.0000,0.0,0.00
1765406838.440469,2,439,351,1765406838440,1765406838440,0,2.75,0.0000,0.0,0.00
1765406838.486810,2,440,352,1765406838482,1765406838486,4,2.82,0.0000,0.0,0.00
1765406838.524477,2,441,353,1765406838524,1765406838524,0,2.84,0.0000,0.0,0.00
1765406838.570648,2,442,354,1765406838567,1765406838570,3,2.89,0.0000,0.0,0.00
1765406838.609126,2,443,355,1765406838609,1765406838609,0,2.90,0.0000,0.0,0.00
1765406838.654105,2,444,356,1765406838651,1765406838654,3,2.93,0.0000,0.0,0.00
1765406838.693351,2,445,357,1765406838693,1765406838693,0,2.95,0.0000,0.0,0.00
1765406838.740965,2,446,358,1765406838735,1765406838740,5,3.04,0.0000,0.0,0.00
1765406838.778207,2,447,359,1765406838778,1765406838778,0,3.07,0.0000,0.0,0.00
1765406838.820720,2,448,360,1765406838820,1765406838820,0,3.07,0.0000,0.0,0.00
1765406838.862696,2,449,362,1765406838862,1765406838862,0,3.07,0.0000,0.0,0.00
1765406838.904500,2,450,363,1765406838904,1765406838904,0,3.07,0.0000,0.0,0.00
1765406838.947538,2,451,365,1765406838947,1765406838947,0,3.06,0.0000,0.0,0.00
1765406838.990360,2,452,366,1765406838990,1765406838990,0,3.05,0.0000,0.0,0.00
1765406839.033981,2,453,367,1765406839032,1765406839033,1,3.04,0.0000,0.0,0.00
1765406839.074709,2,454,368,1765406839074,1765406839074,0,3.05,0.0000,0.0,0.00
1765406839.119856,2,455,369,1765406839116,1765406839119,3,3.08,0.0000,0.0,0.00
1765406839.159800,2,456,370,1765406839159,1765406839159,0,3.10,0.0000,0.0,0.00
1765406839.201091,2,457,371,1765406839201,1765406839201,0,3.10,0.0000,0.0,0.00
1765406839.243341,2,458,372,1765406839243,1765406839243,0,3.04,0.0000,0.0,0.00
1765406839.285817,2,459,373,1765406839285,1765406839285,0,3.02,0.0000,0.0,0.00
1765406839.321475,2,460,374,1765406839321,1765406839321,0,3.07,0.0000,0.0,0.00
1765406839.367223,2,461,375,1765406839363,1765406839367,4,3.12,0.0000,0.0,0.00
1765406839.406219,2,462,376,1765406839406,1765406839406,0,3.14,0.0000,0.0,0.00
1765406839.450335,2,463,377,1765406839448,1765406839450,2,3.14,0.0000,0.0,0.00
1765406839.490707,2,464,378,1765406839490,1765406839490,0,3.17,0.0000,0.0,0.00
1765406839.534645,2,465,379,1765406839532,1765406839534,2,3.17,0.0000,0.0,0.00
1765406839.575604,2,466,380,1765406839575,1765406839575,0,3.17,0.0000,0.0,0.00
1765406839.617816,2,467,381,1765406839617,1765406839617,0,3.16,0.0000,0.0,0.00
1765406839.660049,2,468,382,1765406839660,1765406839660,0,3.15,0.0000,0.0,0.00
1765406839.702666,2,469,383,1765406839702,1765406839702,0,3.15,0.0000,0.0,0.00
1765406839.748782,2,470,384,1765406839744,1765406839747,3,3.19,0.0000,0.0,0.00
1765406839.787171,2,471,385,1765406839787,1765406839787,0,3.20,0.0000,0.0,0.00
1765406839.831802,2,472,386,1765406839829,1765406839831,2,3.21,0.0000,0.0,0.00
1765406839.871156,2,473,387,1765406839871,1765406839871,0,3.24,0.0000,0.0,0.00
1765406839.913993,2,474,388,1765406839913,1765406839913,0,3.24,0.0000,0.0,0.00
1765406839.955280,2,475,389,1765406839954,1765406839955,1,1.73,0.0000,0.0,0.00
1765406839.997162,2,476,390,1765406839997,1765406839997,0,1.65,0.0000,0.0,0.00
1765406840.039700,2,477,391,1765406840039,1765406840039,0,1.62,0.0000,0.0,0.00
1765406840.081903,2,478,392,1765406840081,1765406840081,0,1.61,0.0000,0.0,0.00
1765406840.123771,2,479,393,1765406840123,1765406840123,0,1.61,0.0000,0.0,0.00
1765406840.165496,2,480,395,1765406840165,1765406840165,0,1.59,0.0000,0.0,0.00
1765406840.211408,2,481,396,1765406840208,1765406840210,2,1.65,0.0000,0.0,0.00
1765406840.251220,2,482,397,1765406840250,1765406840250,0,1.64,0.0000,0.0,0.00
1765406840.294499,2,483,398,1765406840293,1765406840294,1,1.66,0.0000,0.0,0.00
1765406840.334839,2,484,399,1765406840334,1765406840334,0,1.65,0.0000,0.0,0.00
1765406840.378161,2,485,400,1765406840377,1765406840378,1,1.66,0.0000,0.0,0.00
1765406840.418675,2,486,401,1765406840418,1765406840418,0,1.68,0.0000,0.0,0.00
1765406840.462631,2,487,402,1765406840460,1765406840462,2,1.72,0.0000,0.0,0.00
1765406840.502604,2,488,403,1765406840502,1765406840502,0,1.73,0.0000,0.0,0.00
1765406840.548264,2,489,404,1765406840544,1765406840548,4,1.79,0.0000,0.0,0.00
1765406840.587847,2,490,405,1765406840587,1765406840587,0,1.81,0.0000,0.0,0.00
1765406840.634297,2,491,406,1765406840630,1765406840633,3,1.79,0.0000,0.0,0.00
1765406840.672295,2,492,407,1765406840672,1765406840672,0,1.78,0.0000,0.0,0.00
1765406840.717470,2,493,408,1765406840715,1765406840716,1,1.78,0.0000,0.0,0.00
1765406840.757584,2,494,409,1765406840757,1765406840757,0,1.78,0.0000,0.0,0.00
1765406840.801519,2,495,410,1765406840799,1765406840801,2,1.81,0.0000,0.0,0.00
1765406840.841157,2,496,411,1765406840841,1765406840841,0,1.81,0.0000,0.0,0.00
1765406840.883011,2,497,413,1765406840883,1765406840883,0,1.81,0.0000,0.0,0.00
1765406840.924797,2,498,414,1765406840924,1765406840924,0,1.83,0.0000,0.0,0.00
1765406840.966491,2,499,415,1765406840966,1765406840966,0,1.83,0.0000,0.0,0.00
1765406841.008162,2,500,416,1765406841008,1765406841008,0,1.74,0.0000,0.0,0.00
1765406841.050316,2,501,417,1765406841050,1765406841050,0,1.70,0.0000,0.0,0.00
1765406841.097154,2,502,419,1765406841093,1765406841097,4,1.72,0.0000,0.0,0.00
1765406841.135557,2,503,420,1765406841135,1765406841135,0,1.73,0.0000,0.0,0.00
1765406841.178692,2,504,421,1765406841177,1765406841178,1,1.69,0.0000,0.0,0.00
1765406841.219966,2,505,422,1765406841219,1765406841219,0,1.66,0.0000,0.0,0.00
1765406841.262387,2,506,423,1765406841261,1765406841262,1,1.58,0.0000,0.0,0.00
1765406841.304240,2,507,424,1765406841304,1765406841304,0,1.53,0.0000,0.0,0.00
1765406841.347558,2,508,425,1765406841347,1765406841347,0,1.55,0.0000,0.0,0.00
1765406841.389521,2,509,426,1765406841389,1765406841389,0,1.55,0.0000,0.0,0.00
1765406841.432812,2,510,427,1765406841431,1765406841432,1,1.56,0.0000,0.0,0.00
1765406841.473833,2,511,428,1765406841473,1765406841473,0,1.56,0.0000,0.0,0.00
1765406841.517519,2,512,429,1765406841515,1765406841517,2,1.58,0.0000,0.0,0.00
1765406841.557702,2,513,430,1765406841557,1765406841557,0,1.59,0.0000,0.0,0.00
1765406841.600944,2,514,431,1765406841599,1765406841600,1,1.59,0.0000,0.0,0.00
1765406841.642171,2,515,432,1765406841641,1765406841641,0,1.54,0.0000,0.0,0.00
1765406841.684627,2,516,433,1765406841683,1765406841684,1,1.54,0.0000,0.0,0.00
1765406841.726013,2,517,434,1765406841726,1765406841726,0,1.54,0.0000,0.0,0.00
1765406841.768041,2,518,435,1765406841768,1765406841768,0,1.54,0.0000,0.0,0.00
1765406841.809589,2,519,436,1765406841809,1765406841809,0,1.55,0.0000,0.0,0.00
1765406841.850988,2,520,437,1765406841850,1765406841850,0,1.49,0.0000,0.0,0.00
1765406841.896227,2,521,438,1765406841893,1765406841894,1,1.45,0.0000,0.0,0.00
1765406841.936043,2,522,439,1765406841936,1765406841936,0,1.41,0.0000,0.0,0.00
1765406841.978599,2,523,440,1765406841977,1765406841978,1,1.37,0.0000,0.0,0.00
1765406842.020697,2,524,441,1765406842020,1765406842020,0,1.35,0.0000,0.0,0.00
1765406842.064023,2,525,442,1765406842063,1765406842063,0,1.33,0.0000,0.0,0.00
1765406842.105224,2,526,443,1765406842105,1765406842105,0,1.32,0.0000,0.0,0.00
1765406842.147699,2,527,444,1765406842147,1765406842147,0,1.32,0.0000,0.0,0.00
1765406842.189388,2,528,445,1765406842189,1765406842189,0,1.30,0.0000,0.0,0.00
1765406842.231761,2,529,446,1765406842231,1765406842231,0,1.30,0.0000,0.0,0.00
1765406842.273731,2,530,447,1765406842273,1765406842273,0,1.24,0.0000,0.0,0.00
1765406842.316365,2,531,448,1765406842315,1765406842315,0,1.22,0.0000,0.0,0.00
1765406842.361186,2,532,449,1765406842358,1765406842361,3,1.26,0.0000,0.0,0.00
1765406842.399917,2,533,450,1765406842399,1765406842399,0,1.28,0.0000,0.0,0.00
1765406842.444395,2,534,451,1765406842442,1765406842444,2,1.34,0.0000,0.0,0.00
1765406842.483698,2,535,452,1765406842483,1765406842483,0,1.38,0.0000,0.0,0.00
1765406842.529314,2,536,453,1765406842525,1765406842528,3,1.44,0.0000,0.0,0.00
1765406842.601132,2,537,454,1765406842601,1765406842601,0,2.09,0.0000,0.0,0.00
1765406842.646930,2,538,455,1765406842643,1765406842646,3,2.12,0.0000,0.0,0.00
1765406842.685860,2,539,456,1765406842685,1765406842685,0,2.16,0.0000,0.0,0.00
1765406842.728929,2,540,457,1765406842728,1765406842728,0,2.16,0.0000,0.0,0.00
1765406842.773290,2,541,458,1765406842770,1765406842773,3,2.16,0.0000,0.0,0.00
1765406842.813595,2,542,460,1765406842813,1765406842813,0,2.16,0.0000,0.0,0.00
1765406842.855667,2,543,462,1765406842855,1765406842855,0,2.14,0.0000,0.0,0.00
1765406842.897972,2,544,463,1765406842897,1765406842897,0,2.12,0.0000,0.0,0.00
1765406842.940966,2,545,464,1765406842940,1765406842940,0,2.10,0.0000,0.0,0.00
1765406842.983125,2,546,465,1765406842983,1765406842983,0,2.07,0.0000,0.0,0.00
1765406843.025690,2,547,466,1765406843025,1765406843025,0,2.05,0.0000,0.0,0.00
1765406843.067598,2,548,467,1765406843067,1765406843067,0,2.02,0.0000,0.0,0.00
1765406843.109622,2,549,468,1765406843109,1765406843109,0,1.97,0.0000,0.0,0.00
1765406843.151571,2,550,469,1765406843151,1765406843151,0,1.93,0.0000,0.0,0.00
1765406843.194183,2,551,470,1765406843193,1765406843194,1,1.87,0.0000,0.0,0.00
1765406843.236419,2,552,471,1765406843235,1765406843236,1,1.83,0.0000,0.0,0.00
1765406843.278230,2,553,472,1765406843278,1765406843278,0,1.81,0.0000,0.0,0.00
1765406843.321358,2,554,473,1765406843320,1765406843320,0,1.80,0.0000,0.0,0.00
1765406843.363849,2,555,474,1765406843363,1765406843363,0,1.78,0.0000,0.0,0.00
1765406843.406060,2,556,475,1765406843405,1765406843406,1,1.75,0.0000,0.0,0.00
1765406843.447794,2,557,476,1765406843447,1765406843447,0,1.76,0.0000,0.0,0.00
1765406843.490075,2,558,477,1765406843489,1765406843489,0,1.75,0.0000,0.0,0.00
1765406843.531636,2,559,478,1765406843531,1765406843531,0,1.75,0.0000,0.0,0.00
1765406843.575888,2,560,479,1765406843573,1765406843575,2,1.77,0.0000,0.0,0.00
1765406843.615891,2,561,480,1765406843615,1765406843615,0,1.79,0.0000,0.0,0.00
1765406843.661276,2,562,481,1765406843658,1765406843661,3,1.77,0.0000,0.0,0.00
1765406843.700693,2,563,482,1765406843700,1765406843700,0,1.76,0.0000,0.0,0.00
1765406843.744455,2,564,483,1765406843742,1765406843744,2,1.78,0.0000,0.0,0.00
1765406843.784925,2,565,484,1765406843784,1765406843784,0,1.79,0.0000,0.0,0.00
1765406843.826300,2,566,485,1765406843826,1765406843826,0,1.80,0.0000,0.0,0.00
1765406843.868605,2,567,486,1765406843868,1765406843868,0,1.80,0.0000,0.0,0.00
1765406843.910266,2,568,487,1765406843910,1765406843910,0,1.80,0.0000,0.0,0.00
1765406843.952059,2,569,488,1765406843952,1765406843952,0,1.80,0.0000,0.0,0.00
1765406843.994603,2,570,489,1765406843994,1765406843994,0,1.80,0.0000,0.0,0.00
1765406844.036777,2,571,490,1765406844036,1765406844036,0,1.79,0.0000,0.0,0.00
1765406844.078785,2,572,491,1765406844078,1765406844078,0,1.77,0.0000,0.0,0.00
1765406844.121519,2,573,493,1765406844121,1765406844121,0,1.74,0.0000,0.0,0.00
1765406844.164592,2,574,494,1765406844164,1765406844164,0,1.74,0.0000,0.0,0.00
1765406844.206754,2,575,495,1765406844206,1765406844206,0,1.73,0.0000,0.0,0.00
1765406844.249079,2,576,496,1765406844249,1765406844249,0,1.73,0.0000,0.0,0.00
1765406844.294326,2,577,497,1765406844291,1765406844294,3,1.77,0.0000,0.0,0.00
1765406844.333037,2,578,498,1765406844333,1765406844333,0,1.81,0.0000,0.0,0.00
1765406844.378947,2,579,499,1765406844374,1765406844378,4,1.83,0.0000,0.0,0.00
1765406844.417897,2,580,500,1765406844416,1765406844416,0,1.87,0.0000,0.0,0.00
1765406844.461274,2,581,501,1765406844459,1765406844461,2,1.89,0.0000,0.0,0.00
1765406844.502371,2,582,502,1765406844502,1765406844502,0,1.90,0.0000,0.0,0.00
1765406844.546979,2,583,503,1765406844545,1765406844546,1,1.92,0.0000,0.0,0.00
1765406844.587685,2,584,504,1765406844587,1765406844587,0,1.93,0.0000,0.0,0.00
1765406844.629385,2,585,505,1765406844628,1765406844628,0,1.95,0.0000,0.0,0.00
1765406844.671266,2,586,506,1765406844670,1765406844670,0,1.95,0.0000,0.0,0.00
1765406844.713840,2,587,507,1765406844713,1765406844713,0,1.95,0.0000,0.0,0.00
1765406844.756452,2,588,508,1765406844756,1765406844756,0,1.94,0.0000,0.0,0.00
1765406844.799372,2,589,510,1765406844798,1765406844799,1,1.93,0.0000,0.0,0.00
1765406844.841260,2,590,511,1765406844841,1765406844841,0,1.93,0.0000,0.0,0.00
1765406844.883082,2,591,513,1765406844883,1765406844883,0,1.93,0.0000,0.0,0.00
1765406844.928433,2,592,514,1765406844925,1765406844928,3,1.91,0.0000,0.0,0.00
1765406844.966892,2,593,515,1765406844966,1765406844966,0,1.91,0.0000,0.0,0.00
1765406845.012662,2,594,516,1765406845009,1765406845012,3,1.93,0.0000,0.0,0.00
1765406845.051651,2,595,517,1765406845051,1765406845051,0,1.93,0.0000,0.0,0.00
1765406845.094958,2,596,518,1765406845093,1765406845093,0,1.90,0.0000,0.0,0.00
1765406845.136580,2,597,519,1765406845136,1765406845136,0,1.30,0.0000,0.0,0.00
1765406845.178663,2,598,520,1765406845178,1765406845178,0,1.25,0.0000,0.0,0.00
1765406845.220702,2,599,521,1765406845220,1765406845220,0,1.21,0.0000,0.0,0.00
1765406845.262579,2,600,522,1765406845262,1765406845262,0,1.20,0.0000,0.0,0.00
1765406845.304939,2,601,523,1765406845304,1765406845304,0,1.14,0.0000,0.0,0.00
1765406845.346660,2,602,524,1765406845346,1765406845346,0,1.12,0.0000,0.0,0.00
1765406845.388609,2,603,525,1765406845388,1765406845388,0,1.12,0.0000,0.0,0.00
1765406845.430710,2,604,526,1765406845430,1765406845430,0,1.12,0.0000,0.0,0.00
1765406845.472881,2,605,527,1765406845472,1765406845472,0,1.10,0.0000,0.0,0.00
1765406845.515868,2,606,528,1765406845515,1765406845515,0,1.10,0.0000,0.0,0.00
1765406845.560951,2,607,529,1765406845558,1765406845560,2,1.16,0.0000,0.0,0.00
1765406845.600145,2,608,530,1765406845600,1765406845600,0,1.18,0.0000,0.0,0.00
1765406845.641974,2,609,531,1765406845641,1765406845641,0,1.19,0.0000,0.0,0.00
1765406845.684636,2,610,532,1765406845684,1765406845684,0,1.21,0.0000,0.0,0.00
1765406845.725775,2,611,533,1765406845725,1765406845725,0,1.20,0.0000,0.0,0.00
1765406845.767375,2,612,534,1765406845767,1765406845767,0,1.20,0.0000,0.0,0.00
1765406845.809302,2,613,535,1765406845809,1765406845809,0,1.20,0.0000,0.0,0.00
1765406845.851198,2,614,536,1765406845851,1765406845851,0,1.20,0.0000,0.0,0.00
1765406845.895426,2,615,537,1765406845893,1765406845895,2,1.23,0.0000,0.0,0.00
1765406845.936203,2,616,538,1765406845935,1765406845936,1,1.22,0.0000,0.0,0.00
1765406845.978947,2,617,539,1765406845977,1765406845978,1,1.21,0.0000,0.0,0.00
1765406846.020105,2,618,540,1765406846020,1765406846020,0,1.21,0.0000,0.0,0.00
1765406846.062420,2,619,541,1765406846062,1765406846062,0,1.21,0.0000,0.0,0.00
1765406846.104812,2,620,542,1765406846104,1765406846104,0,1.17,0.0000,0.0,0.00
1765406846.147115,2,621,543,1765406846147,1765406846147,0,1.17,0.0000,0.0,0.00
1765406846.190864,2,622,544,1765406846189,1765406846190,1,1.10,0.0000,0.0,0.00
1765406846.231645,2,623,545,1765406846231,1765406846231,0,1.08,0.0000,0.0,0.00
1765406846.274381,2,624,546,1765406846273,1765406846273,0,1.04,0.0000,0.0,0.00
1765406846.315604,2,625,547,1765406846315,1765406846315,0,1.02,0.0000,0.0,0.00
1765406846.358253,2,626,548,1765406846358,1765406846358,0,1.03,0.0000,0.0,0.00
1765406846.400365,2,627,549,1765406846400,1765406846400,0,1.03,0.0000,0.0,0.00
1765406846.442624,2,628,550,1765406846442,1765406846442,0,1.03,0.0000,0.0,0.00
1765406846.484646,2,629,551,1765406846484,1765406846484,0,1.03,0.0000,0.0,0.00
1765406846.526128,2,630,552,1765406846526,1765406846526,0,1.03,0.0000,0.0,0.00
1765406846.568345,2,631,553,1765406846568,1765406846568,0,1.03,0.0000,0.0,0.00
1765406846.610615,2,632,554,1765406846610,1765406846610,0,1.03,0.0000,0.0,0.00
1765406846.657089,2,633,555,1765406846652,1765406846657,5,1.12,0.0000,0.0,0.00
1765406846.694683,2,634,556,1765406846694,1765406846694,0,1.16,0.0000,0.0,0.00
1765406846.737155,2,635,557,1765406846736,1765406846736,0,1.16,0.0000,0.0,0.00
1765406846.778652,2,636,558,1765406846778,1765406846778,0,1.14,0.0000,0.0,0.00
1765406846.820532,2,637,559,1765406846820,1765406846820,0,1.08,0.0000,0.0,0.00
1765406846.862401,2,638,560,1765406846862,1765406846862,0,1.05,0.0000,0.0,0.00
1765406846.904098,2,639,562,1765406846904,1765406846904,0,0.98,0.0000,0.0,0.00
1765406846.945838,2,640,563,1765406846945,1765406846945,0,0.95,0.0000,0.0,0.00
1765406846.980588,2,641,564,1765406846980,1765406846980,0,0.96,0.0000,0.0,0.00
1765406847.022217,2,642,565,1765406847022,1765406847022,0,0.93,0.0000,0.0,0.00
1765406847.064596,2,643,566,1765406847064,1765406847064,0,0.92,0.0000,0.0,0.00
1765406847.106630,2,644,567,1765406847106,1765406847106,0,0.89,0.0000,0.0,0.00
1765406847.149563,2,645,569,1765406847148,1765406847148,0,0.87,0.0000,0.0,0.00
1765406847.191222,2,646,570,1765406847191,1765406847191,0,0.89,0.0000,0.0,0.00
1765406847.233810,2,647,571,1765406847233,1765406847233,0,0.87,0.0000,0.0,0.00
1765406847.275285,2,648,572,1765406847275,1765406847275,0,0.86,0.0000,0.0,0.00
1765406847.317260,2,649,573,1765406847317,1765406847317,0,0.86,0.0000,0.0,0.00
1765406847.359681,2,650,574,1765406847359,1765406847359,0,0.86,0.0000,0.0,0.00
1765406847.403317,2,651,575,1765406847400,1765406847403,3,0.87,0.0000,0.0,0.00
1765406847.442705,2,652,576,1765406847442,1765406847442,0,0.93,0.0000,0.0,0.00
1765406847.487617,2,653,577,1765406847485,1765406847487,2,0.86,0.0000,0.0,0.00
1765406847.527476,2,654,578,1765406847527,1765406847527,0,0.87,0.0000,0.0,0.00
1765406847.569408,2,655,579,1765406847569,1765406847569,0,0.79,0.0000,0.0,0.00
1765406847.611685,2,656,580,1765406847611,1765406847611,0,0.79,0.0000,0.0,0.00
1765406847.654912,2,657,581,1765406847653,1765406847654,1,0.79,0.0000,0.0,0.00
1765406847.697132,2,658,582,1765406847696,1765406847696,0,0.79,0.0000,0.0,0.00
1765406847.741241,2,659,583,1765406847738,1765406847741,3,0.83,0.0000,0.0,0.00
1765406847.781368,2,660,584,1765406847781,1765406847781,0,0.86,0.0000,0.0,0.00
1765406847.823744,2,661,585,1765406847823,1765406847823,0,0.86,0.0000,0.0,0.00
1765406847.865814,2,662,586,1765406847865,1765406847865,0,0.86,0.0000,0.0,0.00
1765406847.908418,2,663,587,1765406847908,1765406847908,0,0.87,0.0000,0.0,0.00
1765406847.952411,2,664,588,1765406847951,1765406847952,1,0.92,0.0000,0.0,0.00
1765406847.994027,2,665,589,1765406847994,1765406847994,0,0.92,0.0000,0.0,0.00
1765406848.036741,2,666,590,1765406848036,1765406848036,0,0.89,0.0000,0.0,0.00
1765406848.078781,2,667,591,1765406848078,1765406848078,0,0.85,0.0000,0.0,0.00
1765406848.120839,2,668,592,1765406848120,1765406848120,0,0.80,0.0000,0.0,0.00
1765406848.163632,2,669,594,1765406848163,1765406848163,0,0.82,0.0000,0.0,0.00
1765406848.211535,2,670,595,1765406848206,1765406848210,4,0.92,0.0000,0.0,0.00
1765406848.249208,2,671,596,1765406848249,1765406848249,0,0.94,0.0000,0.0,0.00
1765406848.292616,2,672,597,1765406848292,1765406848292,0,0.96,0.0000,0.0,0.00
1765406848.334071,2,673,598,1765406848334,1765406848334,0,0.96,0.0000,0.0,0.00
1765406848.376791,2,674,599,1765406848376,1765406848376,0,0.96,0.0000,0.0,0.00
1765406848.421751,2,675,600,1765406848418,1765406848418,0,0.91,0.0000,0.0,0.00
1765406848.460124,2,676,601,1765406848460,1765406848460,0,0.90,0.0000,0.0,0.00
1765406848.505402,2,677,602,1765406848501,1765406848504,3,0.95,0.0000,0.0,0.00
1765406848.545002,2,678,603,1765406848545,1765406848545,0,0.96,0.0000,0.0,0.00
1765406848.589118,2,679,604,1765406848587,1765406848589,2,1.00,0.0000,0.0,0.00
1765406848.630397,2,680,605,1765406848630,1765406848630,0,1.01,0.0000,0.0,0.00
1765406848.671906,2,681,606,1765406848671,1765406848671,0,1.00,0.0000,0.0,0.00
1765406848.715181,2,682,607,1765406848714,1765406848714,0,1.00,0.0000,0.0,0.00
1765406848.756635,2,683,608,1765406848756,1765406848756,0,0.99,0.0000,0.0,0.00
1765406848.798292,2,684,609,1765406848798,1765406848798,0,0.99,0.0000,0.0,0.00
1765406848.840541,2,685,610,1765406848840,1765406848840,0,0.99,0.0000,0.0,0.00
1765406848.882714,2,686,612,1765406848882,1765406848882,0,0.97,0.0000,0.0,0.00
1765406848.924910,2,687,613,1765406848924,1765406848924,0,0.97,0.0000,0.0,0.00
1765406848.966570,2,688,614,1765406848966,1765406848966,0,0.97,0.0000,0.0,0.00
1765406849.008970,2,689,615,1765406849008,1765406849008,0,0.97,0.0000,0.0,0.00
1765406849.050363,2,690,616,1765406849050,1765406849050,0,0.97,0.0000,0.0,0.00
1765406849.092081,2,691,617,1765406849092,1765406849092,0,0.97,0.0000,0.0,0.00
1765406849.134347,2,692,618,1765406849133,1765406849134,1,0.97,0.0000,0.0,0.00
1765406849.176147,2,693,619,1765406849176,1765406849176,0,0.86,0.0000,0.0,0.00
1765406849.217636,2,694,620,1765406849217,1765406849217,0,0.81,0.0000,0.0,0.00
1765406849.260148,2,695,621,1765406849260,1765406849260,0,0.84,0.0000,0.0,0.00
1765406849.302325,2,696,622,1765406849302,1765406849302,0,0.84,0.0000,0.0,0.00
1765406849.345203,2,697,623,1765406849345,1765406849345,0,0.86,0.0000,0.0,0.00
1765406849.387265,2,698,624,1765406849387,1765406849387,0,0.86,0.0000,0.0,0.00
1765406849.429547,2,699,625,1765406849429,1765406849429,0,0.86,0.0000,0.0,0.00
1765406849.472919,2,700,626,1765406849471,1765406849471,0,0.85,0.0000,0.0,0.00
1765406849.514346,2,701,627,1765406849513,1765406849514,1,0.81,0.0000,0.0,0.00
1765406849.555705,2,702,628,1765406849555,1765406849555,0,0.82,0.0000,0.0,0.00
1765406849.600395,2,703,629,1765406849597,1765406849599,2,0.86,0.0000,0.0,0.00
1765406849.640092,2,704,630,1765406849640,1765406849640,0,0.87,0.0000,0.0,0.00
1765406849.681792,2,705,631,1765406849681,1765406849681,0,0.88,0.0000,0.0,0.00
1765406849.724048,2,706,632,1765406849724,1765406849724,0,0.88,0.0000,0.0,0.00
1765406849.767895,2,707,633,1765406849765,1765406849767,2,0.89,0.0000,0.0,0.00
1765406849.807978,2,708,635,1765406849807,1765406849807,0,0.91,0.0000,0.0,0.00
1765406849.850093,2,709,636,1765406849850,1765406849850,0,0.93,0.0000,0.0,0.00
1765406849.892457,2,710,637,1765406849892,1765406849892,0,0.93,0.0000,0.0,0.00
1765406849.934909,2,711,638,1765406849934,1765406849934,0,0.89,0.0000,0.0,0.00
1765406849.976946,2,712,639,1765406849976,1765406849976,0,0.86,0.0000,0.0,0.00
1765406850.019410,2,713,640,1765406850018,1765406850018,0,0.80,0.0000,0.0,0.00
1765406850.060726,2,714,641,1765406850060,1765406850060,0,0.78,0.0000,0.0,0.00
1765406850.103236,2,715,642,1765406850103,1765406850103,0,0.79,0.0000,0.0,0.00
1765406850.147547,2,716,643,1765406850144,1765406850147,3,0.83,0.0000,0.0,0.00
1765406850.187536,2,717,645,1765406850187,1765406850187,0,0.84,0.0000,0.0,0.00
1765406850.232634,2,718,646,1765406850230,1765406850232,2,0.90,0.0000,0.0,0.00
1765406850.272630,2,719,647,1765406850272,1765406850272,0,0.86,0.0000,0.0,0.00
1765406850.317404,2,720,648,1765406850316,1765406850316,0,0.88,0.0000,0.0,0.00
1765406850.358855,2,721,649,1765406850358,1765406850358,0,0.88,0.0000,0.0,0.00
1765406850.400870,2,722,651,1765406850400,1765406850400,0,0.88,0.0000,0.0,0.00
1765406850.442860,2,723,652,1765406850442,1765406850442,0,0.86,0.0000,0.0,0.00
1765406850.485550,2,724,653,1765406850485,1765406850485,0,0.84,0.0000,0.0,0.00
1765406850.527502,2,725,654,1765406850527,1765406850527,0,0.84,0.0000,0.0,0.00
1765406850.569854,2,726,655,1765406850569,1765406850569,0,0.84,0.0000,0.0,0.00
1765406850.611871,2,727,656,1765406850611,1765406850611,0,0.84,0.0000,0.0,0.00
1765406850.654138,2,728,657,1765406850654,1765406850654,0,0.85,0.0000,0.0,0.00
1765406850.700556,2,729,658,1765406850695,1765406850700,5,0.92,0.0000,0.0,0.00
1765406850.738432,2,730,659,1765406850738,1765406850738,0,0.85,0.0000,0.0,0.00
1765406850.781873,2,731,660,1765406850780,1765406850781,1,0.84,0.0000,0.0,0.00
1765406850.828022,2,732,661,1765406850822,1765406850822,0,0.83,0.0000,0.0,0.00
1765406850.865148,2,733,662,1765406850865,1765406850865,0,0.85,0.0000,0.0,0.00
1765406850.907018,2,734,664,1765406850907,1765406850907,0,0.85,0.0000,0.0,0.00
1765406850.949395,2,735,665,1765406850949,1765406850949,0,0.85,0.0000,0.0,0.00
1765406850.994896,2,736,666,1765406850991,1765406850994,3,0.91,0.0000,0.0,0.00
1765406851.034145,2,737,667,1765406851034,1765406851034,0,0.89,0.0000,0.0,0.00
1765406851.076766,2,738,668,1765406851075,1765406851076,1,0.88,0.0000,0.0,0.00
1765406851.117466,2,739,669,1765406851117,1765406851117,0,0.85,0.0000,0.0,0.00
1765406851.158793,2,740,670,1765406851158,1765406851158,0,0.85,0.0000,0.0,0.00
1765406851.201051,2,741,671,1765406851201,1765406851201,0,0.86,0.0000,0.0,0.00
1765406851.243032,2,742,672,1765406851243,1765406851243,0,0.84,0.0000,0.0,0.00
1765406851.285608,2,743,673,1765406851285,1765406851285,0,0.84,0.0000,0.0,0.00
1765406851.327770,2,744,674,1765406851327,1765406851327,0,0.84,0.0000,0.0,0.00
1765406851.369761,2,745,675,1765406851369,1765406851369,0,0.84,0.0000,0.0,0.00
1765406851.411016,2,746,676,1765406851411,1765406851411,0,0.84,0.0000,0.0,0.00
1765406851.457726,2,747,677,1765406851453,1765406851457,4,0.93,0.0000,0.0,0.00
1765406851.495104,2,748,678,1765406851495,1765406851495,0,0.97,0.0000,0.0,0.00
1765406851.539626,2,749,679,1765406851536,1765406851539,3,1.01,0.0000,0.0,0.00
1765406851.579095,2,750,680,1765406851578,1765406851578,0,1.04,0.0000,0.0,0.00
1765406851.623060,2,751,681,1765406851620,1765406851623,3,1.10,0.0000,0.0,0.00
1765406851.663018,2,752,682,1765406851662,1765406851662,0,1.14,0.0000,0.0,0.00
1765406851.706454,2,753,683,1765406851704,1765406851706,2,1.18,0.0000,0.0,0.00
1765406851.746044,2,754,684,1765406851746,1765406851746,0,1.19,0.0000,0.0,0.00
1765406851.788216,2,755,685,1765406851788,1765406851788,0,1.17,0.0000,0.0,0.00
1765406851.830552,2,756,686,1765406851830,1765406851830,0,1.17,0.0000,0.0,0.00
1765406851.873108,2,757,687,1765406851873,1765406851873,0,1.17,0.0000,0.0,0.00
1765406851.918466,2,758,688,1765406851915,1765406851917,2,1.21,0.0000,0.0,0.00
1765406851.958206,2,759,689,1765406851958,1765406851958,0,1.22,0.0000,0.0,0.00
1765406851.999715,2,760,690,1765406851999,1765406851999,0,1.24,0.0000,0.0,0.00
1765406852.042774,2,761,691,1765406852042,1765406852042,0,1.24,0.0000,0.0,0.00
1765406852.084968,2,762,692,1765406852084,1765406852084,0,1.22,0.0000,0.0,0.00
1765406852.126219,2,763,693,1765406852126,1765406852126,0,1.19,0.0000,0.0,0.00
1765406852.168357,2,764,694,1765406852168,1765406852168,0,1.17,0.0000,0.0,0.00
1765406852.215192,2,765,695,1765406852211,1765406852215,4,1.26,0.0000,0.0,0.00
1765406852.253268,2,766,697,1765406852253,1765406852253,0,1.29,0.0000,0.0,0.00
1765406852.299055,2,767,698,1765406852295,1765406852299,4,1.36,0.0000,0.0,0.00
1765406852.337771,2,768,699,1765406852337,1765406852337,0,1.38,0.0000,0.0,0.00
1765406852.446191,2,769,700,1765406852425,1765406852446,21,2.88,0.0000,0.0,0.00
1765406852.543559,2,770,701,1765406852538,1765406852543,5,4.28,0.0000,0.0,0.00
1765406852.573968,2,771,702,1765406852571,1765406852573,2,4.34,0.0000,0.0,0.00
1765406852.605330,2,772,703,1765406852605,1765406852605,0,4.42,0.0000,0.0,0.00
1765406852.652738,2,773,704,1765406852648,1765406852652,4,4.48,0.0000,0.0,0.00
1765406852.690451,2,774,705,1765406852690,1765406852690,0,4.52,0.0000,0.0,0.00
1765406852.736852,2,775,706,1765406852732,1765406852736,4,4.56,0.0000,0.0,0.00
1765406852.773674,2,776,707,1765406852773,1765406852773,0,4.62,0.0000,0.0,0.00
1765406852.819221,2,777,708,1765406852816,1765406852819,3,4.64,0.0000,0.0,0.00
1765406852.857940,2,778,709,1765406852857,1765406852857,0,4.66,0.0000,0.0,0.00
1765406852.901441,2,779,711,1765406852900,1765406852901,1,4.63,0.0000,0.0,0.00
1765406852.943703,2,780,712,1765406852943,1765406852943,0,4.64,0.0000,0.0,0.00
1765406852.986790,2,781,713,1765406852986,1765406852986,0,4.63,0.0000,0.0,0.00
1765406853.046998,2,782,714,1765406853040,1765406853046,6,5.03,0.0000,0.0,0.00
1765406853.082875,2,783,715,1765406853082,1765406853082,0,5.07,0.0000,0.0,0.00
1765406853.129160,2,784,716,1765406853124,1765406853127,3,5.09,0.0000,0.0,0.00
1765406853.167574,2,785,717,1765406853167,1765406853167,0,5.10,0.0000,0.0,0.00
1765406853.211418,2,786,719,1765406853210,1765406853211,1,5.09,0.0000,0.0,0.00
1765406853.253424,2,787,720,1765406853252,1765406853252,0,5.09,0.0000,0.0,0.00
1765406853.295685,2,788,721,1765406853295,1765406853295,0,5.09,0.0000,0.0,0.00
1765406853.342292,2,789,722,1765406853338,1765406853342,4,5.12,0.0000,0.0,0.00
1765406853.380399,2,790,723,1765406853380,1765406853380,0,5.12,0.0000,0.0,0.00
1765406853.424375,2,791,724,1765406853422,1765406853423,1,5.12,0.0000,0.0,0.00
1765406853.465039,2,792,725,1765406853465,1765406853465,0,5.11,0.0000,0.0,0.00
1765406853.507561,2,793,726,1765406853506,1765406853507,1,5.12,0.0000,0.0,0.00
1765406853.548405,2,794,727,1765406853547,1765406853547,0,5.13,0.0000,0.0,0.00
1765406853.590567,2,795,728,1765406853590,1765406853590,0,5.13,0.0000,0.0,0.00
1765406853.631788,2,796,729,1765406853631,1765406853631,0,5.13,0.0000,0.0,0.00
1765406853.673409,2,797,730,1765406853673,1765406853673,0,5.11,0.0000,0.0,0.00
1765406853.715431,2,798,731,1765406853715,1765406853715,0,5.11,0.0000,0.0,0.00
1765406853.757805,2,799,732,1765406853757,1765406853757,0,5.10,0.0000,0.0,0.00
1765406853.802834,2,800,733,1765406853799,1765406853802,3,5.10,0.0000,0.0,0.00
1765406853.841128,2,801,734,1765406853841,1765406853841,0,5.13,0.0000,0.0,0.00
1765406853.893740,2,802,735,1765406853887,1765406853893,6,5.32,0.0000,0.0,0.00
1765406853.930441,2,803,736,1765406853929,1765406853930,1,5.36,0.0000,0.0,0.00
1765406853.976516,2,804,737,1765406853972,1765406853976,4,5.39,0.0000,0.0,0.00
1765406854.014476,2,805,738,1765406854014,1765406854014,0,5.43,0.0000,0.0,0.00
1765406854.055996,2,806,739,1765406854055,1765406854055,0,5.43,0.0000,0.0,0.00
1765406854.097488,2,807,740,1765406854097,1765406854097,0,5.40,0.0000,0.0,0.00
1765406854.139178,2,808,741,1765406854139,1765406854139,0,5.37,0.0000,0.0,0.00
1765406854.181391,2,809,742,1765406854181,1765406854181,0,5.38,0.0000,0.0,0.00
1765406854.227306,2,810,743,1765406854223,1765406854227,4,5.39,0.0000,0.0,0.00
1765406854.266538,2,811,744,1765406854265,1765406854265,0,5.42,0.0000,0.0,0.00
1765406854.310557,2,812,745,1765406854307,1765406854310,3,5.40,0.0000,0.0,0.00
1765406854.350399,2,813,746,1765406854349,1765406854349,0,5.44,0.0000,0.0,0.00
1765406854.393247,2,814,747,1765406854392,1765406854393,1,5.41,0.0000,0.0,0.00
1765406854.433810,2,815,748,1765406854433,1765406854433,0,5.43,0.0000,0.0,0.00
1765406854.475754,2,816,749,1765406854475,1765406854475,0,5.43,0.0000,0.0,0.00
1765406854.518896,2,817,750,1765406854518,1765406854518,0,5.43,0.0000,0.0,0.00
1765406854.560722,2,818,751,1765406854560,1765406854560,0,5.44,0.0000,0.0,0.00
1765406854.607590,2,819,752,1765406854604,1765406854606,2,5.46,0.0000,0.0,0.00
1765406854.646861,2,820,754,1765406854646,1765406854646,0,5.47,0.0000,0.0,0.00
1765406854.689756,2,821,755,1765406854688,1765406854689,1,5.47,0.0000,0.0,0.00
1765406854.731333,2,822,756,1765406854731,1765406854731,0,5.47,0.0000,0.0,0.00
1765406854.774700,2,823,757,1765406854774,1765406854774,0,5.46,0.0000,0.0,0.00
1765406854.816258,2,824,758,1765406854816,1765406854816,0,5.46,0.0000,0.0,0.00
1765406854.859202,2,825,759,1765406854859,1765406854859,0,5.40,0.0000,0.0,0.00
1765406854.903901,2,826,761,1765406854902,1765406854903,1,5.35,0.0000,0.0,0.00
1765406854.945155,2,827,762,1765406854945,1765406854945,0,5.32,0.0000,0.0,0.00
1765406854.987352,2,828,763,1765406854987,1765406854987,0,5.29,0.0000,0.0,0.00
1765406855.034820,2,829,764,1765406855030,1765406855034,4,3.82,0.0000,0.0,0.00
1765406855.073365,2,830,765,1765406855073,1765406855073,0,2.79,0.0000,0.0,0.00
1765406855.115987,2,831,766,1765406855115,1765406855115,0,2.63,0.0000,0.0,0.00
1765406855.158415,2,832,767,1765406855158,1765406855158,0,2.49,0.0000,0.0,0.00
1765406855.200340,2,833,768,1765406855200,1765406855200,0,2.41,0.0000,0.0,0.00
1765406855.242467,2,834,769,1765406855242,1765406855242,0,2.36,0.0000,0.0,0.00
1765406855.285256,2,835,770,1765406855285,1765406855285,0,2.30,0.0000,0.0,0.00
1765406855.330472,2,836,771,1765406855327,1765406855330,3,2.27,0.0000,0.0,0.00
1765406855.369404,2,837,772,1765406855369,1765406855369,0,2.25,0.0000,0.0,0.00
1765406855.411634,2,838,773,1765406855411,1765406855411,0,2.19,0.0000,0.0,0.00
1765406855.453576,2,839,774,1765406855453,1765406855453,0,2.17,0.0000,0.0,0.00
1765406855.497280,2,840,775,1765406855495,1765406855495,0,2.17,0.0000,0.0,0.00
1765406855.538661,2,841,776,1765406855538,1765406855538,0,2.17,0.0000,0.0,0.00
1765406855.580822,2,842,777,1765406855580,1765406855580,0,1.82,0.0000,0.0,0.00
1765406855.623115,2,843,778,1765406855623,1765406855623,0,1.75,0.0000,0.0,0.00
1765406855.665104,2,844,779,1765406855665,1765406855665,0,1.70,0.0000,0.0,0.00
1765406855.707325,2,845,780,1765406855707,1765406855707,0,1.68,0.0000,0.0,0.00
1765406855.748977,2,846,781,1765406855748,1765406855748,0,1.66,0.0000,0.0,0.00
1765406855.791002,2,847,782,1765406855791,1765406855791,0,1.66,0.0000,0.0,0.00
1765406855.833127,2,848,783,1765406855832,1765406855832,0,1.66,0.0000,0.0,0.00
1765406855.874545,2,849,784,1765406855874,1765406855874,0,1.56,0.0000,0.0,0.00
1765406855.916249,2,850,785,1765406855916,1765406855916,0,1.51,0.0000,0.0,0.00
1765406855.958447,2,851,786,1765406855958,1765406855958,0,1.50,0.0000,0.0,0.00
1765406856.000112,2,852,787,1765406856000,1765406856000,0,1.50,0.0000,0.0,0.00
1765406856.042480,2,853,788,1765406856041,1765406856042,1,1.50,0.0000,0.0,0.00
1765406856.085093,2,854,789,1765406856084,1765406856084,0,1.48,0.0000,0.0,0.00
1765406856.129605,2,855,790,1765406856127,1765406856129,2,1.52,0.0000,0.0,0.00
1765406856.169278,2,856,791,1765406856169,1765406856169,0,1.53,0.0000,0.0,0.00
1765406856.212128,2,857,793,1765406856212,1765406856212,0,1.55,0.0000,0.0,0.00
1765406856.254247,2,858,795,1765406856254,1765406856254,0,1.55,0.0000,0.0,0.00
1765406856.296330,2,859,796,1765406856296,1765406856296,0,1.55,0.0000,0.0,0.00
1765406856.342162,2,860,797,1765406856338,1765406856342,4,1.57,0.0000,0.0,0.00
1765406856.379874,2,861,798,1765406856379,1765406856379,0,1.59,0.0000,0.0,0.00
1765406856.426148,2,862,799,1765406856421,1765406856426,5,1.48,0.0000,0.0,0.00
1765406856.464135,2,863,800,1765406856463,1765406856463,0,1.48,0.0000,0.0,0.00
1765406856.507701,2,864,801,1765406856506,1765406856507,1,1.44,0.0000,0.0,0.00
1765406856.547954,2,865,802,1765406856547,1765406856547,0,1.42,0.0000,0.0,0.00
1765406856.593329,2,866,803,1765406856590,1765406856593,3,1.48,0.0000,0.0,0.00
1765406856.633077,2,867,804,1765406856633,1765406856633,0,1.50,0.0000,0.0,0.00
1765406856.677110,2,868,805,1765406856677,1765406856677,0,1.54,0.0000,0.0,0.00
1765406856.718965,2,869,806,1765406856718,1765406856718,0,1.55,0.0000,0.0,0.00
1765406856.761073,2,870,807,1765406856761,1765406856761,0,1.49,0.0000,0.0,0.00
1765406856.805906,2,871,808,1765406856802,1765406856805,3,1.47,0.0000,0.0,0.00
1765406856.844569,2,872,809,1765406856844,1765406856844,0,1.45,0.0000,0.0,0.00
1765406856.890760,2,873,810,1765406856886,1765406856890,4,1.49,0.0000,0.0,0.00
1765406856.928740,2,874,812,1765406856928,1765406856928,0,1.51,0.0000,0.0,0.00
1765406856.973856,2,875,813,1765406856971,1765406856973,2,1.53,0.0000,0.0,0.00
1765406857.013595,2,876,814,1765406857013,1765406857013,0,1.56,0.0000,0.0,0.00
1765406857.058481,2,877,815,1765406857055,1765406857058,3,1.60,0.0000,0.0,0.00
1765406857.098533,2,878,816,1765406857097,1765406857097,0,1.64,0.0000,0.0,0.00
1765406857.142805,2,879,817,1765406857140,1765406857142,2,1.62,0.0000,0.0,0.00
1765406857.182202,2,880,818,1765406857182,1765406857182,0,1.62,0.0000,0.0,0.00
1765406857.226529,2,881,819,1765406857224,1765406857226,2,1.64,0.0000,0.0,0.00
1765406857.265986,2,882,820,1765406857265,1765406857265,0,1.68,0.0000,0.0,0.00
1765406857.311887,2,883,821,1765406857308,1765406857311,3,1.74,0.0000,0.0,0.00
1765406857.350139,2,884,822,1765406857350,1765406857350,0,1.78,0.0000,0.0,0.00
1765406857.393571,2,885,823,1765406857392,1765406857393,1,1.78,0.0000,0.0,0.00
1765406857.433780,2,886,824,1765406857433,1765406857433,0,1.77,0.0000,0.0,0.00
1765406857.476453,2,887,825,1765406857476,1765406857476,0,1.79,0.0000,0.0,0.00
1765406857.518258,2,888,826,1765406857518,1765406857518,0,1.79,0.0000,0.0,0.00
1765406857.560270,2,889,827,1765406857560,1765406857560,0,1.69,0.0000,0.0,0.00
1765406857.601855,2,890,828,1765406857601,1765406857601,0,1.66,0.0000,0.0,0.00
1765406857.645288,2,891,830,1765406857644,1765406857644,0,1.68,0.0000,0.0,0.00
1765406857.686733,2,892,831,1765406857686,1765406857686,0,1.66,0.0000,0.0,0.00
1765406857.728420,2,893,832,1765406857728,1765406857728,0,1.66,0.0000,0.0,0.00
1765406857.770566,2,894,833,1765406857770,1765406857770,0,1.66,0.0000,0.0,0.00
1765406857.813187,2,895,834,1765406857812,1765406857812,0,1.65,0.0000,0.0,0.00
1765406857.858730,2,896,835,1765406857855,1765406857857,2,1.65,0.0000,0.0,0.00
1765406857.897182,2,897,836,1765406857897,1765406857897,0,1.64,0.0000,0.0,0.00
1765406857.941172,2,898,837,1765406857939,1765406857941,2,1.67,0.0000,0.0,0.00
1765406857.981292,2,899,838,1765406857981,1765406857981,0,1.70,0.0000,0.0,0.00
1765406858.023024,2,900,839,1765406858023,1765406858023,0,1.70,0.0000,0.0,0.00
1765406858.065353,2,901,840,1765406858065,1765406858065,0,1.68,0.0000,0.0,0.00
1765406858.107528,2,902,841,1765406858107,1765406858107,0,1.68,0.0000,0.0,0.00
1765406858.149920,2,903,842,1765406858149,1765406858149,0,1.66,0.0000,0.0,0.00
1765406858.192041,2,904,843,1765406858192,1765406858192,0,1.68,0.0000,0.0,0.00
1765406858.233951,2,905,844,1765406858233,1765406858233,0,1.69,0.0000,0.0,0.00
1765406858.276820,2,906,845,1765406858276,1765406858276,0,1.70,0.0000,0.0,0.00
1765406858.320042,2,907,846,1765406858319,1765406858319,0,1.70,0.0000,0.0,0.00
1765406858.361377,2,908,847,1765406858361,1765406858361,0,1.68,0.0000,0.0,0.00
1765406858.407319,2,909,848,1765406858404,1765406858407,3,1.76,0.0000,0.0,0.00
1765406858.446363,2,910,849,1765406858446,1765406858446,0,1.80,0.0000,0.0,0.00
1765406858.488238,2,911,850,1765406858487,1765406858488,1,1.80,0.0000,0.0,0.00
1765406858.529624,2,912,851,1765406858529,1765406858529,0,1.81,0.0000,0.0,0.00
1765406858.571805,2,913,852,1765406858570,1765406858571,1,1.81,0.0000,0.0,0.00
1765406858.613451,2,914,853,1765406858613,1765406858613,0,1.81,0.0000,0.0,0.00
1765406858.655943,2,915,854,1765406858655,1765406858655,0,1.76,0.0000,0.0,0.00
1765406858.698400,2,916,855,1765406858698,1765406858698,0,1.75,0.0000,0.0,0.00
1765406858.739874,2,917,856,1765406858739,1765406858739,0,1.74,0.0000,0.0,0.00
1765406858.785953,2,918,857,1765406858782,1765406858785,3,1.82,0.0000,0.0,0.00
1765406858.825565,2,919,858,1765406858825,1765406858825,0,1.85,0.0000,0.0,0.00
1765406858.867665,2,920,859,1765406858866,1765406858867,1,1.77,0.0000,0.0,0.00
1765406858.908944,2,921,860,1765406858908,1765406858908,0,1.72,0.0000,0.0,0.00
1765406858.950343,2,922,862,1765406858950,1765406858950,0,1.62,0.0000,0.0,0.00
1765406858.992349,2,923,863,1765406858992,1765406858992,0,1.56,0.0000,0.0,0.00
1765406859.034190,2,924,864,1765406859034,1765406859034,0,1.52,0.0000,0.0,0.00
1765406859.078793,2,925,865,1765406859077,1765406859077,0,1.51,0.0000,0.0,0.00
1765406859.119986,2,926,866,1765406859119,1765406859119,0,1.43,0.0000,0.0,0.00
1765406859.167717,2,927,867,1765406859162,1765406859167,5,1.53,0.0000,0.0,0.00
1765406859.205068,2,928,868,1765406859205,1765406859205,0,1.54,0.0000,0.0,0.00
1765406859.250652,2,929,870,1765406859247,1765406859250,3,1.59,0.0000,0.0,0.00
1765406859.290091,2,930,871,1765406859290,1765406859290,0,1.59,0.0000,0.0,0.00
1765406859.335114,2,931,872,1765406859331,1765406859335,4,1.62,0.0000,0.0,0.00
1765406859.374598,2,932,873,1765406859374,1765406859374,0,1.62,0.0000,0.0,0.00
1765406859.418160,2,933,874,1765406859416,1765406859418,2,1.57,0.0000,0.0,0.00
1765406859.458312,2,934,875,1765406859458,1765406859458,0,1.55,0.0000,0.0,0.00
1765406859.500888,2,935,876,1765406859500,1765406859500,0,1.49,0.0000,0.0,0.00
1765406859.542843,2,936,877,1765406859542,1765406859542,0,1.47,0.0000,0.0,0.00
1765406859.585062,2,937,878,1765406859585,1765406859585,0,1.42,0.0000,0.0,0.00
1765406859.626637,2,938,879,1765406859626,1765406859626,0,1.40,0.0000,0.0,0.00
1765406859.668848,2,939,880,1765406859668,1765406859668,0,1.34,0.0000,0.0,0.00
1765406859.710305,2,940,881,1765406859710,1765406859710,0,1.32,0.0000,0.0,0.00
1765406859.752818,2,941,882,1765406859752,1765406859752,0,1.27,0.0000,0.0,0.00
1765406859.799565,2,942,884,1765406859795,1765406859799,4,1.35,0.0000,0.0,0.00
1765406859.837145,2,943,885,1765406859837,1765406859837,0,1.31,0.0000,0.0,0.00
1765406859.880815,2,944,886,1765406859879,1765406859880,1,1.29,0.0000,0.0,0.00
1765406859.921069,2,945,887,1765406859921,1765406859921,0,1.29,0.0000,0.0,0.00
1765406859.963774,2,946,888,1765406859963,1765406859963,0,1.27,0.0000,0.0,0.00
1765406860.004822,2,947,889,1765406860004,1765406860004,0,1.26,0.0000,0.0,0.00
1765406860.046586,2,948,890,1765406860046,1765406860046,0,1.26,0.0000,0.0,0.00
1765406860.092407,2,949,891,1765406860089,1765406860092,3,1.35,0.0000,0.0,0.00
1765406860.131308,2,950,892,1765406860131,1765406860131,0,1.37,0.0000,0.0,0.00
1765406860.178093,2,951,893,1765406860173,1765406860177,4,1.44,0.0000,0.0,0.00
1765406860.215516,2,952,894,1765406860215,1765406860215,0,1.48,0.0000,0.0,0.00
1765406860.262122,2,953,895,1765406860258,1765406860261,3,1.56,0.0000,0.0,0.00
1765406860.299996,2,954,896,1765406860299,1765406860299,0,1.60,0.0000,0.0,0.00
1765406860.342973,2,955,897,1765406860342,1765406860342,0,1.62,0.0000,0.0,0.00
1765406860.385279,2,956,898,1765406860385,1765406860385,0,1.58,0.0000,0.0,0.00
1765406860.429166,2,957,899,1765406860427,1765406860429,2,1.59,0.0000,0.0,0.00
1765406860.470290,2,958,900,1765406860470,1765406860470,0,1.57,0.0000,0.0,0.00
1765406860.512037,2,959,901,1765406860512,1765406860512,0,1.54,0.0000,0.0,0.00
1765406860.554591,2,960,902,1765406860554,1765406860554,0,1.54,0.0000,0.0,0.00
1765406860.595848,2,961,903,1765406860595,1765406860595,0,1.56,0.0000,0.0,0.00
1765406860.643160,2,962,904,1765406860638,1765406860643,5,1.68,0.0000,0.0,0.00
1765406860.682044,2,963,905,1765406860681,1765406860681,0,1.73,0.0000,0.0,0.00
1765406860.725114,2,964,906,1765406860723,1765406860725,2,1.75,0.0000,0.0,0.00
1765406860.765230,2,965,907,1765406860765,1765406860765,0,1.76,0.0000,0.0,0.00
1765406860.810210,2,966,908,1765406860807,1765406860810,3,1.80,0.0000,0.0,0.00
1765406860.849899,2,967,909,1765406860849,1765406860849,0,1.82,0.0000,0.0,0.00
1765406860.893103,2,968,910,1765406860891,1765406860893,2,1.86,0.0000,0.0,0.00
1765406860.933174,2,969,912,1765406860933,1765406860933,0,1.80,0.0000,0.0,0.00
1765406860.977012,2,970,913,1765406860975,1765406860975,0,1.77,0.0000,0.0,0.00
1765406861.017455,2,971,914,1765406861017,1765406861017,0,1.77,0.0000,0.0,0.00
1765406861.059733,2,972,915,1765406861059,1765406861059,0,1.76,0.0000,0.0,0.00
1765406861.102275,2,973,916,1765406861102,1765406861102,0,1.77,0.0000,0.0,0.00
1765406861.145098,2,974,917,1765406861145,1765406861145,0,1.79,0.0000,0.0,0.00
1765406861.190750,2,975,918,1765406861187,1765406861189,2,1.82,0.0000,0.0,0.00
1765406861.229494,2,976,919,1765406861229,1765406861229,0,1.83,0.0000,0.0,0.00
1765406861.275416,2,977,920,1765406861271,1765406861275,4,1.90,0.0000,0.0,0.00
1765406861.313264,2,978,921,1765406861313,1765406861313,0,1.87,0.0000,0.0,0.00
1765406861.357972,2,979,922,1765406861355,1765406861356,1,1.86,0.0000,0.0,0.00
1765406861.397138,2,980,923,1765406861397,1765406861397,0,1.87,0.0000,0.0,0.00
1765406861.439657,2,981,924,1765406861439,1765406861439,0,1.86,0.0000,0.0,0.00
1765406861.481201,2,982,925,1765406861481,1765406861481,0,1.86,0.0000,0.0,0.00
1765406861.523881,2,983,926,1765406861523,1765406861523,0,1.86,0.0000,0.0,0.00
1765406861.569663,2,984,927,1765406861565,1765406861569,4,1.93,0.0000,0.0,0.00
1765406861.608501,2,985,928,1765406861608,1765406861608,0,1.96,0.0000,0.0,0.00
1765406861.654960,2,986,929,1765406861650,1765406861654,4,2.03,0.0000,0.0,0.00
1765406861.693416,2,987,930,1765406861693,1765406861693,0,1.96,0.0000,0.0,0.00
1765406861.739408,2,988,931,1765406861735,1765406861738,3,1.96,0.0000,0.0,0.00
1765406861.778014,2,989,932,1765406861778,1765406861778,0,1.93,0.0000,0.0,0.00
1765406861.819842,2,990,933,1765406861819,1765406861819,0,1.92,0.0000,0.0,0.00
1765406861.861660,2,991,934,1765406861861,1765406861861,0,1.86,0.0000,0.0,0.00
1765406861.903175,2,992,935,1765406861903,1765406861903,0,1.82,0.0000,0.0,0.00
1765406861.944896,2,993,936,1765406861944,1765406861944,0,1.80,0.0000,0.0,0.00
1765406861.987713,2,994,937,1765406861987,1765406861987,0,1.79,0.0000,0.0,0.00
1765406862.032975,2,995,938,1765406862029,1765406862032,3,1.85,0.0000,0.0,0.00
1765406862.071874,2,996,939,1765406862071,1765406862071,0,1.88,0.0000,0.0,0.00
1765406862.116597,2,997,940,1765406862113,1765406862116,3,1.93,0.0000,0.0,0.00
1765406862.155993,2,998,941,1765406862155,1765406862155,0,1.95,0.0000,0.0,0.00
1765406862.199712,2,999,942,1765406862198,1765406862199,1,1.99,0.0000,0.0,0.00
1765406862.241124,2,1000,943,1765406862241,1765406862241,0,1.99,0.0000,0.0,0.00
1765406862.284850,2,1001,946,1765406862284,1765406862284,0,2.00,0.0000,0.0,0.00
1765406862.326414,2,1002,947,1765406862326,1765406862326,0,1.91,0.0000,0.0,0.00
1765406862.370263,2,1003,948,1765406862369,1765406862369,0,1.87,0.0000,0.0,0.00
1765406862.413701,2,1004,949,1765406862411,1765406862413,2,1.89,0.0000,0.0,0.00
1765406862.453442,2,1005,950,1765406862453,1765406862453,0,1.90,0.0000,0.0,0.00
1765406862.495570,2,1006,951,1765406862495,1765406862495,0,1.90,0.0000,0.0,0.00
1765406862.538230,2,1007,952,1765406862538,1765406862538,0,1.90,0.0000,0.0,0.00
1765406862.581006,2,1008,953,1765406862580,1765406862580,0,1.90,0.0000,0.0,0.00
1765406862.623431,2,1009,954,1765406862622,1765406862622,0,1.83,0.0000,0.0,0.00
1765406862.665227,2,1010,955,1765406862665,1765406862665,0,1.80,0.0000,0.0,0.00
1765406862.708288,2,1011,956,1765406862708,1765406862708,0,1.74,0.0000,0.0,0.00
1765406862.750337,2,1012,957,1765406862750,1765406862750,0,1.68,0.0000,0.0,0.00
1765406862.794647,2,1013,958,1765406862792,1765406862793,1,1.63,0.0000,0.0,0.00
1765406862.833983,2,1014,959,1765406862833,1765406862833,0,1.60,0.0000,0.0,0.00
1765406862.878161,2,1015,960,1765406862876,1765406862877,1,1.62,0.0000,0.0,0.00
1765406862.918708,2,1016,962,1765406862918,1765406862918,0,1.62,0.0000,0.0,0.00
1765406862.961296,2,1017,964,1765406862961,1765406862961,0,1.60,0.0000,0.0,0.00
1765406863.003296,2,1018,965,1765406863002,1765406863002,0,1.60,0.0000,0.0,0.00
1765406863.044827,2,1019,966,1765406863044,1765406863044,0,1.60,0.0000,0.0,0.00
1765406863.086766,2,1020,967,1765406863086,1765406863086,0,1.60,0.0000,0.0,0.00
1765406863.129774,2,1021,968,1765406863129,1765406863129,0,1.60,0.0000,0.0,0.00
1765406863.175252,2,1022,969,1765406863172,1765406863175,3,1.56,0.0000,0.0,0.00
1765406863.214408,2,1023,970,1765406863214,1765406863214,0,1.55,0.0000,0.0,0.00
1765406863.257720,2,1024,971,1765406863256,1765406863257,1,1.53,0.0000,0.0,0.00
1765406863.298415,2,1025,972,1765406863298,1765406863298,0,1.51,0.0000,0.0,0.00
1765406863.342363,2,1026,973,1765406863340,1765406863342,2,1.49,0.0000,0.0,0.00
1765406863.382368,2,1027,974,1765406863381,1765406863382,1,1.48,0.0000,0.0,0.00
1765406863.424154,2,1028,975,1765406863424,1765406863424,0,1.45,0.0000,0.0,0.00
1765406863.466659,2,1029,976,1765406863466,1765406863466,0,1.42,0.0000,0.0,0.00
1765406863.509362,2,1030,977,1765406863508,1765406863508,0,1.42,0.0000,0.0,0.00
1765406863.551849,2,1031,978,1765406863550,1765406863550,0,1.42,0.0000,0.0,0.00
1765406863.592449,2,1032,979,1765406863592,1765406863592,0,1.42,0.0000,0.0,0.00
1765406863.634747,2,1033,980,1765406863634,1765406863634,0,1.41,0.0000,0.0,0.00
1765406863.676546,2,1034,981,1765406863676,1765406863676,0,1.39,0.0000,0.0,0.00
1765406863.718307,2,1035,982,1765406863718,1765406863718,0,1.36,0.0000,0.0,0.00
1765406863.761349,2,1036,983,1765406863760,1765406863761,1,1.35,0.0000,0.0,0.00
1765406863.802924,2,1037,984,1765406863802,1765406863802,0,1.28,0.0000,0.0,0.00
1765406863.844480,2,1038,985,1765406863844,1765406863844,0,1.23,0.0000,0.0,0.00
1765406863.887100,2,1039,986,1765406863887,1765406863887,0,1.23,0.0000,0.0,0.00
1765406863.929293,2,1040,987,1765406863929,1765406863929,0,1.22,0.0000,0.0,0.00
1765406863.973226,2,1041,988,1765406863971,1765406863973,2,1.25,0.0000,0.0,0.00
1765406864.013138,2,1042,989,1765406864013,1765406864013,0,1.28,0.0000,0.0,0.00
1765406864.054860,2,1043,990,1765406864054,1765406864054,0,1.29,0.0000,0.0,0.00
1765406864.098375,2,1044,991,1765406864097,1765406864097,0,1.23,0.0000,0.0,0.00
1765406864.141771,2,1045,992,1765406864139,1765406864141,2,1.23,0.0000,0.0,0.00
1765406864.183248,2,1046,993,1765406864183,1765406864183,0,1.15,0.0000,0.0,0.00
1765406864.225031,2,1047,994,1765406864225,1765406864225,0,1.11,0.0000,0.0,0.00
1765406864.267974,2,1048,995,1765406864267,1765406864267,0,1.06,0.0000,0.0,0.00
1765406864.310248,2,1049,996,1765406864310,1765406864310,0,1.05,0.0000,0.0,0.00
1765406864.352203,2,1050,997,1765406864352,1765406864352,0,1.03,0.0000,0.0,0.00
1765406864.394582,2,1051,998,1765406864394,1765406864394,0,1.03,0.0000,0.0,0.00
1765406864.435855,2,1052,999,1765406864435,1765406864435,0,1.05,0.0000,0.0,0.00
1765406864.477902,2,1053,1000,1765406864477,1765406864477,0,1.03,0.0000,0.0,0.00
1765406864.520039,2,1054,1001,1765406864520,1765406864520,0,1.03,0.0000,0.0,0.00
1765406864.562246,2,1055,1002,1765406864562,1765406864562,0,0.98,0.0000,0.0,0.00
1765406864.604144,2,1056,1003,1765406864604,1765406864604,0,0.94,0.0000,0.0,0.00
1765406864.646875,2,1057,1004,1765406864646,1765406864646,0,0.88,0.0000,0.0,0.00
1765406864.688364,2,1058,1005,1765406864688,1765406864688,0,0.85,0.0000,0.0,0.00
1765406864.730532,2,1059,1006,1765406864730,1765406864730,0,0.81,0.0000,0.0,0.00
1765406864.777663,2,1060,1007,1765406864772,1765406864777,5,0.91,0.0000,0.0,0.00
1765406864.815696,2,1061,1008,1765406864815,1765406864815,0,0.94,0.0000,0.0,0.00
1765406864.858231,2,1062,1009,1765406864857,1765406864858,1,0.96,0.0000,0.0,0.00
1765406864.898748,2,1063,1010,1765406864898,1765406864898,0,0.97,0.0000,0.0,0.00
1765406864.941358,2,1064,1012,1765406864940,1765406864941,1,0.94,0.0000,0.0,0.00
1765406864.982558,2,1065,1013,1765406864982,1765406864982,0,0.93,0.0000,0.0,0.00
1765406865.024224,2,1066,1014,1765406865024,1765406865024,0,0.93,0.0000,0.0,0.00
1765406865.066744,2,1067,1015,1765406865066,1765406865066,0,0.92,0.0000,0.0,0.00
1765406865.117522,2,1068,1016,1765406865116,1765406865116,0,1.09,0.0000,0.0,0.00
1765406865.202202,2,1069,1017,1765406865201,1765406865201,0,2.01,0.0000,0.0,0.00
1765406865.237321,2,1070,1018,1765406865237,1765406865237,0,2.09,0.0000,0.0,0.00
1765406865.279630,2,1071,1020,1765406865279,1765406865279,0,2.10,0.0000,0.0,0.00
1765406865.324845,2,1072,1022,1765406865322,1765406865324,2,2.13,0.0000,0.0,0.00
1765406865.365094,2,1073,1023,1765406865364,1765406865364,0,2.16,0.0000,0.0,0.00
1765406865.409175,2,1074,1024,1765406865406,1765406865409,3,2.18,0.0000,0.0,0.00
1765406865.449693,2,1075,1025,1765406865449,1765406865449,0,2.18,0.0000,0.0,0.00
1765406865.491956,2,1076,1026,1765406865491,1765406865491,0,2.17,0.0000,0.0,0.00
1765406865.533731,2,1077,1027,1765406865533,1765406865533,0,2.18,0.0000,0.0,0.00
1765406865.575688,2,1078,1028,1765406865575,1765406865575,0,2.17,0.0000,0.0,0.00
1765406865.617698,2,1079,1029,1765406865617,1765406865617,0,2.17,0.0000,0.0,0.00
1765406865.659820,2,1080,1030,1765406865659,1765406865659,0,2.17,0.0000,0.0,0.00
1765406865.701627,2,1081,1031,1765406865701,1765406865701,0,2.18,0.0000,0.0,0.00
1765406865.743926,2,1082,1032,1765406865743,1765406865743,0,2.11,0.0000,0.0,0.00
1765406865.785592,2,1083,1033,1765406865785,1765406865785,0,2.08,0.0000,0.0,0.00
1765406865.828417,2,1084,1034,1765406865827,1765406865827,0,2.08,0.0000,0.0,0.00
1765406865.874169,2,1085,1035,1765406865870,1765406865873,3,2.14,0.0000,0.0,0.00
1765406865.911556,2,1086,1036,1765406865911,1765406865911,0,2.16,0.0000,0.0,0.00
1765406865.954401,2,1087,1037,1765406865953,1765406865954,1,2.14,0.0000,0.0,0.00
1765406865.995927,2,1088,1038,1765406865995,1765406865995,0,2.15,0.0000,0.0,0.00
1765406866.038117,2,1089,1039,1765406866038,1765406866038,0,2.14,0.0000,0.0,0.00
1765406866.080366,2,1090,1040,1765406866080,1765406866080,0,2.14,0.0000,0.0,0.00
1765406866.122755,2,1091,1041,1765406866122,1765406866122,0,2.14,0.0000,0.0,0.00
1765406866.167053,2,1092,1042,1765406866165,1765406866167,2,2.18,0.0000,0.0,0.00
1765406866.206794,2,1093,1043,1765406866206,1765406866206,0,2.21,0.0000,0.0,0.00
1765406866.249320,2,1094,1044,1765406866248,1765406866249,1,2.21,0.0000,0.0,0.00
1765406866.291502,2,1095,1045,1765406866290,1765406866291,1,2.21,0.0000,0.0,0.00
1765406866.334076,2,1096,1046,1765406866333,1765406866334,1,2.21,0.0000,0.0,0.00
1765406866.375561,2,1097,1047,1765406866375,1765406866375,0,2.21,0.0000,0.0,0.00
1765406866.417925,2,1098,1048,1765406866417,1765406866417,0,2.21,0.0000,0.0,0.00
1765406866.459070,2,1099,1049,1765406866459,1765406866459,0,2.21,0.0000,0.0,0.00
1765406866.501330,2,1100,1050,1765406866501,1765406866501,0,2.21,0.0000,0.0,0.00
1765406866.547364,2,1101,1051,1765406866543,1765406866543,0,2.19,0.0000,0.0,0.00
1765406866.586703,2,1102,1052,1765406866586,1765406866586,0,2.17,0.0000,0.0,0.00
1765406866.632812,2,1103,1054,1765406866629,1765406866631,2,2.20,0.0000,0.0,0.00
1765406866.672204,2,1104,1055,1765406866672,1765406866672,0,2.22,0.0000,0.0,0.00
1765406866.714222,2,1105,1056,1765406866714,1765406866714,0,2.20,0.0000,0.0,0.00
1765406866.756922,2,1106,1057,1765406866756,1765406866756,0,2.20,0.0000,0.0,0.00
1765406866.798127,2,1107,1058,1765406866798,1765406866798,0,2.20,0.0000,0.0,0.00
1765406866.839985,2,1108,1059,1765406866839,1765406866839,0,2.21,0.0000,0.0,0.00
1765406866.881774,2,1109,1060,1765406866881,1765406866881,0,2.21,0.0000,0.0,0.00
1765406866.925079,2,1110,1061,1765406866924,1765406866924,0,2.21,0.0000,0.0,0.00
1765406866.967362,2,1111,1063,1765406866966,1765406866966,0,2.21,0.0000,0.0,0.00
1765406867.008882,2,1112,1064,1765406867008,1765406867008,0,2.20,0.0000,0.0,0.00
1765406867.052253,2,1113,1065,1765406867052,1765406867052,0,2.22,0.0000,0.0,0.00
1765406867.085761,2,1114,1066,1765406867085,1765406867085,0,2.31,0.0000,0.0,0.00
1765406867.133065,2,1115,1067,1765406867128,1765406867133,5,2.42,0.0000,0.0,0.00
1765406867.170651,2,1116,1068,1765406867170,1765406867170,0,2.47,0.0000,0.0,0.00
1765406867.215667,2,1117,1069,1765406867212,1765406867214,2,2.49,0.0000,0.0,0.00
1765406867.254988,2,1118,1070,1765406867254,1765406867254,0,2.51,0.0000,0.0,0.00
1765406867.297488,2,1119,1071,1765406867297,1765406867297,0,2.51,0.0000,0.0,0.00
1765406867.339939,2,1120,1072,1765406867339,1765406867339,0,2.42,0.0000,0.0,0.00
1765406867.381567,2,1121,1073,1765406867381,1765406867381,0,2.38,0.0000,0.0,0.00
1765406867.423850,2,1122,1074,1765406867423,1765406867423,0,2.38,0.0000,0.0,0.00
1765406867.468599,2,1123,1075,1765406867467,1765406867467,0,2.38,0.0000,0.0,0.00
1765406867.612223,2,1124,1076,1765406867606,1765406867611,5,5.08,0.0000,0.0,0.00
1765406867.639148,2,1125,1077,1765406867639,1765406867639,0,5.15,0.0000,0.0,0.00
1765406867.681691,2,1126,1078,1765406867681,1765406867681,0,5.15,0.0000,0.0,0.00
1765406867.723936,2,1127,1079,1765406867723,1765406867723,0,5.15,0.0000,0.0,0.00
1765406867.770288,2,1128,1080,1765406867766,1765406867770,4,5.06,0.0000,0.0,0.00
1765406867.808829,2,1129,1081,1765406867808,1765406867808,0,3.97,0.0000,0.0,0.00
1765406867.850658,2,1130,1082,1765406867850,1765406867850,0,3.93,0.0000,0.0,0.00
1765406867.892852,2,1131,1084,1765406867892,1765406867892,0,3.93,0.0000,0.0,0.00
1765406867.934611,2,1132,1085,1765406867934,1765406867934,0,3.90,0.0000,0.0,0.00
1765406867.981021,2,1133,1086,1765406867977,1765406867981,4,3.97,0.0000,0.0,0.00
1765406868.020722,2,1134,1087,1765406868020,1765406868020,0,3.96,0.0000,0.0,0.00
1765406868.063787,2,1135,1088,1765406868063,1765406868063,0,3.94,0.0000,0.0,0.00
1765406868.105664,2,1136,1089,1765406868105,1765406868105,0,3.94,0.0000,0.0,0.00
1765406868.147946,2,1137,1090,1765406868147,1765406868147,0,3.94,0.0000,0.0,0.00
1765406868.190131,2,1138,1091,1765406868190,1765406868190,0,3.94,0.0000,0.0,0.00
1765406868.232342,2,1139,1092,1765406868232,1765406868232,0,3.94,0.0000,0.0,0.00
1765406868.274526,2,1140,1093,1765406868274,1765406868274,0,3.94,0.0000,0.0,0.00
1765406868.316154,2,1141,1094,1765406868316,1765406868316,0,3.94,0.0000,0.0,0.00
1765406868.362639,2,1142,1096,1765406868359,1765406868362,3,3.99,0.0000,0.0,0.00
1765406868.400673,2,1143,1097,1765406868400,1765406868400,0,4.02,0.0000,0.0,0.00
1765406868.444405,2,1144,1098,1765406868442,1765406868444,2,4.02,0.0000,0.0,0.00
1765406868.484388,2,1145,1099,1765406868484,1765406868484,0,3.98,0.0000,0.0,0.00
1765406868.527786,2,1146,1100,1765406868526,1765406868527,1,3.95,0.0000,0.0,0.00
1765406868.569376,2,1147,1101,1765406868569,1765406868569,0,3.95,0.0000,0.0,0.00
1765406868.618569,2,1148,1102,1765406868614,1765406868618,4,4.08,0.0000,0.0,0.00
1765406868.656283,2,1149,1103,1765406868655,1765406868656,1,4.11,0.0000,0.0,0.00
1765406868.698117,2,1150,1104,1765406868698,1765406868698,0,4.11,0.0000,0.0,0.00
1765406868.740355,2,1151,1105,1765406868740,1765406868740,0,4.11,0.0000,0.0,0.00
1765406868.782767,2,1152,1106,1765406868782,1765406868782,0,4.09,0.0000,0.0,0.00
1765406868.825232,2,1153,1107,1765406868824,1765406868824,0,4.07,0.0000,0.0,0.00
1765406868.867355,2,1154,1108,1765406868866,1765406868867,1,4.07,0.0000,0.0,0.00
1765406868.913715,2,1155,1109,1765406868909,1765406868912,3,4.09,0.0000,0.0,0.00
1765406868.951766,2,1156,1110,1765406868951,1765406868951,0,4.12,0.0000,0.0,0.00
1765406868.993669,2,1157,1112,1765406868993,1765406868993,0,4.11,0.0000,0.0,0.00
1765406869.036597,2,1158,1113,1765406869035,1765406869035,0,4.11,0.0000,0.0,0.00
1765406869.077363,2,1159,1114,1765406869077,1765406869077,0,4.11,0.0000,0.0,0.00
1765406869.119712,2,1160,1115,1765406869119,1765406869119,0,4.11,0.0000,0.0,0.00
1765406869.161228,2,1161,1116,1765406869161,1765406869161,0,4.11,0.0000,0.0,0.00
1765406869.206664,2,1162,1117,1765406869203,1765406869206,3,4.14,0.0000,0.0,0.00
1765406869.245823,2,1163,1118,1765406869245,1765406869245,0,4.14,0.0000,0.0,0.00
1765406869.289392,2,1164,1119,1765406869287,1765406869289,2,4.13,0.0000,0.0,0.00
1765406869.330336,2,1165,1120,1765406869330,1765406869330,0,4.14,0.0000,0.0,0.00
1765406869.373178,2,1166,1121,1765406869372,1765406869373,1,4.13,0.0000,0.0,0.00
1765406869.419877,2,1167,1122,1765406869415,1765406869415,0,4.13,0.0000,0.0,0.00
1765406869.457125,2,1168,1123,1765406869457,1765406869457,0,4.13,0.0000,0.0,0.00
1765406869.501618,2,1169,1124,1765406869499,1765406869501,2,4.12,0.0000,0.0,0.00
1765406869.541015,2,1170,1125,1765406869541,1765406869541,0,4.15,0.0000,0.0,0.00
1765406869.584325,2,1171,1126,1765406869583,1765406869584,1,4.14,0.0000,0.0,0.00
1765406869.625241,2,1172,1127,1765406869625,1765406869625,0,4.15,0.0000,0.0,0.00
1765406869.668486,2,1173,1128,1765406869667,1765406869668,1,4.14,0.0000,0.0,0.00
1765406869.709113,2,1174,1129,1765406869709,1765406869709,0,4.08,0.0000,0.0,0.00
1765406869.751608,2,1175,1130,1765406869751,1765406869751,0,3.98,0.0000,0.0,0.00
1765406869.793850,2,1176,1131,1765406869793,1765406869793,0,3.95,0.0000,0.0,0.00
1765406869.836167,2,1177,1132,1765406869836,1765406869836,0,3.94,0.0000,0.0,0.00
1765406869.881137,2,1178,1133,1765406869878,1765406869879,1,3.92,0.0000,0.0,0.00
1765406869.922654,2,1179,1134,1765406869921,1765406869922,1,3.92,0.0000,0.0,0.00
1765406869.964207,2,1180,1135,1765406869964,1765406869964,0,3.92,0.0000,0.0,0.00
1765406870.005820,2,1181,1136,1765406870005,1765406870005,0,3.93,0.0000,0.0,0.00
1765406870.047245,2,1182,1137,1765406870047,1765406870047,0,3.93,0.0000,0.0,0.00
1765406870.088730,2,1183,1138,1765406870088,1765406870088,0,3.94,0.0000,0.0,0.00
1765406870.132002,2,1184,1139,1765406870131,1765406870131,0,1.47,0.0000,0.0,0.00
1765406870.173429,2,1185,1140,1765406870173,1765406870173,0,1.31,0.0000,0.0,0.00
1765406870.215209,2,1186,1141,1765406870215,1765406870215,0,1.31,0.0000,0.0,0.00
1765406870.257479,2,1187,1142,1765406870257,1765406870257,0,1.31,0.0000,0.0,0.00
1765406870.299280,2,1188,1143,1765406870299,1765406870299,0,1.20,0.0000,0.0,0.00
1765406870.342619,2,1189,1144,1765406870342,1765406870342,0,1.18,0.0000,0.0,0.00
1765406870.384947,2,1190,1145,1765406870384,1765406870384,0,1.18,0.0000,0.0,0.00
1765406870.428871,2,1191,1146,1765406870427,1765406870427,0,1.19,0.0000,0.0,0.00
1765406870.469879,2,1192,1147,1765406870469,1765406870469,0,1.19,0.0000,0.0,0.00
1765406870.512416,2,1193,1148,1765406870511,1765406870512,1,1.10,0.0000,0.0,0.00
1765406870.555752,2,1194,1149,1765406870555,1765406870555,0,1.08,0.0000,0.0,0.00
1765406870.597384,2,1195,1150,1765406870597,1765406870597,0,1.07,0.0000,0.0,0.00
1765406870.642393,2,1196,1151,1765406870639,1765406870642,3,1.13,0.0000,0.0,0.00
1765406870.681779,2,1197,1152,1765406870681,1765406870681,0,1.16,0.0000,0.0,0.00
1765406870.723926,2,1198,1153,1765406870723,1765406870723,0,1.15,0.0000,0.0,0.00
1765406870.766819,2,1199,1154,1765406870765,1765406870765,0,1.15,0.0000,0.0,0.00
1765406870.808499,2,1200,1155,1765406870808,1765406870808,0,1.16,0.0000,0.0,0.00
1765406870.850723,2,1201,1156,1765406870850,1765406870850,0,1.16,0.0000,0.0,0.00
1765406870.892552,2,1202,1157,1765406870892,1765406870892,0,1.08,0.0000,0.0,0.00
1765406870.934695,2,1203,1158,1765406870934,1765406870934,0,1.04,0.0000,0.0,0.00
1765406870.978321,2,1204,1160,1765406870978,1765406870978,0,1.04,0.0000,0.0,0.00
1765406871.020326,2,1205,1161,1765406871020,1765406871020,0,1.01,0.0000,0.0,0.00
1765406871.062529,2,1206,1162,1765406871062,1765406871062,0,1.00,0.0000,0.0,0.00
1765406871.105447,2,1207,1163,1765406871105,1765406871105,0,1.01,0.0000,0.0,0.00
1765406871.147370,2,1208,1164,1765406871147,1765406871147,0,0.87,0.0000,0.0,0.00
1765406871.189729,2,1209,1165,1765406871189,1765406871189,0,0.82,0.0000,0.0,0.00
1765406871.231985,2,1210,1166,1765406871231,1765406871231,0,0.82,0.0000,0.0,0.00
1765406871.277692,2,1211,1167,1765406871274,1765406871276,2,0.88,0.0000,0.0,0.00
1765406871.316330,2,1212,1168,1765406871316,1765406871316,0,0.90,0.0000,0.0,0.00
1765406871.359661,2,1213,1170,1765406871358,1765406871359,1,0.92,0.0000,0.0,0.00
1765406871.401906,2,1214,1171,1765406871401,1765406871401,0,0.90,0.0000,0.0,0.00
1765406871.443848,2,1215,1172,1765406871443,1765406871443,0,0.84,0.0000,0.0,0.00
1765406871.486119,2,1216,1173,1765406871486,1765406871486,0,0.82,0.0000,0.0,0.00
1765406871.529782,2,1217,1174,1765406871529,1765406871529,0,0.84,0.0000,0.0,0.00
1765406871.573182,2,1218,1175,1765406871572,1765406871573,1,0.87,0.0000,0.0,0.00
1765406871.614276,2,1219,1176,1765406871614,1765406871614,0,0.88,0.0000,0.0,0.00
1765406871.656852,2,1220,1177,1765406871656,1765406871656,0,0.88,0.0000,0.0,0.00
1765406871.698689,2,1221,1178,1765406871698,1765406871698,0,0.88,0.0000,0.0,0.00
1765406871.741952,2,1222,1179,1765406871740,1765406871740,0,0.83,0.0000,0.0,0.00
1765406871.787989,2,1223,1180,1765406871783,1765406871786,3,0.87,0.0000,0.0,0.00
1765406871.825006,2,1224,1181,1765406871825,1765406871825,0,0.87,0.0000,0.0,0.00
1765406871.869768,2,1225,1182,1765406871867,1765406871869,2,0.89,0.0000,0.0,0.00
1765406871.909802,2,1226,1183,1765406871909,1765406871909,0,0.90,0.0000,0.0,0.00
1765406871.951999,2,1227,1184,1765406871951,1765406871951,0,0.90,0.0000,0.0,0.00
1765406871.994420,2,1228,1185,1765406871993,1765406871994,1,0.92,0.0000,0.0,0.00
1765406872.036408,2,1229,1186,1765406872036,1765406872036,0,0.88,0.0000,0.0,0.00
1765406872.078920,2,1230,1187,1765406872078,1765406872078,0,0.86,0.0000,0.0,0.00
1765406872.121772,2,1231,1188,1765406872121,1765406872121,0,0.86,0.0000,0.0,0.00
1765406872.167480,2,1232,1189,1765406872164,1765406872167,3,0.92,0.0000,0.0,0.00
1765406872.205735,2,1233,1190,1765406872205,1765406872205,0,0.96,0.0000,0.0,0.00
1765406872.250357,2,1234,1191,1765406872247,1765406872250,3,1.00,0.0000,0.0,0.00
1765406872.290367,2,1235,1192,1765406872290,1765406872290,0,1.02,0.0000,0.0,0.00
1765406872.335049,2,1236,1194,1765406872332,1765406872335,3,1.07,0.0000,0.0,0.00
1765406872.374640,2,1237,1195,1765406872374,1765406872374,0,1.10,0.0000,0.0,0.00
1765406872.418435,2,1238,1196,1765406872417,1765406872417,0,1.10,0.0000,0.0,0.00
1765406872.460385,2,1239,1197,1765406872460,1765406872460,0,1.10,0.0000,0.0,0.00
1765406872.503232,2,1240,1198,1765406872503,1765406872503,0,1.11,0.0000,0.0,0.00
1765406872.545451,2,1241,1199,1765406872544,1765406872544,0,1.11,0.0000,0.0,0.00
1765406872.587348,2,1242,1200,1765406872587,1765406872587,0,1.12,0.0000,0.0,0.00
1765406872.630095,2,1243,1201,1765406872629,1765406872629,0,1.11,0.0000,0.0,0.00
1765406872.671982,2,1244,1202,1765406872671,1765406872671,0,1.10,0.0000,0.0,0.00
1765406872.718716,2,1245,1203,1765406872714,1765406872718,4,1.19,0.0000,0.0,0.00
1765406872.756049,2,1246,1204,1765406872756,1765406872756,0,1.24,0.0000,0.0,0.00
1765406872.800811,2,1247,1205,1765406872798,1765406872800,2,1.27,0.0000,0.0,0.00
1765406872.840491,2,1248,1206,1765406872840,1765406872840,0,1.30,0.0000,0.0,0.00
1765406872.883966,2,1249,1207,1765406872882,1765406872883,1,1.30,0.0000,0.0,0.00
1765406872.925769,2,1250,1208,1765406872925,1765406872925,0,1.30,0.0000,0.0,0.00
1765406872.967842,2,1251,1209,1765406872967,1765406872967,0,1.29,0.0000,0.0,0.00
1765406873.010028,2,1252,1211,1765406873010,1765406873010,0,1.30,0.0000,0.0,0.00
1765406873.052675,2,1253,1212,1765406873052,1765406873052,0,1.29,0.0000,0.0,0.00
1765406873.094518,2,1254,1213,1765406873094,1765406873094,0,1.28,0.0000,0.0,0.00
1765406873.136635,2,1255,1214,1765406873136,1765406873136,0,1.28,0.0000,0.0,0.00
1765406873.178879,2,1256,1215,1765406873178,1765406873178,0,1.23,0.0000,0.0,0.00
1765406873.220991,2,1257,1216,1765406873220,1765406873220,0,1.19,0.0000,0.0,0.00
1765406873.267550,2,1258,1217,1765406873263,1765406873267,4,1.28,0.0000,0.0,0.00
1765406873.305971,2,1259,1218,1765406873305,1765406873305,0,1.33,0.0000,0.0,0.00
1765406873.349744,2,1260,1219,1765406873348,1765406873349,1,1.35,0.0000,0.0,0.00
1765406873.390476,2,1261,1220,1765406873390,1765406873390,0,1.37,0.0000,0.0,0.00
1765406873.435251,2,1262,1221,1765406873432,1765406873435,3,1.41,0.0000,0.0,0.00
1765406873.474509,2,1263,1222,1765406873474,1765406873474,0,1.46,0.0000,0.0,0.00
1765406873.517106,2,1264,1223,1765406873516,1765406873517,1,1.44,0.0000,0.0,0.00
1765406873.558650,2,1265,1224,1765406873558,1765406873558,0,1.45,0.0000,0.0,0.00
1765406873.600496,2,1266,1225,1765406873600,1765406873600,0,1.45,0.0000,0.0,0.00
1765406873.643728,2,1267,1226,1765406873642,1765406873642,0,1.44,0.0000,0.0,0.00
1765406873.685782,2,1268,1227,1765406873685,1765406873685,0,1.45,0.0000,0.0,0.00
1765406873.732219,2,1269,1228,1765406873727,1765406873730,3,1.50,0.0000,0.0,0.00
1765406873.769304,2,1270,1229,1765406873769,1765406873769,0,1.54,0.0000,0.0,0.00
1765406873.812485,2,1271,1230,1765406873811,1765406873812,1,1.50,0.0000,0.0,0.00
1765406873.853184,2,1272,1231,1765406873853,1765406873853,0,1.49,0.0000,0.0,0.00
1765406873.895703,2,1273,1232,1765406873895,1765406873895,0,1.48,0.0000,0.0,0.00
1765406873.937907,2,1274,1233,1765406873937,1765406873937,0,1.48,0.0000,0.0,0.00
1765406873.980206,2,1275,1234,1765406873979,1765406873979,0,1.48,0.0000,0.0,0.00
1765406874.021145,2,1276,1235,1765406874021,1765406874021,0,1.47,0.0000,0.0,0.00
1765406874.064453,2,1277,1236,1765406874064,1765406874064,0,1.47,0.0000,0.0,0.00
1765406874.106875,2,1278,1237,1765406874106,1765406874106,0,1.43,0.0000,0.0,0.00
1765406874.148648,2,1279,1238,1765406874148,1765406874148,0,1.42,0.0000,0.0,0.00
1765406874.190868,2,1280,1239,1765406874190,1765406874190,0,1.42,0.0000,0.0,0.00
1765406874.233491,2,1281,1240,1765406874233,1765406874233,0,1.43,0.0000,0.0,0.00
1765406874.275732,2,1282,1241,1765406874275,1765406874275,0,1.43,0.0000,0.0,0.00
1765406874.317017,2,1283,1242,1765406874317,1765406874317,0,1.36,0.0000,0.0,0.00
1765406874.362320,2,1284,1244,1765406874359,1765406874362,3,1.37,0.0000,0.0,0.00
1765406874.402417,2,1285,1245,1765406874402,1765406874402,0,1.37,0.0000,0.0,0.00
1765406874.445434,2,1286,1246,1765406874444,1765406874445,1,1.35,0.0000,0.0,0.00
1765406874.486606,2,1287,1247,1765406874486,1765406874486,0,1.37,0.0000,0.0,0.00
1765406874.529292,2,1288,1248,1765406874528,1765406874529,1,1.37,0.0000,0.0,0.00
1765406874.570692,2,1289,1249,1765406874570,1765406874570,0,1.38,0.0000,0.0,0.00
1765406874.613035,2,1290,1250,1765406874612,1765406874612,0,1.38,0.0000,0.0,0.00
1765406874.654860,2,1291,1251,1765406874654,1765406874654,0,1.37,0.0000,0.0,0.00
1765406874.698933,2,1292,1252,1765406874698,1765406874698,0,1.33,0.0000,0.0,0.00
1765406874.742454,2,1293,1253,1765406874740,1765406874742,2,1.31,0.0000,0.0,0.00
1765406874.782495,2,1294,1254,1765406874782,1765406874782,0,1.28,0.0000,0.0,0.00
1765406874.824813,2,1295,1255,1765406874824,1765406874824,0,1.25,0.0000,0.0,0.00
1765406874.866458,2,1296,1256,1765406874865,1765406874865,0,1.21,0.0000,0.0,0.00
1765406874.912455,2,1297,1257,1765406874908,1765406874911,3,1.25,0.0000,0.0,0.00
1765406874.950063,2,1298,1258,1765406874950,1765406874950,0,1.27,0.0000,0.0,0.00
1765406874.994576,2,1299,1260,1765406874991,1765406874994,3,1.30,0.0000,0.0,0.00
1765406875.033875,2,1300,1261,1765406875033,1765406875033,0,1.32,0.0000,0.0,0.00
1765406875.080059,2,1301,1262,1765406875076,1765406875080,4,1.40,0.0000,0.0,0.00
1765406875.119942,2,1302,1263,1765406875119,1765406875119,0,1.43,0.0000,0.0,0.00
1765406875.162590,2,1303,1264,1765406875162,1765406875162,0,1.44,0.0000,0.0,0.00
1765406875.204535,2,1304,1265,1765406875204,1765406875204,0,1.44,0.0000,0.0,0.00
1765406875.247314,2,1305,1267,1765406875247,1765406875247,0,1.36,0.0000,0.0,0.00
1765406875.292922,2,1306,1268,1765406875288,1765406875292,4,1.36,0.0000,0.0,0.00
1765406875.331632,2,1307,1269,1765406875331,1765406875331,0,1.37,0.0000,0.0,0.00
1765406875.375128,2,1308,1270,1765406875374,1765406875375,1,1.38,0.0000,0.0,0.00
1765406875.416636,2,1309,1271,1765406875416,1765406875416,0,1.37,0.0000,0.0,0.00
1765406875.458560,2,1310,1272,1765406875458,1765406875458,0,1.37,0.0000,0.0,0.00
1765406875.500697,2,1311,1273,1765406875500,1765406875500,0,1.37,0.0000,0.0,0.00
1765406875.542399,2,1312,1274,1765406875542,1765406875542,0,1.36,0.0000,0.0,0.00
1765406875.584349,2,1313,1275,1765406875584,1765406875584,0,1.36,0.0000,0.0,0.00
1765406875.626916,2,1314,1276,1765406875626,1765406875626,0,1.36,0.0000,0.0,0.00
1765406875.669350,2,1315,1277,1765406875668,1765406875668,0,1.36,0.0000,0.0,0.00
1765406875.711099,2,1316,1278,1765406875711,1765406875711,0,1.37,0.0000,0.0,0.00
1765406875.753068,2,1317,1279,1765406875753,1765406875753,0,1.37,0.0000,0.0,0.00
1765406875.795200,2,1318,1280,1765406875795,1765406875795,0,1.27,0.0000,0.0,0.00
1765406875.870019,2,1319,1281,1765406875870,1765406875870,0,1.92,0.0000,0.0,0.00
1765406875.909277,2,1320,1282,1765406875909,1765406875909,0,1.93,0.0000,0.0,0.00
1765406875.942535,2,1321,1283,1765406875942,1765406875942,0,2.03,0.0000,0.0,0.00
1765406875.986705,2,1322,1284,1765406875984,1765406875986,2,2.00,0.0000,0.0,0.00
1765406876.026419,2,1323,1285,1765406876026,1765406876026,0,1.99,0.0000,0.0,0.00
1765406876.069996,2,1324,1286,1765406876068,1765406876069,1,1.99,0.0000,0.0,0.00
1765406876.111855,2,1325,1287,1765406876111,1765406876111,0,1.98,0.0000,0.0,0.00
1765406876.154174,2,1326,1288,1765406876154,1765406876154,0,1.98,0.0000,0.0,0.00
1765406876.197136,2,1327,1289,1765406876196,1765406876196,0,1.98,0.0000,0.0,0.00
1765406876.239695,2,1328,1290,1765406876239,1765406876239,0,1.98,0.0000,0.0,0.00
1765406876.284622,2,1329,1291,1765406876282,1765406876284,2,1.98,0.0000,0.0,0.00
1765406876.323991,2,1330,1292,1765406876323,1765406876323,0,1.98,0.0000,0.0,0.00
1765406876.365825,2,1331,1293,1765406876365,1765406876365,0,1.98,0.0000,0.0,0.00
1765406876.408045,2,1332,1294,1765406876408,1765406876408,0,1.97,0.0000,0.0,0.00
1765406876.449802,2,1333,1295,1765406876449,1765406876449,0,1.98,0.0000,0.0,0.00
1765406876.491871,2,1334,1296,1765406876491,1765406876491,0,1.98,0.0000,0.0,0.00
1765406876.533770,2,1335,1297,1765406876533,1765406876533,0,1.98,0.0000,0.0,0.00
1765406876.575893,2,1336,1298,1765406876575,1765406876575,0,1.98,0.0000,0.0,0.00
1765406876.618413,2,1337,1299,1765406876617,1765406876617,0,1.98,0.0000,0.0,0.00
1765406876.664002,2,1338,1300,1765406876660,1765406876662,2,2.03,0.0000,0.0,0.00
1765406876.703215,2,1339,1301,1765406876702,1765406876703,1,2.04,0.0000,0.0,0.00
1765406876.746665,2,1340,1302,1765406876744,1765406876746,2,2.04,0.0000,0.0,0.00
1765406876.786452,2,1341,1303,1765406876786,1765406876786,0,2.06,0.0000,0.0,0.00
1765406876.830467,2,1342,1304,1765406876828,1765406876830,2,2.09,0.0000,0.0,0.00
1765406876.870819,2,1343,1305,1765406876870,1765406876870,0,2.11,0.0000,0.0,0.00
1765406876.914942,2,1344,1306,1765406876912,1765406876914,2,2.09,0.0000,0.0,0.00
1765406876.954908,2,1345,1307,1765406876954,1765406876954,0,2.09,0.0000,0.0,0.00
1765406876.999195,2,1346,1309,1765406876996,1765406876999,3,2.13,0.0000,0.0,0.00
1765406877.039233,2,1347,1310,1765406877039,1765406877039,0,2.14,0.0000,0.0,0.00
1765406877.081251,2,1348,1311,1765406877081,1765406877081,0,2.14,0.0000,0.0,0.00
1765406877.123806,2,1349,1312,1765406877123,1765406877123,0,2.13,0.0000,0.0,0.00
1765406877.166193,2,1350,1313,1765406877166,1765406877166,0,2.13,0.0000,0.0,0.00
1765406877.208931,2,1351,1315,1765406877208,1765406877208,0,2.13,0.0000,0.0,0.00
1765406877.250364,2,1352,1316,1765406877250,1765406877250,0,2.11,0.0000,0.0,0.00
1765406877.292339,2,1353,1317,1765406877292,1765406877292,0,2.08,0.0000,0.0,0.00
1765406877.334017,2,1354,1318,1765406877334,1765406877334,0,2.06,0.0000,0.0,0.00
1765406877.379849,2,1355,1320,1765406877377,1765406877379,2,2.11,0.0000,0.0,0.00
1765406877.419755,2,1356,1321,1765406877419,1765406877419,0,2.12,0.0000,0.0,0.00
1765406877.463692,2,1357,1322,1765406877461,1765406877463,2,2.08,0.0000,0.0,0.00
1765406877.504719,2,1358,1323,1765406877504,1765406877504,0,2.05,0.0000,0.0,0.00
1765406877.547109,2,1359,1324,1765406877547,1765406877547,0,2.03,0.0000,0.0,0.00
1765406877.589270,2,1360,1325,1765406877589,1765406877589,0,1.99,0.0000,0.0,0.00
1765406877.632318,2,1361,1326,1765406877632,1765406877632,0,1.91,0.0000,0.0,0.00
1765406877.674561,2,1362,1327,1765406877674,1765406877674,0,1.87,0.0000,0.0,0.00
1765406877.716386,2,1363,1328,1765406877716,1765406877716,0,1.87,0.0000,0.0,0.00
1765406877.758834,2,1364,1329,1765406877758,1765406877758,0,1.87,0.0000,0.0,0.00
1765406877.801648,2,1365,1330,1765406877801,1765406877801,0,1.87,0.0000,0.0,0.00
1765406877.848390,2,1366,1331,1765406877843,1765406877847,4,1.89,0.0000,0.0,0.00
1765406877.885550,2,1367,1332,1765406877885,1765406877885,0,1.90,0.0000,0.0,0.00
1765406877.929249,2,1368,1333,1765406877927,1765406877929,2,1.90,0.0000,0.0,0.00
1765406877.969040,2,1369,1334,1765406877969,1765406877969,0,1.91,0.0000,0.0,0.00
1765406878.011024,2,1370,1335,1765406878011,1765406878011,0,1.91,0.0000,0.0,0.00
1765406878.053400,2,1371,1336,1765406878053,1765406878053,0,1.91,0.0000,0.0,0.00
1765406878.096354,2,1372,1337,1765406878096,1765406878096,0,1.92,0.0000,0.0,0.00
1765406878.138404,2,1373,1338,1765406878138,1765406878138,0,1.92,0.0000,0.0,0.00
1765406878.181844,2,1374,1339,1765406878181,1765406878181,0,1.92,0.0000,0.0,0.00
1765406878.223612,2,1375,1340,1765406878223,1765406878223,0,1.92,0.0000,0.0,0.00
1765406878.265833,2,1376,1341,1765406878265,1765406878265,0,1.92,0.0000,0.0,0.00
1765406878.308029,2,1377,1342,1765406878308,1765406878308,0,1.92,0.0000,0.0,0.00
1765406878.349966,2,1378,1343,1765406878349,1765406878349,0,1.93,0.0000,0.0,0.00
1765406878.392407,2,1379,1344,1765406878391,1765406878391,0,1.25,0.0000,0.0,0.00
1765406878.433856,2,1380,1345,1765406878433,1765406878433,0,1.22,0.0000,0.0,0.00
1765406878.476482,2,1381,1346,1765406878476,1765406878476,0,1.12,0.0000,0.0,0.00
1765406878.522548,2,1382,1347,1765406878519,1765406878522,3,1.16,0.0000,0.0,0.00
1765406878.561725,2,1383,1348,1765406878561,1765406878561,0,1.18,0.0000,0.0,0.00
1765406878.604789,2,1384,1350,1765406878603,1765406878604,1,1.18,0.0000,0.0,0.00
1765406878.645514,2,1385,1351,1765406878645,1765406878645,0,1.19,0.0000,0.0,0.00
1765406878.688399,2,1386,1352,1765406878688,1765406878688,0,1.19,0.0000,0.0,0.00
1765406878.730660,2,1387,1353,1765406878730,1765406878730,0,1.19,0.0000,0.0,0.00
1765406878.772548,2,1388,1354,1765406878772,1765406878772,0,1.17,0.0000,0.0,0.00
1765406878.815160,2,1389,1355,1765406878814,1765406878814,0,1.12,0.0000,0.0,0.00
1765406878.856828,2,1390,1356,1765406878856,1765406878856,0,1.08,0.0000,0.0,0.00
1765406878.899841,2,1391,1357,1765406878899,1765406878899,0,1.10,0.0000,0.0,0.00
1765406878.942152,2,1392,1358,1765406878941,1765406878941,0,1.08,0.0000,0.0,0.00
1765406878.983991,2,1393,1359,1765406878983,1765406878983,0,1.07,0.0000,0.0,0.00
1765406879.025293,2,1394,1361,1765406879025,1765406879025,0,1.07,0.0000,0.0,0.00
1765406879.071417,2,1395,1362,1765406879068,1765406879071,3,1.15,0.0000,0.0,0.00
1765406879.110434,2,1396,1363,1765406879110,1765406879110,0,1.18,0.0000,0.0,0.00
1765406879.154847,2,1397,1364,1765406879153,1765406879154,1,1.22,0.0000,0.0,0.00
1765406879.195137,2,1398,1365,1765406879195,1765406879195,0,1.17,0.0000,0.0,0.00
1765406879.236874,2,1399,1366,1765406879236,1765406879236,0,1.17,0.0000,0.0,0.00
1765406879.278886,2,1400,1367,1765406879278,1765406879278,0,1.16,0.0000,0.0,0.00
1765406879.322364,2,1401,1368,1765406879322,1765406879322,0,1.17,0.0000,0.0,0.00
1765406879.367076,2,1402,1369,1765406879364,1765406879367,3,1.19,0.0000,0.0,0.00
1765406879.408340,2,1403,1370,1765406879408,1765406879408,0,1.18,0.0000,0.0,0.00
1765406879.451040,2,1404,1371,1765406879450,1765406879451,1,1.16,0.0000,0.0,0.00
1765406879.491270,2,1405,1372,1765406879491,1765406879491,0,1.16,0.0000,0.0,0.00
1765406879.534663,2,1406,1373,1765406879533,1765406879534,1,1.12,0.0000,0.0,0.00
1765406879.575617,2,1407,1374,1765406879575,1765406879575,0,1.10,0.0000,0.0,0.00
1765406879.617441,2,1408,1375,1765406879617,1765406879617,0,1.10,0.0000,0.0,0.00
1765406879.655590,2,1409,1376,1765406879651,1765406879654,3,1.17,0.0000,0.0,0.00
1765406879.694494,2,1410,1377,1765406879694,1765406879694,0,1.17,0.0000,0.0,0.00
1765406879.737015,2,1411,1378,1765406879737,1765406879737,0,1.19,0.0000,0.0,0.00
1765406879.778686,2,1412,1379,1765406879778,1765406879778,0,1.20,0.0000,0.0,0.00
1765406879.821484,2,1413,1380,1765406879820,1765406879820,0,1.20,0.0000,0.0,0.00
1765406879.865542,2,1414,1381,1765406879862,1765406879865,3,1.26,0.0000,0.0,0.00
1765406879.905685,2,1415,1382,1765406879905,1765406879905,0,1.23,0.0000,0.0,0.00
1765406879.950177,2,1416,1383,1765406879948,1765406879949,1,1.24,0.0000,0.0,0.00
1765406879.990274,2,1417,1384,1765406879990,1765406879990,0,1.21,0.0000,0.0,0.00
1765406880.033594,2,1418,1385,1765406880033,1765406880033,0,1.22,0.0000,0.0,0.00
1765406880.076185,2,1419,1386,1765406880076,1765406880076,0,1.22,0.0000,0.0,0.00
1765406880.118765,2,1420,1387,1765406880118,1765406880118,0,1.22,0.0000,0.0,0.00
1765406880.161738,2,1421,1388,1765406880160,1765406880161,1,1.22,0.0000,0.0,0.00
1765406880.202969,2,1422,1389,1765406880202,1765406880202,0,1.23,0.0000,0.0,0.00
1765406880.245443,2,1423,1390,1765406880244,1765406880244,0,1.23,0.0000,0.0,0.00
1765406880.287152,2,1424,1391,1765406880286,1765406880286,0,1.23,0.0000,0.0,0.00
1765406880.329360,2,1425,1392,1765406880328,1765406880328,0,1.21,0.0000,0.0,0.00
1765406880.371354,2,1426,1393,1765406880370,1765406880370,0,1.13,0.0000,0.0,0.00
1765406880.413856,2,1427,1396,1765406880413,1765406880413,0,1.10,0.0000,0.0,0.00
1765406880.455817,2,1428,1397,1765406880455,1765406880455,0,1.06,0.0000,0.0,0.00
1765406880.497951,2,1429,1398,1765406880497,1765406880497,0,1.04,0.0000,0.0,0.00
1765406880.539106,2,1430,1399,1765406880539,1765406880539,0,1.04,0.0000,0.0,0.00
1765406880.580784,2,1431,1400,1765406880580,1765406880580,0,1.05,0.0000,0.0,0.00
1765406880.626693,2,1432,1401,1765406880623,1765406880626,3,1.12,0.0000,0.0,0.00
1765406880.665705,2,1433,1402,1765406880665,1765406880665,0,1.15,0.0000,0.0,0.00
1765406880.707822,2,1434,1403,1765406880707,1765406880707,0,1.13,0.0000,0.0,0.00
1765406880.749448,2,1435,1404,1765406880749,1765406880749,0,1.13,0.0000,0.0,0.00
1765406880.791082,2,1436,1405,1765406880791,1765406880791,0,1.13,0.0000,0.0,0.00
1765406880.833171,2,1437,1406,1765406880833,1765406880833,0,1.11,0.0000,0.0,0.00
1765406880.874846,2,1438,1407,1765406880874,1765406880874,0,1.11,0.0000,0.0,0.00
1765406880.917434,2,1439,1408,1765406880916,1765406880917,1,1.13,0.0000,0.0,0.00
1765406880.958811,2,1440,1409,1765406880958,1765406880958,0,1.14,0.0000,0.0,0.00
1765406881.001592,2,1441,1410,1765406881001,1765406881001,0,1.14,0.0000,0.0,0.00
1765406881.044853,2,1442,1412,1765406881044,1765406881044,0,1.08,0.0000,0.0,0.00
1765406881.086332,2,1443,1413,1765406881086,1765406881086,0,1.04,0.0000,0.0,0.00
1765406881.129271,2,1444,1414,1765406881129,1765406881129,0,1.04,0.0000,0.0,0.00
1765406881.175734,2,1445,1415,1765406881172,1765406881174,2,1.09,0.0000,0.0,0.00
1765406881.213970,2,1446,1416,1765406881213,1765406881213,0,1.11,0.0000,0.0,0.00
1765406881.259101,2,1447,1417,1765406881255,1765406881259,4,1.19,0.0000,0.0,0.00
1765406881.297604,2,1448,1418,1765406881297,1765406881297,0,1.24,0.0000,0.0,0.00
1765406881.342751,2,1449,1419,1765406881339,1765406881342,3,1.30,0.0000,0.0,0.00
1765406881.381780,2,1450,1420,1765406881381,1765406881381,0,1.34,0.0000,0.0,0.00
1765406881.426693,2,1451,1421,1765406881423,1765406881426,3,1.38,0.0000,0.0,0.00
1765406881.465234,2,1452,1422,1765406881465,1765406881465,0,1.42,0.0000,0.0,0.00
1765406881.509289,2,1453,1423,1765406881506,1765406881509,3,1.46,0.0000,0.0,0.00
1765406881.548925,2,1454,1424,1765406881548,1765406881548,0,1.49,0.0000,0.0,0.00
1765406881.591255,2,1455,1425,1765406881590,1765406881590,0,1.42,0.0000,0.0,0.00
1765406881.633374,2,1456,1426,1765406881633,1765406881633,0,1.39,0.0000,0.0,0.00
1765406881.676474,2,1457,1427,1765406881676,1765406881676,0,1.37,0.0000,0.0,0.00
1765406881.720036,2,1458,1429,1765406881718,1765406881718,0,1.36,0.0000,0.0,0.00
1765406881.760548,2,1459,1430,1765406881760,1765406881760,0,1.35,0.0000,0.0,0.00
1765406881.794314,2,1460,1431,1765406881794,1765406881794,0,1.49,0.0000,0.0,0.00
1765406881.836987,2,1461,1432,1765406881835,1765406881835,0,1.49,0.0000,0.0,0.00
1765406881.878557,2,1462,1433,1765406881878,1765406881878,0,1.47,0.0000,0.0,0.00
1765406881.920364,2,1463,1434,1765406881920,1765406881920,0,1.45,0.0000,0.0,0.00
1765406881.965348,2,1464,1435,1765406881962,1765406881965,3,1.47,0.0000,0.0,0.00
1765406882.004517,2,1465,1436,1765406882004,1765406882004,0,1.49,0.0000,0.0,0.00
1765406882.050557,2,1466,1437,1765406882046,1765406882049,3,1.51,0.0000,0.0,0.00
1765406882.088604,2,1467,1438,1765406882088,1765406882088,0,1.56,0.0000,0.0,0.00
1765406882.130540,2,1468,1439,1765406882130,1765406882130,0,1.56,0.0000,0.0,0.00
1765406882.173681,2,1469,1440,1765406882173,1765406882173,0,1.46,0.0000,0.0,0.00
1765406882.216012,2,1470,1441,1765406882216,1765406882216,0,1.44,0.0000,0.0,0.00
1765406882.258277,2,1471,1442,1765406882257,1765406882258,1,1.42,0.0000,0.0,0.00
1765406882.300946,2,1472,1443,1765406882300,1765406882300,0,1.41,0.0000,0.0,0.00
1765406882.342605,2,1473,1444,1765406882342,1765406882342,0,1.41,0.0000,0.0,0.00
1765406882.384771,2,1474,1445,1765406882384,1765406882384,0,1.36,0.0000,0.0,0.00
1765406882.427799,2,1475,1446,1765406882427,1765406882427,0,1.34,0.0000,0.0,0.00
1765406882.470318,2,1476,1447,1765406882469,1765406882469,0,1.30,0.0000,0.0,0.00
1765406882.512442,2,1477,1448,1765406882511,1765406882512,1,1.31,0.0000,0.0,0.00
1765406882.597915,2,1478,1449,1765406882585,1765406882597,12,2.17,0.0000,0.0,0.00
1765406882.680807,2,1479,1450,1765406882673,1765406882679,6,3.14,0.0000,0.0,0.00
1765406882.716221,2,1480,1451,1765406882716,1765406882716,0,3.17,0.0000,0.0,0.00
1765406882.758454,2,1481,1452,1765406882758,1765406882758,0,3.17,0.0000,0.0,0.00
1765406882.794121,2,1482,1453,1765406882793,1765406882793,0,3.21,0.0000,0.0,0.00
1765406882.836003,2,1483,1454,1765406882836,1765406882836,0,3.20,0.0000,0.0,0.00
1765406882.878863,2,1484,1455,1765406882878,1765406882878,0,3.20,0.0000,0.0,0.00
1765406882.921041,2,1485,1456,1765406882921,1765406882921,0,3.19,0.0000,0.0,0.00
1765406882.963774,2,1486,1457,1765406882963,1765406882963,0,3.19,0.0000,0.0,0.00
1765406883.005207,2,1487,1458,1765406883005,1765406883005,0,3.20,0.0000,0.0,0.00
1765406883.047376,2,1488,1460,1765406883047,1765406883047,0,3.20,0.0000,0.0,0.00
1765406883.089810,2,1489,1461,1765406883089,1765406883089,0,3.20,0.0000,0.0,0.00
1765406883.131651,2,1490,1462,1765406883131,1765406883131,0,3.20,0.0000,0.0,0.00
1765406883.178189,2,1491,1463,1765406883174,1765406883177,3,3.26,0.0000,0.0,0.00
1765406883.216394,2,1492,1464,1765406883216,1765406883216,0,3.21,0.0000,0.0,0.00
1765406883.258864,2,1493,1465,1765406883258,1765406883258,0,3.19,0.0000,0.0,0.00
1765406883.301565,2,1494,1466,1765406883301,1765406883301,0,3.19,0.0000,0.0,0.00
1765406883.343986,2,1495,1467,1765406883343,1765406883343,0,3.19,0.0000,0.0,0.00
1765406883.386357,2,1496,1468,1765406883386,1765406883386,0,3.18,0.0000,0.0,0.00
1765406883.429454,2,1497,1470,1765406883429,1765406883429,0,3.18,0.0000,0.0,0.00
1765406883.471966,2,1498,1471,1765406883471,1765406883471,0,3.17,0.0000,0.0,0.00
1765406883.512647,2,1499,1472,1765406883512,1765406883512,0,3.18,0.0000,0.0,0.00
1765406883.554878,2,1500,1473,1765406883554,1765406883554,0,3.18,0.0000,0.0,0.00
1765406883.597121,2,1501,1474,1765406883596,1765406883596,0,3.18,0.0000,0.0,0.00
1765406883.640729,2,1502,1475,1765406883639,1765406883640,1,3.20,0.0000,0.0,0.00
1765406883.680982,2,1503,1476,1765406883680,1765406883680,0,3.21,0.0000,0.0,0.00
1765406883.725276,2,1504,1477,1765406883723,1765406883724,1,3.23,0.0000,0.0,0.00
1765406883.766264,2,1505,1478,1765406883766,1765406883766,0,3.19,0.0000,0.0,0.00
1765406883.808950,2,1506,1479,1765406883808,1765406883808,0,3.17,0.0000,0.0,0.00
1765406883.856482,2,1507,1480,1765406883851,1765406883856,5,3.23,0.0000,0.0,0.00
1765406883.894207,2,1508,1481,1765406883894,1765406883894,0,3.23,0.0000,0.0,0.00
1765406883.940267,2,1509,1482,1765406883937,1765406883940,3,3.26,0.0000,0.0,0.00
1765406883.979452,2,1510,1483,1765406883979,1765406883979,0,3.26,0.0000,0.0,0.00
1765406884.021835,2,1511,1484,1765406884021,1765406884021,0,3.22,0.0000,0.0,0.00
1765406884.063089,2,1512,1485,1765406884063,1765406884063,0,3.20,0.0000,0.0,0.00
1765406884.106859,2,1513,1486,1765406884105,1765406884106,1,3.18,0.0000,0.0,0.00
1765406884.147419,2,1514,1487,1765406884147,1765406884147,0,3.17,0.0000,0.0,0.00
1765406884.190339,2,1515,1488,1765406884190,1765406884190,0,3.17,0.0000,0.0,0.00
1765406884.232016,2,1516,1489,1765406884232,1765406884232,0,3.17,0.0000,0.0,0.00
1765406884.273887,2,1517,1490,1765406884273,1765406884273,0,3.18,0.0000,0.0,0.00
1765406884.315592,2,1518,1491,1765406884315,1765406884315,0,3.18,0.0000,0.0,0.00
1765406884.359386,2,1519,1492,1765406884358,1765406884358,0,3.18,0.0000,0.0,0.00
1765406884.401129,2,1520,1493,1765406884401,1765406884401,0,3.13,0.0000,0.0,0.00
1765406884.443465,2,1521,1494,1765406884443,1765406884443,0,3.13,0.0000,0.0,0.00
1765406884.489183,2,1522,1495,1765406884484,1765406884489,5,3.19,0.0000,0.0,0.00
1765406884.527512,2,1523,1496,1765406884526,1765406884527,1,3.22,0.0000,0.0,0.00
1765406884.573646,2,1524,1497,1765406884569,1765406884572,3,3.22,0.0000,0.0,0.00
1765406884.611671,2,1525,1498,1765406884611,1765406884611,0,3.22,0.0000,0.0,0.00
1765406884.656615,2,1526,1499,1765406884654,1765406884656,2,3.22,0.0000,0.0,0.00
1765406884.697167,2,1527,1500,1765406884697,1765406884697,0,3.21,0.0000,0.0,0.00
1765406884.739380,2,1528,1501,1765406884739,1765406884739,0,3.21,0.0000,0.0,0.00
1765406884.782053,2,1529,1502,1765406884782,1765406884782,0,3.21,0.0000,0.0,0.00
1765406884.824009,2,1530,1503,1765406884824,1765406884824,0,3.21,0.0000,0.0,0.00
1765406884.866229,2,1531,1504,1765406884866,1765406884866,0,3.21,0.0000,0.0,0.00
1765406884.908686,2,1532,1506,1765406884908,1765406884908,0,3.21,0.0000,0.0,0.00
1765406884.953182,2,1533,1507,1765406884951,1765406884953,2,3.24,0.0000,0.0,0.00
1765406884.993890,2,1534,1508,1765406884993,1765406884993,0,3.26,0.0000,0.0,0.00
1765406885.036577,2,1535,1510,1765406885036,1765406885036,0,3.26,0.0000,0.0,0.00
1765406885.078709,2,1536,1511,1765406885078,1765406885078,0,3.26,0.0000,0.0,0.00
1765406885.120813,2,1537,1512,1765406885120,1765406885120,0,3.26,0.0000,0.0,0.00
1765406885.162868,2,1538,1513,1765406885162,1765406885162,0,2.21,0.0000,0.0,0.00
1765406885.205526,2,1539,1514,1765406885205,1765406885205,0,1.36,0.0000,0.0,0.00
1765406885.247176,2,1540,1515,1765406885247,1765406885247,0,1.30,0.0000,0.0,0.00
1765406885.288607,2,1541,1516,1765406885288,1765406885288,0,1.32,0.0000,0.0,0.00
1765406885.330435,2,1542,1517,1765406885330,1765406885330,0,1.23,0.0000,0.0,0.00
1765406885.372134,2,1543,1518,1765406885372,1765406885372,0,1.22,0.0000,0.0,0.00
1765406885.413658,2,1544,1519,1765406885413,1765406885413,0,1.23,0.0000,0.0,0.00
1765406885.456365,2,1545,1520,1765406885456,1765406885456,0,1.23,0.0000,0.0,0.00
1765406885.499740,2,1546,1521,1765406885498,1765406885498,0,1.23,0.0000,0.0,0.00
1765406885.541219,2,1547,1522,1765406885541,1765406885541,0,1.25,0.0000,0.0,0.00
1765406885.584035,2,1548,1523,1765406885584,1765406885584,0,1.26,0.0000,0.0,0.00
1765406885.626046,2,1549,1524,1765406885626,1765406885626,0,1.26,0.0000,0.0,0.00
1765406885.668180,2,1550,1525,1765406885668,1765406885668,0,1.26,0.0000,0.0,0.00
1765406885.710109,2,1551,1526,1765406885710,1765406885710,0,1.18,0.0000,0.0,0.00
1765406885.754308,2,1552,1527,1765406885752,1765406885754,2,1.18,0.0000,0.0,0.00
1765406885.794654,2,1553,1528,1765406885794,1765406885794,0,1.20,0.0000,0.0,0.00
1765406885.836839,2,1554,1529,1765406885836,1765406885836,0,1.19,0.0000,0.0,0.00
1765406885.879465,2,1555,1530,1765406885879,1765406885879,0,1.20,0.0000,0.0,0.00
1765406885.922382,2,1556,1531,1765406885921,1765406885921,0,1.19,0.0000,0.0,0.00
1765406885.964478,2,1557,1532,1765406885964,1765406885964,0,1.19,0.0000,0.0,0.00
1765406886.007084,2,1558,1533,1765406886006,1765406886007,1,1.20,0.0000,0.0,0.00
1765406886.049949,2,1559,1534,1765406886048,1765406886048,0,1.20,0.0000,0.0,0.00
1765406886.091680,2,1560,1535,1765406886091,1765406886091,0,1.22,0.0000,0.0,0.00
1765406886.133729,2,1561,1536,1765406886133,1765406886133,0,1.22,0.0000,0.0,0.00
1765406886.176163,2,1562,1537,1765406886176,1765406886176,0,1.20,0.0000,0.0,0.00
1765406886.217659,2,1563,1538,1765406886217,1765406886217,0,1.18,0.0000,0.0,0.00
1765406886.259989,2,1564,1539,1765406886259,1765406886259,0,1.15,0.0000,0.0,0.00
1765406886.307054,2,1565,1540,1765406886302,1765406886307,5,1.27,0.0000,0.0,0.00
1765406886.344398,2,1566,1541,1765406886344,1765406886344,0,1.33,0.0000,0.0,0.00
1765406886.386333,2,1567,1542,1765406886386,1765406886386,0,1.21,0.0000,0.0,0.00
1765406886.428170,2,1568,1543,1765406886428,1765406886428,0,1.16,0.0000,0.0,0.00
1765406886.462923,2,1569,1545,1765406886462,1765406886462,0,1.18,0.0000,0.0,0.00
1765406886.504446,2,1570,1546,1765406886504,1765406886504,0,1.14,0.0000,0.0,0.00
1765406886.550198,2,1571,1547,1765406886546,1765406886550,4,1.22,0.0000,0.0,0.00
1765406886.588673,2,1572,1548,1765406886588,1765406886588,0,1.27,0.0000,0.0,0.00
1765406886.633358,2,1573,1549,1765406886630,1765406886633,3,1.31,0.0000,0.0,0.00
1765406886.673041,2,1574,1550,1765406886672,1765406886673,1,1.33,0.0000,0.0,0.00
1765406886.717310,2,1575,1551,1765406886714,1765406886717,3,1.35,0.0000,0.0,0.00
1765406886.757559,2,1576,1552,1765406886757,1765406886757,0,1.37,0.0000,0.0,0.00
1765406886.800806,2,1577,1553,1765406886799,1765406886800,1,1.38,0.0000,0.0,0.00
1765406886.860484,2,1578,1554,1765406886856,1765406886857,1,1.67,0.0000,0.0,0.00
1765406886.896217,2,1579,1555,1765406886895,1765406886895,0,1.72,0.0000,0.0,0.00
1765406886.942531,2,1580,1556,1765406886938,1765406886942,4,1.80,0.0000,0.0,0.00
1765406886.981139,2,1581,1557,1765406886981,1765406886981,0,1.84,0.0000,0.0,0.00
1765406887.022666,2,1582,1559,1765406887022,1765406887022,0,1.77,0.0000,0.0,0.00
1765406887.065067,2,1583,1560,1765406887065,1765406887065,0,1.74,0.0000,0.0,0.00
1765406887.108050,2,1584,1561,1765406887106,1765406887108,2,1.70,0.0000,0.0,0.00
1765406887.149730,2,1585,1562,1765406887149,1765406887149,0,1.67,0.0000,0.0,0.00
1765406887.190904,2,1586,1563,1765406887190,1765406887190,0,1.63,0.0000,0.0,0.00
1765406887.233148,2,1587,1564,1765406887233,1765406887233,0,1.63,0.0000,0.0,0.00
1765406887.275600,2,1588,1565,1765406887275,1765406887275,0,1.63,0.0000,0.0,0.00
1765406887.318172,2,1589,1566,1765406887318,1765406887318,0,1.63,0.0000,0.0,0.00
1765406887.360160,2,1590,1567,1765406887360,1765406887360,0,1.63,0.0000,0.0,0.00
1765406887.405159,2,1591,1568,1765406887402,1765406887405,3,1.68,0.0000,0.0,0.00
1765406887.444514,2,1592,1569,1765406887444,1765406887444,0,1.72,0.0000,0.0,0.00
1765406887.488283,2,1593,1570,1765406887486,1765406887488,2,1.70,0.0000,0.0,0.00
1765406887.528024,2,1594,1572,1765406887528,1765406887528,0,1.70,0.0000,0.0,0.00
1765406887.570993,2,1595,1573,1765406887569,1765406887569,0,1.70,0.0000,0.0,0.00
1765406887.611932,2,1596,1574,1765406887611,1765406887611,0,1.70,0.0000,0.0,0.00
1765406887.654455,2,1597,1575,1765406887653,1765406887653,0,1.70,0.0000,0.0,0.00
1765406887.695964,2,1598,1576,1765406887695,1765406887695,0,1.70,0.0000,0.0,0.00
1765406887.739029,2,1599,1577,1765406887739,1765406887739,0,1.72,0.0000,0.0,0.00
1765406887.784735,2,1600,1578,1765406887780,1765406887783,3,1.75,0.0000,0.0,0.00
1765406887.822975,2,1601,1579,1765406887822,1765406887822,0,1.78,0.0000,0.0,0.00
1765406887.868421,2,1602,1580,1765406887864,1765406887868,4,1.85,0.0000,0.0,0.00
1765406887.907069,2,1603,1581,1765406887906,1765406887907,1,1.89,0.0000,0.0,0.00
1765406887.950606,2,1604,1582,1765406887948,1765406887950,2,1.89,0.0000,0.0,0.00
1765406887.989923,2,1605,1583,1765406887989,1765406887989,0,1.92,0.0000,0.0,0.00
1765406888.036422,2,1606,1584,1765406888032,1765406888036,4,2.01,0.0000,0.0,0.00
1765406888.074822,2,1607,1585,1765406888074,1765406888074,0,2.05,0.0000,0.0,0.00
1765406888.119355,2,1608,1586,1765406888116,1765406888119,3,2.09,0.0000,0.0,0.00
1765406888.158555,2,1609,1587,1765406888158,1765406888158,0,2.13,0.0000,0.0,0.00
1765406888.202986,2,1610,1588,1765406888201,1765406888202,1,2.16,0.0000,0.0,0.00
1765406888.243336,2,1611,1589,1765406888243,1765406888243,0,2.18,0.0000,0.0,0.00
1765406888.285755,2,1612,1591,1765406888285,1765406888285,0,2.15,0.0000,0.0,0.00
1765406888.328360,2,1613,1592,1765406888328,1765406888328,0,2.13,0.0000,0.0,0.00
1765406888.369972,2,1614,1593,1765406888369,1765406888369,0,2.15,0.0000,0.0,0.00
1765406888.412179,2,1615,1594,1765406888412,1765406888412,0,2.15,0.0000,0.0,0.00
1765406888.453851,2,1616,1595,1765406888453,1765406888453,0,2.16,0.0000,0.0,0.00
1765406888.495321,2,1617,1596,1765406888495,1765406888495,0,2.15,0.0000,0.0,0.00
1765406888.537729,2,1618,1597,1765406888537,1765406888537,0,2.13,0.0000,0.0,0.00
1765406888.579791,2,1619,1598,1765406888579,1765406888579,0,2.12,0.0000,0.0,0.00
1765406888.622494,2,1620,1599,1765406888622,1765406888622,0,2.12,0.0000,0.0,0.00
1765406888.664544,2,1621,1600,1765406888664,1765406888664,0,2.12,0.0000,0.0,0.00
1765406888.706878,2,1622,1601,1765406888705,1765406888705,0,2.12,0.0000,0.0,0.00
1765406888.748624,2,1623,1602,1765406888748,1765406888748,0,2.12,0.0000,0.0,0.00
1765406888.791333,2,1624,1603,1765406888791,1765406888791,0,2.13,0.0000,0.0,0.00
1765406888.833337,2,1625,1604,1765406888832,1765406888832,0,2.03,0.0000,0.0,0.00
1765406888.875553,2,1626,1605,1765406888875,1765406888875,0,1.98,0.0000,0.0,0.00
1765406888.917663,2,1627,1606,1765406888917,1765406888917,0,1.98,0.0000,0.0,0.00
1765406888.960257,2,1628,1607,1765406888960,1765406888960,0,1.99,0.0000,0.0,0.00
1765406889.002869,2,1629,1608,1765406889002,1765406889002,0,1.88,0.0000,0.0,0.00
1765406889.044711,2,1630,1610,1765406889044,1765406889044,0,1.88,0.0000,0.0,0.00
1765406889.088401,2,1631,1611,1765406889086,1765406889088,2,1.84,0.0000,0.0,0.00
1765406889.128639,2,1632,1612,1765406889128,1765406889128,0,1.81,0.0000,0.0,0.00
1765406889.171856,2,1633,1613,1765406889171,1765406889171,0,1.77,0.0000,0.0,0.00
1765406889.213931,2,1634,1614,1765406889213,1765406889213,0,1.74,0.0000,0.0,0.00
1765406889.256498,2,1635,1615,1765406889256,1765406889256,0,1.73,0.0000,0.0,0.00
1765406889.298673,2,1636,1616,1765406889298,1765406889298,0,1.70,0.0000,0.0,0.00
1765406889.342108,2,1637,1617,1765406889339,1765406889342,3,1.72,0.0000,0.0,0.00
1765406889.381924,2,1638,1618,1765406889381,1765406889381,0,1.48,0.0000,0.0,0.00
1765406889.428052,2,1639,1619,1765406889423,1765406889427,4,1.49,0.0000,0.0,0.00
1765406889.466376,2,1640,1621,1765406889466,1765406889466,0,1.44,0.0000,0.0,0.00
1765406889.510026,2,1641,1622,1765406889508,1765406889510,2,1.44,0.0000,0.0,0.00
1765406889.550127,2,1642,1623,1765406889550,1765406889550,0,1.45,0.0000,0.0,0.00
1765406889.593913,2,1643,1624,1765406889592,1765406889592,0,1.44,0.0000,0.0,0.00
1765406889.634143,2,1644,1625,1765406889634,1765406889634,0,1.42,0.0000,0.0,0.00
1765406889.679462,2,1645,1626,1765406889677,1765406889679,2,1.46,0.0000,0.0,0.00
1765406889.719246,2,1646,1627,1765406889719,1765406889719,0,1.47,0.0000,0.0,0.00
1765406889.762682,2,1647,1628,1765406889762,1765406889762,0,1.47,0.0000,0.0,0.00
1765406889.804349,2,1648,1629,1765406889803,1765406889803,0,1.49,0.0000,0.0,0.00
1765406889.837946,2,1649,1630,1765406889837,1765406889837,0,1.59,0.0000,0.0,0.00
1765406889.880111,2,1650,1631,1765406889880,1765406889880,0,1.60,0.0000,0.0,0.00
1765406889.925294,2,1651,1632,1765406889922,1765406889925,3,1.60,0.0000,0.0,0.00
1765406889.964096,2,1652,1634,1765406889964,1765406889964,0,1.60,0.0000,0.0,0.00
1765406890.008497,2,1653,1635,1765406890005,1765406890007,2,1.59,0.0000,0.0,0.00
1765406890.048480,2,1654,1636,1765406890048,1765406890048,0,1.57,0.0000,0.0,0.00
1765406890.089665,2,1655,1637,1765406890089,1765406890089,0,1.57,0.0000,0.0,0.00
1765406890.131543,2,1656,1638,1765406890131,1765406890131,0,1.57,0.0000,0.0,0.00
1765406890.175106,2,1657,1639,1765406890173,1765406890175,2,1.60,0.0000,0.0,0.00
1765406890.215367,2,1658,1640,1765406890215,1765406890215,0,1.63,0.0000,0.0,0.00
1765406890.259908,2,1659,1641,1765406890257,1765406890258,1,1.62,0.0000,0.0,0.00
1765406890.298651,2,1660,1642,1765406890298,1765406890298,0,1.64,0.0000,0.0,0.00
1765406890.342139,2,1661,1643,1765406890340,1765406890342,2,1.60,0.0000,0.0,0.00
1765406890.381929,2,1662,1644,1765406890381,1765406890381,0,1.61,0.0000,0.0,0.00
1765406890.424330,2,1663,1645,1765406890423,1765406890424,1,1.56,0.0000,0.0,0.00
1765406890.465664,2,1664,1646,1765406890465,1765406890465,0,1.57,0.0000,0.0,0.00
1765406890.507603,2,1665,1647,1765406890507,1765406890507,0,1.51,0.0000,0.0,0.00
1765406890.549944,2,1666,1648,1765406890549,1765406890549,0,1.45,0.0000,0.0,0.00
1765406890.592262,2,1667,1649,1765406890592,1765406890592,0,1.38,0.0000,0.0,0.00
1765406890.633750,2,1668,1650,1765406890633,1765406890633,0,1.36,0.0000,0.0,0.00
1765406890.675939,2,1669,1651,1765406890675,1765406890675,0,1.30,0.0000,0.0,0.00
1765406890.718226,2,1670,1652,1765406890718,1765406890718,0,1.29,0.0000,0.0,0.00
1765406890.759870,2,1671,1653,1765406890759,1765406890759,0,1.29,0.0000,0.0,0.00
1765406890.802176,2,1672,1654,1765406890802,1765406890802,0,1.30,0.0000,0.0,0.00
1765406890.845387,2,1673,1655,1765406890845,1765406890845,0,1.30,0.0000,0.0,0.00
1765406890.890985,2,1674,1656,1765406890887,1765406890890,3,1.32,0.0000,0.0,0.00
1765406890.929459,2,1675,1657,1765406890929,1765406890929,0,1.37,0.0000,0.0,0.00
1765406890.973742,2,1676,1658,1765406890971,1765406890973,2,1.37,0.0000,0.0,0.00
1765406891.014104,2,1677,1659,1765406891013,1765406891013,0,1.41,0.0000,0.0,0.00
1765406891.056562,2,1678,1661,1765406891055,1765406891056,1,1.42,0.0000,0.0,0.00
1765406891.097673,2,1679,1662,1765406891097,1765406891097,0,1.44,0.0000,0.0,0.00
1765406891.139828,2,1680,1663,1765406891139,1765406891139,0,1.43,0.0000,0.0,0.00
1765406891.182547,2,1681,1664,1765406891182,1765406891182,0,1.44,0.0000,0.0,0.00
1765406891.224282,2,1682,1665,1765406891224,1765406891224,0,1.42,0.0000,0.0,0.00
1765406891.265821,2,1683,1666,1765406891265,1765406891265,0,1.43,0.0000,0.0,0.00
1765406891.308170,2,1684,1667,1765406891308,1765406891308,0,1.43,0.0000,0.0,0.00
1765406891.354564,2,1685,1668,1765406891350,1765406891354,4,1.47,0.0000,0.0,0.00
1765406891.392864,2,1686,1669,1765406891392,1765406891392,0,1.53,0.0000,0.0,0.00
1765406891.438072,2,1687,1670,1765406891435,1765406891438,3,1.58,0.0000,0.0,0.00
1765406891.478025,2,1688,1671,1765406891477,1765406891477,0,1.63,0.0000,0.0,0.00
1765406891.521353,2,1689,1673,1765406891519,1765406891520,1,1.64,0.0000,0.0,0.00
1765406891.560986,2,1690,1674,1765406891560,1765406891560,0,1.68,0.0000,0.0,0.00
1765406891.603781,2,1691,1675,1765406891602,1765406891602,0,1.66,0.0000,0.0,0.00
1765406891.644938,2,1692,1676,1765406891644,1765406891644,0,1.62,0.0000,0.0,0.00
1765406891.687872,2,1693,1677,1765406891687,1765406891687,0,1.62,0.0000,0.0,0.00
1765406891.729354,2,1694,1678,1765406891729,1765406891729,0,1.62,0.0000,0.0,0.00
1765406891.771068,2,1695,1679,1765406891771,1765406891771,0,1.61,0.0000,0.0,0.00
1765406891.813774,2,1696,1680,1765406891813,1765406891813,0,1.61,0.0000,0.0,0.00
1765406891.855875,2,1697,1681,1765406891855,1765406891855,0,1.58,0.0000,0.0,0.00
1765406891.900647,2,1698,1682,1765406891898,1765406891900,2,1.55,0.0000,0.0,0.00
1765406891.941525,2,1699,1683,1765406891941,1765406891941,0,1.53,0.0000,0.0,0.00
1765406891.983951,2,1700,1684,1765406891983,1765406891983,0,1.46,0.0000,0.0,0.00
1765406892.026306,2,1701,1685,1765406892026,1765406892026,0,1.45,0.0000,0.0,0.00
1765406892.067616,2,1702,1686,1765406892067,1765406892067,0,1.43,0.0000,0.0,0.00
1765406892.109690,2,1703,1687,1765406892109,1765406892109,0,1.43,0.0000,0.0,0.00
1765406892.151422,2,1704,1688,1765406892151,1765406892151,0,1.43,0.0000,0.0,0.00
1765406892.194541,2,1705,1689,1765406892194,1765406892194,0,1.41,0.0000,0.0,0.00
1765406892.236645,2,1706,1690,1765406892236,1765406892236,0,1.37,0.0000,0.0,0.00
1765406892.281897,2,1707,1691,1765406892278,1765406892281,3,1.39,0.0000,0.0,0.00
1765406892.320884,2,1708,1692,1765406892320,1765406892320,0,1.43,0.0000,0.0,0.00
1765406892.364530,2,1709,1693,1765406892362,1765406892364,2,1.34,0.0000,0.0,0.00
1765406892.404300,2,1710,1694,1765406892404,1765406892404,0,1.35,0.0000,0.0,0.00
1765406892.447771,2,1711,1695,1765406892445,1765406892447,2,1.31,0.0000,0.0,0.00
1765406892.488698,2,1712,1697,1765406892488,1765406892488,0,1.28,0.0000,0.0,0.00
1765406892.531137,2,1713,1698,1765406892531,1765406892531,0,1.28,0.0000,0.0,0.00
1765406892.573265,2,1714,1699,1765406892573,1765406892573,0,1.27,0.0000,0.0,0.00
1765406892.615593,2,1715,1700,1765406892615,1765406892615,0,1.25,0.0000,0.0,0.00
1765406892.658561,2,1716,1701,1765406892658,1765406892658,0,1.27,0.0000,0.0,0.00
1765406892.700694,2,1717,1702,1765406892700,1765406892700,0,1.23,0.0000,0.0,0.00
1765406892.744919,2,1718,1703,1765406892743,1765406892744,1,1.24,0.0000,0.0,0.00
1765406892.785261,2,1719,1704,1765406892785,1765406892785,0,1.24,0.0000,0.0,0.00
1765406892.829596,2,1720,1705,1765406892828,1765406892829,1,1.25,0.0000,0.0,0.00
1765406892.871457,2,1721,1706,1765406892870,1765406892870,0,1.23,0.0000,0.0,0.00
1765406892.913664,2,1722,1707,1765406892913,1765406892913,0,1.20,0.0000,0.0,0.00
1765406892.955914,2,1723,1708,1765406892955,1765406892955,0,1.19,0.0000,0.0,0.00
1765406892.998068,2,1724,1709,1765406892998,1765406892998,0,1.19,0.0000,0.0,0.00
1765406893.041445,2,1725,1711,1765406893040,1765406893041,1,1.20,0.0000,0.0,0.00
1765406893.086156,2,1726,1712,1765406893082,1765406893085,3,1.23,0.0000,0.0,0.00
1765406893.125568,2,1727,1713,1765406893124,1765406893124,0,1.26,0.0000,0.0,0.00
1765406893.166117,2,1728,1714,1765406893166,1765406893166,0,1.25,0.0000,0.0,0.00
1765406893.209112,2,1729,1715,1765406893209,1765406893209,0,1.26,0.0000,0.0,0.00
1765406893.251591,2,1730,1716,1765406893251,1765406893251,0,1.25,0.0000,0.0,0.00
1765406893.294784,2,1731,1717,1765406893294,1765406893294,0,1.24,0.0000,0.0,0.00
1765406893.336777,2,1732,1718,1765406893336,1765406893336,0,1.23,0.0000,0.0,0.00
1765406893.378658,2,1733,1720,1765406893378,1765406893378,0,1.22,0.0000,0.0,0.00
1765406893.420793,2,1734,1721,1765406893420,1765406893420,0,1.17,0.0000,0.0,0.00
1765406893.462994,2,1735,1722,1765406893462,1765406893462,0,1.13,0.0000,0.0,0.00
1765406893.505419,2,1736,1723,1765406893505,1765406893505,0,1.11,0.0000,0.0,0.00
1765406893.547328,2,1737,1724,1765406893547,1765406893547,0,1.08,0.0000,0.0,0.00
1765406893.593215,2,1738,1725,1765406893589,1765406893592,3,1.12,0.0000,0.0,0.00
1765406893.632396,2,1739,1726,1765406893632,1765406893632,0,1.13,0.0000,0.0,0.00
1765406893.677944,2,1740,1727,1765406893673,1765406893676,3,1.16,0.0000,0.0,0.00
1765406893.716206,2,1741,1729,1765406893716,1765406893716,0,1.18,0.0000,0.0,0.00
1765406893.758924,2,1742,1730,1765406893758,1765406893758,0,1.18,0.0000,0.0,0.00
1765406893.800750,2,1743,1731,1765406893800,1765406893800,0,1.17,0.0000,0.0,0.00
1765406893.843720,2,1744,1732,1765406893843,1765406893843,0,1.17,0.0000,0.0,0.00
1765406893.886192,2,1745,1733,1765406893885,1765406893885,0,1.09,0.0000,0.0,0.00
1765406893.928476,2,1746,1734,1765406893928,1765406893928,0,1.05,0.0000,0.0,0.00
1765406893.971634,2,1747,1735,1765406893970,1765406893970,0,0.98,0.0000,0.0,0.00
1765406894.013175,2,1748,1736,1765406894012,1765406894013,1,0.95,0.0000,0.0,0.00
1765406894.057789,2,1749,1737,1765406894055,1765406894057,2,0.97,0.0000,0.0,0.00
1765406894.097309,2,1750,1738,1765406894096,1765406894096,0,0.99,0.0000,0.0,0.00
1765406894.139432,2,1751,1739,1765406894139,1765406894139,0,1.00,0.0000,0.0,0.00
1765406894.181252,2,1752,1740,1765406894181,1765406894181,0,1.00,0.0000,0.0,0.00
1765406894.228344,2,1753,1741,1765406894224,1765406894228,4,1.08,0.0000,0.0,0.00
1765406894.266706,2,1754,1742,1765406894266,1765406894266,0,1.13,0.0000,0.0,0.00
1765406894.312615,2,1755,1743,1765406894308,1765406894312,4,1.20,0.0000,0.0,0.00
1765406894.351501,2,1756,1744,1765406894351,1765406894351,0,1.24,0.0000,0.0,0.00
1765406894.395799,2,1757,1745,1765406894393,1765406894395,2,1.27,0.0000,0.0,0.00
1765406894.436705,2,1758,1746,1765406894436,1765406894436,0,1.24,0.0000,0.0,0.00
1765406894.480037,2,1759,1747,1765406894479,1765406894480,1,1.25,0.0000,0.0,0.00
1765406894.520934,2,1760,1748,1765406894520,1765406894520,0,1.28,0.0000,0.0,0.00
1765406894.563078,2,1761,1749,1765406894563,1765406894563,0,1.28,0.0000,0.0,0.00
1765406894.605224,2,1762,1750,1765406894605,1765406894605,0,1.26,0.0000,0.0,0.00
1765406894.647813,2,1763,1751,1765406894647,1765406894647,0,1.26,0.0000,0.0,0.00
1765406894.689454,2,1764,1752,1765406894689,1765406894689,0,1.26,0.0000,0.0,0.00
1765406894.731888,2,1765,1753,1765406894731,1765406894731,0,1.25,0.0000,0.0,0.00
1765406894.773959,2,1766,1754,1765406894773,1765406894773,0,1.25,0.0000,0.0,0.00
1765406894.816766,2,1767,1755,1765406894816,1765406894816,0,1.22,0.0000,0.0,0.00
1765406894.865059,2,1768,1756,1765406894859,1765406894865,6,1.29,0.0000,0.0,0.00
1765406894.898066,2,1769,1757,1765406894894,1765406894898,4,1.40,0.0000,0.0,0.00
1765406894.936453,2,1770,1759,1765406894936,1765406894936,0,1.43,0.0000,0.0,0.00
1765406894.980080,2,1771,1760,1765406894979,1765406894979,0,1.43,0.0000,0.0,0.00
1765406895.021349,2,1772,1761,1765406895021,1765406895021,0,1.41,0.0000,0.0,0.00
