timestamp,client_id,snapshot_id,seq_num,server_timestamp_ms,recv_time_ms,latency_ms,jitter_ms,perceived_position_error,cpu_percent,bandwidth_per_client_kbps
1765406825.020709,3,119,1,1765406824851,1765406825020,169,0.00,0.0000,0.0,0.00
1765406825.021708,3,120,2,1765406824893,1765406825020,127,0.00,0.0000,0.0,0.00
1765406825.022707,3,121,3,1765406824928,1765406825021,93,0.50,0.0000,0.0,0.00
1765406825.022707,3,122,4,1765406824970,1765406825022,52,0.44,0.0000,0.0,0.00
1765406825.022707,3,123,5,1765406825012,1765406825022,10,0.50,0.0000,0.0,0.00
1765406825.126994,3,124,6,1765406825048,1765406825126,78,33.12,0.0000,0.0,0.00
1765406825.128133,3,125,7,1765406825091,1765406825126,35,28.78,0.0000,0.0,0.00
1765406825.136723,3,126,8,1765406825133,1765406825136,3,24.98,0.0000,0.0,0.00
1765406825.176183,3,127,10,1765406825175,1765406825175,0,26.06,0.0000,0.0,0.00
1765406825.217626,3,128,11,1765406825217,1765406825217,0,26.52,0.0000,0.0,0.00
1765406825.259993,3,129,12,1765406825259,1765406825259,0,26.28,0.0000,0.0,0.00
1765406825.301987,3,130,14,1765406825301,1765406825301,0,25.69,0.0000,0.0,0.00
1765406825.352698,3,131,15,1765406825351,1765406825351,0,25.58,0.0000,0.0,0.00
1765406825.384432,3,132,16,1765406825384,1765406825384,0,24.00,0.0000,0.0,0.00
1765406825.425951,3,133,17,1765406825425,1765406825425,0,23.08,0.0000,0.0,0.00
1765406825.468312,3,134,18,1765406825468,1765406825468,0,22.29,0.0000,0.0,0.00
1765406825.510455,3,135,19,1765406825510,1765406825510,0,21.47,0.0000,0.0,0.00
1765406825.554813,3,136,20,1765406825552,1765406825554,2,20.76,0.0000,0.0,0.00
1765406825.594378,3,137,21,1765406825594,1765406825594,0,19.93,0.0000,0.0,0.00
1765406825.637473,3,138,22,1765406825636,1765406825637,1,19.25,0.0000,0.0,0.00
1765406825.678793,3,139,23,1765406825678,1765406825678,0,18.54,0.0000,0.0,0.00
1765406825.719813,3,140,24,1765406825719,1765406825719,0,17.90,0.0000,0.0,0.00
1765406825.761684,3,141,25,1765406825761,1765406825761,0,17.34,0.0000,0.0,0.00
1765406825.835702,3,142,26,1765406825835,1765406825835,0,17.66,0.0000,0.0,0.00
1765406825.877838,3,143,27,1765406825877,1765406825877,0,17.08,0.0000,0.0,0.00
1765406825.925496,3,144,29,1765406825921,1765406825925,4,16.67,0.0000,0.0,0.00
1765406825.954049,3,145,30,1765406825953,1765406825953,0,16.47,0.0000,0.0,0.00
1765406825.996272,3,146,31,1765406825996,1765406825996,0,16.01,0.0000,0.0,0.00
1765406826.043106,3,147,32,1765406826038,1765406826043,5,15.66,0.0000,0.0,0.00
1765406826.081465,3,148,33,1765406826080,1765406826080,0,15.13,0.0000,0.0,0.00
1765406826.127069,3,149,34,1765406826123,1765406826123,0,14.74,0.0000,0.0,0.00
1765406826.165310,3,150,35,1765406826165,1765406826165,0,14.35,0.0000,0.0,0.00
1765406826.207936,3,151,36,1765406826207,1765406826207,0,13.99,0.0000,0.0,0.00
1765406826.249727,3,152,37,1765406826249,1765406826249,0,13.65,0.0000,0.0,0.00
1765406826.293353,3,153,38,1765406826291,1765406826293,2,13.35,0.0000,0.0,0.00
1765406826.334063,3,154,39,1765406826334,1765406826334,0,13.02,0.0000,0.0,0.00
1765406826.376283,3,155,41,1765406826376,1765406826376,0,12.72,0.0000,0.0,0.00
1765406826.418722,3,156,42,1765406826418,1765406826418,0,12.44,0.0000,0.0,0.00
1765406826.460619,3,157,43,1765406826460,1765406826460,0,12.16,0.0000,0.0,0.00
1765406826.503073,3,158,44,1765406826503,1765406826503,0,11.91,0.0000,0.0,0.00
1765406826.544916,3,159,45,1765406826544,1765406826544,0,11.64,0.0000,0.0,0.00
1765406826.591140,3,160,46,1765406826587,1765406826591,4,11.46,0.0000,0.0,0.00
1765406826.630447,3,161,47,1765406826629,1765406826629,0,11.20,0.0000,0.0,0.00
1765406826.672736,3,162,48,1765406826671,1765406826672,1,10.99,0.0000,0.0,0.00
1765406826.713652,3,163,49,1765406826713,1765406826713,0,10.76,0.0000,0.0,0.00
1765406826.756727,3,164,50,1765406826756,1765406826756,0,10.57,0.0000,0.0,0.00
1765406826.800030,3,165,51,1765406826800,1765406826800,0,10.39,0.0000,0.0,0.00
1765406826.841931,3,166,52,1765406826841,1765406826841,0,10.19,0.0000,0.0,0.00
1765406826.883436,3,167,53,1765406826883,1765406826883,0,10.01,0.0000,0.0,0.00
1765406826.925663,3,168,54,1765406826925,1765406826925,0,9.83,0.0000,0.0,0.00
1765406826.970840,3,169,55,1765406826967,1765406826970,3,9.68,0.0000,0.0,0.00
1765406827.009632,3,170,56,1765406827009,1765406827009,0,9.49,0.0000,0.0,0.00
1765406827.054901,3,171,57,1765406827051,1765406827054,3,9.36,0.0000,0.0,0.00
1765406827.093598,3,172,58,1765406827093,1765406827093,0,9.19,0.0000,0.0,0.00
1765406827.138456,3,173,59,1765406827135,1765406827137,2,9.06,0.0000,0.0,0.00
1765406827.178356,3,174,61,1765406827178,1765406827178,0,8.91,0.0000,0.0,0.00
1765406827.220840,3,175,62,1765406827220,1765406827220,0,8.78,0.0000,0.0,0.00
1765406827.263608,3,176,63,1765406827263,1765406827263,0,8.65,0.0000,0.0,0.00
1765406827.305035,3,177,64,1765406827305,1765406827305,0,8.52,0.0000,0.0,0.00
1765406827.347220,3,178,65,1765406827347,1765406827347,0,8.40,0.0000,0.0,0.00
1765406827.389495,3,179,66,1765406827389,1765406827389,0,8.28,0.0000,0.0,0.00
1765406827.431213,3,180,67,1765406827431,1765406827431,0,7.25,0.0000,0.0,0.00
1765406827.472950,3,181,68,1765406827472,1765406827472,0,6.21,0.0000,0.0,0.00
1765406827.515035,3,182,69,1765406827515,1765406827515,0,5.30,0.0000,0.0,0.00
1765406827.556907,3,183,70,1765406827556,1765406827556,0,4.54,0.0000,0.0,0.00
1765406827.599228,3,184,71,1765406827599,1765406827599,0,3.71,0.0000,0.0,0.00
1765406827.643646,3,185,73,1765406827642,1765406827642,0,2.79,0.0000,0.0,0.00
1765406827.685935,3,186,74,1765406827684,1765406827684,0,2.36,0.0000,0.0,0.00
1765406827.728518,3,187,75,1765406827728,1765406827728,0,2.34,0.0000,0.0,0.00
1765406827.770257,3,188,76,1765406827770,1765406827770,0,2.34,0.0000,0.0,0.00
1765406827.812847,3,189,77,1765406827812,1765406827812,0,2.34,0.0000,0.0,0.00
1765406827.855142,3,190,78,1765406827855,1765406827855,0,2.35,0.0000,0.0,0.00
1765406827.897419,3,191,79,1765406827897,1765406827897,0,2.20,0.0000,0.0,0.00
1765406827.939127,3,192,80,1765406827939,1765406827939,0,2.09,0.0000,0.0,0.00
1765406827.984569,3,193,81,1765406827980,1765406827984,4,2.11,0.0000,0.0,0.00
1765406828.022759,3,194,82,1765406828022,1765406828022,0,2.17,0.0000,0.0,0.00
1765406828.067482,3,195,83,1765406828064,1765406828066,2,2.19,0.0000,0.0,0.00
1765406828.106649,3,196,84,1765406828106,1765406828106,0,2.19,0.0000,0.0,0.00
1765406828.151193,3,197,85,1765406828150,1765406828150,0,2.19,0.0000,0.0,0.00
1765406828.192257,3,198,86,1765406828192,1765406828192,0,2.19,0.0000,0.0,0.00
1765406828.234487,3,199,87,1765406828234,1765406828234,0,2.17,0.0000,0.0,0.00
1765406828.276363,3,200,88,1765406828276,1765406828276,0,2.16,0.0000,0.0,0.00
1765406828.319232,3,201,89,1765406828318,1765406828318,0,2.16,0.0000,0.0,0.00
1765406828.364024,3,202,90,1765406828361,1765406828364,3,1.58,0.0000,0.0,0.00
1765406828.398771,3,203,91,1765406828397,1765406828398,1,1.69,0.0000,0.0,0.00
1765406828.438905,3,204,92,1765406828438,1765406828438,0,1.67,0.0000,0.0,0.00
1765406828.483638,3,205,93,1765406828480,1765406828483,3,1.47,0.0000,0.0,0.00
1765406828.522818,3,206,94,1765406828522,1765406828522,0,1.49,0.0000,0.0,0.00
1765406828.567748,3,207,95,1765406828565,1765406828567,2,1.45,0.0000,0.0,0.00
1765406828.608981,3,208,96,1765406828608,1765406828608,0,1.40,0.0000,0.0,0.00
1765406828.651428,3,209,97,1765406828651,1765406828651,0,1.40,0.0000,0.0,0.00
1765406828.697072,3,210,98,1765406828694,1765406828697,3,1.48,0.0000,0.0,0.00
1765406828.736680,3,211,99,1765406828736,1765406828736,0,1.52,0.0000,0.0,0.00
1765406828.779181,3,212,100,1765406828779,1765406828779,0,1.53,0.0000,0.0,0.00
1765406828.821345,3,213,101,1765406828821,1765406828821,0,1.50,0.0000,0.0,0.00
1765406828.863864,3,214,102,1765406828863,1765406828863,0,1.48,0.0000,0.0,0.00
1765406828.906643,3,215,104,1765406828906,1765406828906,0,1.50,0.0000,0.0,0.00
1765406828.950773,3,216,106,1765406828950,1765406828950,0,1.53,0.0000,0.0,0.00
1765406828.995891,3,217,107,1765406828992,1765406828995,3,1.58,0.0000,0.0,0.00
1765406829.035239,3,218,108,1765406829035,1765406829035,0,1.60,0.0000,0.0,0.00
1765406829.077658,3,219,109,1765406829077,1765406829077,0,1.59,0.0000,0.0,0.00
1765406829.120041,3,220,110,1765406829119,1765406829119,0,1.49,0.0000,0.0,0.00
1765406829.161530,3,221,112,1765406829161,1765406829161,0,1.44,0.0000,0.0,0.00
1765406829.204412,3,222,114,1765406829203,1765406829203,0,1.43,0.0000,0.0,0.00
1765406829.246269,3,223,115,1765406829246,1765406829246,0,1.43,0.0000,0.0,0.00
1765406829.287738,3,224,116,1765406829287,1765406829287,0,1.43,0.0000,0.0,0.00
1765406829.330698,3,225,117,1765406829330,1765406829330,0,1.41,0.0000,0.0,0.00
1765406829.377460,3,226,118,1765406829372,1765406829377,5,1.49,0.0000,0.0,0.00
1765406829.415311,3,227,119,1765406829415,1765406829415,0,1.54,0.0000,0.0,0.00
1765406829.460467,3,228,120,1765406829457,1765406829460,3,1.59,0.0000,0.0,0.00
1765406829.499278,3,229,121,1765406829499,1765406829499,0,1.58,0.0000,0.0,0.00
1765406829.541951,3,230,122,1765406829541,1765406829541,0,1.54,0.0000,0.0,0.00
1765406829.583768,3,231,123,1765406829583,1765406829583,0,1.48,0.0000,0.0,0.00
1765406829.626518,3,232,124,1765406829626,1765406829626,0,1.46,0.0000,0.0,0.00
1765406829.667989,3,233,125,1765406829667,1765406829667,0,1.44,0.0000,0.0,0.00
1765406829.710203,3,234,126,1765406829710,1765406829710,0,1.44,0.0000,0.0,0.00
1765406829.756661,3,235,127,1765406829752,1765406829755,3,1.49,0.0000,0.0,0.00
1765406829.794788,3,236,128,1765406829794,1765406829794,0,1.52,0.0000,0.0,0.00
1765406829.838078,3,237,129,1765406829836,1765406829838,2,1.55,0.0000,0.0,0.00
1765406829.879084,3,238,130,1765406829879,1765406829879,0,1.57,0.0000,0.0,0.00
1765406829.920678,3,239,131,1765406829920,1765406829920,0,1.58,0.0000,0.0,0.00
1765406829.964139,3,240,132,1765406829964,1765406829964,0,1.61,0.0000,0.0,0.00
1765406830.006309,3,241,133,1765406830006,1765406830006,0,1.60,0.0000,0.0,0.00
1765406830.048373,3,242,134,1765406830048,1765406830048,0,1.59,0.0000,0.0,0.00
1765406830.091077,3,243,135,1765406830091,1765406830091,0,1.58,0.0000,0.0,0.00
1765406830.132552,3,244,136,1765406830132,1765406830132,0,1.59,0.0000,0.0,0.00
1765406830.174062,3,245,137,1765406830174,1765406830174,0,1.57,0.0000,0.0,0.00
1765406830.219979,3,246,138,1765406830216,1765406830219,3,1.62,0.0000,0.0,0.00
1765406830.258780,3,247,140,1765406830258,1765406830258,0,1.63,0.0000,0.0,0.00
1765406830.302859,3,248,141,1765406830300,1765406830302,2,1.67,0.0000,0.0,0.00
1765406830.343197,3,249,142,1765406830343,1765406830343,0,1.68,0.0000,0.0,0.00
1765406830.385666,3,250,143,1765406830385,1765406830385,0,1.67,0.0000,0.0,0.00
1765406830.428180,3,251,144,1765406830428,1765406830428,0,1.68,0.0000,0.0,0.00
1765406830.471581,3,252,145,1765406830470,1765406830470,0,1.68,0.0000,0.0,0.00
1765406830.513054,3,253,146,1765406830513,1765406830513,0,1.64,0.0000,0.0,0.00
1765406830.555427,3,254,147,1765406830555,1765406830555,0,1.59,0.0000,0.0,0.00
1765406830.598301,3,255,148,1765406830598,1765406830598,0,1.57,0.0000,0.0,0.00
1765406830.640152,3,256,149,1765406830640,1765406830640,0,1.54,0.0000,0.0,0.00
1765406830.685732,3,257,150,1765406830682,1765406830685,3,1.56,0.0000,0.0,0.00
1765406830.724090,3,258,151,1765406830724,1765406830724,0,1.60,0.0000,0.0,0.00
1765406830.768145,3,259,152,1765406830766,1765406830768,2,1.63,0.0000,0.0,0.00
1765406830.808103,3,260,153,1765406830808,1765406830808,0,1.66,0.0000,0.0,0.00
1765406830.850280,3,261,154,1765406830850,1765406830850,0,1.66,0.0000,0.0,0.00
1765406830.893016,3,262,155,1765406830893,1765406830893,0,1.60,0.0000,0.0,0.00
1765406830.935349,3,263,156,1765406830935,1765406830935,0,1.49,0.0000,0.0,0.00
1765406830.978390,3,264,157,1765406830977,1765406830977,0,1.46,0.0000,0.0,0.00
1765406831.020664,3,265,158,1765406831020,1765406831020,0,1.42,0.0000,0.0,0.00
1765406831.064630,3,266,159,1765406831062,1765406831064,2,1.40,0.0000,0.0,0.00
1765406831.104297,3,267,160,1765406831104,1765406831104,0,1.39,0.0000,0.0,0.00
1765406831.147862,3,268,161,1765406831146,1765406831147,1,1.38,0.0000,0.0,0.00
1765406831.189076,3,269,163,1765406831189,1765406831189,0,1.37,0.0000,0.0,0.00
1765406831.231182,3,270,164,1765406831231,1765406831231,0,1.31,0.0000,0.0,0.00
1765406831.273731,3,271,165,1765406831273,1765406831273,0,1.26,0.0000,0.0,0.00
1765406831.314953,3,272,166,1765406831314,1765406831314,0,1.27,0.0000,0.0,0.00
1765406831.357406,3,273,167,1765406831357,1765406831357,0,1.28,0.0000,0.0,0.00
1765406831.399141,3,274,168,1765406831399,1765406831399,0,1.28,0.0000,0.0,0.00
1765406831.441065,3,275,169,1765406831441,1765406831441,0,1.27,0.0000,0.0,0.00
1765406831.483480,3,276,170,1765406831482,1765406831482,0,1.25,0.0000,0.0,0.00
1765406831.524431,3,277,171,1765406831524,1765406831524,0,1.19,0.0000,0.0,0.00
1765406831.566358,3,278,172,1765406831566,1765406831566,0,1.17,0.0000,0.0,0.00
1765406831.608341,3,279,173,1765406831608,1765406831608,0,1.17,0.0000,0.0,0.00
1765406831.651483,3,280,174,1765406831650,1765406831651,1,1.18,0.0000,0.0,0.00
1765406831.692408,3,281,175,1765406831692,1765406831692,0,1.19,0.0000,0.0,0.00
1765406831.734434,3,282,176,1765406831734,1765406831734,0,1.19,0.0000,0.0,0.00
1765406831.776903,3,283,177,1765406831776,1765406831776,0,1.18,0.0000,0.0,0.00
1765406831.819151,3,284,178,1765406831819,1765406831819,0,1.18,0.0000,0.0,0.00
1765406831.862252,3,285,179,1765406831861,1765406831861,0,1.17,0.0000,0.0,0.00
1765406831.904566,3,286,180,1765406831904,1765406831904,0,1.08,0.0000,0.0,0.00
1765406831.949161,3,287,181,1765406831946,1765406831949,3,1.09,0.0000,0.0,0.00
1765406831.989671,3,288,183,1765406831989,1765406831989,0,1.06,0.0000,0.0,0.00
1765406832.032136,3,289,184,1765406832032,1765406832032,0,1.03,0.0000,0.0,0.00
1765406832.074481,3,290,185,1765406832074,1765406832074,0,1.03,0.0000,0.0,0.00
1765406832.117176,3,291,186,1765406832117,1765406832117,0,1.05,0.0000,0.0,0.00
1765406832.159518,3,292,187,1765406832159,1765406832159,0,1.03,0.0000,0.0,0.00
1765406832.202331,3,293,188,1765406832202,1765406832202,0,1.03,0.0000,0.0,0.00
1765406832.247950,3,294,189,1765406832244,1765406832247,3,1.07,0.0000,0.0,0.00
1765406832.287302,3,295,190,1765406832286,1765406832286,0,1.06,0.0000,0.0,0.00
1765406832.329962,3,296,191,1765406832329,1765406832329,0,1.03,0.0000,0.0,0.00
1765406832.372035,3,297,192,1765406832371,1765406832371,0,1.00,0.0000,0.0,0.00
1765406832.412912,3,298,193,1765406832412,1765406832412,0,1.00,0.0000,0.0,0.00
1765406832.455724,3,299,194,1765406832454,1765406832454,0,0.99,0.0000,0.0,0.00
1765406832.496980,3,300,195,1765406832496,1765406832496,0,0.95,0.0000,0.0,0.00
1765406832.538273,3,301,196,1765406832538,1765406832538,0,0.95,0.0000,0.0,0.00
1765406832.581952,3,302,197,1765406832580,1765406832580,0,0.95,0.0000,0.0,0.00
1765406832.622579,3,303,198,1765406832622,1765406832622,0,0.94,0.0000,0.0,0.00
1765406832.666173,3,304,199,1765406832663,1765406832666,3,0.96,0.0000,0.0,0.00
1765406832.705973,3,305,200,1765406832705,1765406832705,0,1.00,0.0000,0.0,0.00
1765406832.748348,3,306,201,1765406832747,1765406832748,1,0.96,0.0000,0.0,0.00
1765406832.789425,3,307,202,1765406832789,1765406832789,0,0.93,0.0000,0.0,0.00
1765406832.833246,3,308,203,1765406832831,1765406832833,2,0.93,0.0000,0.0,0.00
1765406832.873691,3,309,204,1765406832873,1765406832873,0,0.94,0.0000,0.0,0.00
1765406832.914886,3,310,205,1765406832914,1765406832914,0,0.96,0.0000,0.0,0.00
1765406832.957009,3,311,207,1765406832957,1765406832957,0,0.96,0.0000,0.0,0.00
1765406832.999157,3,312,208,1765406832999,1765406832999,0,0.96,0.0000,0.0,0.00
1765406833.044437,3,313,209,1765406833041,1765406833044,3,1.00,0.0000,0.0,0.00
1765406833.083505,3,314,210,1765406833082,1765406833082,0,1.05,0.0000,0.0,0.00
1765406833.127410,3,315,211,1765406833124,1765406833127,3,1.09,0.0000,0.0,0.00
1765406833.167613,3,316,212,1765406833167,1765406833167,0,1.11,0.0000,0.0,0.00
1765406833.212262,3,317,214,1765406833209,1765406833211,2,1.09,0.0000,0.0,0.00
1765406833.250950,3,318,215,1765406833250,1765406833250,0,1.09,0.0000,0.0,0.00
1765406833.294104,3,319,216,1765406833292,1765406833294,2,1.09,0.0000,0.0,0.00
1765406833.334881,3,320,217,1765406833334,1765406833334,0,1.09,0.0000,0.0,0.00
1765406833.378622,3,321,218,1765406833377,1765406833378,1,1.13,0.0000,0.0,0.00
1765406833.419199,3,322,219,1765406833419,1765406833419,0,1.13,0.0000,0.0,0.00
1765406833.461190,3,323,220,1765406833461,1765406833461,0,1.13,0.0000,0.0,0.00
1765406833.503332,3,324,221,1765406833503,1765406833503,0,1.13,0.0000,0.0,0.00
1765406833.546213,3,325,222,1765406833546,1765406833546,0,1.13,0.0000,0.0,0.00
1765406833.588609,3,326,223,1765406833588,1765406833588,0,1.09,0.0000,0.0,0.00
1765406833.630538,3,327,224,1765406833630,1765406833630,0,1.06,0.0000,0.0,0.00
1765406833.672365,3,328,225,1765406833672,1765406833672,0,1.04,0.0000,0.0,0.00
1765406833.713873,3,329,226,1765406833713,1765406833713,0,1.06,0.0000,0.0,0.00
1765406833.756853,3,330,227,1765406833756,1765406833756,0,1.08,0.0000,0.0,0.00
1765406833.798904,3,331,228,1765406833798,1765406833798,0,1.08,0.0000,0.0,0.00
1765406833.841089,3,332,229,1765406833841,1765406833841,0,1.08,0.0000,0.0,0.00
1765406833.882463,3,333,230,1765406833882,1765406833882,0,1.08,0.0000,0.0,0.00
1765406833.924177,3,334,231,1765406833924,1765406833924,0,1.08,0.0000,0.0,0.00
1765406833.966574,3,335,232,1765406833966,1765406833966,0,1.08,0.0000,0.0,0.00
1765406834.008020,3,336,233,1765406834008,1765406834008,0,1.06,0.0000,0.0,0.00
1765406834.050860,3,337,235,1765406834050,1765406834050,0,1.06,0.0000,0.0,0.00
1765406834.093488,3,338,236,1765406834092,1765406834092,0,1.06,0.0000,0.0,0.00
1765406834.134034,3,339,237,1765406834134,1765406834134,0,1.06,0.0000,0.0,0.00
1765406834.180180,3,340,238,1765406834176,1765406834180,4,1.13,0.0000,0.0,0.00
1765406834.219041,3,341,239,1765406834219,1765406834219,0,1.15,0.0000,0.0,0.00
1765406834.264264,3,342,240,1765406834261,1765406834264,3,1.21,0.0000,0.0,0.00
1765406834.304481,3,343,241,1765406834304,1765406834304,0,1.24,0.0000,0.0,0.00
1765406834.348088,3,344,242,1765406834347,1765406834348,1,1.26,0.0000,0.0,0.00
1765406834.390353,3,345,243,1765406834390,1765406834390,0,1.26,0.0000,0.0,0.00
1765406834.431809,3,346,244,1765406834431,1765406834431,0,1.25,0.0000,0.0,0.00
1765406834.473681,3,347,245,1765406834473,1765406834473,0,1.19,0.0000,0.0,0.00
1765406834.516463,3,348,246,1765406834515,1765406834515,0,1.17,0.0000,0.0,0.00
1765406834.558280,3,349,247,1765406834558,1765406834558,0,1.17,0.0000,0.0,0.00
1765406834.600851,3,350,248,1765406834600,1765406834600,0,1.17,0.0000,0.0,0.00
1765406834.642368,3,351,249,1765406834642,1765406834642,0,1.15,0.0000,0.0,0.00
1765406834.684308,3,352,250,1765406834684,1765406834684,0,1.15,0.0000,0.0,0.00
1765406834.726726,3,353,251,1765406834726,1765406834726,0,1.13,0.0000,0.0,0.00
1765406834.769163,3,354,252,1765406834769,1765406834769,0,1.08,0.0000,0.0,0.00
1765406834.811662,3,355,253,1765406834811,1765406834811,0,1.05,0.0000,0.0,0.00
1765406834.853894,3,356,254,1765406834853,1765406834853,0,1.03,0.0000,0.0,0.00
1765406834.896159,3,357,255,1765406834896,1765406834896,0,1.05,0.0000,0.0,0.00
1765406834.938350,3,358,256,1765406834938,1765406834938,0,1.04,0.0000,0.0,0.00
1765406834.984466,3,359,257,1765406834980,1765406834984,4,1.13,0.0000,0.0,0.00
1765406835.024294,3,360,259,1765406835024,1765406835024,0,1.15,0.0000,0.0,0.00
1765406835.066965,3,361,260,1765406835066,1765406835066,0,1.15,0.0000,0.0,0.00
1765406835.108784,3,362,261,1765406835108,1765406835108,0,1.15,0.0000,0.0,0.00
1765406835.153358,3,363,262,1765406835153,1765406835153,0,1.21,0.0000,0.0,0.00
1765406835.197439,3,364,264,1765406835195,1765406835197,2,1.21,0.0000,0.0,0.00
1765406835.238770,3,365,265,1765406835238,1765406835238,0,1.19,0.0000,0.0,0.00
1765406835.282098,3,366,266,1765406835281,1765406835282,1,1.21,0.0000,0.0,0.00
1765406835.332350,3,367,267,1765406835331,1765406835332,1,1.36,0.0000,0.0,0.00
1765406835.375012,3,368,268,1765406835375,1765406835375,0,1.34,0.0000,0.0,0.00
1765406835.421285,3,369,269,1765406835417,1765406835421,4,1.39,0.0000,0.0,0.00
1765406835.459314,3,370,270,1765406835459,1765406835459,0,1.43,0.0000,0.0,0.00
1765406835.503489,3,371,271,1765406835501,1765406835503,2,1.45,0.0000,0.0,0.00
1765406835.543698,3,372,272,1765406835543,1765406835543,0,1.47,0.0000,0.0,0.00
1765406835.586987,3,373,273,1765406835585,1765406835585,0,1.42,0.0000,0.0,0.00
1765406835.627864,3,374,274,1765406835627,1765406835627,0,1.37,0.0000,0.0,0.00
1765406835.669979,3,375,275,1765406835669,1765406835669,0,1.32,0.0000,0.0,0.00
1765406835.712744,3,376,276,1765406835712,1765406835712,0,1.31,0.0000,0.0,0.00
1765406835.754521,3,377,277,1765406835754,1765406835754,0,1.28,0.0000,0.0,0.00
1765406835.797025,3,378,278,1765406835797,1765406835797,0,1.25,0.0000,0.0,0.00
1765406835.839346,3,379,279,1765406835839,1765406835839,0,1.22,0.0000,0.0,0.00
1765406835.882594,3,380,280,1765406835881,1765406835882,1,1.21,0.0000,0.0,0.00
1765406835.924322,3,381,281,1765406835923,1765406835923,0,1.19,0.0000,0.0,0.00
1765406835.967107,3,382,282,1765406835965,1765406835967,2,1.21,0.0000,0.0,0.00
1765406836.007661,3,383,283,1765406836007,1765406836007,0,1.23,0.0000,0.0,0.00
1765406836.049654,3,384,284,1765406836049,1765406836049,0,1.23,0.0000,0.0,0.00
1765406836.091635,3,385,285,1765406836091,1765406836091,0,1.22,0.0000,0.0,0.00
1765406836.133746,3,386,286,1765406836133,1765406836133,0,1.22,0.0000,0.0,0.00
1765406836.175993,3,387,287,1765406836175,1765406836175,0,1.22,0.0000,0.0,0.00
1765406836.217693,3,388,288,1765406836217,1765406836217,0,1.22,0.0000,0.0,0.00
1765406836.260615,3,389,289,1765406836260,1765406836260,0,1.22,0.0000,0.0,0.00
1765406836.302285,3,390,290,1765406836302,1765406836302,0,1.21,0.0000,0.0,0.00
1765406836.345821,3,391,291,1765406836344,1765406836344,0,1.21,0.0000,0.0,0.00
1765406836.387127,3,392,292,1765406836387,1765406836387,0,1.21,0.0000,0.0,0.00
1765406836.429575,3,393,293,1765406836429,1765406836429,0,1.20,0.0000,0.0,0.00
1765406836.471712,3,394,294,1765406836471,1765406836471,0,1.20,0.0000,0.0,0.00
1765406836.513754,3,395,295,1765406836513,1765406836513,0,1.20,0.0000,0.0,0.00
1765406836.556479,3,396,296,1765406836556,1765406836556,0,1.21,0.0000,0.0,0.00
1765406836.598692,3,397,297,1765406836598,1765406836598,0,1.21,0.0000,0.0,0.00
1765406836.641008,3,398,298,1765406836641,1765406836641,0,1.21,0.0000,0.0,0.00
1765406836.683008,3,399,299,1765406836683,1765406836683,0,1.21,0.0000,0.0,0.00
1765406836.725926,3,400,300,1765406836725,1765406836725,0,1.14,0.0000,0.0,0.00
1765406836.767520,3,401,301,1765406836767,1765406836767,0,1.11,0.0000,0.0,0.00
1765406836.809645,3,402,302,1765406836809,1765406836809,0,1.06,0.0000,0.0,0.00
1765406836.850939,3,403,303,1765406836850,1765406836850,0,1.04,0.0000,0.0,0.00
1765406836.895426,3,404,304,1765406836893,1765406836895,2,1.07,0.0000,0.0,0.00
1765406836.934569,3,405,305,1765406836934,1765406836934,0,1.10,0.0000,0.0,0.00
1765406836.979205,3,406,306,1765406836976,1765406836979,3,1.14,0.0000,0.0,0.00
1765406837.019329,3,407,307,1765406837019,1765406837019,0,1.16,0.0000,0.0,0.00
1765406837.061219,3,408,308,1765406837061,1765406837061,0,1.16,0.0000,0.0,0.00
1765406837.103537,3,409,309,1765406837103,1765406837103,0,1.16,0.0000,0.0,0.00
1765406837.146133,3,410,310,1765406837146,1765406837146,0,1.16,0.0000,0.0,0.00
1765406837.187668,3,411,311,1765406837187,1765406837187,0,1.17,0.0000,0.0,0.00
1765406837.230694,3,412,313,1765406837230,1765406837230,0,1.18,0.0000,0.0,0.00
1765406837.277005,3,413,314,1765406837273,1765406837273,0,1.19,0.0000,0.0,0.00
1765406837.315404,3,414,315,1765406837315,1765406837315,0,1.18,0.0000,0.0,0.00
1765406837.424270,3,415,316,1765406837423,1765406837424,1,2.76,0.0000,0.0,0.00
1765406837.472769,3,416,317,1765406837466,1765406837472,6,2.87,0.0000,0.0,0.00
1765406837.508920,3,417,319,1765406837508,1765406837508,0,2.92,0.0000,0.0,0.00
1765406837.551549,3,418,320,1765406837551,1765406837551,0,2.91,0.0000,0.0,0.00
1765406837.593620,3,419,321,1765406837593,1765406837593,0,2.86,0.0000,0.0,0.00
1765406837.636036,3,420,322,1765406837636,1765406837636,0,2.84,0.0000,0.0,0.00
1765406837.681161,3,421,323,1765406837678,1765406837681,3,2.87,0.0000,0.0,0.00
1765406837.720494,3,422,324,1765406837720,1765406837720,0,2.89,0.0000,0.0,0.00
1765406837.763066,3,423,325,1765406837763,1765406837763,0,2.85,0.0000,0.0,0.00
1765406837.804719,3,424,326,1765406837804,1765406837804,0,2.85,0.0000,0.0,0.00
1765406837.851050,3,425,327,1765406837847,1765406837851,4,2.93,0.0000,0.0,0.00
1765406837.889662,3,426,328,1765406837889,1765406837889,0,2.95,0.0000,0.0,0.00
1765406837.935689,3,427,329,1765406837931,1765406837934,3,2.81,0.0000,0.0,0.00
1765406837.974666,3,428,330,1765406837974,1765406837974,0,2.83,0.0000,0.0,0.00
1765406838.017905,3,429,331,1765406838017,1765406838017,0,2.75,0.0000,0.0,0.00
1765406838.061173,3,430,333,1765406838060,1765406838060,0,2.73,0.0000,0.0,0.00
1765406838.104133,3,431,334,1765406838103,1765406838103,0,2.71,0.0000,0.0,0.00
1765406838.145709,3,432,335,1765406838145,1765406838145,0,2.70,0.0000,0.0,0.00
1765406838.187988,3,433,336,1765406838187,1765406838187,0,2.70,0.0000,0.0,0.00
1765406838.233630,3,434,337,1765406838230,1765406838233,3,2.77,0.0000,0.0,0.00
1765406838.271903,3,435,338,1765406838271,1765406838271,0,2.79,0.0000,0.0,0.00
1765406838.316939,3,436,339,1765406838314,1765406838316,2,2.83,0.0000,0.0,0.00
1765406838.356687,3,437,340,1765406838356,1765406838356,0,2.84,0.0000,0.0,0.00
1765406838.399452,3,438,341,1765406838398,1765406838399,1,2.84,0.0000,0.0,0.00
1765406838.440469,3,439,342,1765406838440,1765406838440,0,2.85,0.0000,0.0,0.00
1765406838.483292,3,440,343,1765406838482,1765406838483,1,2.85,0.0000,0.0,0.00
1765406838.524477,3,441,344,1765406838524,1765406838524,0,2.85,0.0000,0.0,0.00
1765406838.567570,3,442,345,1765406838567,1765406838567,0,2.83,0.0000,0.0,0.00
1765406838.609126,3,443,346,1765406838609,1765406838609,0,2.82,0.0000,0.0,0.00
1765406838.651505,3,444,347,1765406838651,1765406838651,0,2.82,0.0000,0.0,0.00
1765406838.693351,3,445,348,1765406838693,1765406838693,0,2.82,0.0000,0.0,0.00
1765406838.736450,3,446,349,1765406838736,1765406838736,0,2.82,0.0000,0.0,0.00
1765406838.778207,3,447,350,1765406838778,1765406838778,0,2.82,0.0000,0.0,0.00
1765406838.820720,3,448,351,1765406838820,1765406838820,0,2.82,0.0000,0.0,0.00
1765406838.866453,3,449,352,1765406838862,1765406838866,4,2.89,0.0000,0.0,0.00
1765406838.904500,3,450,353,1765406838904,1765406838904,0,2.91,0.0000,0.0,0.00
1765406838.948575,3,451,354,1765406838947,1765406838948,1,2.92,0.0000,0.0,0.00
1765406838.990360,3,452,355,1765406838990,1765406838990,0,2.93,0.0000,0.0,0.00
1765406839.033981,3,453,356,1765406839032,1765406839032,0,2.93,0.0000,0.0,0.00
1765406839.074709,3,454,357,1765406839074,1765406839074,0,2.93,0.0000,0.0,0.00
1765406839.116949,3,455,358,1765406839116,1765406839116,0,2.93,0.0000,0.0,0.00
1765406839.159800,3,456,359,1765406839159,1765406839159,0,2.93,0.0000,0.0,0.00
1765406839.201091,3,457,361,1765406839201,1765406839201,0,2.93,0.0000,0.0,0.00
1765406839.243341,3,458,362,1765406839243,1765406839243,0,2.93,0.0000,0.0,0.00
1765406839.285817,3,459,363,1765406839285,1765406839285,0,2.93,0.0000,0.0,0.00
1765406839.321475,3,460,365,1765406839321,1765406839321,0,2.97,0.0000,0.0,0.00
1765406839.368224,3,461,366,1765406839363,1765406839368,5,3.06,0.0000,0.0,0.00
1765406839.406219,3,462,367,1765406839406,1765406839406,0,3.09,0.0000,0.0,0.00
1765406839.449165,3,463,368,1765406839448,1765406839449,1,3.07,0.0000,0.0,0.00
1765406839.490707,3,464,369,1765406839490,1765406839490,0,3.04,0.0000,0.0,0.00
1765406839.533574,3,465,370,1765406839532,1765406839533,1,3.02,0.0000,0.0,0.00
1765406839.575604,3,466,371,1765406839575,1765406839575,0,2.98,0.0000,0.0,0.00
1765406839.617816,3,467,372,1765406839617,1765406839617,0,2.97,0.0000,0.0,0.00
1765406839.664130,3,468,373,1765406839660,1765406839664,4,3.06,0.0000,0.0,0.00
1765406839.702666,3,469,374,1765406839702,1765406839702,0,3.08,0.0000,0.0,0.00
1765406839.744732,3,470,375,1765406839744,1765406839744,0,3.09,0.0000,0.0,0.00
1765406839.787171,3,471,376,1765406839787,1765406839787,0,3.08,0.0000,0.0,0.00
1765406839.829272,3,472,377,1765406839829,1765406839829,0,3.08,0.0000,0.0,0.00
1765406839.871156,3,473,378,1765406839871,1765406839871,0,3.09,0.0000,0.0,0.00
1765406839.913993,3,474,379,1765406839913,1765406839913,0,3.09,0.0000,0.0,0.00
1765406839.959223,3,475,380,1765406839955,1765406839959,4,1.73,0.0000,0.0,0.00
1765406839.997162,3,476,381,1765406839997,1765406839997,0,1.67,0.0000,0.0,0.00
1765406840.041702,3,477,382,1765406840039,1765406840041,2,1.62,0.0000,0.0,0.00
1765406840.081903,3,478,383,1765406840081,1765406840081,0,1.63,0.0000,0.0,0.00
1765406840.125777,3,479,384,1765406840123,1765406840125,2,1.67,0.0000,0.0,0.00
1765406840.165496,3,480,385,1765406840165,1765406840165,0,1.68,0.0000,0.0,0.00
1765406840.208035,3,481,386,1765406840208,1765406840208,0,1.64,0.0000,0.0,0.00
1765406840.251220,3,482,387,1765406840250,1765406840251,1,1.61,0.0000,0.0,0.00
1765406840.293323,3,483,388,1765406840293,1765406840293,0,1.60,0.0000,0.0,0.00
1765406840.337642,3,484,389,1765406840334,1765406840337,3,1.62,0.0000,0.0,0.00
1765406840.377132,3,485,390,1765406840377,1765406840377,0,1.55,0.0000,0.0,0.00
1765406840.421838,3,486,391,1765406840418,1765406840421,3,1.53,0.0000,0.0,0.00
1765406840.460236,3,487,392,1765406840460,1765406840460,0,1.52,0.0000,0.0,0.00
1765406840.506681,3,488,393,1765406840502,1765406840506,4,1.57,0.0000,0.0,0.00
1765406840.544672,3,489,395,1765406840544,1765406840544,0,1.61,0.0000,0.0,0.00
1765406840.589726,3,490,396,1765406840587,1765406840587,0,1.61,0.0000,0.0,0.00
1765406840.630679,3,491,397,1765406840630,1765406840630,0,1.61,0.0000,0.0,0.00
1765406840.672295,3,492,398,1765406840672,1765406840672,0,1.61,0.0000,0.0,0.00
1765406840.715460,3,493,399,1765406840715,1765406840715,0,1.62,0.0000,0.0,0.00
1765406840.757584,3,494,400,1765406840757,1765406840757,0,1.55,0.0000,0.0,0.00
1765406840.799510,3,495,401,1765406840799,1765406840799,0,1.49,0.0000,0.0,0.00
1765406840.841157,3,496,402,1765406840841,1765406840841,0,1.44,0.0000,0.0,0.00
1765406840.887081,3,497,403,1765406840883,1765406840886,3,1.47,0.0000,0.0,0.00
1765406840.924797,3,498,404,1765406840924,1765406840924,0,1.50,0.0000,0.0,0.00
1765406840.968583,3,499,405,1765406840966,1765406840968,2,1.53,0.0000,0.0,0.00
1765406841.008162,3,500,406,1765406841008,1765406841008,0,1.54,0.0000,0.0,0.00
1765406841.053320,3,501,407,1765406841050,1765406841053,3,1.58,0.0000,0.0,0.00
1765406841.093630,3,502,409,1765406841093,1765406841093,0,1.59,0.0000,0.0,0.00
1765406841.135557,3,503,410,1765406841135,1765406841135,0,1.59,0.0000,0.0,0.00
1765406841.177685,3,504,411,1765406841177,1765406841177,0,1.59,0.0000,0.0,0.00
1765406841.219966,3,505,413,1765406841219,1765406841219,0,1.59,0.0000,0.0,0.00
1765406841.262387,3,506,414,1765406841261,1765406841261,0,1.57,0.0000,0.0,0.00
1765406841.304240,3,507,415,1765406841304,1765406841304,0,1.59,0.0000,0.0,0.00
1765406841.350022,3,508,416,1765406841347,1765406841350,3,1.67,0.0000,0.0,0.00
1765406841.389521,3,509,417,1765406841389,1765406841389,0,1.63,0.0000,0.0,0.00
1765406841.431697,3,510,418,1765406841431,1765406841431,0,1.58,0.0000,0.0,0.00
1765406841.473833,3,511,419,1765406841473,1765406841473,0,1.54,0.0000,0.0,0.00
1765406841.515329,3,512,420,1765406841515,1765406841515,0,1.54,0.0000,0.0,0.00
1765406841.557702,3,513,421,1765406841557,1765406841557,0,1.54,0.0000,0.0,0.00
1765406841.599937,3,514,422,1765406841599,1765406841599,0,1.54,0.0000,0.0,0.00
1765406841.642171,3,515,423,1765406841641,1765406841641,0,1.54,0.0000,0.0,0.00
1765406841.683620,3,516,424,1765406841683,1765406841683,0,1.52,0.0000,0.0,0.00
1765406841.726013,3,517,425,1765406841726,1765406841726,0,1.54,0.0000,0.0,0.00
1765406841.768041,3,518,426,1765406841768,1765406841768,0,1.54,0.0000,0.0,0.00
1765406841.814792,3,519,427,1765406841809,1765406841813,4,1.60,0.0000,0.0,0.00
1765406841.850988,3,520,428,1765406841850,1765406841850,0,1.58,0.0000,0.0,0.00
1765406841.896227,3,521,429,1765406841893,1765406841894,1,1.52,0.0000,0.0,0.00
1765406841.936043,3,522,430,1765406841936,1765406841936,0,1.47,0.0000,0.0,0.00
1765406841.980611,3,523,431,1765406841977,1765406841980,3,1.49,0.0000,0.0,0.00
1765406842.020697,3,524,432,1765406842020,1765406842020,0,1.51,0.0000,0.0,0.00
1765406842.066365,3,525,433,1765406842063,1765406842066,3,1.57,0.0000,0.0,0.00
1765406842.105224,3,526,434,1765406842105,1765406842105,0,1.61,0.0000,0.0,0.00
1765406842.148705,3,527,435,1765406842147,1765406842148,1,1.62,0.0000,0.0,0.00
1765406842.189388,3,528,436,1765406842189,1765406842189,0,1.54,0.0000,0.0,0.00
1765406842.231761,3,529,437,1765406842231,1765406842231,0,1.48,0.0000,0.0,0.00
1765406842.273731,3,530,438,1765406842273,1765406842273,0,1.48,0.0000,0.0,0.00
1765406842.316365,3,531,439,1765406842315,1765406842316,1,1.48,0.0000,0.0,0.00
1765406842.358195,3,532,440,1765406842358,1765406842358,0,1.48,0.0000,0.0,0.00
1765406842.399917,3,533,441,1765406842399,1765406842399,0,1.50,0.0000,0.0,0.00
1765406842.443396,3,534,442,1765406842442,1765406842442,0,1.51,0.0000,0.0,0.00
1765406842.483698,3,535,443,1765406842483,1765406842483,0,1.45,0.0000,0.0,0.00
1765406842.529314,3,536,444,1765406842525,1765406842528,3,1.45,0.0000,0.0,0.00
1765406842.603648,3,537,445,1765406842601,1765406842603,2,2.07,0.0000,0.0,0.00
1765406842.644890,3,538,446,1765406842643,1765406842643,0,2.07,0.0000,0.0,0.00
1765406842.685860,3,539,447,1765406842685,1765406842685,0,2.06,0.0000,0.0,0.00
1765406842.728929,3,540,448,1765406842728,1765406842728,0,2.03,0.0000,0.0,0.00
1765406842.770782,3,541,449,1765406842770,1765406842770,0,2.03,0.0000,0.0,0.00
1765406842.815372,3,542,451,1765406842813,1765406842815,2,2.07,0.0000,0.0,0.00
1765406842.855667,3,543,452,1765406842855,1765406842855,0,2.10,0.0000,0.0,0.00
1765406842.900486,3,544,453,1765406842897,1765406842900,3,2.12,0.0000,0.0,0.00
1765406842.940966,3,545,454,1765406842940,1765406842940,0,2.12,0.0000,0.0,0.00
1765406842.983125,3,546,455,1765406842983,1765406842983,0,2.10,0.0000,0.0,0.00
1765406843.025690,3,547,456,1765406843025,1765406843025,0,2.06,0.0000,0.0,0.00
1765406843.067598,3,548,457,1765406843067,1765406843067,0,2.00,0.0000,0.0,0.00
1765406843.109622,3,549,458,1765406843109,1765406843109,0,1.95,0.0000,0.0,0.00
1765406843.151571,3,550,459,1765406843151,1765406843151,0,1.95,0.0000,0.0,0.00
1765406843.194183,3,551,460,1765406843194,1765406843194,0,1.95,0.0000,0.0,0.00
1765406843.236419,3,552,462,1765406843235,1765406843236,1,1.95,0.0000,0.0,0.00
1765406843.278230,3,553,463,1765406843278,1765406843278,0,1.96,0.0000,0.0,0.00
1765406843.321358,3,554,464,1765406843320,1765406843320,0,1.96,0.0000,0.0,0.00
1765406843.366868,3,555,465,1765406843363,1765406843366,3,2.02,0.0000,0.0,0.00
1765406843.406060,3,556,466,1765406843405,1765406843406,1,2.04,0.0000,0.0,0.00
1765406843.450909,3,557,467,1765406843447,1765406843450,3,2.02,0.0000,0.0,0.00
1765406843.490075,3,558,468,1765406843489,1765406843489,0,2.01,0.0000,0.0,0.00
1765406843.534696,3,559,469,1765406843531,1765406843534,3,2.03,0.0000,0.0,0.00
1765406843.574383,3,560,470,1765406843573,1765406843573,0,2.04,0.0000,0.0,0.00
1765406843.616898,3,561,471,1765406843615,1765406843616,1,2.00,0.0000,0.0,0.00
1765406843.658259,3,562,472,1765406843658,1765406843658,0,1.98,0.0000,0.0,0.00
1765406843.700693,3,563,473,1765406843700,1765406843700,0,1.98,0.0000,0.0,0.00
1765406843.743309,3,564,474,1765406843742,1765406843742,0,1.98,0.0000,0.0,0.00
1765406843.784925,3,565,475,1765406843784,1765406843784,0,1.98,0.0000,0.0,0.00
1765406843.826300,3,566,476,1765406843826,1765406843826,0,1.98,0.0000,0.0,0.00
1765406843.868605,3,567,477,1765406843868,1765406843868,0,1.98,0.0000,0.0,0.00
1765406843.910266,3,568,478,1765406843910,1765406843910,0,1.91,0.0000,0.0,0.00
1765406843.952059,3,569,479,1765406843952,1765406843952,0,1.88,0.0000,0.0,0.00
1765406843.994603,3,570,480,1765406843994,1765406843994,0,1.88,0.0000,0.0,0.00
1765406844.036777,3,571,481,1765406844036,1765406844036,0,1.88,0.0000,0.0,0.00
1765406844.078785,3,572,482,1765406844078,1765406844078,0,1.88,0.0000,0.0,0.00
1765406844.121519,3,573,484,1765406844121,1765406844121,0,1.88,0.0000,0.0,0.00
1765406844.168107,3,574,485,1765406844164,1765406844168,4,1.96,0.0000,0.0,0.00
1765406844.206754,3,575,486,1765406844206,1765406844206,0,2.01,0.0000,0.0,0.00
1765406844.249079,3,576,487,1765406844249,1765406844249,0,2.00,0.0000,0.0,0.00
1765406844.291416,3,577,488,1765406844291,1765406844291,0,2.01,0.0000,0.0,0.00
1765406844.333037,3,578,489,1765406844333,1765406844333,0,2.01,0.0000,0.0,0.00
1765406844.374940,3,579,490,1765406844374,1765406844374,0,1.98,0.0000,0.0,0.00
1765406844.417897,3,580,491,1765406844416,1765406844416,0,1.92,0.0000,0.0,0.00
1765406844.461274,3,581,492,1765406844459,1765406844461,2,1.94,0.0000,0.0,0.00
1765406844.502371,3,582,493,1765406844502,1765406844502,0,1.96,0.0000,0.0,0.00
1765406844.545964,3,583,494,1765406844545,1765406844545,0,1.93,0.0000,0.0,0.00
1765406844.587685,3,584,495,1765406844587,1765406844587,0,1.91,0.0000,0.0,0.00
1765406844.629385,3,585,496,1765406844628,1765406844629,1,1.85,0.0000,0.0,0.00
1765406844.671266,3,586,497,1765406844670,1765406844670,0,1.82,0.0000,0.0,0.00
1765406844.714846,3,587,498,1765406844713,1765406844713,0,1.82,0.0000,0.0,0.00
1765406844.756452,3,588,499,1765406844756,1765406844756,0,1.81,0.0000,0.0,0.00
1765406844.799372,3,589,500,1765406844798,1765406844799,1,1.81,0.0000,0.0,0.00
1765406844.841260,3,590,501,1765406844841,1765406844841,0,1.81,0.0000,0.0,0.00
1765406844.883082,3,591,502,1765406844883,1765406844883,0,1.81,0.0000,0.0,0.00
1765406844.925315,3,592,503,1765406844925,1765406844925,0,1.81,0.0000,0.0,0.00
1765406844.966892,3,593,504,1765406844966,1765406844966,0,1.81,0.0000,0.0,0.00
1765406845.010148,3,594,505,1765406845009,1765406845010,1,1.83,0.0000,0.0,0.00
1765406845.055606,3,595,506,1765406845051,1765406845054,3,1.84,0.0000,0.0,0.00
1765406845.094958,3,596,507,1765406845093,1765406845093,0,1.83,0.0000,0.0,0.00
1765406845.138759,3,597,508,1765406845136,1765406845138,2,1.17,0.0000,0.0,0.00
1765406845.178663,3,598,509,1765406845178,1765406845178,0,1.17,0.0000,0.0,0.00
1765406845.221781,3,599,512,1765406845220,1765406845221,1,1.18,0.0000,0.0,0.00
1765406845.262579,3,600,513,1765406845262,1765406845262,0,1.18,0.0000,0.0,0.00
1765406845.304939,3,601,514,1765406845304,1765406845304,0,1.18,0.0000,0.0,0.00
1765406845.346660,3,602,515,1765406845346,1765406845346,0,1.12,0.0000,0.0,0.00
1765406845.389674,3,603,516,1765406845388,1765406845389,1,1.11,0.0000,0.0,0.00
1765406845.430710,3,604,517,1765406845430,1765406845430,0,1.06,0.0000,0.0,0.00
1765406845.472881,3,605,518,1765406845472,1765406845472,0,1.04,0.0000,0.0,0.00
1765406845.515868,3,606,519,1765406845515,1765406845515,0,1.04,0.0000,0.0,0.00
1765406845.558686,3,607,520,1765406845558,1765406845558,0,1.06,0.0000,0.0,0.00
1765406845.600145,3,608,521,1765406845600,1765406845600,0,1.06,0.0000,0.0,0.00
1765406845.641974,3,609,522,1765406845641,1765406845641,0,1.07,0.0000,0.0,0.00
1765406845.688180,3,610,523,1765406845684,1765406845688,4,1.17,0.0000,0.0,0.00
1765406845.725775,3,611,524,1765406845725,1765406845725,0,1.21,0.0000,0.0,0.00
1765406845.767375,3,612,525,1765406845767,1765406845767,0,1.21,0.0000,0.0,0.00
1765406845.809302,3,613,526,1765406845809,1765406845809,0,1.21,0.0000,0.0,0.00
1765406845.852205,3,614,527,1765406845851,1765406845852,1,1.23,0.0000,0.0,0.00
1765406845.893481,3,615,528,1765406845893,1765406845893,0,1.16,0.0000,0.0,0.00
1765406845.936203,3,616,529,1765406845936,1765406845936,0,1.15,0.0000,0.0,0.00
1765406845.977846,3,617,530,1765406845977,1765406845977,0,1.12,0.0000,0.0,0.00
1765406846.020105,3,618,531,1765406846020,1765406846020,0,1.10,0.0000,0.0,0.00
1765406846.062420,3,619,532,1765406846062,1765406846062,0,1.04,0.0000,0.0,0.00
1765406846.104812,3,620,533,1765406846104,1765406846104,0,1.01,0.0000,0.0,0.00
1765406846.147115,3,621,534,1765406846147,1765406846147,0,1.01,0.0000,0.0,0.00
1765406846.189037,3,622,535,1765406846189,1765406846189,0,1.01,0.0000,0.0,0.00
1765406846.231645,3,623,536,1765406846231,1765406846231,0,1.01,0.0000,0.0,0.00
1765406846.273271,3,624,537,1765406846273,1765406846273,0,1.01,0.0000,0.0,0.00
1765406846.315604,3,625,538,1765406846315,1765406846315,0,1.01,0.0000,0.0,0.00
1765406846.358253,3,626,539,1765406846358,1765406846358,0,1.03,0.0000,0.0,0.00
1765406846.402829,3,627,540,1765406846400,1765406846402,2,1.06,0.0000,0.0,0.00
1765406846.442624,3,628,541,1765406846442,1765406846442,0,1.09,0.0000,0.0,0.00
1765406846.484646,3,629,542,1765406846484,1765406846484,0,1.09,0.0000,0.0,0.00
1765406846.526128,3,630,543,1765406846526,1765406846526,0,1.09,0.0000,0.0,0.00
1765406846.568345,3,631,544,1765406846568,1765406846568,0,1.09,0.0000,0.0,0.00
1765406846.610615,3,632,545,1765406846610,1765406846610,0,1.09,0.0000,0.0,0.00
1765406846.652634,3,633,546,1765406846652,1765406846652,0,1.07,0.0000,0.0,0.00
1765406846.694683,3,634,547,1765406846694,1765406846694,0,0.97,0.0000,0.0,0.00
1765406846.737155,3,635,548,1765406846736,1765406846736,0,0.92,0.0000,0.0,0.00
1765406846.778652,3,636,549,1765406846778,1765406846778,0,0.90,0.0000,0.0,0.00
1765406846.820532,3,637,550,1765406846820,1765406846820,0,0.90,0.0000,0.0,0.00
1765406846.862401,3,638,551,1765406846862,1765406846862,0,0.90,0.0000,0.0,0.00
1765406846.904098,3,639,552,1765406846904,1765406846904,0,0.89,0.0000,0.0,0.00
1765406846.945838,3,640,553,1765406846945,1765406846945,0,0.90,0.0000,0.0,0.00
1765406846.984598,3,641,554,1765406846980,1765406846983,3,0.88,0.0000,0.0,0.00
1765406847.022217,3,642,555,1765406847022,1765406847022,0,0.90,0.0000,0.0,0.00
1765406847.066126,3,643,556,1765406847064,1765406847066,2,0.92,0.0000,0.0,0.00
1765406847.106630,3,644,557,1765406847106,1765406847106,0,0.96,0.0000,0.0,0.00
1765406847.149563,3,645,559,1765406847148,1765406847149,1,0.97,0.0000,0.0,0.00
1765406847.191222,3,646,560,1765406847191,1765406847191,0,0.96,0.0000,0.0,0.00
1765406847.233810,3,647,562,1765406847233,1765406847233,0,0.93,0.0000,0.0,0.00
1765406847.279211,3,648,563,1765406847275,1765406847279,4,1.00,0.0000,0.0,0.00
1765406847.317260,3,649,564,1765406847317,1765406847317,0,1.05,0.0000,0.0,0.00
1765406847.359681,3,650,565,1765406847359,1765406847359,0,1.05,0.0000,0.0,0.00
1765406847.400756,3,651,566,1765406847400,1765406847400,0,1.07,0.0000,0.0,0.00
1765406847.442705,3,652,567,1765406847442,1765406847442,0,1.07,0.0000,0.0,0.00
1765406847.485610,3,653,568,1765406847485,1765406847485,0,1.06,0.0000,0.0,0.00
1765406847.527476,3,654,569,1765406847527,1765406847527,0,1.04,0.0000,0.0,0.00
1765406847.569408,3,655,570,1765406847569,1765406847569,0,1.03,0.0000,0.0,0.00
1765406847.611685,3,656,571,1765406847611,1765406847611,0,0.95,0.0000,0.0,0.00
1765406847.653549,3,657,572,1765406847653,1765406847653,0,0.93,0.0000,0.0,0.00
1765406847.697132,3,658,573,1765406847696,1765406847696,0,0.89,0.0000,0.0,0.00
1765406847.743242,3,659,574,1765406847738,1765406847743,5,0.95,0.0000,0.0,0.00
1765406847.781368,3,660,575,1765406847781,1765406847781,0,0.99,0.0000,0.0,0.00
1765406847.824750,3,661,576,1765406847823,1765406847824,1,1.00,0.0000,0.0,0.00
1765406847.865814,3,662,577,1765406847865,1765406847865,0,1.03,0.0000,0.0,0.00
1765406847.908418,3,663,578,1765406847908,1765406847908,0,1.03,0.0000,0.0,0.00
1765406847.954417,3,664,579,1765406847952,1765406847954,2,1.09,0.0000,0.0,0.00
1765406847.994027,3,665,580,1765406847994,1765406847994,0,1.11,0.0000,0.0,0.00
1765406848.036741,3,666,581,1765406848036,1765406848036,0,1.09,0.0000,0.0,0.00
1765406848.078781,3,667,582,1765406848078,1765406848078,0,1.07,0.0000,0.0,0.00
1765406848.120839,3,668,583,1765406848120,1765406848120,0,1.07,0.0000,0.0,0.00
1765406848.163632,3,669,584,1765406848163,1765406848163,0,1.08,0.0000,0.0,0.00
1765406848.207229,3,670,585,1765406848206,1765406848206,0,1.02,0.0000,0.0,0.00
1765406848.250680,3,671,586,1765406848249,1765406848250,1,0.98,0.0000,0.0,0.00
1765406848.292616,3,672,587,1765406848292,1765406848292,0,0.98,0.0000,0.0,0.00
1765406848.334071,3,673,588,1765406848334,1765406848334,0,0.98,0.0000,0.0,0.00
1765406848.376791,3,674,589,1765406848376,1765406848376,0,0.96,0.0000,0.0,0.00
1765406848.418745,3,675,590,1765406848418,1765406848418,0,0.95,0.0000,0.0,0.00
1765406848.460124,3,676,591,1765406848460,1765406848460,0,0.93,0.0000,0.0,0.00
1765406848.501994,3,677,592,1765406848501,1765406848501,0,0.93,0.0000,0.0,0.00
1765406848.546010,3,678,593,1765406848545,1765406848545,0,0.96,0.0000,0.0,0.00
1765406848.587112,3,679,595,1765406848587,1765406848587,0,0.96,0.0000,0.0,0.00
1765406848.633776,3,680,596,1765406848630,1765406848633,3,1.05,0.0000,0.0,0.00
1765406848.671906,3,681,597,1765406848671,1765406848671,0,1.06,0.0000,0.0,0.00
1765406848.715181,3,682,598,1765406848714,1765406848715,1,1.11,0.0000,0.0,0.00
1765406848.756635,3,683,599,1765406848756,1765406848756,0,1.12,0.0000,0.0,0.00
1765406848.798292,3,684,600,1765406848798,1765406848798,0,1.12,0.0000,0.0,0.00
1765406848.840541,3,685,601,1765406848840,1765406848840,0,1.12,0.0000,0.0,0.00
1765406848.882714,3,686,602,1765406848882,1765406848882,0,1.10,0.0000,0.0,0.00
1765406848.924910,3,687,603,1765406848924,1765406848924,0,1.05,0.0000,0.0,0.00
1765406848.966570,3,688,604,1765406848966,1765406848966,0,1.03,0.0000,0.0,0.00
1765406849.009977,3,689,605,1765406849008,1765406849009,1,1.06,0.0000,0.0,0.00
1765406849.050363,3,690,606,1765406849050,1765406849050,0,1.06,0.0000,0.0,0.00
1765406849.094181,3,691,607,1765406849092,1765406849094,2,1.11,0.0000,0.0,0.00
1765406849.134347,3,692,608,1765406849133,1765406849133,0,1.14,0.0000,0.0,0.00
1765406849.176147,3,693,609,1765406849176,1765406849176,0,1.16,0.0000,0.0,0.00
1765406849.217636,3,694,610,1765406849217,1765406849217,0,1.17,0.0000,0.0,0.00
1765406849.260148,3,695,612,1765406849260,1765406849260,0,1.19,0.0000,0.0,0.00
1765406849.302325,3,696,613,1765406849302,1765406849302,0,1.19,0.0000,0.0,0.00
1765406849.345203,3,697,614,1765406849345,1765406849345,0,1.21,0.0000,0.0,0.00
1765406849.390492,3,698,615,1765406849387,1765406849390,3,1.27,0.0000,0.0,0.00
1765406849.429547,3,699,616,1765406849429,1765406849429,0,1.31,0.0000,0.0,0.00
1765406849.473917,3,700,617,1765406849471,1765406849473,2,1.34,0.0000,0.0,0.00
1765406849.514346,3,701,618,1765406849513,1765406849514,1,1.30,0.0000,0.0,0.00
1765406849.555705,3,702,619,1765406849555,1765406849555,0,1.27,0.0000,0.0,0.00
1765406849.598875,3,703,620,1765406849597,1765406849597,0,1.24,0.0000,0.0,0.00
1765406849.640092,3,704,621,1765406849640,1765406849640,0,1.23,0.0000,0.0,0.00
1765406849.681792,3,705,622,1765406849681,1765406849681,0,1.23,0.0000,0.0,0.00
1765406849.724048,3,706,623,1765406849724,1765406849724,0,1.24,0.0000,0.0,0.00
1765406849.765566,3,707,624,1765406849765,1765406849765,0,1.25,0.0000,0.0,0.00
1765406849.807978,3,708,625,1765406849807,1765406849807,0,1.17,0.0000,0.0,0.00
1765406849.850093,3,709,626,1765406849850,1765406849850,0,1.14,0.0000,0.0,0.00
1765406849.893467,3,710,627,1765406849892,1765406849892,0,1.14,0.0000,0.0,0.00
1765406849.937127,3,711,628,1765406849934,1765406849937,3,1.18,0.0000,0.0,0.00
1765406849.976946,3,712,629,1765406849976,1765406849976,0,1.22,0.0000,0.0,0.00
1765406850.019410,3,713,630,1765406850018,1765406850018,0,1.21,0.0000,0.0,0.00
1765406850.060726,3,714,631,1765406850060,1765406850060,0,1.21,0.0000,0.0,0.00
1765406850.103236,3,715,632,1765406850103,1765406850103,0,1.22,0.0000,0.0,0.00
1765406850.144713,3,716,633,1765406850144,1765406850144,0,1.23,0.0000,0.0,0.00
1765406850.187536,3,717,635,1765406850187,1765406850187,0,1.25,0.0000,0.0,0.00
1765406850.230638,3,718,637,1765406850230,1765406850230,0,1.25,0.0000,0.0,0.00
1765406850.272630,3,719,638,1765406850272,1765406850272,0,1.15,0.0000,0.0,0.00
1765406850.319432,3,720,639,1765406850316,1765406850319,3,1.19,0.0000,0.0,0.00
1765406850.358855,3,721,640,1765406850358,1765406850358,0,1.22,0.0000,0.0,0.00
1765406850.400870,3,722,641,1765406850400,1765406850400,0,1.21,0.0000,0.0,0.00
1765406850.442860,3,723,642,1765406850442,1765406850442,0,1.20,0.0000,0.0,0.00
1765406850.485550,3,724,643,1765406850485,1765406850485,0,1.13,0.0000,0.0,0.00
1765406850.530339,3,725,644,1765406850527,1765406850528,1,1.12,0.0000,0.0,0.00
1765406850.569854,3,726,645,1765406850569,1765406850569,0,1.13,0.0000,0.0,0.00
1765406850.613891,3,727,646,1765406850611,1765406850613,2,1.17,0.0000,0.0,0.00
1765406850.654138,3,728,647,1765406850654,1765406850654,0,1.18,0.0000,0.0,0.00
1765406850.696527,3,729,648,1765406850695,1765406850696,1,1.17,0.0000,0.0,0.00
1765406850.738432,3,730,649,1765406850738,1765406850738,0,1.15,0.0000,0.0,0.00
1765406850.780097,3,731,651,1765406850780,1765406850780,0,1.12,0.0000,0.0,0.00
1765406850.828022,3,732,652,1765406850822,1765406850822,0,1.12,0.0000,0.0,0.00
1765406850.865148,3,733,653,1765406850865,1765406850865,0,1.13,0.0000,0.0,0.00
1765406850.907018,3,734,654,1765406850907,1765406850907,0,1.13,0.0000,0.0,0.00
1765406850.949395,3,735,655,1765406850949,1765406850949,0,1.13,0.0000,0.0,0.00
1765406850.991605,3,736,656,1765406850991,1765406850991,0,1.13,0.0000,0.0,0.00
1765406851.034145,3,737,657,1765406851034,1765406851034,0,1.13,0.0000,0.0,0.00
1765406851.075409,3,738,658,1765406851075,1765406851075,0,1.11,0.0000,0.0,0.00
1765406851.117466,3,739,659,1765406851117,1765406851117,0,1.11,0.0000,0.0,0.00
1765406851.158793,3,740,660,1765406851158,1765406851158,0,1.04,0.0000,0.0,0.00
1765406851.201051,3,741,661,1765406851201,1765406851201,0,1.01,0.0000,0.0,0.00
1765406851.243032,3,742,662,1765406851243,1765406851243,0,0.97,0.0000,0.0,0.00
1765406851.285608,3,743,664,1765406851285,1765406851285,0,0.96,0.0000,0.0,0.00
1765406851.331378,3,744,665,1765406851327,1765406851330,3,1.02,0.0000,0.0,0.00
1765406851.369761,3,745,666,1765406851369,1765406851369,0,1.06,0.0000,0.0,0.00
1765406851.413835,3,746,667,1765406851411,1765406851413,2,1.09,0.0000,0.0,0.00
1765406851.454206,3,747,668,1765406851453,1765406851453,0,1.12,0.0000,0.0,0.00
1765406851.495104,3,748,669,1765406851495,1765406851495,0,1.12,0.0000,0.0,0.00
1765406851.536588,3,749,670,1765406851536,1765406851536,0,1.11,0.0000,0.0,0.00
1765406851.579095,3,750,671,1765406851578,1765406851578,0,1.10,0.0000,0.0,0.00
1765406851.620691,3,751,672,1765406851620,1765406851620,0,1.06,0.0000,0.0,0.00
1765406851.663018,3,752,673,1765406851662,1765406851662,0,1.03,0.0000,0.0,0.00
1765406851.708467,3,753,674,1765406851704,1765406851704,0,1.01,0.0000,0.0,0.00
1765406851.746044,3,754,675,1765406851746,1765406851746,0,1.00,0.0000,0.0,0.00
1765406851.791386,3,755,676,1765406851788,1765406851791,3,1.04,0.0000,0.0,0.00
1765406851.830552,3,756,677,1765406851830,1765406851830,0,1.08,0.0000,0.0,0.00
1765406851.873108,3,757,678,1765406851873,1765406851873,0,1.08,0.0000,0.0,0.00
1765406851.915900,3,758,679,1765406851915,1765406851915,0,1.01,0.0000,0.0,0.00
1765406851.958206,3,759,680,1765406851958,1765406851958,0,1.00,0.0000,0.0,0.00
1765406851.999715,3,760,681,1765406851999,1765406851999,0,0.97,0.0000,0.0,0.00
1765406852.042774,3,761,682,1765406852042,1765406852042,0,0.98,0.0000,0.0,0.00
1765406852.084968,3,762,683,1765406852084,1765406852084,0,0.97,0.0000,0.0,0.00
1765406852.126219,3,763,684,1765406852126,1765406852126,0,0.97,0.0000,0.0,0.00
1765406852.171267,3,764,685,1765406852168,1765406852171,3,1.01,0.0000,0.0,0.00
1765406852.212034,3,765,686,1765406852211,1765406852211,0,1.02,0.0000,0.0,0.00
1765406852.254328,3,766,687,1765406852253,1765406852254,1,1.02,0.0000,0.0,0.00
1765406852.295455,3,767,688,1765406852295,1765406852295,0,1.02,0.0000,0.0,0.00
1765406852.337771,3,768,689,1765406852337,1765406852337,0,1.02,0.0000,0.0,0.00
1765406852.521385,3,769,690,1765406852425,1765406852515,90,4.62,0.0000,0.0,0.00
1765406852.550162,3,770,691,1765406852538,1765406852549,11,4.64,0.0000,0.0,0.00
1765406852.576489,3,771,692,1765406852573,1765406852576,3,4.67,0.0000,0.0,0.00
1765406852.606455,3,772,693,1765406852605,1765406852606,1,4.71,0.0000,0.0,0.00
1765406852.648215,3,773,695,1765406852648,1765406852648,0,4.71,0.0000,0.0,0.00
1765406852.690451,3,774,696,1765406852690,1765406852690,0,4.71,0.0000,0.0,0.00
1765406852.738036,3,775,697,1765406852732,1765406852738,6,4.82,0.0000,0.0,0.00
1765406852.773674,3,776,698,1765406852773,1765406852773,0,4.85,0.0000,0.0,0.00
1765406852.816215,3,777,699,1765406852816,1765406852816,0,4.85,0.0000,0.0,0.00
1765406852.857940,3,778,700,1765406852857,1765406852857,0,4.86,0.0000,0.0,0.00
1765406852.904758,3,779,701,1765406852900,1765406852904,4,4.94,0.0000,0.0,0.00
1765406852.943703,3,780,702,1765406852943,1765406852943,0,4.87,0.0000,0.0,0.00
1765406852.986790,3,781,703,1765406852986,1765406852986,0,4.85,0.0000,0.0,0.00
1765406853.046490,3,782,704,1765406853040,1765406853045,5,5.28,0.0000,0.0,0.00
1765406853.082875,3,783,705,1765406853082,1765406853082,0,5.30,0.0000,0.0,0.00
1765406853.127714,3,784,706,1765406853124,1765406853127,3,5.32,0.0000,0.0,0.00
1765406853.167574,3,785,707,1765406853167,1765406853167,0,5.34,0.0000,0.0,0.00
1765406853.211418,3,786,709,1765406853211,1765406853211,0,5.32,0.0000,0.0,0.00
1765406853.253424,3,787,710,1765406853252,1765406853253,1,5.33,0.0000,0.0,0.00
1765406853.295685,3,788,712,1765406853295,1765406853295,0,5.33,0.0000,0.0,0.00
1765406853.340291,3,789,713,1765406853338,1765406853340,2,5.35,0.0000,0.0,0.00
1765406853.380399,3,790,714,1765406853380,1765406853380,0,5.36,0.0000,0.0,0.00
1765406853.423373,3,791,715,1765406853422,1765406853423,1,5.35,0.0000,0.0,0.00
1765406853.465039,3,792,716,1765406853465,1765406853465,0,5.35,0.0000,0.0,0.00
1765406853.506551,3,793,717,1765406853506,1765406853506,0,5.36,0.0000,0.0,0.00
1765406853.548405,3,794,718,1765406853547,1765406853547,0,5.37,0.0000,0.0,0.00
1765406853.590567,3,795,719,1765406853590,1765406853590,0,5.36,0.0000,0.0,0.00
1765406853.631788,3,796,720,1765406853631,1765406853631,0,5.37,0.0000,0.0,0.00
1765406853.673409,3,797,721,1765406853673,1765406853673,0,5.37,0.0000,0.0,0.00
1765406853.715431,3,798,722,1765406853715,1765406853715,0,5.37,0.0000,0.0,0.00
1765406853.757805,3,799,723,1765406853757,1765406853757,0,5.37,0.0000,0.0,0.00
1765406853.800332,3,800,724,1765406853799,1765406853799,0,5.36,0.0000,0.0,0.00
1765406853.841128,3,801,725,1765406853841,1765406853841,0,5.37,0.0000,0.0,0.00
1765406853.887725,3,802,726,1765406853887,1765406853887,0,5.41,0.0000,0.0,0.00
1765406853.930441,3,803,727,1765406853930,1765406853930,0,5.41,0.0000,0.0,0.00
1765406853.975516,3,804,728,1765406853972,1765406853974,2,5.38,0.0000,0.0,0.00
1765406854.014476,3,805,729,1765406854014,1765406854014,0,5.38,0.0000,0.0,0.00
1765406854.055996,3,806,730,1765406854055,1765406854055,0,5.39,0.0000,0.0,0.00
1765406854.097488,3,807,731,1765406854097,1765406854097,0,5.38,0.0000,0.0,0.00
1765406854.139178,3,808,732,1765406854139,1765406854139,0,5.38,0.0000,0.0,0.00
1765406854.182438,3,809,733,1765406854181,1765406854181,0,5.38,0.0000,0.0,0.00
1765406854.223762,3,810,734,1765406854223,1765406854223,0,5.38,0.0000,0.0,0.00
1765406854.265518,3,811,735,1765406854265,1765406854265,0,5.38,0.0000,0.0,0.00
1765406854.307508,3,812,736,1765406854307,1765406854307,0,5.38,0.0000,0.0,0.00
1765406854.353406,3,813,737,1765406854349,1765406854353,4,5.42,0.0000,0.0,0.00
1765406854.392160,3,814,738,1765406854392,1765406854392,0,5.43,0.0000,0.0,0.00
1765406854.434819,3,815,739,1765406854433,1765406854434,1,5.42,0.0000,0.0,0.00
1765406854.475754,3,816,740,1765406854475,1765406854475,0,5.41,0.0000,0.0,0.00
1765406854.518896,3,817,741,1765406854518,1765406854518,0,5.41,0.0000,0.0,0.00
1765406854.560722,3,818,742,1765406854560,1765406854560,0,5.41,0.0000,0.0,0.00
1765406854.605078,3,819,743,1765406854604,1765406854605,1,5.43,0.0000,0.0,0.00
1765406854.646861,3,820,744,1765406854646,1765406854646,0,5.43,0.0000,0.0,0.00
1765406854.688562,3,821,745,1765406854688,1765406854688,0,5.43,0.0000,0.0,0.00
1765406854.731333,3,822,746,1765406854731,1765406854731,0,5.43,0.0000,0.0,0.00
1765406854.774700,3,823,747,1765406854774,1765406854774,0,5.42,0.0000,0.0,0.00
1765406854.819946,3,824,748,1765406854816,1765406854819,3,5.42,0.0000,0.0,0.00
1765406854.859202,3,825,749,1765406854859,1765406854859,0,5.42,0.0000,0.0,0.00
1765406854.903394,3,826,750,1765406854902,1765406854903,1,5.42,0.0000,0.0,0.00
1765406854.945155,3,827,751,1765406854945,1765406854945,0,5.41,0.0000,0.0,0.00
1765406854.987352,3,828,752,1765406854987,1765406854987,0,5.41,0.0000,0.0,0.00
1765406855.034820,3,829,754,1765406855030,1765406855034,4,2.26,0.0000,0.0,0.00
1765406855.073365,3,830,755,1765406855073,1765406855073,0,2.19,0.0000,0.0,0.00
1765406855.116996,3,831,756,1765406855115,1765406855116,1,2.02,0.0000,0.0,0.00
1765406855.158415,3,832,757,1765406855158,1765406855158,0,1.88,0.0000,0.0,0.00
1765406855.200340,3,833,758,1765406855200,1765406855200,0,1.88,0.0000,0.0,0.00
1765406855.242467,3,834,759,1765406855242,1765406855242,0,1.88,0.0000,0.0,0.00
1765406855.285256,3,835,761,1765406855285,1765406855285,0,1.77,0.0000,0.0,0.00
1765406855.327379,3,836,762,1765406855327,1765406855327,0,1.68,0.0000,0.0,0.00
1765406855.369404,3,837,763,1765406855369,1765406855369,0,1.68,0.0000,0.0,0.00
1765406855.415132,3,838,764,1765406855411,1765406855415,4,1.74,0.0000,0.0,0.00
1765406855.453576,3,839,765,1765406855453,1765406855453,0,1.70,0.0000,0.0,0.00
1765406855.498289,3,840,766,1765406855495,1765406855498,3,1.71,0.0000,0.0,0.00
1765406855.538661,3,841,767,1765406855538,1765406855538,0,1.73,0.0000,0.0,0.00
1765406855.580822,3,842,768,1765406855580,1765406855580,0,1.37,0.0000,0.0,0.00
1765406855.623115,3,843,769,1765406855623,1765406855623,0,1.32,0.0000,0.0,0.00
1765406855.665104,3,844,770,1765406855665,1765406855665,0,1.27,0.0000,0.0,0.00
1765406855.707325,3,845,771,1765406855707,1765406855707,0,1.24,0.0000,0.0,0.00
1765406855.748977,3,846,772,1765406855748,1765406855748,0,1.22,0.0000,0.0,0.00
1765406855.791002,3,847,773,1765406855791,1765406855791,0,1.23,0.0000,0.0,0.00
1765406855.833127,3,848,774,1765406855832,1765406855832,0,1.24,0.0000,0.0,0.00
1765406855.874545,3,849,775,1765406855874,1765406855874,0,1.19,0.0000,0.0,0.00
1765406855.916249,3,850,776,1765406855916,1765406855916,0,1.16,0.0000,0.0,0.00
1765406855.958447,3,851,777,1765406855958,1765406855958,0,1.15,0.0000,0.0,0.00
1765406856.000112,3,852,778,1765406856000,1765406856000,0,1.15,0.0000,0.0,0.00
1765406856.046131,3,853,779,1765406856042,1765406856046,4,1.22,0.0000,0.0,0.00
1765406856.085093,3,854,780,1765406856084,1765406856085,1,1.24,0.0000,0.0,0.00
1765406856.131110,3,855,781,1765406856127,1765406856130,3,1.29,0.0000,0.0,0.00
1765406856.169278,3,856,782,1765406856169,1765406856169,0,1.31,0.0000,0.0,0.00
1765406856.214650,3,857,784,1765406856212,1765406856213,1,1.34,0.0000,0.0,0.00
1765406856.254247,3,858,786,1765406856254,1765406856254,0,1.36,0.0000,0.0,0.00
1765406856.296330,3,859,787,1765406856296,1765406856296,0,1.36,0.0000,0.0,0.00
1765406856.338299,3,860,788,1765406856338,1765406856338,0,1.36,0.0000,0.0,0.00
1765406856.379874,3,861,789,1765406856379,1765406856379,0,1.37,0.0000,0.0,0.00
1765406856.421358,3,862,790,1765406856421,1765406856421,0,1.29,0.0000,0.0,0.00
1765406856.464135,3,863,791,1765406856463,1765406856463,0,1.27,0.0000,0.0,0.00
1765406856.510122,3,864,792,1765406856506,1765406856508,2,1.29,0.0000,0.0,0.00
1765406856.547954,3,865,793,1765406856547,1765406856547,0,1.30,0.0000,0.0,0.00
1765406856.592330,3,866,794,1765406856590,1765406856592,2,1.35,0.0000,0.0,0.00
1765406856.633077,3,867,795,1765406856633,1765406856633,0,1.36,0.0000,0.0,0.00
1765406856.679111,3,868,796,1765406856677,1765406856679,2,1.44,0.0000,0.0,0.00
1765406856.718965,3,869,797,1765406856718,1765406856718,0,1.48,0.0000,0.0,0.00
1765406856.761073,3,870,798,1765406856761,1765406856761,0,1.49,0.0000,0.0,0.00
1765406856.802575,3,871,799,1765406856802,1765406856802,0,1.50,0.0000,0.0,0.00
1765406856.844569,3,872,800,1765406856844,1765406856844,0,1.50,0.0000,0.0,0.00
1765406856.886686,3,873,801,1765406856886,1765406856886,0,1.42,0.0000,0.0,0.00
1765406856.928740,3,874,802,1765406856928,1765406856928,0,1.39,0.0000,0.0,0.00
1765406856.971851,3,875,803,1765406856971,1765406856971,0,1.40,0.0000,0.0,0.00
1765406857.013595,3,876,804,1765406857013,1765406857013,0,1.39,0.0000,0.0,0.00
1765406857.058481,3,877,805,1765406857055,1765406857058,3,1.43,0.0000,0.0,0.00
1765406857.098533,3,878,806,1765406857097,1765406857097,0,1.47,0.0000,0.0,0.00
1765406857.142805,3,879,807,1765406857140,1765406857142,2,1.47,0.0000,0.0,0.00
1765406857.182202,3,880,808,1765406857182,1765406857182,0,1.48,0.0000,0.0,0.00
1765406857.224108,3,881,809,1765406857224,1765406857224,0,1.48,0.0000,0.0,0.00
1765406857.265986,3,882,810,1765406857265,1765406857265,0,1.48,0.0000,0.0,0.00
1765406857.309887,3,883,812,1765406857308,1765406857309,1,1.50,0.0000,0.0,0.00
1765406857.350139,3,884,813,1765406857350,1765406857350,0,1.45,0.0000,0.0,0.00
1765406857.392068,3,885,814,1765406857392,1765406857392,0,1.43,0.0000,0.0,0.00
1765406857.433780,3,886,815,1765406857433,1765406857433,0,1.40,0.0000,0.0,0.00
1765406857.476453,3,887,816,1765406857476,1765406857476,0,1.42,0.0000,0.0,0.00
1765406857.518258,3,888,817,1765406857518,1765406857518,0,1.42,0.0000,0.0,0.00
1765406857.560270,3,889,818,1765406857560,1765406857560,0,1.31,0.0000,0.0,0.00
1765406857.604357,3,890,819,1765406857601,1765406857604,3,1.32,0.0000,0.0,0.00
1765406857.645288,3,891,820,1765406857644,1765406857645,1,1.31,0.0000,0.0,0.00
1765406857.688850,3,892,821,1765406857686,1765406857688,2,1.33,0.0000,0.0,0.00
1765406857.728420,3,893,822,1765406857728,1765406857728,0,1.35,0.0000,0.0,0.00
1765406857.773726,3,894,823,1765406857770,1765406857773,3,1.41,0.0000,0.0,0.00
1765406857.813187,3,895,824,1765406857812,1765406857812,0,1.43,0.0000,0.0,0.00
1765406857.858730,3,896,825,1765406857855,1765406857858,3,1.51,0.0000,0.0,0.00
1765406857.897182,3,897,826,1765406857897,1765406857897,0,1.54,0.0000,0.0,0.00
1765406857.941172,3,898,827,1765406857939,1765406857941,2,1.50,0.0000,0.0,0.00
1765406857.981292,3,899,828,1765406857981,1765406857981,0,1.48,0.0000,0.0,0.00
1765406858.024069,3,900,829,1765406858023,1765406858024,1,1.43,0.0000,0.0,0.00
1765406858.065353,3,901,831,1765406858065,1765406858065,0,1.42,0.0000,0.0,0.00
1765406858.108959,3,902,832,1765406858107,1765406858108,1,1.44,0.0000,0.0,0.00
1765406858.149920,3,903,833,1765406858149,1765406858149,0,1.43,0.0000,0.0,0.00
1765406858.192041,3,904,834,1765406858192,1765406858192,0,1.45,0.0000,0.0,0.00
1765406858.233951,3,905,835,1765406858233,1765406858233,0,1.46,0.0000,0.0,0.00
1765406858.276820,3,906,836,1765406858276,1765406858276,0,1.47,0.0000,0.0,0.00
1765406858.323046,3,907,837,1765406858319,1765406858323,4,1.55,0.0000,0.0,0.00
1765406858.361377,3,908,838,1765406858361,1765406858361,0,1.59,0.0000,0.0,0.00
1765406858.405301,3,909,839,1765406858404,1765406858405,1,1.63,0.0000,0.0,0.00
1765406858.446363,3,910,840,1765406858446,1765406858446,0,1.64,0.0000,0.0,0.00
1765406858.488238,3,911,841,1765406858487,1765406858488,1,1.64,0.0000,0.0,0.00
1765406858.529624,3,912,842,1765406858529,1765406858529,0,1.65,0.0000,0.0,0.00
1765406858.570796,3,913,843,1765406858570,1765406858570,0,1.58,0.0000,0.0,0.00
1765406858.613451,3,914,844,1765406858613,1765406858613,0,1.56,0.0000,0.0,0.00
1765406858.655943,3,915,845,1765406858655,1765406858655,0,1.51,0.0000,0.0,0.00
1765406858.701799,3,916,846,1765406858698,1765406858701,3,1.55,0.0000,0.0,0.00
1765406858.739874,3,917,847,1765406858739,1765406858739,0,1.56,0.0000,0.0,0.00
1765406858.784955,3,918,848,1765406858782,1765406858784,2,1.61,0.0000,0.0,0.00
1765406858.825565,3,919,849,1765406858825,1765406858825,0,1.62,0.0000,0.0,0.00
1765406858.869171,3,920,850,1765406858866,1765406858869,3,1.65,0.0000,0.0,0.00
1765406858.908944,3,921,851,1765406858908,1765406858908,0,1.68,0.0000,0.0,0.00
1765406858.950343,3,922,852,1765406858950,1765406858950,0,1.68,0.0000,0.0,0.00
1765406858.992349,3,923,853,1765406858992,1765406858992,0,1.68,0.0000,0.0,0.00
1765406859.034190,3,924,854,1765406859034,1765406859034,0,1.62,0.0000,0.0,0.00
1765406859.078793,3,925,855,1765406859077,1765406859077,0,1.60,0.0000,0.0,0.00
1765406859.119986,3,926,856,1765406859119,1765406859119,0,1.54,0.0000,0.0,0.00
1765406859.163689,3,927,857,1765406859162,1765406859162,0,1.55,0.0000,0.0,0.00
1765406859.205068,3,928,858,1765406859205,1765406859205,0,1.49,0.0000,0.0,0.00
1765406859.247646,3,929,860,1765406859247,1765406859247,0,1.45,0.0000,0.0,0.00
1765406859.290091,3,930,862,1765406859290,1765406859290,0,1.45,0.0000,0.0,0.00
1765406859.335114,3,931,863,1765406859331,1765406859335,4,1.49,0.0000,0.0,0.00
1765406859.374598,3,932,864,1765406859374,1765406859374,0,1.53,0.0000,0.0,0.00
1765406859.416082,3,933,865,1765406859416,1765406859416,0,1.53,0.0000,0.0,0.00
1765406859.458312,3,934,866,1765406859458,1765406859458,0,1.53,0.0000,0.0,0.00
1765406859.500888,3,935,867,1765406859500,1765406859500,0,1.51,0.0000,0.0,0.00
1765406859.542843,3,936,868,1765406859542,1765406859542,0,1.51,0.0000,0.0,0.00
1765406859.585062,3,937,869,1765406859585,1765406859585,0,1.47,0.0000,0.0,0.00
1765406859.630087,3,938,870,1765406859626,1765406859630,4,1.49,0.0000,0.0,0.00
1765406859.668848,3,939,871,1765406859668,1765406859668,0,1.49,0.0000,0.0,0.00
1765406859.712773,3,940,872,1765406859710,1765406859712,2,1.49,0.0000,0.0,0.00
1765406859.752818,3,941,873,1765406859752,1765406859752,0,1.52,0.0000,0.0,0.00
1765406859.795286,3,942,874,1765406859795,1765406859795,0,1.52,0.0000,0.0,0.00
1765406859.837145,3,943,875,1765406859837,1765406859837,0,1.49,0.0000,0.0,0.00
1765406859.879807,3,944,876,1765406859879,1765406859879,0,1.47,0.0000,0.0,0.00
1765406859.921069,3,945,877,1765406859921,1765406859921,0,1.47,0.0000,0.0,0.00
1765406859.963774,3,946,878,1765406859963,1765406859963,0,1.46,0.0000,0.0,0.00
1765406860.004822,3,947,879,1765406860004,1765406860004,0,1.46,0.0000,0.0,0.00
1765406860.046586,3,948,880,1765406860046,1765406860046,0,1.46,0.0000,0.0,0.00
1765406860.089339,3,949,881,1765406860089,1765406860089,0,1.47,0.0000,0.0,0.00
1765406860.131308,3,950,882,1765406860131,1765406860131,0,1.44,0.0000,0.0,0.00
1765406860.173520,3,951,883,1765406860173,1765406860173,0,1.43,0.0000,0.0,0.00
1765406860.215516,3,952,885,1765406860215,1765406860215,0,1.41,0.0000,0.0,0.00
1765406860.261015,3,953,886,1765406860258,1765406860261,3,1.46,0.0000,0.0,0.00
1765406860.299996,3,954,887,1765406860299,1765406860299,0,1.46,0.0000,0.0,0.00
1765406860.345533,3,955,888,1765406860342,1765406860344,2,1.47,0.0000,0.0,0.00
1765406860.385279,3,956,889,1765406860385,1765406860385,0,1.41,0.0000,0.0,0.00
1765406860.427159,3,957,890,1765406860427,1765406860427,0,1.37,0.0000,0.0,0.00
1765406860.470290,3,958,891,1765406860470,1765406860470,0,1.35,0.0000,0.0,0.00
1765406860.512037,3,959,892,1765406860512,1765406860512,0,1.33,0.0000,0.0,0.00
1765406860.555832,3,960,893,1765406860554,1765406860555,1,1.33,0.0000,0.0,0.00
1765406860.595848,3,961,894,1765406860595,1765406860595,0,1.34,0.0000,0.0,0.00
1765406860.640139,3,962,895,1765406860638,1765406860640,2,1.38,0.0000,0.0,0.00
1765406860.682044,3,963,896,1765406860681,1765406860682,1,1.37,0.0000,0.0,0.00
1765406860.723579,3,964,897,1765406860723,1765406860723,0,1.37,0.0000,0.0,0.00
1765406860.765230,3,965,898,1765406860765,1765406860765,0,1.35,0.0000,0.0,0.00
1765406860.807647,3,966,899,1765406860807,1765406860807,0,1.34,0.0000,0.0,0.00
1765406860.849899,3,967,900,1765406860849,1765406860849,0,1.23,0.0000,0.0,0.00
1765406860.892102,3,968,901,1765406860891,1765406860891,0,1.19,0.0000,0.0,0.00
1765406860.933174,3,969,902,1765406860933,1765406860933,0,1.15,0.0000,0.0,0.00
1765406860.975434,3,970,903,1765406860975,1765406860975,0,1.14,0.0000,0.0,0.00
1765406861.017455,3,971,904,1765406861017,1765406861017,0,1.14,0.0000,0.0,0.00
1765406861.059733,3,972,905,1765406861059,1765406861059,0,1.13,0.0000,0.0,0.00
1765406861.104288,3,973,906,1765406861102,1765406861103,1,1.16,0.0000,0.0,0.00
1765406861.145098,3,974,907,1765406861145,1765406861145,0,1.14,0.0000,0.0,0.00
1765406861.187339,3,975,908,1765406861187,1765406861187,0,1.14,0.0000,0.0,0.00
1765406861.229494,3,976,909,1765406861229,1765406861229,0,1.05,0.0000,0.0,0.00
1765406861.271291,3,977,910,1765406861271,1765406861271,0,1.01,0.0000,0.0,0.00
1765406861.313264,3,978,912,1765406861313,1765406861313,0,0.95,0.0000,0.0,0.00
1765406861.355102,3,979,913,1765406861355,1765406861355,0,0.94,0.0000,0.0,0.00
1765406861.397138,3,980,914,1765406861397,1765406861397,0,0.90,0.0000,0.0,0.00
1765406861.439657,3,981,915,1765406861439,1765406861439,0,0.87,0.0000,0.0,0.00
1765406861.481201,3,982,916,1765406861481,1765406861481,0,0.87,0.0000,0.0,0.00
1765406861.523881,3,983,917,1765406861523,1765406861523,0,0.87,0.0000,0.0,0.00
1765406861.566147,3,984,918,1765406861566,1765406861566,0,0.89,0.0000,0.0,0.00
1765406861.608501,3,985,919,1765406861608,1765406861608,0,0.87,0.0000,0.0,0.00
1765406861.654960,3,986,920,1765406861650,1765406861654,4,0.96,0.0000,0.0,0.00
1765406861.693416,3,987,921,1765406861693,1765406861693,0,0.97,0.0000,0.0,0.00
1765406861.738375,3,988,922,1765406861735,1765406861738,3,1.02,0.0000,0.0,0.00
1765406861.778014,3,989,923,1765406861778,1765406861778,0,1.04,0.0000,0.0,0.00
1765406861.819842,3,990,924,1765406861819,1765406861819,0,1.02,0.0000,0.0,0.00
1765406861.861660,3,991,925,1765406861861,1765406861861,0,0.95,0.0000,0.0,0.00
1765406861.903175,3,992,926,1765406861903,1765406861903,0,0.93,0.0000,0.0,0.00
1765406861.944896,3,993,927,1765406861944,1765406861944,0,0.94,0.0000,0.0,0.00
1765406861.987713,3,994,928,1765406861987,1765406861987,0,0.96,0.0000,0.0,0.00
1765406862.029426,3,995,929,1765406862029,1765406862029,0,0.96,0.0000,0.0,0.00
1765406862.073381,3,996,930,1765406862071,1765406862073,2,1.00,0.0000,0.0,0.00
1765406862.113219,3,997,931,1765406862113,1765406862113,0,1.00,0.0000,0.0,0.00
1765406862.157002,3,998,932,1765406862155,1765406862157,2,0.98,0.0000,0.0,0.00
1765406862.198704,3,999,933,1765406862198,1765406862198,0,0.95,0.0000,0.0,0.00
1765406862.241124,3,1000,934,1765406862241,1765406862241,0,0.92,0.0000,0.0,0.00
1765406862.289105,3,1001,936,1765406862284,1765406862288,4,1.02,0.0000,0.0,0.00
1765406862.326414,3,1002,937,1765406862326,1765406862326,0,1.04,0.0000,0.0,0.00
1765406862.375704,3,1003,938,1765406862369,1765406862369,0,1.06,0.0000,0.0,0.00
1765406862.411693,3,1004,939,1765406862411,1765406862411,0,1.06,0.0000,0.0,0.00
1765406862.453442,3,1005,940,1765406862453,1765406862453,0,1.06,0.0000,0.0,0.00
1765406862.495570,3,1006,941,1765406862495,1765406862495,0,1.06,0.0000,0.0,0.00
1765406862.538230,3,1007,942,1765406862538,1765406862538,0,1.07,0.0000,0.0,0.00
1765406862.581006,3,1008,943,1765406862580,1765406862581,1,1.08,0.0000,0.0,0.00
1765406862.623936,3,1009,944,1765406862622,1765406862623,1,1.07,0.0000,0.0,0.00
1765406862.665227,3,1010,946,1765406862665,1765406862665,0,1.07,0.0000,0.0,0.00
1765406862.708288,3,1011,947,1765406862708,1765406862708,0,1.08,0.0000,0.0,0.00
1765406862.750337,3,1012,948,1765406862750,1765406862750,0,1.08,0.0000,0.0,0.00
1765406862.792637,3,1013,949,1765406862792,1765406862792,0,1.00,0.0000,0.0,0.00
1765406862.833983,3,1014,950,1765406862833,1765406862833,0,0.97,0.0000,0.0,0.00
1765406862.876154,3,1015,951,1765406862876,1765406862876,0,0.92,0.0000,0.0,0.00
1765406862.922266,3,1016,952,1765406862918,1765406862922,4,1.00,0.0000,0.0,0.00
1765406862.961296,3,1017,953,1765406862961,1765406862961,0,1.03,0.0000,0.0,0.00
1765406863.004302,3,1018,954,1765406863002,1765406863004,2,1.03,0.0000,0.0,0.00
1765406863.044827,3,1019,955,1765406863044,1765406863044,0,1.05,0.0000,0.0,0.00
1765406863.088876,3,1020,956,1765406863086,1765406863088,2,1.07,0.0000,0.0,0.00
1765406863.129774,3,1021,957,1765406863129,1765406863129,0,1.06,0.0000,0.0,0.00
1765406863.172649,3,1022,958,1765406863172,1765406863172,0,1.01,0.0000,0.0,0.00
1765406863.214408,3,1023,959,1765406863214,1765406863214,0,1.01,0.0000,0.0,0.00
1765406863.256709,3,1024,960,1765406863256,1765406863256,0,1.00,0.0000,0.0,0.00
1765406863.298415,3,1025,963,1765406863298,1765406863298,0,1.00,0.0000,0.0,0.00
1765406863.340354,3,1026,964,1765406863340,1765406863340,0,1.00,0.0000,0.0,0.00
1765406863.382368,3,1027,965,1765406863381,1765406863382,1,1.00,0.0000,0.0,0.00
1765406863.424154,3,1028,966,1765406863424,1765406863424,0,1.00,0.0000,0.0,0.00
1765406863.468666,3,1029,967,1765406863466,1765406863468,2,1.04,0.0000,0.0,0.00
1765406863.509362,3,1030,968,1765406863508,1765406863508,0,1.06,0.0000,0.0,0.00
1765406863.550841,3,1031,969,1765406863550,1765406863550,0,1.06,0.0000,0.0,0.00
1765406863.592449,3,1032,970,1765406863592,1765406863592,0,1.06,0.0000,0.0,0.00
1765406863.634747,3,1033,971,1765406863634,1765406863634,0,1.02,0.0000,0.0,0.00
1765406863.676546,3,1034,972,1765406863676,1765406863676,0,1.02,0.0000,0.0,0.00
1765406863.718307,3,1035,973,1765406863718,1765406863718,0,1.02,0.0000,0.0,0.00
1765406863.761349,3,1036,974,1765406863761,1765406863761,0,1.04,0.0000,0.0,0.00
1765406863.802924,3,1037,975,1765406863802,1765406863802,0,1.05,0.0000,0.0,0.00
1765406863.845490,3,1038,976,1765406863844,1765406863845,1,1.07,0.0000,0.0,0.00
1765406863.887100,3,1039,977,1765406863887,1765406863887,0,1.07,0.0000,0.0,0.00
1765406863.929293,3,1040,978,1765406863929,1765406863929,0,1.07,0.0000,0.0,0.00
1765406863.971124,3,1041,979,1765406863971,1765406863971,0,1.07,0.0000,0.0,0.00
1765406864.013138,3,1042,980,1765406864013,1765406864013,0,1.07,0.0000,0.0,0.00
1765406864.054860,3,1043,981,1765406864054,1765406864054,0,1.08,0.0000,0.0,0.00
1765406864.098375,3,1044,982,1765406864097,1765406864097,0,1.08,0.0000,0.0,0.00
1765406864.139761,3,1045,983,1765406864139,1765406864139,0,1.08,0.0000,0.0,0.00
1765406864.183248,3,1046,984,1765406864183,1765406864183,0,1.03,0.0000,0.0,0.00
1765406864.228799,3,1047,985,1765406864225,1765406864228,3,1.06,0.0000,0.0,0.00
1765406864.267974,3,1048,986,1765406864267,1765406864267,0,1.03,0.0000,0.0,0.00
1765406864.312492,3,1049,987,1765406864310,1765406864312,2,1.07,0.0000,0.0,0.00
1765406864.352203,3,1050,988,1765406864352,1765406864352,0,1.08,0.0000,0.0,0.00
1765406864.394582,3,1051,989,1765406864394,1765406864394,0,1.08,0.0000,0.0,0.00
1765406864.435855,3,1052,990,1765406864435,1765406864435,0,1.09,0.0000,0.0,0.00
1765406864.478909,3,1053,991,1765406864477,1765406864478,1,1.10,0.0000,0.0,0.00
1765406864.520039,3,1054,992,1765406864520,1765406864520,0,1.08,0.0000,0.0,0.00
1765406864.562246,3,1055,993,1765406864562,1765406864562,0,1.08,0.0000,0.0,0.00
1765406864.604144,3,1056,994,1765406864604,1765406864604,0,1.04,0.0000,0.0,0.00
1765406864.646875,3,1057,995,1765406864646,1765406864646,0,1.02,0.0000,0.0,0.00
1765406864.688364,3,1058,996,1765406864688,1765406864688,0,0.98,0.0000,0.0,0.00
1765406864.730532,3,1059,997,1765406864730,1765406864730,0,0.97,0.0000,0.0,0.00
1765406864.772908,3,1060,998,1765406864772,1765406864772,0,0.96,0.0000,0.0,0.00
1765406864.815696,3,1061,999,1765406864815,1765406864815,0,0.86,0.0000,0.0,0.00
1765406864.857224,3,1062,1000,1765406864857,1765406864857,0,0.82,0.0000,0.0,0.00
1765406864.898748,3,1063,1001,1765406864898,1765406864898,0,0.81,0.0000,0.0,0.00
1765406864.944367,3,1064,1002,1765406864940,1765406864944,4,0.90,0.0000,0.0,0.00
1765406864.982558,3,1065,1003,1765406864982,1765406864982,0,0.94,0.0000,0.0,0.00
1765406865.026754,3,1066,1004,1765406865024,1765406865026,2,0.98,0.0000,0.0,0.00
1765406865.066744,3,1067,1005,1765406865066,1765406865066,0,0.99,0.0000,0.0,0.00
1765406865.170609,3,1068,1006,1765406865116,1765406865170,54,2.45,0.0000,0.0,0.00
1765406865.208064,3,1069,1007,1765406865201,1765406865208,7,2.48,0.0000,0.0,0.00
1765406865.240834,3,1070,1008,1765406865237,1765406865240,3,2.55,0.0000,0.0,0.00
1765406865.279630,3,1071,1009,1765406865279,1765406865279,0,2.59,0.0000,0.0,0.00
1765406865.322782,3,1072,1012,1765406865322,1765406865322,0,2.58,0.0000,0.0,0.00
1765406865.365094,3,1073,1013,1765406865364,1765406865365,1,2.57,0.0000,0.0,0.00
1765406865.406649,3,1074,1014,1765406865406,1765406865406,0,2.57,0.0000,0.0,0.00
1765406865.452844,3,1075,1015,1765406865449,1765406865452,3,2.64,0.0000,0.0,0.00
1765406865.491956,3,1076,1016,1765406865491,1765406865491,0,2.61,0.0000,0.0,0.00
1765406865.533731,3,1077,1017,1765406865533,1765406865533,0,2.58,0.0000,0.0,0.00
1765406865.575688,3,1078,1018,1765406865575,1765406865575,0,2.59,0.0000,0.0,0.00
1765406865.619707,3,1079,1019,1765406865617,1765406865619,2,2.58,0.0000,0.0,0.00
1765406865.659820,3,1080,1020,1765406865659,1765406865659,0,2.59,0.0000,0.0,0.00
1765406865.701627,3,1081,1022,1765406865701,1765406865701,0,2.58,0.0000,0.0,0.00
1765406865.743926,3,1082,1023,1765406865743,1765406865743,0,2.58,0.0000,0.0,0.00
1765406865.785592,3,1083,1024,1765406865785,1765406865785,0,2.58,0.0000,0.0,0.00
1765406865.831939,3,1084,1025,1765406865827,1765406865830,3,2.62,0.0000,0.0,0.00
1765406865.870071,3,1085,1026,1765406865870,1765406865870,0,2.64,0.0000,0.0,0.00
1765406865.914140,3,1086,1027,1765406865911,1765406865914,3,2.66,0.0000,0.0,0.00
1765406865.954401,3,1087,1028,1765406865953,1765406865953,0,2.69,0.0000,0.0,0.00
1765406865.997473,3,1088,1029,1765406865995,1765406865995,0,2.69,0.0000,0.0,0.00
1765406866.038117,3,1089,1030,1765406866038,1765406866038,0,2.67,0.0000,0.0,0.00
1765406866.080366,3,1090,1031,1765406866080,1765406866080,0,2.65,0.0000,0.0,0.00
1765406866.122755,3,1091,1032,1765406866122,1765406866122,0,2.65,0.0000,0.0,0.00
1765406866.165140,3,1092,1033,1765406866165,1765406866165,0,2.64,0.0000,0.0,0.00
1765406866.206794,3,1093,1034,1765406866206,1765406866206,0,2.65,0.0000,0.0,0.00
1765406866.249320,3,1094,1035,1765406866248,1765406866248,0,2.65,0.0000,0.0,0.00
1765406866.295015,3,1095,1036,1765406866290,1765406866294,4,2.71,0.0000,0.0,0.00
1765406866.333070,3,1096,1037,1765406866333,1765406866333,0,2.75,0.0000,0.0,0.00
1765406866.377614,3,1097,1038,1765406866375,1765406866376,1,2.73,0.0000,0.0,0.00
1765406866.417925,3,1098,1039,1765406866417,1765406866417,0,2.75,0.0000,0.0,0.00
1765406866.463685,3,1099,1040,1765406866459,1765406866462,3,2.79,0.0000,0.0,0.00
1765406866.501330,3,1100,1041,1765406866501,1765406866501,0,2.82,0.0000,0.0,0.00
1765406866.543841,3,1101,1042,1765406866543,1765406866543,0,2.82,0.0000,0.0,0.00
1765406866.590710,3,1102,1043,1765406866586,1765406866590,4,2.90,0.0000,0.0,0.00
1765406866.629559,3,1103,1044,1765406866629,1765406866629,0,2.92,0.0000,0.0,0.00
1765406866.673213,3,1104,1045,1765406866672,1765406866673,1,2.95,0.0000,0.0,0.00
1765406866.714222,3,1105,1046,1765406866714,1765406866714,0,2.96,0.0000,0.0,0.00
1765406866.757934,3,1106,1047,1765406866756,1765406866757,1,2.94,0.0000,0.0,0.00
1765406866.798127,3,1107,1048,1765406866798,1765406866798,0,2.91,0.0000,0.0,0.00
1765406866.841310,3,1108,1049,1765406866839,1765406866841,2,2.87,0.0000,0.0,0.00
1765406866.881774,3,1109,1050,1765406866881,1765406866881,0,2.86,0.0000,0.0,0.00
1765406866.925079,3,1110,1051,1765406866924,1765406866924,0,2.83,0.0000,0.0,0.00
1765406866.967362,3,1111,1052,1765406866966,1765406866967,1,2.82,0.0000,0.0,0.00
1765406867.008882,3,1112,1053,1765406867008,1765406867008,0,2.82,0.0000,0.0,0.00
1765406867.056813,3,1113,1054,1765406867052,1765406867055,3,2.90,0.0000,0.0,0.00
1765406867.090561,3,1114,1056,1765406867085,1765406867090,5,2.99,0.0000,0.0,0.00
1765406867.128055,3,1115,1057,1765406867128,1765406867128,0,3.04,0.0000,0.0,0.00
1765406867.171658,3,1116,1058,1765406867170,1765406867171,1,3.03,0.0000,0.0,0.00
1765406867.212786,3,1117,1059,1765406867212,1765406867212,0,3.05,0.0000,0.0,0.00
1765406867.257583,3,1118,1060,1765406867254,1765406867257,3,3.08,0.0000,0.0,0.00
1765406867.297488,3,1119,1061,1765406867297,1765406867297,0,3.11,0.0000,0.0,0.00
1765406867.339939,3,1120,1063,1765406867339,1765406867339,0,3.11,0.0000,0.0,0.00
1765406867.381567,3,1121,1064,1765406867381,1765406867381,0,3.11,0.0000,0.0,0.00
1765406867.423850,3,1122,1065,1765406867423,1765406867423,0,3.11,0.0000,0.0,0.00
1765406867.468599,3,1123,1066,1765406867467,1765406867467,0,3.11,0.0000,0.0,0.00
1765406867.618128,3,1124,1067,1765406867606,1765406867611,5,5.63,0.0000,0.0,0.00
1765406867.639148,3,1125,1068,1765406867639,1765406867639,0,5.68,0.0000,0.0,0.00
1765406867.682734,3,1126,1069,1765406867681,1765406867682,1,5.69,0.0000,0.0,0.00
1765406867.723936,3,1127,1070,1765406867723,1765406867723,0,5.68,0.0000,0.0,0.00
1765406867.767291,3,1128,1071,1765406867766,1765406867767,1,4.08,0.0000,0.0,0.00
1765406867.808829,3,1129,1072,1765406867808,1765406867808,0,4.06,0.0000,0.0,0.00
1765406867.850658,3,1130,1073,1765406867850,1765406867850,0,3.98,0.0000,0.0,0.00
1765406867.892852,3,1131,1074,1765406867892,1765406867892,0,3.96,0.0000,0.0,0.00
1765406867.934611,3,1132,1075,1765406867934,1765406867934,0,3.97,0.0000,0.0,0.00
1765406867.979667,3,1133,1076,1765406867977,1765406867979,2,4.00,0.0000,0.0,0.00
1765406868.020722,3,1134,1077,1765406868020,1765406868020,0,4.00,0.0000,0.0,0.00
1765406868.063787,3,1135,1078,1765406868063,1765406868063,0,3.94,0.0000,0.0,0.00
1765406868.105664,3,1136,1079,1765406868105,1765406868105,0,3.92,0.0000,0.0,0.00
1765406868.147946,3,1137,1080,1765406868147,1765406868147,0,3.92,0.0000,0.0,0.00
1765406868.192137,3,1138,1081,1765406868190,1765406868191,1,3.92,0.0000,0.0,0.00
1765406868.232342,3,1139,1082,1765406868232,1765406868232,0,3.93,0.0000,0.0,0.00
1765406868.277159,3,1140,1083,1765406868274,1765406868277,3,3.94,0.0000,0.0,0.00
1765406868.316154,3,1141,1084,1765406868316,1765406868316,0,3.96,0.0000,0.0,0.00
1765406868.360133,3,1142,1087,1765406868359,1765406868360,1,3.96,0.0000,0.0,0.00
1765406868.400673,3,1143,1088,1765406868400,1765406868400,0,3.98,0.0000,0.0,0.00
1765406868.442542,3,1144,1089,1765406868442,1765406868442,0,3.95,0.0000,0.0,0.00
1765406868.484388,3,1145,1090,1765406868484,1765406868484,0,3.94,0.0000,0.0,0.00
1765406868.526778,3,1146,1091,1765406868526,1765406868526,0,3.94,0.0000,0.0,0.00
1765406868.569376,3,1147,1092,1765406868569,1765406868569,0,3.91,0.0000,0.0,0.00
1765406868.614044,3,1148,1093,1765406868614,1765406868614,0,3.93,0.0000,0.0,0.00
1765406868.658297,3,1149,1094,1765406868656,1765406868658,2,3.93,0.0000,0.0,0.00
1765406868.698117,3,1150,1095,1765406868698,1765406868698,0,3.95,0.0000,0.0,0.00
1765406868.740355,3,1151,1096,1765406868740,1765406868740,0,3.95,0.0000,0.0,0.00
1765406868.782767,3,1152,1097,1765406868782,1765406868782,0,3.96,0.0000,0.0,0.00
1765406868.825232,3,1153,1098,1765406868824,1765406868824,0,3.95,0.0000,0.0,0.00
1765406868.867355,3,1154,1099,1765406868867,1765406868867,0,3.94,0.0000,0.0,0.00
1765406868.909699,3,1155,1100,1765406868909,1765406868909,0,3.89,0.0000,0.0,0.00
1765406868.954775,3,1156,1101,1765406868951,1765406868954,3,3.89,0.0000,0.0,0.00
1765406868.993669,3,1157,1102,1765406868993,1765406868993,0,3.92,0.0000,0.0,0.00
1765406869.037744,3,1158,1103,1765406869035,1765406869037,2,3.91,0.0000,0.0,0.00
1765406869.077363,3,1159,1104,1765406869077,1765406869077,0,3.91,0.0000,0.0,0.00
1765406869.122721,3,1160,1105,1765406869119,1765406869122,3,3.90,0.0000,0.0,0.00
1765406869.161228,3,1161,1106,1765406869161,1765406869161,0,3.93,0.0000,0.0,0.00
1765406869.204119,3,1162,1107,1765406869203,1765406869203,0,3.86,0.0000,0.0,0.00
1765406869.245823,3,1163,1108,1765406869245,1765406869245,0,3.83,0.0000,0.0,0.00
1765406869.288384,3,1164,1109,1765406869287,1765406869287,0,3.84,0.0000,0.0,0.00
1765406869.335519,3,1165,1111,1765406869330,1765406869335,5,3.92,0.0000,0.0,0.00
1765406869.373178,3,1166,1112,1765406869372,1765406869373,1,3.97,0.0000,0.0,0.00
1765406869.417822,3,1167,1113,1765406869415,1765406869417,2,3.95,0.0000,0.0,0.00
1765406869.457125,3,1168,1114,1765406869457,1765406869457,0,3.98,0.0000,0.0,0.00
1765406869.501618,3,1169,1115,1765406869499,1765406869501,2,3.96,0.0000,0.0,0.00
1765406869.541015,3,1170,1116,1765406869541,1765406869541,0,3.98,0.0000,0.0,0.00
1765406869.585342,3,1171,1117,1765406869583,1765406869585,2,3.99,0.0000,0.0,0.00
1765406869.625241,3,1172,1118,1765406869625,1765406869625,0,4.00,0.0000,0.0,0.00
1765406869.668486,3,1173,1119,1765406869667,1765406869668,1,3.92,0.0000,0.0,0.00
1765406869.709113,3,1174,1120,1765406869709,1765406869709,0,3.86,0.0000,0.0,0.00
1765406869.752846,3,1175,1121,1765406869751,1765406869751,0,3.83,0.0000,0.0,0.00
1765406869.793850,3,1176,1122,1765406869793,1765406869793,0,3.84,0.0000,0.0,0.00
1765406869.836167,3,1177,1123,1765406869836,1765406869836,0,3.82,0.0000,0.0,0.00
1765406869.878803,3,1178,1124,1765406869878,1765406869878,0,3.80,0.0000,0.0,0.00
1765406869.922654,3,1179,1125,1765406869921,1765406869922,1,3.77,0.0000,0.0,0.00
1765406869.967720,3,1180,1126,1765406869964,1765406869964,0,3.77,0.0000,0.0,0.00
1765406870.005820,3,1181,1127,1765406870005,1765406870005,0,3.78,0.0000,0.0,0.00
1765406870.050309,3,1182,1128,1765406870047,1765406870047,0,3.78,0.0000,0.0,0.00
1765406870.088730,3,1183,1129,1765406870088,1765406870088,0,3.80,0.0000,0.0,0.00
1765406870.134349,3,1184,1130,1765406870131,1765406870134,3,1.60,0.0000,0.0,0.00
1765406870.173429,3,1185,1131,1765406870173,1765406870173,0,1.46,0.0000,0.0,0.00
1765406870.219094,3,1186,1132,1765406870215,1765406870218,3,1.50,0.0000,0.0,0.00
1765406870.257479,3,1187,1133,1765406870257,1765406870257,0,1.53,0.0000,0.0,0.00
1765406870.301795,3,1188,1134,1765406870299,1765406870301,2,1.53,0.0000,0.0,0.00
1765406870.342619,3,1189,1135,1765406870342,1765406870342,0,1.53,0.0000,0.0,0.00
1765406870.384947,3,1190,1136,1765406870384,1765406870384,0,1.53,0.0000,0.0,0.00
1765406870.427751,3,1191,1137,1765406870427,1765406870427,0,1.54,0.0000,0.0,0.00
1765406870.469879,3,1192,1138,1765406870469,1765406870469,0,1.54,0.0000,0.0,0.00
1765406870.515043,3,1193,1139,1765406870511,1765406870511,0,1.49,0.0000,0.0,0.00
1765406870.555752,3,1194,1140,1765406870555,1765406870555,0,1.51,0.0000,0.0,0.00
1765406870.600395,3,1195,1141,1765406870597,1765406870600,3,1.55,0.0000,0.0,0.00
1765406870.639893,3,1196,1142,1765406870639,1765406870639,0,1.59,0.0000,0.0,0.00
1765406870.681779,3,1197,1143,1765406870681,1765406870681,0,1.59,0.0000,0.0,0.00
1765406870.723926,3,1198,1144,1765406870723,1765406870723,0,1.55,0.0000,0.0,0.00
1765406870.767333,3,1199,1145,1765406870765,1765406870766,1,1.55,0.0000,0.0,0.00
1765406870.808499,3,1200,1146,1765406870808,1765406870808,0,1.50,0.0000,0.0,0.00
1765406870.850723,3,1201,1147,1765406870850,1765406870850,0,1.46,0.0000,0.0,0.00
1765406870.892552,3,1202,1148,1765406870892,1765406870892,0,1.43,0.0000,0.0,0.00
1765406870.934695,3,1203,1149,1765406870934,1765406870934,0,1.40,0.0000,0.0,0.00
1765406870.980829,3,1204,1150,1765406870978,1765406870980,2,1.48,0.0000,0.0,0.00
1765406871.020326,3,1205,1151,1765406871020,1765406871020,0,1.50,0.0000,0.0,0.00
1765406871.067253,3,1206,1152,1765406871062,1765406871067,5,1.60,0.0000,0.0,0.00
1765406871.105447,3,1207,1153,1765406871105,1765406871105,0,1.64,0.0000,0.0,0.00
1765406871.150821,3,1208,1154,1765406871147,1765406871150,3,1.64,0.0000,0.0,0.00
1765406871.189729,3,1209,1155,1765406871189,1765406871189,0,1.64,0.0000,0.0,0.00
1765406871.234349,3,1210,1156,1765406871231,1765406871234,3,1.67,0.0000,0.0,0.00
1765406871.274672,3,1211,1157,1765406871274,1765406871274,0,1.70,0.0000,0.0,0.00
1765406871.316330,3,1212,1158,1765406871316,1765406871316,0,1.70,0.0000,0.0,0.00
1765406871.359661,3,1213,1161,1765406871359,1765406871359,0,1.71,0.0000,0.0,0.00
1765406871.401906,3,1214,1162,1765406871401,1765406871401,0,1.70,0.0000,0.0,0.00
1765406871.445368,3,1215,1163,1765406871443,1765406871445,2,1.73,0.0000,0.0,0.00
1765406871.486119,3,1216,1164,1765406871486,1765406871486,0,1.69,0.0000,0.0,0.00
1765406871.529782,3,1217,1165,1765406871529,1765406871529,0,1.66,0.0000,0.0,0.00
1765406871.572176,3,1218,1166,1765406871572,1765406871572,0,1.64,0.0000,0.0,0.00
1765406871.614276,3,1219,1167,1765406871614,1765406871614,0,1.62,0.0000,0.0,0.00
1765406871.656852,3,1220,1168,1765406871656,1765406871656,0,1.56,0.0000,0.0,0.00
1765406871.699697,3,1221,1169,1765406871698,1765406871698,0,1.53,0.0000,0.0,0.00
1765406871.744563,3,1222,1170,1765406871740,1765406871744,4,1.60,0.0000,0.0,0.00
1765406871.783425,3,1223,1171,1765406871783,1765406871783,0,1.64,0.0000,0.0,0.00
1765406871.828567,3,1224,1172,1765406871825,1765406871828,3,1.69,0.0000,0.0,0.00
1765406871.867638,3,1225,1173,1765406871867,1765406871867,0,1.61,0.0000,0.0,0.00
1765406871.912812,3,1226,1174,1765406871909,1765406871912,3,1.61,0.0000,0.0,0.00
1765406871.951999,3,1227,1175,1765406871951,1765406871951,0,1.62,0.0000,0.0,0.00
1765406871.995429,3,1228,1176,1765406871993,1765406871995,2,1.63,0.0000,0.0,0.00
1765406872.036408,3,1229,1177,1765406872036,1765406872036,0,1.61,0.0000,0.0,0.00
1765406872.081928,3,1230,1178,1765406872078,1765406872081,3,1.63,0.0000,0.0,0.00
1765406872.121772,3,1231,1179,1765406872121,1765406872121,0,1.63,0.0000,0.0,0.00
1765406872.165462,3,1232,1180,1765406872164,1765406872165,1,1.63,0.0000,0.0,0.00
1765406872.205735,3,1233,1181,1765406872205,1765406872205,0,1.65,0.0000,0.0,0.00
1765406872.249179,3,1234,1182,1765406872247,1765406872247,0,1.64,0.0000,0.0,0.00
1765406872.290367,3,1235,1183,1765406872290,1765406872290,0,1.65,0.0000,0.0,0.00
1765406872.332527,3,1236,1184,1765406872332,1765406872332,0,1.65,0.0000,0.0,0.00
1765406872.374640,3,1237,1185,1765406872374,1765406872374,0,1.64,0.0000,0.0,0.00
1765406872.418435,3,1238,1186,1765406872417,1765406872417,0,1.65,0.0000,0.0,0.00
1765406872.460385,3,1239,1187,1765406872460,1765406872460,0,1.63,0.0000,0.0,0.00
1765406872.503232,3,1240,1188,1765406872503,1765406872503,0,1.64,0.0000,0.0,0.00
1765406872.547965,3,1241,1189,1765406872544,1765406872546,2,1.63,0.0000,0.0,0.00
1765406872.587348,3,1242,1190,1765406872587,1765406872587,0,1.64,0.0000,0.0,0.00
1765406872.630095,3,1243,1191,1765406872629,1765406872630,1,1.64,0.0000,0.0,0.00
1765406872.671982,3,1244,1192,1765406872671,1765406872671,0,1.59,0.0000,0.0,0.00
1765406872.714709,3,1245,1193,1765406872714,1765406872714,0,1.55,0.0000,0.0,0.00
1765406872.756049,3,1246,1194,1765406872756,1765406872756,0,1.51,0.0000,0.0,0.00
1765406872.798516,3,1247,1196,1765406872798,1765406872798,0,1.46,0.0000,0.0,0.00
1765406872.840491,3,1248,1197,1765406872840,1765406872840,0,1.44,0.0000,0.0,0.00
1765406872.882957,3,1249,1198,1765406872882,1765406872882,0,1.42,0.0000,0.0,0.00
1765406872.928281,3,1250,1199,1765406872925,1765406872928,3,1.49,0.0000,0.0,0.00
1765406872.967842,3,1251,1200,1765406872967,1765406872967,0,1.52,0.0000,0.0,0.00
1765406873.014143,3,1252,1201,1765406873010,1765406873014,4,1.61,0.0000,0.0,0.00
1765406873.052675,3,1253,1202,1765406873052,1765406873052,0,1.66,0.0000,0.0,0.00
1765406873.094518,3,1254,1203,1765406873094,1765406873094,0,1.64,0.0000,0.0,0.00
1765406873.136635,3,1255,1204,1765406873136,1765406873136,0,1.59,0.0000,0.0,0.00
1765406873.179914,3,1256,1205,1765406873178,1765406873178,0,1.55,0.0000,0.0,0.00
1765406873.220991,3,1257,1206,1765406873220,1765406873220,0,1.55,0.0000,0.0,0.00
1765406873.263777,3,1258,1207,1765406873263,1765406873263,0,1.56,0.0000,0.0,0.00
1765406873.309023,3,1259,1208,1765406873305,1765406873309,4,1.61,0.0000,0.0,0.00
1765406873.348629,3,1260,1210,1765406873348,1765406873348,0,1.66,0.0000,0.0,0.00
1765406873.391534,3,1261,1211,1765406873390,1765406873391,1,1.66,0.0000,0.0,0.00
1765406873.432071,3,1262,1212,1765406873432,1765406873432,0,1.68,0.0000,0.0,0.00
1765406873.475562,3,1263,1213,1765406873474,1765406873475,1,1.69,0.0000,0.0,0.00
1765406873.517106,3,1264,1214,1765406873517,1765406873517,0,1.62,0.0000,0.0,0.00
1765406873.560657,3,1265,1215,1765406873558,1765406873560,2,1.60,0.0000,0.0,0.00
1765406873.600496,3,1266,1216,1765406873600,1765406873600,0,1.55,0.0000,0.0,0.00
1765406873.644726,3,1267,1217,1765406873642,1765406873644,2,1.52,0.0000,0.0,0.00
1765406873.685782,3,1268,1218,1765406873685,1765406873685,0,1.48,0.0000,0.0,0.00
1765406873.727872,3,1269,1219,1765406873727,1765406873727,0,1.44,0.0000,0.0,0.00
1765406873.769304,3,1270,1220,1765406873769,1765406873769,0,1.39,0.0000,0.0,0.00
1765406873.811441,3,1271,1221,1765406873811,1765406873811,0,1.36,0.0000,0.0,0.00
1765406873.853184,3,1272,1222,1765406873853,1765406873853,0,1.36,0.0000,0.0,0.00
1765406873.895703,3,1273,1223,1765406873895,1765406873895,0,1.35,0.0000,0.0,0.00
1765406873.937907,3,1274,1224,1765406873937,1765406873937,0,1.35,0.0000,0.0,0.00
1765406873.980206,3,1275,1225,1765406873979,1765406873979,0,1.32,0.0000,0.0,0.00
1765406874.021145,3,1276,1226,1765406874021,1765406874021,0,1.31,0.0000,0.0,0.00
1765406874.064453,3,1277,1227,1765406874064,1765406874064,0,1.31,0.0000,0.0,0.00
1765406874.110884,3,1278,1228,1765406874106,1765406874110,4,1.37,0.0000,0.0,0.00
1765406874.148648,3,1279,1229,1765406874148,1765406874148,0,1.42,0.0000,0.0,0.00
1765406874.191912,3,1280,1230,1765406874190,1765406874191,1,1.43,0.0000,0.0,0.00
1765406874.233491,3,1281,1231,1765406874233,1765406874233,0,1.43,0.0000,0.0,0.00
1765406874.275732,3,1282,1232,1765406874275,1765406874275,0,1.36,0.0000,0.0,0.00
1765406874.317017,3,1283,1233,1765406874317,1765406874317,0,1.32,0.0000,0.0,0.00
1765406874.359406,3,1284,1235,1765406874359,1765406874359,0,1.27,0.0000,0.0,0.00
1765406874.402417,3,1285,1236,1765406874402,1765406874402,0,1.24,0.0000,0.0,0.00
1765406874.444365,3,1286,1237,1765406874444,1765406874444,0,1.19,0.0000,0.0,0.00
1765406874.488599,3,1287,1238,1765406874486,1765406874488,2,1.18,0.0000,0.0,0.00
1765406874.528284,3,1288,1239,1765406874528,1765406874528,0,1.17,0.0000,0.0,0.00
1765406874.570692,3,1289,1240,1765406874570,1765406874570,0,1.16,0.0000,0.0,0.00
1765406874.613035,3,1290,1241,1765406874612,1765406874613,1,1.12,0.0000,0.0,0.00
1765406874.654860,3,1291,1242,1765406874654,1765406874654,0,1.11,0.0000,0.0,0.00
1765406874.701998,3,1292,1243,1765406874698,1765406874700,2,1.15,0.0000,0.0,0.00
1765406874.741202,3,1293,1244,1765406874740,1765406874740,0,1.15,0.0000,0.0,0.00
1765406874.784017,3,1294,1245,1765406874782,1765406874784,2,1.18,0.0000,0.0,0.00
1765406874.824813,3,1295,1246,1765406874824,1765406874824,0,1.20,0.0000,0.0,0.00
1765406874.868477,3,1296,1247,1765406874865,1765406874867,2,1.21,0.0000,0.0,0.00
1765406874.908418,3,1297,1248,1765406874908,1765406874908,0,1.22,0.0000,0.0,0.00
1765406874.950063,3,1298,1249,1765406874950,1765406874950,0,1.21,0.0000,0.0,0.00
1765406874.991855,3,1299,1250,1765406874991,1765406874991,0,1.20,0.0000,0.0,0.00
1765406875.033875,3,1300,1251,1765406875033,1765406875033,0,1.19,0.0000,0.0,0.00
1765406875.076841,3,1301,1252,1765406875076,1765406875076,0,1.19,0.0000,0.0,0.00
1765406875.119942,3,1302,1253,1765406875119,1765406875119,0,1.19,0.0000,0.0,0.00
1765406875.162590,3,1303,1254,1765406875162,1765406875162,0,1.19,0.0000,0.0,0.00
1765406875.204535,3,1304,1255,1765406875204,1765406875204,0,1.18,0.0000,0.0,0.00
1765406875.249320,3,1305,1256,1765406875247,1765406875249,2,1.23,0.0000,0.0,0.00
1765406875.288913,3,1306,1257,1765406875288,1765406875288,0,1.26,0.0000,0.0,0.00
1765406875.334241,3,1307,1258,1765406875331,1765406875334,3,1.34,0.0000,0.0,0.00
1765406875.375128,3,1308,1260,1765406875374,1765406875374,0,1.36,0.0000,0.0,0.00
1765406875.417734,3,1309,1261,1765406875416,1765406875417,1,1.38,0.0000,0.0,0.00
1765406875.458560,3,1310,1262,1765406875458,1765406875458,0,1.31,0.0000,0.0,0.00
1765406875.500697,3,1311,1263,1765406875500,1765406875500,0,1.27,0.0000,0.0,0.00
1765406875.542399,3,1312,1264,1765406875542,1765406875542,0,1.17,0.0000,0.0,0.00
1765406875.584349,3,1313,1265,1765406875584,1765406875584,0,1.13,0.0000,0.0,0.00
1765406875.626916,3,1314,1266,1765406875626,1765406875626,0,1.13,0.0000,0.0,0.00
1765406875.669350,3,1315,1267,1765406875668,1765406875668,0,1.13,0.0000,0.0,0.00
1765406875.711099,3,1316,1269,1765406875711,1765406875711,0,1.14,0.0000,0.0,0.00
1765406875.753068,3,1317,1270,1765406875753,1765406875753,0,1.14,0.0000,0.0,0.00
1765406875.795200,3,1318,1271,1765406875795,1765406875795,0,1.13,0.0000,0.0,0.00
1765406875.870019,3,1319,1272,1765406875870,1765406875870,0,1.75,0.0000,0.0,0.00
1765406875.911278,3,1320,1273,1765406875909,1765406875911,2,1.73,0.0000,0.0,0.00
1765406875.942535,3,1321,1274,1765406875942,1765406875942,0,1.86,0.0000,0.0,0.00
1765406875.984620,3,1322,1275,1765406875984,1765406875984,0,1.84,0.0000,0.0,0.00
1765406876.027476,3,1323,1276,1765406876026,1765406876026,0,1.84,0.0000,0.0,0.00
1765406876.068949,3,1324,1277,1765406876068,1765406876068,0,1.84,0.0000,0.0,0.00
1765406876.111855,3,1325,1278,1765406876111,1765406876111,0,1.84,0.0000,0.0,0.00
1765406876.154174,3,1326,1279,1765406876154,1765406876154,0,1.82,0.0000,0.0,0.00
1765406876.197136,3,1327,1280,1765406876196,1765406876196,0,1.80,0.0000,0.0,0.00
1765406876.240829,3,1328,1281,1765406876239,1765406876240,1,1.81,0.0000,0.0,0.00
1765406876.282103,3,1329,1282,1765406876282,1765406876282,0,1.81,0.0000,0.0,0.00
1765406876.325046,3,1330,1283,1765406876323,1765406876323,0,1.82,0.0000,0.0,0.00
1765406876.365825,3,1331,1284,1765406876365,1765406876365,0,1.82,0.0000,0.0,0.00
1765406876.408045,3,1332,1285,1765406876408,1765406876408,0,1.83,0.0000,0.0,0.00
1765406876.449802,3,1333,1286,1765406876449,1765406876449,0,1.84,0.0000,0.0,0.00
1765406876.491871,3,1334,1287,1765406876491,1765406876491,0,1.84,0.0000,0.0,0.00
1765406876.533770,3,1335,1288,1765406876533,1765406876533,0,1.84,0.0000,0.0,0.00
1765406876.575893,3,1336,1289,1765406876575,1765406876575,0,1.84,0.0000,0.0,0.00
1765406876.618413,3,1337,1290,1765406876617,1765406876617,0,1.83,0.0000,0.0,0.00
1765406876.660447,3,1338,1291,1765406876660,1765406876660,0,1.77,0.0000,0.0,0.00
1765406876.705230,3,1339,1292,1765406876703,1765406876705,2,1.77,0.0000,0.0,0.00
1765406876.744863,3,1340,1293,1765406876744,1765406876744,0,1.80,0.0000,0.0,0.00
1765406876.786452,3,1341,1294,1765406876786,1765406876786,0,1.80,0.0000,0.0,0.00
1765406876.828372,3,1342,1295,1765406876828,1765406876828,0,1.80,0.0000,0.0,0.00
1765406876.872827,3,1343,1296,1765406876870,1765406876872,2,1.83,0.0000,0.0,0.00
1765406876.912891,3,1344,1297,1765406876912,1765406876912,0,1.85,0.0000,0.0,0.00
1765406876.956483,3,1345,1298,1765406876954,1765406876956,2,1.87,0.0000,0.0,0.00
1765406876.997184,3,1346,1299,1765406876996,1765406876997,1,1.88,0.0000,0.0,0.00
1765406877.040242,3,1347,1300,1765406877039,1765406877039,0,1.86,0.0000,0.0,0.00
1765406877.081251,3,1348,1301,1765406877081,1765406877081,0,1.83,0.0000,0.0,0.00
1765406877.123806,3,1349,1302,1765406877123,1765406877123,0,1.83,0.0000,0.0,0.00
1765406877.166193,3,1350,1303,1765406877166,1765406877166,0,1.83,0.0000,0.0,0.00
1765406877.208931,3,1351,1305,1765406877208,1765406877208,0,1.82,0.0000,0.0,0.00
1765406877.250364,3,1352,1306,1765406877250,1765406877250,0,1.75,0.0000,0.0,0.00
1765406877.292339,3,1353,1307,1765406877292,1765406877292,0,1.73,0.0000,0.0,0.00
1765406877.338034,3,1354,1308,1765406877334,1765406877337,3,1.75,0.0000,0.0,0.00
1765406877.377849,3,1355,1311,1765406877377,1765406877377,0,1.75,0.0000,0.0,0.00
1765406877.419755,3,1356,1312,1765406877419,1765406877419,0,1.75,0.0000,0.0,0.00
1765406877.461684,3,1357,1313,1765406877461,1765406877461,0,1.74,0.0000,0.0,0.00
1765406877.504719,3,1358,1314,1765406877504,1765406877504,0,1.74,0.0000,0.0,0.00
1765406877.547109,3,1359,1315,1765406877547,1765406877547,0,1.73,0.0000,0.0,0.00
1765406877.589270,3,1360,1316,1765406877589,1765406877589,0,1.73,0.0000,0.0,0.00
1765406877.632318,3,1361,1317,1765406877632,1765406877632,0,1.73,0.0000,0.0,0.00
1765406877.674561,3,1362,1318,1765406877674,1765406877674,0,1.73,0.0000,0.0,0.00
1765406877.720142,3,1363,1319,1765406877716,1765406877719,3,1.78,0.0000,0.0,0.00
1765406877.758834,3,1364,1320,1765406877758,1765406877758,0,1.81,0.0000,0.0,0.00
1765406877.803662,3,1365,1321,1765406877801,1765406877802,1,1.78,0.0000,0.0,0.00
1765406877.843471,3,1366,1322,1765406877843,1765406877843,0,1.76,0.0000,0.0,0.00
1765406877.885550,3,1367,1323,1765406877885,1765406877885,0,1.69,0.0000,0.0,0.00
1765406877.927239,3,1368,1324,1765406877927,1765406877927,0,1.67,0.0000,0.0,0.00
1765406877.969040,3,1369,1325,1765406877969,1765406877969,0,1.66,0.0000,0.0,0.00
1765406878.011024,3,1370,1326,1765406878011,1765406878011,0,1.65,0.0000,0.0,0.00
1765406878.053400,3,1371,1327,1765406878053,1765406878053,0,1.65,0.0000,0.0,0.00
1765406878.097361,3,1372,1328,1765406878096,1765406878096,0,1.66,0.0000,0.0,0.00
1765406878.139868,3,1373,1329,1765406878138,1765406878138,0,1.66,0.0000,0.0,0.00
1765406878.181844,3,1374,1330,1765406878181,1765406878181,0,1.66,0.0000,0.0,0.00
1765406878.223612,3,1375,1331,1765406878223,1765406878223,0,1.66,0.0000,0.0,0.00
1765406878.266842,3,1376,1332,1765406878265,1765406878265,0,1.66,0.0000,0.0,0.00
1765406878.308029,3,1377,1333,1765406878308,1765406878308,0,1.66,0.0000,0.0,0.00
1765406878.349966,3,1378,1334,1765406878349,1765406878349,0,1.67,0.0000,0.0,0.00
1765406878.395825,3,1379,1335,1765406878391,1765406878395,4,1.01,0.0000,0.0,0.00
1765406878.433856,3,1380,1336,1765406878433,1765406878433,0,1.05,0.0000,0.0,0.00
1765406878.479801,3,1381,1337,1765406878476,1765406878479,3,1.01,0.0000,0.0,0.00
1765406878.519434,3,1382,1338,1765406878519,1765406878519,0,1.03,0.0000,0.0,0.00
1765406878.565372,3,1383,1339,1765406878561,1765406878564,3,1.09,0.0000,0.0,0.00
1765406878.603287,3,1384,1340,1765406878603,1765406878603,0,1.12,0.0000,0.0,0.00
1765406878.645514,3,1385,1341,1765406878645,1765406878645,0,1.11,0.0000,0.0,0.00
1765406878.688399,3,1386,1342,1765406878688,1765406878688,0,1.11,0.0000,0.0,0.00
1765406878.733157,3,1387,1343,1765406878730,1765406878731,1,1.12,0.0000,0.0,0.00
1765406878.772548,3,1388,1344,1765406878772,1765406878772,0,1.10,0.0000,0.0,0.00
1765406878.815160,3,1389,1345,1765406878814,1765406878814,0,1.10,0.0000,0.0,0.00
1765406878.856828,3,1390,1346,1765406878856,1765406878856,0,1.09,0.0000,0.0,0.00
1765406878.899841,3,1391,1347,1765406878899,1765406878899,0,1.10,0.0000,0.0,0.00
1765406878.943168,3,1392,1348,1765406878941,1765406878943,2,1.12,0.0000,0.0,0.00
1765406878.983991,3,1393,1349,1765406878983,1765406878983,0,1.14,0.0000,0.0,0.00
1765406879.025293,3,1394,1350,1765406879025,1765406879025,0,1.14,0.0000,0.0,0.00
1765406879.068319,3,1395,1352,1765406879068,1765406879068,0,1.15,0.0000,0.0,0.00
1765406879.110434,3,1396,1353,1765406879110,1765406879110,0,1.15,0.0000,0.0,0.00
1765406879.153678,3,1397,1354,1765406879153,1765406879153,0,1.16,0.0000,0.0,0.00
1765406879.195137,3,1398,1355,1765406879195,1765406879195,0,1.15,0.0000,0.0,0.00
1765406879.239882,3,1399,1356,1765406879236,1765406879239,3,1.13,0.0000,0.0,0.00
1765406879.278886,3,1400,1357,1765406879278,1765406879278,0,1.13,0.0000,0.0,0.00
1765406879.326215,3,1401,1358,1765406879322,1765406879324,2,1.20,0.0000,0.0,0.00
1765406879.364551,3,1402,1360,1765406879364,1765406879364,0,1.23,0.0000,0.0,0.00
1765406879.409338,3,1403,1361,1765406879408,1765406879409,1,1.25,0.0000,0.0,0.00
1765406879.450033,3,1404,1362,1765406879450,1765406879450,0,1.24,0.0000,0.0,0.00
1765406879.494598,3,1405,1363,1765406879491,1765406879494,3,1.24,0.0000,0.0,0.00
1765406879.533578,3,1406,1364,1765406879533,1765406879533,0,1.26,0.0000,0.0,0.00
1765406879.575617,3,1407,1365,1765406879575,1765406879575,0,1.26,0.0000,0.0,0.00
1765406879.617441,3,1408,1366,1765406879617,1765406879617,0,1.26,0.0000,0.0,0.00
1765406879.652590,3,1409,1367,1765406879651,1765406879651,0,1.36,0.0000,0.0,0.00
1765406879.694494,3,1410,1368,1765406879694,1765406879694,0,1.36,0.0000,0.0,0.00
1765406879.737015,3,1411,1369,1765406879737,1765406879737,0,1.38,0.0000,0.0,0.00
1765406879.778686,3,1412,1370,1765406879778,1765406879778,0,1.39,0.0000,0.0,0.00
1765406879.821484,3,1413,1371,1765406879820,1765406879820,0,1.39,0.0000,0.0,0.00
1765406879.864064,3,1414,1372,1765406879862,1765406879864,2,1.37,0.0000,0.0,0.00
1765406879.905685,3,1415,1373,1765406879905,1765406879905,0,1.36,0.0000,0.0,0.00
1765406879.950177,3,1416,1374,1765406879948,1765406879950,2,1.41,0.0000,0.0,0.00
1765406879.990274,3,1417,1375,1765406879990,1765406879990,0,1.44,0.0000,0.0,0.00
1765406880.033594,3,1418,1376,1765406880033,1765406880033,0,1.44,0.0000,0.0,0.00
1765406880.076185,3,1419,1377,1765406880076,1765406880076,0,1.44,0.0000,0.0,0.00
1765406880.118765,3,1420,1378,1765406880118,1765406880118,0,1.44,0.0000,0.0,0.00
1765406880.160702,3,1421,1379,1765406880160,1765406880160,0,1.43,0.0000,0.0,0.00
1765406880.202969,3,1422,1380,1765406880202,1765406880202,0,1.43,0.0000,0.0,0.00
1765406880.244934,3,1423,1381,1765406880244,1765406880244,0,1.37,0.0000,0.0,0.00
1765406880.287152,3,1424,1382,1765406880286,1765406880286,0,1.33,0.0000,0.0,0.00
1765406880.328286,3,1425,1383,1765406880328,1765406880328,0,1.29,0.0000,0.0,0.00
1765406880.371354,3,1426,1384,1765406880370,1765406880370,0,1.28,0.0000,0.0,0.00
1765406880.413856,3,1427,1386,1765406880413,1765406880413,0,1.30,0.0000,0.0,0.00
1765406880.455817,3,1428,1387,1765406880455,1765406880455,0,1.30,0.0000,0.0,0.00
1765406880.499986,3,1429,1388,1765406880497,1765406880497,0,1.30,0.0000,0.0,0.00
1765406880.539106,3,1430,1389,1765406880539,1765406880539,0,1.30,0.0000,0.0,0.00
1765406880.581791,3,1431,1390,1765406880580,1765406880581,1,1.30,0.0000,0.0,0.00
1765406880.623158,3,1432,1391,1765406880623,1765406880623,0,1.28,0.0000,0.0,0.00
1765406880.665705,3,1433,1392,1765406880665,1765406880665,0,1.28,0.0000,0.0,0.00
1765406880.707822,3,1434,1393,1765406880707,1765406880707,0,1.26,0.0000,0.0,0.00
1765406880.749448,3,1435,1394,1765406880749,1765406880749,0,1.26,0.0000,0.0,0.00
1765406880.791082,3,1436,1395,1765406880791,1765406880791,0,1.26,0.0000,0.0,0.00
1765406880.834179,3,1437,1396,1765406880833,1765406880834,1,1.26,0.0000,0.0,0.00
1765406880.874846,3,1438,1398,1765406880874,1765406880874,0,1.28,0.0000,0.0,0.00
1765406880.917434,3,1439,1399,1765406880917,1765406880917,0,1.21,0.0000,0.0,0.00
1765406880.958811,3,1440,1400,1765406880958,1765406880958,0,1.18,0.0000,0.0,0.00
1765406881.001592,3,1441,1401,1765406881001,1765406881001,0,1.11,0.0000,0.0,0.00
1765406881.044853,3,1442,1402,1765406881044,1765406881044,0,1.11,0.0000,0.0,0.00
1765406881.086332,3,1443,1403,1765406881086,1765406881086,0,1.04,0.0000,0.0,0.00
1765406881.129271,3,1444,1404,1765406881129,1765406881129,0,1.03,0.0000,0.0,0.00
1765406881.172047,3,1445,1405,1765406881172,1765406881172,0,1.04,0.0000,0.0,0.00
1765406881.213970,3,1446,1406,1765406881213,1765406881213,0,1.04,0.0000,0.0,0.00
1765406881.255821,3,1447,1407,1765406881255,1765406881255,0,1.02,0.0000,0.0,0.00
1765406881.299733,3,1448,1408,1765406881297,1765406881299,2,1.05,0.0000,0.0,0.00
1765406881.339745,3,1449,1409,1765406881339,1765406881339,0,1.07,0.0000,0.0,0.00
1765406881.384053,3,1450,1411,1765406881381,1765406881384,3,1.13,0.0000,0.0,0.00
1765406881.423615,3,1451,1412,1765406881423,1765406881423,0,1.15,0.0000,0.0,0.00
1765406881.465234,3,1452,1413,1765406881465,1765406881465,0,1.11,0.0000,0.0,0.00
1765406881.506799,3,1453,1414,1765406881506,1765406881506,0,1.10,0.0000,0.0,0.00
1765406881.548925,3,1454,1415,1765406881548,1765406881548,0,1.10,0.0000,0.0,0.00
1765406881.591255,3,1455,1416,1765406881590,1765406881591,1,1.10,0.0000,0.0,0.00
1765406881.633374,3,1456,1417,1765406881633,1765406881633,0,1.10,0.0000,0.0,0.00
1765406881.676474,3,1457,1418,1765406881676,1765406881676,0,1.10,0.0000,0.0,0.00
1765406881.718541,3,1458,1419,1765406881718,1765406881718,0,1.10,0.0000,0.0,0.00
1765406881.760548,3,1459,1420,1765406881760,1765406881760,0,1.06,0.0000,0.0,0.00
1765406881.797332,3,1460,1421,1765406881794,1765406881797,3,1.09,0.0000,0.0,0.00
1765406881.836987,3,1461,1422,1765406881835,1765406881835,0,1.16,0.0000,0.0,0.00
1765406881.879707,3,1462,1423,1765406881878,1765406881879,1,1.13,0.0000,0.0,0.00
1765406881.920364,3,1463,1424,1765406881920,1765406881920,0,1.12,0.0000,0.0,0.00
1765406881.965348,3,1464,1425,1765406881962,1765406881965,3,1.13,0.0000,0.0,0.00
1765406882.004517,3,1465,1426,1765406882004,1765406882004,0,1.18,0.0000,0.0,0.00
1765406882.048063,3,1466,1427,1765406882046,1765406882046,0,1.11,0.0000,0.0,0.00
1765406882.088604,3,1467,1428,1765406882088,1765406882088,0,1.11,0.0000,0.0,0.00
1765406882.130540,3,1468,1429,1765406882130,1765406882130,0,1.11,0.0000,0.0,0.00
1765406882.173681,3,1469,1431,1765406882173,1765406882173,0,0.94,0.0000,0.0,0.00
1765406882.216012,3,1470,1432,1765406882216,1765406882216,0,0.94,0.0000,0.0,0.00
1765406882.258277,3,1471,1433,1765406882258,1765406882258,0,0.92,0.0000,0.0,0.00
1765406882.300946,3,1472,1434,1765406882300,1765406882300,0,0.91,0.0000,0.0,0.00
1765406882.342605,3,1473,1435,1765406882342,1765406882342,0,0.91,0.0000,0.0,0.00
1765406882.384771,3,1474,1436,1765406882384,1765406882384,0,0.87,0.0000,0.0,0.00
1765406882.427799,3,1475,1437,1765406882427,1765406882427,0,0.88,0.0000,0.0,0.00
1765406882.470318,3,1476,1438,1765406882469,1765406882470,1,0.83,0.0000,0.0,0.00
1765406882.512442,3,1477,1439,1765406882512,1765406882512,0,0.81,0.0000,0.0,0.00
1765406882.591366,3,1478,1440,1765406882585,1765406882591,6,1.63,0.0000,0.0,0.00
1765406882.677765,3,1479,1441,1765406882673,1765406882677,4,2.76,0.0000,0.0,0.00
1765406882.716221,3,1480,1442,1765406882716,1765406882716,0,2.77,0.0000,0.0,0.00
1765406882.758454,3,1481,1443,1765406882758,1765406882758,0,2.77,0.0000,0.0,0.00
1765406882.794121,3,1482,1444,1765406882793,1765406882793,0,2.80,0.0000,0.0,0.00
1765406882.836003,3,1483,1445,1765406882836,1765406882836,0,2.79,0.0000,0.0,0.00
1765406882.880391,3,1484,1446,1765406882878,1765406882880,2,2.81,0.0000,0.0,0.00
1765406882.921041,3,1485,1447,1765406882921,1765406882921,0,2.82,0.0000,0.0,0.00
1765406882.963774,3,1486,1448,1765406882963,1765406882963,0,2.82,0.0000,0.0,0.00
1765406883.005207,3,1487,1449,1765406883005,1765406883005,0,2.82,0.0000,0.0,0.00
1765406883.047376,3,1488,1450,1765406883047,1765406883047,0,2.82,0.0000,0.0,0.00
1765406883.089810,3,1489,1451,1765406883089,1765406883089,0,2.82,0.0000,0.0,0.00
1765406883.131651,3,1490,1452,1765406883131,1765406883131,0,2.82,0.0000,0.0,0.00
1765406883.178189,3,1491,1453,1765406883174,1765406883177,3,2.90,0.0000,0.0,0.00
1765406883.216394,3,1492,1454,1765406883216,1765406883216,0,2.91,0.0000,0.0,0.00
1765406883.261420,3,1493,1455,1765406883258,1765406883261,3,2.95,0.0000,0.0,0.00
1765406883.301565,3,1494,1456,1765406883301,1765406883301,0,2.96,0.0000,0.0,0.00
1765406883.343986,3,1495,1457,1765406883343,1765406883343,0,2.96,0.0000,0.0,0.00
1765406883.386357,3,1496,1459,1765406883386,1765406883386,0,2.96,0.0000,0.0,0.00
1765406883.429454,3,1497,1461,1765406883429,1765406883429,0,2.96,0.0000,0.0,0.00
1765406883.475983,3,1498,1462,1765406883471,1765406883475,4,3.02,0.0000,0.0,0.00
1765406883.512647,3,1499,1463,1765406883512,1765406883512,0,3.05,0.0000,0.0,0.00
1765406883.556951,3,1500,1464,1765406883554,1765406883556,2,3.06,0.0000,0.0,0.00
1765406883.597121,3,1501,1465,1765406883596,1765406883596,0,3.08,0.0000,0.0,0.00
1765406883.639235,3,1502,1466,1765406883639,1765406883639,0,3.08,0.0000,0.0,0.00
1765406883.680982,3,1503,1467,1765406883680,1765406883680,0,3.08,0.0000,0.0,0.00
1765406883.723200,3,1504,1468,1765406883723,1765406883723,0,3.08,0.0000,0.0,0.00
1765406883.770744,3,1505,1469,1765406883766,1765406883769,3,3.15,0.0000,0.0,0.00
1765406883.808950,3,1506,1470,1765406883808,1765406883808,0,3.17,0.0000,0.0,0.00
1765406883.852728,3,1507,1471,1765406883851,1765406883852,1,3.18,0.0000,0.0,0.00
1765406883.894207,3,1508,1472,1765406883894,1765406883894,0,3.17,0.0000,0.0,0.00
1765406883.937036,3,1509,1473,1765406883937,1765406883937,0,3.15,0.0000,0.0,0.00
1765406883.979452,3,1510,1474,1765406883979,1765406883979,0,3.11,0.0000,0.0,0.00
1765406884.021835,3,1511,1475,1765406884021,1765406884021,0,3.09,0.0000,0.0,0.00
1765406884.067069,3,1512,1476,1765406884063,1765406884067,4,3.15,0.0000,0.0,0.00
1765406884.105087,3,1513,1477,1765406884105,1765406884105,0,3.17,0.0000,0.0,0.00
1765406884.150437,3,1514,1478,1765406884147,1765406884150,3,3.21,0.0000,0.0,0.00
1765406884.190339,3,1515,1479,1765406884190,1765406884190,0,3.23,0.0000,0.0,0.00
1765406884.232016,3,1516,1480,1765406884232,1765406884232,0,3.23,0.0000,0.0,0.00
1765406884.273887,3,1517,1481,1765406884273,1765406884273,0,3.24,0.0000,0.0,0.00
1765406884.315592,3,1518,1482,1765406884315,1765406884315,0,3.24,0.0000,0.0,0.00
1765406884.358377,3,1519,1483,1765406884358,1765406884358,0,3.24,0.0000,0.0,0.00
1765406884.401129,3,1520,1484,1765406884401,1765406884401,0,3.19,0.0000,0.0,0.00
1765406884.445581,3,1521,1485,1765406884443,1765406884445,2,3.17,0.0000,0.0,0.00
1765406884.484989,3,1522,1486,1765406884484,1765406884484,0,3.19,0.0000,0.0,0.00
1765406884.530670,3,1523,1487,1765406884527,1765406884529,2,3.21,0.0000,0.0,0.00
1765406884.569631,3,1524,1488,1765406884569,1765406884569,0,3.19,0.0000,0.0,0.00
1765406884.611671,3,1525,1489,1765406884611,1765406884611,0,3.17,0.0000,0.0,0.00
1765406884.655159,3,1526,1490,1765406884654,1765406884654,0,3.16,0.0000,0.0,0.00
1765406884.697167,3,1527,1491,1765406884697,1765406884697,0,3.16,0.0000,0.0,0.00
1765406884.739380,3,1528,1492,1765406884739,1765406884739,0,3.16,0.0000,0.0,0.00
1765406884.782053,3,1529,1493,1765406884782,1765406884782,0,3.16,0.0000,0.0,0.00
1765406884.824009,3,1530,1494,1765406884824,1765406884824,0,3.16,0.0000,0.0,0.00
1765406884.866229,3,1531,1495,1765406884866,1765406884866,0,3.16,0.0000,0.0,0.00
1765406884.908686,3,1532,1496,1765406884908,1765406884908,0,3.16,0.0000,0.0,0.00
1765406884.951174,3,1533,1497,1765406884951,1765406884951,0,3.16,0.0000,0.0,0.00
1765406884.993890,3,1534,1498,1765406884993,1765406884993,0,3.16,0.0000,0.0,0.00
1765406885.036577,3,1535,1499,1765406885036,1765406885036,0,3.16,0.0000,0.0,0.00
1765406885.080716,3,1536,1500,1765406885078,1765406885080,2,3.17,0.0000,0.0,0.00
1765406885.121820,3,1537,1501,1765406885120,1765406885120,0,3.18,0.0000,0.0,0.00
1765406885.165809,3,1538,1502,1765406885162,1765406885165,3,2.36,0.0000,0.0,0.00
1765406885.205526,3,1539,1503,1765406885205,1765406885205,0,1.58,0.0000,0.0,0.00
1765406885.248185,3,1540,1504,1765406885247,1765406885248,1,1.55,0.0000,0.0,0.00
1765406885.288607,3,1541,1505,1765406885288,1765406885288,0,1.58,0.0000,0.0,0.00
1765406885.331861,3,1542,1506,1765406885330,1765406885330,0,1.48,0.0000,0.0,0.00
1765406885.372134,3,1543,1508,1765406885372,1765406885372,0,1.47,0.0000,0.0,0.00
1765406885.413658,3,1544,1510,1765406885413,1765406885413,0,1.45,0.0000,0.0,0.00
1765406885.456365,3,1545,1511,1765406885456,1765406885456,0,1.45,0.0000,0.0,0.00
1765406885.499740,3,1546,1512,1765406885498,1765406885498,0,1.45,0.0000,0.0,0.00
1765406885.542672,3,1547,1513,1765406885541,1765406885541,0,1.46,0.0000,0.0,0.00
1765406885.584035,3,1548,1514,1765406885584,1765406885584,0,1.47,0.0000,0.0,0.00
1765406885.628854,3,1549,1515,1765406885626,1765406885628,2,1.49,0.0000,0.0,0.00
1765406885.668180,3,1550,1516,1765406885668,1765406885668,0,1.53,0.0000,0.0,0.00
1765406885.710109,3,1551,1517,1765406885710,1765406885710,0,1.46,0.0000,0.0,0.00
1765406885.752301,3,1552,1518,1765406885752,1765406885752,0,1.42,0.0000,0.0,0.00
1765406885.794654,3,1553,1519,1765406885794,1765406885794,0,1.37,0.0000,0.0,0.00
1765406885.836839,3,1554,1520,1765406885836,1765406885836,0,1.34,0.0000,0.0,0.00
1765406885.879465,3,1555,1521,1765406885879,1765406885879,0,1.35,0.0000,0.0,0.00
1765406885.922382,3,1556,1522,1765406885921,1765406885921,0,1.34,0.0000,0.0,0.00
1765406885.964478,3,1557,1523,1765406885964,1765406885964,0,1.34,0.0000,0.0,0.00
1765406886.007084,3,1558,1524,1765406886006,1765406886007,1,1.29,0.0000,0.0,0.00
1765406886.049949,3,1559,1525,1765406886048,1765406886048,0,1.23,0.0000,0.0,0.00
1765406886.092688,3,1560,1526,1765406886091,1765406886092,1,1.23,0.0000,0.0,0.00
1765406886.133729,3,1561,1527,1765406886133,1765406886133,0,1.21,0.0000,0.0,0.00
1765406886.176163,3,1562,1528,1765406886176,1765406886176,0,1.21,0.0000,0.0,0.00
1765406886.217659,3,1563,1529,1765406886217,1765406886217,0,1.21,0.0000,0.0,0.00
1765406886.259989,3,1564,1530,1765406886259,1765406886259,0,1.20,0.0000,0.0,0.00
1765406886.302025,3,1565,1531,1765406886302,1765406886302,0,1.15,0.0000,0.0,0.00
1765406886.344398,3,1566,1532,1765406886344,1765406886344,0,1.10,0.0000,0.0,0.00
1765406886.386333,3,1567,1533,1765406886386,1765406886386,0,1.07,0.0000,0.0,0.00
1765406886.428170,3,1568,1534,1765406886428,1765406886428,0,1.07,0.0000,0.0,0.00
1765406886.465681,3,1569,1536,1765406886462,1765406886465,3,1.13,0.0000,0.0,0.00
1765406886.504446,3,1570,1537,1765406886504,1765406886504,0,1.17,0.0000,0.0,0.00
1765406886.546624,3,1571,1538,1765406886546,1765406886546,0,1.17,0.0000,0.0,0.00
1765406886.588673,3,1572,1539,1765406886588,1765406886588,0,1.09,0.0000,0.0,0.00
1765406886.630938,3,1573,1540,1765406886630,1765406886630,0,1.04,0.0000,0.0,0.00
1765406886.673041,3,1574,1541,1765406886673,1765406886673,0,0.99,0.0000,0.0,0.00
1765406886.714911,3,1575,1542,1765406886714,1765406886714,0,0.98,0.0000,0.0,0.00
1765406886.757559,3,1576,1543,1765406886757,1765406886757,0,1.00,0.0000,0.0,0.00
1765406886.799796,3,1577,1544,1765406886799,1765406886799,0,0.99,0.0000,0.0,0.00
1765406886.862487,3,1578,1545,1765406886856,1765406886862,6,1.39,0.0000,0.0,0.00
1765406886.905372,3,1579,1546,1765406886896,1765406886903,7,1.40,0.0000,0.0,0.00
1765406886.939531,3,1580,1547,1765406886938,1765406886938,0,1.48,0.0000,0.0,0.00
1765406886.983145,3,1581,1548,1765406886981,1765406886983,2,1.50,0.0000,0.0,0.00
1765406887.022666,3,1582,1549,1765406887022,1765406887022,0,1.50,0.0000,0.0,0.00
1765406887.065067,3,1583,1550,1765406887065,1765406887065,0,1.46,0.0000,0.0,0.00
1765406887.106986,3,1584,1551,1765406887106,1765406887106,0,1.45,0.0000,0.0,0.00
1765406887.149730,3,1585,1552,1765406887149,1765406887149,0,1.46,0.0000,0.0,0.00
1765406887.194440,3,1586,1553,1765406887190,1765406887194,4,1.50,0.0000,0.0,0.00
1765406887.233148,3,1587,1554,1765406887233,1765406887233,0,1.53,0.0000,0.0,0.00
1765406887.277140,3,1588,1555,1765406887275,1765406887275,0,1.53,0.0000,0.0,0.00
1765406887.318172,3,1589,1556,1765406887318,1765406887318,0,1.53,0.0000,0.0,0.00
1765406887.362754,3,1590,1557,1765406887360,1765406887362,2,1.56,0.0000,0.0,0.00
1765406887.402823,3,1591,1559,1765406887402,1765406887402,0,1.59,0.0000,0.0,0.00
1765406887.445793,3,1592,1560,1765406887444,1765406887445,1,1.60,0.0000,0.0,0.00
1765406887.486276,3,1593,1561,1765406887486,1765406887486,0,1.60,0.0000,0.0,0.00
1765406887.528024,3,1594,1562,1765406887528,1765406887528,0,1.60,0.0000,0.0,0.00
1765406887.569986,3,1595,1563,1765406887569,1765406887569,0,1.60,0.0000,0.0,0.00
1765406887.611932,3,1596,1564,1765406887611,1765406887611,0,1.57,0.0000,0.0,0.00
1765406887.654455,3,1597,1565,1765406887653,1765406887653,0,1.54,0.0000,0.0,0.00
1765406887.695964,3,1598,1566,1765406887695,1765406887695,0,1.48,0.0000,0.0,0.00
1765406887.739029,3,1599,1567,1765406887739,1765406887739,0,1.50,0.0000,0.0,0.00
1765406887.780729,3,1600,1568,1765406887780,1765406887780,0,1.49,0.0000,0.0,0.00
1765406887.822975,3,1601,1569,1765406887822,1765406887822,0,1.47,0.0000,0.0,0.00
1765406887.866215,3,1602,1570,1765406887865,1765406887866,1,1.50,0.0000,0.0,0.00
1765406887.907069,3,1603,1571,1765406887907,1765406887907,0,1.52,0.0000,0.0,0.00
1765406887.948600,3,1604,1572,1765406887948,1765406887948,0,1.52,0.0000,0.0,0.00
1765406887.989923,3,1605,1573,1765406887989,1765406887989,0,1.52,0.0000,0.0,0.00
1765406888.036422,3,1606,1575,1765406888032,1765406888036,4,1.61,0.0000,0.0,0.00
1765406888.074822,3,1607,1576,1765406888074,1765406888074,0,1.65,0.0000,0.0,0.00
1765406888.116369,3,1608,1577,1765406888116,1765406888116,0,1.63,0.0000,0.0,0.00
1765406888.158555,3,1609,1578,1765406888158,1765406888158,0,1.59,0.0000,0.0,0.00
1765406888.201447,3,1610,1579,1765406888201,1765406888201,0,1.59,0.0000,0.0,0.00
1765406888.243336,3,1611,1580,1765406888243,1765406888243,0,1.59,0.0000,0.0,0.00
1765406888.285755,3,1612,1581,1765406888285,1765406888285,0,1.59,0.0000,0.0,0.00
1765406888.330382,3,1613,1582,1765406888328,1765406888329,1,1.62,0.0000,0.0,0.00
1765406888.369972,3,1614,1583,1765406888369,1765406888369,0,1.65,0.0000,0.0,0.00
1765406888.412179,3,1615,1584,1765406888412,1765406888412,0,1.65,0.0000,0.0,0.00
1765406888.453851,3,1616,1585,1765406888453,1765406888453,0,1.66,0.0000,0.0,0.00
1765406888.495321,3,1617,1586,1765406888495,1765406888495,0,1.64,0.0000,0.0,0.00
1765406888.537729,3,1618,1587,1765406888537,1765406888537,0,1.63,0.0000,0.0,0.00
1765406888.579791,3,1619,1588,1765406888579,1765406888579,0,1.62,0.0000,0.0,0.00
1765406888.622494,3,1620,1589,1765406888622,1765406888622,0,1.59,0.0000,0.0,0.00
1765406888.664544,3,1621,1590,1765406888664,1765406888664,0,1.58,0.0000,0.0,0.00
1765406888.705869,3,1622,1591,1765406888705,1765406888705,0,1.58,0.0000,0.0,0.00
1765406888.748624,3,1623,1593,1765406888748,1765406888748,0,1.58,0.0000,0.0,0.00
1765406888.794807,3,1624,1594,1765406888791,1765406888794,3,1.67,0.0000,0.0,0.00
1765406888.833337,3,1625,1595,1765406888832,1765406888833,1,1.68,0.0000,0.0,0.00
1765406888.877070,3,1626,1596,1765406888875,1765406888877,2,1.72,0.0000,0.0,0.00
1765406888.917663,3,1627,1597,1765406888917,1765406888917,0,1.74,0.0000,0.0,0.00
1765406888.960257,3,1628,1598,1765406888960,1765406888960,0,1.76,0.0000,0.0,0.00
1765406889.002869,3,1629,1599,1765406889002,1765406889002,0,1.70,0.0000,0.0,0.00
1765406889.044711,3,1630,1600,1765406889044,1765406889044,0,1.67,0.0000,0.0,0.00
1765406889.086895,3,1631,1601,1765406889086,1765406889086,0,1.67,0.0000,0.0,0.00
1765406889.128639,3,1632,1602,1765406889128,1765406889128,0,1.67,0.0000,0.0,0.00
1765406889.174369,3,1633,1603,1765406889171,1765406889174,3,1.74,0.0000,0.0,0.00
1765406889.213931,3,1634,1604,1765406889213,1765406889213,0,1.77,0.0000,0.0,0.00
1765406889.259365,3,1635,1605,1765406889256,1765406889258,2,1.81,0.0000,0.0,0.00
1765406889.298673,3,1636,1606,1765406889298,1765406889298,0,1.82,0.0000,0.0,0.00
1765406889.344266,3,1637,1607,1765406889339,1765406889343,4,1.87,0.0000,0.0,0.00
1765406889.381924,3,1638,1608,1765406889381,1765406889381,0,1.49,0.0000,0.0,0.00
1765406889.428052,3,1639,1610,1765406889423,1765406889427,4,1.55,0.0000,0.0,0.00
1765406889.466376,3,1640,1612,1765406889466,1765406889466,0,1.50,0.0000,0.0,0.00
1765406889.510026,3,1641,1613,1765406889509,1765406889510,1,1.48,0.0000,0.0,0.00
1765406889.550127,3,1642,1614,1765406889550,1765406889550,0,1.47,0.0000,0.0,0.00
1765406889.594921,3,1643,1615,1765406889592,1765406889594,2,1.49,0.0000,0.0,0.00
1765406889.634143,3,1644,1616,1765406889634,1765406889634,0,1.50,0.0000,0.0,0.00
1765406889.677464,3,1645,1617,1765406889677,1765406889677,0,1.50,0.0000,0.0,0.00
1765406889.719246,3,1646,1618,1765406889719,1765406889719,0,1.44,0.0000,0.0,0.00
1765406889.762682,3,1647,1619,1765406889762,1765406889762,0,1.42,0.0000,0.0,0.00
1765406889.804349,3,1648,1620,1765406889803,1765406889804,1,1.42,0.0000,0.0,0.00
1765406889.837946,3,1649,1621,1765406889837,1765406889837,0,1.52,0.0000,0.0,0.00
1765406889.880111,3,1650,1622,1765406889880,1765406889880,0,1.51,0.0000,0.0,0.00
1765406889.922187,3,1651,1623,1765406889922,1765406889922,0,1.47,0.0000,0.0,0.00
1765406889.964096,3,1652,1624,1765406889964,1765406889964,0,1.46,0.0000,0.0,0.00
1765406890.005838,3,1653,1625,1765406890005,1765406890005,0,1.46,0.0000,0.0,0.00
1765406890.048480,3,1654,1626,1765406890048,1765406890048,0,1.47,0.0000,0.0,0.00
1765406890.089665,3,1655,1627,1765406890089,1765406890089,0,1.47,0.0000,0.0,0.00
1765406890.131543,3,1656,1628,1765406890131,1765406890131,0,1.47,0.0000,0.0,0.00
1765406890.176613,3,1657,1629,1765406890173,1765406890176,3,1.53,0.0000,0.0,0.00
1765406890.215367,3,1658,1630,1765406890215,1765406890215,0,1.57,0.0000,0.0,0.00
1765406890.258552,3,1659,1631,1765406890257,1765406890258,1,1.56,0.0000,0.0,0.00
1765406890.298651,3,1660,1632,1765406890298,1765406890298,0,1.58,0.0000,0.0,0.00
1765406890.340126,3,1661,1633,1765406890340,1765406890340,0,1.58,0.0000,0.0,0.00
1765406890.381929,3,1662,1634,1765406890381,1765406890381,0,1.58,0.0000,0.0,0.00
1765406890.424330,3,1663,1636,1765406890423,1765406890424,1,1.57,0.0000,0.0,0.00
1765406890.465664,3,1664,1637,1765406890465,1765406890465,0,1.57,0.0000,0.0,0.00
1765406890.507603,3,1665,1638,1765406890507,1765406890507,0,1.55,0.0000,0.0,0.00
1765406890.549944,3,1666,1639,1765406890549,1765406890549,0,1.49,0.0000,0.0,0.00
1765406890.592262,3,1667,1640,1765406890592,1765406890592,0,1.41,0.0000,0.0,0.00
1765406890.633750,3,1668,1641,1765406890633,1765406890633,0,1.43,0.0000,0.0,0.00
1765406890.675939,3,1669,1642,1765406890675,1765406890675,0,1.43,0.0000,0.0,0.00
1765406890.722468,3,1670,1643,1765406890718,1765406890721,3,1.47,0.0000,0.0,0.00
1765406890.759870,3,1671,1644,1765406890759,1765406890759,0,1.56,0.0000,0.0,0.00
1765406890.805726,3,1672,1645,1765406890802,1765406890804,2,1.59,0.0000,0.0,0.00
1765406890.845387,3,1673,1646,1765406890845,1765406890845,0,1.59,0.0000,0.0,0.00
1765406890.888772,3,1674,1647,1765406890887,1765406890887,0,1.54,0.0000,0.0,0.00
1765406890.929459,3,1675,1648,1765406890929,1765406890929,0,1.53,0.0000,0.0,0.00
1765406890.973742,3,1676,1649,1765406890971,1765406890973,2,1.53,0.0000,0.0,0.00
1765406891.014104,3,1677,1650,1765406891013,1765406891013,0,1.58,0.0000,0.0,0.00
1765406891.056562,3,1678,1651,1765406891055,1765406891056,1,1.59,0.0000,0.0,0.00
1765406891.097673,3,1679,1652,1765406891097,1765406891097,0,1.61,0.0000,0.0,0.00
1765406891.139828,3,1680,1653,1765406891139,1765406891139,0,1.60,0.0000,0.0,0.00
1765406891.182547,3,1681,1654,1765406891182,1765406891182,0,1.61,0.0000,0.0,0.00
1765406891.224282,3,1682,1655,1765406891224,1765406891224,0,1.59,0.0000,0.0,0.00
1765406891.265821,3,1683,1656,1765406891265,1765406891265,0,1.60,0.0000,0.0,0.00
1765406891.308170,3,1684,1657,1765406891308,1765406891308,0,1.56,0.0000,0.0,0.00
1765406891.351554,3,1685,1658,1765406891350,1765406891350,0,1.50,0.0000,0.0,0.00
1765406891.392864,3,1686,1659,1765406891392,1765406891392,0,1.48,0.0000,0.0,0.00
1765406891.438072,3,1687,1661,1765406891435,1765406891438,3,1.49,0.0000,0.0,0.00
1765406891.478025,3,1688,1662,1765406891477,1765406891477,0,1.53,0.0000,0.0,0.00
1765406891.521353,3,1689,1663,1765406891519,1765406891520,1,1.54,0.0000,0.0,0.00
1765406891.560986,3,1690,1664,1765406891560,1765406891560,0,1.59,0.0000,0.0,0.00
1765406891.603781,3,1691,1665,1765406891602,1765406891603,1,1.60,0.0000,0.0,0.00
1765406891.644938,3,1692,1666,1765406891644,1765406891644,0,1.62,0.0000,0.0,0.00
1765406891.687872,3,1693,1667,1765406891687,1765406891687,0,1.58,0.0000,0.0,0.00
1765406891.729354,3,1694,1668,1765406891729,1765406891729,0,1.52,0.0000,0.0,0.00
1765406891.771068,3,1695,1669,1765406891771,1765406891771,0,1.49,0.0000,0.0,0.00
1765406891.813774,3,1696,1670,1765406891813,1765406891813,0,1.44,0.0000,0.0,0.00
1765406891.855875,3,1697,1671,1765406891855,1765406891855,0,1.41,0.0000,0.0,0.00
1765406891.901642,3,1698,1672,1765406891898,1765406891901,3,1.37,0.0000,0.0,0.00
1765406891.941525,3,1699,1673,1765406891941,1765406891941,0,1.37,0.0000,0.0,0.00
1765406891.983951,3,1700,1675,1765406891983,1765406891983,0,1.30,0.0000,0.0,0.00
1765406892.026306,3,1701,1676,1765406892026,1765406892026,0,1.29,0.0000,0.0,0.00
1765406892.070979,3,1702,1677,1765406892067,1765406892069,2,1.26,0.0000,0.0,0.00
1765406892.109690,3,1703,1678,1765406892109,1765406892109,0,1.28,0.0000,0.0,0.00
1765406892.153466,3,1704,1679,1765406892151,1765406892152,1,1.25,0.0000,0.0,0.00
1765406892.194541,3,1705,1680,1765406892194,1765406892194,0,1.24,0.0000,0.0,0.00
1765406892.236645,3,1706,1681,1765406892236,1765406892236,0,1.24,0.0000,0.0,0.00
1765406892.278876,3,1707,1682,1765406892278,1765406892278,0,1.23,0.0000,0.0,0.00
1765406892.320884,3,1708,1683,1765406892320,1765406892320,0,1.23,0.0000,0.0,0.00
1765406892.363015,3,1709,1684,1765406892362,1765406892362,0,1.08,0.0000,0.0,0.00
1765406892.404300,3,1710,1685,1765406892404,1765406892404,0,1.06,0.0000,0.0,0.00
1765406892.445957,3,1711,1686,1765406892445,1765406892445,0,1.07,0.0000,0.0,0.00
1765406892.488698,3,1712,1688,1765406892488,1765406892488,0,1.09,0.0000,0.0,0.00
1765406892.533174,3,1713,1689,1765406892531,1765406892533,2,1.14,0.0000,0.0,0.00
1765406892.573265,3,1714,1690,1765406892573,1765406892573,0,1.14,0.0000,0.0,0.00
1765406892.615593,3,1715,1691,1765406892615,1765406892615,0,1.13,0.0000,0.0,0.00
1765406892.658561,3,1716,1692,1765406892658,1765406892658,0,1.15,0.0000,0.0,0.00
1765406892.700694,3,1717,1693,1765406892700,1765406892700,0,1.09,0.0000,0.0,0.00
1765406892.743009,3,1718,1694,1765406892743,1765406892743,0,1.07,0.0000,0.0,0.00
1765406892.785261,3,1719,1695,1765406892785,1765406892785,0,1.06,0.0000,0.0,0.00
1765406892.830598,3,1720,1696,1765406892828,1765406892830,2,1.09,0.0000,0.0,0.00
1765406892.871457,3,1721,1697,1765406892870,1765406892870,0,1.12,0.0000,0.0,0.00
1765406892.913664,3,1722,1698,1765406892913,1765406892913,0,1.12,0.0000,0.0,0.00
1765406892.955914,3,1723,1699,1765406892955,1765406892955,0,1.10,0.0000,0.0,0.00
1765406892.998068,3,1724,1700,1765406892998,1765406892998,0,1.11,0.0000,0.0,0.00
1765406893.043512,3,1725,1701,1765406893040,1765406893043,3,1.16,0.0000,0.0,0.00
1765406893.086156,3,1726,1702,1765406893082,1765406893085,3,1.16,0.0000,0.0,0.00
1765406893.127073,3,1727,1703,1765406893124,1765406893125,1,1.17,0.0000,0.0,0.00
1765406893.166117,3,1728,1704,1765406893166,1765406893166,0,1.17,0.0000,0.0,0.00
1765406893.210121,3,1729,1705,1765406893209,1765406893210,1,1.21,0.0000,0.0,0.00
1765406893.251591,3,1730,1706,1765406893251,1765406893251,0,1.14,0.0000,0.0,0.00
1765406893.294784,3,1731,1707,1765406893294,1765406893294,0,1.11,0.0000,0.0,0.00
1765406893.336777,3,1732,1708,1765406893336,1765406893336,0,1.05,0.0000,0.0,0.00
1765406893.378658,3,1733,1709,1765406893378,1765406893378,0,1.04,0.0000,0.0,0.00
1765406893.420793,3,1734,1710,1765406893420,1765406893420,0,1.04,0.0000,0.0,0.00
1765406893.462994,3,1735,1712,1765406893462,1765406893462,0,1.04,0.0000,0.0,0.00
1765406893.505419,3,1736,1713,1765406893505,1765406893505,0,1.02,0.0000,0.0,0.00
1765406893.547328,3,1737,1714,1765406893547,1765406893547,0,1.00,0.0000,0.0,0.00
1765406893.593215,3,1738,1715,1765406893589,1765406893592,3,1.04,0.0000,0.0,0.00
1765406893.632396,3,1739,1716,1765406893632,1765406893632,0,1.05,0.0000,0.0,0.00
1765406893.673589,3,1740,1717,1765406893673,1765406893673,0,1.06,0.0000,0.0,0.00
1765406893.716206,3,1741,1718,1765406893716,1765406893716,0,1.06,0.0000,0.0,0.00
1765406893.758924,3,1742,1719,1765406893758,1765406893758,0,1.06,0.0000,0.0,0.00
1765406893.800750,3,1743,1720,1765406893800,1765406893800,0,1.05,0.0000,0.0,0.00
1765406893.843720,3,1744,1722,1765406893843,1765406893843,0,1.05,0.0000,0.0,0.00
1765406893.887198,3,1745,1723,1765406893885,1765406893887,2,1.08,0.0000,0.0,0.00
1765406893.928476,3,1746,1724,1765406893928,1765406893928,0,1.10,0.0000,0.0,0.00
1765406893.970605,3,1747,1725,1765406893970,1765406893970,0,1.02,0.0000,0.0,0.00
1765406894.013175,3,1748,1726,1765406894013,1765406894013,0,1.00,0.0000,0.0,0.00
1765406894.055100,3,1749,1727,1765406894055,1765406894055,0,0.98,0.0000,0.0,0.00
1765406894.097309,3,1750,1728,1765406894096,1765406894096,0,0.97,0.0000,0.0,0.00
1765406894.139432,3,1751,1729,1765406894139,1765406894139,0,0.97,0.0000,0.0,0.00
1765406894.181252,3,1752,1731,1765406894181,1765406894181,0,0.96,0.0000,0.0,0.00
1765406894.224253,3,1753,1732,1765406894224,1765406894224,0,0.96,0.0000,0.0,0.00
1765406894.266706,3,1754,1733,1765406894266,1765406894266,0,0.96,0.0000,0.0,0.00
1765406894.308564,3,1755,1734,1765406894308,1765406894308,0,0.96,0.0000,0.0,0.00
1765406894.351501,3,1756,1735,1765406894351,1765406894351,0,0.97,0.0000,0.0,0.00
1765406894.393788,3,1757,1736,1765406894393,1765406894393,0,0.97,0.0000,0.0,0.00
1765406894.436705,3,1758,1737,1765406894436,1765406894436,0,0.91,0.0000,0.0,0.00
1765406894.479029,3,1759,1738,1765406894479,1765406894479,0,0.89,0.0000,0.0,0.00
1765406894.520934,3,1760,1739,1765406894520,1765406894520,0,0.91,0.0000,0.0,0.00
1765406894.566494,3,1761,1740,1765406894563,1765406894566,3,0.97,0.0000,0.0,0.00
1765406894.605224,3,1762,1741,1765406894605,1765406894605,0,1.00,0.0000,0.0,0.00
1765406894.647813,3,1763,1742,1765406894647,1765406894647,0,0.97,0.0000,0.0,0.00
1765406894.689454,3,1764,1743,1765406894689,1765406894689,0,0.96,0.0000,0.0,0.00
1765406894.734209,3,1765,1744,1765406894731,1765406894734,3,1.01,0.0000,0.0,0.00
1765406894.773959,3,1766,1745,1765406894773,1765406894773,0,1.05,0.0000,0.0,0.00
1765406894.816766,3,1767,1746,1765406894816,1765406894816,0,1.06,0.0000,0.0,0.00
1765406894.859344,3,1768,1747,1765406894859,1765406894859,0,1.07,0.0000,0.0,0.00
1765406894.981307,3,1769,1748,1765406894894,1765406894976,82,2.80,0.0000,0.0,0.00
