time,snapshot_id,player_id,server_row,server_col,display_row,display_col
1765406825.386530,132,4,6,7,6,7
1765406825.400721,132,4,6,7,6,7
1765406825.417413,132,4,6,7,6,7
1765406825.433589,133,4,6,7,6,7
1765406825.449714,133,4,6,7,6,7
1765406825.465793,133,4,6,7,6,7
1765406825.482147,134,4,6,7,6,7
1765406825.498902,134,4,6,7,6,7
1765406825.515957,135,4,6,7,6,7
1765406825.533032,135,4,6,7,6,7
1765406825.550226,135,4,6,7,6,7
1765406825.566845,136,4,6,7,6,7
1765406825.583961,136,4,6,7,6,7
1765406825.601178,137,4,6,7,6,7
1765406825.617636,137,4,6,7,6,7
1765406825.633298,137,4,6,7,6,7
1765406825.650314,138,4,6,7,6,7
1765406825.666420,138,4,6,7,6,7
1765406825.682800,139,4,6,7,6,7
1765406825.699084,139,4,6,7,6,7
1765406825.716202,139,4,6,7,6,7
1765406825.731998,140,4,6,7,6,7
1765406825.748407,140,4,6,7,6,7
1765406825.765704,141,4,6,7,6,7
1765406825.782013,141,4,6,7,6,7
1765406825.798545,141,4,6,7,6,7
1765406825.839226,142,4,6,7,6,7
1765406825.856378,142,4,6,7,6,7
1765406825.872525,142,4,6,7,6,7
1765406825.888550,143,4,6,7,6,7
1765406825.904584,143,4,6,7,6,7
1765406825.920983,143,4,6,7,6,7
1765406825.937589,144,4,6,7,6,7
1765406825.954049,145,4,6,7,6,7
1765406825.970729,145,4,6,7,6,7
1765406825.986860,145,4,6,7,6,7
1765406826.004323,146,4,5,7,5,7
1765406826.020293,146,4,5,7,5,7
1765406826.037082,146,4,5,7,5,7
1765406826.053887,147,4,5,7,5,7
1765406826.070106,147,4,5,7,5,7
1765406826.086970,148,4,5,7,5,7
1765406826.103609,148,4,5,7,5,7
1765406826.120092,148,4,5,7,5,7
1765406826.136373,149,4,5,7,5,7
1765406826.153537,149,4,5,7,5,7
1765406826.169709,150,4,5,7,5,7
1765406826.185462,150,4,5,7,5,7
1765406826.201841,150,4,5,7,5,7
1765406826.219105,151,4,5,7,5,7
1765406826.235712,151,4,5,7,5,7
1765406826.251894,152,4,5,7,5,7
1765406826.269534,152,4,5,7,5,7
1765406826.286653,152,4,5,7,5,7
1765406826.302900,153,4,5,7,5,7
1765406826.319458,153,4,5,7,5,7
1765406826.336596,154,4,5,7,5,7
1765406826.352885,154,4,5,7,5,7
1765406826.370296,154,4,5,7,5,7
1765406826.386968,155,4,5,7,5,7
1765406826.403633,155,4,5,7,5,7
1765406826.420254,156,4,5,7,5,7
1765406826.436586,156,4,5,7,5,7
1765406826.452370,156,4,5,7,5,7
1765406826.468825,157,4,5,7,5,7
1765406826.485816,157,4,5,7,5,7
1765406826.502067,157,4,5,7,5,7
1765406826.519519,158,4,5,7,5,7
1765406826.535882,158,4,5,7,5,7
1765406826.552821,159,4,5,7,5,7
1765406826.569665,159,4,5,7,5,7
1765406826.586586,159,4,5,7,5,7
1765406826.603182,160,4,5,7,5,7
1765406826.619241,160,4,5,7,5,7
1765406826.635157,161,4,5,7,5,7
1765406826.651868,161,4,5,7,5,7
1765406826.668701,161,4,5,7,5,7
1765406826.685515,162,4,5,7,5,7
1765406826.703196,162,4,5,7,5,7
1765406826.720174,163,4,5,7,5,7
1765406826.736658,163,4,5,7,5,7
1765406826.752487,163,4,5,7,5,7
1765406826.768966,164,4,5,7,5,7
1765406826.785443,164,4,5,7,5,7
1765406826.802616,165,4,5,7,5,7
1765406826.818646,165,4,5,7,5,7
1765406826.834908,165,4,5,7,5,7
1765406826.851454,166,4,5,7,5,7
1765406826.868243,166,4,5,7,5,7
1765406826.884632,167,4,5,7,5,7
1765406826.900274,167,4,5,7,5,7
1765406826.916767,167,4,5,7,5,7
1765406826.933340,168,4,5,7,5,7
1765406826.950256,168,4,5,7,5,7
1765406826.966766,168,4,5,7,5,7
1765406826.982565,169,4,4,7,4,7
1765406826.999397,169,4,4,7,4,7
1765406827.016299,170,4,4,7,4,7
1765406827.032722,170,4,4,7,4,7
1765406827.048112,170,4,4,7,4,7
1765406827.065720,171,4,4,7,4,7
1765406827.081417,171,4,4,7,4,7
1765406827.097271,172,4,4,7,4,7
1765406827.113754,172,4,4,7,4,7
1765406827.130576,172,4,4,7,4,7
1765406827.147585,173,4,4,7,4,7
1765406827.163939,173,4,4,7,4,7
1765406827.180561,174,4,4,7,4,7
1765406827.197424,174,4,4,7,4,7
1765406827.213789,174,4,4,7,4,7
1765406827.231095,175,4,4,7,4,7
1765406827.246997,175,4,4,7,4,7
1765406827.263608,176,4,4,7,4,7
1765406827.279366,176,4,4,7,4,7
1765406827.295857,176,4,4,7,4,7
1765406827.312937,177,4,4,7,4,7
1765406827.329486,177,4,4,7,4,7
1765406827.345713,177,4,4,7,4,7
1765406827.361045,178,4,3,7,3,7
1765406827.377944,178,4,3,7,3,7
1765406827.396863,179,4,3,7,3,7
1765406827.413287,179,4,3,7,3,7
1765406827.429143,179,4,3,7,3,7
1765406827.445456,180,4,3,7,3,7
1765406827.461602,180,4,3,7,3,7
1765406827.477811,181,4,3,7,3,7
1765406827.494891,181,4,3,7,3,7
1765406827.511523,181,4,3,7,3,7
1765406827.527679,182,4,3,7,3,7
1765406827.544246,182,4,3,7,3,7
1765406827.560183,183,4,3,7,3,7
1765406827.576975,183,4,3,7,3,7
1765406827.593805,183,4,3,7,3,7
1765406827.610704,184,4,3,7,3,7
1765406827.626474,184,4,3,7,3,7
1765406827.642429,184,4,3,7,3,7
1765406827.658699,185,4,3,7,3,7
1765406827.674672,185,4,3,7,3,7
1765406827.690773,186,4,3,7,3,7
1765406827.707103,186,4,3,7,3,7
1765406827.723998,186,4,3,7,3,7
1765406827.741082,187,4,3,7,3,7
1765406827.758468,187,4,3,7,3,7
1765406827.774860,188,4,3,7,3,7
1765406827.791665,188,4,3,7,3,7
1765406827.807783,188,4,3,7,3,7
1765406827.823820,189,4,3,7,3,7
1765406827.841023,189,4,3,7,3,7
1765406827.857367,190,4,3,7,3,7
1765406827.874349,190,4,3,7,3,7
1765406827.890855,190,4,3,7,3,7
1765406827.907810,191,4,3,7,3,7
1765406827.925720,191,4,3,7,3,7
1765406827.941555,192,4,3,7,3,7
1765406827.957685,192,4,3,7,3,7
1765406827.973865,192,4,3,7,3,7
1765406827.991716,193,4,3,7,3,7
1765406828.007982,193,4,3,7,3,7
1765406828.026699,194,4,3,7,3,7
1765406828.042606,194,4,3,7,3,7
1765406828.058502,194,4,3,7,3,7
1765406828.074608,195,4,3,7,3,7
1765406828.090625,195,4,3,7,3,7
1765406828.106649,195,4,3,7,3,7
1765406828.123003,196,4,3,7,3,7
1765406828.139562,196,4,3,7,3,7
1765406828.156277,197,4,3,7,3,7
1765406828.172261,197,4,3,7,3,7
1765406828.189511,197,4,3,7,3,7
1765406828.205797,198,4,3,7,3,7
1765406828.223042,198,4,3,7,3,7
1765406828.239197,199,4,3,7,3,7
1765406828.255972,199,4,3,7,3,7
1765406828.272858,199,4,3,7,3,7
1765406828.289684,200,4,3,7,3,7
1765406828.305609,200,4,3,7,3,7
1765406828.322367,201,4,3,7,3,7
1765406828.338130,201,4,3,7,3,7
1765406828.354544,201,4,3,7,3,7
1765406828.371178,202,4,3,7,3,7
1765406828.388414,202,4,3,7,3,7
1765406828.404385,203,4,3,7,3,7
1765406828.420966,203,4,3,7,3,7
1765406828.438905,203,4,3,7,3,7
1765406828.457104,204,4,3,7,3,7
1765406828.474508,204,4,3,7,3,7
1765406828.491237,205,4,3,7,3,7
1765406828.507844,205,4,3,7,3,7
1765406828.525526,206,4,3,7,3,7
1765406828.542117,206,4,3,7,3,7
1765406828.559178,206,4,3,7,3,7
1765406828.575059,207,4,3,8,3,8
1765406828.591320,207,4,3,8,3,8
1765406828.607968,207,4,3,8,3,8
1765406828.625563,208,4,3,8,3,8
1765406828.642066,208,4,3,8,3,8
1765406828.658727,209,4,3,8,3,8
1765406828.674712,209,4,3,8,3,8
1765406828.691329,209,4,3,8,3,8
1765406828.707326,210,4,3,8,3,8
1765406828.723848,210,4,3,8,3,8
1765406828.741386,211,4,3,8,3,8
1765406828.757108,211,4,3,8,3,8
1765406828.774343,211,4,3,8,3,8
1765406828.790827,212,4,3,8,3,8
1765406828.809052,212,4,3,8,3,8
1765406828.825787,213,4,3,8,3,8
1765406828.843036,213,4,3,8,3,8
1765406828.859857,213,4,3,8,3,8
1765406828.877043,214,4,3,8,3,8
1765406828.893218,214,4,3,8,3,8
1765406828.910012,215,4,3,8,3,8
1765406828.926864,215,4,3,8,3,8
1765406828.943342,215,4,3,8,3,8
1765406828.960158,216,4,3,8,3,8
1765406828.977651,216,4,3,8,3,8
1765406828.993385,217,4,3,8,3,8
1765406829.009746,217,4,3,8,3,8
1765406829.026506,217,4,3,8,3,8
1765406829.043248,218,4,3,8,3,8
1765406829.059269,218,4,3,8,3,8
1765406829.075636,218,4,3,8,3,8
1765406829.091843,219,4,3,8,3,8
1765406829.109058,219,4,3,8,3,8
1765406829.125581,220,4,3,8,3,8
1765406829.142506,220,4,3,8,3,8
1765406829.158655,220,4,3,8,3,8
1765406829.174499,221,4,3,8,3,8
1765406829.190743,221,4,3,8,3,8
1765406829.207488,222,4,3,8,3,8
1765406829.224114,222,4,3,8,3,8
1765406829.240527,222,4,3,8,3,8
1765406829.256900,223,4,3,8,3,8
1765406829.272856,223,4,3,8,3,8
1765406829.289861,224,4,3,8,3,8
1765406829.306728,224,4,3,8,3,8
1765406829.322536,224,4,3,8,3,8
1765406829.338914,225,4,3,8,3,8
1765406829.356066,225,4,3,8,3,8
1765406829.372977,225,4,3,8,3,8
1765406829.389371,226,4,3,8,3,8
1765406829.405300,226,4,3,8,3,8
1765406829.421130,227,4,3,8,3,8
1765406829.437837,227,4,3,8,3,8
1765406829.454711,227,4,3,8,3,8
1765406829.470877,228,4,3,8,3,8
1765406829.487881,228,4,3,8,3,8
1765406829.505254,229,4,3,8,3,8
1765406829.521975,229,4,3,8,3,8
1765406829.539874,229,4,3,8,3,8
1765406829.557007,230,4,3,8,3,8
1765406829.574677,230,4,3,8,3,8
1765406829.590812,231,4,3,8,3,8
1765406829.607993,231,4,3,8,3,8
1765406829.624534,231,4,3,8,3,8
1765406829.640380,232,4,3,8,3,8
1765406829.657107,232,4,3,8,3,8
1765406829.673509,233,4,3,8,3,8
1765406829.690204,233,4,3,8,3,8
1765406829.707647,233,4,3,8,3,8
1765406829.723813,234,4,3,8,3,8
1765406829.741912,234,4,3,8,3,8
1765406829.759166,235,4,3,8,3,8
1765406829.775742,235,4,3,8,3,8
1765406829.792055,235,4,3,8,3,8
1765406829.808913,236,4,3,8,3,8
1765406829.826460,236,4,3,8,3,8
1765406829.842100,237,4,3,8,3,8
1765406829.858231,237,4,3,8,3,8
1765406829.874570,237,4,3,8,3,8
1765406829.890615,238,4,3,8,3,8
1765406829.906430,238,4,3,8,3,8
1765406829.922735,239,4,3,8,3,8
1765406829.938814,239,4,3,8,3,8
1765406829.955732,239,4,3,8,3,8
1765406829.972201,240,4,3,8,3,8
1765406829.989104,240,4,3,8,3,8
1765406830.005799,240,4,3,8,3,8
1765406830.023284,241,4,3,8,3,8
1765406830.039659,241,4,3,8,3,8
1765406830.056576,242,4,3,8,3,8
1765406830.073443,242,4,3,8,3,8
1765406830.089500,242,4,3,8,3,8
1765406830.105925,243,4,3,8,3,8
1765406830.122308,243,4,3,8,3,8
1765406830.138401,244,4,4,8,4,8
1765406830.154963,244,4,4,8,4,8
1765406830.171063,244,4,4,8,4,8
1765406830.187888,245,4,4,8,4,8
1765406830.205986,245,4,4,8,4,8
1765406830.222990,246,4,4,8,4,8
1765406830.240065,246,4,4,8,4,8
1765406830.257684,246,4,4,8,4,8
1765406830.273788,247,4,4,8,4,8
1765406830.289612,247,4,4,8,4,8
1765406830.305589,248,4,4,8,4,8
1765406830.321787,248,4,4,8,4,8
1765406830.339005,248,4,4,8,4,8
1765406830.356153,249,4,4,8,4,8
1765406830.372413,249,4,4,8,4,8
1765406830.388611,250,4,4,8,4,8
1765406830.405546,250,4,4,8,4,8
1765406830.422489,250,4,4,8,4,8
1765406830.440006,251,4,4,8,4,8
1765406830.456886,251,4,4,8,4,8
1765406830.473578,252,4,4,8,4,8
1765406830.489846,252,4,4,8,4,8
1765406830.507919,252,4,4,8,4,8
1765406830.524829,253,4,4,8,4,8
1765406830.542089,253,4,4,8,4,8
1765406830.558885,254,4,4,8,4,8
1765406830.575989,254,4,4,8,4,8
1765406830.593119,254,4,4,8,4,8
1765406830.609591,255,4,4,8,4,8
1765406830.625618,255,4,4,8,4,8
1765406830.642158,256,4,4,8,4,8
1765406830.658636,256,4,4,8,4,8
1765406830.674796,256,4,4,8,4,8
1765406830.692116,257,4,4,8,4,8
1765406830.708582,257,4,4,8,4,8
1765406830.725657,258,4,4,8,4,8
1765406830.741215,258,4,4,8,4,8
1765406830.757906,258,4,4,8,4,8
1765406830.775102,259,4,4,8,4,8
1765406830.791579,259,4,4,8,4,8
1765406830.808103,259,4,4,8,4,8
1765406830.825568,260,4,4,8,4,8
1765406830.841998,260,4,4,8,4,8
1765406830.858985,261,4,4,8,4,8
1765406830.875768,261,4,4,8,4,8
1765406830.891513,261,4,4,8,4,8
1765406830.907971,262,4,4,7,4,7
1765406830.924631,262,4,4,7,4,7
1765406830.941306,263,4,4,7,4,7
1765406830.958173,263,4,4,7,4,7
1765406830.974855,263,4,4,7,4,7
1765406830.991686,264,4,4,7,4,7
1765406831.008095,264,4,4,7,4,7
1765406831.026447,265,4,4,7,4,7
1765406831.043412,265,4,4,7,4,7
1765406831.060542,265,4,4,7,4,7
1765406831.077003,266,4,4,7,4,7
1765406831.093842,266,4,4,7,4,7
1765406831.110755,267,4,4,7,4,7
1765406831.126930,267,4,4,7,4,7
1765406831.143732,267,4,4,7,4,7
1765406831.160206,268,4,4,7,4,7
1765406831.176675,268,4,4,7,4,7
1765406831.193228,269,4,4,7,4,7
1765406831.209625,269,4,4,7,4,7
1765406831.226613,269,4,4,7,4,7
1765406831.243262,270,4,4,7,4,7
1765406831.259855,270,4,4,7,4,7
1765406831.277107,271,4,4,7,4,7
1765406831.294368,271,4,4,7,4,7
1765406831.311228,271,4,4,7,4,7
1765406831.327166,272,4,4,7,4,7
1765406831.343870,272,4,4,7,4,7
1765406831.360452,273,4,4,7,4,7
1765406831.376114,273,4,4,7,4,7
1765406831.392571,273,4,4,7,4,7
1765406831.408522,274,4,4,7,4,7
1765406831.424271,274,4,4,7,4,7
1765406831.440053,274,4,4,7,4,7
1765406831.457104,275,4,4,7,4,7
1765406831.474310,275,4,4,7,4,7
1765406831.491117,276,4,4,7,4,7
1765406831.508493,276,4,4,7,4,7
1765406831.524431,276,4,4,7,4,7
1765406831.540540,277,4,4,7,4,7
1765406831.557374,277,4,4,7,4,7
1765406831.574527,278,4,4,7,4,7
1765406831.590123,278,4,4,7,4,7
1765406831.606828,278,4,4,7,4,7
1765406831.623427,279,4,3,7,3,7
1765406831.640130,279,4,3,7,3,7
1765406831.656175,280,4,3,7,3,7
1765406831.673186,280,4,3,7,3,7
1765406831.689706,280,4,3,7,3,7
1765406831.706356,281,4,3,7,3,7
1765406831.721829,281,4,3,7,3,7
1765406831.739054,282,4,3,7,3,7
1765406831.755706,282,4,3,7,3,7
1765406831.772075,282,4,3,7,3,7
1765406831.789075,283,4,3,7,3,7
1765406831.805950,283,4,3,7,3,7
1765406831.822573,284,4,3,7,3,7
1765406831.838842,284,4,3,7,3,7
1765406831.856542,284,4,3,7,3,7
1765406831.872933,285,4,3,7,3,7
1765406831.890072,285,4,3,7,3,7
1765406831.907306,286,4,3,7,3,7
1765406831.924619,286,4,3,7,3,7
1765406831.941636,286,4,3,7,3,7
1765406831.957657,287,4,3,7,3,7
1765406831.973272,287,4,3,7,3,7
1765406831.989152,287,4,3,7,3,7
1765406832.005669,288,4,3,7,3,7
1765406832.021633,288,4,3,7,3,7
1765406832.038247,289,4,3,7,3,7
1765406832.054543,289,4,3,7,3,7
1765406832.070974,289,4,3,7,3,7
1765406832.088673,290,4,3,7,3,7
1765406832.104197,290,4,3,7,3,7
1765406832.120541,291,4,3,7,3,7
1765406832.137040,291,4,3,7,3,7
1765406832.153489,291,4,3,7,3,7
1765406832.169572,292,4,3,7,3,7
1765406832.185784,292,4,3,7,3,7
1765406832.201824,292,4,3,7,3,7
1765406832.219545,293,4,3,7,3,7
1765406832.235633,293,4,3,7,3,7
1765406832.252060,294,4,3,8,3,8
1765406832.269360,294,4,3,8,3,8
1765406832.286792,294,4,3,8,3,8
1765406832.304057,295,4,3,8,3,8
1765406832.321490,295,4,3,8,3,8
1765406832.337029,296,4,3,8,3,8
1765406832.353968,296,4,3,8,3,8
1765406832.370524,296,4,3,8,3,8
1765406832.387128,297,4,3,8,3,8
1765406832.404221,297,4,3,8,3,8
1765406832.420296,298,4,3,8,3,8
1765406832.437379,298,4,3,8,3,8
1765406832.454208,298,4,3,8,3,8
1765406832.470932,299,4,3,8,3,8
1765406832.487788,299,4,3,8,3,8
1765406832.504220,300,4,3,8,3,8
1765406832.521766,300,4,3,8,3,8
1765406832.538273,300,4,3,8,3,8
1765406832.554695,301,4,3,8,3,8
1765406832.570266,301,4,3,8,3,8
1765406832.587026,302,4,3,8,3,8
1765406832.604447,302,4,3,8,3,8
1765406832.621075,302,4,3,8,3,8
1765406832.638654,303,4,3,7,3,7
1765406832.654821,303,4,3,7,3,7
1765406832.672579,304,4,3,7,3,7
1765406832.688336,304,4,3,7,3,7
1765406832.705465,304,4,3,7,3,7
1765406832.722143,305,4,3,7,3,7
1765406832.739255,305,4,3,7,3,7
1765406832.756516,306,4,3,7,3,7
1765406832.772828,306,4,3,7,3,7
1765406832.789425,306,4,3,7,3,7
1765406832.805829,307,4,3,7,3,7
1765406832.823623,307,4,3,7,3,7
1765406832.840421,308,4,3,7,3,7
1765406832.857240,308,4,3,7,3,7
1765406832.873691,308,4,3,7,3,7
1765406832.890282,309,4,3,7,3,7
1765406832.906730,309,4,3,7,3,7
1765406832.923035,310,4,3,7,3,7
1765406832.939285,310,4,3,7,3,7
1765406832.956435,310,4,3,7,3,7
1765406832.973481,311,4,3,7,3,7
1765406832.989912,311,4,3,7,3,7
1765406833.007668,312,4,3,7,3,7
1765406833.024683,312,4,3,7,3,7
1765406833.041070,312,4,3,7,3,7
1765406833.058487,313,4,3,7,3,7
1765406833.074813,313,4,3,7,3,7
1765406833.091990,314,4,3,7,3,7
1765406833.108405,314,4,3,7,3,7
1765406833.124752,314,4,3,7,3,7
1765406833.140304,315,4,3,7,3,7
1765406833.156530,315,4,3,7,3,7
1765406833.172621,316,4,3,7,3,7
1765406833.188847,316,4,3,7,3,7
1765406833.205734,316,4,3,7,3,7
1765406833.221338,317,4,3,7,3,7
1765406833.237696,317,4,3,7,3,7
1765406833.254102,318,4,3,7,3,7
1765406833.270658,318,4,3,7,3,7
1765406833.286321,318,4,3,7,3,7
1765406833.302920,319,4,3,7,3,7
1765406833.320292,319,4,3,7,3,7
1765406833.336888,320,4,3,7,3,7
1765406833.353983,320,4,3,7,3,7
1765406833.370875,320,4,3,7,3,7
1765406833.387754,321,4,3,7,3,7
1765406833.404261,321,4,3,7,3,7
1765406833.421322,322,4,3,7,3,7
1765406833.437799,322,4,3,7,3,7
1765406833.455447,322,4,3,7,3,7
1765406833.471651,323,4,3,7,3,7
1765406833.487086,323,4,3,7,3,7
1765406833.504400,324,4,3,6,3,6
1765406833.520577,324,4,3,6,3,6
1765406833.536496,324,4,3,6,3,6
1765406833.553218,325,4,3,6,3,6
1765406833.569892,325,4,3,6,3,6
1765406833.587102,325,4,3,6,3,6
1765406833.604126,326,4,3,6,3,6
1765406833.620630,326,4,3,6,3,6
1765406833.636673,327,4,3,6,3,6
1765406833.653561,327,4,3,6,3,6
1765406833.670304,327,4,3,6,3,6
1765406833.686100,328,4,3,6,3,6
1765406833.703681,328,4,3,6,3,6
1765406833.719634,329,4,3,6,3,6
1765406833.735449,329,4,3,6,3,6
1765406833.751376,329,4,3,6,3,6
1765406833.767404,330,4,3,6,3,6
1765406833.784302,330,4,3,6,3,6
1765406833.801020,331,4,3,6,3,6
1765406833.818108,331,4,3,6,3,6
1765406833.834715,331,4,3,6,3,6
1765406833.851639,332,4,3,6,3,6
1765406833.867988,332,4,3,6,3,6
1765406833.884548,333,4,3,6,3,6
1765406833.901508,333,4,3,6,3,6
1765406833.916929,333,4,3,6,3,6
1765406833.935767,334,4,3,6,3,6
1765406833.952690,334,4,3,6,3,6
1765406833.968686,335,4,3,6,3,6
1765406833.984021,335,4,3,6,3,6
1765406834.001292,335,4,3,6,3,6
1765406834.018697,336,4,3,6,3,6
1765406834.035834,336,4,3,6,3,6
1765406834.051957,337,4,3,6,3,6
1765406834.068500,337,4,3,6,3,6
1765406834.084809,337,4,3,6,3,6
1765406834.101705,338,4,3,6,3,6
1765406834.117476,338,4,3,6,3,6
1765406834.134034,338,4,3,6,3,6
1765406834.151309,339,4,3,6,3,6
1765406834.167267,339,4,3,6,3,6
1765406834.184032,340,4,3,6,3,6
1765406834.200879,340,4,3,6,3,6
1765406834.216918,340,4,3,6,3,6
1765406834.232938,341,4,3,6,3,6
1765406834.249548,341,4,3,6,3,6
1765406834.265771,342,4,3,6,3,6
1765406834.281538,342,4,3,6,3,6
1765406834.298650,342,4,3,6,3,6
1765406834.315252,343,4,3,6,3,6
1765406834.332139,343,4,3,6,3,6
1765406834.349593,344,4,3,6,3,6
1765406834.365753,344,4,3,6,3,6
1765406834.382343,344,4,3,6,3,6
1765406834.399007,345,4,3,6,3,6
1765406834.415817,345,4,3,6,3,6
1765406834.432819,345,4,3,6,3,6
1765406834.449863,346,4,3,6,3,6
1765406834.466323,346,4,3,6,3,6
1765406834.482970,347,4,3,6,3,6
1765406834.500308,347,4,3,6,3,6
1765406834.517595,348,4,3,6,3,6
1765406834.533777,348,4,3,6,3,6
1765406834.549372,348,4,3,6,3,6
1765406834.565870,349,4,3,6,3,6
1765406834.582756,349,4,3,6,3,6
1765406834.598245,349,4,3,6,3,6
1765406834.614902,350,4,3,6,3,6
1765406834.632062,350,4,3,6,3,6
1765406834.648129,351,4,3,6,3,6
1765406834.665565,351,4,3,6,3,6
1765406834.682199,351,4,3,6,3,6
1765406834.699342,352,4,3,6,3,6
1765406834.716532,352,4,3,6,3,6
1765406834.733313,353,4,3,6,3,6
1765406834.749973,353,4,3,6,3,6
1765406834.766656,353,4,3,6,3,6
1765406834.782221,354,4,3,6,3,6
1765406834.799334,354,4,3,6,3,6
1765406834.815217,355,4,3,6,3,6
1765406834.831665,355,4,3,6,3,6
1765406834.847876,355,4,3,6,3,6
1765406834.865415,356,4,3,6,3,6
1765406834.881527,356,4,3,6,3,6
1765406834.897168,357,4,3,6,3,6
1765406834.914226,357,4,3,6,3,6
1765406834.930773,357,4,3,6,3,6
1765406834.947482,358,4,3,6,3,6
1765406834.964081,358,4,3,6,3,6
1765406834.980338,358,4,3,6,3,6
1765406834.996371,359,4,3,6,3,6
1765406835.012650,359,4,3,6,3,6
1765406835.028339,360,4,3,6,3,6
1765406835.045196,360,4,3,6,3,6
1765406835.062100,360,4,3,6,3,6
1765406835.078530,361,4,3,7,3,7
1765406835.094625,361,4,3,7,3,7
1765406835.110790,362,4,3,7,3,7
1765406835.127875,362,4,3,7,3,7
1765406835.147861,362,4,3,7,3,7
1765406835.161900,363,4,3,7,3,7
1765406835.177984,363,4,3,7,3,7
1765406835.194862,363,4,3,7,3,7
1765406835.211128,364,4,3,7,3,7
1765406835.227725,364,4,3,7,3,7
1765406835.243770,365,4,3,7,3,7
1765406835.260174,365,4,3,7,3,7
1765406835.277066,365,4,3,7,3,7
1765406835.293673,366,4,3,7,3,7
1765406835.312746,366,4,3,7,3,7
1765406835.334159,367,4,3,7,3,7
1765406835.350972,367,4,3,7,3,7
1765406835.368340,367,4,3,7,3,7
1765406835.384277,368,4,3,7,3,7
1765406835.400389,368,4,3,7,3,7
1765406835.417074,368,4,3,7,3,7
1765406835.434217,369,4,3,7,3,7
1765406835.450178,369,4,3,7,3,7
1765406835.466350,370,4,3,7,3,7
1765406835.482760,370,4,3,7,3,7
1765406835.498927,370,4,3,7,3,7
1765406835.516838,371,4,3,7,3,7
1765406835.533181,371,4,3,7,3,7
1765406835.550460,372,4,3,7,3,7
1765406835.567129,372,4,3,7,3,7
1765406835.584336,372,4,3,7,3,7
1765406835.601259,373,4,3,7,3,7
1765406835.617661,373,4,3,7,3,7
1765406835.633800,374,4,3,7,3,7
1765406835.650524,374,4,3,7,3,7
1765406835.666941,374,4,3,7,3,7
1765406835.684162,375,4,3,6,3,6
1765406835.700450,375,4,3,6,3,6
1765406835.716717,376,4,3,6,3,6
1765406835.732332,376,4,3,6,3,6
1765406835.748820,376,4,3,6,3,6
1765406835.766629,377,4,3,6,3,6
1765406835.783007,377,4,3,6,3,6
1765406835.799992,378,4,3,6,3,6
1765406835.816833,378,4,3,6,3,6
1765406835.834444,378,4,3,6,3,6
1765406835.851937,379,4,3,6,3,6
1765406835.868655,379,4,3,6,3,6
1765406835.884901,380,4,3,6,3,6
1765406835.901904,380,4,3,6,3,6
1765406835.919002,380,4,3,6,3,6
1765406835.935078,381,4,3,6,3,6
1765406835.951788,381,4,3,6,3,6
1765406835.968633,382,4,3,6,3,6
1765406835.986008,382,4,3,6,3,6
1765406836.002664,382,4,3,6,3,6
1765406836.019369,383,4,3,6,3,6
1765406836.035939,383,4,3,6,3,6
1765406836.052562,384,4,3,6,3,6
1765406836.068855,384,4,3,6,3,6
1765406836.086049,384,4,3,6,3,6
1765406836.103410,385,4,3,6,3,6
1765406836.119836,385,4,3,6,3,6
1765406836.138051,386,4,2,6,2,6
1765406836.154920,386,4,2,6,2,6
1765406836.171397,386,4,2,6,2,6
1765406836.188372,387,4,2,6,2,6
1765406836.205817,387,4,2,6,2,6
1765406836.222312,388,4,2,6,2,6
1765406836.239163,388,4,2,6,2,6
1765406836.255099,388,4,2,6,2,6
1765406836.271932,389,4,2,6,2,6
1765406836.289665,389,4,2,6,2,6
1765406836.305828,390,4,2,6,2,6
1765406836.322034,390,4,2,6,2,6
1765406836.338250,390,4,2,6,2,6
1765406836.355481,391,4,2,6,2,6
1765406836.371493,391,4,2,6,2,6
1765406836.387127,391,4,2,6,2,6
1765406836.404657,392,4,2,6,2,6
1765406836.420697,392,4,2,6,2,6
1765406836.437627,393,4,2,6,2,6
1765406836.453874,393,4,2,6,2,6
1765406836.470699,393,4,2,6,2,6
1765406836.487303,394,4,2,6,2,6
1765406836.503610,394,4,2,6,2,6
1765406836.519492,395,4,2,6,2,6
1765406836.536143,395,4,2,6,2,6
1765406836.552695,395,4,2,6,2,6
1765406836.568478,396,4,2,6,2,6
1765406836.584837,396,4,2,6,2,6
1765406836.601739,397,4,2,6,2,6
1765406836.618639,397,4,2,6,2,6
1765406836.636490,397,4,2,6,2,6
1765406836.652705,398,4,2,6,2,6
1765406836.668350,398,4,2,6,2,6
1765406836.685103,399,4,2,6,2,6
1765406836.701817,399,4,2,6,2,6
1765406836.718505,399,4,2,6,2,6
1765406836.735034,400,4,2,6,2,6
1765406836.751979,400,4,2,6,2,6
1765406836.768532,401,4,3,6,3,6
1765406836.784553,401,4,3,6,3,6
1765406836.801426,401,4,3,6,3,6
1765406836.818110,402,4,3,6,3,6
1765406836.835851,402,4,3,6,3,6
1765406836.851995,403,4,3,6,3,6
1765406836.868812,403,4,3,6,3,6
1765406836.885897,403,4,3,6,3,6
1765406836.902766,404,4,3,6,3,6
1765406836.919061,404,4,3,6,3,6
1765406836.936105,405,4,3,6,3,6
1765406836.952944,405,4,3,6,3,6
1765406836.969798,405,4,3,6,3,6
1765406836.986760,406,4,3,6,3,6
1765406837.002772,406,4,3,6,3,6
1765406837.019329,406,4,3,6,3,6
1765406837.035726,407,4,3,6,3,6
1765406837.052158,407,4,3,6,3,6
1765406837.068870,408,4,3,6,3,6
1765406837.085897,408,4,3,6,3,6
1765406837.103537,408,4,3,6,3,6
1765406837.119344,409,4,3,6,3,6
1765406837.135558,409,4,3,6,3,6
1765406837.151004,410,4,4,6,4,6
1765406837.167327,410,4,4,6,4,6
1765406837.183430,410,4,4,6,4,6
1765406837.200221,411,4,4,6,4,6
1765406837.216654,411,4,4,6,4,6
1765406837.232846,412,4,4,6,4,6
1765406837.249595,412,4,4,6,4,6
1765406837.265939,412,4,4,6,4,6
1765406837.283472,413,4,4,6,4,6
1765406837.300349,413,4,4,6,4,6
1765406837.316509,414,4,4,6,4,6
1765406837.432849,415,4,4,6,4,6
1765406837.450097,415,4,4,6,4,6
1765406837.467203,416,4,4,6,4,6
1765406837.483795,416,4,4,6,4,6
1765406837.500877,416,4,4,6,4,6
1765406837.517174,417,4,4,6,4,6
1765406837.533778,417,4,4,6,4,6
1765406837.550043,417,4,4,6,4,6
1765406837.567035,418,4,4,6,4,6
1765406837.583379,418,4,4,6,4,6
1765406837.600130,419,4,4,6,4,6
1765406837.616316,419,4,4,6,4,6
1765406837.632316,419,4,4,6,4,6
1765406837.648123,420,4,4,6,4,6
1765406837.665753,420,4,4,6,4,6
1765406837.681161,421,4,4,6,4,6
1765406837.698781,421,4,4,6,4,6
1765406837.715709,421,4,4,6,4,6
1765406837.732036,422,4,4,6,4,6
1765406837.748772,422,4,4,6,4,6
1765406837.766382,423,4,4,6,4,6
1765406837.783353,423,4,4,6,4,6
1765406837.799599,423,4,4,6,4,6
1765406837.815479,424,4,4,6,4,6
1765406837.832146,424,4,4,6,4,6
1765406837.848047,425,4,4,6,4,6
1765406837.865022,425,4,4,6,4,6
1765406837.882074,425,4,4,6,4,6
1765406837.898711,426,4,4,6,4,6
1765406837.914853,426,4,4,6,4,6
1765406837.931173,426,4,4,6,4,6
1765406837.948774,427,4,4,6,4,6
1765406837.964906,427,4,4,6,4,6
1765406837.982133,428,4,4,6,4,6
1765406837.998607,428,4,4,6,4,6
1765406838.015382,428,4,4,6,4,6
1765406838.031879,429,4,4,6,4,6
1765406838.048950,429,4,4,6,4,6
1765406838.065830,430,4,4,6,4,6
1765406838.082587,430,4,4,6,4,6
1765406838.098761,430,4,4,6,4,6
1765406838.114228,431,4,4,6,4,6
1765406838.131750,431,4,4,6,4,6
1765406838.147989,432,4,4,6,4,6
1765406838.164921,432,4,4,6,4,6
1765406838.182473,432,4,4,6,4,6
1765406838.198823,433,4,4,6,4,6
1765406838.216143,433,4,4,6,4,6
1765406838.232587,434,4,4,6,4,6
1765406838.248977,434,4,4,6,4,6
1765406838.266347,434,4,4,6,4,6
1765406838.282891,435,4,4,6,4,6
1765406838.300029,435,4,4,6,4,6
1765406838.316939,436,4,4,6,4,6
1765406838.333329,436,4,4,6,4,6
1765406838.350556,436,4,4,6,4,6
1765406838.367006,437,4,4,6,4,6
1765406838.384393,437,4,4,6,4,6
1765406838.400825,438,4,4,6,4,6
1765406838.418218,438,4,4,6,4,6
1765406838.434440,438,4,4,6,4,6
1765406838.450244,439,4,4,6,4,6
1765406838.466682,439,4,4,6,4,6
1765406838.482280,439,4,4,6,4,6
1765406838.498585,440,4,3,6,3,6
1765406838.515872,440,4,3,6,3,6
1765406838.532019,441,4,3,6,3,6
1765406838.548134,441,4,3,6,3,6
1765406838.564773,441,4,3,6,3,6
1765406838.581340,442,4,3,6,3,6
1765406838.598771,442,4,3,6,3,6
1765406838.614744,443,4,3,6,3,6
1765406838.630829,443,4,3,6,3,6
1765406838.647989,443,4,3,6,3,6
1765406838.664860,444,4,3,6,3,6
1765406838.681355,444,4,3,6,3,6
1765406838.698094,445,4,3,6,3,6
1765406838.716192,445,4,3,6,3,6
1765406838.732388,445,4,3,6,3,6
1765406838.749115,446,4,3,6,3,6
1765406838.766185,446,4,3,6,3,6
1765406838.782412,447,4,3,6,3,6
1765406838.799239,447,4,3,6,3,6
1765406838.815185,447,4,3,6,3,6
1765406838.831503,448,4,3,6,3,6
1765406838.848382,448,4,3,6,3,6
1765406838.864936,449,4,3,6,3,6
1765406838.882616,449,4,3,6,3,6
1765406838.899415,449,4,3,6,3,6
1765406838.916253,450,4,3,6,3,6
1765406838.932328,450,4,3,6,3,6
1765406838.948575,451,4,3,6,3,6
1765406838.964737,451,4,3,6,3,6
1765406838.980593,451,4,3,6,3,6
1765406838.996423,452,4,3,6,3,6
1765406839.012587,452,4,3,6,3,6
1765406839.028352,452,4,3,6,3,6
1765406839.044772,453,4,3,6,3,6
1765406839.061836,453,4,3,6,3,6
1765406839.078730,454,4,3,6,3,6
1765406839.094980,454,4,3,6,3,6
1765406839.111929,454,4,3,6,3,6
1765406839.127931,455,4,3,6,3,6
1765406839.144539,455,4,3,6,3,6
1765406839.160807,456,4,2,6,2,6
1765406839.178089,456,4,2,6,2,6
1765406839.195860,456,4,2,6,2,6
1765406839.213748,457,4,2,6,2,6
1765406839.229756,457,4,2,6,2,6
1765406839.246611,458,4,2,6,2,6
1765406839.263460,458,4,2,6,2,6
1765406839.280064,458,4,2,6,2,6
1765406839.295928,459,4,2,6,2,6
1765406839.312573,459,4,2,6,2,6
1765406839.328206,460,4,2,6,2,6
1765406839.344288,460,4,2,6,2,6
1765406839.361300,460,4,2,6,2,6
1765406839.378885,461,4,2,6,2,6
1765406839.396001,461,4,2,6,2,6
1765406839.412414,462,4,2,6,2,6
1765406839.428661,462,4,2,6,2,6
1765406839.444753,462,4,2,6,2,6
1765406839.460415,463,4,2,6,2,6
1765406839.476508,463,4,2,6,2,6
1765406839.492717,464,4,2,6,2,6
1765406839.509623,464,4,2,6,2,6
1765406839.525998,464,4,2,6,2,6
1765406839.543694,465,4,2,6,2,6
1765406839.560229,465,4,2,6,2,6
1765406839.576641,466,4,2,6,2,6
1765406839.592811,466,4,2,6,2,6
1765406839.609433,466,4,2,6,2,6
1765406839.625922,467,4,2,6,2,6
1765406839.642475,467,4,2,6,2,6
1765406839.659543,467,4,2,6,2,6
1765406839.676732,468,4,2,6,2,6
1765406839.692569,468,4,2,6,2,6
1765406839.708863,469,4,2,6,2,6
1765406839.726126,469,4,2,6,2,6
1765406839.743082,469,4,2,6,2,6
1765406839.759742,470,4,2,6,2,6
1765406839.775372,470,4,2,6,2,6
1765406839.791494,471,4,2,6,2,6
1765406839.807706,471,4,2,6,2,6
1765406839.823513,471,4,2,6,2,6
1765406839.839470,472,4,2,6,2,6
1765406839.856274,472,4,2,6,2,6
1765406839.872313,473,4,2,6,2,6
1765406839.889207,473,4,2,6,2,6
1765406839.905659,473,4,2,6,2,6
1765406839.921146,474,4,2,6,2,6
1765406839.939078,474,4,2,6,2,6
1765406839.955280,474,4,2,6,2,6
1765406839.972594,475,4,2,6,2,6
1765406839.988629,475,4,2,6,2,6
1765406840.004292,476,4,2,6,2,6
1765406840.020517,476,4,2,6,2,6
1765406840.036187,476,4,2,6,2,6
1765406840.052642,477,4,2,6,2,6
1765406840.068515,477,4,2,6,2,6
1765406840.084466,478,4,2,6,2,6
1765406840.100916,478,4,2,6,2,6
1765406840.117759,478,4,2,6,2,6
1765406840.133416,479,4,2,6,2,6
1765406840.149753,479,4,2,6,2,6
1765406840.166577,480,4,2,6,2,6
1765406840.182865,480,4,2,6,2,6
1765406840.200139,480,4,2,6,2,6
1765406840.216775,481,4,2,6,2,6
1765406840.232507,481,4,2,6,2,6
1765406840.248710,481,4,2,6,2,6
1765406840.264723,482,4,2,6,2,6
1765406840.280559,482,4,2,6,2,6
1765406840.297013,483,4,2,6,2,6
1765406840.314112,483,4,2,6,2,6
1765406840.330760,483,4,2,6,2,6
1765406840.346912,484,4,2,7,2,7
1765406840.364130,484,4,2,7,2,7
1765406840.380488,485,4,2,7,2,7
1765406840.397294,485,4,2,7,2,7
1765406840.414353,485,4,2,7,2,7
1765406840.430878,486,4,2,7,2,7
1765406840.448450,486,4,2,7,2,7
1765406840.465358,487,4,2,7,2,7
1765406840.481604,487,4,2,7,2,7
1765406840.497431,487,4,2,7,2,7
1765406840.513644,488,4,2,7,2,7
1765406840.529051,488,4,2,7,2,7
1765406840.546244,489,4,2,7,2,7
1765406840.564014,489,4,2,7,2,7
1765406840.581104,489,4,2,7,2,7
1765406840.598735,490,4,2,7,2,7
1765406840.614849,490,4,2,7,2,7
1765406840.631788,491,4,2,7,2,7
1765406840.648236,491,4,2,7,2,7
1765406840.664464,491,4,2,7,2,7
1765406840.680007,492,4,2,7,2,7
1765406840.697407,492,4,2,7,2,7
1765406840.713436,492,4,2,7,2,7
1765406840.729294,493,4,2,7,2,7
1765406840.746030,493,4,2,7,2,7
1765406840.763063,494,4,2,7,2,7
1765406840.780028,494,4,2,7,2,7
1765406840.795937,494,4,2,7,2,7
1765406840.813299,495,4,2,7,2,7
1765406840.830343,495,4,2,7,2,7
1765406840.846290,496,4,2,7,2,7
1765406840.862426,496,4,2,7,2,7
1765406840.877932,496,4,2,7,2,7
1765406840.895172,497,4,2,7,2,7
1765406840.912278,497,4,2,7,2,7
1765406840.928383,498,4,2,7,2,7
1765406840.944548,498,4,2,7,2,7
1765406840.960972,498,4,2,7,2,7
1765406840.978554,499,4,2,7,2,7
1765406840.994285,499,4,2,7,2,7
1765406841.011323,500,4,2,7,2,7
1765406841.027959,500,4,2,7,2,7
1765406841.044508,500,4,2,7,2,7
1765406841.060910,501,4,2,7,2,7
1765406841.077588,501,4,2,7,2,7
1765406841.093630,501,4,2,7,2,7
1765406841.108849,502,4,2,7,2,7
1765406841.125276,502,4,2,7,2,7
1765406841.141566,503,4,2,7,2,7
1765406841.158120,503,4,2,7,2,7
1765406841.175172,503,4,2,7,2,7
1765406841.191327,504,4,2,7,2,7
1765406841.207427,504,4,2,7,2,7
1765406841.222980,505,4,2,7,2,7
1765406841.240072,505,4,2,7,2,7
1765406841.256855,505,4,2,7,2,7
1765406841.274407,506,4,2,7,2,7
1765406841.290952,506,4,2,7,2,7
1765406841.307987,507,4,2,7,2,7
1765406841.325061,507,4,2,7,2,7
1765406841.342119,507,4,2,7,2,7
1765406841.358016,508,4,3,7,3,7
1765406841.375363,508,4,3,7,3,7
1765406841.391646,509,4,3,7,3,7
1765406841.407461,509,4,3,7,3,7
1765406841.423240,509,4,3,7,3,7
1765406841.439340,510,4,3,7,3,7
1765406841.454976,510,4,3,7,3,7
1765406841.471398,510,4,3,7,3,7
1765406841.487165,511,4,3,7,3,7
1765406841.503667,511,4,3,7,3,7
1765406841.519517,512,4,3,7,3,7
1765406841.536782,512,4,3,7,3,7
1765406841.552943,512,4,3,7,3,7
1765406841.569677,513,4,3,7,3,7
1765406841.585853,513,4,3,7,3,7
1765406841.602949,514,4,3,7,3,7
1765406841.619234,514,4,3,7,3,7
1765406841.636078,514,4,3,7,3,7
1765406841.652816,515,4,3,7,3,7
1765406841.670291,515,4,3,7,3,7
1765406841.686143,516,4,3,7,3,7
1765406841.703621,516,4,3,7,3,7
1765406841.720140,516,4,3,7,3,7
1765406841.736618,517,4,3,7,3,7
1765406841.752962,517,4,3,7,3,7
1765406841.770089,518,4,3,7,3,7
1765406841.786814,518,4,3,7,3,7
1765406841.804137,518,4,3,7,3,7
1765406841.820303,519,4,3,7,3,7
1765406841.836873,519,4,3,7,3,7
1765406841.853169,520,4,3,7,3,7
1765406841.869543,520,4,3,7,3,7
1765406841.886018,520,4,3,7,3,7
1765406841.903817,521,4,3,7,3,7
1765406841.920939,521,4,3,7,3,7
1765406841.937053,522,4,3,7,3,7
1765406841.953768,522,4,3,7,3,7
1765406841.969924,522,4,3,7,3,7
1765406841.986940,523,4,3,7,3,7
1765406842.004648,523,4,3,7,3,7
1765406842.020697,523,4,3,7,3,7
1765406842.036841,524,4,3,8,3,8
1765406842.053984,524,4,3,8,3,8
1765406842.070889,525,4,3,8,3,8
1765406842.087908,525,4,3,8,3,8
1765406842.105224,525,4,3,8,3,8
1765406842.121727,526,4,3,8,3,8
1765406842.137993,526,4,3,8,3,8
1765406842.154875,527,4,3,8,3,8
1765406842.172234,527,4,3,8,3,8
1765406842.188390,527,4,3,8,3,8
1765406842.206110,528,4,3,8,3,8
1765406842.223320,528,4,3,8,3,8
1765406842.239411,529,4,3,8,3,8
1765406842.255921,529,4,3,8,3,8
1765406842.272735,529,4,3,8,3,8
1765406842.289209,530,4,3,8,3,8
1765406842.305328,530,4,3,8,3,8
1765406842.321779,531,4,3,8,3,8
1765406842.337391,531,4,3,8,3,8
1765406842.354069,531,4,3,8,3,8
1765406842.371744,532,4,3,8,3,8
1765406842.388462,532,4,3,8,3,8
1765406842.404925,533,4,3,8,3,8
1765406842.422054,533,4,3,8,3,8
1765406842.438088,533,4,3,8,3,8
1765406842.454814,534,4,3,8,3,8
1765406842.471425,534,4,3,8,3,8
1765406842.488308,535,4,3,8,3,8
1765406842.504886,535,4,3,8,3,8
1765406842.521273,535,4,3,8,3,8
1765406842.537865,536,4,3,8,3,8
1765406842.609170,537,4,3,8,3,8
1765406842.626166,537,4,3,8,3,8
1765406842.643882,537,4,3,8,3,8
1765406842.660484,538,4,3,8,3,8
1765406842.676740,538,4,3,8,3,8
1765406842.692919,539,4,3,8,3,8
1765406842.710111,539,4,3,8,3,8
1765406842.726569,539,4,3,8,3,8
1765406842.742894,540,4,3,8,3,8
1765406842.758985,540,4,3,8,3,8
1765406842.776581,541,4,4,8,4,8
1765406842.792162,541,4,4,8,4,8
1765406842.808124,541,4,4,8,4,8
1765406842.826276,542,4,4,8,4,8
1765406842.842792,542,4,4,8,4,8
1765406842.860634,543,4,4,8,4,8
1765406842.877159,543,4,4,8,4,8
1765406842.893238,543,4,4,8,4,8
1765406842.909520,544,4,4,8,4,8
1765406842.925986,544,4,4,8,4,8
1765406842.942340,545,4,4,8,4,8
1765406842.959522,545,4,4,8,4,8
1765406842.975085,545,4,4,8,4,8
1765406842.990895,546,4,4,8,4,8
1765406843.008285,546,4,4,8,4,8
1765406843.025690,546,4,4,8,4,8
1765406843.041883,547,4,4,8,4,8
1765406843.058670,547,4,4,8,4,8
1765406843.074868,548,4,4,8,4,8
1765406843.092548,548,4,4,8,4,8
1765406843.109093,548,4,4,8,4,8
1765406843.126207,549,4,4,8,4,8
1765406843.143038,549,4,4,8,4,8
1765406843.159475,550,4,4,8,4,8
1765406843.176280,550,4,4,8,4,8
1765406843.194183,550,4,4,8,4,8
1765406843.209161,551,4,4,8,4,8
1765406843.226284,551,4,4,8,4,8
1765406843.242781,552,4,4,8,4,8
1765406843.258733,552,4,4,8,4,8
1765406843.274219,552,4,4,8,4,8
1765406843.291099,553,4,4,8,4,8
1765406843.307953,553,4,4,8,4,8
1765406843.324996,554,4,4,8,4,8
1765406843.342349,554,4,4,8,4,8
1765406843.359807,554,4,4,8,4,8
1765406843.376575,555,4,4,8,4,8
1765406843.392695,555,4,4,8,4,8
1765406843.407987,556,4,4,8,4,8
1765406843.425906,556,4,4,8,4,8
1765406843.442931,556,4,4,8,4,8
1765406843.459686,557,4,4,8,4,8
1765406843.475590,557,4,4,8,4,8
1765406843.491984,558,4,4,8,4,8
1765406843.508496,558,4,4,8,4,8
1765406843.526109,558,4,4,8,4,8
1765406843.543606,559,4,4,8,4,8
1765406843.559464,559,4,4,8,4,8
1765406843.575888,560,4,4,9,4,9
1765406843.592523,560,4,4,9,4,9
1765406843.609239,560,4,4,9,4,9
1765406843.625935,561,4,4,9,4,9
1765406843.642680,561,4,4,9,4,9
1765406843.659270,562,4,4,9,4,9
1765406843.676570,562,4,4,9,4,9
1765406843.692285,562,4,4,9,4,9
1765406843.709064,563,4,4,9,4,9
1765406843.725589,563,4,4,9,4,9
1765406843.741806,563,4,4,9,4,9
1765406843.759081,564,4,4,9,4,9
1765406843.776341,564,4,4,9,4,9
1765406843.793840,565,4,4,9,4,9
1765406843.810644,565,4,4,9,4,9
1765406843.826300,565,4,4,9,4,9
1765406843.842664,566,4,4,9,4,9
1765406843.858004,566,4,4,9,4,9
1765406843.874845,567,4,4,9,4,9
1765406843.892086,567,4,4,9,4,9
1765406843.908001,567,4,4,9,4,9
1765406843.924883,568,4,3,9,3,9
1765406843.941816,568,4,3,9,3,9
1765406843.958197,569,4,3,9,3,9
1765406843.974854,569,4,3,9,3,9
1765406843.991603,569,4,3,9,3,9
1765406844.007680,570,4,3,9,3,9
1765406844.024115,570,4,3,9,3,9
1765406844.040772,571,4,3,9,3,9
1765406844.057057,571,4,3,9,3,9
1765406844.073901,571,4,3,9,3,9
1765406844.090895,572,4,3,9,3,9
1765406844.108156,572,4,3,9,3,9
1765406844.124626,573,4,3,9,3,9
1765406844.140579,573,4,3,9,3,9
1765406844.157037,573,4,3,9,3,9
1765406844.173617,574,4,3,9,3,9
1765406844.189228,574,4,3,9,3,9
1765406844.206248,574,4,3,9,3,9
1765406844.221823,575,4,3,9,3,9
1765406844.238827,575,4,3,9,3,9
1765406844.256204,576,4,3,9,3,9
1765406844.272839,576,4,3,9,3,9
1765406844.290416,576,4,3,9,3,9
1765406844.306964,577,4,3,10,3,10
1765406844.323829,577,4,3,10,3,10
1765406844.340448,578,4,3,10,3,10
1765406844.356426,578,4,3,10,3,10
1765406844.372928,578,4,3,10,3,10
1765406844.390743,579,4,3,10,3,10
1765406844.406175,579,4,3,10,3,10
1765406844.423186,580,4,3,10,3,10
1765406844.439747,580,4,3,10,3,10
1765406844.456234,580,4,3,10,3,10
1765406844.473414,581,4,3,10,3,10
1765406844.488823,581,4,3,10,3,10
1765406844.505888,582,4,3,10,3,10
1765406844.523810,582,4,3,10,3,10
1765406844.540399,582,4,3,10,3,10
1765406844.556656,583,4,3,10,3,10
1765406844.572661,583,4,3,10,3,10
1765406844.588710,584,4,3,10,3,10
1765406844.603969,584,4,3,10,3,10
1765406844.621210,584,4,3,10,3,10
1765406844.637634,585,4,3,10,3,10
1765406844.654583,585,4,3,10,3,10
1765406844.670756,585,4,3,10,3,10
1765406844.686077,586,4,3,10,3,10
1765406844.702756,586,4,3,10,3,10
1765406844.719356,587,4,3,10,3,10
1765406844.735423,587,4,3,10,3,10
1765406844.751945,587,4,3,10,3,10
1765406844.768694,588,4,3,10,3,10
1765406844.785024,588,4,3,10,3,10
1765406844.801406,589,4,3,10,3,10
1765406844.817550,589,4,3,10,3,10
1765406844.833684,589,4,3,10,3,10
1765406844.849499,590,4,3,10,3,10
1765406844.865789,590,4,3,10,3,10
1765406844.883082,590,4,3,10,3,10
1765406844.899035,591,4,3,11,3,11
1765406844.915927,591,4,3,11,3,11
1765406844.933139,592,4,3,11,3,11
1765406844.949730,592,4,3,11,3,11
1765406844.965382,592,4,3,11,3,11
1765406844.981857,593,4,3,11,3,11
1765406844.998734,593,4,3,11,3,11
1765406845.015328,594,4,3,11,3,11
1765406845.032432,594,4,3,11,3,11
1765406845.048653,594,4,3,11,3,11
1765406845.065027,595,4,3,11,3,11
1765406845.081394,595,4,3,11,3,11
1765406845.097467,596,4,3,11,3,11
1765406845.113969,596,4,3,11,3,11
1765406845.129944,596,4,3,11,3,11
1765406845.147571,597,4,3,11,3,11
1765406845.164142,597,4,3,11,3,11
1765406845.180670,598,4,3,11,3,11
1765406845.196248,598,4,3,11,3,11
1765406845.213634,598,4,3,11,3,11
1765406845.229577,599,4,3,11,3,11
1765406845.245951,599,4,3,11,3,11
1765406845.264108,600,4,3,11,3,11
1765406845.280745,600,4,3,11,3,11
1765406845.297107,600,4,3,11,3,11
1765406845.314281,601,4,3,11,3,11
1765406845.330605,601,4,3,11,3,11
1765406845.346660,601,4,3,11,3,11
1765406845.362790,602,4,3,11,3,11
1765406845.379995,602,4,3,11,3,11
1765406845.396616,603,4,3,11,3,11
1765406845.412974,603,4,3,11,3,11
1765406845.430180,603,4,3,11,3,11
1765406845.447291,604,4,3,11,3,11
1765406845.463828,604,4,3,11,3,11
1765406845.481247,605,4,3,11,3,11
1765406845.497260,605,4,3,11,3,11
1765406845.513771,605,4,3,11,3,11
1765406845.530671,606,4,3,11,3,11
1765406845.547737,606,4,3,11,3,11
1765406845.563959,607,4,3,11,3,11
1765406845.580541,607,4,3,11,3,11
1765406845.597020,607,4,3,11,3,11
1765406845.613892,608,4,3,11,3,11
1765406845.630504,608,4,3,11,3,11
1765406845.647255,609,4,3,11,3,11
1765406845.663435,609,4,3,11,3,11
1765406845.680398,609,4,3,11,3,11
1765406845.697336,610,4,3,11,3,11
1765406845.713304,610,4,3,11,3,11
1765406845.729523,611,4,3,11,3,11
1765406845.745927,611,4,3,11,3,11
1765406845.762432,611,4,3,11,3,11
1765406845.779244,612,4,3,11,3,11
1765406845.796777,612,4,3,11,3,11
1765406845.812841,613,4,3,11,3,11
1765406845.830170,613,4,3,11,3,11
1765406845.847175,613,4,3,11,3,11
1765406845.863976,614,4,3,11,3,11
1765406845.880887,614,4,3,11,3,11
1765406845.897432,615,4,3,11,3,11
1765406845.913350,615,4,3,11,3,11
1765406845.929967,615,4,3,11,3,11
1765406845.946625,616,4,3,11,3,11
1765406845.962992,616,4,3,11,3,11
1765406845.979959,617,4,3,11,3,11
1765406845.997276,617,4,3,11,3,11
1765406846.013582,617,4,3,11,3,11
1765406846.030383,618,4,3,11,3,11
1765406846.046265,618,4,3,11,3,11
1765406846.064055,619,4,3,11,3,11
1765406846.080354,619,4,3,11,3,11
1765406846.097436,619,4,3,11,3,11
1765406846.113280,620,4,3,11,3,11
1765406846.129798,620,4,3,11,3,11
1765406846.147115,620,4,3,11,3,11
1765406846.163687,621,4,3,11,3,11
1765406846.179640,621,4,3,11,3,11
1765406846.195889,622,4,3,11,3,11
1765406846.213176,622,4,3,11,3,11
1765406846.229564,622,4,3,11,3,11
1765406846.245897,623,4,3,11,3,11
1765406846.262800,623,4,3,11,3,11
1765406846.280275,624,4,3,11,3,11
1765406846.297235,624,4,3,11,3,11
1765406846.314077,624,4,3,11,3,11
1765406846.330615,625,4,3,11,3,11
1765406846.347201,625,4,3,11,3,11
1765406846.363977,626,4,3,11,3,11
1765406846.380244,626,4,3,11,3,11
1765406846.397133,626,4,3,11,3,11
1765406846.413662,627,4,3,11,3,11
1765406846.430696,627,4,3,11,3,11
1765406846.447048,628,4,3,11,3,11
1765406846.464095,628,4,3,11,3,11
1765406846.481138,628,4,3,11,3,11
1765406846.498383,629,4,3,11,3,11
1765406846.515993,629,4,3,11,3,11
1765406846.533188,630,4,3,11,3,11
1765406846.550101,630,4,3,11,3,11
1765406846.566334,630,4,3,11,3,11
1765406846.582986,631,4,3,11,3,11
1765406846.600065,631,4,3,11,3,11
1765406846.616163,632,4,3,11,3,11
1765406846.631991,632,4,3,11,3,11
1765406846.649125,632,4,3,11,3,11
1765406846.666160,633,4,3,11,3,11
1765406846.682496,633,4,3,11,3,11
1765406846.699950,634,4,3,11,3,11
1765406846.716867,634,4,3,11,3,11
1765406846.733392,634,4,3,11,3,11
1765406846.749741,635,4,3,11,3,11
1765406846.765046,635,4,3,11,3,11
1765406846.783225,636,4,3,11,3,11
1765406846.799502,636,4,3,11,3,11
1765406846.815269,636,4,3,11,3,11
1765406846.831333,637,4,3,10,3,10
1765406846.848574,637,4,3,10,3,10
1765406846.864999,638,4,3,10,3,10
1765406846.880890,638,4,3,10,3,10
1765406846.898575,638,4,3,10,3,10
1765406846.914773,639,4,3,10,3,10
1765406846.931986,639,4,3,10,3,10
1765406846.948176,640,4,3,10,3,10
1765406846.964677,640,4,3,10,3,10
1765406846.980062,640,4,3,10,3,10
1765406846.996807,641,4,3,10,3,10
1765406847.013000,641,4,3,10,3,10
1765406847.029982,642,4,3,10,3,10
1765406847.047077,642,4,3,10,3,10
1765406847.064081,642,4,3,10,3,10
1765406847.080153,643,4,3,10,3,10
1765406847.096494,643,4,3,10,3,10
1765406847.113045,644,4,3,10,3,10
1765406847.129664,644,4,3,10,3,10
1765406847.145905,644,4,3,10,3,10
1765406847.162441,645,4,3,10,3,10
1765406847.178061,645,4,3,10,3,10
1765406847.194279,646,4,3,10,3,10
1765406847.210198,646,4,3,10,3,10
1765406847.227276,646,4,3,10,3,10
1765406847.243956,647,4,3,10,3,10
1765406847.260360,647,4,3,10,3,10
1765406847.276293,648,4,3,10,3,10
1765406847.293163,648,4,3,10,3,10
1765406847.309796,648,4,3,10,3,10
1765406847.326352,649,4,3,10,3,10
1765406847.342821,649,4,3,10,3,10
1765406847.359144,649,4,3,10,3,10
1765406847.375819,650,4,3,10,3,10
1765406847.393143,650,4,3,10,3,10
1765406847.410320,651,4,3,10,3,10
1765406847.427025,651,4,3,10,3,10
1765406847.443812,652,4,3,10,3,10
1765406847.460947,652,4,3,10,3,10
1765406847.477704,652,4,3,10,3,10
1765406847.494467,653,4,3,10,3,10
1765406847.510723,653,4,3,10,3,10
1765406847.526479,653,4,3,10,3,10
1765406847.542178,654,4,3,9,3,9
1765406847.558888,654,4,3,9,3,9
1765406847.576091,655,4,3,9,3,9
1765406847.593125,655,4,3,9,3,9
1765406847.609176,655,4,3,9,3,9
1765406847.626061,656,4,3,9,3,9
1765406847.641903,656,4,3,9,3,9
1765406847.658117,657,4,3,9,3,9
1765406847.674222,657,4,3,9,3,9
1765406847.691352,657,4,3,9,3,9
1765406847.708203,658,4,3,9,3,9
1765406847.724948,658,4,3,9,3,9
1765406847.742242,659,4,3,9,3,9
1765406847.758369,659,4,3,9,3,9
1765406847.775329,659,4,3,9,3,9
1765406847.791903,660,4,3,9,3,9
1765406847.809300,660,4,3,9,3,9
1765406847.826258,661,4,3,9,3,9
1765406847.843330,661,4,3,9,3,9
1765406847.860724,661,4,3,9,3,9
1765406847.876742,662,4,3,9,3,9
1765406847.894360,662,4,3,9,3,9
1765406847.911536,663,4,3,9,3,9
1765406847.927183,663,4,3,9,3,9
1765406847.943201,663,4,3,9,3,9
1765406847.959934,664,4,3,9,3,9
1765406847.977243,664,4,3,9,3,9
1765406847.994027,664,4,3,9,3,9
1765406848.010299,665,4,3,9,3,9
1765406848.027123,665,4,3,9,3,9
1765406848.043610,666,4,3,8,3,8
1765406848.059823,666,4,3,8,3,8
1765406848.076271,666,4,3,8,3,8
1765406848.093789,667,4,3,8,3,8
1765406848.110384,667,4,3,8,3,8
1765406848.127418,668,4,3,8,3,8
1765406848.144016,668,4,3,8,3,8
1765406848.160611,668,4,3,8,3,8
1765406848.176976,669,4,3,8,3,8
1765406848.193516,669,4,3,8,3,8
1765406848.209517,670,4,3,8,3,8
1765406848.226254,670,4,3,8,3,8
1765406848.242867,670,4,3,8,3,8
1765406848.259876,671,4,3,8,3,8
1765406848.276903,671,4,3,8,3,8
1765406848.293795,672,4,3,8,3,8
1765406848.310329,672,4,3,8,3,8
1765406848.327419,672,4,3,8,3,8
1765406848.344049,673,4,3,8,3,8
1765406848.361180,673,4,3,8,3,8
1765406848.377810,674,4,3,8,3,8
1765406848.394137,674,4,3,8,3,8
1765406848.410609,674,4,3,8,3,8
1765406848.426255,675,4,3,8,3,8
1765406848.443564,675,4,3,8,3,8
1765406848.460124,675,4,3,8,3,8
1765406848.477388,676,4,3,8,3,8
1765406848.493683,676,4,3,8,3,8
1765406848.510064,677,4,3,8,3,8
1765406848.527543,677,4,3,8,3,8
1765406848.545002,677,4,3,8,3,8
1765406848.561240,678,4,3,8,3,8
1765406848.578077,678,4,3,8,3,8
1765406848.594918,679,4,3,8,3,8
1765406848.611687,679,4,3,8,3,8
1765406848.627349,679,4,3,8,3,8
1765406848.644101,680,4,3,8,3,8
1765406848.660756,680,4,3,8,3,8
1765406848.677337,681,4,3,8,3,8
1765406848.693422,681,4,3,8,3,8
1765406848.709481,681,4,3,8,3,8
1765406848.724878,682,4,3,8,3,8
1765406848.741929,682,4,3,8,3,8
1765406848.759205,683,4,3,8,3,8
1765406848.776365,683,4,3,8,3,8
1765406848.792277,683,4,3,8,3,8
1765406848.808758,684,4,3,8,3,8
1765406848.826007,684,4,3,8,3,8
1765406848.843139,685,4,3,8,3,8
1765406848.859950,685,4,3,8,3,8
1765406848.876588,685,4,3,8,3,8
1765406848.892336,686,4,3,8,3,8
1765406848.908476,686,4,3,8,3,8
1765406848.924910,686,4,3,8,3,8
1765406848.941850,687,4,3,8,3,8
1765406848.959083,687,4,3,8,3,8
1765406848.976136,688,4,3,8,3,8
1765406848.993290,688,4,3,8,3,8
1765406849.009977,689,4,3,8,3,8
1765406849.027098,689,4,3,8,3,8
1765406849.044755,689,4,3,8,3,8
1765406849.060849,690,4,3,8,3,8
1765406849.078256,690,4,3,8,3,8
1765406849.095181,691,4,3,8,3,8
1765406849.111995,691,4,3,8,3,8
1765406849.128351,691,4,3,8,3,8
1765406849.144794,692,4,3,8,3,8
1765406849.161086,692,4,3,8,3,8
1765406849.177153,693,4,3,8,3,8
1765406849.194052,693,4,3,8,3,8
1765406849.211116,693,4,3,8,3,8
1765406849.228242,694,4,3,8,3,8
1765406849.244950,694,4,3,8,3,8
1765406849.261626,695,4,3,8,3,8
1765406849.278308,695,4,3,8,3,8
1765406849.294772,695,4,3,8,3,8
1765406849.310708,696,4,3,8,3,8
1765406849.326429,696,4,3,8,3,8
1765406849.342183,696,4,3,8,3,8
1765406849.359756,697,4,3,8,3,8
1765406849.375695,697,4,3,8,3,8
1765406849.392544,698,4,3,7,3,7
1765406849.408476,698,4,3,7,3,7
1765406849.424523,698,4,3,7,3,7
1765406849.440551,699,4,3,7,3,7
1765406849.456896,699,4,3,7,3,7
1765406849.473917,700,4,3,7,3,7
1765406849.490900,700,4,3,7,3,7
1765406849.508313,700,4,3,7,3,7
1765406849.524556,701,4,3,7,3,7
1765406849.540946,701,4,3,7,3,7
1765406849.558071,702,4,3,7,3,7
1765406849.574830,702,4,3,7,3,7
1765406849.592349,702,4,3,7,3,7
1765406849.608932,703,4,3,7,3,7
1765406849.626250,703,4,3,7,3,7
1765406849.643134,704,4,3,7,3,7
1765406849.659523,704,4,3,7,3,7
1765406849.676036,704,4,3,7,3,7
1765406849.692574,705,4,3,7,3,7
1765406849.708531,705,4,3,7,3,7
1765406849.725634,706,4,3,7,3,7
1765406849.741444,706,4,3,7,3,7
1765406849.757411,706,4,3,7,3,7
1765406849.773979,707,4,3,7,3,7
1765406849.790434,707,4,3,7,3,7
1765406849.807978,707,4,3,7,3,7
1765406849.825116,708,4,3,7,3,7
1765406849.841849,708,4,3,7,3,7
1765406849.858814,709,4,3,7,3,7
1765406849.875984,709,4,3,7,3,7
1765406849.892457,709,4,3,7,3,7
1765406849.908102,710,4,3,7,3,7
1765406849.924454,710,4,3,7,3,7
1765406849.940825,711,4,3,7,3,7
1765406849.957985,711,4,3,7,3,7
1765406849.974934,711,4,3,7,3,7
1765406849.991591,712,4,3,7,3,7
1765406850.007677,712,4,3,7,3,7
1765406850.023173,713,4,3,7,3,7
1765406850.040266,713,4,3,7,3,7
1765406850.057091,713,4,3,7,3,7
1765406850.073469,714,4,3,7,3,7
1765406850.089023,714,4,3,7,3,7
1765406850.105244,715,4,4,7,4,7
1765406850.121217,715,4,4,7,4,7
1765406850.138713,715,4,4,7,4,7
1765406850.155744,716,4,4,7,4,7
1765406850.171679,716,4,4,7,4,7
1765406850.187536,716,4,4,7,4,7
1765406850.203398,717,4,4,7,4,7
1765406850.220022,717,4,4,7,4,7
1765406850.236467,718,4,4,7,4,7
1765406850.251911,718,4,4,7,4,7
1765406850.268600,718,4,4,7,4,7
1765406850.285051,719,4,4,7,4,7
1765406850.301800,719,4,4,7,4,7
1765406850.318409,720,4,4,7,4,7
1765406850.334627,720,4,4,7,4,7
1765406850.350396,720,4,4,7,4,7
1765406850.366330,721,4,4,7,4,7
1765406850.384375,721,4,4,7,4,7
1765406850.400870,721,4,4,7,4,7
1765406850.418490,722,4,4,7,4,7
1765406850.435034,722,4,4,7,4,7
1765406850.452872,723,4,4,7,4,7
1765406850.469614,723,4,4,7,4,7
1765406850.486593,724,4,4,7,4,7
1765406850.503670,724,4,4,7,4,7
1765406850.519033,724,4,4,7,4,7
1765406850.536319,725,4,4,7,4,7
1765406850.553254,725,4,4,7,4,7
1765406850.569854,725,4,4,7,4,7
1765406850.588081,726,4,4,7,4,7
1765406850.605068,726,4,4,7,4,7
1765406850.622185,727,4,4,7,4,7
1765406850.639175,727,4,4,7,4,7
1765406850.657040,728,4,4,7,4,7
1765406850.673979,728,4,4,7,4,7
1765406850.691033,728,4,4,7,4,7
1765406850.707650,729,4,4,7,4,7
1765406850.723649,729,4,4,7,4,7
1765406850.739632,730,4,4,7,4,7
1765406850.755184,730,4,4,7,4,7
1765406850.772086,730,4,4,7,4,7
1765406850.789017,731,4,4,7,4,7
1765406850.806507,731,4,4,7,4,7
1765406850.822131,731,4,4,7,4,7
1765406850.838079,732,4,4,7,4,7
1765406850.854239,732,4,4,7,4,7
1765406850.871028,733,4,4,7,4,7
1765406850.887147,733,4,4,7,4,7
1765406850.903602,733,4,4,7,4,7
1765406850.919990,734,4,4,7,4,7
1765406850.937742,734,4,4,7,4,7
1765406850.954273,735,4,4,7,4,7
1765406850.970909,735,4,4,7,4,7
1765406850.987310,735,4,4,7,4,7
1765406851.004245,736,4,4,7,4,7
1765406851.020716,736,4,4,7,4,7
1765406851.036155,737,4,4,7,4,7
1765406851.053245,737,4,4,7,4,7
1765406851.069887,737,4,4,7,4,7
1765406851.086031,738,4,4,7,4,7
1765406851.103376,738,4,4,7,4,7
1765406851.119528,739,4,4,7,4,7
1765406851.135644,739,4,4,7,4,7
1765406851.151984,739,4,4,7,4,7
1765406851.168889,740,4,4,7,4,7
1765406851.186442,740,4,4,7,4,7
1765406851.203406,741,4,4,7,4,7
1765406851.219737,741,4,4,7,4,7
1765406851.237043,741,4,4,7,4,7
1765406851.254171,742,4,4,7,4,7
1765406851.270952,742,4,4,7,4,7
1765406851.287869,743,4,4,7,4,7
1765406851.304238,743,4,4,7,4,7
1765406851.320096,743,4,4,7,4,7
1765406851.337375,744,4,4,7,4,7
1765406851.353906,744,4,4,7,4,7
1765406851.371277,745,4,4,7,4,7
1765406851.387365,745,4,4,7,4,7
1765406851.404558,745,4,4,7,4,7
1765406851.420705,746,4,4,7,4,7
1765406851.436335,746,4,4,7,4,7
1765406851.452683,746,4,4,7,4,7
1765406851.467964,747,4,4,7,4,7
1765406851.484506,747,4,4,7,4,7
1765406851.500953,748,4,4,7,4,7
1765406851.517900,748,4,4,7,4,7
1765406851.535076,748,4,4,7,4,7
1765406851.551851,749,4,4,7,4,7
1765406851.569721,749,4,4,7,4,7
1765406851.586178,750,4,4,7,4,7
1765406851.602992,750,4,4,7,4,7
1765406851.620182,750,4,4,7,4,7
1765406851.636080,751,4,4,6,4,6
1765406851.652993,751,4,4,6,4,6
1765406851.670472,752,4,4,6,4,6
1765406851.686428,752,4,4,6,4,6
1765406851.702442,752,4,4,6,4,6
1765406851.719104,753,4,4,6,4,6
1765406851.735087,753,4,4,6,4,6
1765406851.752576,754,4,4,6,4,6
1765406851.768329,754,4,4,6,4,6
1765406851.786188,754,4,4,6,4,6
1765406851.803310,755,4,4,6,4,6
1765406851.820426,755,4,4,6,4,6
1765406851.836181,756,4,4,6,4,6
1765406851.852236,756,4,4,6,4,6
1765406851.869072,756,4,4,6,4,6
1765406851.886050,757,4,4,6,4,6
1765406851.903461,757,4,4,6,4,6
1765406851.920551,758,4,4,6,4,6
1765406851.937543,758,4,4,6,4,6
1765406851.953661,758,4,4,6,4,6
1765406851.970835,759,4,4,6,4,6
1765406851.988069,759,4,4,6,4,6
1765406852.004721,760,4,4,6,4,6
1765406852.020732,760,4,4,6,4,6
1765406852.036680,760,4,4,6,4,6
1765406852.053138,761,4,4,6,4,6
1765406852.070380,761,4,4,6,4,6
1765406852.086538,762,4,4,6,4,6
1765406852.102302,762,4,4,6,4,6
1765406852.118224,762,4,4,6,4,6
1765406852.134502,763,4,4,6,4,6
1765406852.150873,763,4,4,6,4,6
1765406852.168357,763,4,4,6,4,6
1765406852.184958,764,4,4,6,4,6
1765406852.201298,764,4,4,6,4,6
1765406852.218670,765,4,4,6,4,6
1765406852.235263,765,4,4,6,4,6
1765406852.251760,765,4,4,6,4,6
1765406852.267064,766,4,4,6,4,6
1765406852.284173,766,4,4,6,4,6
1765406852.300318,767,4,4,6,4,6
1765406852.316252,767,4,4,6,4,6
1765406852.332516,767,4,4,6,4,6
1765406852.348666,768,4,4,6,4,6
1765406852.364904,768,4,4,6,4,6
1765406852.424078,768,4,4,6,4,6
1765406852.546077,770,4,4,6,4,6
1765406852.564143,770,4,4,6,4,6
1765406852.581311,771,4,4,6,4,6
1765406852.597241,771,4,4,6,4,6
1765406852.614002,772,4,4,6,4,6
1765406852.630655,772,4,4,6,4,6
1765406852.646710,772,4,4,6,4,6
1765406852.663244,773,4,4,6,4,6
1765406852.679060,773,4,4,6,4,6
1765406852.696390,774,4,4,6,4,6
1765406852.712827,774,4,4,6,4,6
1765406852.729758,774,4,4,6,4,6
1765406852.746047,775,4,4,6,4,6
1765406852.762434,775,4,4,6,4,6
1765406852.779559,776,4,4,6,4,6
1765406852.796379,776,4,4,6,4,6
1765406852.812706,776,4,4,6,4,6
1765406852.828701,777,4,4,6,4,6
1765406852.844356,777,4,4,6,4,6
1765406852.861022,778,4,4,6,4,6
1765406852.878621,778,4,4,6,4,6
1765406852.895420,778,4,4,6,4,6
1765406852.911707,779,4,4,6,4,6
1765406852.927820,779,4,4,6,4,6
1765406852.945008,780,4,4,6,4,6
1765406852.961556,780,4,4,6,4,6
1765406852.977779,780,4,4,6,4,6
1765406852.993721,781,4,4,6,4,6
1765406853.009980,781,4,4,6,4,6
1765406853.039148,781,4,4,6,4,6
1765406853.054948,782,4,4,6,4,6
1765406853.071740,782,4,4,6,4,6
1765406853.088922,783,4,4,6,4,6
1765406853.105065,783,4,4,6,4,6
1765406853.123185,783,4,4,6,4,6
1765406853.140692,784,4,4,6,4,6
1765406853.156052,784,4,4,6,4,6
1765406853.173071,785,4,4,6,4,6
1765406853.190255,785,4,4,6,4,6
1765406853.206391,785,4,4,6,4,6
1765406853.223148,786,4,4,6,4,6
1765406853.239460,786,4,4,6,4,6
1765406853.256328,787,4,4,6,4,6
1765406853.273525,787,4,4,6,4,6
1765406853.290001,787,4,4,6,4,6
1765406853.306055,788,4,4,6,4,6
1765406853.322711,788,4,4,6,4,6
1765406853.338130,788,4,4,6,4,6
1765406853.354539,789,4,3,6,3,6
1765406853.371646,789,4,3,6,3,6
1765406853.387753,790,4,3,6,3,6
1765406853.403986,790,4,3,6,3,6
1765406853.420355,790,4,3,6,3,6
1765406853.436620,791,4,3,6,3,6
1765406853.452938,791,4,3,6,3,6
1765406853.470511,792,4,3,6,3,6
1765406853.486170,792,4,3,6,3,6
1765406853.501980,792,4,3,6,3,6
1765406853.519709,793,4,3,6,3,6
1765406853.535723,793,4,3,6,3,6
1765406853.551492,794,4,3,6,3,6
1765406853.569002,794,4,3,6,3,6
1765406853.586515,794,4,3,6,3,6
1765406853.602832,795,4,3,6,3,6
1765406853.620108,795,4,3,6,3,6
1765406853.636114,796,4,3,6,3,6
1765406853.652604,796,4,3,6,3,6
1765406853.668401,796,4,3,6,3,6
1765406853.684759,797,4,3,6,3,6
1765406853.700957,797,4,3,6,3,6
1765406853.717234,798,4,2,6,2,6
1765406853.733742,798,4,2,6,2,6
1765406853.749779,798,4,2,6,2,6
1765406853.766178,799,4,2,6,2,6
1765406853.782066,799,4,2,6,2,6
1765406853.799319,799,4,2,6,2,6
1765406853.816952,800,4,2,6,2,6
1765406853.833461,800,4,2,6,2,6
1765406853.849709,801,4,2,6,2,6
1765406853.883216,801,4,2,6,2,6
1765406853.903786,802,4,2,6,2,6
1765406853.920872,802,4,2,6,2,6
1765406853.937941,803,4,2,6,2,6
1765406853.955160,803,4,2,6,2,6
1765406853.972600,803,4,2,6,2,6
1765406853.989324,804,4,2,6,2,6
1765406854.006881,804,4,2,6,2,6
1765406854.023957,805,4,2,6,2,6
1765406854.040609,805,4,2,6,2,6
1765406854.057235,806,4,2,6,2,6
1765406854.074129,806,4,2,6,2,6
1765406854.091462,806,4,2,6,2,6
1765406854.107826,807,4,2,6,2,6
1765406854.125424,807,4,2,6,2,6
1765406854.141190,808,4,2,6,2,6
1765406854.157477,808,4,2,6,2,6
1765406854.174067,808,4,2,6,2,6
1765406854.190907,809,4,2,6,2,6
1765406854.207452,809,4,2,6,2,6
1765406854.223762,809,4,2,6,2,6
1765406854.239802,810,4,2,6,2,6
1765406854.256747,810,4,2,6,2,6
1765406854.272564,811,4,2,6,2,6
1765406854.289102,811,4,2,6,2,6
1765406854.306480,811,4,2,6,2,6
1765406854.323317,812,4,2,6,2,6
1765406854.339384,812,4,2,6,2,6
1765406854.356119,813,4,2,6,2,6
1765406854.372837,813,4,2,6,2,6
1765406854.389718,813,4,2,6,2,6
1765406854.405099,814,4,2,6,2,6
1765406854.422444,814,4,2,6,2,6
1765406854.438379,815,4,2,6,2,6
1765406854.454266,815,4,2,6,2,6
1765406854.470215,815,4,2,6,2,6
1765406854.486872,816,4,3,6,3,6
1765406854.503645,816,4,3,6,3,6
1765406854.519905,817,4,3,6,3,6
1765406854.537652,817,4,3,6,3,6
1765406854.553510,817,4,3,6,3,6
1765406854.569400,818,4,3,6,3,6
1765406854.585269,818,4,3,6,3,6
1765406854.602025,818,4,3,6,3,6
1765406854.619324,819,4,3,6,3,6
1765406854.636321,819,4,3,6,3,6
1765406854.652303,820,4,3,6,3,6
1765406854.668372,820,4,3,6,3,6
1765406854.685039,820,4,3,6,3,6
1765406854.701915,821,4,3,6,3,6
1765406854.718535,821,4,3,6,3,6
1765406854.734125,822,4,3,6,3,6
1765406854.751054,822,4,3,6,3,6
1765406854.768663,822,4,3,6,3,6
1765406854.784471,823,4,3,6,3,6
1765406854.800354,823,4,3,6,3,6
1765406854.816258,823,4,3,6,3,6
1765406854.833574,824,4,3,6,3,6
1765406854.849689,824,4,3,6,3,6
1765406854.866641,825,4,4,6,4,6
1765406854.882785,825,4,4,6,4,6
1765406854.898825,825,4,4,6,4,6
1765406854.915255,826,4,4,6,4,6
1765406854.931128,826,4,4,6,4,6
1765406854.947589,827,4,4,6,4,6
1765406854.962952,827,4,4,6,4,6
1765406854.979611,827,4,4,6,4,6
1765406854.996125,828,4,4,6,4,6
1765406855.012898,828,4,4,6,4,6
1765406855.030240,828,4,4,6,4,6
1765406855.046266,829,4,4,6,4,6
1765406855.062821,829,4,4,6,4,6
1765406855.079563,830,4,4,6,4,6
1765406855.096324,830,4,4,6,4,6
1765406855.112964,830,4,4,6,4,6
1765406855.130011,831,4,4,6,4,6
1765406855.146278,831,4,4,6,4,6
1765406855.163151,832,4,4,6,4,6
1765406855.179893,832,4,4,6,4,6
1765406855.197244,832,4,4,6,4,6
1765406855.213992,833,4,4,6,4,6
1765406855.230875,833,4,4,6,4,6
1765406855.247725,834,4,4,6,4,6
1765406855.263798,834,4,4,6,4,6
1765406855.280839,834,4,4,6,4,6
1765406855.298219,835,4,4,6,4,6
1765406855.314110,835,4,4,6,4,6
1765406855.330472,836,4,4,6,4,6
1765406855.346872,836,4,4,6,4,6
1765406855.363807,836,4,4,6,4,6
1765406855.379850,837,4,4,6,4,6
1765406855.396574,837,4,4,6,4,6
1765406855.412721,838,4,4,6,4,6
1765406855.429288,838,4,4,6,4,6
1765406855.445189,838,4,4,6,4,6
1765406855.461625,839,4,4,6,4,6
1765406855.478364,839,4,4,6,4,6
1765406855.495734,839,4,4,6,4,6
1765406855.511326,840,4,4,6,4,6
1765406855.527332,840,4,4,6,4,6
1765406855.543096,841,4,4,6,4,6
1765406855.559193,841,4,4,6,4,6
1765406855.576834,841,4,4,6,4,6
1765406855.594430,842,4,4,6,4,6
1765406855.610479,842,4,4,6,4,6
1765406855.627385,843,4,4,6,4,6
1765406855.644107,843,4,4,6,4,6
1765406855.660372,843,4,4,6,4,6
1765406855.677080,844,4,4,6,4,6
1765406855.693391,844,4,4,6,4,6
1765406855.710084,845,4,4,6,4,6
1765406855.726901,845,4,4,6,4,6
1765406855.743675,845,4,4,6,4,6
1765406855.759430,846,4,4,6,4,6
1765406855.775742,846,4,4,6,4,6
1765406855.792413,847,4,5,6,5,6
1765406855.809437,847,4,5,6,5,6
1765406855.826091,847,4,5,6,5,6
1765406855.843279,848,4,5,6,5,6
1765406855.859180,848,4,5,6,5,6
1765406855.875660,849,4,5,6,5,6
1765406855.893041,849,4,5,6,5,6
1765406855.909574,849,4,5,6,5,6
1765406855.926365,850,4,5,6,5,6
1765406855.944190,850,4,5,6,5,6
1765406855.960483,851,4,5,6,5,6
1765406855.977224,851,4,5,6,5,6
1765406855.994384,851,4,5,6,5,6
1765406856.010749,852,4,5,6,5,6
1765406856.026291,852,4,5,6,5,6
1765406856.042480,852,4,5,6,5,6
1765406856.058634,853,4,5,6,5,6
1765406856.075579,853,4,5,6,5,6
1765406856.091646,854,4,5,6,5,6
1765406856.107951,854,4,5,6,5,6
1765406856.124554,854,4,5,6,5,6
1765406856.140579,855,4,5,6,5,6
1765406856.156494,855,4,5,6,5,6
1765406856.172686,856,4,5,6,5,6
1765406856.189138,856,4,5,6,5,6
1765406856.206467,856,4,5,6,5,6
1765406856.222557,857,4,5,6,5,6
1765406856.238449,857,4,5,6,5,6
1765406856.255768,858,4,5,6,5,6
1765406856.271831,858,4,5,6,5,6
1765406856.288510,858,4,5,6,5,6
1765406856.304991,859,4,5,6,5,6
1765406856.321797,859,4,5,6,5,6
1765406856.338299,859,4,5,6,5,6
1765406856.354707,860,4,5,6,5,6
1765406856.370354,860,4,5,6,5,6
1765406856.386320,861,4,5,6,5,6
1765406856.403767,861,4,5,6,5,6
1765406856.419847,861,4,5,6,5,6
1765406856.436532,862,4,5,6,5,6
1765406856.452911,862,4,5,6,5,6
1765406856.470274,863,4,5,5,5,5
1765406856.486158,863,4,5,5,5,5
1765406856.503183,863,4,5,5,5,5
1765406856.520119,864,4,5,5,5,5
1765406856.537789,864,4,5,5,5,5
1765406856.554477,865,4,5,5,5,5
1765406856.570760,865,4,5,5,5,5
1765406856.586541,865,4,5,5,5,5
1765406856.602942,866,4,5,5,5,5
1765406856.619910,866,4,5,5,5,5
1765406856.636218,867,4,5,5,5,5
1765406856.652528,867,4,5,5,5,5
1765406856.668553,867,4,5,5,5,5
1765406856.684520,868,4,5,5,5,5
1765406856.700699,868,4,5,5,5,5
1765406856.717091,868,4,5,5,5,5
1765406856.733410,869,4,5,5,5,5
1765406856.750619,869,4,5,5,5,5
1765406856.766173,870,4,5,5,5,5
1765406856.783157,870,4,5,5,5,5
1765406856.799540,870,4,5,5,5,5
1765406856.817569,871,4,5,5,5,5
1765406856.834301,871,4,5,5,5,5
1765406856.850213,872,4,5,5,5,5
1765406856.866388,872,4,5,5,5,5
1765406856.882654,872,4,5,5,5,5
1765406856.898985,873,4,5,5,5,5
1765406856.916495,873,4,5,5,5,5
1765406856.934215,874,4,5,5,5,5
1765406856.951533,874,4,5,5,5,5
1765406856.967445,874,4,5,5,5,5
1765406856.983138,875,4,5,5,5,5
1765406856.999740,875,4,5,5,5,5
1765406857.015868,876,4,5,5,5,5
1765406857.032379,876,4,5,5,5,5
1765406857.048792,876,4,5,5,5,5
1765406857.066550,877,4,5,5,5,5
1765406857.082696,877,4,5,5,5,5
1765406857.099540,878,4,5,5,5,5
1765406857.115327,878,4,5,5,5,5
1765406857.132733,878,4,5,5,5,5
1765406857.149596,879,4,5,5,5,5
1765406857.166398,879,4,5,5,5,5
1765406857.183802,880,4,5,5,5,5
1765406857.200678,880,4,5,5,5,5
1765406857.216737,880,4,5,5,5,5
1765406857.232667,881,4,5,5,5,5
1765406857.248902,881,4,5,5,5,5
1765406857.265986,881,4,5,5,5,5
1765406857.281975,882,4,5,5,5,5
1765406857.299295,882,4,5,5,5,5
1765406857.315451,883,4,5,5,5,5
1765406857.331836,883,4,5,5,5,5
1765406857.350139,883,4,5,5,5,5
1765406857.366411,884,4,5,5,5,5
1765406857.381960,884,4,5,5,5,5
1765406857.398636,885,4,5,5,5,5
1765406857.414199,885,4,5,5,5,5
1765406857.431772,885,4,5,5,5,5
1765406857.447629,886,4,5,5,5,5
1765406857.464125,886,4,5,5,5,5
1765406857.480684,887,4,5,5,5,5
1765406857.496615,887,4,5,5,5,5
1765406857.512538,887,4,5,5,5,5
1765406857.528910,888,4,5,5,5,5
1765406857.545142,888,4,5,5,5,5
1765406857.561311,889,4,5,5,5,5
1765406857.577110,889,4,5,5,5,5
1765406857.593669,889,4,5,5,5,5
1765406857.610293,890,4,5,5,5,5
1765406857.626692,890,4,5,5,5,5
1765406857.642245,890,4,5,5,5,5
1765406857.658658,891,4,5,5,5,5
1765406857.675129,891,4,5,5,5,5
1765406857.691969,892,4,5,5,5,5
1765406857.708704,892,4,5,5,5,5
1765406857.725344,892,4,5,5,5,5
1765406857.742064,893,4,5,5,5,5
1765406857.758710,893,4,5,5,5,5
1765406857.775206,894,4,5,5,5,5
1765406857.793004,894,4,5,5,5,5
1765406857.809681,894,4,5,5,5,5
1765406857.825172,895,4,5,5,5,5
1765406857.842019,895,4,5,5,5,5
1765406857.858730,896,4,5,5,5,5
1765406857.875418,896,4,5,5,5,5
1765406857.891578,896,4,5,5,5,5
1765406857.907974,897,4,5,5,5,5
1765406857.925265,897,4,5,5,5,5
1765406857.941172,898,4,5,5,5,5
1765406857.957647,898,4,5,5,5,5
1765406857.974225,898,4,5,5,5,5
1765406857.990258,899,4,6,5,6,5
1765406858.006163,899,4,6,5,6,5
1765406858.023024,899,4,6,5,6,5
1765406858.039967,900,4,6,5,6,5
1765406858.056392,900,4,6,5,6,5
1765406858.072563,901,4,6,5,6,5
1765406858.088798,901,4,6,5,6,5
1765406858.106523,901,4,6,5,6,5
1765406858.122276,902,4,6,5,6,5
1765406858.138536,902,4,6,5,6,5
1765406858.154404,903,4,6,5,6,5
1765406858.171230,903,4,6,5,6,5
1765406858.187987,903,4,6,5,6,5
1765406858.204542,904,4,6,5,6,5
1765406858.220811,904,4,6,5,6,5
1765406858.238370,905,4,6,5,6,5
1765406858.255245,905,4,6,5,6,5
1765406858.271797,905,4,6,5,6,5
1765406858.288730,906,4,6,5,6,5
1765406858.304969,906,4,6,5,6,5
1765406858.321529,907,4,6,5,6,5
1765406858.337689,907,4,6,5,6,5
1765406858.353358,907,4,6,5,6,5
1765406858.369778,908,4,6,5,6,5
1765406858.385061,908,4,6,5,6,5
1765406858.403144,908,4,6,5,6,5
1765406858.419833,909,4,6,5,6,5
1765406858.437078,909,4,6,5,6,5
1765406858.453046,910,4,6,5,6,5
1765406858.469870,910,4,6,5,6,5
1765406858.486722,910,4,6,5,6,5
1765406858.502938,911,4,6,5,6,5
1765406858.519946,911,4,6,5,6,5
1765406858.538154,912,4,6,5,6,5
1765406858.554521,912,4,6,5,6,5
1765406858.570275,912,4,6,5,6,5
1765406858.586195,913,4,6,5,6,5
1765406858.602115,913,4,6,5,6,5
1765406858.618539,914,4,6,5,6,5
1765406858.634916,914,4,6,5,6,5
1765406858.651749,914,4,6,5,6,5
1765406858.668261,915,4,5,5,5,5
1765406858.683996,915,4,5,5,5,5
1765406858.700649,916,4,5,5,5,5
1765406858.716537,916,4,5,5,5,5
1765406858.732499,916,4,5,5,5,5
1765406858.748319,917,4,5,5,5,5
1765406858.764800,917,4,5,5,5,5
1765406858.780898,917,4,5,5,5,5
1765406858.797583,918,4,5,5,5,5
1765406858.813604,918,4,5,5,5,5
1765406858.829763,919,4,5,5,5,5
1765406858.846004,919,4,5,5,5,5
1765406858.862126,919,4,5,5,5,5
1765406858.878913,920,4,5,5,5,5
1765406858.895444,920,4,5,5,5,5
1765406858.911524,921,4,5,5,5,5
1765406858.927591,921,4,5,5,5,5
1765406858.943775,921,4,5,5,5,5
1765406858.959178,922,4,5,5,5,5
1765406858.975547,922,4,5,5,5,5
1765406858.992349,922,4,5,5,5,5
1765406859.008949,923,4,5,5,5,5
1765406859.025496,923,4,5,5,5,5
1765406859.041932,924,4,5,5,5,5
1765406859.059552,924,4,5,5,5,5
1765406859.076279,924,4,5,5,5,5
1765406859.092803,925,4,5,5,5,5
1765406859.109674,925,4,5,5,5,5
1765406859.125017,926,4,5,5,5,5
1765406859.141868,926,4,5,5,5,5
1765406859.158394,926,4,5,5,5,5
1765406859.175364,927,4,5,5,5,5
1765406859.192652,927,4,5,5,5,5
1765406859.208649,928,4,5,5,5,5
1765406859.225542,928,4,5,5,5,5
1765406859.242160,928,4,5,5,5,5
1765406859.259007,929,4,5,5,5,5
1765406859.277512,929,4,5,5,5,5
1765406859.294149,930,4,5,5,5,5
1765406859.311239,930,4,5,5,5,5
1765406859.327786,930,4,5,5,5,5
1765406859.344031,931,4,5,5,5,5
1765406859.361250,931,4,5,5,5,5
1765406859.378290,932,4,6,5,6,5
1765406859.395298,932,4,6,5,6,5
1765406859.412365,932,4,6,5,6,5
1765406859.427973,933,4,6,5,6,5
1765406859.444785,933,4,6,5,6,5
1765406859.461593,934,4,6,5,6,5
1765406859.478302,934,4,6,5,6,5
1765406859.494702,934,4,6,5,6,5
1765406859.510518,935,4,6,5,6,5
1765406859.526367,935,4,6,5,6,5
1765406859.542843,935,4,6,5,6,5
1765406859.559702,936,4,6,5,6,5
1765406859.575486,936,4,6,5,6,5
1765406859.591654,937,4,6,5,6,5
1765406859.607653,937,4,6,5,6,5
1765406859.623105,937,4,6,5,6,5
1765406859.640094,938,4,6,5,6,5
1765406859.656628,938,4,6,5,6,5
1765406859.673140,939,4,6,5,6,5
1765406859.690588,939,4,6,5,6,5
1765406859.707308,939,4,6,5,6,5
1765406859.724508,940,4,6,5,6,5
1765406859.742282,940,4,6,5,6,5
1765406859.758981,941,4,6,5,6,5
1765406859.775652,941,4,6,5,6,5
1765406859.791757,941,4,6,5,6,5
1765406859.809099,942,4,7,5,7,5
1765406859.825728,942,4,7,5,7,5
1765406859.842434,943,4,7,5,7,5
1765406859.859708,943,4,7,5,7,5
1765406859.876092,943,4,7,5,7,5
1765406859.892892,944,4,7,5,7,5
1765406859.909799,944,4,7,5,7,5
1765406859.926622,945,4,7,5,7,5
1765406859.942424,945,4,7,5,7,5
1765406859.959221,945,4,7,5,7,5
1765406859.976625,946,4,7,5,7,5
1765406859.993104,946,4,7,5,7,5
1765406860.010543,947,4,7,5,7,5
1765406860.027314,947,4,7,5,7,5
1765406860.044046,947,4,7,5,7,5
1765406860.059966,948,4,7,5,7,5
1765406860.076712,948,4,7,5,7,5
1765406860.093407,949,4,7,5,7,5
1765406860.109759,949,4,7,5,7,5
1765406860.125744,949,4,7,5,7,5
1765406860.142209,950,4,7,5,7,5
1765406860.158506,950,4,7,5,7,5
1765406860.174608,951,4,7,5,7,5
1765406860.190255,951,4,7,5,7,5
1765406860.207076,951,4,7,5,7,5
1765406860.222865,952,4,7,5,7,5
1765406860.239490,952,4,7,5,7,5
1765406860.255698,952,4,7,5,7,5
1765406860.271512,953,4,7,5,7,5
1765406860.287904,953,4,7,5,7,5
1765406860.304431,954,4,7,5,7,5
1765406860.321201,954,4,7,5,7,5
1765406860.337981,954,4,7,5,7,5
1765406860.354796,955,4,7,5,7,5
1765406860.372181,955,4,7,5,7,5
1765406860.389292,956,4,7,5,7,5
1765406860.406590,956,4,7,5,7,5
1765406860.422652,956,4,7,5,7,5
1765406860.438033,957,4,7,5,7,5
1765406860.455120,957,4,7,5,7,5
1765406860.471363,958,4,7,5,7,5
1765406860.488533,958,4,7,5,7,5
1765406860.505165,958,4,7,5,7,5
1765406860.520861,959,4,7,5,7,5
1765406860.537650,959,4,7,5,7,5
1765406860.554058,959,4,7,5,7,5
1765406860.571538,960,4,7,5,7,5
1765406860.588246,960,4,7,5,7,5
1765406860.604669,961,4,7,5,7,5
1765406860.620882,961,4,7,5,7,5
1765406860.638118,961,4,7,5,7,5
1765406860.654990,962,4,7,5,7,5
1765406860.673021,962,4,7,5,7,5
1765406860.689885,963,4,7,5,7,5
1765406860.706480,963,4,7,5,7,5
1765406860.723579,963,4,7,5,7,5
1765406860.740285,964,4,7,5,7,5
1765406860.756960,964,4,7,5,7,5
1765406860.773434,965,4,7,5,7,5
1765406860.789163,965,4,7,5,7,5
1765406860.806636,965,4,7,5,7,5
1765406860.822057,966,4,7,5,7,5
1765406860.838948,966,4,7,5,7,5
1765406860.855614,967,4,7,5,7,5
1765406860.871639,967,4,7,5,7,5
1765406860.888504,967,4,7,5,7,5
1765406860.905105,968,4,7,5,7,5
1765406860.921306,968,4,7,5,7,5
1765406860.937514,969,4,7,5,7,5
1765406860.953558,969,4,7,5,7,5
1765406860.969634,969,4,7,5,7,5
1765406860.986314,970,4,7,5,7,5
1765406861.003194,970,4,7,5,7,5
1765406861.020104,971,4,7,5,7,5
1765406861.036340,971,4,7,5,7,5
1765406861.052287,971,4,7,5,7,5
1765406861.069189,972,4,7,6,7,6
1765406861.086274,972,4,7,6,7,6
1765406861.102275,972,4,7,6,7,6
1765406861.118587,973,4,7,6,7,6
1765406861.135633,973,4,7,6,7,6
1765406861.151804,974,4,7,6,7,6
1765406861.168494,974,4,7,6,7,6
1765406861.184777,974,4,7,6,7,6
1765406861.201639,975,4,7,6,7,6
1765406861.217899,975,4,7,6,7,6
1765406861.234701,976,4,7,6,7,6
1765406861.250659,976,4,7,6,7,6
1765406861.267726,976,4,7,6,7,6
1765406861.284028,977,4,7,6,7,6
1765406861.301098,977,4,7,6,7,6
1765406861.317793,978,4,7,6,7,6
1765406861.335620,978,4,7,6,7,6
1765406861.351593,978,4,7,6,7,6
1765406861.367836,979,4,7,6,7,6
1765406861.386225,979,4,7,6,7,6
1765406861.402581,980,4,7,6,7,6
1765406861.418404,980,4,7,6,7,6
1765406861.435609,980,4,7,6,7,6
1765406861.451397,981,4,7,6,7,6
1765406861.468344,981,4,7,6,7,6
1765406861.485270,982,4,7,6,7,6
1765406861.502111,982,4,7,6,7,6
1765406861.519159,982,4,7,6,7,6
1765406861.535694,983,4,7,6,7,6
1765406861.552509,983,4,7,6,7,6
1765406861.568658,984,4,7,6,7,6
1765406861.584301,984,4,7,6,7,6
1765406861.600942,984,4,7,6,7,6
1765406861.617772,985,4,7,6,7,6
1765406861.634118,985,4,7,6,7,6
1765406861.650909,985,4,7,6,7,6
1765406861.667685,986,4,7,6,7,6
1765406861.683849,986,4,7,6,7,6
1765406861.700886,987,4,7,6,7,6
1765406861.718108,987,4,7,6,7,6
1765406861.734342,987,4,7,6,7,6
1765406861.751343,988,4,7,6,7,6
1765406861.767917,988,4,7,6,7,6
1765406861.784270,989,4,6,6,6,6
1765406861.800341,989,4,6,6,6,6
1765406861.817088,989,4,6,6,6,6
1765406861.834654,990,4,6,6,6,6
1765406861.851080,990,4,6,6,6,6
1765406861.868737,991,4,6,6,6,6
1765406861.884802,991,4,6,6,6,6
1765406861.902169,991,4,6,6,6,6
1765406861.918654,992,4,6,6,6,6
1765406861.935305,992,4,6,6,6,6
1765406861.951750,993,4,6,6,6,6
1765406861.968097,993,4,6,6,6,6
1765406861.985190,993,4,6,6,6,6
1765406862.001600,994,4,6,6,6,6
1765406862.017470,994,4,6,6,6,6
1765406862.032975,995,4,6,6,6,6
1765406862.050524,995,4,6,6,6,6
1765406862.067055,995,4,6,6,6,6
1765406862.084211,996,4,6,6,6,6
1765406862.100931,996,4,6,6,6,6
1765406862.118725,997,4,6,6,6,6
1765406862.134567,997,4,6,6,6,6
1765406862.151129,997,4,6,6,6,6
1765406862.168270,998,4,6,6,6,6
1765406862.184829,998,4,6,6,6,6
1765406862.202222,999,4,6,6,6,6
1765406862.219007,999,4,6,6,6,6
1765406862.235200,999,4,6,6,6,6
1765406862.252771,1000,4,6,6,6,6
1765406862.268343,1000,4,6,6,6,6
1765406862.284850,1000,4,6,6,6,6
1765406862.301789,1001,4,6,6,6,6
1765406862.318089,1001,4,6,6,6,6
1765406862.334858,1002,4,6,6,6,6
1765406862.351290,1002,4,6,6,6,6
1765406862.367724,1002,4,6,6,6,6
1765406862.383749,1003,4,6,6,6,6
1765406862.399983,1003,4,6,6,6,6
1765406862.416699,1004,4,6,7,6,7
1765406862.432710,1004,4,6,7,6,7
1765406862.448488,1004,4,6,7,6,7
1765406862.464490,1005,4,6,7,6,7
1765406862.481241,1005,4,6,7,6,7
1765406862.497149,1006,4,6,7,6,7
1765406862.513589,1006,4,6,7,6,7
1765406862.530421,1006,4,6,7,6,7
1765406862.546377,1007,4,6,7,6,7
1765406862.562980,1007,4,6,7,6,7
1765406862.580435,1007,4,6,7,6,7
1765406862.596416,1008,4,6,7,6,7
1765406862.612326,1008,4,6,7,6,7
1765406862.628477,1009,4,6,7,6,7
1765406862.645312,1009,4,6,7,6,7
1765406862.662202,1009,4,6,7,6,7
1765406862.679450,1010,4,6,7,6,7
1765406862.695322,1010,4,6,7,6,7
1765406862.711076,1011,4,6,7,6,7
1765406862.727661,1011,4,6,7,6,7
1765406862.743419,1011,4,6,7,6,7
1765406862.759759,1012,4,6,7,6,7
1765406862.775789,1012,4,6,7,6,7
1765406862.792126,1012,4,6,7,6,7
1765406862.809164,1013,4,6,7,6,7
1765406862.826303,1013,4,6,7,6,7
1765406862.842809,1014,4,6,7,6,7
1765406862.860447,1014,4,6,7,6,7
1765406862.876154,1014,4,6,7,6,7
1765406862.893118,1015,4,6,7,6,7
1765406862.909956,1015,4,6,7,6,7
1765406862.927745,1016,4,6,7,6,7
1765406862.943879,1016,4,6,7,6,7
1765406862.960296,1016,4,6,7,6,7
1765406862.975901,1017,4,6,7,6,7
1765406862.993036,1017,4,6,7,6,7
1765406863.009758,1018,4,6,7,6,7
1765406863.026745,1018,4,6,7,6,7
1765406863.042985,1018,4,6,7,6,7
1765406863.059782,1019,4,6,7,6,7
1765406863.075034,1019,4,6,7,6,7
1765406863.091476,1020,4,6,7,6,7
1765406863.108604,1020,4,6,7,6,7
1765406863.125231,1020,4,6,7,6,7
1765406863.141561,1021,4,6,7,6,7
1765406863.157265,1021,4,6,7,6,7
1765406863.174246,1022,4,6,7,6,7
1765406863.190933,1022,4,6,7,6,7
1765406863.207774,1022,4,6,7,6,7
1765406863.223620,1023,4,6,7,6,7
1765406863.239900,1023,4,6,7,6,7
1765406863.256709,1023,4,6,7,6,7
1765406863.272548,1024,4,6,7,6,7
1765406863.288849,1024,4,6,7,6,7
1765406863.304874,1025,4,6,7,6,7
1765406863.321879,1025,4,6,7,6,7
1765406863.338289,1025,4,6,7,6,7
1765406863.355685,1026,4,6,7,6,7
1765406863.371555,1026,4,6,7,6,7
1765406863.387921,1027,4,6,7,6,7
1765406863.405376,1027,4,6,7,6,7
1765406863.422122,1027,4,6,7,6,7
1765406863.438751,1028,4,6,7,6,7
1765406863.455065,1028,4,6,7,6,7
1765406863.471716,1029,4,6,7,6,7
1765406863.487925,1029,4,6,7,6,7
1765406863.505341,1029,4,6,7,6,7
1765406863.521806,1030,4,6,7,6,7
1765406863.538514,1030,4,6,7,6,7
1765406863.554216,1031,4,6,7,6,7
1765406863.570005,1031,4,6,7,6,7
1765406863.587445,1031,4,6,7,6,7
1765406863.603184,1032,4,6,7,6,7
1765406863.619785,1032,4,6,7,6,7
1765406863.635754,1033,4,6,7,6,7
1765406863.651658,1033,4,6,7,6,7
1765406863.667742,1033,4,6,7,6,7
1765406863.684027,1034,4,6,7,6,7
1765406863.701153,1034,4,6,7,6,7
1765406863.717801,1034,4,6,7,6,7
1765406863.735373,1035,4,6,7,6,7
1765406863.751386,1035,4,6,7,6,7
1765406863.767404,1036,4,6,7,6,7
1765406863.784750,1036,4,6,7,6,7
1765406863.800268,1036,4,6,7,6,7
1765406863.816531,1037,4,6,7,6,7
1765406863.832732,1037,4,6,7,6,7
1765406863.848981,1038,4,6,7,6,7
1765406863.865693,1038,4,6,7,6,7
1765406863.882265,1038,4,6,7,6,7
1765406863.898712,1039,4,6,7,6,7
1765406863.914672,1039,4,6,7,6,7
1765406863.930818,1040,4,6,6,6,6
1765406863.947754,1040,4,6,6,6,6
1765406863.964101,1040,4,6,6,6,6
1765406863.980574,1041,4,6,6,6,6
1765406863.997109,1041,4,6,6,6,6
1765406864.013138,1041,4,6,6,6,6
1765406864.029816,1042,4,6,6,6,6
1765406864.046882,1042,4,6,6,6,6
1765406864.063658,1043,4,6,6,6,6
1765406864.080447,1043,4,6,6,6,6
1765406864.096857,1043,4,6,6,6,6
1765406864.114107,1044,4,6,6,6,6
1765406864.130618,1044,4,6,6,6,6
1765406864.146638,1045,4,6,6,6,6
1765406864.164165,1045,4,6,6,6,6
1765406864.181039,1045,4,6,6,6,6
1765406864.198109,1046,4,6,6,6,6
1765406864.214445,1046,4,6,6,6,6
1765406864.229832,1047,4,6,6,6,6
1765406864.247112,1047,4,6,6,6,6
1765406864.263914,1047,4,6,6,6,6
1765406864.280927,1048,4,6,6,6,6
1765406864.297468,1048,4,6,6,6,6
1765406864.314504,1049,4,6,6,6,6
1765406864.330496,1049,4,6,6,6,6
1765406864.346561,1049,4,6,6,6,6
1765406864.362721,1050,4,6,6,6,6
1765406864.379024,1050,4,6,6,6,6
1765406864.395607,1051,4,6,6,6,6
1765406864.411947,1051,4,6,6,6,6
1765406864.428836,1051,4,6,6,6,6
1765406864.444903,1052,4,6,6,6,6
1765406864.461844,1052,4,6,6,6,6
1765406864.478909,1053,4,6,6,6,6
1765406864.497798,1053,4,6,6,6,6
1765406864.515534,1053,4,6,6,6,6
1765406864.532122,1054,4,6,6,6,6
1765406864.548830,1054,4,6,6,6,6
1765406864.565339,1055,4,6,6,6,6
1765406864.581849,1055,4,6,6,6,6
1765406864.598429,1055,4,6,6,6,6
1765406864.614946,1056,4,7,6,7,6
1765406864.631802,1056,4,7,6,7,6
1765406864.649079,1057,4,7,6,7,6
1765406864.666304,1057,4,7,6,7,6
1765406864.683612,1057,4,7,6,7,6
1765406864.699769,1058,4,7,6,7,6
1765406864.716009,1058,4,7,6,7,6
1765406864.732036,1059,4,7,6,7,6
1765406864.748596,1059,4,7,6,7,6
1765406864.765384,1059,4,7,6,7,6
1765406864.782277,1060,4,7,6,7,6
1765406864.799597,1060,4,7,6,7,6
1765406864.815696,1060,4,7,6,7,6
1765406864.831728,1061,4,7,6,7,6
1765406864.848152,1061,4,7,6,7,6
1765406864.864799,1062,4,7,6,7,6
1765406864.881501,1062,4,7,6,7,6
1765406864.898748,1062,4,7,6,7,6
1765406864.916684,1063,4,7,6,7,6
1765406864.932414,1063,4,7,6,7,6
1765406864.948982,1064,4,7,6,7,6
1765406864.965484,1064,4,7,6,7,6
1765406864.982012,1064,4,7,6,7,6
1765406864.999258,1065,4,7,6,7,6
1765406865.015507,1065,4,7,6,7,6
1765406865.032442,1066,4,7,7,7,7
1765406865.048710,1066,4,7,7,7,7
1765406865.065238,1066,4,7,7,7,7
1765406865.082392,1067,4,7,7,7,7
1765406865.098535,1067,4,7,7,7,7
1765406865.117522,1067,4,7,7,7,7
1765406865.148525,1067,4,7,7,7,7
1765406865.186665,1068,4,7,7,7,7
1765406865.206936,1068,4,7,7,7,7
1765406865.223709,1069,4,7,7,7,7
1765406865.240834,1070,4,7,7,7,7
1765406865.257741,1070,4,7,7,7,7
1765406865.273080,1070,4,7,7,7,7
1765406865.290496,1071,4,7,7,7,7
1765406865.306535,1071,4,7,7,7,7
1765406865.322782,1071,4,7,7,7,7
1765406865.339887,1072,4,7,7,7,7
1765406865.356739,1072,4,7,7,7,7
1765406865.373114,1073,4,7,7,7,7
1765406865.389841,1073,4,7,7,7,7
1765406865.407660,1074,4,6,7,6,7
1765406865.424211,1074,4,6,7,6,7
1765406865.440217,1074,4,6,7,6,7
1765406865.456597,1075,4,6,7,6,7
1765406865.471980,1075,4,6,7,6,7
1765406865.488435,1075,4,6,7,6,7
1765406865.505053,1076,4,6,7,6,7
1765406865.521720,1076,4,6,7,6,7
1765406865.538252,1077,4,6,7,6,7
1765406865.554800,1077,4,6,7,6,7
1765406865.571656,1077,4,6,7,6,7
1765406865.587899,1078,4,6,7,6,7
1765406865.605442,1078,4,6,7,6,7
1765406865.622219,1079,4,6,7,6,7
1765406865.638937,1079,4,6,7,6,7
1765406865.655299,1079,4,6,7,6,7
1765406865.671834,1080,4,6,7,6,7
1765406865.688987,1080,4,6,7,6,7
1765406865.706402,1081,4,6,7,6,7
1765406865.723086,1081,4,6,7,6,7
1765406865.739814,1081,4,6,7,6,7
1765406865.756583,1082,4,6,7,6,7
1765406865.772944,1082,4,6,7,6,7
1765406865.789599,1083,4,6,7,6,7
1765406865.806487,1083,4,6,7,6,7
1765406865.821956,1083,4,6,7,6,7
1765406865.839210,1084,4,6,7,6,7
1765406865.855988,1084,4,6,7,6,7
1765406865.872167,1085,4,6,7,6,7
1765406865.888760,1085,4,6,7,6,7
1765406865.904995,1085,4,6,7,6,7
1765406865.921956,1086,4,6,7,6,7
1765406865.939428,1086,4,6,7,6,7
1765406865.956405,1087,4,6,7,6,7
1765406865.973081,1087,4,6,7,6,7
1765406865.990409,1087,4,6,7,6,7
1765406866.006726,1088,4,6,7,6,7
1765406866.022289,1088,4,6,7,6,7
1765406866.039124,1089,4,6,7,6,7
1765406866.055715,1089,4,6,7,6,7
1765406866.071903,1089,4,6,7,6,7
1765406866.088938,1090,4,6,7,6,7
1765406866.105680,1090,4,6,7,6,7
1765406866.122755,1090,4,6,7,6,7
1765406866.138779,1091,4,6,7,6,7
1765406866.155697,1091,4,6,7,6,7
1765406866.172071,1092,4,6,7,6,7
1765406866.189070,1092,4,6,7,6,7
1765406866.205281,1092,4,6,7,6,7
1765406866.221164,1093,4,6,7,6,7
1765406866.238338,1093,4,6,7,6,7
1765406866.255337,1094,4,6,7,6,7
1765406866.271780,1094,4,6,7,6,7
1765406866.287866,1094,4,6,7,6,7
1765406866.304936,1095,4,6,7,6,7
1765406866.321732,1095,4,6,7,6,7
1765406866.337405,1096,4,6,7,6,7
1765406866.354375,1096,4,6,7,6,7
1765406866.370968,1096,4,6,7,6,7
1765406866.388246,1097,4,6,7,6,7
1765406866.405674,1097,4,6,7,6,7
1765406866.422422,1098,4,6,7,6,7
1765406866.439733,1098,4,6,7,6,7
1765406866.456555,1098,4,6,7,6,7
1765406866.472621,1099,4,6,7,6,7
1765406866.488698,1099,4,6,7,6,7
1765406866.504998,1100,4,5,7,5,7
1765406866.522083,1100,4,5,7,5,7
1765406866.538886,1100,4,5,7,5,7
1765406866.556613,1101,4,5,7,5,7
1765406866.572709,1101,4,5,7,5,7
1765406866.588714,1102,4,5,7,5,7
1765406866.604576,1102,4,5,7,5,7
1765406866.620426,1102,4,5,7,5,7
1765406866.636837,1103,4,5,7,5,7
1765406866.654138,1103,4,5,7,5,7
1765406866.672204,1103,4,5,7,5,7
1765406866.688775,1104,4,5,7,5,7
1765406866.704447,1104,4,5,7,5,7
1765406866.720773,1105,4,5,7,5,7
1765406866.737219,1105,4,5,7,5,7
1765406866.754101,1105,4,5,7,5,7
1765406866.771372,1106,4,5,7,5,7
1765406866.787807,1106,4,5,7,5,7
1765406866.805020,1107,4,5,7,5,7
1765406866.821345,1107,4,5,7,5,7
1765406866.837466,1107,4,5,7,5,7
1765406866.854021,1108,4,5,7,5,7
1765406866.870403,1108,4,5,7,5,7
1765406866.886787,1109,4,5,7,5,7
1765406866.903467,1109,4,5,7,5,7
1765406866.920544,1109,4,5,7,5,7
1765406866.936500,1110,4,5,7,5,7
1765406866.952987,1110,4,5,7,5,7
1765406866.969370,1111,4,5,7,5,7
1765406866.985732,1111,4,5,7,5,7
1765406867.001310,1111,4,5,7,5,7
1765406867.017644,1112,4,5,7,5,7
1765406867.034160,1112,4,5,7,5,7
1765406867.051235,1112,4,5,7,5,7
1765406867.068632,1113,4,5,7,5,7
1765406867.087317,1114,4,5,7,5,7
1765406867.103780,1114,4,5,7,5,7
1765406867.119850,1114,4,5,7,5,7
1765406867.136016,1115,4,5,7,5,7
1765406867.152390,1115,4,5,7,5,7
1765406867.169245,1115,4,5,7,5,7
1765406867.186445,1116,4,5,7,5,7
1765406867.202536,1116,4,5,7,5,7
1765406867.219174,1117,4,5,7,5,7
1765406867.235473,1117,4,5,7,5,7
1765406867.251965,1117,4,5,7,5,7
1765406867.269245,1118,4,5,7,5,7
1765406867.285645,1118,4,5,7,5,7
1765406867.302363,1119,4,5,7,5,7
1765406867.319197,1119,4,5,7,5,7
1765406867.335798,1119,4,5,7,5,7
1765406867.353105,1120,4,5,7,5,7
1765406867.370365,1120,4,5,7,5,7
1765406867.386844,1121,4,5,7,5,7
1765406867.404214,1121,4,5,7,5,7
1765406867.421345,1121,4,5,7,5,7
1765406867.437575,1122,4,5,7,5,7
1765406867.453929,1122,4,5,7,5,7
1765406867.470607,1123,4,5,7,5,7
1765406867.553396,1123,4,5,7,5,7
1765406867.610203,1124,4,5,7,5,7
1765406867.627841,1124,4,5,7,5,7
1765406867.645215,1125,4,5,7,5,7
1765406867.661610,1125,4,5,7,5,7
1765406867.677961,1125,4,5,7,5,7
1765406867.693945,1126,4,5,7,5,7
1765406867.710848,1126,4,5,7,5,7
1765406867.727850,1127,4,5,7,5,7
1765406867.745223,1127,4,5,7,5,7
1765406867.761823,1127,4,5,7,5,7
1765406867.779371,1128,4,5,7,5,7
1765406867.795878,1128,4,5,7,5,7
1765406867.812843,1129,4,5,7,5,7
1765406867.829862,1129,4,5,7,5,7
1765406867.846639,1129,4,5,7,5,7
1765406867.862669,1130,4,5,7,5,7
1765406867.879185,1130,4,5,7,5,7
1765406867.896890,1131,4,5,7,5,7
1765406867.913727,1131,4,5,7,5,7
1765406867.929581,1131,4,5,7,5,7
1765406867.946569,1132,4,5,7,5,7
1765406867.962268,1132,4,5,7,5,7
1765406867.978660,1133,4,5,7,5,7
1765406867.995150,1133,4,5,7,5,7
1765406868.011417,1133,4,5,7,5,7
1765406868.027833,1134,4,5,8,5,8
1765406868.044736,1134,4,5,8,5,8
1765406868.060363,1134,4,5,8,5,8
1765406868.076452,1135,4,5,8,5,8
1765406868.092680,1135,4,5,8,5,8
1765406868.108837,1136,4,5,8,5,8
1765406868.126454,1136,4,5,8,5,8
1765406868.141925,1136,4,5,8,5,8
1765406868.158838,1137,4,5,8,5,8
1765406868.176268,1137,4,5,8,5,8
1765406868.192647,1138,4,5,8,5,8
1765406868.209198,1138,4,5,8,5,8
1765406868.225813,1138,4,5,8,5,8
1765406868.243358,1139,4,5,8,5,8
1765406868.259133,1139,4,5,8,5,8
1765406868.276150,1140,4,5,8,5,8
1765406868.293123,1140,4,5,8,5,8
1765406868.310741,1140,4,5,8,5,8
1765406868.326723,1141,4,5,8,5,8
1765406868.344110,1141,4,5,8,5,8
1765406868.361135,1142,4,5,8,5,8
1765406868.378411,1142,4,5,8,5,8
1765406868.394143,1142,4,5,8,5,8
1765406868.410478,1143,4,5,8,5,8
1765406868.426759,1143,4,5,8,5,8
1765406868.443901,1144,4,5,8,5,8
1765406868.460875,1144,4,5,8,5,8
1765406868.478349,1144,4,5,8,5,8
1765406868.495308,1145,4,5,8,5,8
1765406868.511931,1145,4,5,8,5,8
1765406868.529151,1146,4,5,8,5,8
1765406868.546491,1146,4,5,8,5,8
1765406868.562998,1146,4,5,8,5,8
1765406868.579935,1147,4,5,8,5,8
1765406868.596883,1147,4,5,8,5,8
1765406868.614044,1147,4,5,8,5,8
1765406868.630684,1148,4,5,8,5,8
1765406868.646952,1148,4,5,8,5,8
1765406868.663804,1149,4,5,8,5,8
1765406868.681574,1149,4,5,8,5,8
1765406868.698117,1149,4,5,8,5,8
1765406868.714430,1150,4,5,8,5,8
1765406868.730754,1150,4,5,8,5,8
1765406868.746609,1151,4,5,8,5,8
1765406868.762773,1151,4,5,8,5,8
1765406868.778753,1151,4,5,8,5,8
1765406868.794857,1152,4,5,8,5,8
1765406868.812266,1152,4,5,8,5,8
1765406868.829743,1153,4,5,8,5,8
1765406868.845915,1153,4,5,8,5,8
1765406868.862771,1153,4,5,8,5,8
1765406868.878474,1154,4,5,8,5,8
1765406868.895972,1154,4,5,8,5,8
1765406868.912711,1155,4,5,8,5,8
1765406868.929195,1155,4,5,8,5,8
1765406868.946415,1155,4,5,8,5,8
1765406868.962801,1156,4,5,8,5,8
1765406868.979435,1156,4,5,8,5,8
1765406868.995677,1157,4,5,8,5,8
1765406869.012251,1157,4,5,8,5,8
1765406869.028876,1157,4,5,8,5,8
1765406869.046596,1158,4,5,8,5,8
1765406869.062980,1158,4,5,8,5,8
1765406869.079434,1159,4,5,8,5,8
1765406869.095550,1159,4,5,8,5,8
1765406869.111811,1159,4,5,8,5,8
1765406869.128985,1160,4,5,8,5,8
1765406869.145952,1160,4,5,8,5,8
1765406869.162750,1161,4,5,8,5,8
1765406869.178216,1161,4,5,8,5,8
1765406869.195632,1161,4,5,8,5,8
1765406869.211365,1162,4,5,8,5,8
1765406869.227737,1162,4,5,8,5,8
1765406869.243819,1162,4,5,8,5,8
1765406869.260921,1163,4,5,8,5,8
1765406869.278102,1163,4,5,8,5,8
1765406869.294858,1164,4,5,8,5,8
1765406869.311718,1164,4,5,8,5,8
1765406869.327817,1164,4,5,8,5,8
1765406869.344897,1165,4,4,8,4,8
1765406869.362206,1165,4,4,8,4,8
1765406869.379711,1166,4,4,8,4,8
1765406869.396699,1166,4,4,8,4,8
1765406869.412670,1166,4,4,8,4,8
1765406869.429251,1167,4,4,8,4,8
1765406869.445324,1167,4,4,8,4,8
1765406869.461239,1168,4,4,8,4,8
1765406869.478388,1168,4,4,8,4,8
1765406869.494740,1168,4,4,8,4,8
1765406869.510179,1169,4,4,8,4,8
1765406869.526685,1169,4,4,8,4,8
1765406869.543022,1170,4,4,8,4,8
1765406869.560522,1170,4,4,8,4,8
1765406869.576683,1170,4,4,8,4,8
1765406869.592463,1171,4,4,8,4,8
1765406869.608709,1171,4,4,8,4,8
1765406869.624736,1171,4,4,8,4,8
1765406869.640985,1172,4,4,8,4,8
1765406869.657801,1172,4,4,8,4,8
1765406869.675535,1173,4,4,8,4,8
1765406869.691714,1173,4,4,8,4,8
1765406869.707608,1173,4,4,8,4,8
1765406869.723927,1174,4,4,8,4,8
1765406869.741421,1174,4,4,8,4,8
1765406869.758447,1175,4,4,8,4,8
1765406869.774453,1175,4,4,8,4,8
1765406869.790818,1175,4,4,8,4,8
1765406869.808001,1176,4,4,8,4,8
1765406869.825574,1176,4,4,8,4,8
1765406869.841891,1177,4,4,8,4,8
1765406869.858802,1177,4,4,8,4,8
1765406869.875639,1177,4,4,8,4,8
1765406869.891438,1178,4,4,8,4,8
1765406869.908096,1178,4,4,8,4,8
1765406869.925243,1179,4,4,8,4,8
1765406869.942841,1179,4,4,8,4,8
1765406869.959191,1179,4,4,8,4,8
1765406869.976242,1180,4,4,8,4,8
1765406869.993618,1180,4,4,8,4,8
1765406870.010551,1181,4,4,8,4,8
1765406870.026391,1181,4,4,8,4,8
1765406870.042716,1181,4,4,8,4,8
1765406870.057976,1182,4,4,8,4,8
1765406870.074663,1182,4,4,8,4,8
1765406870.090770,1183,4,4,9,4,9
1765406870.106552,1183,4,4,9,4,9
1765406870.122560,1183,4,4,9,4,9
1765406870.139007,1184,4,4,9,4,9
1765406870.156041,1184,4,4,9,4,9
1765406870.172337,1184,4,4,9,4,9
1765406870.188765,1185,4,4,9,4,9
1765406870.204986,1185,4,4,9,4,9
1765406870.221164,1186,4,4,9,4,9
1765406870.237727,1186,4,4,9,4,9
1765406870.253966,1186,4,4,9,4,9
1765406870.270219,1187,4,4,9,4,9
1765406870.286869,1187,4,4,9,4,9
1765406870.304197,1188,4,4,9,4,9
1765406870.320205,1188,4,4,9,4,9
1765406870.337642,1188,4,4,9,4,9
1765406870.353654,1189,4,4,9,4,9
1765406870.370386,1189,4,4,9,4,9
1765406870.386512,1190,4,4,9,4,9
1765406870.402386,1190,4,4,9,4,9
1765406870.419461,1190,4,4,9,4,9
1765406870.435924,1191,4,4,9,4,9
1765406870.453392,1191,4,4,9,4,9
1765406870.469879,1191,4,4,9,4,9
1765406870.486626,1192,4,4,9,4,9
1765406870.502643,1192,4,4,9,4,9
1765406870.518343,1193,4,4,9,4,9
1765406870.534257,1193,4,4,9,4,9
1765406870.552029,1193,4,4,9,4,9
1765406870.568722,1194,4,4,10,4,10
1765406870.584585,1194,4,4,10,4,10
1765406870.600395,1195,4,4,10,4,10
1765406870.616874,1195,4,4,10,4,10
1765406870.633883,1195,4,4,10,4,10
1765406870.650634,1196,4,4,10,4,10
1765406870.666525,1196,4,4,10,4,10
1765406870.682785,1197,4,4,10,4,10
1765406870.698592,1197,4,4,10,4,10
1765406870.714984,1197,4,4,10,4,10
1765406870.732529,1198,4,4,10,4,10
1765406870.749267,1198,4,4,10,4,10
1765406870.765808,1198,4,4,10,4,10
1765406870.782517,1199,4,4,10,4,10
1765406870.798933,1199,4,4,10,4,10
1765406870.816070,1200,4,4,10,4,10
1765406870.832431,1200,4,4,10,4,10
1765406870.848211,1200,4,4,10,4,10
1765406870.864928,1201,4,4,10,4,10
1765406870.881463,1201,4,4,10,4,10
1765406870.897930,1202,4,4,10,4,10
1765406870.915756,1202,4,4,10,4,10
1765406870.931675,1202,4,4,10,4,10
1765406870.948003,1203,4,3,10,3,10
1765406870.965180,1203,4,3,10,3,10
1765406870.980829,1204,4,3,10,3,10
1765406870.998389,1204,4,3,10,3,10
1765406871.015302,1204,4,3,10,3,10
1765406871.031916,1205,4,3,10,3,10
1765406871.047852,1205,4,3,10,3,10
1765406871.064802,1206,4,3,10,3,10
1765406871.081894,1206,4,3,10,3,10
1765406871.098427,1206,4,3,10,3,10
1765406871.114874,1207,4,3,10,3,10
1765406871.131632,1207,4,3,10,3,10
1765406871.148540,1208,4,3,10,3,10
1765406871.165235,1208,4,3,10,3,10
1765406871.182347,1208,4,3,10,3,10
1765406871.199800,1209,4,3,10,3,10
1765406871.216849,1209,4,3,10,3,10
1765406871.234349,1210,4,3,10,3,10
1765406871.251141,1210,4,3,10,3,10
1765406871.267403,1210,4,3,10,3,10
1765406871.284946,1211,4,3,10,3,10
1765406871.301586,1211,4,3,10,3,10
1765406871.317339,1212,4,3,10,3,10
1765406871.333982,1212,4,3,10,3,10
1765406871.350668,1212,4,3,10,3,10
1765406871.367334,1213,4,3,10,3,10
1765406871.383740,1213,4,3,10,3,10
1765406871.399226,1213,4,3,10,3,10
1765406871.416660,1214,4,3,10,3,10
1765406871.433413,1214,4,3,10,3,10
1765406871.449910,1215,4,3,10,3,10
1765406871.466178,1215,4,3,10,3,10
1765406871.483615,1215,4,3,10,3,10
1765406871.499549,1216,4,3,10,3,10
1765406871.515785,1216,4,3,10,3,10
1765406871.532301,1217,4,3,10,3,10
1765406871.548770,1217,4,3,10,3,10
1765406871.564987,1217,4,3,10,3,10
1765406871.582395,1218,4,3,10,3,10
1765406871.598404,1218,4,3,10,3,10
1765406871.615872,1219,4,3,10,3,10
1765406871.633740,1219,4,3,10,3,10
1765406871.649115,1219,4,3,10,3,10
1765406871.666520,1220,4,3,10,3,10
1765406871.682159,1220,4,3,10,3,10
1765406871.698689,1220,4,3,10,3,10
1765406871.715710,1221,4,3,10,3,10
1765406871.731140,1221,4,3,10,3,10
1765406871.748449,1222,4,3,10,3,10
1765406871.764152,1222,4,3,10,3,10
1765406871.781243,1222,4,3,10,3,10
1765406871.798146,1223,4,3,10,3,10
1765406871.814712,1223,4,3,10,3,10
1765406871.830619,1224,4,3,10,3,10
1765406871.846629,1224,4,3,10,3,10
1765406871.862773,1224,4,3,10,3,10
1765406871.879134,1225,4,4,10,4,10
1765406871.895920,1225,4,4,10,4,10
1765406871.912812,1226,4,4,10,4,10
1765406871.928948,1226,4,4,10,4,10
1765406871.946699,1226,4,4,10,4,10
1765406871.962900,1227,4,4,10,4,10
1765406871.980119,1227,4,4,10,4,10
1765406871.997426,1228,4,4,10,4,10
1765406872.013519,1228,4,4,10,4,10
1765406872.030377,1228,4,4,10,4,10
1765406872.046506,1229,4,4,10,4,10
1765406872.062892,1229,4,4,10,4,10
1765406872.079930,1230,4,4,10,4,10
1765406872.097328,1230,4,4,10,4,10
1765406872.114237,1230,4,4,10,4,10
1765406872.130891,1231,4,4,10,4,10
1765406872.147758,1231,4,4,10,4,10
1765406872.165462,1232,4,5,10,5,10
1765406872.181446,1232,4,5,10,5,10
1765406872.198269,1232,4,5,10,5,10
1765406872.215589,1233,4,5,10,5,10
1765406872.231680,1233,4,5,10,5,10
1765406872.247946,1233,4,5,10,5,10
1765406872.264911,1234,4,5,10,5,10
1765406872.281619,1234,4,5,10,5,10
1765406872.298587,1235,4,5,10,5,10
1765406872.314837,1235,4,5,10,5,10
1765406872.332527,1235,4,5,10,5,10
1765406872.348253,1236,4,5,10,5,10
1765406872.365010,1236,4,5,10,5,10
1765406872.381454,1237,4,5,10,5,10
1765406872.397206,1237,4,5,10,5,10
1765406872.413898,1237,4,5,10,5,10
1765406872.431399,1238,4,5,10,5,10
1765406872.447800,1238,4,5,10,5,10
1765406872.465190,1239,4,5,10,5,10
1765406872.481796,1239,4,5,10,5,10
1765406872.499407,1239,4,5,10,5,10
1765406872.516040,1240,4,6,10,6,10
1765406872.532423,1240,4,6,10,6,10
1765406872.549358,1241,4,6,10,6,10
1765406872.566176,1241,4,6,10,6,10
1765406872.582770,1241,4,6,10,6,10
1765406872.598306,1242,4,6,10,6,10
1765406872.614842,1242,4,6,10,6,10
1765406872.631611,1243,4,6,10,6,10
1765406872.647052,1243,4,6,10,6,10
1765406872.664076,1243,4,6,10,6,10
1765406872.680704,1244,4,6,10,6,10
1765406872.697294,1244,4,6,10,6,10
1765406872.714168,1244,4,6,10,6,10
1765406872.730480,1245,4,6,10,6,10
1765406872.746475,1245,4,6,10,6,10
1765406872.762698,1246,4,6,10,6,10
1765406872.778712,1246,4,6,10,6,10
1765406872.794537,1246,4,6,10,6,10
1765406872.810662,1247,4,6,10,6,10
1765406872.826883,1247,4,6,10,6,10
1765406872.843809,1248,4,6,10,6,10
1765406872.861171,1248,4,6,10,6,10
1765406872.877914,1248,4,6,10,6,10
1765406872.894832,1249,4,6,10,6,10
1765406872.911285,1249,4,6,10,6,10
1765406872.927777,1250,4,6,10,6,10
1765406872.944122,1250,4,6,10,6,10
1765406872.961630,1250,4,6,10,6,10
1765406872.977610,1251,4,6,10,6,10
1765406872.993779,1251,4,6,10,6,10
1765406873.010028,1251,4,6,10,6,10
1765406873.026824,1252,4,6,10,6,10
1765406873.044081,1252,4,6,10,6,10
1765406873.060166,1253,4,6,10,6,10
1765406873.077537,1253,4,6,10,6,10
1765406873.094011,1253,4,6,10,6,10
1765406873.111422,1254,4,6,10,6,10
1765406873.127911,1254,4,6,10,6,10
1765406873.145018,1255,4,6,10,6,10
1765406873.162690,1255,4,6,10,6,10
1765406873.178879,1255,4,6,10,6,10
1765406873.195690,1256,4,6,10,6,10
1765406873.211610,1256,4,6,10,6,10
1765406873.227864,1257,4,6,10,6,10
1765406873.245299,1257,4,6,10,6,10
1765406873.261734,1257,4,6,10,6,10
1765406873.277392,1258,4,6,10,6,10
1765406873.293540,1258,4,6,10,6,10
1765406873.310024,1259,4,6,10,6,10
1765406873.326722,1259,4,6,10,6,10
1765406873.343156,1259,4,6,10,6,10
1765406873.359121,1260,4,6,10,6,10
1765406873.376094,1260,4,6,10,6,10
1765406873.392819,1261,4,6,10,6,10
1765406873.410523,1261,4,6,10,6,10
1765406873.427044,1261,4,6,10,6,10
1765406873.443992,1262,4,6,10,6,10
1765406873.461476,1262,4,6,10,6,10
1765406873.478160,1263,4,6,10,6,10
1765406873.494523,1263,4,6,10,6,10
1765406873.511591,1263,4,6,10,6,10
1765406873.527575,1264,4,6,10,6,10
1765406873.543436,1264,4,6,10,6,10
1765406873.559659,1265,4,6,10,6,10
1765406873.575563,1265,4,6,10,6,10
1765406873.592080,1265,4,6,10,6,10
1765406873.608802,1266,4,5,10,5,10
1765406873.625581,1266,4,5,10,5,10
1765406873.642719,1266,4,5,10,5,10
1765406873.659834,1267,4,5,10,5,10
1765406873.676591,1267,4,5,10,5,10
1765406873.692565,1268,4,5,10,5,10
1765406873.707875,1268,4,5,10,5,10
1765406873.724823,1268,4,5,10,5,10
1765406873.741532,1269,4,5,10,5,10
1765406873.757864,1269,4,5,10,5,10
1765406873.774877,1270,4,5,10,5,10
1765406873.791961,1270,4,5,10,5,10
1765406873.809055,1270,4,5,10,5,10
1765406873.826194,1271,4,5,10,5,10
1765406873.842783,1271,4,5,10,5,10
1765406873.859558,1272,4,5,10,5,10
1765406873.875829,1272,4,5,10,5,10
1765406873.892685,1272,4,5,10,5,10
1765406873.909400,1273,4,5,10,5,10
1765406873.925175,1273,4,5,10,5,10
1765406873.941338,1274,4,5,10,5,10
1765406873.957877,1274,4,5,10,5,10
1765406873.975639,1274,4,5,10,5,10
1765406873.991540,1275,4,5,10,5,10
1765406874.008201,1275,4,5,10,5,10
1765406874.025263,1276,4,5,10,5,10
1765406874.042086,1276,4,5,10,5,10
1765406874.058857,1276,4,5,10,5,10
1765406874.075260,1277,4,5,10,5,10
1765406874.091121,1277,4,5,10,5,10
1765406874.107882,1278,4,5,10,5,10
1765406874.124995,1278,4,5,10,5,10
1765406874.142166,1278,4,5,10,5,10
1765406874.158448,1279,4,5,10,5,10
1765406874.175264,1279,4,5,10,5,10
1765406874.191912,1280,4,5,10,5,10
1765406874.209242,1280,4,5,10,5,10
1765406874.226938,1280,4,5,10,5,10
1765406874.243698,1281,4,5,9,5,9
1765406874.259922,1281,4,5,9,5,9
1765406874.277555,1282,4,5,9,5,9
1765406874.293564,1282,4,5,9,5,9
1765406874.309789,1282,4,5,9,5,9
1765406874.326931,1283,4,5,9,5,9
1765406874.344694,1283,4,5,9,5,9
1765406874.360862,1284,4,5,9,5,9
1765406874.377826,1284,4,5,9,5,9
1765406874.395000,1284,4,5,9,5,9
1765406874.411670,1285,4,5,9,5,9
1765406874.428413,1285,4,5,9,5,9
1765406874.445434,1286,4,5,9,5,9
1765406874.461281,1286,4,5,9,5,9
1765406874.477623,1286,4,5,9,5,9
1765406874.493661,1287,4,5,9,5,9
1765406874.510016,1287,4,5,9,5,9
1765406874.526778,1287,4,5,9,5,9
1765406874.544316,1288,4,5,9,5,9
1765406874.560862,1288,4,5,9,5,9
1765406874.577832,1289,4,5,9,5,9
1765406874.594900,1289,4,5,9,5,9
1765406874.611527,1289,4,5,9,5,9
1765406874.627776,1290,4,5,9,5,9
1765406874.643960,1290,4,5,9,5,9
1765406874.660178,1291,4,5,9,5,9
1765406874.676509,1291,4,5,9,5,9
1765406874.692751,1291,4,5,9,5,9
1765406874.709360,1292,4,5,9,5,9
1765406874.725351,1292,4,5,9,5,9
1765406874.741202,1292,4,5,9,5,9
1765406874.757940,1293,4,5,9,5,9
1765406874.774234,1293,4,5,9,5,9
1765406874.791216,1294,4,5,9,5,9
1765406874.807857,1294,4,5,9,5,9
1765406874.824813,1294,4,5,9,5,9
1765406874.841731,1295,4,5,9,5,9
1765406874.857742,1295,4,5,9,5,9
1765406874.874633,1296,4,5,9,5,9
1765406874.890895,1296,4,5,9,5,9
1765406874.908418,1296,4,5,9,5,9
1765406874.925139,1297,4,5,9,5,9
1765406874.941983,1297,4,5,9,5,9
1765406874.958576,1298,4,5,9,5,9
1765406874.974364,1298,4,5,9,5,9
1765406874.990852,1298,4,5,9,5,9
1765406875.007922,1299,4,5,8,5,8
1765406875.023946,1299,4,5,8,5,8
1765406875.041548,1300,4,5,8,5,8
1765406875.057793,1300,4,5,8,5,8
1765406875.073337,1300,4,5,8,5,8
1765406875.090004,1301,4,5,8,5,8
1765406875.106933,1301,4,5,8,5,8
1765406875.123948,1302,4,5,8,5,8
1765406875.141308,1302,4,5,8,5,8
1765406875.157563,1302,4,5,8,5,8
1765406875.174314,1303,4,5,8,5,8
1765406875.191698,1303,4,5,8,5,8
1765406875.208139,1304,4,5,8,5,8
1765406875.225158,1304,4,5,8,5,8
1765406875.242287,1304,4,5,8,5,8
1765406875.258621,1305,4,5,8,5,8
1765406875.274735,1305,4,5,8,5,8
1765406875.290924,1306,4,5,8,5,8
1765406875.307628,1306,4,5,8,5,8
1765406875.323261,1306,4,5,8,5,8
1765406875.340285,1307,4,5,8,5,8
1765406875.356683,1307,4,5,8,5,8
1765406875.373620,1307,4,5,8,5,8
1765406875.391342,1308,4,5,8,5,8
1765406875.408064,1308,4,5,8,5,8
1765406875.424013,1309,4,5,7,5,7
1765406875.441667,1309,4,5,7,5,7
1765406875.458560,1309,4,5,7,5,7
1765406875.475142,1310,4,5,7,5,7
1765406875.491922,1310,4,5,7,5,7
1765406875.509295,1311,4,5,7,5,7
1765406875.525580,1311,4,5,7,5,7
1765406875.541389,1311,4,5,7,5,7
1765406875.556925,1312,4,5,7,5,7
1765406875.573632,1312,4,5,7,5,7
1765406875.590687,1313,4,5,7,5,7
1765406875.607075,1313,4,5,7,5,7
1765406875.623824,1313,4,5,7,5,7
1765406875.640406,1314,4,5,7,5,7
1765406875.656943,1314,4,5,7,5,7
1765406875.673627,1315,4,5,7,5,7
1765406875.690036,1315,4,5,7,5,7
1765406875.706803,1315,4,5,7,5,7
1765406875.723603,1316,4,5,7,5,7
1765406875.740282,1316,4,5,7,5,7
1765406875.757632,1317,4,5,7,5,7
1765406875.774322,1317,4,5,7,5,7
1765406875.790004,1317,4,5,7,5,7
1765406875.805953,1318,4,5,7,5,7
1765406875.822055,1318,4,5,7,5,7
1765406875.856949,1318,4,5,7,5,7
1765406875.886664,1319,4,5,7,5,7
1765406875.904236,1319,4,5,7,5,7
1765406875.920789,1320,4,5,7,5,7
1765406875.937747,1320,4,5,7,5,7
1765406875.954359,1321,4,5,7,5,7
1765406875.970452,1321,4,5,7,5,7
1765406875.986705,1322,4,5,7,5,7
1765406876.003090,1322,4,5,7,5,7
1765406876.019137,1322,4,5,7,5,7
1765406876.035909,1323,4,5,7,5,7
1765406876.053258,1323,4,5,7,5,7
1765406876.069996,1324,4,5,7,5,7
1765406876.087100,1324,4,5,7,5,7
1765406876.103904,1324,4,5,7,5,7
1765406876.120655,1325,4,5,7,5,7
1765406876.137589,1325,4,5,7,5,7
1765406876.154174,1325,4,5,7,5,7
1765406876.170889,1326,4,5,7,5,7
1765406876.188472,1326,4,5,7,5,7
1765406876.204087,1327,4,5,7,5,7
1765406876.220301,1327,4,5,7,5,7
1765406876.236112,1327,4,5,7,5,7
1765406876.253563,1328,4,5,7,5,7
1765406876.269731,1328,4,5,7,5,7
1765406876.285623,1329,4,5,7,5,7
1765406876.301683,1329,4,5,7,5,7
1765406876.317828,1329,4,5,7,5,7
1765406876.334888,1330,4,5,7,5,7
1765406876.352315,1330,4,5,7,5,7
1765406876.368017,1331,4,5,7,5,7
1765406876.384204,1331,4,5,7,5,7
1765406876.401389,1331,4,5,7,5,7
1765406876.417128,1332,4,5,7,5,7
1765406876.433023,1332,4,5,7,5,7
1765406876.449802,1332,4,5,7,5,7
1765406876.467478,1333,4,5,7,5,7
1765406876.483419,1333,4,5,7,5,7
1765406876.499307,1334,4,5,7,5,7
1765406876.516083,1334,4,5,7,5,7
1765406876.533265,1334,4,5,7,5,7
1765406876.549908,1335,4,5,7,5,7
1765406876.566844,1335,4,5,7,5,7
1765406876.584529,1336,4,5,7,5,7
1765406876.601220,1336,4,5,7,5,7
1765406876.617906,1336,4,5,7,5,7
1765406876.634758,1337,4,5,7,5,7
1765406876.650783,1337,4,5,7,5,7
1765406876.666866,1338,4,5,7,5,7
1765406876.684078,1338,4,5,7,5,7
1765406876.700711,1338,4,5,7,5,7
1765406876.717537,1339,4,4,7,4,7
1765406876.734509,1339,4,4,7,4,7
1765406876.751067,1340,4,4,7,4,7
1765406876.768035,1340,4,4,7,4,7
1765406876.784946,1340,4,4,7,4,7
1765406876.801447,1341,4,4,7,4,7
1765406876.818104,1341,4,4,7,4,7
1765406876.834704,1342,4,4,7,4,7
1765406876.851444,1342,4,4,7,4,7
1765406876.868804,1342,4,4,7,4,7
1765406876.885334,1343,4,4,7,4,7
1765406876.900897,1343,4,4,7,4,7
1765406876.918526,1344,4,4,7,4,7
1765406876.933993,1344,4,4,7,4,7
1765406876.951739,1344,4,4,7,4,7
1765406876.968078,1345,4,4,7,4,7
1765406876.984492,1345,4,4,7,4,7
1765406877.001269,1346,4,4,7,4,7
1765406877.017782,1346,4,4,7,4,7
1765406877.035009,1346,4,4,7,4,7
1765406877.051854,1347,4,4,6,4,6
1765406877.068799,1347,4,4,6,4,6
1765406877.085369,1348,4,4,6,4,6
1765406877.101510,1348,4,4,6,4,6
1765406877.117863,1348,4,4,6,4,6
1765406877.134521,1349,4,4,6,4,6
1765406877.152303,1349,4,4,6,4,6
1765406877.169554,1350,4,4,6,4,6
1765406877.185440,1350,4,4,6,4,6
1765406877.201873,1350,4,4,6,4,6
1765406877.218373,1351,4,4,6,4,6
1765406877.235244,1351,4,4,6,4,6
1765406877.251665,1352,4,4,6,4,6
1765406877.268201,1352,4,4,6,4,6
1765406877.284491,1352,4,4,6,4,6
1765406877.301296,1353,4,4,6,4,6
1765406877.318134,1353,4,4,6,4,6
1765406877.335029,1354,4,4,6,4,6
1765406877.350976,1354,4,4,6,4,6
1765406877.367194,1354,4,4,6,4,6
1765406877.383737,1355,4,4,6,4,6
1765406877.400127,1355,4,4,6,4,6
1765406877.416744,1355,4,4,6,4,6
1765406877.433201,1356,4,3,6,3,6
1765406877.449228,1356,4,3,6,3,6
1765406877.465578,1357,4,3,6,3,6
1765406877.481600,1357,4,3,6,3,6
1765406877.498283,1357,4,3,6,3,6
1765406877.514858,1358,4,3,6,3,6
1765406877.531675,1358,4,3,6,3,6
1765406877.548122,1359,4,3,6,3,6
1765406877.564662,1359,4,3,6,3,6
1765406877.581118,1359,4,3,6,3,6
1765406877.597625,1360,4,3,6,3,6
1765406877.613413,1360,4,3,6,3,6
1765406877.629680,1360,4,3,6,3,6
1765406877.646177,1361,4,3,6,3,6
1765406877.662386,1361,4,3,6,3,6
1765406877.678726,1362,4,3,6,3,6
1765406877.695755,1362,4,3,6,3,6
1765406877.712386,1362,4,3,6,3,6
1765406877.728298,1363,4,3,6,3,6
1765406877.745069,1363,4,3,6,3,6
1765406877.762689,1364,4,3,6,3,6
1765406877.778789,1364,4,3,6,3,6
1765406877.794714,1364,4,3,6,3,6
1765406877.812231,1365,4,3,6,3,6
1765406877.828817,1365,4,3,6,3,6
1765406877.845478,1366,4,3,6,3,6
1765406877.862288,1366,4,3,6,3,6
1765406877.878744,1366,4,3,6,3,6
1765406877.895163,1367,4,3,6,3,6
1765406877.911217,1367,4,3,6,3,6
1765406877.927239,1367,4,3,6,3,6
1765406877.943629,1368,4,3,6,3,6
1765406877.959741,1368,4,3,6,3,6
1765406877.975526,1369,4,3,6,3,6
1765406877.992071,1369,4,3,6,3,6
1765406878.009023,1369,4,3,6,3,6
1765406878.026821,1370,4,3,6,3,6
1765406878.044225,1370,4,3,6,3,6
1765406878.061198,1371,4,3,6,3,6
1765406878.078059,1371,4,3,6,3,6
1765406878.095847,1371,4,3,6,3,6
1765406878.113295,1372,4,3,6,3,6
1765406878.129786,1372,4,3,6,3,6
1765406878.145258,1373,4,4,6,4,6
1765406878.161983,1373,4,4,6,4,6
1765406878.179337,1373,4,4,6,4,6
1765406878.195596,1374,4,4,6,4,6
1765406878.212136,1374,4,4,6,4,6
1765406878.229502,1375,4,4,6,4,6
1765406878.245940,1375,4,4,6,4,6
1765406878.263909,1375,4,4,6,4,6
1765406878.280831,1376,4,4,6,4,6
1765406878.297310,1376,4,4,6,4,6
1765406878.313614,1377,4,4,6,4,6
1765406878.330604,1377,4,4,6,4,6
1765406878.346104,1377,4,4,6,4,6
1765406878.363112,1378,4,4,6,4,6
1765406878.380163,1378,4,4,6,4,6
1765406878.397554,1379,4,4,6,4,6
1765406878.413211,1379,4,4,6,4,6
1765406878.429047,1379,4,4,6,4,6
1765406878.445501,1380,4,4,6,4,6
1765406878.461631,1380,4,4,6,4,6
1765406878.477495,1381,4,4,6,4,6
1765406878.493983,1381,4,4,6,4,6
1765406878.510351,1381,4,4,6,4,6
1765406878.527111,1382,4,4,6,4,6
1765406878.543962,1382,4,4,6,4,6
1765406878.561217,1382,4,4,6,4,6
1765406878.577965,1383,4,4,6,4,6
1765406878.594313,1383,4,4,6,4,6
1765406878.611140,1384,4,4,6,4,6
1765406878.628027,1384,4,4,6,4,6
1765406878.644517,1384,4,4,6,4,6
1765406878.660624,1385,4,4,6,4,6
1765406878.678155,1385,4,4,6,4,6
1765406878.694844,1386,4,4,6,4,6
1765406878.711884,1386,4,4,6,4,6
1765406878.729154,1386,4,4,6,4,6
1765406878.745501,1387,4,4,6,4,6
1765406878.761972,1387,4,4,6,4,6
1765406878.779416,1388,4,4,6,4,6
1765406878.795230,1388,4,4,6,4,6
1765406878.812123,1388,4,4,6,4,6
1765406878.829111,1389,4,4,6,4,6
1765406878.845447,1389,4,4,6,4,6
1765406878.862240,1390,4,4,6,4,6
1765406878.879358,1390,4,4,6,4,6
1765406878.896821,1390,4,4,6,4,6
1765406878.914451,1391,4,4,6,4,6
1765406878.930712,1391,4,4,6,4,6
1765406878.946908,1392,4,4,6,4,6
1765406878.964705,1392,4,4,6,4,6
1765406878.980958,1392,4,4,6,4,6
1765406878.998650,1393,4,4,6,4,6
1765406879.015042,1393,4,4,6,4,6
1765406879.032470,1394,4,4,6,4,6
1765406879.047921,1394,4,4,6,4,6
1765406879.064810,1394,4,4,6,4,6
1765406879.081648,1395,4,4,6,4,6
1765406879.097381,1395,4,4,6,4,6
1765406879.113479,1396,4,4,6,4,6
1765406879.129593,1396,4,4,6,4,6
1765406879.146256,1396,4,4,6,4,6
1765406879.162364,1397,4,4,6,4,6
1765406879.178708,1397,4,4,6,4,6
1765406879.195137,1397,4,4,6,4,6
1765406879.211199,1398,4,4,6,4,6
1765406879.227882,1398,4,4,6,4,6
1765406879.245110,1399,4,4,6,4,6
1765406879.262107,1399,4,4,6,4,6
1765406879.278886,1399,4,4,6,4,6
1765406879.296308,1400,4,4,6,4,6
1765406879.312164,1400,4,4,6,4,6
1765406879.328723,1401,4,4,6,4,6
1765406879.344802,1401,4,4,6,4,6
1765406879.361037,1401,4,4,6,4,6
1765406879.378216,1402,4,4,6,4,6
1765406879.395195,1402,4,4,6,4,6
1765406879.411336,1403,4,4,6,4,6
1765406879.427775,1403,4,4,6,4,6
1765406879.444141,1403,4,4,6,4,6
1765406879.460492,1404,4,4,6,4,6
1765406879.476954,1404,4,4,6,4,6
1765406879.493599,1405,4,4,6,4,6
1765406879.509626,1405,4,4,6,4,6
1765406879.525602,1405,4,4,6,4,6
1765406879.541710,1406,4,4,6,4,6
1765406879.557982,1406,4,4,6,4,6
1765406879.574619,1406,4,4,6,4,6
1765406879.591296,1407,4,4,6,4,6
1765406879.608349,1407,4,4,6,4,6
1765406879.624837,1408,4,4,6,4,6
1765406879.642347,1408,4,4,6,4,6
1765406879.658109,1409,4,4,6,4,6
1765406879.674527,1409,4,4,6,4,6
1765406879.690975,1409,4,4,6,4,6
1765406879.708449,1410,4,4,6,4,6
1765406879.725075,1410,4,4,6,4,6
1765406879.741471,1411,4,4,6,4,6
1765406879.758069,1411,4,4,6,4,6
1765406879.774665,1411,4,4,6,4,6
1765406879.790746,1412,4,4,6,4,6
1765406879.806790,1412,4,4,6,4,6
1765406879.823492,1413,4,4,6,4,6
1765406879.840319,1413,4,4,6,4,6
1765406879.855961,1413,4,4,6,4,6
1765406879.873790,1414,4,4,6,4,6
1765406879.890705,1414,4,4,6,4,6
1765406879.906717,1415,4,4,6,4,6
1765406879.922119,1415,4,4,6,4,6
1765406879.938945,1415,4,4,6,4,6
1765406879.956882,1416,4,4,6,4,6
1765406879.973804,1416,4,4,6,4,6
1765406879.991283,1417,4,4,6,4,6
1765406880.008150,1417,4,4,6,4,6
1765406880.024864,1417,4,4,6,4,6
1765406880.041658,1418,4,4,6,4,6
1765406880.058338,1418,4,4,6,4,6
1765406880.074812,1418,4,4,6,4,6
1765406880.091471,1419,4,4,6,4,6
1765406880.108431,1419,4,4,6,4,6
1765406880.125070,1420,4,4,6,4,6
1765406880.141440,1420,4,4,6,4,6
1765406880.158272,1420,4,4,6,4,6
1765406880.175725,1421,4,4,6,4,6
1765406880.191519,1421,4,4,6,4,6
1765406880.208012,1422,4,4,6,4,6
1765406880.224428,1422,4,4,6,4,6
1765406880.241019,1422,4,4,6,4,6
1765406880.258438,1423,4,4,6,4,6
1765406880.274877,1423,4,4,6,4,6
1765406880.291952,1424,4,4,6,4,6
1765406880.308035,1424,4,4,6,4,6
1765406880.325156,1424,4,4,6,4,6
1765406880.341645,1425,4,4,6,4,6
1765406880.357191,1425,4,4,6,4,6
1765406880.373362,1426,4,4,6,4,6
1765406880.389021,1426,4,4,6,4,6
1765406880.407604,1426,4,4,6,4,6
1765406880.424175,1427,4,4,6,4,6
1765406880.440848,1427,4,4,6,4,6
1765406880.457952,1428,4,4,6,4,6
1765406880.474473,1428,4,4,6,4,6
1765406880.491144,1428,4,4,6,4,6
1765406880.508183,1429,4,4,6,4,6
1765406880.524389,1429,4,4,6,4,6
1765406880.541157,1430,4,4,6,4,6
1765406880.558749,1430,4,4,6,4,6
1765406880.574763,1430,4,4,6,4,6
1765406880.590672,1431,4,4,6,4,6
1765406880.607453,1431,4,4,6,4,6
1765406880.623158,1431,4,4,6,4,6
1765406880.639999,1432,4,4,6,4,6
1765406880.656204,1432,4,4,6,4,6
1765406880.672768,1433,4,5,6,5,6
1765406880.689520,1433,4,5,6,5,6
1765406880.705818,1433,4,5,6,5,6
1765406880.722676,1434,4,5,6,5,6
1765406880.739212,1434,4,5,6,5,6
1765406880.755820,1435,4,5,6,5,6
1765406880.773164,1435,4,5,6,5,6
1765406880.789556,1435,4,5,6,5,6
1765406880.805501,1436,4,5,6,5,6
1765406880.820103,1436,4,5,6,5,6
1765406880.838191,1437,4,5,6,5,6
1765406880.854848,1437,4,5,6,5,6
1765406880.871331,1437,4,5,6,5,6
1765406880.887559,1438,4,5,6,5,6
1765406880.903977,1438,4,5,6,5,6
1765406880.921626,1439,4,5,6,5,6
1765406880.938140,1439,4,5,6,5,6
1765406880.954553,1439,4,5,6,5,6
1765406880.970925,1440,4,5,6,5,6
1765406880.987558,1440,4,5,6,5,6
1765406881.004160,1441,4,5,6,5,6
1765406881.021214,1441,4,5,6,5,6
1765406881.037612,1441,4,5,6,5,6
1765406881.053291,1442,4,5,6,5,6
1765406881.069900,1442,4,5,6,5,6
1765406881.087431,1443,4,5,6,5,6
1765406881.103735,1443,4,5,6,5,6
1765406881.120204,1443,4,5,6,5,6
1765406881.136835,1444,4,5,6,5,6
1765406881.154382,1444,4,5,6,5,6
1765406881.171042,1444,4,5,6,5,6
1765406881.188538,1445,4,5,6,5,6
1765406881.204675,1445,4,5,6,5,6
1765406881.221033,1446,4,5,6,5,6
1765406881.237674,1446,4,5,6,5,6
1765406881.253820,1446,4,5,6,5,6
1765406881.270358,1447,4,5,6,5,6
1765406881.286724,1447,4,5,6,5,6
1765406881.302610,1448,4,5,6,5,6
1765406881.318859,1448,4,5,6,5,6
1765406881.336870,1448,4,5,6,5,6
1765406881.354004,1449,4,5,6,5,6
1765406881.370509,1449,4,5,6,5,6
1765406881.387118,1450,4,5,6,5,6
1765406881.404035,1450,4,5,6,5,6
1765406881.421251,1450,4,5,6,5,6
1765406881.438120,1451,4,5,6,5,6
1765406881.454835,1451,4,5,6,5,6
1765406881.472320,1452,4,5,6,5,6
1765406881.488661,1452,4,5,6,5,6
1765406881.505792,1452,4,5,6,5,6
1765406881.522611,1453,4,5,6,5,6
1765406881.538717,1453,4,5,6,5,6
1765406881.555286,1454,4,5,6,5,6
1765406881.571019,1454,4,5,6,5,6
1765406881.588231,1454,4,5,6,5,6
1765406881.604556,1455,4,5,6,5,6
1765406881.621605,1455,4,5,6,5,6
1765406881.637769,1456,4,5,6,5,6
1765406881.653651,1456,4,5,6,5,6
1765406881.669454,1456,4,5,6,5,6
1765406881.685387,1457,4,5,6,5,6
1765406881.701519,1457,4,5,6,5,6
1765406881.717518,1457,4,5,6,5,6
1765406881.734370,1458,4,5,6,5,6
1765406881.751009,1458,4,5,6,5,6
1765406881.767084,1459,4,5,5,5,5
1765406881.784127,1459,4,5,5,5,5
1765406881.800679,1460,4,5,5,5,5
1765406881.816819,1460,4,5,5,5,5
1765406881.833722,1460,4,5,5,5,5
1765406881.850466,1461,4,5,5,5,5
1765406881.865966,1461,4,5,5,5,5
1765406881.882708,1462,4,5,5,5,5
1765406881.899015,1462,4,5,5,5,5
1765406881.915798,1462,4,5,5,5,5
1765406881.932246,1463,4,5,5,5,5
1765406881.948817,1463,4,5,5,5,5
1765406881.967844,1464,4,5,5,5,5
1765406881.985268,1464,4,5,5,5,5
1765406882.002198,1464,4,5,5,5,5
1765406882.018620,1465,4,5,5,5,5
1765406882.034129,1465,4,5,5,5,5
1765406882.050557,1466,4,5,5,5,5
1765406882.066803,1466,4,5,5,5,5
1765406882.083575,1466,4,5,5,5,5
1765406882.101223,1467,4,5,5,5,5
1765406882.117235,1467,4,5,5,5,5
1765406882.134669,1468,4,5,5,5,5
1765406882.151093,1468,4,5,5,5,5
1765406882.168186,1468,4,5,5,5,5
1765406882.184638,1469,4,5,5,5,5
1765406882.200948,1469,4,5,5,5,5
1765406882.217879,1470,4,5,5,5,5
1765406882.235406,1470,4,5,5,5,5
1765406882.252542,1470,4,5,5,5,5
1765406882.268902,1471,4,5,5,5,5
1765406882.285510,1471,4,5,5,5,5
1765406882.302277,1472,4,5,5,5,5
1765406882.319045,1472,4,5,5,5,5
1765406882.335025,1472,4,5,5,5,5
1765406882.352253,1473,4,5,5,5,5
1765406882.369885,1473,4,5,5,5,5
1765406882.386846,1474,4,5,5,5,5
1765406882.404562,1474,4,5,5,5,5
1765406882.420216,1474,4,5,5,5,5
1765406882.437627,1475,4,5,5,5,5
1765406882.454977,1475,4,5,5,5,5
1765406882.471592,1476,4,5,5,5,5
1765406882.488295,1476,4,5,5,5,5
1765406882.505109,1476,4,5,5,5,5
1765406882.522197,1477,4,5,5,5,5
1765406882.552462,1477,4,5,5,5,5
1765406882.676752,1479,4,5,5,5,5
1765406882.693320,1479,4,5,5,5,5
1765406882.709716,1479,4,5,5,5,5
1765406882.726797,1480,4,5,5,5,5
1765406882.743981,1480,4,5,5,5,5
1765406882.760461,1481,4,5,5,5,5
1765406882.775957,1481,4,5,5,5,5
1765406882.793063,1481,4,5,5,5,5
1765406882.809830,1482,4,5,4,5,4
1765406882.826891,1482,4,5,4,5,4
1765406882.843454,1483,4,5,4,5,4
1765406882.860072,1483,4,5,4,5,4
1765406882.876760,1483,4,5,4,5,4
1765406882.892975,1484,4,5,4,5,4
1765406882.909817,1484,4,5,4,5,4
1765406882.927073,1485,4,5,4,5,4
1765406882.944107,1485,4,5,4,5,4
1765406882.960734,1485,4,5,4,5,4
1765406882.977656,1486,4,5,4,5,4
1765406882.993870,1486,4,5,4,5,4
1765406883.010533,1487,4,5,4,5,4
1765406883.026641,1487,4,5,4,5,4
1765406883.042463,1487,4,5,4,5,4
1765406883.059424,1488,4,5,4,5,4
1765406883.075790,1488,4,5,4,5,4
1765406883.093419,1489,4,5,4,5,4
1765406883.109859,1489,4,5,4,5,4
1765406883.127384,1489,4,5,4,5,4
1765406883.143543,1490,4,5,4,5,4
1765406883.159854,1490,4,5,4,5,4
1765406883.177091,1491,4,5,4,5,4
1765406883.194218,1491,4,5,4,5,4
1765406883.210050,1491,4,5,4,5,4
1765406883.227160,1492,4,5,4,5,4
1765406883.243947,1492,4,5,4,5,4
1765406883.261420,1493,4,5,4,5,4
1765406883.277586,1493,4,5,4,5,4
1765406883.293722,1493,4,5,4,5,4
1765406883.309482,1494,4,5,4,5,4
1765406883.326381,1494,4,5,4,5,4
1765406883.343986,1494,4,5,4,5,4
1765406883.360413,1495,4,5,4,5,4
1765406883.377337,1495,4,5,4,5,4
1765406883.394723,1496,4,5,4,5,4
1765406883.411285,1496,4,5,4,5,4
1765406883.428350,1496,4,5,4,5,4
1765406883.444656,1497,4,5,4,5,4
1765406883.460965,1497,4,5,4,5,4
1765406883.477595,1498,4,5,4,5,4
1765406883.493345,1498,4,5,4,5,4
1765406883.509820,1498,4,5,4,5,4
1765406883.527199,1499,4,5,4,5,4
1765406883.544493,1499,4,5,4,5,4
1765406883.560963,1500,4,5,4,5,4
1765406883.578234,1500,4,5,4,5,4
1765406883.595066,1500,4,5,4,5,4
1765406883.612173,1501,4,5,4,5,4
1765406883.628491,1501,4,5,4,5,4
1765406883.644215,1502,4,5,4,5,4
1765406883.661242,1502,4,5,4,5,4
1765406883.678478,1502,4,5,4,5,4
1765406883.694135,1503,4,5,4,5,4
1765406883.710972,1503,4,5,4,5,4
1765406883.728360,1504,4,5,4,5,4
1765406883.744163,1504,4,5,4,5,4
1765406883.760280,1504,4,5,4,5,4
1765406883.777083,1505,4,5,4,5,4
1765406883.793824,1505,4,5,4,5,4
1765406883.811022,1506,4,5,4,5,4
1765406883.827405,1506,4,5,4,5,4
1765406883.844679,1506,4,5,4,5,4
1765406883.861106,1507,4,5,4,5,4
1765406883.877984,1507,4,5,4,5,4
1765406883.895222,1508,4,5,4,5,4
1765406883.911726,1508,4,5,4,5,4
1765406883.927253,1508,4,5,4,5,4
1765406883.943415,1509,4,5,4,5,4
1765406883.960367,1509,4,5,4,5,4
1765406883.975926,1509,4,5,4,5,4
1765406883.993592,1510,4,5,4,5,4
1765406884.010623,1510,4,5,4,5,4
1765406884.027081,1511,4,6,4,6,4
1765406884.044225,1511,4,6,4,6,4
1765406884.061364,1511,4,6,4,6,4
1765406884.078126,1512,4,6,4,6,4
1765406884.094727,1512,4,6,4,6,4
1765406884.110393,1513,4,6,4,6,4
1765406884.126261,1513,4,6,4,6,4
1765406884.142465,1513,4,6,4,6,4
1765406884.158710,1514,4,6,4,6,4
1765406884.174410,1514,4,6,4,6,4
1765406884.190339,1514,4,6,4,6,4
1765406884.206864,1515,4,6,4,6,4
1765406884.224351,1515,4,6,4,6,4
1765406884.241376,1516,4,6,4,6,4
1765406884.257645,1516,4,6,4,6,4
1765406884.273887,1516,4,6,4,6,4
1765406884.290875,1517,4,6,4,6,4
1765406884.308148,1517,4,6,4,6,4
1765406884.324944,1518,4,6,4,6,4
1765406884.342502,1518,4,6,4,6,4
1765406884.358377,1518,4,6,4,6,4
1765406884.374586,1519,4,6,4,6,4
1765406884.390594,1519,4,6,4,6,4
1765406884.406066,1520,4,6,4,6,4
1765406884.421899,1520,4,6,4,6,4
1765406884.438507,1520,4,6,4,6,4
1765406884.454133,1521,4,6,4,6,4
1765406884.470654,1521,4,6,4,6,4
1765406884.487038,1522,4,6,4,6,4
1765406884.503666,1522,4,6,4,6,4
1765406884.519525,1522,4,6,4,6,4
1765406884.535883,1523,4,6,4,6,4
1765406884.552847,1523,4,6,4,6,4
1765406884.569631,1523,4,6,4,6,4
1765406884.585533,1524,4,6,4,6,4
1765406884.602403,1524,4,6,4,6,4
1765406884.618742,1525,4,6,4,6,4
1765406884.634562,1525,4,6,4,6,4
1765406884.650970,1525,4,6,4,6,4
1765406884.668243,1526,4,6,5,6,5
1765406884.684374,1526,4,6,5,6,5
1765406884.701160,1527,4,6,5,6,5
1765406884.717056,1527,4,6,5,6,5
1765406884.734197,1527,4,6,5,6,5
1765406884.751471,1528,4,6,5,6,5
1765406884.768285,1528,4,6,5,6,5
1765406884.785081,1529,4,6,5,6,5
1765406884.802668,1529,4,6,5,6,5
1765406884.819347,1529,4,6,5,6,5
1765406884.836355,1530,4,6,5,6,5
1765406884.853584,1530,4,6,5,6,5
1765406884.870356,1531,4,6,5,6,5
1765406884.887593,1531,4,6,5,6,5
1765406884.903660,1531,4,6,5,6,5
1765406884.921471,1532,4,6,5,6,5
1765406884.938147,1532,4,6,5,6,5
1765406884.954185,1533,4,6,5,6,5
1765406884.970877,1533,4,6,5,6,5
1765406884.987673,1533,4,6,5,6,5
1765406885.003774,1534,4,6,5,6,5
1765406885.020007,1534,4,6,5,6,5
1765406885.036577,1534,4,6,5,6,5
1765406885.053074,1535,4,6,5,6,5
1765406885.069600,1535,4,6,5,6,5
1765406885.085005,1536,4,6,5,6,5
1765406885.101422,1536,4,6,5,6,5
1765406885.118309,1536,4,6,5,6,5
1765406885.135322,1537,4,6,5,6,5
1765406885.151142,1537,4,6,5,6,5
1765406885.167792,1538,4,6,5,6,5
1765406885.184651,1538,4,6,5,6,5
1765406885.200120,1538,4,6,5,6,5
1765406885.217786,1539,4,5,5,5,5
1765406885.233943,1539,4,5,5,5,5
1765406885.250640,1540,4,5,5,5,5
1765406885.266925,1540,4,5,5,5,5
1765406885.284719,1540,4,5,5,5,5
1765406885.301574,1541,4,5,5,5,5
1765406885.318416,1541,4,5,5,5,5
1765406885.334381,1542,4,5,5,5,5
1765406885.350544,1542,4,5,5,5,5
1765406885.367620,1542,4,5,5,5,5
1765406885.382895,1543,4,5,5,5,5
1765406885.399858,1543,4,5,5,5,5
1765406885.417050,1544,4,5,5,5,5
1765406885.434254,1544,4,5,5,5,5
1765406885.450795,1544,4,5,5,5,5
1765406885.467074,1545,4,5,5,5,5
1765406885.484134,1545,4,5,5,5,5
1765406885.500882,1546,4,5,5,5,5
1765406885.517799,1546,4,5,5,5,5
1765406885.535172,1546,4,5,5,5,5
1765406885.552273,1547,4,5,5,5,5
1765406885.569305,1547,4,5,5,5,5
1765406885.586019,1548,4,5,5,5,5
1765406885.602835,1548,4,5,5,5,5
1765406885.619959,1548,4,5,5,5,5
1765406885.636831,1549,4,5,5,5,5
1765406885.654773,1549,4,5,5,5,5
1765406885.670690,1550,4,5,5,5,5
1765406885.687297,1550,4,5,5,5,5
1765406885.703836,1550,4,5,5,5,5
1765406885.721101,1551,4,5,5,5,5
1765406885.738322,1551,4,5,5,5,5
1765406885.755311,1552,4,5,5,5,5
1765406885.771238,1552,4,5,5,5,5
1765406885.788123,1552,4,5,5,5,5
1765406885.805207,1553,4,5,5,5,5
1765406885.822203,1553,4,5,5,5,5
1765406885.838845,1554,4,5,5,5,5
1765406885.856249,1554,4,5,5,5,5
1765406885.872246,1554,4,5,5,5,5
1765406885.888474,1555,4,5,5,5,5
1765406885.904478,1555,4,5,5,5,5
1765406885.921370,1555,4,5,5,5,5
1765406885.937824,1556,4,5,5,5,5
1765406885.954992,1556,4,5,5,5,5
1765406885.971622,1557,4,5,5,5,5
1765406885.987005,1557,4,5,5,5,5
1765406886.003019,1557,4,5,5,5,5
1765406886.020267,1558,4,5,5,5,5
1765406886.037024,1558,4,5,5,5,5
1765406886.053992,1559,4,5,5,5,5
1765406886.070282,1559,4,5,5,5,5
1765406886.086094,1559,4,5,5,5,5
1765406886.103138,1560,4,5,5,5,5
1765406886.119290,1560,4,5,5,5,5
1765406886.135738,1561,4,5,5,5,5
1765406886.152680,1561,4,5,5,5,5
1765406886.168200,1561,4,5,5,5,5
1765406886.184717,1562,4,5,5,5,5
1765406886.200976,1562,4,5,5,5,5
1765406886.217659,1562,4,5,5,5,5
1765406886.233279,1563,4,5,5,5,5
1765406886.249468,1563,4,5,5,5,5
1765406886.265848,1564,4,5,5,5,5
1765406886.283071,1564,4,5,5,5,5
1765406886.300519,1564,4,5,5,5,5
1765406886.317325,1565,4,5,5,5,5
1765406886.333833,1565,4,5,5,5,5
1765406886.350497,1566,4,5,5,5,5
1765406886.367212,1566,4,5,5,5,5
1765406886.384332,1566,4,5,5,5,5
1765406886.400918,1567,4,5,5,5,5
1765406886.417694,1567,4,5,5,5,5
1765406886.433928,1568,4,5,5,5,5
1765406886.450629,1568,4,5,5,5,5
1765406886.467207,1569,4,5,5,5,5
1765406886.484066,1569,4,5,5,5,5
1765406886.500933,1569,4,5,5,5,5
1765406886.517835,1570,4,5,5,5,5
1765406886.535340,1570,4,5,5,5,5
1765406886.551926,1571,4,5,5,5,5
1765406886.568647,1571,4,5,5,5,5
1765406886.584159,1571,4,5,5,5,5
1765406886.601684,1572,4,5,5,5,5
1765406886.617669,1572,4,5,5,5,5
1765406886.634876,1573,4,5,5,5,5
1765406886.651799,1573,4,5,5,5,5
1765406886.669501,1573,4,5,5,5,5
1765406886.685933,1574,4,5,5,5,5
1765406886.703023,1574,4,5,5,5,5
1765406886.720417,1575,4,5,5,5,5
1765406886.737315,1575,4,5,5,5,5
1765406886.754051,1575,4,5,5,5,5
1765406886.770759,1576,4,5,5,5,5
1765406886.786943,1576,4,5,5,5,5
1765406886.804109,1577,4,5,5,5,5
1765406886.820764,1577,4,5,5,5,5
1765406886.854960,1577,4,5,5,5,5
1765406886.872040,1578,4,5,5,5,5
1765406886.889136,1578,4,5,5,5,5
1765406886.906917,1579,4,5,5,5,5
1765406886.924484,1579,4,5,5,5,5
1765406886.940532,1580,4,6,5,6,5
1765406886.957094,1580,4,6,5,6,5
1765406886.974108,1580,4,6,5,6,5
1765406886.991288,1581,4,6,5,6,5
1765406887.008394,1581,4,6,5,6,5
1765406887.024816,1582,4,6,5,6,5
1765406887.041848,1582,4,6,5,6,5
1765406887.058452,1582,4,6,5,6,5
1765406887.074717,1583,4,6,5,6,5
1765406887.091010,1583,4,6,5,6,5
1765406887.108050,1584,4,6,5,6,5
1765406887.124640,1584,4,6,5,6,5
1765406887.140715,1584,4,6,5,6,5
1765406887.157236,1585,4,6,5,6,5
1765406887.173784,1585,4,6,5,6,5
1765406887.189895,1585,4,6,5,6,5
1765406887.207312,1586,4,6,5,6,5
1765406887.224446,1586,4,6,5,6,5
1765406887.240429,1587,4,6,5,6,5
1765406887.256459,1587,4,6,5,6,5
1765406887.273074,1587,4,6,5,6,5
1765406887.293674,1588,4,6,5,6,5
1765406887.309591,1588,4,6,5,6,5
1765406887.325155,1589,4,6,5,6,5
1765406887.341866,1589,4,6,5,6,5
1765406887.359158,1589,4,6,5,6,5
1765406887.375193,1590,4,6,5,6,5
1765406887.391370,1590,4,6,5,6,5
1765406887.408184,1591,4,6,5,6,5
1765406887.425692,1591,4,6,5,6,5
1765406887.441997,1591,4,6,5,6,5
1765406887.459066,1592,4,6,4,6,4
1765406887.475618,1592,4,6,4,6,4
1765406887.491929,1593,4,6,4,6,4
1765406887.508639,1593,4,6,4,6,4
1765406887.525240,1593,4,6,4,6,4
1765406887.541473,1594,4,6,4,6,4
1765406887.557273,1594,4,6,4,6,4
1765406887.573193,1595,4,6,4,6,4
1765406887.589945,1595,4,6,4,6,4
1765406887.607376,1595,4,6,4,6,4
1765406887.622944,1596,4,6,4,6,4
1765406887.639837,1596,4,6,4,6,4
1765406887.657843,1597,4,6,4,6,4
1765406887.675361,1597,4,6,4,6,4
1765406887.691423,1597,4,6,4,6,4
1765406887.708010,1598,4,6,4,6,4
1765406887.724579,1598,4,6,4,6,4
1765406887.741123,1599,4,6,4,6,4
1765406887.758482,1599,4,6,4,6,4
1765406887.774306,1599,4,6,4,6,4
1765406887.790832,1600,4,6,4,6,4
1765406887.812076,1600,4,6,4,6,4
1765406887.824595,1601,4,6,4,6,4
1765406887.841608,1601,4,6,4,6,4
1765406887.858127,1601,4,6,4,6,4
1765406887.875405,1602,4,6,4,6,4
1765406887.892051,1602,4,6,4,6,4
1765406887.908075,1603,4,6,4,6,4
1765406887.924645,1603,4,6,4,6,4
1765406887.940303,1603,4,6,4,6,4
1765406887.957629,1604,4,6,4,6,4
1765406887.973820,1604,4,6,4,6,4
1765406887.991050,1605,4,6,4,6,4
1765406888.008337,1605,4,6,4,6,4
1765406888.025822,1605,4,6,4,6,4
1765406888.042760,1606,4,6,4,6,4
1765406888.059199,1606,4,6,4,6,4
1765406888.075967,1607,4,6,4,6,4
1765406888.093126,1607,4,6,4,6,4
1765406888.109811,1607,4,6,4,6,4
1765406888.126865,1608,4,6,4,6,4
1765406888.143373,1608,4,6,4,6,4
1765406888.159563,1609,4,6,4,6,4
1765406888.175976,1609,4,6,4,6,4
1765406888.192432,1609,4,6,4,6,4
1765406888.208951,1610,4,6,4,6,4
1765406888.226575,1610,4,6,4,6,4
1765406888.243336,1610,4,6,4,6,4
1765406888.260175,1611,4,6,4,6,4
1765406888.276311,1611,4,6,4,6,4
1765406888.293312,1612,4,6,4,6,4
1765406888.310691,1612,4,6,4,6,4
1765406888.327352,1612,4,6,4,6,4
1765406888.343930,1613,4,6,4,6,4
1765406888.361221,1613,4,6,4,6,4
1765406888.377815,1614,4,6,4,6,4
1765406888.394880,1614,4,6,4,6,4
1765406888.412179,1614,4,6,4,6,4
1765406888.428503,1615,4,6,4,6,4
1765406888.445400,1615,4,6,4,6,4
1765406888.461259,1616,4,6,4,6,4
1765406888.477180,1616,4,6,4,6,4
1765406888.494817,1616,4,6,4,6,4
1765406888.511481,1617,4,6,4,6,4
1765406888.528627,1617,4,6,4,6,4
1765406888.544196,1618,4,6,4,6,4
1765406888.560836,1618,4,6,4,6,4
1765406888.577755,1618,4,6,4,6,4
1765406888.593569,1619,4,6,4,6,4
1765406888.609406,1619,4,6,4,6,4
1765406888.625556,1620,4,6,4,6,4
1765406888.641761,1620,4,6,4,6,4
1765406888.657017,1620,4,6,4,6,4
1765406888.673583,1621,4,6,4,6,4
1765406888.689716,1621,4,6,4,6,4
1765406888.705869,1621,4,6,4,6,4
1765406888.722105,1622,4,6,4,6,4
1765406888.739264,1622,4,6,4,6,4
1765406888.755654,1623,4,6,4,6,4
1765406888.772008,1623,4,6,4,6,4
1765406888.789814,1623,4,6,4,6,4
1765406888.807097,1624,4,6,4,6,4
1765406888.824179,1624,4,6,4,6,4
1765406888.840919,1625,4,6,4,6,4
1765406888.857988,1625,4,6,4,6,4
1765406888.875020,1625,4,6,4,6,4
1765406888.891989,1626,4,6,4,6,4
1765406888.909477,1626,4,6,4,6,4
1765406888.925787,1627,4,6,4,6,4
1765406888.941776,1627,4,6,4,6,4
1765406888.957751,1627,4,6,4,6,4
1765406888.973974,1628,4,6,4,6,4
1765406888.990370,1628,4,6,4,6,4
1765406889.007344,1629,4,6,4,6,4
1765406889.023393,1629,4,6,4,6,4
1765406889.039688,1629,4,6,4,6,4
1765406889.056597,1630,4,6,4,6,4
1765406889.072648,1630,4,6,4,6,4
1765406889.088401,1631,4,6,4,6,4
1765406889.104510,1631,4,6,4,6,4
1765406889.120653,1631,4,6,4,6,4
1765406889.136563,1632,4,6,4,6,4
1765406889.152517,1632,4,6,4,6,4
1765406889.169252,1632,4,6,4,6,4
1765406889.186001,1633,4,6,4,6,4
1765406889.203645,1633,4,6,4,6,4
1765406889.219616,1634,4,6,4,6,4
1765406889.235319,1634,4,6,4,6,4
1765406889.252442,1634,4,6,4,6,4
1765406889.268765,1635,4,6,4,6,4
1765406889.284769,1635,4,6,4,6,4
1765406889.300764,1636,4,6,4,6,4
1765406889.317421,1636,4,6,4,6,4
1765406889.333840,1636,4,6,4,6,4
1765406889.351942,1637,4,5,4,5,4
1765406889.368412,1637,4,5,4,5,4
1765406889.383931,1638,4,5,4,5,4
1765406889.400394,1638,4,5,4,5,4
1765406889.416112,1638,4,5,4,5,4
1765406889.432925,1639,4,5,4,5,4
1765406889.450160,1639,4,5,4,5,4
1765406889.467386,1640,4,5,4,5,4
1765406889.483905,1640,4,5,4,5,4
1765406889.501549,1640,4,5,4,5,4
1765406889.517520,1641,4,5,4,5,4
1765406889.533631,1641,4,5,4,5,4
1765406889.549617,1641,4,5,4,5,4
1765406889.566198,1642,4,5,4,5,4
1765406889.583296,1642,4,5,4,5,4
1765406889.600618,1643,4,5,4,5,4
1765406889.617222,1643,4,5,4,5,4
1765406889.634143,1643,4,5,4,5,4
1765406889.650692,1644,4,5,4,5,4
1765406889.665956,1644,4,5,4,5,4
1765406889.683030,1645,4,5,4,5,4
1765406889.699585,1645,4,5,4,5,4
1765406889.716154,1645,4,5,4,5,4
1765406889.732872,1646,4,5,4,5,4
1765406889.749985,1646,4,5,4,5,4
1765406889.765883,1647,4,5,4,5,4
1765406889.782860,1647,4,5,4,5,4
1765406889.799711,1647,4,5,4,5,4
1765406889.815782,1648,4,5,5,5,5
1765406889.831657,1648,4,5,5,5,5
1765406889.847824,1649,4,5,5,5,5
1765406889.865534,1649,4,5,5,5,5
1765406889.881570,1650,4,5,5,5,5
1765406889.898038,1650,4,5,5,5,5
1765406889.915164,1650,4,5,5,5,5
1765406889.931916,1651,4,5,5,5,5
1765406889.948222,1651,4,5,5,5,5
1765406889.965509,1652,4,5,5,5,5
1765406889.981074,1652,4,5,5,5,5
1765406889.998442,1652,4,5,5,5,5
1765406890.014677,1653,4,5,5,5,5
1765406890.030808,1653,4,5,5,5,5
1765406890.047934,1653,4,5,5,5,5
1765406890.065256,1654,4,5,5,5,5
1765406890.081686,1654,4,5,5,5,5
1765406890.098506,1655,4,5,5,5,5
1765406890.114393,1655,4,5,5,5,5
1765406890.131543,1655,4,5,5,5,5
1765406890.147832,1656,4,5,5,5,5
1765406890.165543,1656,4,5,5,5,5
1765406890.181847,1657,4,5,5,5,5
1765406890.200122,1657,4,5,5,5,5
1765406890.216424,1658,4,5,5,5,5
1765406890.232971,1658,4,5,5,5,5
1765406890.249950,1658,4,5,5,5,5
1765406890.267697,1659,4,5,5,5,5
1765406890.283277,1659,4,5,5,5,5
1765406890.299674,1660,4,5,5,5,5
1765406890.316116,1660,4,5,5,5,5
1765406890.332677,1660,4,5,5,5,5
1765406890.348277,1661,4,5,5,5,5
1765406890.363995,1661,4,5,5,5,5
1765406890.381424,1661,4,5,5,5,5
1765406890.398413,1662,4,5,5,5,5
1765406890.414604,1662,4,5,5,5,5
1765406890.430450,1663,4,5,5,5,5
1765406890.447326,1663,4,5,5,5,5
1765406890.464132,1663,4,5,5,5,5
1765406890.480678,1664,4,5,5,5,5
1765406890.495932,1664,4,5,5,5,5
1765406890.512908,1665,4,5,5,5,5
1765406890.530376,1665,4,5,5,5,5
1765406890.547436,1665,4,5,5,5,5
1765406890.563829,1666,4,5,5,5,5
1765406890.581166,1666,4,5,5,5,5
1765406890.597455,1667,4,5,5,5,5
1765406890.614008,1667,4,5,5,5,5
1765406890.630640,1667,4,5,5,5,5
1765406890.647129,1668,4,5,5,5,5
1765406890.664082,1668,4,5,5,5,5
1765406890.680886,1669,4,5,5,5,5
1765406890.698589,1669,4,5,5,5,5
1765406890.714902,1669,4,5,5,5,5
1765406890.732542,1670,4,5,5,5,5
1765406890.749510,1670,4,5,5,5,5
1765406890.765392,1671,4,5,5,5,5
1765406890.781174,1671,4,5,5,5,5
1765406890.797181,1671,4,5,5,5,5
1765406890.812960,1672,4,5,5,5,5
1765406890.830502,1672,4,5,5,5,5
1765406890.846870,1673,4,5,5,5,5
1765406890.863898,1673,4,5,5,5,5
1765406890.880534,1673,4,5,5,5,5
1765406890.896392,1674,4,5,5,5,5
1765406890.912574,1674,4,5,5,5,5
1765406890.929459,1674,4,5,5,5,5
1765406890.945986,1675,4,5,5,5,5
1765406890.962827,1675,4,5,5,5,5
1765406890.980361,1676,4,5,5,5,5
1765406890.997053,1676,4,5,5,5,5
1765406891.014104,1676,4,5,5,5,5
1765406891.030667,1677,4,5,5,5,5
1765406891.047348,1677,4,5,5,5,5
1765406891.063699,1678,4,5,5,5,5
1765406891.079736,1678,4,5,5,5,5
1765406891.095449,1678,4,5,5,5,5
1765406891.111475,1679,4,5,5,5,5
1765406891.128530,1679,4,5,5,5,5
1765406891.144261,1680,4,5,5,5,5
1765406891.160362,1680,4,5,5,5,5
1765406891.177285,1680,4,5,5,5,5
1765406891.194795,1681,4,5,5,5,5
1765406891.212353,1681,4,5,5,5,5
1765406891.228770,1682,4,5,5,5,5
1765406891.244675,1682,4,5,5,5,5
1765406891.261256,1682,4,5,5,5,5
1765406891.277872,1683,4,5,5,5,5
1765406891.295064,1683,4,5,5,5,5
1765406891.312287,1684,4,5,5,5,5
1765406891.328598,1684,4,5,5,5,5
1765406891.344718,1684,4,5,5,5,5
1765406891.361763,1685,4,6,5,6,5
1765406891.378148,1685,4,6,5,6,5
1765406891.393893,1686,4,6,5,6,5
1765406891.411690,1686,4,6,5,6,5
1765406891.427556,1686,4,6,5,6,5
1765406891.443175,1687,4,6,5,6,5
1765406891.459945,1687,4,6,5,6,5
1765406891.476993,1687,4,6,5,6,5
1765406891.493017,1688,4,6,5,6,5
1765406891.509872,1688,4,6,5,6,5
1765406891.527721,1689,4,6,5,6,5
1765406891.543929,1689,4,6,5,6,5
1765406891.560986,1689,4,6,5,6,5
1765406891.578260,1690,4,6,5,6,5
1765406891.595113,1690,4,6,5,6,5
1765406891.611837,1691,4,6,5,6,5
1765406891.629004,1691,4,6,5,6,5
1765406891.646099,1692,4,6,5,6,5
1765406891.662558,1692,4,6,5,6,5
1765406891.678098,1692,4,6,5,6,5
1765406891.694499,1693,4,6,5,6,5
1765406891.710767,1693,4,6,5,6,5
1765406891.727352,1693,4,6,5,6,5
1765406891.743480,1694,4,6,5,6,5
1765406891.759751,1694,4,6,5,6,5
1765406891.776587,1695,4,6,5,6,5
1765406891.792561,1695,4,6,5,6,5
1765406891.808231,1695,4,6,5,6,5
1765406891.825240,1696,4,6,5,6,5
1765406891.841851,1696,4,6,5,6,5
1765406891.858536,1697,4,6,5,6,5
1765406891.874395,1697,4,6,5,6,5
1765406891.890405,1697,4,6,5,6,5
1765406891.907232,1698,4,6,5,6,5
1765406891.924132,1698,4,6,5,6,5
1765406891.941525,1698,4,6,5,6,5
1765406891.957120,1699,4,6,5,6,5
1765406891.973276,1699,4,6,5,6,5
1765406891.990048,1700,4,6,5,6,5
1765406892.008077,1700,4,6,5,6,5
1765406892.024801,1700,4,6,5,6,5
1765406892.043095,1701,4,6,5,6,5
1765406892.060120,1701,4,6,5,6,5
1765406892.076092,1702,4,6,5,6,5
1765406892.092289,1702,4,6,5,6,5
1765406892.109184,1702,4,6,5,6,5
1765406892.125627,1703,4,6,5,6,5
1765406892.141022,1703,4,6,5,6,5
1765406892.158065,1704,4,6,5,6,5
1765406892.175234,1704,4,6,5,6,5
1765406892.191704,1704,4,6,5,6,5
1765406892.208208,1705,4,6,5,6,5
1765406892.225890,1705,4,6,5,6,5
1765406892.243197,1706,4,6,5,6,5
1765406892.259694,1706,4,6,5,6,5
1765406892.275826,1706,4,6,5,6,5
1765406892.293152,1707,4,6,5,6,5
1765406892.309715,1707,4,6,5,6,5
1765406892.326196,1708,4,6,5,6,5
1765406892.343440,1708,4,6,5,6,5
1765406892.358979,1708,4,6,5,6,5
1765406892.375944,1709,4,6,5,6,5
1765406892.392141,1709,4,6,5,6,5
1765406892.408840,1710,4,6,5,6,5
1765406892.425567,1710,4,6,5,6,5
1765406892.442434,1710,4,6,5,6,5
1765406892.458953,1711,4,6,5,6,5
1765406892.475800,1711,4,6,5,6,5
1765406892.493804,1712,4,6,5,6,5
1765406892.511389,1712,4,6,5,6,5
1765406892.527507,1712,4,6,5,6,5
1765406892.544685,1713,4,6,5,6,5
1765406892.560338,1713,4,6,5,6,5
1765406892.576336,1714,4,6,5,6,5
1765406892.592793,1714,4,6,5,6,5
1765406892.609592,1714,4,6,5,6,5
1765406892.626605,1715,4,6,5,6,5
1765406892.642978,1715,4,6,5,6,5
1765406892.660670,1716,4,6,5,6,5
1765406892.677335,1716,4,6,5,6,5
1765406892.693656,1716,4,6,5,6,5
1765406892.710313,1717,4,6,5,6,5
1765406892.727277,1717,4,6,5,6,5
1765406892.744919,1718,4,6,5,6,5
1765406892.761145,1718,4,6,5,6,5
1765406892.778129,1718,4,6,5,6,5
1765406892.795291,1719,4,6,5,6,5
1765406892.811017,1719,4,6,5,6,5
1765406892.828085,1719,4,6,5,6,5
1765406892.845439,1720,4,6,5,6,5
1765406892.861169,1720,4,6,5,6,5
1765406892.878062,1721,4,6,5,6,5
1765406892.894770,1721,4,6,5,6,5
1765406892.910929,1721,4,6,5,6,5
1765406892.927291,1722,4,6,4,6,4
1765406892.943773,1722,4,6,4,6,4
1765406892.959568,1723,4,6,4,6,4
1765406892.975744,1723,4,6,4,6,4
1765406892.991724,1723,4,6,4,6,4
1765406893.007965,1724,4,6,4,6,4
1765406893.024371,1724,4,6,4,6,4
1765406893.040021,1724,4,6,4,6,4
1765406893.056439,1725,4,6,4,6,4
1765406893.072975,1725,4,6,4,6,4
1765406893.089335,1726,4,6,4,6,4
1765406893.105427,1726,4,6,4,6,4
1765406893.122047,1726,4,6,4,6,4
1765406893.138490,1727,4,6,4,6,4
1765406893.155025,1727,4,6,4,6,4
1765406893.171611,1728,4,6,4,6,4
1765406893.188844,1728,4,6,4,6,4
1765406893.206093,1728,4,6,4,6,4
1765406893.223496,1729,4,6,4,6,4
1765406893.240006,1729,4,6,4,6,4
1765406893.257375,1730,4,6,4,6,4
1765406893.274636,1730,4,6,4,6,4
1765406893.291146,1730,4,6,4,6,4
1765406893.308488,1731,4,6,4,6,4
1765406893.325162,1731,4,6,4,6,4
1765406893.341638,1732,4,6,4,6,4
1765406893.357856,1732,4,6,4,6,4
1765406893.374979,1732,4,6,4,6,4
1765406893.391078,1733,4,6,4,6,4
1765406893.408396,1733,4,6,4,6,4
1765406893.425192,1734,4,6,4,6,4
1765406893.442098,1734,4,6,4,6,4
1765406893.458982,1734,4,6,4,6,4
1765406893.475820,1735,4,6,4,6,4
1765406893.492314,1735,4,6,4,6,4
1765406893.509565,1736,4,6,4,6,4
1765406893.525666,1736,4,6,4,6,4
1765406893.541558,1736,4,6,4,6,4
1765406893.557977,1737,4,6,4,6,4
1765406893.574348,1737,4,6,4,6,4
1765406893.591213,1738,4,7,4,7,4
1765406893.608928,1738,4,7,4,7,4
1765406893.625355,1738,4,7,4,7,4
1765406893.641343,1739,4,7,4,7,4
1765406893.658313,1739,4,7,4,7,4
1765406893.675138,1740,4,7,4,7,4
1765406893.691484,1740,4,7,4,7,4
1765406893.707037,1740,4,7,4,7,4
1765406893.723330,1741,4,7,4,7,4
1765406893.740261,1741,4,7,4,7,4
1765406893.757419,1741,4,7,4,7,4
1765406893.773976,1742,4,7,4,7,4
1765406893.790341,1742,4,7,4,7,4
1765406893.807364,1743,4,7,4,7,4
1765406893.823776,1743,4,7,4,7,4
1765406893.840539,1743,4,7,4,7,4
1765406893.856744,1744,4,7,4,7,4
1765406893.874449,1744,4,7,4,7,4
1765406893.890746,1745,4,7,4,7,4
1765406893.907086,1745,4,7,4,7,4
1765406893.923969,1745,4,7,4,7,4
1765406893.940974,1746,4,7,4,7,4
1765406893.958605,1746,4,7,4,7,4
1765406893.974837,1747,4,7,4,7,4
1765406893.992176,1747,4,7,4,7,4
1765406894.008968,1747,4,7,4,7,4
1765406894.025964,1748,4,7,4,7,4
1765406894.043253,1748,4,7,4,7,4
1765406894.060513,1749,4,7,4,7,4
1765406894.076120,1749,4,7,4,7,4
1765406894.093520,1749,4,7,4,7,4
1765406894.110028,1750,4,7,4,7,4
1765406894.126451,1750,4,7,4,7,4
1765406894.142896,1751,4,7,4,7,4
1765406894.160411,1751,4,7,4,7,4
1765406894.176594,1751,4,7,4,7,4
1765406894.192757,1752,4,7,4,7,4
1765406894.208662,1752,4,7,4,7,4
1765406894.225262,1753,4,7,4,7,4
1765406894.242083,1753,4,7,4,7,4
1765406894.259416,1753,4,7,4,7,4
1765406894.276312,1754,4,7,4,7,4
1765406894.292955,1754,4,7,4,7,4
1765406894.309618,1754,4,7,4,7,4
1765406894.325732,1755,4,7,4,7,4
1765406894.342480,1755,4,7,4,7,4
1765406894.359281,1756,4,7,4,7,4
1765406894.375875,1756,4,7,4,7,4
1765406894.393255,1756,4,7,4,7,4
1765406894.410410,1757,4,7,4,7,4
1765406894.427005,1757,4,7,4,7,4
1765406894.443197,1758,4,7,4,7,4
1765406894.459508,1758,4,7,4,7,4
1765406894.477525,1758,4,7,4,7,4
1765406894.493962,1759,4,7,4,7,4
1765406894.510810,1759,4,7,4,7,4
1765406894.528426,1760,4,7,4,7,4
1765406894.544986,1760,4,7,4,7,4
1765406894.561572,1760,4,7,4,7,4
1765406894.578097,1761,4,7,4,7,4
1765406894.595475,1761,4,7,4,7,4
1765406894.611507,1762,4,7,4,7,4
1765406894.628041,1762,4,7,4,7,4
1765406894.645734,1762,4,7,4,7,4
1765406894.661492,1763,4,7,4,7,4
1765406894.813726,1763,4,7,4,7,4
