time,snapshot_id,player_id,server_row,server_col,display_row,display_col
1765406824.732175,115,1,0,12,0,12
1765406824.750318,116,1,0,12,0,12
1765406824.756703,116,1,0,12,0,12
1765406824.772972,117,1,0,12,0,12
1765406824.789046,117,1,0,12,0,12
1765406824.805775,117,1,0,12,0,12
1765406824.822565,118,1,0,12,0,12
1765406824.839574,118,1,0,12,0,12
1765406824.856581,119,1,0,12,0,12
1765406824.873157,119,1,0,12,0,12
1765406824.889729,119,1,0,12,0,12
1765406824.906785,120,1,0,12,0,12
1765406824.922966,120,1,0,12,0,12
1765406824.939146,121,1,0,12,0,12
1765406824.954836,121,1,0,12,0,12
1765406824.971414,122,1,0,12,0,12
1765406824.988463,122,1,0,12,0,12
1765406825.005654,122,1,0,12,0,12
1765406825.022707,123,1,0,12,0,12
1765406825.039305,123,1,0,12,0,12
1765406825.054842,124,1,0,12,0,12
1765406825.071673,124,1,0,12,0,12
1765406825.088867,124,1,0,12,0,12
1765406825.105730,125,1,0,12,0,12
1765406825.123106,125,1,0,12,0,12
1765406825.139338,126,1,0,12,0,12
1765406825.154970,126,1,0,12,0,12
1765406825.172161,126,1,0,12,0,12
1765406825.188225,127,1,0,12,0,12
1765406825.204260,127,1,0,12,0,12
1765406825.220635,128,1,0,12,0,12
1765406825.237186,128,1,0,12,0,12
1765406825.253759,128,1,0,12,0,12
1765406825.270478,129,1,0,12,0,12
1765406825.286860,129,1,0,12,0,12
1765406825.303998,130,1,0,12,0,12
1765406825.320097,130,1,0,12,0,12
1765406825.335628,130,1,0,12,0,12
1765406825.352698,131,1,0,12,0,12
1765406825.369377,131,1,0,12,0,12
1765406825.386530,132,1,0,12,0,12
1765406825.403069,132,1,0,12,0,12
1765406825.419906,132,1,0,12,0,12
1765406825.435588,133,1,0,12,0,12
1765406825.452221,133,1,0,12,0,12
1765406825.468312,133,1,0,12,0,12
1765406825.485658,134,1,0,12,0,12
1765406825.501919,134,1,0,12,0,12
1765406825.518418,135,1,0,12,0,12
1765406825.535038,135,1,0,12,0,12
1765406825.551298,135,1,0,12,0,12
1765406825.567903,136,1,0,12,0,12
1765406825.583961,136,1,0,12,0,12
1765406825.599830,137,1,0,12,0,12
1765406825.616461,137,1,0,12,0,12
1765406825.634464,137,1,0,12,0,12
1765406825.652317,138,1,0,12,0,12
1765406825.668910,138,1,0,12,0,12
1765406825.685829,139,1,0,12,0,12
1765406825.702309,139,1,0,12,0,12
1765406825.719302,139,1,0,12,0,12
1765406825.736255,140,1,0,12,0,12
1765406825.751945,140,1,0,12,0,12
1765406825.769547,141,1,0,12,0,12
1765406825.787026,141,1,0,12,0,12
1765406825.834195,141,1,0,12,0,12
1765406825.851702,142,1,0,12,0,12
1765406825.868196,142,1,0,12,0,12
1765406825.885513,143,1,0,12,0,12
1765406825.902584,143,1,0,12,0,12
1765406825.919970,143,1,0,12,0,12
1765406825.936582,144,1,0,12,0,12
1765406825.953526,144,1,0,12,0,12
1765406825.970729,145,1,0,12,0,12
1765406825.987867,145,1,0,12,0,12
1765406826.004323,146,1,0,12,0,12
1765406826.020293,146,1,0,12,0,12
1765406826.036061,146,1,0,12,0,12
1765406826.051753,147,1,0,12,0,12
1765406826.068098,147,1,0,12,0,12
1765406826.083481,148,1,0,12,0,12
1765406826.100167,148,1,0,12,0,12
1765406826.117313,148,1,0,12,0,12
1765406826.133116,149,1,0,12,0,12
1765406826.149035,149,1,0,12,0,12
1765406826.165310,149,1,0,12,0,12
1765406826.181463,150,1,0,12,0,12
1765406826.198497,150,1,0,12,0,12
1765406826.215534,151,1,0,12,0,12
1765406826.231736,151,1,0,12,0,12
1765406826.248173,151,1,0,12,0,12
1765406826.265393,152,1,0,12,0,12
1765406826.281596,152,1,0,12,0,12
1765406826.298812,153,1,0,12,0,12
1765406826.315945,153,1,0,12,0,12
1765406826.332556,153,1,0,12,0,12
1765406826.349659,154,1,0,12,0,12
1765406826.367062,154,1,0,12,0,12
1765406826.383941,155,1,0,12,0,12
1765406826.400528,155,1,0,12,0,12
1765406826.418722,155,1,0,12,0,12
1765406826.435579,156,1,0,12,0,12
1765406826.452370,156,1,0,12,0,12
1765406826.469929,157,1,0,12,0,12
1765406826.486820,157,1,0,12,0,12
1765406826.503073,157,1,0,12,0,12
1765406826.519519,158,1,0,12,0,12
1765406826.535882,158,1,0,12,0,12
1765406826.552821,159,1,0,12,0,12
1765406826.569665,159,1,0,12,0,12
1765406826.586586,159,1,0,12,0,12
1765406826.604250,160,1,0,12,0,12
1765406826.620276,160,1,0,12,0,12
1765406826.636165,161,1,0,12,0,12
1765406826.651868,161,1,0,12,0,12
1765406826.667705,161,1,0,12,0,12
1765406826.684008,162,1,0,12,0,12
1765406826.700686,162,1,0,12,0,12
1765406826.717659,163,1,0,12,0,12
1765406826.734355,163,1,0,12,0,12
1765406826.749973,163,1,0,12,0,12
1765406826.766665,164,1,0,12,0,12
1765406826.783440,164,1,0,12,0,12
1765406826.801086,165,1,0,12,0,12
1765406826.817641,165,1,0,12,0,12
1765406826.834908,165,1,0,12,0,12
1765406826.851454,166,1,0,12,0,12
1765406826.868243,166,1,0,12,0,12
1765406826.884632,167,1,0,12,0,12
1765406826.901344,167,1,0,12,0,12
1765406826.917767,167,1,0,12,0,12
1765406826.934345,168,1,0,12,0,12
1765406826.950256,168,1,0,12,0,12
1765406826.966766,168,1,0,12,0,12
1765406826.983566,169,1,0,12,0,12
1765406827.000910,169,1,0,12,0,12
1765406827.017803,170,1,0,12,0,12
1765406827.034807,170,1,0,12,0,12
1765406827.051140,170,1,0,12,0,12
1765406827.068174,171,1,0,12,0,12
1765406827.085587,171,1,0,12,0,12
1765406827.103155,172,1,0,12,0,12
1765406827.119048,172,1,0,12,0,12
1765406827.134913,172,1,0,12,0,12
1765406827.151310,173,1,0,12,0,12
1765406827.168094,173,1,0,12,0,12
1765406827.185646,174,1,0,12,0,12
1765406827.202466,174,1,0,12,0,12
1765406827.218789,174,1,0,12,0,12
1765406827.234764,175,1,0,12,0,12
1765406827.251005,175,1,0,12,0,12
1765406827.268039,176,1,0,12,0,12
1765406827.284019,176,1,0,12,0,12
1765406827.300526,176,1,0,12,0,12
1765406827.316967,177,1,0,12,0,12
1765406827.333123,177,1,0,12,0,12
1765406827.348831,178,1,0,12,0,12
1765406827.365769,178,1,0,12,0,12
1765406827.382478,178,1,0,12,0,12
1765406827.399945,179,1,0,12,0,12
1765406827.417021,179,1,0,12,0,12
1765406827.433778,180,1,0,12,0,12
1765406827.450247,180,1,0,12,0,12
1765406827.465669,180,1,0,12,0,12
1765406827.482586,181,1,0,12,0,12
1765406827.500038,181,1,0,12,0,12
1765406827.516045,182,1,0,12,0,12
1765406827.532279,182,1,0,12,0,12
1765406827.548494,182,1,0,12,0,12
1765406827.565711,183,1,0,12,0,12
1765406827.581676,183,1,0,12,0,12
1765406827.598719,183,1,0,12,0,12
1765406827.615010,184,1,0,12,0,12
1765406827.631513,184,1,0,12,0,12
1765406827.650440,185,1,0,12,0,12
1765406827.668262,185,1,0,12,0,12
1765406827.684928,185,1,0,12,0,12
1765406827.701082,186,1,0,12,0,12
1765406827.717799,186,1,0,12,0,12
1765406827.734283,187,1,0,12,0,12
1765406827.749773,187,1,0,12,0,12
1765406827.766908,187,1,0,12,0,12
1765406827.783527,188,1,0,12,0,12
1765406827.799958,188,1,0,12,0,12
1765406827.816962,189,1,0,13,0,13
1765406827.833137,189,1,0,13,0,13
1765406827.849545,189,1,0,13,0,13
1765406827.867475,190,1,0,13,0,13
1765406827.884859,190,1,0,13,0,13
1765406827.902147,191,1,0,13,0,13
1765406827.918364,191,1,0,13,0,13
1765406827.935096,191,1,0,13,0,13
1765406827.951154,192,1,0,13,0,13
1765406827.966795,192,1,0,13,0,13
1765406827.984062,193,1,0,13,0,13
1765406828.000134,193,1,0,13,0,13
1765406828.015524,193,1,0,13,0,13
1765406828.032091,194,1,0,13,0,13
1765406828.048775,194,1,0,13,0,13
1765406828.065971,195,1,0,13,0,13
1765406828.081875,195,1,0,13,0,13
1765406828.098479,195,1,0,13,0,13
1765406828.116643,196,1,0,13,0,13
1765406828.133262,196,1,0,13,0,13
1765406828.148664,196,1,0,13,0,13
1765406828.165581,197,1,0,13,0,13
1765406828.182833,197,1,0,13,0,13
1765406828.199814,198,1,0,13,0,13
1765406828.217203,198,1,0,13,0,13
1765406828.233478,198,1,0,13,0,13
1765406828.250631,199,1,0,13,0,13
1765406828.267229,199,1,0,13,0,13
1765406828.282603,200,1,0,13,0,13
1765406828.300026,200,1,0,13,0,13
1765406828.315678,200,1,0,13,0,13
1765406828.332794,201,1,0,13,0,13
1765406828.349571,201,1,0,13,0,13
1765406828.365959,202,1,0,13,0,13
1765406828.381912,202,1,0,13,0,13
1765406828.398771,203,1,0,13,0,13
1765406828.415343,203,1,0,13,0,13
1765406828.432253,203,1,0,13,0,13
1765406828.448118,204,1,0,13,0,13
1765406828.463924,204,1,0,13,0,13
1765406828.480596,204,1,0,13,0,13
1765406828.497173,205,1,0,13,0,13
1765406828.513080,205,1,0,13,0,13
1765406828.529533,206,1,0,13,0,13
1765406828.546644,206,1,0,13,0,13
1765406828.563685,206,1,0,13,0,13
1765406828.580182,207,1,0,13,0,13
1765406828.596385,207,1,0,13,0,13
1765406828.613047,208,1,0,13,0,13
1765406828.629247,208,1,0,13,0,13
1765406828.645746,208,1,0,13,0,13
1765406828.662245,209,1,0,13,0,13
1765406828.679589,209,1,0,13,0,13
1765406828.696064,210,1,0,13,0,13
1765406828.712839,210,1,0,13,0,13
1765406828.728517,210,1,0,13,0,13
1765406828.746311,211,1,0,13,0,13
1765406828.762239,211,1,0,13,0,13
1765406828.779181,211,1,0,13,0,13
1765406828.795697,212,1,0,13,0,13
1765406828.812087,212,1,0,13,0,13
1765406828.827795,213,1,0,13,0,13
1765406828.845692,213,1,0,13,0,13
1765406828.862856,213,1,0,13,0,13
1765406828.879047,214,1,0,13,0,13
1765406828.894759,214,1,0,13,0,13
1765406828.911205,215,1,0,13,0,13
1765406828.927382,215,1,0,13,0,13
1765406828.944374,215,1,0,13,0,13
1765406828.962403,216,1,0,13,0,13
1765406828.980250,216,1,0,13,0,13
1765406828.997341,217,1,0,13,0,13
1765406829.013803,217,1,0,13,0,13
1765406829.030423,217,1,0,13,0,13
1765406829.047714,218,1,0,13,0,13
1765406829.065399,218,1,0,13,0,13
1765406829.082959,219,1,0,13,0,13
1765406829.098632,219,1,0,13,0,13
1765406829.114971,219,1,0,13,0,13
1765406829.131869,220,1,0,13,0,13
1765406829.148420,220,1,0,13,0,13
1765406829.165747,221,1,0,13,0,13
1765406829.182728,221,1,0,13,0,13
1765406829.198504,221,1,0,13,0,13
1765406829.215304,222,1,0,13,0,13
1765406829.232183,222,1,0,13,0,13
1765406829.248619,223,1,0,13,0,13
1765406829.265735,223,1,0,13,0,13
1765406829.282233,223,1,0,13,0,13
1765406829.298820,224,1,0,13,0,13
1765406829.315936,224,1,0,13,0,13
1765406829.332246,225,1,0,13,0,13
1765406829.348762,225,1,0,13,0,13
1765406829.365667,225,1,0,13,0,13
1765406829.382046,226,1,1,13,1,13
1765406829.398791,226,1,1,13,1,13
1765406829.415311,226,1,1,13,1,13
1765406829.431953,227,1,1,13,1,13
1765406829.447983,227,1,1,13,1,13
1765406829.464119,228,1,1,13,1,13
1765406829.480794,228,1,1,13,1,13
1765406829.497442,228,1,1,13,1,13
1765406829.515018,229,1,1,13,1,13
1765406829.531883,229,1,1,13,1,13
1765406829.548717,230,1,1,13,1,13
1765406829.565647,230,1,1,13,1,13
1765406829.582248,230,1,1,13,1,13
1765406829.598920,231,1,1,13,1,13
1765406829.615537,231,1,1,13,1,13
1765406829.632006,232,1,1,13,1,13
1765406829.647961,232,1,1,13,1,13
1765406829.664445,232,1,1,13,1,13
1765406829.681895,233,1,1,13,1,13
1765406829.698215,233,1,1,13,1,13
1765406829.714422,234,1,1,13,1,13
1765406829.731329,234,1,1,13,1,13
1765406829.748441,234,1,1,13,1,13
1765406829.765688,235,1,1,13,1,13
1765406829.782264,235,1,1,13,1,13
1765406829.798378,236,1,1,13,1,13
1765406829.813877,236,1,1,13,1,13
1765406829.829507,236,1,1,13,1,13
1765406829.846625,237,1,1,13,1,13
1765406829.863791,237,1,1,13,1,13
1765406829.880431,238,1,1,13,1,13
1765406829.897259,238,1,1,13,1,13
1765406829.912693,238,1,1,13,1,13
1765406829.929519,239,1,1,13,1,13
1765406829.946728,239,1,1,13,1,13
1765406829.963629,239,1,1,13,1,13
1765406829.981688,240,1,1,13,1,13
1765406829.998539,240,1,1,13,1,13
1765406830.015508,241,1,1,13,1,13
1765406830.032611,241,1,1,13,1,13
1765406830.049489,242,1,1,13,1,13
1765406830.066917,242,1,1,13,1,13
1765406830.083482,242,1,1,13,1,13
1765406830.100304,243,1,1,13,1,13
1765406830.116732,243,1,1,13,1,13
1765406830.134324,244,1,1,12,1,12
1765406830.150391,244,1,1,12,1,12
1765406830.168065,244,1,1,12,1,12
1765406830.184968,245,1,1,12,1,12
1765406830.200967,245,1,1,12,1,12
1765406830.216564,245,1,1,12,1,12
1765406830.233831,246,1,1,12,1,12
1765406830.250721,246,1,1,12,1,12
1765406830.266587,247,1,1,12,1,12
1765406830.283135,247,1,1,12,1,12
1765406830.299361,247,1,1,12,1,12
1765406830.315323,248,1,1,12,1,12
1765406830.331386,248,1,1,12,1,12
1765406830.348471,249,1,1,12,1,12
1765406830.366253,249,1,1,12,1,12
1765406830.383653,249,1,1,12,1,12
1765406830.400037,250,1,1,12,1,12
1765406830.417090,250,1,1,12,1,12
1765406830.433120,251,1,1,12,1,12
1765406830.449295,251,1,1,12,1,12
1765406830.466553,251,1,1,12,1,12
1765406830.483287,252,1,1,12,1,12
1765406830.498465,252,1,1,12,1,12
1765406830.515535,253,1,1,12,1,12
1765406830.532496,253,1,1,12,1,12
1765406830.549248,253,1,1,12,1,12
1765406830.565353,254,1,1,12,1,12
1765406830.581169,254,1,1,12,1,12
1765406830.597241,254,1,1,12,1,12
1765406830.614417,255,1,1,12,1,12
1765406830.632127,255,1,1,12,1,12
1765406830.648276,256,1,1,12,1,12
1765406830.663905,256,1,1,12,1,12
1765406830.680713,256,1,1,12,1,12
1765406830.697589,257,1,1,12,1,12
1765406830.714678,257,1,1,12,1,12
1765406830.731204,258,1,1,12,1,12
1765406830.747259,258,1,1,12,1,12
1765406830.762938,258,1,1,12,1,12
1765406830.778975,259,1,1,12,1,12
1765406830.796199,259,1,1,12,1,12
1765406830.812111,260,1,1,12,1,12
1765406830.827579,260,1,1,12,1,12
1765406830.845608,260,1,1,12,1,12
1765406830.862711,261,1,0,12,0,12
1765406830.880306,261,1,0,12,0,12
1765406830.897039,262,1,0,12,0,12
1765406830.912508,262,1,0,12,0,12
1765406830.930773,262,1,0,12,0,12
1765406830.947986,263,1,0,12,0,12
1765406830.963821,263,1,0,12,0,12
1765406830.980396,264,1,0,12,0,12
1765406830.996545,264,1,0,12,0,12
1765406831.012643,264,1,0,12,0,12
1765406831.029468,265,1,0,12,0,12
1765406831.046940,265,1,0,12,0,12
1765406831.064106,266,1,0,12,0,12
1765406831.080897,266,1,0,12,0,12
1765406831.097287,266,1,0,12,0,12
1765406831.113756,267,1,0,12,0,12
1765406831.130523,267,1,0,12,0,12
1765406831.147862,268,1,0,12,0,12
1765406831.163714,268,1,0,12,0,12
1765406831.180702,268,1,0,12,0,12
1765406831.197274,269,1,0,12,0,12
1765406831.213686,269,1,0,12,0,12
1765406831.230633,269,1,0,12,0,12
1765406831.247788,270,1,0,12,0,12
1765406831.265333,270,1,0,12,0,12
1765406831.281622,271,1,0,12,0,12
1765406831.298697,271,1,0,12,0,12
1765406831.314953,271,1,0,12,0,12
1765406831.330750,272,1,0,12,0,12
1765406831.346858,272,1,0,12,0,12
1765406831.364014,273,1,0,12,0,12
1765406831.380463,273,1,0,12,0,12
1765406831.398633,273,1,0,12,0,12
1765406831.415204,274,1,0,12,0,12
1765406831.432173,274,1,0,12,0,12
1765406831.448093,275,1,0,12,0,12
1765406831.464156,275,1,0,12,0,12
1765406831.480464,275,1,0,12,0,12
1765406831.497146,276,1,0,12,0,12
1765406831.514268,276,1,0,12,0,12
1765406831.530509,277,1,0,13,0,13
1765406831.547378,277,1,0,13,0,13
1765406831.563842,277,1,0,13,0,13
1765406831.580953,278,1,0,13,0,13
1765406831.597435,278,1,0,13,0,13
1765406831.615138,279,1,0,13,0,13
1765406831.631561,279,1,0,13,0,13
1765406831.648257,279,1,0,13,0,13
1765406831.665012,280,1,0,13,0,13
1765406831.681859,280,1,0,13,0,13
1765406831.698469,281,1,0,13,0,13
1765406831.716035,281,1,0,13,0,13
1765406831.732419,281,1,0,13,0,13
1765406831.749550,282,1,0,13,0,13
1765406831.766367,282,1,0,13,0,13
1765406831.783402,283,1,0,13,0,13
1765406831.801148,283,1,0,13,0,13
1765406831.817605,283,1,0,13,0,13
1765406831.833821,284,1,0,13,0,13
1765406831.851464,284,1,0,13,0,13
1765406831.868089,285,1,0,12,0,12
1765406831.883720,285,1,0,12,0,12
1765406831.900528,285,1,0,12,0,12
1765406831.917502,286,1,0,12,0,12
1765406831.934076,286,1,0,12,0,12
1765406831.950206,287,1,0,12,0,12
1765406831.966169,287,1,0,12,0,12
1765406831.982000,287,1,0,12,0,12
1765406831.998640,288,1,0,12,0,12
1765406832.015907,288,1,0,12,0,12
1765406832.033847,289,1,0,12,0,12
1765406832.050186,289,1,0,12,0,12
1765406832.066974,289,1,0,12,0,12
1765406832.083536,290,1,0,12,0,12
1765406832.101165,290,1,0,12,0,12
1765406832.117176,290,1,0,12,0,12
1765406832.133836,291,1,0,12,0,12
1765406832.150065,291,1,0,12,0,12
1765406832.166066,292,1,0,12,0,12
1765406832.181830,292,1,0,12,0,12
1765406832.198310,292,1,0,12,0,12
1765406832.214957,293,1,0,12,0,12
1765406832.231071,293,1,0,12,0,12
1765406832.247950,294,1,0,12,0,12
1765406832.263826,294,1,0,12,0,12
1765406832.280792,294,1,0,12,0,12
1765406832.297083,295,1,0,12,0,12
1765406832.313235,295,1,0,12,0,12
1765406832.329425,295,1,0,12,0,12
1765406832.345913,296,1,0,12,0,12
1765406832.362501,296,1,0,12,0,12
1765406832.378581,297,1,0,12,0,12
1765406832.395356,297,1,0,12,0,12
1765406832.411914,297,1,0,12,0,12
1765406832.428474,298,1,0,12,0,12
1765406832.445991,298,1,0,12,0,12
1765406832.463734,299,1,0,12,0,12
1765406832.479869,299,1,0,12,0,12
1765406832.496451,299,1,0,12,0,12
1765406832.513469,300,1,0,12,0,12
1765406832.529615,300,1,0,12,0,12
1765406832.546465,301,1,0,12,0,12
1765406832.563722,301,1,0,12,0,12
1765406832.580794,301,1,0,12,0,12
1765406832.596916,302,1,0,12,0,12
1765406832.614105,302,1,0,12,0,12
1765406832.630571,303,1,0,12,0,12
1765406832.647036,303,1,0,12,0,12
1765406832.663704,303,1,0,12,0,12
1765406832.680488,304,1,0,12,0,12
1765406832.697080,304,1,0,12,0,12
1765406832.712981,305,1,0,12,0,12
1765406832.729438,305,1,0,12,0,12
1765406832.747303,305,1,0,12,0,12
1765406832.762619,306,1,0,11,0,11
1765406832.778827,306,1,0,11,0,11
1765406832.795625,307,1,0,11,0,11
1765406832.812807,307,1,0,11,0,11
1765406832.828642,307,1,0,11,0,11
1765406832.844934,308,1,0,11,0,11
1765406832.861808,308,1,0,11,0,11
1765406832.878161,309,1,0,11,0,11
1765406832.893749,309,1,0,11,0,11
1765406832.910264,309,1,0,11,0,11
1765406832.926940,310,1,0,11,0,11
1765406832.943419,310,1,0,11,0,11
1765406832.961075,311,1,0,11,0,11
1765406832.977450,311,1,0,11,0,11
1765406832.994619,311,1,0,11,0,11
1765406833.011205,312,1,0,11,0,11
1765406833.027678,312,1,0,11,0,11
1765406833.044437,313,1,0,11,0,11
1765406833.061592,313,1,0,11,0,11
1765406833.078325,313,1,0,11,0,11
1765406833.094246,314,1,0,11,0,11
1765406833.110412,314,1,0,11,0,11
1765406833.127410,315,1,0,11,0,11
1765406833.144908,315,1,0,11,0,11
1765406833.161601,315,1,0,11,0,11
1765406833.181515,316,1,0,11,0,11
1765406833.198498,316,1,0,11,0,11
1765406833.215261,317,1,0,11,0,11
1765406833.230690,317,1,0,11,0,11
1765406833.247163,317,1,0,11,0,11
1765406833.263718,318,1,0,11,0,11
1765406833.281105,318,1,0,11,0,11
1765406833.298155,319,1,0,11,0,11
1765406833.314064,319,1,0,11,0,11
1765406833.330331,319,1,0,11,0,11
1765406833.346227,320,1,0,11,0,11
1765406833.362412,320,1,0,11,0,11
1765406833.379750,321,1,0,11,0,11
1765406833.396657,321,1,0,11,0,11
1765406833.414114,321,1,0,11,0,11
1765406833.429958,322,1,0,11,0,11
1765406833.446257,322,1,0,11,0,11
1765406833.462402,323,1,0,11,0,11
1765406833.479775,323,1,0,11,0,11
1765406833.497239,323,1,0,11,0,11
1765406833.512500,324,1,0,11,0,11
1765406833.529402,324,1,0,11,0,11
1765406833.545687,324,1,0,11,0,11
1765406833.562188,325,1,0,11,0,11
1765406833.578732,325,1,0,11,0,11
1765406833.594594,326,1,0,11,0,11
1765406833.612001,326,1,0,11,0,11
1765406833.627495,326,1,0,11,0,11
1765406833.644776,327,1,0,11,0,11
1765406833.662097,327,1,0,11,0,11
1765406833.678379,328,1,0,11,0,11
1765406833.694418,328,1,0,11,0,11
1765406833.711360,328,1,0,11,0,11
1765406833.727174,329,1,0,11,0,11
1765406833.742513,329,1,0,11,0,11
1765406833.758910,330,1,0,11,0,11
1765406833.775886,330,1,0,11,0,11
1765406833.792059,330,1,0,11,0,11
1765406833.808694,331,1,0,11,0,11
1765406833.825636,331,1,0,11,0,11
1765406833.843095,332,1,0,11,0,11
1765406833.859615,332,1,0,11,0,11
1765406833.876410,332,1,0,11,0,11
1765406833.893068,333,1,0,11,0,11
1765406833.909173,333,1,0,11,0,11
1765406833.926062,334,1,0,11,0,11
1765406833.943192,334,1,0,11,0,11
1765406833.959430,334,1,0,11,0,11
1765406833.975959,335,1,0,11,0,11
1765406833.991765,335,1,0,11,0,11
1765406834.007512,335,1,0,11,0,11
1765406834.025000,336,1,0,11,0,11
1765406834.040887,336,1,0,11,0,11
1765406834.057462,337,1,0,11,0,11
1765406834.075832,337,1,0,11,0,11
1765406834.092970,337,1,0,11,0,11
1765406834.109493,338,1,0,11,0,11
1765406834.126148,338,1,0,11,0,11
1765406834.142047,339,1,0,11,0,11
1765406834.158529,339,1,0,11,0,11
1765406834.174922,339,1,0,11,0,11
1765406834.191071,340,1,0,11,0,11
1765406834.208378,340,1,0,11,0,11
1765406834.224649,341,1,0,11,0,11
1765406834.241529,341,1,0,11,0,11
1765406834.258388,341,1,0,11,0,11
1765406834.276118,342,1,0,11,0,11
1765406834.292610,342,1,0,11,0,11
1765406834.309698,343,1,0,12,0,12
1765406834.325828,343,1,0,12,0,12
1765406834.342959,343,1,0,12,0,12
1765406834.360233,344,1,0,12,0,12
1765406834.375951,344,1,0,12,0,12
1765406834.392761,345,1,0,12,0,12
1765406834.409814,345,1,0,12,0,12
1765406834.426062,345,1,0,12,0,12
1765406834.442078,346,1,0,12,0,12
1765406834.458222,346,1,0,12,0,12
1765406834.474809,347,1,0,12,0,12
1765406834.492180,347,1,0,12,0,12
1765406834.508262,347,1,0,12,0,12
1765406834.525055,348,1,0,12,0,12
1765406834.541284,348,1,0,12,0,12
1765406834.557275,348,1,0,12,0,12
1765406834.573926,349,1,0,12,0,12
1765406834.590300,349,1,0,12,0,12
1765406834.606974,350,1,0,12,0,12
1765406834.622907,350,1,0,12,0,12
1765406834.639234,350,1,0,12,0,12
1765406834.655981,351,1,0,12,0,12
1765406834.672166,351,1,0,12,0,12
1765406834.687945,352,1,0,12,0,12
1765406834.703887,352,1,0,12,0,12
1765406834.721080,352,1,0,12,0,12
1765406834.736462,353,1,0,12,0,12
1765406834.753533,353,1,0,12,0,12
1765406834.770172,354,1,0,12,0,12
1765406834.786739,354,1,0,12,0,12
1765406834.802844,354,1,0,12,0,12
1765406834.819879,355,1,0,12,0,12
1765406834.836691,355,1,0,12,0,12
1765406834.853386,355,1,0,12,0,12
1765406834.870487,356,1,0,12,0,12
1765406834.887373,356,1,0,12,0,12
1765406834.904189,357,1,0,11,0,11
1765406834.920262,357,1,0,11,0,11
1765406834.935724,357,1,0,11,0,11
1765406834.951787,358,1,0,11,0,11
1765406834.968165,358,1,0,11,0,11
1765406834.984466,359,1,0,11,0,11
1765406835.001970,359,1,0,11,0,11
1765406835.018171,359,1,0,11,0,11
1765406835.034799,360,1,0,11,0,11
1765406835.052046,360,1,0,11,0,11
1765406835.068324,361,1,0,11,0,11
1765406835.084217,361,1,0,11,0,11
1765406835.100165,361,1,0,11,0,11
1765406835.116120,362,1,0,11,0,11
1765406835.132382,362,1,0,11,0,11
1765406835.149330,362,1,0,11,0,11
1765406835.165915,363,1,0,11,0,11
1765406835.182605,363,1,0,11,0,11
1765406835.199965,364,1,0,11,0,11
1765406835.217149,364,1,0,11,0,11
1765406835.233212,364,1,0,11,0,11
1765406835.249325,365,1,0,11,0,11
1765406835.267011,365,1,0,11,0,11
1765406835.284600,366,1,0,11,0,11
1765406835.320267,366,1,0,11,0,11
1765406835.337741,367,1,0,11,0,11
1765406835.353479,367,1,0,11,0,11
1765406835.370855,367,1,0,11,0,11
1765406835.387847,368,1,0,11,0,11
1765406835.405417,368,1,0,11,0,11
1765406835.423286,369,1,0,11,0,11
1765406835.439741,369,1,0,11,0,11
1765406835.456796,369,1,0,11,0,11
1765406835.473903,370,1,0,11,0,11
1765406835.491122,370,1,0,11,0,11
1765406835.507256,371,1,0,11,0,11
1765406835.524282,371,1,0,11,0,11
1765406835.540690,371,1,0,11,0,11
1765406835.557821,372,1,0,11,0,11
1765406835.574534,372,1,0,11,0,11
1765406835.591209,373,1,0,11,0,11
1765406835.607280,373,1,0,11,0,11
1765406835.624350,373,1,0,11,0,11
1765406835.640372,374,1,0,11,0,11
1765406835.656912,374,1,0,11,0,11
1765406835.674168,375,1,0,11,0,11
1765406835.691458,375,1,0,11,0,11
1765406835.709130,375,1,0,11,0,11
1765406835.726041,376,1,0,11,0,11
1765406835.741761,376,1,0,11,0,11
1765406835.758339,377,1,0,11,0,11
1765406835.775223,377,1,0,11,0,11
1765406835.792170,377,1,0,11,0,11
1765406835.808824,378,1,0,11,0,11
1765406835.825243,378,1,0,11,0,11
1765406835.841704,379,1,0,11,0,11
1765406835.858165,379,1,0,11,0,11
1765406835.875032,379,1,0,11,0,11
1765406835.891819,380,1,0,11,0,11
1765406835.907935,380,1,0,11,0,11
1765406835.924322,381,1,0,11,0,11
1765406835.941238,381,1,0,11,0,11
1765406835.957552,381,1,0,11,0,11
1765406835.975911,382,1,0,11,0,11
1765406835.992821,382,1,0,11,0,11
1765406836.009644,383,1,1,11,1,11
1765406836.025737,383,1,1,11,1,11
1765406836.042002,383,1,1,11,1,11
1765406836.058090,384,1,1,11,1,11
1765406836.075038,384,1,1,11,1,11
1765406836.091635,384,1,1,11,1,11
1765406836.109020,385,1,1,11,1,11
1765406836.125853,385,1,1,11,1,11
1765406836.142419,386,1,1,11,1,11
1765406836.158931,386,1,1,11,1,11
1765406836.175486,386,1,1,11,1,11
1765406836.192262,387,1,1,11,1,11
1765406836.208440,387,1,1,11,1,11
1765406836.225845,388,1,1,11,1,11
1765406836.242172,388,1,1,11,1,11
1765406836.258106,388,1,1,11,1,11
1765406836.274165,389,1,1,11,1,11
1765406836.290666,389,1,1,11,1,11
1765406836.306838,390,1,1,11,1,11
1765406836.323540,390,1,1,11,1,11
1765406836.340763,390,1,1,11,1,11
1765406836.357995,391,1,1,11,1,11
1765406836.374002,391,1,1,11,1,11
1765406836.390138,392,1,2,11,2,11
1765406836.406201,392,1,2,11,2,11
1765406836.422795,392,1,2,11,2,11
1765406836.440132,393,1,2,11,2,11
1765406836.457637,393,1,2,11,2,11
1765406836.475224,394,1,2,11,2,11
1765406836.490831,394,1,2,11,2,11
1765406836.507242,394,1,2,11,2,11
1765406836.523072,395,1,2,11,2,11
1765406836.539146,395,1,2,11,2,11
1765406836.555972,395,1,2,11,2,11
1765406836.571997,396,1,2,11,2,11
1765406836.588492,396,1,2,11,2,11
1765406836.604746,397,1,2,11,2,11
1765406836.621160,397,1,2,11,2,11
1765406836.637490,397,1,2,11,2,11
1765406836.654704,398,1,2,11,2,11
1765406836.670943,398,1,2,11,2,11
1765406836.688188,399,1,2,11,2,11
1765406836.704329,399,1,2,11,2,11
1765406836.720506,399,1,2,11,2,11
1765406836.737421,400,1,2,11,2,11
1765406836.754373,400,1,2,11,2,11
1765406836.770544,401,1,2,11,2,11
1765406836.787067,401,1,2,11,2,11
1765406836.803620,401,1,2,11,2,11
1765406836.819615,402,1,2,11,2,11
1765406836.836926,402,1,2,11,2,11
1765406836.853568,403,1,2,11,2,11
1765406836.869814,403,1,2,11,2,11
1765406836.887216,403,1,2,11,2,11
1765406836.903838,404,1,2,11,2,11
1765406836.921216,404,1,2,11,2,11
1765406836.937643,405,1,2,11,2,11
1765406836.953954,405,1,2,11,2,11
1765406836.970923,405,1,2,11,2,11
1765406836.987267,406,1,2,11,2,11
1765406837.002772,406,1,2,11,2,11
1765406837.019329,406,1,2,11,2,11
1765406837.035726,407,1,2,11,2,11
1765406837.052158,407,1,2,11,2,11
1765406837.067870,408,1,2,11,2,11
1765406837.084389,408,1,2,11,2,11
1765406837.102032,408,1,2,11,2,11
1765406837.117840,409,1,2,11,2,11
1765406837.134545,409,1,2,11,2,11
1765406837.151004,410,1,2,11,2,11
1765406837.168902,410,1,2,11,2,11
1765406837.184958,410,1,2,11,2,11
1765406837.200221,411,1,2,11,2,11
1765406837.217743,411,1,2,11,2,11
1765406837.235689,412,1,2,11,2,11
1765406837.252900,412,1,2,11,2,11
1765406837.269655,412,1,2,11,2,11
1765406837.286994,413,1,2,11,2,11
1765406837.302842,413,1,2,11,2,11
1765406837.319508,414,1,2,11,2,11
1765406837.432849,415,1,2,11,2,11
1765406837.450097,415,1,2,11,2,11
1765406837.466195,415,1,2,11,2,11
1765406837.481786,416,1,2,11,2,11
1765406837.498367,416,1,2,11,2,11
1765406837.514660,417,1,2,11,2,11
1765406837.531677,417,1,2,11,2,11
1765406837.549038,417,1,2,11,2,11
1765406837.565033,418,1,2,11,2,11
1765406837.581873,418,1,2,11,2,11
1765406837.598485,419,1,2,11,2,11
1765406837.615242,419,1,2,11,2,11
1765406837.632316,419,1,2,11,2,11
1765406837.648123,420,1,2,11,2,11
1765406837.664751,420,1,2,11,2,11
1765406837.681161,421,1,2,11,2,11
1765406837.697144,421,1,2,11,2,11
1765406837.713197,421,1,2,11,2,11
1765406837.729523,422,1,1,11,1,11
1765406837.745762,422,1,1,11,1,11
1765406837.761554,422,1,1,11,1,11
1765406837.778833,423,1,1,11,1,11
1765406837.795999,423,1,1,11,1,11
1765406837.812826,424,1,1,11,1,11
1765406837.829632,424,1,1,11,1,11
1765406837.847038,424,1,1,11,1,11
1765406837.863936,425,1,1,11,1,11
1765406837.880075,425,1,1,11,1,11
1765406837.897174,426,1,1,11,1,11
1765406837.913852,426,1,1,11,1,11
1765406837.930667,426,1,1,11,1,11
1765406837.947382,427,1,1,11,1,11
1765406837.964906,427,1,1,11,1,11
1765406837.981129,428,1,1,11,1,11
1765406837.997598,428,1,1,11,1,11
1765406838.015382,428,1,1,11,1,11
1765406838.033032,429,1,1,11,1,11
1765406838.048950,429,1,1,11,1,11
1765406838.065830,430,1,1,11,1,11
1765406838.082587,430,1,1,11,1,11
1765406838.098761,430,1,1,11,1,11
1765406838.115813,431,1,1,11,1,11
1765406838.131750,431,1,1,11,1,11
1765406838.147989,432,1,1,11,1,11
1765406838.164921,432,1,1,11,1,11
1765406838.182473,432,1,1,11,1,11
1765406838.200047,433,1,1,11,1,11
1765406838.216143,433,1,1,11,1,11
1765406838.232587,434,1,1,11,1,11
1765406838.248977,434,1,1,11,1,11
1765406838.265307,434,1,1,11,1,11
1765406838.281882,435,1,1,11,1,11
1765406838.298030,435,1,1,11,1,11
1765406838.314384,435,1,1,11,1,11
1765406838.331840,436,1,1,11,1,11
1765406838.348203,436,1,1,11,1,11
1765406838.365499,437,1,1,11,1,11
1765406838.382392,437,1,1,11,1,11
1765406838.399452,438,1,0,11,0,11
1765406838.416883,438,1,0,11,0,11
1765406838.433437,438,1,0,11,0,11
1765406838.449739,439,1,0,11,0,11
1765406838.466682,439,1,0,11,0,11
1765406838.483292,440,1,0,11,0,11
1765406838.499649,440,1,0,11,0,11
1765406838.516382,440,1,0,11,0,11
1765406838.533021,441,1,0,11,0,11
1765406838.549662,441,1,0,11,0,11
1765406838.567038,441,1,0,11,0,11
1765406838.583371,442,1,0,11,0,11
1765406838.600087,442,1,0,11,0,11
1765406838.615760,443,1,0,11,0,11
1765406838.632835,443,1,0,11,0,11
1765406838.649505,443,1,0,11,0,11
1765406838.667067,444,1,0,11,0,11
1765406838.682872,444,1,0,11,0,11
1765406838.699716,445,1,0,11,0,11
1765406838.716192,445,1,0,11,0,11
1765406838.732388,445,1,0,11,0,11
1765406838.749115,446,1,0,11,0,11
1765406838.766185,446,1,0,11,0,11
1765406838.782412,447,1,0,11,0,11
1765406838.799239,447,1,0,11,0,11
1765406838.815185,447,1,0,11,0,11
1765406838.831503,448,1,0,11,0,11
1765406838.848382,448,1,0,11,0,11
1765406838.864936,449,1,0,11,0,11
1765406838.881574,449,1,0,11,0,11
1765406838.898172,449,1,0,11,0,11
1765406838.914744,450,1,0,11,0,11
1765406838.931822,450,1,0,11,0,11
1765406838.948575,451,1,0,11,0,11
1765406838.964737,451,1,0,11,0,11
1765406838.981597,451,1,0,11,0,11
1765406838.998817,452,1,0,11,0,11
1765406839.016094,452,1,0,11,0,11
1765406839.032650,452,1,0,11,0,11
1765406839.049003,453,1,0,11,0,11
1765406839.065936,453,1,0,11,0,11
1765406839.082944,454,1,0,11,0,11
1765406839.100367,454,1,0,11,0,11
1765406839.116949,454,1,0,11,0,11
1765406839.133890,455,1,0,11,0,11
1765406839.149726,455,1,0,11,0,11
1765406839.167197,456,1,0,11,0,11
1765406839.182821,456,1,0,11,0,11
1765406839.199480,456,1,0,11,0,11
1765406839.215767,457,1,0,11,0,11
1765406839.232780,457,1,0,11,0,11
1765406839.249613,458,1,0,11,0,11
1765406839.266506,458,1,0,11,0,11
1765406839.282574,458,1,0,11,0,11
1765406839.299472,459,1,0,11,0,11
1765406839.316448,459,1,0,11,0,11
1765406839.333170,460,1,0,11,0,11
1765406839.349952,460,1,0,11,0,11
1765406839.367223,461,1,0,11,0,11
1765406839.383436,461,1,0,11,0,11
1765406839.400427,461,1,0,11,0,11
1765406839.416991,462,1,0,11,0,11
1765406839.433975,462,1,0,11,0,11
1765406839.450335,463,1,0,11,0,11
1765406839.467268,463,1,0,11,0,11
1765406839.483757,463,1,0,11,0,11
1765406839.499911,464,1,0,11,0,11
1765406839.516181,464,1,0,11,0,11
1765406839.532793,464,1,0,11,0,11
1765406839.549290,465,1,0,11,0,11
1765406839.566490,465,1,0,11,0,11
1765406839.583377,466,1,0,12,0,12
1765406839.600492,466,1,0,12,0,12
1765406839.617816,466,1,0,12,0,12
1765406839.634565,467,1,0,12,0,12
1765406839.651543,467,1,0,12,0,12
1765406839.668569,468,1,0,12,0,12
1765406839.686306,468,1,0,12,0,12
1765406839.702666,468,1,0,12,0,12
1765406839.720213,469,1,0,12,0,12
1765406839.737166,469,1,0,12,0,12
1765406839.754123,470,1,0,12,0,12
1765406839.770259,470,1,0,12,0,12
1765406839.786054,470,1,0,12,0,12
1765406839.802409,471,1,0,12,0,12
1765406839.820146,471,1,0,12,0,12
1765406839.837451,472,1,0,12,0,12
1765406839.854678,472,1,0,12,0,12
1765406839.871156,472,1,0,12,0,12
1765406839.887114,473,1,0,12,0,12
1765406839.903026,473,1,0,12,0,12
1765406839.919698,474,1,0,12,0,12
1765406839.936555,474,1,0,12,0,12
1765406839.953773,474,1,0,12,0,12
1765406839.970110,475,1,0,12,0,12
1765406839.986623,475,1,0,12,0,12
1765406840.002788,476,1,0,12,0,12
1765406840.020517,476,1,0,12,0,12
1765406840.037707,476,1,0,12,0,12
1765406840.054562,477,1,0,12,0,12
1765406840.071591,477,1,0,12,0,12
1765406840.088011,478,1,0,12,0,12
1765406840.104497,478,1,0,12,0,12
1765406840.122260,478,1,0,12,0,12
1765406840.137974,479,1,0,12,0,12
1765406840.153891,479,1,0,12,0,12
1765406840.170080,480,1,0,12,0,12
1765406840.185865,480,1,0,12,0,12
1765406840.202139,480,1,0,12,0,12
1765406840.217776,481,1,0,12,0,12
1765406840.234013,481,1,0,12,0,12
1765406840.249715,481,1,0,12,0,12
1765406840.266229,482,1,0,12,0,12
1765406840.281778,482,1,0,12,0,12
1765406840.298021,483,1,0,12,0,12
1765406840.315413,483,1,0,12,0,12
1765406840.333322,483,1,0,12,0,12
1765406840.349001,484,1,0,12,0,12
1765406840.366148,484,1,0,12,0,12
1765406840.382493,485,1,0,12,0,12
1765406840.398808,485,1,0,12,0,12
1765406840.415357,485,1,0,12,0,12
1765406840.431386,486,1,0,12,0,12
1765406840.448450,486,1,0,12,0,12
1765406840.465358,487,1,0,12,0,12
1765406840.481604,487,1,0,12,0,12
1765406840.498887,487,1,0,12,0,12
1765406840.516349,488,1,0,12,0,12
1765406840.532590,488,1,0,12,0,12
1765406840.549265,489,1,0,12,0,12
1765406840.566076,489,1,0,12,0,12
1765406840.583305,489,1,0,12,0,12
1765406840.599899,490,1,1,12,1,12
1765406840.616363,490,1,1,12,1,12
1765406840.631788,491,1,1,12,1,12
1765406840.649744,491,1,1,12,1,12
1765406840.666975,491,1,1,12,1,12
1765406840.684239,492,1,1,12,1,12
1765406840.699643,492,1,1,12,1,12
1765406840.715460,492,1,1,12,1,12
1765406840.731904,493,1,1,12,1,12
1765406840.749048,493,1,1,12,1,12
1765406840.765544,494,1,1,12,1,12
1765406840.782187,494,1,1,12,1,12
1765406840.798961,494,1,1,12,1,12
1765406840.815851,495,1,1,12,1,12
1765406840.832425,495,1,1,12,1,12
1765406840.849537,496,1,1,12,1,12
1765406840.866064,496,1,1,12,1,12
1765406840.881990,496,1,1,12,1,12
1765406840.898353,497,1,1,12,1,12
1765406840.914280,497,1,1,12,1,12
1765406840.930448,498,1,1,12,1,12
1765406840.947604,498,1,1,12,1,12
1765406840.963974,498,1,1,12,1,12
1765406840.980553,499,1,1,12,1,12
1765406840.997295,499,1,1,12,1,12
1765406841.013841,500,1,1,12,1,12
1765406841.030498,500,1,1,12,1,12
1765406841.047292,500,1,1,12,1,12
1765406841.063024,501,1,1,12,1,12
1765406841.079994,501,1,1,12,1,12
1765406841.096148,502,1,1,12,1,12
1765406841.112880,502,1,1,12,1,12
1765406841.129899,502,1,1,12,1,12
1765406841.145849,503,1,1,12,1,12
1765406841.163191,503,1,1,12,1,12
1765406841.179692,504,1,1,12,1,12
1765406841.196355,504,1,1,12,1,12
1765406841.213171,504,1,1,12,1,12
1765406841.229532,505,1,1,12,1,12
1765406841.245778,505,1,1,12,1,12
1765406841.262387,506,1,1,13,1,13
1765406841.279080,506,1,1,13,1,13
1765406841.296213,506,1,1,13,1,13
1765406841.313270,507,1,1,13,1,13
1765406841.329576,507,1,1,13,1,13
1765406841.346020,507,1,1,13,1,13
1765406841.363044,508,1,1,13,1,13
1765406841.379167,508,1,1,13,1,13
1765406841.396555,509,1,1,13,1,13
1765406841.413394,509,1,1,13,1,13
1765406841.430668,509,1,1,13,1,13
1765406841.446980,510,1,1,13,1,13
1765406841.463356,510,1,1,13,1,13
1765406841.479015,511,1,1,13,1,13
1765406841.496526,511,1,1,13,1,13
1765406841.513795,511,1,1,13,1,13
1765406841.530619,512,1,1,13,1,13
1765406841.547003,512,1,1,13,1,13
1765406841.563972,513,1,1,13,1,13
1765406841.580644,513,1,1,13,1,13
1765406841.597420,513,1,1,13,1,13
1765406841.613721,514,1,1,13,1,13
1765406841.630463,514,1,1,13,1,13
1765406841.647999,515,1,1,13,1,13
1765406841.663764,515,1,1,13,1,13
1765406841.680591,515,1,1,13,1,13
1765406841.697105,516,1,1,13,1,13
1765406841.713079,516,1,1,13,1,13
1765406841.729197,517,1,1,13,1,13
1765406841.744993,517,1,1,13,1,13
1765406841.761331,517,1,1,13,1,13
1765406841.777280,518,1,1,13,1,13
1765406841.793125,518,1,1,13,1,13
1765406841.809589,518,1,1,13,1,13
1765406841.827157,519,1,1,13,1,13
1765406841.844453,519,1,1,13,1,13
1765406841.861741,520,1,1,13,1,13
1765406841.879574,520,1,1,13,1,13
1765406841.897240,521,1,1,13,1,13
1765406841.912883,521,1,1,13,1,13
1765406841.928941,521,1,1,13,1,13
1765406841.945735,522,1,1,13,1,13
1765406841.963058,522,1,1,13,1,13
1765406841.980611,523,1,1,13,1,13
1765406841.997224,523,1,1,13,1,13
1765406842.013914,523,1,1,13,1,13
1765406842.030657,524,1,2,13,2,13
1765406842.047448,524,1,2,13,2,13
1765406842.065125,525,1,2,13,2,13
1765406842.081373,525,1,2,13,2,13
1765406842.097125,525,1,2,13,2,13
1765406842.112627,526,1,2,13,2,13
1765406842.129177,526,1,2,13,2,13
1765406842.145158,526,1,2,13,2,13
1765406842.161438,527,1,2,13,2,13
1765406842.179136,527,1,2,13,2,13
1765406842.194975,528,1,2,13,2,13
1765406842.210822,528,1,2,13,2,13
1765406842.227075,528,1,2,13,2,13
1765406842.243662,529,1,2,13,2,13
1765406842.260822,529,1,2,13,2,13
1765406842.276607,530,1,2,13,2,13
1765406842.293729,530,1,2,13,2,13
1765406842.310635,530,1,2,13,2,13
1765406842.327918,531,1,2,13,2,13
1765406842.343813,531,1,2,13,2,13
1765406842.360680,532,1,2,13,2,13
1765406842.377062,532,1,2,13,2,13
1765406842.393898,532,1,2,13,2,13
1765406842.410743,533,1,2,13,2,13
1765406842.427145,533,1,2,13,2,13
1765406842.443396,534,1,2,13,2,13
1765406842.460751,534,1,2,13,2,13
1765406842.477432,534,1,2,13,2,13
1765406842.494543,535,1,2,13,2,13
1765406842.511399,535,1,2,13,2,13
1765406842.529314,536,1,2,13,2,13
1765406842.601132,537,1,2,13,2,13
1765406842.618208,537,1,2,13,2,13
1765406842.635169,537,1,2,13,2,13
1765406842.651118,538,1,2,13,2,13
1765406842.667958,538,1,2,13,2,13
1765406842.684355,538,1,2,13,2,13
1765406842.700170,539,1,2,13,2,13
1765406842.716296,539,1,2,13,2,13
1765406842.732459,540,1,2,13,2,13
1765406842.749553,540,1,2,13,2,13
1765406842.766063,540,1,2,13,2,13
1765406842.781581,541,1,2,13,2,13
1765406842.798774,541,1,2,13,2,13
1765406842.815372,542,1,2,14,2,14
1765406842.832244,542,1,2,14,2,14
1765406842.848564,542,1,2,14,2,14
1765406842.865584,543,1,2,14,2,14
1765406842.882586,543,1,2,14,2,14
1765406842.900486,544,1,2,14,2,14
1765406842.917382,544,1,2,14,2,14
1765406842.934435,544,1,2,14,2,14
1765406842.951371,545,1,2,14,2,14
1765406842.968068,545,1,2,14,2,14
1765406842.984673,546,1,2,14,2,14
1765406843.002048,546,1,2,14,2,14
1765406843.017874,546,1,2,14,2,14
1765406843.033829,547,1,2,14,2,14
1765406843.049875,547,1,2,14,2,14
1765406843.067598,547,1,2,14,2,14
1765406843.083909,548,1,2,14,2,14
1765406843.100024,548,1,2,14,2,14
1765406843.116590,549,1,2,14,2,14
1765406843.133587,549,1,2,14,2,14
1765406843.150573,549,1,2,14,2,14
1765406843.167537,550,1,1,14,1,14
1765406843.184435,550,1,1,14,1,14
1765406843.201419,551,1,1,14,1,14
1765406843.218175,551,1,1,14,1,14
1765406843.234385,551,1,1,14,1,14
1765406843.251645,552,1,1,14,1,14
1765406843.268820,552,1,1,14,1,14
1765406843.286451,553,1,1,14,1,14
1765406843.302798,553,1,1,14,1,14
1765406843.319838,553,1,1,14,1,14
1765406843.336259,554,1,1,14,1,14
1765406843.351861,554,1,1,14,1,14
1765406843.367868,555,1,1,14,1,14
1765406843.384304,555,1,1,14,1,14
1765406843.400033,555,1,1,14,1,14
1765406843.416543,556,1,1,14,1,14
1765406843.433940,556,1,1,14,1,14
1765406843.450909,557,1,1,14,1,14
1765406843.468008,557,1,1,14,1,14
1765406843.485073,557,1,1,14,1,14
1765406843.501461,558,1,1,14,1,14
1765406843.518489,558,1,1,14,1,14
1765406843.536202,559,1,1,15,1,15
1765406843.552858,559,1,1,15,1,15
1765406843.569359,559,1,1,15,1,15
1765406843.586131,560,1,1,15,1,15
1765406843.603076,560,1,1,15,1,15
1765406843.619425,561,1,1,15,1,15
1765406843.636274,561,1,1,15,1,15
1765406843.651955,561,1,1,15,1,15
1765406843.668470,562,1,1,15,1,15
1765406843.685500,562,1,1,15,1,15
1765406843.701877,563,1,1,15,1,15
1765406843.718286,563,1,1,15,1,15
1765406843.734136,563,1,1,15,1,15
1765406843.750243,564,1,1,15,1,15
1765406843.766126,564,1,1,15,1,15
1765406843.782417,564,1,1,15,1,15
1765406843.798785,565,1,1,15,1,15
1765406843.814646,565,1,1,15,1,15
1765406843.830505,566,1,1,15,1,15
1765406843.847785,566,1,1,15,1,15
1765406843.864057,566,1,1,15,1,15
1765406843.880161,567,1,1,15,1,15
1765406843.896335,567,1,1,15,1,15
1765406843.912499,568,1,1,15,1,15
1765406843.929144,568,1,1,15,1,15
1765406843.945017,568,1,1,15,1,15
1765406843.961221,569,1,1,15,1,15
1765406843.978118,569,1,1,15,1,15
1765406843.994603,569,1,1,15,1,15
1765406844.012202,570,1,1,15,1,15
1765406844.028643,570,1,1,15,1,15
1765406844.044798,571,1,1,15,1,15
1765406844.061602,571,1,1,15,1,15
1765406844.078785,571,1,1,15,1,15
1765406844.095402,572,1,1,15,1,15
1765406844.112440,572,1,1,15,1,15
1765406844.130650,573,1,1,16,1,16
1765406844.147441,573,1,1,16,1,16
1765406844.164086,573,1,1,16,1,16
1765406844.180642,574,1,1,16,1,16
1765406844.196643,574,1,1,16,1,16
1765406844.212829,575,1,1,16,1,16
1765406844.229372,575,1,1,16,1,16
1765406844.245989,575,1,1,16,1,16
1765406844.262177,576,1,1,16,1,16
1765406844.278183,576,1,1,16,1,16
1765406844.294326,577,1,1,16,1,16
1765406844.310942,577,1,1,16,1,16
1765406844.327118,577,1,1,16,1,16
1765406844.342970,578,1,1,16,1,16
1765406844.359329,578,1,1,16,1,16
1765406844.375949,579,1,1,16,1,16
1765406844.392257,579,1,1,16,1,16
1765406844.408816,579,1,1,16,1,16
1765406844.424193,580,1,1,16,1,16
1765406844.440964,580,1,1,16,1,16
1765406844.458242,580,1,1,16,1,16
1765406844.474474,581,1,1,16,1,16
1765406844.491362,581,1,1,16,1,16
1765406844.508015,582,1,1,16,1,16
1765406844.524863,582,1,1,16,1,16
1765406844.541402,582,1,1,16,1,16
1765406844.558200,583,1,1,16,1,16
1765406844.575178,583,1,1,16,1,16
1765406844.591222,584,1,1,16,1,16
1765406844.607477,584,1,1,16,1,16
1765406844.624354,584,1,1,16,1,16
1765406844.640138,585,1,1,16,1,16
1765406844.656089,585,1,1,16,1,16
1765406844.672591,586,1,1,16,1,16
1765406844.689080,586,1,1,16,1,16
1765406844.705335,586,1,1,16,1,16
1765406844.722356,587,1,1,16,1,16
1765406844.738930,587,1,1,16,1,16
1765406844.754943,587,1,1,16,1,16
1765406844.771846,588,1,1,16,1,16
1765406844.788255,588,1,1,16,1,16
1765406844.804449,589,1,1,16,1,16
1765406844.821790,589,1,1,16,1,16
1765406844.838485,589,1,1,16,1,16
1765406844.855970,590,1,1,16,1,16
1765406844.872888,590,1,1,16,1,16
1765406844.889184,591,1,1,16,1,16
1765406844.906073,591,1,1,16,1,16
1765406844.922248,591,1,1,16,1,16
1765406844.937857,592,1,1,16,1,16
1765406844.954246,592,1,1,16,1,16
1765406844.970470,593,1,1,16,1,16
1765406844.986853,593,1,1,16,1,16
1765406845.003345,593,1,1,16,1,16
1765406845.019427,594,1,1,16,1,16
1765406845.035952,594,1,1,16,1,16
1765406845.053090,595,1,1,16,1,16
1765406845.068556,595,1,1,16,1,16
1765406845.085858,595,1,1,16,1,16
1765406845.102521,596,1,1,16,1,16
1765406845.119482,596,1,1,16,1,16
1765406845.136580,596,1,1,16,1,16
1765406845.153089,597,1,1,16,1,16
1765406845.169796,597,1,1,16,1,16
1765406845.187093,598,1,1,16,1,16
1765406845.202887,598,1,1,16,1,16
1765406845.219499,598,1,1,16,1,16
1765406845.236938,599,1,1,16,1,16
1765406845.253709,599,1,1,16,1,16
1765406845.270299,600,1,1,16,1,16
1765406845.285895,600,1,1,16,1,16
1765406845.302591,600,1,1,16,1,16
1765406845.319934,601,1,1,16,1,16
1765406845.336424,601,1,1,16,1,16
1765406845.353140,602,1,1,16,1,16
1765406845.369038,602,1,1,16,1,16
1765406845.385584,602,1,1,16,1,16
1765406845.402309,603,1,1,16,1,16
1765406845.419823,603,1,1,16,1,16
1765406845.436180,604,1,0,16,0,16
1765406845.451897,604,1,0,16,0,16
1765406845.468275,604,1,0,16,0,16
1765406845.483764,605,1,0,16,0,16
1765406845.500607,605,1,0,16,0,16
1765406845.517876,606,1,0,16,0,16
1765406845.534450,606,1,0,16,0,16
1765406845.550856,606,1,0,16,0,16
1765406845.567523,607,1,0,16,0,16
1765406845.585186,607,1,0,16,0,16
1765406845.602227,608,1,0,16,0,16
1765406845.617668,608,1,0,16,0,16
1765406845.634923,608,1,0,16,0,16
1765406845.651324,609,1,0,16,0,16
1765406845.667947,609,1,0,16,0,16
1765406845.684104,609,1,0,16,0,16
1765406845.699755,610,1,0,16,0,16
1765406845.716852,610,1,0,16,0,16
1765406845.733856,611,1,0,16,0,16
1765406845.750558,611,1,0,16,0,16
1765406845.767375,611,1,0,16,0,16
1765406845.782788,612,1,0,16,0,16
1765406845.799937,612,1,0,16,0,16
1765406845.816293,613,1,0,16,0,16
1765406845.832165,613,1,0,16,0,16
1765406845.848692,613,1,0,16,0,16
1765406845.865992,614,1,0,16,0,16
1765406845.882887,614,1,0,16,0,16
1765406845.900090,615,1,0,16,0,16
1765406845.916878,615,1,0,16,0,16
1765406845.933603,615,1,0,16,0,16
1765406845.951296,616,1,0,16,0,16
1765406845.967509,616,1,0,16,0,16
1765406845.984398,617,1,0,16,0,16
1765406846.001435,617,1,0,16,0,16
1765406846.019103,617,1,0,16,0,16
1765406846.035120,618,1,0,16,0,16
1765406846.051934,618,1,0,16,0,16
1765406846.068640,619,1,0,15,0,15
1765406846.085878,619,1,0,15,0,15
1765406846.102262,619,1,0,15,0,15
1765406846.118697,620,1,0,15,0,15
1765406846.134727,620,1,0,15,0,15
1765406846.151592,621,1,0,15,0,15
1765406846.168138,621,1,0,15,0,15
1765406846.184093,621,1,0,15,0,15
1765406846.201022,622,1,0,15,0,15
1765406846.217975,622,1,0,15,0,15
1765406846.234666,623,1,0,15,0,15
1765406846.252419,623,1,0,15,0,15
1765406846.269752,623,1,0,15,0,15
1765406846.286104,624,1,0,15,0,15
1765406846.302565,624,1,0,15,0,15
1765406846.319528,625,1,0,15,0,15
1765406846.337223,625,1,0,15,0,15
1765406846.353153,625,1,0,15,0,15
1765406846.370193,626,1,0,15,0,15
1765406846.386243,626,1,0,15,0,15
1765406846.401829,627,1,0,15,0,15
1765406846.418088,627,1,0,15,0,15
1765406846.434152,627,1,0,15,0,15
1765406846.451057,628,1,0,15,0,15
1765406846.468156,628,1,0,15,0,15
1765406846.484140,628,1,0,15,0,15
1765406846.500395,629,1,0,15,0,15
1765406846.517531,629,1,0,15,0,15
1765406846.535192,630,1,0,15,0,15
1765406846.552112,630,1,0,15,0,15
1765406846.568345,630,1,0,15,0,15
1765406846.586003,631,1,0,15,0,15
1765406846.602126,631,1,0,15,0,15
1765406846.618376,632,1,0,15,0,15
1765406846.635041,632,1,0,15,0,15
1765406846.652634,632,1,0,15,0,15
1765406846.669581,633,1,0,15,0,15
1765406846.687508,633,1,0,15,0,15
1765406846.704591,634,1,0,15,0,15
1765406846.721457,634,1,0,15,0,15
1765406846.738669,635,1,0,15,0,15
1765406846.755476,635,1,0,15,0,15
1765406846.772825,635,1,0,15,0,15
1765406846.789293,636,1,0,14,0,14
1765406846.804624,636,1,0,14,0,14
1765406846.822093,637,1,0,14,0,14
1765406846.838207,637,1,0,14,0,14
1765406846.854169,637,1,0,14,0,14
1765406846.870862,638,1,0,14,0,14
1765406846.888260,638,1,0,14,0,14
1765406846.904098,638,1,0,14,0,14
1765406846.920512,639,1,0,14,0,14
1765406846.937759,639,1,0,14,0,14
1765406846.953993,640,1,0,14,0,14
1765406846.970528,640,1,0,14,0,14
1765406846.987374,641,1,0,14,0,14
1765406847.003958,641,1,0,14,0,14
1765406847.020713,641,1,0,14,0,14
1765406847.037624,642,1,0,14,0,14
1765406847.055115,642,1,0,14,0,14
1765406847.071668,643,1,0,14,0,14
1765406847.088773,643,1,0,14,0,14
1765406847.106630,643,1,0,14,0,14
1765406847.123973,644,1,0,14,0,14
1765406847.139760,644,1,0,14,0,14
1765406847.156068,645,1,0,14,0,14
1765406847.173050,645,1,0,14,0,14
1765406847.188710,645,1,0,14,0,14
1765406847.206025,646,1,0,14,0,14
1765406847.222806,646,1,0,14,0,14
1765406847.239440,647,1,0,14,0,14
1765406847.255852,647,1,0,14,0,14
1765406847.272273,647,1,0,14,0,14
1765406847.288164,648,1,0,13,0,13
1765406847.304473,648,1,0,13,0,13
1765406847.321333,649,1,0,13,0,13
1765406847.337300,649,1,0,13,0,13
1765406847.353747,649,1,0,13,0,13
1765406847.369885,650,1,0,13,0,13
1765406847.387089,650,1,0,13,0,13
1765406847.404319,651,1,0,13,0,13
1765406847.420789,651,1,0,13,0,13
1765406847.437712,651,1,0,13,0,13
1765406847.455011,652,1,0,13,0,13
1765406847.471420,652,1,0,13,0,13
1765406847.489280,653,1,0,13,0,13
1765406847.505549,653,1,0,13,0,13
1765406847.522387,653,1,0,13,0,13
1765406847.539714,654,1,0,13,0,13
1765406847.556296,654,1,0,13,0,13
1765406847.572921,655,1,0,13,0,13
1765406847.589040,655,1,0,13,0,13
1765406847.604589,655,1,0,13,0,13
1765406847.621471,656,1,0,13,0,13
1765406847.638388,656,1,0,13,0,13
1765406847.654912,657,1,0,13,0,13
1765406847.672216,657,1,0,13,0,13
1765406847.688948,657,1,0,13,0,13
1765406847.706187,658,1,0,13,0,13
1765406847.721942,658,1,0,13,0,13
1765406847.738459,658,1,0,13,0,13
1765406847.755355,659,1,0,13,0,13
1765406847.770636,659,1,0,13,0,13
1765406847.786935,660,1,0,13,0,13
1765406847.803126,660,1,0,13,0,13
1765406847.820221,660,1,0,13,0,13
1765406847.836599,661,1,0,13,0,13
1765406847.853366,661,1,0,13,0,13
1765406847.869691,662,1,0,13,0,13
1765406847.886240,662,1,0,13,0,13
1765406847.903357,662,1,0,13,0,13
1765406847.919950,663,1,0,13,0,13
1765406847.935679,663,1,0,13,0,13
1765406847.951905,663,1,0,13,0,13
1765406847.968237,664,1,0,13,0,13
1765406847.984521,664,1,0,13,0,13
1765406848.001345,665,1,0,13,0,13
1765406848.017382,665,1,0,13,0,13
1765406848.034729,665,1,0,13,0,13
1765406848.051139,666,1,0,13,0,13
1765406848.067372,666,1,0,13,0,13
1765406848.084155,667,1,0,13,0,13
1765406848.099813,667,1,0,13,0,13
1765406848.116834,667,1,0,13,0,13
1765406848.133997,668,1,0,13,0,13
1765406848.150957,668,1,0,13,0,13
1765406848.167327,669,1,0,13,0,13
1765406848.183585,669,1,0,13,0,13
1765406848.200205,669,1,0,13,0,13
1765406848.216070,670,1,0,13,0,13
1765406848.232637,670,1,0,13,0,13
1765406848.249208,670,1,0,13,0,13
1765406848.264984,671,1,0,13,0,13
1765406848.281531,671,1,0,13,0,13
1765406848.298340,672,1,0,13,0,13
1765406848.314350,672,1,0,13,0,13
1765406848.330435,672,1,0,13,0,13
1765406848.347562,673,1,0,13,0,13
1765406848.364202,673,1,0,13,0,13
1765406848.380576,674,1,0,13,0,13
1765406848.397651,674,1,0,13,0,13
1765406848.415234,674,1,0,13,0,13
1765406848.431791,675,1,0,13,0,13
1765406848.448677,675,1,0,13,0,13
1765406848.465345,676,1,0,13,0,13
1765406848.481459,676,1,0,13,0,13
1765406848.498310,676,1,0,13,0,13
1765406848.514588,677,1,0,13,0,13
1765406848.531629,677,1,0,13,0,13
1765406848.548017,678,1,0,13,0,13
1765406848.564790,678,1,0,13,0,13
1765406848.581096,678,1,0,13,0,13
1765406848.596929,679,1,0,13,0,13
1765406848.614074,679,1,0,13,0,13
1765406848.630397,679,1,0,13,0,13
1765406848.647151,680,1,0,12,0,12
1765406848.663301,680,1,0,12,0,12
1765406848.679899,681,1,0,12,0,12
1765406848.695955,681,1,0,12,0,12
1765406848.711668,681,1,0,12,0,12
1765406848.728420,682,1,0,12,0,12
1765406848.744992,682,1,0,12,0,12
1765406848.761222,683,1,0,12,0,12
1765406848.776872,683,1,0,12,0,12
1765406848.793289,683,1,0,12,0,12
1765406848.808758,684,1,0,12,0,12
1765406848.824490,684,1,0,12,0,12
1765406848.842096,685,1,0,12,0,12
1765406848.858948,685,1,0,12,0,12
1765406848.875589,685,1,0,12,0,12
1765406848.892336,686,1,0,12,0,12
1765406848.908476,686,1,0,12,0,12
1765406848.926417,687,1,0,12,0,12
1765406848.942850,687,1,0,12,0,12
1765406848.959083,687,1,0,12,0,12
1765406848.976136,688,1,0,12,0,12
1765406848.992290,688,1,0,12,0,12
1765406849.008466,688,1,0,12,0,12
1765406849.026090,689,1,0,12,0,12
1765406849.042248,689,1,0,12,0,12
1765406849.058651,690,1,0,12,0,12
1765406849.074622,690,1,0,12,0,12
1765406849.091084,690,1,0,12,0,12
1765406849.107195,691,1,0,12,0,12
1765406849.123383,691,1,0,12,0,12
1765406849.140893,692,1,0,12,0,12
1765406849.157731,692,1,0,12,0,12
1765406849.174400,692,1,0,12,0,12
1765406849.192052,693,1,0,12,0,12
1765406849.208606,693,1,0,12,0,12
1765406849.226195,694,1,0,12,0,12
1765406849.241950,694,1,0,12,0,12
1765406849.258141,694,1,0,12,0,12
1765406849.275302,695,1,0,12,0,12
1765406849.290759,695,1,0,12,0,12
1765406849.307711,696,1,0,12,0,12
1765406849.324913,696,1,0,12,0,12
1765406849.341182,696,1,0,12,0,12
1765406849.357260,697,1,1,12,1,12
1765406849.373656,697,1,1,12,1,12
1765406849.390492,698,1,1,12,1,12
1765406849.407469,698,1,1,12,1,12
1765406849.424523,698,1,1,12,1,12
1765406849.441058,699,1,1,12,1,12
1765406849.457401,699,1,1,12,1,12
1765406849.473917,700,1,1,12,1,12
1765406849.489895,700,1,1,12,1,12
1765406849.506295,700,1,1,12,1,12
1765406849.522500,701,1,1,12,1,12
1765406849.539947,701,1,1,12,1,12
1765406849.556712,702,1,1,12,1,12
1765406849.573814,702,1,1,12,1,12
1765406849.591314,702,1,1,12,1,12
1765406849.607428,703,1,1,12,1,12
1765406849.624503,703,1,1,12,1,12
1765406849.642098,704,1,1,12,1,12
1765406849.658525,704,1,1,12,1,12
1765406849.675037,704,1,1,12,1,12
1765406849.691575,705,1,1,12,1,12
1765406849.708531,705,1,1,12,1,12
1765406849.725634,706,1,1,12,1,12
1765406849.742445,706,1,1,12,1,12
1765406849.759424,706,1,1,12,1,12
1765406849.776737,707,1,1,12,1,12
1765406849.793451,707,1,1,12,1,12
1765406849.811084,708,1,1,12,1,12
1765406849.827808,708,1,1,12,1,12
1765406849.843847,708,1,1,12,1,12
1765406849.860817,709,1,1,12,1,12
1765406849.876993,709,1,1,12,1,12
1765406849.893467,710,1,1,12,1,12
1765406849.910628,710,1,1,12,1,12
1765406849.927142,710,1,1,12,1,12
1765406849.942995,711,1,1,12,1,12
1765406849.958992,711,1,1,12,1,12
1765406849.976440,711,1,1,12,1,12
1765406849.994104,712,1,1,12,1,12
1765406850.009872,712,1,1,12,1,12
1765406850.026200,713,1,1,12,1,12
1765406850.042369,713,1,1,12,1,12
1765406850.058100,713,1,1,12,1,12
1765406850.074520,714,1,1,12,1,12
1765406850.091353,714,1,1,12,1,12
1765406850.107250,715,1,1,12,1,12
1765406850.123724,715,1,1,12,1,12
1765406850.140727,715,1,1,12,1,12
1765406850.157814,716,1,1,12,1,12
1765406850.173675,716,1,1,12,1,12
1765406850.190024,717,1,1,12,1,12
1765406850.206455,717,1,1,12,1,12
1765406850.224472,717,1,1,12,1,12
1765406850.240877,718,1,1,12,1,12
1765406850.257145,718,1,1,12,1,12
1765406850.273772,719,1,1,12,1,12
1765406850.290372,719,1,1,12,1,12
1765406850.306325,719,1,1,12,1,12
1765406850.322490,720,1,1,12,1,12
1765406850.339324,720,1,1,12,1,12
1765406850.354834,720,1,1,12,1,12
1765406850.371937,721,1,1,12,1,12
1765406850.388758,721,1,1,12,1,12
1765406850.405153,722,1,1,12,1,12
1765406850.422010,722,1,1,12,1,12
1765406850.438466,722,1,1,12,1,12
1765406850.455421,723,1,1,12,1,12
1765406850.471614,723,1,1,12,1,12
1765406850.489105,724,1,1,12,1,12
1765406850.506190,724,1,1,12,1,12
1765406850.523130,724,1,1,12,1,12
1765406850.539504,725,1,1,12,1,12
1765406850.556312,725,1,1,12,1,12
1765406850.572368,726,1,1,12,1,12
1765406850.589107,726,1,1,12,1,12
1765406850.605068,726,1,1,12,1,12
1765406850.621186,727,1,1,12,1,12
1765406850.637953,727,1,1,12,1,12
1765406850.653627,727,1,1,12,1,12
1765406850.670892,728,1,1,12,1,12
1765406850.686598,728,1,1,12,1,12
1765406850.703147,729,1,1,12,1,12
1765406850.719406,729,1,1,12,1,12
1765406850.736432,729,1,1,12,1,12
1765406850.753153,730,1,1,12,1,12
1765406850.769825,730,1,1,12,1,12
1765406850.786016,731,1,1,12,1,12
1765406850.802470,731,1,1,12,1,12
1765406850.819016,731,1,1,12,1,12
1765406850.835890,732,1,1,12,1,12
1765406850.852733,732,1,1,12,1,12
1765406850.869803,733,1,1,11,1,11
1765406850.886142,733,1,1,11,1,11
1765406850.902287,733,1,1,11,1,11
1765406850.917932,734,1,1,11,1,11
1765406850.933916,734,1,1,11,1,11
1765406850.950402,735,1,1,11,1,11
1765406850.967371,735,1,1,11,1,11
1765406850.983797,735,1,1,11,1,11
1765406851.000727,736,1,1,11,1,11
1765406851.017391,736,1,1,11,1,11
1765406851.034145,736,1,1,11,1,11
1765406851.049970,737,1,1,11,1,11
1765406851.066614,737,1,1,11,1,11
1765406851.083753,738,1,1,11,1,11
1765406851.100375,738,1,1,11,1,11
1765406851.117466,738,1,1,11,1,11
1765406851.134641,739,1,1,11,1,11
1765406851.151984,739,1,1,11,1,11
1765406851.168889,740,1,1,11,1,11
1765406851.185443,740,1,1,11,1,11
1765406851.202205,741,1,1,11,1,11
1765406851.219737,741,1,1,11,1,11
1765406851.236035,741,1,1,11,1,11
1765406851.252030,742,1,1,11,1,11
1765406851.267439,742,1,1,11,1,11
1765406851.285078,742,1,1,11,1,11
1765406851.300956,743,1,1,11,1,11
1765406851.318037,743,1,1,11,1,11
1765406851.334378,744,1,1,11,1,11
1765406851.350907,744,1,1,11,1,11
1765406851.368250,744,1,1,11,1,11
1765406851.384341,745,1,1,11,1,11
1765406851.400269,745,1,1,11,1,11
1765406851.416237,746,1,1,10,1,10
1765406851.432279,746,1,1,10,1,10
1765406851.448682,746,1,1,10,1,10
1765406851.465394,747,1,1,10,1,10
1765406851.482489,747,1,1,10,1,10
1765406851.498948,748,1,1,10,1,10
1765406851.515771,748,1,1,10,1,10
1765406851.533076,748,1,1,10,1,10
1765406851.549732,749,1,1,10,1,10
1765406851.566287,749,1,1,10,1,10
1765406851.582517,750,1,1,10,1,10
1765406851.599810,750,1,1,10,1,10
1765406851.615460,750,1,1,10,1,10
1765406851.632517,751,1,1,10,1,10
1765406851.649421,751,1,1,10,1,10
1765406851.666356,752,1,1,10,1,10
1765406851.682539,752,1,1,10,1,10
1765406851.699129,752,1,1,10,1,10
1765406851.715231,753,1,1,10,1,10
1765406851.732098,753,1,1,10,1,10
1765406851.748555,754,1,1,10,1,10
1765406851.766280,754,1,1,10,1,10
1765406851.782169,754,1,1,10,1,10
1765406851.798178,755,1,1,10,1,10
1765406851.813570,755,1,1,10,1,10
1765406851.830552,755,1,1,10,1,10
1765406851.847355,756,1,1,10,1,10
1765406851.863739,756,1,1,10,1,10
1765406851.879524,757,1,1,10,1,10
1765406851.896427,757,1,1,10,1,10
1765406851.913092,757,1,1,10,1,10
1765406851.928920,758,1,1,10,1,10
1765406851.945189,758,1,1,10,1,10
1765406851.961230,759,1,1,10,1,10
1765406851.976859,759,1,1,10,1,10
1765406851.994186,759,1,1,10,1,10
1765406852.010061,760,1,1,10,1,10
1765406852.026326,760,1,1,10,1,10
1765406852.042774,761,1,1,10,1,10
1765406852.059215,761,1,1,10,1,10
1765406852.076040,761,1,1,10,1,10
1765406852.093075,762,1,1,10,1,10
1765406852.109840,762,1,1,10,1,10
1765406852.126219,762,1,1,10,1,10
1765406852.142228,763,1,1,10,1,10
1765406852.158171,763,1,1,10,1,10
1765406852.174772,764,1,1,10,1,10
1765406852.191383,764,1,1,10,1,10
1765406852.208468,764,1,1,10,1,10
1765406852.226120,765,1,1,10,1,10
1765406852.243085,765,1,1,10,1,10
1765406852.259912,766,1,1,10,1,10
1765406852.276178,766,1,1,10,1,10
1765406852.292233,766,1,1,10,1,10
1765406852.307711,767,1,1,10,1,10
1765406852.323626,767,1,1,10,1,10
1765406852.340134,768,1,1,10,1,10
1765406852.356249,768,1,1,10,1,10
1765406852.381907,768,1,1,10,1,10
1765406852.513852,769,1,1,10,1,10
1765406852.549151,770,1,1,10,1,10
1765406852.566413,770,1,1,10,1,10
1765406852.583818,771,1,1,10,1,10
1765406852.600811,771,1,1,10,1,10
1765406852.618053,772,1,0,10,0,10
1765406852.634665,772,1,0,10,0,10
1765406852.650728,773,1,0,10,0,10
1765406852.667201,773,1,0,10,0,10
1765406852.683126,773,1,0,10,0,10
1765406852.699564,774,1,0,10,0,10
1765406852.716624,774,1,0,10,0,10
1765406852.733333,775,1,0,10,0,10
1765406852.749793,775,1,0,10,0,10
1765406852.766475,775,1,0,10,0,10
1765406852.783889,776,1,0,10,0,10
1765406852.800903,776,1,0,10,0,10
1765406852.817220,777,1,0,10,0,10
1765406852.832777,777,1,0,10,0,10
1765406852.849602,777,1,0,10,0,10
1765406852.867043,778,1,0,10,0,10
1765406852.883132,778,1,0,10,0,10
1765406852.898822,778,1,0,10,0,10
1765406852.916233,779,1,0,10,0,10
1765406852.932038,779,1,0,10,0,10
1765406852.948235,780,1,0,10,0,10
1765406852.964065,780,1,0,10,0,10
1765406852.979779,780,1,0,10,0,10
1765406852.996053,781,1,0,10,0,10
1765406853.011978,781,1,0,10,0,10
1765406853.039148,781,1,0,10,0,10
1765406853.055454,782,1,0,10,0,10
1765406853.073080,782,1,0,10,0,10
1765406853.089933,783,1,0,10,0,10
1765406853.106269,783,1,0,10,0,10
1765406853.123185,783,1,0,10,0,10
1765406853.139184,784,1,0,10,0,10
1765406853.156052,784,1,0,10,0,10
1765406853.172072,785,1,0,10,0,10
1765406853.188283,785,1,0,10,0,10
1765406853.204847,785,1,0,10,0,10
1765406853.220898,786,1,0,10,0,10
1765406853.236974,786,1,0,10,0,10
1765406853.253424,786,1,0,10,0,10
1765406853.270521,787,1,0,10,0,10
1765406853.287490,787,1,0,10,0,10
1765406853.304044,788,1,0,10,0,10
1765406853.320199,788,1,0,10,0,10
1765406853.336571,788,1,0,10,0,10
1765406853.354032,789,1,0,10,0,10
1765406853.370119,789,1,0,10,0,10
1765406853.386223,790,1,0,10,0,10
1765406853.401889,790,1,0,10,0,10
1765406853.418084,790,1,0,10,0,10
1765406853.434512,791,1,0,10,0,10
1765406853.452431,791,1,0,10,0,10
1765406853.469488,792,1,0,10,0,10
1765406853.486170,792,1,0,10,0,10
1765406853.503485,792,1,0,10,0,10
1765406853.520216,793,1,0,10,0,10
1765406853.535723,793,1,0,10,0,10
1765406853.552608,794,1,0,10,0,10
1765406853.569002,794,1,0,10,0,10
1765406853.585509,794,1,0,10,0,10
1765406853.602832,795,1,0,10,0,10
1765406853.620108,795,1,0,10,0,10
1765406853.637113,796,1,0,10,0,10
1765406853.652604,796,1,0,10,0,10
1765406853.669409,796,1,0,10,0,10
1765406853.686301,797,1,0,10,0,10
1765406853.702086,797,1,0,10,0,10
1765406853.719300,798,1,0,10,0,10
1765406853.734740,798,1,0,10,0,10
1765406853.750780,798,1,0,10,0,10
1765406853.767685,799,1,1,10,1,10
1765406853.785085,799,1,1,10,1,10
1765406853.801328,800,1,1,10,1,10
1765406853.817991,800,1,1,10,1,10
1765406853.834471,800,1,1,10,1,10
1765406853.851707,801,1,1,10,1,10
1765406853.878206,801,1,1,10,1,10
1765406853.898771,802,1,1,10,1,10
1765406853.915342,802,1,1,10,1,10
1765406853.933087,803,1,1,10,1,10
1765406853.948783,803,1,1,10,1,10
1765406853.966238,803,1,1,10,1,10
1765406853.983631,804,1,1,10,1,10
1765406854.001321,804,1,1,10,1,10
1765406854.016959,805,1,1,10,1,10
1765406854.032517,805,1,1,10,1,10
1765406854.048982,805,1,1,10,1,10
1765406854.066528,806,1,1,10,1,10
1765406854.084084,806,1,1,10,1,10
1765406854.099952,807,1,2,10,2,10
1765406854.115681,807,1,2,10,2,10
1765406854.133114,807,1,2,10,2,10
1765406854.149980,808,1,2,10,2,10
1765406854.166611,808,1,2,10,2,10
1765406854.183445,809,1,2,10,2,10
1765406854.200083,809,1,2,10,2,10
1765406854.216342,809,1,2,10,2,10
1765406854.232775,810,1,2,10,2,10
1765406854.250252,810,1,2,10,2,10
1765406854.266538,811,1,2,10,2,10
1765406854.283099,811,1,2,10,2,10
1765406854.299869,811,1,2,10,2,10
1765406854.316672,812,1,2,10,2,10
1765406854.333028,812,1,2,10,2,10
1765406854.349890,812,1,2,10,2,10
1765406854.366285,813,1,2,10,2,10
1765406854.383226,813,1,2,10,2,10
1765406854.399291,814,1,2,10,2,10
1765406854.415387,814,1,2,10,2,10
1765406854.433050,814,1,2,10,2,10
1765406854.449953,815,1,2,10,2,10
1765406854.466558,815,1,2,10,2,10
1765406854.483855,816,1,2,10,2,10
1765406854.500489,816,1,2,10,2,10
1765406854.518364,816,1,2,10,2,10
1765406854.533873,817,1,2,10,2,10
1765406854.550388,817,1,2,10,2,10
1765406854.567380,818,1,2,10,2,10
1765406854.582690,818,1,2,10,2,10
1765406854.598925,818,1,2,10,2,10
1765406854.616323,819,1,2,10,2,10
1765406854.631986,819,1,2,10,2,10
1765406854.649167,820,1,2,10,2,10
1765406854.664499,820,1,2,10,2,10
1765406854.682569,820,1,2,10,2,10
1765406854.699699,821,1,2,10,2,10
1765406854.716536,821,1,2,10,2,10
1765406854.734125,822,1,2,10,2,10
1765406854.750544,822,1,2,10,2,10
1765406854.767155,822,1,2,10,2,10
1765406854.783413,823,1,2,10,2,10
1765406854.800354,823,1,2,10,2,10
1765406854.816258,823,1,2,10,2,10
1765406854.832053,824,1,2,10,2,10
1765406854.848318,824,1,2,10,2,10
1765406854.865638,825,1,2,10,2,10
1765406854.882785,825,1,2,10,2,10
1765406854.899829,825,1,2,10,2,10
1765406854.916255,826,1,2,10,2,10
1765406854.932374,826,1,2,10,2,10
1765406854.949176,827,1,2,10,2,10
1765406854.966489,827,1,2,10,2,10
1765406854.983287,827,1,2,10,2,10
1765406854.999680,828,1,2,10,2,10
1765406855.016415,828,1,2,10,2,10
1765406855.033299,829,1,2,10,2,10
1765406855.049341,829,1,2,10,2,10
1765406855.066352,829,1,2,10,2,10
1765406855.084082,830,1,3,10,3,10
1765406855.100914,830,1,3,10,3,10
1765406855.118408,831,1,3,10,3,10
1765406855.134788,831,1,3,10,3,10
1765406855.150909,831,1,3,10,3,10
1765406855.167674,832,1,3,10,3,10
1765406855.183944,832,1,3,10,3,10
1765406855.199813,832,1,3,10,3,10
1765406855.216501,833,1,3,10,3,10
1765406855.234044,833,1,3,10,3,10
1765406855.249725,834,1,3,10,3,10
1765406855.266328,834,1,3,10,3,10
1765406855.283213,834,1,3,10,3,10
1765406855.299319,835,1,3,10,3,10
1765406855.315412,835,1,3,10,3,10
1765406855.332549,836,1,3,10,3,10
1765406855.349203,836,1,3,10,3,10
1765406855.364814,836,1,3,10,3,10
1765406855.381053,837,1,3,10,3,10
1765406855.396574,837,1,3,10,3,10
1765406855.413756,838,1,3,10,3,10
1765406855.430809,838,1,3,10,3,10
1765406855.447857,838,1,3,10,3,10
1765406855.464654,839,1,3,10,3,10
1765406855.481480,839,1,3,10,3,10
1765406855.498289,840,1,3,10,3,10
1765406855.516133,840,1,3,10,3,10
1765406855.532419,840,1,3,10,3,10
1765406855.548689,841,1,3,10,3,10
1765406855.566446,841,1,3,10,3,10
1765406855.583843,842,1,3,10,3,10
1765406855.600776,842,1,3,10,3,10
1765406855.617560,842,1,3,10,3,10
1765406855.634409,843,1,3,10,3,10
1765406855.651845,843,1,3,10,3,10
1765406855.668872,844,1,3,10,3,10
1765406855.684719,844,1,3,10,3,10
1765406855.701024,844,1,3,10,3,10
1765406855.717989,845,1,3,9,3,9
1765406855.734154,845,1,3,9,3,9
1765406855.751070,846,1,3,9,3,9
1765406855.767206,846,1,3,9,3,9
1765406855.784374,846,1,3,9,3,9
1765406855.800467,847,1,3,9,3,9
1765406855.817562,847,1,3,9,3,9
1765406855.835134,848,1,3,9,3,9
1765406855.851103,848,1,3,9,3,9
1765406855.867549,848,1,3,9,3,9
1765406855.884337,849,1,3,9,3,9
1765406855.900133,849,1,3,9,3,9
1765406855.917531,850,1,3,9,3,9
1765406855.934659,850,1,3,9,3,9
1765406855.951439,850,1,3,9,3,9
1765406855.968603,851,1,3,9,3,9
1765406855.985422,851,1,3,9,3,9
1765406856.002184,852,1,3,9,3,9
1765406856.018465,852,1,3,9,3,9
1765406856.034857,852,1,3,9,3,9
1765406856.051051,853,1,3,9,3,9
1765406856.068640,853,1,3,9,3,9
1765406856.085093,854,1,3,9,3,9
1765406856.102248,854,1,3,9,3,9
1765406856.118001,854,1,3,9,3,9
1765406856.134814,855,1,3,9,3,9
1765406856.151943,855,1,3,9,3,9
1765406856.168755,855,1,3,9,3,9
1765406856.185622,856,1,3,9,3,9
1765406856.202403,856,1,3,9,3,9
1765406856.220046,857,1,3,9,3,9
1765406856.236357,857,1,3,9,3,9
1765406856.252686,857,1,3,9,3,9
1765406856.269672,858,1,2,9,2,9
1765406856.287504,858,1,2,9,2,9
1765406856.303988,859,1,2,9,2,9
1765406856.319785,859,1,2,9,2,9
1765406856.336300,859,1,2,9,2,9
1765406856.352706,860,1,2,9,2,9
1765406856.370354,860,1,2,9,2,9
1765406856.386320,861,1,2,9,2,9
1765406856.401766,861,1,2,9,2,9
1765406856.418799,861,1,2,9,2,9
1765406856.435026,862,1,2,9,2,9
1765406856.450453,862,1,2,9,2,9
1765406856.467189,863,1,2,9,2,9
1765406856.483643,863,1,2,9,2,9
1765406856.500947,863,1,2,9,2,9
1765406856.517114,864,1,2,9,2,9
1765406856.534241,864,1,2,9,2,9
1765406856.549731,865,1,2,9,2,9
1765406856.566536,865,1,2,9,2,9
1765406856.584036,865,1,2,9,2,9
1765406856.600587,866,1,2,9,2,9
1765406856.617481,866,1,2,9,2,9
1765406856.634170,867,1,2,9,2,9
1765406856.649510,867,1,2,9,2,9
1765406856.667555,867,1,2,9,2,9
1765406856.684520,868,1,1,9,1,9
1765406856.701937,868,1,1,9,1,9
1765406856.718459,868,1,1,9,1,9
1765406856.735802,869,1,1,9,1,9
1765406856.753084,869,1,1,9,1,9
1765406856.770111,870,1,1,9,1,9
1765406856.786548,870,1,1,9,1,9
1765406856.802575,870,1,1,9,1,9
1765406856.819840,871,1,1,9,1,9
1765406856.836385,871,1,1,9,1,9
1765406856.852787,872,1,1,9,1,9
1765406856.868903,872,1,1,9,1,9
1765406856.885158,872,1,1,9,1,9
1765406856.901401,873,1,1,9,1,9
1765406856.918518,873,1,1,9,1,9
1765406856.936224,874,1,1,9,1,9
1765406856.952530,874,1,1,9,1,9
1765406856.970332,874,1,1,9,1,9
1765406856.986138,875,1,1,9,1,9
1765406857.002355,875,1,1,9,1,9
1765406857.017890,876,1,1,9,1,9
1765406857.034380,876,1,1,9,1,9
1765406857.051084,876,1,1,9,1,9
1765406857.067638,877,1,1,9,1,9
1765406857.084701,877,1,1,9,1,9
1765406857.101620,878,1,1,9,1,9
1765406857.118325,878,1,1,9,1,9
1765406857.134753,878,1,1,9,1,9
1765406857.151635,879,1,1,9,1,9
1765406857.169242,879,1,1,9,1,9
1765406857.184946,880,1,1,9,1,9
1765406857.201679,880,1,1,9,1,9
1765406857.219602,880,1,1,9,1,9
1765406857.236217,881,1,1,9,1,9
1765406857.252379,881,1,1,9,1,9
1765406857.268105,882,1,2,9,2,9
1765406857.283982,882,1,2,9,2,9
1765406857.300802,882,1,2,9,2,9
1765406857.316528,883,1,2,9,2,9
1765406857.334430,883,1,2,9,2,9
1765406857.352150,884,1,2,9,2,9
1765406857.368926,884,1,2,9,2,9
1765406857.386045,884,1,2,9,2,9
1765406857.402635,885,1,2,9,2,9
1765406857.419412,885,1,2,9,2,9
1765406857.436488,886,1,2,9,2,9
1765406857.453476,886,1,2,9,2,9
1765406857.470168,886,1,2,9,2,9
1765406857.486213,887,1,2,9,2,9
1765406857.501729,887,1,2,9,2,9
1765406857.518258,887,1,2,9,2,9
1765406857.534700,888,1,2,9,2,9
1765406857.550957,888,1,2,9,2,9
1765406857.567789,889,1,2,9,2,9
1765406857.584648,889,1,2,9,2,9
1765406857.601855,889,1,2,9,2,9
1765406857.618533,890,1,2,9,2,9
1765406857.635869,890,1,2,9,2,9
1765406857.651615,891,1,2,9,2,9
1765406857.669592,891,1,2,9,2,9
1765406857.686223,891,1,2,9,2,9
1765406857.702645,892,1,2,9,2,9
1765406857.719742,892,1,2,9,2,9
1765406857.737032,893,1,2,9,2,9
1765406857.753483,893,1,2,9,2,9
1765406857.770061,893,1,2,9,2,9
1765406857.786601,894,1,2,9,2,9
1765406857.803556,894,1,2,9,2,9
1765406857.820536,895,1,2,9,2,9
1765406857.837837,895,1,2,9,2,9
1765406857.854704,895,1,2,9,2,9
1765406857.871222,896,1,2,9,2,9
1765406857.887546,896,1,2,9,2,9
1765406857.904453,897,1,1,9,1,9
1765406857.921251,897,1,1,9,1,9
1765406857.937592,897,1,1,9,1,9
1765406857.954624,898,1,1,9,1,9
1765406857.970968,898,1,1,9,1,9
1765406857.987257,899,1,1,9,1,9
1765406858.003644,899,1,1,9,1,9
1765406858.020822,899,1,1,9,1,9
1765406858.036956,900,1,1,9,1,9
1765406858.053900,900,1,1,9,1,9
1765406858.070559,901,1,1,9,1,9
1765406858.087770,901,1,1,9,1,9
1765406858.103508,901,1,1,9,1,9
1765406858.120764,902,1,1,9,1,9
1765406858.137527,902,1,1,9,1,9
1765406858.154404,903,1,1,9,1,9
1765406858.171230,903,1,1,9,1,9
1765406858.186977,903,1,1,9,1,9
1765406858.203541,904,1,1,9,1,9
1765406858.220811,904,1,1,9,1,9
1765406858.238370,905,1,1,9,1,9
1765406858.255245,905,1,1,9,1,9
1765406858.271797,905,1,1,9,1,9
1765406858.288730,906,1,1,9,1,9
1765406858.304969,906,1,1,9,1,9
1765406858.321529,907,1,1,9,1,9
1765406858.338194,907,1,1,9,1,9
1765406858.354834,907,1,1,9,1,9
1765406858.371290,908,1,1,9,1,9
1765406858.387576,908,1,1,9,1,9
1765406858.405301,909,1,1,9,1,9
1765406858.422344,909,1,1,9,1,9
1765406858.438200,909,1,1,9,1,9
1765406858.454559,910,1,1,9,1,9
1765406858.471383,910,1,1,9,1,9
1765406858.487726,910,1,1,9,1,9
1765406858.504045,911,1,1,9,1,9
1765406858.519946,911,1,1,9,1,9
1765406858.536648,912,1,1,9,1,9
1765406858.553518,912,1,1,9,1,9
1765406858.569768,912,1,1,9,1,9
1765406858.586195,913,1,1,9,1,9
1765406858.602657,913,1,1,9,1,9
1765406858.618539,914,1,2,9,2,9
1765406858.635941,914,1,2,9,2,9
1765406858.651749,914,1,2,9,2,9
1765406858.668261,915,1,2,9,2,9
1765406858.683996,915,1,2,9,2,9
1765406858.700649,916,1,2,9,2,9
1765406858.716537,916,1,2,9,2,9
1765406858.733658,916,1,2,9,2,9
1765406858.750509,917,1,2,9,2,9
1765406858.767311,917,1,2,9,2,9
1765406858.783947,918,1,2,9,2,9
1765406858.800588,918,1,2,9,2,9
1765406858.817134,918,1,2,9,2,9
1765406858.834008,919,1,2,9,2,9
1765406858.850628,919,1,2,9,2,9
1765406858.867665,920,1,2,9,2,9
1765406858.884198,920,1,2,9,2,9
1765406858.900918,920,1,2,9,2,9
1765406858.917563,921,1,2,9,2,9
1765406858.934336,921,1,2,9,2,9
1765406858.950343,921,1,2,9,2,9
1765406858.966511,922,1,2,9,2,9
1765406858.983267,922,1,2,9,2,9
1765406858.998879,923,1,2,9,2,9
1765406859.014810,923,1,2,9,2,9
1765406859.031919,923,1,2,9,2,9
1765406859.048853,924,1,2,9,2,9
1765406859.064905,924,1,2,9,2,9
1765406859.081532,925,1,3,9,3,9
1765406859.099425,925,1,3,9,3,9
1765406859.116670,925,1,3,9,3,9
1765406859.134550,926,1,3,9,3,9
1765406859.152194,926,1,3,9,3,9
1765406859.167717,927,1,3,9,3,9
1765406859.184364,927,1,3,9,3,9
1765406859.201069,927,1,3,9,3,9
1765406859.217403,928,1,3,9,3,9
1765406859.234984,928,1,3,9,3,9
1765406859.251653,929,1,3,9,3,9
1765406859.268770,929,1,3,9,3,9
1765406859.285565,929,1,3,9,3,9
1765406859.301903,930,1,3,9,3,9
1765406859.319261,930,1,3,9,3,9
1765406859.336623,931,1,3,9,3,9
1765406859.353434,931,1,3,9,3,9
1765406859.369940,931,1,3,9,3,9
1765406859.386925,932,1,3,9,3,9
1765406859.403579,932,1,3,9,3,9
1765406859.421296,933,1,3,9,3,9
1765406859.437434,933,1,3,9,3,9
1765406859.453640,933,1,3,9,3,9
1765406859.470028,934,1,3,9,3,9
1765406859.487830,934,1,3,9,3,9
1765406859.504919,935,1,3,9,3,9
1765406859.521553,935,1,3,9,3,9
1765406859.538662,935,1,3,9,3,9
1765406859.555187,936,1,3,9,3,9
1765406859.571421,936,1,3,9,3,9
1765406859.588598,937,1,3,9,3,9
1765406859.605147,937,1,3,9,3,9
1765406859.621590,937,1,3,9,3,9
1765406859.638994,938,1,3,9,3,9
1765406859.656628,938,1,3,9,3,9
1765406859.673140,939,1,3,9,3,9
1765406859.688560,939,1,3,9,3,9
1765406859.706298,939,1,3,9,3,9
1765406859.722226,940,1,3,9,3,9
1765406859.738154,940,1,3,9,3,9
1765406859.754402,941,1,3,9,3,9
1765406859.771630,941,1,3,9,3,9
1765406859.788738,941,1,3,9,3,9
1765406859.806217,942,1,3,9,3,9
1765406859.822367,942,1,3,9,3,9
1765406859.838153,943,1,3,9,3,9
1765406859.854060,943,1,3,9,3,9
1765406859.869932,943,1,3,9,3,9
1765406859.886336,944,1,3,9,3,9
1765406859.902737,944,1,3,9,3,9
1765406859.918563,944,1,3,9,3,9
1765406859.935381,945,1,3,9,3,9
1765406859.951501,945,1,3,9,3,9
1765406859.969248,946,1,3,9,3,9
1765406859.985365,946,1,3,9,3,9
1765406860.001901,946,1,3,9,3,9
1765406860.017576,947,1,3,9,3,9
1765406860.034300,947,1,3,9,3,9
1765406860.050682,948,1,3,9,3,9
1765406860.068170,948,1,3,9,3,9
1765406860.083776,948,1,3,9,3,9
1765406860.100475,949,1,3,9,3,9
1765406860.118300,949,1,3,9,3,9
1765406860.134316,950,1,3,9,3,9
1765406860.150642,950,1,3,9,3,9
1765406860.167353,950,1,3,9,3,9
1765406860.184158,951,1,3,9,3,9
1765406860.200309,951,1,3,9,3,9
1765406860.217442,952,1,3,9,3,9
1765406860.234540,952,1,3,9,3,9
1765406860.251191,952,1,3,9,3,9
1765406860.267315,953,1,3,9,3,9
1765406860.283358,953,1,3,9,3,9
1765406860.299489,953,1,3,9,3,9
1765406860.316870,954,1,3,10,3,10
1765406860.333388,954,1,3,10,3,10
1765406860.349783,955,1,3,10,3,10
1765406860.366101,955,1,3,10,3,10
1765406860.383757,955,1,3,10,3,10
1765406860.400384,956,1,3,10,3,10
1765406860.418132,956,1,3,10,3,10
1765406860.435001,957,1,3,10,3,10
1765406860.452121,957,1,3,10,3,10
1765406860.468878,957,1,3,10,3,10
1765406860.485544,958,1,3,10,3,10
1765406860.502776,958,1,3,10,3,10
1765406860.519841,959,1,3,10,3,10
1765406860.536394,959,1,3,10,3,10
1765406860.552553,959,1,3,10,3,10
1765406860.569537,960,1,3,10,3,10
1765406860.587244,960,1,3,10,3,10
1765406860.603670,961,1,3,10,3,10
1765406860.620882,961,1,3,10,3,10
1765406860.638118,961,1,3,10,3,10
1765406860.654990,962,1,3,10,3,10
1765406860.671521,962,1,3,10,3,10
1765406860.688887,963,1,3,10,3,10
1765406860.704991,963,1,3,10,3,10
1765406860.722067,963,1,3,10,3,10
1765406860.738853,964,1,3,10,3,10
1765406860.754846,964,1,3,10,3,10
1765406860.771425,965,1,3,10,3,10
1765406860.788151,965,1,3,10,3,10
1765406860.805127,965,1,3,10,3,10
1765406860.821049,966,1,3,10,3,10
1765406860.837443,966,1,3,10,3,10
1765406860.854615,967,1,3,10,3,10
1765406860.870628,967,1,3,10,3,10
1765406860.887503,967,1,3,10,3,10
1765406860.904105,968,1,3,10,3,10
1765406860.920307,968,1,3,10,3,10
1765406860.936516,969,1,3,10,3,10
1765406860.953558,969,1,3,10,3,10
1765406860.970631,969,1,3,10,3,10
1765406860.987427,970,1,3,10,3,10
1765406861.004195,970,1,3,10,3,10
1765406861.021377,971,1,2,10,2,10
1765406861.038340,971,1,2,10,2,10
1765406861.054291,971,1,2,10,2,10
1765406861.070694,972,1,2,10,2,10
1765406861.087778,972,1,2,10,2,10
1765406861.104288,973,1,2,10,2,10
1765406861.120095,973,1,2,10,2,10
1765406861.136796,973,1,2,10,2,10
1765406861.153366,974,1,2,10,2,10
1765406861.169516,974,1,2,10,2,10
1765406861.186284,974,1,2,10,2,10
1765406861.202638,975,1,2,10,2,10
1765406861.218899,975,1,2,10,2,10
1765406861.235758,976,1,2,10,2,10
1765406861.252666,976,1,2,10,2,10
1765406861.269266,976,1,2,10,2,10
1765406861.285333,977,1,2,10,2,10
1765406861.302360,977,1,2,10,2,10
1765406861.319805,978,1,2,10,2,10
1765406861.336672,978,1,2,10,2,10
1765406861.353591,978,1,2,10,2,10
1765406861.369838,979,1,2,10,2,10
1765406861.386225,979,1,2,10,2,10
1765406861.402075,980,1,2,10,2,10
1765406861.418404,980,1,2,10,2,10
1765406861.435609,980,1,2,10,2,10
1765406861.452398,981,1,2,10,2,10
1765406861.469341,981,1,2,10,2,10
1765406861.485270,982,1,2,10,2,10
1765406861.501112,982,1,2,10,2,10
1765406861.517640,982,1,2,10,2,10
1765406861.535694,983,1,2,10,2,10
1765406861.552509,983,1,2,10,2,10
1765406861.569663,984,1,2,10,2,10
1765406861.587450,984,1,2,10,2,10
1765406861.604970,984,1,2,10,2,10
1765406861.621304,985,1,2,10,2,10
1765406861.637772,985,1,2,10,2,10
1765406861.653958,986,1,2,11,2,11
1765406861.672264,986,1,2,11,2,11
1765406861.688419,986,1,2,11,2,11
1765406861.705411,987,1,2,11,2,11
1765406861.722993,987,1,2,11,2,11
1765406861.739408,988,1,2,11,2,11
1765406861.756368,988,1,2,11,2,11
1765406861.772949,988,1,2,11,2,11
1765406861.788885,989,1,2,11,2,11
1765406861.806339,989,1,2,11,2,11
1765406861.821913,990,1,2,11,2,11
1765406861.838201,990,1,2,11,2,11
1765406861.854134,990,1,2,11,2,11
1765406861.870776,991,1,2,11,2,11
1765406861.887813,991,1,2,11,2,11
1765406861.904444,992,1,2,11,2,11
1765406861.921568,992,1,2,11,2,11
1765406861.938736,992,1,2,11,2,11
1765406861.955987,993,1,2,11,2,11
1765406861.973114,993,1,2,11,2,11
1765406861.988749,994,1,2,11,2,11
1765406862.005098,994,1,2,11,2,11
1765406862.021101,994,1,2,11,2,11
1765406862.036986,995,1,2,11,2,11
1765406862.053059,995,1,2,11,2,11
1765406862.070215,995,1,2,11,2,11
1765406862.086719,996,1,2,11,2,11
1765406862.102939,996,1,2,11,2,11
1765406862.118725,997,1,2,11,2,11
1765406862.135605,997,1,2,11,2,11
1765406862.152463,997,1,2,11,2,11
1765406862.169271,998,1,2,11,2,11
1765406862.184829,998,1,2,11,2,11
1765406862.201217,999,1,2,11,2,11
1765406862.217494,999,1,2,11,2,11
1765406862.235200,999,1,2,11,2,11
1765406862.251738,1000,1,2,11,2,11
1765406862.268343,1000,1,2,11,2,11
1765406862.284850,1000,1,2,11,2,11
1765406862.301789,1001,1,2,11,2,11
1765406862.318089,1001,1,2,11,2,11
1765406862.334858,1002,1,2,11,2,11
1765406862.351290,1002,1,2,11,2,11
1765406862.367724,1002,1,2,11,2,11
1765406862.383749,1003,1,2,11,2,11
1765406862.401512,1003,1,2,11,2,11
1765406862.419172,1004,1,2,11,2,11
1765406862.435217,1004,1,2,11,2,11
1765406862.451850,1004,1,2,11,2,11
1765406862.468503,1005,1,2,11,2,11
1765406862.485015,1005,1,2,11,2,11
1765406862.501128,1006,1,2,11,2,11
1765406862.517095,1006,1,2,11,2,11
1765406862.532429,1006,1,2,11,2,11
1765406862.549370,1007,1,2,11,2,11
1765406862.565497,1007,1,2,11,2,11
1765406862.582464,1008,1,2,11,2,11
1765406862.599754,1008,1,2,11,2,11
1765406862.615917,1008,1,2,11,2,11
1765406862.631995,1009,1,2,11,2,11
1765406862.649384,1009,1,2,11,2,11
1765406862.666233,1010,1,2,11,2,11
1765406862.683566,1010,1,2,11,2,11
1765406862.700619,1010,1,2,11,2,11
1765406862.717596,1011,1,2,11,2,11
1765406862.734116,1011,1,2,11,2,11
1765406862.750337,1011,1,2,11,2,11
1765406862.766997,1012,1,2,11,2,11
1765406862.783663,1012,1,2,11,2,11
1765406862.800436,1013,1,2,11,2,11
1765406862.817647,1013,1,2,11,2,11
1765406862.833477,1013,1,2,11,2,11
1765406862.849959,1014,1,2,11,2,11
1765406862.867064,1014,1,2,11,2,11
1765406862.883003,1015,1,2,11,2,11
1765406862.899265,1015,1,2,11,2,11
1765406862.915483,1015,1,2,11,2,11
1765406862.933305,1016,1,2,11,2,11
1765406862.949735,1016,1,2,11,2,11
1765406862.966778,1017,1,2,11,2,11
1765406862.983469,1017,1,2,11,2,11
1765406863.000793,1017,1,2,11,2,11
1765406863.017435,1018,1,2,11,2,11
1765406863.034636,1018,1,2,11,2,11
1765406863.051754,1019,1,2,11,2,11
1765406863.068545,1019,1,2,11,2,11
1765406863.085261,1019,1,2,11,2,11
1765406863.101451,1020,1,2,11,2,11
1765406863.117661,1020,1,2,11,2,11
1765406863.133720,1021,1,2,11,2,11
1765406863.149637,1021,1,2,11,2,11
1765406863.166588,1021,1,2,11,2,11
1765406863.183616,1022,1,2,10,2,10
1765406863.200751,1022,1,2,10,2,10
1765406863.217430,1023,1,2,10,2,10
1765406863.234002,1023,1,2,10,2,10
1765406863.251113,1023,1,2,10,2,10
1765406863.267439,1024,1,2,10,2,10
1765406863.285080,1024,1,2,10,2,10
1765406863.300842,1025,1,2,10,2,10
1765406863.318291,1025,1,2,10,2,10
1765406863.334771,1025,1,2,10,2,10
1765406863.350868,1026,1,2,10,2,10
1765406863.367276,1026,1,2,10,2,10
1765406863.384389,1027,1,2,10,2,10
1765406863.401355,1027,1,2,10,2,10
1765406863.417120,1027,1,2,10,2,10
1765406863.434276,1028,1,2,10,2,10
1765406863.449902,1028,1,2,10,2,10
1765406863.466659,1028,1,2,10,2,10
1765406863.483301,1029,1,2,10,2,10
1765406863.499862,1029,1,2,10,2,10
1765406863.516577,1030,1,2,10,2,10
1765406863.533463,1030,1,2,10,2,10
1765406863.549827,1030,1,2,10,2,10
1765406863.566898,1031,1,2,10,2,10
1765406863.583670,1031,1,2,10,2,10
1765406863.600258,1032,1,2,10,2,10
1765406863.616952,1032,1,2,10,2,10
1765406863.633738,1032,1,2,10,2,10
1765406863.650275,1033,1,2,10,2,10
1765406863.666229,1033,1,2,10,2,10
1765406863.683029,1034,1,2,10,2,10
1765406863.698616,1034,1,2,10,2,10
1765406863.715289,1034,1,2,10,2,10
1765406863.730852,1035,1,2,10,2,10
1765406863.746714,1035,1,2,10,2,10
1765406863.762863,1036,1,2,10,2,10
1765406863.778873,1036,1,2,10,2,10
1765406863.795669,1036,1,2,10,2,10
1765406863.813449,1037,1,2,10,2,10
1765406863.830633,1037,1,2,10,2,10
1765406863.846555,1038,1,2,10,2,10
1765406863.863181,1038,1,2,10,2,10
1765406863.879761,1038,1,2,10,2,10
1765406863.896662,1039,1,3,10,3,10
1765406863.913669,1039,1,3,10,3,10
1765406863.930818,1040,1,3,10,3,10
1765406863.947754,1040,1,3,10,3,10
1765406863.965108,1040,1,3,10,3,10
1765406863.980574,1041,1,3,10,3,10
1765406863.997109,1041,1,3,10,3,10
1765406864.013138,1041,1,3,10,3,10
1765406864.029816,1042,1,3,10,3,10
1765406864.046882,1042,1,3,10,3,10
1765406864.063658,1043,1,3,10,3,10
1765406864.080447,1043,1,3,10,3,10
1765406864.096857,1043,1,3,10,3,10
1765406864.113093,1044,1,3,10,3,10
1765406864.129612,1044,1,3,10,3,10
1765406864.146638,1045,1,3,10,3,10
1765406864.164165,1045,1,3,10,3,10
1765406864.180039,1045,1,3,10,3,10
1765406864.197101,1046,1,3,10,3,10
1765406864.213937,1046,1,3,10,3,10
1765406864.229832,1047,1,3,10,3,10
1765406864.247112,1047,1,3,10,3,10
1765406864.263914,1047,1,3,10,3,10
1765406864.280927,1048,1,3,10,3,10
1765406864.297468,1048,1,3,10,3,10
1765406864.314504,1049,1,3,10,3,10
1765406864.331505,1049,1,3,10,3,10
1765406864.347562,1049,1,3,10,3,10
1765406864.364776,1050,1,3,10,3,10
1765406864.381026,1050,1,3,10,3,10
1765406864.397111,1051,1,3,10,3,10
1765406864.414681,1051,1,3,10,3,10
1765406864.431349,1051,1,3,10,3,10
1765406864.447409,1052,1,3,10,3,10
1765406864.464783,1052,1,3,10,3,10
1765406864.481666,1053,1,3,10,3,10
1765406864.498316,1053,1,3,10,3,10
1765406864.515534,1053,1,3,10,3,10
1765406864.532122,1054,1,3,10,3,10
1765406864.548830,1054,1,3,10,3,10
1765406864.565339,1055,1,3,10,3,10
1765406864.580749,1055,1,3,10,3,10
1765406864.597421,1055,1,3,10,3,10
1765406864.613946,1056,1,3,10,3,10
1765406864.630524,1056,1,3,10,3,10
1765406864.646875,1056,1,3,10,3,10
1765406864.663251,1057,1,2,10,2,10
1765406864.679132,1057,1,2,10,2,10
1765406864.695533,1058,1,2,10,2,10
1765406864.712532,1058,1,2,10,2,10
1765406864.728533,1058,1,2,10,2,10
1765406864.745075,1059,1,2,10,2,10
1765406864.761583,1059,1,2,10,2,10
1765406864.778665,1060,1,2,10,2,10
1765406864.795978,1060,1,2,10,2,10
1765406864.812191,1060,1,2,10,2,10
1765406864.828057,1061,1,2,10,2,10
1765406864.844429,1061,1,2,10,2,10
1765406864.861287,1062,1,2,10,2,10
1765406864.876582,1062,1,2,10,2,10
1765406864.893153,1062,1,2,10,2,10
1765406864.909515,1063,1,2,10,2,10
1765406864.927815,1063,1,2,10,2,10
1765406864.944367,1064,1,2,10,2,10
1765406864.960009,1064,1,2,10,2,10
1765406864.976469,1064,1,2,10,2,10
1765406864.993378,1065,1,2,10,2,10
1765406865.010999,1065,1,2,10,2,10
1765406865.028232,1066,1,2,10,2,10
1765406865.045154,1066,1,2,10,2,10
1765406865.061140,1066,1,2,10,2,10
1765406865.076992,1067,1,2,10,2,10
1765406865.092912,1067,1,2,10,2,10
1765406865.116509,1067,1,2,10,2,10
1765406865.143440,1067,1,2,10,2,10
1765406865.162574,1068,1,2,10,2,10
1765406865.192675,1068,1,2,10,2,10
1765406865.209062,1069,1,2,10,2,10
1765406865.224721,1069,1,2,10,2,10
1765406865.242584,1070,1,2,10,2,10
1765406865.258747,1070,1,2,10,2,10
1765406865.275248,1070,1,2,10,2,10
1765406865.291870,1071,1,2,10,2,10
1765406865.309002,1071,1,2,10,2,10
1765406865.326350,1072,1,2,10,2,10
1765406865.342922,1072,1,2,10,2,10
1765406865.360064,1072,1,2,10,2,10
1765406865.375623,1073,1,2,10,2,10
1765406865.393247,1073,1,2,10,2,10
1765406865.410170,1074,1,2,10,2,10
1765406865.426728,1074,1,2,10,2,10
1765406865.443668,1074,1,2,10,2,10
1765406865.460340,1075,1,2,10,2,10
1765406865.476501,1075,1,2,10,2,10
1765406865.494836,1076,1,2,10,2,10
1765406865.511571,1076,1,2,10,2,10
1765406865.528414,1076,1,2,10,2,10
1765406865.545499,1077,1,2,10,2,10
1765406865.562516,1077,1,2,10,2,10
1765406865.579666,1078,1,2,10,2,10
1765406865.596425,1078,1,2,10,2,10
1765406865.613945,1078,1,2,10,2,10
1765406865.630773,1079,1,2,10,2,10
1765406865.647621,1079,1,2,10,2,10
1765406865.664846,1080,1,2,10,2,10
1765406865.681235,1080,1,2,10,2,10
1765406865.697206,1080,1,2,10,2,10
1765406865.712515,1081,1,2,10,2,10
1765406865.729410,1081,1,2,10,2,10
1765406865.745857,1082,1,2,10,2,10
1765406865.762538,1082,1,2,10,2,10
1765406865.780178,1082,1,2,10,2,10
1765406865.796515,1083,1,1,10,1,10
1765406865.813468,1083,1,1,10,1,10
1765406865.830424,1084,1,1,10,1,10
1765406865.847544,1084,1,1,10,1,10
1765406865.864036,1084,1,1,10,1,10
1765406865.880584,1085,1,1,10,1,10
1765406865.897437,1085,1,1,10,1,10
1765406865.914140,1086,1,1,10,1,10
1765406865.930666,1086,1,1,10,1,10
1765406865.947597,1086,1,1,10,1,10
1765406865.963912,1087,1,1,10,1,10
1765406865.980144,1087,1,1,10,1,10
1765406865.997473,1088,1,1,10,1,10
1765406866.014980,1088,1,1,10,1,10
1765406866.031571,1088,1,1,10,1,10
1765406866.048892,1089,1,1,10,1,10
1765406866.066380,1089,1,1,10,1,10
1765406866.083572,1090,1,1,10,1,10
1765406866.100149,1090,1,1,10,1,10
1765406866.115663,1090,1,1,10,1,10
1765406866.133217,1091,1,1,10,1,10
1765406866.149514,1091,1,1,10,1,10
1765406866.167053,1092,1,1,10,1,10
1765406866.183231,1092,1,1,10,1,10
1765406866.199471,1092,1,1,10,1,10
1765406866.216542,1093,1,1,10,1,10
1765406866.233748,1093,1,1,10,1,10
1765406866.250784,1094,1,1,10,1,10
1765406866.267892,1094,1,1,10,1,10
1765406866.284584,1094,1,1,10,1,10
1765406866.301914,1095,1,1,10,1,10
1765406866.318690,1095,1,1,10,1,10
1765406866.335076,1096,1,1,10,1,10
1765406866.352363,1096,1,1,10,1,10
1765406866.367954,1096,1,1,10,1,10
1765406866.384428,1097,1,1,10,1,10
1765406866.401372,1097,1,1,10,1,10
1765406866.417925,1097,1,1,10,1,10
1765406866.434455,1098,1,1,10,1,10
1765406866.451030,1098,1,1,10,1,10
1765406866.467050,1099,1,1,10,1,10
1765406866.483450,1099,1,1,10,1,10
1765406866.500327,1099,1,1,10,1,10
1765406866.516381,1100,1,1,10,1,10
1765406866.533943,1100,1,1,10,1,10
1765406866.549741,1100,1,1,10,1,10
1765406866.566685,1101,1,1,10,1,10
1765406866.583700,1101,1,1,10,1,10
1765406866.600897,1102,1,1,10,1,10
1765406866.617856,1102,1,1,10,1,10
1765406866.634320,1103,1,1,10,1,10
1765406866.650625,1103,1,1,10,1,10
1765406866.667684,1103,1,1,10,1,10
1765406866.685649,1104,1,1,10,1,10
1765406866.701932,1104,1,1,10,1,10
1765406866.718634,1105,1,1,10,1,10
1765406866.735555,1105,1,1,10,1,10
1765406866.751993,1105,1,1,10,1,10
1765406866.768643,1106,1,1,10,1,10
1765406866.785295,1106,1,1,10,1,10
1765406866.801901,1107,1,1,10,1,10
1765406866.819172,1107,1,1,10,1,10
1765406866.834893,1107,1,1,10,1,10
1765406866.851883,1108,1,1,10,1,10
1765406866.867885,1108,1,1,10,1,10
1765406866.883882,1109,1,1,10,1,10
1765406866.900447,1109,1,1,10,1,10
1765406866.917543,1109,1,1,10,1,10
1765406866.933985,1110,1,1,10,1,10
1765406866.949813,1110,1,1,10,1,10
1765406866.966352,1110,1,1,10,1,10
1765406866.981729,1111,1,1,10,1,10
1765406866.998372,1111,1,1,10,1,10
1765406867.013622,1112,1,1,10,1,10
1765406867.030326,1112,1,1,10,1,10
1765406867.046775,1112,1,1,10,1,10
1765406867.064015,1113,1,1,10,1,10
1765406867.080243,1113,1,1,10,1,10
1765406867.096643,1114,1,1,10,1,10
1765406867.113789,1114,1,1,10,1,10
1765406867.130799,1115,1,1,10,1,10
1765406867.146824,1115,1,1,10,1,10
1765406867.162701,1115,1,1,10,1,10
1765406867.179502,1116,1,1,10,1,10
1765406867.197515,1116,1,1,10,1,10
1765406867.214659,1117,1,1,10,1,10
1765406867.231741,1117,1,1,10,1,10
1765406867.247645,1117,1,1,10,1,10
1765406867.264701,1118,1,1,10,1,10
1765406867.280534,1118,1,1,10,1,10
1765406867.296964,1118,1,1,10,1,10
1765406867.313425,1119,1,1,11,1,11
1765406867.330472,1119,1,1,11,1,11
1765406867.347712,1120,1,1,11,1,11
1765406867.363813,1120,1,1,11,1,11
1765406867.380063,1120,1,1,11,1,11
1765406867.395947,1121,1,1,11,1,11
1765406867.412723,1121,1,1,11,1,11
1765406867.430550,1122,1,1,11,1,11
1765406867.447684,1122,1,1,11,1,11
1765406867.464476,1122,1,1,11,1,11
1765406867.570453,1123,1,1,11,1,11
1765406867.598078,1123,1,1,11,1,11
1765406867.615733,1124,1,1,11,1,11
1765406867.632616,1124,1,1,11,1,11
1765406867.648749,1125,1,1,11,1,11
1765406867.665722,1125,1,1,11,1,11
1765406867.682734,1126,1,1,11,1,11
1765406867.699359,1126,1,1,11,1,11
1765406867.716722,1126,1,1,11,1,11
1765406867.733087,1127,1,1,11,1,11
1765406867.749857,1127,1,1,11,1,11
1765406867.766124,1127,1,1,11,1,11
1765406867.783149,1128,1,1,11,1,11
1765406867.798902,1128,1,1,11,1,11
1765406867.816658,1129,1,1,11,1,11
1765406867.833392,1129,1,1,11,1,11
1765406867.850658,1129,1,1,11,1,11
1765406867.868164,1130,1,1,11,1,11
1765406867.884830,1130,1,1,11,1,11
1765406867.902160,1131,1,1,11,1,11
1765406867.918438,1131,1,1,11,1,11
1765406867.936148,1132,1,1,11,1,11
1765406867.952579,1132,1,1,11,1,11
1765406867.969296,1132,1,1,11,1,11
1765406867.986587,1133,1,1,11,1,11
1765406868.002813,1133,1,1,11,1,11
1765406868.020199,1133,1,1,11,1,11
1765406868.036024,1134,1,1,11,1,11
1765406868.052920,1134,1,1,11,1,11
1765406868.069798,1135,1,1,11,1,11
1765406868.087498,1135,1,1,11,1,11
1765406868.104653,1135,1,1,11,1,11
1765406868.122181,1136,1,1,11,1,11
1765406868.138003,1136,1,1,11,1,11
1765406868.154822,1137,1,1,11,1,11
1765406868.170759,1137,1,1,11,1,11
1765406868.187626,1137,1,1,11,1,11
1765406868.205035,1138,1,1,11,1,11
1765406868.221787,1138,1,1,11,1,11
1765406868.238853,1139,1,1,11,1,11
1765406868.254618,1139,1,1,11,1,11
1765406868.271400,1139,1,1,11,1,11
1765406868.288107,1140,1,1,11,1,11
1765406868.304277,1140,1,1,11,1,11
1765406868.321416,1141,1,1,11,1,11
1765406868.338183,1141,1,1,11,1,11
1765406868.355104,1141,1,1,11,1,11
1765406868.371858,1142,1,1,11,1,11
1765406868.388962,1142,1,1,11,1,11
1765406868.405441,1143,1,1,11,1,11
1765406868.422040,1143,1,1,11,1,11
1765406868.438162,1143,1,1,11,1,11
1765406868.454640,1144,1,1,11,1,11
1765406868.471272,1144,1,1,11,1,11
1765406868.487282,1145,1,1,11,1,11
1765406868.502716,1145,1,1,11,1,11
1765406868.519110,1145,1,1,11,1,11
1765406868.535474,1146,1,1,11,1,11
1765406868.552541,1146,1,1,11,1,11
1765406868.569376,1146,1,1,11,1,11
1765406868.586591,1147,1,0,11,0,11
1765406868.603915,1147,1,0,11,0,11
1765406868.620584,1148,1,0,11,0,11
1765406868.637165,1148,1,0,11,0,11
1765406868.653771,1148,1,0,11,0,11
1765406868.670159,1149,1,0,11,0,11
1765406868.686774,1149,1,0,11,0,11
1765406868.704058,1150,1,0,11,0,11
1765406868.721129,1150,1,0,11,0,11
1765406868.737316,1150,1,0,11,0,11
1765406868.752662,1151,1,0,11,0,11
1765406868.770306,1151,1,0,11,0,11
1765406868.786461,1152,1,0,11,0,11
1765406868.802887,1152,1,0,11,0,11
1765406868.819144,1152,1,0,11,0,11
1765406868.835606,1153,1,0,11,0,11
1765406868.852125,1153,1,0,11,0,11
1765406868.868659,1154,1,0,11,0,11
1765406868.885407,1154,1,0,11,0,11
1765406868.901653,1154,1,0,11,0,11
1765406868.918662,1155,1,0,11,0,11
1765406868.934911,1155,1,0,11,0,11
1765406868.951766,1155,1,0,11,0,11
1765406868.968071,1156,1,0,11,0,11
1765406868.984564,1156,1,0,11,0,11
1765406869.001307,1157,1,0,11,0,11
1765406869.017207,1157,1,0,11,0,11
1765406869.033579,1157,1,0,11,0,11
1765406869.049663,1158,1,0,11,0,11
1765406869.066474,1158,1,0,11,0,11
1765406869.083946,1159,1,0,11,0,11
1765406869.100869,1159,1,0,11,0,11
1765406869.116832,1159,1,0,11,0,11
1765406869.132515,1160,1,0,11,0,11
1765406869.149631,1160,1,0,11,0,11
1765406869.166782,1161,1,0,11,0,11
1765406869.184695,1161,1,0,11,0,11
1765406869.201171,1161,1,0,11,0,11
1765406869.218328,1162,1,0,11,0,11
1765406869.233757,1162,1,0,11,0,11
1765406869.250154,1163,1,0,11,0,11
1765406869.267263,1163,1,0,11,0,11
1765406869.283554,1163,1,0,11,0,11
1765406869.301463,1164,1,0,11,0,11
1765406869.318215,1164,1,0,11,0,11
1765406869.334521,1165,1,0,11,0,11
1765406869.351515,1165,1,0,11,0,11
1765406869.368473,1165,1,0,11,0,11
1765406869.385602,1166,1,0,12,0,12
1765406869.403248,1166,1,0,12,0,12
1765406869.419877,1167,1,0,12,0,12
1765406869.436301,1167,1,0,12,0,12
1765406869.452969,1167,1,0,12,0,12
1765406869.469151,1168,1,0,12,0,12
1765406869.485933,1168,1,0,12,0,12
1765406869.502620,1169,1,0,12,0,12
1765406869.520523,1169,1,0,12,0,12
1765406869.537214,1169,1,0,12,0,12
1765406869.553539,1170,1,0,12,0,12
1765406869.570056,1170,1,0,12,0,12
1765406869.586846,1171,1,0,12,0,12
1765406869.603065,1171,1,0,12,0,12
1765406869.619272,1171,1,0,12,0,12
1765406869.635049,1172,1,0,12,0,12
1765406869.651635,1172,1,0,12,0,12
1765406869.668486,1173,1,0,12,0,12
1765406869.685393,1173,1,0,12,0,12
1765406869.703216,1173,1,0,12,0,12
1765406869.720136,1174,1,0,12,0,12
1765406869.737545,1174,1,0,12,0,12
1765406869.754919,1175,1,0,12,0,12
1765406869.771895,1175,1,0,12,0,12
1765406869.788811,1175,1,0,12,0,12
1765406869.805484,1176,1,0,13,0,13
1765406869.822034,1176,1,0,13,0,13
1765406869.838379,1177,1,0,13,0,13
1765406869.853565,1177,1,0,13,0,13
1765406869.870337,1177,1,0,13,0,13
1765406869.886995,1178,1,0,13,0,13
1765406869.903494,1178,1,0,13,0,13
1765406869.921246,1178,1,0,13,0,13
1765406869.937976,1179,1,0,13,0,13
1765406869.954551,1179,1,0,13,0,13
1765406869.970796,1180,1,0,13,0,13
1765406869.987303,1180,1,0,13,0,13
1765406870.003790,1180,1,0,13,0,13
1765406870.019916,1181,1,0,13,0,13
1765406870.036628,1181,1,0,13,0,13
1765406870.053470,1182,1,0,13,0,13
1765406870.070216,1182,1,0,13,0,13
1765406870.087177,1182,1,0,13,0,13
1765406870.103569,1183,1,0,13,0,13
1765406870.120847,1183,1,0,13,0,13
1765406870.136690,1184,1,0,13,0,13
1765406870.152773,1184,1,0,13,0,13
1765406870.169492,1184,1,0,13,0,13
1765406870.186758,1185,1,0,13,0,13
1765406870.202952,1185,1,0,13,0,13
1765406870.220101,1186,1,0,13,0,13
1765406870.236217,1186,1,0,13,0,13
1765406870.251960,1186,1,0,13,0,13
1765406870.268132,1187,1,0,13,0,13
1765406870.283868,1187,1,0,13,0,13
1765406870.300720,1188,1,0,13,0,13
1765406870.317202,1188,1,0,13,0,13
1765406870.333648,1188,1,0,13,0,13
1765406870.350657,1189,1,0,13,0,13
1765406870.367995,1189,1,0,13,0,13
1765406870.384947,1189,1,0,13,0,13
1765406870.401386,1190,1,0,13,0,13
1765406870.418095,1190,1,0,13,0,13
1765406870.434922,1191,1,0,13,0,13
1765406870.451380,1191,1,0,13,0,13
1765406870.467101,1191,1,0,13,0,13
1765406870.483500,1192,1,0,13,0,13
1765406870.499907,1192,1,0,13,0,13
1765406870.516833,1193,1,0,13,0,13
1765406870.533250,1193,1,0,13,0,13
1765406870.550570,1193,1,0,13,0,13
1765406870.567725,1194,1,0,13,0,13
1765406870.584585,1194,1,0,13,0,13
1765406870.601397,1195,1,0,13,0,13
1765406870.618307,1195,1,0,13,0,13
1765406870.636137,1195,1,0,13,0,13
1765406870.652738,1196,1,0,13,0,13
1765406870.669545,1196,1,0,13,0,13
1765406870.686789,1197,1,0,13,0,13
1765406870.703652,1197,1,0,13,0,13
1765406870.720003,1197,1,0,13,0,13
1765406870.736465,1198,1,0,13,0,13
1765406870.753706,1198,1,0,13,0,13
1765406870.769992,1199,1,0,12,0,12
1765406870.786563,1199,1,0,12,0,12
1765406870.802940,1199,1,0,12,0,12
1765406870.819098,1200,1,0,12,0,12
1765406870.835449,1200,1,0,12,0,12
1765406870.851796,1201,1,0,12,0,12
1765406870.869474,1201,1,0,12,0,12
1765406870.887518,1201,1,0,12,0,12
1765406870.904255,1202,1,0,12,0,12
1765406870.920062,1202,1,0,12,0,12
1765406870.936713,1203,1,0,12,0,12
1765406870.953471,1203,1,0,12,0,12
1765406870.969757,1203,1,0,12,0,12
1765406870.986648,1204,1,0,12,0,12
1765406871.002741,1204,1,0,12,0,12
1765406871.019323,1204,1,0,12,0,12
1765406871.035914,1205,1,0,12,0,12
1765406871.052137,1205,1,0,12,0,12
1765406871.073340,1206,1,0,12,0,12
1765406871.089111,1206,1,0,12,0,12
1765406871.105447,1206,1,0,12,0,12
1765406871.121767,1207,1,1,12,1,12
1765406871.139004,1207,1,1,12,1,12
1765406871.155349,1208,1,1,12,1,12
1765406871.171824,1208,1,1,12,1,12
1765406871.187705,1208,1,1,12,1,12
1765406871.204225,1209,1,1,12,1,12
1765406871.221376,1209,1,1,12,1,12
1765406871.239142,1210,1,1,12,1,12
1765406871.256660,1210,1,1,12,1,12
1765406871.273161,1210,1,1,12,1,12
1765406871.289692,1211,1,1,12,1,12
1765406871.306244,1211,1,1,12,1,12
1765406871.322388,1212,1,1,12,1,12
1765406871.339559,1212,1,1,12,1,12
1765406871.356709,1212,1,1,12,1,12
1765406871.373374,1213,1,1,12,1,12
1765406871.389899,1213,1,1,12,1,12
1765406871.406946,1214,1,1,12,1,12
1765406871.423750,1214,1,1,12,1,12
1765406871.440994,1214,1,1,12,1,12
1765406871.456975,1215,1,2,12,2,12
1765406871.473724,1215,1,2,12,2,12
1765406871.491026,1216,1,2,12,2,12
1765406871.507596,1216,1,2,12,2,12
1765406871.524813,1216,1,2,12,2,12
1765406871.542583,1217,1,2,12,2,12
1765406871.559569,1217,1,2,12,2,12
1765406871.576522,1218,1,2,12,2,12
1765406871.593432,1218,1,2,12,2,12
1765406871.610351,1218,1,2,12,2,12
1765406871.626599,1219,1,2,12,2,12
1765406871.643451,1219,1,2,12,2,12
1765406871.660485,1220,1,2,12,2,12
1765406871.677964,1220,1,2,12,2,12
1765406871.694156,1220,1,2,12,2,12
1765406871.710697,1221,1,2,12,2,12
1765406871.728116,1221,1,2,12,2,12
1765406871.744059,1222,1,2,12,2,12
1765406871.760059,1222,1,2,12,2,12
1765406871.776209,1222,1,2,12,2,12
1765406871.792580,1223,1,3,12,3,12
1765406871.808848,1223,1,3,12,3,12
1765406871.825006,1223,1,3,12,3,12
1765406871.842596,1224,1,3,12,3,12
1765406871.859251,1224,1,3,12,3,12
1765406871.874666,1225,1,3,12,3,12
1765406871.891499,1225,1,3,12,3,12
1765406871.908212,1225,1,3,12,3,12
1765406871.925162,1226,1,3,12,3,12
1765406871.941725,1226,1,3,12,3,12
1765406871.958383,1227,1,3,12,3,12
1765406871.975094,1227,1,3,12,3,12
1765406871.991911,1227,1,3,12,3,12
1765406872.009491,1228,1,3,12,3,12
1765406872.026848,1228,1,3,12,3,12
1765406872.043494,1229,1,3,12,3,12
1765406872.060895,1229,1,3,12,3,12
1765406872.078358,1229,1,3,12,3,12
1765406872.095806,1230,1,3,12,3,12
1765406872.111633,1230,1,3,12,3,12
1765406872.128861,1231,1,3,12,3,12
1765406872.145218,1231,1,3,12,3,12
1765406872.161494,1231,1,3,12,3,12
1765406872.178928,1232,1,3,12,3,12
1765406872.195140,1232,1,3,12,3,12
1765406872.211199,1233,1,3,12,3,12
1765406872.227131,1233,1,3,12,3,12
1765406872.243070,1233,1,3,12,3,12
1765406872.258727,1234,1,3,12,3,12
1765406872.276556,1234,1,3,12,3,12
1765406872.293547,1235,1,3,12,3,12
1765406872.310646,1235,1,3,12,3,12
1765406872.327998,1235,1,3,12,3,12
1765406872.345148,1236,1,3,12,3,12
1765406872.362467,1236,1,3,12,3,12
1765406872.379259,1237,1,3,12,3,12
1765406872.396134,1237,1,3,12,3,12
1765406872.411900,1237,1,3,12,3,12
1765406872.428798,1238,1,3,12,3,12
1765406872.445292,1238,1,3,12,3,12
1765406872.461871,1239,1,3,12,3,12
1765406872.479266,1239,1,3,12,3,12
1765406872.497499,1239,1,3,12,3,12
1765406872.514410,1240,1,3,12,3,12
1765406872.531364,1240,1,3,12,3,12
1765406872.547965,1241,1,3,12,3,12
1765406872.564154,1241,1,3,12,3,12
1765406872.580560,1241,1,3,12,3,12
1765406872.597276,1242,1,3,12,3,12
1765406872.613841,1242,1,3,12,3,12
1765406872.630095,1242,1,3,12,3,12
1765406872.647052,1243,1,3,12,3,12
1765406872.664076,1243,1,3,12,3,12
1765406872.679676,1244,1,3,12,3,12
1765406872.697294,1244,1,3,12,3,12
1765406872.714168,1244,1,3,12,3,12
1765406872.730480,1245,1,3,12,3,12
1765406872.747480,1245,1,3,12,3,12
1765406872.763713,1246,1,3,12,3,12
1765406872.780753,1246,1,3,12,3,12
1765406872.797500,1246,1,3,12,3,12
1765406872.815094,1247,1,3,12,3,12
1765406872.831920,1247,1,3,12,3,12
1765406872.848348,1248,1,3,12,3,12
1765406872.865317,1248,1,3,12,3,12
1765406872.882957,1248,1,3,12,3,12
1765406872.898846,1249,1,2,12,2,12
1765406872.915208,1249,1,2,12,2,12
1765406872.931932,1250,1,2,12,2,12
1765406872.948187,1250,1,2,12,2,12
1765406872.964134,1250,1,2,12,2,12
1765406872.980136,1251,1,2,12,2,12
1765406872.997140,1251,1,2,12,2,12
1765406873.014143,1252,1,2,12,2,12
1765406873.030345,1252,1,2,12,2,12
1765406873.046644,1252,1,2,12,2,12
1765406873.063897,1253,1,2,12,2,12
1765406873.080077,1253,1,2,12,2,12
1765406873.097191,1254,1,2,12,2,12
1765406873.113503,1254,1,2,12,2,12
1765406873.130416,1254,1,2,12,2,12
1765406873.147545,1255,1,2,12,2,12
1765406873.164209,1255,1,2,12,2,12
1765406873.181118,1256,1,2,12,2,12
1765406873.197438,1256,1,2,12,2,12
1765406873.214117,1256,1,2,12,2,12
1765406873.230540,1257,1,2,12,2,12
1765406873.247811,1257,1,2,12,2,12
1765406873.265031,1258,1,2,12,2,12
1765406873.281382,1258,1,2,12,2,12
1765406873.297932,1258,1,2,12,2,12
1765406873.314283,1259,1,2,12,2,12
1765406873.330721,1259,1,2,12,2,12
1765406873.347126,1259,1,2,12,2,12
1765406873.363130,1260,1,2,12,2,12
1765406873.378925,1260,1,2,12,2,12
1765406873.395821,1261,1,2,12,2,12
1765406873.412788,1261,1,2,12,2,12
1765406873.429551,1261,1,2,12,2,12
1765406873.446014,1262,1,2,12,2,12
1765406873.462507,1262,1,2,12,2,12
1765406873.479452,1263,1,2,11,2,11
1765406873.497277,1263,1,2,11,2,11
1765406873.512946,1263,1,2,11,2,11
1765406873.529614,1264,1,2,11,2,11
1765406873.545928,1264,1,2,11,2,11
1765406873.562666,1265,1,2,11,2,11
1765406873.579591,1265,1,2,11,2,11
1765406873.596941,1265,1,2,11,2,11
1765406873.612946,1266,1,2,11,2,11
1765406873.629518,1266,1,2,11,2,11
1765406873.645726,1267,1,2,11,2,11
1765406873.662347,1267,1,2,11,2,11
1765406873.678693,1267,1,2,11,2,11
1765406873.696255,1268,1,2,11,2,11
1765406873.712091,1268,1,2,11,2,11
1765406873.728883,1269,1,2,11,2,11
1765406873.745693,1269,1,2,11,2,11
1765406873.762292,1269,1,2,11,2,11
1765406873.777878,1270,1,2,11,2,11
1765406873.794347,1270,1,2,11,2,11
1765406873.810161,1270,1,2,11,2,11
1765406873.826194,1271,1,2,11,2,11
1765406873.841783,1271,1,2,11,2,11
1765406873.858557,1272,1,2,11,2,11
1765406873.875322,1272,1,2,11,2,11
1765406873.891517,1272,1,2,11,2,11
1765406873.909400,1273,1,2,11,2,11
1765406873.926678,1273,1,2,11,2,11
1765406873.943345,1274,1,2,11,2,11
1765406873.958898,1274,1,2,11,2,11
1765406873.975639,1274,1,2,11,2,11
1765406873.992609,1275,1,2,11,2,11
1765406874.009717,1275,1,2,11,2,11
1765406874.026265,1276,1,2,11,2,11
1765406874.042086,1276,1,2,11,2,11
1765406874.058351,1276,1,2,11,2,11
1765406874.073752,1277,1,2,11,2,11
1765406874.089613,1277,1,2,11,2,11
1765406874.106336,1277,1,2,11,2,11
1765406874.123832,1278,1,2,11,2,11
1765406874.140167,1278,1,2,11,2,11
1765406874.155821,1279,1,2,11,2,11
1765406874.172749,1279,1,2,11,2,11
1765406874.189856,1279,1,2,11,2,11
1765406874.206094,1280,1,2,11,2,11
1765406874.221884,1280,1,2,11,2,11
1765406874.238039,1281,1,2,10,2,10
1765406874.254903,1281,1,2,10,2,10
1765406874.270707,1281,1,2,10,2,10
1765406874.287570,1282,1,2,10,2,10
1765406874.304139,1282,1,2,10,2,10
1765406874.319878,1283,1,2,10,2,10
1765406874.337851,1283,1,2,10,2,10
1765406874.353998,1283,1,2,10,2,10
1765406874.370844,1284,1,2,10,2,10
1765406874.386883,1284,1,2,10,2,10
1765406874.403501,1285,1,2,10,2,10
1765406874.419837,1285,1,2,10,2,10
1765406874.436797,1285,1,2,10,2,10
1765406874.453390,1286,1,2,10,2,10
1765406874.470682,1286,1,2,10,2,10
1765406874.488093,1287,1,2,10,2,10
1765406874.503910,1287,1,2,10,2,10
1765406874.520788,1287,1,2,10,2,10
1765406874.536822,1288,1,2,10,2,10
1765406874.553785,1288,1,2,10,2,10
1765406874.570692,1288,1,2,10,2,10
1765406874.586737,1289,1,2,10,2,10
1765406874.602964,1289,1,2,10,2,10
1765406874.620714,1290,1,2,10,2,10
1765406874.637576,1290,1,2,10,2,10
1765406874.654860,1290,1,2,10,2,10
1765406874.671507,1291,1,2,9,2,9
1765406874.688072,1291,1,2,9,2,9
1765406874.705723,1292,1,2,9,2,9
1765406874.721833,1292,1,2,9,2,9
1765406874.738980,1292,1,2,9,2,9
1765406874.755428,1293,1,2,9,2,9
1765406874.772209,1293,1,2,9,2,9
1765406874.788705,1294,1,2,9,2,9
1765406874.805277,1294,1,2,9,2,9
1765406874.821238,1294,1,2,9,2,9
1765406874.837630,1295,1,2,9,2,9
1765406874.855142,1295,1,2,9,2,9
1765406874.871522,1296,1,2,9,2,9
1765406874.888898,1296,1,2,9,2,9
1765406874.905910,1296,1,2,9,2,9
1765406874.922620,1297,1,2,9,2,9
1765406874.939908,1297,1,2,9,2,9
1765406874.955577,1298,1,2,9,2,9
1765406874.972363,1298,1,2,9,2,9
1765406874.987849,1298,1,2,9,2,9
1765406875.004854,1299,1,2,9,2,9
1765406875.021430,1299,1,2,9,2,9
1765406875.038038,1300,1,2,9,2,9
1765406875.055279,1300,1,2,9,2,9
1765406875.072178,1300,1,2,9,2,9
1765406875.089003,1301,1,2,9,2,9
1765406875.105428,1301,1,2,9,2,9
1765406875.122947,1302,1,2,9,2,9
1765406875.139438,1302,1,2,9,2,9
1765406875.156565,1302,1,2,9,2,9
1765406875.172779,1303,1,2,9,2,9
1765406875.188695,1303,1,2,9,2,9
1765406875.206122,1304,1,2,9,2,9
1765406875.222527,1304,1,2,9,2,9
1765406875.239813,1304,1,2,9,2,9
1765406875.257114,1305,1,2,9,2,9
1765406875.273222,1305,1,2,9,2,9
1765406875.288913,1305,1,2,9,2,9
1765406875.306599,1306,1,2,9,2,9
1765406875.323261,1306,1,2,9,2,9
1765406875.340285,1307,1,2,9,2,9
1765406875.356683,1307,1,2,9,2,9
1765406875.373620,1307,1,2,9,2,9
1765406875.390321,1308,1,2,9,2,9
1765406875.406055,1308,1,2,9,2,9
1765406875.423013,1309,1,2,9,2,9
1765406875.439131,1309,1,2,9,2,9
1765406875.456045,1309,1,2,9,2,9
1765406875.472773,1310,1,2,9,2,9
1765406875.489872,1310,1,2,9,2,9
1765406875.506787,1311,1,2,9,2,9
1765406875.522582,1311,1,2,9,2,9
1765406875.539882,1311,1,2,9,2,9
1765406875.556925,1312,1,2,9,2,9
1765406875.573632,1312,1,2,9,2,9
1765406875.589689,1313,1,2,9,2,9
1765406875.607075,1313,1,2,9,2,9
1765406875.623824,1313,1,2,9,2,9
1765406875.640406,1314,1,2,9,2,9
1765406875.658447,1314,1,2,9,2,9
1765406875.675834,1315,1,2,9,2,9
1765406875.692549,1315,1,2,9,2,9
1765406875.709088,1315,1,2,9,2,9
1765406875.725025,1316,1,2,9,2,9
1765406875.741282,1316,1,2,9,2,9
1765406875.757632,1317,1,2,9,2,9
1765406875.774322,1317,1,2,9,2,9
1765406875.791053,1317,1,2,9,2,9
1765406875.807968,1318,1,2,9,2,9
1765406875.824662,1318,1,2,9,2,9
1765406875.858958,1318,1,2,9,2,9
1765406875.886664,1319,1,2,9,2,9
1765406875.902729,1319,1,2,9,2,9
1765406875.919747,1320,1,2,9,2,9
1765406875.936960,1320,1,2,9,2,9
1765406875.953245,1321,1,2,9,2,9
1765406875.969281,1321,1,2,9,2,9
1765406875.985708,1322,1,1,9,1,9
1765406876.002076,1322,1,1,9,1,9
1765406876.017981,1322,1,1,9,1,9
1765406876.033904,1323,1,1,9,1,9
1765406876.050700,1323,1,1,9,1,9
1765406876.067445,1323,1,1,9,1,9
1765406876.084586,1324,1,1,9,1,9
1765406876.101169,1324,1,1,9,1,9
1765406876.117406,1325,1,1,9,1,9
1765406876.135048,1325,1,1,9,1,9
1765406876.150666,1325,1,1,9,1,9
1765406876.166840,1326,1,1,9,1,9
1765406876.183955,1326,1,1,9,1,9
1765406876.200552,1327,1,1,9,1,9
1765406876.216726,1327,1,1,9,1,9
1765406876.233761,1327,1,1,9,1,9
1765406876.250583,1328,1,1,9,1,9
1765406876.266554,1328,1,1,9,1,9
1765406876.283111,1329,1,1,8,1,8
1765406876.299600,1329,1,1,8,1,8
1765406876.315830,1329,1,1,8,1,8
1765406876.332557,1330,1,1,8,1,8
1765406876.348751,1330,1,1,8,1,8
1765406876.365825,1330,1,1,8,1,8
1765406876.383178,1331,1,1,8,1,8
1765406876.400261,1331,1,1,8,1,8
1765406876.416119,1332,1,1,8,1,8
1765406876.433023,1332,1,1,8,1,8
1765406876.449802,1332,1,1,8,1,8
1765406876.466139,1333,1,1,8,1,8
1765406876.483419,1333,1,1,8,1,8
1765406876.500463,1334,1,1,8,1,8
1765406876.517349,1334,1,1,8,1,8
1765406876.533265,1334,1,1,8,1,8
1765406876.549908,1335,1,1,8,1,8
1765406876.566844,1335,1,1,8,1,8
1765406876.583514,1336,1,1,8,1,8
1765406876.601220,1336,1,1,8,1,8
1765406876.617906,1336,1,1,8,1,8
1765406876.634758,1337,1,1,8,1,8
1765406876.651879,1337,1,1,8,1,8
1765406876.668604,1338,1,0,8,0,8
1765406876.685088,1338,1,0,8,0,8
1765406876.700711,1338,1,0,8,0,8
1765406876.717537,1339,1,0,8,0,8
1765406876.734509,1339,1,0,8,0,8
1765406876.751067,1340,1,0,8,0,8
1765406876.767035,1340,1,0,8,0,8
1765406876.783419,1340,1,0,8,0,8
1765406876.800437,1341,1,0,8,0,8
1765406876.816590,1341,1,0,8,0,8
1765406876.833699,1342,1,0,8,0,8
1765406876.851444,1342,1,0,8,0,8
1765406876.868804,1342,1,0,8,0,8
1765406876.885334,1343,1,0,8,0,8
1765406876.901897,1343,1,0,8,0,8
1765406876.918526,1344,1,0,8,0,8
1765406876.935503,1344,1,0,8,0,8
1765406876.952905,1344,1,0,8,0,8
1765406876.969078,1345,1,0,8,0,8
1765406876.985496,1345,1,0,8,0,8
1765406877.002269,1346,1,0,8,0,8
1765406877.017782,1346,1,0,8,0,8
1765406877.035009,1346,1,0,8,0,8
1765406877.050810,1347,1,0,8,0,8
1765406877.066792,1347,1,0,8,0,8
1765406877.083357,1348,1,0,8,0,8
1765406877.100489,1348,1,0,8,0,8
1765406877.117863,1348,1,0,8,0,8
1765406877.134521,1349,1,0,8,0,8
1765406877.152303,1349,1,0,8,0,8
1765406877.168552,1350,1,0,8,0,8
1765406877.185440,1350,1,0,8,0,8
1765406877.202875,1350,1,0,8,0,8
1765406877.219911,1351,1,0,8,0,8
1765406877.236751,1351,1,0,8,0,8
1765406877.253765,1352,1,0,8,0,8
1765406877.271021,1352,1,0,8,0,8
1765406877.288131,1352,1,0,8,0,8
1765406877.304028,1353,1,0,8,0,8
1765406877.319647,1353,1,0,8,0,8
1765406877.336026,1354,1,0,8,0,8
1765406877.352439,1354,1,0,8,0,8
1765406877.369207,1354,1,0,8,0,8
1765406877.385775,1355,1,0,8,0,8
1765406877.402125,1355,1,0,8,0,8
1765406877.418737,1355,1,0,8,0,8
1765406877.435478,1356,1,1,8,1,8
1765406877.452282,1356,1,1,8,1,8
1765406877.468618,1357,1,1,8,1,8
1765406877.485126,1357,1,1,8,1,8
1765406877.501811,1357,1,1,8,1,8
1765406877.518944,1358,1,1,8,1,8
1765406877.535058,1358,1,1,8,1,8
1765406877.551429,1359,1,1,8,1,8
1765406877.568045,1359,1,1,8,1,8
1765406877.584076,1359,1,1,8,1,8
1765406877.599692,1360,1,1,8,1,8
1765406877.616062,1360,1,1,8,1,8
1765406877.632318,1360,1,1,8,1,8
1765406877.649180,1361,1,1,8,1,8
1765406877.664897,1361,1,1,8,1,8
1765406877.680726,1362,1,1,8,1,8
1765406877.697315,1362,1,1,8,1,8
1765406877.714384,1362,1,1,8,1,8
1765406877.730823,1363,1,1,8,1,8
1765406877.747430,1363,1,1,8,1,8
1765406877.764199,1364,1,1,8,1,8
1765406877.780308,1364,1,1,8,1,8
1765406877.797136,1364,1,1,8,1,8
1765406877.813343,1365,1,1,8,1,8
1765406877.830308,1365,1,1,8,1,8
1765406877.847047,1366,1,1,8,1,8
1765406877.863816,1366,1,1,8,1,8
1765406877.879971,1366,1,1,8,1,8
1765406877.896164,1367,1,1,8,1,8
1765406877.912250,1367,1,1,8,1,8
1765406877.928247,1368,1,1,7,1,7
1765406877.944626,1368,1,1,7,1,7
1765406877.961743,1368,1,1,7,1,7
1765406877.978512,1369,1,1,7,1,7
1765406877.995770,1369,1,1,7,1,7
1765406878.012151,1370,1,1,7,1,7
1765406878.029212,1370,1,1,7,1,7
1765406878.045225,1370,1,1,7,1,7
1765406878.061198,1371,1,1,7,1,7
1765406878.078059,1371,1,1,7,1,7
1765406878.094847,1371,1,1,7,1,7
1765406878.111959,1372,1,1,7,1,7
1765406878.128783,1372,1,1,7,1,7
1765406878.145258,1373,1,1,7,1,7
1765406878.160984,1373,1,1,7,1,7
1765406878.176831,1373,1,1,7,1,7
1765406878.193336,1374,1,1,7,1,7
1765406878.209309,1374,1,1,7,1,7
1765406878.225438,1375,1,1,7,1,7
1765406878.242504,1375,1,1,7,1,7
1765406878.259886,1375,1,1,7,1,7
1765406878.276769,1376,1,1,7,1,7
1765406878.293285,1376,1,1,7,1,7
1765406878.309095,1377,1,1,7,1,7
1765406878.325558,1377,1,1,7,1,7
1765406878.341758,1377,1,1,7,1,7
1765406878.358695,1378,1,1,7,1,7
1765406878.375314,1378,1,1,7,1,7
1765406878.391885,1378,1,1,7,1,7
1765406878.407695,1379,1,1,7,1,7
1765406878.425017,1379,1,1,7,1,7
1765406878.440758,1380,1,1,7,1,7
1765406878.457526,1380,1,1,7,1,7
1765406878.474952,1380,1,1,7,1,7
1765406878.491585,1381,1,1,7,1,7
1765406878.507839,1381,1,1,7,1,7
1765406878.524606,1382,1,1,7,1,7
1765406878.541170,1382,1,1,7,1,7
1765406878.556972,1382,1,1,7,1,7
1765406878.572625,1383,1,1,7,1,7
1765406878.589359,1383,1,1,7,1,7
1765406878.604789,1384,1,1,7,1,7
1765406878.621924,1384,1,1,7,1,7
1765406878.637954,1384,1,1,7,1,7
1765406878.654805,1385,1,1,7,1,7
1765406878.671342,1385,1,1,7,1,7
1765406878.687392,1385,1,1,7,1,7
1765406878.704371,1386,1,1,7,1,7
1765406878.721449,1386,1,1,7,1,7
1765406878.739036,1387,1,1,7,1,7
1765406878.755467,1387,1,1,7,1,7
1765406878.772548,1387,1,1,7,1,7
1765406878.789707,1388,1,1,7,1,7
1765406878.806815,1388,1,1,7,1,7
1765406878.823303,1389,1,1,7,1,7
1765406878.839859,1389,1,1,7,1,7
1765406878.856828,1389,1,1,7,1,7
1765406878.873325,1390,1,1,7,1,7
1765406878.889929,1390,1,1,7,1,7
1765406878.906062,1391,1,1,7,1,7
1765406878.922713,1391,1,1,7,1,7
1765406878.938988,1391,1,1,7,1,7
1765406878.955800,1392,1,1,7,1,7
1765406878.972017,1392,1,1,7,1,7
1765406878.988111,1393,1,1,7,1,7
1765406879.004662,1393,1,1,7,1,7
1765406879.021783,1393,1,1,7,1,7
1765406879.038544,1394,1,1,7,1,7
1765406879.055323,1394,1,1,7,1,7
1765406879.071417,1395,1,1,7,1,7
1765406879.088547,1395,1,1,7,1,7
1765406879.105631,1395,1,1,7,1,7
1765406879.121645,1396,1,1,7,1,7
1765406879.138913,1396,1,1,7,1,7
1765406879.154847,1397,1,1,6,1,6
1765406879.171590,1397,1,1,6,1,6
1765406879.188103,1397,1,1,6,1,6
1765406879.205130,1398,1,1,6,1,6
1765406879.221705,1398,1,1,6,1,6
1765406879.237882,1399,1,1,6,1,6
1765406879.254647,1399,1,1,6,1,6
1765406879.271840,1399,1,1,6,1,6
1765406879.287766,1400,1,1,6,1,6
1765406879.304883,1400,1,1,6,1,6
1765406879.321280,1400,1,1,6,1,6
1765406879.337191,1401,1,1,6,1,6
1765406879.353759,1401,1,1,6,1,6
1765406879.370731,1402,1,1,6,1,6
1765406879.387475,1402,1,1,6,1,6
1765406879.404822,1402,1,1,6,1,6
1765406879.422117,1403,1,1,6,1,6
1765406879.438007,1403,1,1,6,1,6
1765406879.455301,1404,1,1,6,1,6
1765406879.470694,1404,1,1,6,1,6
1765406879.487398,1404,1,1,6,1,6
1765406879.504814,1405,1,1,6,1,6
1765406879.520552,1405,1,1,6,1,6
1765406879.537741,1406,1,1,6,1,6
1765406879.554549,1406,1,1,6,1,6
1765406879.571102,1406,1,1,6,1,6
1765406879.587296,1407,1,1,6,1,6
1765406879.603296,1407,1,1,6,1,6
1765406879.619450,1408,1,1,6,1,6
1765406879.636679,1408,1,1,6,1,6
1765406879.653589,1409,1,1,6,1,6
1765406879.670801,1409,1,1,6,1,6
1765406879.687466,1409,1,1,6,1,6
1765406879.705472,1410,1,1,6,1,6
1765406879.723043,1410,1,1,6,1,6
1765406879.739445,1411,1,1,6,1,6
1765406879.757071,1411,1,1,6,1,6
1765406879.772664,1411,1,1,6,1,6
1765406879.789536,1412,1,1,6,1,6
1765406879.806790,1412,1,1,6,1,6
1765406879.823492,1413,1,1,6,1,6
1765406879.840319,1413,1,1,6,1,6
1765406879.855961,1413,1,1,6,1,6
1765406879.872261,1414,1,1,6,1,6
1765406879.888693,1414,1,1,6,1,6
1765406879.905685,1414,1,1,6,1,6
1765406879.922119,1415,1,1,6,1,6
1765406879.937869,1415,1,1,6,1,6
1765406879.954375,1416,1,1,6,1,6
1765406879.971803,1416,1,1,6,1,6
1765406879.988765,1416,1,1,6,1,6
1765406880.005630,1417,1,1,6,1,6
1765406880.022239,1417,1,1,6,1,6
1765406880.039140,1418,1,1,6,1,6
1765406880.056103,1418,1,1,6,1,6
1765406880.072338,1418,1,1,6,1,6
1765406880.089422,1419,1,1,6,1,6
1765406880.106912,1419,1,1,6,1,6
1765406880.123037,1420,1,1,6,1,6
1765406880.138831,1420,1,1,6,1,6
1765406880.154917,1420,1,1,6,1,6
1765406880.171278,1421,1,1,6,1,6
1765406880.186989,1421,1,1,6,1,6
1765406880.202969,1422,1,1,6,1,6
1765406880.218978,1422,1,1,6,1,6
1765406880.236721,1422,1,1,6,1,6
1765406880.253493,1423,1,1,6,1,6
1765406880.270367,1423,1,1,6,1,6
1765406880.286645,1423,1,1,6,1,6
1765406880.303880,1424,1,1,6,1,6
1765406880.320360,1424,1,1,6,1,6
1765406880.336728,1425,1,1,6,1,6
1765406880.353797,1425,1,1,6,1,6
1765406880.369847,1425,1,1,6,1,6
1765406880.386505,1426,1,1,6,1,6
1765406880.402875,1426,1,1,6,1,6
1765406880.418768,1427,1,1,6,1,6
1765406880.435318,1427,1,1,6,1,6
1765406880.451304,1427,1,1,6,1,6
1765406880.467430,1428,1,1,6,1,6
1765406880.484118,1428,1,1,6,1,6
1765406880.501492,1429,1,1,6,1,6
1765406880.518449,1429,1,1,6,1,6
1765406880.535722,1429,1,1,6,1,6
1765406880.552240,1430,1,1,6,1,6
1765406880.567959,1430,1,1,6,1,6
1765406880.584828,1431,1,1,6,1,6
1765406880.601228,1431,1,1,6,1,6
1765406880.616714,1431,1,1,6,1,6
1765406880.633184,1432,1,1,6,1,6
1765406880.649826,1432,1,1,6,1,6
1765406880.666722,1433,1,1,6,1,6
1765406880.683913,1433,1,1,6,1,6
1765406880.700303,1433,1,1,6,1,6
1765406880.716842,1434,1,1,6,1,6
1765406880.733664,1434,1,1,6,1,6
1765406880.750785,1435,1,1,6,1,6
1765406880.767103,1435,1,1,6,1,6
1765406880.783343,1435,1,1,6,1,6
1765406880.799303,1436,1,1,6,1,6
1765406880.816089,1436,1,1,6,1,6
1765406880.832130,1436,1,1,6,1,6
1765406880.847829,1437,1,1,6,1,6
1765406880.864085,1437,1,1,6,1,6
1765406880.880385,1438,1,1,6,1,6
1765406880.897087,1438,1,1,6,1,6
1765406880.913275,1438,1,1,6,1,6
1765406880.929807,1439,1,1,6,1,6
1765406880.946989,1439,1,1,6,1,6
1765406880.963861,1440,1,1,6,1,6
1765406880.979763,1440,1,1,6,1,6
1765406880.995857,1440,1,1,6,1,6
1765406881.012352,1441,1,1,6,1,6
1765406881.029775,1441,1,1,6,1,6
1765406881.046886,1442,1,1,5,1,5
1765406881.064060,1442,1,1,5,1,5
1765406881.081482,1442,1,1,5,1,5
1765406881.097641,1443,1,1,5,1,5
1765406881.114635,1443,1,1,5,1,5
1765406881.130823,1444,1,1,5,1,5
1765406881.147216,1444,1,1,5,1,5
1765406881.163687,1444,1,1,5,1,5
1765406881.180312,1445,1,1,5,1,5
1765406881.197067,1445,1,1,5,1,5
1765406881.213970,1445,1,1,5,1,5
1765406881.230522,1446,1,1,5,1,5
1765406881.247061,1446,1,1,5,1,5
1765406881.263944,1447,1,1,5,1,5
1765406881.280143,1447,1,1,5,1,5
1765406881.296097,1447,1,1,5,1,5
1765406881.312373,1448,1,1,5,1,5
1765406881.328127,1448,1,1,5,1,5
1765406881.344259,1449,1,1,5,1,5
1765406881.360974,1449,1,1,5,1,5
1765406881.378065,1449,1,1,5,1,5
1765406881.394701,1450,1,1,5,1,5
1765406881.412134,1450,1,1,5,1,5
1765406881.428373,1451,1,1,5,1,5
1765406881.444647,1451,1,1,5,1,5
1765406881.461708,1451,1,1,5,1,5
1765406881.478488,1452,1,1,5,1,5
1765406881.495363,1452,1,1,5,1,5
1765406881.511287,1453,1,1,5,1,5
1765406881.527081,1453,1,1,5,1,5
1765406881.543401,1453,1,1,5,1,5
1765406881.560714,1454,1,1,5,1,5
1765406881.576847,1454,1,1,5,1,5
1765406881.594712,1455,1,1,5,1,5
1765406881.612302,1455,1,1,5,1,5
1765406881.628112,1455,1,1,5,1,5
1765406881.644831,1456,1,1,5,1,5
1765406881.661617,1456,1,1,5,1,5
1765406881.678210,1457,1,1,5,1,5
1765406881.693845,1457,1,1,5,1,5
1765406881.709784,1457,1,1,5,1,5
1765406881.727786,1458,1,1,5,1,5
1765406881.745064,1458,1,1,5,1,5
1765406881.761561,1459,1,1,5,1,5
1765406881.778167,1459,1,1,5,1,5
1765406881.794314,1459,1,1,5,1,5
1765406881.810857,1460,1,1,5,1,5
1765406881.827140,1460,1,1,5,1,5
1765406881.842901,1461,1,1,5,1,5
1765406881.859768,1461,1,1,5,1,5
1765406881.876964,1461,1,1,5,1,5
1765406881.892675,1462,1,1,5,1,5
1765406881.909704,1462,1,1,5,1,5
1765406881.926172,1463,1,1,5,1,5
1765406881.942765,1463,1,1,5,1,5
1765406881.959030,1463,1,1,5,1,5
1765406881.974920,1464,1,1,5,1,5
1765406881.991320,1464,1,1,5,1,5
1765406882.007055,1465,1,1,5,1,5
1765406882.023657,1465,1,1,5,1,5
1765406882.039734,1465,1,1,5,1,5
1765406882.056158,1466,1,1,4,1,4
1765406882.072552,1466,1,1,4,1,4
1765406882.089611,1467,1,1,4,1,4
1765406882.106956,1467,1,1,4,1,4
1765406882.123068,1467,1,1,4,1,4
1765406882.139347,1468,1,1,4,1,4
1765406882.154866,1468,1,1,4,1,4
1765406882.171715,1468,1,1,4,1,4
1765406882.188697,1469,1,1,4,1,4
1765406882.205455,1469,1,1,4,1,4
1765406882.221982,1470,1,1,4,1,4
1765406882.239138,1470,1,1,4,1,4
1765406882.255768,1470,1,1,4,1,4
1765406882.271465,1471,1,1,4,1,4
1765406882.287986,1471,1,1,4,1,4
1765406882.304297,1472,1,1,4,1,4
1765406882.320558,1472,1,1,4,1,4
1765406882.337536,1472,1,1,4,1,4
1765406882.354285,1473,1,1,4,1,4
1765406882.370894,1473,1,1,4,1,4
1765406882.386846,1474,1,1,4,1,4
1765406882.403526,1474,1,1,4,1,4
1765406882.420216,1474,1,1,4,1,4
1765406882.437627,1475,1,1,4,1,4
1765406882.454977,1475,1,1,4,1,4
1765406882.471592,1476,1,1,4,1,4
1765406882.488295,1476,1,1,4,1,4
1765406882.505109,1476,1,1,4,1,4
1765406882.521196,1477,1,1,4,1,4
1765406882.552462,1477,1,1,4,1,4
1765406882.678775,1479,1,0,4,0,4
1765406882.695323,1479,1,0,4,0,4
1765406882.712220,1479,1,0,4,0,4
1765406882.728325,1480,1,0,4,0,4
1765406882.745079,1480,1,0,4,0,4
1765406882.760461,1481,1,0,4,0,4
1765406882.777950,1481,1,0,4,0,4
1765406882.794121,1482,1,0,4,0,4
1765406882.809830,1482,1,0,4,0,4
1765406882.826891,1482,1,0,4,0,4
1765406882.843454,1483,1,0,4,0,4
1765406882.860583,1483,1,0,4,0,4
1765406882.876760,1483,1,0,4,0,4
1765406882.892975,1484,1,0,4,0,4
1765406882.908516,1484,1,0,4,0,4
1765406882.925072,1485,1,0,4,0,4
1765406882.941097,1485,1,0,4,0,4
1765406882.958221,1485,1,0,4,0,4
1765406882.975140,1486,1,0,3,0,3
1765406882.991855,1486,1,0,3,0,3
1765406883.008085,1487,1,0,3,0,3
1765406883.024639,1487,1,0,3,0,3
1765406883.041455,1487,1,0,3,0,3
1765406883.058215,1488,1,0,3,0,3
1765406883.074583,1488,1,0,3,0,3
1765406883.091913,1489,1,0,3,0,3
1765406883.108399,1489,1,0,3,0,3
1765406883.125772,1489,1,0,3,0,3
1765406883.142193,1490,1,0,3,0,3
1765406883.158422,1490,1,0,3,0,3
1765406883.175584,1491,1,0,3,0,3
1765406883.192223,1491,1,0,3,0,3
1765406883.208535,1491,1,0,3,0,3
1765406883.224573,1492,1,0,3,0,3
1765406883.241214,1492,1,0,3,0,3
1765406883.257358,1492,1,0,3,0,3
1765406883.273657,1493,1,1,3,1,3
1765406883.290090,1493,1,1,3,1,3
1765406883.305964,1494,1,1,3,1,3
1765406883.322119,1494,1,1,3,1,3
1765406883.338966,1494,1,1,3,1,3
1765406883.356017,1495,1,1,3,1,3
1765406883.372042,1495,1,1,3,1,3
1765406883.388401,1496,1,1,3,1,3
1765406883.405117,1496,1,1,3,1,3
1765406883.421067,1496,1,1,3,1,3
1765406883.438146,1497,1,1,3,1,3
1765406883.454179,1497,1,1,3,1,3
1765406883.471425,1497,1,1,3,1,3
1765406883.488263,1498,1,1,3,1,3
1765406883.504301,1498,1,1,3,1,3
1765406883.520073,1499,1,1,3,1,3
1765406883.536914,1499,1,1,3,1,3
1765406883.553373,1499,1,1,3,1,3
1765406883.570062,1500,1,1,3,1,3
1765406883.586265,1500,1,1,3,1,3
1765406883.603130,1501,1,1,3,1,3
1765406883.618977,1501,1,1,3,1,3
1765406883.634984,1501,1,1,3,1,3
1765406883.652337,1502,1,1,3,1,3
1765406883.668633,1502,1,1,3,1,3
1765406883.685356,1503,1,1,3,1,3
1765406883.701457,1503,1,1,3,1,3
1765406883.717677,1503,1,1,3,1,3
1765406883.733613,1504,1,1,3,1,3
1765406883.751016,1504,1,1,3,1,3
1765406883.767271,1505,1,1,3,1,3
1765406883.782829,1505,1,1,3,1,3
1765406883.799394,1505,1,1,3,1,3
1765406883.816548,1506,1,1,3,1,3
1765406883.833038,1506,1,1,3,1,3
1765406883.849521,1506,1,1,3,1,3
1765406883.867024,1507,1,1,3,1,3
1765406883.883004,1507,1,1,3,1,3
1765406883.899381,1508,1,1,4,1,4
1765406883.917158,1508,1,1,4,1,4
1765406883.932801,1508,1,1,4,1,4
1765406883.949169,1509,1,1,4,1,4
1765406883.965183,1509,1,1,4,1,4
1765406883.981338,1510,1,1,4,1,4
1765406883.997768,1510,1,1,4,1,4
1765406884.014309,1510,1,1,4,1,4
1765406884.030625,1511,1,1,4,1,4
1765406884.047269,1511,1,1,4,1,4
1765406884.062582,1511,1,1,4,1,4
1765406884.079554,1512,1,1,4,1,4
1765406884.096239,1512,1,1,4,1,4
1765406884.112906,1513,1,1,4,1,4
1765406884.130101,1513,1,1,4,1,4
1765406884.145909,1513,1,1,4,1,4
1765406884.162377,1514,1,1,4,1,4
1765406884.178338,1514,1,1,4,1,4
1765406884.194479,1515,1,1,4,1,4
1765406884.211382,1515,1,1,4,1,4
1765406884.228451,1515,1,1,4,1,4
1765406884.245627,1516,1,1,4,1,4
1765406884.262089,1516,1,1,4,1,4
1765406884.279310,1517,1,1,4,1,4
1765406884.296004,1517,1,1,4,1,4
1765406884.313064,1517,1,1,4,1,4
1765406884.329445,1518,1,1,4,1,4
1765406884.347065,1518,1,1,4,1,4
1765406884.363939,1519,1,1,4,1,4
1765406884.381221,1519,1,1,4,1,4
1765406884.397203,1519,1,1,4,1,4
1765406884.413140,1520,1,1,4,1,4
1765406884.430431,1520,1,1,4,1,4
1765406884.447093,1521,1,1,4,1,4
1765406884.464127,1521,1,1,4,1,4
1765406884.479888,1521,1,1,4,1,4
1765406884.497248,1522,1,0,4,0,4
1765406884.513435,1522,1,0,4,0,4
1765406884.530670,1523,1,0,4,0,4
1765406884.547331,1523,1,0,4,0,4
1765406884.562807,1523,1,0,4,0,4
1765406884.579466,1524,1,0,4,0,4
1765406884.597253,1524,1,0,4,0,4
1765406884.613677,1525,1,0,4,0,4
1765406884.630654,1525,1,0,4,0,4
1765406884.646993,1525,1,0,4,0,4
1765406884.663782,1526,1,0,4,0,4
1765406884.680817,1526,1,0,4,0,4
1765406884.697167,1526,1,0,4,0,4
1765406884.712987,1527,1,0,4,0,4
1765406884.730490,1527,1,0,4,0,4
1765406884.747757,1528,1,0,4,0,4
1765406884.764766,1528,1,0,4,0,4
1765406884.781543,1528,1,0,4,0,4
1765406884.798647,1529,1,0,4,0,4
1765406884.815136,1529,1,0,4,0,4
1765406884.831565,1530,1,0,4,0,4
1765406884.848081,1530,1,0,4,0,4
1765406884.863714,1530,1,0,4,0,4
1765406884.880378,1531,1,0,4,0,4
1765406884.896202,1531,1,0,4,0,4
1765406884.911694,1532,1,0,4,0,4
1765406884.928560,1532,1,0,4,0,4
1765406884.945452,1532,1,0,4,0,4
1765406884.961829,1533,1,0,4,0,4
1765406884.979397,1533,1,0,4,0,4
1765406884.996151,1534,1,0,4,0,4
1765406885.012883,1534,1,0,4,0,4
1765406885.028834,1534,1,0,4,0,4
1765406885.045717,1535,1,0,4,0,4
1765406885.062083,1535,1,0,4,0,4
1765406885.077693,1535,1,0,4,0,4
1765406885.094215,1536,1,0,4,0,4
1765406885.110086,1536,1,0,4,0,4
1765406885.126529,1537,1,0,4,0,4
1765406885.143432,1537,1,0,4,0,4
1765406885.160356,1537,1,0,4,0,4
1765406885.176500,1538,1,0,4,0,4
1765406885.193651,1538,1,0,4,0,4
1765406885.210526,1539,1,0,4,0,4
1765406885.227021,1539,1,0,4,0,4
1765406885.243174,1539,1,0,4,0,4
1765406885.259214,1540,1,0,4,0,4
1765406885.274576,1540,1,0,4,0,4
1765406885.291230,1541,1,0,4,0,4
1765406885.307105,1541,1,0,4,0,4
1765406885.323093,1541,1,0,4,0,4
1765406885.339100,1542,1,0,4,0,4
1765406885.356361,1542,1,0,4,0,4
1765406885.373594,1543,1,0,4,0,4
1765406885.390257,1543,1,0,4,0,4
1765406885.406070,1543,1,0,4,0,4
1765406885.422662,1544,1,0,4,0,4
1765406885.439054,1544,1,0,4,0,4
1765406885.455286,1544,1,0,4,0,4
1765406885.471081,1545,1,0,4,0,4
1765406885.487134,1545,1,0,4,0,4
1765406885.504128,1546,1,0,4,0,4
1765406885.521486,1546,1,0,4,0,4
1765406885.538700,1546,1,0,4,0,4
1765406885.555785,1547,1,0,4,0,4
1765406885.572528,1547,1,0,4,0,4
1765406885.589716,1548,1,0,4,0,4
1765406885.606876,1548,1,0,4,0,4
1765406885.622830,1548,1,0,4,0,4
1765406885.639837,1549,1,0,4,0,4
1765406885.657869,1549,1,0,4,0,4
1765406885.674201,1550,1,0,4,0,4
1765406885.690362,1550,1,0,4,0,4
1765406885.705837,1550,1,0,4,0,4
1765406885.722115,1551,1,0,4,0,4
1765406885.738322,1551,1,0,4,0,4
1765406885.754308,1552,1,0,4,0,4
1765406885.770732,1552,1,0,4,0,4
1765406885.787112,1552,1,0,4,0,4
1765406885.803187,1553,1,0,4,0,4
1765406885.819177,1553,1,0,4,0,4
1765406885.835057,1553,1,0,4,0,4
1765406885.851250,1554,1,0,4,0,4
1765406885.867155,1554,1,0,4,0,4
1765406885.883466,1555,1,0,4,0,4
1765406885.900666,1555,1,0,4,0,4
1765406885.917188,1555,1,0,4,0,4
1765406885.933942,1556,1,0,4,0,4
1765406885.951184,1556,1,0,4,0,4
1765406885.967066,1557,1,0,4,0,4
1765406885.982644,1557,1,0,4,0,4
1765406885.999502,1557,1,0,4,0,4
1765406886.016479,1558,1,0,4,0,4
1765406886.032517,1558,1,0,4,0,4
1765406886.048939,1558,1,0,4,0,4
1765406886.065696,1559,1,0,4,0,4
1765406886.081935,1559,1,0,4,0,4
1765406886.098665,1560,1,0,4,0,4
1765406886.116215,1560,1,0,4,0,4
1765406886.132693,1560,1,0,4,0,4
1765406886.149446,1561,1,0,4,0,4
1765406886.167189,1561,1,0,4,0,4
1765406886.183718,1562,1,1,4,1,4
1765406886.199973,1562,1,1,4,1,4
1765406886.216143,1562,1,1,4,1,4
1765406886.232276,1563,1,1,4,1,4
1765406886.249468,1563,1,1,4,1,4
1765406886.266856,1564,1,1,4,1,4
1765406886.283071,1564,1,1,4,1,4
1765406886.298514,1564,1,1,4,1,4
1765406886.314807,1565,1,1,4,1,4
1765406886.331832,1565,1,1,4,1,4
1765406886.349095,1566,1,1,4,1,4
1765406886.365680,1566,1,1,4,1,4
1765406886.382331,1566,1,1,4,1,4
1765406886.398128,1567,1,1,4,1,4
1765406886.414187,1567,1,1,4,1,4
1765406886.429569,1568,1,1,4,1,4
1765406886.446099,1568,1,1,4,1,4
1765406886.461920,1568,1,1,4,1,4
1765406886.478426,1569,1,1,4,1,4
1765406886.495392,1569,1,1,4,1,4
1765406886.512639,1570,1,1,4,1,4
1765406886.528818,1570,1,1,4,1,4
1765406886.545627,1570,1,1,4,1,4
1765406886.562601,1571,1,1,4,1,4
1765406886.578491,1571,1,1,4,1,4
1765406886.596096,1572,1,1,4,1,4
1765406886.611792,1572,1,1,4,1,4
1765406886.628350,1572,1,1,4,1,4
1765406886.644586,1573,1,1,4,1,4
1765406886.662057,1573,1,1,4,1,4
1765406886.678297,1574,1,1,4,1,4
1765406886.695230,1574,1,1,4,1,4
1765406886.711405,1574,1,1,4,1,4
1765406886.728808,1575,1,1,3,1,3
1765406886.744882,1575,1,1,3,1,3
1765406886.761992,1576,1,1,3,1,3
1765406886.778818,1576,1,1,3,1,3
1765406886.795264,1576,1,1,3,1,3
1765406886.812004,1577,1,1,3,1,3
1765406886.828784,1577,1,1,3,1,3
1765406886.854960,1577,1,1,3,1,3
1765406886.872040,1578,1,1,3,1,3
1765406886.888133,1578,1,1,3,1,3
1765406886.905372,1579,1,1,3,1,3
1765406886.922969,1579,1,1,3,1,3
1765406886.939531,1580,1,1,3,1,3
1765406886.956092,1580,1,1,3,1,3
1765406886.973065,1580,1,1,3,1,3
1765406886.988978,1581,1,1,3,1,3
1765406887.004885,1581,1,1,3,1,3
1765406887.021548,1581,1,1,3,1,3
1765406887.038322,1582,1,1,3,1,3
1765406887.054578,1582,1,1,3,1,3
1765406887.071262,1583,1,1,3,1,3
1765406887.087012,1583,1,1,3,1,3
1765406887.102410,1583,1,1,3,1,3
1765406887.118596,1584,1,1,3,1,3
1765406887.136200,1584,1,1,3,1,3
1765406887.152732,1585,1,1,3,1,3
1765406887.169278,1585,1,1,3,1,3
1765406887.185385,1585,1,1,3,1,3
1765406887.202796,1586,1,1,3,1,3
1765406887.220256,1586,1,1,3,1,3
1765406887.236243,1587,1,1,3,1,3
1765406887.251963,1587,1,1,3,1,3
1765406887.268572,1587,1,1,3,1,3
1765406887.285594,1588,1,1,3,1,3
1765406887.302605,1588,1,1,3,1,3
1765406887.319454,1589,1,1,3,1,3
1765406887.336271,1589,1,1,3,1,3
1765406887.352333,1589,1,1,3,1,3
1765406887.368277,1590,1,1,3,1,3
1765406887.384879,1590,1,1,3,1,3
1765406887.400793,1590,1,1,3,1,3
1765406887.418239,1591,1,1,3,1,3
1765406887.433782,1591,1,1,3,1,3
1765406887.450395,1592,1,1,3,1,3
1765406887.467032,1592,1,1,3,1,3
1765406887.483769,1592,1,1,3,1,3
1765406887.500197,1593,1,1,3,1,3
1765406887.516268,1593,1,1,3,1,3
1765406887.532043,1594,1,1,3,1,3
1765406887.547962,1594,1,1,3,1,3
1765406887.564967,1594,1,1,3,1,3
1765406887.582586,1595,1,1,3,1,3
1765406887.599857,1595,1,1,3,1,3
1765406887.616464,1596,1,1,3,1,3
1765406887.633401,1596,1,1,3,1,3
1765406887.650949,1596,1,1,3,1,3
1765406887.666624,1597,1,1,3,1,3
1765406887.683737,1597,1,1,3,1,3
1765406887.700757,1598,1,1,3,1,3
1765406887.718033,1598,1,1,3,1,3
1765406887.734662,1598,1,1,3,1,3
1765406887.751141,1599,1,1,3,1,3
1765406887.767343,1599,1,1,3,1,3
1765406887.783736,1600,1,1,3,1,3
1765406887.800153,1600,1,1,3,1,3
1765406887.818179,1600,1,1,3,1,3
1765406887.835615,1601,1,1,3,1,3
1765406887.852460,1601,1,1,3,1,3
1765406887.869421,1602,1,1,3,1,3
1765406887.887677,1602,1,1,3,1,3
1765406887.904556,1602,1,1,3,1,3
1765406887.921525,1603,1,1,3,1,3
1765406887.938126,1603,1,1,3,1,3
1765406887.954636,1604,1,1,3,1,3
1765406887.971584,1604,1,1,3,1,3
1765406887.988873,1604,1,1,3,1,3
1765406888.004823,1605,1,1,3,1,3
1765406888.020921,1605,1,1,3,1,3
1765406888.037431,1606,1,1,3,1,3
1765406888.054688,1606,1,1,3,1,3
1765406888.070801,1606,1,1,3,1,3
1765406888.087504,1607,1,1,3,1,3
1765406888.104370,1607,1,1,3,1,3
1765406888.120353,1608,1,1,3,1,3
1765406888.136337,1608,1,1,3,1,3
1765406888.152350,1608,1,1,3,1,3
1765406888.168446,1609,1,1,3,1,3
1765406888.185179,1609,1,1,3,1,3
1765406888.200937,1609,1,1,3,1,3
1765406888.217741,1610,1,1,3,1,3
1765406888.235058,1610,1,1,3,1,3
1765406888.251766,1611,1,1,3,1,3
1765406888.268509,1611,1,1,3,1,3
1765406888.285755,1611,1,1,3,1,3
1765406888.302599,1612,1,1,3,1,3
1765406888.319321,1612,1,1,3,1,3
1765406888.334568,1613,1,1,3,1,3
1765406888.350522,1613,1,1,3,1,3
1765406888.367459,1613,1,1,3,1,3
1765406888.384345,1614,1,1,3,1,3
1765406888.399602,1614,1,1,3,1,3
1765406888.416356,1615,1,1,3,1,3
1765406888.432363,1615,1,1,3,1,3
1765406888.448409,1615,1,1,3,1,3
1765406888.465381,1616,1,1,3,1,3
1765406888.481248,1616,1,1,3,1,3
1765406888.497361,1617,1,1,3,1,3
1765406888.513504,1617,1,1,3,1,3
1765406888.530629,1617,1,1,3,1,3
1765406888.547741,1618,1,1,3,1,3
1765406888.564050,1618,1,1,3,1,3
1765406888.580940,1619,1,0,3,0,3
1765406888.597570,1619,1,0,3,0,3
1765406888.614185,1619,1,0,3,0,3
1765406888.630658,1620,1,0,3,0,3
1765406888.647079,1620,1,0,3,0,3
1765406888.663041,1620,1,0,3,0,3
1765406888.679624,1621,1,0,3,0,3
1765406888.696997,1621,1,0,3,0,3
1765406888.712818,1622,1,0,3,0,3
1765406888.729753,1622,1,0,3,0,3
1765406888.747091,1622,1,0,3,0,3
1765406888.762728,1623,1,0,3,0,3
1765406888.780199,1623,1,0,3,0,3
1765406888.797313,1624,1,0,3,0,3
1765406888.813545,1624,1,0,3,0,3
1765406888.829930,1624,1,0,3,0,3
1765406888.847566,1625,1,0,3,0,3
1765406888.864032,1625,1,0,3,0,3
1765406888.881301,1626,1,0,3,0,3
1765406888.897018,1626,1,0,3,0,3
1765406888.913215,1626,1,0,3,0,3
1765406888.928836,1627,1,0,3,0,3
1765406888.945077,1627,1,0,3,0,3
1765406888.961266,1628,1,0,3,0,3
1765406888.976990,1628,1,0,3,0,3
1765406888.993469,1628,1,0,3,0,3
1765406889.010356,1629,1,0,3,0,3
1765406889.025918,1629,1,0,3,0,3
1765406889.042202,1629,1,0,3,0,3
1765406889.058612,1630,1,0,3,0,3
1765406889.074646,1630,1,0,3,0,3
1765406889.091456,1631,1,0,4,0,4
1765406889.108533,1631,1,0,4,0,4
1765406889.125039,1631,1,0,4,0,4
1765406889.141591,1632,1,0,4,0,4
1765406889.158086,1632,1,0,4,0,4
1765406889.175852,1633,1,0,4,0,4
1765406889.193121,1633,1,0,4,0,4
1765406889.209140,1633,1,0,4,0,4
1765406889.226145,1634,1,0,4,0,4
1765406889.242389,1634,1,0,4,0,4
1765406889.259365,1635,1,0,4,0,4
1765406889.275292,1635,1,0,4,0,4
1765406889.291052,1635,1,0,4,0,4
1765406889.307104,1636,1,0,4,0,4
1765406889.324045,1636,1,0,4,0,4
1765406889.340854,1637,1,0,4,0,4
1765406889.356952,1637,1,0,4,0,4
1765406889.373842,1637,1,0,4,0,4
1765406889.391187,1638,1,0,4,0,4
1765406889.408532,1638,1,0,4,0,4
1765406889.425531,1639,1,0,4,0,4
1765406889.442638,1639,1,0,4,0,4
1765406889.460294,1639,1,0,4,0,4
1765406889.477126,1640,1,0,4,0,4
1765406889.493593,1640,1,0,4,0,4
1765406889.510026,1641,1,0,4,0,4
1765406889.525933,1641,1,0,4,0,4
1765406889.542892,1641,1,0,4,0,4
1765406889.560089,1642,1,0,4,0,4
1765406889.575785,1642,1,0,4,0,4
1765406889.591881,1642,1,0,4,0,4
1765406889.608281,1643,1,0,4,0,4
1765406889.625073,1643,1,0,4,0,4
1765406889.641235,1644,1,0,4,0,4
1765406889.657217,1644,1,0,4,0,4
1765406889.673831,1644,1,0,4,0,4
1765406889.690389,1645,1,0,4,0,4
1765406889.707201,1645,1,0,4,0,4
1765406889.723758,1646,1,0,4,0,4
1765406889.740729,1646,1,0,4,0,4
1765406889.757531,1646,1,0,4,0,4
1765406889.774728,1647,1,0,4,0,4
1765406889.790567,1647,1,0,4,0,4
1765406889.808406,1648,1,0,4,0,4
1765406889.824970,1648,1,0,4,0,4
1765406889.842535,1649,1,0,4,0,4
1765406889.858713,1649,1,0,4,0,4
1765406889.875575,1649,1,0,4,0,4
1765406889.892845,1650,1,0,4,0,4
1765406889.909968,1650,1,0,4,0,4
1765406889.927300,1651,1,0,4,0,4
1765406889.943570,1651,1,0,4,0,4
1765406889.960084,1651,1,0,4,0,4
1765406889.976280,1652,1,0,4,0,4
1765406889.993209,1652,1,0,4,0,4
1765406890.009497,1653,1,0,4,0,4
1765406890.026152,1653,1,0,4,0,4
1765406890.042875,1653,1,0,4,0,4
1765406890.060270,1654,1,0,4,0,4
1765406890.076358,1654,1,0,4,0,4
1765406890.092236,1655,1,0,4,0,4
1765406890.108517,1655,1,0,4,0,4
1765406890.125645,1655,1,0,4,0,4
1765406890.142205,1656,1,0,4,0,4
1765406890.157560,1656,1,0,4,0,4
1765406890.174100,1657,1,0,4,0,4
1765406890.190065,1657,1,0,4,0,4
1765406890.206025,1657,1,0,4,0,4
1765406890.222007,1658,1,0,4,0,4
1765406890.238863,1658,1,0,4,0,4
1765406890.254850,1658,1,0,4,0,4
1765406890.272110,1659,1,0,4,0,4
1765406890.288185,1659,1,0,4,0,4
1765406890.304671,1660,1,0,4,0,4
1765406890.320752,1660,1,0,4,0,4
1765406890.337352,1660,1,0,4,0,4
1765406890.353335,1661,1,0,4,0,4
1765406890.369626,1661,1,0,4,0,4
1765406890.386109,1662,1,0,4,0,4
1765406890.402928,1662,1,0,4,0,4
1765406890.420298,1662,1,0,4,0,4
1765406890.435623,1663,1,0,4,0,4
1765406890.452535,1663,1,0,4,0,4
1765406890.469376,1664,1,0,4,0,4
1765406890.485530,1664,1,0,4,0,4
1765406890.501806,1664,1,0,4,0,4
1765406890.517929,1665,1,0,4,0,4
1765406890.534744,1665,1,0,4,0,4
1765406890.551296,1666,1,0,4,0,4
1765406890.567362,1666,1,0,4,0,4
1765406890.583679,1666,1,0,4,0,4
1765406890.599512,1667,1,0,4,0,4
1765406890.616291,1667,1,0,4,0,4
1765406890.631750,1667,1,0,4,0,4
1765406890.648135,1668,1,1,4,1,4
1765406890.664082,1668,1,1,4,1,4
1765406890.679885,1669,1,1,4,1,4
1765406890.697132,1669,1,1,4,1,4
1765406890.712904,1669,1,1,4,1,4
1765406890.730806,1670,1,1,4,1,4
1765406890.747450,1670,1,1,4,1,4
1765406890.764386,1671,1,1,4,1,4
1765406890.781174,1671,1,1,4,1,4
1765406890.797181,1671,1,1,4,1,4
1765406890.814385,1672,1,1,4,1,4
1765406890.831947,1672,1,1,4,1,4
1765406890.848426,1673,1,1,4,1,4
1765406890.866509,1673,1,1,4,1,4
1765406890.882984,1673,1,1,4,1,4
1765406890.900027,1674,1,1,4,1,4
1765406890.916069,1674,1,1,4,1,4
1765406890.933017,1675,1,1,4,1,4
1765406890.950520,1675,1,1,4,1,4
1765406890.967194,1675,1,1,4,1,4
1765406890.982904,1676,1,1,4,1,4
1765406890.999585,1676,1,1,4,1,4
1765406891.016269,1677,1,1,4,1,4
1765406891.032833,1677,1,1,4,1,4
1765406891.049351,1677,1,1,4,1,4
1765406891.065256,1678,1,1,4,1,4
1765406891.082009,1678,1,1,4,1,4
1765406891.098827,1679,1,1,4,1,4
1765406891.115314,1679,1,1,4,1,4
1765406891.131791,1679,1,1,4,1,4
1765406891.148729,1680,1,1,4,1,4
1765406891.164990,1680,1,1,4,1,4
1765406891.181040,1680,1,1,4,1,4
1765406891.197342,1681,1,1,4,1,4
1765406891.214379,1681,1,1,4,1,4
1765406891.230781,1682,1,1,4,1,4
1765406891.247377,1682,1,1,4,1,4
1765406891.263760,1682,1,1,4,1,4
1765406891.280874,1683,1,1,4,1,4
1765406891.297638,1683,1,1,4,1,4
1765406891.314435,1684,1,1,4,1,4
1765406891.330849,1684,1,1,4,1,4
1765406891.348364,1684,1,1,4,1,4
1765406891.363932,1685,1,1,4,1,4
1765406891.380607,1685,1,1,4,1,4
1765406891.398245,1686,1,1,4,1,4
1765406891.414250,1686,1,1,4,1,4
1765406891.430680,1686,1,1,4,1,4
1765406891.447342,1687,1,1,4,1,4
1765406891.464018,1687,1,1,4,1,4
1765406891.480333,1688,1,1,4,1,4
1765406891.496174,1688,1,1,4,1,4
1765406891.512386,1688,1,1,4,1,4
1765406891.528812,1689,1,1,4,1,4
1765406891.545148,1689,1,1,4,1,4
1765406891.562051,1690,1,1,4,1,4
1765406891.578260,1690,1,1,4,1,4
1765406891.594114,1690,1,1,4,1,4
1765406891.610619,1691,1,1,4,1,4
1765406891.627988,1691,1,1,4,1,4
1765406891.644938,1691,1,1,4,1,4
1765406891.661541,1692,1,1,4,1,4
1765406891.678098,1692,1,1,4,1,4
1765406891.694499,1693,1,1,4,1,4
1765406891.710767,1693,1,1,4,1,4
1765406891.727352,1693,1,1,4,1,4
1765406891.743480,1694,1,1,4,1,4
1765406891.759751,1694,1,1,4,1,4
1765406891.776587,1695,1,1,4,1,4
1765406891.793069,1695,1,1,4,1,4
1765406891.809236,1695,1,1,4,1,4
1765406891.825240,1696,1,1,4,1,4
1765406891.841851,1696,1,1,4,1,4
1765406891.858536,1697,1,1,4,1,4
1765406891.875510,1697,1,1,4,1,4
1765406891.892472,1697,1,1,4,1,4
1765406891.910349,1698,1,1,4,1,4
1765406891.927166,1698,1,1,4,1,4
1765406891.943797,1699,1,1,4,1,4
1765406891.960753,1699,1,1,4,1,4
1765406891.977205,1699,1,1,4,1,4
1765406891.993484,1700,1,1,4,1,4
1765406892.010282,1700,1,1,4,1,4
1765406892.026306,1701,1,1,4,1,4
1765406892.044102,1701,1,1,4,1,4
1765406892.061478,1701,1,1,4,1,4
1765406892.077708,1702,1,1,4,1,4
1765406892.094345,1702,1,1,4,1,4
1765406892.110699,1703,1,1,4,1,4
1765406892.127215,1703,1,1,4,1,4
1765406892.143583,1703,1,1,4,1,4
1765406892.160674,1704,1,1,3,1,3
1765406892.177243,1704,1,1,3,1,3
1765406892.192704,1704,1,1,3,1,3
1765406892.209208,1705,1,1,3,1,3
1765406892.225890,1705,1,1,3,1,3
1765406892.243197,1706,1,1,3,1,3
1765406892.259188,1706,1,1,3,1,3
1765406892.275826,1706,1,1,3,1,3
1765406892.291724,1707,1,1,3,1,3
1765406892.308208,1707,1,1,3,1,3
1765406892.325084,1708,1,1,3,1,3
1765406892.341035,1708,1,1,3,1,3
1765406892.356965,1708,1,1,3,1,3
1765406892.373341,1709,1,1,3,1,3
1765406892.389031,1709,1,1,3,1,3
1765406892.405830,1710,1,1,3,1,3
1765406892.421572,1710,1,1,3,1,3
1765406892.437903,1710,1,1,3,1,3
1765406892.454933,1711,1,1,3,1,3
1765406892.470933,1711,1,1,3,1,3
1765406892.487689,1711,1,1,3,1,3
1765406892.505507,1712,1,1,3,1,3
1765406892.522330,1712,1,1,3,1,3
1765406892.538210,1713,1,1,3,1,3
1765406892.553781,1713,1,1,3,1,3
1765406892.570731,1713,1,1,3,1,3
1765406892.587210,1714,1,1,3,1,3
1765406892.604179,1714,1,1,3,1,3
1765406892.619967,1715,1,1,3,1,3
1765406892.637156,1715,1,1,3,1,3
1765406892.653715,1715,1,1,3,1,3
1765406892.670661,1716,1,1,3,1,3
1765406892.686685,1716,1,1,3,1,3
1765406892.703584,1717,1,1,3,1,3
1765406892.720500,1717,1,1,3,1,3
1765406892.737630,1717,1,1,3,1,3
1765406892.753935,1718,1,1,3,1,3
1765406892.769989,1718,1,1,3,1,3
1765406892.786573,1719,1,1,3,1,3
1765406892.803957,1719,1,1,3,1,3
1765406892.820146,1719,1,1,3,1,3
1765406892.838335,1720,1,1,3,1,3
1765406892.854765,1720,1,1,3,1,3
1765406892.870950,1720,1,1,3,1,3
1765406892.887165,1721,1,2,3,2,3
1765406892.904022,1721,1,2,3,2,3
1765406892.920514,1722,1,2,3,2,3
1765406892.937214,1722,1,2,3,2,3
1765406892.952738,1722,1,2,3,2,3
1765406892.969797,1723,1,2,3,2,3
1765406892.985564,1723,1,2,3,2,3
1765406893.003130,1724,1,2,3,2,3
1765406893.019638,1724,1,2,3,2,3
1765406893.036412,1724,1,2,3,2,3
1765406893.052932,1725,1,2,3,2,3
1765406893.069771,1725,1,2,3,2,3
1765406893.087158,1725,1,2,3,2,3
1765406893.103917,1726,1,2,3,2,3
1765406893.120624,1726,1,2,3,2,3
1765406893.137378,1727,1,2,3,2,3
1765406893.155025,1727,1,2,3,2,3
1765406893.171611,1728,1,2,3,2,3
1765406893.188844,1728,1,2,3,2,3
1765406893.206093,1728,1,2,3,2,3
1765406893.222356,1729,1,2,3,2,3
1765406893.238997,1729,1,2,3,2,3
1765406893.254849,1730,1,2,3,2,3
1765406893.271482,1730,1,2,3,2,3
1765406893.288633,1730,1,2,3,2,3
1765406893.305439,1731,1,2,3,2,3
1765406893.322044,1731,1,2,3,2,3
1765406893.338405,1732,1,2,3,2,3
1765406893.355316,1732,1,2,3,2,3
1765406893.370976,1732,1,2,3,2,3
1765406893.388026,1733,1,2,3,2,3
1765406893.403819,1733,1,2,3,2,3
1765406893.420793,1733,1,2,3,2,3
1765406893.437058,1734,1,2,3,2,3
1765406893.453960,1734,1,2,3,2,3
1765406893.470789,1735,1,2,3,2,3
1765406893.487797,1735,1,2,3,2,3
1765406893.504411,1735,1,2,3,2,3
1765406893.521665,1736,1,2,3,2,3
1765406893.538139,1736,1,2,3,2,3
1765406893.554463,1737,1,2,3,2,3
1765406893.572256,1737,1,2,3,2,3
1765406893.588748,1737,1,2,3,2,3
1765406893.604856,1738,1,2,3,2,3
1765406893.621485,1738,1,2,3,2,3
1765406893.638343,1739,1,2,3,2,3
1765406893.653748,1739,1,2,3,2,3
1765406893.671075,1739,1,2,3,2,3
1765406893.688179,1740,1,2,3,2,3
1765406893.703991,1740,1,2,3,2,3
1765406893.720326,1741,1,2,3,2,3
1765406893.736207,1741,1,2,3,2,3
1765406893.752402,1741,1,2,3,2,3
1765406893.769775,1742,1,2,3,2,3
1765406893.785748,1742,1,2,3,2,3
1765406893.803268,1743,1,2,3,2,3
1765406893.820780,1743,1,2,3,2,3
1765406893.837373,1743,1,2,3,2,3
1765406893.853621,1744,1,2,3,2,3
1765406893.870066,1744,1,2,3,2,3
1765406893.886192,1745,1,2,3,2,3
1765406893.903497,1745,1,2,3,2,3
1765406893.920446,1745,1,2,3,2,3
1765406893.937456,1746,1,2,3,2,3
1765406893.953637,1746,1,2,3,2,3
1765406893.970605,1746,1,2,3,2,3
1765406893.988176,1747,1,2,3,2,3
1765406894.004951,1747,1,2,3,2,3
1765406894.021376,1748,1,2,3,2,3
1765406894.038083,1748,1,2,3,2,3
1765406894.054591,1748,1,2,3,2,3
1765406894.071993,1749,1,2,3,2,3
1765406894.088524,1749,1,2,3,2,3
1765406894.105668,1750,1,2,3,2,3
1765406894.123048,1750,1,2,3,2,3
1765406894.138880,1750,1,2,3,2,3
1765406894.155424,1751,1,2,3,2,3
1765406894.173031,1751,1,2,3,2,3
1765406894.189733,1752,1,2,3,2,3
1765406894.206254,1752,1,2,3,2,3
1765406894.222748,1752,1,2,3,2,3
1765406894.239309,1753,1,2,3,2,3
1765406894.255831,1753,1,2,3,2,3
1765406894.272731,1754,1,2,3,2,3
1765406894.288954,1754,1,2,3,2,3
1765406894.305796,1754,1,2,3,2,3
1765406894.322184,1755,1,2,3,2,3
1765406894.338235,1755,1,2,3,2,3
1765406894.354832,1756,1,2,3,2,3
1765406894.371773,1756,1,2,3,2,3
1765406894.388752,1756,1,2,3,2,3
1765406894.405889,1757,1,2,4,2,4
1765406894.421969,1757,1,2,4,2,4
1765406894.439174,1758,1,2,4,2,4
1765406894.455241,1758,1,2,4,2,4
1765406894.472061,1758,1,2,4,2,4
1765406894.488823,1759,1,2,4,2,4
1765406894.505653,1759,1,2,4,2,4
1765406894.522085,1760,1,2,4,2,4
1765406894.539216,1760,1,2,4,2,4
1765406894.555954,1760,1,2,4,2,4
1765406894.572076,1761,1,2,4,2,4
1765406894.588287,1761,1,2,4,2,4
1765406894.605224,1761,1,2,4,2,4
1765406894.621744,1762,1,2,4,2,4
1765406894.638651,1762,1,2,4,2,4
1765406894.655468,1763,1,2,4,2,4
1765406894.672304,1763,1,2,4,2,4
1765406894.688422,1763,1,2,4,2,4
1765406894.705567,1764,1,2,4,2,4
1765406894.722696,1764,1,2,4,2,4
1765406894.739834,1765,1,2,4,2,4
1765406894.756357,1765,1,2,4,2,4
1765406894.772949,1765,1,2,4,2,4
1765406894.789140,1766,1,2,4,2,4
1765406894.804903,1766,1,2,4,2,4
1765406894.821019,1767,1,2,4,2,4
1765406894.837566,1767,1,2,4,2,4
1765406894.854280,1767,1,2,4,2,4
1765406894.870065,1768,1,2,4,2,4
1765406894.887137,1768,1,2,4,2,4
1765406894.904034,1769,1,2,4,2,4
1765406894.921376,1769,1,2,4,2,4
1765406894.937887,1770,1,2,4,2,4
1765406894.955073,1770,1,2,4,2,4
1765406894.971522,1770,1,2,4,2,4
1765406894.989809,1771,1,2,4,2,4
1765406895.007770,1771,1,2,4,2,4
1765406895.024358,1772,1,2,4,2,4
1765406895.054953,1772,1,2,4,2,4
1765406895.099169,1773,1,2,4,2,4
1765406895.117403,1774,1,2,4,2,4
1765406895.134170,1774,1,2,4,2,4
1765406895.151271,1775,1,2,4,2,4
1765406895.168713,1775,1,2,4,2,4
1765406895.191023,1775,1,2,4,2,4
1765406895.255908,1776,1,2,4,2,4
