time,snapshot_id,player_id,server_row,server_col,display_row,display_col
1765627980.478921,231,1,0,12,0,12
1765627980.496027,232,1,0,12,0,12
1765627980.514601,232,1,0,12,0,12
1765627980.529514,233,1,0,12,0,12
1765627980.543258,234,1,0,12,0,12
1765627980.558038,235,1,0,12,0,12
1765627980.574797,236,1,0,12,0,12
1765627980.591404,236,1,0,12,0,12
1765627980.608212,237,1,0,12,0,12
1765627980.624959,238,1,0,12,0,12
1765627980.641691,239,1,0,12,0,12
1765627980.658684,239,1,0,12,0,12
1765627980.674799,241,1,0,12,0,12
1765627980.692165,241,1,0,12,0,12
1765627980.709063,242,1,0,12,0,12
1765627980.726135,243,1,0,12,0,12
1765627980.741566,244,1,0,12,0,12
1765627980.758837,245,1,0,12,0,12
1765627980.774899,245,1,0,12,0,12
1765627980.791342,246,1,0,12,0,12
1765627980.807209,247,1,0,12,0,12
1765627980.823629,248,1,0,12,0,12
1765627980.840308,248,1,0,12,0,12
1765627980.856123,249,1,0,12,0,12
1765627980.873065,250,1,0,12,0,12
1765627980.889708,251,1,0,12,0,12
1765627980.906260,252,1,0,12,0,12
1765627980.922800,253,1,0,12,0,12
1765627980.938952,254,1,0,12,0,12
1765627980.955425,255,1,0,12,0,12
1765627980.972184,256,1,0,12,0,12
1765627980.989380,256,1,0,12,0,12
1765627981.005409,257,1,0,12,0,12
1765627981.022011,258,1,0,12,0,12
1765627981.038139,259,1,0,12,0,12
1765627981.054427,259,1,0,12,0,12
1765627981.072373,260,1,0,12,0,12
1765627981.088525,261,1,0,12,0,12
1765627981.106119,262,1,0,12,0,12
1765627981.124297,263,1,0,12,0,12
1765627981.142877,264,1,0,12,0,12
1765627981.159462,265,1,0,12,0,12
1765627981.177416,266,1,0,12,0,12
1765627981.194076,267,1,0,12,0,12
1765627981.210090,268,1,0,12,0,12
1765627981.226273,268,1,0,12,0,12
1765627981.242885,269,1,0,12,0,12
1765627981.259865,270,1,0,12,0,12
1765627981.276396,271,1,0,12,0,12
1765627981.293156,272,1,0,12,0,12
1765627981.310221,272,1,0,12,0,12
1765627981.326333,273,1,0,12,0,12
1765627981.342455,274,1,0,12,0,12
1765627981.360003,275,1,0,12,0,12
1765627981.376529,275,1,0,12,0,12
1765627981.392780,276,1,0,12,0,12
1765627981.409698,277,1,0,12,0,12
1765627981.426124,278,1,0,12,0,12
1765627981.441968,278,1,0,12,0,12
1765627981.458175,280,1,0,12,0,12
1765627981.474761,280,1,0,12,0,12
1765627981.491411,282,1,0,12,0,12
1765627981.508302,283,1,0,12,0,12
1765627981.525023,284,1,0,12,0,12
1765627981.541672,285,1,0,12,0,12
1765627981.558786,286,1,0,12,0,12
1765627981.576236,287,1,0,12,0,12
1765627981.592427,288,1,0,12,0,12
1765627981.609546,289,1,0,12,0,12
1765627981.627160,290,1,0,12,0,12
1765627981.643351,290,1,0,12,0,12
1765627981.659732,291,1,0,12,0,12
1765627981.676503,292,1,0,12,0,12
1765627981.692811,293,1,0,12,0,12
1765627981.709939,293,1,0,12,0,12
1765627981.726389,295,1,0,12,0,12
1765627981.742948,296,1,0,12,0,12
1765627981.759292,297,1,0,12,0,12
1765627981.774943,297,1,0,12,0,12
1765627981.791832,299,1,0,12,0,12
1765627981.809191,299,1,0,12,0,12
1765627981.826140,300,1,0,12,0,12
1765627981.842760,301,1,0,12,0,12
1765627981.859328,302,1,0,12,0,12
1765627981.876314,303,1,0,12,0,12
1765627981.891740,303,1,0,12,0,12
1765627981.908357,304,1,0,12,0,12
1765627981.924103,305,1,0,12,0,12
1765627981.940833,306,1,0,12,0,12
1765627981.957269,306,1,0,12,0,12
1765627981.972742,308,1,0,12,0,12
1765627981.989535,308,1,0,12,0,12
1765627982.006429,309,1,0,12,0,12
1765627982.024573,310,1,0,12,0,12
1765627982.041367,311,1,0,12,0,12
1765627982.057443,312,1,0,12,0,12
1765627982.074026,312,1,0,12,0,12
1765627982.090589,313,1,0,12,0,12
1765627982.108195,314,1,0,12,0,12
1765627982.123789,315,1,0,12,0,12
1765627982.140080,316,1,0,12,0,12
1765627982.156043,317,1,0,12,0,12
1765627982.173206,318,1,0,12,0,12
1765627982.188648,319,1,0,12,0,12
1765627982.206296,319,1,0,12,0,12
1765627982.222391,320,1,0,12,0,12
1765627982.238614,321,1,0,12,0,12
1765627982.255333,322,1,0,12,0,12
1765627982.271350,323,1,0,12,0,12
1765627982.287776,324,1,0,12,0,12
1765627982.303548,325,1,0,12,0,12
1765627982.320216,326,1,0,12,0,12
1765627982.336540,327,1,0,12,0,12
1765627982.353162,327,1,0,12,0,12
1765627982.368855,328,1,0,12,0,12
1765627982.386105,329,1,0,12,0,12
1765627982.401863,330,1,0,12,0,12
1765627982.417848,330,1,0,12,0,12
1765627982.434360,331,1,0,12,0,12
1765627982.451320,332,1,0,12,0,12
1765627982.467185,333,1,0,12,0,12
1765627982.483895,333,1,0,12,0,12
1765627982.499927,334,1,0,12,0,12
1765627982.516339,335,1,0,12,0,12
1765627982.531905,336,1,0,12,0,12
1765627982.548677,336,1,0,12,0,12
1765627982.566364,338,1,0,12,0,12
1765627982.582359,339,1,0,12,0,12
1765627982.599184,341,1,0,12,0,12
1765627982.616557,342,1,0,12,0,12
1765627982.633153,342,1,0,12,0,12
1765627982.649796,344,1,0,12,0,12
1765627982.666177,345,1,0,12,0,12
1765627982.698994,346,1,0,12,0,12
1765627982.716045,347,1,0,12,0,12
1765627982.732537,348,1,0,12,0,12
1765627982.766527,348,1,0,12,0,12
1765627982.783487,348,1,0,12,0,12
1765627982.800517,350,1,0,12,0,12
1765627982.817613,351,1,0,12,0,12
1765627982.836031,353,1,0,12,0,12
1765627982.852988,354,1,0,12,0,12
1765627982.869220,355,1,0,12,0,12
1765627982.885994,356,1,0,12,0,12
1765627982.901639,357,1,0,12,0,12
1765627982.918647,357,1,0,12,0,12
1765627982.957141,357,1,0,12,0,12
1765627982.975093,360,1,0,12,0,12
1765627982.991992,361,1,0,12,0,12
1765627983.034744,362,1,0,12,0,12
1765627983.043960,363,1,0,12,0,12
1765627983.060505,364,1,0,12,0,12
1765627983.077169,365,1,0,12,0,12
1765627983.093610,366,1,0,12,0,12
1765627983.110395,367,1,0,12,0,12
1765627983.126395,367,1,0,12,0,12
1765627983.144679,368,1,0,12,0,12
1765627983.161569,369,1,0,12,0,12
1765627983.179086,371,1,0,12,0,12
1765627983.194915,372,1,0,12,0,12
1765627983.212363,373,1,0,12,0,12
1765627983.229515,374,1,0,12,0,12
1765627983.247056,375,1,0,12,0,12
1765627983.263235,376,1,0,12,0,12
1765627983.279100,376,1,0,12,0,12
1765627983.295574,377,1,0,12,0,12
1765627983.312353,378,1,0,12,0,12
1765627983.328579,379,1,0,12,0,12
1765627983.345595,380,1,0,12,0,12
1765627983.361841,380,1,0,12,0,12
1765627983.378676,381,1,0,12,0,12
1765627983.394732,382,1,0,12,0,12
1765627983.411187,383,1,0,12,0,12
1765627983.427656,384,1,0,12,0,12
1765627983.445301,385,1,0,12,0,12
1765627983.461432,385,1,0,12,0,12
1765627983.478535,387,1,0,12,0,12
1765627983.494693,387,1,0,12,0,12
1765627983.511451,388,1,0,12,0,12
1765627983.527664,389,1,0,12,0,12
1765627983.543896,390,1,0,12,0,12
1765627983.561408,391,1,0,12,0,12
1765627983.578420,392,1,0,13,0,13
1765627983.595793,393,1,0,13,0,13
1765627983.613160,394,1,0,13,0,13
1765627983.629544,395,1,0,13,0,13
1765627983.646458,395,1,0,13,0,13
1765627983.664039,396,1,0,13,0,13
1765627983.680612,397,1,0,13,0,13
1765627983.697267,398,1,0,13,0,13
1765627983.713271,399,1,0,13,0,13
1765627983.729701,400,1,0,13,0,13
1765627983.747138,401,1,0,13,0,13
1765627983.762989,401,1,0,13,0,13
1765627983.779671,402,1,0,13,0,13
1765627983.796840,403,1,0,13,0,13
1765627983.813420,404,1,0,13,0,13
1765627983.831196,405,1,0,13,0,13
1765627983.847114,405,1,0,13,0,13
1765627983.863313,406,1,0,13,0,13
1765627983.879673,407,1,0,13,0,13
1765627983.895534,408,1,0,13,0,13
1765627983.912256,408,1,0,13,0,13
1765627983.928413,409,1,0,13,0,13
1765627983.945442,410,1,0,13,0,13
1765627983.962159,411,1,0,13,0,13
1765627983.978527,411,1,0,13,0,13
1765627983.995567,412,1,0,13,0,13
1765627984.012744,413,1,0,13,0,13
1765627984.030187,414,1,0,13,0,13
1765627984.045872,415,1,0,13,0,13
1765627984.062493,415,1,0,13,0,13
1765627984.079856,416,1,0,13,0,13
1765627984.096641,417,1,0,13,0,13
1765627984.112917,418,1,0,13,0,13
1765627984.129176,419,1,0,13,0,13
1765627984.144772,419,1,0,13,0,13
1765627984.161125,420,1,0,13,0,13
1765627984.177172,421,1,0,13,0,13
1765627984.194373,422,1,0,13,0,13
1765627984.210648,423,1,0,13,0,13
1765627984.227449,424,1,0,13,0,13
1765627984.244011,424,1,0,13,0,13
1765627984.260754,426,1,0,13,0,13
1765627984.277348,426,1,0,13,0,13
1765627984.293080,427,1,0,13,0,13
1765627984.309433,428,1,0,13,0,13
1765627984.327540,429,1,0,13,0,13
1765627984.344274,430,1,0,13,0,13
1765627984.360119,431,1,0,13,0,13
1765627984.376155,432,1,0,13,0,13
1765627984.392635,433,1,0,13,0,13
1765627984.409686,434,1,0,13,0,13
1765627984.426501,434,1,0,13,0,13
1765627984.442770,436,1,0,13,0,13
1765627984.460104,437,1,0,13,0,13
1765627984.477080,438,1,0,13,0,13
1765627984.493279,438,1,0,13,0,13
1765627984.509277,439,1,0,13,0,13
1765627984.526081,440,1,0,13,0,13
1765627984.542428,442,1,0,13,0,13
1765627984.559509,443,1,0,13,0,13
1765627984.576594,444,1,0,13,0,13
1765627984.593103,445,1,0,13,0,13
1765627984.609342,445,1,0,13,0,13
1765627984.626553,446,1,0,13,0,13
1765627984.643266,447,1,0,13,0,13
1765627984.659295,448,1,0,13,0,13
1765627984.676171,448,1,0,13,0,13
1765627984.693349,449,1,0,13,0,13
1765627984.709763,450,1,0,13,0,13
1765627984.725909,451,1,0,13,0,13
1765627984.741661,452,1,0,13,0,13
1765627984.758134,453,1,0,13,0,13
1765627984.774997,454,1,0,13,0,13
1765627984.791738,455,1,0,13,0,13
1765627984.807987,456,1,0,13,0,13
1765627984.824020,457,1,0,13,0,13
1765627984.840230,457,1,0,13,0,13
1765627984.856857,458,1,0,13,0,13
1765627984.873061,459,1,0,13,0,13
1765627984.888658,461,1,0,13,0,13
1765627984.905408,461,1,0,13,0,13
1765627984.921996,463,1,0,13,0,13
1765627984.937897,463,1,0,13,0,13
1765627984.954485,464,1,0,13,0,13
1765627984.972044,465,1,0,13,0,13
1765627984.987763,466,1,0,13,0,13
1765627985.004387,466,1,0,13,0,13
1765627985.021991,467,1,0,13,0,13
1765627985.039356,468,1,0,13,0,13
1765627985.056108,469,1,0,13,0,13
1765627985.072711,470,1,0,13,0,13
1765627985.089820,471,1,0,13,0,13
1765627985.106872,472,1,0,13,0,13
1765627985.123539,473,1,0,13,0,13
1765627985.140617,474,1,1,13,1,13
1765627985.158301,475,1,1,13,1,13
1765627985.174081,476,1,1,13,1,13
1765627985.189620,477,1,1,13,1,13
1765627985.206661,477,1,1,13,1,13
1765627985.223334,478,1,1,13,1,13
1765627985.239125,479,1,1,13,1,13
1765627985.255543,480,1,1,13,1,13
1765627985.272224,481,1,1,13,1,13
1765627985.289403,482,1,1,13,1,13
1765627985.306246,483,1,1,13,1,13
1765627985.322812,483,1,1,13,1,13
1765627985.339612,484,1,1,13,1,13
1765627985.356225,485,1,1,13,1,13
1765627985.373032,486,1,1,13,1,13
1765627985.390590,487,1,1,13,1,13
1765627985.407881,488,1,1,13,1,13
1765627985.425348,488,1,1,13,1,13
1765627985.441268,490,1,1,13,1,13
1765627985.457465,490,1,1,13,1,13
1765627985.474715,491,1,1,13,1,13
1765627985.490749,492,1,1,13,1,13
1765627985.507795,493,1,1,13,1,13
1765627985.525536,494,1,1,13,1,13
1765627985.542779,494,1,1,13,1,13
1765627985.559551,496,1,1,13,1,13
1765627985.576548,497,1,1,13,1,13
1765627985.593844,498,1,1,13,1,13
1765627985.609902,498,1,1,13,1,13
1765627985.626240,499,1,1,13,1,13
1765627985.642460,500,1,1,13,1,13
1765627985.659053,501,1,1,13,1,13
1765627985.676211,502,1,1,13,1,13
1765627985.693077,502,1,1,13,1,13
1765627985.709343,503,1,1,13,1,13
1765627985.725004,504,1,1,13,1,13
1765627985.741323,505,1,1,13,1,13
1765627985.757343,506,1,1,13,1,13
1765627985.774157,507,1,1,13,1,13
1765627985.790571,508,1,1,13,1,13
1765627985.807274,509,1,1,13,1,13
1765627985.823224,510,1,1,13,1,13
1765627985.839597,511,1,1,13,1,13
1765627985.856620,512,1,1,13,1,13
1765627985.873600,513,1,1,13,1,13
1765627985.890723,514,1,1,12,1,12
1765627985.907448,514,1,1,12,1,12
1765627985.925188,515,1,1,12,1,12
1765627985.941218,516,1,1,12,1,12
1765627985.957761,517,1,1,12,1,12
1765627985.975043,517,1,1,12,1,12
1765627985.991595,518,1,1,12,1,12
1765627986.007996,519,1,1,12,1,12
1765627986.024795,520,1,1,12,1,12
1765627986.041292,521,1,1,12,1,12
1765627986.057936,521,1,1,12,1,12
1765627986.074943,522,1,1,12,1,12
1765627986.091331,523,1,1,12,1,12
1765627986.107352,524,1,1,12,1,12
1765627986.123689,524,1,1,12,1,12
1765627986.141285,525,1,1,12,1,12
1765627986.157543,526,1,1,12,1,12
1765627986.173949,527,1,1,12,1,12
1765627986.190181,527,1,1,12,1,12
1765627986.206209,528,1,1,12,1,12
1765627986.222278,529,1,1,12,1,12
1765627986.237920,530,1,1,12,1,12
1765627986.253847,530,1,1,12,1,12
1765627986.269491,531,1,1,12,1,12
1765627986.286519,532,1,1,12,1,12
1765627986.303724,534,1,1,12,1,12
1765627986.321138,535,1,1,12,1,12
1765627986.337326,536,1,1,12,1,12
1765627986.354016,537,1,1,12,1,12
1765627986.370067,538,1,1,12,1,12
1765627986.386325,539,1,1,12,1,12
1765627986.402517,539,1,1,12,1,12
1765627986.419733,540,1,1,12,1,12
1765627986.435704,541,1,1,12,1,12
1765627986.452520,542,1,1,12,1,12
1765627986.469415,542,1,1,12,1,12
1765627986.486509,544,1,1,12,1,12
1765627986.503812,545,1,1,12,1,12
1765627986.520391,545,1,1,12,1,12
1765627986.536315,546,1,1,12,1,12
1765627986.552474,547,1,1,12,1,12
1765627986.569313,548,1,1,12,1,12
1765627986.586687,548,1,1,12,1,12
1765627986.603423,550,1,1,12,1,12
1765627986.620216,551,1,0,12,0,12
1765627986.637022,553,1,0,12,0,12
1765627986.653457,553,1,0,12,0,12
1765627986.670589,555,1,0,12,0,12
1765627986.687432,555,1,0,12,0,12
1765627986.704794,556,1,0,12,0,12
1765627986.721461,557,1,0,12,0,12
1765627986.739001,558,1,0,12,0,12
1765627986.755878,559,1,0,12,0,12
1765627986.772383,559,1,0,12,0,12
1765627986.789164,561,1,0,12,0,12
1765627986.806593,562,1,0,12,0,12
1765627986.822957,562,1,0,12,0,12
1765627986.840259,564,1,0,12,0,12
1765627986.856999,564,1,0,12,0,12
1765627986.872549,565,1,0,12,0,12
1765627986.889732,566,1,0,12,0,12
1765627986.906141,567,1,0,12,0,12
1765627986.922667,567,1,0,12,0,12
1765627986.938829,569,1,0,12,0,12
1765627986.955486,570,1,0,12,0,12
1765627986.972779,571,1,0,12,0,12
1765627986.989547,572,1,0,12,0,12
1765627987.005890,573,1,0,12,0,12
1765627987.023142,574,1,0,12,0,12
1765627987.039204,574,1,0,12,0,12
1765627987.055301,575,1,0,12,0,12
1765627987.071194,576,1,0,12,0,12
1765627987.086874,577,1,0,12,0,12
1765627987.103466,577,1,0,12,0,12
1765627987.121304,578,1,0,12,0,12
1765627987.137917,579,1,0,12,0,12
1765627987.155340,580,1,0,12,0,12
1765627987.172219,581,1,0,12,0,12
1765627987.188820,582,1,0,12,0,12
1765627987.204746,583,1,0,12,0,12
1765627987.221471,583,1,0,12,0,12
1765627987.238780,584,1,0,12,0,12
1765627987.256377,585,1,0,12,0,12
1765627987.271900,587,1,0,12,0,12
1765627987.289124,587,1,0,12,0,12
1765627987.306051,588,1,0,13,0,13
1765627987.322488,589,1,0,13,0,13
1765627987.340054,590,1,0,13,0,13
1765627987.357021,591,1,0,13,0,13
1765627987.372806,592,1,0,13,0,13
1765627987.389219,593,1,0,13,0,13
1765627987.405094,593,1,0,13,0,13
1765627987.421615,594,1,0,13,0,13
1765627987.438762,595,1,0,13,0,13
1765627987.455459,596,1,0,13,0,13
1765627987.471634,596,1,0,13,0,13
1765627987.488989,597,1,0,13,0,13
1765627987.505648,598,1,0,13,0,13
1765627987.522547,599,1,0,13,0,13
1765627987.539933,600,1,0,13,0,13
1765627987.557299,601,1,0,13,0,13
1765627987.574097,602,1,0,13,0,13
1765627987.590483,603,1,0,13,0,13
1765627987.606884,604,1,0,13,0,13
1765627987.622824,604,1,0,13,0,13
1765627987.639154,605,1,0,12,0,12
1765627987.656077,606,1,0,12,0,12
1765627987.672359,607,1,0,12,0,12
1765627987.688350,607,1,0,12,0,12
1765627987.703702,609,1,0,12,0,12
1765627987.720404,609,1,0,12,0,12
1765627987.737410,610,1,0,12,0,12
1765627987.754808,611,1,0,12,0,12
1765627987.771372,613,1,0,12,0,12
1765627987.787999,613,1,0,12,0,12
1765627987.804535,614,1,0,12,0,12
1765627987.821514,615,1,0,12,0,12
1765627987.838891,616,1,0,12,0,12
1765627987.855402,617,1,0,12,0,12
1765627987.872572,617,1,0,12,0,12
1765627987.890269,618,1,0,12,0,12
1765627987.905944,619,1,0,12,0,12
1765627987.922382,620,1,0,12,0,12
1765627987.939110,621,1,0,12,0,12
1765627987.955907,621,1,0,12,0,12
1765627987.971526,622,1,0,12,0,12
1765627987.988045,623,1,0,12,0,12
1765627988.004888,624,1,0,12,0,12
1765627988.021475,624,1,0,12,0,12
1765627988.038328,625,1,0,12,0,12
1765627988.054075,626,1,0,12,0,12
1765627988.071538,627,1,0,12,0,12
1765627988.088939,628,1,0,12,0,12
1765627988.105526,628,1,0,12,0,12
1765627988.123064,629,1,0,12,0,12
1765627988.139282,630,1,0,12,0,12
1765627988.155467,631,1,0,12,0,12
1765627988.172985,631,1,0,12,0,12
1765627988.189071,632,1,0,12,0,12
1765627988.205902,633,1,0,12,0,12
1765627988.222225,634,1,0,12,0,12
1765627988.238935,635,1,0,12,0,12
1765627988.255404,636,1,0,12,0,12
1765627988.272432,637,1,0,12,0,12
1765627988.289051,637,1,0,12,0,12
1765627988.306500,638,1,0,12,0,12
1765627988.323920,639,1,0,12,0,12
1765627988.340616,640,1,0,12,0,12
1765627988.357087,641,1,0,12,0,12
1765627988.373250,641,1,0,12,0,12
1765627988.388842,642,1,0,12,0,12
1765627988.404952,643,1,0,12,0,12
1765627988.422197,644,1,0,12,0,12
1765627988.439185,645,1,0,12,0,12
1765627988.454804,646,1,0,12,0,12
1765627988.471572,647,1,0,12,0,12
1765627988.488369,648,1,0,12,0,12
1765627988.505599,649,1,0,12,0,12
1765627988.522651,649,1,0,12,0,12
1765627988.539293,651,1,0,11,0,11
1765627988.556223,652,1,0,11,0,11
1765627988.572412,653,1,0,11,0,11
1765627988.589258,653,1,0,11,0,11
1765627988.605273,654,1,0,11,0,11
1765627988.621243,655,1,0,11,0,11
1765627988.637520,656,1,0,11,0,11
1765627988.653787,656,1,0,11,0,11
1765627988.669687,657,1,0,11,0,11
1765627988.686083,658,1,0,11,0,11
1765627988.702726,659,1,0,11,0,11
1765627988.719676,660,1,0,11,0,11
1765627988.736132,662,1,0,11,0,11
1765627988.752676,663,1,0,11,0,11
1765627988.769305,664,1,0,11,0,11
1765627988.785571,665,1,0,11,0,11
1765627988.802453,666,1,0,11,0,11
1765627988.819665,667,1,0,11,0,11
1765627988.836902,667,1,0,11,0,11
1765627988.854157,668,1,0,11,0,11
1765627988.871288,669,1,0,11,0,11
1765627988.886924,670,1,0,11,0,11
1765627988.903605,670,1,0,11,0,11
1765627988.919778,672,1,0,11,0,11
1765627988.936553,672,1,0,11,0,11
1765627988.953089,673,1,0,11,0,11
1765627988.969661,674,1,0,11,0,11
1765627988.986430,675,1,0,11,0,11
1765627989.004087,676,1,0,11,0,11
1765627989.021667,676,1,0,11,0,11
1765627989.037993,677,1,0,11,0,11
1765627989.055080,678,1,0,11,0,11
1765627989.071963,679,1,0,11,0,11
1765627989.087798,680,1,0,11,0,11
1765627989.104356,680,1,0,11,0,11
1765627989.121629,681,1,0,11,0,11
1765627989.138209,682,1,0,11,0,11
1765627989.154397,683,1,0,11,0,11
1765627989.169633,683,1,0,11,0,11
1765627989.186306,684,1,0,11,0,11
1765627989.203258,685,1,0,11,0,11
1765627989.219918,686,1,0,11,0,11
1765627989.236583,687,1,0,11,0,11
1765627989.252752,687,1,0,11,0,11
1765627989.270185,688,1,0,11,0,11
1765627989.286568,689,1,0,11,0,11
1765627989.304009,690,1,0,11,0,11
1765627989.320785,690,1,0,11,0,11
1765627989.337236,691,1,0,11,0,11
1765627989.353158,692,1,0,11,0,11
1765627989.369277,693,1,0,11,0,11
1765627989.385109,694,1,0,11,0,11
1765627989.400995,694,1,0,11,0,11
1765627989.417623,695,1,0,11,0,11
1765627989.434159,696,1,0,11,0,11
1765627989.450041,697,1,0,11,0,11
1765627989.466358,698,1,0,11,0,11
1765627989.482074,699,1,0,11,0,11
1765627989.497860,700,1,0,11,0,11
1765627989.513842,701,1,0,11,0,11
1765627989.531208,702,1,0,11,0,11
1765627989.547983,703,1,0,11,0,11
1765627989.564012,704,1,0,11,0,11
1765627989.581718,705,1,0,11,0,11
1765627989.598379,706,1,0,11,0,11
1765627989.614170,707,1,0,11,0,11
1765627989.630163,707,1,0,11,0,11
1765627989.646721,708,1,0,11,0,11
1765627989.663002,709,1,0,11,0,11
1765627989.679232,710,1,0,11,0,11
1765627989.695280,711,1,0,11,0,11
1765627989.711676,712,1,0,11,0,11
1765627989.728004,713,1,0,11,0,11
1765627989.744292,714,1,0,11,0,11
1765627989.759783,714,1,0,11,0,11
1765627989.777347,715,1,0,11,0,11
1765627989.793676,716,1,0,11,0,11
1765627989.810226,717,1,0,11,0,11
1765627989.827456,718,1,0,11,0,11
1765627989.844905,718,1,0,11,0,11
1765627989.861498,719,1,0,11,0,11
1765627989.878824,720,1,0,11,0,11
1765627989.895847,722,1,0,11,0,11
1765627989.913479,723,1,0,11,0,11
1765627989.930674,723,1,0,11,0,11
1765627989.948016,724,1,0,11,0,11
1765627989.964053,725,1,0,11,0,11
1765627989.981573,726,1,0,11,0,11
1765627989.998418,727,1,0,11,0,11
1765627990.015615,729,1,0,11,0,11
1765627990.032661,730,1,0,11,0,11
1765627990.049037,730,1,0,11,0,11
1765627990.065085,731,1,0,11,0,11
1765627990.081513,732,1,0,12,0,12
1765627990.098281,733,1,0,12,0,12
1765627990.114408,733,1,0,12,0,12
1765627990.131322,734,1,0,12,0,12
1765627990.147288,735,1,0,12,0,12
1765627990.162972,736,1,0,12,0,12
1765627990.179245,736,1,0,12,0,12
1765627990.194711,738,1,0,12,0,12
1765627990.211721,738,1,0,12,0,12
1765627990.228088,740,1,0,12,0,12
1765627990.243573,740,1,0,12,0,12
1765627990.260303,741,1,0,12,0,12
1765627990.276555,742,1,0,12,0,12
1765627990.334295,743,1,0,12,0,12
1765627990.350939,745,1,0,12,0,12
1765627990.367695,746,1,0,12,0,12
1765627990.384345,747,1,0,12,0,12
1765627990.400202,748,1,0,12,0,12
1765627990.416240,748,1,0,12,0,12
1765627990.432618,749,1,0,12,0,12
1765627990.448929,750,1,0,12,0,12
1765627990.465501,751,1,0,12,0,12
1765627990.482412,752,1,0,12,0,12
1765627990.499905,752,1,0,12,0,12
1765627990.516351,753,1,0,12,0,12
1765627990.532980,754,1,0,12,0,12
1765627990.550617,755,1,0,12,0,12
1765627990.568085,756,1,0,12,0,12
1765627990.584148,756,1,0,12,0,12
1765627990.601745,757,1,0,12,0,12
1765627990.618388,758,1,0,12,0,12
1765627990.634458,759,1,0,12,0,12
1765627990.651431,760,1,0,12,0,12
1765627990.669056,761,1,0,12,0,12
1765627990.684941,761,1,0,12,0,12
1765627990.701303,762,1,0,11,0,11
1765627990.717336,763,1,0,11,0,11
1765627990.733368,764,1,0,11,0,11
1765627990.750228,764,1,0,11,0,11
1765627990.766768,766,1,0,11,0,11
1765627990.783086,767,1,0,11,0,11
1765627990.798622,768,1,0,11,0,11
1765627990.815211,769,1,0,11,0,11
1765627990.831833,770,1,0,11,0,11
1765627990.848901,771,1,0,11,0,11
1765627990.865444,772,1,0,11,0,11
1765627990.882989,772,1,0,11,0,11
1765627990.899030,773,1,0,11,0,11
1765627990.915571,774,1,0,11,0,11
1765627990.932211,775,1,0,11,0,11
1765627990.948279,776,1,0,11,0,11
1765627990.964707,776,1,0,11,0,11
1765627990.980680,777,1,0,11,0,11
1765627990.996994,778,1,0,11,0,11
1765627991.013725,779,1,0,11,0,11
1765627991.030638,779,1,0,11,0,11
1765627991.046964,781,1,0,11,0,11
1765627991.063537,782,1,0,11,0,11
1765627991.080840,783,1,0,11,0,11
1765627991.097830,783,1,0,11,0,11
1765627991.114499,785,1,0,11,0,11
1765627991.131706,786,1,0,11,0,11
1765627991.148101,786,1,0,11,0,11
1765627991.164991,787,1,0,11,0,11
1765627991.181598,788,1,0,11,0,11
1765627991.198021,789,1,0,11,0,11
1765627991.215429,789,1,0,11,0,11
1765627991.233157,790,1,0,11,0,11
1765627991.250009,791,1,0,11,0,11
1765627991.266818,792,1,0,11,0,11
1765627991.282975,794,1,0,11,0,11
1765627991.299398,795,1,0,11,0,11
1765627991.316099,796,1,0,11,0,11
1765627991.332325,796,1,0,11,0,11
1765627991.348113,797,1,0,11,0,11
1765627991.365153,798,1,0,11,0,11
1765627991.381137,799,1,0,11,0,11
1765627991.396620,799,1,0,11,0,11
1765627991.413638,800,1,0,11,0,11
1765627991.430831,801,1,0,11,0,11
1765627991.447478,802,1,0,11,0,11
1765627991.465014,803,1,0,11,0,11
1765627991.481441,804,1,0,11,0,11
1765627991.498262,805,1,0,11,0,11
1765627991.514437,806,1,0,11,0,11
1765627991.531396,807,1,0,11,0,11
1765627991.547633,809,1,0,11,0,11
1765627991.564524,809,1,0,11,0,11
1765627991.581898,810,1,0,11,0,11
1765627991.597975,811,1,0,11,0,11
1765627991.615413,812,1,0,11,0,11
1765627991.633197,813,1,0,11,0,11
1765627991.649221,813,1,0,11,0,11
1765627991.665783,814,1,0,11,0,11
1765627991.683422,815,1,0,11,0,11
1765627991.700738,816,1,0,11,0,11
1765627991.717129,817,1,0,11,0,11
1765627991.733891,817,1,0,11,0,11
1765627991.751355,819,1,0,11,0,11
1765627991.766917,820,1,0,11,0,11
1765627991.782939,821,1,1,11,1,11
1765627991.799902,821,1,1,11,1,11
1765627991.816216,822,1,1,11,1,11
1765627991.832704,823,1,1,11,1,11
1765627991.849513,824,1,1,11,1,11
1765627991.866185,825,1,1,11,1,11
1765627991.882355,825,1,1,11,1,11
1765627991.898379,826,1,1,11,1,11
1765627991.914442,827,1,1,11,1,11
1765627991.931355,828,1,1,11,1,11
1765627991.946955,829,1,1,11,1,11
1765627991.962928,831,1,1,11,1,11
1765627991.979439,832,1,1,11,1,11
1765627991.996417,833,1,1,11,1,11
1765627992.013632,833,1,1,11,1,11
1765627992.030176,834,1,1,11,1,11
1765627992.046510,835,1,1,11,1,11
1765627992.063195,836,1,1,11,1,11
1765627992.078865,836,1,1,11,1,11
1765627992.095202,837,1,1,11,1,11
1765627992.111347,838,1,1,11,1,11
1765627992.128177,839,1,1,11,1,11
1765627992.144283,840,1,1,11,1,11
1765627992.160047,840,1,1,11,1,11
1765627992.176172,841,1,1,11,1,11
1765627992.193225,842,1,1,11,1,11
1765627992.209937,843,1,1,11,1,11
1765627992.226006,843,1,1,11,1,11
1765627992.242698,844,1,1,11,1,11
1765627992.258961,845,1,1,11,1,11
1765627992.274670,846,1,1,11,1,11
1765627992.290970,846,1,1,11,1,11
1765627992.308137,847,1,1,11,1,11
1765627992.324044,848,1,1,11,1,11
1765627992.341380,849,1,1,11,1,11
1765627992.356859,850,1,1,11,1,11
1765627992.372920,851,1,1,11,1,11
1765627992.389912,852,1,1,11,1,11
1765627992.405894,853,1,1,11,1,11
1765627992.422807,854,1,1,11,1,11
1765627992.439617,854,1,1,11,1,11
1765627992.455892,855,1,1,11,1,11
1765627992.471815,856,1,1,11,1,11
1765627992.488445,857,1,1,11,1,11
1765627992.505309,857,1,1,11,1,11
1765627992.522564,859,1,1,11,1,11
1765627992.539043,859,1,1,11,1,11
1765627992.555821,860,1,1,11,1,11
1765627992.573021,861,1,1,11,1,11
1765627992.589190,862,1,1,11,1,11
1765627992.605507,862,1,1,11,1,11
1765627992.622249,863,1,1,11,1,11
1765627992.638551,864,1,1,11,1,11
1765627992.656012,865,1,1,11,1,11
1765627992.672540,866,1,1,11,1,11
1765627992.689247,866,1,1,11,1,11
1765627992.705453,868,1,1,11,1,11
1765627992.722217,868,1,1,11,1,11
1765627992.738231,870,1,1,11,1,11
1765627992.753712,871,1,1,11,1,11
1765627992.770103,871,1,1,11,1,11
1765627992.786167,873,1,1,11,1,11
1765627992.802134,873,1,1,11,1,11
1765627992.818200,874,1,1,11,1,11
1765627992.833671,875,1,1,11,1,11
1765627992.851167,876,1,1,11,1,11
1765627992.867570,876,1,1,11,1,11
1765627992.884442,877,1,1,11,1,11
1765627992.901144,878,1,1,11,1,11
1765627992.917500,879,1,1,11,1,11
1765627992.934788,880,1,1,11,1,11
1765627992.952088,880,1,1,11,1,11
1765627992.968089,881,1,1,11,1,11
1765627992.984784,882,1,1,11,1,11
1765627993.000961,883,1,1,11,1,11
1765627993.018164,883,1,1,11,1,11
1765627993.034589,884,1,1,11,1,11
1765627993.051510,886,1,1,11,1,11
1765627993.067925,886,1,1,11,1,11
1765627993.084574,887,1,1,11,1,11
1765627993.101168,888,1,1,11,1,11
1765627993.216758,889,1,1,11,1,11
1765627993.239383,890,1,1,11,1,11
1765627993.261577,891,1,1,11,1,11
1765627993.279142,893,1,1,11,1,11
1765627993.295866,894,1,1,11,1,11
1765627993.313654,895,1,1,11,1,11
1765627993.330410,896,1,1,11,1,11
1765627993.346886,897,1,1,11,1,11
1765627993.363744,898,1,1,11,1,11
1765627993.381110,898,1,1,11,1,11
1765627993.397923,900,1,1,11,1,11
1765627993.413919,900,1,1,11,1,11
1765627993.430296,901,1,1,11,1,11
1765627993.446352,902,1,1,11,1,11
1765627993.462414,903,1,1,11,1,11
1765627993.479322,903,1,1,11,1,11
1765627993.496593,905,1,0,11,0,11
1765627993.513473,906,1,0,11,0,11
1765627993.529933,906,1,0,11,0,11
1765627993.546867,907,1,0,11,0,11
1765627993.563457,908,1,0,11,0,11
1765627993.579491,909,1,0,11,0,11
1765627993.596490,909,1,0,11,0,11
1765627993.613819,910,1,0,11,0,11
1765627993.630915,911,1,0,11,0,11
1765627993.647550,912,1,0,11,0,11
1765627993.664272,913,1,0,11,0,11
1765627993.680698,913,1,0,11,0,11
1765627993.697574,914,1,0,11,0,11
1765627993.714620,915,1,0,11,0,11
1765627993.741339,916,1,0,11,0,11
1765627993.758644,918,1,0,11,0,11
1765627993.775053,919,1,0,11,0,11
1765627993.791405,920,1,0,11,0,11
1765627993.808119,920,1,0,11,0,11
1765627993.824627,921,1,0,11,0,11
1765627993.841423,922,1,0,11,0,11
1765627993.858459,923,1,0,11,0,11
1765627993.876015,924,1,0,11,0,11
1765627993.892838,925,1,0,11,0,11
1765627993.909261,926,1,0,11,0,11
1765627993.924942,927,1,0,11,0,11
1765627993.941780,928,1,0,11,0,11
1765627993.958364,928,1,0,11,0,11
1765627993.974686,929,1,0,11,0,11
1765627993.991790,930,1,0,11,0,11
1765627994.008066,931,1,0,11,0,11
1765627994.024144,932,1,0,11,0,11
1765627994.040488,932,1,0,11,0,11
1765627994.057180,933,1,0,11,0,11
1765627994.073631,934,1,0,11,0,11
1765627994.091188,935,1,0,11,0,11
1765627994.107099,935,1,0,11,0,11
1765627994.123731,937,1,0,11,0,11
1765627994.140529,938,1,0,11,0,11
1765627994.157581,939,1,0,11,0,11
1765627994.175075,940,1,0,11,0,11
1765627994.191228,940,1,0,11,0,11
1765627994.208146,941,1,0,11,0,11
1765627994.223779,942,1,0,11,0,11
1765627994.241600,943,1,0,11,0,11
1765627994.258082,944,1,0,11,0,11
1765627994.275008,946,1,0,11,0,11
1765627994.291349,946,1,0,11,0,11
1765627994.306943,947,1,0,11,0,11
1765627994.323613,948,1,0,11,0,11
1765627994.340439,949,1,0,11,0,11
1765627994.357877,950,1,0,11,0,11
1765627994.373708,951,1,0,11,0,11
1765627994.389840,951,1,0,11,0,11
1765627994.406781,952,1,0,11,0,11
1765627994.423595,953,1,0,11,0,11
1765627994.440369,954,1,0,11,0,11
1765627994.455991,955,1,0,11,0,11
1765627994.473117,955,1,0,11,0,11
1765627994.489612,956,1,0,11,0,11
1765627994.506068,957,1,0,11,0,11
1765627994.522548,959,1,0,11,0,11
1765627994.540114,959,1,0,11,0,11
1765627994.556192,960,1,0,11,0,11
1765627994.572119,961,1,0,11,0,11
1765627994.588109,962,1,0,11,0,11
1765627994.604736,963,1,0,11,0,11
1765627994.621343,964,1,0,11,0,11
1765627994.637668,964,1,0,11,0,11
1765627994.654520,965,1,0,11,0,11
1765627994.671384,966,1,0,11,0,11
1765627994.688374,967,1,0,11,0,11
1765627994.705094,968,1,0,11,0,11
1765627994.721702,969,1,0,11,0,11
1765627994.737998,970,1,0,11,0,11
1765627994.754925,971,1,0,11,0,11
1765627994.771802,973,1,0,11,0,11
1765627994.788472,973,1,0,11,0,11
1765627994.804573,974,1,0,11,0,11
1765627994.821093,975,1,0,11,0,11
1765627994.837722,976,1,0,11,0,11
1765627994.855350,976,1,0,11,0,11
1765627994.872059,977,1,0,11,0,11
1765627994.889046,978,1,0,11,0,11
1765627994.904817,979,1,0,11,0,11
1765627994.921531,980,1,0,11,0,11
1765627994.938212,981,1,0,11,0,11
1765627994.954388,983,1,0,11,0,11
1765627994.970584,984,1,0,11,0,11
1765627994.986789,985,1,0,11,0,11
1765627995.002712,986,1,0,11,0,11
1765627995.019333,987,1,0,11,0,11
1765627995.035480,988,1,0,11,0,11
1765627995.052460,989,1,0,11,0,11
1765627995.069612,989,1,0,11,0,11
1765627995.086286,990,1,0,11,0,11
1765627995.102290,991,1,0,11,0,11
1765627995.119066,992,1,0,11,0,11
1765627995.135881,992,1,0,11,0,11
1765627995.152300,993,1,0,11,0,11
1765627995.168964,994,1,0,11,0,11
1765627995.185920,995,1,0,11,0,11
1765627995.202742,996,1,0,11,0,11
1765627995.219380,997,1,0,11,0,11
1765627995.235153,998,1,0,11,0,11
1765627995.251183,998,1,0,11,0,11
1765627995.268054,999,1,0,11,0,11
1765627995.284560,1000,1,0,11,0,11
1765627995.301675,1002,1,0,11,0,11
1765627995.319163,1002,1,0,11,0,11
1765627995.335611,1003,1,0,11,0,11
1765627995.353447,1004,1,0,12,0,12
1765627995.371255,1005,1,0,12,0,12
1765627995.388289,1006,1,0,12,0,12
1765627995.405247,1006,1,0,12,0,12
1765627995.422624,1007,1,0,12,0,12
1765627995.439121,1008,1,0,12,0,12
1765627995.455371,1009,1,0,12,0,12
1765627995.470662,1010,1,0,12,0,12
1765627995.487366,1011,1,0,12,0,12
1765627995.503753,1012,1,0,12,0,12
1765627995.520660,1012,1,0,12,0,12
1765627995.538660,1013,1,0,12,0,12
1765627995.555594,1014,1,0,12,0,12
1765627995.572396,1015,1,0,12,0,12
1765627995.588068,1016,1,0,12,0,12
1765627995.604601,1016,1,0,12,0,12
1765627995.621974,1018,1,0,12,0,12
1765627995.638096,1018,1,0,12,0,12
1765627995.654770,1019,1,0,12,0,12
1765627995.671455,1020,1,0,12,0,12
1765627995.688570,1021,1,0,12,0,12
1765627995.705462,1022,1,0,12,0,12
1765627995.721858,1023,1,0,12,0,12
1765627995.738027,1023,1,0,12,0,12
1765627995.755050,1024,1,0,12,0,12
1765627995.771686,1025,1,0,12,0,12
1765627995.788280,1026,1,0,12,0,12
1765627995.804445,1027,1,0,12,0,12
1765627995.821275,1027,1,0,12,0,12
1765627995.837471,1028,1,0,12,0,12
1765627995.855298,1029,1,0,12,0,12
1765627995.872084,1030,1,0,12,0,12
1765627995.887913,1031,1,0,12,0,12
1765627995.903904,1031,1,0,12,0,12
1765627995.920167,1032,1,0,12,0,12
1765627995.935817,1033,1,0,12,0,12
1765627995.953177,1034,1,0,12,0,12
1765627995.969339,1034,1,0,12,0,12
1765627995.986404,1036,1,0,12,0,12
1765627996.003798,1036,1,0,12,0,12
1765627996.020886,1037,1,0,12,0,12
1765627996.036756,1038,1,0,12,0,12
1765627996.052979,1039,1,0,12,0,12
1765627996.069348,1039,1,0,12,0,12
1765627996.084588,1040,1,0,12,0,12
1765627996.101171,1041,1,0,12,0,12
1765627996.117173,1042,1,0,12,0,12
1765627996.133413,1043,1,0,12,0,12
1765627996.150327,1044,1,0,12,0,12
1765627996.166475,1045,1,0,12,0,12
1765627996.183767,1046,1,0,12,0,12
1765627996.200387,1047,1,0,12,0,12
1765627996.216368,1048,1,0,12,0,12
1765627996.233431,1049,1,0,12,0,12
1765627996.250210,1051,1,0,12,0,12
1765627996.266301,1051,1,0,12,0,12
1765627996.282313,1052,1,0,12,0,12
1765627996.298791,1053,1,0,12,0,12
1765627996.314764,1054,1,0,12,0,12
1765627996.331910,1055,1,0,12,0,12
1765627996.349182,1056,1,0,12,0,12
1765627996.364854,1057,1,1,12,1,12
1765627996.381924,1058,1,1,12,1,12
1765627996.398378,1059,1,1,12,1,12
1765627996.415127,1059,1,1,12,1,12
1765627996.431359,1060,1,1,12,1,12
1765627996.447065,1061,1,1,12,1,12
1765627996.463433,1062,1,1,12,1,12
1765627996.480241,1062,1,1,12,1,12
1765627996.496617,1063,1,1,12,1,12
1765627996.513528,1064,1,1,12,1,12
1765627996.530636,1065,1,1,12,1,12
1765627996.548027,1066,1,1,12,1,12
1765627996.564438,1066,1,1,12,1,12
1765627996.581722,1067,1,1,12,1,12
1765627996.598561,1068,1,1,12,1,12
1765627996.615790,1069,1,1,12,1,12
1765627996.632434,1070,1,1,12,1,12
1765627996.649745,1070,1,1,12,1,12
1765627996.665822,1071,1,1,12,1,12
1765627996.682005,1072,1,1,12,1,12
1765627996.698038,1073,1,1,12,1,12
1765627996.714085,1074,1,1,12,1,12
1765627996.731192,1075,1,1,12,1,12
1765627996.747280,1075,1,1,12,1,12
1765627996.763703,1076,1,1,12,1,12
1765627996.780169,1077,1,1,12,1,12
1765627996.796913,1078,1,1,12,1,12
1765627996.813270,1079,1,1,12,1,12
1765627996.829736,1080,1,1,12,1,12
1765627996.845629,1081,1,1,12,1,12
1765627996.861916,1082,1,1,12,1,12
1765627996.878862,1082,1,1,12,1,12
1765627996.894825,1083,1,1,12,1,12
1765627996.912251,1084,1,1,12,1,12
1765627996.928216,1085,1,1,12,1,12
1765627996.943600,1086,1,1,12,1,12
1765627996.961195,1088,1,1,12,1,12
1765627996.977679,1089,1,1,12,1,12
1765627996.994464,1089,1,1,12,1,12
1765627997.012013,1090,1,1,12,1,12
1765627997.027948,1091,1,1,12,1,12
1765627997.043749,1092,1,1,13,1,13
1765627997.060142,1092,1,1,13,1,13
1765627997.076274,1093,1,1,13,1,13
1765627997.093643,1094,1,1,13,1,13
1765627997.110339,1095,1,1,13,1,13
1765627997.126148,1095,1,1,13,1,13
1765627997.141696,1096,1,1,13,1,13
1765627997.158341,1097,1,1,13,1,13
1765627997.174025,1098,1,1,13,1,13
1765627997.191058,1099,1,1,13,1,13
1765627997.206565,1099,1,1,13,1,13
1765627997.223549,1100,1,1,13,1,13
1765627997.240216,1101,1,1,13,1,13
1765627997.256588,1102,1,1,13,1,13
1765627997.273499,1103,1,1,13,1,13
1765627997.290400,1104,1,1,13,1,13
1765627997.307325,1104,1,1,13,1,13
1765627997.324913,1105,1,1,13,1,13
1765627997.341343,1106,1,1,13,1,13
1765627997.358160,1107,1,1,13,1,13
1765627997.374111,1108,1,1,13,1,13
1765627997.390434,1108,1,1,13,1,13
1765627997.407413,1109,1,1,13,1,13
1765627997.424778,1110,1,1,13,1,13
1765627997.441793,1111,1,1,13,1,13
1765627997.458504,1112,1,1,13,1,13
1765627997.474969,1112,1,1,13,1,13
1765627997.491110,1113,1,1,13,1,13
1765627997.506538,1114,1,1,13,1,13
1765627997.523582,1115,1,1,13,1,13
1765627997.541723,1115,1,1,13,1,13
1765627997.558702,1117,1,1,13,1,13
1765627997.575768,1118,1,1,13,1,13
1765627997.592780,1119,1,1,13,1,13
1765627997.609806,1120,1,1,13,1,13
1765627997.626796,1120,1,1,13,1,13
1765627997.642932,1121,1,1,13,1,13
1765627997.659199,1122,1,1,13,1,13
1765627997.675846,1123,1,1,13,1,13
1765627997.692316,1124,1,1,13,1,13
1765627997.708313,1125,1,1,13,1,13
1765627997.723767,1125,1,1,13,1,13
1765627997.740107,1126,1,1,13,1,13
1765627997.757247,1127,1,1,13,1,13
1765627997.774448,1128,1,1,13,1,13
1765627997.791585,1129,1,1,13,1,13
1765627997.809123,1130,1,1,13,1,13
1765627997.886472,1131,1,1,13,1,13
1765627997.907097,1132,1,1,13,1,13
1765627997.920787,1134,1,1,13,1,13
1765627997.937997,1135,1,1,13,1,13
1765627997.954757,1136,1,1,13,1,13
1765627997.970691,1136,1,1,13,1,13
1765627997.987084,1137,1,1,13,1,13
1765627998.003019,1138,1,1,13,1,13
1765627998.019446,1139,1,1,13,1,13
1765627998.036268,1140,1,1,13,1,13
1765627998.052707,1141,1,1,13,1,13
1765627998.069024,1142,1,1,13,1,13
1765627998.085481,1143,1,1,13,1,13
1765627998.102212,1144,1,1,13,1,13
1765627998.118805,1144,1,1,13,1,13
1765627998.135986,1146,1,1,13,1,13
1765627998.152357,1147,1,1,13,1,13
1765627998.168774,1148,1,1,13,1,13
1765627998.185796,1148,1,1,13,1,13
1765627998.202677,1149,1,1,13,1,13
1765627998.218779,1150,1,1,13,1,13
1765627998.235268,1151,1,1,13,1,13
1765627998.251977,1152,1,1,13,1,13
1765627998.268638,1152,1,1,13,1,13
1765627998.285773,1153,1,1,13,1,13
1765627998.301883,1154,1,1,13,1,13
1765627998.318803,1155,1,1,13,1,13
1765627998.334463,1155,1,1,13,1,13
1765627998.351729,1156,1,1,13,1,13
1765627998.368257,1157,1,1,13,1,13
1765627998.384255,1158,1,1,13,1,13
1765627998.401069,1159,1,1,13,1,13
1765627998.416815,1159,1,1,13,1,13
1765627998.433400,1160,1,1,13,1,13
1765627998.451230,1161,1,1,13,1,13
1765627998.467915,1162,1,1,13,1,13
1765627998.484832,1162,1,1,13,1,13
1765627998.501684,1163,1,1,13,1,13
1765627998.519330,1165,1,1,13,1,13
1765627998.535851,1165,1,1,13,1,13
1765627998.553164,1166,1,1,13,1,13
1765627998.570030,1167,1,1,13,1,13
1765627998.586109,1168,1,1,13,1,13
1765627998.603636,1168,1,1,13,1,13
1765627998.620095,1169,1,1,13,1,13
1765627998.636068,1170,1,1,13,1,13
1765627998.652627,1171,1,1,13,1,13
1765627998.669456,1172,1,1,13,1,13
1765627998.686257,1172,1,1,13,1,13
1765627998.703885,1174,1,1,13,1,13
1765627998.720795,1174,1,1,13,1,13
1765627998.737522,1175,1,1,13,1,13
1765627998.754165,1176,1,1,13,1,13
1765627998.769671,1177,1,1,13,1,13
1765627998.787117,1178,1,1,13,1,13
1765627998.803068,1178,1,1,13,1,13
1765627998.820011,1180,1,1,13,1,13
1765627998.836309,1180,1,1,13,1,13
1765627998.854018,1181,1,1,13,1,13
1765627998.871247,1182,1,1,13,1,13
1765627998.887437,1183,1,1,13,1,13
1765627998.905137,1184,1,1,13,1,13
1765627998.921798,1184,1,1,13,1,13
1765627998.938452,1185,1,1,13,1,13
1765627998.955717,1186,1,0,13,0,13
1765627998.972532,1187,1,0,13,0,13
1765627998.989512,1187,1,0,13,0,13
1765627999.006829,1188,1,0,13,0,13
1765627999.023350,1189,1,0,13,0,13
1765627999.038802,1190,1,0,13,0,13
1765627999.056358,1191,1,0,13,0,13
1765627999.072316,1192,1,0,13,0,13
1765627999.088448,1193,1,0,13,0,13
1765627999.104717,1194,1,0,13,0,13
1765627999.121947,1195,1,0,13,0,13
1765627999.138592,1195,1,0,13,0,13
1765627999.155701,1196,1,0,13,0,13
1765627999.172583,1197,1,0,13,0,13
1765627999.189838,1198,1,0,13,0,13
1765627999.206720,1198,1,0,13,0,13
1765627999.223427,1199,1,0,13,0,13
1765627999.240326,1200,1,0,13,0,13
1765627999.256176,1201,1,0,13,0,13
1765627999.272400,1202,1,0,13,0,13
1765627999.288893,1202,1,0,13,0,13
1765627999.305359,1204,1,0,14,0,14
1765627999.321096,1205,1,0,14,0,14
1765627999.337581,1206,1,0,14,0,14
1765627999.354543,1206,1,0,14,0,14
1765627999.371294,1207,1,0,14,0,14
1765627999.387607,1208,1,0,14,0,14
1765627999.404086,1209,1,0,14,0,14
1765627999.420733,1209,1,0,14,0,14
1765627999.437169,1210,1,0,14,0,14
1765627999.454097,1211,1,0,14,0,14
1765627999.469667,1212,1,0,14,0,14
1765627999.486785,1213,1,0,14,0,14
1765627999.504322,1214,1,0,14,0,14
1765627999.519968,1215,1,0,14,0,14
1765627999.536854,1215,1,0,14,0,14
1765627999.552841,1217,1,0,14,0,14
1765627999.569758,1217,1,0,14,0,14
1765627999.586916,1219,1,0,14,0,14
1765627999.602826,1220,1,0,14,0,14
1765627999.619974,1221,1,0,14,0,14
1765627999.635901,1221,1,0,14,0,14
1765627999.653473,1222,1,0,14,0,14
1765627999.670764,1223,1,0,14,0,14
1765627999.687149,1224,1,0,14,0,14
1765627999.703804,1225,1,0,14,0,14
1765627999.720967,1225,1,0,14,0,14
1765627999.737544,1226,1,0,14,0,14
1765627999.754773,1227,1,0,14,0,14
1765627999.772011,1228,1,0,14,0,14
1765627999.788363,1229,1,0,14,0,14
1765627999.805363,1230,1,0,14,0,14
1765627999.821987,1231,1,0,14,0,14
1765627999.838629,1232,1,0,14,0,14
1765627999.855318,1233,1,0,14,0,14
1765627999.871015,1234,1,0,14,0,14
1765627999.888108,1235,1,0,14,0,14
1765627999.903736,1235,1,0,14,0,14
1765627999.921379,1236,1,0,15,0,15
1765627999.937561,1237,1,0,15,0,15
1765627999.954938,1238,1,0,15,0,15
1765627999.970751,1238,1,0,15,0,15
1765627999.987695,1239,1,0,15,0,15
1765628000.003542,1240,1,0,15,0,15
1765628000.021131,1241,1,0,15,0,15
1765628000.037131,1242,1,0,15,0,15
1765628000.053353,1244,1,0,15,0,15
1765628000.069364,1244,1,0,15,0,15
1765628000.085240,1245,1,0,15,0,15
1765628000.101474,1246,1,0,15,0,15
1765628000.118385,1247,1,0,15,0,15
1765628000.134975,1248,1,0,15,0,15
1765628000.150877,1248,1,0,15,0,15
1765628000.167948,1249,1,0,15,0,15
1765628000.183697,1250,1,0,15,0,15
1765628000.200728,1251,1,0,15,0,15
1765628000.217265,1251,1,0,15,0,15
1765628000.233377,1252,1,0,15,0,15
1765628000.250148,1253,1,0,15,0,15
1765628000.266526,1254,1,0,15,0,15
1765628000.283679,1255,1,0,15,0,15
1765628000.300704,1255,1,0,15,0,15
1765628000.317473,1256,1,0,15,0,15
1765628000.334180,1257,1,0,15,0,15
1765628000.350730,1258,1,0,15,0,15
1765628000.368278,1259,1,0,15,0,15
1765628000.385027,1259,1,0,15,0,15
1765628000.401563,1260,1,0,15,0,15
1765628000.418969,1261,1,0,15,0,15
1765628000.435765,1262,1,0,15,0,15
1765628000.452286,1262,1,0,15,0,15
1765628000.468333,1263,1,0,15,0,15
1765628000.484174,1264,1,0,15,0,15
1765628000.500289,1265,1,0,15,0,15
1765628000.517307,1266,1,0,15,0,15
1765628000.533653,1267,1,0,15,0,15
1765628000.551388,1268,1,0,15,0,15
1765628000.567905,1269,1,0,15,0,15
1765628000.584841,1270,1,0,15,0,15
1765628000.602317,1271,1,0,15,0,15
1765628000.618937,1272,1,0,15,0,15
1765628000.636805,1273,1,0,15,0,15
1765628000.653312,1274,1,0,15,0,15
1765628000.668777,1274,1,0,15,0,15
1765628000.685955,1275,1,0,15,0,15
1765628000.702038,1276,1,0,15,0,15
1765628000.718852,1277,1,0,15,0,15
1765628000.735278,1278,1,0,15,0,15
1765628000.751935,1278,1,0,15,0,15
1765628000.768324,1279,1,0,15,0,15
1765628000.784404,1280,1,0,15,0,15
1765628000.802215,1281,1,0,15,0,15
1765628000.818733,1281,1,0,15,0,15
1765628000.835712,1283,1,0,15,0,15
1765628000.851699,1283,1,0,15,0,15
1765628000.869270,1285,1,0,15,0,15
1765628000.884916,1286,1,0,15,0,15
1765628000.901585,1287,1,0,15,0,15
1765628000.919641,1288,1,0,15,0,15
1765628000.935901,1289,1,0,15,0,15
1765628000.951991,1290,1,0,15,0,15
1765628000.969080,1290,1,0,15,0,15
1765628000.986175,1291,1,0,15,0,15
1765628001.002546,1292,1,0,15,0,15
1765628001.018972,1293,1,0,15,0,15
1765628001.035516,1294,1,0,15,0,15
1765628001.052816,1294,1,0,15,0,15
1765628001.068971,1295,1,0,15,0,15
1765628001.085563,1296,1,0,15,0,15
1765628001.102740,1297,1,0,15,0,15
1765628001.118867,1297,1,0,15,0,15
1765628001.136079,1299,1,0,15,0,15
1765628001.152380,1300,1,0,15,0,15
1765628001.169001,1301,1,0,15,0,15
1765628001.185006,1302,1,0,15,0,15
1765628001.201247,1302,1,0,15,0,15
1765628001.217495,1303,1,0,15,0,15
1765628001.234460,1304,1,0,15,0,15
1765628001.251581,1305,1,0,15,0,15
1765628001.268408,1305,1,0,15,0,15
1765628001.284901,1306,1,0,15,0,15
1765628001.301981,1307,1,0,15,0,15
1765628001.317733,1308,1,0,15,0,15
1765628001.333563,1308,1,0,15,0,15
1765628001.351124,1310,1,0,15,0,15
1765628001.367167,1311,1,0,15,0,15
1765628001.383918,1311,1,0,15,0,15
1765628001.399770,1312,1,0,15,0,15
1765628001.416691,1313,1,0,15,0,15
1765628001.433785,1314,1,0,15,0,15
1765628001.450020,1314,1,0,15,0,15
1765628001.466118,1315,1,0,15,0,15
1765628001.482340,1316,1,0,15,0,15
1765628001.498483,1317,1,0,15,0,15
1765628001.516097,1318,1,0,15,0,15
1765628001.533184,1318,1,0,15,0,15
1765628001.549900,1320,1,0,15,0,15
1765628001.565597,1320,1,0,15,0,15
1765628001.582387,1321,1,0,15,0,15
1765628001.598327,1322,1,0,15,0,15
1765628001.614908,1323,1,0,15,0,15
1765628001.631615,1324,1,0,15,0,15
1765628001.648976,1325,1,0,15,0,15
1765628001.665183,1326,1,0,15,0,15
1765628001.681345,1327,1,0,15,0,15
1765628001.696696,1327,1,0,15,0,15
1765628001.713583,1328,1,0,15,0,15
1765628001.730140,1329,1,0,15,0,15
1765628001.746128,1330,1,0,15,0,15
1765628001.762334,1330,1,0,15,0,15
1765628001.778348,1331,1,0,15,0,15
1765628001.794847,1332,1,0,15,0,15
1765628001.811280,1333,1,0,15,0,15
1765628001.826811,1333,1,0,15,0,15
1765628001.843418,1335,1,0,15,0,15
1765628001.861993,1336,1,0,14,0,14
1765628001.878370,1336,1,0,14,0,14
1765628001.894299,1337,1,0,14,0,14
1765628001.910829,1338,1,0,14,0,14
1765628001.927652,1339,1,0,14,0,14
1765628001.944781,1339,1,0,14,0,14
1765628001.961371,1340,1,0,14,0,14
1765628001.977393,1341,1,0,14,0,14
1765628001.994748,1342,1,0,14,0,14
1765628002.010641,1343,1,0,14,0,14
1765628002.027534,1344,1,0,14,0,14
1765628002.044338,1345,1,0,14,0,14
1765628002.060605,1346,1,0,14,0,14
1765628002.077147,1347,1,0,14,0,14
1765628002.093759,1348,1,0,14,0,14
1765628002.110883,1350,1,0,14,0,14
1765628002.127562,1350,1,0,14,0,14
1765628002.145125,1351,1,0,14,0,14
1765628002.161318,1352,1,0,14,0,14
1765628002.177135,1353,1,0,14,0,14
1765628002.193079,1354,1,0,14,0,14
1765628002.209791,1355,1,0,14,0,14
1765628002.225968,1355,1,0,14,0,14
1765628002.242219,1357,1,0,14,0,14
1765628002.259208,1357,1,0,14,0,14
1765628002.275118,1358,1,0,14,0,14
1765628002.291545,1359,1,0,14,0,14
1765628002.308270,1360,1,0,14,0,14
1765628002.324282,1361,1,0,14,0,14
1765628002.340701,1362,1,0,14,0,14
1765628002.357045,1362,1,0,14,0,14
1765628002.373254,1363,1,0,14,0,14
1765628002.389565,1364,1,0,14,0,14
1765628002.406931,1365,1,0,14,0,14
1765628002.423864,1366,1,0,14,0,14
1765628002.440030,1367,1,0,14,0,14
1765628002.456485,1368,1,0,14,0,14
1765628002.472615,1368,1,0,14,0,14
1765628002.489655,1370,1,0,14,0,14
1765628002.506947,1370,1,0,14,0,14
1765628002.523229,1372,1,0,14,0,14
1765628002.539710,1373,1,0,13,0,13
1765628002.556729,1374,1,0,13,0,13
1765628002.573914,1375,1,0,13,0,13
1765628002.589759,1375,1,0,13,0,13
1765628002.606480,1376,1,0,13,0,13
1765628002.623504,1377,1,0,13,0,13
1765628002.640816,1378,1,0,13,0,13
1765628002.657463,1378,1,0,13,0,13
1765628002.674200,1380,1,0,13,0,13
1765628002.690104,1380,1,0,13,0,13
1765628002.706648,1382,1,0,13,0,13
1765628002.723198,1382,1,0,13,0,13
1765628002.739779,1383,1,0,13,0,13
1765628002.757280,1384,1,0,13,0,13
1765628002.773876,1385,1,0,13,0,13
1765628002.790840,1387,1,0,13,0,13
1765628002.808107,1388,1,0,13,0,13
1765628002.823717,1389,1,0,13,0,13
1765628002.841458,1389,1,0,13,0,13
1765628002.858741,1390,1,0,13,0,13
1765628002.875361,1391,1,0,13,0,13
1765628002.891557,1392,1,0,13,0,13
1765628002.909621,1393,1,0,13,0,13
1765628002.927203,1393,1,0,13,0,13
1765628002.943206,1394,1,0,13,0,13
1765628002.958663,1395,1,0,13,0,13
1765628002.976379,1396,1,0,13,0,13
1765628002.992134,1396,1,0,13,0,13
1765628003.008326,1397,1,0,13,0,13
1765628003.024757,1398,1,0,13,0,13
1765628003.041461,1399,1,0,13,0,13
1765628003.058123,1400,1,0,12,0,12
1765628003.073889,1400,1,0,12,0,12
1765628003.090780,1401,1,0,12,0,12
1765628003.107329,1402,1,0,12,0,12
1765628003.122985,1403,1,0,12,0,12
1765628003.139556,1403,1,0,12,0,12
1765628003.156230,1404,1,0,12,0,12
1765628003.172425,1405,1,0,12,0,12
1765628003.189882,1407,1,0,12,0,12
1765628003.206640,1407,1,0,12,0,12
1765628003.223692,1408,1,0,12,0,12
1765628003.239860,1409,1,0,12,0,12
1765628003.256304,1410,1,0,12,0,12
1765628003.272391,1411,1,0,12,0,12
1765628003.288132,1411,1,0,12,0,12
1765628003.304776,1412,1,0,12,0,12
1765628003.321724,1413,1,0,12,0,12
1765628003.338746,1414,1,0,12,0,12
1765628003.355806,1414,1,0,12,0,12
1765628003.372600,1415,1,0,12,0,12
1765628003.390270,1416,1,0,12,0,12
1765628003.406318,1417,1,0,12,0,12
1765628003.422543,1419,1,0,12,0,12
1765628003.439991,1419,1,0,12,0,12
1765628003.455964,1420,1,0,12,0,12
1765628003.472938,1421,1,0,12,0,12
1765628003.489015,1422,1,0,12,0,12
1765628003.505048,1422,1,0,12,0,12
1765628003.521268,1423,1,0,12,0,12
1765628003.537893,1424,1,0,12,0,12
1765628003.555672,1425,1,0,12,0,12
1765628003.571683,1425,1,0,12,0,12
1765628003.588018,1426,1,0,12,0,12
1765628003.603909,1427,1,0,12,0,12
1765628003.621370,1428,1,0,12,0,12
1765628003.638614,1429,1,0,12,0,12
1765628003.655618,1429,1,0,12,0,12
1765628003.672575,1430,1,0,12,0,12
1765628003.689662,1431,1,0,12,0,12
1765628003.706185,1433,1,0,12,0,12
1765628003.722944,1433,1,0,12,0,12
1765628003.739621,1434,1,0,12,0,12
1765628003.755991,1435,1,0,12,0,12
1765628003.772688,1436,1,0,12,0,12
1765628003.789397,1437,1,0,12,0,12
1765628003.806303,1438,1,0,12,0,12
1765628003.822945,1439,1,0,12,0,12
1765628003.838990,1440,1,0,12,0,12
1765628003.855013,1441,1,0,12,0,12
1765628003.871368,1441,1,0,12,0,12
1765628003.887817,1443,1,0,12,0,12
1765628003.904560,1443,1,0,12,0,12
1765628003.920574,1444,1,0,12,0,12
1765628003.937631,1445,1,0,12,0,12
1765628003.954673,1446,1,0,12,0,12
1765628003.971284,1446,1,0,12,0,12
1765628003.986591,1447,1,0,12,0,12
1765628004.004292,1448,1,0,12,0,12
1765628004.021964,1450,1,0,12,0,12
1765628004.037900,1451,1,0,12,0,12
1765628004.055073,1452,1,0,12,0,12
1765628004.071183,1453,1,0,12,0,12
1765628004.087745,1453,1,0,12,0,12
1765628004.104599,1455,1,0,12,0,12
1765628004.121578,1455,1,0,12,0,12
1765628004.137541,1456,1,0,12,0,12
1765628004.154906,1457,1,0,12,0,12
1765628004.172293,1458,1,0,12,0,12
1765628004.188612,1459,1,0,12,0,12
1765628004.205878,1459,1,0,12,0,12
1765628004.222753,1460,1,0,12,0,12
1765628004.240041,1461,1,0,12,0,12
1765628004.256185,1462,1,0,12,0,12
1765628004.272854,1463,1,0,12,0,12
1765628004.289125,1464,1,0,12,0,12
1765628004.305916,1465,1,0,12,0,12
1765628004.322531,1465,1,0,12,0,12
1765628004.338551,1466,1,0,12,0,12
1765628004.355728,1467,1,0,12,0,12
1765628004.371975,1468,1,0,12,0,12
1765628004.389388,1469,1,0,12,0,12
1765628004.406007,1470,1,0,11,0,11
1765628004.422990,1470,1,0,11,0,11
1765628004.439710,1471,1,0,11,0,11
1765628004.456481,1472,1,0,11,0,11
1765628004.473963,1473,1,0,11,0,11
1765628004.489655,1474,1,0,11,0,11
1765628004.507279,1474,1,0,11,0,11
1765628004.524383,1475,1,0,11,0,11
1765628004.541446,1476,1,0,11,0,11
1765628004.558223,1477,1,0,11,0,11
1765628004.575107,1479,1,0,11,0,11
1765628004.591571,1479,1,0,11,0,11
1765628004.608170,1480,1,0,11,0,11
1765628004.623863,1481,1,0,11,0,11
1765628004.641181,1483,1,0,11,0,11
1765628004.656916,1484,1,0,11,0,11
1765628004.672989,1485,1,0,11,0,11
1765628004.689794,1485,1,0,11,0,11
1765628004.705935,1486,1,0,11,0,11
1765628004.722461,1487,1,0,11,0,11
1765628004.739616,1488,1,0,11,0,11
1765628004.757039,1488,1,0,11,0,11
1765628004.774799,1489,1,0,11,0,11
1765628004.792101,1491,1,0,11,0,11
1765628004.808216,1492,1,0,11,0,11
1765628004.824697,1493,1,0,11,0,11
1765628004.841432,1493,1,0,11,0,11
1765628004.858228,1495,1,0,11,0,11
1765628004.874132,1495,1,0,11,0,11
1765628004.889869,1497,1,0,11,0,11
1765628004.907304,1497,1,0,11,0,11
1765628004.922985,1498,1,0,11,0,11
1765628004.938702,1499,1,0,11,0,11
1765628004.955814,1500,1,0,11,0,11
1765628004.972421,1500,1,0,11,0,11
1765628004.988900,1502,1,0,11,0,11
1765628005.005759,1503,1,0,11,0,11
1765628005.022435,1504,1,0,11,0,11
1765628005.039845,1505,1,0,11,0,11
1765628005.056619,1505,1,0,11,0,11
1765628005.073368,1506,1,0,11,0,11
1765628005.089437,1507,1,0,11,0,11
1765628005.107251,1508,1,0,11,0,11
1765628005.123861,1508,1,0,11,0,11
1765628005.140349,1509,1,1,11,1,11
1765628005.156261,1510,1,1,11,1,11
1765628005.172613,1511,1,1,11,1,11
1765628005.190040,1512,1,1,11,1,11
1765628005.205851,1512,1,1,11,1,11
1765628005.222771,1513,1,1,11,1,11
1765628005.239705,1514,1,1,11,1,11
1765628005.256180,1515,1,1,11,1,11
1765628005.272252,1515,1,1,11,1,11
1765628005.287937,1516,1,1,11,1,11
1765628005.304664,1517,1,1,11,1,11
1765628005.322813,1519,1,1,11,1,11
1765628005.340041,1520,1,1,11,1,11
1765628005.356010,1520,1,1,11,1,11
1765628005.372936,1521,1,1,11,1,11
1765628005.389978,1522,1,1,11,1,11
1765628005.405767,1523,1,1,11,1,11
1765628005.421754,1523,1,1,11,1,11
1765628005.438711,1524,1,1,11,1,11
1765628005.454651,1525,1,1,11,1,11
1765628005.471544,1526,1,1,11,1,11
1765628005.488717,1527,1,1,11,1,11
1765628005.505617,1528,1,1,11,1,11
1765628005.522179,1528,1,1,11,1,11
1765628005.538671,1529,1,1,11,1,11
1765628005.555844,1530,1,1,11,1,11
1765628005.571791,1531,1,1,11,1,11
1765628005.587498,1532,1,1,11,1,11
1765628005.603999,1532,1,1,11,1,11
1765628005.620551,1533,1,1,11,1,11
1765628005.636903,1534,1,1,11,1,11
1765628005.653625,1536,1,1,11,1,11
1765628005.670764,1537,1,1,11,1,11
1765628005.687802,1538,1,1,11,1,11
1765628005.704672,1538,1,1,11,1,11
1765628005.722475,1539,1,1,11,1,11
1765628005.740544,1540,1,1,11,1,11
1765628005.757363,1541,1,1,11,1,11
1765628005.772471,1542,1,1,11,1,11
1765628005.789939,1542,1,1,11,1,11
1765628005.807034,1544,1,1,11,1,11
1765628005.823766,1545,1,1,11,1,11
1765628005.840963,1546,1,1,11,1,11
1765628005.857209,1546,1,1,11,1,11
1765628005.874058,1548,1,1,11,1,11
1765628005.890234,1548,1,1,11,1,11
1765628005.906655,1550,1,1,11,1,11
1765628005.923314,1551,1,1,11,1,11
1765628005.939754,1552,1,1,11,1,11
1765628005.956083,1553,1,1,11,1,11
1765628005.973346,1554,1,1,11,1,11
1765628005.988791,1555,1,1,11,1,11
1765628006.005558,1556,1,1,11,1,11
1765628006.022479,1557,1,1,11,1,11
1765628006.038838,1557,1,1,11,1,11
1765628006.055920,1559,1,1,11,1,11
1765628006.073083,1560,1,1,11,1,11
1765628006.089925,1562,1,1,11,1,11
1765628006.106493,1562,1,1,11,1,11
1765628006.122994,1563,1,1,11,1,11
1765628006.138872,1564,1,1,11,1,11
1765628006.155705,1565,1,1,11,1,11
1765628006.171750,1565,1,1,11,1,11
1765628006.188625,1567,1,1,11,1,11
1765628006.205647,1567,1,1,11,1,11
1765628006.223098,1569,1,1,11,1,11
1765628006.239049,1570,1,1,11,1,11
1765628006.254994,1570,1,1,11,1,11
1765628006.270765,1571,1,1,11,1,11
1765628006.287711,1573,1,1,11,1,11
1765628006.305058,1574,1,1,11,1,11
1765628006.321071,1574,1,1,11,1,11
1765628006.338367,1576,1,1,11,1,11
1765628006.353914,1577,1,1,11,1,11
1765628006.370098,1578,1,1,11,1,11
1765628006.386988,1578,1,1,11,1,11
1765628006.403713,1579,1,1,11,1,11
1765628006.420130,1580,1,1,11,1,11
1765628006.436373,1581,1,1,11,1,11
1765628006.452829,1582,1,1,11,1,11
1765628006.469746,1583,1,1,11,1,11
1765628006.486659,1584,1,1,11,1,11
1765628006.503489,1584,1,1,11,1,11
1765628006.521267,1585,1,1,11,1,11
1765628006.536863,1586,1,1,11,1,11
1765628006.553435,1587,1,1,11,1,11
1765628006.570792,1587,1,1,11,1,11
1765628006.587137,1588,1,1,11,1,11
1765628006.603865,1589,1,1,11,1,11
1765628006.620042,1590,1,1,11,1,11
1765628006.636388,1591,1,1,11,1,11
1765628006.652748,1592,1,1,10,1,10
1765628006.669865,1593,1,1,10,1,10
1765628006.686975,1593,1,1,10,1,10
1765628006.703178,1594,1,1,10,1,10
1765628006.720137,1595,1,1,10,1,10
1765628006.736409,1596,1,1,10,1,10
1765628006.753606,1596,1,1,10,1,10
1765628006.770897,1598,1,1,10,1,10
1765628006.787651,1599,1,1,10,1,10
1765628006.804505,1601,1,1,10,1,10
1765628006.822094,1602,1,1,10,1,10
1765628006.838341,1603,1,1,10,1,10
1765628006.854129,1603,1,1,10,1,10
1765628006.870051,1605,1,1,10,1,10
1765628006.886010,1606,1,1,10,1,10
1765628006.902622,1607,1,1,10,1,10
1765628006.918894,1607,1,1,10,1,10
1765628006.934687,1608,1,1,10,1,10
1765628006.951709,1609,1,1,10,1,10
1765628006.968217,1610,1,1,10,1,10
1765628006.984886,1611,1,1,10,1,10
1765628007.001084,1611,1,1,10,1,10
1765628007.017552,1612,1,1,10,1,10
1765628007.034641,1613,1,1,10,1,10
1765628007.051995,1614,1,1,10,1,10
1765628007.067902,1615,1,1,10,1,10
1765628007.083950,1616,1,1,10,1,10
1765628007.100430,1616,1,1,10,1,10
1765628007.117837,1617,1,1,10,1,10
1765628007.135132,1618,1,1,10,1,10
1765628007.150717,1619,1,1,10,1,10
1765628007.167968,1620,1,1,10,1,10
1765628007.184621,1620,1,1,10,1,10
1765628007.201862,1621,1,1,9,1,9
1765628007.217718,1622,1,1,9,1,9
1765628007.233853,1623,1,1,9,1,9
1765628007.250180,1624,1,1,9,1,9
1765628007.267017,1624,1,1,9,1,9
1765628007.284070,1625,1,1,9,1,9
1765628007.302325,1626,1,1,9,1,9
1765628007.318991,1627,1,1,9,1,9
1765628007.334596,1627,1,1,9,1,9
1765628007.352301,1628,1,1,9,1,9
1765628007.368487,1630,1,1,9,1,9
1765628007.385442,1630,1,1,9,1,9
1765628007.403330,1632,1,1,9,1,9
1765628007.419943,1632,1,1,9,1,9
1765628007.436528,1633,1,1,9,1,9
1765628007.454347,1634,1,1,9,1,9
1765628007.470919,1635,1,1,9,1,9
1765628007.488390,1636,1,1,9,1,9
1765628007.504354,1637,1,1,9,1,9
1765628007.521300,1638,1,1,9,1,9
1765628007.537485,1638,1,1,9,1,9
1765628007.553939,1639,1,1,9,1,9
1765628007.618228,1640,1,1,9,1,9
1765628007.635089,1641,1,1,9,1,9
1765628007.652118,1642,1,1,9,1,9
1765628007.669627,1642,1,1,9,1,9
1765628007.686576,1644,1,1,9,1,9
1765628007.704170,1644,1,1,9,1,9
1765628007.720330,1645,1,1,9,1,9
1765628007.736387,1646,1,1,9,1,9
1765628007.753217,1647,1,1,9,1,9
1765628007.769664,1647,1,1,9,1,9
1765628007.786941,1648,1,1,9,1,9
1765628007.802892,1649,1,1,9,1,9
1765628007.819982,1650,1,1,9,1,9
1765628007.835733,1651,1,1,9,1,9
1765628007.853213,1651,1,1,9,1,9
1765628007.870041,1653,1,1,9,1,9
1765628007.886334,1654,1,1,9,1,9
1765628007.902560,1656,1,1,9,1,9
1765628007.919457,1656,1,1,9,1,9
1765628007.935797,1657,1,1,9,1,9
1765628007.952873,1658,1,1,9,1,9
1765628007.969426,1659,1,1,9,1,9
1765628007.986582,1659,1,1,9,1,9
1765628008.004396,1660,1,1,9,1,9
1765628008.021650,1661,1,1,9,1,9
1765628008.039304,1662,1,1,9,1,9
1765628008.054693,1663,1,1,9,1,9
1765628008.071533,1663,1,1,9,1,9
1765628008.088059,1664,1,1,9,1,9
1765628008.104274,1665,1,1,9,1,9
1765628008.120600,1666,1,1,9,1,9
1765628008.136545,1667,1,1,9,1,9
1765628008.153705,1668,1,1,9,1,9
1765628008.258738,1668,1,1,9,1,9
1765628008.275396,1668,1,1,9,1,9
1765628008.292835,1670,1,1,9,1,9
1765628008.309486,1671,1,1,9,1,9
1765628008.325708,1671,1,1,9,1,9
1765628008.341624,1672,1,1,9,1,9
1765628008.358628,1673,1,1,9,1,9
1765628008.374932,1674,1,0,9,0,9
1765628008.391656,1674,1,0,9,0,9
1765628008.408058,1675,1,0,9,0,9
1765628008.423922,1676,1,0,9,0,9
1765628008.440701,1677,1,0,9,0,9
1765628008.457782,1678,1,0,9,0,9
1765628008.474931,1679,1,0,9,0,9
1765628008.491827,1680,1,0,9,0,9
1765628008.509511,1681,1,0,9,0,9
1765628008.526022,1682,1,0,9,0,9
1765628008.541761,1683,1,0,9,0,9
1765628008.558936,1684,1,0,9,0,9
1765628008.575084,1685,1,0,9,0,9
1765628008.591091,1686,1,0,9,0,9
1765628008.607575,1686,1,0,9,0,9
1765628008.624272,1687,1,0,9,0,9
1765628008.640529,1688,1,0,9,0,9
1765628008.657109,1689,1,0,9,0,9
1765628008.673198,1689,1,0,9,0,9
1765628008.689788,1690,1,0,9,0,9
1765628008.707345,1691,1,0,9,0,9
1765628008.723460,1692,1,0,9,0,9
1765628008.740357,1693,1,0,9,0,9
1765628008.756821,1694,1,0,9,0,9
1765628008.774102,1694,1,0,9,0,9
1765628008.790247,1695,1,0,9,0,9
1765628008.806115,1696,1,0,9,0,9
1765628008.822460,1698,1,0,9,0,9
1765628008.839821,1698,1,0,9,0,9
1765628008.857060,1700,1,0,9,0,9
1765628008.873060,1700,1,0,9,0,9
1765628008.889170,1701,1,0,9,0,9
1765628008.904840,1702,1,0,9,0,9
1765628008.921902,1703,1,0,9,0,9
1765628008.938493,1704,1,0,9,0,9
1765628008.955595,1705,1,0,9,0,9
1765628008.973144,1706,1,0,9,0,9
1765628008.989615,1707,1,0,9,0,9
1765628009.006048,1708,1,0,9,0,9
1765628009.022977,1709,1,0,9,0,9
1765628009.039648,1710,1,0,9,0,9
1765628009.056160,1710,1,0,9,0,9
1765628009.071977,1711,1,0,9,0,9
1765628009.089185,1712,1,0,9,0,9
1765628009.105444,1714,1,0,9,0,9
1765628009.122419,1714,1,0,9,0,9
1765628009.139756,1715,1,0,9,0,9
1765628009.155927,1716,1,0,9,0,9
1765628009.173416,1718,1,0,9,0,9
1765628009.191426,1719,1,0,9,0,9
1765628009.208190,1720,1,0,9,0,9
1765628009.224741,1721,1,0,9,0,9
1765628009.240607,1722,1,0,9,0,9
1765628009.258138,1723,1,0,9,0,9
1765628009.274051,1724,1,0,9,0,9
1765628009.290377,1725,1,0,9,0,9
1765628009.305771,1725,1,0,9,0,9
1765628009.321845,1726,1,0,9,0,9
1765628009.338225,1727,1,0,9,0,9
1765628009.354963,1728,1,0,9,0,9
1765628009.371244,1729,1,0,9,0,9
1765628009.387361,1730,1,0,9,0,9
1765628009.403465,1731,1,0,9,0,9
1765628009.421367,1732,1,0,9,0,9
1765628009.438936,1733,1,0,9,0,9
1765628009.454793,1734,1,0,9,0,9
1765628009.471121,1735,1,0,9,0,9
1765628009.486891,1736,1,0,9,0,9
1765628009.502755,1736,1,0,9,0,9
1765628009.520134,1738,1,1,9,1,9
1765628009.536765,1738,1,1,9,1,9
1765628009.553882,1739,1,1,9,1,9
1765628009.570634,1740,1,1,9,1,9
1765628009.587314,1741,1,1,9,1,9
1765628009.604005,1742,1,1,9,1,9
1765628009.619932,1742,1,1,9,1,9
1765628009.635972,1743,1,1,9,1,9
1765628009.653507,1744,1,1,9,1,9
1765628009.671153,1745,1,1,9,1,9
1765628009.686933,1746,1,1,9,1,9
1765628009.703639,1747,1,1,9,1,9
1765628009.719791,1747,1,1,9,1,9
1765628009.736828,1748,1,1,9,1,9
1765628009.752975,1749,1,1,9,1,9
1765628009.769163,1750,1,1,9,1,9
1765628009.785159,1751,1,1,9,1,9
1765628009.801550,1752,1,1,9,1,9
1765628009.818855,1753,1,1,9,1,9
1765628009.835013,1754,1,1,9,1,9
1765628009.851690,1755,1,1,9,1,9
1765628009.868982,1755,1,1,9,1,9
1765628009.885289,1756,1,1,9,1,9
1765628009.900911,1757,1,1,9,1,9
1765628009.917036,1758,1,1,9,1,9
1765628009.932997,1758,1,1,9,1,9
1765628009.949462,1759,1,1,9,1,9
1765628009.967767,1760,1,1,9,1,9
1765628009.984440,1761,1,1,9,1,9
1765628010.001082,1762,1,1,9,1,9
1765628010.017108,1762,1,1,9,1,9
1765628010.033253,1763,1,1,9,1,9
1765628010.049443,1764,1,1,9,1,9
1765628010.066357,1765,1,1,9,1,9
1765628010.082370,1766,1,1,9,1,9
1765628010.098236,1767,1,1,9,1,9
1765628010.114173,1767,1,1,9,1,9
1765628010.130545,1768,1,1,9,1,9
1765628010.146815,1769,1,1,9,1,9
1765628010.162647,1770,1,1,9,1,9
1765628010.179137,1770,1,1,9,1,9
1765628010.195621,1771,1,1,9,1,9
1765628010.212539,1772,1,1,9,1,9
1765628010.229728,1774,1,1,9,1,9
1765628010.246057,1775,1,1,9,1,9
1765628010.261979,1776,1,1,9,1,9
1765628010.278172,1776,1,1,9,1,9
1765628010.293539,1778,1,1,9,1,9
1765628010.310686,1779,1,1,9,1,9
1765628010.327877,1780,1,1,9,1,9
1765628010.344376,1780,1,1,9,1,9
1765628010.360972,1781,1,1,9,1,9
1765628010.377547,1782,1,1,9,1,9
1765628010.393916,1783,1,1,9,1,9
1765628010.410994,1784,1,1,9,1,9
1765628010.427922,1785,1,1,9,1,9
1765628010.444940,1786,1,1,9,1,9
1765628010.460955,1787,1,1,9,1,9
1765628010.476987,1788,1,1,9,1,9
1765628010.493984,1789,1,1,9,1,9
1765628010.509759,1790,1,1,9,1,9
1765628010.527105,1791,1,1,9,1,9
1765628010.542732,1792,1,1,9,1,9
1765628010.560477,1792,1,1,9,1,9
1765628010.578127,1793,1,1,9,1,9
1765628010.594290,1794,1,1,9,1,9
1765628010.609707,1795,1,1,9,1,9
1765628010.626364,1795,1,1,9,1,9
1765628010.642888,1797,1,1,9,1,9
1765628010.659041,1797,1,1,9,1,9
1765628010.674915,1799,1,1,9,1,9
1765628010.691891,1799,1,1,9,1,9
1765628010.708083,1800,1,1,9,1,9
1765628010.725150,1801,1,1,9,1,9
1765628010.741642,1802,1,1,9,1,9
1765628010.758107,1803,1,1,9,1,9
1765628010.774922,1803,1,1,9,1,9
1765628010.791627,1804,1,1,9,1,9
1765628010.808271,1805,1,1,9,1,9
1765628010.824213,1806,1,1,9,1,9
1765628010.840243,1807,1,1,9,1,9
1765628010.856180,1808,1,1,9,1,9
1765628010.872056,1809,1,1,9,1,9
1765628010.888616,1811,1,1,9,1,9
1765628010.905782,1812,1,1,9,1,9
1765628010.921889,1813,1,1,9,1,9
1765628010.939035,1813,1,1,9,1,9
1765628010.955027,1815,1,1,9,1,9
1765628010.971625,1815,1,1,9,1,9
1765628010.988191,1816,1,1,9,1,9
1765628011.004606,1817,1,1,9,1,9
1765628011.021778,1818,1,1,9,1,9
1765628011.037955,1818,1,1,9,1,9
1765628011.053708,1819,1,1,9,1,9
1765628011.070417,1820,1,1,9,1,9
1765628011.087734,1821,1,1,9,1,9
1765628011.103653,1822,1,1,9,1,9
1765628011.119658,1822,1,1,9,1,9
1765628011.136042,1824,1,1,9,1,9
1765628011.152194,1824,1,1,9,1,9
1765628011.167675,1825,1,1,9,1,9
1765628011.184920,1826,1,1,9,1,9
1765628011.201680,1828,1,1,9,1,9
1765628011.218600,1828,1,1,9,1,9
1765628011.234880,1829,1,1,9,1,9
1765628011.252028,1830,1,1,9,1,9
1765628011.268110,1831,1,1,9,1,9
1765628011.283751,1831,1,1,9,1,9
1765628011.300261,1832,1,1,9,1,9
1765628011.315470,1833,1,1,9,1,9
1765628011.331470,1834,1,1,9,1,9
1765628011.348731,1834,1,1,9,1,9
1765628011.365935,1836,1,1,9,1,9
1765628011.382828,1837,1,1,9,1,9
1765628011.399123,1837,1,1,9,1,9
1765628011.415991,1838,1,1,9,1,9
1765628011.433342,1839,1,1,9,1,9
1765628011.450270,1840,1,1,9,1,9
1765628011.467342,1841,1,1,9,1,9
1765628011.483546,1842,1,1,8,1,8
1765628011.500173,1843,1,1,8,1,8
1765628011.516012,1843,1,1,8,1,8
1765628011.532101,1844,1,1,8,1,8
1765628011.548422,1845,1,1,8,1,8
1765628011.566164,1846,1,1,8,1,8
1765628011.583528,1847,1,1,8,1,8
1765628011.600032,1848,1,1,8,1,8
1765628011.617411,1848,1,1,8,1,8
1765628011.634164,1849,1,1,8,1,8
1765628011.651631,1850,1,1,8,1,8
1765628011.668314,1851,1,1,8,1,8
1765628011.684116,1852,1,1,8,1,8
1765628011.699991,1852,1,1,8,1,8
1765628011.716945,1853,1,1,8,1,8
1765628011.733630,1854,1,1,8,1,8
1765628011.750578,1855,1,1,8,1,8
1765628011.767251,1856,1,1,8,1,8
1765628011.783585,1857,1,1,8,1,8
1765628011.800428,1858,1,1,8,1,8
1765628011.817002,1859,1,1,8,1,8
1765628011.832697,1860,1,1,8,1,8
1765628011.849744,1860,1,1,8,1,8
1765628011.866640,1861,1,1,8,1,8
1765628011.883236,1862,1,1,8,1,8
1765628011.900088,1863,1,1,8,1,8
1765628011.917533,1863,1,1,8,1,8
1765628011.934792,1864,1,1,8,1,8
1765628011.952028,1865,1,1,8,1,8
1765628011.969126,1866,1,1,8,1,8
1765628011.985976,1867,1,1,8,1,8
1765628012.002537,1867,1,1,8,1,8
1765628012.019283,1868,1,0,8,0,8
1765628012.036263,1869,1,0,8,0,8
1765628012.052482,1870,1,0,8,0,8
1765628012.070506,1871,1,0,8,0,8
1765628012.087754,1872,1,0,8,0,8
1765628012.104820,1873,1,0,8,0,8
1765628012.121754,1874,1,0,8,0,8
1765628012.139013,1874,1,0,8,0,8
1765628012.155253,1875,1,0,8,0,8
1765628012.171312,1876,1,0,8,0,8
1765628012.187647,1877,1,0,8,0,8
1765628012.204694,1877,1,0,8,0,8
1765628012.221045,1879,1,0,8,0,8
1765628012.237540,1879,1,0,8,0,8
1765628012.254789,1880,1,0,8,0,8
1765628012.271873,1881,1,0,8,0,8
1765628012.289287,1882,1,0,8,0,8
1765628012.305497,1883,1,0,8,0,8
1765628012.322710,1883,1,0,8,0,8
1765628012.339539,1884,1,0,8,0,8
1765628012.356177,1886,1,0,8,0,8
1765628012.372318,1886,1,0,8,0,8
1765628012.388755,1887,1,0,8,0,8
1765628012.405363,1888,1,0,8,0,8
1765628012.421405,1889,1,0,8,0,8
1765628012.439198,1889,1,0,8,0,8
1765628012.455247,1890,1,0,8,0,8
1765628012.471900,1891,1,0,8,0,8
1765628012.488770,1892,1,0,8,0,8
1765628012.506155,1893,1,0,8,0,8
1765628012.523366,1893,1,0,8,0,8
1765628012.538762,1894,1,0,8,0,8
1765628012.555912,1895,1,0,8,0,8
1765628012.572265,1896,1,0,8,0,8
1765628012.588663,1897,1,0,8,0,8
1765628012.606599,1898,1,0,8,0,8
1765628012.623415,1899,1,0,8,0,8
1765628012.640332,1901,1,0,8,0,8
1765628012.656827,1902,1,0,8,0,8
1765628012.674078,1903,1,0,8,0,8
1765628012.690059,1904,1,0,8,0,8
1765628012.706918,1904,1,0,8,0,8
1765628012.723199,1905,1,0,8,0,8
1765628012.740285,1906,1,0,8,0,8
1765628012.755926,1907,1,0,8,0,8
1765628012.772533,1907,1,0,8,0,8
1765628012.788586,1909,1,0,8,0,8
1765628012.805116,1909,1,0,8,0,8
1765628012.820999,1910,1,0,8,0,8
1765628012.836920,1911,1,0,8,0,8
1765628012.853334,1912,1,0,8,0,8
1765628012.869817,1912,1,0,8,0,8
1765628012.885839,1913,1,0,8,0,8
1765628012.902320,1914,1,0,8,0,8
1765628012.918869,1916,1,0,8,0,8
1765628012.935325,1917,1,0,8,0,8
1765628012.951348,1918,1,0,8,0,8
1765628012.967570,1918,1,0,8,0,8
1765628012.984613,1919,1,0,8,0,8
1765628013.001057,1920,1,0,8,0,8
1765628013.016894,1921,1,0,8,0,8
1765628013.033138,1921,1,0,8,0,8
1765628013.049094,1922,1,1,8,1,8
1765628013.065028,1923,1,1,8,1,8
1765628013.081792,1924,1,1,8,1,8
1765628013.098990,1925,1,1,8,1,8
1765628013.114792,1925,1,1,8,1,8
1765628013.131818,1927,1,1,8,1,8
1765628013.148549,1928,1,1,8,1,8
1765628013.164657,1929,1,1,8,1,8
1765628013.181798,1929,1,1,8,1,8
1765628013.199821,1930,1,1,8,1,8
1765628013.216835,1931,1,1,8,1,8
1765628013.233610,1932,1,1,8,1,8
1765628013.249623,1933,1,1,8,1,8
1765628013.267181,1933,1,1,8,1,8
1765628013.282585,1934,1,1,8,1,8
1765628013.299330,1935,1,1,8,1,8
1765628013.316208,1936,1,1,8,1,8
1765628013.331688,1936,1,1,8,1,8
1765628013.348059,1937,1,1,8,1,8
1765628013.364905,1938,1,1,8,1,8
1765628013.382098,1939,1,1,8,1,8
1765628013.398329,1940,1,1,8,1,8
1765628013.414826,1941,1,1,8,1,8
1765628013.431649,1942,1,1,8,1,8
1765628013.448478,1943,1,1,8,1,8
1765628013.465917,1944,1,1,8,1,8
1765628013.483703,1944,1,1,8,1,8
1765628013.500113,1945,1,1,8,1,8
1765628013.516126,1946,1,1,8,1,8
1765628013.533648,1947,1,1,8,1,8
1765628013.551016,1948,1,1,8,1,8
1765628013.567346,1948,1,1,8,1,8
1765628013.583408,1949,1,1,8,1,8
1765628013.600333,1950,1,1,8,1,8
1765628013.616088,1952,1,1,8,1,8
1765628013.631542,1952,1,1,8,1,8
1765628013.647874,1953,1,1,8,1,8
1765628013.664273,1954,1,0,8,0,8
1765628013.680212,1955,1,0,8,0,8
1765628013.695948,1955,1,0,8,0,8
1765628013.713810,1957,1,0,8,0,8
1765628013.729751,1957,1,0,8,0,8
1765628013.745882,1958,1,0,8,0,8
1765628013.762992,1959,1,0,8,0,8
1765628013.779373,1960,1,0,8,0,8
1765628013.795934,1960,1,0,8,0,8
1765628013.812077,1961,1,0,8,0,8
1765628013.828632,1962,1,0,8,0,8
1765628013.846467,1963,1,0,8,0,8
1765628013.863665,1964,1,0,8,0,8
1765628013.880669,1964,1,0,8,0,8
1765628013.897238,1966,1,0,8,0,8
1765628013.913637,1967,1,0,8,0,8
1765628013.930290,1969,1,0,8,0,8
1765628013.946223,1969,1,0,8,0,8
1765628013.962444,1970,1,0,8,0,8
1765628013.979664,1971,1,0,8,0,8
1765628013.996076,1972,1,0,8,0,8
1765628014.012408,1972,1,0,8,0,8
1765628014.029966,1973,1,0,8,0,8
1765628014.047192,1974,1,0,8,0,8
1765628014.062609,1975,1,0,8,0,8
1765628014.078778,1976,1,0,8,0,8
1765628014.094901,1976,1,0,8,0,8
1765628014.110876,1977,1,0,8,0,8
1765628014.127042,1978,1,0,8,0,8
1765628014.143424,1980,1,0,8,0,8
1765628014.161182,1980,1,0,8,0,8
1765628014.177880,1981,1,0,8,0,8
1765628014.194328,1982,1,0,8,0,8
1765628014.209875,1983,1,0,8,0,8
1765628014.227216,1983,1,0,8,0,8
1765628014.243974,1984,1,0,8,0,8
1765628014.260313,1985,1,0,8,0,8
1765628014.276159,1986,1,0,8,0,8
1765628014.291859,1987,1,0,8,0,8
1765628014.308274,1987,1,0,8,0,8
1765628014.324261,1988,1,0,8,0,8
1765628014.340818,1989,1,0,8,0,8
1765628014.357064,1990,1,0,8,0,8
1765628014.373669,1991,1,0,8,0,8
1765628014.390263,1992,1,1,8,1,8
1765628014.405997,1992,1,1,8,1,8
1765628014.423094,1993,1,1,8,1,8
1765628014.440206,1994,1,1,8,1,8
1765628014.456061,1995,1,1,8,1,8
1765628014.472725,1995,1,1,8,1,8
1765628014.488951,1996,1,1,8,1,8
1765628014.505858,1997,1,1,8,1,8
1765628014.521867,1998,1,1,8,1,8
1765628014.537668,1998,1,1,8,1,8
1765628014.554364,1999,1,1,8,1,8
1765628014.569859,2000,1,1,8,1,8
1765628014.586010,2001,1,1,8,1,8
1765628014.602813,2001,1,1,8,1,8
1765628014.619647,2002,1,1,8,1,8
1765628014.636168,2003,1,1,8,1,8
1765628014.652583,2004,1,1,8,1,8
1765628014.669750,2005,1,1,8,1,8
1765628014.686234,2005,1,1,8,1,8
1765628014.702455,2006,1,1,8,1,8
1765628014.720142,2007,1,1,8,1,8
1765628014.736600,2008,1,1,8,1,8
1765628014.752948,2009,1,1,8,1,8
1765628014.770053,2009,1,1,8,1,8
1765628014.787050,2010,1,1,8,1,8
1765628014.803203,2011,1,1,8,1,8
1765628014.819741,2012,1,1,8,1,8
1765628014.836945,2013,1,1,8,1,8
1765628014.853536,2014,1,1,8,1,8
1765628014.871152,2014,1,1,8,1,8
1765628014.887629,2015,1,1,8,1,8
1765628014.904191,2016,1,1,8,1,8
1765628014.920283,2017,1,1,8,1,8
1765628014.935837,2018,1,1,8,1,8
1765628014.952988,2018,1,1,8,1,8
1765628014.969913,2019,1,1,8,1,8
1765628014.987806,2020,1,1,8,1,8
1765628015.004266,2021,1,1,8,1,8
1765628015.020728,2022,1,1,8,1,8
1765628015.037539,2022,1,1,8,1,8
1765628015.054087,2024,1,1,8,1,8
1765628015.071272,2025,1,1,8,1,8
1765628015.088010,2026,1,1,8,1,8
1765628015.104929,2026,1,1,8,1,8
1765628015.121210,2027,1,1,8,1,8
1765628015.136563,2028,1,1,8,1,8
1765628015.153502,2029,1,1,8,1,8
1765628015.170976,2029,1,1,8,1,8
1765628015.187493,2030,1,1,8,1,8
1765628015.204674,2031,1,1,8,1,8
1765628015.221841,2032,1,1,8,1,8
1765628015.237731,2033,1,1,8,1,8
1765628015.255617,2034,1,1,8,1,8
1765628015.272403,2035,1,1,8,1,8
1765628015.289495,2035,1,1,8,1,8
1765628015.305895,2036,1,1,8,1,8
1765628015.322219,2037,1,1,8,1,8
1765628015.338224,2038,1,1,8,1,8
1765628015.354017,2039,1,1,8,1,8
1765628015.370600,2039,1,1,8,1,8
1765628015.387766,2041,1,1,8,1,8
1765628015.404579,2042,1,1,8,1,8
1765628015.421586,2043,1,1,8,1,8
1765628015.438147,2044,1,1,8,1,8
1765628015.454988,2045,1,1,8,1,8
1765628015.471243,2045,1,1,8,1,8
1765628015.486944,2046,1,1,8,1,8
1765628015.502773,2047,1,1,8,1,8
1765628015.520313,2048,1,1,8,1,8
1765628015.536180,2048,1,1,8,1,8
1765628015.552316,2049,1,1,8,1,8
1765628015.568227,2050,1,1,8,1,8
1765628015.584883,2051,1,1,8,1,8
1765628015.602327,2052,1,1,8,1,8
1765628015.618921,2053,1,1,8,1,8
1765628015.635767,2054,1,1,8,1,8
1765628015.654044,2055,1,1,8,1,8
1765628015.669780,2056,1,1,8,1,8
1765628015.686340,2056,1,1,8,1,8
1765628015.702238,2057,1,1,8,1,8
1765628015.718124,2058,1,1,8,1,8
1765628015.734583,2059,1,1,8,1,8
1765628015.751505,2060,1,1,8,1,8
1765628015.767709,2061,1,1,8,1,8
1765628015.784588,2061,1,1,8,1,8
1765628015.801246,2062,1,1,8,1,8
1765628015.817192,2063,1,1,8,1,8
1765628015.833027,2064,1,1,8,1,8
1765628015.849810,2065,1,1,8,1,8
1765628015.866069,2066,1,1,8,1,8
1765628015.883315,2067,1,1,8,1,8
1765628015.899249,2067,1,1,8,1,8
1765628015.915023,2068,1,1,8,1,8
1765628015.931660,2069,1,1,8,1,8
1765628015.947670,2070,1,1,8,1,8
1765628015.964540,2070,1,1,8,1,8
1765628015.982096,2071,1,1,8,1,8
1765628015.997611,2072,1,1,8,1,8
1765628016.013997,2073,1,1,8,1,8
1765628016.055312,2074,1,1,8,1,8
1765628016.071914,2075,1,1,8,1,8
1765628016.088744,2076,1,1,9,1,9
1765628016.106632,2077,1,1,9,1,9
1765628016.123091,2078,1,1,9,1,9
1765628016.139975,2079,1,1,9,1,9
1765628016.156645,2079,1,1,9,1,9
1765628016.173353,2080,1,1,9,1,9
1765628016.189909,2081,1,1,9,1,9
1765628016.206094,2082,1,1,9,1,9
1765628016.221791,2083,1,1,9,1,9
1765628016.238286,2083,1,1,9,1,9
1765628016.255017,2084,1,1,9,1,9
1765628016.271111,2085,1,1,9,1,9
1765628016.287714,2086,1,1,9,1,9
1765628016.303633,2086,1,1,9,1,9
1765628016.319521,2088,1,1,9,1,9
1765628016.336896,2088,1,1,9,1,9
1765628016.353130,2090,1,1,9,1,9
1765628016.369854,2090,1,1,9,1,9
1765628016.386321,2091,1,1,9,1,9
1765628016.402620,2092,1,1,9,1,9
1765628016.419237,2093,1,1,9,1,9
1765628016.436355,2094,1,1,9,1,9
1765628016.453017,2095,1,1,9,1,9
1765628016.469942,2096,1,1,9,1,9
1765628016.486843,2096,1,1,9,1,9
1765628016.502755,2097,1,1,9,1,9
1765628016.519289,2098,1,1,9,1,9
1765628016.535336,2099,1,1,9,1,9
1765628016.551152,2099,1,1,9,1,9
1765628016.567228,2100,1,1,9,1,9
1765628016.583511,2101,1,1,9,1,9
1765628016.601441,2103,1,1,9,1,9
1765628016.619493,2104,1,1,9,1,9
1765628016.636621,2104,1,1,9,1,9
1765628016.653042,2105,1,1,9,1,9
1765628016.668587,2106,1,1,9,1,9
1765628016.686527,2107,1,1,9,1,9
1765628016.702911,2107,1,1,9,1,9
1765628016.719474,2108,1,1,9,1,9
1765628016.736289,2109,1,1,9,1,9
1765628016.752852,2110,1,1,9,1,9
1765628016.769248,2111,1,1,9,1,9
1765628016.786541,2111,1,1,9,1,9
1765628016.802916,2113,1,0,9,0,9
1765628016.819441,2114,1,0,9,0,9
1765628016.836129,2116,1,0,9,0,9
1765628016.852315,2116,1,0,9,0,9
1765628016.867736,2117,1,0,9,0,9
1765628016.884449,2118,1,0,9,0,9
1765628016.901647,2119,1,0,9,0,9
1765628016.918725,2119,1,0,9,0,9
1765628016.935148,2120,1,0,9,0,9
1765628016.951324,2121,1,0,9,0,9
1765628016.967337,2122,1,0,9,0,9
1765628016.983195,2123,1,0,9,0,9
1765628016.999167,2124,1,0,9,0,9
1765628017.015094,2125,1,0,9,0,9
1765628017.031669,2126,1,0,9,0,9
1765628017.048516,2126,1,0,9,0,9
1765628017.066390,2127,1,0,9,0,9
1765628017.082490,2128,1,0,9,0,9
1765628017.098619,2129,1,0,9,0,9
1765628017.115597,2130,1,0,9,0,9
1765628017.132296,2131,1,0,9,0,9
1765628017.148198,2131,1,0,9,0,9
1765628017.164114,2132,1,0,9,0,9
1765628017.180684,2133,1,0,9,0,9
1765628017.197360,2134,1,0,9,0,9
1765628017.213070,2135,1,0,9,0,9
1765628017.228961,2136,1,0,9,0,9
1765628017.245051,2136,1,0,9,0,9
1765628017.260994,2137,1,0,9,0,9
1765628017.276914,2138,1,0,9,0,9
1765628017.293132,2140,1,0,9,0,9
1765628017.308855,2141,1,0,9,0,9
1765628017.324726,2142,1,0,9,0,9
1765628017.340699,2143,1,0,9,0,9
1765628017.357255,2144,1,0,9,0,9
1765628017.372793,2144,1,0,9,0,9
1765628017.389650,2145,1,0,9,0,9
1765628017.406050,2146,1,0,9,0,9
1765628017.422242,2147,1,0,10,0,10
1765628017.438674,2147,1,0,10,0,10
1765628017.454865,2149,1,0,10,0,10
1765628017.472072,2149,1,0,10,0,10
1765628017.488643,2150,1,0,10,0,10
1765628017.504836,2151,1,0,10,0,10
1765628017.521349,2152,1,0,10,0,10
1765628017.537448,2153,1,0,10,0,10
1765628017.554935,2155,1,0,10,0,10
1765628017.571633,2156,1,0,10,0,10
1765628017.588272,2156,1,0,10,0,10
1765628017.604506,2158,1,0,10,0,10
1765628017.621656,2158,1,0,10,0,10
1765628017.638839,2159,1,0,10,0,10
1765628017.655652,2160,1,0,10,0,10
1765628017.672428,2161,1,0,10,0,10
1765628017.689391,2161,1,0,10,0,10
1765628017.706288,2162,1,0,10,0,10
1765628017.723457,2163,1,0,10,0,10
1765628017.740121,2164,1,0,10,0,10
1765628017.756147,2165,1,0,10,0,10
1765628017.772295,2166,1,0,10,0,10
1765628017.789171,2167,1,0,10,0,10
1765628017.805251,2167,1,0,10,0,10
1765628017.821977,2169,1,0,10,0,10
1765628017.837657,2170,1,0,10,0,10
1765628017.854505,2171,1,0,10,0,10
1765628017.871208,2171,1,0,10,0,10
1765628017.887170,2172,1,0,10,0,10
1765628017.902988,2173,1,0,10,0,10
1765628017.919595,2174,1,0,10,0,10
1765628017.936402,2175,1,0,10,0,10
1765628017.953413,2176,1,0,10,0,10
1765628017.971757,2177,1,0,10,0,10
1765628017.988912,2178,1,0,10,0,10
1765628018.005069,2179,1,0,10,0,10
1765628018.021615,2180,1,0,10,0,10
1765628018.039004,2181,1,0,10,0,10
1765628018.055447,2182,1,0,10,0,10
1765628018.072307,2183,1,0,10,0,10
1765628018.088363,2184,1,0,10,0,10
1765628018.103998,2185,1,0,10,0,10
1765628018.121209,2185,1,0,10,0,10
1765628018.136728,2186,1,0,10,0,10
1765628018.153934,2187,1,0,10,0,10
1765628018.170403,2188,1,0,10,0,10
1765628018.185809,2188,1,0,10,0,10
1765628018.202488,2189,1,0,10,0,10
1765628018.219592,2190,1,0,10,0,10
1765628018.237495,2191,1,0,10,0,10
1765628018.254123,2192,1,0,10,0,10
1765628018.271322,2193,1,0,10,0,10
1765628018.286994,2194,1,0,10,0,10
1765628018.303209,2194,1,0,10,0,10
1765628018.319735,2195,1,0,10,0,10
1765628018.337607,2196,1,0,10,0,10
1765628018.354011,2197,1,0,10,0,10
1765628018.371337,2198,1,0,10,0,10
1765628018.386860,2198,1,0,10,0,10
1765628018.402934,2199,1,0,10,0,10
1765628018.419288,2200,1,0,10,0,10
1765628018.437205,2201,1,0,10,0,10
1765628018.454094,2202,1,0,10,0,10
1765628018.470232,2203,1,0,10,0,10
1765628018.485784,2203,1,0,10,0,10
1765628018.503105,2204,1,0,10,0,10
1765628018.520767,2205,1,0,10,0,10
1765628018.536929,2206,1,0,10,0,10
1765628018.554422,2207,1,0,10,0,10
1765628018.571102,2207,1,0,10,0,10
1765628018.588178,2208,1,0,10,0,10
1765628018.604657,2209,1,0,10,0,10
1765628018.621754,2210,1,0,10,0,10
1765628018.638154,2211,1,0,10,0,10
1765628018.654776,2212,1,0,10,0,10
1765628018.671070,2213,1,0,10,0,10
1765628018.687913,2214,1,0,10,0,10
1765628018.703945,2215,1,0,10,0,10
1765628018.722114,2217,1,0,10,0,10
1765628018.738732,2218,1,0,10,0,10
1765628018.756141,2218,1,0,10,0,10
1765628018.772475,2219,1,0,10,0,10
1765628018.790199,2220,1,0,10,0,10
1765628018.807023,2221,1,0,10,0,10
1765628018.824589,2222,1,0,10,0,10
1765628018.841856,2222,1,0,10,0,10
1765628018.858626,2223,1,0,10,0,10
1765628018.874733,2224,1,0,10,0,10
1765628018.891543,2225,1,0,10,0,10
1765628018.908562,2226,1,0,10,0,10
1765628018.925185,2226,1,0,10,0,10
1765628018.941352,2228,1,0,9,0,9
1765628018.957078,2229,1,0,9,0,9
1765628018.973762,2230,1,0,9,0,9
1765628018.990410,2230,1,0,9,0,9
1765628019.007494,2232,1,0,9,0,9
1765628019.024529,2233,1,0,9,0,9
1765628019.041467,2234,1,0,9,0,9
1765628019.058459,2234,1,0,9,0,9
1765628019.076077,2235,1,0,9,0,9
1765628019.092551,2236,1,0,9,0,9
1765628019.109238,2237,1,0,9,0,9
1765628019.125140,2238,1,0,9,0,9
1765628019.142025,2239,1,0,9,0,9
1765628019.158327,2240,1,0,9,0,9
1765628019.174740,2240,1,0,9,0,9
1765628019.190993,2241,1,0,9,0,9
1765628019.207388,2242,1,0,9,0,9
1765628019.224184,2243,1,0,9,0,9
1765628019.241016,2244,1,0,9,0,9
1765628019.257517,2245,1,0,9,0,9
1765628019.274364,2246,1,0,9,0,9
1765628019.290095,2246,1,0,9,0,9
1765628019.306432,2247,1,0,9,0,9
1765628019.322854,2248,1,0,9,0,9
1765628019.339491,2249,1,0,9,0,9
1765628019.356152,2249,1,0,9,0,9
1765628019.372690,2250,1,0,9,0,9
1765628019.389683,2251,1,0,9,0,9
1765628019.407142,2253,1,0,9,0,9
1765628019.423892,2253,1,0,9,0,9
1765628019.439724,2254,1,0,9,0,9
1765628019.457096,2255,1,0,9,0,9
1765628019.472841,2257,1,0,9,0,9
1765628019.489371,2257,1,0,9,0,9
1765628019.506172,2258,1,0,9,0,9
1765628019.523406,2259,1,0,9,0,9
1765628019.539543,2260,1,0,9,0,9
1765628019.556966,2261,1,0,9,0,9
1765628019.573531,2261,1,0,9,0,9
1765628019.591305,2262,1,0,9,0,9
1765628019.607587,2263,1,0,9,0,9
1765628019.624113,2264,1,0,9,0,9
1765628019.640418,2265,1,0,9,0,9
1765628019.657982,2266,1,1,9,1,9
1765628019.674990,2267,1,1,9,1,9
1765628019.690698,2267,1,1,9,1,9
1765628019.707524,2268,1,1,9,1,9
1765628019.723631,2269,1,1,9,1,9
1765628019.740923,2270,1,1,9,1,9
1765628019.757381,2270,1,1,9,1,9
1765628019.773220,2271,1,1,9,1,9
1765628019.789692,2272,1,1,9,1,9
1765628019.807190,2273,1,1,9,1,9
1765628019.823436,2274,1,1,9,1,9
1765628019.840059,2274,1,1,9,1,9
1765628019.855961,2275,1,1,9,1,9
1765628019.873107,2276,1,1,9,1,9
1765628019.889280,2277,1,1,9,1,9
1765628019.904998,2278,1,1,9,1,9
1765628019.921075,2279,1,1,9,1,9
1765628019.936934,2279,1,1,9,1,9
1765628019.952811,2280,1,1,9,1,9
1765628019.969339,2281,1,1,9,1,9
1765628019.986133,2282,1,1,9,1,9
1765628020.002103,2282,1,1,9,1,9
1765628020.018400,2284,1,1,9,1,9
1765628020.036007,2285,1,1,9,1,9
1765628020.052880,2287,1,1,10,1,10
1765628020.069999,2287,1,1,10,1,10
1765628020.087409,2288,1,1,10,1,10
1765628020.105210,2289,1,1,10,1,10
1765628020.121510,2290,1,1,10,1,10
1765628020.138517,2291,1,1,10,1,10
1765628020.156376,2291,1,1,10,1,10
1765628020.172812,2293,1,1,10,1,10
1765628020.188943,2294,1,1,10,1,10
1765628020.205420,2295,1,1,10,1,10
1765628020.222161,2295,1,1,10,1,10
1765628020.239007,2296,1,1,10,1,10
1765628020.254627,2297,1,1,10,1,10
1765628020.271445,2298,1,1,10,1,10
1765628020.288374,2299,1,1,10,1,10
1765628020.304839,2300,1,1,10,1,10
1765628020.322180,2301,1,1,10,1,10
1765628020.338340,2301,1,1,10,1,10
1765628020.355037,2302,1,1,10,1,10
1765628020.371226,2303,1,1,10,1,10
1765628020.387215,2304,1,1,10,1,10
1765628020.403459,2304,1,1,10,1,10
1765628020.420876,2305,1,1,10,1,10
1765628020.437362,2306,1,0,10,0,10
1765628020.454155,2307,1,0,10,0,10
1765628020.469947,2308,1,0,10,0,10
1765628020.485953,2309,1,0,10,0,10
1765628020.502247,2309,1,0,10,0,10
1765628020.518121,2310,1,0,10,0,10
1765628020.534487,2311,1,0,10,0,10
1765628020.552408,2312,1,0,10,0,10
1765628020.569613,2314,1,0,10,0,10
1765628020.586268,2315,1,0,10,0,10
1765628020.602579,2316,1,0,10,0,10
1765628020.619482,2317,1,0,10,0,10
1765628020.636317,2318,1,0,10,0,10
1765628020.652541,2318,1,0,10,0,10
1765628020.669141,2319,1,0,10,0,10
1765628020.686255,2320,1,0,10,0,10
1765628020.702132,2321,1,0,10,0,10
1765628020.718309,2321,1,0,10,0,10
1765628020.735485,2322,1,0,10,0,10
1765628020.752789,2323,1,0,10,0,10
1765628020.768929,2324,1,0,10,0,10
1765628020.785983,2325,1,0,10,0,10
1765628020.802488,2326,1,0,10,0,10
1765628020.819550,2327,1,0,10,0,10
1765628020.836377,2328,1,0,10,0,10
1765628020.852527,2329,1,0,10,0,10
1765628020.871084,2330,1,0,10,0,10
1765628020.887791,2331,1,0,10,0,10
1765628020.905295,2332,1,0,10,0,10
1765628020.921183,2332,1,0,10,0,10
1765628020.937088,2333,1,0,10,0,10
1765628020.953204,2334,1,0,10,0,10
1765628020.969531,2335,1,0,10,0,10
1765628020.987670,2336,1,0,10,0,10
1765628021.004534,2336,1,0,10,0,10
1765628021.022329,2337,1,0,10,0,10
1765628021.037769,2338,1,0,10,0,10
1765628021.054503,2339,1,0,10,0,10
1765628021.071269,2340,1,0,10,0,10
1765628021.087315,2342,1,0,10,0,10
1765628021.103597,2342,1,0,10,0,10
1765628021.121178,2343,1,0,10,0,10
1765628021.136860,2344,1,0,10,0,10
1765628021.154404,2345,1,0,10,0,10
1765628021.171347,2346,1,0,10,0,10
1765628021.187440,2346,1,0,10,0,10
1765628021.204742,2347,1,0,10,0,10
1765628021.222333,2348,1,0,10,0,10
1765628021.238522,2349,1,0,10,0,10
1765628021.254998,2349,1,0,10,0,10
1765628021.270758,2350,1,0,10,0,10
1765628021.287320,2351,1,0,10,0,10
1765628021.303840,2352,1,0,10,0,10
1765628021.321136,2354,1,0,10,0,10
1765628021.337163,2354,1,0,10,0,10
1765628021.353035,2355,1,0,10,0,10
1765628021.369364,2356,1,0,10,0,10
1765628021.384987,2357,1,0,10,0,10
1765628021.402095,2357,1,0,10,0,10
1765628021.418441,2358,1,0,10,0,10
1765628021.434610,2359,1,0,10,0,10
1765628021.452097,2360,1,0,10,0,10
1765628021.468747,2360,1,0,10,0,10
1765628021.485080,2361,1,0,10,0,10
1765628021.501515,2362,1,0,10,0,10
1765628021.518634,2363,1,0,10,0,10
1765628021.536118,2364,1,0,10,0,10
1765628021.552763,2364,1,0,10,0,10
1765628021.569499,2365,1,0,10,0,10
1765628021.586398,2366,1,0,10,0,10
1765628021.603068,2367,1,0,10,0,10
1765628021.619473,2367,1,0,10,0,10
1765628021.636437,2369,1,0,10,0,10
1765628021.653308,2370,1,0,10,0,10
1765628021.669366,2370,1,0,10,0,10
1765628021.685574,2371,1,0,10,0,10
1765628021.702354,2372,1,0,10,0,10
1765628021.718937,2373,1,0,10,0,10
1765628021.735795,2373,1,0,10,0,10
1765628021.752383,2374,1,0,10,0,10
1765628021.768226,2375,1,0,10,0,10
1765628021.783840,2376,1,0,10,0,10
1765628021.800320,2376,1,0,10,0,10
1765628021.819276,2378,1,0,10,0,10
1765628021.836054,2379,1,0,10,0,10
1765628021.853542,2380,1,0,10,0,10
1765628021.871409,2381,1,0,10,0,10
1765628021.888195,2382,1,0,10,0,10
1765628021.904705,2383,1,0,10,0,10
1765628021.921360,2383,1,0,10,0,10
1765628021.937845,2384,1,0,10,0,10
1765628021.954347,2385,1,0,10,0,10
1765628021.970055,2386,1,0,10,0,10
1765628021.986377,2387,1,0,10,0,10
1765628022.003553,2388,1,0,10,0,10
1765628022.019716,2389,1,0,10,0,10
1765628022.036347,2389,1,0,10,0,10
1765628022.053313,2390,1,0,10,0,10
1765628022.069890,2391,1,0,10,0,10
1765628022.088075,2393,1,0,10,0,10
1765628022.104987,2393,1,0,10,0,10
1765628022.121268,2394,1,0,10,0,10
1765628022.137708,2395,1,0,10,0,10
1765628022.154672,2396,1,0,10,0,10
1765628022.171387,2397,1,0,10,0,10
1765628022.187310,2397,1,0,10,0,10
1765628022.203247,2398,1,0,10,0,10
1765628022.220118,2399,1,0,10,0,10
1765628022.236413,2400,1,0,10,0,10
1765628022.253311,2400,1,0,10,0,10
1765628022.270189,2401,1,0,10,0,10
1765628022.286137,2402,1,0,10,0,10
1765628022.302732,2403,1,0,10,0,10
1765628022.318746,2403,1,0,10,0,10
1765628022.335063,2405,1,0,10,0,10
1765628022.351702,2406,1,0,10,0,10
1765628022.368820,2407,1,0,10,0,10
1765628022.386062,2409,1,0,10,0,10
1765628022.402838,2409,1,0,10,0,10
1765628022.419462,2410,1,0,10,0,10
1765628022.436594,2411,1,0,10,0,10
1765628022.454331,2412,1,0,10,0,10
1765628022.471225,2413,1,0,10,0,10
1765628022.487351,2413,1,0,10,0,10
1765628022.503053,2414,1,0,10,0,10
1765628022.519931,2415,1,0,10,0,10
1765628022.537102,2416,1,0,10,0,10
1765628022.553953,2417,1,0,10,0,10
1765628022.570155,2418,1,0,10,0,10
1765628022.587084,2419,1,0,10,0,10
1765628022.603042,2420,1,0,10,0,10
1765628022.619376,2421,1,0,10,0,10
1765628022.634850,2422,1,0,10,0,10
1765628022.651159,2422,1,0,10,0,10
1765628022.667710,2423,1,0,10,0,10
1765628022.685243,2424,1,0,10,0,10
1765628022.701873,2425,1,0,10,0,10
1765628022.718402,2426,1,0,10,0,10
1765628022.735118,2426,1,0,10,0,10
1765628022.750967,2427,1,0,10,0,10
1765628022.767200,2428,1,0,10,0,10
1765628022.783691,2429,1,0,10,0,10
1765628022.800292,2429,1,0,10,0,10
1765628022.816978,2431,1,0,10,0,10
1765628022.834891,2431,1,0,10,0,10
1765628022.851044,2433,1,0,10,0,10
1765628022.867471,2434,1,0,10,0,10
1765628022.883928,2435,1,0,10,0,10
1765628022.902870,2436,1,0,10,0,10
1765628022.919080,2438,1,0,10,0,10
1765628022.935019,2439,1,0,10,0,10
1765628022.952376,2440,1,0,10,0,10
1765628022.968410,2441,1,0,10,0,10
1765628022.984635,2442,1,0,10,0,10
1765628023.001071,2443,1,0,10,0,10
1765628023.017297,2444,1,0,10,0,10
1765628023.033385,2444,1,0,10,0,10
1765628023.049672,2445,1,0,11,0,11
1765628023.066459,2446,1,0,11,0,11
1765628023.082998,2447,1,0,11,0,11
1765628023.099903,2447,1,0,11,0,11
1765628023.116460,2449,1,0,11,0,11
1765628023.132804,2449,1,0,11,0,11
1765628023.150195,2450,1,0,11,0,11
1765628023.166107,2451,1,0,11,0,11
1765628023.182294,2452,1,0,11,0,11
1765628023.198815,2453,1,0,11,0,11
1765628023.215048,2454,1,0,11,0,11
1765628023.291332,2455,1,0,11,0,11
1765628023.308405,2456,1,0,11,0,11
1765628023.325468,2456,1,0,11,0,11
1765628023.343871,2457,1,0,11,0,11
1765628023.368663,2459,1,0,11,0,11
1765628023.405052,2460,1,0,11,0,11
1765628023.431290,2462,1,0,11,0,11
1765628023.448596,2464,1,0,11,0,11
1765628023.464682,2465,1,0,11,0,11
1765628023.481321,2466,1,0,11,0,11
1765628023.497219,2467,1,0,11,0,11
1765628023.513795,2468,1,0,11,0,11
1765628023.530263,2468,1,0,11,0,11
1765628023.546449,2470,1,0,11,0,11
1765628023.563138,2470,1,0,11,0,11
1765628023.579391,2472,1,0,11,0,11
1765628023.596540,2473,1,0,11,0,11
1765628023.613461,2474,1,0,11,0,11
1765628023.630533,2475,1,0,11,0,11
1765628023.648424,2476,1,0,11,0,11
1765628023.665479,2477,1,0,11,0,11
1765628023.682826,2477,1,0,11,0,11
1765628023.699813,2479,1,0,11,0,11
1765628023.716318,2480,1,0,11,0,11
1765628023.733162,2481,1,0,11,0,11
1765628023.749389,2481,1,0,11,0,11
1765628023.764999,2482,1,0,11,0,11
1765628023.780948,2483,1,0,11,0,11
1765628023.797126,2484,1,0,11,0,11
1765628023.814240,2484,1,0,11,0,11
1765628023.830548,2485,1,0,11,0,11
1765628023.847436,2486,1,0,11,0,11
1765628023.864229,2488,1,0,11,0,11
1765628023.880282,2488,1,0,11,0,11
1765628023.904528,2489,1,0,11,0,11
1765628023.921241,2491,1,0,11,0,11
1765628023.937436,2492,1,0,11,0,11
1765628023.954122,2493,1,0,11,0,11
1765628023.970493,2494,1,0,11,0,11
1765628023.986989,2495,1,0,11,0,11
1765628024.003089,2496,1,0,11,0,11
1765628024.020017,2498,1,0,11,0,11
1765628024.036426,2498,1,0,11,0,11
1765628024.054577,2499,1,0,11,0,11
1765628024.070902,2500,1,0,11,0,11
1765628024.087462,2501,1,0,11,0,11
1765628024.105222,2502,1,0,11,0,11
1765628024.121286,2502,1,0,11,0,11
1765628024.137786,2503,1,0,11,0,11
1765628024.154686,2504,1,0,11,0,11
1765628024.172055,2505,1,0,11,0,11
1765628024.188380,2505,1,0,11,0,11
1765628024.204985,2506,1,0,11,0,11
1765628024.221348,2507,1,0,11,0,11
1765628024.237809,2508,1,0,11,0,11
1765628024.254691,2509,1,0,11,0,11
1765628024.272714,2509,1,0,11,0,11
1765628024.289964,2510,1,0,11,0,11
1765628024.306288,2511,1,0,11,0,11
1765628024.322158,2512,1,0,11,0,11
1765628024.338902,2512,1,0,11,0,11
1765628024.355327,2513,1,0,11,0,11
1765628024.371511,2514,1,0,11,0,11
1765628024.388422,2515,1,0,11,0,11
1765628024.406196,2516,1,0,11,0,11
1765628024.422400,2516,1,0,11,0,11
1765628024.439129,2517,1,0,11,0,11
1765628024.454896,2518,1,0,11,0,11
1765628024.471223,2519,1,0,11,0,11
1765628024.487604,2520,1,0,11,0,11
1765628024.503881,2521,1,0,11,0,11
1765628024.521186,2521,1,0,11,0,11
1765628024.537881,2522,1,0,11,0,11
1765628024.554226,2523,1,0,11,0,11
1765628024.570313,2524,1,0,11,0,11
1765628024.586737,2525,1,0,11,0,11
1765628024.604212,2525,1,0,11,0,11
1765628024.620450,2526,1,0,11,0,11
1765628024.643489,2527,1,0,11,0,11
1765628024.661481,2527,1,0,11,0,11
1765628024.678550,2528,1,0,11,0,11
1765628024.695092,2529,1,0,11,0,11
1765628024.711411,2530,1,0,11,0,11
1765628024.728472,2531,1,0,11,0,11
1765628024.745547,2532,1,0,11,0,11
1765628024.762590,2533,1,0,11,0,11
1765628024.779720,2534,1,0,11,0,11
1765628024.796531,2534,1,0,11,0,11
1765628024.813910,2535,1,0,11,0,11
1765628024.830437,2536,1,0,11,0,11
1765628024.848519,2537,1,0,11,0,11
1765628024.865813,2538,1,0,11,0,11
1765628024.882492,2538,1,0,11,0,11
1765628024.899536,2539,1,0,11,0,11
1765628024.916838,2540,1,0,11,0,11
1765628024.933830,2541,1,0,11,0,11
1765628024.950452,2542,1,0,11,0,11
1765628024.967537,2542,1,0,11,0,11
1765628024.984419,2543,1,0,11,0,11
1765628025.001505,2544,1,0,11,0,11
1765628025.018502,2545,1,0,11,0,11
1765628025.035196,2547,1,0,11,0,11
1765628025.051230,2547,1,0,11,0,11
1765628025.067754,2549,1,0,11,0,11
1765628025.084519,2550,1,0,11,0,11
1765628025.100616,2551,1,0,11,0,11
1765628025.116974,2551,1,0,11,0,11
1765628025.133173,2552,1,0,11,0,11
1765628025.149280,2553,1,0,12,0,12
1765628025.165789,2554,1,0,12,0,12
1765628025.182217,2554,1,0,12,0,12
1765628025.198911,2556,1,0,12,0,12
1765628025.215912,2556,1,0,12,0,12
1765628025.232010,2558,1,0,12,0,12
1765628025.249440,2558,1,0,12,0,12
1765628025.266252,2559,1,0,12,0,12
1765628025.282314,2560,1,0,12,0,12
1765628025.298697,2562,1,0,12,0,12
1765628025.315890,2562,1,0,12,0,12
1765628025.332688,2564,1,0,12,0,12
1765628025.349547,2565,1,0,12,0,12
1765628025.366335,2566,1,0,12,0,12
1765628025.382530,2567,1,0,12,0,12
1765628025.399645,2567,1,0,12,0,12
1765628025.416368,2568,1,0,12,0,12
1765628025.432022,2569,1,0,12,0,12
1765628025.448599,2570,1,0,12,0,12
1765628025.465424,2570,1,0,12,0,12
1765628025.483544,2571,1,0,12,0,12
1765628025.500890,2572,1,0,12,0,12
1765628025.516600,2573,1,0,12,0,12
1765628025.533726,2574,1,0,12,0,12
1765628025.550770,2574,1,0,12,0,12
1765628025.567589,2575,1,0,12,0,12
1765628025.584951,2576,1,0,13,0,13
1765628025.601598,2577,1,0,13,0,13
1765628025.618236,2577,1,0,13,0,13
1765628025.633944,2578,1,0,13,0,13
1765628025.650043,2579,1,0,13,0,13
1765628025.667088,2580,1,0,13,0,13
1765628025.683669,2581,1,0,13,0,13
1765628025.700507,2581,1,0,13,0,13
1765628025.716766,2583,1,0,13,0,13
1765628025.733230,2583,1,0,13,0,13
1765628025.750355,2584,1,0,13,0,13
1765628025.766140,2585,1,0,13,0,13
1765628025.782892,2586,1,0,13,0,13
1765628025.800224,2586,1,0,13,0,13
1765628025.817515,2588,1,0,13,0,13
1765628025.834843,2589,1,0,13,0,13
1765628025.850790,2589,1,0,13,0,13
1765628025.867792,2590,1,0,13,0,13
1765628025.884539,2591,1,0,13,0,13
1765628025.901564,2592,1,0,13,0,13
1765628025.918390,2593,1,0,13,0,13
1765628025.933921,2594,1,0,13,0,13
1765628025.950667,2594,1,0,13,0,13
1765628025.968513,2596,1,0,13,0,13
1765628025.985620,2597,1,0,13,0,13
1765628026.001640,2598,1,0,13,0,13
1765628026.018217,2599,1,0,13,0,13
1765628026.034031,2599,1,0,13,0,13
1765628026.050237,2600,1,0,13,0,13
1765628026.066206,2601,1,0,13,0,13
1765628026.082422,2602,1,0,13,0,13
1765628026.099369,2602,1,0,13,0,13
1765628026.116091,2603,1,0,13,0,13
1765628026.132708,2604,1,0,13,0,13
1765628026.149289,2605,1,0,13,0,13
1765628026.166280,2606,1,0,13,0,13
1765628026.182791,2608,1,0,13,0,13
1765628026.199304,2608,1,0,13,0,13
1765628026.216514,2609,1,0,13,0,13
1765628026.233442,2610,1,0,13,0,13
1765628026.251267,2611,1,0,13,0,13
1765628026.267139,2612,1,0,13,0,13
1765628026.283256,2612,1,0,13,0,13
1765628026.299778,2613,1,0,13,0,13
1765628026.316371,2614,1,0,13,0,13
1765628026.333387,2615,1,0,13,0,13
1765628026.349144,2616,1,0,13,0,13
1765628026.365821,2617,1,0,13,0,13
1765628026.382890,2618,1,0,13,0,13
1765628026.398978,2618,1,0,13,0,13
1765628026.415870,2619,1,0,13,0,13
1765628026.432931,2620,1,0,13,0,13
1765628026.448856,2622,1,0,13,0,13
1765628026.465472,2622,1,0,13,0,13
1765628026.482378,2624,1,0,13,0,13
1765628026.500783,2625,1,0,13,0,13
1765628026.517536,2626,1,0,13,0,13
1765628026.533595,2627,1,0,13,0,13
1765628026.550599,2628,1,0,12,0,12
1765628026.567457,2629,1,0,12,0,12
1765628026.584325,2629,1,0,12,0,12
1765628026.599600,2630,1,0,12,0,12
1765628026.616430,2631,1,0,12,0,12
1765628026.633323,2632,1,0,12,0,12
1765628026.649324,2633,1,0,12,0,12
1765628026.666069,2634,1,0,12,0,12
1765628026.682222,2635,1,0,12,0,12
1765628026.699898,2635,1,0,12,0,12
1765628026.715877,2636,1,0,12,0,12
1765628026.732285,2637,1,0,12,0,12
1765628026.748359,2638,1,0,12,0,12
1765628026.764835,2638,1,0,12,0,12
1765628026.781266,2639,1,0,12,0,12
1765628026.797643,2640,1,0,12,0,12
1765628026.814163,2641,1,0,12,0,12
1765628026.830017,2641,1,0,12,0,12
1765628026.845594,2642,1,0,12,0,12
1765628026.862935,2643,1,0,12,0,12
1765628026.879317,2645,1,1,12,1,12
1765628026.894836,2646,1,1,12,1,12
1765628026.911717,2648,1,1,12,1,12
1765628026.928288,2648,1,1,12,1,12
1765628026.944067,2649,1,1,12,1,12
1765628026.959981,2650,1,1,12,1,12
1765628026.975590,2650,1,1,12,1,12
1765628026.992385,2651,1,1,12,1,12
1765628027.007766,2652,1,1,12,1,12
1765628027.024478,2653,1,1,12,1,12
1765628027.041456,2654,1,1,12,1,12
1765628027.059263,2655,1,1,12,1,12
1765628027.074734,2656,1,1,12,1,12
1765628027.091335,2656,1,1,12,1,12
1765628027.107617,2658,1,1,12,1,12
1765628027.124329,2658,1,1,12,1,12
1765628027.140606,2659,1,1,12,1,12
1765628027.157294,2660,1,1,12,1,12
1765628027.172599,2661,1,1,12,1,12
1765628027.189344,2662,1,1,12,1,12
1765628027.205316,2663,1,1,12,1,12
1765628027.221900,2663,1,1,12,1,12
1765628027.238396,2664,1,1,12,1,12
1765628027.254890,2665,1,1,12,1,12
1765628027.272148,2666,1,1,12,1,12
1765628027.287660,2666,1,1,12,1,12
1765628027.304272,2667,1,1,12,1,12
1765628027.320750,2668,1,1,12,1,12
1765628027.337236,2669,1,1,12,1,12
1765628027.353725,2670,1,1,12,1,12
1765628027.370064,2670,1,1,12,1,12
1765628027.386410,2671,1,1,12,1,12
1765628027.403327,2672,1,1,12,1,12
1765628027.419611,2673,1,1,12,1,12
1765628027.436476,2673,1,1,12,1,12
1765628027.454066,2674,1,1,12,1,12
1765628027.470282,2675,1,1,12,1,12
1765628027.486545,2676,1,1,12,1,12
1765628027.502980,2677,1,1,12,1,12
1765628027.519067,2678,1,1,12,1,12
1765628027.534980,2679,1,1,12,1,12
1765628027.551755,2681,1,1,12,1,12
1765628027.568991,2681,1,1,12,1,12
1765628027.585439,2682,1,1,12,1,12
1765628027.602388,2683,1,1,12,1,12
1765628027.619428,2684,1,1,12,1,12
1765628027.636496,2685,1,1,12,1,12
1765628027.653857,2685,1,1,12,1,12
1765628027.670466,2686,1,1,12,1,12
1765628027.687707,2687,1,1,12,1,12
1765628027.704595,2688,1,1,12,1,12
1765628027.722305,2689,1,1,12,1,12
1765628027.738883,2690,1,1,12,1,12
1765628027.755496,2691,1,1,12,1,12
1765628027.772645,2691,1,1,12,1,12
1765628027.788652,2692,1,1,12,1,12
1765628027.806235,2693,1,1,12,1,12
1765628027.821903,2694,1,1,12,1,12
1765628027.838419,2695,1,1,12,1,12
1765628027.855044,2695,1,1,12,1,12
1765628027.871513,2696,1,1,12,1,12
1765628027.889298,2697,1,1,12,1,12
1765628027.905525,2698,1,1,12,1,12
1765628027.922897,2699,1,1,12,1,12
1765628027.939221,2700,1,1,12,1,12
1765628027.955495,2701,1,1,12,1,12
1765628027.972800,2701,1,1,12,1,12
1765628027.989805,2703,1,1,12,1,12
1765628028.006517,2703,1,1,12,1,12
1765628028.024328,2704,1,1,12,1,12
1765628028.040702,2705,1,1,12,1,12
1765628028.057369,2706,1,1,12,1,12
1765628028.073735,2707,1,1,12,1,12
1765628028.090537,2707,1,1,12,1,12
1765628028.106743,2708,1,1,12,1,12
1765628028.123676,2709,1,1,12,1,12
1765628028.140659,2710,1,1,12,1,12
1765628028.157958,2711,1,1,12,1,12
1765628028.174980,2711,1,1,12,1,12
1765628028.191137,2712,1,1,12,1,12
1765628028.208076,2713,1,1,12,1,12
1765628028.224865,2714,1,1,12,1,12
1765628028.241663,2714,1,1,12,1,12
1765628028.258338,2715,1,1,12,1,12
1765628028.275050,2716,1,1,12,1,12
1765628028.291618,2717,1,1,12,1,12
1765628028.308466,2718,1,1,12,1,12
1765628028.325444,2719,1,1,12,1,12
1765628028.343059,2720,1,1,12,1,12
1765628028.360169,2720,1,1,12,1,12
1765628028.376091,2721,1,1,12,1,12
1765628028.392557,2722,1,1,12,1,12
1765628028.409669,2723,1,1,12,1,12
1765628028.426624,2724,1,1,12,1,12
1765628028.443669,2726,1,1,12,1,12
1765628028.460496,2727,1,1,12,1,12
1765628028.477529,2728,1,1,12,1,12
1765628028.494073,2729,1,1,12,1,12
1765628028.510516,2729,1,1,12,1,12
1765628028.527558,2731,1,1,12,1,12
1765628028.544521,2732,1,1,12,1,12
1765628028.561498,2733,1,1,12,1,12
1765628028.578257,2733,1,1,12,1,12
1765628028.593574,2735,1,1,12,1,12
1765628028.610289,2735,1,1,12,1,12
1765628028.626521,2736,1,1,12,1,12
1765628028.643331,2737,1,0,12,0,12
1765628028.659326,2738,1,0,12,0,12
1765628028.676731,2739,1,0,12,0,12
1765628028.693557,2740,1,0,12,0,12
1765628028.710530,2740,1,0,12,0,12
1765628028.727763,2742,1,0,12,0,12
1765628028.744956,2742,1,0,12,0,12
1765628028.761665,2743,1,0,12,0,12
1765628028.779154,2744,1,0,12,0,12
1765628028.795619,2745,1,0,12,0,12
1765628028.812057,2746,1,0,12,0,12
1765628028.827560,2747,1,0,12,0,12
1765628028.845233,2748,1,0,12,0,12
1765628028.862002,2749,1,0,12,0,12
1765628028.877542,2751,1,0,12,0,12
1765628028.893805,2751,1,0,12,0,12
1765628028.910464,2753,1,0,12,0,12
1765628028.928337,2753,1,0,12,0,12
1765628028.944568,2754,1,0,12,0,12
1765628028.961382,2755,1,0,12,0,12
1765628028.977603,2756,1,0,12,0,12
1765628028.994637,2756,1,0,12,0,12
1765628029.011948,2757,1,0,12,0,12
1765628029.028520,2759,1,0,12,0,12
1765628029.046428,2760,1,0,12,0,12
1765628029.063585,2761,1,0,12,0,12
1765628029.080508,2761,1,0,12,0,12
1765628029.097580,2762,1,0,12,0,12
1765628029.114760,2763,1,0,12,0,12
1765628029.132236,2764,1,0,12,0,12
1765628029.148566,2765,1,0,12,0,12
1765628029.164786,2765,1,0,12,0,12
1765628029.180643,2766,1,0,12,0,12
1765628029.197371,2767,1,0,12,0,12
1765628029.213783,2768,1,0,12,0,12
1765628029.230332,2768,1,0,12,0,12
1765628029.246491,2769,1,0,11,0,11
1765628029.264012,2770,1,0,11,0,11
1765628029.281610,2771,1,0,11,0,11
1765628029.298054,2772,1,0,11,0,11
1765628029.315308,2772,1,0,11,0,11
1765628029.331104,2773,1,0,11,0,11
1765628029.347207,2774,1,0,11,0,11
1765628029.363913,2776,1,0,11,0,11
1765628029.380048,2777,1,0,11,0,11
1765628029.396634,2778,1,0,11,0,11
1765628029.413134,2778,1,0,11,0,11
1765628029.429358,2779,1,0,11,0,11
1765628029.444844,2780,1,0,11,0,11
1765628029.461987,2781,1,0,11,0,11
1765628029.478629,2782,1,0,11,0,11
1765628029.496437,2783,1,0,11,0,11
1765628029.513501,2784,1,0,11,0,11
1765628029.531349,2784,1,0,11,0,11
1765628029.547360,2786,1,0,11,0,11
1765628029.562912,2786,1,0,11,0,11
1765628029.578961,2787,1,0,11,0,11
1765628029.595461,2788,1,0,11,0,11
1765628029.612068,2789,1,0,11,0,11
1765628029.628361,2789,1,0,11,0,11
1765628029.644354,2790,1,0,11,0,11
1765628029.661098,2791,1,0,11,0,11
1765628029.676683,2792,1,0,11,0,11
1765628029.693036,2792,1,0,11,0,11
1765628029.709536,2793,1,0,11,0,11
1765628029.725486,2794,1,0,11,0,11
1765628029.742816,2795,1,0,11,0,11
1765628029.759465,2796,1,0,11,0,11
1765628029.776441,2796,1,0,11,0,11
1765628029.792860,2797,1,0,11,0,11
1765628029.809319,2798,1,0,11,0,11
1765628029.824955,2800,1,0,11,0,11
1765628029.841009,2801,1,0,11,0,11
1765628029.858182,2802,1,0,11,0,11
1765628029.874114,2803,1,0,11,0,11
1765628029.889917,2804,1,0,11,0,11
1765628029.905508,2804,1,0,11,0,11
1765628029.922074,2805,1,0,11,0,11
1765628029.938003,2806,1,0,11,0,11
1765628029.953597,2807,1,0,11,0,11
1765628029.969828,2807,1,0,11,0,11
1765628029.986926,2808,1,0,11,0,11
1765628030.003525,2809,1,0,10,0,10
1765628030.020827,2810,1,0,10,0,10
1765628030.037502,2810,1,0,10,0,10
1765628030.054978,2811,1,0,10,0,10
1765628030.071629,2812,1,0,10,0,10
1765628030.088681,2813,1,0,10,0,10
1765628030.105315,2814,1,0,10,0,10
1765628030.121921,2814,1,0,10,0,10
1765628030.138315,2815,1,0,10,0,10
1765628030.154566,2816,1,0,10,0,10
1765628030.171333,2817,1,0,10,0,10
1765628030.187988,2818,1,0,10,0,10
1765628030.204117,2819,1,0,10,0,10
1765628030.219788,2819,1,0,10,0,10
1765628030.236589,2821,1,0,10,0,10
1765628030.253155,2822,1,0,10,0,10
1765628030.271303,2822,1,0,10,0,10
1765628030.288296,2823,1,0,10,0,10
1765628030.304546,2824,1,0,10,0,10
1765628030.320809,2825,1,0,10,0,10
1765628030.337887,2825,1,0,10,0,10
1765628030.354602,2826,1,0,10,0,10
1765628030.371432,2827,1,0,10,0,10
1765628030.389133,2828,1,0,10,0,10
1765628030.404845,2830,1,0,10,0,10
1765628030.420960,2830,1,0,10,0,10
1765628030.437986,2831,1,0,9,0,9
1765628030.454542,2832,1,0,9,0,9
1765628030.471903,2833,1,0,9,0,9
1765628030.489123,2833,1,0,9,0,9
1765628030.505538,2834,1,0,9,0,9
1765628030.522049,2835,1,0,9,0,9
1765628030.539113,2836,1,0,9,0,9
1765628030.556284,2837,1,0,9,0,9
1765628030.572079,2837,1,0,9,0,9
1765628030.588204,2838,1,0,9,0,9
1765628030.604839,2839,1,0,9,0,9
1765628030.622254,2841,1,0,9,0,9
1765628030.638277,2842,1,0,9,0,9
1765628030.654729,2843,1,0,9,0,9
1765628030.671247,2844,1,0,9,0,9
1765628030.686793,2845,1,0,9,0,9
1765628030.703691,2845,1,0,9,0,9
1765628030.720364,2846,1,0,9,0,9
1765628030.736665,2847,1,0,9,0,9
1765628030.753491,2848,1,0,9,0,9
1765628030.770502,2848,1,0,9,0,9
1765628030.787515,2850,1,0,9,0,9
1765628030.804260,2851,1,0,9,0,9
1765628030.820228,2852,1,0,9,0,9
1765628030.836611,2853,1,0,9,0,9
1765628030.853255,2854,1,0,9,0,9
1765628030.869782,2855,1,0,9,0,9
1765628030.887088,2855,1,0,9,0,9
1765628030.903363,2856,1,0,9,0,9
1765628030.918922,2857,1,0,9,0,9
1765628030.935716,2858,1,0,9,0,9
1765628030.951807,2858,1,0,9,0,9
1765628030.967939,2859,1,0,9,0,9
1765628030.984560,2860,1,0,9,0,9
1765628031.000986,2862,1,0,9,0,9
1765628031.017286,2862,1,0,9,0,9
1765628031.032816,2863,1,0,9,0,9
1765628031.048647,2864,1,0,9,0,9
1765628031.066749,2865,1,0,9,0,9
1765628031.083748,2865,1,0,9,0,9
1765628031.101069,2867,1,0,9,0,9
1765628031.116679,2868,1,0,9,0,9
1765628031.133019,2870,1,0,9,0,9
1765628031.149317,2870,1,0,9,0,9
1765628031.165009,2871,1,0,9,0,9
1765628031.181258,2872,1,0,9,0,9
1765628031.197587,2873,1,0,9,0,9
1765628031.215077,2873,1,0,9,0,9
1765628031.231528,2874,1,0,9,0,9
1765628031.248054,2875,1,0,9,0,9
1765628031.264079,2876,1,0,9,0,9
1765628031.279850,2877,1,0,9,0,9
1765628031.296639,2877,1,0,9,0,9
1765628031.313975,2878,1,0,9,0,9
1765628031.331245,2879,1,0,9,0,9
1765628031.347998,2880,1,0,9,0,9
1765628031.364562,2880,1,0,9,0,9
1765628031.382080,2881,1,0,9,0,9
1765628031.399457,2882,1,0,9,0,9
1765628031.415683,2883,1,0,9,0,9
1765628031.432947,2884,1,0,9,0,9
1765628031.449803,2884,1,0,9,0,9
1765628031.466313,2886,1,0,9,0,9
1765628031.482900,2887,1,0,9,0,9
1765628031.499612,2888,1,0,9,0,9
1765628031.516994,2889,1,0,9,0,9
1765628031.533963,2889,1,0,9,0,9
1765628031.550596,2890,1,0,9,0,9
1765628031.567337,2891,1,0,9,0,9
1765628031.583096,2892,1,0,9,0,9
1765628031.599598,2892,1,0,9,0,9
1765628031.616639,2893,1,0,9,0,9
1765628031.634293,2894,1,0,9,0,9
1765628031.650316,2895,1,0,9,0,9
1765628031.666088,2896,1,0,9,0,9
1765628031.682613,2896,1,0,9,0,9
1765628031.699369,2898,1,0,9,0,9
1765628031.715542,2898,1,0,9,0,9
1765628031.733187,2900,1,0,9,0,9
1765628031.749712,2900,1,0,9,0,9
1765628031.766369,2902,1,0,9,0,9
1765628031.782592,2902,1,0,9,0,9
1765628031.800264,2903,1,0,9,0,9
1765628031.816895,2904,1,0,9,0,9
1765628031.832869,2905,1,0,9,0,9
1765628031.849522,2906,1,0,9,0,9
1765628031.866436,2907,1,0,9,0,9
1765628031.883276,2908,1,0,9,0,9
1765628031.899709,2908,1,0,9,0,9
1765628031.916609,2909,1,0,9,0,9
1765628031.934543,2910,1,0,9,0,9
1765628031.952196,2911,1,0,9,0,9
1765628031.968096,2913,1,0,9,0,9
1765628031.984893,2914,1,0,9,0,9
1765628032.001031,2915,1,0,9,0,9
1765628032.017365,2915,1,0,9,0,9
1765628032.033046,2916,1,0,9,0,9
1765628032.048761,2917,1,0,9,0,9
1765628032.065575,2918,1,0,8,0,8
1765628032.082936,2918,1,0,8,0,8
1765628032.099325,2919,1,0,8,0,8
1765628032.115616,2920,1,0,8,0,8
1765628032.132701,2921,1,0,8,0,8
1765628032.149182,2922,1,0,8,0,8
1765628032.166587,2922,1,0,8,0,8
1765628032.183220,2923,1,0,8,0,8
1765628032.200168,2924,1,0,8,0,8
1765628032.216420,2925,1,0,8,0,8
1765628032.234220,2926,1,0,8,0,8
1765628032.252190,2927,1,0,8,0,8
1765628032.268867,2928,1,0,8,0,8
1765628032.284696,2928,1,0,8,0,8
1765628032.301124,2929,1,0,8,0,8
1765628032.316900,2930,1,0,8,0,8
1765628032.333004,2931,1,0,8,0,8
1765628032.349587,2931,1,0,8,0,8
1765628032.367286,2932,1,0,8,0,8
1765628032.383199,2933,1,0,8,0,8
1765628032.399692,2934,1,0,8,0,8
1765628032.415589,2934,1,0,8,0,8
1765628032.431898,2936,1,0,8,0,8
1765628032.448466,2937,1,0,8,0,8
1765628032.465122,2938,1,0,8,0,8
1765628032.482007,2938,1,0,8,0,8
1765628032.498092,2939,1,0,8,0,8
1765628032.514637,2940,1,0,8,0,8
1765628032.532203,2941,1,0,8,0,8
1765628032.548789,2942,1,0,8,0,8
1765628032.566531,2942,1,0,8,0,8
1765628032.583390,2943,1,0,8,0,8
1765628032.599294,2944,1,0,8,0,8
1765628032.615366,2945,1,0,8,0,8
1765628032.630642,2945,1,0,8,0,8
1765628032.646963,2946,1,0,8,0,8
1765628032.664109,2947,1,0,8,0,8
1765628032.680415,2948,1,0,8,0,8
1765628032.697125,2949,1,0,8,0,8
1765628032.713459,2950,1,0,8,0,8
1765628032.730312,2951,1,0,8,0,8
1765628032.746370,2951,1,0,8,0,8
1765628032.762116,2953,1,0,8,0,8
1765628032.778285,2954,1,0,8,0,8
1765628032.794747,2955,1,0,8,0,8
1765628032.811934,2955,1,0,8,0,8
1765628032.828078,2956,1,0,8,0,8
1765628032.844139,2957,1,0,8,0,8
1765628032.860924,2958,1,0,8,0,8
1765628032.876875,2959,1,0,8,0,8
1765628032.893034,2960,1,0,8,0,8
1765628032.909537,2960,1,0,8,0,8
1765628032.926504,2961,1,0,8,0,8
1765628032.942821,2962,1,0,8,0,8
1765628032.958657,2963,1,0,8,0,8
1765628032.976604,2964,1,0,8,0,8
1765628032.993668,2964,1,0,8,0,8
1765628033.010376,2966,1,0,8,0,8
1765628033.026325,2966,1,0,8,0,8
1765628033.043288,2967,1,0,8,0,8
1765628033.059798,2968,1,0,8,0,8
1765628033.076592,2969,1,0,8,0,8
1765628033.093795,2970,1,0,8,0,8
1765628033.110732,2970,1,0,8,0,8
1765628033.127806,2972,1,0,8,0,8
1765628033.144557,2972,1,0,8,0,8
1765628033.161219,2974,1,1,8,1,8
1765628033.177766,2974,1,1,8,1,8
1765628033.194236,2975,1,1,8,1,8
1765628033.210733,2976,1,1,8,1,8
1765628033.227447,2977,1,1,8,1,8
1765628033.245111,2978,1,1,8,1,8
1765628033.261189,2978,1,1,8,1,8
1765628033.277829,2979,1,1,8,1,8
1765628033.294160,2980,1,1,8,1,8
1765628033.310060,2981,1,1,8,1,8
1765628033.326277,2982,1,1,8,1,8
1765628033.342616,2983,1,1,8,1,8
1765628033.359866,2984,1,1,8,1,8
1765628033.376602,2985,1,1,8,1,8
1765628033.392786,2985,1,1,8,1,8
1765628033.410121,2986,1,1,8,1,8
1765628033.426238,2987,1,1,8,1,8
1765628033.442958,2988,1,1,8,1,8
1765628033.459463,2989,1,1,8,1,8
1765628033.476516,2990,1,1,8,1,8
1765628033.494013,2991,1,1,8,1,8
1765628033.510357,2991,1,1,8,1,8
1765628033.526823,2992,1,1,8,1,8
1765628033.543163,2993,1,1,8,1,8
1765628033.558825,2994,1,1,8,1,8
1765628033.576555,2995,1,1,8,1,8
1765628033.593936,2995,1,1,8,1,8
1765628033.611002,2996,1,1,8,1,8
1765628033.627948,2997,1,1,8,1,8
1765628033.645080,2998,1,1,8,1,8
1765628033.660844,2999,1,1,8,1,8
1765628033.677117,3000,1,1,8,1,8
1765628033.693584,3001,1,1,8,1,8
1765628033.710655,3002,1,1,8,1,8
1765628033.728034,3003,1,1,8,1,8
1765628033.745566,3004,1,1,8,1,8
1765628033.762315,3005,1,1,8,1,8
1765628033.778812,3005,1,1,8,1,8
1765628033.796507,3006,1,1,8,1,8
1765628033.813540,3007,1,1,8,1,8
1765628033.830371,3008,1,1,8,1,8
1765628033.846575,3009,1,1,8,1,8
1765628033.862625,3009,1,1,8,1,8
1765628033.880261,3010,1,1,8,1,8
1765628033.896510,3011,1,1,8,1,8
1765628033.913377,3012,1,1,8,1,8
1765628033.928750,3013,1,1,8,1,8
1765628033.946554,3014,1,1,8,1,8
1765628033.964232,3015,1,1,8,1,8
1765628033.982188,3016,1,1,8,1,8
1765628033.998079,3017,1,1,8,1,8
1765628034.014930,3017,1,1,8,1,8
1765628034.031702,3018,1,1,8,1,8
1765628034.048148,3019,1,1,8,1,8
1765628034.064161,3020,1,1,8,1,8
1765628034.080409,3021,1,1,8,1,8
1765628034.097755,3021,1,1,8,1,8
1765628034.114072,3022,1,1,8,1,8
1765628034.130147,3023,1,1,8,1,8
1765628034.146318,3024,1,1,8,1,8
1765628034.161492,3024,1,1,8,1,8
1765628034.178519,3025,1,1,8,1,8
1765628034.195503,3026,1,1,8,1,8
1765628034.212407,3027,1,1,8,1,8
1765628034.228497,3028,1,1,8,1,8
1765628034.245497,3029,1,1,8,1,8
1765628034.262456,3030,1,1,8,1,8
1765628034.279355,3031,1,1,8,1,8
1765628034.294995,3032,1,1,8,1,8
1765628034.311776,3033,1,1,8,1,8
1765628034.328556,3034,1,1,8,1,8
1765628034.346372,3035,1,1,8,1,8
1765628034.362575,3037,1,1,8,1,8
1765628034.379583,3038,1,1,8,1,8
1765628034.396431,3039,1,1,8,1,8
1765628034.413702,3040,1,1,8,1,8
1765628034.430135,3040,1,1,8,1,8
1765628034.446477,3042,1,1,8,1,8
1765628034.463594,3042,1,1,8,1,8
1765628034.481265,3043,1,1,8,1,8
1765628034.497838,3044,1,1,8,1,8
1765628034.514350,3045,1,1,8,1,8
1765628034.530306,3045,1,1,8,1,8
1765628034.545647,3047,1,1,8,1,8
1765628034.561738,3047,1,1,8,1,8
1765628034.578526,3048,1,1,8,1,8
1765628034.595734,3049,1,1,8,1,8
1765628034.612556,3051,1,1,8,1,8
1765628034.628868,3052,1,1,8,1,8
1765628034.644910,3053,1,1,8,1,8
1765628034.660564,3053,1,1,8,1,8
1765628034.677494,3054,1,1,8,1,8
1765628034.694569,3055,1,1,8,1,8
1765628034.712310,3056,1,1,8,1,8
1765628034.727689,3057,1,1,8,1,8
1765628034.744214,3057,1,1,8,1,8
1765628034.760941,3058,1,1,8,1,8
1765628034.776597,3059,1,1,8,1,8
1765628034.793500,3060,1,1,8,1,8
1765628034.810142,3060,1,1,8,1,8
1765628034.826339,3061,1,1,8,1,8
1765628034.843287,3062,1,1,8,1,8
1765628034.859549,3063,1,1,8,1,8
1765628034.876618,3064,1,1,8,1,8
1765628034.893802,3064,1,1,8,1,8
1765628034.910183,3065,1,1,8,1,8
1765628034.925927,3066,1,1,8,1,8
1765628034.941570,3067,1,1,8,1,8
1765628034.958891,3067,1,1,8,1,8
1765628034.975752,3068,1,1,8,1,8
1765628034.992948,3069,1,1,8,1,8
1765628035.009502,3070,1,1,8,1,8
1765628035.025887,3072,1,1,8,1,8
1765628035.042946,3072,1,1,8,1,8
1765628035.059506,3073,1,1,8,1,8
1765628035.076787,3074,1,1,8,1,8
1765628035.093102,3075,1,1,8,1,8
1765628035.110146,3075,1,1,8,1,8
1765628035.126528,3076,1,1,8,1,8
1765628035.143196,3077,1,1,8,1,8
1765628035.160083,3078,1,1,8,1,8
1765628035.176293,3079,1,1,8,1,8
1765628035.192649,3079,1,1,8,1,8
1765628035.209182,3080,1,1,8,1,8
1765628035.226127,3081,1,1,8,1,8
1765628035.242912,3082,1,1,8,1,8
1765628035.259431,3082,1,1,8,1,8
1765628035.276621,3083,1,1,8,1,8
1765628035.292514,3084,1,1,8,1,8
1765628035.309627,3085,1,1,8,1,8
1765628035.325970,3086,1,1,8,1,8
1765628035.342112,3086,1,1,8,1,8
1765628035.358874,3087,1,1,8,1,8
1765628035.375058,3088,1,1,8,1,8
1765628035.419075,3089,1,1,8,1,8
1765628035.458478,3089,1,1,8,1,8
1765628035.475077,3091,1,1,8,1,8
1765628035.491209,3092,1,1,8,1,8
1765628035.509382,3093,1,1,8,1,8
1765628035.525903,3095,1,1,8,1,8
1765628035.542927,3095,1,1,8,1,8
1765628035.559567,3096,1,1,8,1,8
1765628035.577056,3097,1,1,8,1,8
1765628035.593669,3098,1,1,8,1,8
1765628035.610201,3099,1,1,8,1,8
1765628035.626657,3099,1,1,8,1,8
1765628035.643825,3101,1,1,8,1,8
1765628035.660521,3101,1,1,8,1,8
1765628035.677685,3102,1,1,8,1,8
1765628035.694619,3103,1,1,8,1,8
1765628035.711173,3104,1,1,8,1,8
1765628035.727929,3105,1,1,8,1,8
1765628035.744169,3105,1,1,8,1,8
1765628035.760092,3107,1,1,8,1,8
1765628035.775877,3108,1,1,8,1,8
1765628035.791954,3109,1,1,8,1,8
1765628035.808142,3110,1,1,8,1,8
1765628035.824590,3111,1,1,8,1,8
1765628035.841767,3111,1,1,8,1,8
1765628035.858354,3112,1,1,8,1,8
1765628035.873582,3113,1,1,8,1,8
1765628035.890861,3114,1,1,8,1,8
1765628035.908238,3115,1,1,8,1,8
1765628035.924344,3116,1,1,8,1,8
1765628035.940261,3117,1,1,8,1,8
1765628035.956571,3118,1,1,8,1,8
1765628035.973291,3119,1,1,8,1,8
1765628035.991654,3120,1,1,8,1,8
1765628036.009483,3122,1,1,8,1,8
1765628036.027007,3122,1,1,8,1,8
1765628036.043210,3123,1,1,8,1,8
1765628036.059290,3124,1,1,8,1,8
1765628036.074957,3125,1,1,8,1,8
1765628036.092140,3125,1,1,8,1,8
1765628036.108041,3126,1,1,8,1,8
1765628036.124644,3127,1,1,8,1,8
1765628036.141669,3128,1,1,8,1,8
1765628036.159145,3129,1,1,8,1,8
1765628036.175056,3129,1,1,8,1,8
1765628036.191887,3130,1,1,8,1,8
1765628036.208263,3131,1,1,8,1,8
1765628036.224025,3132,1,1,8,1,8
1765628036.239777,3132,1,1,8,1,8
1765628036.256201,3133,1,1,8,1,8
1765628036.291516,3133,1,1,8,1,8
1765628036.308652,3135,1,1,8,1,8
1765628036.325751,3137,1,1,8,1,8
1765628036.342703,3137,1,1,8,1,8
1765628036.359949,3139,1,1,8,1,8
1765628036.376405,3140,1,1,8,1,8
1765628036.394002,3140,1,1,8,1,8
1765628036.411435,3141,1,1,8,1,8
1765628036.428425,3142,1,1,8,1,8
1765628036.444748,3143,1,1,8,1,8
1765628036.461008,3143,1,1,8,1,8
1765628036.477643,3144,1,1,8,1,8
1765628036.494566,3145,1,1,8,1,8
1765628036.510959,3146,1,1,8,1,8
1765628036.527488,3147,1,1,8,1,8
1765628036.545193,3148,1,1,8,1,8
1765628036.562256,3150,1,1,8,1,8
1765628036.578743,3151,1,1,8,1,8
1765628036.595501,3152,1,1,8,1,8
1765628036.612468,3153,1,1,8,1,8
1765628036.630063,3154,1,1,8,1,8
1765628036.646557,3154,1,1,8,1,8
1765628036.663689,3155,1,1,8,1,8
1765628036.681316,3156,1,1,8,1,8
1765628036.697742,3157,1,1,8,1,8
1765628036.714939,3158,1,1,8,1,8
1765628036.731031,3158,1,1,8,1,8
1765628036.747692,3160,1,1,8,1,8
1765628036.763698,3160,1,1,8,1,8
1765628036.780626,3161,1,1,8,1,8
1765628036.796733,3162,1,1,8,1,8
1765628036.812761,3163,1,1,8,1,8
1765628036.829771,3164,1,1,8,1,8
1765628036.847299,3165,1,1,8,1,8
1765628036.862825,3166,1,1,8,1,8
1765628036.879157,3167,1,1,8,1,8
1765628036.895705,3168,1,1,8,1,8
1765628036.913117,3169,1,1,8,1,8
1765628036.928887,3170,1,1,8,1,8
1765628036.945877,3170,1,1,8,1,8
1765628036.962351,3171,1,1,8,1,8
1765628036.979150,3172,1,1,8,1,8
1765628036.995540,3173,1,1,8,1,8
1765628037.012160,3174,1,1,8,1,8
1765628037.028114,3174,1,1,8,1,8
1765628037.044440,3175,1,1,8,1,8
1765628037.061411,3176,1,1,8,1,8
1765628037.078699,3177,1,1,8,1,8
1765628037.095793,3177,1,1,8,1,8
1765628037.112353,3178,1,1,8,1,8
1765628037.128419,3179,1,1,8,1,8
1765628037.144648,3180,1,1,8,1,8
1765628037.161710,3181,1,1,8,1,8
1765628037.178762,3181,1,1,8,1,8
1765628037.194596,3182,1,1,8,1,8
1765628037.211183,3183,1,1,8,1,8
1765628037.227548,3184,1,1,8,1,8
1765628037.244475,3185,1,1,8,1,8
1765628037.261334,3186,1,1,8,1,8
1765628037.277770,3186,1,1,8,1,8
1765628037.294459,3187,1,1,8,1,8
1765628037.311503,3188,1,1,8,1,8
1765628037.328524,3189,1,1,8,1,8
1765628037.345533,3190,1,1,8,1,8
1765628037.362611,3190,1,1,8,1,8
1765628037.378926,3192,1,1,8,1,8
1765628037.395504,3193,1,1,8,1,8
1765628037.413059,3194,1,1,8,1,8
1765628037.429135,3194,1,1,8,1,8
1765628037.445969,3195,1,1,8,1,8
1765628037.462333,3196,1,1,8,1,8
1765628037.479165,3197,1,1,8,1,8
1765628037.495343,3198,1,1,8,1,8
1765628037.511173,3199,1,1,8,1,8
1765628037.527528,3200,1,1,8,1,8
1765628037.545185,3200,1,1,8,1,8
1765628037.561521,3202,1,1,8,1,8
1765628037.578783,3203,1,1,8,1,8
1765628037.595762,3204,1,1,8,1,8
1765628037.612878,3205,1,1,8,1,8
1765628037.629809,3205,1,1,8,1,8
1765628037.646717,3206,1,1,8,1,8
1765628037.663582,3207,1,1,8,1,8
1765628037.681119,3208,1,1,8,1,8
1765628037.697543,3209,1,1,8,1,8
1765628037.714384,3210,1,1,8,1,8
1765628037.731158,3211,1,1,8,1,8
1765628037.746964,3211,1,1,8,1,8
1765628037.762638,3212,1,1,8,1,8
1765628037.779177,3213,1,1,8,1,8
1765628037.795574,3214,1,1,8,1,8
1765628037.813089,3214,1,1,8,1,8
1765628037.828841,3215,1,1,8,1,8
1765628037.845284,3216,1,1,8,1,8
1765628037.861253,3217,1,1,8,1,8
1765628037.877982,3217,1,1,8,1,8
1765628037.894623,3219,1,1,8,1,8
1765628037.911978,3220,1,1,8,1,8
1765628037.928277,3221,1,1,8,1,8
1765628037.944225,3221,1,1,8,1,8
1765628037.961262,3222,1,1,8,1,8
1765628037.977699,3223,1,1,8,1,8
1765628037.994796,3224,1,1,8,1,8
1765628038.012471,3225,1,1,8,1,8
1765628038.029697,3225,1,1,8,1,8
1765628038.047432,3227,1,1,8,1,8
1765628038.064827,3228,1,1,8,1,8
1765628038.081867,3228,1,1,8,1,8
1765628038.098411,3229,1,1,8,1,8
1765628038.115415,3230,1,1,8,1,8
1765628038.133357,3231,1,1,8,1,8
1765628038.149614,3232,1,1,8,1,8
1765628038.166403,3233,1,1,8,1,8
1765628038.182928,3234,1,1,8,1,8
1765628038.199978,3234,1,1,8,1,8
1765628038.217562,3235,1,1,8,1,8
1765628038.235116,3236,1,1,8,1,8
1765628038.251082,3237,1,1,8,1,8
1765628038.267759,3238,1,1,8,1,8
1765628038.284748,3239,1,1,8,1,8
1765628038.301189,3240,1,1,8,1,8
1765628038.317793,3240,1,1,8,1,8
1765628038.417833,3241,1,1,8,1,8
1765628038.440218,3242,1,1,8,1,8
1765628038.476125,3243,1,0,8,0,8
1765628038.494289,3245,1,0,8,0,8
1765628038.511349,3247,1,0,8,0,8
1765628038.527575,3248,1,0,8,0,8
1765628038.544733,3249,1,0,8,0,8
1765628038.561046,3250,1,0,8,0,8
1765628038.577891,3250,1,0,8,0,8
1765628038.594717,3251,1,0,8,0,8
1765628038.611305,3252,1,0,8,0,8
1765628038.627687,3253,1,0,8,0,8
1765628038.644417,3254,1,0,8,0,8
1765628038.662257,3255,1,0,8,0,8
1765628038.678932,3256,1,0,8,0,8
1765628038.695473,3256,1,0,8,0,8
1765628038.712504,3257,1,0,8,0,8
1765628038.729621,3258,1,0,8,0,8
1765628038.746460,3259,1,0,8,0,8
1765628038.763140,3260,1,0,8,0,8
1765628038.778601,3261,1,0,8,0,8
1765628038.796010,3262,1,0,7,0,7
1765628038.812456,3262,1,0,7,0,7
1765628038.828917,3263,1,0,7,0,7
1765628038.845124,3264,1,0,7,0,7
1765628038.861405,3265,1,0,7,0,7
1765628038.877574,3266,1,0,7,0,7
1765628038.894661,3268,1,0,7,0,7
1765628038.911866,3268,1,0,7,0,7
1765628038.928647,3269,1,0,7,0,7
1765628038.945834,3270,1,0,7,0,7
1765628038.962517,3271,1,0,7,0,7
1765628038.979503,3272,1,0,7,0,7
1765628038.996558,3272,1,0,7,0,7
1765628039.013240,3273,1,0,7,0,7
1765628039.030567,3274,1,0,7,0,7
1765628039.047740,3275,1,0,7,0,7
1765628039.064305,3276,1,0,7,0,7
1765628039.080878,3276,1,0,7,0,7
1765628039.097698,3278,1,0,7,0,7
1765628039.113701,3279,1,0,7,0,7
1765628039.130757,3280,1,0,7,0,7
1765628039.147479,3280,1,0,7,0,7
1765628039.164251,3282,1,0,7,0,7
1765628039.180521,3283,1,0,7,0,7
1765628039.197840,3284,1,0,7,0,7
1765628039.214567,3284,1,0,7,0,7
1765628039.231834,3285,1,0,7,0,7
1765628039.249046,3286,1,0,7,0,7
1765628039.265399,3287,1,0,7,0,7
1765628039.281148,3288,1,0,7,0,7
1765628039.297071,3288,1,0,7,0,7
1765628039.314150,3290,1,0,7,0,7
1765628039.331142,3290,1,0,7,0,7
1765628039.347520,3291,1,0,7,0,7
1765628039.363952,3292,1,0,7,0,7
1765628039.380508,3293,1,0,7,0,7
1765628039.397458,3293,1,0,7,0,7
1765628039.414992,3294,1,0,7,0,7
1765628039.431095,3295,1,0,7,0,7
1765628039.447726,3296,1,0,7,0,7
1765628039.464289,3297,1,0,7,0,7
1765628039.480863,3297,1,0,7,0,7
1765628039.496803,3298,1,0,7,0,7
1765628039.514079,3299,1,0,7,0,7
1765628039.531143,3300,1,0,7,0,7
1765628039.547832,3301,1,0,7,0,7
1765628039.564369,3302,1,0,7,0,7
1765628039.580359,3303,1,0,7,0,7
1765628039.596230,3305,1,0,7,0,7
1765628039.612472,3305,1,0,7,0,7
1765628039.629421,3306,1,0,7,0,7
1765628039.645833,3307,1,0,7,0,7
1765628039.662757,3308,1,0,7,0,7
1765628039.679677,3309,1,0,7,0,7
1765628039.696882,3310,1,0,7,0,7
1765628039.713952,3311,1,0,7,0,7
1765628039.731271,3311,1,0,7,0,7
1765628039.747676,3312,1,0,8,0,8
1765628039.764506,3313,1,0,8,0,8
1765628039.781449,3314,1,0,8,0,8
1765628039.797762,3315,1,0,8,0,8
1765628039.814011,3316,1,0,8,0,8
1765628039.830035,3317,1,0,8,0,8
1765628039.847280,3318,1,0,8,0,8
1765628039.863737,3319,1,0,8,0,8
1765628039.880441,3319,1,0,8,0,8
1765628039.897681,3320,1,0,8,0,8
1765628039.914886,3321,1,0,8,0,8
1765628039.931552,3322,1,0,8,0,8
1765628039.948793,3323,1,0,8,0,8
1765628039.966016,3324,1,0,8,0,8
1765628039.982769,3325,1,0,8,0,8
1765628039.998919,3326,1,0,8,0,8
1765628040.019024,3328,1,0,8,0,8
1765628040.034540,3329,1,0,8,0,8
1765628040.052054,3331,1,0,8,0,8
1765628040.068830,3332,1,0,8,0,8
1765628040.085487,3333,1,0,8,0,8
1765628040.102357,3333,1,0,8,0,8
1765628040.118992,3334,1,0,8,0,8
1765628040.134785,3335,1,0,8,0,8
1765628040.151818,3336,1,0,8,0,8
1765628040.168518,3337,1,0,8,0,8
1765628040.185202,3337,1,0,8,0,8
1765628040.201448,3338,1,0,8,0,8
1765628040.218887,3339,1,0,8,0,8
1765628040.235415,3340,1,0,8,0,8
1765628040.251981,3340,1,0,8,0,8
1765628040.268821,3341,1,0,8,0,8
1765628040.285788,3342,1,0,8,0,8
1765628040.302313,3343,1,0,8,0,8
1765628040.318257,3344,1,0,8,0,8
1765628040.334715,3345,1,0,8,0,8
1765628040.350778,3346,1,0,8,0,8
1765628040.367902,3346,1,0,8,0,8
1765628040.383542,3347,1,0,8,0,8
1765628040.400653,3348,1,0,8,0,8
1765628040.417672,3349,1,0,8,0,8
1765628040.434638,3349,1,0,8,0,8
1765628040.451265,3351,1,0,8,0,8
1765628040.467777,3352,1,0,8,0,8
1765628040.484677,3353,1,0,8,0,8
1765628040.501448,3355,1,0,8,0,8
1765628040.518657,3355,1,0,8,0,8
1765628040.535891,3357,1,0,8,0,8
1765628040.553040,3358,1,0,8,0,8
1765628040.568784,3359,1,0,8,0,8
1765628040.584790,3359,1,0,8,0,8
1765628040.601247,3360,1,0,8,0,8
1765628040.617503,3361,1,0,8,0,8
1765628040.634424,3362,1,0,8,0,8
1765628040.651193,3363,1,0,8,0,8
1765628040.667712,3364,1,0,8,0,8
1765628040.684852,3365,1,0,8,0,8
1765628040.701267,3365,1,0,8,0,8
1765628040.717408,3366,1,0,8,0,8
1765628040.734765,3368,1,0,8,0,8
1765628040.751205,3369,1,0,8,0,8
1765628040.767444,3370,1,0,8,0,8
1765628040.784661,3371,1,0,8,0,8
1765628040.802645,3371,1,0,8,0,8
1765628040.819672,3372,1,0,8,0,8
1765628040.836137,3373,1,0,8,0,8
1765628040.852598,3374,1,0,8,0,8
1765628040.870218,3375,1,0,8,0,8
1765628040.887118,3375,1,0,8,0,8
1765628040.903464,3377,1,0,8,0,8
1765628040.919938,3377,1,0,8,0,8
1765628040.937238,3378,1,0,8,0,8
1765628040.953630,3379,1,0,8,0,8
1765628040.969619,3381,1,0,8,0,8
1765628040.986166,3381,1,0,8,0,8
1765628041.001858,3382,1,0,8,0,8
1765628041.018837,3383,1,0,8,0,8
1765628041.035467,3384,1,0,8,0,8
1765628041.053595,3385,1,0,8,0,8
1765628041.070633,3385,1,0,8,0,8
1765628041.087685,3386,1,0,8,0,8
1765628041.103841,3387,1,0,8,0,8
1765628041.120692,3388,1,0,8,0,8
1765628041.136760,3388,1,0,8,0,8
1765628041.154387,3389,1,0,8,0,8
1765628041.170431,3390,1,0,8,0,8
1765628041.187757,3391,1,0,8,0,8
1765628041.204971,3393,1,0,8,0,8
1765628041.221534,3393,1,0,8,0,8
1765628041.238725,3394,1,0,8,0,8
1765628041.255755,3395,1,0,8,0,8
1765628041.272309,3396,1,0,8,0,8
1765628041.289267,3397,1,0,8,0,8
1765628041.305417,3398,1,0,8,0,8
1765628041.322052,3398,1,0,8,0,8
1765628041.337782,3399,1,0,8,0,8
1765628041.353844,3400,1,0,8,0,8
1765628041.370819,3401,1,0,8,0,8
1765628041.387855,3402,1,0,8,0,8
1765628041.404869,3403,1,0,8,0,8
1765628041.421451,3404,1,0,8,0,8
1765628041.438718,3405,1,0,8,0,8
1765628041.454867,3406,1,0,8,0,8
1765628041.470773,3406,1,0,8,0,8
1765628041.487920,3408,1,0,8,0,8
1765628041.504261,3408,1,0,8,0,8
1765628041.520592,3409,1,0,8,0,8
1765628041.537270,3410,1,0,8,0,8
1765628041.553752,3411,1,0,8,0,8
1765628041.569727,3412,1,0,8,0,8
1765628041.586662,3413,1,0,8,0,8
1765628041.602488,3414,1,0,8,0,8
1765628041.619699,3414,1,0,8,0,8
1765628041.635680,3415,1,0,8,0,8
1765628041.652812,3416,1,0,8,0,8
1765628041.668837,3417,1,0,8,0,8
1765628041.685664,3418,1,0,8,0,8
1765628041.702848,3419,1,0,8,0,8
1765628041.719076,3420,1,0,8,0,8
1765628041.735744,3421,1,0,8,0,8
1765628041.752577,3421,1,0,8,0,8
1765628041.769654,3422,1,0,8,0,8
1765628041.786287,3423,1,0,8,0,8
1765628041.803289,3424,1,0,8,0,8
1765628041.820072,3425,1,0,8,0,8
1765628041.836839,3425,1,0,8,0,8
1765628041.853270,3426,1,0,8,0,8
1765628041.869432,3427,1,0,8,0,8
1765628041.887559,3428,1,0,8,0,8
1765628041.903522,3429,1,0,8,0,8
1765628041.920007,3430,1,0,8,0,8
1765628041.936406,3430,1,0,8,0,8
1765628041.953557,3431,1,0,8,0,8
1765628041.971746,3432,1,0,8,0,8
1765628041.988464,3433,1,0,8,0,8
1765628042.006114,3434,1,0,8,0,8
1765628042.022891,3435,1,0,8,0,8
1765628042.039288,3436,1,1,8,1,8
1765628042.056896,3437,1,1,8,1,8
1765628042.073090,3437,1,1,8,1,8
1765628042.089437,3439,1,1,8,1,8
1765628042.105820,3439,1,1,8,1,8
1765628042.122658,3440,1,1,8,1,8
1765628042.139423,3441,1,1,8,1,8
1765628042.156303,3442,1,1,8,1,8
1765628042.172326,3443,1,1,8,1,8
1765628042.188740,3444,1,1,8,1,8
1765628042.205540,3444,1,1,8,1,8
1765628042.222353,3445,1,1,8,1,8
1765628042.238379,3446,1,1,8,1,8
1765628042.254803,3447,1,1,8,1,8
1765628042.271924,3448,1,1,8,1,8
1765628042.288088,3448,1,1,8,1,8
1765628042.305357,3450,1,1,8,1,8
1765628042.322412,3451,1,1,8,1,8
1765628042.339925,3452,1,1,8,1,8
1765628042.356799,3452,1,1,8,1,8
1765628042.375162,3454,1,1,8,1,8
1765628042.390932,3455,1,1,8,1,8
1765628042.407388,3455,1,1,8,1,8
1765628042.424015,3456,1,1,8,1,8
1765628042.441526,3457,1,1,8,1,8
1765628042.457808,3458,1,1,8,1,8
1765628042.473728,3458,1,1,8,1,8
1765628042.490483,3459,1,1,8,1,8
1765628042.507504,3460,1,1,8,1,8
1765628042.524718,3461,1,1,8,1,8
1765628042.541380,3462,1,1,8,1,8
1765628042.557970,3463,1,1,8,1,8
1765628042.574984,3464,1,1,8,1,8
1765628042.591691,3464,1,1,8,1,8
1765628042.607660,3465,1,1,8,1,8
1765628042.624289,3466,1,1,8,1,8
1765628042.641237,3467,1,1,8,1,8
1765628042.657516,3468,1,1,8,1,8
1765628042.674822,3468,1,1,8,1,8
1765628042.712462,3470,1,1,8,1,8
1765628042.730549,3471,1,1,8,1,8
1765628042.748136,3472,1,1,8,1,8
1765628042.764288,3473,1,1,8,1,8
1765628042.779815,3474,1,1,8,1,8
1765628042.796397,3475,1,1,8,1,8
1765628042.812833,3476,1,1,8,1,8
1765628042.828519,3477,1,1,8,1,8
1765628042.845314,3478,1,1,8,1,8
1765628042.861388,3479,1,1,8,1,8
1765628042.877008,3479,1,1,8,1,8
1765628042.894351,3480,1,1,8,1,8
1765628042.911142,3481,1,1,8,1,8
1765628042.928050,3482,1,1,8,1,8
1765628042.945407,3482,1,1,8,1,8
1765628042.962447,3483,1,1,8,1,8
1765628042.979120,3484,1,1,8,1,8
1765628042.995593,3485,1,1,8,1,8
1765628043.012467,3486,1,1,8,1,8
1765628043.029348,3486,1,1,8,1,8
1765628043.046502,3487,1,1,8,1,8
1765628043.063388,3488,1,1,8,1,8
1765628043.080493,3489,1,1,8,1,8
1765628043.097372,3490,1,1,8,1,8
1765628043.114199,3491,1,1,8,1,8
1765628043.130183,3492,1,1,8,1,8
1765628043.147228,3492,1,1,8,1,8
1765628043.163278,3493,1,1,8,1,8
1765628043.179660,3494,1,1,8,1,8
1765628043.196372,3495,1,1,8,1,8
1765628043.211553,3495,1,1,8,1,8
1765628043.228471,3496,1,1,8,1,8
1765628043.245786,3497,1,1,8,1,8
1765628043.261629,3498,1,1,8,1,8
1765628043.278958,3499,1,1,8,1,8
1765628043.294920,3500,1,1,8,1,8
1765628043.311931,3501,1,1,8,1,8
1765628043.328002,3501,1,1,8,1,8
1765628043.345093,3503,1,1,8,1,8
1765628043.360773,3503,1,1,8,1,8
1765628043.377172,3504,1,1,8,1,8
1765628043.392956,3505,1,1,8,1,8
1765628043.409595,3506,1,1,8,1,8
1765628043.426511,3507,1,1,8,1,8
1765628043.443690,3508,1,1,8,1,8
1765628043.461268,3509,1,1,8,1,8
1765628043.477673,3510,1,1,8,1,8
1765628043.494621,3511,1,1,8,1,8
1765628043.511887,3511,1,1,8,1,8
1765628043.528426,3512,1,1,8,1,8
1765628043.544547,3513,1,1,8,1,8
1765628043.560827,3514,1,1,8,1,8
1765628043.577339,3514,1,1,8,1,8
1765628043.593114,3515,1,1,8,1,8
1765628043.610209,3516,1,1,8,1,8
1765628043.626493,3517,1,1,8,1,8
1765628043.643578,3518,1,1,8,1,8
1765628043.661459,3518,1,1,8,1,8
1765628043.678373,3519,1,1,8,1,8
1765628043.694426,3520,1,1,8,1,8
1765628043.710823,3521,1,1,8,1,8
1765628043.726771,3522,1,1,8,1,8
1765628043.743227,3523,1,1,8,1,8
1765628043.759186,3524,1,1,8,1,8
1765628043.775744,3525,1,1,8,1,8
1765628043.792372,3526,1,1,8,1,8
1765628043.809033,3527,1,1,8,1,8
1765628043.825250,3527,1,1,8,1,8
1765628043.841271,3528,1,1,8,1,8
1765628043.857460,3529,1,1,8,1,8
1765628043.874690,3530,1,1,8,1,8
1765628043.891357,3530,1,1,8,1,8
1765628043.907340,3531,1,1,8,1,8
1765628043.922543,3532,1,1,8,1,8
1765628043.939617,3533,1,1,8,1,8
1765628043.956351,3533,1,1,8,1,8
1765628043.973631,3534,1,1,8,1,8
1765628043.990423,3535,1,1,8,1,8
1765628044.006514,3536,1,1,8,1,8
1765628044.023378,3537,1,1,8,1,8
1765628044.039245,3537,1,1,8,1,8
1765628044.055830,3538,1,1,8,1,8
1765628044.073036,3539,1,1,8,1,8
1765628044.089309,3540,1,1,8,1,8
1765628044.105255,3541,1,1,8,1,8
1765628044.121287,3542,1,1,8,1,8
1765628044.138368,3542,1,1,8,1,8
1765628044.154369,3543,1,1,8,1,8
1765628044.171488,3544,1,1,8,1,8
1765628044.187857,3545,1,1,8,1,8
1765628044.204677,3546,1,1,8,1,8
1765628044.221689,3547,1,1,8,1,8
1765628044.239274,3548,1,1,8,1,8
1765628044.255085,3548,1,1,8,1,8
1765628044.271075,3549,1,1,8,1,8
1765628044.286788,3550,1,1,8,1,8
1765628044.302708,3551,1,1,8,1,8
1765628044.320105,3551,1,1,8,1,8
1765628044.335899,3552,1,1,8,1,8
1765628044.352094,3553,1,1,8,1,8
1765628044.369392,3554,1,1,8,1,8
1765628044.385246,3554,1,1,8,1,8
1765628044.401771,3556,1,1,8,1,8
1765628044.418256,3556,1,1,8,1,8
1765628044.433919,3557,1,1,8,1,8
1765628044.451267,3557,1,1,8,1,8
1765628044.467321,3559,1,0,8,0,8
1765628044.483212,3559,1,0,8,0,8
1765628044.500347,3560,1,0,8,0,8
1765628044.516187,3561,1,0,8,0,8
1765628044.531818,3562,1,0,8,0,8
1765628044.549341,3563,1,0,8,0,8
1765628044.565555,3563,1,0,8,0,8
1765628044.583898,3564,1,0,8,0,8
1765628044.600363,3565,1,0,8,0,8
1765628044.616365,3566,1,0,8,0,8
1765628044.632214,3567,1,0,8,0,8
1765628044.649315,3568,1,0,8,0,8
1765628044.665968,3569,1,0,8,0,8
1765628044.682219,3570,1,0,8,0,8
1765628044.697933,3570,1,0,8,0,8
1765628044.714559,3571,1,0,8,0,8
1765628044.731392,3572,1,0,8,0,8
1765628044.749115,3573,1,0,8,0,8
1765628044.764939,3574,1,0,8,0,8
1765628044.781322,3574,1,0,8,0,8
1765628044.797596,3575,1,0,8,0,8
1765628044.814622,3576,1,0,8,0,8
1765628044.831837,3577,1,0,8,0,8
1765628044.848896,3578,1,0,8,0,8
1765628044.866509,3579,1,0,8,0,8
1765628044.883886,3580,1,0,8,0,8
1765628044.901772,3581,1,0,8,0,8
1765628044.918282,3582,1,0,9,0,9
1765628044.935187,3583,1,0,9,0,9
1765628044.951606,3584,1,0,9,0,9
1765628044.968994,3585,1,0,9,0,9
1765628044.985388,3587,1,0,9,0,9
1765628045.001230,3587,1,0,9,0,9
1765628045.017101,3588,1,0,9,0,9
1765628045.033942,3589,1,0,9,0,9
1765628045.050009,3590,1,0,9,0,9
1765628045.066521,3591,1,0,9,0,9
1765628045.083675,3591,1,0,9,0,9
1765628045.100178,3592,1,0,9,0,9
1765628045.115942,3593,1,0,9,0,9
1765628045.132416,3594,1,0,9,0,9
1765628045.149110,3594,1,0,9,0,9
1765628045.165483,3595,1,0,9,0,9
1765628045.182066,3596,1,0,9,0,9
1765628045.198919,3597,1,0,9,0,9
1765628045.215411,3598,1,0,9,0,9
1765628045.232123,3599,1,0,9,0,9
1765628045.248827,3600,1,0,9,0,9
1765628045.265791,3600,1,0,9,0,9
1765628045.283210,3601,1,0,9,0,9
1765628045.299802,3602,1,0,9,0,9
1765628045.316077,3603,1,0,9,0,9
1765628045.333433,3604,1,0,9,0,9
1765628045.350296,3604,1,0,9,0,9
1765628045.365989,3605,1,0,9,0,9
1765628045.382592,3606,1,0,9,0,9
1765628045.399992,3607,1,0,9,0,9
1765628045.417000,3607,1,0,9,0,9
1765628045.432898,3608,1,0,9,0,9
1765628045.448709,3609,1,0,9,0,9
1765628045.465488,3610,1,0,9,0,9
1765628045.481786,3611,1,0,9,0,9
1765628045.499031,3612,1,0,9,0,9
1765628045.514892,3613,1,0,9,0,9
1765628045.531507,3613,1,0,9,0,9
1765628045.548696,3614,1,0,9,0,9
1765628045.565742,3615,1,0,9,0,9
1765628045.582415,3616,1,0,9,0,9
1765628045.599045,3617,1,0,9,0,9
1765628045.616923,3617,1,0,9,0,9
1765628045.633663,3618,1,0,9,0,9
1765628045.649968,3619,1,0,9,0,9
1765628045.666042,3620,1,0,9,0,9
1765628045.682081,3620,1,0,9,0,9
1765628045.698976,3622,1,0,9,0,9
1765628045.715425,3623,1,0,9,0,9
1765628045.732577,3624,1,0,9,0,9
1765628045.749185,3625,1,0,9,0,9
1765628045.765494,3626,1,0,9,0,9
1765628045.781481,3626,1,0,9,0,9
1765628045.797905,3627,1,0,9,0,9
1765628045.813688,3628,1,0,9,0,9
1765628045.830246,3629,1,0,9,0,9
1765628045.845440,3629,1,0,9,0,9
1765628045.862600,3630,1,0,9,0,9
1765628045.879797,3631,1,0,9,0,9
1765628045.896781,3632,1,0,9,0,9
1765628045.913551,3633,1,0,9,0,9
1765628045.930335,3633,1,0,9,0,9
1765628045.946455,3634,1,0,9,0,9
1765628045.964111,3635,1,0,9,0,9
1765628045.981176,3636,1,0,9,0,9
1765628045.997663,3637,1,0,9,0,9
1765628046.013926,3638,1,0,9,0,9
1765628046.030146,3639,1,0,9,0,9
1765628046.046330,3639,1,0,9,0,9
1765628046.062878,3640,1,0,9,0,9
1765628046.078647,3641,1,0,9,0,9
1765628046.095391,3642,1,0,9,0,9
1765628046.111005,3643,1,0,9,0,9
1765628046.127395,3644,1,0,9,0,9
1765628046.144408,3644,1,0,9,0,9
1765628046.161111,3645,1,0,9,0,9
1765628046.177133,3646,1,0,9,0,9
1765628046.193284,3647,1,0,9,0,9
1765628046.208938,3647,1,0,9,0,9
1765628046.225579,3648,1,0,9,0,9
1765628046.241902,3649,1,0,9,0,9
1765628046.258999,3650,1,0,9,0,9
1765628046.276458,3651,1,0,9,0,9
1765628046.293904,3651,1,0,9,0,9
1765628046.309847,3652,1,0,9,0,9
1765628046.326335,3653,1,0,9,0,9
1765628046.342827,3654,1,0,9,0,9
1765628046.359571,3655,1,0,9,0,9
1765628046.376085,3656,1,0,9,0,9
1765628046.393650,3657,1,0,9,0,9
1765628046.410613,3658,1,0,9,0,9
1765628046.428037,3659,1,0,9,0,9
1765628046.444505,3660,1,0,9,0,9
1765628046.461574,3661,1,0,9,0,9
1765628046.478664,3661,1,0,9,0,9
1765628046.495408,3662,1,0,9,0,9
1765628046.512544,3663,1,0,9,0,9
1765628046.529109,3664,1,0,9,0,9
1765628046.545348,3665,1,0,9,0,9
1765628046.561564,3665,1,0,9,0,9
1765628046.579132,3666,1,0,9,0,9
1765628046.595393,3667,1,0,9,0,9
1765628046.611559,3668,1,0,9,0,9
1765628046.628582,3668,1,0,9,0,9
1765628046.644927,3669,1,0,9,0,9
1765628046.661443,3670,1,0,9,0,9
1765628046.677976,3671,1,0,9,0,9
1765628046.694252,3672,1,0,9,0,9
1765628046.710222,3672,1,0,9,0,9
1765628046.726309,3673,1,0,9,0,9
1765628046.743052,3674,1,0,9,0,9
1765628046.760470,3675,1,0,9,0,9
1765628046.778119,3675,1,0,9,0,9
1765628046.794896,3676,1,0,9,0,9
1765628046.811551,3677,1,0,9,0,9
1765628046.827730,3678,1,0,9,0,9
1765628046.844624,3679,1,0,9,0,9
1765628046.861418,3679,1,0,9,0,9
1765628046.878768,3680,1,0,9,0,9
1765628046.895823,3681,1,0,9,0,9
1765628046.912082,3682,1,0,9,0,9
1765628046.928035,3683,1,0,9,0,9
1765628046.944819,3684,1,0,9,0,9
1765628046.961401,3685,1,0,9,0,9
1765628046.979205,3686,1,0,9,0,9
1765628046.995982,3687,1,0,9,0,9
1765628047.012082,3687,1,0,9,0,9
1765628047.028926,3688,1,0,9,0,9
1765628047.046121,3689,1,0,9,0,9
1765628047.062574,3690,1,0,9,0,9
1765628047.078920,3691,1,0,9,0,9
1765628047.094713,3692,1,0,9,0,9
1765628047.111301,3692,1,0,9,0,9
1765628047.127634,3693,1,0,9,0,9
1765628047.144305,3694,1,0,9,0,9
1765628047.160975,3695,1,0,9,0,9
1765628047.177870,3696,1,0,9,0,9
1765628047.193997,3696,1,0,9,0,9
1765628047.210979,3697,1,0,9,0,9
1765628047.227428,3698,1,0,9,0,9
1765628047.243931,3699,1,0,9,0,9
1765628047.260982,3699,1,0,9,0,9
1765628047.277119,3700,1,0,9,0,9
1765628047.293633,3701,1,0,9,0,9
1765628047.311127,3702,1,0,9,0,9
1765628047.326602,3703,1,0,9,0,9
1765628047.344501,3704,1,0,9,0,9
1765628047.361748,3705,1,0,9,0,9
1765628047.378508,3706,1,0,9,0,9
1765628047.394641,3707,1,0,9,0,9
1765628047.411672,3707,1,0,9,0,9
1765628047.427608,3708,1,0,9,0,9
1765628047.443857,3709,1,0,9,0,9
1765628047.460068,3710,1,0,9,0,9
1765628047.477699,3711,1,0,9,0,9
1765628047.495080,3712,1,0,9,0,9
1765628047.511976,3713,1,0,9,0,9
1765628047.528815,3714,1,0,9,0,9
1765628047.545455,3715,1,0,9,0,9
1765628047.561496,3716,1,0,9,0,9
1765628047.578120,3717,1,0,9,0,9
1765628047.594060,3717,1,0,9,0,9
1765628047.610574,3718,1,0,9,0,9
1765628047.627793,3719,1,0,9,0,9
1765628047.644633,3720,1,0,9,0,9
1765628047.660927,3720,1,0,9,0,9
1765628047.676776,3722,1,0,9,0,9
1765628047.693377,3723,1,0,9,0,9
1765628047.714864,3724,1,0,9,0,9
1765628047.728863,3725,1,0,9,0,9
1765628047.744611,3726,1,0,9,0,9
1765628047.761246,3727,1,0,9,0,9
1765628047.777200,3727,1,0,9,0,9
