time,snapshot_id,player_id,server_row,server_col,display_row,display_col
1765627980.543258,234,2,19,1,19,1
1765627980.554520,235,2,19,1,19,1
1765627980.571281,235,2,19,1,19,1
1765627980.587574,236,2,19,1,19,1
1765627980.603937,237,2,19,1,19,1
1765627980.620375,238,2,19,1,19,1
1765627980.636176,238,2,19,1,19,1
1765627980.652481,239,2,19,1,19,1
1765627980.668273,240,2,19,1,19,1
1765627980.684835,241,2,19,1,19,1
1765627980.701964,242,2,19,1,19,1
1765627980.718848,243,2,19,1,19,1
1765627980.736057,244,2,19,1,19,1
1765627980.753507,244,2,19,1,19,1
1765627980.769867,245,2,19,1,19,1
1765627980.786563,246,2,19,1,19,1
1765627980.803172,247,2,19,1,19,1
1765627980.821361,248,2,19,1,19,1
1765627980.838230,248,2,19,1,19,1
1765627980.854508,249,2,19,1,19,1
1765627980.871536,250,2,19,1,19,1
1765627980.887198,251,2,19,1,19,1
1765627980.903923,252,2,19,1,19,1
1765627980.926313,253,2,19,1,19,1
1765627980.937440,254,2,19,1,19,1
1765627980.953422,255,2,19,1,19,1
1765627980.969926,255,2,19,1,19,1
1765627980.987172,256,2,19,1,19,1
1765627981.004394,257,2,19,1,19,1
1765627981.020010,258,2,19,1,19,1
1765627981.037141,259,2,19,1,19,1
1765627981.053357,259,2,19,1,19,1
1765627981.069906,260,2,19,1,19,1
1765627981.087525,261,2,19,1,19,1
1765627981.103610,262,2,19,1,19,1
1765627981.120782,263,2,19,1,19,1
1765627981.138223,264,2,18,1,18,1
1765627981.154538,265,2,18,1,18,1
1765627981.171191,265,2,18,1,18,1
1765627981.187997,267,2,18,1,18,1
1765627981.205006,267,2,18,1,18,1
1765627981.222245,268,2,18,1,18,1
1765627981.238896,269,2,18,1,18,1
1765627981.255342,270,2,18,1,18,1
1765627981.271898,271,2,18,1,18,1
1765627981.289133,271,2,18,1,18,1
1765627981.306196,272,2,18,1,18,1
1765627981.323286,273,2,18,1,18,1
1765627981.339915,274,2,18,1,18,1
1765627981.356489,274,2,18,1,18,1
1765627981.373472,275,2,18,1,18,1
1765627981.389385,276,2,18,1,18,1
1765627981.406121,277,2,18,1,18,1
1765627981.422344,278,2,18,1,18,1
1765627981.438406,278,2,18,1,18,1
1765627981.454655,280,2,18,1,18,1
1765627981.471241,280,2,18,1,18,1
1765627981.487506,282,2,18,1,18,1
1765627981.503911,282,2,18,1,18,1
1765627981.520931,284,2,18,1,18,1
1765627981.537606,284,2,18,1,18,1
1765627981.553345,286,2,18,1,18,1
1765627981.569828,287,2,18,1,18,1
1765627981.586297,288,2,18,1,18,1
1765627981.602463,288,2,18,1,18,1
1765627981.618807,289,2,18,1,18,1
1765627981.636220,290,2,18,1,18,1
1765627981.653166,291,2,18,1,18,1
1765627981.670459,292,2,18,1,18,1
1765627981.686083,292,2,18,1,18,1
1765627981.702845,293,2,18,1,18,1
1765627981.720231,294,2,18,1,18,1
1765627981.736133,296,2,18,1,18,1
1765627981.752947,296,2,18,1,18,1
1765627981.769786,297,2,18,1,18,1
1765627981.786570,298,2,18,1,18,1
1765627981.802999,299,2,18,1,18,1
1765627981.820105,300,2,18,1,18,1
1765627981.837243,301,2,18,1,18,1
1765627981.854404,302,2,18,1,18,1
1765627981.870180,302,2,18,1,18,1
1765627981.887362,303,2,18,1,18,1
1765627981.904014,304,2,18,1,18,1
1765627981.920948,305,2,18,1,18,1
1765627981.938691,306,2,18,1,18,1
1765627981.955330,306,2,18,1,18,1
1765627981.972742,308,2,18,1,18,1
1765627981.988527,308,2,18,1,18,1
1765627982.004430,309,2,18,1,18,1
1765627982.021056,310,2,18,1,18,1
1765627982.038270,311,2,18,1,18,1
1765627982.054313,311,2,18,1,18,1
1765627982.070510,312,2,18,1,18,1
1765627982.086136,313,2,18,1,18,1
1765627982.103132,314,2,18,1,18,1
1765627982.119990,314,2,18,1,18,1
1765627982.137565,316,2,17,1,17,1
1765627982.153475,317,2,17,1,17,1
1765627982.169941,318,2,17,1,17,1
1765627982.186098,319,2,17,1,17,1
1765627982.202791,319,2,17,1,17,1
1765627982.220124,320,2,17,1,17,1
1765627982.236101,321,2,17,1,17,1
1765627982.252326,322,2,17,1,17,1
1765627982.268301,323,2,17,1,17,1
1765627982.284974,324,2,17,1,17,1
1765627982.302537,325,2,17,1,17,1
1765627982.318216,326,2,17,1,17,1
1765627982.335444,326,2,17,1,17,1
1765627982.351991,327,2,17,1,17,1
1765627982.368855,328,2,17,1,17,1
1765627982.385101,329,2,17,1,17,1
1765627982.401863,330,2,17,1,17,1
1765627982.417848,330,2,17,1,17,1
1765627982.434360,331,2,17,1,17,1
1765627982.451320,332,2,17,1,17,1
1765627982.467185,333,2,16,1,16,1
1765627982.483895,333,2,16,1,16,1
1765627982.500931,334,2,16,1,16,1
1765627982.517858,335,2,16,1,16,1
1765627982.534421,336,2,16,1,16,1
1765627982.550721,337,2,16,1,16,1
1765627982.567724,338,2,16,1,16,1
1765627982.584368,340,2,16,1,16,1
1765627982.601220,341,2,16,1,16,1
1765627982.617569,342,2,16,1,16,1
1765627982.633153,342,2,16,1,16,1
1765627982.649796,344,2,16,1,16,1
1765627982.689927,345,2,16,1,16,1
1765627982.700993,346,2,16,1,16,1
1765627982.719097,347,2,16,1,16,1
1765627982.773914,348,2,16,1,16,1
1765627982.792512,349,2,16,1,16,1
1765627982.808476,351,2,16,1,16,1
1765627982.825648,352,2,16,1,16,1
1765627982.845388,353,2,16,1,16,1
1765627982.861938,355,2,16,1,16,1
1765627982.878669,355,2,16,1,16,1
1765627982.894864,356,2,16,1,16,1
1765627982.912593,357,2,16,1,16,1
1765627982.929476,357,2,16,1,16,1
1765627982.951157,358,2,16,1,16,1
1765627982.968057,360,2,16,1,16,1
1765627982.984742,361,2,16,1,16,1
1765627983.000530,362,2,16,1,16,1
1765627983.031225,362,2,16,1,16,1
1765627983.048344,364,2,16,1,16,1
1765627983.065097,364,2,16,1,16,1
1765627983.081825,365,2,16,1,16,1
1765627983.099633,366,2,16,1,16,1
1765627983.115848,367,2,16,1,16,1
1765627983.132938,368,2,16,1,16,1
1765627983.149688,368,2,16,1,16,1
1765627983.165576,370,2,16,1,16,1
1765627983.181196,371,2,16,1,16,1
1765627983.197934,372,2,16,1,16,1
1765627983.214430,373,2,16,1,16,1
1765627983.231345,374,2,16,1,16,1
1765627983.247056,375,2,16,1,16,1
1765627983.263235,376,2,16,1,16,1
1765627983.280100,376,2,16,1,16,1
1765627983.297150,377,2,16,1,16,1
1765627983.313962,378,2,16,1,16,1
1765627983.330714,379,2,16,1,16,1
1765627983.346594,380,2,16,1,16,1
1765627983.362840,380,2,16,1,16,1
1765627983.379683,381,2,16,1,16,1
1765627983.395733,382,2,16,1,16,1
1765627983.412601,383,2,16,1,16,1
1765627983.428656,384,2,16,1,16,1
1765627983.445301,385,2,16,1,16,1
1765627983.462438,385,2,16,1,16,1
1765627983.478535,387,2,16,1,16,1
1765627983.494693,387,2,16,1,16,1
1765627983.511451,388,2,16,1,16,1
1765627983.527664,389,2,16,1,16,1
1765627983.543896,390,2,16,1,16,1
1765627983.560315,390,2,16,1,16,1
1765627983.577393,392,2,16,1,16,1
1765627983.593764,393,2,16,1,16,1
1765627983.611643,394,2,16,1,16,1
1765627983.628048,395,2,16,1,16,1
1765627983.645386,395,2,16,1,16,1
1765627983.661963,396,2,16,1,16,1
1765627983.678980,397,2,16,1,16,1
1765627983.696268,398,2,16,1,16,1
1765627983.713271,399,2,16,2,16,2
1765627983.729701,400,2,16,2,16,2
1765627983.745893,401,2,16,2,16,2
1765627983.762989,401,2,16,2,16,2
1765627983.779671,402,2,16,2,16,2
1765627983.795414,403,2,16,2,16,2
1765627983.811412,404,2,16,2,16,2
1765627983.827508,404,2,16,2,16,2
1765627983.843689,405,2,16,2,16,2
1765627983.859556,406,2,16,2,16,2
1765627983.876457,407,2,16,2,16,2
1765627983.892701,407,2,16,2,16,2
1765627983.908119,408,2,16,2,16,2
1765627983.924844,409,2,16,2,16,2
1765627983.941433,410,2,16,2,16,2
1765627983.957336,410,2,16,2,16,2
1765627983.973479,411,2,16,2,16,2
1765627983.989541,412,2,16,2,16,2
1765627984.005212,413,2,16,2,16,2
1765627984.022364,413,2,16,2,16,2
1765627984.038663,414,2,16,2,16,2
1765627984.054574,415,2,16,2,16,2
1765627984.069983,416,2,16,2,16,2
1765627984.086640,417,2,16,2,16,2
1765627984.102963,417,2,16,2,16,2
1765627984.120057,418,2,16,2,16,2
1765627984.137288,419,2,16,2,16,2
1765627984.154309,420,2,16,2,16,2
1765627984.170518,420,2,16,2,16,2
1765627984.185995,422,2,16,2,16,2
1765627984.203090,422,2,16,2,16,2
1765627984.220189,423,2,16,2,16,2
1765627984.236724,424,2,16,2,16,2
1765627984.253010,425,2,16,2,16,2
1765627984.270915,426,2,16,2,16,2
1765627984.288059,427,2,16,2,16,2
1765627984.304901,428,2,16,2,16,2
1765627984.321594,429,2,16,2,16,2
1765627984.337230,430,2,16,2,16,2
1765627984.354244,431,2,16,2,16,2
1765627984.371579,431,2,16,2,16,2
1765627984.387500,433,2,16,2,16,2
1765627984.404109,433,2,16,2,16,2
1765627984.420895,434,2,16,2,16,2
1765627984.437714,435,2,16,2,16,2
1765627984.454034,437,2,16,2,16,2
1765627984.470597,437,2,16,2,16,2
1765627984.486714,438,2,16,2,16,2
1765627984.502490,439,2,16,2,16,2
1765627984.518403,440,2,16,2,16,2
1765627984.534194,441,2,16,2,16,2
1765627984.550522,443,2,16,2,16,2
1765627984.566849,443,2,16,2,16,2
1765627984.584103,444,2,16,2,16,2
1765627984.600894,445,2,16,2,16,2
1765627984.618413,446,2,16,2,16,2
1765627984.634866,447,2,16,2,16,2
1765627984.651565,447,2,16,2,16,2
1765627984.667621,448,2,16,2,16,2
1765627984.683707,449,2,16,2,16,2
1765627984.699916,450,2,16,2,16,2
1765627984.717154,450,2,16,2,16,2
1765627984.734026,452,2,16,2,16,2
1765627984.751234,453,2,16,2,16,2
1765627984.767599,454,2,16,2,16,2
1765627984.784040,454,2,16,2,16,2
1765627984.800749,456,2,16,2,16,2
1765627984.816999,456,2,16,2,16,2
1765627984.833879,457,2,16,2,16,2
1765627984.850655,458,2,16,2,16,2
1765627984.866627,459,2,16,2,16,2
1765627984.883415,460,2,16,2,16,2
1765627984.899824,461,2,16,2,16,2
1765627984.917191,462,2,16,2,16,2
1765627984.934393,463,2,16,2,16,2
1765627984.950459,464,2,16,2,16,2
1765627984.966972,465,2,16,2,16,2
1765627984.984563,466,2,16,2,16,2
1765627985.001107,466,2,16,2,16,2
1765627985.017746,467,2,16,2,16,2
1765627985.035373,468,2,16,2,16,2
1765627985.051915,469,2,16,2,16,2
1765627985.069186,470,2,16,2,16,2
1765627985.085649,471,2,16,2,16,2
1765627985.101817,472,2,16,2,16,2
1765627985.118928,473,2,16,2,16,2
1765627985.135981,474,2,16,2,16,2
1765627985.152281,475,2,16,2,16,2
1765627985.168997,476,2,16,2,16,2
1765627985.185644,476,2,16,2,16,2
1765627985.201492,477,2,16,2,16,2
1765627985.218272,478,2,16,2,16,2
1765627985.235609,479,2,16,2,16,2
1765627985.251529,479,2,16,2,16,2
1765627985.267653,481,2,17,2,17,2
1765627985.283386,481,2,17,2,17,2
1765627985.299070,482,2,17,2,17,2
1765627985.316015,483,2,17,2,17,2
1765627985.333573,484,2,17,2,17,2
1765627985.349136,485,2,17,2,17,2
1765627985.366246,486,2,17,2,17,2
1765627985.383284,487,2,17,2,17,2
1765627985.399863,487,2,17,2,17,2
1765627985.417175,488,2,17,2,17,2
1765627985.433576,489,2,17,2,17,2
1765627985.449329,490,2,17,2,17,2
1765627985.465552,491,2,17,2,17,2
1765627985.481250,492,2,17,2,17,2
1765627985.497865,492,2,17,2,17,2
1765627985.515203,493,2,17,2,17,2
1765627985.531587,494,2,17,2,17,2
1765627985.548274,495,2,17,2,17,2
1765627985.565094,496,2,17,2,17,2
1765627985.581579,497,2,17,2,17,2
1765627985.597857,498,2,17,2,17,2
1765627985.614819,499,2,17,2,17,2
1765627985.632283,500,2,17,2,17,2
1765627985.648991,500,2,17,2,17,2
1765627985.665470,501,2,17,2,17,2
1765627985.681216,502,2,17,2,17,2
1765627985.697233,503,2,17,2,17,2
1765627985.714412,503,2,17,2,17,2
1765627985.730651,504,2,17,2,17,2
1765627985.747690,505,2,17,2,17,2
1765627985.764836,507,2,17,2,17,2
1765627985.781522,507,2,17,2,17,2
1765627985.797212,508,2,17,2,17,2
1765627985.813437,509,2,17,2,17,2
1765627985.829839,511,2,17,2,17,2
1765627985.847060,511,2,17,2,17,2
1765627985.863621,512,2,17,2,17,2
1765627985.880818,513,2,17,2,17,2
1765627985.897910,514,2,17,2,17,2
1765627985.914584,515,2,17,2,17,2
1765627985.931418,515,2,17,2,17,2
1765627985.947699,516,2,17,2,17,2
1765627985.963288,517,2,17,2,17,2
1765627985.979372,518,2,17,2,17,2
1765627985.996190,518,2,17,2,17,2
1765627986.012908,519,2,17,2,17,2
1765627986.030262,520,2,17,1,17,1
1765627986.046987,521,2,17,1,17,1
1765627986.063905,522,2,17,1,17,1
1765627986.081474,522,2,17,1,17,1
1765627986.098090,523,2,17,1,17,1
1765627986.114434,524,2,17,1,17,1
1765627986.131291,525,2,17,1,17,1
1765627986.147376,525,2,17,1,17,1
1765627986.164307,526,2,17,1,17,1
1765627986.180846,527,2,17,1,17,1
1765627986.197940,528,2,17,1,17,1
1765627986.214729,529,2,17,1,17,1
1765627986.230432,529,2,17,1,17,1
1765627986.247204,530,2,17,1,17,1
1765627986.263692,531,2,17,1,17,1
1765627986.279457,532,2,17,1,17,1
1765627986.296192,533,2,17,1,17,1
1765627986.312540,535,2,17,1,17,1
1765627986.328269,535,2,17,1,17,1
1765627986.345433,536,2,17,1,17,1
1765627986.361209,537,2,17,1,17,1
1765627986.377765,538,2,17,1,17,1
1765627986.394596,539,2,17,1,17,1
1765627986.411444,540,2,17,1,17,1
1765627986.427131,540,2,17,1,17,1
1765627986.443351,541,2,17,1,17,1
1765627986.460176,542,2,17,1,17,1
1765627986.476625,543,2,17,1,17,1
1765627986.492956,544,2,17,1,17,1
1765627986.510647,545,2,17,1,17,1
1765627986.526389,546,2,17,1,17,1
1765627986.542864,546,2,17,1,17,1
1765627986.560205,547,2,17,1,17,1
1765627986.576153,548,2,17,1,17,1
1765627986.592732,549,2,17,1,17,1
1765627986.610016,550,2,17,1,17,1
1765627986.626265,552,2,17,1,17,1
1765627986.642626,553,2,17,1,17,1
1765627986.658728,554,2,17,1,17,1
1765627986.674102,555,2,17,1,17,1
1765627986.690922,556,2,17,1,17,1
1765627986.707792,556,2,17,1,17,1
1765627986.724575,557,2,17,1,17,1
1765627986.740514,558,2,17,1,17,1
1765627986.757105,559,2,16,1,16,1
1765627986.773394,560,2,16,1,16,1
1765627986.789164,561,2,16,1,16,1
1765627986.806593,562,2,16,1,16,1
1765627986.822957,562,2,16,1,16,1
1765627986.840259,564,2,16,1,16,1
1765627986.856999,564,2,16,1,16,1
1765627986.873752,565,2,16,1,16,1
1765627986.891242,566,2,16,1,16,1
1765627986.907142,567,2,16,1,16,1
1765627986.924173,567,2,16,1,16,1
1765627986.941462,569,2,16,1,16,1
1765627986.957250,570,2,16,1,16,1
1765627986.973789,571,2,16,1,16,1
1765627986.991185,572,2,16,1,16,1
1765627987.008401,573,2,16,1,16,1
1765627987.024205,574,2,16,1,16,1
1765627987.040243,574,2,16,1,16,1
1765627987.056302,575,2,16,1,16,1
1765627987.072711,576,2,16,1,16,1
1765627987.088951,577,2,16,1,16,1
1765627987.105465,577,2,16,1,16,1
1765627987.122307,578,2,16,1,16,1
1765627987.139053,579,2,16,1,16,1
1765627987.156574,580,2,16,1,16,1
1765627987.172219,581,2,16,1,16,1
1765627987.188820,582,2,16,1,16,1
1765627987.206034,583,2,16,1,16,1
1765627987.223479,583,2,16,1,16,1
1765627987.239785,584,2,16,1,16,1
1765627987.257550,586,2,16,1,16,1
1765627987.272935,587,2,16,1,16,1
1765627987.289124,587,2,16,1,16,1
1765627987.306051,588,2,16,1,16,1
1765627987.323708,589,2,16,1,16,1
1765627987.340054,590,2,16,1,16,1
1765627987.357021,591,2,16,1,16,1
1765627987.372806,592,2,16,1,16,1
1765627987.389219,593,2,16,1,16,1
1765627987.406600,593,2,16,1,16,1
1765627987.422623,594,2,16,2,16,2
1765627987.438762,595,2,16,2,16,2
1765627987.455459,596,2,16,2,16,2
1765627987.471634,596,2,16,2,16,2
1765627987.487527,597,2,16,2,16,2
1765627987.504069,598,2,16,2,16,2
1765627987.521270,599,2,16,2,16,2
1765627987.537899,600,2,16,2,16,2
1765627987.554500,601,2,16,2,16,2
1765627987.570375,602,2,16,2,16,2
1765627987.586500,603,2,16,2,16,2
1765627987.602369,603,2,16,2,16,2
1765627987.619309,604,2,16,2,16,2
1765627987.636097,605,2,16,2,16,2
1765627987.652971,606,2,16,2,16,2
1765627987.669335,607,2,16,2,16,2
1765627987.686075,607,2,16,2,16,2
1765627987.702644,609,2,16,2,16,2
1765627987.718404,609,2,16,2,16,2
1765627987.735127,610,2,16,2,16,2
1765627987.752169,611,2,16,1,16,1
1765627987.769373,613,2,16,1,16,1
1765627987.786495,613,2,16,1,16,1
1765627987.803415,614,2,16,1,16,1
1765627987.819952,615,2,16,1,16,1
1765627987.836751,616,2,16,1,16,1
1765627987.853022,617,2,16,1,16,1
1765627987.869547,617,2,16,1,16,1
1765627987.885630,618,2,16,1,16,1
1765627987.902441,619,2,16,1,16,1
1765627987.918233,620,2,16,1,16,1
1765627987.934479,620,2,16,1,16,1
1765627987.950954,621,2,16,1,16,1
1765627987.968036,622,2,16,1,16,1
1765627987.985047,623,2,16,1,16,1
1765627988.001374,623,2,16,1,16,1
1765627988.017879,624,2,16,1,16,1
1765627988.034806,625,2,16,1,16,1
1765627988.052038,626,2,16,1,16,1
1765627988.068890,627,2,16,1,16,1
1765627988.084911,627,2,16,1,16,1
1765627988.102474,628,2,16,1,16,1
1765627988.118330,629,2,16,1,16,1
1765627988.134642,630,2,16,1,16,1
1765627988.151094,630,2,16,1,16,1
1765627988.168057,631,2,16,1,16,1
1765627988.184819,632,2,16,1,16,1
1765627988.201997,633,2,16,1,16,1
1765627988.218705,634,2,16,1,16,1
1765627988.234423,635,2,16,1,16,1
1765627988.250645,636,2,16,1,16,1
1765627988.267147,636,2,16,1,16,1
1765627988.283433,637,2,16,1,16,1
1765627988.299849,638,2,16,1,16,1
1765627988.317209,639,2,16,1,16,1
1765627988.334249,639,2,16,1,16,1
1765627988.349998,640,2,16,1,16,1
1765627988.367095,641,2,16,1,16,1
1765627988.383747,642,2,16,1,16,1
1765627988.400151,643,2,16,1,16,1
1765627988.417595,643,2,16,1,16,1
1765627988.434293,645,2,16,1,16,1
1765627988.451174,646,2,16,1,16,1
1765627988.468080,647,2,16,1,16,1
1765627988.485686,648,2,16,1,16,1
1765627988.502589,648,2,16,1,16,1
1765627988.518236,649,2,16,1,16,1
1765627988.534914,650,2,16,1,16,1
1765627988.551534,652,2,16,1,16,1
1765627988.567203,652,2,16,1,16,1
1765627988.583683,653,2,16,1,16,1
1765627988.599912,654,2,16,1,16,1
1765627988.617100,655,2,16,1,16,1
1765627988.633354,655,2,16,1,16,1
1765627988.650221,656,2,16,1,16,1
1765627988.667225,657,2,16,0,16,0
1765627988.684084,658,2,16,0,16,0
1765627988.700343,659,2,16,0,16,0
1765627988.717616,660,2,16,0,16,0
1765627988.733756,662,2,16,0,16,0
1765627988.750163,663,2,16,0,16,0
1765627988.767764,664,2,16,0,16,0
1765627988.784568,665,2,16,0,16,0
1765627988.801383,666,2,16,0,16,0
1765627988.818496,666,2,16,0,16,0
1765627988.835510,667,2,16,0,16,0
1765627988.851640,668,2,16,0,16,0
1765627988.867771,669,2,16,0,16,0
1765627988.884916,670,2,16,0,16,0
1765627988.901568,670,2,16,0,16,0
1765627988.917779,672,2,16,0,16,0
1765627988.934546,672,2,16,0,16,0
1765627988.950705,673,2,16,0,16,0
1765627988.966787,674,2,16,0,16,0
1765627988.983971,675,2,16,0,16,0
1765627989.000472,675,2,16,0,16,0
1765627989.016721,676,2,16,0,16,0
1765627989.032797,677,2,16,0,16,0
1765627989.049247,678,2,16,0,16,0
1765627989.066180,679,2,16,0,16,0
1765627989.082773,679,2,16,0,16,0
1765627989.099324,680,2,16,0,16,0
1765627989.115004,681,2,16,0,16,0
1765627989.131638,682,2,16,0,16,0
1765627989.148026,682,2,16,0,16,0
1765627989.163905,683,2,16,0,16,0
1765627989.180684,684,2,16,0,16,0
1765627989.197127,685,2,16,0,16,0
1765627989.213973,685,2,16,0,16,0
1765627989.230518,686,2,16,0,16,0
1765627989.246408,687,2,16,0,16,0
1765627989.262630,688,2,16,0,16,0
1765627989.278334,688,2,16,0,16,0
1765627989.294059,689,2,16,0,16,0
1765627989.310378,690,2,16,0,16,0
1765627989.327384,691,2,16,0,16,0
1765627989.343300,692,2,16,0,16,0
1765627989.359772,692,2,16,0,16,0
1765627989.377046,693,2,16,0,16,0
1765627989.394052,694,2,16,0,16,0
1765627989.411330,695,2,16,0,16,0
1765627989.429690,696,2,16,0,16,0
1765627989.446017,697,2,16,0,16,0
1765627989.463245,698,2,16,0,16,0
1765627989.479534,699,2,16,0,16,0
1765627989.496355,700,2,16,0,16,0
1765627989.513842,701,2,16,0,16,0
1765627989.531208,702,2,16,0,16,0
1765627989.547983,703,2,16,0,16,0
1765627989.565015,704,2,16,0,16,0
1765627989.581718,705,2,16,0,16,0
1765627989.598379,706,2,16,0,16,0
1765627989.614170,707,2,16,0,16,0
1765627989.630163,707,2,16,0,16,0
1765627989.646721,708,2,16,0,16,0
1765627989.663002,709,2,16,0,16,0
1765627989.679739,710,2,16,0,16,0
1765627989.695787,711,2,16,0,16,0
1765627989.713237,712,2,16,0,16,0
1765627989.730013,713,2,16,0,16,0
1765627989.746291,714,2,16,0,16,0
1765627989.762301,714,2,16,0,16,0
1765627989.778446,715,2,16,0,16,0
1765627989.794682,716,2,16,0,16,0
1765627989.812788,717,2,16,0,16,0
1765627989.830119,718,2,16,0,16,0
1765627989.846974,718,2,16,0,16,0
1765627989.863626,719,2,16,0,16,0
1765627989.879859,720,2,16,0,16,0
1765627989.896957,722,2,16,0,16,0
1765627989.914480,723,2,16,0,16,0
1765627989.930674,723,2,16,0,16,0
1765627989.946512,724,2,16,0,16,0
1765627989.963034,725,2,16,0,16,0
1765627989.980018,726,2,16,0,16,0
1765627989.997092,727,2,16,0,16,0
1765627990.013620,729,2,16,0,16,0
1765627990.029028,729,2,16,0,16,0
1765627990.045620,730,2,16,0,16,0
1765627990.062558,731,2,16,0,16,0
1765627990.078401,732,2,16,0,16,0
1765627990.094265,732,2,16,0,16,0
1765627990.111333,733,2,16,0,16,0
1765627990.127305,734,2,16,0,16,0
1765627990.144698,735,2,16,0,16,0
1765627990.161397,736,2,16,0,16,0
1765627990.177968,736,2,16,0,16,0
1765627990.194711,738,2,16,1,16,1
1765627990.210173,738,2,16,1,16,1
1765627990.226072,739,2,16,1,16,1
1765627990.243068,740,2,16,1,16,1
1765627990.259302,741,2,16,1,16,1
1765627990.275545,742,2,16,1,16,1
1765627990.314866,743,2,16,1,16,1
1765627990.334295,743,2,16,1,16,1
1765627990.350939,745,2,16,1,16,1
1765627990.367695,746,2,16,1,16,1
1765627990.385349,747,2,16,1,16,1
1765627990.402202,748,2,16,1,16,1
1765627990.418842,749,2,16,1,16,1
1765627990.435641,749,2,16,1,16,1
1765627990.451688,750,2,16,1,16,1
1765627990.468501,751,2,16,1,16,1
1765627990.484716,752,2,16,1,16,1
1765627990.501437,752,2,16,1,16,1
1765627990.517446,753,2,16,1,16,1
1765627990.533980,754,2,16,1,16,1
1765627990.551622,755,2,16,1,16,1
1765627990.568085,756,2,16,1,16,1
1765627990.584148,756,2,16,1,16,1
1765627990.601745,757,2,16,1,16,1
1765627990.619393,758,2,16,1,16,1
1765627990.635457,759,2,16,1,16,1
1765627990.651431,760,2,16,1,16,1
1765627990.667513,761,2,16,1,16,1
1765627990.683941,761,2,16,1,16,1
1765627990.700303,762,2,16,1,16,1
1765627990.717336,763,2,16,1,16,1
1765627990.733368,764,2,16,1,16,1
1765627990.750228,764,2,16,1,16,1
1765627990.766768,766,2,16,1,16,1
1765627990.783086,767,2,16,1,16,1
1765627990.799622,768,2,16,1,16,1
1765627990.816211,769,2,16,0,16,0
1765627990.832833,770,2,16,0,16,0
1765627990.849901,771,2,16,0,16,0
1765627990.866449,772,2,16,0,16,0
1765627990.882989,772,2,16,0,16,0
1765627990.899030,773,2,16,0,16,0
1765627990.915571,774,2,16,0,16,0
1765627990.932211,775,2,16,0,16,0
1765627990.948279,776,2,16,0,16,0
1765627990.964707,776,2,16,0,16,0
1765627990.980680,777,2,16,0,16,0
1765627990.996994,778,2,16,0,16,0
1765627991.013725,779,2,16,0,16,0
1765627991.029638,779,2,16,0,16,0
1765627991.045964,781,2,16,0,16,0
1765627991.062531,782,2,16,0,16,0
1765627991.078844,783,2,16,0,16,0
1765627991.095319,783,2,16,0,16,0
1765627991.112163,785,2,16,0,16,0
1765627991.128525,785,2,16,0,16,0
1765627991.144331,786,2,16,0,16,0
1765627991.160696,787,2,16,0,16,0
1765627991.177160,788,2,16,0,16,0
1765627991.193799,788,2,16,0,16,0
1765627991.210122,789,2,16,0,16,0
1765627991.227510,790,2,16,0,16,0
1765627991.244434,791,2,16,0,16,0
1765627991.260329,792,2,16,0,16,0
1765627991.276854,793,2,16,0,16,0
1765627991.293123,794,2,15,0,15,0
1765627991.309671,795,2,15,0,15,0
1765627991.326237,796,2,15,0,15,0
1765627991.342747,797,2,15,0,15,0
1765627991.360137,798,2,15,0,15,0
1765627991.376004,798,2,15,0,15,0
1765627991.393551,799,2,15,0,15,0
1765627991.409197,800,2,15,0,15,0
1765627991.425648,801,2,15,0,15,0
1765627991.441541,801,2,15,0,15,0
1765627991.457828,802,2,15,0,15,0
1765627991.475014,803,2,15,0,15,0
1765627991.491792,805,2,15,0,15,0
1765627991.508609,805,2,15,0,15,0
1765627991.524759,807,2,15,0,15,0
1765627991.542873,808,2,15,0,15,0
1765627991.560366,809,2,15,0,15,0
1765627991.576296,810,2,15,0,15,0
1765627991.593042,811,2,15,0,15,0
1765627991.610625,812,2,15,0,15,0
1765627991.626951,812,2,15,0,15,0
1765627991.643960,813,2,15,0,15,0
1765627991.660775,814,2,15,0,15,0
1765627991.678025,815,2,15,0,15,0
1765627991.695127,816,2,15,0,15,0
1765627991.711592,816,2,15,0,15,0
1765627991.728738,817,2,15,0,15,0
1765627991.744530,818,2,15,0,15,0
1765627991.760864,820,2,15,0,15,0
1765627991.777312,820,2,15,0,15,0
1765627991.793191,821,2,15,0,15,0
1765627991.810498,822,2,15,0,15,0
1765627991.826134,823,2,15,0,15,0
1765627991.843167,823,2,15,0,15,0
1765627991.860123,824,2,15,0,15,0
1765627991.877390,825,2,15,0,15,0
1765627991.893193,826,2,15,0,15,0
1765627991.909716,827,2,16,0,16,0
1765627991.925581,828,2,16,0,16,0
1765627991.941374,829,2,16,0,16,0
1765627991.958297,830,2,16,0,16,0
1765627991.974722,832,2,16,0,16,0
1765627991.991049,832,2,16,0,16,0
1765627992.007992,833,2,16,0,16,0
1765627992.024966,834,2,16,0,16,0
1765627992.041569,835,2,16,0,16,0
1765627992.057728,835,2,16,0,16,0
1765627992.073506,836,2,16,0,16,0
1765627992.089036,837,2,16,0,16,0
1765627992.105232,838,2,16,0,16,0
1765627992.122174,839,2,16,0,16,0
1765627992.138423,839,2,16,0,16,0
1765627992.155467,840,2,16,0,16,0
1765627992.172031,841,2,16,0,16,0
1765627992.188066,842,2,16,0,16,0
1765627992.205023,842,2,16,0,16,0
1765627992.221651,843,2,16,0,16,0
1765627992.237969,844,2,16,0,16,0
1765627992.255442,845,2,16,0,16,0
1765627992.271157,845,2,16,0,16,0
1765627992.287319,846,2,17,0,17,0
1765627992.303121,847,2,17,0,17,0
1765627992.319420,848,2,17,0,17,0
1765627992.335200,849,2,17,0,17,0
1765627992.351631,849,2,17,0,17,0
1765627992.367892,850,2,17,0,17,0
1765627992.385801,852,2,17,0,17,0
1765627992.403391,853,2,17,0,17,0
1765627992.420737,853,2,17,0,17,0
1765627992.436996,854,2,17,0,17,0
1765627992.454487,855,2,17,0,17,0
1765627992.470814,856,2,17,0,17,0
1765627992.486936,857,2,17,0,17,0
1765627992.503812,857,2,17,0,17,0
1765627992.520268,858,2,17,0,17,0
1765627992.536037,859,2,17,0,17,0
1765627992.552581,860,2,17,0,17,0
1765627992.568765,861,2,17,0,17,0
1765627992.585973,862,2,17,0,17,0
1765627992.603003,862,2,17,0,17,0
1765627992.618944,863,2,17,0,17,0
1765627992.636152,864,2,17,0,17,0
1765627992.652434,865,2,17,0,17,0
1765627992.668929,865,2,17,0,17,0
1765627992.686233,866,2,17,0,17,0
1765627992.702677,867,2,17,0,17,0
1765627992.718695,868,2,17,0,17,0
1765627992.734102,869,2,17,0,17,0
1765627992.751397,871,2,17,0,17,0
1765627992.767830,871,2,17,0,17,0
1765627992.785168,873,2,17,0,17,0
1765627992.802134,873,2,17,0,17,0
1765627992.818200,874,2,17,0,17,0
1765627992.835330,875,2,17,0,17,0
1765627992.851673,876,2,17,0,17,0
1765627992.867065,876,2,17,0,17,0
1765627992.883435,877,2,17,0,17,0
1765627992.899641,878,2,17,0,17,0
1765627992.916476,879,2,17,0,17,0
1765627992.932889,880,2,17,0,17,0
1765627992.950708,880,2,17,0,17,0
1765627992.966985,881,2,17,0,17,0
1765627992.983692,882,2,17,0,17,0
1765627992.999964,883,2,17,0,17,0
1765627993.017164,883,2,17,0,17,0
1765627993.033582,884,2,17,0,17,0
1765627993.049850,885,2,17,0,17,0
1765627993.066877,886,2,17,0,17,0
1765627993.083566,887,2,17,0,17,0
1765627993.100162,888,2,17,0,17,0
1765627993.216758,889,2,17,0,17,0
1765627993.248954,890,2,17,0,17,0
1765627993.265089,892,2,17,0,17,0
1765627993.281147,893,2,17,0,17,0
1765627993.297939,895,2,17,0,17,0
1765627993.314663,895,2,17,0,17,0
1765627993.331622,896,2,17,0,17,0
1765627993.346886,897,2,17,0,17,0
1765627993.363744,898,2,17,0,17,0
1765627993.381110,898,2,17,0,17,0
1765627993.397923,900,2,17,0,17,0
1765627993.414923,900,2,17,0,17,0
1765627993.432296,901,2,17,0,17,0
1765627993.448364,902,2,17,0,17,0
1765627993.464576,903,2,17,0,17,0
1765627993.480558,904,2,17,0,17,0
1765627993.496593,905,2,17,0,17,0
1765627993.513473,906,2,17,0,17,0
1765627993.529933,906,2,17,0,17,0
1765627993.546867,907,2,17,0,17,0
1765627993.563457,908,2,17,0,17,0
1765627993.579491,909,2,17,0,17,0
1765627993.594984,909,2,17,0,17,0
1765627993.612311,910,2,17,0,17,0
1765627993.628405,911,2,16,0,16,0
1765627993.644548,912,2,16,0,16,0
1765627993.661659,912,2,16,0,16,0
1765627993.678684,913,2,16,0,16,0
1765627993.695314,914,2,16,0,16,0
1765627993.712596,915,2,16,0,16,0
1765627993.729276,916,2,16,0,16,0
1765627993.745160,917,2,16,0,16,0
1765627993.763774,918,2,16,0,16,0
1765627993.780353,919,2,16,0,16,0
1765627993.796424,920,2,16,0,16,0
1765627993.812889,921,2,16,0,16,0
1765627993.829753,922,2,16,0,16,0
1765627993.847434,922,2,16,0,16,0
1765627993.863698,923,2,16,0,16,0
1765627993.879246,924,2,16,0,16,0
1765627993.895833,926,2,16,0,16,0
1765627993.913815,926,2,16,0,16,0
1765627993.929964,927,2,16,0,16,0
1765627993.947002,928,2,16,0,16,0
1765627993.964477,929,2,16,0,16,0
1765627993.980633,930,2,16,0,16,0
1765627993.996810,930,2,16,0,16,0
1765627994.013603,931,2,16,0,16,0
1765627994.029183,932,2,16,0,16,0
1765627994.045634,933,2,16,0,16,0
1765627994.062283,933,2,16,0,16,0
1765627994.078740,934,2,16,0,16,0
1765627994.094981,935,2,16,0,16,0
1765627994.111884,936,2,16,0,16,0
1765627994.129493,937,2,16,0,16,0
1765627994.145814,938,2,16,0,16,0
1765627994.162914,939,2,16,0,16,0
1765627994.180363,940,2,16,0,16,0
1765627994.196282,941,2,16,0,16,0
1765627994.212219,941,2,16,0,16,0
1765627994.228807,943,2,16,0,16,0
1765627994.246124,943,2,16,0,16,0
1765627994.263543,945,2,16,0,16,0
1765627994.279334,946,2,16,0,16,0
1765627994.296445,947,2,16,0,16,0
1765627994.313553,947,2,16,0,16,0
1765627994.329939,948,2,15,0,15,0
1765627994.347157,949,2,15,0,15,0
1765627994.364474,950,2,15,0,15,0
1765627994.380387,951,2,15,0,15,0
1765627994.397737,952,2,15,0,15,0
1765627994.414966,953,2,15,0,15,0
1765627994.431770,953,2,15,0,15,0
1765627994.449061,954,2,15,0,15,0
1765627994.466614,955,2,15,0,15,0
1765627994.483675,956,2,15,0,15,0
1765627994.499285,957,2,15,0,15,0
1765627994.515790,958,2,15,0,15,0
1765627994.533032,959,2,15,0,15,0
1765627994.549599,960,2,15,0,15,0
1765627994.565995,961,2,15,0,15,0
1765627994.583370,961,2,15,0,15,0
1765627994.600221,963,2,15,0,15,0
1765627994.617315,963,2,15,0,15,0
1765627994.633721,964,2,15,0,15,0
1765627994.649491,965,2,15,0,15,0
1765627994.665614,966,2,15,0,15,0
1765627994.681841,966,2,15,0,15,0
1765627994.697981,967,2,15,0,15,0
1765627994.715008,968,2,15,0,15,0
1765627994.732470,970,2,15,0,15,0
1765627994.749342,971,2,15,0,15,0
1765627994.765741,972,2,15,0,15,0
1765627994.781893,973,2,15,0,15,0
1765627994.798954,974,2,15,0,15,0
1765627994.815638,975,2,15,0,15,0
1765627994.831331,975,2,15,0,15,0
1765627994.847479,976,2,15,0,15,0
1765627994.863723,977,2,15,0,15,0
1765627994.880021,978,2,15,0,15,0
1765627994.896830,978,2,15,0,15,0
1765627994.913663,979,2,15,0,15,0
1765627994.929550,980,2,15,0,15,0
1765627994.945908,982,2,15,0,15,0
1765627994.963433,983,2,15,0,15,0
1765627994.980091,985,2,15,0,15,0
1765627994.997081,985,2,15,0,15,0
1765627995.014753,987,2,15,0,15,0
1765627995.031832,988,2,15,0,15,0
1765627995.048937,988,2,15,0,15,0
1765627995.066046,989,2,15,0,15,0
1765627995.082443,990,2,15,0,15,0
1765627995.097951,991,2,15,0,15,0
1765627995.114163,991,2,15,0,15,0
1765627995.130323,992,2,15,0,15,0
1765627995.146843,993,2,15,0,15,0
1765627995.164170,994,2,15,0,15,0
1765627995.180068,995,2,15,0,15,0
1765627995.196585,996,2,15,0,15,0
1765627995.212804,997,2,15,0,15,0
1765627995.229230,997,2,15,0,15,0
1765627995.246017,998,2,15,0,15,0
1765627995.262529,999,2,15,0,15,0
1765627995.279004,1000,2,15,0,15,0
1765627995.295572,1001,2,15,0,15,0
1765627995.311224,1002,2,15,0,15,0
1765627995.327794,1003,2,15,0,15,0
1765627995.344714,1004,2,15,0,15,0
1765627995.360453,1004,2,15,0,15,0
1765627995.375955,1005,2,15,0,15,0
1765627995.391824,1006,2,15,0,15,0
1765627995.409752,1007,2,15,0,15,0
1765627995.427153,1008,2,15,0,15,0
1765627995.443365,1008,2,15,0,15,0
1765627995.460383,1010,2,15,1,15,1
1765627995.477302,1010,2,15,1,15,1
1765627995.494479,1011,2,15,1,15,1
1765627995.511493,1012,2,15,1,15,1
1765627995.527117,1013,2,15,1,15,1
1765627995.543789,1013,2,15,1,15,1
1765627995.561451,1014,2,15,1,15,1
1765627995.578137,1015,2,15,1,15,1
1765627995.594793,1016,2,15,1,15,1
1765627995.611979,1017,2,15,1,15,1
1765627995.629469,1018,2,15,1,15,1
1765627995.646099,1019,2,15,1,15,1
1765627995.663277,1019,2,15,1,15,1
1765627995.679643,1021,2,15,1,15,1
1765627995.695694,1021,2,15,1,15,1
1765627995.711515,1022,2,15,1,15,1
1765627995.726950,1023,2,15,1,15,1
1765627995.743694,1024,2,15,1,15,1
1765627995.759334,1024,2,15,1,15,1
1765627995.776182,1025,2,15,1,15,1
1765627995.792097,1026,2,15,1,15,1
1765627995.808152,1027,2,15,1,15,1
1765627995.824656,1028,2,15,1,15,1
1765627995.840524,1028,2,15,1,15,1
1765627995.856428,1029,2,15,1,15,1
1765627995.873617,1030,2,15,1,15,1
1765627995.889977,1031,2,15,1,15,1
1765627995.907143,1031,2,15,1,15,1
1765627995.924472,1032,2,15,1,15,1
1765627995.940557,1033,2,15,1,15,1
1765627995.956734,1034,2,15,1,15,1
1765627995.972417,1034,2,15,1,15,1
1765627995.988413,1036,2,15,1,15,1
1765627996.004856,1036,2,15,1,15,1
1765627996.022389,1037,2,15,1,15,1
1765627996.039115,1038,2,15,1,15,1
1765627996.055496,1039,2,15,1,15,1
1765627996.071877,1040,2,15,1,15,1
1765627996.089205,1040,2,15,1,15,1
1765627996.106132,1042,2,15,1,15,1
1765627996.122074,1042,2,15,1,15,1
1765627996.138604,1044,2,15,1,15,1
1765627996.154860,1044,2,15,1,15,1
1765627996.172094,1045,2,15,1,15,1
1765627996.190214,1046,2,15,1,15,1
1765627996.206795,1048,2,15,1,15,1
1765627996.223855,1048,2,15,1,15,1
1765627996.240736,1050,2,15,1,15,1
1765627996.256820,1051,2,15,1,15,1
1765627996.273856,1052,2,15,1,15,1
1765627996.290897,1053,2,15,1,15,1
1765627996.308085,1053,2,15,1,15,1
1765627996.324883,1054,2,15,1,15,1
1765627996.342888,1056,2,15,1,15,1
1765627996.360010,1056,2,15,1,15,1
1765627996.377133,1058,2,15,1,15,1
1765627996.394797,1058,2,15,1,15,1
1765627996.412023,1059,2,15,1,15,1
1765627996.429169,1060,2,15,1,15,1
1765627996.445746,1061,2,15,1,15,1
1765627996.463433,1062,2,15,1,15,1
1765627996.480241,1062,2,15,1,15,1
1765627996.496617,1063,2,16,1,16,1
1765627996.512785,1064,2,16,1,16,1
1765627996.529634,1065,2,16,1,16,1
1765627996.544995,1065,2,16,1,16,1
1765627996.560921,1066,2,16,1,16,1
1765627996.577846,1067,2,16,1,16,1
1765627996.594594,1068,2,16,1,16,1
1765627996.610795,1069,2,16,1,16,1
1765627996.628446,1069,2,16,1,16,1
1765627996.645122,1070,2,16,1,16,1
1765627996.662604,1071,2,16,1,16,1
1765627996.678572,1072,2,16,1,16,1
1765627996.694889,1072,2,16,1,16,1
1765627996.712060,1074,2,16,1,16,1
1765627996.729190,1075,2,16,1,16,1
1765627996.746257,1075,2,16,1,16,1
1765627996.763703,1076,2,16,1,16,1
1765627996.780169,1077,2,16,1,16,1
1765627996.796913,1078,2,16,1,16,1
1765627996.813270,1079,2,16,1,16,1
1765627996.829736,1080,2,16,1,16,1
1765627996.845629,1081,2,16,1,16,1
1765627996.861916,1082,2,16,1,16,1
1765627996.878862,1082,2,16,1,16,1
1765627996.895874,1083,2,16,1,16,1
1765627996.913810,1084,2,16,1,16,1
1765627996.930226,1085,2,16,1,16,1
1765627996.947129,1087,2,16,1,16,1
1765627996.963702,1088,2,16,1,16,1
1765627996.979838,1089,2,16,1,16,1
1765627996.997974,1089,2,16,1,16,1
1765627997.014532,1090,2,16,1,16,1
1765627997.031081,1091,2,16,1,16,1
1765627997.048020,1092,2,16,1,16,1
1765627997.064462,1093,2,16,1,16,1
1765627997.080276,1093,2,16,1,16,1
1765627997.097185,1094,2,16,1,16,1
1765627997.114846,1095,2,16,1,16,1
1765627997.132537,1096,2,16,1,16,1
1765627997.149491,1097,2,16,1,16,1
1765627997.164812,1097,2,16,1,16,1
1765627997.182272,1098,2,16,2,16,2
1765627997.199637,1099,2,16,2,16,2
1765627997.216487,1100,2,16,2,16,2
1765627997.232913,1100,2,16,2,16,2
1765627997.249811,1102,2,16,2,16,2
1765627997.266440,1103,2,16,2,16,2
1765627997.282957,1103,2,16,2,16,2
1765627997.299736,1104,2,16,2,16,2
1765627997.317372,1105,2,16,2,16,2
1765627997.333018,1106,2,16,2,16,2
1765627997.350124,1106,2,16,2,16,2
1765627997.366465,1107,2,16,2,16,2
1765627997.382790,1108,2,16,2,16,2
1765627997.399667,1109,2,16,2,16,2
1765627997.415715,1110,2,16,2,16,2
1765627997.431710,1110,2,16,2,16,2
1765627997.447165,1111,2,16,2,16,2
1765627997.463681,1112,2,16,2,16,2
1765627997.479762,1113,2,16,2,16,2
1765627997.497337,1113,2,16,2,16,2
1765627997.514502,1114,2,16,2,16,2
1765627997.530178,1115,2,16,2,16,2
1765627997.546931,1116,2,16,2,16,2
1765627997.563829,1117,2,16,2,16,2
1765627997.581014,1118,2,16,2,16,2
1765627997.597435,1119,2,16,2,16,2
1765627997.613557,1120,2,16,2,16,2
1765627997.630310,1121,2,16,2,16,2
1765627997.646957,1121,2,16,2,16,2
1765627997.663582,1123,2,16,2,16,2
1765627997.679719,1123,2,16,2,16,2
1765627997.696128,1124,2,16,2,16,2
1765627997.714719,1125,2,16,2,16,2
1765627997.731316,1126,2,16,2,16,2
1765627997.747417,1126,2,16,2,16,2
1765627997.763431,1127,2,16,2,16,2
1765627997.780020,1128,2,16,2,16,2
1765627997.797534,1129,2,16,2,16,2
1765627997.814301,1130,2,16,2,16,2
1765627997.881233,1130,2,16,2,16,2
1765627997.898737,1132,2,16,2,16,2
1765627997.916155,1133,2,17,2,17,2
1765627997.933547,1135,2,17,2,17,2
1765627997.950279,1135,2,17,2,17,2
1765627997.965960,1136,2,17,2,17,2
1765627997.982800,1137,2,17,2,17,2
1765627998.001012,1138,2,17,2,17,2
1765627998.017445,1139,2,17,2,17,2
1765627998.033741,1140,2,17,2,17,2
1765627998.049834,1141,2,17,2,17,2
1765627998.066980,1142,2,17,2,17,2
1765627998.082881,1143,2,17,2,17,2
1765627998.100635,1143,2,17,2,17,2
1765627998.116488,1144,2,17,2,17,2
1765627998.132398,1145,2,17,2,17,2
1765627998.148178,1147,2,17,2,17,2
1765627998.165678,1147,2,17,2,17,2
1765627998.181201,1148,2,17,2,17,2
1765627998.197610,1149,2,17,2,17,2
1765627998.213745,1150,2,17,2,17,2
1765627998.230638,1151,2,17,2,17,2
1765627998.246175,1151,2,17,2,17,2
1765627998.263295,1152,2,17,2,17,2
1765627998.279941,1153,2,17,2,17,2
1765627998.296187,1154,2,17,2,17,2
1765627998.312539,1154,2,17,2,17,2
1765627998.328553,1155,2,17,2,17,2
1765627998.344682,1156,2,17,2,17,2
1765627998.361378,1157,2,17,2,17,2
1765627998.377358,1157,2,17,2,17,2
1765627998.394737,1158,2,17,2,17,2
1765627998.410658,1159,2,17,2,17,2
1765627998.426558,1160,2,17,2,17,2
1765627998.442844,1160,2,17,2,17,2
1765627998.460005,1161,2,17,2,17,2
1765627998.477206,1162,2,17,2,17,2
1765627998.494612,1163,2,17,2,17,2
1765627998.510859,1164,2,17,2,17,2
1765627998.528929,1165,2,17,2,17,2
1765627998.546186,1166,2,17,2,17,2
1765627998.562194,1167,2,17,2,17,2
1765627998.580064,1167,2,17,2,17,2
1765627998.596054,1168,2,17,2,17,2
1765627998.613455,1169,2,17,2,17,2
1765627998.629954,1170,2,17,2,17,2
1765627998.647232,1171,2,17,2,17,2
1765627998.664041,1171,2,17,2,17,2
1765627998.681257,1172,2,17,2,17,2
1765627998.697489,1173,2,17,2,17,2
1765627998.714634,1174,2,17,2,17,2
1765627998.731123,1175,2,17,3,17,3
1765627998.747622,1176,2,17,3,17,3
1765627998.764255,1176,2,17,3,17,3
1765627998.781313,1177,2,17,3,17,3
1765627998.798561,1178,2,17,3,17,3
1765627998.815333,1179,2,17,3,17,3
1765627998.832741,1180,2,17,3,17,3
1765627998.847942,1181,2,17,3,17,3
1765627998.863838,1182,2,17,3,17,3
1765627998.880836,1182,2,17,3,17,3
1765627998.897876,1183,2,17,3,17,3
1765627998.914413,1184,2,17,3,17,3
1765627998.930382,1185,2,17,3,17,3
1765627998.946634,1185,2,17,3,17,3
1765627998.962656,1186,2,17,3,17,3
1765627998.978146,1187,2,17,3,17,3
1765627998.995602,1188,2,17,3,17,3
1765627999.011908,1189,2,17,3,17,3
1765627999.029829,1189,2,17,3,17,3
1765627999.046488,1191,2,17,3,17,3
1765627999.062432,1191,2,17,3,17,3
1765627999.078392,1193,2,16,3,16,3
1765627999.095509,1193,2,16,3,16,3
1765627999.110976,1194,2,16,3,16,3
1765627999.127751,1195,2,16,3,16,3
1765627999.144092,1196,2,16,3,16,3
1765627999.161071,1196,2,16,3,16,3
1765627999.178494,1197,2,16,3,16,3
1765627999.194625,1198,2,16,3,16,3
1765627999.210307,1199,2,16,3,16,3
1765627999.226502,1199,2,16,3,16,3
1765627999.242511,1200,2,16,3,16,3
1765627999.258330,1201,2,16,3,16,3
1765627999.274456,1202,2,16,3,16,3
1765627999.290718,1202,2,16,3,16,3
1765627999.307611,1204,2,16,3,16,3
1765627999.323971,1205,2,16,3,16,3
1765627999.341604,1206,2,16,3,16,3
1765627999.358049,1206,2,16,3,16,3
1765627999.374897,1207,2,16,3,16,3
1765627999.391355,1208,2,16,3,16,3
1765627999.408178,1209,2,16,3,16,3
1765627999.424638,1210,2,16,3,16,3
1765627999.440873,1210,2,16,3,16,3
1765627999.457356,1211,2,16,4,16,4
1765627999.473140,1212,2,16,4,16,4
1765627999.489557,1213,2,16,4,16,4
1765627999.505355,1214,2,16,4,16,4
1765627999.521013,1215,2,16,4,16,4
1765627999.537988,1215,2,16,4,16,4
1765627999.554842,1217,2,16,4,16,4
1765627999.571328,1217,2,16,4,16,4
1765627999.587915,1219,2,16,4,16,4
1765627999.604194,1220,2,16,4,16,4
1765627999.621043,1221,2,16,4,16,4
1765627999.637413,1221,2,16,4,16,4
1765627999.653473,1222,2,16,4,16,4
1765627999.669545,1223,2,16,4,16,4
1765627999.686641,1224,2,16,4,16,4
1765627999.702727,1225,2,16,4,16,4
1765627999.719809,1225,2,16,4,16,4
1765627999.736282,1226,2,16,4,16,4
1765627999.752761,1227,2,16,4,16,4
1765627999.768929,1228,2,16,4,16,4
1765627999.785352,1228,2,16,4,16,4
1765627999.802131,1230,2,16,4,16,4
1765627999.817975,1231,2,16,4,16,4
1765627999.834412,1232,2,16,4,16,4
1765627999.850709,1233,2,16,4,16,4
1765627999.866228,1234,2,16,4,16,4
1765627999.883446,1234,2,16,4,16,4
1765627999.899575,1235,2,16,4,16,4
1765627999.915706,1236,2,16,4,16,4
1765627999.931442,1237,2,16,4,16,4
1765627999.947249,1237,2,16,4,16,4
1765627999.963407,1238,2,16,4,16,4
1765627999.979897,1239,2,16,4,16,4
1765627999.996816,1240,2,16,4,16,4
1765628000.013589,1240,2,16,4,16,4
1765628000.029940,1242,2,16,4,16,4
1765628000.046969,1243,2,16,5,16,5
1765628000.063104,1244,2,16,5,16,5
1765628000.079502,1245,2,16,5,16,5
1765628000.095656,1246,2,16,5,16,5
1765628000.111873,1246,2,16,5,16,5
1765628000.128771,1247,2,16,5,16,5
1765628000.145535,1248,2,16,5,16,5
1765628000.161552,1249,2,16,5,16,5
1765628000.177816,1250,2,16,5,16,5
1765628000.195730,1250,2,16,5,16,5
1765628000.212265,1251,2,16,5,16,5
1765628000.228865,1252,2,16,5,16,5
1765628000.246624,1253,2,16,5,16,5
1765628000.262948,1254,2,16,5,16,5
1765628000.279870,1254,2,16,5,16,5
1765628000.297662,1255,2,16,5,16,5
1765628000.313902,1256,2,16,5,16,5
1765628000.331177,1257,2,16,5,16,5
1765628000.348102,1258,2,16,5,16,5
1765628000.365258,1258,2,16,5,16,5
1765628000.381866,1259,2,16,5,16,5
1765628000.398762,1260,2,16,5,16,5
1765628000.415951,1261,2,16,5,16,5
1765628000.432751,1262,2,16,5,16,5
1765628000.449767,1262,2,16,5,16,5
1765628000.466326,1263,2,16,5,16,5
1765628000.482987,1264,2,16,5,16,5
1765628000.499748,1265,2,16,5,16,5
1765628000.517307,1266,2,16,5,16,5
1765628000.533653,1267,2,16,5,16,5
1765628000.550008,1268,2,16,5,16,5
1765628000.566903,1269,2,16,5,16,5
1765628000.583842,1270,2,16,5,16,5
1765628000.600834,1271,2,16,5,16,5
1765628000.617939,1272,2,16,5,16,5
1765628000.635299,1273,2,16,5,16,5
1765628000.651733,1274,2,16,5,16,5
1765628000.668777,1274,2,16,5,16,5
1765628000.685955,1275,2,16,5,16,5
1765628000.702038,1276,2,16,5,16,5
1765628000.718852,1277,2,16,5,16,5
1765628000.735278,1278,2,16,5,16,5
1765628000.751935,1278,2,16,5,16,5
1765628000.767818,1279,2,16,5,16,5
1765628000.784404,1280,2,16,5,16,5
1765628000.800776,1281,2,16,5,16,5
1765628000.817732,1281,2,16,5,16,5
1765628000.834700,1283,2,16,5,16,5
1765628000.851699,1283,2,16,5,16,5
1765628000.868014,1285,2,16,5,16,5
1765628000.884916,1286,2,16,5,16,5
1765628000.901585,1287,2,16,5,16,5
1765628000.918218,1288,2,16,5,16,5
1765628000.934817,1289,2,16,5,16,5
1765628000.951991,1290,2,16,5,16,5
1765628000.969080,1290,2,16,5,16,5
1765628000.986175,1291,2,16,5,16,5
1765628001.003583,1292,2,16,5,16,5
1765628001.019973,1293,2,16,5,16,5
1765628001.036583,1294,2,16,5,16,5
1765628001.052816,1294,2,16,5,16,5
1765628001.069480,1295,2,16,5,16,5
1765628001.085563,1296,2,16,5,16,5
1765628001.101744,1297,2,16,5,16,5
1765628001.118867,1297,2,16,5,16,5
1765628001.136586,1299,2,16,5,16,5
1765628001.153389,1300,2,16,5,16,5
1765628001.170002,1301,2,16,5,16,5
1765628001.187006,1302,2,16,5,16,5
1765628001.203764,1302,2,16,5,16,5
1765628001.221206,1303,2,16,5,16,5
1765628001.237965,1304,2,16,5,16,5
1765628001.254922,1305,2,16,5,16,5
1765628001.271875,1306,2,16,5,16,5
1765628001.288899,1306,2,16,5,16,5
1765628001.306294,1307,2,16,5,16,5
1765628001.323322,1308,2,16,5,16,5
1765628001.339707,1309,2,15,5,15,5
1765628001.355705,1310,2,15,5,15,5
1765628001.371190,1311,2,15,5,15,5
1765628001.388440,1312,2,15,5,15,5
1765628001.406273,1312,2,15,5,15,5
1765628001.422431,1313,2,15,5,15,5
1765628001.438790,1314,2,15,5,15,5
1765628001.456220,1315,2,15,5,15,5
1765628001.473737,1316,2,15,5,15,5
1765628001.489925,1316,2,15,5,15,5
1765628001.506624,1317,2,15,5,15,5
1765628001.522613,1318,2,15,5,15,5
1765628001.538958,1319,2,15,5,15,5
1765628001.555826,1320,2,15,5,15,5
1765628001.573985,1321,2,15,5,15,5
1765628001.591423,1322,2,15,5,15,5
1765628001.608215,1322,2,15,5,15,5
1765628001.625075,1324,2,15,5,15,5
1765628001.641648,1325,2,15,5,15,5
1765628001.657562,1326,2,15,5,15,5
1765628001.674713,1326,2,15,5,15,5
1765628001.692072,1327,2,15,5,15,5
1765628001.708750,1328,2,15,5,15,5
1765628001.725834,1329,2,15,5,15,5
1765628001.743054,1330,2,15,5,15,5
1765628001.759856,1330,2,15,5,15,5
1765628001.777292,1331,2,15,5,15,5
1765628001.793848,1332,2,15,5,15,5
1765628001.810273,1333,2,15,5,15,5
1765628001.826811,1333,2,15,5,15,5
1765628001.843418,1335,2,15,5,15,5
1765628001.859582,1335,2,15,5,15,5
1765628001.875154,1336,2,15,5,15,5
1765628001.891806,1337,2,15,5,15,5
1765628001.909781,1338,2,15,5,15,5
1765628001.926497,1339,2,15,5,15,5
1765628001.942767,1339,2,15,5,15,5
1765628001.959824,1340,2,15,5,15,5
1765628001.977393,1341,2,15,5,15,5
1765628001.993748,1342,2,15,4,15,4
1765628002.009633,1342,2,15,4,15,4
1765628002.025424,1344,2,15,4,15,4
1765628002.041618,1345,2,15,4,15,4
1765628002.058085,1346,2,15,4,15,4
1765628002.074697,1346,2,15,4,15,4
1765628002.091310,1348,2,15,4,15,4
1765628002.107241,1349,2,15,4,15,4
1765628002.124548,1350,2,15,4,15,4
1765628002.140554,1351,2,15,4,15,4
1765628002.157471,1352,2,15,4,15,4
1765628002.174478,1353,2,15,4,15,4
1765628002.190766,1354,2,15,4,15,4
1765628002.208782,1355,2,15,4,15,4
1765628002.225968,1355,2,15,4,15,4
1765628002.242219,1357,2,15,4,15,4
1765628002.259208,1357,2,15,4,15,4
1765628002.275118,1358,2,15,4,15,4
1765628002.291545,1359,2,15,4,15,4
1765628002.308270,1360,2,15,4,15,4
1765628002.325279,1361,2,15,4,15,4
1765628002.341699,1362,2,15,4,15,4
1765628002.358734,1363,2,15,4,15,4
1765628002.374763,1363,2,15,4,15,4
1765628002.392089,1365,2,15,4,15,4
1765628002.408475,1365,2,15,4,15,4
1765628002.425330,1366,2,15,4,15,4
1765628002.441543,1367,2,15,4,15,4
1765628002.458486,1368,2,15,4,15,4
1765628002.475131,1369,2,15,4,15,4
1765628002.492299,1370,2,15,4,15,4
1765628002.508513,1371,2,15,4,15,4
1765628002.524234,1372,2,15,4,15,4
1765628002.540214,1373,2,15,4,15,4
1765628002.556729,1374,2,15,4,15,4
1765628002.573914,1375,2,15,4,15,4
1765628002.590755,1375,2,15,4,15,4
1765628002.607533,1376,2,15,4,15,4
1765628002.623504,1377,2,15,4,15,4
1765628002.639753,1378,2,15,4,15,4
1765628002.656282,1378,2,15,4,15,4
1765628002.672843,1380,2,15,3,15,3
1765628002.690104,1380,2,15,3,15,3
1765628002.706648,1382,2,15,3,15,3
1765628002.722691,1382,2,15,3,15,3
1765628002.738267,1383,2,15,3,15,3
1765628002.754795,1384,2,15,3,15,3
1765628002.771365,1385,2,15,3,15,3
1765628002.788648,1386,2,15,3,15,3
1765628002.805183,1388,2,15,3,15,3
1765628002.821708,1388,2,15,3,15,3
1765628002.838415,1389,2,15,3,15,3
1765628002.854251,1390,2,15,3,15,3
1765628002.871050,1391,2,15,3,15,3
1765628002.887948,1392,2,15,3,15,3
1765628002.905059,1392,2,15,3,15,3
1765628002.922536,1393,2,15,3,15,3
1765628002.939672,1394,2,15,3,15,3
1765628002.955665,1395,2,15,3,15,3
1765628002.971830,1395,2,15,3,15,3
1765628002.989606,1396,2,15,3,15,3
1765628003.005746,1397,2,15,3,15,3
1765628003.023246,1398,2,15,3,15,3
1765628003.040448,1399,2,15,3,15,3
1765628003.057009,1399,2,15,3,15,3
1765628003.073889,1400,2,15,3,15,3
1765628003.090780,1401,2,15,3,15,3
1765628003.107329,1402,2,15,3,15,3
1765628003.124042,1403,2,15,3,15,3
1765628003.140063,1403,2,15,3,15,3
1765628003.157421,1404,2,15,3,15,3
1765628003.174427,1405,2,15,3,15,3
1765628003.190887,1407,2,15,2,15,2
1765628003.208164,1408,2,15,2,15,2
1765628003.225017,1408,2,15,2,15,2
1765628003.241459,1409,2,15,2,15,2
1765628003.258814,1410,2,15,2,15,2
1765628003.274978,1411,2,15,2,15,2
1765628003.292543,1411,2,15,2,15,2
1765628003.308281,1412,2,15,2,15,2
1765628003.324852,1413,2,15,2,15,2
1765628003.342391,1414,2,15,2,15,2
1765628003.358407,1415,2,15,2,15,2
1765628003.375117,1415,2,15,2,15,2
1765628003.391344,1416,2,15,2,15,2
1765628003.407444,1417,2,15,2,15,2
1765628003.423717,1419,2,15,2,15,2
1765628003.439991,1419,2,15,2,15,2
1765628003.456966,1420,2,15,2,15,2
1765628003.473935,1421,2,15,2,15,2
1765628003.490522,1422,2,15,2,15,2
1765628003.506122,1422,2,15,2,15,2
1765628003.522775,1423,2,15,2,15,2
1765628003.539945,1424,2,15,2,15,2
1765628003.556698,1425,2,15,2,15,2
1765628003.572812,1426,2,15,2,15,2
1765628003.590019,1426,2,15,2,15,2
1765628003.606301,1427,2,15,2,15,2
1765628003.622531,1428,2,15,2,15,2
1765628003.638614,1429,2,15,2,15,2
1765628003.654550,1429,2,15,2,15,2
1765628003.671167,1430,2,15,2,15,2
1765628003.687736,1431,2,15,2,15,2
1765628003.705022,1433,2,15,2,15,2
1765628003.722944,1433,2,15,2,15,2
1765628003.739621,1434,2,15,2,15,2
1765628003.755991,1435,2,15,2,15,2
1765628003.772688,1436,2,15,2,15,2
1765628003.789397,1437,2,15,2,15,2
1765628003.805101,1438,2,15,2,15,2
1765628003.821336,1439,2,15,2,15,2
1765628003.838990,1440,2,15,2,15,2
1765628003.855013,1441,2,15,2,15,2
1765628003.871368,1441,2,15,2,15,2
1765628003.887817,1443,2,15,2,15,2
1765628003.904560,1443,2,15,2,15,2
1765628003.921575,1444,2,15,2,15,2
1765628003.937631,1445,2,15,2,15,2
1765628003.954673,1446,2,15,2,15,2
1765628003.970278,1446,2,15,2,15,2
1765628003.987790,1447,2,15,2,15,2
1765628004.004292,1448,2,15,2,15,2
1765628004.021964,1450,2,15,2,15,2
1765628004.038953,1451,2,15,2,15,2
1765628004.056145,1452,2,15,2,15,2
1765628004.072183,1453,2,15,2,15,2
1765628004.089219,1453,2,15,2,15,2
1765628004.105727,1455,2,15,2,15,2
1765628004.121578,1455,2,15,2,15,2
1765628004.137541,1456,2,15,2,15,2
1765628004.154906,1457,2,15,2,15,2
1765628004.172293,1458,2,15,2,15,2
1765628004.188612,1459,2,15,2,15,2
1765628004.204739,1459,2,15,2,15,2
1765628004.221408,1460,2,15,2,15,2
1765628004.238533,1461,2,15,2,15,2
1765628004.254747,1462,2,15,2,15,2
1765628004.271854,1463,2,15,2,15,2
1765628004.289125,1464,2,15,2,15,2
1765628004.305916,1465,2,15,2,15,2
1765628004.322531,1465,2,15,2,15,2
1765628004.338551,1466,2,15,2,15,2
1765628004.354278,1467,2,15,2,15,2
1765628004.370770,1468,2,15,2,15,2
1765628004.387927,1469,2,15,2,15,2
1765628004.404830,1470,2,15,2,15,2
1765628004.421992,1470,2,15,2,15,2
1765628004.438713,1471,2,15,2,15,2
1765628004.453976,1472,2,15,2,15,2
1765628004.470966,1473,2,15,2,15,2
1765628004.488144,1474,2,15,2,15,2
1765628004.504745,1474,2,15,2,15,2
1765628004.521822,1475,2,15,2,15,2
1765628004.538936,1476,2,15,1,15,1
1765628004.555003,1477,2,15,1,15,1
1765628004.571646,1478,2,15,1,15,1
1765628004.587201,1479,2,15,1,15,1
1765628004.603386,1480,2,15,1,15,1
1765628004.619750,1481,2,15,1,15,1
1765628004.637591,1482,2,15,1,15,1
1765628004.653301,1484,2,15,1,15,1
1765628004.669909,1484,2,15,1,15,1
1765628004.687205,1485,2,15,1,15,1
1765628004.703390,1486,2,15,1,15,1
1765628004.719945,1487,2,15,1,15,1
1765628004.736618,1488,2,15,1,15,1
1765628004.752017,1488,2,15,1,15,1
1765628004.769201,1489,2,15,1,15,1
1765628004.786049,1490,2,15,1,15,1
1765628004.802190,1492,2,15,1,15,1
1765628004.818751,1492,2,15,1,15,1
1765628004.836240,1493,2,15,1,15,1
1765628004.852469,1494,2,15,1,15,1
1765628004.869065,1495,2,15,1,15,1
1765628004.885852,1496,2,15,1,15,1
1765628004.902611,1497,2,15,1,15,1
1765628004.918918,1498,2,15,1,15,1
1765628004.935324,1499,2,15,1,15,1
1765628004.951872,1500,2,15,1,15,1
1765628004.968908,1500,2,15,1,15,1
1765628004.985585,1502,2,15,1,15,1
1765628005.002629,1503,2,15,1,15,1
1765628005.018913,1504,2,15,1,15,1
1765628005.035629,1504,2,15,1,15,1
1765628005.052604,1505,2,15,1,15,1
1765628005.069747,1506,2,15,1,15,1
1765628005.086938,1507,2,15,1,15,1
1765628005.103147,1507,2,15,1,15,1
1765628005.119871,1508,2,15,1,15,1
1765628005.137071,1509,2,15,1,15,1
1765628005.154756,1510,2,15,1,15,1
1765628005.171614,1511,2,15,1,15,1
1765628005.187337,1511,2,15,1,15,1
1765628005.203853,1512,2,15,1,15,1
1765628005.221771,1513,2,15,1,15,1
1765628005.238562,1514,2,15,1,15,1
1765628005.254928,1515,2,16,1,16,1
1765628005.272252,1515,2,16,1,16,1
1765628005.288932,1516,2,16,1,16,1
1765628005.305675,1517,2,16,1,16,1
1765628005.322813,1519,2,16,1,16,1
1765628005.340041,1520,2,16,1,16,1
1765628005.357009,1520,2,16,1,16,1
1765628005.372936,1521,2,16,1,16,1
1765628005.389978,1522,2,16,1,16,1
1765628005.407331,1523,2,16,1,16,1
1765628005.423960,1523,2,16,1,16,1
1765628005.440786,1524,2,16,1,16,1
1765628005.457596,1525,2,16,1,16,1
1765628005.473544,1526,2,16,1,16,1
1765628005.489731,1527,2,16,1,16,1
1765628005.505617,1528,2,16,1,16,1
1765628005.522179,1528,2,16,1,16,1
1765628005.538671,1529,2,16,1,16,1
1765628005.554327,1530,2,16,1,16,1
1765628005.570651,1531,2,16,1,16,1
1765628005.587498,1532,2,16,1,16,1
1765628005.603999,1532,2,16,1,16,1
1765628005.620551,1533,2,16,1,16,1
1765628005.636903,1534,2,16,1,16,1
1765628005.653625,1536,2,16,1,16,1
1765628005.669681,1537,2,16,1,16,1
1765628005.686690,1538,2,16,1,16,1
1765628005.703158,1538,2,16,1,16,1
1765628005.719826,1539,2,16,1,16,1
1765628005.737618,1540,2,16,1,16,1
1765628005.754056,1541,2,16,1,16,1
1765628005.771471,1542,2,16,1,16,1
1765628005.788313,1542,2,16,1,16,1
1765628005.804662,1544,2,16,1,16,1
1765628005.820405,1545,2,16,1,16,1
1765628005.836621,1546,2,16,1,16,1
1765628005.852968,1546,2,16,1,16,1
1765628005.870044,1548,2,16,1,16,1
1765628005.887067,1548,2,16,1,16,1
1765628005.904429,1550,2,16,1,16,1
1765628005.921754,1550,2,16,1,16,1
1765628005.938606,1552,2,16,1,16,1
1765628005.955532,1552,2,16,1,16,1
1765628005.971829,1554,2,16,1,16,1
1765628005.988791,1555,2,16,1,16,1
1765628006.005558,1556,2,16,1,16,1
1765628006.022479,1557,2,16,1,16,1
1765628006.038838,1557,2,16,1,16,1
1765628006.055920,1559,2,16,1,16,1
1765628006.073083,1560,2,16,1,16,1
1765628006.089925,1562,2,16,1,16,1
1765628006.106493,1562,2,16,1,16,1
1765628006.122994,1563,2,16,1,16,1
1765628006.139869,1564,2,16,1,16,1
1765628006.156957,1565,2,16,1,16,1
1765628006.173772,1566,2,16,1,16,1
1765628006.191215,1567,2,16,1,16,1
1765628006.208160,1568,2,16,1,16,1
1765628006.225100,1569,2,16,1,16,1
1765628006.241661,1570,2,16,1,16,1
1765628006.257391,1570,2,16,1,16,1
1765628006.273794,1572,2,16,1,16,1
1765628006.291735,1573,2,16,1,16,1
1765628006.308059,1574,2,16,1,16,1
1765628006.324705,1574,2,16,1,16,1
1765628006.340380,1576,2,16,1,16,1
1765628006.357452,1577,2,16,1,16,1
1765628006.373616,1578,2,16,1,16,1
1765628006.389989,1578,2,16,1,16,1
1765628006.406335,1579,2,16,1,16,1
1765628006.423105,1581,2,16,1,16,1
1765628006.439726,1581,2,16,1,16,1
1765628006.456445,1582,2,16,1,16,1
1765628006.472427,1583,2,16,1,16,1
1765628006.488667,1584,2,16,1,16,1
1765628006.506005,1584,2,16,1,16,1
1765628006.522321,1585,2,16,1,16,1
1765628006.538944,1586,2,16,1,16,1
1765628006.555796,1587,2,16,1,16,1
1765628006.573734,1588,2,16,1,16,1
1765628006.591204,1588,2,16,1,16,1
1765628006.607384,1589,2,16,1,16,1
1765628006.623702,1590,2,16,1,16,1
1765628006.640584,1591,2,16,1,16,1
1765628006.656374,1592,2,16,1,16,1
1765628006.672409,1593,2,16,1,16,1
1765628006.689471,1593,2,16,1,16,1
1765628006.705745,1594,2,16,1,16,1
1765628006.722199,1595,2,16,1,16,1
1765628006.738710,1596,2,16,1,16,1
1765628006.756219,1597,2,16,0,16,0
1765628006.772802,1598,2,16,0,16,0
1765628006.790169,1600,2,16,0,16,0
1765628006.807144,1601,2,16,0,16,0
1765628006.823103,1602,2,16,0,16,0
1765628006.839847,1603,2,16,0,16,0
1765628006.856481,1604,2,16,0,16,0
1765628006.872060,1605,2,16,0,16,0
1765628006.888636,1606,2,16,0,16,0
1765628006.904730,1607,2,16,0,16,0
1765628006.921147,1608,2,16,0,16,0
1765628006.937731,1608,2,16,0,16,0
1765628006.954731,1609,2,16,0,16,0
1765628006.970736,1610,2,16,0,16,0
1765628006.987502,1611,2,16,0,16,0
1765628007.003650,1611,2,16,0,16,0
1765628007.020056,1612,2,16,0,16,0
1765628007.037268,1614,2,16,0,16,0
1765628007.053993,1614,2,16,0,16,0
1765628007.070937,1615,2,16,0,16,0
1765628007.087873,1616,2,16,0,16,0
1765628007.105046,1617,2,16,0,16,0
1765628007.121809,1617,2,16,0,16,0
1765628007.138829,1618,2,16,0,16,0
1765628007.155560,1619,2,16,0,16,0
1765628007.171978,1620,2,16,0,16,0
1765628007.188690,1621,2,16,0,16,0
1765628007.204800,1621,2,16,0,16,0
1765628007.221824,1622,2,16,0,16,0
1765628007.239004,1623,2,16,0,16,0
1765628007.256414,1624,2,16,0,16,0
1765628007.272684,1625,2,16,0,16,0
1765628007.288762,1625,2,16,0,16,0
1765628007.305411,1626,2,16,0,16,0
1765628007.322827,1627,2,16,0,16,0
1765628007.339469,1628,2,16,0,16,0
1765628007.356150,1628,2,16,0,16,0
1765628007.373013,1630,2,16,0,16,0
1765628007.390686,1631,2,16,0,16,0
1765628007.407386,1632,2,16,0,16,0
1765628007.424493,1633,2,16,0,16,0
1765628007.441810,1633,2,16,0,16,0
1765628007.459904,1635,2,16,0,16,0
1765628007.476643,1636,2,16,0,16,0
1765628007.492571,1636,2,16,0,16,0
1765628007.508380,1637,2,16,0,16,0
1765628007.524941,1638,2,16,0,16,0
1765628007.541558,1639,2,16,0,16,0
1765628007.557774,1639,2,16,0,16,0
1765628007.616485,1640,2,16,0,16,0
1765628007.634088,1641,2,16,0,16,0
1765628007.650732,1641,2,16,0,16,0
1765628007.672638,1642,2,16,0,16,0
1765628007.686576,1644,2,16,0,16,0
1765628007.703169,1644,2,16,0,16,0
1765628007.719329,1645,2,16,0,16,0
1765628007.736387,1646,2,16,0,16,0
1765628007.753217,1647,2,16,0,16,0
1765628007.769664,1647,2,16,0,16,0
1765628007.785850,1648,2,16,0,16,0
1765628007.802892,1649,2,16,0,16,0
1765628007.819982,1650,2,16,0,16,0
1765628007.836567,1651,2,16,0,16,0
1765628007.853213,1651,2,16,0,16,0
1765628007.870041,1653,2,16,0,16,0
1765628007.886334,1654,2,16,0,16,0
1765628007.902560,1656,2,16,0,16,0
1765628007.919457,1656,2,16,0,16,0
1765628007.935797,1657,2,16,0,16,0
1765628007.951832,1658,2,16,0,16,0
1765628007.969426,1659,2,16,0,16,0
1765628007.986582,1659,2,16,0,16,0
1765628008.002891,1660,2,16,0,16,0
1765628008.020443,1661,2,16,0,16,0
1765628008.036788,1662,2,16,0,16,0
1765628008.053537,1663,2,16,0,16,0
1765628008.069767,1663,2,16,0,16,0
1765628008.087053,1664,2,16,0,16,0
1765628008.103276,1665,2,16,0,16,0
1765628008.119591,1666,2,16,0,16,0
1765628008.136037,1666,2,16,0,16,0
1765628008.152565,1668,2,16,0,16,0
1765628008.258738,1668,2,16,0,16,0
1765628008.284263,1669,2,16,0,16,0
1765628008.301410,1670,2,16,0,16,0
1765628008.317844,1671,2,16,0,16,0
1765628008.334674,1672,2,16,0,16,0
1765628008.351002,1672,2,16,0,16,0
1765628008.368271,1673,2,16,0,16,0
1765628008.385468,1674,2,16,0,16,0
1765628008.401474,1675,2,16,0,16,0
1765628008.418233,1676,2,16,0,16,0
1765628008.434493,1676,2,16,0,16,0
1765628008.451252,1678,2,16,0,16,0
1765628008.467910,1678,2,16,0,16,0
1765628008.485006,1679,2,16,0,16,0
1765628008.501751,1680,2,15,0,15,0
1765628008.518500,1682,2,15,0,15,0
1765628008.534610,1682,2,15,0,15,0
1765628008.551467,1684,2,15,0,15,0
1765628008.568449,1685,2,15,0,15,0
1765628008.584645,1685,2,15,0,15,0
1765628008.601415,1686,2,15,0,15,0
1765628008.617759,1687,2,15,0,15,0
1765628008.634796,1688,2,15,0,15,0
1765628008.652859,1688,2,15,0,15,0
1765628008.669427,1689,2,15,0,15,0
1765628008.684946,1690,2,15,0,15,0
1765628008.701824,1691,2,15,0,15,0
1765628008.718945,1692,2,15,0,15,0
1765628008.735754,1693,2,15,0,15,0
1765628008.752816,1693,2,15,0,15,0
1765628008.770079,1694,2,15,0,15,0
1765628008.786011,1695,2,15,0,15,0
1765628008.802576,1696,2,15,0,15,0
1765628008.818552,1697,2,15,0,15,0
1765628008.835808,1698,2,15,0,15,0
1765628008.852823,1700,2,14,0,14,0
1765628008.870548,1700,2,14,0,14,0
1765628008.887162,1701,2,14,0,14,0
1765628008.903833,1702,2,14,0,14,0
1765628008.920486,1703,2,14,0,14,0
1765628008.937493,1704,2,14,0,14,0
1765628008.954315,1705,2,14,0,14,0
1765628008.972137,1706,2,14,0,14,0
1765628008.988608,1707,2,14,0,14,0
1765628009.006048,1708,2,14,0,14,0
1765628009.022977,1709,2,14,0,14,0
1765628009.039648,1710,2,14,0,14,0
1765628009.056160,1710,2,14,0,14,0
1765628009.073068,1711,2,14,0,14,0
1765628009.089185,1712,2,14,0,14,0
1765628009.105949,1714,2,14,0,14,0
1765628009.122949,1714,2,14,0,14,0
1765628009.139756,1715,2,14,0,14,0
1765628009.157053,1716,2,14,0,14,0
1765628009.174927,1718,2,14,0,14,0
1765628009.192854,1720,2,14,0,14,0
1765628009.210902,1720,2,14,0,14,0
1765628009.227773,1721,2,14,0,14,0
1765628009.244570,1722,2,14,0,14,0
1765628009.260442,1723,2,14,0,14,0
1765628009.276105,1724,2,14,0,14,0
1765628009.292375,1725,2,14,0,14,0
1765628009.309683,1725,2,14,0,14,0
1765628009.325964,1726,2,14,0,14,0
1765628009.343687,1727,2,14,0,14,0
1765628009.359560,1728,2,14,0,14,0
1765628009.376354,1729,2,14,0,14,0
1765628009.392832,1730,2,14,0,14,0
1765628009.409302,1732,2,14,0,14,0
1765628009.425927,1732,2,14,0,14,0
1765628009.442934,1733,2,14,0,14,0
1765628009.459212,1734,2,14,0,14,0
1765628009.475291,1735,2,14,0,14,0
1765628009.491569,1736,2,14,0,14,0
1765628009.508443,1737,2,14,0,14,0
1765628009.525077,1738,2,14,0,14,0
1765628009.540957,1739,2,14,0,14,0
1765628009.556884,1739,2,14,0,14,0
1765628009.574690,1740,2,14,0,14,0
1765628009.590311,1741,2,14,0,14,0
1765628009.606511,1742,2,14,0,14,0
1765628009.622044,1742,2,14,0,14,0
1765628009.638536,1743,2,14,0,14,0
1765628009.654587,1744,2,15,0,15,0
1765628009.671153,1745,2,15,0,15,0
1765628009.687982,1746,2,15,0,15,0
1765628009.704938,1747,2,15,0,15,0
1765628009.721303,1748,2,15,0,15,0
1765628009.737966,1748,2,15,0,15,0
1765628009.754991,1750,2,15,0,15,0
1765628009.771628,1750,2,15,0,15,0
1765628009.788268,1751,2,15,0,15,0
1765628009.805419,1752,2,15,0,15,0
1765628009.821180,1753,2,15,0,15,0
1765628009.837433,1754,2,15,0,15,0
1765628009.853690,1755,2,15,0,15,0
1765628009.870924,1755,2,15,0,15,0
1765628009.887521,1756,2,15,0,15,0
1765628009.903415,1757,2,15,0,15,0
1765628009.920415,1758,2,15,0,15,0
1765628009.936089,1759,2,15,0,15,0
1765628009.952577,1759,2,15,0,15,0
1765628009.968328,1760,2,15,0,15,0
1765628009.984440,1761,2,15,0,15,0
1765628010.001082,1762,2,16,0,16,0
1765628010.018202,1762,2,16,0,16,0
1765628010.035790,1763,2,16,0,16,0
1765628010.052407,1764,2,16,0,16,0
1765628010.068464,1765,2,16,0,16,0
1765628010.084874,1766,2,16,0,16,0
1765628010.101330,1767,2,16,0,16,0
1765628010.117252,1767,2,16,0,16,0
1765628010.134163,1768,2,16,0,16,0
1765628010.150592,1769,2,16,0,16,0
1765628010.166914,1770,2,16,0,16,0
1765628010.183990,1771,2,16,0,16,0
1765628010.199936,1771,2,16,0,16,0
1765628010.216057,1773,2,16,0,16,0
1765628010.232999,1774,2,16,0,16,0
1765628010.249581,1775,2,16,0,16,0
1765628010.265093,1776,2,16,0,16,0
1765628010.281684,1777,2,16,0,16,0
1765628010.297516,1778,2,16,0,16,0
1765628010.314191,1779,2,16,0,16,0
1765628010.330758,1780,2,16,0,16,0
1765628010.348153,1781,2,16,0,16,0
1765628010.364484,1781,2,16,0,16,0
1765628010.381197,1783,2,16,0,16,0
1765628010.397505,1783,2,16,0,16,0
1765628010.414105,1784,2,16,0,16,0
1765628010.430332,1785,2,16,0,16,0
1765628010.446991,1786,2,16,0,16,0
1765628010.463390,1787,2,16,0,16,0
1765628010.480189,1788,2,16,0,16,0
1765628010.497239,1789,2,16,0,16,0
1765628010.514198,1790,2,16,0,16,0
1765628010.530243,1791,2,16,0,16,0
1765628010.546777,1792,2,16,0,16,0
1765628010.562992,1793,2,16,0,16,0
1765628010.579251,1793,2,16,0,16,0
1765628010.595299,1794,2,16,0,16,0
1765628010.611926,1795,2,16,0,16,0
1765628010.628518,1796,2,16,0,16,0
1765628010.644078,1797,2,16,0,16,0
1765628010.660056,1798,2,16,0,16,0
1765628010.677196,1799,2,16,0,16,0
1765628010.693452,1800,2,16,0,16,0
1765628010.709646,1800,2,16,0,16,0
1765628010.726161,1801,2,16,0,16,0
1765628010.743189,1802,2,16,0,16,0
1765628010.759173,1803,2,16,0,16,0
1765628010.775930,1803,2,16,0,16,0
1765628010.792626,1804,2,16,0,16,0
1765628010.808271,1805,2,16,0,16,0
1765628010.824213,1806,2,16,0,16,0
1765628010.840748,1807,2,16,0,16,0
1765628010.857205,1808,2,16,0,16,0
1765628010.873563,1809,2,16,0,16,0
1765628010.889615,1811,2,16,0,16,0
1765628010.905782,1812,2,16,0,16,0
1765628010.923395,1813,2,16,0,16,0
1765628010.939035,1813,2,16,0,16,0
1765628010.955536,1815,2,17,0,17,0
1765628010.971625,1815,2,17,0,17,0
1765628010.987063,1816,2,17,0,17,0
1765628011.003608,1817,2,17,0,17,0
1765628011.019766,1818,2,17,0,17,0
1765628011.037449,1818,2,17,0,17,0
1765628011.053708,1819,2,17,0,17,0
1765628011.069900,1820,2,17,0,17,0
1765628011.087734,1821,2,17,0,17,0
1765628011.105202,1822,2,17,0,17,0
1765628011.122112,1822,2,17,0,17,0
1765628011.139049,1824,2,17,0,17,0
1765628011.155703,1824,2,17,0,17,0
1765628011.173189,1825,2,17,0,17,0
1765628011.190141,1827,2,17,0,17,0
1765628011.206841,1828,2,17,0,17,0
1765628011.224943,1829,2,17,0,17,0
1765628011.241745,1829,2,17,0,17,0
1765628011.258066,1830,2,17,0,17,0
1765628011.274719,1831,2,17,0,17,0
1765628011.291968,1832,2,17,0,17,0
1765628011.308258,1833,2,17,0,17,0
1765628011.325479,1833,2,17,0,17,0
1765628011.341531,1834,2,17,0,17,0
1765628011.358283,1835,2,17,0,17,0
1765628011.375044,1836,2,17,0,17,0
1765628011.391861,1837,2,17,0,17,0
1765628011.408405,1838,2,17,0,17,0
1765628011.425724,1839,2,17,0,17,0
1765628011.441486,1839,2,17,0,17,0
1765628011.457925,1841,2,17,0,17,0
1765628011.475032,1841,2,17,0,17,0
1765628011.491990,1842,2,17,0,17,0
1765628011.509137,1843,2,17,0,17,0
1765628011.526133,1844,2,17,0,17,0
1765628011.542624,1845,2,17,0,17,0
1765628011.558809,1845,2,17,0,17,0
1765628011.576210,1847,2,17,0,17,0
1765628011.592791,1847,2,17,0,17,0
1765628011.609477,1848,2,17,0,17,0
1765628011.625613,1849,2,17,0,17,0
1765628011.641879,1850,2,17,0,17,0
1765628011.658765,1850,2,17,0,17,0
1765628011.675268,1851,2,17,0,17,0
1765628011.692469,1852,2,17,0,17,0
1765628011.708133,1853,2,17,0,17,0
1765628011.724288,1854,2,17,0,17,0
1765628011.741506,1854,2,17,0,17,0
1765628011.757778,1855,2,17,0,17,0
1765628011.774160,1856,2,17,0,17,0
1765628011.792222,1857,2,17,0,17,0
1765628011.809633,1858,2,17,0,17,0
1765628011.825331,1859,2,17,0,17,0
1765628011.841074,1860,2,17,0,17,0
1765628011.857502,1861,2,17,0,17,0
1765628011.874409,1861,2,17,0,17,0
1765628011.891381,1862,2,17,0,17,0
1765628011.908206,1863,2,17,0,17,0
1765628011.925131,1864,2,17,0,17,0
1765628011.941429,1865,2,17,0,17,0
1765628011.957413,1865,2,17,0,17,0
1765628011.973192,1866,2,17,0,17,0
1765628011.989526,1867,2,17,0,17,0
1765628012.005575,1868,2,17,0,17,0
1765628012.022705,1868,2,17,0,17,0
1765628012.038873,1869,2,17,0,17,0
1765628012.055896,1870,2,17,0,17,0
1765628012.072761,1871,2,17,0,17,0
1765628012.089265,1872,2,17,0,17,0
1765628012.105899,1873,2,17,0,17,0
1765628012.122262,1874,2,16,0,16,0
1765628012.139013,1874,2,16,0,16,0
1765628012.156352,1875,2,16,0,16,0
1765628012.173331,1876,2,16,0,16,0
1765628012.189116,1877,2,16,0,16,0
1765628012.205694,1877,2,16,0,16,0
1765628012.221550,1879,2,16,0,16,0
1765628012.237540,1879,2,16,0,16,0
1765628012.253669,1880,2,16,0,16,0
1765628012.269809,1881,2,16,0,16,0
1765628012.286146,1882,2,16,0,16,0
1765628012.302713,1883,2,16,0,16,0
1765628012.318395,1883,2,16,0,16,0
1765628012.334445,1884,2,16,0,16,0
1765628012.351411,1885,2,16,0,16,0
1765628012.368142,1886,2,16,0,16,0
1765628012.386161,1887,2,16,0,16,0
1765628012.403074,1888,2,16,0,16,0
1765628012.419199,1888,2,16,0,16,0
1765628012.436130,1889,2,16,0,16,0
1765628012.453813,1890,2,16,0,16,0
1765628012.470898,1891,2,16,0,16,0
1765628012.487732,1892,2,16,0,16,0
1765628012.503589,1892,2,16,0,16,0
1765628012.520263,1893,2,16,0,16,0
1765628012.535815,1894,2,16,0,16,0
1765628012.553391,1895,2,15,0,15,0
1765628012.569993,1896,2,15,0,15,0
1765628012.586664,1897,2,15,0,15,0
1765628012.603138,1898,2,15,0,15,0
1765628012.620205,1899,2,15,0,15,0
1765628012.636153,1901,2,15,0,15,0
1765628012.653908,1902,2,15,0,15,0
1765628012.670650,1903,2,15,0,15,0
1765628012.686921,1903,2,15,0,15,0
1765628012.703373,1904,2,15,0,15,0
1765628012.719553,1905,2,15,0,15,0
1765628012.736279,1906,2,15,0,15,0
1765628012.752617,1906,2,15,0,15,0
1765628012.768052,1907,2,15,0,15,0
1765628012.784920,1908,2,15,0,15,0
1765628012.801010,1909,2,15,0,15,0
1765628012.817570,1910,2,15,0,15,0
1765628012.834136,1911,2,15,0,15,0
1765628012.850813,1912,2,15,0,15,0
1765628012.867409,1912,2,15,0,15,0
1765628012.884331,1913,2,15,0,15,0
1765628012.900804,1914,2,15,0,15,0
1765628012.917735,1916,2,15,0,15,0
1765628012.934819,1917,2,15,0,15,0
1765628012.951856,1918,2,15,0,15,0
1765628012.969184,1918,2,15,0,15,0
1765628012.986125,1919,2,15,0,15,0
1765628013.002179,1920,2,15,0,15,0
1765628013.018888,1921,2,15,0,15,0
1765628013.036229,1922,2,15,0,15,0
1765628013.053567,1922,2,15,0,15,0
1765628013.069504,1923,2,15,0,15,0
1765628013.086258,1924,2,15,0,15,0
1765628013.102709,1925,2,15,0,15,0
1765628013.119321,1925,2,15,0,15,0
1765628013.135823,1927,2,15,0,15,0
1765628013.152429,1928,2,16,0,16,0
1765628013.169672,1929,2,16,0,16,0
1765628013.185619,1930,2,16,0,16,0
1765628013.202456,1930,2,16,0,16,0
1765628013.218834,1931,2,16,0,16,0
1765628013.236204,1932,2,16,0,16,0
1765628013.253622,1933,2,16,0,16,0
1765628013.269840,1934,2,16,0,16,0
1765628013.286090,1934,2,16,0,16,0
1765628013.303096,1935,2,16,0,16,0
1765628013.319867,1936,2,16,0,16,0
1765628013.336805,1937,2,16,0,16,0
1765628013.353531,1937,2,16,0,16,0
1765628013.369442,1938,2,16,0,16,0
1765628013.385720,1939,2,16,0,16,0
1765628013.402817,1941,2,16,0,16,0
1765628013.419339,1941,2,16,0,16,0
1765628013.436253,1942,2,16,0,16,0
1765628013.452863,1943,2,16,0,16,0
1765628013.471466,1944,2,16,0,16,0
1765628013.487686,1945,2,16,0,16,0
1765628013.503838,1945,2,16,0,16,0
1765628013.520706,1946,2,16,0,16,0
1765628013.536229,1947,2,16,0,16,0
1765628013.552258,1948,2,16,0,16,0
1765628013.570219,1948,2,16,0,16,0
1765628013.587028,1949,2,16,0,16,0
1765628013.603808,1951,2,16,0,16,0
1765628013.620647,1952,2,16,0,16,0
1765628013.637942,1953,2,16,0,16,0
1765628013.655095,1953,2,16,0,16,0
1765628013.672519,1954,2,16,0,16,0
1765628013.688631,1955,2,16,0,16,0
1765628013.706166,1956,2,16,0,16,0
1765628013.723758,1957,2,16,0,16,0
1765628013.740108,1958,2,16,0,16,0
1765628013.756292,1959,2,16,0,16,0
1765628013.772945,1959,2,16,0,16,0
1765628013.789713,1960,2,16,0,16,0
1765628013.806178,1961,2,15,0,15,0
1765628013.822611,1962,2,15,0,15,0
1765628013.838270,1962,2,15,0,15,0
1765628013.854727,1963,2,15,0,15,0
1765628013.870605,1964,2,15,0,15,0
1765628013.887412,1965,2,15,0,15,0
1765628013.903649,1966,2,15,0,15,0
1765628013.919946,1968,2,15,0,15,0
1765628013.937800,1969,2,15,0,15,0
1765628013.954643,1970,2,15,0,15,0
1765628013.970608,1970,2,15,0,15,0
1765628013.986020,1971,2,15,0,15,0
1765628014.002612,1972,2,15,0,15,0
1765628014.018726,1973,2,15,0,15,0
1765628014.033981,1973,2,15,0,15,0
1765628014.050398,1974,2,15,0,15,0
1765628014.066634,1975,2,15,0,15,0
1765628014.082543,1976,2,15,0,15,0
1765628014.098973,1977,2,15,0,15,0
1765628014.115001,1977,2,15,0,15,0
1765628014.131938,1979,2,15,0,15,0
1765628014.149101,1980,2,15,0,15,0
1765628014.166129,1981,2,15,0,15,0
1765628014.182645,1981,2,15,0,15,0
1765628014.198970,1982,2,15,0,15,0
1765628014.215911,1983,2,15,0,15,0
1765628014.232397,1984,2,15,0,15,0
1765628014.248487,1984,2,15,0,15,0
1765628014.264824,1985,2,15,0,15,0
1765628014.281580,1986,2,15,0,15,0
1765628014.297343,1987,2,15,0,15,0
1765628014.313509,1988,2,15,0,15,0
1765628014.330349,1988,2,15,0,15,0
1765628014.346976,1989,2,15,0,15,0
1765628014.364036,1990,2,15,0,15,0
1765628014.381290,1991,2,15,0,15,0
1765628014.397488,1992,2,15,0,15,0
1765628014.414425,1993,2,15,0,15,0
1765628014.430013,1993,2,15,0,15,0
1765628014.446484,1994,2,15,0,15,0
1765628014.463310,1995,2,15,0,15,0
1765628014.479397,1996,2,15,0,15,0
1765628014.494970,1996,2,15,0,15,0
1765628014.511572,1997,2,15,0,15,0
1765628014.527321,1998,2,16,0,16,0
1765628014.543585,1999,2,16,0,16,0
1765628014.559464,1999,2,16,0,16,0
1765628014.575997,2000,2,16,0,16,0
1765628014.592558,2001,2,16,0,16,0
1765628014.609511,2002,2,16,0,16,0
1765628014.625960,2003,2,16,0,16,0
1765628014.642709,2003,2,16,0,16,0
1765628014.658954,2004,2,16,0,16,0
1765628014.675548,2005,2,16,0,16,0
1765628014.692042,2006,2,16,0,16,0
1765628014.709429,2006,2,16,0,16,0
1765628014.726198,2007,2,16,0,16,0
1765628014.742737,2008,2,16,0,16,0
1765628014.759248,2009,2,16,0,16,0
1765628014.776764,2010,2,16,0,16,0
1765628014.793209,2010,2,16,0,16,0
1765628014.809457,2011,2,16,0,16,0
1765628014.825544,2012,2,16,0,16,0
1765628014.841469,2013,2,16,0,16,0
1765628014.857060,2014,2,16,0,16,0
1765628014.873672,2015,2,16,0,16,0
1765628014.889738,2015,2,16,0,16,0
1765628014.907370,2016,2,16,0,16,0
1765628014.923517,2017,2,16,0,16,0
1765628014.939685,2018,2,16,0,16,0
1765628014.955242,2018,2,16,0,16,0
1765628014.972075,2019,2,17,0,17,0
1765628014.989031,2020,2,17,0,17,0
1765628015.006524,2021,2,17,0,17,0
1765628015.023242,2022,2,17,0,17,0
1765628015.039666,2022,2,17,0,17,0
1765628015.056270,2024,2,17,0,17,0
1765628015.072335,2025,2,17,0,17,0
1765628015.089300,2026,2,17,0,17,0
1765628015.105931,2026,2,17,0,17,0
1765628015.122232,2027,2,17,0,17,0
1765628015.138895,2028,2,17,0,17,0
1765628015.156099,2029,2,17,0,17,0
1765628015.173585,2030,2,17,0,17,0
1765628015.189608,2030,2,17,0,17,0
1765628015.206179,2031,2,17,0,17,0
1765628015.222837,2032,2,17,0,17,0
1765628015.240718,2033,2,17,0,17,0
1765628015.256660,2034,2,17,0,17,0
1765628015.272403,2035,2,17,0,17,0
1765628015.288495,2035,2,17,0,17,0
1765628015.304365,2036,2,17,0,17,0
1765628015.321208,2037,2,17,0,17,0
1765628015.337178,2038,2,17,0,17,0
1765628015.352919,2038,2,17,0,17,0
1765628015.369598,2039,2,17,0,17,0
1765628015.386250,2040,2,17,0,17,0
1765628015.403154,2042,2,17,0,17,0
1765628015.419529,2043,2,17,0,17,0
1765628015.437142,2044,2,17,0,17,0
1765628015.454988,2045,2,17,0,17,0
1765628015.471243,2045,2,17,0,17,0
1765628015.488557,2046,2,17,0,17,0
1765628015.505278,2047,2,17,0,17,0
1765628015.522484,2048,2,17,0,17,0
1765628015.538612,2049,2,17,0,17,0
1765628015.554857,2049,2,17,0,17,0
1765628015.572561,2051,2,17,0,17,0
1765628015.588882,2051,2,17,0,17,0
1765628015.605814,2052,2,17,0,17,0
1765628015.623096,2053,2,17,0,17,0
1765628015.639861,2054,2,17,0,17,0
1765628015.656550,2055,2,17,0,17,0
1765628015.673040,2056,2,17,0,17,0
1765628015.689966,2057,2,17,0,17,0
1765628015.706670,2057,2,17,0,17,0
1765628015.723683,2058,2,17,0,17,0
1765628015.739350,2059,2,17,0,17,0
1765628015.755652,2060,2,17,0,17,0
1765628015.771710,2061,2,17,0,17,0
1765628015.788641,2062,2,17,0,17,0
1765628015.804792,2062,2,17,0,17,0
1765628015.821629,2064,2,17,0,17,0
1765628015.837582,2064,2,17,0,17,0
1765628015.854112,2065,2,17,0,17,0
1765628015.870757,2066,2,17,0,17,0
1765628015.887900,2067,2,17,0,17,0
1765628015.904554,2068,2,17,0,17,0
1765628015.920558,2068,2,17,0,17,0
1765628015.936110,2069,2,17,0,17,0
1765628015.954143,2070,2,17,0,17,0
1765628015.970948,2071,2,17,0,17,0
1765628015.988133,2072,2,17,0,17,0
1765628016.005661,2072,2,17,0,17,0
1765628016.045281,2073,2,17,0,17,0
1765628016.063349,2074,2,17,0,17,0
1765628016.079491,2075,2,17,0,17,0
1765628016.096365,2077,2,17,0,17,0
1765628016.113098,2077,2,17,0,17,0
1765628016.129463,2078,2,17,0,17,0
1765628016.146001,2079,2,17,0,17,0
1765628016.163416,2080,2,17,0,17,0
1765628016.179910,2081,2,17,0,17,0
1765628016.195941,2081,2,17,0,17,0
1765628016.213091,2082,2,17,0,17,0
1765628016.229987,2083,2,17,1,17,1
1765628016.246460,2084,2,17,1,17,1
1765628016.263270,2084,2,17,1,17,1
1765628016.279437,2085,2,17,1,17,1
1765628016.295857,2086,2,17,1,17,1
1765628016.312696,2087,2,17,1,17,1
1765628016.329060,2088,2,17,1,17,1
1765628016.345302,2089,2,17,1,17,1
1765628016.362356,2090,2,17,1,17,1
1765628016.379093,2091,2,17,1,17,1
1765628016.396515,2092,2,17,1,17,1
1765628016.412564,2092,2,17,1,17,1
1765628016.428261,2093,2,17,1,17,1
1765628016.445012,2094,2,17,1,17,1
1765628016.461691,2095,2,17,1,17,1
1765628016.477561,2096,2,17,1,17,1
1765628016.493008,2097,2,17,1,17,1
1765628016.510273,2097,2,17,1,17,1
1765628016.526304,2098,2,17,1,17,1
1765628016.543130,2099,2,17,1,17,1
1765628016.559608,2100,2,17,1,17,1
1765628016.575322,2101,2,17,1,17,1
1765628016.592029,2102,2,17,1,17,1
1765628016.609746,2103,2,17,1,17,1
1765628016.626515,2104,2,17,1,17,1
1765628016.643303,2105,2,17,1,17,1
1765628016.660507,2105,2,17,1,17,1
1765628016.677575,2106,2,17,1,17,1
1765628016.693500,2107,2,17,1,17,1
1765628016.709906,2108,2,17,1,17,1
1765628016.727714,2109,2,17,1,17,1
1765628016.743200,2109,2,17,1,17,1
1765628016.760061,2110,2,17,1,17,1
1765628016.777861,2111,2,17,1,17,1
1765628016.795277,2112,2,17,1,17,1
1765628016.811698,2113,2,17,1,17,1
1765628016.827935,2115,2,17,1,17,1
1765628016.844313,2116,2,17,1,17,1
1765628016.860981,2117,2,17,1,17,1
1765628016.877207,2117,2,17,1,17,1
1765628016.893249,2118,2,17,1,17,1
1765628016.909517,2119,2,17,1,17,1
1765628016.926348,2120,2,16,1,16,1
1765628016.942171,2120,2,16,1,16,1
1765628016.959094,2122,2,16,1,16,1
1765628016.975008,2122,2,16,1,16,1
1765628016.991639,2123,2,16,1,16,1
1765628017.008300,2125,2,16,1,16,1
1765628017.025737,2125,2,16,1,16,1
1765628017.043258,2126,2,16,1,16,1
1765628017.059989,2127,2,16,1,16,1
1765628017.077455,2128,2,16,1,16,1
1765628017.093149,2128,2,16,1,16,1
1765628017.110466,2129,2,16,1,16,1
1765628017.126825,2130,2,16,1,16,1
1765628017.143998,2131,2,16,1,16,1
1765628017.161116,2132,2,16,1,16,1
1765628017.176890,2133,2,16,1,16,1
1765628017.193788,2134,2,16,1,16,1
1765628017.210848,2135,2,16,1,16,1
1765628017.227654,2136,2,16,1,16,1
1765628017.243513,2136,2,16,1,16,1
1765628017.259990,2137,2,16,1,16,1
1765628017.276914,2138,2,16,1,16,1
1765628017.294466,2140,2,16,1,16,1
1765628017.311368,2141,2,16,1,16,1
1765628017.327299,2142,2,16,1,16,1
1765628017.344628,2143,2,16,1,16,1
1765628017.360606,2144,2,16,1,16,1
1765628017.376244,2144,2,16,1,16,1
1765628017.392164,2145,2,16,1,16,1
1765628017.409139,2146,2,16,1,16,1
1765628017.426183,2147,2,16,1,16,1
1765628017.443326,2148,2,16,1,16,1
1765628017.460237,2149,2,16,1,16,1
1765628017.476878,2150,2,16,1,16,1
1765628017.494645,2151,2,16,1,16,1
1765628017.510963,2152,2,16,1,16,1
1765628017.527184,2153,2,16,1,16,1
1765628017.544047,2154,2,16,2,16,2
1765628017.561107,2155,2,16,2,16,2
1765628017.578404,2156,2,16,2,16,2
1765628017.594251,2157,2,16,2,16,2
1765628017.611205,2158,2,16,2,16,2
1765628017.628018,2159,2,16,2,16,2
1765628017.644390,2159,2,16,2,16,2
1765628017.661595,2160,2,16,2,16,2
1765628017.677654,2161,2,16,2,16,2
1765628017.694326,2162,2,16,2,16,2
1765628017.711229,2163,2,16,2,16,2
1765628017.728781,2163,2,16,2,16,2
1765628017.745270,2164,2,16,2,16,2
1765628017.762295,2165,2,16,2,16,2
1765628017.778476,2166,2,16,2,16,2
1765628017.796055,2167,2,16,2,16,2
1765628017.814243,2168,2,16,2,16,2
1765628017.830751,2169,2,16,2,16,2
1765628017.847650,2170,2,16,2,16,2
1765628017.863150,2171,2,16,2,16,2
1765628017.880246,2172,2,16,2,16,2
1765628017.896975,2173,2,16,2,16,2
1765628017.913486,2174,2,16,2,16,2
1765628017.929019,2175,2,16,2,16,2
1765628017.945906,2175,2,16,2,16,2
1765628017.962741,2177,2,16,2,16,2
1765628017.978643,2178,2,16,2,16,2
1765628017.994972,2179,2,16,2,16,2
1765628018.011865,2179,2,16,2,16,2
1765628018.028800,2181,2,16,2,16,2
1765628018.046173,2181,2,16,2,16,2
1765628018.062637,2182,2,16,2,16,2
1765628018.079525,2183,2,16,2,16,2
1765628018.095457,2184,2,16,2,16,2
1765628018.111287,2185,2,16,2,16,2
1765628018.127317,2186,2,16,2,16,2
1765628018.143899,2186,2,16,2,16,2
1765628018.160506,2187,2,16,2,16,2
1765628018.176819,2188,2,16,2,16,2
1765628018.194371,2189,2,16,2,16,2
1765628018.212210,2190,2,16,2,16,2
1765628018.229237,2190,2,16,2,16,2
1765628018.245987,2191,2,16,2,16,2
1765628018.262874,2192,2,16,2,16,2
1765628018.279346,2193,2,16,2,16,2
1765628018.295741,2194,2,16,2,16,2
1765628018.313178,2195,2,16,2,16,2
1765628018.329359,2196,2,16,2,16,2
1765628018.345961,2196,2,16,2,16,2
1765628018.362714,2197,2,16,2,16,2
1765628018.379066,2198,2,16,2,16,2
1765628018.395989,2199,2,16,2,16,2
1765628018.413171,2199,2,16,2,16,2
1765628018.429033,2201,2,16,2,16,2
1765628018.445854,2201,2,16,2,16,2
1765628018.461831,2202,2,16,2,16,2
1765628018.478267,2203,2,16,2,16,2
1765628018.494546,2204,2,16,2,16,2
1765628018.510093,2204,2,16,2,16,2
1765628018.526975,2205,2,16,2,16,2
1765628018.544526,2206,2,16,2,16,2
1765628018.560615,2207,2,16,2,16,2
1765628018.576701,2208,2,16,2,16,2
1765628018.592758,2208,2,16,2,16,2
1765628018.609885,2210,2,16,2,16,2
1765628018.627855,2210,2,16,2,16,2
1765628018.644861,2212,2,16,2,16,2
1765628018.662228,2213,2,16,2,16,2
1765628018.678814,2213,2,16,2,16,2
1765628018.695969,2215,2,16,2,16,2
1765628018.713581,2216,2,16,2,16,2
1765628018.730668,2217,2,16,2,16,2
1765628018.747623,2218,2,16,2,16,2
1765628018.763684,2219,2,16,2,16,2
1765628018.780349,2220,2,16,2,16,2
1765628018.797195,2220,2,16,2,16,2
1765628018.813143,2221,2,16,2,16,2
1765628018.831181,2222,2,16,2,16,2
1765628018.848274,2223,2,16,2,16,2
1765628018.864640,2223,2,16,2,16,2
1765628018.880501,2224,2,16,2,16,2
1765628018.896199,2225,2,16,2,16,2
1765628018.913655,2226,2,16,2,16,2
1765628018.930330,2227,2,16,2,16,2
1765628018.947471,2228,2,16,2,16,2
1765628018.963418,2229,2,16,2,16,2
1765628018.978954,2230,2,16,2,16,2
1765628018.995923,2231,2,16,2,16,2
1765628019.012767,2232,2,16,2,16,2
1765628019.029424,2233,2,16,2,16,2
1765628019.046029,2234,2,16,2,16,2
1765628019.063404,2235,2,16,1,16,1
1765628019.079701,2235,2,16,1,16,1
1765628019.097196,2236,2,16,1,16,1
1765628019.114586,2238,2,16,1,16,1
1765628019.130313,2238,2,16,1,16,1
1765628019.146147,2239,2,16,1,16,1
1765628019.162532,2240,2,16,1,16,1
1765628019.179058,2241,2,16,1,16,1
1765628019.196186,2241,2,16,1,16,1
1765628019.212503,2242,2,16,1,16,1
1765628019.229003,2243,2,16,1,16,1
1765628019.246267,2244,2,16,1,16,1
1765628019.262323,2245,2,16,1,16,1
1765628019.278933,2246,2,16,1,16,1
1765628019.296044,2247,2,16,1,16,1
1765628019.312098,2247,2,16,1,16,1
1765628019.329532,2248,2,16,1,16,1
1765628019.346149,2249,2,16,1,16,1
1765628019.362640,2250,2,16,1,16,1
1765628019.378838,2250,2,16,1,16,1
1765628019.396118,2252,2,16,1,16,1
1765628019.413265,2253,2,16,1,16,1
1765628019.430242,2254,2,16,1,16,1
1765628019.447576,2255,2,16,1,16,1
1765628019.464247,2256,2,16,1,16,1
1765628019.480839,2257,2,16,1,16,1
1765628019.497695,2258,2,16,1,16,1
1765628019.515217,2259,2,16,1,16,1
1765628019.531219,2259,2,16,1,16,1
1765628019.547390,2260,2,16,1,16,1
1765628019.564944,2261,2,16,1,16,1
1765628019.581830,2262,2,16,1,16,1
1765628019.599402,2263,2,16,1,16,1
1765628019.615318,2264,2,16,1,16,1
1765628019.631711,2265,2,16,1,16,1
1765628019.647089,2265,2,16,1,16,1
1765628019.663979,2266,2,16,1,16,1
1765628019.681724,2267,2,16,1,16,1
1765628019.698594,2268,2,16,1,16,1
1765628019.715226,2268,2,16,1,16,1
1765628019.732200,2269,2,16,1,16,1
1765628019.749356,2270,2,16,1,16,1
1765628019.766112,2271,2,17,1,17,1
1765628019.782045,2272,2,17,1,17,1
1765628019.798862,2272,2,17,1,17,1
1765628019.815335,2273,2,17,1,17,1
1765628019.830959,2274,2,17,1,17,1
1765628019.848365,2275,2,17,1,17,1
1765628019.864856,2275,2,17,1,17,1
1765628019.882710,2276,2,17,1,17,1
1765628019.898875,2278,2,17,1,17,1
1765628019.915453,2278,2,17,1,17,1
1765628019.932223,2279,2,17,1,17,1
1765628019.949300,2280,2,17,1,17,1
1765628019.966334,2281,2,17,1,17,1
1765628019.982374,2281,2,17,1,17,1
1765628019.998750,2282,2,17,1,17,1
1765628020.015737,2284,2,17,1,17,1
1765628020.032982,2285,2,17,1,17,1
1765628020.049864,2286,2,17,1,17,1
1765628020.066658,2287,2,17,1,17,1
1765628020.082272,2288,2,17,1,17,1
1765628020.098520,2289,2,17,1,17,1
1765628020.114844,2290,2,17,1,17,1
1765628020.131069,2290,2,17,1,17,1
1765628020.148135,2291,2,17,1,17,1
1765628020.164207,2292,2,17,2,17,2
1765628020.180324,2294,2,17,2,17,2
1765628020.196250,2294,2,17,2,17,2
1765628020.212859,2295,2,17,2,17,2
1765628020.229713,2296,2,17,2,17,2
1765628020.246094,2297,2,17,2,17,2
1765628020.263537,2297,2,17,2,17,2
1765628020.279640,2299,2,17,2,17,2
1765628020.296192,2299,2,17,2,17,2
1765628020.312969,2300,2,17,2,17,2
1765628020.330238,2301,2,17,2,17,2
1765628020.346409,2302,2,17,2,17,2
1765628020.363249,2303,2,17,2,17,2
1765628020.380896,2303,2,17,2,17,2
1765628020.397980,2304,2,17,2,17,2
1765628020.415551,2305,2,17,2,17,2
1765628020.431820,2306,2,17,2,17,2
1765628020.448944,2307,2,17,2,17,2
1765628020.466350,2308,2,17,2,17,2
1765628020.482797,2309,2,17,2,17,2
1765628020.499215,2309,2,17,2,17,2
1765628020.515958,2310,2,17,2,17,2
1765628020.531980,2311,2,17,2,17,2
1765628020.549046,2312,2,16,2,16,2
1765628020.566046,2313,2,16,2,16,2
1765628020.582985,2315,2,16,2,16,2
1765628020.600065,2316,2,16,2,16,2
1765628020.616474,2317,2,16,2,16,2
1765628020.632785,2317,2,16,2,16,2
1765628020.649962,2318,2,16,2,16,2
1765628020.666357,2319,2,16,2,16,2
1765628020.682166,2320,2,16,2,16,2
1765628020.698768,2321,2,16,2,16,2
1765628020.715951,2321,2,16,2,16,2
1765628020.733323,2322,2,16,2,16,2
1765628020.750535,2323,2,16,2,16,2
1765628020.766742,2324,2,16,2,16,2
1765628020.784475,2325,2,16,2,16,2
1765628020.800900,2326,2,16,2,16,2
1765628020.817551,2327,2,16,2,16,2
1765628020.833239,2328,2,16,2,16,2
1765628020.849195,2329,2,16,2,16,2
1765628020.866234,2330,2,16,2,16,2
1765628020.883361,2331,2,16,2,16,2
1765628020.899462,2331,2,16,2,16,2
1765628020.916315,2332,2,16,2,16,2
1765628020.932152,2333,2,16,2,16,2
1765628020.948821,2334,2,16,2,16,2
1765628020.966390,2335,2,16,2,16,2
1765628020.982862,2335,2,16,2,16,2
1765628020.999433,2336,2,16,2,16,2
1765628021.015549,2337,2,16,2,16,2
1765628021.032252,2338,2,16,2,16,2
1765628021.049113,2338,2,16,2,16,2
1765628021.066403,2340,2,16,2,16,2
1765628021.082547,2341,2,16,2,16,2
1765628021.098995,2342,2,16,2,16,2
1765628021.115401,2343,2,16,2,16,2
1765628021.132233,2344,2,16,2,16,2
1765628021.148384,2344,2,16,2,16,2
1765628021.164968,2345,2,16,2,16,2
1765628021.181468,2346,2,16,2,16,2
1765628021.197756,2347,2,16,2,16,2
1765628021.215075,2348,2,16,2,16,2
1765628021.232732,2348,2,16,2,16,2
1765628021.249221,2349,2,16,2,16,2
1765628021.265681,2350,2,16,2,16,2
1765628021.281370,2351,2,16,2,16,2
1765628021.297428,2351,2,16,2,16,2
1765628021.314041,2353,2,16,2,16,2
1765628021.330962,2354,2,16,2,16,2
1765628021.348265,2355,2,16,2,16,2
1765628021.364349,2356,2,16,2,16,2
1765628021.380459,2356,2,16,2,16,2
1765628021.397208,2357,2,16,2,16,2
1765628021.413307,2358,2,16,2,16,2
1765628021.429589,2359,2,16,2,16,2
1765628021.446055,2359,2,16,2,16,2
1765628021.463264,2360,2,16,2,16,2
1765628021.480176,2361,2,16,2,16,2
1765628021.496271,2362,2,16,2,16,2
1765628021.512881,2363,2,16,2,16,2
1765628021.529343,2363,2,16,2,16,2
1765628021.546244,2364,2,16,2,16,2
1765628021.562189,2365,2,16,2,16,2
1765628021.579389,2366,2,16,2,16,2
1765628021.596190,2366,2,16,2,16,2
1765628021.613363,2367,2,16,2,16,2
1765628021.629579,2368,2,16,2,16,2
1765628021.645014,2369,2,16,2,16,2
1765628021.662163,2370,2,15,2,15,2
1765628021.679381,2371,2,15,2,15,2
1765628021.696232,2372,2,15,2,15,2
1765628021.712909,2372,2,15,2,15,2
1765628021.730159,2373,2,15,2,15,2
1765628021.746327,2374,2,15,2,15,2
1765628021.762954,2375,2,15,2,15,2
1765628021.780710,2376,2,15,2,15,2
1765628021.796894,2376,2,15,2,15,2
1765628021.814749,2378,2,15,2,15,2
1765628021.830837,2378,2,15,2,15,2
1765628021.847517,2379,2,15,2,15,2
1765628021.864581,2381,2,15,2,15,2
1765628021.881019,2382,2,15,2,15,2
1765628021.897220,2382,2,15,2,15,2
1765628021.914342,2383,2,15,2,15,2
1765628021.931962,2384,2,15,2,15,2
1765628021.949574,2385,2,15,2,15,2
1765628021.966414,2386,2,15,2,15,2
1765628021.982441,2386,2,15,2,15,2
1765628021.999009,2388,2,15,2,15,2
1765628022.016045,2388,2,15,2,15,2
1765628022.033304,2389,2,15,2,15,2
1765628022.050848,2390,2,15,2,15,2
1765628022.067194,2391,2,15,2,15,2
1765628022.083874,2392,2,15,2,15,2
1765628022.102383,2393,2,15,2,15,2
1765628022.118598,2394,2,15,2,15,2
1765628022.135197,2395,2,15,2,15,2
1765628022.152349,2396,2,15,2,15,2
1765628022.168875,2396,2,15,2,15,2
1765628022.185796,2397,2,15,2,15,2
1765628022.203247,2398,2,15,2,15,2
1765628022.220118,2399,2,15,2,15,2
1765628022.236413,2400,2,15,2,15,2
1765628022.253311,2400,2,15,2,15,2
1765628022.270189,2401,2,15,2,15,2
1765628022.287143,2402,2,15,2,15,2
1765628022.304099,2403,2,15,2,15,2
1765628022.321255,2404,2,15,2,15,2
1765628022.338331,2405,2,15,2,15,2
1765628022.355000,2406,2,15,2,15,2
1765628022.371293,2407,2,15,2,15,2
1765628022.388500,2409,2,15,2,15,2
1765628022.405038,2409,2,15,2,15,2
1765628022.421479,2410,2,15,2,15,2
1765628022.437600,2411,2,15,2,15,2
1765628022.454331,2412,2,15,2,15,2
1765628022.471225,2413,2,15,2,15,2
1765628022.488735,2413,2,15,2,15,2
1765628022.505075,2414,2,15,2,15,2
1765628022.522102,2415,2,15,2,15,2
1765628022.538508,2416,2,15,2,15,2
1765628022.554979,2417,2,15,2,15,2
1765628022.571156,2418,2,15,2,15,2
1765628022.588591,2419,2,15,2,15,2
1765628022.605049,2420,2,15,2,15,2
1765628022.621891,2421,2,15,2,15,2
1765628022.638712,2422,2,15,2,15,2
1765628022.654671,2423,2,15,2,15,2
1765628022.671045,2423,2,15,2,15,2
1765628022.687799,2424,2,15,2,15,2
1765628022.705145,2425,2,15,2,15,2
1765628022.722338,2426,2,15,2,15,2
1765628022.738227,2426,2,15,2,15,2
1765628022.755011,2427,2,15,2,15,2
1765628022.772229,2428,2,15,2,15,2
1765628022.788309,2429,2,15,2,15,2
1765628022.805231,2430,2,15,2,15,2
1765628022.822840,2431,2,15,2,15,2
1765628022.840229,2432,2,15,2,15,2
1765628022.857094,2433,2,15,2,15,2
1765628022.873380,2435,2,15,2,15,2
1765628022.889967,2435,2,15,2,15,2
1765628022.907397,2437,2,15,2,15,2
1765628022.923820,2438,2,15,2,15,2
1765628022.940430,2439,2,15,2,15,2
1765628022.957196,2440,2,15,2,15,2
1765628022.974745,2442,2,15,2,15,2
1765628022.991824,2442,2,15,2,15,2
1765628023.009212,2443,2,15,2,15,2
1765628023.026377,2444,2,15,2,15,2
1765628023.042815,2445,2,15,2,15,2
1765628023.060441,2446,2,15,2,15,2
1765628023.076633,2446,2,15,2,15,2
1765628023.093437,2447,2,15,2,15,2
1765628023.110420,2448,2,15,2,15,2
1765628023.126216,2449,2,15,2,15,2
1765628023.142662,2450,2,15,2,15,2
1765628023.158816,2451,2,15,2,15,2
1765628023.175643,2451,2,15,2,15,2
1765628023.191215,2452,2,15,3,15,3
1765628023.207434,2453,2,15,3,15,3
1765628023.223519,2455,2,15,3,15,3
1765628023.307410,2455,2,15,3,15,3
1765628023.325468,2456,2,15,3,15,3
1765628023.342873,2456,2,15,3,15,3
1765628023.359365,2459,2,15,3,15,3
1765628023.379306,2460,2,15,3,15,3
1765628023.405052,2460,2,15,3,15,3
1765628023.421244,2461,2,15,3,15,3
1765628023.438955,2463,2,15,3,15,3
1765628023.455461,2464,2,15,3,15,3
1765628023.471077,2465,2,15,3,15,3
1765628023.487990,2466,2,15,3,15,3
1765628023.504764,2467,2,15,3,15,3
1765628023.522478,2468,2,15,3,15,3
1765628023.538749,2469,2,15,3,15,3
1765628023.556610,2470,2,15,3,15,3
1765628023.574137,2471,2,15,3,15,3
1765628023.590662,2473,2,15,3,15,3
1765628023.607338,2473,2,15,3,15,3
1765628023.623128,2475,2,15,3,15,3
1765628023.641067,2475,2,15,3,15,3
1765628023.657755,2476,2,15,3,15,3
1765628023.674908,2477,2,15,3,15,3
1765628023.692268,2478,2,15,3,15,3
1765628023.708505,2479,2,15,3,15,3
1765628023.724479,2480,2,15,3,15,3
1765628023.740850,2481,2,15,3,15,3
1765628023.757736,2482,2,15,3,15,3
1765628023.774470,2483,2,15,3,15,3
1765628023.791103,2483,2,15,3,15,3
1765628023.807308,2484,2,15,3,15,3
1765628023.823356,2485,2,15,3,15,3
1765628023.839472,2486,2,15,3,15,3
1765628023.856369,2487,2,15,3,15,3
1765628023.872767,2488,2,15,3,15,3
1765628023.889948,2489,2,15,3,15,3
1765628023.907032,2489,2,15,3,15,3
1765628023.924668,2491,2,15,3,15,3
1765628023.941435,2492,2,15,3,15,3
1765628023.957956,2493,2,15,3,15,3
1765628023.975199,2494,2,15,3,15,3
1765628023.991043,2495,2,15,3,15,3
1765628024.007621,2496,2,15,3,15,3
1765628024.023137,2498,2,15,3,15,3
1765628024.040016,2498,2,15,3,15,3
1765628024.057275,2499,2,15,3,15,3
1765628024.073253,2500,2,15,3,15,3
1765628024.089982,2501,2,15,3,15,3
1765628024.106307,2502,2,15,3,15,3
1765628024.122297,2502,2,15,3,15,3
1765628024.138794,2503,2,15,3,15,3
1765628024.156209,2504,2,15,3,15,3
1765628024.173053,2505,2,15,3,15,3
1765628024.189386,2505,2,15,3,15,3
1765628024.206492,2506,2,15,3,15,3
1765628024.223116,2507,2,15,3,15,3
1765628024.240324,2508,2,15,3,15,3
1765628024.256804,2509,2,15,3,15,3
1765628024.273219,2509,2,15,3,15,3
1765628024.289964,2510,2,15,3,15,3
1765628024.307297,2511,2,15,3,15,3
1765628024.324173,2512,2,15,3,15,3
1765628024.340583,2513,2,15,3,15,3
1765628024.356358,2513,2,15,3,15,3
1765628024.372018,2514,2,15,3,15,3
1765628024.388422,2515,2,15,3,15,3
1765628024.404664,2516,2,15,3,15,3
1765628024.420648,2516,2,15,3,15,3
1765628024.437063,2517,2,15,3,15,3
1765628024.453305,2518,2,15,3,15,3
1765628024.469893,2519,2,14,3,14,3
1765628024.486460,2520,2,14,3,14,3
1765628024.503376,2521,2,14,3,14,3
1765628024.519369,2521,2,14,3,14,3
1765628024.535459,2522,2,14,3,14,3
1765628024.551350,2523,2,14,3,14,3
1765628024.568313,2524,2,14,3,14,3
1765628024.584134,2524,2,14,3,14,3
1765628024.600999,2525,2,14,3,14,3
1765628024.618319,2526,2,14,3,14,3
1765628024.665987,2528,2,14,3,14,3
1765628024.685551,2529,2,14,3,14,3
1765628024.702616,2529,2,14,3,14,3
1765628024.719555,2531,2,14,3,14,3
1765628024.735997,2532,2,14,3,14,3
1765628024.753018,2532,2,14,3,14,3
1765628024.769613,2533,2,14,3,14,3
1765628024.785722,2534,2,14,3,14,3
1765628024.802551,2535,2,14,3,14,3
1765628024.817904,2535,2,14,3,14,3
1765628024.835646,2536,2,14,3,14,3
1765628024.852039,2537,2,14,3,14,3
1765628024.870615,2538,2,14,3,14,3
1765628024.886387,2539,2,14,3,14,3
1765628024.902917,2539,2,14,3,14,3
1765628024.919348,2540,2,14,3,14,3
1765628024.936335,2541,2,14,3,14,3
1765628024.952496,2542,2,14,3,14,3
1765628024.969054,2542,2,14,3,14,3
1765628024.985637,2543,2,14,3,14,3
1765628025.000994,2544,2,14,3,14,3
1765628025.018502,2545,2,14,3,14,3
1765628025.034005,2546,2,14,3,14,3
1765628025.051230,2547,2,14,3,14,3
1765628025.067754,2549,2,14,3,14,3
1765628025.084519,2550,2,14,3,14,3
1765628025.100616,2551,2,14,3,14,3
1765628025.116467,2551,2,14,3,14,3
1765628025.133173,2552,2,14,3,14,3
1765628025.149802,2553,2,14,3,14,3
1765628025.167346,2554,2,14,3,14,3
1765628025.183304,2554,2,14,3,14,3
1765628025.199910,2556,2,14,3,14,3
1765628025.216910,2556,2,14,3,14,3
1765628025.234136,2558,2,14,3,14,3
1765628025.250524,2559,2,14,3,14,3
1765628025.266252,2559,2,14,3,14,3
1765628025.283990,2560,2,14,4,14,4
1765628025.299856,2562,2,14,4,14,4
1765628025.315890,2562,2,14,4,14,4
1765628025.332688,2564,2,14,4,14,4
1765628025.348548,2565,2,14,4,14,4
1765628025.365335,2566,2,14,4,14,4
1765628025.381398,2566,2,14,4,14,4
1765628025.397606,2567,2,14,4,14,4
1765628025.414601,2568,2,14,4,14,4
1765628025.431022,2569,2,14,4,14,4
1765628025.447600,2570,2,14,4,14,4
1765628025.463400,2570,2,14,4,14,4
1765628025.479871,2571,2,14,4,14,4
1765628025.497562,2572,2,14,4,14,4
1765628025.514095,2573,2,14,4,14,4
1765628025.531144,2573,2,14,4,14,4
1765628025.547480,2574,2,14,4,14,4
1765628025.563839,2575,2,14,4,14,4
1765628025.581605,2576,2,14,4,14,4
1765628025.597287,2576,2,14,4,14,4
1765628025.614433,2577,2,14,4,14,4
1765628025.630925,2578,2,14,4,14,4
1765628025.647528,2579,2,14,4,14,4
1765628025.663814,2580,2,14,4,14,4
1765628025.680105,2580,2,14,4,14,4
1765628025.697257,2581,2,14,4,14,4
1765628025.713695,2582,2,14,5,14,5
1765628025.729686,2583,2,14,5,14,5
1765628025.745917,2584,2,14,5,14,5
1765628025.762722,2585,2,14,5,14,5
1765628025.779003,2586,2,14,5,14,5
1765628025.796521,2586,2,14,5,14,5
1765628025.812685,2588,2,14,5,14,5
1765628025.828747,2588,2,14,5,14,5
1765628025.846615,2589,2,14,5,14,5
1765628025.862610,2590,2,14,5,14,5
1765628025.878508,2591,2,14,5,14,5
1765628025.894007,2592,2,14,5,14,5
1765628025.910568,2593,2,14,5,14,5
1765628025.926193,2593,2,14,5,14,5
1765628025.943122,2594,2,14,5,14,5
1765628025.960006,2595,2,14,5,14,5
1765628025.977532,2597,2,14,5,14,5
1765628025.993417,2597,2,14,5,14,5
1765628026.009798,2598,2,14,5,14,5
1765628026.026753,2599,2,14,5,14,5
1765628026.043974,2600,2,14,5,14,5
1765628026.060915,2601,2,14,5,14,5
1765628026.078312,2601,2,14,5,14,5
1765628026.094535,2602,2,13,5,13,5
1765628026.111078,2603,2,13,5,13,5
1765628026.127682,2604,2,13,5,13,5
1765628026.143972,2604,2,13,5,13,5
1765628026.160251,2606,2,13,5,13,5
1765628026.176812,2607,2,13,5,13,5
1765628026.193645,2608,2,13,5,13,5
1765628026.209751,2609,2,13,5,13,5
1765628026.226207,2610,2,13,5,13,5
1765628026.243246,2611,2,13,5,13,5
1765628026.259663,2611,2,13,5,13,5
1765628026.275131,2612,2,13,5,13,5
1765628026.292122,2613,2,13,5,13,5
1765628026.308188,2614,2,13,5,13,5
1765628026.325944,2614,2,13,5,13,5
1765628026.342412,2615,2,13,5,13,5
1765628026.359114,2617,2,13,5,13,5
1765628026.376424,2617,2,13,5,13,5
1765628026.392145,2618,2,13,5,13,5
1765628026.409138,2619,2,13,5,13,5
1765628026.426157,2620,2,13,5,13,5
1765628026.443370,2621,2,13,5,13,5
1765628026.458991,2622,2,13,5,13,5
1765628026.475894,2623,2,13,5,13,5
1765628026.492477,2625,2,13,5,13,5
1765628026.508791,2625,2,13,5,13,5
1765628026.526311,2626,2,13,5,13,5
1765628026.543078,2628,2,13,5,13,5
1765628026.559773,2628,2,13,5,13,5
1765628026.576168,2629,2,13,5,13,5
1765628026.593225,2630,2,13,5,13,5
1765628026.609210,2631,2,13,5,13,5
1765628026.626305,2631,2,13,5,13,5
1765628026.642538,2633,2,13,5,13,5
1765628026.658657,2633,2,13,5,13,5
1765628026.674677,2634,2,13,5,13,5
1765628026.690761,2635,2,13,4,13,4
1765628026.707794,2636,2,13,4,13,4
1765628026.724108,2636,2,13,4,13,4
1765628026.740443,2637,2,13,4,13,4
1765628026.756084,2638,2,13,4,13,4
1765628026.772988,2639,2,13,4,13,4
1765628026.790184,2640,2,13,4,13,4
1765628026.808013,2640,2,13,4,13,4
1765628026.824560,2641,2,13,4,13,4
1765628026.839902,2642,2,13,4,13,4
1765628026.856331,2643,2,13,4,13,4
1765628026.872288,2644,2,13,4,13,4
1765628026.889483,2646,2,13,4,13,4
1765628026.905487,2647,2,13,4,13,4
1765628026.922253,2648,2,13,4,13,4
1765628026.939114,2649,2,13,4,13,4
1765628026.956467,2650,2,13,4,13,4
1765628026.972467,2650,2,13,4,13,4
1765628026.988304,2651,2,13,4,13,4
1765628027.004235,2652,2,14,4,14,4
1765628027.020969,2653,2,14,4,14,4
1765628027.037795,2653,2,14,4,14,4
1765628027.055336,2655,2,14,4,14,4
1765628027.071153,2655,2,14,4,14,4
1765628027.087833,2656,2,14,4,14,4
1765628027.105263,2657,2,14,4,14,4
1765628027.120914,2658,2,14,4,14,4
1765628027.137513,2659,2,14,4,14,4
1765628027.153250,2660,2,14,4,14,4
1765628027.170338,2661,2,14,4,14,4
1765628027.186768,2662,2,14,4,14,4
1765628027.203306,2662,2,14,4,14,4
1765628027.219842,2663,2,14,4,14,4
1765628027.237299,2664,2,14,4,14,4
1765628027.253829,2665,2,14,4,14,4
1765628027.272148,2666,2,14,4,14,4
1765628027.288755,2667,2,14,4,14,4
1765628027.305745,2667,2,14,4,14,4
1765628027.322837,2668,2,14,4,14,4
1765628027.339710,2669,2,15,4,15,4
1765628027.355193,2670,2,15,4,15,4
1765628027.371618,2670,2,15,4,15,4
1765628027.387419,2671,2,15,4,15,4
1765628027.403327,2672,2,15,4,15,4
1765628027.419611,2673,2,15,4,15,4
1765628027.436476,2673,2,15,4,15,4
1765628027.452741,2674,2,15,4,15,4
1765628027.469284,2675,2,15,4,15,4
1765628027.485544,2676,2,15,4,15,4
1765628027.501975,2677,2,15,4,15,4
1765628027.519067,2678,2,15,4,15,4
1765628027.536490,2679,2,15,4,15,4
1765628027.552755,2681,2,15,4,15,4
1765628027.568991,2681,2,15,4,15,4
1765628027.585948,2682,2,15,4,15,4
1765628027.603505,2683,2,15,4,15,4
1765628027.619428,2684,2,15,4,15,4
1765628027.636496,2685,2,15,4,15,4
1765628027.652660,2685,2,15,4,15,4
1765628027.667892,2686,2,15,4,15,4
1765628027.685069,2687,2,16,4,16,4
1765628027.702089,2688,2,16,4,16,4
1765628027.719434,2688,2,16,4,16,4
1765628027.736213,2690,2,16,4,16,4
1765628027.753496,2691,2,16,4,16,4
1765628027.769548,2691,2,16,4,16,4
1765628027.785924,2692,2,16,4,16,4
1765628027.802613,2693,2,16,4,16,4
1765628027.818467,2694,2,16,4,16,4
1765628027.834836,2694,2,16,4,16,4
1765628027.852130,2695,2,16,4,16,4
1765628027.869477,2696,2,16,4,16,4
1765628027.886624,2697,2,16,4,16,4
1765628027.902489,2698,2,16,4,16,4
1765628027.918825,2698,2,16,4,16,4
1765628027.936147,2700,2,16,4,16,4
1765628027.953258,2700,2,16,4,16,4
1765628027.969573,2701,2,16,4,16,4
1765628027.986058,2702,2,16,4,16,4
1765628028.003047,2703,2,16,4,16,4
1765628028.019833,2704,2,16,4,16,4
1765628028.036677,2705,2,16,4,16,4
1765628028.053249,2706,2,16,4,16,4
1765628028.071727,2706,2,16,4,16,4
1765628028.088539,2707,2,16,4,16,4
1765628028.105235,2708,2,16,4,16,4
1765628028.121579,2709,2,16,4,16,4
1765628028.137536,2710,2,16,4,16,4
1765628028.153268,2710,2,16,4,16,4
1765628028.169591,2711,2,16,4,16,4
1765628028.185841,2712,2,16,4,16,4
1765628028.202430,2713,2,16,4,16,4
1765628028.218836,2713,2,16,4,16,4
1765628028.236487,2714,2,16,4,16,4
1765628028.253190,2715,2,16,4,16,4
1765628028.270167,2716,2,16,4,16,4
1765628028.286069,2717,2,16,4,16,4
1765628028.302138,2718,2,16,4,16,4
1765628028.318746,2719,2,16,4,16,4
1765628028.336442,2719,2,16,4,16,4
1765628028.352849,2720,2,16,4,16,4
1765628028.369180,2721,2,16,4,16,4
1765628028.386216,2722,2,16,4,16,4
1765628028.403246,2722,2,16,4,16,4
1765628028.419381,2724,2,16,4,16,4
1765628028.436252,2725,2,16,4,16,4
1765628028.452800,2727,2,16,4,16,4
1765628028.469762,2727,2,16,4,16,4
1765628028.486957,2728,2,16,4,16,4
1765628028.503965,2729,2,16,4,16,4
1765628028.520650,2730,2,16,4,16,4
1765628028.536558,2731,2,16,4,16,4
1765628028.553329,2732,2,16,4,16,4
1765628028.569903,2733,2,16,4,16,4
1765628028.586334,2734,2,16,4,16,4
1765628028.602253,2735,2,16,4,16,4
1765628028.618360,2736,2,16,4,16,4
1765628028.634734,2736,2,16,4,16,4
1765628028.651497,2738,2,16,4,16,4
1765628028.667650,2738,2,16,4,16,4
1765628028.683760,2739,2,16,4,16,4
1765628028.700611,2740,2,16,4,16,4
1765628028.716257,2741,2,16,4,16,4
1765628028.732206,2742,2,16,4,16,4
1765628028.748616,2743,2,15,4,15,4
1765628028.764997,2743,2,15,4,15,4
1765628028.781430,2744,2,15,4,15,4
1765628028.797734,2745,2,15,4,15,4
1765628028.813117,2746,2,15,4,15,4
1765628028.829851,2747,2,15,4,15,4
1765628028.847251,2748,2,15,4,15,4
1765628028.864011,2749,2,15,4,15,4
1765628028.880086,2751,2,15,4,15,4
1765628028.896223,2751,2,15,4,15,4
1765628028.913522,2753,2,15,4,15,4
1765628028.929358,2753,2,15,4,15,4
1765628028.945568,2754,2,15,4,15,4
1765628028.962379,2755,2,15,4,15,4
1765628028.978690,2756,2,15,4,15,4
1765628028.994637,2756,2,15,4,15,4
1765628029.010755,2757,2,15,4,15,4
1765628029.027508,2758,2,15,4,15,4
1765628029.043922,2760,2,15,4,15,4
1765628029.060251,2760,2,15,4,15,4
1765628029.076308,2761,2,15,4,15,4
1765628029.093035,2762,2,15,4,15,4
1765628029.110449,2763,2,15,4,15,4
1765628029.127033,2764,2,15,4,15,4
1765628029.144073,2764,2,15,4,15,4
1765628029.160276,2765,2,15,4,15,4
1765628029.176541,2766,2,15,4,15,4
1765628029.192748,2767,2,15,4,15,4
1765628029.209134,2767,2,15,4,15,4
1765628029.226381,2768,2,15,4,15,4
1765628029.242714,2769,2,15,4,15,4
1765628029.258340,2770,2,15,4,15,4
1765628029.274910,2771,2,15,4,15,4
1765628029.292446,2771,2,15,4,15,4
1765628029.308113,2772,2,15,4,15,4
1765628029.324142,2773,2,15,4,15,4
1765628029.340666,2774,2,15,4,15,4
1765628029.357364,2775,2,15,4,15,4
1765628029.373924,2777,2,15,3,15,3
1765628029.391504,2777,2,15,3,15,3
1765628029.408347,2778,2,15,3,15,3
1765628029.424661,2779,2,15,3,15,3
1765628029.440747,2780,2,15,3,15,3
1765628029.458011,2780,2,15,3,15,3
1765628029.474763,2782,2,15,3,15,3
1765628029.491689,2783,2,15,3,15,3
1765628029.507344,2783,2,15,3,15,3
1765628029.523582,2784,2,15,3,15,3
1765628029.541062,2785,2,15,3,15,3
1765628029.558099,2786,2,15,3,15,3
1765628029.574885,2787,2,15,3,15,3
1765628029.591891,2788,2,15,3,15,3
1765628029.608336,2788,2,15,3,15,3
1765628029.624712,2789,2,15,3,15,3
1765628029.642179,2790,2,15,3,15,3
1765628029.658099,2791,2,15,3,15,3
1765628029.675141,2792,2,15,3,15,3
1765628029.692530,2792,2,15,3,15,3
1765628029.709536,2793,2,15,3,15,3
1765628029.725486,2794,2,15,3,15,3
1765628029.741351,2795,2,15,3,15,3
1765628029.757350,2795,2,15,3,15,3
1765628029.773867,2796,2,15,3,15,3
1765628029.790662,2797,2,15,3,15,3
1765628029.806510,2798,2,15,3,15,3
1765628029.822807,2799,2,15,3,15,3
1765628029.839785,2801,2,15,3,15,3
1765628029.856636,2802,2,15,3,15,3
1765628029.871969,2803,2,15,3,15,3
1765628029.888913,2804,2,15,3,15,3
1765628029.905508,2804,2,15,3,15,3
1765628029.922074,2805,2,15,3,15,3
1765628029.939026,2806,2,15,3,15,3
1765628029.956605,2807,2,15,3,15,3
1765628029.973360,2807,2,15,3,15,3
1765628029.989361,2808,2,15,3,15,3
1765628030.005728,2809,2,15,3,15,3
1765628030.022962,2810,2,15,3,15,3
1765628030.039872,2811,2,15,3,15,3
1765628030.056484,2811,2,15,3,15,3
1765628030.073181,2812,2,15,3,15,3
1765628030.089683,2813,2,15,3,15,3
1765628030.106317,2814,2,15,3,15,3
1765628030.122929,2814,2,15,3,15,3
1765628030.139315,2815,2,15,2,15,2
1765628030.156072,2816,2,15,2,15,2
1765628030.172385,2817,2,15,2,15,2
1765628030.187988,2818,2,15,2,15,2
1765628030.204624,2819,2,15,2,15,2
1765628030.220800,2819,2,15,2,15,2
1765628030.238139,2821,2,15,2,15,2
1765628030.255163,2822,2,15,2,15,2
1765628030.271303,2822,2,15,2,15,2
1765628030.288296,2823,2,15,2,15,2
1765628030.305547,2824,2,15,2,15,2
1765628030.321864,2825,2,15,2,15,2
1765628030.338393,2825,2,15,2,15,2
1765628030.354602,2826,2,15,2,15,2
1765628030.370891,2827,2,15,2,15,2
1765628030.388119,2828,2,15,2,15,2
1765628030.404845,2830,2,15,2,15,2
1765628030.421494,2830,2,15,2,15,2
1765628030.437986,2831,2,15,2,15,2
1765628030.454542,2832,2,15,2,15,2
1765628030.470820,2833,2,15,2,15,2
1765628030.487616,2833,2,15,2,15,2
1765628030.503385,2834,2,15,2,15,2
1765628030.519892,2835,2,15,2,15,2
1765628030.537672,2836,2,15,2,15,2
1765628030.553261,2836,2,15,2,15,2
1765628030.569595,2837,2,15,1,15,1
1765628030.585581,2838,2,15,1,15,1
1765628030.601865,2839,2,15,1,15,1
1765628030.618729,2840,2,15,1,15,1
1765628030.634756,2842,2,15,1,15,1
1765628030.652210,2843,2,15,1,15,1
1765628030.668620,2844,2,15,1,15,1
1765628030.685151,2844,2,15,1,15,1
1765628030.701421,2845,2,15,1,15,1
1765628030.717792,2846,2,15,1,15,1
1765628030.734117,2847,2,15,1,15,1
1765628030.750508,2848,2,15,1,15,1
1765628030.766971,2848,2,15,1,15,1
1765628030.782866,2850,2,15,1,15,1
1765628030.799419,2850,2,15,1,15,1
1765628030.816622,2852,2,15,1,15,1
1765628030.833106,2853,2,15,1,15,1
1765628030.849450,2854,2,15,1,15,1
1765628030.865487,2854,2,15,1,15,1
1765628030.881360,2855,2,15,1,15,1
1765628030.897639,2856,2,15,1,15,1
1765628030.913328,2857,2,15,1,15,1
1765628030.929741,2857,2,15,1,15,1
1765628030.945233,2858,2,15,1,15,1
1765628030.961303,2859,2,15,1,15,1
1765628030.978081,2860,2,15,1,15,1
1765628030.994823,2861,2,15,1,15,1
1765628031.012325,2862,2,15,1,15,1
1765628031.028477,2863,2,15,1,15,1
1765628031.044523,2864,2,15,1,15,1
1765628031.061020,2864,2,15,1,15,1
1765628031.078585,2865,2,15,1,15,1
1765628031.095138,2866,2,15,1,15,1
1765628031.111945,2868,2,15,1,15,1
1765628031.127931,2869,2,15,1,15,1
1765628031.144675,2870,2,15,1,15,1
1765628031.161310,2871,2,15,1,15,1
1765628031.177751,2872,2,15,1,15,1
1765628031.194921,2873,2,15,1,15,1
1765628031.212376,2873,2,15,1,15,1
1765628031.229455,2874,2,15,1,15,1
1765628031.247014,2875,2,15,1,15,1
1765628031.264079,2876,2,15,1,15,1
1765628031.280947,2877,2,15,1,15,1
1765628031.297147,2877,2,15,1,15,1
1765628031.313975,2878,2,15,1,15,1
1765628031.331245,2879,2,15,1,15,1
1765628031.347998,2880,2,15,1,15,1
1765628031.364562,2880,2,15,1,15,1
1765628031.381000,2881,2,15,1,15,1
1765628031.398021,2882,2,15,1,15,1
1765628031.414652,2883,2,15,1,15,1
1765628031.430947,2884,2,15,1,15,1
1765628031.447285,2884,2,15,1,15,1
1765628031.463315,2886,2,15,1,15,1
1765628031.479724,2887,2,15,1,15,1
1765628031.496317,2888,2,15,1,15,1
1765628031.513176,2888,2,15,1,15,1
1765628031.530150,2889,2,15,1,15,1
1765628031.546088,2890,2,15,1,15,1
1765628031.562413,2891,2,15,1,15,1
1765628031.578007,2891,2,15,1,15,1
1765628031.595030,2892,2,15,1,15,1
1765628031.612388,2893,2,15,1,15,1
1765628031.628153,2894,2,15,1,15,1
1765628031.645367,2895,2,15,1,15,1
1765628031.661246,2895,2,15,1,15,1
1765628031.677444,2896,2,15,1,15,1
1765628031.694056,2897,2,15,1,15,1
1765628031.710206,2898,2,15,1,15,1
1765628031.727247,2899,2,15,1,15,1
1765628031.744181,2900,2,15,1,15,1
1765628031.760941,2901,2,15,1,15,1
1765628031.777456,2902,2,15,1,15,1
1765628031.793597,2903,2,15,1,15,1
1765628031.809469,2904,2,15,1,15,1
1765628031.826630,2905,2,15,1,15,1
1765628031.843053,2905,2,15,1,15,1
1765628031.860910,2907,2,14,1,14,1
1765628031.877757,2907,2,14,1,14,1
1765628031.893961,2908,2,14,1,14,1
1765628031.910160,2909,2,14,1,14,1
1765628031.926159,2910,2,14,1,14,1
1765628031.942369,2910,2,14,1,14,1
1765628031.958744,2912,2,14,1,14,1
1765628031.976348,2913,2,14,1,14,1
1765628031.992756,2914,2,14,1,14,1
1765628032.010808,2915,2,14,1,14,1
1765628032.028161,2916,2,14,1,14,1
1765628032.044859,2917,2,14,1,14,1
1765628032.062416,2917,2,14,1,14,1
1765628032.077928,2918,2,14,1,14,1
1765628032.094178,2919,2,14,1,14,1
1765628032.110614,2920,2,14,1,14,1
1765628032.126476,2920,2,14,1,14,1
1765628032.143091,2921,2,14,1,14,1
1765628032.159020,2922,2,14,1,14,1
1765628032.176307,2923,2,14,1,14,1
1765628032.192676,2924,2,14,0,14,0
1765628032.208397,2924,2,14,0,14,0
1765628032.224815,2926,2,14,0,14,0
1765628032.241700,2926,2,14,0,14,0
1765628032.257829,2927,2,14,0,14,0
1765628032.275018,2928,2,14,0,14,0
1765628032.291951,2929,2,14,0,14,0
1765628032.308899,2929,2,14,0,14,0
1765628032.326673,2930,2,14,0,14,0
1765628032.342810,2931,2,14,0,14,0
1765628032.360477,2932,2,14,0,14,0
1765628032.376535,2933,2,14,0,14,0
1765628032.392694,2933,2,14,0,14,0
1765628032.409395,2934,2,14,0,14,0
1765628032.424867,2935,2,14,0,14,0
1765628032.441227,2937,2,14,0,14,0
1765628032.457809,2937,2,14,0,14,0
1765628032.474943,2938,2,14,0,14,0
1765628032.492943,2939,2,14,0,14,0
1765628032.510619,2940,2,14,0,14,0
1765628032.526543,2941,2,14,0,14,0
1765628032.543177,2941,2,14,0,14,0
1765628032.560219,2942,2,14,0,14,0
1765628032.576654,2943,2,13,0,13,0
1765628032.593611,2944,2,13,0,13,0
1765628032.609825,2944,2,13,0,13,0
1765628032.626805,2945,2,13,0,13,0
1765628032.643455,2946,2,13,0,13,0
1765628032.660264,2947,2,13,0,13,0
1765628032.676747,2948,2,13,0,13,0
1765628032.694190,2949,2,13,0,13,0
1765628032.710108,2950,2,13,0,13,0
1765628032.726639,2950,2,13,0,13,0
1765628032.743051,2951,2,13,0,13,0
1765628032.759572,2952,2,13,0,13,0
1765628032.776617,2954,2,13,0,13,0
1765628032.793678,2954,2,13,0,13,0
1765628032.809165,2955,2,13,0,13,0
1765628032.825682,2956,2,13,0,13,0
1765628032.842131,2957,2,13,0,13,0
1765628032.859418,2958,2,13,0,13,0
1765628032.876244,2959,2,13,0,13,0
1765628032.892340,2960,2,13,0,13,0
1765628032.908296,2960,2,13,0,13,0
1765628032.924654,2961,2,13,0,13,0
1765628032.941365,2962,2,13,0,13,0
1765628032.957658,2963,2,13,0,13,0
1765628032.974000,2963,2,13,0,13,0
1765628032.990668,2964,2,13,0,13,0
1765628033.006511,2965,2,13,0,13,0
1765628033.023717,2966,2,13,0,13,0
1765628033.039552,2967,2,13,0,13,0
1765628033.056314,2968,2,13,0,13,0
1765628033.072971,2969,2,13,0,13,0
1765628033.089640,2969,2,13,0,13,0
1765628033.105220,2970,2,13,0,13,0
1765628033.122325,2971,2,13,0,13,0
1765628033.138878,2972,2,13,0,13,0
1765628033.156336,2973,2,13,0,13,0
1765628033.172251,2974,2,13,0,13,0
1765628033.188500,2975,2,13,0,13,0
1765628033.204839,2976,2,13,0,13,0
1765628033.221563,2976,2,13,0,13,0
1765628033.237612,2977,2,13,0,13,0
1765628033.253454,2978,2,13,0,13,0
1765628033.269793,2979,2,13,0,13,0
1765628033.287382,2980,2,13,0,13,0
1765628033.303511,2980,2,13,0,13,0
1765628033.319889,2982,2,14,0,14,0
1765628033.336614,2982,2,14,0,14,0
1765628033.352291,2984,2,14,0,14,0
1765628033.369418,2984,2,14,0,14,0
1765628033.386398,2985,2,14,0,14,0
1765628033.402967,2986,2,14,0,14,0
1765628033.419102,2987,2,14,0,14,0
1765628033.435529,2987,2,14,0,14,0
1765628033.451432,2988,2,14,0,14,0
1765628033.467488,2989,2,14,0,14,0
1765628033.483853,2990,2,14,0,14,0
1765628033.500934,2991,2,14,0,14,0
1765628033.517646,2992,2,14,0,14,0
1765628033.533983,2992,2,14,0,14,0
1765628033.551427,2993,2,14,0,14,0
1765628033.568254,2994,2,14,0,14,0
1765628033.585182,2995,2,14,0,14,0
1765628033.601584,2996,2,14,0,14,0
1765628033.617500,2997,2,14,0,14,0
1765628033.633371,2997,2,14,0,14,0
1765628033.649597,2998,2,14,0,14,0
1765628033.665389,3000,2,14,0,14,0
1765628033.682395,3000,2,14,0,14,0
1765628033.698778,3002,2,14,0,14,0
1765628033.716351,3003,2,14,0,14,0
1765628033.733167,3003,2,14,0,14,0
1765628033.749415,3004,2,14,0,14,0
1765628033.765093,3005,2,14,0,14,0
1765628033.782608,3006,2,14,0,14,0
1765628033.799042,3006,2,14,0,14,0
1765628033.815027,3007,2,14,0,14,0
1765628033.831614,3008,2,14,0,14,0
1765628033.848059,3009,2,14,0,14,0
1765628033.864705,3009,2,14,0,14,0
1765628033.880261,3010,2,14,0,14,0
1765628033.896510,3011,2,14,0,14,0
1765628033.912279,3012,2,14,0,14,0
1765628033.928750,3013,2,14,0,14,0
1765628033.946554,3014,2,14,0,14,0
1765628033.963130,3015,2,14,0,14,0
1765628033.979673,3016,2,14,0,14,0
1765628033.995669,3017,2,14,0,14,0
1765628034.011413,3017,2,14,0,14,0
1765628034.028096,3018,2,14,0,14,0
1765628034.044586,3019,2,14,0,14,0
1765628034.060594,3020,2,14,0,14,0
1765628034.076697,3020,2,14,0,14,0
1765628034.092983,3021,2,14,0,14,0
1765628034.109695,3022,2,14,0,14,0
1765628034.126699,3023,2,14,0,14,0
1765628034.143301,3023,2,14,0,14,0
1765628034.160490,3024,2,14,0,14,0
1765628034.176487,3025,2,14,0,14,0
1765628034.192933,3026,2,14,0,14,0
1765628034.210217,3027,2,14,0,14,0
1765628034.226392,3028,2,14,0,14,0
1765628034.242930,3029,2,14,0,14,0
1765628034.259911,3029,2,14,0,14,0
1765628034.276989,3031,2,14,0,14,0
1765628034.293860,3032,2,14,0,14,0
1765628034.310396,3033,2,14,0,14,0
1765628034.326549,3034,2,14,0,14,0
1765628034.342861,3035,2,14,0,14,0
1765628034.360068,3037,2,14,0,14,0
1765628034.377526,3038,2,14,0,14,0
1765628034.393723,3039,2,14,0,14,0
1765628034.409318,3039,2,14,0,14,0
1765628034.425576,3040,2,14,0,14,0
1765628034.441621,3041,2,14,0,14,0
1765628034.457892,3042,2,14,0,14,0
1765628034.475036,3043,2,14,0,14,0
1765628034.492465,3044,2,14,0,14,0
1765628034.508224,3044,2,14,0,14,0
1765628034.524557,3045,2,14,0,14,0
1765628034.540454,3046,2,14,0,14,0
1765628034.556719,3047,2,14,0,14,0
1765628034.573169,3048,2,14,0,14,0
1765628034.590094,3049,2,14,0,14,0
1765628034.606972,3050,2,14,0,14,0
1765628034.623613,3052,2,14,0,14,0
1765628034.639167,3052,2,14,0,14,0
1765628034.655545,3053,2,14,0,14,0
1765628034.671613,3054,2,14,0,14,0
1765628034.687632,3055,2,14,0,14,0
1765628034.703857,3055,2,14,0,14,0
1765628034.721402,3056,2,14,0,14,0
1765628034.737975,3057,2,14,0,14,0
1765628034.754093,3058,2,14,0,14,0
1765628034.770431,3059,2,14,0,14,0
1765628034.786081,3059,2,14,0,14,0
1765628034.802363,3060,2,14,0,14,0
1765628034.818532,3061,2,14,0,14,0
1765628034.834484,3062,2,14,0,14,0
1765628034.850184,3062,2,14,0,14,0
1765628034.867390,3063,2,14,0,14,0
1765628034.883881,3064,2,14,0,14,0
1765628034.901207,3065,2,14,0,14,0
1765628034.918313,3066,2,14,0,14,0
1765628034.934845,3066,2,14,0,14,0
1765628034.952631,3067,2,14,0,14,0
1765628034.968664,3068,2,14,0,14,0
1765628034.985201,3069,2,14,0,14,0
1765628035.002411,3069,2,14,0,14,0
1765628035.019414,3071,2,14,0,14,0
1765628035.035622,3072,2,14,0,14,0
1765628035.051265,3073,2,14,0,14,0
1765628035.067455,3073,2,14,0,14,0
1765628035.084990,3074,2,14,0,14,0
1765628035.101435,3075,2,14,0,14,0
1765628035.117531,3076,2,14,0,14,0
1765628035.133637,3077,2,14,0,14,0
1765628035.149599,3077,2,14,0,14,0
1765628035.165331,3078,2,14,0,14,0
1765628035.182612,3079,2,14,0,14,0
1765628035.198783,3080,2,14,0,14,0
1765628035.215183,3080,2,14,0,14,0
1765628035.231973,3081,2,14,0,14,0
1765628035.248943,3082,2,14,0,14,0
1765628035.265224,3083,2,14,0,14,0
1765628035.281771,3084,2,14,0,14,0
1765628035.298926,3084,2,14,0,14,0
1765628035.315320,3085,2,14,0,14,0
1765628035.331271,3086,2,14,0,14,0
1765628035.348272,3087,2,14,0,14,0
1765628035.364507,3087,2,14,0,14,0
1765628035.381240,3089,2,14,0,14,0
1765628035.451447,3089,2,14,0,14,0
1765628035.468189,3090,2,14,0,14,0
1765628035.485472,3091,2,14,0,14,0
1765628035.502894,3093,2,14,0,14,0
1765628035.520424,3094,2,14,0,14,0
1765628035.537564,3095,2,14,0,14,0
1765628035.554448,3096,2,14,0,14,0
1765628035.571546,3097,2,14,0,14,0
1765628035.587758,3098,2,14,0,14,0
1765628035.604591,3098,2,14,0,14,0
1765628035.620211,3099,2,14,0,14,0
1765628035.636700,3100,2,14,0,14,0
1765628035.652755,3101,2,14,0,14,0
1765628035.669910,3102,2,14,0,14,0
1765628035.687515,3103,2,14,0,14,0
1765628035.704201,3103,2,14,0,14,0
1765628035.721385,3104,2,14,0,14,0
1765628035.738433,3105,2,14,0,14,0
1765628035.754717,3106,2,14,0,14,0
1765628035.771060,3108,2,14,0,14,0
1765628035.788049,3108,2,14,0,14,0
1765628035.804027,3110,2,14,0,14,0
1765628035.821527,3110,2,14,0,14,0
1765628035.838027,3111,2,15,0,15,0
1765628035.854652,3112,2,15,0,15,0
1765628035.870419,3113,2,15,0,15,0
1765628035.887220,3114,2,15,0,15,0
1765628035.904905,3115,2,15,0,15,0
1765628035.922233,3116,2,15,0,15,0
1765628035.939203,3117,2,15,0,15,0
1765628035.955572,3118,2,15,0,15,0
1765628035.971292,3119,2,15,0,15,0
1765628035.987849,3120,2,15,0,15,0
1765628036.004996,3121,2,15,0,15,0
1765628036.021138,3122,2,15,0,15,0
1765628036.037762,3123,2,15,0,15,0
1765628036.055304,3124,2,15,0,15,0
1765628036.071337,3124,2,15,0,15,0
1765628036.087729,3125,2,15,0,15,0
1765628036.103458,3126,2,15,0,15,0
1765628036.119529,3127,2,15,0,15,0
1765628036.135411,3127,2,15,0,15,0
1765628036.151898,3128,2,15,0,15,0
1765628036.169418,3129,2,15,0,15,0
1765628036.186742,3130,2,15,0,15,0
1765628036.204198,3131,2,15,0,15,0
1765628036.221083,3131,2,15,0,15,0
1765628036.238689,3132,2,15,0,15,0
1765628036.254701,3133,2,15,0,15,0
1765628036.271450,3133,2,15,0,15,0
1765628036.287996,3134,2,15,0,15,0
1765628036.304605,3135,2,15,0,15,0
1765628036.321227,3136,2,15,0,15,0
1765628036.338051,3137,2,15,0,15,0
1765628036.354431,3138,2,15,0,15,0
1765628036.371264,3139,2,15,0,15,0
1765628036.387821,3140,2,15,0,15,0
1765628036.404128,3141,2,15,0,15,0
1765628036.421327,3142,2,15,0,15,0
1765628036.436827,3142,2,15,0,15,0
1765628036.452972,3143,2,15,0,15,0
1765628036.469471,3144,2,15,0,15,0
1765628036.485157,3145,2,15,0,15,0
1765628036.501249,3145,2,15,0,15,0
1765628036.518674,3147,2,15,0,15,0
1765628036.535514,3147,2,15,0,15,0
1765628036.552366,3149,2,15,0,15,0
1765628036.568350,3150,2,15,0,15,0
1765628036.584263,3152,2,15,0,15,0
1765628036.600691,3152,2,15,0,15,0
1765628036.617571,3153,2,15,0,15,0
1765628036.635088,3154,2,15,0,15,0
1765628036.651231,3155,2,15,0,15,0
1765628036.667740,3155,2,15,0,15,0
1765628036.684332,3156,2,15,0,15,0
1765628036.701198,3157,2,15,0,15,0
1765628036.717939,3158,2,15,0,15,0
1765628036.735382,3159,2,15,0,15,0
1765628036.751479,3160,2,15,0,15,0
1765628036.767182,3161,2,15,0,15,0
1765628036.783302,3161,2,15,0,15,0
1765628036.800137,3162,2,15,0,15,0
1765628036.816782,3163,2,15,0,15,0
1765628036.833688,3164,2,15,0,15,0
1765628036.850323,3165,2,15,0,15,0
1765628036.866901,3166,2,15,0,15,0
1765628036.884911,3167,2,15,0,15,0
1765628036.902371,3168,2,15,0,15,0
1765628036.918886,3169,2,15,0,15,0
1765628036.935974,3170,2,15,0,15,0
1765628036.952200,3171,2,15,0,15,0
1765628036.969362,3172,2,15,0,15,0
1765628036.986895,3172,2,15,0,15,0
1765628037.004716,3173,2,15,0,15,0
1765628037.021181,3174,2,15,0,15,0
1765628037.037219,3175,2,15,0,15,0
1765628037.053580,3175,2,15,0,15,0
1765628037.069412,3176,2,15,0,15,0
1765628037.086276,3177,2,15,0,15,0
1765628037.102392,3178,2,15,0,15,0
1765628037.119120,3179,2,15,0,15,0
1765628037.135885,3179,2,15,0,15,0
1765628037.152524,3180,2,15,0,15,0
1765628037.168816,3181,2,15,0,15,0
1765628037.185534,3182,2,15,0,15,0
1765628037.201849,3182,2,15,0,15,0
1765628037.218865,3184,2,15,0,15,0
1765628037.235740,3185,2,15,0,15,0
1765628037.252541,3185,2,15,0,15,0
1765628037.269126,3186,2,15,0,15,0
1765628037.286127,3187,2,15,0,15,0
1765628037.303305,3188,2,15,0,15,0
1765628037.319846,3188,2,15,0,15,0
1765628037.337121,3189,2,15,0,15,0
1765628037.353883,3190,2,15,0,15,0
1765628037.371316,3191,2,15,0,15,0
1765628037.386965,3193,2,15,0,15,0
1765628037.403035,3193,2,15,0,15,0
1765628037.419843,3194,2,15,0,15,0
1765628037.436301,3195,2,15,0,15,0
1765628037.453171,3196,2,15,0,15,0
1765628037.469638,3196,2,15,0,15,0
1765628037.486389,3198,2,15,0,15,0
1765628037.502456,3198,2,15,0,15,0
1765628037.518593,3199,2,15,0,15,0
1765628037.535127,3200,2,15,0,15,0
1765628037.550796,3201,2,15,0,15,0
1765628037.568146,3202,2,15,0,15,0
1765628037.584658,3203,2,15,0,15,0
1765628037.600935,3204,2,15,0,15,0
1765628037.618044,3205,2,15,0,15,0
1765628037.634335,3206,2,15,0,15,0
1765628037.651275,3206,2,15,0,15,0
1765628037.667229,3208,2,15,0,15,0
1765628037.683127,3208,2,15,0,15,0
1765628037.700055,3209,2,15,0,15,0
1765628037.716382,3210,2,15,0,15,0
1765628037.733243,3211,2,15,0,15,0
1765628037.749147,3211,2,15,0,15,0
1765628037.765701,3212,2,15,0,15,0
1765628037.782672,3213,2,15,0,15,0
1765628037.798754,3214,2,15,0,15,0
1765628037.815687,3215,2,15,0,15,0
1765628037.831226,3215,2,15,0,15,0
1765628037.847799,3216,2,15,0,15,0
1765628037.865270,3217,2,15,0,15,0
1765628037.882028,3218,2,15,0,15,0
1765628037.899911,3219,2,15,0,15,0
1765628037.917035,3220,2,15,0,15,0
1765628037.933972,3221,2,15,0,15,0
1765628037.950089,3222,2,15,0,15,0
1765628037.966864,3223,2,15,0,15,0
1765628037.984207,3223,2,15,0,15,0
1765628038.001307,3224,2,15,0,15,0
1765628038.017853,3225,2,15,0,15,0
1765628038.034091,3226,2,15,0,15,0
1765628038.051257,3227,2,15,0,15,0
1765628038.067451,3228,2,15,0,15,0
1765628038.083397,3228,2,15,0,15,0
1765628038.100554,3229,2,15,0,15,0
1765628038.116412,3230,2,15,0,15,0
1765628038.133357,3231,2,15,0,15,0
1765628038.150784,3232,2,15,0,15,0
1765628038.167403,3233,2,15,0,15,0
1765628038.183925,3234,2,15,0,15,0
1765628038.199978,3234,2,15,0,15,0
1765628038.217562,3235,2,15,0,15,0
1765628038.234040,3236,2,15,0,15,0
1765628038.250075,3237,2,15,0,15,0
1765628038.266695,3237,2,15,0,15,0
1765628038.283473,3239,2,15,0,15,0
1765628038.299181,3239,2,15,0,15,0
1765628038.316285,3240,2,15,0,15,0
1765628038.416325,3241,2,15,0,15,0
1765628038.475112,3242,2,15,0,15,0
1765628038.492770,3245,2,15,0,15,0
1765628038.509352,3247,2,14,0,14,0
1765628038.525547,3248,2,14,0,14,0
1765628038.541218,3249,2,14,0,14,0
1765628038.557546,3249,2,14,0,14,0
1765628038.574121,3250,2,14,0,14,0
1765628038.590230,3251,2,14,0,14,0
1765628038.607724,3252,2,14,0,14,0
1765628038.624103,3253,2,14,0,14,0
1765628038.641592,3253,2,14,0,14,0
1765628038.657584,3255,2,14,0,14,0
1765628038.673720,3255,2,14,0,14,0
1765628038.689451,3256,2,14,0,14,0
1765628038.706312,3257,2,14,0,14,0
1765628038.722042,3258,2,14,0,14,0
1765628038.738824,3258,2,14,0,14,0
1765628038.756539,3259,2,14,0,14,0
1765628038.773294,3260,2,14,0,14,0
1765628038.790191,3261,2,14,0,14,0
1765628038.806592,3262,2,14,0,14,0
1765628038.822885,3263,2,14,0,14,0
1765628038.840107,3264,2,14,0,14,0
1765628038.856891,3264,2,14,0,14,0
1765628038.874078,3266,2,14,0,14,0
1765628038.890232,3267,2,14,0,14,0
1765628038.905983,3268,2,14,0,14,0
1765628038.922292,3269,2,14,0,14,0
1765628038.939318,3270,2,14,0,14,0
1765628038.955497,3270,2,14,0,14,0
1765628038.971803,3271,2,14,0,14,0
1765628038.988233,3272,2,14,0,14,0
1765628039.004914,3273,2,14,0,14,0
1765628039.022286,3274,2,14,0,14,0
1765628039.038712,3274,2,14,0,14,0
1765628039.054560,3275,2,14,0,14,0
1765628039.071690,3276,2,14,0,14,0
1765628039.088888,3277,2,14,0,14,0
1765628039.106331,3278,2,14,0,14,0
1765628039.123005,3279,2,14,0,14,0
1765628039.139929,3280,2,14,0,14,0
1765628039.156660,3281,2,14,0,14,0
1765628039.172920,3282,2,15,0,15,0
1765628039.188917,3283,2,15,0,15,0
1765628039.206861,3284,2,15,0,15,0
1765628039.224312,3285,2,15,0,15,0
1765628039.240552,3286,2,15,0,15,0
1765628039.257833,3286,2,15,0,15,0
1765628039.274740,3287,2,15,0,15,0
1765628039.291219,3288,2,15,0,15,0
1765628039.307592,3289,2,15,0,15,0
1765628039.324073,3290,2,15,0,15,0
1765628039.341255,3291,2,15,0,15,0
1765628039.357794,3292,2,15,0,15,0
1765628039.374876,3292,2,15,0,15,0
1765628039.391472,3293,2,15,0,15,0
1765628039.408446,3294,2,15,0,15,0
1765628039.424472,3295,2,15,0,15,0
1765628039.440790,3295,2,15,0,15,0
1765628039.457714,3296,2,15,0,15,0
1765628039.474065,3297,2,15,0,15,0
1765628039.490376,3298,2,15,0,15,0
1765628039.507047,3299,2,15,0,15,0
1765628039.523625,3299,2,15,0,15,0
1765628039.539756,3300,2,15,0,15,0
1765628039.556347,3301,2,15,0,15,0
1765628039.572756,3303,2,15,0,15,0
1765628039.590258,3304,2,15,0,15,0
1765628039.607476,3305,2,15,0,15,0
1765628039.623390,3306,2,15,0,15,0
1765628039.639578,3307,2,15,0,15,0
1765628039.655318,3307,2,15,0,15,0
1765628039.671270,3309,2,15,0,15,0
1765628039.687698,3309,2,15,0,15,0
1765628039.703638,3310,2,15,0,15,0
1765628039.720581,3311,2,15,0,15,0
1765628039.736279,3312,2,15,0,15,0
1765628039.753398,3313,2,15,0,15,0
1765628039.769691,3313,2,15,0,15,0
1765628039.785997,3315,2,15,1,15,1
1765628039.802827,3315,2,15,1,15,1
1765628039.820047,3317,2,15,1,15,1
1765628039.837740,3317,2,15,1,15,1
1765628039.854833,3318,2,15,1,15,1
1765628039.871246,3319,2,15,1,15,1
1765628039.887753,3320,2,15,1,15,1
1765628039.904351,3320,2,15,1,15,1
1765628039.920916,3321,2,15,1,15,1
1765628039.937666,3322,2,15,1,15,1
1765628039.953502,3323,2,15,1,15,1
1765628039.969642,3324,2,15,1,15,1
1765628039.985732,3325,2,15,1,15,1
1765628040.001423,3326,2,15,1,15,1
1765628040.017502,3328,2,15,1,15,1
1765628040.034540,3329,2,15,1,15,1
1765628040.050808,3331,2,15,1,15,1
1765628040.067591,3332,2,15,1,15,1
1765628040.084437,3333,2,15,1,15,1
1765628040.102357,3333,2,15,1,15,1
1765628040.118992,3334,2,15,1,15,1
1765628040.135330,3335,2,15,1,15,1
1765628040.151818,3336,2,15,1,15,1
1765628040.169873,3337,2,15,1,15,1
1765628040.186726,3337,2,15,1,15,1
1765628040.204046,3338,2,15,1,15,1
1765628040.221401,3339,2,15,1,15,1
1765628040.237525,3340,2,15,1,15,1
1765628040.253564,3341,2,15,1,15,1
1765628040.269823,3341,2,15,1,15,1
1765628040.286784,3342,2,15,1,15,1
1765628040.304819,3343,2,15,1,15,1
1765628040.321359,3344,2,15,1,15,1
1765628040.337337,3345,2,15,1,15,1
1765628040.353043,3346,2,15,1,15,1
1765628040.370538,3347,2,14,1,14,1
1765628040.387163,3347,2,14,1,14,1
1765628040.404199,3348,2,14,1,14,1
1765628040.421300,3349,2,14,1,14,1
1765628040.438757,3350,2,14,1,14,1
1765628040.455831,3351,2,14,1,14,1
1765628040.473011,3352,2,14,1,14,1
1765628040.490133,3354,2,14,1,14,1
1765628040.506558,3355,2,14,1,14,1
1765628040.522900,3356,2,14,1,14,1
1765628040.539612,3357,2,14,1,14,1
1765628040.555157,3358,2,14,1,14,1
1765628040.572357,3359,2,14,1,14,1
1765628040.588929,3360,2,14,1,14,1
1765628040.605366,3360,2,14,1,14,1
1765628040.621525,3361,2,14,1,14,1
1765628040.637929,3362,2,14,1,14,1
1765628040.654923,3363,2,14,1,14,1
1765628040.673015,3364,2,14,1,14,1
1765628040.689208,3365,2,14,1,14,1
1765628040.705208,3365,2,14,1,14,1
1765628040.722245,3367,2,14,1,14,1
1765628040.738795,3368,2,14,1,14,1
1765628040.756310,3369,2,14,1,14,1
1765628040.772463,3370,2,14,1,14,1
1765628040.788736,3371,2,14,1,14,1
1765628040.805333,3372,2,14,1,14,1
1765628040.821177,3372,2,14,1,14,1
1765628040.837784,3373,2,14,1,14,1
1765628040.855152,3374,2,14,1,14,1
1765628040.871220,3375,2,14,1,14,1
1765628040.889135,3375,2,14,1,14,1
1765628040.905761,3377,2,14,1,14,1
1765628040.922445,3377,2,14,1,14,1
1765628040.938403,3378,2,14,1,14,1
1765628040.955137,3379,2,14,1,14,1
1765628040.972199,3381,2,14,1,14,1
1765628040.989227,3382,2,14,1,14,1
1765628041.006109,3382,2,14,1,14,1
1765628041.022454,3383,2,14,1,14,1
1765628041.037973,3384,2,14,1,14,1
1765628041.055108,3385,2,14,1,14,1
1765628041.072093,3385,2,14,1,14,1
1765628041.088780,3386,2,14,1,14,1
1765628041.105353,3387,2,14,1,14,1
1765628041.121695,3388,2,14,1,14,1
1765628041.138214,3389,2,14,1,14,1
1765628041.154897,3389,2,14,1,14,1
1765628041.171436,3390,2,14,1,14,1
1765628041.187757,3391,2,14,1,14,1
1765628041.204971,3393,2,14,1,14,1
1765628041.221534,3393,2,14,1,14,1
1765628041.237647,3394,2,14,1,14,1
1765628041.254558,3395,2,14,1,14,1
1765628041.271309,3396,2,14,1,14,1
1765628041.287864,3397,2,14,1,14,1
1765628041.304369,3398,2,14,1,14,1
1765628041.320544,3398,2,14,1,14,1
1765628041.336277,3399,2,14,1,14,1
1765628041.352762,3400,2,14,1,14,1
1765628041.369819,3401,2,13,1,13,1
1765628041.386347,3402,2,13,1,13,1
1765628041.402869,3403,2,13,1,13,1
1765628041.421451,3404,2,13,1,13,1
1765628041.437709,3405,2,13,1,13,1
1765628041.453353,3406,2,13,1,13,1
1765628041.469698,3406,2,13,1,13,1
1765628041.485413,3408,2,13,1,13,1
1765628041.501167,3408,2,13,1,13,1
1765628041.517580,3409,2,13,1,13,1
1765628041.534755,3410,2,13,1,13,1
1765628041.551220,3411,2,13,1,13,1
1765628041.567729,3412,2,13,1,13,1
1765628041.583518,3413,2,13,1,13,1
1765628041.599742,3413,2,13,1,13,1
1765628041.615791,3414,2,13,1,13,1
1765628041.632863,3415,2,13,1,13,1
1765628041.651370,3416,2,13,1,13,1
1765628041.667702,3417,2,13,1,13,1
1765628041.683579,3418,2,13,1,13,1
1765628041.699738,3419,2,13,1,13,1
1765628041.716084,3420,2,13,1,13,1
1765628041.732770,3420,2,13,1,13,1
1765628041.749387,3421,2,13,1,13,1
1765628041.766098,3422,2,13,1,13,1
1765628041.782289,3423,2,13,1,13,1
1765628041.799129,3424,2,13,1,13,1
1765628041.816468,3424,2,13,1,13,1
1765628041.832864,3425,2,13,1,13,1
1765628041.850348,3426,2,13,1,13,1
1765628041.867010,3427,2,13,1,13,1
1765628041.883414,3427,2,13,1,13,1
1765628041.899740,3429,2,13,1,13,1
1765628041.916610,3430,2,13,1,13,1
1765628041.933061,3430,2,13,1,13,1
1765628041.950383,3431,2,13,1,13,1
1765628041.967508,3432,2,13,1,13,1
1765628041.983255,3433,2,13,1,13,1
1765628042.000017,3434,2,13,1,13,1
1765628042.017874,3435,2,13,1,13,1
1765628042.035275,3436,2,13,1,13,1
1765628042.051314,3436,2,13,1,13,1
1765628042.067579,3437,2,13,1,13,1
1765628042.083792,3438,2,13,1,13,1
1765628042.101401,3439,2,14,1,14,1
1765628042.117656,3440,2,14,1,14,1
1765628042.133281,3441,2,14,1,14,1
1765628042.149198,3442,2,14,1,14,1
1765628042.165862,3443,2,14,1,14,1
1765628042.182936,3443,2,14,1,14,1
1765628042.200352,3444,2,14,1,14,1
1765628042.216645,3445,2,14,1,14,1
1765628042.233290,3446,2,14,1,14,1
1765628042.249228,3446,2,14,1,14,1
1765628042.265372,3447,2,14,1,14,1
1765628042.281209,3448,2,14,1,14,1
1765628042.297718,3449,2,14,1,14,1
1765628042.313787,3450,2,14,1,14,1
1765628042.330667,3451,2,14,1,14,1
1765628042.348460,3452,2,14,1,14,1
1765628042.364905,3453,2,14,1,14,1
1765628042.382284,3454,2,14,1,14,1
1765628042.399320,3455,2,14,1,14,1
1765628042.415669,3456,2,14,1,14,1
1765628042.433121,3457,2,14,1,14,1
1765628042.450139,3457,2,14,1,14,1
1765628042.467909,3458,2,14,1,14,1
1765628042.484752,3459,2,14,1,14,1
1765628042.501438,3460,2,14,1,14,1
1765628042.517673,3461,2,14,1,14,1
1765628042.535026,3462,2,14,1,14,1
1765628042.551939,3463,2,14,1,14,1
1765628042.569380,3463,2,14,1,14,1
1765628042.585158,3464,2,14,1,14,1
1765628042.601084,3465,2,14,1,14,1
1765628042.618599,3466,2,14,0,14,0
1765628042.634908,3466,2,14,0,14,0
1765628042.652635,3467,2,14,0,14,0
1765628042.668574,3468,2,14,0,14,0
1765628042.696873,3469,2,14,0,14,0
1765628042.713464,3470,2,14,0,14,0
1765628042.730549,3471,2,14,0,14,0
1765628042.746627,3472,2,14,0,14,0
1765628042.762779,3473,2,14,0,14,0
1765628042.779815,3474,2,14,0,14,0
1765628042.798090,3476,2,14,0,14,0
1765628042.814994,3476,2,14,0,14,0
1765628042.832010,3477,2,14,0,14,0
1765628042.848911,3478,2,14,0,14,0
1765628042.866209,3479,2,14,0,14,0
1765628042.883542,3480,2,14,0,14,0
1765628042.899463,3480,2,14,0,14,0
1765628042.915756,3481,2,14,0,14,0
1765628042.931985,3482,2,14,0,14,0
1765628042.949281,3483,2,14,0,14,0
1765628042.965423,3483,2,14,0,14,0
1765628042.981757,3484,2,14,0,14,0
1765628042.998229,3485,2,14,0,14,0
1765628043.014484,3486,2,14,0,14,0
1765628043.030854,3486,2,14,0,14,0
1765628043.048503,3487,2,14,0,14,0
1765628043.064527,3488,2,14,0,14,0
1765628043.080493,3489,2,14,0,14,0
1765628043.097372,3490,2,14,0,14,0
1765628043.114199,3491,2,14,0,14,0
1765628043.131715,3492,2,14,0,14,0
1765628043.148228,3492,2,14,0,14,0
1765628043.164277,3493,2,14,0,14,0
1765628043.180661,3494,2,14,0,14,0
1765628043.196372,3495,2,14,0,14,0
1765628043.212561,3495,2,14,0,14,0
1765628043.230049,3496,2,14,0,14,0
1765628043.246291,3497,2,14,0,14,0
1765628043.262634,3498,2,14,0,14,0
1765628043.278958,3499,2,14,0,14,0
1765628043.294920,3500,2,14,0,14,0
1765628043.311931,3501,2,14,0,14,0
1765628043.328002,3501,2,14,0,14,0
1765628043.345093,3503,2,14,0,14,0
1765628043.362407,3503,2,14,0,14,0
1765628043.378678,3504,2,14,0,14,0
1765628043.395213,3505,2,14,0,14,0
1765628043.411603,3506,2,14,0,14,0
1765628043.427605,3507,2,14,0,14,0
1765628043.443690,3508,2,14,0,14,0
1765628043.460268,3509,2,14,0,14,0
1765628043.477673,3510,2,14,0,14,0
1765628043.493569,3510,2,14,0,14,0
1765628043.509779,3511,2,14,0,14,0
1765628043.526943,3512,2,14,0,14,0
1765628043.543545,3513,2,14,0,14,0
1765628043.559769,3514,2,14,0,14,0
1765628043.577339,3514,2,14,0,14,0
1765628043.593114,3515,2,14,0,14,0
1765628043.610209,3516,2,14,0,14,0
1765628043.626493,3517,2,14,0,14,0
1765628043.642514,3517,2,14,0,14,0
1765628043.657935,3518,2,14,0,14,0
1765628043.674821,3519,2,14,0,14,0
1765628043.690909,3520,2,14,0,14,0
1765628043.708411,3521,2,14,0,14,0
1765628043.724540,3522,2,14,0,14,0
1765628043.741784,3523,2,14,0,14,0
1765628043.759186,3524,2,14,0,14,0
1765628043.775744,3525,2,14,0,14,0
1765628043.792372,3526,2,14,0,14,0
1765628043.809033,3527,2,14,0,14,0
1765628043.826298,3527,2,14,0,14,0
1765628043.843485,3528,2,14,0,14,0
1765628043.859547,3529,2,14,0,14,0
1765628043.876158,3530,2,14,0,14,0
1765628043.892528,3531,2,14,0,14,0
1765628043.909482,3531,2,14,0,14,0
1765628043.926649,3532,2,14,0,14,0
1765628043.944003,3533,2,14,0,14,0
1765628043.961537,3534,2,14,0,14,0
1765628043.977501,3534,2,14,0,14,0
1765628043.993868,3535,2,14,0,14,0
1765628044.011103,3536,2,14,0,14,0
1765628044.027899,3537,2,14,0,14,0
1765628044.044558,3538,2,14,0,14,0
1765628044.060624,3538,2,14,0,14,0
1765628044.077201,3540,2,14,0,14,0
1765628044.093503,3540,2,14,0,14,0
1765628044.110376,3541,2,14,0,14,0
1765628044.127006,3542,2,14,0,14,0
1765628044.143020,3543,2,14,0,14,0
1765628044.159375,3543,2,14,0,14,0
1765628044.175614,3544,2,14,0,14,0
1765628044.191681,3545,2,14,0,14,0
1765628044.208320,3546,2,14,0,14,0
1765628044.225698,3547,2,14,0,14,0
1765628044.241461,3548,2,14,0,14,0
1765628044.258272,3548,2,14,0,14,0
1765628044.274646,3549,2,14,0,14,0
1765628044.290817,3550,2,14,0,14,0
1765628044.307487,3551,2,14,0,14,0
1765628044.323655,3552,2,14,0,14,0
1765628044.340689,3552,2,14,0,14,0
1765628044.356750,3553,2,14,0,14,0
1765628044.373889,3554,2,14,0,14,0
1765628044.391378,3555,2,14,0,14,0
1765628044.407330,3556,2,14,0,14,0
1765628044.423397,3557,2,14,0,14,0
1765628044.439222,3557,2,14,0,14,0
1765628044.456196,3558,2,14,0,14,0
1765628044.472382,3559,2,14,0,14,0
1765628044.489357,3560,2,13,0,13,0
1765628044.505554,3560,2,13,0,13,0
1765628044.521892,3561,2,13,0,13,0
1765628044.538795,3562,2,13,0,13,0
1765628044.555855,3563,2,13,0,13,0
1765628044.572873,3564,2,13,0,13,0
1765628044.589133,3564,2,13,0,13,0
1765628044.606241,3566,2,13,0,13,0
1765628044.623471,3566,2,13,0,13,0
1765628044.640182,3567,2,13,0,13,0
1765628044.656428,3568,2,13,0,13,0
1765628044.672656,3569,2,13,0,13,0
1765628044.688251,3570,2,13,0,13,0
1765628044.705270,3571,2,13,0,13,0
1765628044.721607,3572,2,13,0,13,0
1765628044.738249,3572,2,13,0,13,0
1765628044.754983,3573,2,13,0,13,0
1765628044.771667,3574,2,13,0,13,0
1765628044.787641,3575,2,13,0,13,0
1765628044.803317,3575,2,13,0,13,0
1765628044.819977,3576,2,13,0,13,0
1765628044.837006,3577,2,13,0,13,0
1765628044.854662,3578,2,13,0,13,0
1765628044.871117,3579,2,13,0,13,0
1765628044.887886,3580,2,13,0,13,0
1765628044.905298,3582,2,13,0,13,0
1765628044.922323,3582,2,13,0,13,0
1765628044.938186,3584,2,13,0,13,0
1765628044.954605,3584,2,13,0,13,0
1765628044.971635,3586,2,13,1,13,1
1765628044.987391,3587,2,13,1,13,1
1765628045.004250,3588,2,13,1,13,1
1765628045.021172,3588,2,13,1,13,1
1765628045.037578,3589,2,13,1,13,1
1765628045.054705,3590,2,13,1,13,1
1765628045.072639,3591,2,13,1,13,1
1765628045.088341,3592,2,13,1,13,1
1765628045.104832,3592,2,13,1,13,1
1765628045.122061,3593,2,13,1,13,1
1765628045.139606,3594,2,13,1,13,1
1765628045.155827,3595,2,13,1,13,1
1765628045.172780,3596,2,13,1,13,1
1765628045.189884,3596,2,13,1,13,1
1765628045.207062,3597,2,13,1,13,1
1765628045.224955,3598,2,13,1,13,1
1765628045.241375,3599,2,13,1,13,1
1765628045.257119,3600,2,13,1,13,1
1765628045.273938,3601,2,13,1,13,1
1765628045.291225,3602,2,13,1,13,1
1765628045.308384,3602,2,13,1,13,1
1765628045.324641,3603,2,13,1,13,1
1765628045.341309,3604,2,13,1,13,1
1765628045.357486,3605,2,13,1,13,1
1765628045.373392,3605,2,13,1,13,1
1765628045.389714,3606,2,13,1,13,1
1765628045.406326,3607,2,13,1,13,1
1765628045.422575,3608,2,13,1,13,1
1765628045.438940,3609,2,13,1,13,1
1765628045.455641,3610,2,13,1,13,1
1765628045.471810,3611,2,13,1,13,1
1765628045.488648,3611,2,13,1,13,1
1765628045.504052,3612,2,13,1,13,1
1765628045.520002,3613,2,13,1,13,1
1765628045.536756,3614,2,13,1,13,1
1765628045.554321,3614,2,13,1,13,1
1765628045.570765,3615,2,13,1,13,1
1765628045.588147,3616,2,13,1,13,1
1765628045.605369,3617,2,13,1,13,1
1765628045.621480,3618,2,13,1,13,1
1765628045.636851,3618,2,13,1,13,1
1765628045.653492,3619,2,13,1,13,1
1765628045.669923,3620,2,13,1,13,1
1765628045.687111,3621,2,13,1,13,1
1765628045.703799,3622,2,13,1,13,1
1765628045.720137,3624,2,13,1,13,1
1765628045.736797,3624,2,13,1,13,1
1765628045.753710,3625,2,13,1,13,1
1765628045.770393,3626,2,13,1,13,1
1765628045.787119,3627,2,13,1,13,1
1765628045.803738,3628,2,13,1,13,1
1765628045.819115,3628,2,13,1,13,1
1765628045.835757,3629,2,13,1,13,1
1765628045.852181,3630,2,13,1,13,1
1765628045.868490,3631,2,13,1,13,1
1765628045.885278,3631,2,13,1,13,1
1765628045.901424,3632,2,13,1,13,1
1765628045.917553,3633,2,13,1,13,1
1765628045.933916,3634,2,13,1,13,1
1765628045.951501,3634,2,13,1,13,1
1765628045.968642,3635,2,13,1,13,1
1765628045.984692,3636,2,13,1,13,1
1765628046.000247,3637,2,13,1,13,1
1765628046.016675,3638,2,13,1,13,1
1765628046.032374,3639,2,13,1,13,1
1765628046.048874,3639,2,13,1,13,1
1765628046.066039,3640,2,13,1,13,1
1765628046.083995,3642,2,13,1,13,1
1765628046.100287,3642,2,13,1,13,1
1765628046.117201,3643,2,13,1,13,1
1765628046.133690,3644,2,13,1,13,1
1765628046.149081,3645,2,13,1,13,1
1765628046.166474,3645,2,13,1,13,1
1765628046.182423,3646,2,13,1,13,1
1765628046.198786,3647,2,13,1,13,1
1765628046.215522,3648,2,13,1,13,1
1765628046.231331,3648,2,13,1,13,1
1765628046.246934,3649,2,13,1,13,1
1765628046.264621,3650,2,13,1,13,1
1765628046.280745,3651,2,13,1,13,1
1765628046.297940,3652,2,13,1,13,1
1765628046.315173,3652,2,13,1,13,1
1765628046.331389,3654,2,13,1,13,1
1765628046.347605,3654,2,13,1,13,1
1765628046.364868,3655,2,13,1,13,1
1765628046.381427,3656,2,13,1,13,1
1765628046.398087,3658,2,13,1,13,1
1765628046.415359,3658,2,13,1,13,1
1765628046.432202,3659,2,13,1,13,1
1765628046.449063,3660,2,13,1,13,1
1765628046.465982,3661,2,13,1,13,1
1765628046.482793,3662,2,13,1,13,1
1765628046.498908,3662,2,13,1,13,1
1765628046.516552,3663,2,13,1,13,1
1765628046.532671,3664,2,13,1,13,1
1765628046.549205,3665,2,13,1,13,1
1765628046.566581,3666,2,13,1,13,1
1765628046.582716,3666,2,13,1,13,1
1765628046.598921,3667,2,13,1,13,1
1765628046.615731,3668,2,13,1,13,1
1765628046.633538,3669,2,13,1,13,1
1765628046.649795,3669,2,13,1,13,1
1765628046.666533,3670,2,13,1,13,1
1765628046.683005,3671,2,13,1,13,1
1765628046.699452,3672,2,13,1,13,1
1765628046.716462,3673,2,13,1,13,1
1765628046.733498,3673,2,13,1,13,1
1765628046.749707,3674,2,13,1,13,1
1765628046.767229,3675,2,13,1,13,1
1765628046.783764,3676,2,13,1,13,1
1765628046.801409,3677,2,13,1,13,1
1765628046.817519,3677,2,13,1,13,1
1765628046.833190,3678,2,13,1,13,1
1765628046.849841,3679,2,13,1,13,1
1765628046.866307,3680,2,13,1,13,1
1765628046.881901,3680,2,13,1,13,1
1765628046.899119,3682,2,13,1,13,1
1765628046.915343,3682,2,13,1,13,1
1765628046.931381,3683,2,13,1,13,1
1765628046.947820,3684,2,13,1,13,1
1765628046.964835,3685,2,13,1,13,1
1765628046.981556,3686,2,13,1,13,1
1765628046.997029,3687,2,13,1,13,1
1765628047.013082,3687,2,13,1,13,1
1765628047.029984,3688,2,13,1,13,1
1765628047.046714,3689,2,13,1,13,1
1765628047.063629,3690,2,13,1,13,1
1765628047.080416,3691,2,13,1,13,1
1765628047.096714,3692,2,13,1,13,1
1765628047.112812,3693,2,13,1,13,1
1765628047.130067,3693,2,13,1,13,1
1765628047.147313,3694,2,13,1,13,1
1765628047.164148,3695,2,13,1,13,1
1765628047.180937,3696,2,13,1,13,1
1765628047.198747,3697,2,13,1,13,1
1765628047.215744,3697,2,13,1,13,1
1765628047.233227,3698,2,13,1,13,1
1765628047.250041,3699,2,13,1,13,1
1765628047.266706,3700,2,13,1,13,1
1765628047.284554,3701,2,13,1,13,1
1765628047.300605,3702,2,13,1,13,1
1765628047.316293,3703,2,13,1,13,1
1765628047.332691,3703,2,13,1,13,1
1765628047.349029,3705,2,13,1,13,1
1765628047.366461,3705,2,13,1,13,1
1765628047.383983,3706,2,13,1,13,1
1765628047.400490,3707,2,13,1,13,1
1765628047.416532,3708,2,13,1,13,1
1765628047.433635,3708,2,13,1,13,1
1765628047.450026,3710,2,13,1,13,1
1765628047.466655,3710,2,13,1,13,1
1765628047.482698,3711,2,13,1,13,1
1765628047.499051,3712,2,13,1,13,1
1765628047.515890,3713,2,13,1,13,1
1765628047.532487,3714,2,13,1,13,1
1765628047.548958,3715,2,13,1,13,1
1765628047.575305,3716,2,13,1,13,1
1765628047.587694,3717,2,13,1,13,1
1765628047.601966,3718,2,13,1,13,1
1765628047.618526,3718,2,13,1,13,1
1765628047.634656,3719,2,13,1,13,1
1765628047.650380,3720,2,13,1,13,1
