time,snapshot_id,player_id,server_row,server_col,display_row,display_col
1765413713.642928,121,2,19,1,19,1
1765413713.657218,121,2,19,1,19,1
1765413713.673297,121,2,19,1,19,1
1765413713.690454,122,2,19,1,19,1
1765413713.707004,122,2,19,1,19,1
1765413713.727294,122,2,19,1,19,1
1765413713.740750,123,2,19,1,19,1
1765413713.755335,123,2,19,1,19,1
1765413713.772629,124,2,19,1,19,1
1765413713.789556,124,2,19,1,19,1
1765413713.805383,124,2,19,1,19,1
1765413713.821481,125,2,19,1,19,1
1765413713.838389,125,2,19,1,19,1
1765413713.856210,126,2,19,1,19,1
1765413713.881203,126,2,19,1,19,1
1765413713.896768,127,2,19,1,19,1
1765413713.913363,127,2,19,1,19,1
1765413713.930000,127,2,19,1,19,1
1765413713.947171,128,2,19,1,19,1
1765413713.963492,128,2,19,1,19,1
1765413713.979944,129,2,19,1,19,1
1765413713.996082,129,2,19,1,19,1
1765413714.022698,129,2,19,1,19,1
1765413714.028986,130,2,19,1,19,1
1765413714.044806,130,2,19,1,19,1
1765413714.061385,131,2,19,1,19,1
1765413714.078449,131,2,19,1,19,1
1765413714.095067,131,2,19,1,19,1
1765413714.112131,132,2,19,1,19,1
1765413714.128191,132,2,19,1,19,1
1765413714.144758,133,2,19,1,19,1
1765413714.161181,133,2,19,1,19,1
1765413714.178089,133,2,19,1,19,1
1765413714.194973,134,2,18,1,18,1
1765413714.211874,134,2,18,1,18,1
1765413714.229364,135,2,18,1,18,1
1765413714.244814,135,2,18,1,18,1
1765413714.260792,135,2,18,1,18,1
1765413714.277475,136,2,18,1,18,1
1765413714.293617,136,2,18,1,18,1
1765413714.310419,136,2,18,1,18,1
1765413714.328144,137,2,18,1,18,1
1765413714.345030,137,2,18,1,18,1
1765413714.362645,138,2,18,1,18,1
1765413714.378791,138,2,18,1,18,1
1765413714.394174,138,2,18,1,18,1
1765413714.411177,139,2,18,1,18,1
1765413714.428238,139,2,18,1,18,1
1765413714.445341,140,2,18,1,18,1
1765413714.461656,140,2,18,1,18,1
1765413714.478021,140,2,18,1,18,1
1765413714.494686,141,2,18,1,18,1
1765413714.511079,141,2,18,1,18,1
1765413714.528476,142,2,18,1,18,1
1765413714.544983,142,2,18,1,18,1
1765413714.561307,142,2,18,1,18,1
1765413714.578353,143,2,18,1,18,1
1765413714.596024,143,2,18,1,18,1
1765413714.613647,144,2,18,1,18,1
1765413714.629401,144,2,18,1,18,1
1765413714.648286,144,2,18,1,18,1
1765413714.664065,145,2,18,1,18,1
1765413714.681396,146,2,18,1,18,1
1765413714.698673,146,2,18,1,18,1
1765413714.715484,146,2,18,1,18,1
1765413714.732254,147,2,18,1,18,1
1765413714.749280,147,2,18,1,18,1
1765413714.765802,148,2,18,1,18,1
1765413714.782358,148,2,18,1,18,1
1765413714.799062,148,2,18,1,18,1
1765413714.816440,149,2,18,1,18,1
1765413714.832794,149,2,18,1,18,1
1765413714.848613,149,2,18,1,18,1
1765413714.865422,150,2,18,1,18,1
1765413714.882551,150,2,18,1,18,1
1765413714.899099,151,2,18,1,18,1
1765413714.915729,151,2,18,1,18,1
1765413714.931783,151,2,18,1,18,1
1765413714.948159,152,2,18,1,18,1
1765413714.965680,152,2,18,1,18,1
1765413714.982541,153,2,18,1,18,1
1765413714.998738,153,2,18,1,18,1
1765413715.014774,153,2,18,1,18,1
1765413715.030738,154,2,18,1,18,1
1765413715.047876,154,2,18,1,18,1
1765413715.064070,155,2,18,1,18,1
1765413715.081392,155,2,18,1,18,1
1765413715.097131,155,2,18,1,18,1
1765413715.113291,156,2,18,1,18,1
1765413715.129791,156,2,18,1,18,1
1765413715.145939,157,2,18,1,18,1
1765413715.161630,157,2,18,1,18,1
1765413715.178877,157,2,18,1,18,1
1765413715.194688,158,2,17,1,17,1
1765413715.211149,158,2,17,1,17,1
1765413715.228132,158,2,17,1,17,1
1765413715.244853,159,2,17,1,17,1
1765413715.261048,159,2,17,1,17,1
1765413715.278548,160,2,17,1,17,1
1765413715.294811,160,2,17,1,17,1
1765413715.311427,160,2,17,1,17,1
1765413715.328313,161,2,17,1,17,1
1765413715.345356,161,2,17,1,17,1
1765413715.362516,162,2,17,1,17,1
1765413715.378489,162,2,17,1,17,1
1765413715.396192,163,2,17,1,17,1
1765413715.412169,163,2,17,1,17,1
1765413715.429202,163,2,17,1,17,1
1765413715.447257,164,2,17,1,17,1
1765413715.463952,164,2,17,1,17,1
1765413715.481576,165,2,17,1,17,1
1765413715.497332,165,2,17,1,17,1
1765413715.514773,165,2,17,1,17,1
1765413715.530758,166,2,16,1,16,1
1765413715.547911,166,2,16,1,16,1
1765413715.563944,167,2,16,1,16,1
1765413715.579607,167,2,16,1,16,1
1765413715.596368,167,2,16,1,16,1
1765413715.614145,168,2,16,1,16,1
1765413715.631459,168,2,16,1,16,1
1765413715.648271,169,2,16,1,16,1
1765413715.665197,169,2,16,1,16,1
1765413715.826230,170,2,16,1,16,1
1765413715.847037,170,2,16,1,16,1
1765413715.888222,170,2,16,1,16,1
1765413715.905318,171,2,16,1,16,1
1765413715.921784,171,2,16,1,16,1
1765413715.940194,171,2,16,1,16,1
1765413715.979144,173,2,16,1,16,1
1765413715.996402,173,2,16,1,16,1
1765413716.013435,173,2,16,1,16,1
1765413716.030076,174,2,16,1,16,1
1765413716.046938,174,2,16,1,16,1
1765413716.062809,175,2,16,1,16,1
1765413716.079759,175,2,16,1,16,1
1765413716.096509,175,2,16,1,16,1
1765413716.113308,176,2,16,1,16,1
1765413716.129381,176,2,16,1,16,1
1765413716.145684,177,2,16,1,16,1
1765413716.162046,177,2,16,1,16,1
1765413716.178441,177,2,16,1,16,1
1765413716.195236,178,2,16,1,16,1
1765413716.211591,178,2,16,1,16,1
1765413716.228675,178,2,16,1,16,1
1765413716.244513,179,2,16,1,16,1
1765413716.261355,179,2,16,1,16,1
1765413716.279058,180,2,16,1,16,1
1765413716.296122,180,2,16,1,16,1
1765413716.313873,181,2,16,1,16,1
1765413716.330447,181,2,16,1,16,1
1765413716.347590,181,2,16,1,16,1
1765413716.363882,182,2,16,1,16,1
1765413716.379658,182,2,16,1,16,1
1765413716.396820,182,2,16,1,16,1
1765413716.412646,183,2,16,1,16,1
1765413716.429053,183,2,16,1,16,1
1765413716.446877,184,2,16,1,16,1
1765413716.463506,184,2,16,1,16,1
1765413716.480478,184,2,16,1,16,1
1765413716.497036,185,2,16,1,16,1
1765413716.514071,185,2,16,1,16,1
1765413716.530699,186,2,16,1,16,1
1765413716.547296,186,2,16,1,16,1
1765413716.564607,186,2,16,1,16,1
1765413716.581421,187,2,16,1,16,1
1765413716.598852,187,2,16,1,16,1
1765413716.615597,188,2,16,1,16,1
1765413716.632778,188,2,16,1,16,1
1765413716.648531,188,2,16,1,16,1
1765413716.665277,189,2,16,1,16,1
1765413716.681765,189,2,16,1,16,1
1765413716.697936,190,2,16,1,16,1
1765413716.714064,190,2,16,1,16,1
1765413716.730509,190,2,16,1,16,1
1765413716.747212,191,2,16,1,16,1
1765413716.764580,191,2,16,1,16,1
1765413716.781584,192,2,16,2,16,2
1765413716.798399,192,2,16,2,16,2
1765413716.815695,192,2,16,2,16,2
1765413716.832061,193,2,16,2,16,2
1765413716.848783,193,2,16,2,16,2
1765413716.865363,194,2,16,2,16,2
1765413716.881766,194,2,16,2,16,2
1765413716.898570,194,2,16,2,16,2
1765413716.915781,195,2,16,2,16,2
1765413716.932150,195,2,16,2,16,2
1765413716.948242,196,2,16,2,16,2
1765413716.965051,196,2,16,2,16,2
1765413716.981516,196,2,16,2,16,2
1765413716.997931,197,2,16,2,16,2
1765413717.013473,197,2,16,2,16,2
1765413717.030184,197,2,16,2,16,2
1765413717.047114,198,2,16,2,16,2
1765413717.063593,198,2,16,2,16,2
1765413717.080777,199,2,16,2,16,2
1765413717.097082,199,2,16,2,16,2
1765413717.113918,199,2,16,2,16,2
1765413717.129709,200,2,16,2,16,2
1765413717.146105,200,2,16,2,16,2
1765413717.163181,201,2,16,2,16,2
1765413717.180187,201,2,16,2,16,2
1765413717.196860,201,2,16,2,16,2
1765413717.213433,202,2,16,2,16,2
1765413717.230406,202,2,16,2,16,2
1765413717.247499,203,2,16,2,16,2
1765413717.264000,203,2,16,2,16,2
1765413717.280257,203,2,16,2,16,2
1765413717.297252,204,2,16,2,16,2
1765413717.313850,204,2,16,2,16,2
1765413717.329841,205,2,16,2,16,2
1765413717.346110,205,2,16,2,16,2
1765413717.363349,205,2,16,2,16,2
1765413717.379694,206,2,16,2,16,2
1765413717.396332,206,2,16,2,16,2
1765413717.412424,206,2,16,2,16,2
1765413717.429537,207,2,16,2,16,2
1765413717.445655,207,2,16,2,16,2
1765413717.461784,208,2,16,2,16,2
1765413717.478416,208,2,16,2,16,2
1765413717.495274,208,2,16,2,16,2
1765413717.511318,209,2,16,2,16,2
1765413717.528562,209,2,16,2,16,2
1765413717.545206,210,2,16,2,16,2
1765413717.562812,210,2,16,2,16,2
1765413717.580419,210,2,16,2,16,2
1765413717.598439,211,2,16,2,16,2
1765413717.614892,211,2,16,2,16,2
1765413717.630707,212,2,16,2,16,2
1765413717.647024,212,2,16,2,16,2
1765413717.662833,212,2,16,2,16,2
1765413717.679257,213,2,16,2,16,2
1765413717.696496,213,2,16,2,16,2
1765413717.712842,213,2,16,2,16,2
1765413717.728352,214,2,16,2,16,2
1765413717.745750,214,2,16,2,16,2
1765413717.762505,215,2,16,2,16,2
1765413717.779180,215,2,16,2,16,2
1765413717.795729,215,2,16,2,16,2
1765413717.811579,216,2,16,2,16,2
1765413717.828150,216,2,16,2,16,2
1765413717.845814,217,2,16,2,16,2
1765413717.861705,217,2,16,2,16,2
1765413717.877621,217,2,16,2,16,2
1765413717.893605,218,2,16,2,16,2
1765413717.909598,218,2,16,2,16,2
1765413717.926343,218,2,16,2,16,2
1765413717.942950,219,2,16,2,16,2
1765413717.959476,219,2,16,2,16,2
1765413717.975919,220,2,16,2,16,2
1765413717.992796,220,2,16,2,16,2
1765413718.008319,220,2,16,2,16,2
1765413718.025902,221,2,16,2,16,2
1765413718.042033,221,2,16,2,16,2
1765413718.058969,222,2,16,2,16,2
1765413718.074453,222,2,16,2,16,2
1765413718.090784,222,2,16,2,16,2
1765413718.107861,223,2,16,2,16,2
1765413718.124117,223,2,16,2,16,2
1765413718.141320,224,2,16,2,16,2
1765413718.158503,224,2,16,2,16,2
1765413718.174771,224,2,16,2,16,2
1765413718.191259,225,2,16,2,16,2
1765413718.208461,225,2,16,2,16,2
1765413718.225179,226,2,16,2,16,2
1765413718.242638,226,2,16,2,16,2
1765413718.259726,226,2,16,2,16,2
1765413718.276449,227,2,16,2,16,2
1765413718.293126,227,2,16,2,16,2
1765413718.310238,228,2,17,2,17,2
1765413718.327686,228,2,17,2,17,2
1765413718.343360,228,2,17,2,17,2
1765413718.360916,229,2,17,2,17,2
1765413718.377142,229,2,17,2,17,2
1765413718.394064,230,2,17,2,17,2
1765413718.411458,230,2,17,2,17,2
1765413718.427726,230,2,17,2,17,2
1765413718.443129,231,2,17,2,17,2
1765413718.461300,231,2,17,2,17,2
1765413718.478544,232,2,17,2,17,2
1765413718.495057,232,2,17,2,17,2
1765413718.512223,232,2,17,2,17,2
1765413718.528942,233,2,17,2,17,2
1765413718.545254,233,2,17,2,17,2
1765413718.562215,234,2,17,2,17,2
1765413718.579047,234,2,17,2,17,2
1765413718.595551,234,2,17,2,17,2
1765413718.611338,235,2,17,2,17,2
1765413718.628309,235,2,17,2,17,2
1765413718.645444,236,2,17,2,17,2
1765413718.661946,236,2,17,2,17,2
1765413718.678177,236,2,17,2,17,2
1765413718.695091,237,2,17,2,17,2
1765413718.712165,237,2,17,2,17,2
1765413718.728179,237,2,17,2,17,2
1765413718.745001,238,2,17,2,17,2
1765413718.761161,238,2,17,2,17,2
1765413718.777333,239,2,17,2,17,2
1765413718.793299,239,2,17,2,17,2
1765413718.810289,239,2,17,2,17,2
1765413718.827098,240,2,17,2,17,2
1765413718.843871,240,2,17,2,17,2
1765413718.860233,241,2,17,2,17,2
1765413718.877857,241,2,17,2,17,2
1765413718.894290,241,2,17,2,17,2
1765413718.910921,242,2,17,2,17,2
1765413718.928049,242,2,17,2,17,2
1765413718.944236,243,2,17,2,17,2
1765413718.961024,243,2,17,2,17,2
1765413718.977527,243,2,17,2,17,2
1765413718.994334,244,2,17,2,17,2
1765413719.011585,244,2,17,2,17,2
1765413719.027602,244,2,17,2,17,2
1765413719.044332,245,2,17,2,17,2
1765413719.060745,245,2,17,2,17,2
1765413719.076912,246,2,17,1,17,1
1765413719.093656,246,2,17,1,17,1
1765413719.109850,246,2,17,1,17,1
1765413719.126460,247,2,17,1,17,1
1765413719.143038,247,2,17,1,17,1
1765413719.159868,248,2,17,1,17,1
1765413719.175871,248,2,17,1,17,1
1765413719.192773,248,2,17,1,17,1
1765413719.208645,249,2,17,1,17,1
1765413719.225209,249,2,17,1,17,1
1765413719.241867,250,2,17,1,17,1
1765413719.257328,250,2,17,1,17,1
1765413719.274786,250,2,17,1,17,1
1765413719.290679,251,2,17,1,17,1
1765413719.307264,251,2,17,1,17,1
1765413719.324100,252,2,17,1,17,1
1765413719.341110,252,2,17,1,17,1
1765413719.357554,252,2,17,1,17,1
1765413719.373371,253,2,17,1,17,1
1765413719.395356,253,2,17,1,17,1
1765413719.412628,254,2,17,1,17,1
1765413719.429163,254,2,17,1,17,1
1765413719.445894,254,2,17,1,17,1
1765413719.462675,255,2,17,1,17,1
1765413719.479817,255,2,17,1,17,1
1765413719.495378,256,2,17,1,17,1
1765413719.512495,256,2,17,1,17,1
1765413719.529052,256,2,17,1,17,1
1765413719.546954,257,2,17,1,17,1
1765413719.562921,257,2,17,1,17,1
1765413719.578704,258,2,17,1,17,1
1765413719.595196,258,2,17,1,17,1
1765413719.611836,258,2,17,1,17,1
1765413719.628464,259,2,17,1,17,1
1765413719.645093,259,2,17,1,17,1
1765413719.662122,260,2,17,1,17,1
1765413719.679714,260,2,17,1,17,1
1765413719.696049,260,2,17,1,17,1
1765413719.712124,261,2,17,1,17,1
1765413719.729337,261,2,17,1,17,1
1765413719.746118,261,2,17,1,17,1
1765413719.762598,262,2,17,1,17,1
1765413719.779805,262,2,17,1,17,1
1765413719.796199,263,2,16,1,16,1
1765413719.813740,263,2,16,1,16,1
1765413719.829860,263,2,16,1,16,1
1765413719.845649,264,2,16,1,16,1
1765413719.861720,264,2,16,1,16,1
1765413719.878002,265,2,16,1,16,1
1765413719.893628,265,2,16,1,16,1
1765413719.910307,265,2,16,1,16,1
1765413719.926182,266,2,16,1,16,1
1765413719.943024,266,2,16,1,16,1
1765413719.958749,267,2,16,1,16,1
1765413719.975036,267,2,16,1,16,1
1765413719.990791,267,2,16,1,16,1
1765413720.008142,268,2,16,1,16,1
1765413720.024448,268,2,16,1,16,1
1765413720.111306,268,2,16,1,16,1
1765413720.156251,270,2,16,1,16,1
1765413720.196168,271,2,16,1,16,1
1765413720.212753,272,2,16,1,16,1
1765413720.229587,272,2,16,1,16,1
1765413720.245900,273,2,16,1,16,1
1765413720.261493,273,2,16,1,16,1
1765413720.277776,273,2,16,1,16,1
1765413720.294552,274,2,16,1,16,1
1765413720.311220,274,2,16,1,16,1
1765413720.328141,275,2,16,1,16,1
1765413720.345334,275,2,16,1,16,1
1765413720.363311,275,2,16,1,16,1
1765413720.379398,276,2,16,1,16,1
1765413720.396241,276,2,16,1,16,1
1765413720.412928,277,2,16,1,16,1
1765413720.428521,277,2,16,1,16,1
1765413720.445601,277,2,16,1,16,1
1765413720.461401,278,2,16,1,16,1
1765413720.478192,278,2,16,1,16,1
1765413720.494387,279,2,16,2,16,2
1765413720.510958,279,2,16,2,16,2
1765413720.527118,279,2,16,2,16,2
1765413720.544186,280,2,16,2,16,2
1765413720.560984,280,2,16,2,16,2
1765413720.577009,281,2,16,2,16,2
1765413720.593326,281,2,16,2,16,2
1765413720.610189,281,2,16,2,16,2
1765413720.627176,282,2,16,2,16,2
1765413720.646952,282,2,16,2,16,2
1765413720.663744,283,2,16,2,16,2
1765413720.679971,283,2,16,2,16,2
1765413720.696030,283,2,16,2,16,2
1765413720.713648,284,2,16,2,16,2
1765413720.729855,284,2,16,2,16,2
1765413720.746219,285,2,16,2,16,2
1765413720.763257,285,2,16,2,16,2
1765413720.779118,285,2,16,2,16,2
1765413720.795937,286,2,16,2,16,2
1765413720.811386,286,2,16,2,16,2
1765413720.828185,287,2,16,1,16,1
1765413720.845762,287,2,16,1,16,1
1765413720.862365,287,2,16,1,16,1
1765413720.879454,288,2,16,1,16,1
1765413720.895519,288,2,16,1,16,1
1765413720.912257,289,2,16,1,16,1
1765413720.929360,289,2,16,1,16,1
1765413720.946014,289,2,16,1,16,1
1765413720.962049,290,2,16,1,16,1
1765413720.979274,290,2,16,1,16,1
1765413720.996652,291,2,16,1,16,1
1765413721.012140,291,2,16,1,16,1
1765413721.029321,291,2,16,1,16,1
1765413721.045595,292,2,16,1,16,1
1765413721.062740,292,2,16,1,16,1
1765413721.078770,292,2,16,1,16,1
1765413721.094857,293,2,16,1,16,1
1765413721.111312,293,2,16,1,16,1
1765413721.127924,294,2,16,1,16,1
1765413721.143448,294,2,16,1,16,1
1765413721.159495,294,2,16,1,16,1
1765413721.176040,295,2,16,1,16,1
1765413721.191568,295,2,16,1,16,1
1765413721.208809,296,2,16,1,16,1
1765413721.225377,296,2,16,1,16,1
1765413721.242119,296,2,16,1,16,1
1765413721.258903,297,2,16,1,16,1
1765413721.274479,297,2,16,1,16,1
1765413721.291214,297,2,16,1,16,1
1765413721.308064,298,2,16,1,16,1
1765413721.325768,298,2,16,1,16,1
1765413721.342430,299,2,16,1,16,1
1765413721.358444,299,2,16,1,16,1
1765413721.375183,299,2,16,1,16,1
1765413721.391932,300,2,16,1,16,1
1765413721.408337,300,2,16,1,16,1
1765413721.424972,301,2,16,1,16,1
1765413721.440704,301,2,16,1,16,1
1765413721.457032,301,2,16,1,16,1
1765413721.474761,302,2,16,1,16,1
1765413721.491485,302,2,16,1,16,1
1765413721.508047,303,2,16,1,16,1
1765413721.525592,303,2,16,1,16,1
1765413721.542246,303,2,16,1,16,1
1765413721.559158,304,2,16,1,16,1
1765413721.576298,304,2,16,1,16,1
1765413721.593527,305,2,16,1,16,1
1765413721.610100,305,2,16,1,16,1
1765413721.627077,306,2,16,1,16,1
1765413721.644235,306,2,16,1,16,1
1765413721.660673,306,2,16,1,16,1
1765413721.676124,307,2,16,1,16,1
1765413721.693877,307,2,16,1,16,1
1765413721.710199,307,2,16,1,16,1
1765413721.726966,308,2,16,0,16,0
1765413721.742795,308,2,16,0,16,0
1765413721.758216,309,2,16,0,16,0
1765413721.774867,309,2,16,0,16,0
1765413721.790670,309,2,16,0,16,0
1765413721.807356,310,2,16,0,16,0
1765413721.823595,310,2,16,0,16,0
1765413721.841057,311,2,16,0,16,0
1765413721.858118,311,2,16,0,16,0
1765413721.875325,311,2,16,0,16,0
1765413721.892742,312,2,16,0,16,0
1765413721.908712,312,2,16,0,16,0
1765413721.924730,313,2,16,0,16,0
1765413721.940808,313,2,16,0,16,0
1765413721.957353,313,2,16,0,16,0
1765413721.974730,314,2,16,0,16,0
1765413721.990858,314,2,16,0,16,0
1765413722.007061,315,2,16,0,16,0
1765413722.024517,315,2,16,0,16,0
1765413722.040586,315,2,16,0,16,0
1765413722.057389,316,2,16,0,16,0
1765413722.074824,316,2,16,0,16,0
1765413722.091223,317,2,16,0,16,0
1765413722.108719,317,2,16,0,16,0
1765413722.125449,317,2,16,0,16,0
1765413722.141381,318,2,16,0,16,0
1765413722.157805,318,2,16,0,16,0
1765413722.175325,319,2,16,0,16,0
1765413722.192010,319,2,16,0,16,0
1765413722.208606,319,2,16,0,16,0
1765413722.226059,320,2,16,0,16,0
1765413722.242829,320,2,16,0,16,0
1765413722.259023,321,2,16,0,16,0
1765413722.274755,321,2,16,0,16,0
1765413722.290270,322,2,16,0,16,0
1765413722.307620,322,2,16,0,16,0
1765413722.323771,322,2,16,0,16,0
1765413722.340011,323,2,16,0,16,0
1765413722.355891,323,2,16,0,16,0
1765413722.371974,323,2,16,0,16,0
1765413722.388278,324,2,16,0,16,0
1765413722.404136,324,2,16,0,16,0
1765413722.421679,325,2,16,0,16,0
1765413722.438311,325,2,16,0,16,0
1765413722.454626,325,2,16,0,16,0
1765413722.470433,326,2,16,0,16,0
1765413722.486815,326,2,16,0,16,0
1765413722.503832,327,2,16,0,16,0
1765413722.520427,327,2,16,0,16,0
1765413722.537333,327,2,16,0,16,0
1765413722.553857,328,2,16,0,16,0
1765413722.570197,328,2,16,0,16,0
1765413722.588402,329,2,16,0,16,0
1765413722.605345,329,2,16,0,16,0
1765413722.621581,329,2,16,0,16,0
1765413722.638566,330,2,16,0,16,0
1765413722.654978,330,2,16,0,16,0
1765413722.670673,330,2,16,0,16,0
1765413722.686926,331,2,16,0,16,0
1765413722.703306,331,2,16,0,16,0
1765413722.720498,332,2,16,0,16,0
1765413722.737092,332,2,16,0,16,0
1765413722.754590,332,2,16,0,16,0
1765413722.771220,333,2,16,0,16,0
1765413722.788044,333,2,16,0,16,0
1765413722.803756,334,2,16,0,16,0
1765413722.820112,334,2,16,0,16,0
1765413722.837100,334,2,16,0,16,0
1765413722.854185,335,2,16,0,16,0
1765413722.871041,335,2,16,0,16,0
1765413722.888580,336,2,16,0,16,0
1765413722.904973,336,2,16,0,16,0
1765413722.921186,336,2,16,0,16,0
1765413722.938643,337,2,16,0,16,0
1765413722.955098,337,2,16,0,16,0
1765413722.972430,338,2,16,0,16,0
1765413722.989218,338,2,16,0,16,0
1765413723.005846,338,2,16,0,16,0
1765413723.022645,339,2,16,0,16,0
1765413723.040054,339,2,16,0,16,0
1765413723.057069,340,2,16,0,16,0
1765413723.073653,340,2,16,0,16,0
1765413723.090290,340,2,16,0,16,0
1765413723.107340,341,2,16,0,16,0
1765413723.123932,341,2,16,0,16,0
1765413723.140197,342,2,16,0,16,0
1765413723.157893,342,2,16,0,16,0
1765413723.174912,342,2,16,0,16,0
1765413723.191432,343,2,16,0,16,0
1765413723.208186,343,2,16,0,16,0
1765413723.225659,344,2,16,0,16,0
1765413723.241293,344,2,16,0,16,0
1765413723.257653,344,2,16,0,16,0
1765413723.274294,345,2,16,1,16,1
1765413723.290581,345,2,16,1,16,1
1765413723.307031,346,2,16,1,16,1
1765413723.324049,346,2,16,1,16,1
1765413723.341338,346,2,16,1,16,1
1765413723.358484,347,2,16,1,16,1
1765413723.374576,347,2,16,1,16,1
1765413723.391864,348,2,16,1,16,1
1765413723.407634,348,2,16,1,16,1
1765413723.424545,348,2,16,1,16,1
1765413723.441273,349,2,16,1,16,1
1765413723.457614,349,2,16,1,16,1
1765413723.474604,350,2,16,1,16,1
1765413723.490696,350,2,16,1,16,1
1765413723.506949,350,2,16,1,16,1
1765413723.523561,351,2,16,1,16,1
1765413723.540469,351,2,16,1,16,1
1765413723.558055,351,2,16,1,16,1
1765413723.575056,352,2,16,1,16,1
1765413723.593215,352,2,16,1,16,1
1765413723.611053,353,2,16,1,16,1
1765413723.627975,353,2,16,1,16,1
1765413723.643681,354,2,16,1,16,1
1765413723.659942,354,2,16,1,16,1
1765413723.675980,354,2,16,1,16,1
1765413723.691706,355,2,16,1,16,1
1765413723.708802,355,2,16,1,16,1
1765413723.724745,355,2,16,1,16,1
1765413723.741177,356,2,16,1,16,1
1765413723.759022,356,2,16,1,16,1
1765413723.774556,357,2,16,1,16,1
1765413723.791147,357,2,16,1,16,1
1765413723.808597,357,2,16,1,16,1
1765413723.825254,358,2,16,1,16,1
1765413723.841552,358,2,16,1,16,1
1765413723.858068,359,2,16,0,16,0
1765413723.875139,359,2,16,0,16,0
1765413723.892628,359,2,16,0,16,0
1765413723.909288,360,2,16,0,16,0
1765413723.926081,360,2,16,0,16,0
1765413723.942940,361,2,16,0,16,0
1765413723.958848,361,2,16,0,16,0
1765413723.974584,361,2,16,0,16,0
1765413723.991134,362,2,16,0,16,0
1765413724.007920,362,2,16,0,16,0
1765413724.024105,363,2,16,0,16,0
1765413724.041574,363,2,16,0,16,0
1765413724.058557,363,2,16,0,16,0
1765413724.075073,364,2,16,0,16,0
1765413724.091789,364,2,16,0,16,0
1765413724.108190,365,2,16,0,16,0
1765413724.124802,365,2,16,0,16,0
1765413724.141460,365,2,16,0,16,0
1765413724.158606,366,2,16,0,16,0
1765413724.175561,366,2,16,0,16,0
1765413724.191625,366,2,16,0,16,0
1765413724.208370,367,2,16,0,16,0
1765413724.225887,367,2,16,0,16,0
1765413724.241546,368,2,16,0,16,0
1765413724.258358,368,2,16,0,16,0
1765413724.274983,368,2,16,0,16,0
1765413724.291407,369,2,16,0,16,0
1765413724.307281,369,2,16,0,16,0
1765413724.324020,370,2,16,0,16,0
1765413724.340877,370,2,16,0,16,0
1765413724.357089,370,2,16,0,16,0
1765413724.374929,371,2,15,0,15,0
1765413724.391726,371,2,15,0,15,0
1765413724.408017,372,2,15,0,15,0
1765413724.423895,372,2,15,0,15,0
1765413724.440333,372,2,15,0,15,0
1765413724.456959,373,2,15,0,15,0
1765413724.474161,373,2,15,0,15,0
1765413724.490988,374,2,15,0,15,0
1765413724.507286,374,2,15,0,15,0
1765413724.524387,374,2,15,0,15,0
1765413724.541601,375,2,15,0,15,0
1765413724.558550,375,2,15,0,15,0
1765413724.575209,376,2,15,0,15,0
1765413724.592086,376,2,15,0,15,0
1765413724.608541,376,2,15,0,15,0
1765413724.625257,377,2,15,0,15,0
1765413724.642718,377,2,15,0,15,0
1765413724.658891,378,2,15,0,15,0
1765413724.674315,378,2,15,0,15,0
1765413724.691121,378,2,15,0,15,0
1765413724.708713,379,2,15,0,15,0
1765413724.724786,379,2,15,0,15,0
1765413724.740793,380,2,15,0,15,0
1765413724.757870,380,2,15,0,15,0
1765413724.773427,380,2,15,0,15,0
1765413724.789557,381,2,15,0,15,0
1765413724.805936,381,2,15,0,15,0
1765413724.822042,381,2,15,0,15,0
1765413724.839483,382,2,15,0,15,0
1765413724.855484,382,2,15,0,15,0
1765413724.872019,383,2,15,0,15,0
1765413724.888292,383,2,15,0,15,0
1765413724.904173,383,2,15,0,15,0
1765413724.921330,384,2,15,0,15,0
1765413724.938546,384,2,15,0,15,0
1765413724.954350,385,2,16,0,16,0
1765413724.971305,385,2,16,0,16,0
1765413724.988249,385,2,16,0,16,0
1765413725.005638,386,2,16,0,16,0
1765413725.021632,386,2,16,0,16,0
1765413725.038625,387,2,16,0,16,0
1765413725.055958,387,2,16,0,16,0
1765413725.071180,387,2,16,0,16,0
1765413725.087375,388,2,16,0,16,0
1765413725.103953,388,2,16,0,16,0
1765413725.119394,388,2,16,0,16,0
1765413725.136284,389,2,16,0,16,0
1765413725.152493,389,2,16,0,16,0
1765413725.168954,390,2,16,0,16,0
1765413725.185812,390,2,16,0,16,0
1765413725.202496,390,2,16,0,16,0
1765413725.219067,391,2,16,0,16,0
1765413725.235552,391,2,16,0,16,0
1765413725.251914,392,2,16,0,16,0
1765413725.268178,392,2,16,0,16,0
1765413725.285113,392,2,16,0,16,0
1765413725.301777,393,2,16,0,16,0
1765413725.318348,393,2,16,0,16,0
1765413725.335860,394,2,17,0,17,0
1765413725.351938,394,2,17,0,17,0
1765413725.367344,394,2,17,0,17,0
1765413725.383278,395,2,17,0,17,0
1765413725.400346,395,2,17,0,17,0
1765413725.417019,396,2,17,0,17,0
1765413725.432694,396,2,17,0,17,0
1765413725.449152,396,2,17,0,17,0
1765413725.466498,397,2,17,0,17,0
1765413725.482475,397,2,17,0,17,0
1765413725.499233,398,2,17,0,17,0
1765413725.516346,398,2,17,0,17,0
1765413725.533746,398,2,17,0,17,0
1765413725.549293,399,2,17,0,17,0
1765413725.565845,399,2,17,0,17,0
1765413725.582506,400,2,17,0,17,0
1765413725.598491,400,2,17,0,17,0
1765413725.614768,400,2,17,0,17,0
1765413725.630787,401,2,17,0,17,0
1765413725.646365,401,2,17,0,17,0
1765413725.663468,402,2,17,0,17,0
1765413725.680421,402,2,17,0,17,0
1765413725.697644,402,2,17,0,17,0
1765413725.713543,403,2,17,0,17,0
1765413725.729939,403,2,17,0,17,0
1765413725.745973,403,2,17,0,17,0
1765413725.761758,404,2,17,0,17,0
1765413725.777436,404,2,17,0,17,0
1765413725.795053,405,2,17,0,17,0
1765413725.812401,405,2,17,0,17,0
1765413725.829572,405,2,17,0,17,0
1765413725.847363,406,2,17,0,17,0
1765413725.864484,406,2,17,0,17,0
1765413725.881578,407,2,17,0,17,0
1765413725.898270,407,2,17,0,17,0
1765413725.914869,408,2,17,0,17,0
1765413725.931002,408,2,17,0,17,0
1765413725.948073,408,2,17,0,17,0
1765413725.964962,409,2,17,0,17,0
1765413725.981014,409,2,17,0,17,0
1765413725.997943,409,2,17,0,17,0
1765413726.013961,410,2,17,0,17,0
1765413726.030795,410,2,17,0,17,0
1765413726.052552,411,2,17,0,17,0
1765413726.117723,412,2,17,0,17,0
1765413726.135139,413,2,17,0,17,0
1765413726.151775,413,2,17,0,17,0
1765413726.167447,413,2,17,0,17,0
1765413726.184116,414,2,17,0,17,0
1765413726.200932,414,2,17,0,17,0
1765413726.217005,415,2,17,0,17,0
1765413726.233429,415,2,17,0,17,0
1765413726.249740,415,2,17,0,17,0
1765413726.265825,416,2,17,0,17,0
1765413726.282758,416,2,17,0,17,0
1765413726.299146,416,2,17,0,17,0
1765413726.317048,417,2,17,0,17,0
1765413726.334618,417,2,17,0,17,0
1765413726.352025,418,2,17,0,17,0
1765413726.367360,418,2,17,0,17,0
1765413726.384392,419,2,17,0,17,0
1765413726.401328,419,2,17,0,17,0
1765413726.418294,419,2,17,0,17,0
1765413726.435213,420,2,17,0,17,0
1765413726.451332,420,2,17,0,17,0
1765413726.468361,420,2,17,0,17,0
1765413726.484709,421,2,17,0,17,0
1765413726.500475,421,2,17,0,17,0
1765413726.517096,422,2,17,0,17,0
1765413726.534404,422,2,17,0,17,0
1765413726.551425,422,2,17,0,17,0
1765413726.568185,423,2,17,0,17,0
1765413726.585868,423,2,17,0,17,0
1765413726.601791,424,2,17,0,17,0
1765413726.617700,424,2,17,0,17,0
1765413726.634230,424,2,17,0,17,0
1765413726.650717,425,2,17,0,17,0
1765413726.667233,425,2,17,0,17,0
1765413726.683831,426,2,16,0,16,0
1765413726.700861,426,2,16,0,16,0
1765413726.717331,426,2,16,0,16,0
1765413726.734078,427,2,16,0,16,0
1765413726.751029,427,2,16,0,16,0
1765413726.767535,428,2,16,0,16,0
1765413726.784127,428,2,16,0,16,0
1765413726.801715,429,2,16,0,16,0
1765413726.818876,429,2,16,0,16,0
1765413726.835034,429,2,16,0,16,0
1765413726.851367,430,2,16,0,16,0
1765413726.867992,430,2,16,0,16,0
1765413726.884113,431,2,16,0,16,0
1765413726.900866,431,2,16,0,16,0
1765413726.917031,431,2,16,0,16,0
1765413726.932699,432,2,16,0,16,0
1765413726.948465,432,2,16,0,16,0
1765413726.964859,432,2,16,0,16,0
1765413726.981407,433,2,16,0,16,0
1765413726.998684,433,2,16,0,16,0
1765413727.015360,434,2,16,0,16,0
1765413727.032769,434,2,16,0,16,0
1765413727.048521,434,2,16,0,16,0
1765413727.065419,435,2,16,0,16,0
1765413727.081735,435,2,16,0,16,0
1765413727.098289,436,2,16,0,16,0
1765413727.115385,436,2,16,0,16,0
1765413727.131842,436,2,16,0,16,0
1765413727.148459,437,2,16,0,16,0
1765413727.165340,437,2,16,0,16,0
1765413727.182122,438,2,16,0,16,0
1765413727.199425,438,2,16,0,16,0
1765413727.216467,438,2,16,0,16,0
1765413727.232418,439,2,16,0,16,0
1765413727.248273,439,2,16,0,16,0
1765413727.265603,440,2,16,0,16,0
1765413727.281912,440,2,16,0,16,0
1765413727.297339,440,2,16,0,16,0
1765413727.313441,441,2,16,0,16,0
1765413727.330501,441,2,16,0,16,0
1765413727.347142,442,2,16,0,16,0
1765413727.364251,442,2,16,0,16,0
1765413727.381090,443,2,15,0,15,0
1765413727.398418,443,2,15,0,15,0
1765413727.415178,443,2,15,0,15,0
1765413727.432609,444,2,15,0,15,0
1765413727.448472,444,2,15,0,15,0
1765413727.465725,445,2,15,0,15,0
1765413727.482944,445,2,15,0,15,0
1765413727.499275,445,2,15,0,15,0
1765413727.516235,446,2,15,0,15,0
1765413727.532566,446,2,15,0,15,0
1765413727.549327,447,2,15,0,15,0
1765413727.567093,447,2,15,0,15,0
1765413727.584327,447,2,15,0,15,0
1765413727.600817,448,2,15,0,15,0
1765413727.616852,448,2,15,0,15,0
1765413727.632838,449,2,15,0,15,0
1765413727.650577,449,2,15,0,15,0
1765413727.666957,449,2,15,0,15,0
1765413727.683381,450,2,15,0,15,0
1765413727.700060,450,2,15,0,15,0
1765413727.717123,451,2,15,0,15,0
1765413727.734666,451,2,15,0,15,0
1765413727.750798,451,2,15,0,15,0
1765413727.767016,452,2,15,0,15,0
1765413727.783265,452,2,15,0,15,0
1765413727.800066,453,2,15,0,15,0
1765413727.817333,453,2,15,0,15,0
1765413727.834236,453,2,15,0,15,0
1765413727.851181,454,2,15,0,15,0
1765413727.868545,454,2,15,0,15,0
1765413727.884369,455,2,15,0,15,0
1765413727.902339,455,2,15,0,15,0
1765413727.918854,455,2,15,0,15,0
1765413727.935068,456,2,15,0,15,0
1765413727.952358,456,2,15,0,15,0
1765413727.969571,457,2,15,0,15,0
1765413727.985649,457,2,15,0,15,0
1765413728.002619,457,2,15,0,15,0
1765413728.019717,458,2,15,0,15,0
1765413728.035705,458,2,15,0,15,0
1765413728.052706,459,2,15,0,15,0
1765413728.069113,459,2,15,0,15,0
1765413728.085923,459,2,15,0,15,0
1765413728.102464,460,2,15,0,15,0
1765413728.119156,460,2,15,0,15,0
1765413728.135797,460,2,15,0,15,0
1765413728.152198,461,2,15,0,15,0
1765413728.170081,461,2,15,0,15,0
1765413728.187351,462,2,15,0,15,0
1765413728.204375,462,2,15,0,15,0
1765413728.220832,463,2,15,0,15,0
1765413728.236297,463,2,15,0,15,0
1765413728.252462,463,2,15,0,15,0
1765413728.268421,464,2,15,0,15,0
1765413728.285169,464,2,15,0,15,0
1765413728.301345,464,2,15,0,15,0
1765413728.318274,465,2,15,0,15,0
1765413728.336313,465,2,15,0,15,0
1765413728.353585,466,2,15,0,15,0
1765413728.370148,466,2,15,0,15,0
1765413728.386987,466,2,15,0,15,0
1765413728.403237,467,2,15,0,15,0
1765413728.420364,467,2,15,0,15,0
1765413728.437351,468,2,15,0,15,0
1765413728.454563,468,2,15,0,15,0
1765413728.471263,468,2,15,0,15,0
1765413728.488192,469,2,15,0,15,0
1765413728.505527,469,2,15,0,15,0
1765413728.521194,470,2,15,1,15,1
1765413728.538407,470,2,15,1,15,1
1765413728.555241,470,2,15,1,15,1
1765413728.572168,471,2,15,1,15,1
1765413728.589451,471,2,15,1,15,1
1765413728.606506,472,2,15,1,15,1
1765413728.622590,472,2,15,1,15,1
1765413728.639272,472,2,15,1,15,1
1765413728.656433,473,2,15,1,15,1
1765413728.674153,473,2,15,1,15,1
1765413728.691436,474,2,15,1,15,1
1765413728.708964,474,2,15,1,15,1
1765413728.725705,474,2,15,1,15,1
1765413728.742550,475,2,15,1,15,1
1765413728.758905,475,2,15,1,15,1
1765413728.774633,476,2,15,1,15,1
1765413728.791093,476,2,15,1,15,1
1765413728.808365,476,2,15,1,15,1
1765413728.825094,477,2,15,1,15,1
1765413728.842398,477,2,15,1,15,1
1765413728.859787,478,2,15,1,15,1
1765413728.875370,478,2,15,1,15,1
1765413728.892857,478,2,15,1,15,1
1765413728.909442,479,2,15,1,15,1
1765413728.927037,479,2,15,1,15,1
1765413728.942890,480,2,15,1,15,1
1765413728.958569,480,2,15,1,15,1
1765413728.974586,480,2,15,1,15,1
1765413728.990661,481,2,15,1,15,1
1765413729.006596,481,2,15,1,15,1
1765413729.022619,482,2,15,1,15,1
1765413729.039892,482,2,15,1,15,1
1765413729.056532,482,2,15,1,15,1
1765413729.073573,483,2,15,1,15,1
1765413729.090238,483,2,15,1,15,1
1765413729.107184,484,2,15,1,15,1
1765413729.124052,484,2,15,1,15,1
1765413729.140525,484,2,15,1,15,1
1765413729.157514,485,2,15,1,15,1
1765413729.174706,485,2,15,1,15,1
1765413729.191091,486,2,15,1,15,1
1765413729.208406,486,2,15,1,15,1
1765413729.224884,486,2,15,1,15,1
1765413729.241308,487,2,15,1,15,1
1765413729.258030,487,2,15,1,15,1
1765413729.274288,488,2,15,1,15,1
1765413729.290734,488,2,15,1,15,1
1765413729.307430,488,2,15,1,15,1
1765413729.324121,489,2,15,1,15,1
1765413729.341776,489,2,15,1,15,1
1765413729.358430,490,2,15,1,15,1
1765413729.375041,490,2,15,1,15,1
1765413729.391752,490,2,15,1,15,1
1765413729.408639,491,2,15,1,15,1
1765413729.425384,491,2,15,1,15,1
1765413729.441829,492,2,15,1,15,1
1765413729.457502,492,2,15,1,15,1
1765413729.473748,492,2,15,1,15,1
1765413729.489811,493,2,15,1,15,1
1765413729.506913,493,2,15,1,15,1
1765413729.522606,494,2,15,1,15,1
1765413729.539353,494,2,15,1,15,1
1765413729.556218,494,2,15,1,15,1
1765413729.573588,495,2,16,1,16,1
1765413729.591393,495,2,16,1,16,1
1765413729.608109,496,2,16,1,16,1
1765413729.625266,496,2,16,1,16,1
1765413729.641275,496,2,16,1,16,1
1765413729.657673,497,2,16,1,16,1
1765413729.674256,497,2,16,1,16,1
1765413729.690350,498,2,16,1,16,1
1765413729.707089,498,2,16,1,16,1
1765413729.723782,498,2,16,1,16,1
1765413729.740767,499,2,16,1,16,1
1765413729.757947,499,2,16,1,16,1
1765413729.773353,499,2,16,1,16,1
1765413729.790644,500,2,16,1,16,1
1765413729.807531,500,2,16,1,16,1
1765413729.823725,501,2,16,1,16,1
1765413729.840203,501,2,16,1,16,1
1765413729.856642,501,2,16,1,16,1
1765413729.873356,502,2,16,1,16,1
1765413729.889384,502,2,16,1,16,1
1765413729.906033,503,2,16,1,16,1
1765413729.922196,503,2,16,1,16,1
1765413729.939656,503,2,16,1,16,1
1765413729.955878,504,2,16,1,16,1
1765413729.972294,504,2,16,1,16,1
1765413729.989405,505,2,16,1,16,1
1765413730.006070,505,2,16,1,16,1
1765413730.023690,505,2,16,1,16,1
1765413730.040559,506,2,16,1,16,1
1765413730.057143,506,2,16,1,16,1
1765413730.073257,507,2,16,1,16,1
1765413730.090795,507,2,16,1,16,1
1765413730.106715,507,2,16,1,16,1
1765413730.122417,508,2,16,1,16,1
1765413730.139423,508,2,16,1,16,1
1765413730.156201,509,2,16,1,16,1
1765413730.173009,509,2,16,1,16,1
1765413730.189939,509,2,16,1,16,1
1765413730.206360,510,2,16,1,16,1
1765413730.223786,510,2,16,1,16,1
1765413730.240509,511,2,16,2,16,2
1765413730.256299,511,2,16,2,16,2
1765413730.273399,511,2,16,2,16,2
1765413730.289511,512,2,16,2,16,2
1765413730.305313,512,2,16,2,16,2
1765413730.322556,512,2,16,2,16,2
1765413730.338977,513,2,16,2,16,2
1765413730.354909,513,2,16,2,16,2
1765413730.371202,514,2,16,2,16,2
1765413730.388046,514,2,16,2,16,2
1765413730.405658,514,2,16,2,16,2
1765413730.421776,515,2,16,2,16,2
1765413730.438972,515,2,16,2,16,2
1765413730.455213,516,2,16,2,16,2
1765413730.472108,516,2,16,2,16,2
1765413730.489473,516,2,16,2,16,2
1765413730.506151,517,2,16,2,16,2
1765413730.524298,517,2,16,2,16,2
1765413730.540830,518,2,16,2,16,2
1765413730.557164,518,2,16,2,16,2
1765413730.573635,518,2,16,2,16,2
1765413730.589428,519,2,16,2,16,2
1765413730.605973,519,2,16,2,16,2
1765413730.622599,520,2,16,2,16,2
1765413730.639253,520,2,16,2,16,2
1765413730.656265,520,2,16,2,16,2
1765413730.673443,521,2,16,2,16,2
1765413730.690717,521,2,16,2,16,2
1765413730.707495,522,2,16,2,16,2
1765413730.724612,522,2,16,2,16,2
1765413730.740465,522,2,16,2,16,2
1765413730.756594,523,2,16,2,16,2
1765413730.772686,523,2,16,2,16,2
1765413730.788569,524,2,16,2,16,2
1765413730.805974,524,2,16,2,16,2
1765413730.821965,524,2,16,2,16,2
1765413730.838888,525,2,16,2,16,2
1765413730.855247,525,2,16,2,16,2
1765413730.873076,526,2,16,2,16,2
1765413730.889328,526,2,16,2,16,2
1765413730.906454,526,2,16,2,16,2
1765413730.922925,527,2,16,2,16,2
1765413730.939447,527,2,16,2,16,2
1765413730.955373,527,2,16,2,16,2
1765413730.971725,528,2,17,2,17,2
1765413730.987548,528,2,17,2,17,2
1765413731.004090,529,2,17,2,17,2
1765413731.021039,529,2,17,2,17,2
1765413731.037619,529,2,17,2,17,2
1765413731.053651,530,2,17,2,17,2
1765413731.070417,530,2,17,2,17,2
1765413731.086858,531,2,17,2,17,2
1765413731.103699,531,2,17,2,17,2
1765413731.119878,531,2,17,2,17,2
1765413731.136555,532,2,17,2,17,2
1765413731.152627,532,2,17,2,17,2
1765413731.169176,533,2,17,2,17,2
1765413731.185416,533,2,17,2,17,2
1765413731.201394,533,2,17,2,17,2
1765413731.217853,534,2,17,2,17,2
1765413731.234164,534,2,17,2,17,2
1765413731.251806,535,2,17,2,17,2
1765413731.267855,535,2,17,2,17,2
1765413731.284019,535,2,17,2,17,2
1765413731.299860,536,2,17,2,17,2
1765413731.316483,536,2,17,2,17,2
1765413731.333260,536,2,17,2,17,2
1765413731.350125,537,2,17,2,17,2
1765413731.367292,537,2,17,2,17,2
1765413731.383349,538,2,17,2,17,2
1765413731.400439,538,2,17,2,17,2
1765413731.417159,538,2,17,2,17,2
1765413731.434422,539,2,17,2,17,2
1765413731.450445,539,2,17,2,17,2
1765413731.467168,540,2,17,2,17,2
1765413731.483910,540,2,17,2,17,2
1765413731.499259,540,2,17,2,17,2
1765413731.515834,541,2,17,2,17,2
1765413731.532251,541,2,17,2,17,2
1765413731.549050,542,2,17,2,17,2
1765413731.567448,542,2,17,2,17,2
1765413731.584681,542,2,17,2,17,2
1765413731.601388,543,2,17,2,17,2
1765413731.617830,543,2,17,2,17,2
1765413731.633606,544,2,17,2,17,2
1765413731.651334,544,2,17,2,17,2
1765413731.667386,544,2,17,2,17,2
1765413731.683838,545,2,17,2,17,2
1765413731.700601,545,2,17,2,17,2
1765413731.717337,545,2,17,2,17,2
1765413731.733969,546,2,17,2,17,2
1765413731.750335,546,2,17,2,17,2
1765413731.767223,547,2,17,3,17,3
1765413731.783749,547,2,17,3,17,3
1765413731.800184,548,2,17,3,17,3
1765413731.817622,548,2,17,3,17,3
1765413731.834193,548,2,17,3,17,3
1765413731.851505,549,2,17,3,17,3
1765413731.868802,549,2,17,3,17,3
1765413731.885163,550,2,17,3,17,3
1765413731.901960,550,2,17,3,17,3
1765413731.917384,550,2,17,3,17,3
1765413731.935037,551,2,17,3,17,3
1765413731.952535,551,2,17,3,17,3
1765413731.969172,552,2,17,3,17,3
1765413731.987931,552,2,17,3,17,3
1765413732.004410,552,2,17,3,17,3
1765413732.021077,553,2,17,3,17,3
1765413732.037957,553,2,17,3,17,3
1765413732.053882,554,2,17,3,17,3
1765413732.069777,554,2,17,3,17,3
1765413732.086130,554,2,17,3,17,3
1765413732.102698,555,2,17,3,17,3
1765413732.118476,555,2,17,3,17,3
1765413732.134367,556,2,16,3,16,3
1765413732.151561,556,2,16,3,16,3
1765413732.168720,556,2,16,3,16,3
1765413732.185375,557,2,16,3,16,3
1765413732.202383,557,2,16,3,16,3
1765413732.218259,558,2,16,3,16,3
1765413732.235343,558,2,16,3,16,3
1765413732.252416,558,2,16,3,16,3
1765413732.269790,559,2,16,3,16,3
1765413732.286387,559,2,16,3,16,3
1765413732.302254,560,2,16,3,16,3
1765413732.319565,560,2,16,3,16,3
1765413732.336412,560,2,16,3,16,3
1765413732.352842,561,2,16,3,16,3
1765413732.368919,561,2,16,3,16,3
1765413732.384503,562,2,16,3,16,3
1765413732.401068,562,2,16,3,16,3
1765413732.417477,562,2,16,3,16,3
1765413732.433805,563,2,16,3,16,3
1765413732.449532,563,2,16,3,16,3
1765413732.465183,563,2,16,3,16,3
1765413732.481753,564,2,16,3,16,3
1765413732.497547,564,2,16,3,16,3
1765413732.514652,565,2,16,4,16,4
1765413732.530402,565,2,16,4,16,4
1765413732.547161,565,2,16,4,16,4
1765413732.564569,566,2,16,4,16,4
1765413732.580908,566,2,16,4,16,4
1765413732.596699,567,2,16,4,16,4
1765413732.612346,567,2,16,4,16,4
1765413732.628927,567,2,16,4,16,4
1765413732.644996,568,2,16,4,16,4
1765413732.661181,568,2,16,4,16,4
1765413732.677213,568,2,16,4,16,4
1765413732.693881,569,2,16,4,16,4
1765413732.709472,569,2,16,4,16,4
1765413732.725855,570,2,16,4,16,4
1765413732.742577,570,2,16,4,16,4
1765413732.759879,570,2,16,4,16,4
1765413732.775503,571,2,16,4,16,4
1765413732.792550,571,2,16,4,16,4
1765413732.808863,571,2,16,4,16,4
1765413732.824628,572,2,16,4,16,4
1765413732.841768,572,2,16,4,16,4
1765413732.858199,573,2,16,4,16,4
1765413732.875206,573,2,16,4,16,4
1765413732.891968,573,2,16,4,16,4
1765413732.909149,574,2,16,4,16,4
1765413732.925885,574,2,16,4,16,4
1765413732.942521,575,2,16,4,16,4
1765413732.958385,575,2,16,4,16,4
1765413732.975718,575,2,16,4,16,4
1765413732.991659,576,2,16,4,16,4
1765413733.008250,576,2,16,4,16,4
1765413733.024576,577,2,16,4,16,4
1765413733.041236,577,2,16,4,16,4
1765413733.058617,577,2,16,4,16,4
1765413733.075676,578,2,16,4,16,4
1765413733.092072,578,2,16,4,16,4
1765413733.110234,579,2,16,5,16,5
1765413733.127481,579,2,16,5,16,5
1765413733.144494,579,2,16,5,16,5
1765413733.160852,580,2,16,5,16,5
1765413733.176364,580,2,16,5,16,5
1765413733.192462,581,2,16,5,16,5
1765413733.210187,581,2,16,5,16,5
1765413733.227168,581,2,16,5,16,5
1765413733.244486,582,2,16,5,16,5
1765413733.261519,582,2,16,5,16,5
1765413733.278145,583,2,16,5,16,5
1765413733.295655,583,2,16,5,16,5
1765413733.312570,583,2,16,5,16,5
1765413733.328787,584,2,16,5,16,5
1765413733.344341,584,2,16,5,16,5
1765413733.360596,585,2,16,5,16,5
1765413733.376798,585,2,16,5,16,5
1765413733.393516,585,2,16,5,16,5
1765413733.409508,586,2,16,5,16,5
1765413733.427449,586,2,16,5,16,5
1765413733.444351,587,2,16,5,16,5
1765413733.461814,587,2,16,5,16,5
1765413733.478592,587,2,16,5,16,5
1765413733.496157,588,2,16,5,16,5
1765413733.513238,588,2,16,5,16,5
1765413733.531017,589,2,16,5,16,5
1765413733.547275,589,2,16,5,16,5
1765413733.563676,589,2,16,5,16,5
1765413733.580948,590,2,16,5,16,5
1765413733.597383,590,2,16,5,16,5
1765413733.613852,591,2,16,5,16,5
1765413733.629769,591,2,16,5,16,5
1765413733.645406,591,2,16,5,16,5
1765413733.662367,592,2,16,5,16,5
1765413733.679429,592,2,16,5,16,5
1765413733.695870,592,2,16,5,16,5
1765413733.711698,593,2,16,5,16,5
1765413733.727809,593,2,16,5,16,5
1765413733.743941,594,2,16,5,16,5
1765413733.760212,594,2,16,5,16,5
1765413733.777565,594,2,16,5,16,5
1765413733.794460,595,2,16,5,16,5
1765413733.810204,595,2,16,5,16,5
1765413733.827403,596,2,16,5,16,5
1765413733.843366,596,2,16,5,16,5
1765413733.860521,596,2,16,5,16,5
1765413733.876331,597,2,16,5,16,5
1765413733.893621,597,2,16,5,16,5
1765413733.909812,597,2,16,5,16,5
1765413733.926006,598,2,16,5,16,5
1765413733.942256,598,2,16,5,16,5
1765413733.958211,599,2,16,5,16,5
1765413733.975510,599,2,16,5,16,5
1765413733.992214,599,2,16,5,16,5
1765413734.009010,600,2,16,5,16,5
1765413734.025227,600,2,16,5,16,5
1765413734.042324,601,2,16,5,16,5
1765413734.058441,601,2,16,5,16,5
1765413734.076220,601,2,16,5,16,5
1765413734.093806,602,2,16,5,16,5
1765413734.109453,602,2,16,5,16,5
1765413734.125530,603,2,16,5,16,5
1765413734.143060,603,2,16,5,16,5
1765413734.159750,603,2,16,5,16,5
1765413734.175511,604,2,16,5,16,5
1765413734.191650,604,2,16,5,16,5
1765413734.207080,605,2,16,5,16,5
1765413734.224933,605,2,16,5,16,5
1765413734.241014,605,2,16,5,16,5
1765413734.257666,606,2,16,5,16,5
1765413734.273676,606,2,16,5,16,5
1765413734.290165,607,2,16,5,16,5
1765413734.307205,607,2,16,5,16,5
1765413734.324603,607,2,16,5,16,5
1765413734.340374,608,2,16,5,16,5
1765413734.358470,608,2,16,5,16,5
1765413734.374865,609,2,15,5,15,5
1765413734.391046,609,2,15,5,15,5
1765413734.407455,609,2,15,5,15,5
1765413734.424274,610,2,15,5,15,5
1765413734.440893,610,2,15,5,15,5
1765413734.456677,611,2,15,5,15,5
1765413734.473114,611,2,15,5,15,5
1765413734.490889,611,2,15,5,15,5
1765413734.507452,612,2,15,5,15,5
1765413734.523890,612,2,15,5,15,5
1765413734.541007,613,2,15,5,15,5
1765413734.557566,613,2,15,5,15,5
1765413734.574192,613,2,15,5,15,5
1765413734.591306,614,2,15,5,15,5
1765413734.609251,614,2,15,5,15,5
1765413734.625792,615,2,15,5,15,5
1765413734.642380,615,2,15,5,15,5
1765413734.658204,615,2,15,5,15,5
1765413734.675304,616,2,15,5,15,5
1765413734.692401,616,2,15,5,15,5
1765413734.709224,617,2,15,5,15,5
1765413734.726508,617,2,15,5,15,5
1765413734.743578,617,2,15,5,15,5
1765413734.760420,618,2,15,5,15,5
1765413734.777450,618,2,15,5,15,5
1765413734.794358,619,2,15,5,15,5
1765413734.811396,619,2,15,5,15,5
1765413734.828817,619,2,15,5,15,5
1765413734.845396,620,2,15,5,15,5
1765413734.861489,620,2,15,5,15,5
1765413734.877157,620,2,15,5,15,5
1765413734.894550,621,2,15,5,15,5
1765413734.910970,621,2,15,5,15,5
1765413734.927393,622,2,15,5,15,5
1765413734.943503,622,2,15,5,15,5
1765413734.960022,622,2,15,5,15,5
1765413734.975701,623,2,15,5,15,5
1765413734.992239,623,2,15,5,15,5
1765413735.008827,624,2,15,5,15,5
1765413735.024334,624,2,15,5,15,5
1765413735.042022,624,2,15,5,15,5
1765413735.057399,625,2,15,4,15,4
1765413735.073539,625,2,15,4,15,4
1765413735.090740,626,2,15,4,15,4
1765413735.107514,626,2,15,4,15,4
1765413735.123814,626,2,15,4,15,4
1765413735.140546,627,2,15,4,15,4
1765413735.156348,627,2,15,4,15,4
1765413735.173347,628,2,15,4,15,4
1765413735.190294,628,2,15,4,15,4
1765413735.207378,628,2,15,4,15,4
1765413735.223841,629,2,15,4,15,4
1765413735.241526,629,2,15,4,15,4
1765413735.258499,630,2,15,4,15,4
1765413735.274533,630,2,15,4,15,4
1765413735.290272,630,2,15,4,15,4
1765413735.307311,631,2,15,4,15,4
1765413735.323527,631,2,15,4,15,4
1765413735.340786,631,2,15,4,15,4
1765413735.357329,632,2,15,4,15,4
1765413735.373643,632,2,15,4,15,4
1765413735.390288,633,2,15,4,15,4
1765413735.407112,633,2,15,4,15,4
1765413735.423914,633,2,15,4,15,4
1765413735.440581,634,2,15,4,15,4
1765413735.456863,634,2,15,4,15,4
1765413735.473087,635,2,15,4,15,4
1765413735.490724,635,2,15,4,15,4
1765413735.507305,636,2,15,4,15,4
1765413735.524465,636,2,15,4,15,4
1765413735.542238,636,2,15,4,15,4
1765413735.559671,637,2,15,4,15,4
1765413735.576320,637,2,15,4,15,4
1765413735.592626,638,2,15,4,15,4
1765413735.609233,638,2,15,4,15,4
1765413735.626290,638,2,15,4,15,4
1765413735.643683,639,2,15,4,15,4
1765413735.660417,639,2,15,4,15,4
1765413735.676259,640,2,15,4,15,4
1765413735.693664,640,2,15,4,15,4
1765413735.709741,640,2,15,4,15,4
1765413735.726016,641,2,15,3,15,3
1765413735.742719,641,2,15,3,15,3
1765413735.759405,642,2,15,3,15,3
1765413735.775722,642,2,15,3,15,3
1765413735.791902,642,2,15,3,15,3
1765413735.807413,643,2,15,3,15,3
1765413735.823973,643,2,15,3,15,3
1765413735.840521,644,2,15,3,15,3
1765413735.857349,644,2,15,3,15,3
1765413735.874048,644,2,15,3,15,3
1765413735.890435,645,2,15,3,15,3
1765413735.907538,645,2,15,3,15,3
1765413735.924641,646,2,15,3,15,3
1765413735.940903,646,2,15,3,15,3
1765413735.957012,646,2,15,3,15,3
1765413735.972947,647,2,15,3,15,3
1765413735.989408,647,2,15,3,15,3
1765413736.005943,647,2,15,3,15,3
1765413736.022167,648,2,15,3,15,3
1765413736.038607,648,2,15,3,15,3
1765413736.054943,649,2,15,3,15,3
1765413736.071554,649,2,15,3,15,3
1765413736.087401,649,2,15,3,15,3
1765413736.104745,650,2,15,3,15,3
1765413736.121213,650,2,15,3,15,3
1765413736.137890,651,2,15,3,15,3
1765413736.154514,651,2,15,3,15,3
1765413736.170820,651,2,15,3,15,3
1765413736.186684,652,2,15,3,15,3
1765413736.202431,652,2,15,3,15,3
1765413736.219113,652,2,15,3,15,3
1765413736.236741,653,2,15,2,15,2
1765413736.253751,653,2,15,2,15,2
1765413736.270193,654,2,15,2,15,2
1765413736.287220,654,2,15,2,15,2
1765413736.304183,654,2,15,2,15,2
1765413736.320719,655,2,15,2,15,2
1765413736.337213,655,2,15,2,15,2
1765413736.353614,656,2,15,2,15,2
1765413736.369779,656,2,15,2,15,2
1765413736.387124,656,2,15,2,15,2
1765413736.403877,657,2,15,2,15,2
1765413736.420037,657,2,15,2,15,2
1765413736.437212,658,2,15,2,15,2
1765413736.454410,658,2,15,2,15,2
1765413736.471197,658,2,15,2,15,2
1765413736.488966,659,2,15,2,15,2
1765413736.506144,659,2,15,2,15,2
1765413736.522569,660,2,15,2,15,2
1765413736.539166,660,2,15,2,15,2
1765413736.556773,660,2,15,2,15,2
1765413736.573277,661,2,15,2,15,2
1765413736.589559,661,2,15,2,15,2
1765413736.607381,662,2,15,2,15,2
1765413736.624689,662,2,15,2,15,2
1765413736.641801,662,2,15,2,15,2
1765413736.658523,663,2,15,2,15,2
1765413736.675246,663,2,15,2,15,2
1765413736.691882,664,2,15,2,15,2
1765413736.707401,664,2,15,2,15,2
1765413736.724376,664,2,15,2,15,2
1765413736.741532,665,2,15,2,15,2
1765413736.757380,665,2,15,2,15,2
1765413736.774112,666,2,15,2,15,2
1765413736.791749,666,2,15,2,15,2
1765413736.808324,666,2,15,2,15,2
1765413736.824347,667,2,15,2,15,2
1765413736.841429,667,2,15,2,15,2
1765413736.858770,668,2,15,2,15,2
1765413736.875460,668,2,15,2,15,2
1765413736.891786,668,2,15,2,15,2
1765413736.907427,669,2,15,2,15,2
1765413736.924142,669,2,15,2,15,2
1765413736.941587,669,2,15,2,15,2
1765413736.957363,670,2,15,2,15,2
1765413736.973889,670,2,15,2,15,2
1765413736.989391,671,2,15,2,15,2
1765413737.006617,671,2,15,2,15,2
1765413737.022756,671,2,15,2,15,2
1765413737.039091,672,2,15,2,15,2
1765413737.056241,672,2,15,2,15,2
1765413737.072526,673,2,15,2,15,2
1765413737.088734,673,2,15,2,15,2
1765413737.105969,673,2,15,2,15,2
1765413737.121730,674,2,15,2,15,2
1765413737.138296,674,2,15,2,15,2
1765413737.155041,674,2,15,2,15,2
1765413737.173045,675,2,15,2,15,2
1765413737.189522,675,2,15,2,15,2
1765413737.205886,676,2,15,2,15,2
1765413737.222611,676,2,15,2,15,2
1765413737.239332,676,2,15,2,15,2
1765413737.256200,677,2,15,2,15,2
1765413737.273122,677,2,15,2,15,2
1765413737.290424,678,2,15,2,15,2
1765413737.306877,678,2,15,2,15,2
1765413737.322780,678,2,15,2,15,2
1765413737.338926,679,2,15,2,15,2
1765413737.355557,679,2,15,2,15,2
1765413737.372929,680,2,15,2,15,2
1765413737.389588,680,2,15,2,15,2
1765413737.406027,680,2,15,2,15,2
1765413737.422857,681,2,15,2,15,2
1765413737.439528,681,2,15,2,15,2
1765413737.455824,682,2,15,2,15,2
1765413737.471809,682,2,15,2,15,2
1765413737.488482,682,2,15,2,15,2
1765413737.504706,683,2,15,2,15,2
1765413737.521962,683,2,15,2,15,2
1765413737.537759,684,2,15,2,15,2
1765413737.553803,684,2,15,2,15,2
1765413737.570344,684,2,15,2,15,2
1765413737.587511,685,2,15,1,15,1
1765413737.603530,685,2,15,1,15,1
1765413737.619347,685,2,15,1,15,1
1765413737.635522,686,2,15,1,15,1
1765413737.651551,686,2,15,1,15,1
1765413737.668598,687,2,15,1,15,1
1765413737.684803,687,2,15,1,15,1
1765413737.701707,687,2,15,1,15,1
1765413737.717739,688,2,15,1,15,1
1765413737.733490,688,2,15,1,15,1
1765413737.750252,689,2,15,1,15,1
1765413737.767289,689,2,15,1,15,1
1765413737.784148,689,2,15,1,15,1
1765413737.800996,690,2,15,1,15,1
1765413737.818451,690,2,15,1,15,1
1765413737.834682,691,2,15,1,15,1
1765413737.851019,691,2,15,1,15,1
1765413737.866948,691,2,15,1,15,1
1765413737.882470,692,2,15,1,15,1
1765413737.899619,692,2,15,1,15,1
1765413737.916299,692,2,15,1,15,1
1765413737.932533,693,2,15,1,15,1
1765413737.948721,693,2,15,1,15,1
1765413737.965586,694,2,15,1,15,1
1765413737.982500,694,2,15,1,15,1
1765413737.999654,694,2,15,1,15,1
1765413738.015937,695,2,15,1,15,1
1765413738.031786,695,2,15,1,15,1
1765413738.049010,696,2,15,1,15,1
1765413738.065245,696,2,15,1,15,1
1765413738.083065,696,2,15,1,15,1
1765413738.099518,697,2,15,1,15,1
1765413738.116218,697,2,15,1,15,1
1765413738.132977,698,2,15,1,15,1
1765413738.148626,698,2,15,1,15,1
1765413738.164623,698,2,15,1,15,1
1765413738.180736,699,2,15,1,15,1
1765413738.197541,699,2,15,1,15,1
1765413738.213473,700,2,15,1,15,1
1765413738.230155,700,2,15,1,15,1
1765413738.247574,700,2,15,1,15,1
1765413738.264558,701,2,15,1,15,1
1765413738.280784,701,2,15,1,15,1
1765413738.297489,702,2,16,1,16,1
1765413738.314389,702,2,16,1,16,1
1765413738.332057,702,2,16,1,16,1
1765413738.349696,703,2,16,1,16,1
1765413738.365276,703,2,16,1,16,1
1765413738.382128,704,2,16,1,16,1
1765413738.398760,704,2,16,1,16,1
1765413738.415287,705,2,16,1,16,1
1765413738.432005,705,2,16,1,16,1
1765413738.447523,705,2,16,1,16,1
1765413738.464665,706,2,16,1,16,1
1765413738.480805,706,2,16,1,16,1
1765413738.496931,706,2,16,1,16,1
1765413738.513051,707,2,16,1,16,1
1765413738.530189,707,2,16,1,16,1
1765413738.547516,708,2,16,1,16,1
1765413738.564017,708,2,16,1,16,1
1765413738.579814,708,2,16,1,16,1
1765413738.596314,709,2,16,1,16,1
1765413738.612597,709,2,16,1,16,1
1765413738.628488,710,2,16,1,16,1
1765413738.644615,710,2,16,1,16,1
1765413738.661018,710,2,16,1,16,1
1765413738.677796,711,2,16,1,16,1
1765413738.693916,711,2,16,1,16,1
1765413738.710196,712,2,16,1,16,1
1765413738.728023,712,2,16,1,16,1
1765413738.744201,712,2,16,1,16,1
1765413738.760631,713,2,16,1,16,1
1765413738.777493,713,2,16,1,16,1
1765413738.794451,714,2,16,1,16,1
1765413738.811508,714,2,16,1,16,1
1765413738.827319,714,2,16,1,16,1
1765413738.843752,715,2,16,1,16,1
1765413738.860346,715,2,16,1,16,1
1765413738.877635,715,2,16,1,16,1
1765413738.894491,716,2,16,1,16,1
1765413738.910661,716,2,16,1,16,1
1765413738.927412,717,2,16,1,16,1
1765413738.944590,717,2,16,1,16,1
1765413738.961580,717,2,16,1,16,1
1765413738.977768,718,2,16,1,16,1
1765413738.993964,718,2,16,1,16,1
1765413739.010060,719,2,16,1,16,1
1765413739.026876,719,2,16,1,16,1
1765413739.043314,719,2,16,1,16,1
1765413739.059186,720,2,16,1,16,1
1765413739.076479,720,2,16,1,16,1
1765413739.092633,721,2,16,1,16,1
1765413739.109316,721,2,16,1,16,1
1765413739.125994,721,2,16,1,16,1
1765413739.142284,722,2,16,1,16,1
1765413739.158983,722,2,16,1,16,1
1765413739.175233,723,2,16,1,16,1
1765413739.192083,723,2,16,1,16,1
1765413739.209519,723,2,16,1,16,1
1765413739.226345,724,2,16,1,16,1
1765413739.243607,724,2,16,1,16,1
1765413739.260070,725,2,16,1,16,1
1765413739.277695,725,2,16,1,16,1
1765413739.294561,725,2,16,1,16,1
1765413739.311199,726,2,16,1,16,1
1765413739.327660,726,2,16,1,16,1
1765413739.344428,727,2,16,1,16,1
1765413739.360680,727,2,16,1,16,1
1765413739.377643,727,2,16,1,16,1
1765413739.395154,728,2,16,1,16,1
1765413739.412677,728,2,16,1,16,1
1765413739.428558,729,2,16,1,16,1
1765413739.446042,729,2,16,1,16,1
1765413739.463373,729,2,16,1,16,1
1765413739.479373,730,2,16,1,16,1
1765413739.495203,730,2,16,1,16,1
1765413739.511762,731,2,16,1,16,1
1765413739.528300,731,2,16,1,16,1
1765413739.544826,731,2,16,1,16,1
1765413739.560354,732,2,16,1,16,1
1765413739.576523,732,2,16,1,16,1
1765413739.593357,732,2,16,1,16,1
1765413739.611101,733,2,16,1,16,1
1765413739.628611,733,2,16,1,16,1
1765413739.645181,734,2,16,1,16,1
1765413739.661343,734,2,16,1,16,1
1765413739.678425,734,2,16,1,16,1
1765413739.695070,735,2,16,1,16,1
1765413739.711991,735,2,16,1,16,1
1765413739.727822,736,2,16,1,16,1
1765413739.744010,736,2,16,1,16,1
1765413739.760711,736,2,16,1,16,1
1765413739.776983,737,2,16,1,16,1
1765413739.793088,737,2,16,1,16,1
1765413739.810198,738,2,16,0,16,0
1765413739.827797,738,2,16,0,16,0
1765413739.843916,738,2,16,0,16,0
1765413739.860254,739,2,16,0,16,0
1765413739.877365,739,2,16,0,16,0
1765413739.893693,740,2,16,0,16,0
1765413739.910379,740,2,16,0,16,0
1765413739.927848,740,2,16,0,16,0
1765413739.944857,741,2,16,0,16,0
1765413739.960633,741,2,16,0,16,0
1765413739.977736,742,2,16,0,16,0
1765413739.994601,742,2,16,0,16,0
1765413740.010548,742,2,16,0,16,0
1765413740.026968,743,2,16,0,16,0
1765413740.042694,743,2,16,0,16,0
1765413740.059551,744,2,16,0,16,0
1765413740.077086,744,2,16,0,16,0
1765413740.093993,744,2,16,0,16,0
1765413740.109918,745,2,16,0,16,0
1765413740.126060,745,2,16,0,16,0
1765413740.142659,745,2,16,0,16,0
1765413740.159736,746,2,16,0,16,0
1765413740.175713,746,2,16,0,16,0
1765413740.191803,747,2,16,0,16,0
1765413740.207952,747,2,16,0,16,0
1765413740.224958,747,2,16,0,16,0
1765413740.241409,748,2,16,0,16,0
1765413740.257691,748,2,16,0,16,0
1765413740.274217,749,2,16,0,16,0
1765413740.290417,749,2,16,0,16,0
1765413740.306769,749,2,16,0,16,0
1765413740.322285,750,2,16,0,16,0
1765413740.339029,750,2,16,0,16,0
1765413740.354483,750,2,16,0,16,0
1765413740.371241,751,2,16,0,16,0
1765413740.388495,751,2,16,0,16,0
1765413740.405475,752,2,16,0,16,0
1765413740.422643,752,2,16,0,16,0
1765413740.440236,753,2,16,0,16,0
1765413740.457578,753,2,16,0,16,0
1765413740.473542,753,2,16,0,16,0
1765413740.490636,754,2,16,0,16,0
1765413740.507357,754,2,16,0,16,0
1765413740.525461,755,2,16,0,16,0
1765413740.542847,755,2,16,0,16,0
1765413740.558638,755,2,16,0,16,0
1765413740.574912,756,2,16,0,16,0
1765413740.590411,756,2,16,0,16,0
1765413740.607337,756,2,16,0,16,0
1765413740.623615,757,2,16,0,16,0
1765413740.639993,757,2,16,0,16,0
1765413740.656025,758,2,16,0,16,0
1765413740.672678,758,2,16,0,16,0
1765413740.689270,758,2,16,0,16,0
1765413740.705436,759,2,16,0,16,0
1765413740.721123,759,2,16,0,16,0
1765413740.737873,760,2,16,0,16,0
1765413740.753889,760,2,16,0,16,0
1765413740.770119,760,2,16,0,16,0
1765413740.786317,761,2,16,0,16,0
1765413740.803449,761,2,16,0,16,0
1765413740.820012,762,2,16,0,16,0
1765413740.836112,762,2,16,0,16,0
1765413740.853059,762,2,16,0,16,0
1765413740.869898,763,2,16,0,16,0
1765413740.886318,763,2,16,0,16,0
1765413740.902759,764,2,16,0,16,0
1765413740.918972,764,2,16,0,16,0
1765413740.934549,764,2,16,0,16,0
1765413740.951175,765,2,16,0,16,0
1765413740.968404,765,2,16,0,16,0
1765413740.985686,765,2,16,0,16,0
1765413741.002544,766,2,16,0,16,0
1765413741.018885,766,2,16,0,16,0
1765413741.034890,767,2,16,0,16,0
1765413741.051493,767,2,16,0,16,0
1765413741.068311,767,2,16,0,16,0
1765413741.084231,768,2,16,0,16,0
1765413741.101605,768,2,16,0,16,0
1765413741.117564,769,2,16,0,16,0
1765413741.134845,769,2,16,0,16,0
1765413741.150779,769,2,16,0,16,0
1765413741.167473,770,2,16,0,16,0
1765413741.183763,770,2,16,0,16,0
1765413741.199850,771,2,16,0,16,0
1765413741.215199,771,2,16,0,16,0
1765413741.231279,772,2,16,0,16,0
1765413741.248720,772,2,16,0,16,0
1765413741.264934,772,2,16,0,16,0
1765413741.280895,773,2,16,0,16,0
1765413741.297376,773,2,16,0,16,0
1765413741.313745,773,2,16,0,16,0
1765413741.329680,774,2,16,0,16,0
1765413741.345863,774,2,16,0,16,0
1765413741.362703,775,2,16,0,16,0
1765413741.379231,775,2,16,0,16,0
1765413741.396888,775,2,16,0,16,0
1765413741.413255,776,2,16,0,16,0
1765413741.430290,776,2,16,0,16,0
1765413741.447701,777,2,16,0,16,0
1765413741.464508,777,2,16,0,16,0
1765413741.480211,777,2,16,0,16,0
1765413741.496706,778,2,16,0,16,0
1765413741.513338,778,2,16,0,16,0
1765413741.529568,779,2,16,0,16,0
1765413741.545739,779,2,16,0,16,0
1765413741.562573,779,2,16,0,16,0
1765413741.578532,780,2,15,0,15,0
1765413741.595433,780,2,15,0,15,0
1765413741.612628,781,2,15,0,15,0
1765413741.628724,781,2,15,0,15,0
1765413741.645437,781,2,15,0,15,0
1765413741.661783,782,2,15,0,15,0
1765413741.677933,782,2,15,0,15,0
1765413741.693894,783,2,15,0,15,0
1765413741.710375,783,2,15,0,15,0
1765413741.726231,783,2,15,0,15,0
1765413741.742806,784,2,15,0,15,0
1765413741.758442,784,2,15,0,15,0
1765413741.775555,784,2,15,0,15,0
1765413741.791683,785,2,15,0,15,0
1765413741.808291,785,2,15,0,15,0
1765413741.824680,786,2,15,0,15,0
1765413741.841206,786,2,15,0,15,0
1765413741.858666,786,2,15,0,15,0
1765413741.875422,787,2,15,0,15,0
1765413741.892029,787,2,15,0,15,0
1765413741.908526,788,2,14,0,14,0
1765413741.925284,788,2,14,0,14,0
1765413741.942459,788,2,14,0,14,0
1765413741.958876,789,2,14,0,14,0
1765413741.975619,789,2,14,0,14,0
1765413741.992011,790,2,14,0,14,0
1765413742.007887,790,2,14,0,14,0
1765413742.023920,790,2,14,0,14,0
1765413742.040170,791,2,14,0,14,0
1765413742.058011,791,2,14,0,14,0
1765413742.073840,792,2,14,0,14,0
1765413742.090505,792,2,14,0,14,0
1765413742.106647,792,2,14,0,14,0
1765413742.122553,793,2,14,0,14,0
1765413742.139685,793,2,14,0,14,0
1765413742.155513,793,2,14,0,14,0
1765413742.172149,794,2,14,0,14,0
1765413742.189624,794,2,14,0,14,0
1765413742.206780,795,2,14,0,14,0
1765413742.222376,795,2,14,0,14,0
1765413742.239381,795,2,14,0,14,0
1765413742.256254,796,2,14,0,14,0
1765413742.272490,796,2,14,0,14,0
1765413742.289383,797,2,14,0,14,0
1765413742.306041,797,2,14,0,14,0
1765413742.322957,797,2,14,0,14,0
1765413742.339157,798,2,14,0,14,0
1765413742.356054,798,2,14,0,14,0
1765413742.373124,799,2,14,0,14,0
1765413742.390449,799,2,14,0,14,0
1765413742.408113,799,2,14,0,14,0
1765413742.424865,800,2,14,0,14,0
1765413742.440966,800,2,14,0,14,0
1765413742.457546,801,2,14,0,14,0
1765413742.474286,801,2,14,0,14,0
1765413742.491664,801,2,14,0,14,0
1765413742.507395,802,2,14,0,14,0
1765413742.523974,802,2,14,0,14,0
1765413742.540713,803,2,14,0,14,0
1765413742.557066,803,2,14,0,14,0
1765413742.574159,803,2,14,0,14,0
1765413742.591271,804,2,14,0,14,0
1765413742.608659,804,2,14,0,14,0
1765413742.625187,804,2,14,0,14,0
1765413742.642248,805,2,14,0,14,0
1765413742.659403,805,2,14,0,14,0
1765413742.675848,806,2,15,0,15,0
1765413742.691968,806,2,15,0,15,0
1765413742.707432,806,2,15,0,15,0
1765413742.724486,807,2,15,0,15,0
1765413742.740236,807,2,15,0,15,0
1765413742.757945,808,2,15,0,15,0
1765413742.774087,808,2,15,0,15,0
1765413742.791713,808,2,15,0,15,0
1765413742.807521,809,2,15,0,15,0
1765413742.823574,809,2,15,0,15,0
1765413742.840366,809,2,15,0,15,0
1765413742.857468,810,2,15,0,15,0
1765413742.873872,810,2,15,0,15,0
1765413742.890385,811,2,15,0,15,0
1765413742.907087,811,2,15,0,15,0
1765413742.923505,811,2,15,0,15,0
1765413742.940599,812,2,15,0,15,0
1765413742.956284,812,2,15,0,15,0
1765413742.972913,813,2,15,0,15,0
1765413742.988645,813,2,15,0,15,0
1765413743.005462,813,2,15,0,15,0
1765413743.022961,814,2,15,0,15,0
1765413743.039727,814,2,15,0,15,0
1765413743.055202,815,2,16,0,16,0
1765413743.072856,815,2,16,0,16,0
1765413743.089312,815,2,16,0,16,0
1765413743.106421,816,2,16,0,16,0
1765413743.123569,816,2,16,0,16,0
1765413743.140141,817,2,16,0,16,0
1765413743.156995,817,2,16,0,16,0
1765413743.174312,817,2,16,0,16,0
1765413743.191085,818,2,16,0,16,0
1765413743.208380,818,2,16,0,16,0
1765413743.224903,819,2,16,0,16,0
1765413743.241035,819,2,16,0,16,0
1765413743.257668,819,2,16,0,16,0
1765413743.273275,820,2,16,0,16,0
1765413743.289599,820,2,16,0,16,0
1765413743.306185,821,2,16,0,16,0
1765413743.322948,821,2,16,0,16,0
1765413743.339690,821,2,16,0,16,0
1765413743.355919,822,2,16,0,16,0
1765413743.372364,822,2,16,0,16,0
1765413743.389511,822,2,16,0,16,0
1765413743.406594,823,2,16,0,16,0
1765413743.422965,823,2,16,0,16,0
1765413743.438604,824,2,16,0,16,0
1765413743.455109,824,2,16,0,16,0
1765413743.472450,824,2,16,0,16,0
1765413743.488678,825,2,16,0,16,0
1765413743.504752,825,2,16,0,16,0
1765413743.521798,826,2,16,0,16,0
1765413743.537776,826,2,16,0,16,0
1765413743.554454,826,2,16,0,16,0
1765413743.572320,827,2,16,0,16,0
1765413743.589204,827,2,16,0,16,0
1765413743.605667,828,2,16,0,16,0
1765413743.622129,828,2,16,0,16,0
1765413743.638177,828,2,16,0,16,0
1765413743.656046,829,2,16,0,16,0
1765413743.673143,829,2,16,0,16,0
1765413743.690486,830,2,16,0,16,0
1765413743.707516,830,2,16,0,16,0
1765413743.723502,830,2,16,0,16,0
1765413743.740453,831,2,16,0,16,0
1765413743.757651,831,2,16,0,16,0
1765413743.773328,832,2,16,0,16,0
1765413743.789588,832,2,16,0,16,0
1765413743.806317,832,2,16,0,16,0
1765413743.823121,833,2,16,0,16,0
1765413743.840591,833,2,16,0,16,0
1765413743.858640,834,2,16,0,16,0
1765413743.874985,834,2,16,0,16,0
1765413743.890402,834,2,16,0,16,0
1765413743.907667,835,2,16,0,16,0
1765413743.923817,835,2,16,0,16,0
1765413743.940583,835,2,16,0,16,0
1765413743.957764,836,2,16,0,16,0
1765413743.973562,836,2,16,0,16,0
1765413743.989944,837,2,17,0,17,0
1765413744.005370,837,2,17,0,17,0
1765413744.022098,837,2,17,0,17,0
1765413744.038978,838,2,17,0,17,0
1765413744.054583,838,2,17,0,17,0
1765413744.070570,839,2,17,0,17,0
1765413744.087520,839,2,17,0,17,0
1765413744.104211,839,2,17,0,17,0
1765413744.121074,840,2,17,0,17,0
1765413744.138317,840,2,17,0,17,0
1765413744.155101,841,2,17,0,17,0
1765413744.172728,841,2,17,0,17,0
1765413744.189307,841,2,17,0,17,0
1765413744.206095,842,2,17,0,17,0
1765413744.222815,842,2,17,0,17,0
1765413744.239542,843,2,17,0,17,0
1765413744.256294,843,2,17,0,17,0
1765413744.272795,843,2,17,0,17,0
1765413744.288685,844,2,17,0,17,0
1765413744.305044,844,2,17,0,17,0
1765413744.322469,844,2,17,0,17,0
1765413744.339768,845,2,17,0,17,0
1765413744.356246,845,2,17,0,17,0
1765413744.372831,846,2,17,0,17,0
1765413744.388757,846,2,17,0,17,0
1765413744.404884,846,2,17,0,17,0
1765413744.421203,847,2,17,0,17,0
1765413744.438128,847,2,17,0,17,0
1765413744.455117,848,2,17,0,17,0
1765413744.472384,848,2,17,0,17,0
1765413744.489578,848,2,17,0,17,0
1765413744.506077,849,2,17,0,17,0
1765413744.523755,849,2,17,0,17,0
1765413744.540015,850,2,17,0,17,0
1765413744.555877,850,2,17,0,17,0
1765413744.572624,850,2,17,0,17,0
1765413744.589285,851,2,17,0,17,0
1765413744.606448,851,2,17,0,17,0
1765413744.622599,852,2,17,0,17,0
1765413744.639513,852,2,17,0,17,0
1765413744.655086,852,2,17,0,17,0
1765413744.671845,853,2,17,0,17,0
1765413744.688213,853,2,17,0,17,0
1765413744.704903,854,2,17,0,17,0
1765413744.721673,854,2,17,0,17,0
1765413744.738015,854,2,17,0,17,0
1765413744.754435,855,2,17,0,17,0
1765413744.771453,855,2,17,0,17,0
1765413744.787671,856,2,17,0,17,0
1765413744.803517,856,2,17,0,17,0
1765413744.819995,856,2,17,0,17,0
1765413744.836418,857,2,17,0,17,0
1765413744.853256,857,2,17,0,17,0
1765413744.870191,858,2,17,0,17,0
1765413744.886436,858,2,17,0,17,0
1765413744.903043,858,2,17,0,17,0
1765413744.920381,859,2,17,0,17,0
1765413744.937664,859,2,17,0,17,0
1765413744.953203,859,2,17,0,17,0
1765413744.971204,860,2,17,0,17,0
1765413744.987620,860,2,17,0,17,0
1765413745.004728,861,2,17,0,17,0
1765413745.021810,861,2,17,0,17,0
1765413745.037968,862,2,17,0,17,0
1765413745.053375,862,2,17,0,17,0
1765413745.070422,862,2,17,0,17,0
1765413745.087886,863,2,17,0,17,0
1765413745.103766,863,2,17,0,17,0
1765413745.119834,863,2,17,0,17,0
1765413745.136205,864,2,17,0,17,0
1765413745.152764,864,2,17,0,17,0
1765413745.169379,865,2,16,0,16,0
1765413745.186057,865,2,16,0,16,0
1765413745.202948,865,2,16,0,16,0
1765413745.218685,866,2,16,0,16,0
1765413745.235573,866,2,16,0,16,0
1765413745.251371,867,2,16,0,16,0
1765413745.268364,867,2,16,0,16,0
1765413745.284131,867,2,16,0,16,0
1765413745.301477,868,2,16,0,16,0
1765413745.318622,868,2,16,0,16,0
1765413745.335093,869,2,16,0,16,0
1765413745.352488,869,2,16,0,16,0
1765413745.368876,869,2,16,0,16,0
1765413745.385233,870,2,16,0,16,0
1765413745.401570,870,2,16,0,16,0
1765413745.418183,871,2,16,0,16,0
1765413745.436368,871,2,16,0,16,0
1765413745.452934,871,2,16,0,16,0
1765413745.469334,872,2,16,0,16,0
1765413745.486902,872,2,16,0,16,0
1765413745.502962,873,2,16,0,16,0
1765413745.519302,873,2,16,0,16,0
1765413745.536737,873,2,16,0,16,0
1765413745.552497,874,2,16,0,16,0
1765413745.569118,874,2,16,0,16,0
1765413745.586344,875,2,15,0,15,0
1765413745.602591,875,2,15,0,15,0
1765413745.618771,875,2,15,0,15,0
1765413745.634835,876,2,15,0,15,0
1765413745.651084,876,2,15,0,15,0
1765413745.668594,876,2,15,0,15,0
1765413745.684980,877,2,15,0,15,0
1765413745.701032,877,2,15,0,15,0
1765413745.718133,878,2,15,0,15,0
1765413745.735651,878,2,15,0,15,0
1765413745.752370,878,2,15,0,15,0
1765413745.769832,879,2,15,0,15,0
1765413745.786171,879,2,15,0,15,0
1765413745.802886,880,2,15,0,15,0
1765413745.818685,880,2,15,0,15,0
1765413745.834697,880,2,15,0,15,0
1765413745.850663,881,2,15,0,15,0
1765413745.866443,881,2,15,0,15,0
1765413745.883271,882,2,15,0,15,0
1765413745.900761,882,2,15,0,15,0
1765413745.916417,882,2,15,0,15,0
1765413745.932240,883,2,15,0,15,0
1765413745.949151,883,2,15,0,15,0
1765413745.965472,884,2,15,0,15,0
1765413745.982203,884,2,15,0,15,0
1765413745.998728,884,2,15,0,15,0
1765413746.015316,885,2,15,0,15,0
1765413746.032686,885,2,15,0,15,0
1765413746.049054,886,2,15,0,15,0
1765413746.066238,886,2,15,0,15,0
1765413746.082886,886,2,15,0,15,0
1765413746.100269,887,2,15,0,15,0
1765413746.117325,887,2,15,0,15,0
1765413746.134373,888,2,15,0,15,0
1765413746.151117,888,2,15,0,15,0
1765413746.167902,888,2,15,0,15,0
1765413746.184202,889,2,16,0,16,0
1765413746.201115,889,2,16,0,16,0
1765413746.218153,890,2,16,0,16,0
1765413746.234949,890,2,16,0,16,0
1765413746.251878,890,2,16,0,16,0
1765413746.267706,891,2,16,0,16,0
1765413746.283519,891,2,16,0,16,0
1765413746.299927,891,2,16,0,16,0
1765413746.315765,892,2,16,0,16,0
1765413746.332816,892,2,16,0,16,0
1765413746.348524,893,2,16,0,16,0
1765413746.365563,893,2,16,0,16,0
1765413746.381888,893,2,16,0,16,0
1765413746.398036,894,2,16,0,16,0
1765413746.414736,894,2,16,0,16,0
1765413746.430773,895,2,16,0,16,0
1765413746.447936,895,2,16,0,16,0
1765413746.464792,895,2,16,0,16,0
1765413746.480897,896,2,16,0,16,0
1765413746.497137,896,2,16,0,16,0
1765413746.514751,897,2,16,0,16,0
1765413746.531959,897,2,16,0,16,0
1765413746.547916,897,2,16,0,16,0
1765413746.563267,898,2,16,0,16,0
1765413746.580122,898,2,16,0,16,0
1765413746.596918,898,2,16,0,16,0
1765413746.613797,899,2,16,0,16,0
1765413746.631687,899,2,16,0,16,0
1765413746.647983,900,2,16,0,16,0
1765413746.663793,900,2,16,0,16,0
1765413746.679348,900,2,16,0,16,0
1765413746.696146,901,2,16,0,16,0
1765413746.713085,901,2,16,0,16,0
1765413746.729557,902,2,16,0,16,0
1765413746.746023,902,2,16,0,16,0
1765413746.762084,902,2,16,0,16,0
1765413746.890090,903,2,16,0,16,0
1765413746.906630,904,2,15,0,15,0
1765413746.924212,904,2,15,0,15,0
1765413746.940519,904,2,15,0,15,0
1765413746.957817,905,2,15,0,15,0
1765413746.973454,905,2,15,0,15,0
1765413746.989683,906,2,15,0,15,0
1765413747.006140,906,2,15,0,15,0
1765413747.023870,906,2,15,0,15,0
1765413747.039703,907,2,15,0,15,0
1765413747.056158,907,2,15,0,15,0
1765413747.072845,908,2,15,0,15,0
1765413747.089657,908,2,15,0,15,0
1765413747.105915,908,2,15,0,15,0
1765413747.122492,909,2,15,0,15,0
1765413747.138934,909,2,15,0,15,0
1765413747.154640,909,2,15,0,15,0
1765413747.170837,910,2,15,0,15,0
1765413747.187536,910,2,15,0,15,0
1765413747.204699,911,2,15,0,15,0
1765413747.221034,911,2,15,0,15,0
1765413747.236329,911,2,15,0,15,0
1765413747.253479,912,2,15,0,15,0
1765413747.270345,912,2,15,0,15,0
1765413747.286285,913,2,15,0,15,0
1765413747.303476,913,2,15,0,15,0
1765413747.320148,913,2,15,0,15,0
1765413747.336944,914,2,15,0,15,0
1765413747.353219,914,2,15,0,15,0
1765413747.370320,915,2,15,0,15,0
1765413747.387667,915,2,15,0,15,0
1765413747.404511,915,2,15,0,15,0
1765413747.420473,916,2,15,0,15,0
1765413747.438051,916,2,15,0,15,0
1765413747.456147,917,2,15,0,15,0
1765413747.473742,917,2,15,0,15,0
1765413747.489551,917,2,15,0,15,0
1765413747.506418,918,2,15,0,15,0
1765413747.522698,918,2,15,0,15,0
1765413747.538856,919,2,15,0,15,0
1765413747.555216,919,2,15,0,15,0
1765413747.571828,919,2,15,0,15,0
1765413747.588420,920,2,15,0,15,0
1765413747.605035,920,2,15,0,15,0
1765413747.620934,921,2,15,0,15,0
1765413747.637516,921,2,15,0,15,0
1765413747.653478,921,2,15,0,15,0
1765413747.670516,922,2,16,0,16,0
1765413747.686967,922,2,16,0,16,0
1765413747.703238,923,2,16,0,16,0
1765413747.719844,923,2,16,0,16,0
1765413747.736305,923,2,16,0,16,0
1765413747.752921,924,2,16,0,16,0
1765413747.768744,924,2,16,0,16,0
1765413747.784869,924,2,16,0,16,0
1765413747.800440,925,2,16,0,16,0
1765413747.817407,925,2,16,0,16,0
1765413747.834217,926,2,16,0,16,0
1765413747.851582,926,2,16,0,16,0
1765413747.868200,926,2,16,0,16,0
1765413747.884527,927,2,16,0,16,0
1765413747.901828,927,2,16,0,16,0
1765413747.918256,928,2,16,0,16,0
1765413747.934774,928,2,16,0,16,0
1765413747.950557,928,2,16,0,16,0
1765413747.967825,929,2,16,0,16,0
1765413747.984029,929,2,16,0,16,0
1765413748.000158,930,2,16,0,16,0
1765413748.016712,930,2,16,0,16,0
1765413748.032794,930,2,16,0,16,0
1765413748.048929,931,2,16,0,16,0
1765413748.064912,931,2,16,0,16,0
1765413748.080913,931,2,16,0,16,0
1765413748.097274,932,2,17,0,17,0
1765413748.114567,932,2,17,0,17,0
1765413748.131130,933,2,17,0,17,0
1765413748.148206,933,2,17,0,17,0
1765413748.164891,933,2,17,0,17,0
1765413748.180260,934,2,17,0,17,0
1765413748.197959,934,2,17,0,17,0
1765413748.214417,935,2,17,0,17,0
1765413748.230520,935,2,17,0,17,0
1765413748.246601,935,2,17,0,17,0
1765413748.262481,936,2,17,0,17,0
1765413748.279496,936,2,17,0,17,0
1765413748.296635,937,2,17,0,17,0
1765413748.312858,937,2,17,0,17,0
1765413748.328466,937,2,17,0,17,0
1765413748.345091,938,2,17,0,17,0
1765413748.361932,938,2,17,0,17,0
1765413748.378252,938,2,17,0,17,0
1765413748.394315,939,2,17,0,17,0
1765413748.410790,939,2,17,0,17,0
1765413748.427048,940,2,17,0,17,0
1765413748.443597,940,2,17,0,17,0
1765413748.459886,940,2,17,0,17,0
1765413748.476216,941,2,17,0,17,0
1765413748.492615,941,2,17,0,17,0
1765413748.508954,942,2,17,0,17,0
1765413748.526348,942,2,17,0,17,0
1765413748.543640,942,2,17,0,17,0
1765413748.560283,943,2,17,0,17,0
1765413748.576646,943,2,17,0,17,0
1765413748.593659,944,2,17,0,17,0
1765413748.610754,944,2,17,0,17,0
1765413748.626940,944,2,17,0,17,0
1765413748.643587,945,2,17,0,17,0
1765413748.659865,945,2,17,0,17,0
1765413748.676256,946,2,17,0,17,0
1765413748.692891,946,2,17,0,17,0
1765413748.708637,946,2,17,0,17,0
1765413748.725621,947,2,17,0,17,0
1765413748.741993,947,2,17,0,17,0
1765413748.758424,947,2,17,0,17,0
1765413748.775887,948,2,17,0,17,0
1765413748.792028,948,2,17,0,17,0
1765413748.807931,949,2,17,0,17,0
1765413748.823887,949,2,17,0,17,0
1765413748.840001,950,2,17,0,17,0
1765413748.856961,950,2,17,0,17,0
1765413748.873077,950,2,17,0,17,0
1765413748.890512,951,2,17,0,17,0
1765413748.907487,951,2,17,0,17,0
1765413748.923845,952,2,17,0,17,0
1765413748.939674,952,2,17,0,17,0
1765413748.955923,952,2,17,0,17,0
1765413748.971525,953,2,17,0,17,0
1765413748.987677,953,2,17,0,17,0
1765413749.003720,954,2,17,0,17,0
1765413749.019732,954,2,17,0,17,0
1765413749.036627,954,2,17,0,17,0
1765413749.053141,955,2,17,0,17,0
1765413749.070271,955,2,17,0,17,0
1765413749.087759,955,2,17,0,17,0
1765413749.104314,956,2,17,0,17,0
1765413749.120938,956,2,17,0,17,0
1765413749.136693,957,2,17,0,17,0
1765413749.154083,957,2,17,0,17,0
1765413749.170644,957,2,17,0,17,0
1765413749.186864,958,2,17,0,17,0
1765413749.204028,958,2,17,0,17,0
1765413749.220993,959,2,17,0,17,0
1765413749.238323,959,2,17,0,17,0
1765413749.256123,959,2,17,0,17,0
1765413749.273209,960,2,17,0,17,0
1765413749.290415,960,2,17,0,17,0
1765413749.306544,961,2,17,0,17,0
1765413749.323628,961,2,17,0,17,0
1765413749.340340,961,2,17,0,17,0
1765413749.358095,962,2,17,1,17,1
1765413749.374955,962,2,17,1,17,1
1765413749.391163,963,2,17,1,17,1
1765413749.407676,963,2,17,1,17,1
1765413749.423743,963,2,17,1,17,1
1765413749.440287,964,2,17,1,17,1
1765413749.456917,964,2,17,1,17,1
1765413749.472995,965,2,17,1,17,1
1765413749.489610,965,2,17,1,17,1
1765413749.506198,965,2,17,1,17,1
1765413749.522911,966,2,17,1,17,1
1765413749.539623,966,2,17,1,17,1
1765413749.555927,967,2,17,1,17,1
1765413749.571834,967,2,17,1,17,1
1765413749.587862,967,2,17,1,17,1
1765413749.603551,968,2,17,1,17,1
1765413749.620011,968,2,17,1,17,1
1765413749.636716,969,2,17,1,17,1
1765413749.654377,969,2,17,1,17,1
1765413749.671504,969,2,17,1,17,1
1765413749.688850,970,2,17,1,17,1
1765413749.704963,970,2,17,1,17,1
1765413749.721216,971,2,17,1,17,1
1765413749.738021,971,2,17,1,17,1
1765413749.754458,971,2,17,1,17,1
1765413749.771881,972,2,17,1,17,1
1765413749.787992,972,2,17,1,17,1
1765413749.803533,972,2,17,1,17,1
1765413749.819285,973,2,17,1,17,1
1765413749.835864,973,2,17,1,17,1
1765413749.852613,974,2,17,1,17,1
1765413749.869092,974,2,17,1,17,1
1765413749.885483,974,2,17,1,17,1
1765413749.901211,975,2,17,1,17,1
1765413749.919036,975,2,17,1,17,1
1765413749.935361,976,2,17,1,17,1
1765413749.951706,976,2,17,1,17,1
1765413749.968661,976,2,17,1,17,1
1765413749.986244,977,2,17,1,17,1
1765413750.002723,977,2,17,1,17,1
1765413750.018301,978,2,17,1,17,1
1765413750.034993,978,2,17,1,17,1
1765413750.051597,978,2,17,1,17,1
1765413750.069009,979,2,16,1,16,1
1765413750.084831,979,2,16,1,16,1
1765413750.100078,980,2,16,1,16,1
1765413750.117616,980,2,16,1,16,1
1765413750.133481,980,2,16,1,16,1
1765413750.149596,981,2,16,1,16,1
1765413750.166588,981,2,16,1,16,1
1765413750.183266,982,2,16,1,16,1
1765413750.200602,982,2,16,1,16,1
1765413750.217885,982,2,16,1,16,1
1765413750.233695,983,2,16,1,16,1
1765413750.249466,983,2,16,1,16,1
1765413750.266812,983,2,16,1,16,1
1765413750.283197,984,2,16,1,16,1
1765413750.300272,984,2,16,1,16,1
1765413750.316701,985,2,16,1,16,1
1765413750.332846,985,2,16,1,16,1
1765413750.349809,985,2,16,1,16,1
1765413750.365275,986,2,16,1,16,1
1765413750.382698,986,2,16,1,16,1
1765413750.398607,987,2,16,1,16,1
1765413750.415596,987,2,16,1,16,1
1765413750.431937,987,2,16,1,16,1
1765413750.448292,988,2,16,1,16,1
1765413750.464840,988,2,16,1,16,1
1765413750.481278,989,2,16,1,16,1
1765413750.498031,989,2,16,1,16,1
1765413750.515613,989,2,16,1,16,1
1765413750.532206,990,2,16,1,16,1
1765413750.548937,990,2,16,1,16,1
1765413750.564973,991,2,16,1,16,1
1765413750.580744,991,2,16,1,16,1
1765413750.598066,991,2,16,1,16,1
1765413750.614602,992,2,16,1,16,1
1765413750.630518,992,2,16,1,16,1
1765413750.646570,993,2,16,1,16,1
1765413750.664073,993,2,16,1,16,1
1765413750.680557,993,2,16,1,16,1
1765413750.696939,994,2,16,2,16,2
1765413750.713861,994,2,16,2,16,2
1765413750.729594,994,2,16,2,16,2
1765413750.746110,995,2,16,2,16,2
1765413750.763582,995,2,16,2,16,2
1765413750.779440,996,2,16,2,16,2
1765413750.796009,996,2,16,2,16,2
1765413750.812789,996,2,16,2,16,2
1765413750.829099,997,2,16,2,16,2
1765413750.845488,997,2,16,2,16,2
1765413750.862564,998,2,16,2,16,2
1765413750.879133,998,2,16,2,16,2
1765413750.895979,998,2,16,2,16,2
1765413750.913026,999,2,16,2,16,2
1765413750.929263,999,2,16,2,16,2
1765413750.946319,1000,2,16,2,16,2
1765413750.962921,1000,2,16,2,16,2
1765413750.979016,1000,2,16,2,16,2
1765413750.995181,1001,2,16,2,16,2
1765413751.012186,1001,2,16,2,16,2
1765413751.030262,1002,2,16,2,16,2
1765413751.047466,1002,2,16,2,16,2
1765413751.063347,1002,2,16,2,16,2
1765413751.080132,1003,2,16,2,16,2
1765413751.096978,1003,2,16,2,16,2
1765413751.112583,1004,2,16,2,16,2
1765413751.129644,1004,2,16,2,16,2
1765413751.145486,1004,2,16,2,16,2
1765413751.162065,1005,2,16,2,16,2
1765413751.179622,1005,2,16,2,16,2
1765413751.195626,1005,2,16,2,16,2
1765413751.212590,1006,2,16,2,16,2
1765413751.229069,1006,2,16,2,16,2
1765413751.245798,1007,2,16,2,16,2
1765413751.262102,1007,2,16,2,16,2
1765413751.279498,1007,2,16,2,16,2
1765413751.296478,1008,2,16,2,16,2
1765413751.313498,1008,2,16,2,16,2
1765413751.330520,1009,2,16,2,16,2
1765413751.346677,1009,2,16,2,16,2
1765413751.362893,1009,2,16,2,16,2
1765413751.379071,1010,2,16,2,16,2
1765413751.395483,1010,2,16,2,16,2
1765413751.412051,1011,2,16,2,16,2
1765413751.429402,1011,2,16,2,16,2
1765413751.446465,1011,2,16,2,16,2
1765413751.462557,1012,2,16,2,16,2
1765413751.480131,1012,2,16,2,16,2
1765413751.497789,1013,2,16,2,16,2
1765413751.514211,1013,2,16,2,16,2
1765413751.531733,1013,2,16,2,16,2
1765413751.548325,1014,2,16,2,16,2
1765413751.565160,1014,2,16,2,16,2
1765413751.581936,1015,2,16,2,16,2
1765413751.608452,1015,2,16,2,16,2
1765413751.626463,1016,2,16,2,16,2
1765413751.642916,1016,2,16,2,16,2
1765413751.659740,1016,2,16,2,16,2
1765413751.675596,1017,2,16,2,16,2
1765413751.691586,1017,2,16,2,16,2
1765413751.707987,1018,2,16,2,16,2
1765413751.724919,1018,2,16,2,16,2
1765413751.741188,1018,2,16,2,16,2
1765413751.758639,1019,2,16,2,16,2
1765413751.774672,1019,2,16,2,16,2
1765413751.790389,1019,2,16,2,16,2
1765413751.808644,1020,2,16,2,16,2
1765413751.824888,1020,2,16,2,16,2
1765413751.841254,1021,2,16,2,16,2
1765413751.857957,1021,2,16,2,16,2
1765413751.874004,1021,2,16,2,16,2
1765413751.889318,1022,2,16,2,16,2
1765413751.906199,1022,2,16,2,16,2
1765413751.922524,1023,2,16,2,16,2
1765413751.938753,1023,2,16,2,16,2
1765413751.954315,1023,2,16,2,16,2
1765413751.971313,1024,2,16,2,16,2
1765413751.988944,1024,2,16,2,16,2
1765413752.005139,1025,2,16,2,16,2
1765413752.022240,1025,2,16,2,16,2
1765413752.039422,1025,2,16,2,16,2
1765413752.056047,1026,2,16,2,16,2
1765413752.073226,1026,2,16,2,16,2
1765413752.090286,1027,2,16,2,16,2
1765413752.106855,1027,2,16,2,16,2
1765413752.122682,1027,2,16,2,16,2
1765413752.138771,1028,2,16,2,16,2
1765413752.155221,1028,2,16,2,16,2
1765413752.173067,1029,2,16,2,16,2
1765413752.190289,1029,2,16,2,16,2
1765413752.206823,1029,2,16,2,16,2
1765413752.222527,1030,2,16,1,16,1
1765413752.238735,1030,2,16,1,16,1
1765413752.255497,1030,2,16,1,16,1
1765413752.271730,1031,2,16,1,16,1
1765413752.287277,1031,2,16,1,16,1
1765413752.303965,1032,2,16,1,16,1
1765413752.320213,1032,2,16,1,16,1
1765413752.337698,1032,2,16,1,16,1
1765413752.354118,1033,2,16,1,16,1
1765413752.370806,1033,2,16,1,16,1
1765413752.387026,1034,2,16,1,16,1
1765413752.403947,1034,2,16,1,16,1
1765413752.420491,1034,2,16,1,16,1
1765413752.436954,1035,2,16,1,16,1
1765413752.453089,1035,2,16,1,16,1
1765413752.470628,1036,2,16,1,16,1
1765413752.487493,1036,2,16,1,16,1
1765413752.504723,1036,2,16,1,16,1
1765413752.521134,1037,2,16,1,16,1
1765413752.538004,1037,2,16,1,16,1
1765413752.554256,1038,2,16,1,16,1
1765413752.570850,1038,2,16,1,16,1
1765413752.586522,1038,2,16,1,16,1
1765413752.603974,1039,2,16,1,16,1
1765413752.619924,1039,2,16,1,16,1
1765413752.635735,1040,2,16,1,16,1
1765413752.651980,1040,2,16,1,16,1
1765413752.668208,1040,2,16,1,16,1
1765413752.684957,1041,2,16,1,16,1
1765413752.701132,1041,2,16,1,16,1
1765413752.718146,1041,2,16,1,16,1
1765413752.734938,1042,2,16,1,16,1
1765413752.751454,1042,2,16,1,16,1
1765413752.768101,1043,2,16,1,16,1
1765413752.785663,1043,2,16,1,16,1
1765413752.802003,1043,2,16,1,16,1
1765413752.817655,1044,2,16,1,16,1
1765413752.834190,1044,2,16,1,16,1
1765413752.851749,1045,2,16,1,16,1
1765413752.867937,1045,2,16,1,16,1
1765413752.883545,1045,2,16,1,16,1
1765413752.899641,1046,2,17,1,17,1
1765413752.916155,1046,2,17,1,17,1
1765413752.933234,1047,2,17,1,17,1
1765413752.949632,1047,2,17,1,17,1
1765413752.966681,1047,2,17,1,17,1
1765413752.982640,1048,2,17,1,17,1
1765413752.998855,1048,2,17,1,17,1
1765413753.014536,1048,2,17,1,17,1
1765413753.030547,1049,2,17,1,17,1
1765413753.046354,1049,2,17,1,17,1
1765413753.063766,1050,2,17,1,17,1
1765413753.080917,1050,2,17,1,17,1
1765413753.096624,1050,2,17,1,17,1
1765413753.112720,1051,2,17,1,17,1
1765413753.128645,1051,2,17,1,17,1
1765413753.145071,1052,2,17,1,17,1
1765413753.161854,1052,2,17,1,17,1
1765413753.178777,1052,2,17,1,17,1
1765413753.194548,1053,2,17,1,17,1
1765413753.210593,1053,2,17,1,17,1
1765413753.226984,1054,2,17,1,17,1
1765413753.243320,1054,2,17,1,17,1
1765413753.260041,1054,2,17,1,17,1
1765413753.277543,1055,2,17,1,17,1
1765413753.294600,1055,2,17,1,17,1
1765413753.310715,1056,2,17,2,17,2
1765413753.327858,1056,2,17,2,17,2
1765413753.344924,1056,2,17,2,17,2
1765413753.361380,1057,2,17,2,17,2
1765413753.377297,1057,2,17,2,17,2
1765413753.393881,1058,2,17,2,17,2
1765413753.410112,1058,2,17,2,17,2
1765413753.427914,1058,2,17,2,17,2
1765413753.443720,1059,2,17,2,17,2
1765413753.460068,1059,2,17,2,17,2
1765413753.477795,1060,2,17,2,17,2
1765413753.493831,1060,2,17,2,17,2
1765413753.509883,1060,2,17,2,17,2
1765413753.525773,1061,2,17,2,17,2
1765413753.542493,1061,2,17,2,17,2
1765413753.559529,1061,2,17,2,17,2
1765413753.575909,1062,2,17,2,17,2
1765413753.592575,1062,2,17,2,17,2
1765413753.609167,1063,2,17,2,17,2
1765413753.625449,1063,2,17,2,17,2
1765413753.641892,1063,2,17,2,17,2
1765413753.658031,1064,2,17,2,17,2
1765413753.675812,1064,2,17,2,17,2
1765413753.692565,1065,2,16,2,16,2
1765413753.708201,1065,2,16,2,16,2
1765413753.724189,1065,2,16,2,16,2
1765413753.741491,1066,2,16,2,16,2
1765413753.757317,1066,2,16,2,16,2
1765413753.773270,1066,2,16,2,16,2
1765413753.790847,1067,2,16,2,16,2
1765413753.806645,1067,2,16,2,16,2
1765413753.822530,1068,2,16,2,16,2
1765413753.838643,1068,2,16,2,16,2
1765413753.854943,1068,2,16,2,16,2
1765413753.870635,1069,2,16,2,16,2
1765413753.886870,1069,2,16,2,16,2
1765413753.902665,1070,2,16,2,16,2
1765413753.919223,1070,2,16,2,16,2
1765413753.936230,1070,2,16,2,16,2
1765413753.953059,1071,2,16,2,16,2
1765413753.970509,1071,2,16,2,16,2
1765413753.986219,1072,2,16,2,16,2
1765413754.004134,1072,2,16,2,16,2
1765413754.021499,1072,2,16,2,16,2
1765413754.038379,1073,2,16,2,16,2
1765413754.055367,1073,2,16,2,16,2
1765413754.072579,1074,2,16,2,16,2
1765413754.088421,1074,2,16,2,16,2
1765413754.105243,1074,2,16,2,16,2
1765413754.122551,1075,2,16,2,16,2
1765413754.138476,1075,2,16,2,16,2
1765413754.155059,1076,2,16,2,16,2
1765413754.171909,1076,2,16,2,16,2
1765413754.187948,1076,2,16,2,16,2
1765413754.204367,1077,2,16,2,16,2
1765413754.221034,1077,2,16,2,16,2
1765413754.238517,1077,2,16,2,16,2
1765413754.255191,1078,2,16,2,16,2
1765413754.272009,1078,2,16,2,16,2
1765413754.288186,1079,2,16,2,16,2
1765413754.304410,1079,2,16,2,16,2
1765413754.321018,1079,2,16,2,16,2
1765413754.338434,1080,2,16,2,16,2
1765413754.354996,1080,2,16,2,16,2
1765413754.371417,1081,2,16,2,16,2
1765413754.388061,1081,2,16,2,16,2
1765413754.404959,1081,2,16,2,16,2
1765413754.420928,1082,2,16,2,16,2
1765413754.436487,1082,2,16,2,16,2
1765413754.452786,1083,2,16,2,16,2
1765413754.468921,1083,2,16,2,16,2
1765413754.485313,1083,2,16,2,16,2
1765413754.501375,1084,2,16,2,16,2
1765413754.517817,1084,2,16,2,16,2
1765413754.533698,1084,2,16,2,16,2
1765413754.550621,1085,2,16,2,16,2
1765413754.567328,1085,2,16,2,16,2
1765413754.584321,1086,2,16,2,16,2
1765413754.601287,1086,2,16,2,16,2
1765413754.618144,1086,2,16,2,16,2
1765413754.635031,1087,2,16,2,16,2
1765413754.652758,1087,2,16,2,16,2
1765413754.669023,1088,2,16,2,16,2
1765413754.685580,1088,2,16,2,16,2
1765413754.708855,1088,2,16,2,16,2
1765413754.726149,1089,2,16,2,16,2
1765413754.742709,1089,2,16,2,16,2
1765413754.758781,1089,2,16,2,16,2
1765413754.774368,1090,2,16,2,16,2
1765413754.791561,1090,2,16,2,16,2
1765413754.807831,1091,2,15,2,15,2
1765413754.824583,1091,2,15,2,15,2
1765413754.841602,1091,2,15,2,15,2
1765413754.858595,1092,2,15,2,15,2
1765413754.874330,1092,2,15,2,15,2
1765413754.890467,1093,2,15,2,15,2
1765413754.907932,1093,2,15,2,15,2
1765413754.923679,1093,2,15,2,15,2
1765413754.940099,1094,2,15,2,15,2
1765413754.957376,1094,2,15,2,15,2
1765413754.974445,1095,2,15,2,15,2
1765413754.991492,1095,2,15,2,15,2
1765413755.008032,1095,2,15,2,15,2
1765413755.024762,1096,2,15,2,15,2
1765413755.040979,1096,2,15,2,15,2
1765413755.057145,1096,2,15,2,15,2
1765413755.073573,1097,2,15,2,15,2
1765413755.089192,1097,2,15,2,15,2
1765413755.106336,1098,2,15,2,15,2
1765413755.122666,1098,2,15,2,15,2
1765413755.139663,1098,2,15,2,15,2
1765413755.155917,1099,2,15,2,15,2
1765413755.171885,1099,2,15,2,15,2
1765413755.187865,1100,2,15,2,15,2
1765413755.204169,1100,2,15,2,15,2
1765413755.220542,1100,2,15,2,15,2
1765413755.237859,1101,2,15,2,15,2
1765413755.254410,1101,2,15,2,15,2
1765413755.270903,1102,2,15,2,15,2
1765413755.286686,1102,2,15,2,15,2
1765413755.303045,1102,2,15,2,15,2
1765413755.320315,1103,2,15,2,15,2
1765413755.336223,1103,2,15,2,15,2
1765413755.353051,1104,2,15,2,15,2
1765413755.371459,1104,2,15,2,15,2
1765413755.388161,1104,2,15,2,15,2
1765413755.405373,1105,2,15,2,15,2
1765413755.422729,1105,2,15,2,15,2
1765413755.438905,1106,2,15,2,15,2
1765413755.454489,1106,2,15,2,15,2
1765413755.471532,1106,2,15,2,15,2
1765413755.487863,1107,2,15,2,15,2
1765413755.504290,1107,2,15,2,15,2
1765413755.520983,1107,2,15,2,15,2
1765413755.537883,1108,2,15,2,15,2
1765413755.554232,1108,2,15,2,15,2
1765413755.570698,1109,2,15,2,15,2
1765413755.587198,1109,2,15,2,15,2
1765413755.603339,1109,2,15,2,15,2
1765413755.619561,1110,2,15,2,15,2
1765413755.635900,1110,2,15,2,15,2
1765413755.652387,1111,2,15,2,15,2
1765413755.669142,1111,2,15,2,15,2
1765413755.685274,1111,2,15,2,15,2
1765413755.702376,1112,2,15,2,15,2
1765413755.719685,1112,2,15,2,15,2
1765413755.736489,1113,2,15,2,15,2
1765413755.752959,1113,2,15,2,15,2
1765413755.769381,1113,2,15,2,15,2
1765413755.786450,1114,2,15,2,15,2
1765413755.803795,1114,2,15,2,15,2
1765413755.819600,1115,2,15,2,15,2
1765413755.835389,1115,2,15,2,15,2
1765413755.851739,1115,2,15,2,15,2
1765413755.868052,1116,2,15,2,15,2
1765413755.885197,1116,2,15,2,15,2
1765413755.902870,1117,2,15,2,15,2
1765413755.919389,1117,2,15,2,15,2
1765413755.936474,1117,2,15,2,15,2
1765413755.953405,1118,2,15,2,15,2
1765413755.969151,1118,2,15,2,15,2
1765413755.985905,1118,2,15,2,15,2
1765413756.002121,1119,2,15,2,15,2
1765413756.018946,1119,2,15,2,15,2
1765413756.035455,1120,2,15,2,15,2
1765413756.052066,1120,2,15,2,15,2
1765413756.069364,1120,2,15,2,15,2
1765413756.085963,1121,2,15,2,15,2
1765413756.101513,1121,2,15,2,15,2
1765413756.118416,1122,2,15,2,15,2
1765413756.135383,1122,2,15,2,15,2
1765413756.151616,1123,2,15,2,15,2
1765413756.167920,1123,2,15,2,15,2
1765413756.184504,1123,2,15,2,15,2
1765413756.201620,1124,2,15,2,15,2
1765413756.217985,1124,2,15,2,15,2
1765413756.234445,1124,2,15,2,15,2
1765413756.250373,1125,2,15,2,15,2
1765413756.266885,1125,2,15,2,15,2
1765413756.282913,1126,2,15,2,15,2
1765413756.298210,1126,2,15,2,15,2
1765413756.314851,1126,2,15,2,15,2
1765413756.330834,1127,2,15,3,15,3
1765413756.346567,1127,2,15,3,15,3
1765413756.362713,1128,2,15,3,15,3
1765413756.379868,1128,2,15,3,15,3
1765413756.395742,1128,2,15,3,15,3
1765413756.411903,1129,2,15,3,15,3
1765413756.427902,1129,2,15,3,15,3
1765413756.443481,1129,2,15,3,15,3
1765413756.459918,1130,2,15,3,15,3
1765413756.476268,1130,2,15,3,15,3
1765413756.493112,1131,2,15,3,15,3
1765413756.510060,1131,2,15,3,15,3
1765413756.526419,1131,2,15,3,15,3
1765413756.542582,1132,2,15,3,15,3
1765413756.559083,1132,2,15,3,15,3
1765413756.575826,1133,2,15,3,15,3
1765413756.592118,1133,2,15,3,15,3
1765413756.609446,1133,2,15,3,15,3
1765413756.625349,1134,2,15,3,15,3
1765413756.642152,1134,2,15,3,15,3
1765413756.658939,1135,2,15,3,15,3
1765413756.675109,1135,2,15,3,15,3
1765413756.692535,1135,2,15,3,15,3
1765413756.709258,1136,2,15,3,15,3
1765413756.725567,1136,2,15,3,15,3
1765413756.742235,1137,2,15,3,15,3
1765413756.759912,1137,2,15,3,15,3
1765413756.775506,1137,2,15,3,15,3
1765413756.791663,1138,2,15,3,15,3
1765413756.807968,1138,2,15,3,15,3
1765413756.824090,1138,2,15,3,15,3
1765413756.841158,1139,2,15,3,15,3
1765413756.858398,1139,2,15,3,15,3
1765413756.876135,1140,2,15,3,15,3
1765413756.892436,1140,2,15,3,15,3
1765413756.908886,1140,2,15,3,15,3
1765413756.925312,1141,2,15,3,15,3
1765413756.941564,1141,2,15,3,15,3
1765413756.958598,1142,2,15,3,15,3
1765413756.975296,1142,2,15,3,15,3
1765413756.992638,1142,2,15,3,15,3
1765413757.009356,1143,2,15,3,15,3
1765413757.026411,1143,2,15,3,15,3
1765413757.042832,1144,2,15,3,15,3
1765413757.058512,1144,2,15,3,15,3
1765413757.075274,1144,2,15,3,15,3
1765413757.092316,1145,2,15,3,15,3
1765413757.109107,1145,2,15,3,15,3
1765413757.125941,1146,2,15,3,15,3
1765413757.142619,1146,2,15,3,15,3
1765413757.158572,1146,2,15,3,15,3
1765413757.174875,1147,2,15,3,15,3
1765413757.191265,1147,2,15,3,15,3
1765413757.208488,1148,2,15,3,15,3
1765413757.224905,1148,2,15,3,15,3
1765413757.240782,1148,2,15,3,15,3
1765413757.257159,1149,2,15,3,15,3
1765413757.273945,1149,2,15,3,15,3
1765413757.290537,1150,2,15,3,15,3
1765413757.308153,1150,2,15,3,15,3
1765413757.325463,1150,2,15,3,15,3
1765413757.341536,1151,2,15,3,15,3
1765413757.358776,1151,2,15,3,15,3
1765413757.375200,1152,2,15,3,15,3
1765413757.391530,1152,2,15,3,15,3
1765413757.408070,1152,2,15,3,15,3
1765413757.425561,1153,2,15,3,15,3
1765413757.442656,1153,2,15,3,15,3
1765413757.459401,1154,2,15,3,15,3
1765413757.476117,1154,2,15,3,15,3
1765413757.492754,1154,2,15,3,15,3
1765413757.509324,1155,2,15,3,15,3
1765413757.526502,1155,2,15,3,15,3
1765413757.542698,1156,2,15,3,15,3
1765413757.559628,1156,2,15,3,15,3
1765413757.575381,1156,2,15,3,15,3
1765413757.593324,1157,2,14,3,14,3
1765413757.610217,1157,2,14,3,14,3
1765413757.627160,1158,2,14,3,14,3
1765413757.644057,1158,2,14,3,14,3
1765413757.661716,1158,2,14,3,14,3
1765413757.677819,1159,2,14,3,14,3
1765413757.693860,1159,2,14,3,14,3
1765413757.709797,1159,2,14,3,14,3
1765413757.726301,1160,2,14,3,14,3
1765413757.743339,1160,2,14,3,14,3
1765413757.760138,1161,2,14,3,14,3
1765413757.777179,1161,2,14,3,14,3
1765413757.793409,1161,2,14,3,14,3
1765413757.810354,1162,2,14,3,14,3
1765413757.826596,1162,2,14,3,14,3
1765413757.842883,1163,2,14,3,14,3
1765413757.859006,1163,2,14,3,14,3
1765413757.875666,1163,2,14,3,14,3
1765413757.891587,1164,2,14,3,14,3
1765413757.907965,1164,2,14,3,14,3
1765413757.923738,1165,2,14,3,14,3
1765413757.940553,1165,2,14,3,14,3
1765413757.957218,1165,2,14,3,14,3
1765413757.974010,1166,2,14,3,14,3
1765413757.991622,1166,2,14,3,14,3
1765413758.008124,1167,2,14,3,14,3
1765413758.025020,1167,2,14,3,14,3
1765413758.040940,1167,2,14,3,14,3
1765413758.056534,1168,2,14,3,14,3
1765413758.073138,1168,2,14,3,14,3
1765413758.089652,1168,2,14,3,14,3
1765413758.105627,1169,2,14,3,14,3
1765413758.122008,1169,2,14,3,14,3
1765413758.138113,1170,2,14,3,14,3
1765413758.155878,1170,2,14,3,14,3
1765413758.172250,1170,2,14,3,14,3
1765413758.189607,1171,2,14,3,14,3
1765413758.205780,1171,2,14,3,14,3
1765413758.221822,1172,2,14,3,14,3
1765413758.237897,1172,2,14,3,14,3
1765413758.253821,1172,2,14,3,14,3
1765413758.270340,1173,2,14,3,14,3
1765413758.288888,1173,2,14,3,14,3
1765413758.305085,1174,2,14,3,14,3
1765413758.322049,1174,2,14,3,14,3
1765413758.339588,1174,2,14,3,14,3
1765413758.356225,1175,2,14,3,14,3
1765413758.372977,1175,2,14,3,14,3
1765413758.389274,1176,2,14,4,14,4
1765413758.405784,1176,2,14,4,14,4
1765413758.422486,1176,2,14,4,14,4
1765413758.439620,1177,2,14,4,14,4
1765413758.456275,1177,2,14,4,14,4
1765413758.473228,1177,2,14,4,14,4
1765413758.490503,1178,2,14,4,14,4
1765413758.508008,1178,2,14,4,14,4
1765413758.523643,1179,2,14,4,14,4
1765413758.539717,1179,2,14,4,14,4
1765413758.555597,1179,2,14,4,14,4
1765413758.571977,1180,2,14,4,14,4
1765413758.588047,1180,2,14,4,14,4
1765413758.605551,1181,2,14,4,14,4
1765413758.623007,1181,2,14,4,14,4
1765413758.639186,1181,2,14,4,14,4
1765413758.655908,1182,2,14,4,14,4
1765413758.671357,1182,2,14,4,14,4
1765413758.687866,1183,2,14,4,14,4
1765413758.704427,1183,2,14,4,14,4
1765413758.720785,1183,2,14,4,14,4
1765413758.737127,1184,2,14,4,14,4
1765413758.754667,1184,2,14,4,14,4
1765413758.770507,1185,2,14,4,14,4
1765413758.786624,1185,2,14,4,14,4
1765413758.802821,1185,2,14,4,14,4
1765413758.819568,1186,2,14,5,14,5
1765413758.835783,1186,2,14,5,14,5
1765413758.852215,1186,2,14,5,14,5
1765413758.869065,1187,2,14,5,14,5
1765413758.886449,1187,2,14,5,14,5
1765413758.902687,1188,2,14,5,14,5
1765413758.918301,1188,2,14,5,14,5
1765413758.934838,1188,2,14,5,14,5
1765413758.950663,1189,2,14,5,14,5
1765413758.966609,1189,2,14,5,14,5
1765413758.984001,1190,2,14,5,14,5
1765413759.000691,1190,2,14,5,14,5
1765413759.016948,1190,2,14,5,14,5
1765413759.032807,1191,2,14,5,14,5
1765413759.048718,1191,2,14,5,14,5
1765413759.064599,1191,2,14,5,14,5
1765413759.080997,1192,2,14,5,14,5
1765413759.097669,1192,2,14,5,14,5
1765413759.113729,1193,2,14,5,14,5
1765413759.129697,1193,2,14,5,14,5
1765413759.145902,1193,2,14,5,14,5
1765413759.162160,1194,2,14,5,14,5
1765413759.178982,1194,2,14,5,14,5
1765413759.195160,1195,2,13,5,13,5
1765413759.212008,1195,2,13,5,13,5
1765413759.228170,1195,2,13,5,13,5
1765413759.245723,1196,2,13,5,13,5
1765413759.261919,1196,2,13,5,13,5
1765413759.277201,1196,2,13,5,13,5
1765413759.294021,1197,2,13,5,13,5
1765413759.310366,1197,2,13,5,13,5
1765413759.326738,1198,2,13,5,13,5
1765413759.343997,1198,2,13,5,13,5
1765413759.359655,1198,2,13,5,13,5
1765413759.375679,1199,2,13,5,13,5
1765413759.391516,1199,2,13,5,13,5
1765413759.408362,1200,2,13,5,13,5
1765413759.425118,1200,2,13,5,13,5
1765413759.441482,1200,2,13,5,13,5
1765413759.457199,1201,2,13,5,13,5
1765413759.475075,1201,2,13,5,13,5
1765413759.492654,1202,2,13,5,13,5
1765413759.509058,1202,2,13,5,13,5
1765413759.525592,1202,2,13,5,13,5
1765413759.542374,1203,2,13,5,13,5
1765413759.559434,1203,2,13,5,13,5
1765413759.575518,1204,2,13,5,13,5
1765413759.592752,1204,2,13,5,13,5
1765413759.609084,1204,2,13,5,13,5
1765413759.626875,1205,2,13,5,13,5
1765413759.642586,1205,2,13,5,13,5
1765413759.659246,1205,2,13,5,13,5
1765413759.676018,1205,2,13,5,13,5
1765413759.693140,1205,2,13,5,13,5
1765413759.710104,1205,2,13,5,13,5
1765413759.726483,1205,2,13,5,13,5
1765413759.742656,1205,2,13,5,13,5
1765413759.758197,1205,2,13,5,13,5
1765413759.774694,1205,2,13,5,13,5
1765413759.790633,1205,2,13,5,13,5
1765413759.808135,1205,2,13,5,13,5
1765413759.824595,1205,2,13,5,13,5
1765413759.841520,1205,2,13,5,13,5
1765413759.857125,1205,2,13,5,13,5
1765413759.874087,1205,2,13,5,13,5
1765413759.891668,1205,2,13,5,13,5
1765413759.907937,1205,2,13,5,13,5
1765413759.923672,1205,2,13,5,13,5
1765413759.939737,1205,2,13,5,13,5
1765413759.955919,1205,2,13,5,13,5
1765413759.971373,1205,2,13,5,13,5
1765413759.988016,1205,2,13,5,13,5
1765413760.004500,1205,2,13,5,13,5
1765413760.021020,1205,2,13,5,13,5
1765413760.036566,1205,2,13,5,13,5
1765413760.052908,1205,2,13,5,13,5
1765413760.069268,1205,2,13,5,13,5
1765413760.086735,1205,2,13,5,13,5
1765413760.103085,1205,2,13,5,13,5
1765413760.119732,1205,2,13,5,13,5
1765413760.136280,1205,2,13,5,13,5
1765413760.152934,1205,2,13,5,13,5
1765413760.169185,1205,2,13,5,13,5
1765413760.186952,1205,2,13,5,13,5
1765413760.204013,1205,2,13,5,13,5
1765413760.220111,1205,2,13,5,13,5
1765413760.237826,1205,2,13,5,13,5
1765413760.253605,1205,2,13,5,13,5
1765413760.270448,1205,2,13,5,13,5
1765413760.286968,1205,2,13,5,13,5
1765413760.302589,1205,2,13,5,13,5
1765413760.319546,1205,2,13,5,13,5
1765413760.336121,1205,2,13,5,13,5
1765413760.352386,1205,2,13,5,13,5
1765413760.369281,1205,2,13,5,13,5
1765413760.385195,1205,2,13,5,13,5
1765413760.401337,1205,2,13,5,13,5
1765413760.418823,1205,2,13,5,13,5
1765413760.435795,1205,2,13,5,13,5
1765413760.452847,1205,2,13,5,13,5
1765413760.469585,1205,2,13,5,13,5
1765413760.485904,1205,2,13,5,13,5
1765413760.502629,1205,2,13,5,13,5
1765413760.518968,1205,2,13,5,13,5
1765413760.534570,1205,2,13,5,13,5
1765413760.551785,1205,2,13,5,13,5
1765413760.568144,1205,2,13,5,13,5
1765413760.584465,1205,2,13,5,13,5
1765413760.600981,1205,2,13,5,13,5
1765413760.617793,1205,2,13,5,13,5
1765413760.635437,1205,2,13,5,13,5
1765413760.652044,1205,2,13,5,13,5
1765413760.669125,1205,2,13,5,13,5
1765413760.685911,1205,2,13,5,13,5
1765413760.702611,1205,2,13,5,13,5
1765413760.718616,1205,2,13,5,13,5
1765413760.734542,1205,2,13,5,13,5
1765413760.751038,1205,2,13,5,13,5
1765413760.767922,1205,2,13,5,13,5
1765413760.783850,1205,2,13,5,13,5
1765413760.800264,1205,2,13,5,13,5
1765413760.816341,1205,2,13,5,13,5
1765413760.833201,1205,2,13,5,13,5
1765413760.849444,1205,2,13,5,13,5
1765413760.866612,1205,2,13,5,13,5
1765413760.882956,1205,2,13,5,13,5
1765413760.900091,1205,2,13,5,13,5
1765413760.916561,1205,2,13,5,13,5
1765413760.933516,1205,2,13,5,13,5
1765413760.950584,1205,2,13,5,13,5
1765413760.967196,1205,2,13,5,13,5
1765413760.984491,1205,2,13,5,13,5
1765413761.001153,1205,2,13,5,13,5
1765413761.018301,1205,2,13,5,13,5
1765413761.036114,1205,2,13,5,13,5
1765413761.052577,1205,2,13,5,13,5
1765413761.069069,1205,2,13,5,13,5
1765413761.086063,1205,2,13,5,13,5
1765413761.102651,1205,2,13,5,13,5
1765413761.118854,1205,2,13,5,13,5
1765413761.134915,1205,2,13,5,13,5
1765413761.150898,1205,2,13,5,13,5
1765413761.167802,1205,2,13,5,13,5
1765413761.183975,1205,2,13,5,13,5
1765413761.200124,1205,2,13,5,13,5
1765413761.217128,1205,2,13,5,13,5
1765413761.233717,1205,2,13,5,13,5
1765413761.250120,1205,2,13,5,13,5
1765413761.266768,1205,2,13,5,13,5
1765413761.283651,1205,2,13,5,13,5
1765413761.300275,1205,2,13,5,13,5
1765413761.316597,1205,2,13,5,13,5
1765413761.333036,1205,2,13,5,13,5
1765413761.401611,1205,2,13,5,13,5
1765413761.423744,1205,2,13,5,13,5
1765413761.441454,1205,2,13,5,13,5
1765413761.457886,1205,2,13,5,13,5
1765413761.474483,1205,2,13,5,13,5
1765413761.490857,1205,2,13,5,13,5
1765413761.507904,1205,2,13,5,13,5
1765413761.523707,1205,2,13,5,13,5
1765413761.539706,1205,2,13,5,13,5
1765413761.555906,1205,2,13,5,13,5
1765413761.572345,1205,2,13,5,13,5
1765413761.588899,1205,2,13,5,13,5
1765413761.604928,1205,2,13,5,13,5
1765413761.621008,1205,2,13,5,13,5
1765413761.636446,1205,2,13,5,13,5
1765413761.653014,1205,2,13,5,13,5
1765413761.668207,1205,2,13,5,13,5
1765413761.685186,1205,2,13,5,13,5
1765413761.702196,1205,2,13,5,13,5
1765413761.720530,1205,2,13,5,13,5
1765413761.738058,1205,2,13,5,13,5
1765413761.755355,1205,2,13,5,13,5
1765413761.772976,1205,2,13,5,13,5
1765413761.789177,1205,2,13,5,13,5
1765413761.806370,1205,2,13,5,13,5
1765413761.823120,1205,2,13,5,13,5
1765413761.840911,1205,2,13,5,13,5
1765413761.856275,1205,2,13,5,13,5
1765413761.873405,1205,2,13,5,13,5
1765413761.890399,1205,2,13,5,13,5
1765413761.908112,1205,2,13,5,13,5
1765413761.924913,1205,2,13,5,13,5
1765413761.941368,1205,2,13,5,13,5
1765413761.958368,1205,2,13,5,13,5
1765413761.975802,1205,2,13,5,13,5
1765413761.992474,1205,2,13,5,13,5
1765413762.008981,1205,2,13,5,13,5
1765413762.024241,1205,2,13,5,13,5
1765413762.041756,1205,2,13,5,13,5
1765413762.057875,1205,2,13,5,13,5
1765413762.074105,1205,2,13,5,13,5
1765413762.091671,1205,2,13,5,13,5
1765413762.108049,1205,2,13,5,13,5
1765413762.125591,1205,2,13,5,13,5
1765413762.143191,1205,2,13,5,13,5
1765413762.160386,1205,2,13,5,13,5
1765413762.177473,1205,2,13,5,13,5
1765413762.194645,1205,2,13,5,13,5
1765413762.210333,1205,2,13,5,13,5
1765413762.226897,1205,2,13,5,13,5
1765413762.242399,1205,2,13,5,13,5
1765413762.259003,1205,2,13,5,13,5
1765413762.274712,1205,2,13,5,13,5
1765413762.291537,1205,2,13,5,13,5
1765413762.308150,1205,2,13,5,13,5
1765413762.325955,1205,2,13,5,13,5
1765413762.341193,1205,2,13,5,13,5
1765413762.358218,1205,2,13,5,13,5
1765413762.374894,1205,2,13,5,13,5
1765413762.390875,1205,2,13,5,13,5
1765413762.406868,1205,2,13,5,13,5
1765413762.422981,1205,2,13,5,13,5
1765413762.439014,1205,2,13,5,13,5
1765413762.454660,1205,2,13,5,13,5
1765413762.470759,1205,2,13,5,13,5
1765413762.486864,1205,2,13,5,13,5
1765413762.503162,1205,2,13,5,13,5
1765413762.520071,1205,2,13,5,13,5
1765413762.536981,1205,2,13,5,13,5
1765413762.552895,1205,2,13,5,13,5
1765413762.568772,1205,2,13,5,13,5
1765413762.584898,1205,2,13,5,13,5
1765413762.601415,1205,2,13,5,13,5
1765413762.618399,1205,2,13,5,13,5
1765413762.635055,1205,2,13,5,13,5
1765413762.652253,1205,2,13,5,13,5
1765413762.669423,1205,2,13,5,13,5
1765413762.685213,1205,2,13,5,13,5
1765413762.702521,1205,2,13,5,13,5
1765413762.719559,1205,2,13,5,13,5
1765413762.736742,1205,2,13,5,13,5
1765413762.753506,1205,2,13,5,13,5
1765413762.770229,1205,2,13,5,13,5
1765413762.788162,1205,2,13,5,13,5
1765413762.805042,1205,2,13,5,13,5
1765413762.821757,1205,2,13,5,13,5
1765413762.837903,1205,2,13,5,13,5
1765413762.854722,1205,2,13,5,13,5
1765413762.872090,1205,2,13,5,13,5
1765413762.888275,1205,2,13,5,13,5
1765413762.904849,1205,2,13,5,13,5
1765413762.921425,1205,2,13,5,13,5
1765413762.938517,1205,2,13,5,13,5
1765413762.955121,1205,2,13,5,13,5
1765413762.972204,1205,2,13,5,13,5
1765413762.988277,1205,2,13,5,13,5
1765413763.004366,1205,2,13,5,13,5
1765413763.021405,1205,2,13,5,13,5
1765413763.037870,1205,2,13,5,13,5
1765413763.053988,1205,2,13,5,13,5
1765413763.069410,1205,2,13,5,13,5
1765413763.085941,1205,2,13,5,13,5
1765413763.102431,1205,2,13,5,13,5
1765413763.119344,1205,2,13,5,13,5
1765413763.137232,1205,2,13,5,13,5
1765413763.154296,1205,2,13,5,13,5
1765413763.171197,1205,2,13,5,13,5
1765413763.188229,1205,2,13,5,13,5
1765413763.205137,1205,2,13,5,13,5
1765413763.222063,1205,2,13,5,13,5
1765413763.239016,1205,2,13,5,13,5
1765413763.255909,1205,2,13,5,13,5
1765413763.271931,1205,2,13,5,13,5
1765413763.289136,1205,2,13,5,13,5
1765413763.306077,1205,2,13,5,13,5
1765413763.322382,1205,2,13,5,13,5
1765413763.339235,1205,2,13,5,13,5
1765413763.355736,1205,2,13,5,13,5
1765413763.372072,1205,2,13,5,13,5
1765413763.389435,1205,2,13,5,13,5
1765413763.406609,1205,2,13,5,13,5
1765413763.423434,1205,2,13,5,13,5
1765413763.439610,1205,2,13,5,13,5
1765413763.455501,1205,2,13,5,13,5
1765413763.472754,1205,2,13,5,13,5
1765413763.489336,1205,2,13,5,13,5
1765413763.505921,1205,2,13,5,13,5
1765413763.522174,1205,2,13,5,13,5
1765413763.538918,1205,2,13,5,13,5
1765413763.554669,1205,2,13,5,13,5
1765413763.571105,1205,2,13,5,13,5
1765413763.588360,1205,2,13,5,13,5
1765413763.604805,1205,2,13,5,13,5
1765413763.620663,1205,2,13,5,13,5
1765413763.637027,1205,2,13,5,13,5
1765413763.653224,1205,2,13,5,13,5
1765413763.670621,1205,2,13,5,13,5
1765413763.687206,1205,2,13,5,13,5
1765413763.703701,1205,2,13,5,13,5
1765413763.719372,1205,2,13,5,13,5
1765413763.735611,1205,2,13,5,13,5
1765413763.752857,1205,2,13,5,13,5
1765413763.768883,1205,2,13,5,13,5
1765413763.785270,1205,2,13,5,13,5
1765413763.802465,1205,2,13,5,13,5
1765413763.818900,1205,2,13,5,13,5
1765413763.834721,1205,2,13,5,13,5
1765413763.851252,1205,2,13,5,13,5
1765413763.868165,1205,2,13,5,13,5
1765413763.885530,1205,2,13,5,13,5
1765413763.901315,1205,2,13,5,13,5
1765413763.917397,1205,2,13,5,13,5
1765413763.933659,1205,2,13,5,13,5
1765413763.949570,1205,2,13,5,13,5
1765413763.965761,1205,2,13,5,13,5
1765413763.982355,1205,2,13,5,13,5
1765413763.999285,1205,2,13,5,13,5
1765413764.015688,1205,2,13,5,13,5
1765413764.031791,1205,2,13,5,13,5
1765413764.048075,1205,2,13,5,13,5
1765413764.065201,1205,2,13,5,13,5
1765413764.081649,1205,2,13,5,13,5
1765413764.098932,1205,2,13,5,13,5
1765413764.115696,1205,2,13,5,13,5
1765413764.132635,1205,2,13,5,13,5
1765413764.149606,1205,2,13,5,13,5
1765413764.165684,1205,2,13,5,13,5
1765413764.181478,1205,2,13,5,13,5
1765413764.198359,1205,2,13,5,13,5
1765413764.214123,1205,2,13,5,13,5
1765413764.231050,1205,2,13,5,13,5
1765413764.248276,1205,2,13,5,13,5
1765413764.264711,1205,2,13,5,13,5
1765413764.280977,1205,2,13,5,13,5
1765413764.296806,1205,2,13,5,13,5
1765413764.313942,1205,2,13,5,13,5
1765413764.329947,1205,2,13,5,13,5
1765413764.345794,1205,2,13,5,13,5
1765413764.362150,1205,2,13,5,13,5
1765413764.379459,1205,2,13,5,13,5
1765413764.396120,1205,2,13,5,13,5
1765413764.413310,1205,2,13,5,13,5
1765413764.429159,1205,2,13,5,13,5
1765413764.446433,1205,2,13,5,13,5
1765413764.462416,1205,2,13,5,13,5
1765413764.478918,1205,2,13,5,13,5
1765413764.495677,1205,2,13,5,13,5
1765413764.512056,1205,2,13,5,13,5
1765413764.528919,1205,2,13,5,13,5
1765413764.545449,1205,2,13,5,13,5
1765413764.561464,1205,2,13,5,13,5
1765413764.578779,1205,2,13,5,13,5
1765413764.595279,1205,2,13,5,13,5
1765413764.612157,1205,2,13,5,13,5
1765413764.629424,1205,2,13,5,13,5
1765413764.645870,1205,2,13,5,13,5
1765413764.661754,1205,2,13,5,13,5
1765413764.678070,1205,2,13,5,13,5
1765413764.694577,1205,2,13,5,13,5
1765413764.711109,1205,2,13,5,13,5
1765413764.728212,1205,2,13,5,13,5
1765413764.745407,1205,2,13,5,13,5
1765413764.762021,1205,2,13,5,13,5
