time,snapshot_id,player_id,server_row,server_col,display_row,display_col
1765413714.044806,130,3,7,1,7,1
1765413714.061385,131,3,7,1,7,1
1765413714.077442,131,3,7,1,7,1
1765413714.094068,131,3,7,1,7,1
1765413714.110626,132,3,7,1,7,1
1765413714.128191,132,3,7,1,7,1
1765413714.144758,133,3,7,1,7,1
1765413714.162686,133,3,7,1,7,1
1765413714.179346,133,3,7,1,7,1
1765413714.195476,134,3,7,1,7,1
1765413714.223782,134,3,7,1,7,1
1765413714.231952,135,3,7,1,7,1
1765413714.246920,135,3,7,1,7,1
1765413714.262951,135,3,7,1,7,1
1765413714.279605,136,3,7,1,7,1
1765413714.297096,136,3,7,1,7,1
1765413714.313591,137,3,7,1,7,1
1765413714.330165,137,3,7,1,7,1
1765413714.346210,137,3,7,1,7,1
1765413714.362645,138,3,7,1,7,1
1765413714.379856,138,3,7,1,7,1
1765413714.396682,138,3,7,1,7,1
1765413714.414190,139,3,7,1,7,1
1765413714.430307,139,3,7,1,7,1
1765413714.446853,140,3,7,1,7,1
1765413714.464168,140,3,7,1,7,1
1765413714.481023,140,3,7,1,7,1
1765413714.497201,141,3,7,1,7,1
1765413714.513076,141,3,7,1,7,1
1765413714.529485,142,3,7,1,7,1
1765413714.544983,142,3,7,1,7,1
1765413714.561307,142,3,7,1,7,1
1765413714.578353,143,3,6,1,6,1
1765413714.595024,143,3,6,1,6,1
1765413714.612142,144,3,6,1,6,1
1765413714.627814,144,3,6,1,6,1
1765413714.647273,144,3,6,1,6,1
1765413714.661806,145,3,6,1,6,1
1765413714.678539,145,3,6,1,6,1
1765413714.694137,146,3,6,1,6,1
1765413714.711379,146,3,6,1,6,1
1765413714.728207,147,3,6,1,6,1
1765413714.745028,147,3,6,1,6,1
1765413714.762025,147,3,6,1,6,1
1765413714.778844,148,3,6,1,6,1
1765413714.795786,148,3,6,1,6,1
1765413714.812886,149,3,6,1,6,1
1765413714.830295,149,3,6,1,6,1
1765413714.847095,149,3,6,1,6,1
1765413714.863422,150,3,6,1,6,1
1765413714.879358,150,3,6,1,6,1
1765413714.896943,151,3,6,1,6,1
1765413714.913220,151,3,6,1,6,1
1765413714.928782,151,3,6,1,6,1
1765413714.945645,152,3,6,1,6,1
1765413714.962680,152,3,6,1,6,1
1765413714.979430,153,3,6,1,6,1
1765413714.995213,153,3,6,1,6,1
1765413715.011775,153,3,6,1,6,1
1765413715.029149,154,3,6,1,6,1
1765413715.045353,154,3,6,1,6,1
1765413715.061543,155,3,6,1,6,1
1765413715.077887,155,3,6,1,6,1
1765413715.094616,155,3,6,1,6,1
1765413715.111777,156,3,6,1,6,1
1765413715.128787,156,3,6,1,6,1
1765413715.144937,157,3,6,1,6,1
1765413715.161630,157,3,6,1,6,1
1765413715.178877,157,3,6,1,6,1
1765413715.195686,158,3,6,1,6,1
1765413715.212707,158,3,6,1,6,1
1765413715.229641,159,3,6,1,6,1
1765413715.245962,159,3,6,1,6,1
1765413715.262569,159,3,6,1,6,1
1765413715.278548,160,3,6,1,6,1
1765413715.294811,160,3,6,1,6,1
1765413715.311427,160,3,6,1,6,1
1765413715.328313,161,3,6,1,6,1
1765413715.345356,161,3,6,1,6,1
1765413715.362516,162,3,6,1,6,1
1765413715.378489,162,3,6,1,6,1
1765413715.394689,163,3,6,1,6,1
1765413715.412169,163,3,6,1,6,1
1765413715.429202,163,3,6,1,6,1
1765413715.445823,164,3,6,1,6,1
1765413715.461842,164,3,6,1,6,1
1765413715.478578,165,3,6,1,6,1
1765413715.494816,165,3,6,1,6,1
1765413715.512210,165,3,6,1,6,1
1765413715.529251,166,3,6,1,6,1
1765413715.545400,166,3,6,1,6,1
1765413715.561365,167,3,5,1,5,1
1765413715.577498,167,3,5,1,5,1
1765413715.593848,167,3,5,1,5,1
1765413715.610451,168,3,5,1,5,1
1765413715.626937,168,3,5,1,5,1
1765413715.643726,168,3,5,1,5,1
1765413715.660525,169,3,5,1,5,1
1765413715.810686,169,3,5,1,5,1
1765413715.827744,170,3,5,1,5,1
1765413715.845533,170,3,5,1,5,1
1765413715.865588,170,3,5,1,5,1
1765413715.883186,170,3,5,1,5,1
1765413715.897795,171,3,4,1,4,1
1765413715.916141,171,3,4,1,4,1
1765413715.932597,171,3,4,1,4,1
1765413715.961949,172,3,4,1,4,1
1765413715.981570,173,3,4,1,4,1
1765413715.998915,173,3,4,1,4,1
1765413716.017010,173,3,4,1,4,1
1765413716.034096,174,3,4,1,4,1
1765413716.050460,174,3,4,1,4,1
1765413716.066834,175,3,4,1,4,1
1765413716.083115,175,3,4,1,4,1
1765413716.099616,175,3,4,1,4,1
1765413716.116034,176,3,4,1,4,1
1765413716.132959,176,3,4,1,4,1
1765413716.149708,177,3,4,1,4,1
1765413716.167080,177,3,4,1,4,1
1765413716.183702,177,3,4,1,4,1
1765413716.200409,178,3,4,1,4,1
1765413716.216471,178,3,4,1,4,1
1765413716.233975,179,3,4,1,4,1
1765413716.250070,179,3,4,1,4,1
1765413716.266869,179,3,4,1,4,1
1765413716.282680,180,3,4,1,4,1
1765413716.300285,180,3,4,1,4,1
1765413716.316014,181,3,4,1,4,1
1765413716.332966,181,3,4,1,4,1
1765413716.349658,181,3,4,1,4,1
1765413716.367054,182,3,4,1,4,1
1765413716.384162,182,3,4,1,4,1
1765413716.401369,183,3,4,1,4,1
1765413716.417672,183,3,4,1,4,1
1765413716.434566,183,3,4,1,4,1
1765413716.452167,184,3,4,1,4,1
1765413716.469531,184,3,4,1,4,1
1765413716.486086,185,3,4,1,4,1
1765413716.502582,185,3,4,1,4,1
1765413716.519645,185,3,4,1,4,1
1765413716.536219,186,3,4,1,4,1
1765413716.552703,186,3,4,1,4,1
1765413716.569819,187,3,4,1,4,1
1765413716.586944,187,3,4,1,4,1
1765413716.602787,187,3,4,1,4,1
1765413716.619173,188,3,4,1,4,1
1765413716.634741,188,3,4,1,4,1
1765413716.651046,188,3,4,1,4,1
1765413716.667023,189,3,4,1,4,1
1765413716.683274,189,3,4,1,4,1
1765413716.699937,190,3,4,1,4,1
1765413716.717191,190,3,4,1,4,1
1765413716.732825,190,3,4,1,4,1
1765413716.750056,191,3,4,1,4,1
1765413716.767082,191,3,4,1,4,1
1765413716.784274,192,3,4,1,4,1
1765413716.800448,192,3,4,1,4,1
1765413716.817201,192,3,4,1,4,1
1765413716.833076,193,3,4,1,4,1
1765413716.849789,193,3,4,1,4,1
1765413716.866868,194,3,4,1,4,1
1765413716.884271,194,3,4,1,4,1
1765413716.900569,194,3,4,1,4,1
1765413716.916788,195,3,4,1,4,1
1765413716.933151,195,3,4,1,4,1
1765413716.948747,196,3,4,1,4,1
1765413716.965051,196,3,4,1,4,1
1765413716.981009,196,3,4,1,4,1
1765413716.997931,197,3,4,1,4,1
1765413717.014482,197,3,4,1,4,1
1765413717.030184,197,3,4,1,4,1
1765413717.047114,198,3,4,1,4,1
1765413717.063593,198,3,4,1,4,1
1765413717.079774,199,3,4,1,4,1
1765413717.097082,199,3,4,1,4,1
1765413717.113918,199,3,4,1,4,1
1765413717.131216,200,3,4,1,4,1
1765413717.147104,200,3,4,1,4,1
1765413717.164187,201,3,4,2,4,2
1765413717.179680,201,3,4,2,4,2
1765413717.196860,201,3,4,2,4,2
1765413717.213433,202,3,4,2,4,2
1765413717.229348,202,3,4,2,4,2
1765413717.245090,203,3,4,2,4,2
1765413717.261000,203,3,4,2,4,2
1765413717.277257,203,3,4,2,4,2
1765413717.293515,204,3,4,2,4,2
1765413717.309278,204,3,4,2,4,2
1765413717.325244,204,3,4,2,4,2
1765413717.341588,205,3,4,2,4,2
1765413717.357333,205,3,4,2,4,2
1765413717.373023,206,3,4,2,4,2
1765413717.389191,206,3,4,2,4,2
1765413717.405376,206,3,4,2,4,2
1765413717.421217,207,3,4,2,4,2
1765413717.437366,207,3,4,2,4,2
1765413717.453715,207,3,4,2,4,2
1765413717.470283,208,3,4,2,4,2
1765413717.487179,208,3,4,2,4,2
1765413717.504357,209,3,4,2,4,2
1765413717.520180,209,3,4,2,4,2
1765413717.536080,209,3,4,2,4,2
1765413717.552241,210,3,4,2,4,2
1765413717.568358,210,3,4,2,4,2
1765413717.584936,210,3,4,2,4,2
1765413717.601960,211,3,4,2,4,2
1765413717.618939,211,3,4,2,4,2
1765413717.635689,212,3,4,2,4,2
1765413717.652637,212,3,4,2,4,2
1765413717.669277,212,3,4,2,4,2
1765413717.687469,213,3,4,2,4,2
1765413717.703946,213,3,4,2,4,2
1765413717.720808,214,3,4,2,4,2
1765413717.737210,214,3,4,2,4,2
1765413717.754238,214,3,4,2,4,2
1765413717.770957,215,3,4,2,4,2
1765413717.787489,215,3,4,2,4,2
1765413717.803211,216,3,4,2,4,2
1765413717.819735,216,3,4,2,4,2
1765413717.837043,216,3,4,2,4,2
1765413717.853933,217,3,4,2,4,2
1765413717.870502,217,3,4,2,4,2
1765413717.886204,218,3,4,2,4,2
1765413717.902590,218,3,4,2,4,2
1765413717.918319,218,3,4,2,4,2
1765413717.934375,219,3,4,2,4,2
1765413717.950577,219,3,4,2,4,2
1765413717.967004,219,3,4,2,4,2
1765413717.984446,220,3,4,2,4,2
1765413718.000310,220,3,4,2,4,2
1765413718.016310,221,3,4,2,4,2
1765413718.033318,221,3,4,2,4,2
1765413718.049671,221,3,4,2,4,2
1765413718.066335,222,3,4,2,4,2
1765413718.082408,222,3,4,2,4,2
1765413718.098411,223,3,4,2,4,2
1765413718.114578,223,3,4,2,4,2
1765413718.131010,223,3,4,2,4,2
1765413718.148385,224,3,4,2,4,2
1765413718.165607,224,3,4,2,4,2
1765413718.181998,225,3,4,2,4,2
1765413718.198895,225,3,4,2,4,2
1765413718.215168,225,3,4,2,4,2
1765413718.232064,226,3,4,2,4,2
1765413718.248159,226,3,4,2,4,2
1765413718.264755,227,3,4,2,4,2
1765413718.281629,227,3,4,2,4,2
1765413718.298478,227,3,4,2,4,2
1765413718.314748,228,3,4,2,4,2
1765413718.331912,228,3,4,2,4,2
1765413718.349427,229,3,4,2,4,2
1765413718.364968,229,3,4,2,4,2
1765413718.381484,229,3,4,2,4,2
1765413718.397070,230,3,4,2,4,2
1765413718.413531,230,3,4,2,4,2
1765413718.429751,230,3,4,2,4,2
1765413718.447205,231,3,4,2,4,2
1765413718.462819,231,3,4,2,4,2
1765413718.480057,232,3,4,2,4,2
1765413718.496566,232,3,4,2,4,2
1765413718.512223,232,3,4,2,4,2
1765413718.528416,233,3,4,2,4,2
1765413718.545254,233,3,4,2,4,2
1765413718.560806,233,3,4,2,4,2
1765413718.577051,234,3,4,2,4,2
1765413718.594537,234,3,4,2,4,2
1765413718.610820,235,3,4,2,4,2
1765413718.628309,235,3,4,2,4,2
1765413718.644432,235,3,4,2,4,2
1765413718.660875,236,3,4,2,4,2
1765413718.677131,236,3,4,2,4,2
1765413718.693953,237,3,5,2,5,2
1765413718.711130,237,3,5,2,5,2
1765413718.728179,237,3,5,2,5,2
1765413718.744354,238,3,5,2,5,2
1765413718.759851,238,3,5,2,5,2
1765413718.776306,239,3,5,2,5,2
1765413718.793299,239,3,5,2,5,2
1765413718.810289,239,3,5,2,5,2
1765413718.827098,240,3,5,2,5,2
1765413718.843871,240,3,5,2,5,2
1765413718.860233,241,3,5,2,5,2
1765413718.876863,241,3,5,2,5,2
1765413718.893200,241,3,5,2,5,2
1765413718.909921,242,3,5,2,5,2
1765413718.927047,242,3,5,2,5,2
1765413718.943196,243,3,5,2,5,2
1765413718.958907,243,3,5,2,5,2
1765413718.975432,243,3,5,2,5,2
1765413718.991112,244,3,5,2,5,2
1765413719.007307,244,3,5,2,5,2
1765413719.023537,244,3,5,2,5,2
1765413719.039496,245,3,5,2,5,2
1765413719.055047,245,3,5,2,5,2
1765413719.071544,246,3,5,2,5,2
1765413719.087803,246,3,5,2,5,2
1765413719.104560,246,3,5,2,5,2
1765413719.122134,247,3,5,2,5,2
1765413719.139008,247,3,5,2,5,2
1765413719.156111,248,3,5,2,5,2
1765413719.172763,248,3,5,2,5,2
1765413719.189245,248,3,5,2,5,2
1765413719.206562,249,3,5,2,5,2
1765413719.221901,249,3,5,2,5,2
1765413719.238482,250,3,5,2,5,2
1765413719.253786,250,3,5,2,5,2
1765413719.270778,250,3,5,2,5,2
1765413719.288130,251,3,5,2,5,2
1765413719.304448,251,3,5,2,5,2
1765413719.320958,251,3,5,2,5,2
1765413719.337591,252,3,5,2,5,2
1765413719.353713,252,3,5,2,5,2
1765413719.370858,253,3,5,2,5,2
1765413719.388327,253,3,5,2,5,2
1765413719.404657,253,3,5,2,5,2
1765413719.422032,254,3,5,2,5,2
1765413719.438064,254,3,5,2,5,2
1765413719.454958,255,3,5,1,5,1
1765413719.471802,255,3,5,1,5,1
1765413719.489349,255,3,5,1,5,1
1765413719.505438,256,3,5,1,5,1
1765413719.521728,256,3,5,1,5,1
1765413719.539115,257,3,5,1,5,1
1765413719.556123,257,3,5,1,5,1
1765413719.573762,257,3,5,1,5,1
1765413719.590313,258,3,5,1,5,1
1765413719.606935,258,3,5,1,5,1
1765413719.623948,259,3,5,1,5,1
1765413719.639879,259,3,5,1,5,1
1765413719.656225,259,3,5,1,5,1
1765413719.672751,260,3,5,1,5,1
1765413719.689458,260,3,5,1,5,1
1765413719.706109,261,3,5,1,5,1
1765413719.724809,261,3,5,1,5,1
1765413719.741090,261,3,5,1,5,1
1765413719.757164,262,3,5,1,5,1
1765413719.773660,262,3,5,1,5,1
1765413719.790970,263,3,5,1,5,1
1765413719.808531,263,3,5,1,5,1
1765413719.823866,263,3,5,1,5,1
1765413719.840394,264,3,5,1,5,1
1765413719.857214,264,3,5,1,5,1
1765413719.873495,265,3,5,1,5,1
1765413719.889204,265,3,5,1,5,1
1765413719.905687,265,3,5,1,5,1
1765413719.922668,266,3,5,1,5,1
1765413719.940025,266,3,5,1,5,1
1765413719.956709,266,3,5,1,5,1
1765413719.973989,267,3,5,1,5,1
1765413719.990791,267,3,5,1,5,1
1765413720.008142,268,3,5,1,5,1
1765413720.025527,268,3,5,1,5,1
1765413720.105275,268,3,5,1,5,1
1765413720.155252,270,3,5,1,5,1
1765413720.178891,270,3,5,1,5,1
1765413720.204215,272,3,4,1,4,1
1765413720.222527,272,3,4,1,4,1
1765413720.240068,273,3,4,1,4,1
1765413720.256388,273,3,4,1,4,1
1765413720.271763,273,3,4,1,4,1
1765413720.288229,274,3,4,1,4,1
1765413720.304578,274,3,4,1,4,1
1765413720.320692,274,3,4,1,4,1
1765413720.337047,275,3,4,1,4,1
1765413720.353495,275,3,4,1,4,1
1765413720.369403,276,3,4,1,4,1
1765413720.385710,276,3,4,1,4,1
1765413720.402384,276,3,4,1,4,1
1765413720.418984,277,3,4,1,4,1
1765413720.435714,277,3,4,1,4,1
1765413720.451758,278,3,4,1,4,1
1765413720.468936,278,3,4,1,4,1
1765413720.486624,278,3,4,1,4,1
1765413720.503438,279,3,4,1,4,1
1765413720.519043,279,3,4,1,4,1
1765413720.535176,280,3,4,1,4,1
1765413720.551421,280,3,4,1,4,1
1765413720.568495,280,3,4,1,4,1
1765413720.584517,281,3,4,1,4,1
1765413720.600593,281,3,4,1,4,1
1765413720.617336,281,3,4,1,4,1
1765413720.642724,282,3,4,1,4,1
1765413720.659720,283,3,4,1,4,1
1765413720.676965,283,3,4,1,4,1
1765413720.693763,283,3,4,1,4,1
1765413720.711139,284,3,4,1,4,1
1765413720.728348,284,3,4,1,4,1
1765413720.744219,285,3,4,1,4,1
1765413720.760739,285,3,4,1,4,1
1765413720.777478,285,3,4,1,4,1
1765413720.793931,286,3,4,1,4,1
1765413720.810879,286,3,4,1,4,1
1765413720.828185,287,3,4,1,4,1
1765413720.844396,287,3,4,1,4,1
1765413720.861367,287,3,4,1,4,1
1765413720.877948,288,3,4,2,4,2
1765413720.894519,288,3,4,2,4,2
1765413720.910737,288,3,4,2,4,2
1765413720.927344,289,3,4,2,4,2
1765413720.943967,289,3,4,2,4,2
1765413720.960527,290,3,4,2,4,2
1765413720.977268,290,3,4,2,4,2
1765413720.993451,290,3,4,2,4,2
1765413721.009627,291,3,4,2,4,2
1765413721.027219,291,3,4,2,4,2
1765413721.044089,292,3,4,2,4,2
1765413721.060742,292,3,4,2,4,2
1765413721.077261,292,3,4,2,4,2
1765413721.092857,293,3,4,2,4,2
1765413721.109793,293,3,4,2,4,2
1765413721.126924,294,3,4,2,4,2
1765413721.144454,294,3,4,2,4,2
1765413721.161495,294,3,4,2,4,2
1765413721.178049,295,3,4,2,4,2
1765413721.195103,295,3,4,2,4,2
1765413721.211951,296,3,4,1,4,1
1765413721.228475,296,3,4,1,4,1
1765413721.245170,296,3,4,1,4,1
1765413721.262443,297,3,4,1,4,1
1765413721.278797,297,3,4,1,4,1
1765413721.294735,298,3,4,1,4,1
1765413721.312573,298,3,4,1,4,1
1765413721.329398,298,3,4,1,4,1
1765413721.346070,299,3,4,1,4,1
1765413721.361947,299,3,4,1,4,1
1765413721.378766,300,3,4,1,4,1
1765413721.395933,300,3,4,1,4,1
1765413721.413000,300,3,4,1,4,1
1765413721.429244,301,3,4,1,4,1
1765413721.446900,301,3,4,1,4,1
1765413721.463340,302,3,4,1,4,1
1765413721.479538,302,3,4,1,4,1
1765413721.496512,302,3,4,1,4,1
1765413721.513150,303,3,4,1,4,1
1765413721.530224,303,3,4,1,4,1
1765413721.547265,304,3,4,1,4,1
1765413721.564182,304,3,4,1,4,1
1765413721.581321,304,3,4,1,4,1
1765413721.598035,305,3,4,1,4,1
1765413721.614562,305,3,4,1,4,1
1765413721.630151,306,3,4,1,4,1
1765413721.646988,306,3,4,1,4,1
1765413721.664175,306,3,4,1,4,1
1765413721.680712,307,3,4,1,4,1
1765413721.697086,307,3,4,1,4,1
1765413721.713714,308,3,4,1,4,1
1765413721.730527,308,3,4,1,4,1
1765413721.747818,308,3,4,1,4,1
1765413721.764524,309,3,4,1,4,1
1765413721.781907,309,3,4,1,4,1
1765413721.798647,310,3,4,1,4,1
1765413721.815410,310,3,4,1,4,1
1765413721.831290,310,3,4,1,4,1
1765413721.848247,311,3,4,1,4,1
1765413721.864184,311,3,4,1,4,1
1765413721.880916,312,3,4,1,4,1
1765413721.898254,312,3,4,1,4,1
1765413721.914463,312,3,4,1,4,1
1765413721.931099,313,3,4,1,4,1
1765413721.947308,313,3,4,1,4,1
1765413721.963303,314,3,4,1,4,1
1765413721.980208,314,3,4,1,4,1
1765413721.997530,314,3,4,1,4,1
1765413722.014163,315,3,4,1,4,1
1765413722.030737,315,3,4,1,4,1
1765413722.048288,316,3,4,1,4,1
1765413722.064922,316,3,4,1,4,1
1765413722.082181,316,3,4,1,4,1
1765413722.097700,317,3,4,1,4,1
1765413722.114470,317,3,4,1,4,1
1765413722.130897,318,3,4,0,4,0
1765413722.147072,318,3,4,0,4,0
1765413722.163841,318,3,4,0,4,0
1765413722.180973,319,3,4,0,4,0
1765413722.197727,319,3,4,0,4,0
1765413722.215098,320,3,4,0,4,0
1765413722.231324,320,3,4,0,4,0
1765413722.247500,320,3,4,0,4,0
1765413722.262863,321,3,4,0,4,0
1765413722.279824,321,3,4,0,4,0
1765413722.297395,322,3,4,0,4,0
1765413722.312890,322,3,4,0,4,0
1765413722.329394,322,3,4,0,4,0
1765413722.344687,323,3,4,0,4,0
1765413722.361602,323,3,4,0,4,0
1765413722.378270,324,3,4,0,4,0
1765413722.395080,324,3,4,0,4,0
1765413722.412656,324,3,4,0,4,0
1765413722.430487,325,3,4,0,4,0
1765413722.447414,325,3,4,0,4,0
1765413722.464213,326,3,4,0,4,0
1765413722.480835,326,3,4,0,4,0
1765413722.498013,326,3,4,0,4,0
1765413722.515073,327,3,4,0,4,0
1765413722.532286,327,3,4,0,4,0
1765413722.548240,328,3,4,0,4,0
1765413722.564553,328,3,4,0,4,0
1765413722.581943,328,3,4,0,4,0
1765413722.598265,329,3,4,0,4,0
1765413722.615416,329,3,4,0,4,0
1765413722.630998,330,3,4,0,4,0
1765413722.647229,330,3,4,0,4,0
1765413722.663108,330,3,4,0,4,0
1765413722.678755,331,3,4,0,4,0
1765413722.695577,331,3,4,0,4,0
1765413722.712085,331,3,4,0,4,0
1765413722.728503,332,3,4,0,4,0
1765413722.745137,332,3,4,0,4,0
1765413722.761140,333,3,4,0,4,0
1765413722.777251,333,3,4,0,4,0
1765413722.793563,333,3,4,0,4,0
1765413722.809703,334,3,4,0,4,0
1765413722.826349,334,3,4,0,4,0
1765413722.842347,335,3,4,0,4,0
1765413722.859212,335,3,4,0,4,0
1765413722.875728,335,3,4,0,4,0
1765413722.892604,336,3,4,0,4,0
1765413722.909897,336,3,4,0,4,0
1765413722.926246,337,3,4,0,4,0
1765413722.942715,337,3,4,0,4,0
1765413722.960055,337,3,4,0,4,0
1765413722.976526,338,3,4,0,4,0
1765413722.993255,338,3,4,0,4,0
1765413723.009885,339,3,4,0,4,0
1765413723.026310,339,3,4,0,4,0
1765413723.042589,339,3,4,0,4,0
1765413723.059083,340,3,4,0,4,0
1765413723.075780,340,3,4,0,4,0
1765413723.093832,341,3,4,0,4,0
1765413723.110400,341,3,4,0,4,0
1765413723.126965,341,3,4,0,4,0
1765413723.143296,342,3,4,0,4,0
1765413723.159556,342,3,4,0,4,0
1765413723.175912,342,3,4,0,4,0
1765413723.192645,343,3,4,0,4,0
1765413723.209695,343,3,4,0,4,0
1765413723.227274,344,3,4,0,4,0
1765413723.243970,344,3,4,0,4,0
1765413723.260106,344,3,4,0,4,0
1765413723.277308,345,3,4,0,4,0
1765413723.293582,345,3,4,0,4,0
1765413723.310748,346,3,4,0,4,0
1765413723.327346,346,3,4,0,4,0
1765413723.343984,346,3,4,0,4,0
1765413723.360485,347,3,4,0,4,0
1765413723.377119,347,3,4,0,4,0
1765413723.393384,348,3,4,0,4,0
1765413723.409035,348,3,4,0,4,0
1765413723.425619,348,3,4,0,4,0
1765413723.442779,349,3,4,0,4,0
1765413723.459610,349,3,4,0,4,0
1765413723.477104,350,3,4,0,4,0
1765413723.492801,350,3,4,0,4,0
1765413723.509559,350,3,4,0,4,0
1765413723.525568,351,3,4,0,4,0
1765413723.540469,351,3,4,0,4,0
1765413723.558055,351,3,4,0,4,0
1765413723.573985,352,3,4,0,4,0
1765413723.590817,352,3,4,0,4,0
1765413723.607500,353,3,4,0,4,0
1765413723.623958,353,3,4,0,4,0
1765413723.641167,353,3,4,0,4,0
1765413723.657433,354,3,4,0,4,0
1765413723.673974,354,3,4,0,4,0
1765413723.691200,355,3,4,1,4,1
1765413723.707760,355,3,4,1,4,1
1765413723.724745,355,3,4,1,4,1
1765413723.741177,356,3,4,1,4,1
1765413723.757517,356,3,4,1,4,1
1765413723.773550,357,3,4,1,4,1
1765413723.789607,357,3,4,1,4,1
1765413723.807088,357,3,4,1,4,1
1765413723.824255,358,3,4,1,4,1
1765413723.840467,358,3,4,1,4,1
1765413723.857061,359,3,4,1,4,1
1765413723.874138,359,3,4,1,4,1
1765413723.890418,359,3,4,1,4,1
1765413723.906823,360,3,4,1,4,1
1765413723.923583,360,3,4,1,4,1
1765413723.940424,361,3,4,1,4,1
1765413723.958319,361,3,4,1,4,1
1765413723.974584,361,3,4,1,4,1
1765413723.990620,362,3,4,1,4,1
1765413724.006915,362,3,4,1,4,1
1765413724.024105,363,3,4,1,4,1
1765413724.040402,363,3,4,1,4,1
1765413724.055900,363,3,4,1,4,1
1765413724.072567,364,3,4,1,4,1
1765413724.089463,364,3,4,1,4,1
1765413724.105109,364,3,4,1,4,1
1765413724.121269,365,3,4,1,4,1
1765413724.137927,365,3,4,1,4,1
1765413724.155073,366,3,4,1,4,1
1765413724.172045,366,3,4,1,4,1
1765413724.189616,366,3,4,1,4,1
1765413724.207361,367,3,4,1,4,1
1765413724.223330,367,3,4,1,4,1
1765413724.239546,368,3,4,1,4,1
1765413724.256347,368,3,4,1,4,1
1765413724.272819,368,3,4,1,4,1
1765413724.289351,369,3,4,0,4,0
1765413724.305772,369,3,4,0,4,0
1765413724.322003,370,3,4,0,4,0
1765413724.338196,370,3,4,0,4,0
1765413724.356077,370,3,4,0,4,0
1765413724.373732,371,3,4,0,4,0
1765413724.390639,371,3,4,0,4,0
1765413724.408017,372,3,4,0,4,0
1765413724.423895,372,3,4,0,4,0
1765413724.440333,372,3,4,0,4,0
1765413724.455937,373,3,4,0,4,0
1765413724.473046,373,3,4,0,4,0
1765413724.489463,374,3,4,0,4,0
1765413724.505775,374,3,4,0,4,0
1765413724.522775,374,3,4,0,4,0
1765413724.539398,375,3,4,0,4,0
1765413724.555336,375,3,4,0,4,0
1765413724.571693,375,3,4,0,4,0
1765413724.588519,376,3,4,0,4,0
1765413724.604955,376,3,4,0,4,0
1765413724.622742,377,3,4,0,4,0
1765413724.640624,377,3,4,0,4,0
1765413724.657434,378,3,4,0,4,0
1765413724.674315,378,3,4,0,4,0
1765413724.691121,378,3,4,0,4,0
1765413724.708713,379,3,4,0,4,0
1765413724.725790,379,3,4,0,4,0
1765413724.743298,380,3,4,0,4,0
1765413724.759939,380,3,4,0,4,0
1765413724.776435,380,3,4,0,4,0
1765413724.792294,381,3,3,0,3,0
1765413724.808450,381,3,3,0,3,0
1765413724.824062,381,3,3,0,3,0
1765413724.841882,382,3,3,0,3,0
1765413724.858364,382,3,3,0,3,0
1765413724.875019,383,3,3,0,3,0
1765413724.891337,383,3,3,0,3,0
1765413724.907171,383,3,3,0,3,0
1765413724.923875,384,3,3,0,3,0
1765413724.940581,384,3,3,0,3,0
1765413724.957386,385,3,3,0,3,0
1765413724.974148,385,3,3,0,3,0
1765413724.990928,385,3,3,0,3,0
1765413725.007601,386,3,3,0,3,0
1765413725.024646,386,3,3,0,3,0
1765413725.041939,387,3,3,0,3,0
1765413725.059080,387,3,3,0,3,0
1765413725.075753,387,3,3,0,3,0
1765413725.092914,388,3,3,0,3,0
1765413725.109615,388,3,3,0,3,0
1765413725.127251,389,3,3,0,3,0
1765413725.143169,389,3,3,0,3,0
1765413725.159170,389,3,3,0,3,0
1765413725.175273,390,3,3,0,3,0
1765413725.192076,390,3,3,0,3,0
1765413725.208071,391,3,3,0,3,0
1765413725.225402,391,3,3,0,3,0
1765413725.241910,391,3,3,0,3,0
1765413725.259375,392,3,3,0,3,0
1765413725.275959,392,3,3,0,3,0
1765413725.292793,393,3,3,0,3,0
1765413725.309788,393,3,3,0,3,0
1765413725.327461,393,3,3,0,3,0
1765413725.342896,394,3,3,0,3,0
1765413725.360321,394,3,3,0,3,0
1765413725.376359,395,3,4,0,4,0
1765413725.392825,395,3,4,0,4,0
1765413725.409958,395,3,4,0,4,0
1765413725.427113,396,3,4,0,4,0
1765413725.443120,396,3,4,0,4,0
1765413725.459051,397,3,4,0,4,0
1765413725.475971,397,3,4,0,4,0
1765413725.492757,397,3,4,0,4,0
1765413725.508721,398,3,4,0,4,0
1765413725.526228,398,3,4,0,4,0
1765413725.542277,399,3,4,0,4,0
1765413725.558327,399,3,4,0,4,0
1765413725.574672,399,3,4,0,4,0
1765413725.591763,400,3,4,0,4,0
1765413725.609074,400,3,4,0,4,0
1765413725.626197,401,3,4,0,4,0
1765413725.642327,401,3,4,0,4,0
1765413725.658240,401,3,4,0,4,0
1765413725.673894,402,3,4,0,4,0
1765413725.690382,402,3,4,0,4,0
1765413725.707273,403,3,4,0,4,0
1765413725.722911,403,3,4,0,4,0
1765413725.740941,403,3,4,0,4,0
1765413725.758237,404,3,5,0,5,0
1765413725.774706,404,3,5,0,5,0
1765413725.792257,405,3,5,0,5,0
1765413725.808892,405,3,5,0,5,0
1765413725.825335,405,3,5,0,5,0
1765413725.841637,406,3,5,0,5,0
1765413725.859061,406,3,5,0,5,0
1765413725.875798,407,3,5,0,5,0
1765413725.892255,407,3,5,0,5,0
1765413725.909627,407,3,5,0,5,0
1765413725.927464,408,3,5,0,5,0
1765413725.944536,408,3,5,0,5,0
1765413725.961428,409,3,5,0,5,0
1765413725.978006,409,3,5,0,5,0
1765413725.994365,409,3,5,0,5,0
1765413726.009961,410,3,5,0,5,0
1765413726.027236,410,3,5,0,5,0
1765413726.061597,411,3,5,0,5,0
1765413726.082506,411,3,5,0,5,0
1765413726.099168,411,3,5,0,5,0
1765413726.115210,412,3,5,0,5,0
1765413726.133623,413,3,5,0,5,0
1765413726.151270,413,3,5,0,5,0
1765413726.167447,413,3,5,0,5,0
1765413726.184116,414,3,5,0,5,0
1765413726.200932,414,3,5,0,5,0
1765413726.217511,415,3,5,0,5,0
1765413726.233429,415,3,5,0,5,0
1765413726.248689,415,3,5,0,5,0
1765413726.265825,416,3,5,0,5,0
1765413726.282758,416,3,5,0,5,0
1765413726.299146,416,3,5,0,5,0
1765413726.315034,417,3,5,0,5,0
1765413726.332438,417,3,5,0,5,0
1765413726.349003,418,3,5,0,5,0
1765413726.366359,418,3,5,0,5,0
1765413726.382877,418,3,5,0,5,0
1765413726.400319,419,3,5,0,5,0
1765413726.416287,419,3,5,0,5,0
1765413726.434023,420,3,5,0,5,0
1765413726.450329,420,3,5,0,5,0
1765413726.466857,420,3,5,0,5,0
1765413726.483602,421,3,5,0,5,0
1765413726.499437,421,3,5,0,5,0
1765413726.515038,422,3,5,0,5,0
1765413726.531384,422,3,5,0,5,0
1765413726.548487,422,3,5,0,5,0
1765413726.564663,423,3,5,0,5,0
1765413726.581696,423,3,5,0,5,0
1765413726.598151,424,3,5,0,5,0
1765413726.613919,424,3,5,0,5,0
1765413726.631017,424,3,5,0,5,0
1765413726.648205,425,3,5,0,5,0
1765413726.664185,425,3,5,0,5,0
1765413726.680317,426,3,5,0,5,0
1765413726.697320,426,3,5,0,5,0
1765413726.713825,426,3,5,0,5,0
1765413726.730092,427,3,5,0,5,0
1765413726.747020,427,3,5,0,5,0
1765413726.762997,427,3,5,0,5,0
1765413726.779624,428,3,5,0,5,0
1765413726.796701,428,3,5,0,5,0
1765413726.813021,429,3,5,0,5,0
1765413726.829307,429,3,5,0,5,0
1765413726.845624,430,3,5,0,5,0
1765413726.863394,430,3,5,0,5,0
1765413726.879594,430,3,5,0,5,0
1765413726.894753,431,3,5,0,5,0
1765413726.912519,431,3,5,0,5,0
1765413726.928602,432,3,5,0,5,0
1765413726.943935,432,3,5,0,5,0
1765413726.960345,432,3,5,0,5,0
1765413726.976700,433,3,5,0,5,0
1765413726.993612,433,3,5,0,5,0
1765413727.010846,434,3,5,0,5,0
1765413727.027720,434,3,5,0,5,0
1765413727.044503,434,3,5,0,5,0
1765413727.060451,435,3,5,0,5,0
1765413727.078214,435,3,5,0,5,0
1765413727.094287,436,3,4,0,4,0
1765413727.110368,436,3,4,0,4,0
1765413727.126026,436,3,4,0,4,0
1765413727.142864,437,3,4,0,4,0
1765413727.159726,437,3,4,0,4,0
1765413727.177063,438,3,4,0,4,0
1765413727.193336,438,3,4,0,4,0
1765413727.209674,438,3,4,0,4,0
1765413727.226398,439,3,4,0,4,0
1765413727.243039,439,3,4,0,4,0
1765413727.259974,439,3,4,0,4,0
1765413727.275889,440,3,4,0,4,0
1765413727.292059,440,3,4,0,4,0
1765413727.308435,441,3,4,0,4,0
1765413727.323982,441,3,4,0,4,0
1765413727.340146,441,3,4,0,4,0
1765413727.356193,442,3,4,0,4,0
1765413727.372539,442,3,4,0,4,0
1765413727.388155,443,3,4,0,4,0
1765413727.404421,443,3,4,0,4,0
1765413727.421105,444,3,4,0,4,0
1765413727.437568,444,3,4,0,4,0
1765413727.453410,444,3,4,0,4,0
1765413727.469253,445,3,4,0,4,0
1765413727.485049,445,3,4,0,4,0
1765413727.501288,445,3,4,0,4,0
1765413727.517236,446,3,4,0,4,0
1765413727.533999,446,3,4,0,4,0
1765413727.550372,447,3,4,0,4,0
1765413727.567093,447,3,4,0,4,0
1765413727.584327,447,3,4,0,4,0
1765413727.600817,448,3,4,0,4,0
1765413727.618376,448,3,4,0,4,0
1765413727.632838,449,3,4,0,4,0
1765413727.650577,449,3,4,0,4,0
1765413727.665897,449,3,4,0,4,0
1765413727.683381,450,3,4,0,4,0
1765413727.700060,450,3,4,0,4,0
1765413727.716123,451,3,4,0,4,0
1765413727.732518,451,3,4,0,4,0
1765413727.748285,451,3,4,0,4,0
1765413727.765842,452,3,4,0,4,0
1765413727.782241,452,3,4,0,4,0
1765413727.799003,452,3,4,0,4,0
1765413727.815331,453,3,3,0,3,0
1765413727.830983,453,3,3,0,3,0
1765413727.847521,454,3,3,0,3,0
1765413727.863492,454,3,3,0,3,0
1765413727.879411,454,3,3,0,3,0
1765413727.896671,455,3,3,0,3,0
1765413727.913328,455,3,3,0,3,0
1765413727.929497,456,3,3,0,3,0
1765413727.946777,456,3,3,0,3,0
1765413727.963874,456,3,3,0,3,0
1765413727.980651,457,3,3,0,3,0
1765413727.997485,457,3,3,0,3,0
1765413728.013784,458,3,3,0,3,0
1765413728.030757,458,3,3,0,3,0
1765413728.048112,458,3,3,0,3,0
1765413728.064882,459,3,3,0,3,0
1765413728.081683,459,3,3,0,3,0
1765413728.098464,460,3,3,0,3,0
1765413728.115049,460,3,3,0,3,0
1765413728.131088,460,3,3,0,3,0
1765413728.148244,461,3,3,0,3,0
1765413728.165030,461,3,3,0,3,0
1765413728.181757,462,3,3,0,3,0
1765413728.198369,462,3,3,0,3,0
1765413728.213808,462,3,3,0,3,0
1765413728.230099,463,3,3,0,3,0
1765413728.247378,463,3,3,0,3,0
1765413728.263799,464,3,3,0,3,0
1765413728.280457,464,3,3,0,3,0
1765413728.296240,464,3,3,0,3,0
1765413728.312413,465,3,3,0,3,0
1765413728.329202,465,3,3,0,3,0
1765413728.345431,465,3,3,0,3,0
1765413728.361808,466,3,3,0,3,0
1765413728.378197,466,3,3,0,3,0
1765413728.394986,467,3,3,0,3,0
1765413728.411838,467,3,3,0,3,0
1765413728.427808,467,3,3,0,3,0
1765413728.443979,468,3,3,0,3,0
1765413728.460602,468,3,3,0,3,0
1765413728.476520,469,3,3,0,3,0
1765413728.492535,469,3,3,0,3,0
1765413728.508048,469,3,3,0,3,0
1765413728.524473,470,3,3,0,3,0
1765413728.540852,470,3,3,0,3,0
1765413728.557277,470,3,3,0,3,0
1765413728.574167,471,3,3,0,3,0
1765413728.591142,471,3,3,0,3,0
1765413728.608503,472,3,3,0,3,0
1765413728.624104,472,3,3,0,3,0
1765413728.640778,472,3,3,0,3,0
1765413728.657449,473,3,3,0,3,0
1765413728.674153,473,3,3,0,3,0
1765413728.691436,474,3,3,0,3,0
1765413728.707352,474,3,3,0,3,0
1765413728.723190,474,3,3,0,3,0
1765413728.739299,475,3,3,0,3,0
1765413728.755871,475,3,3,0,3,0
1765413728.772628,476,3,3,0,3,0
1765413728.788759,476,3,3,0,3,0
1765413728.805852,476,3,3,0,3,0
1765413728.822786,477,3,3,0,3,0
1765413728.839282,477,3,3,0,3,0
1765413728.856130,478,3,3,0,3,0
1765413728.872360,478,3,3,0,3,0
1765413728.888338,478,3,3,0,3,0
1765413728.904137,479,3,3,0,3,0
1765413728.920462,479,3,3,0,3,0
1765413728.937286,479,3,3,0,3,0
1765413728.953492,480,3,3,1,3,1
1765413728.969668,480,3,3,1,3,1
1765413728.986107,481,3,3,1,3,1
1765413729.003084,481,3,3,1,3,1
1765413729.020116,482,3,3,1,3,1
1765413729.036079,482,3,3,1,3,1
1765413729.052504,482,3,3,1,3,1
1765413729.068791,483,3,3,1,3,1
1765413729.086153,483,3,3,1,3,1
1765413729.102690,484,3,3,1,3,1
1765413729.119306,484,3,3,1,3,1
1765413729.136117,484,3,3,1,3,1
1765413729.152801,485,3,3,1,3,1
1765413729.169187,485,3,3,1,3,1
1765413729.186302,486,3,3,1,3,1
1765413729.202200,486,3,3,1,3,1
1765413729.218508,486,3,3,1,3,1
1765413729.234905,487,3,3,1,3,1
1765413729.251493,487,3,3,1,3,1
1765413729.267135,487,3,3,1,3,1
1765413729.284013,488,3,3,1,3,1
1765413729.300682,488,3,3,1,3,1
1765413729.317380,489,3,3,1,3,1
1765413729.334008,489,3,3,1,3,1
1765413729.350309,489,3,3,1,3,1
1765413729.367290,490,3,3,1,3,1
1765413729.384077,490,3,3,1,3,1
1765413729.400965,491,3,3,1,3,1
1765413729.417649,491,3,3,1,3,1
1765413729.434244,491,3,3,1,3,1
1765413729.450454,492,3,3,1,3,1
1765413729.466176,492,3,3,1,3,1
1765413729.482301,493,3,3,1,3,1
1765413729.498133,493,3,3,1,3,1
1765413729.514423,493,3,3,1,3,1
1765413729.531178,494,3,3,1,3,1
1765413729.547504,494,3,3,1,3,1
1765413729.563746,495,3,3,1,3,1
1765413729.580755,495,3,3,1,3,1
1765413729.597480,495,3,3,1,3,1
1765413729.613301,496,3,3,1,3,1
1765413729.629299,496,3,3,1,3,1
1765413729.645870,496,3,3,1,3,1
1765413729.663159,497,3,3,1,3,1
1765413729.679793,497,3,3,1,3,1
1765413729.696834,498,3,3,1,3,1
1765413729.713432,498,3,3,1,3,1
1765413729.729813,498,3,3,1,3,1
1765413729.747416,499,3,3,1,3,1
1765413729.764008,499,3,3,1,3,1
1765413729.780953,500,3,3,1,3,1
1765413729.797467,500,3,3,1,3,1
1765413729.813698,500,3,3,1,3,1
1765413729.830303,501,3,3,1,3,1
1765413729.846259,501,3,3,1,3,1
1765413729.862421,502,3,3,1,3,1
1765413729.878890,502,3,3,1,3,1
1765413729.895860,502,3,3,1,3,1
1765413729.912511,503,3,3,1,3,1
1765413729.928413,503,3,3,1,3,1
1765413729.944380,504,3,3,1,3,1
1765413729.961501,504,3,3,1,3,1
1765413729.977868,504,3,3,1,3,1
1765413729.994020,505,3,4,1,4,1
1765413730.010609,505,3,4,1,4,1
1765413730.027197,505,3,4,1,4,1
1765413730.043559,506,3,4,1,4,1
1765413730.059149,506,3,4,1,4,1
1765413730.075257,507,3,4,1,4,1
1765413730.090795,507,3,4,1,4,1
1765413730.107755,507,3,4,1,4,1
1765413730.124490,508,3,4,1,4,1
1765413730.140484,508,3,4,1,4,1
1765413730.157211,509,3,4,1,4,1
1765413730.173009,509,3,4,1,4,1
1765413730.189939,509,3,4,1,4,1
1765413730.207368,510,3,4,1,4,1
1765413730.223786,510,3,4,1,4,1
1765413730.240509,511,3,4,1,4,1
1765413730.257620,511,3,4,1,4,1
1765413730.274398,511,3,4,1,4,1
1765413730.291074,512,3,4,1,4,1
1765413730.307316,512,3,4,1,4,1
1765413730.323572,512,3,4,1,4,1
1765413730.338977,513,3,4,1,4,1
1765413730.355434,513,3,4,1,4,1
1765413730.371202,514,3,4,1,4,1
1765413730.388046,514,3,4,1,4,1
1765413730.404659,514,3,4,1,4,1
1765413730.421776,515,3,4,1,4,1
1765413730.438972,515,3,4,1,4,1
1765413730.455213,516,3,4,1,4,1
1765413730.471598,516,3,4,1,4,1
1765413730.487950,516,3,4,1,4,1
1765413730.504763,517,3,4,1,4,1
1765413730.521278,517,3,4,1,4,1
1765413730.537353,518,3,4,1,4,1
1765413730.553625,518,3,4,1,4,1
1765413730.570461,518,3,4,1,4,1
1765413730.586915,519,3,4,1,4,1
1765413730.603201,519,3,4,1,4,1
1765413730.620010,520,3,4,1,4,1
1765413730.637984,520,3,4,1,4,1
1765413730.654749,520,3,4,1,4,1
1765413730.671791,521,3,4,2,4,2
1765413730.688498,521,3,4,2,4,2
1765413730.705491,522,3,4,2,4,2
1765413730.721446,522,3,4,2,4,2
1765413730.737434,522,3,4,2,4,2
1765413730.754072,523,3,4,2,4,2
1765413730.770083,523,3,4,2,4,2
1765413730.786005,523,3,4,2,4,2
1765413730.803365,524,3,4,2,4,2
1765413730.819845,524,3,4,2,4,2
1765413730.837882,525,3,4,2,4,2
1765413730.854213,525,3,4,2,4,2
1765413730.869729,525,3,4,2,4,2
1765413730.886814,526,3,4,2,4,2
1765413730.903300,526,3,4,2,4,2
1765413730.919417,527,3,4,2,4,2
1765413730.935256,527,3,4,2,4,2
1765413730.952312,527,3,4,2,4,2
1765413730.968304,528,3,4,2,4,2
1765413730.984443,528,3,4,2,4,2
1765413731.000284,529,3,4,2,4,2
1765413731.016033,529,3,4,2,4,2
1765413731.032068,529,3,4,2,4,2
1765413731.048594,530,3,4,2,4,2
1765413731.065245,530,3,4,2,4,2
1765413731.081703,530,3,4,2,4,2
1765413731.098629,531,3,4,2,4,2
1765413731.115458,531,3,4,2,4,2
1765413731.131381,532,3,4,2,4,2
1765413731.147331,532,3,4,2,4,2
1765413731.163158,532,3,4,2,4,2
1765413731.180101,533,3,4,2,4,2
1765413731.197339,533,3,4,2,4,2
1765413731.213758,534,3,4,2,4,2
1765413731.230711,534,3,4,2,4,2
1765413731.247781,534,3,4,2,4,2
1765413731.264579,535,3,4,2,4,2
1765413731.280787,535,3,4,2,4,2
1765413731.297547,536,3,4,2,4,2
1765413731.313672,536,3,4,2,4,2
1765413731.329821,536,3,4,2,4,2
1765413731.346602,537,3,4,2,4,2
1765413731.364009,537,3,4,2,4,2
1765413731.380835,538,3,5,2,5,2
1765413731.397292,538,3,5,2,5,2
1765413731.414152,538,3,5,2,5,2
1765413731.430963,539,3,5,2,5,2
1765413731.447372,539,3,5,2,5,2
1765413731.464660,540,3,5,2,5,2
1765413731.481393,540,3,5,2,5,2
1765413731.497743,540,3,5,2,5,2
1765413731.514328,541,3,5,2,5,2
1765413731.531240,541,3,5,2,5,2
1765413731.547044,541,3,5,2,5,2
1765413731.563063,542,3,5,2,5,2
1765413731.580275,542,3,5,2,5,2
1765413731.597621,543,3,5,2,5,2
1765413731.614000,543,3,5,2,5,2
1765413731.631111,543,3,5,2,5,2
1765413731.647846,544,3,5,2,5,2
1765413731.664361,544,3,5,2,5,2
1765413731.680799,545,3,5,2,5,2
1765413731.697479,545,3,5,2,5,2
1765413731.713971,545,3,5,2,5,2
1765413731.730451,546,3,5,2,5,2
1765413731.747285,546,3,5,2,5,2
1765413731.763611,547,3,5,2,5,2
1765413731.781237,547,3,5,2,5,2
1765413731.797482,548,3,5,2,5,2
1765413731.813530,548,3,5,2,5,2
1765413731.830171,548,3,5,2,5,2
1765413731.847396,549,3,5,2,5,2
1765413731.863264,549,3,5,2,5,2
1765413731.879120,549,3,5,2,5,2
1765413731.894933,550,3,5,2,5,2
1765413731.912326,550,3,5,2,5,2
1765413731.929093,551,3,5,2,5,2
1765413731.944841,551,3,5,2,5,2
1765413731.960987,551,3,5,2,5,2
1765413731.978511,552,3,5,2,5,2
1765413731.994537,552,3,5,2,5,2
1765413732.010512,553,3,5,2,5,2
1765413732.026070,553,3,5,2,5,2
1765413732.042481,553,3,5,2,5,2
1765413732.058280,554,3,5,2,5,2
1765413732.074365,554,3,5,2,5,2
1765413732.090713,555,3,5,2,5,2
1765413732.108249,555,3,5,2,5,2
1765413732.124481,555,3,5,2,5,2
1765413732.141830,556,3,5,2,5,2
1765413732.158788,556,3,5,2,5,2
1765413732.176005,557,3,5,3,5,3
1765413732.192602,557,3,5,3,5,3
1765413732.209221,557,3,5,3,5,3
1765413732.225828,558,3,5,3,5,3
1765413732.242891,558,3,5,3,5,3
1765413732.259076,559,3,5,3,5,3
1765413732.275580,559,3,5,3,5,3
1765413732.291767,559,3,5,3,5,3
1765413732.308821,560,3,5,3,5,3
1765413732.325501,560,3,5,3,5,3
1765413732.342127,561,3,5,3,5,3
1765413732.358831,561,3,5,3,5,3
1765413732.375447,561,3,5,3,5,3
1765413732.391769,562,3,5,3,5,3
1765413732.408121,562,3,5,3,5,3
1765413732.424353,562,3,5,3,5,3
1765413732.440926,563,3,5,3,5,3
1765413732.457469,563,3,5,3,5,3
1765413732.473433,564,3,5,3,5,3
1765413732.489350,564,3,5,3,5,3
1765413732.506140,564,3,5,3,5,3
1765413732.522256,565,3,5,3,5,3
1765413732.538657,565,3,5,3,5,3
1765413732.556205,566,3,4,3,4,3
1765413732.573350,566,3,4,3,4,3
1765413732.589429,566,3,4,3,4,3
1765413732.605261,567,3,4,3,4,3
1765413732.621567,567,3,4,3,4,3
1765413732.637516,567,3,4,3,4,3
1765413732.653164,568,3,4,3,4,3
1765413732.671706,568,3,4,3,4,3
1765413732.688802,569,3,4,3,4,3
1765413732.706474,569,3,4,3,4,3
1765413732.722811,569,3,4,3,4,3
1765413732.739880,570,3,4,3,4,3
1765413732.755783,570,3,4,3,4,3
1765413732.772504,571,3,4,3,4,3
1765413732.788141,571,3,4,3,4,3
1765413732.805150,571,3,4,3,4,3
1765413732.822095,572,3,4,3,4,3
1765413732.838769,572,3,4,3,4,3
1765413732.856156,573,3,4,3,4,3
1765413732.872593,573,3,4,3,4,3
1765413732.888448,573,3,4,3,4,3
1765413732.904705,574,3,4,3,4,3
1765413732.921369,574,3,4,3,4,3
1765413732.937565,575,3,4,4,4,4
1765413732.953282,575,3,4,4,4,4
1765413732.969678,575,3,4,4,4,4
1765413732.986133,576,3,4,4,4,4
1765413733.003173,576,3,4,4,4,4
1765413733.019436,576,3,4,4,4,4
1765413733.035444,577,3,4,4,4,4
1765413733.052483,577,3,4,4,4,4
1765413733.069098,578,3,4,4,4,4
1765413733.085099,578,3,4,4,4,4
1765413733.102200,578,3,4,4,4,4
1765413733.117994,579,3,4,4,4,4
1765413733.135434,579,3,4,4,4,4
1765413733.151374,580,3,4,4,4,4
1765413733.167382,580,3,4,4,4,4
1765413733.182968,580,3,4,4,4,4
1765413733.199457,581,3,4,4,4,4
1765413733.215087,581,3,4,4,4,4
1765413733.231209,581,3,4,4,4,4
1765413733.247486,582,3,4,4,4,4
1765413733.264204,582,3,4,4,4,4
1765413733.280735,583,3,4,4,4,4
1765413733.298503,583,3,4,4,4,4
1765413733.314722,583,3,4,4,4,4
1765413733.331226,584,3,4,4,4,4
1765413733.347362,584,3,4,4,4,4
1765413733.363985,585,3,4,4,4,4
1765413733.381553,585,3,4,4,4,4
1765413733.398023,585,3,4,4,4,4
1765413733.414868,586,3,4,4,4,4
1765413733.431591,586,3,4,4,4,4
1765413733.447593,587,3,4,4,4,4
1765413733.464343,587,3,4,4,4,4
1765413733.480594,587,3,4,4,4,4
1765413733.496157,588,3,4,4,4,4
1765413733.512237,588,3,4,4,4,4
1765413733.528910,589,3,4,5,4,5
1765413733.545766,589,3,4,5,4,5
1765413733.562676,589,3,4,5,4,5
1765413733.579423,590,3,4,5,4,5
1765413733.595877,590,3,4,5,4,5
1765413733.612334,590,3,4,5,4,5
1765413733.628334,591,3,4,5,4,5
1765413733.644396,591,3,4,5,4,5
1765413733.660368,592,3,4,5,4,5
1765413733.676416,592,3,4,5,4,5
1765413733.693788,592,3,4,5,4,5
1765413733.710698,593,3,4,5,4,5
1765413733.727809,593,3,4,5,4,5
1765413733.743941,594,3,4,5,4,5
1765413733.760212,594,3,4,5,4,5
1765413733.776556,594,3,4,5,4,5
1765413733.792931,595,3,4,5,4,5
1765413733.809202,595,3,4,5,4,5
1765413733.825897,596,3,4,5,4,5
1765413733.842366,596,3,4,5,4,5
1765413733.858522,596,3,4,5,4,5
1765413733.874290,597,3,4,5,4,5
1765413733.890621,597,3,4,5,4,5
1765413733.907300,597,3,4,5,4,5
1765413733.923376,598,3,4,5,4,5
1765413733.940241,598,3,4,5,4,5
1765413733.956192,599,3,4,5,4,5
1765413733.973080,599,3,4,5,4,5
1765413733.989189,599,3,4,5,4,5
1765413734.006069,600,3,4,5,4,5
1765413734.022798,600,3,4,5,4,5
1765413734.039972,601,3,4,5,4,5
1765413734.055905,601,3,4,5,4,5
1765413734.072194,601,3,4,5,4,5
1765413734.088726,602,3,4,5,4,5
1765413734.105294,602,3,4,5,4,5
1765413734.121476,603,3,4,5,4,5
1765413734.137047,603,3,4,5,4,5
1765413734.155125,603,3,4,5,4,5
1765413734.170996,604,3,4,5,4,5
1765413734.187116,604,3,4,5,4,5
1765413734.203078,605,3,4,5,4,5
1765413734.219160,605,3,4,5,4,5
1765413734.236472,605,3,4,5,4,5
1765413734.253147,606,3,4,5,4,5
1765413734.270159,606,3,4,5,4,5
1765413734.286651,607,3,4,5,4,5
1765413734.303627,607,3,4,5,4,5
1765413734.320094,607,3,4,5,4,5
1765413734.336774,608,3,4,5,4,5
1765413734.353284,608,3,4,5,4,5
1765413734.370217,608,3,4,5,4,5
1765413734.387326,609,3,4,5,4,5
1765413734.403435,609,3,4,5,4,5
1765413734.420196,610,3,4,5,4,5
1765413734.437885,610,3,4,5,4,5
1765413734.454618,611,3,4,5,4,5
1765413734.471931,611,3,4,5,4,5
1765413734.488624,611,3,4,5,4,5
1765413734.505947,612,3,4,5,4,5
1765413734.522880,612,3,4,5,4,5
1765413734.538926,612,3,4,5,4,5
1765413734.556026,613,3,4,5,4,5
1765413734.573191,613,3,4,5,4,5
1765413734.589294,614,3,4,5,4,5
1765413734.605186,614,3,4,5,4,5
1765413734.621056,614,3,4,5,4,5
1765413734.637373,615,3,4,5,4,5
1765413734.654238,615,3,4,5,4,5
1765413734.671789,616,3,4,5,4,5
1765413734.688866,616,3,4,5,4,5
1765413734.705141,616,3,4,5,4,5
1765413734.721910,617,3,4,5,4,5
1765413734.739119,617,3,4,5,4,5
1765413734.755379,618,3,4,5,4,5
1765413734.772472,618,3,4,5,4,5
1765413734.788343,618,3,4,5,4,5
1765413734.803881,619,3,4,5,4,5
1765413734.820412,619,3,4,5,4,5
1765413734.837342,620,3,3,5,3,5
1765413734.852944,620,3,3,5,3,5
1765413734.870160,620,3,3,5,3,5
1765413734.887224,621,3,3,5,3,5
1765413734.903601,621,3,3,5,3,5
1765413734.920124,622,3,3,5,3,5
1765413734.936582,622,3,3,5,3,5
1765413734.952505,622,3,3,5,3,5
1765413734.968682,623,3,3,5,3,5
1765413734.986220,623,3,3,5,3,5
1765413735.002753,623,3,3,5,3,5
1765413735.019262,624,3,3,5,3,5
1765413735.036094,624,3,3,5,3,5
1765413735.053346,625,3,3,5,3,5
1765413735.070509,625,3,3,5,3,5
1765413735.087412,625,3,3,5,3,5
1765413735.102715,626,3,3,5,3,5
1765413735.120171,626,3,3,5,3,5
1765413735.136524,627,3,3,5,3,5
1765413735.152233,627,3,3,5,3,5
1765413735.168666,627,3,3,5,3,5
1765413735.186229,628,3,3,5,3,5
1765413735.202576,628,3,3,5,3,5
1765413735.220018,629,3,3,5,3,5
1765413735.236166,629,3,3,5,3,5
1765413735.252429,629,3,3,5,3,5
1765413735.268532,630,3,3,5,3,5
1765413735.284083,630,3,3,5,3,5
1765413735.300441,631,3,3,5,3,5
1765413735.316451,631,3,3,5,3,5
1765413735.332723,631,3,3,5,3,5
1765413735.350166,632,3,3,5,3,5
1765413735.366613,632,3,3,5,3,5
1765413735.383445,633,3,3,5,3,5
1765413735.399630,633,3,3,5,3,5
1765413735.416826,633,3,3,5,3,5
1765413735.433686,634,3,3,5,3,5
1765413735.450650,634,3,3,5,3,5
1765413735.467826,635,3,3,4,3,4
1765413735.484338,635,3,3,4,3,4
1765413735.500883,636,3,3,4,3,4
1765413735.517601,636,3,3,4,3,4
1765413735.533926,636,3,3,4,3,4
1765413735.549873,637,3,3,4,3,4
1765413735.567401,637,3,3,4,3,4
1765413735.583944,637,3,3,4,3,4
1765413735.600825,638,3,3,4,3,4
1765413735.618267,638,3,3,4,3,4
1765413735.635327,639,3,3,4,3,4
1765413735.651802,639,3,3,4,3,4
1765413735.668755,639,3,3,4,3,4
1765413735.686305,640,3,3,4,3,4
1765413735.702155,640,3,3,4,3,4
1765413735.718469,641,3,3,4,3,4
1765413735.734152,641,3,3,4,3,4
1765413735.750337,641,3,3,4,3,4
1765413735.767801,642,3,3,4,3,4
1765413735.784846,642,3,3,4,3,4
1765413735.802235,643,3,3,4,3,4
1765413735.817766,643,3,3,4,3,4
1765413735.834904,643,3,3,4,3,4
1765413735.851295,644,3,3,4,3,4
1765413735.867690,644,3,3,4,3,4
1765413735.885249,645,3,3,4,3,4
1765413735.902149,645,3,3,4,3,4
1765413735.918411,645,3,3,4,3,4
1765413735.934319,646,3,3,4,3,4
1765413735.949743,646,3,3,4,3,4
1765413735.966017,646,3,3,4,3,4
1765413735.983150,647,3,3,4,3,4
1765413736.000968,647,3,3,4,3,4
1765413736.017144,648,3,3,4,3,4
1765413736.032835,648,3,3,4,3,4
1765413736.050168,648,3,3,4,3,4
1765413736.066996,649,3,3,4,3,4
1765413736.083338,649,3,3,4,3,4
1765413736.099925,650,3,3,4,3,4
1765413736.117620,650,3,3,4,3,4
1765413736.135194,651,3,3,3,3,3
1765413736.152406,651,3,3,3,3,3
1765413736.168448,651,3,3,3,3,3
1765413736.184430,652,3,3,3,3,3
1765413736.201361,652,3,3,3,3,3
1765413736.218078,652,3,3,3,3,3
1765413736.235462,653,3,3,3,3,3
1765413736.251722,653,3,3,3,3,3
1765413736.268329,654,3,3,3,3,3
1765413736.284714,654,3,3,3,3,3
1765413736.301636,654,3,3,3,3,3
1765413736.318701,655,3,3,3,3,3
1765413736.336096,655,3,3,3,3,3
1765413736.352605,656,3,3,3,3,3
1765413736.369779,656,3,3,3,3,3
1765413736.387124,656,3,3,3,3,3
1765413736.403877,657,3,3,3,3,3
1765413736.420037,657,3,3,3,3,3
1765413736.436213,658,3,3,3,3,3
1765413736.451891,658,3,3,3,3,3
1765413736.468678,658,3,3,3,3,3
1765413736.484849,659,3,3,3,3,3
1765413736.501922,659,3,3,3,3,3
1765413736.518569,660,3,3,3,3,3
1765413736.534112,660,3,3,3,3,3
1765413736.550307,660,3,3,3,3,3
1765413736.567645,661,3,3,3,3,3
1765413736.584748,661,3,3,3,3,3
1765413736.601456,661,3,3,3,3,3
1765413736.617755,662,3,3,3,3,3
1765413736.634755,662,3,3,3,3,3
1765413736.651215,663,3,3,2,3,2
1765413736.667713,663,3,3,2,3,2
1765413736.684644,663,3,3,2,3,2
1765413736.702329,664,3,3,2,3,2
1765413736.719191,664,3,3,2,3,2
1765413736.735514,665,3,3,2,3,2
1765413736.751349,665,3,3,2,3,2
1765413736.767555,665,3,3,2,3,2
1765413736.783619,666,3,3,2,3,2
1765413736.800782,666,3,3,2,3,2
1765413736.817687,667,3,3,2,3,2
1765413736.834903,667,3,3,2,3,2
1765413736.850972,667,3,3,2,3,2
1765413736.867342,668,3,3,2,3,2
1765413736.883982,668,3,3,2,3,2
1765413736.900944,669,3,3,2,3,2
1765413736.917611,669,3,3,2,3,2
1765413736.934788,669,3,3,2,3,2
1765413736.952615,670,3,3,2,3,2
1765413736.969445,670,3,3,2,3,2
1765413736.985443,671,3,3,2,3,2
1765413737.001595,671,3,3,2,3,2
1765413737.017681,671,3,3,2,3,2
1765413737.035340,672,3,3,2,3,2
1765413737.050818,672,3,3,2,3,2
1765413737.067474,672,3,3,2,3,2
1765413737.083217,673,3,3,2,3,2
1765413737.099533,673,3,3,2,3,2
1765413737.116459,674,3,3,2,3,2
1765413737.132481,674,3,3,2,3,2
1765413737.148709,674,3,3,2,3,2
1765413737.166402,675,3,3,2,3,2
1765413737.182804,675,3,3,2,3,2
1765413737.200299,676,3,3,2,3,2
1765413737.216764,676,3,3,2,3,2
1765413737.233223,676,3,3,2,3,2
1765413737.248744,677,3,3,2,3,2
1765413737.265066,677,3,3,2,3,2
1765413737.280770,677,3,3,2,3,2
1765413737.297862,678,3,3,2,3,2
1765413737.315111,678,3,3,2,3,2
1765413737.330977,679,3,3,2,3,2
1765413737.347608,679,3,3,2,3,2
1765413737.364850,679,3,3,2,3,2
1765413737.382119,680,3,3,2,3,2
1765413737.398850,680,3,3,2,3,2
1765413737.416190,681,3,3,2,3,2
1765413737.432752,681,3,3,2,3,2
1765413737.449406,681,3,3,2,3,2
1765413737.465401,682,3,3,2,3,2
1765413737.481263,682,3,3,2,3,2
1765413737.498410,683,3,3,2,3,2
1765413737.513893,683,3,3,2,3,2
1765413737.530058,683,3,3,2,3,2
1765413737.546673,684,3,3,2,3,2
1765413737.562745,684,3,3,2,3,2
1765413737.579593,685,3,3,2,3,2
1765413737.595370,685,3,3,2,3,2
1765413737.611326,685,3,3,2,3,2
1765413737.627389,686,3,3,2,3,2
1765413737.643470,686,3,3,2,3,2
1765413737.659737,686,3,3,2,3,2
1765413737.676661,687,3,3,2,3,2
1765413737.693505,687,3,3,2,3,2
1765413737.709306,688,3,3,2,3,2
1765413737.724994,688,3,3,2,3,2
1765413737.740913,688,3,3,2,3,2
1765413737.758825,689,3,3,2,3,2
1765413737.775148,689,3,3,2,3,2
1765413737.791342,690,3,3,2,3,2
1765413737.807436,690,3,3,2,3,2
1765413737.824317,690,3,3,2,3,2
1765413737.840538,691,3,3,2,3,2
1765413737.856895,691,3,3,2,3,2
1765413737.874228,691,3,3,2,3,2
1765413737.890511,692,3,3,2,3,2
1765413737.906717,692,3,3,2,3,2
1765413737.922855,693,3,3,2,3,2
1765413737.939594,693,3,3,2,3,2
1765413737.955980,693,3,3,2,3,2
1765413737.972731,694,3,3,2,3,2
1765413737.989408,694,3,3,2,3,2
1765413738.006183,695,3,3,1,3,1
1765413738.022643,695,3,3,1,3,1
1765413738.039399,695,3,3,1,3,1
1765413738.055357,696,3,3,1,3,1
1765413738.071910,696,3,3,1,3,1
1765413738.088593,697,3,3,1,3,1
1765413738.104622,697,3,3,1,3,1
1765413738.121857,697,3,3,1,3,1
1765413738.139015,698,3,3,1,3,1
1765413738.155899,698,3,3,1,3,1
1765413738.172469,699,3,3,1,3,1
1765413738.188818,699,3,3,1,3,1
1765413738.205610,699,3,3,1,3,1
1765413738.223018,700,3,3,1,3,1
1765413738.239278,700,3,3,1,3,1
1765413738.255269,701,3,3,1,3,1
1765413738.271857,701,3,3,1,3,1
1765413738.288412,701,3,3,1,3,1
1765413738.305041,702,3,3,1,3,1
1765413738.322005,702,3,3,1,3,1
1765413738.339424,703,3,3,1,3,1
1765413738.354702,703,3,3,1,3,1
1765413738.371790,703,3,3,1,3,1
1765413738.389216,704,3,3,1,3,1
1765413738.405299,704,3,3,1,3,1
1765413738.422113,705,3,3,1,3,1
1765413738.439077,705,3,3,1,3,1
1765413738.456165,705,3,3,1,3,1
1765413738.472496,706,3,3,1,3,1
1765413738.489341,706,3,3,1,3,1
1765413738.506184,707,3,3,1,3,1
1765413738.522761,707,3,3,1,3,1
1765413738.539717,707,3,3,1,3,1
1765413738.556256,708,3,3,1,3,1
1765413738.573688,708,3,3,1,3,1
1765413738.590976,709,3,3,1,3,1
1765413738.608076,709,3,3,1,3,1
1765413738.624856,709,3,3,1,3,1
1765413738.642614,710,3,3,1,3,1
1765413738.660015,710,3,3,1,3,1
1765413738.677796,711,3,3,1,3,1
1765413738.693916,711,3,3,1,3,1
1765413738.711248,712,3,4,1,4,1
1765413738.728023,712,3,4,1,4,1
1765413738.744201,712,3,4,1,4,1
1765413738.760631,713,3,4,1,4,1
1765413738.777493,713,3,4,1,4,1
1765413738.793321,713,3,4,1,4,1
1765413738.810163,714,3,4,1,4,1
1765413738.826320,714,3,4,1,4,1
1765413738.841698,715,3,4,1,4,1
1765413738.858833,715,3,4,1,4,1
1765413738.876086,715,3,4,1,4,1
1765413738.892415,716,3,4,1,4,1
1765413738.908550,716,3,4,1,4,1
1765413738.924224,717,3,4,1,4,1
1765413738.940571,717,3,4,1,4,1
1765413738.958078,717,3,4,1,4,1
1765413738.975163,718,3,4,1,4,1
1765413738.991754,718,3,4,1,4,1
1765413739.009029,719,3,4,1,4,1
1765413739.025490,719,3,4,1,4,1
1765413739.042075,719,3,4,1,4,1
1765413739.057946,720,3,4,1,4,1
1765413739.074161,720,3,4,1,4,1
1765413739.090633,720,3,4,1,4,1
1765413739.107797,721,3,4,1,4,1
1765413739.124992,721,3,4,1,4,1
1765413739.142284,722,3,4,1,4,1
1765413739.157975,722,3,4,1,4,1
1765413739.174234,723,3,4,1,4,1
1765413739.190050,723,3,4,1,4,1
1765413739.206417,723,3,4,1,4,1
1765413739.222804,724,3,4,1,4,1
1765413739.239904,724,3,4,1,4,1
1765413739.257516,724,3,4,1,4,1
1765413739.273680,725,3,4,1,4,1
1765413739.290980,725,3,4,1,4,1
1765413739.308391,726,3,4,1,4,1
1765413739.325639,726,3,4,1,4,1
1765413739.342455,726,3,4,1,4,1
1765413739.358677,727,3,4,1,4,1
1765413739.376139,727,3,4,1,4,1
1765413739.392820,728,3,4,1,4,1
1765413739.409532,728,3,4,1,4,1
1765413739.424914,728,3,4,1,4,1
1765413739.441122,729,3,4,1,4,1
1765413739.457719,729,3,4,1,4,1
1765413739.474844,730,3,4,1,4,1
1765413739.492136,730,3,4,1,4,1
1765413739.508731,730,3,4,1,4,1
1765413739.525791,731,3,4,1,4,1
1765413739.542317,731,3,4,1,4,1
1765413739.558354,732,3,4,1,4,1
1765413739.575525,732,3,4,1,4,1
1765413739.592268,732,3,4,1,4,1
1765413739.608066,733,3,4,1,4,1
1765413739.624845,733,3,4,1,4,1
1765413739.641154,734,3,4,1,4,1
1765413739.657766,734,3,4,1,4,1
1765413739.675428,734,3,4,1,4,1
1765413739.691474,735,3,4,1,4,1
1765413739.707474,735,3,4,1,4,1
1765413739.723419,736,3,4,1,4,1
1765413739.739856,736,3,4,1,4,1
1765413739.756133,736,3,4,1,4,1
1765413739.772466,737,3,4,1,4,1
1765413739.788504,737,3,4,1,4,1
1765413739.804410,737,3,4,1,4,1
1765413739.820569,738,3,4,1,4,1
1765413739.837200,738,3,4,1,4,1
1765413739.852721,739,3,4,1,4,1
1765413739.870398,739,3,4,1,4,1
1765413739.886909,739,3,4,1,4,1
1765413739.903313,740,3,4,1,4,1
1765413739.920597,740,3,4,1,4,1
1765413739.937018,741,3,4,1,4,1
1765413739.954107,741,3,4,1,4,1
1765413739.971062,741,3,4,1,4,1
1765413739.987355,742,3,4,1,4,1
1765413740.003833,742,3,4,1,4,1
1765413740.020771,743,3,4,1,4,1
1765413740.037364,743,3,4,1,4,1
1765413740.052972,743,3,4,1,4,1
1765413740.070364,744,3,4,1,4,1
1765413740.086461,744,3,4,1,4,1
1765413740.102282,745,3,4,1,4,1
1765413740.118343,745,3,4,1,4,1
1765413740.134709,745,3,4,1,4,1
1765413740.151575,746,3,4,1,4,1
1765413740.168154,746,3,4,1,4,1
1765413740.185376,747,3,4,1,4,1
1765413740.201560,747,3,4,1,4,1
1765413740.218652,747,3,4,1,4,1
1765413740.235552,748,3,4,0,4,0
1765413740.251570,748,3,4,0,4,0
1765413740.267429,748,3,4,0,4,0
1765413740.283778,749,3,4,0,4,0
1765413740.300941,749,3,4,0,4,0
1765413740.317557,750,3,4,0,4,0
1765413740.334295,750,3,4,0,4,0
1765413740.350229,750,3,4,0,4,0
1765413740.366325,751,3,4,0,4,0
1765413740.382304,751,3,4,0,4,0
1765413740.398540,752,3,4,0,4,0
1765413740.414659,752,3,4,0,4,0
1765413740.431649,752,3,4,0,4,0
1765413740.448172,753,3,4,0,4,0
1765413740.464560,753,3,4,0,4,0
1765413740.480940,753,3,4,0,4,0
1765413740.498236,754,3,4,0,4,0
1765413740.514502,754,3,4,0,4,0
1765413740.531053,755,3,4,0,4,0
1765413740.548344,755,3,4,0,4,0
1765413740.564096,755,3,4,0,4,0
1765413740.580728,756,3,4,0,4,0
1765413740.598446,756,3,4,0,4,0
1765413740.614353,757,3,4,0,4,0
1765413740.630134,757,3,4,0,4,0
1765413740.647666,757,3,4,0,4,0
1765413740.664828,758,3,4,0,4,0
1765413740.681304,758,3,4,0,4,0
1765413740.697801,759,3,4,0,4,0
1765413740.715685,759,3,4,0,4,0
1765413740.732531,759,3,4,0,4,0
1765413740.748890,760,3,4,0,4,0
1765413740.765385,760,3,4,0,4,0
1765413740.780992,761,3,4,0,4,0
1765413740.798540,761,3,4,0,4,0
1765413740.814503,761,3,4,0,4,0
1765413740.830904,762,3,4,0,4,0
1765413740.847466,762,3,4,0,4,0
1765413740.863723,763,3,4,0,4,0
1765413740.880660,763,3,4,0,4,0
1765413740.897023,763,3,4,0,4,0
1765413740.913798,764,3,4,0,4,0
1765413740.929830,764,3,4,0,4,0
1765413740.946660,765,3,4,0,4,0
1765413740.963881,765,3,4,0,4,0
1765413740.981174,765,3,4,0,4,0
1765413740.997388,766,3,4,0,4,0
1765413741.013791,766,3,4,0,4,0
1765413741.030745,767,3,4,0,4,0
1765413741.048186,767,3,4,0,4,0
1765413741.064150,767,3,4,0,4,0
1765413741.080737,768,3,4,0,4,0
1765413741.097076,768,3,4,0,4,0
1765413741.114047,769,3,4,0,4,0
1765413741.130724,769,3,4,0,4,0
1765413741.147781,769,3,4,0,4,0
1765413741.164958,770,3,4,0,4,0
1765413741.181763,770,3,4,0,4,0
1765413741.198848,771,3,4,0,4,0
1765413741.216712,771,3,4,0,4,0
1765413741.233806,772,3,4,0,4,0
1765413741.250830,772,3,4,0,4,0
1765413741.267929,772,3,4,0,4,0
1765413741.284413,773,3,4,0,4,0
1765413741.300521,773,3,4,0,4,0
1765413741.316751,774,3,4,0,4,0
1765413741.334187,774,3,4,0,4,0
1765413741.350761,774,3,4,0,4,0
1765413741.367244,775,3,4,0,4,0
1765413741.384230,775,3,4,0,4,0
1765413741.400410,776,3,4,0,4,0
1765413741.416255,776,3,4,0,4,0
1765413741.432298,776,3,4,0,4,0
1765413741.448874,777,3,4,0,4,0
1765413741.466505,777,3,4,0,4,0
1765413741.483072,778,3,4,0,4,0
1765413741.499905,778,3,4,0,4,0
1765413741.516859,778,3,4,0,4,0
1765413741.533991,779,3,4,0,4,0
1765413741.550836,779,3,4,0,4,0
1765413741.568232,780,3,4,0,4,0
1765413741.585456,780,3,4,0,4,0
1765413741.601991,780,3,4,0,4,0
1765413741.618649,781,3,4,0,4,0
1765413741.636261,781,3,4,0,4,0
1765413741.652099,782,3,4,0,4,0
1765413741.669086,782,3,4,0,4,0
1765413741.686270,782,3,4,0,4,0
1765413741.703245,783,3,4,0,4,0
1765413741.720687,783,3,4,0,4,0
1765413741.737114,784,3,4,0,4,0
1765413741.754401,784,3,4,0,4,0
1765413741.770534,784,3,4,0,4,0
1765413741.787225,785,3,4,0,4,0
1765413741.803763,785,3,4,0,4,0
1765413741.820613,786,3,4,0,4,0
1765413741.837663,786,3,4,0,4,0
1765413741.854154,786,3,4,0,4,0
1765413741.870124,787,3,4,0,4,0
1765413741.887476,787,3,4,0,4,0
1765413741.903778,788,3,4,0,4,0
1765413741.921118,788,3,4,0,4,0
1765413741.937734,788,3,4,0,4,0
1765413741.955629,789,3,4,0,4,0
1765413741.973262,789,3,4,0,4,0
1765413741.989199,790,3,3,0,3,0
1765413742.006339,790,3,3,0,3,0
1765413742.022909,790,3,3,0,3,0
1765413742.039172,791,3,3,0,3,0
1765413742.055143,791,3,3,0,3,0
1765413742.071318,791,3,3,0,3,0
1765413742.087533,792,3,3,0,3,0
1765413742.104437,792,3,3,0,3,0
1765413742.120548,793,3,3,0,3,0
1765413742.137105,793,3,3,0,3,0
1765413742.153344,793,3,3,0,3,0
1765413742.169638,794,3,3,0,3,0
1765413742.187077,794,3,3,0,3,0
1765413742.204273,795,3,3,0,3,0
1765413742.220921,795,3,3,0,3,0
1765413742.237843,795,3,3,0,3,0
1765413742.254719,796,3,3,0,3,0
1765413742.271002,796,3,3,0,3,0
1765413742.287386,797,3,3,0,3,0
1765413742.303659,797,3,3,0,3,0
1765413742.320445,797,3,3,0,3,0
1765413742.336352,798,3,2,0,2,0
1765413742.352545,798,3,2,0,2,0
1765413742.368092,799,3,2,0,2,0
1765413742.384166,799,3,2,0,2,0
1765413742.400733,799,3,2,0,2,0
1765413742.418151,800,3,2,0,2,0
1765413742.435349,800,3,2,0,2,0
1765413742.452364,801,3,2,0,2,0
1765413742.468759,801,3,2,0,2,0
1765413742.486274,801,3,2,0,2,0
1765413742.502874,802,3,2,0,2,0
1765413742.519452,802,3,2,0,2,0
1765413742.535088,802,3,2,0,2,0
1765413742.551303,803,3,2,0,2,0
1765413742.566900,803,3,2,0,2,0
1765413742.583728,804,3,2,0,2,0
1765413742.600796,804,3,2,0,2,0
1765413742.618650,804,3,2,0,2,0
1765413742.634708,805,3,2,0,2,0
1765413742.650821,805,3,2,0,2,0
1765413742.667389,805,3,2,0,2,0
1765413742.683753,806,3,2,0,2,0
1765413742.700683,806,3,2,0,2,0
1765413742.717554,807,3,2,0,2,0
1765413742.733669,807,3,2,0,2,0
1765413742.751090,807,3,2,0,2,0
1765413742.767666,808,3,2,0,2,0
1765413742.784710,808,3,2,0,2,0
1765413742.801316,809,3,2,0,2,0
1765413742.818107,809,3,2,0,2,0
1765413742.834953,809,3,2,0,2,0
1765413742.851448,810,3,2,0,2,0
1765413742.867755,810,3,2,0,2,0
1765413742.884418,811,3,2,0,2,0
1765413742.900817,811,3,2,0,2,0
1765413742.917473,811,3,2,0,2,0
1765413742.933748,812,3,2,0,2,0
1765413742.950402,812,3,2,0,2,0
1765413742.966155,812,3,2,0,2,0
1765413742.981933,813,3,2,0,2,0
1765413742.998473,813,3,2,0,2,0
1765413743.014015,814,3,2,0,2,0
1765413743.030200,814,3,2,0,2,0
1765413743.046626,814,3,2,0,2,0
1765413743.063816,815,3,2,0,2,0
1765413743.080448,815,3,2,0,2,0
1765413743.096603,816,3,2,0,2,0
1765413743.114060,816,3,2,0,2,0
1765413743.131145,816,3,2,0,2,0
1765413743.147450,817,3,3,0,3,0
1765413743.163504,817,3,3,0,3,0
1765413743.179461,817,3,3,0,3,0
1765413743.196477,818,3,3,0,3,0
1765413743.212763,818,3,3,0,3,0
1765413743.229668,819,3,3,0,3,0
1765413743.246064,819,3,3,0,3,0
1765413743.261831,819,3,3,0,3,0
1765413743.278316,820,3,3,0,3,0
1765413743.294032,820,3,3,0,3,0
1765413743.310356,821,3,3,0,3,0
1765413743.327823,821,3,3,0,3,0
1765413743.344201,821,3,3,0,3,0
1765413743.361047,822,3,3,0,3,0
1765413743.377384,822,3,3,0,3,0
1765413743.394354,823,3,3,0,3,0
1765413743.411099,823,3,3,0,3,0
1765413743.427528,823,3,3,0,3,0
1765413743.443596,824,3,3,0,3,0
1765413743.459594,824,3,3,0,3,0
1765413743.476227,825,3,4,0,4,0
1765413743.492727,825,3,4,0,4,0
1765413743.508811,825,3,4,0,4,0
1765413743.524875,826,3,4,0,4,0
1765413743.542133,826,3,4,0,4,0
1765413743.558688,826,3,4,0,4,0
1765413743.574822,827,3,4,0,4,0
1765413743.591716,827,3,4,0,4,0
1765413743.608712,828,3,4,0,4,0
1765413743.626159,828,3,4,0,4,0
1765413743.643210,828,3,4,0,4,0
1765413743.659595,829,3,4,0,4,0
1765413743.675142,829,3,4,0,4,0
1765413743.691498,830,3,4,0,4,0
1765413743.707516,830,3,4,0,4,0
1765413743.722967,830,3,4,0,4,0
1765413743.739454,831,3,4,0,4,0
1765413743.755580,831,3,4,0,4,0
1765413743.772241,831,3,4,0,4,0
1765413743.789588,832,3,4,0,4,0
1765413743.805319,832,3,4,0,4,0
1765413743.822605,833,3,4,0,4,0
1765413743.839142,833,3,4,0,4,0
1765413743.856632,833,3,4,0,4,0
1765413743.873926,834,3,4,0,4,0
1765413743.891402,834,3,4,0,4,0
1765413743.907667,835,3,4,0,4,0
1765413743.924816,835,3,4,0,4,0
1765413743.942119,835,3,4,0,4,0
1765413743.957764,836,3,4,0,4,0
1765413743.975158,836,3,4,0,4,0
1765413743.991795,837,3,4,0,4,0
1765413744.009086,837,3,4,0,4,0
1765413744.026117,837,3,4,0,4,0
1765413744.042031,838,3,4,0,4,0
1765413744.058133,838,3,4,0,4,0
1765413744.074483,839,3,4,0,4,0
1765413744.091042,839,3,4,0,4,0
1765413744.107716,839,3,4,0,4,0
1765413744.124588,840,3,4,0,4,0
1765413744.140838,840,3,4,0,4,0
1765413744.158068,841,3,4,0,4,0
1765413744.174434,841,3,4,0,4,0
1765413744.190864,841,3,4,0,4,0
1765413744.207608,842,3,4,0,4,0
1765413744.224693,842,3,4,0,4,0
1765413744.241685,843,3,4,0,4,0
1765413744.259120,843,3,4,0,4,0
1765413744.275319,843,3,4,0,4,0
1765413744.291757,844,3,4,0,4,0
1765413744.308558,844,3,4,0,4,0
1765413744.325001,845,3,4,0,4,0
1765413744.342048,845,3,4,0,4,0
1765413744.358788,845,3,4,0,4,0
1765413744.375378,846,3,4,0,4,0
1765413744.391722,846,3,4,0,4,0
1765413744.409448,847,3,4,0,4,0
1765413744.424721,847,3,4,0,4,0
1765413744.441675,847,3,4,0,4,0
1765413744.458955,848,3,5,0,5,0
1765413744.475898,848,3,5,0,5,0
1765413744.492792,849,3,5,0,5,0
1765413744.510010,849,3,5,0,5,0
1765413744.526434,849,3,5,0,5,0
1765413744.542520,850,3,5,0,5,0
1765413744.558305,850,3,5,0,5,0
1765413744.574133,850,3,5,0,5,0
1765413744.591034,851,3,5,0,5,0
1765413744.607488,851,3,5,0,5,0
1765413744.623609,852,3,5,0,5,0
1765413744.641054,852,3,5,0,5,0
1765413744.657625,852,3,5,0,5,0
1765413744.675361,853,3,5,0,5,0
1765413744.691237,853,3,5,0,5,0
1765413744.708230,854,3,5,0,5,0
1765413744.723856,854,3,5,0,5,0
1765413744.740180,854,3,5,0,5,0
1765413744.755958,855,3,5,0,5,0
1765413744.772459,855,3,5,0,5,0
1765413744.789684,856,3,5,0,5,0
1765413744.807630,856,3,5,0,5,0
1765413744.825015,856,3,5,0,5,0
1765413744.841069,857,3,5,0,5,0
1765413744.856791,857,3,5,0,5,0
1765413744.873843,858,3,5,0,5,0
1765413744.891351,858,3,5,0,5,0
1765413744.907549,858,3,5,0,5,0
1765413744.924086,859,3,5,0,5,0
1765413744.941139,859,3,5,0,5,0
1765413744.957653,860,3,5,0,5,0
1765413744.974349,860,3,5,0,5,0
1765413744.990724,860,3,5,0,5,0
1765413745.007440,861,3,5,0,5,0
1765413745.023875,861,3,5,0,5,0
1765413745.040969,862,3,5,0,5,0
1765413745.057899,862,3,5,0,5,0
1765413745.074526,862,3,5,0,5,0
1765413745.091274,863,3,5,0,5,0
1765413745.107970,863,3,5,0,5,0
1765413745.123850,864,3,5,0,5,0
1765413745.139935,864,3,5,0,5,0
1765413745.156277,864,3,5,0,5,0
1765413745.174027,865,3,5,0,5,0
1765413745.190914,865,3,5,0,5,0
1765413745.207657,866,3,5,0,5,0
1765413745.224631,866,3,5,0,5,0
1765413745.241614,866,3,5,0,5,0
1765413745.257910,867,3,5,0,5,0
1765413745.274238,867,3,5,0,5,0
1765413745.290560,867,3,5,0,5,0
1765413745.307807,868,3,5,0,5,0
1765413745.324715,868,3,5,0,5,0
1765413745.341003,869,3,5,0,5,0
1765413745.357595,869,3,5,0,5,0
1765413745.374773,869,3,5,0,5,0
1765413745.391652,870,3,5,0,5,0
1765413745.408803,870,3,5,0,5,0
1765413745.425861,871,3,5,0,5,0
1765413745.442143,871,3,5,0,5,0
1765413745.458606,871,3,5,0,5,0
1765413745.475799,872,3,5,0,5,0
1765413745.492864,872,3,5,0,5,0
1765413745.509750,873,3,5,0,5,0
1765413745.527925,873,3,5,0,5,0
1765413745.544649,874,3,5,0,5,0
1765413745.561596,874,3,5,0,5,0
1765413745.577919,874,3,5,0,5,0
1765413745.595041,875,3,5,0,5,0
1765413745.611764,875,3,5,0,5,0
1765413745.629297,876,3,4,0,4,0
1765413745.646560,876,3,4,0,4,0
1765413745.662524,876,3,4,0,4,0
1765413745.678839,877,3,4,0,4,0
1765413745.695503,877,3,4,0,4,0
1765413745.711064,877,3,4,0,4,0
1765413745.727711,878,3,4,0,4,0
1765413745.744832,878,3,4,0,4,0
1765413745.761157,879,3,4,0,4,0
1765413745.777211,879,3,4,0,4,0
1765413745.793183,879,3,4,0,4,0
1765413745.810651,880,3,4,0,4,0
1765413745.828181,880,3,4,0,4,0
1765413745.844385,881,3,4,0,4,0
1765413745.860342,881,3,4,0,4,0
1765413745.876297,881,3,4,0,4,0
1765413745.891812,882,3,4,0,4,0
1765413745.908461,882,3,4,0,4,0
1765413745.924714,883,3,4,0,4,0
1765413745.942165,883,3,4,0,4,0
1765413745.957889,883,3,4,0,4,0
1765413745.974460,884,3,4,0,4,0
1765413745.990971,884,3,4,0,4,0
1765413746.007521,885,3,4,0,4,0
1765413746.023767,885,3,4,0,4,0
1765413746.040648,885,3,4,0,4,0
1765413746.057888,886,3,3,0,3,0
1765413746.074732,886,3,3,0,3,0
1765413746.091802,887,3,3,0,3,0
1765413746.109816,887,3,3,0,3,0
1765413746.126473,887,3,3,0,3,0
1765413746.142920,888,3,3,0,3,0
1765413746.159251,888,3,3,0,3,0
1765413746.175479,888,3,3,0,3,0
1765413746.191020,889,3,3,0,3,0
1765413746.209047,889,3,3,0,3,0
1765413746.225179,890,3,3,0,3,0
1765413746.242187,890,3,3,0,3,0
1765413746.258434,890,3,3,0,3,0
1765413746.274816,891,3,3,0,3,0
1765413746.291646,891,3,3,0,3,0
1765413746.308502,892,3,3,0,3,0
1765413746.325118,892,3,3,0,3,0
1765413746.341226,892,3,3,0,3,0
1765413746.358459,893,3,3,0,3,0
1765413746.374745,893,3,3,0,3,0
1765413746.391490,894,3,3,0,3,0
1765413746.407632,894,3,3,0,3,0
1765413746.424881,894,3,3,0,3,0
1765413746.442410,895,3,3,0,3,0
1765413746.458815,895,3,3,0,3,0
1765413746.475840,896,3,3,0,3,0
1765413746.492119,896,3,3,0,3,0
1765413746.508418,896,3,3,0,3,0
1765413746.525425,897,3,3,0,3,0
1765413746.541854,897,3,3,0,3,0
1765413746.558631,898,3,3,0,3,0
1765413746.574938,898,3,3,0,3,0
1765413746.590958,898,3,3,0,3,0
1765413746.608788,899,3,3,0,3,0
1765413746.624252,899,3,3,0,3,0
1765413746.640566,900,3,4,0,4,0
1765413746.656055,900,3,4,0,4,0
1765413746.672822,900,3,4,0,4,0
1765413746.690354,901,3,4,0,4,0
1765413746.706193,901,3,4,0,4,0
1765413746.722817,901,3,4,0,4,0
1765413746.739577,902,3,4,0,4,0
1765413746.755191,902,3,4,0,4,0
1765413746.890090,903,3,4,0,4,0
1765413746.906630,904,3,4,0,4,0
1765413746.932911,904,3,4,0,4,0
1765413746.950769,905,3,4,0,4,0
1765413746.967713,905,3,4,0,4,0
1765413746.985185,905,3,4,0,4,0
1765413747.000985,906,3,4,0,4,0
1765413747.017789,906,3,4,0,4,0
1765413747.033792,907,3,4,0,4,0
1765413747.051639,907,3,4,0,4,0
1765413747.069320,907,3,4,0,4,0
1765413747.085164,908,3,4,0,4,0
1765413747.100986,908,3,4,0,4,0
1765413747.118299,909,3,4,0,4,0
1765413747.135012,909,3,4,0,4,0
1765413747.150995,909,3,4,0,4,0
1765413747.167305,910,3,4,0,4,0
1765413747.183536,910,3,4,0,4,0
1765413747.199565,911,3,4,0,4,0
1765413747.215329,911,3,4,0,4,0
1765413747.231741,911,3,4,0,4,0
1765413747.248982,912,3,4,0,4,0
1765413747.265888,912,3,4,0,4,0
1765413747.282774,912,3,4,0,4,0
1765413747.299447,913,3,3,0,3,0
1765413747.315619,913,3,3,0,3,0
1765413747.332247,914,3,3,0,3,0
1765413747.348623,914,3,3,0,3,0
1765413747.365344,914,3,3,0,3,0
1765413747.382155,915,3,3,0,3,0
1765413747.398770,915,3,3,0,3,0
1765413747.415566,916,3,3,0,3,0
1765413747.431313,916,3,3,0,3,0
1765413747.447639,916,3,3,0,3,0
1765413747.464796,917,3,3,0,3,0
1765413747.481862,917,3,3,0,3,0
1765413747.498608,918,3,3,0,3,0
1765413747.515798,918,3,3,0,3,0
1765413747.533046,919,3,3,0,3,0
1765413747.549191,919,3,3,0,3,0
1765413747.564826,919,3,3,0,3,0
1765413747.581892,920,3,3,0,3,0
1765413747.598475,920,3,3,0,3,0
1765413747.613878,920,3,3,0,3,0
1765413747.630494,921,3,3,0,3,0
1765413747.646680,921,3,3,0,3,0
1765413747.664171,922,3,3,0,3,0
1765413747.681076,922,3,3,0,3,0
1765413747.697689,922,3,3,0,3,0
1765413747.714329,923,3,3,0,3,0
1765413747.731391,923,3,3,0,3,0
1765413747.747281,924,3,3,0,3,0
1765413747.763218,924,3,3,0,3,0
1765413747.779360,924,3,3,0,3,0
1765413747.795410,925,3,3,0,3,0
1765413747.811831,925,3,3,0,3,0
1765413747.828663,926,3,3,0,3,0
1765413747.845599,926,3,3,0,3,0
1765413747.862220,926,3,3,0,3,0
1765413747.878979,927,3,3,0,3,0
1765413747.896672,927,3,3,0,3,0
1765413747.913599,927,3,3,0,3,0
1765413747.930483,928,3,3,0,3,0
1765413747.946043,928,3,3,0,3,0
1765413747.963225,929,3,3,0,3,0
1765413747.979626,929,3,3,0,3,0
1765413747.996565,929,3,3,0,3,0
1765413748.012679,930,3,4,0,4,0
1765413748.029280,930,3,4,0,4,0
1765413748.044676,931,3,4,0,4,0
1765413748.061844,931,3,4,0,4,0
1765413748.077891,931,3,4,0,4,0
1765413748.094725,932,3,4,0,4,0
1765413748.112062,932,3,4,0,4,0
1765413748.129121,933,3,4,0,4,0
1765413748.145692,933,3,4,0,4,0
1765413748.161887,933,3,4,0,4,0
1765413748.179261,934,3,4,0,4,0
1765413748.195951,934,3,4,0,4,0
1765413748.212899,935,3,4,0,4,0
1765413748.230520,935,3,4,0,4,0
1765413748.246601,935,3,4,0,4,0
1765413748.263815,936,3,4,0,4,0
1765413748.280665,936,3,4,0,4,0
1765413748.297643,937,3,4,0,4,0
1765413748.314959,937,3,4,0,4,0
1765413748.331556,937,3,4,0,4,0
1765413748.347597,938,3,4,0,4,0
1765413748.363385,938,3,4,0,4,0
1765413748.379258,938,3,4,0,4,0
1765413748.395315,939,3,4,0,4,0
1765413748.411797,939,3,4,0,4,0
1765413748.428563,940,3,4,0,4,0
1765413748.444607,940,3,4,0,4,0
1765413748.461412,940,3,4,0,4,0
1765413748.478604,941,3,5,0,5,0
1765413748.495651,941,3,5,0,5,0
1765413748.513038,942,3,5,0,5,0
1765413748.529778,942,3,5,0,5,0
1765413748.547170,942,3,5,0,5,0
1765413748.563281,943,3,5,0,5,0
1765413748.579165,943,3,5,0,5,0
1765413748.595658,944,3,5,0,5,0
1765413748.612844,944,3,5,0,5,0
1765413748.629642,944,3,5,0,5,0
1765413748.646647,945,3,5,0,5,0
1765413748.663994,945,3,5,0,5,0
1765413748.680279,946,3,5,0,5,0
1765413748.695916,946,3,5,0,5,0
1765413748.712643,946,3,5,0,5,0
1765413748.729665,947,3,5,0,5,0
1765413748.747501,947,3,5,0,5,0
1765413748.765513,948,3,5,0,5,0
1765413748.781661,948,3,5,0,5,0
1765413748.798908,949,3,5,0,5,0
1765413748.815714,949,3,5,0,5,0
1765413748.832421,949,3,5,0,5,0
1765413748.848583,950,3,5,0,5,0
1765413748.863980,950,3,5,0,5,0
1765413748.879908,951,3,5,0,5,0
1765413748.896863,951,3,5,0,5,0
1765413748.913908,951,3,5,0,5,0
1765413748.930836,952,3,5,0,5,0
1765413748.947701,952,3,5,0,5,0
1765413748.965082,953,3,5,0,5,0
1765413748.981011,953,3,5,0,5,0
1765413748.997601,953,3,5,0,5,0
1765413749.013494,954,3,5,0,5,0
1765413749.029867,954,3,5,0,5,0
1765413749.046608,955,3,5,0,5,0
1765413749.063433,955,3,5,0,5,0
1765413749.079458,955,3,5,0,5,0
1765413749.095051,956,3,5,0,5,0
1765413749.111489,956,3,5,0,5,0
1765413749.127509,956,3,5,0,5,0
1765413749.143822,957,3,5,0,5,0
1765413749.160646,957,3,5,0,5,0
1765413749.177850,958,3,5,0,5,0
1765413749.194672,958,3,5,0,5,0
1765413749.211453,958,3,5,0,5,0
1765413749.227599,959,3,5,0,5,0
1765413749.243408,959,3,5,0,5,0
1765413749.260483,960,3,5,0,5,0
1765413749.277226,960,3,5,0,5,0
1765413749.293001,960,3,5,0,5,0
1765413749.309056,961,3,5,0,5,0
1765413749.325598,961,3,5,0,5,0
1765413749.342440,962,3,5,0,5,0
1765413749.358095,962,3,5,0,5,0
1765413749.374955,962,3,5,0,5,0
1765413749.391163,963,3,5,0,5,0
1765413749.407676,963,3,5,0,5,0
1765413749.424745,963,3,5,0,5,0
1765413749.441878,964,3,5,0,5,0
1765413749.459435,964,3,5,0,5,0
1765413749.475507,965,3,5,0,5,0
1765413749.491651,965,3,5,0,5,0
1765413749.508887,965,3,5,0,5,0
1765413749.525646,966,3,5,0,5,0
1765413749.542603,966,3,5,0,5,0
1765413749.559055,967,3,5,0,5,0
1765413749.576102,967,3,5,0,5,0
1765413749.592674,967,3,5,0,5,0
1765413749.610308,968,3,5,0,5,0
1765413749.626100,968,3,5,0,5,0
1765413749.642345,969,3,5,0,5,0
1765413749.659035,969,3,5,0,5,0
1765413749.675642,969,3,5,0,5,0
1765413749.692681,970,3,5,0,5,0
1765413749.710052,970,3,5,0,5,0
1765413749.727729,971,3,5,1,5,1
1765413749.744134,971,3,5,1,5,1
1765413749.760979,971,3,5,1,5,1
1765413749.777981,972,3,5,1,5,1
1765413749.794396,972,3,5,1,5,1
1765413749.810192,973,3,5,1,5,1
1765413749.827038,973,3,5,1,5,1
1765413749.844119,973,3,5,1,5,1
1765413749.860811,974,3,5,1,5,1
1765413749.877714,974,3,5,1,5,1
1765413749.894626,975,3,5,1,5,1
1765413749.911415,975,3,5,1,5,1
1765413749.928046,975,3,5,1,5,1
1765413749.944969,976,3,5,1,5,1
1765413749.961683,976,3,5,1,5,1
1765413749.978810,977,3,5,1,5,1
1765413749.995547,977,3,5,1,5,1
1765413750.011165,977,3,5,1,5,1
1765413750.027865,978,3,5,1,5,1
1765413750.044438,978,3,5,1,5,1
1765413750.061137,979,3,5,1,5,1
1765413750.077687,979,3,5,1,5,1
1765413750.094922,979,3,5,1,5,1
1765413750.111529,980,3,5,1,5,1
1765413750.128223,980,3,5,1,5,1
1765413750.144196,981,3,5,1,5,1
1765413750.160086,981,3,5,1,5,1
1765413750.176997,981,3,5,1,5,1
1765413750.194019,982,3,5,1,5,1
1765413750.211224,982,3,5,1,5,1
1765413750.227742,983,3,5,1,5,1
1765413750.244322,983,3,5,1,5,1
1765413750.260329,983,3,5,1,5,1
1765413750.276108,984,3,5,1,5,1
1765413750.292162,984,3,5,1,5,1
1765413750.308778,984,3,5,1,5,1
1765413750.326370,985,3,5,1,5,1
1765413750.342708,985,3,5,1,5,1
1765413750.359474,986,3,5,1,5,1
1765413750.375582,986,3,5,1,5,1
1765413750.391995,986,3,5,1,5,1
1765413750.407873,987,3,5,1,5,1
1765413750.425234,987,3,5,1,5,1
1765413750.442178,988,3,4,1,4,1
1765413750.458229,988,3,4,1,4,1
1765413750.474586,988,3,4,1,4,1
1765413750.491362,989,3,4,1,4,1
1765413750.507586,989,3,4,1,4,1
1765413750.523611,990,3,4,1,4,1
1765413750.542386,990,3,4,1,4,1
1765413750.558441,990,3,4,1,4,1
1765413750.574322,991,3,4,1,4,1
1765413750.590352,991,3,4,1,4,1
1765413750.608071,992,3,4,1,4,1
1765413750.624011,992,3,4,1,4,1
1765413750.640657,992,3,4,1,4,1
1765413750.657349,993,3,4,1,4,1
1765413750.673793,993,3,4,1,4,1
1765413750.690706,994,3,4,1,4,1
1765413750.707743,994,3,4,1,4,1
1765413750.724080,994,3,4,1,4,1
1765413750.739681,995,3,4,1,4,1
1765413750.756321,995,3,4,1,4,1
1765413750.772597,995,3,4,1,4,1
1765413750.789196,996,3,4,1,4,1
1765413750.805715,996,3,4,1,4,1
1765413750.822738,997,3,4,1,4,1
1765413750.839045,997,3,4,1,4,1
1765413750.855958,997,3,4,1,4,1
1765413750.872532,998,3,4,1,4,1
1765413750.889288,998,3,4,1,4,1
1765413750.905896,999,3,4,1,4,1
1765413750.922834,999,3,4,1,4,1
1765413750.940022,999,3,4,1,4,1
1765413750.956182,1000,3,4,1,4,1
1765413750.972041,1000,3,4,1,4,1
1765413750.987682,1001,3,4,1,4,1
1765413751.004436,1001,3,4,1,4,1
1765413751.020620,1001,3,4,1,4,1
1765413751.037224,1002,3,4,2,4,2
1765413751.053049,1002,3,4,2,4,2
1765413751.069807,1003,3,4,2,4,2
1765413751.087019,1003,3,4,2,4,2
1765413751.103587,1003,3,4,2,4,2
1765413751.119145,1004,3,4,2,4,2
1765413751.135671,1004,3,4,2,4,2
1765413751.153006,1004,3,4,2,4,2
1765413751.170196,1005,3,4,2,4,2
1765413751.186806,1005,3,4,2,4,2
1765413751.203285,1006,3,4,2,4,2
1765413751.219261,1006,3,4,2,4,2
1765413751.234972,1006,3,4,2,4,2
1765413751.251677,1007,3,4,2,4,2
1765413751.269001,1007,3,4,2,4,2
1765413751.286391,1008,3,4,2,4,2
1765413751.302331,1008,3,4,2,4,2
1765413751.318573,1008,3,4,2,4,2
1765413751.334546,1009,3,4,2,4,2
1765413751.350185,1009,3,4,2,4,2
1765413751.366483,1010,3,4,2,4,2
1765413751.382657,1010,3,4,2,4,2
1765413751.399499,1010,3,4,2,4,2
1765413751.416150,1011,3,4,2,4,2
1765413751.432097,1011,3,4,2,4,2
1765413751.448596,1011,3,4,2,4,2
1765413751.464833,1012,3,4,2,4,2
1765413751.481567,1012,3,4,2,4,2
1765413751.497789,1013,3,4,2,4,2
1765413751.514211,1013,3,4,2,4,2
1765413751.530205,1013,3,4,2,4,2
1765413751.546908,1014,3,4,2,4,2
1765413751.563635,1014,3,4,2,4,2
1765413751.579938,1015,3,4,2,4,2
1765413751.596980,1015,3,4,2,4,2
1765413751.613652,1015,3,4,2,4,2
1765413751.631812,1016,3,4,2,4,2
1765413751.648915,1016,3,4,2,4,2
1765413751.665053,1017,3,4,2,4,2
1765413751.682789,1017,3,4,2,4,2
1765413751.700181,1017,3,4,2,4,2
1765413751.716322,1018,3,4,2,4,2
1765413751.731994,1018,3,4,2,4,2
1765413751.748781,1019,3,4,2,4,2
1765413751.766376,1019,3,4,2,4,2
1765413751.782772,1019,3,4,2,4,2
1765413751.799918,1020,3,4,2,4,2
1765413751.817753,1020,3,4,2,4,2
1765413751.834283,1020,3,4,2,4,2
1765413751.850088,1021,3,4,2,4,2
1765413751.866317,1021,3,4,2,4,2
1765413751.882239,1022,3,4,2,4,2
1765413751.898990,1022,3,4,2,4,2
1765413751.916003,1022,3,4,2,4,2
1765413751.932213,1023,3,4,2,4,2
1765413751.948800,1023,3,4,2,4,2
1765413751.965669,1024,3,4,2,4,2
1765413751.982916,1024,3,4,2,4,2
1765413752.000093,1024,3,4,2,4,2
1765413752.015973,1025,3,4,2,4,2
1765413752.032057,1025,3,4,2,4,2
1765413752.049901,1026,3,4,2,4,2
1765413752.066484,1026,3,4,2,4,2
1765413752.082608,1026,3,4,2,4,2
1765413752.099100,1027,3,4,2,4,2
1765413752.114911,1027,3,4,2,4,2
1765413752.132360,1028,3,4,2,4,2
1765413752.149191,1028,3,4,2,4,2
1765413752.166227,1028,3,4,2,4,2
1765413752.183475,1029,3,4,2,4,2
1765413752.199728,1029,3,4,2,4,2
1765413752.216893,1030,3,4,2,4,2
1765413752.233143,1030,3,4,2,4,2
1765413752.248850,1030,3,4,2,4,2
1765413752.266120,1031,3,4,2,4,2
1765413752.282276,1031,3,4,2,4,2
1765413752.298938,1032,3,4,2,4,2
1765413752.315695,1032,3,4,2,4,2
1765413752.332697,1032,3,4,2,4,2
1765413752.350076,1033,3,4,2,4,2
1765413752.367220,1033,3,4,2,4,2
1765413752.383317,1034,3,4,2,4,2
1765413752.400061,1034,3,4,2,4,2
1765413752.417203,1034,3,4,2,4,2
1765413752.433442,1035,3,4,2,4,2
1765413752.450091,1035,3,4,2,4,2
1765413752.467590,1036,3,4,2,4,2
1765413752.483985,1036,3,4,2,4,2
1765413752.501205,1036,3,4,2,4,2
1765413752.517410,1037,3,4,2,4,2
1765413752.533507,1037,3,4,2,4,2
1765413752.549720,1037,3,4,2,4,2
1765413752.566481,1038,3,4,1,4,1
1765413752.582089,1038,3,4,1,4,1
1765413752.598553,1039,3,4,1,4,1
1765413752.614212,1039,3,4,1,4,1
1765413752.630670,1039,3,4,1,4,1
1765413752.646769,1040,3,4,1,4,1
1765413752.663698,1040,3,4,1,4,1
1765413752.680439,1041,3,4,1,4,1
1765413752.696510,1041,3,4,1,4,1
1765413752.712311,1041,3,4,1,4,1
1765413752.728184,1042,3,4,1,4,1
1765413752.744282,1042,3,4,1,4,1
1765413752.762047,1042,3,4,1,4,1
1765413752.779705,1043,3,4,1,4,1
1765413752.796445,1043,3,4,1,4,1
1765413752.813028,1044,3,4,1,4,1
1765413752.829983,1044,3,4,1,4,1
1765413752.846572,1044,3,4,1,4,1
1765413752.863397,1045,3,4,1,4,1
1765413752.879483,1045,3,4,1,4,1
1765413752.895280,1046,3,4,1,4,1
1765413752.911155,1046,3,4,1,4,1
1765413752.927696,1046,3,4,1,4,1
1765413752.945114,1047,3,4,1,4,1
1765413752.961006,1047,3,4,1,4,1
1765413752.979003,1048,3,4,1,4,1
1765413752.996337,1048,3,4,1,4,1
1765413753.012534,1048,3,4,1,4,1
1765413753.029035,1049,3,4,1,4,1
1765413753.045344,1049,3,4,1,4,1
1765413753.061748,1050,3,4,1,4,1
1765413753.077896,1050,3,4,1,4,1
1765413753.094624,1050,3,4,1,4,1
1765413753.112720,1051,3,4,1,4,1
1765413753.129646,1051,3,4,1,4,1
1765413753.146068,1052,3,4,1,4,1
1765413753.162853,1052,3,4,1,4,1
1765413753.179775,1052,3,4,1,4,1
1765413753.197362,1053,3,4,1,4,1
1765413753.213593,1053,3,4,1,4,1
1765413753.229500,1054,3,4,1,4,1
1765413753.245826,1054,3,4,1,4,1
1765413753.262561,1054,3,4,1,4,1
1765413753.279054,1055,3,5,1,5,1
1765413753.295601,1055,3,5,1,5,1
1765413753.311816,1056,3,5,1,5,1
1765413753.329176,1056,3,5,1,5,1
1765413753.346008,1056,3,5,1,5,1
1765413753.363096,1057,3,5,1,5,1
1765413753.379926,1057,3,5,1,5,1
1765413753.397212,1058,3,5,1,5,1
1765413753.413832,1058,3,5,1,5,1
1765413753.431998,1058,3,5,1,5,1
1765413753.448859,1059,3,5,1,5,1
1765413753.465974,1059,3,5,1,5,1
1765413753.481800,1060,3,5,1,5,1
1765413753.498863,1060,3,5,1,5,1
1765413753.514884,1060,3,5,1,5,1
1765413753.531476,1061,3,5,1,5,1
1765413753.548000,1061,3,5,1,5,1
1765413753.564039,1062,3,5,1,5,1
1765413753.579932,1062,3,5,1,5,1
1765413753.595803,1062,3,5,1,5,1
1765413753.612694,1063,3,5,1,5,1
1765413753.630414,1063,3,5,1,5,1
1765413753.647188,1064,3,5,2,5,2
1765413753.664216,1064,3,5,2,5,2
1765413753.680368,1064,3,5,2,5,2
1765413753.697221,1065,3,5,2,5,2
1765413753.713694,1065,3,5,2,5,2
1765413753.730718,1065,3,5,2,5,2
1765413753.748219,1066,3,5,2,5,2
1765413753.764900,1066,3,5,2,5,2
1765413753.781327,1067,3,5,2,5,2
1765413753.797290,1067,3,5,2,5,2
1765413753.814253,1067,3,5,2,5,2
1765413753.830815,1068,3,5,2,5,2
1765413753.847938,1068,3,5,2,5,2
1765413753.864910,1069,3,5,2,5,2
1765413753.880820,1069,3,5,2,5,2
1765413753.897933,1069,3,5,2,5,2
1765413753.913888,1070,3,5,2,5,2
1765413753.930762,1070,3,5,2,5,2
1765413753.947852,1071,3,5,2,5,2
1765413753.965063,1071,3,5,2,5,2
1765413753.981166,1071,3,5,2,5,2
1765413753.998187,1072,3,5,2,5,2
1765413754.015698,1072,3,5,2,5,2
1765413754.032525,1073,3,5,2,5,2
1765413754.048031,1073,3,5,2,5,2
1765413754.064400,1073,3,5,2,5,2
1765413754.079832,1074,3,4,2,4,2
1765413754.096017,1074,3,4,2,4,2
1765413754.111947,1074,3,4,2,4,2
1765413754.128522,1075,3,4,2,4,2
1765413754.145093,1075,3,4,2,4,2
1765413754.161247,1076,3,4,2,4,2
1765413754.177942,1076,3,4,2,4,2
1765413754.194369,1076,3,4,2,4,2
1765413754.211389,1077,3,4,2,4,2
1765413754.227847,1077,3,4,2,4,2
1765413754.245090,1078,3,4,2,4,2
1765413754.261697,1078,3,4,2,4,2
1765413754.279353,1078,3,4,2,4,2
1765413754.295345,1079,3,4,2,4,2
1765413754.312209,1079,3,4,2,4,2
1765413754.329160,1080,3,4,2,4,2
1765413754.346132,1080,3,4,2,4,2
1765413754.362801,1080,3,4,2,4,2
1765413754.379983,1081,3,4,2,4,2
1765413754.397491,1081,3,4,2,4,2
1765413754.413859,1082,3,4,2,4,2
1765413754.430340,1082,3,4,2,4,2
1765413754.446059,1082,3,4,2,4,2
1765413754.462612,1083,3,4,2,4,2
1765413754.479762,1083,3,4,2,4,2
1765413754.496947,1084,3,4,2,4,2
1765413754.512691,1084,3,4,2,4,2
1765413754.529164,1084,3,4,2,4,2
1765413754.545589,1085,3,4,2,4,2
1765413754.561179,1085,3,4,2,4,2
1765413754.577802,1086,3,4,2,4,2
1765413754.595441,1086,3,4,2,4,2
1765413754.611364,1086,3,4,2,4,2
1765413754.628639,1087,3,4,2,4,2
1765413754.646417,1087,3,4,2,4,2
1765413754.662291,1088,3,4,2,4,2
1765413754.678638,1088,3,4,2,4,2
1765413754.721622,1089,3,4,2,4,2
1765413754.740709,1089,3,4,2,4,2
1765413754.757771,1089,3,4,2,4,2
1765413754.775456,1090,3,4,2,4,2
1765413754.791561,1090,3,4,2,4,2
1765413754.807831,1091,3,4,2,4,2
1765413754.824583,1091,3,4,2,4,2
1765413754.840602,1091,3,4,2,4,2
1765413754.855978,1092,3,4,2,4,2
1765413754.872743,1092,3,4,2,4,2
1765413754.889293,1092,3,4,2,4,2
1765413754.905932,1093,3,4,2,4,2
1765413754.922664,1093,3,4,2,4,2
1765413754.939100,1094,3,4,2,4,2
1765413754.954896,1094,3,4,2,4,2
1765413754.972440,1094,3,4,2,4,2
1765413754.987967,1095,3,4,2,4,2
1765413755.005026,1095,3,4,2,4,2
1765413755.021619,1096,3,4,2,4,2
1765413755.038468,1096,3,4,2,4,2
1765413755.055079,1096,3,4,2,4,2
1765413755.071064,1097,3,4,2,4,2
1765413755.088174,1097,3,4,2,4,2
1765413755.105230,1098,3,4,2,4,2
1765413755.122666,1098,3,4,2,4,2
1765413755.139663,1098,3,4,2,4,2
1765413755.155917,1099,3,3,2,3,2
1765413755.173169,1099,3,3,2,3,2
1765413755.190429,1100,3,3,2,3,2
1765413755.206425,1100,3,3,2,3,2
1765413755.222541,1100,3,3,2,3,2
1765413755.237859,1101,3,3,2,3,2
1765413755.254410,1101,3,3,2,3,2
1765413755.270903,1102,3,3,2,3,2
1765413755.288592,1102,3,3,2,3,2
1765413755.305043,1102,3,3,2,3,2
1765413755.321434,1103,3,3,2,3,2
1765413755.337800,1103,3,3,2,3,2
1765413755.355059,1104,3,3,2,3,2
1765413755.371459,1104,3,3,2,3,2
1765413755.388161,1104,3,3,2,3,2
1765413755.405373,1105,3,3,2,3,2
1765413755.421217,1105,3,3,2,3,2
1765413755.437896,1105,3,3,2,3,2
1765413755.455995,1106,3,3,2,3,2
1765413755.472533,1106,3,3,2,3,2
1765413755.489369,1107,3,3,2,3,2
1765413755.505291,1107,3,3,2,3,2
1765413755.520983,1107,3,3,2,3,2
1765413755.537883,1108,3,3,2,3,2
1765413755.555929,1108,3,3,2,3,2
1765413755.572695,1109,3,3,2,3,2
1765413755.590268,1109,3,3,2,3,2
1765413755.606369,1109,3,3,2,3,2
1765413755.622755,1110,3,3,2,3,2
1765413755.640145,1110,3,3,2,3,2
1765413755.656018,1111,3,3,2,3,2
1765413755.672769,1111,3,3,2,3,2
1765413755.690352,1111,3,3,2,3,2
1765413755.706384,1112,3,3,2,3,2
1765413755.722692,1112,3,3,2,3,2
1765413755.740129,1113,3,3,2,3,2
1765413755.756011,1113,3,3,2,3,2
1765413755.772404,1113,3,3,2,3,2
1765413755.789537,1114,3,3,2,3,2
1765413755.806180,1114,3,3,2,3,2
1765413755.822673,1115,3,3,2,3,2
1765413755.839896,1115,3,3,2,3,2
1765413755.856579,1115,3,3,2,3,2
1765413755.871896,1116,3,3,2,3,2
1765413755.889471,1116,3,3,2,3,2
1765413755.905388,1117,3,3,2,3,2
1765413755.920974,1117,3,3,2,3,2
1765413755.938151,1117,3,3,2,3,2
1765413755.954515,1118,3,3,2,3,2
1765413755.970262,1118,3,3,2,3,2
1765413755.986913,1119,3,3,2,3,2
1765413756.003191,1119,3,3,2,3,2
1765413756.019946,1119,3,3,2,3,2
1765413756.036457,1120,3,3,2,3,2
1765413756.053067,1120,3,3,2,3,2
1765413756.069364,1120,3,3,2,3,2
1765413756.085963,1121,3,3,2,3,2
1765413756.105536,1121,3,3,2,3,2
1765413756.122015,1122,3,3,2,3,2
1765413756.138897,1122,3,3,2,3,2
1765413756.156308,1123,3,3,2,3,2
1765413756.172992,1123,3,3,2,3,2
1765413756.189512,1123,3,3,2,3,2
1765413756.206114,1124,3,3,2,3,2
1765413756.222607,1124,3,3,2,3,2
1765413756.238928,1124,3,3,2,3,2
1765413756.256213,1125,3,3,2,3,2
1765413756.272364,1125,3,3,2,3,2
1765413756.289029,1126,3,3,2,3,2
1765413756.305467,1126,3,3,2,3,2
1765413756.321211,1127,3,3,2,3,2
1765413756.337909,1127,3,3,2,3,2
1765413756.355084,1127,3,3,2,3,2
1765413756.372078,1128,3,3,2,3,2
1765413756.389217,1128,3,3,2,3,2
1765413756.405367,1129,3,3,2,3,2
1765413756.421849,1129,3,3,2,3,2
1765413756.438579,1129,3,3,2,3,2
1765413756.455379,1130,3,3,2,3,2
1765413756.471769,1130,3,3,2,3,2
1765413756.489591,1131,3,3,2,3,2
1765413756.505118,1131,3,3,2,3,2
1765413756.521386,1131,3,3,2,3,2
1765413756.538067,1132,3,3,2,3,2
1765413756.556067,1132,3,3,2,3,2
1765413756.571723,1133,3,3,2,3,2
1765413756.589604,1133,3,3,2,3,2
1765413756.605283,1133,3,3,2,3,2
1765413756.622699,1134,3,3,2,3,2
1765413756.640035,1134,3,3,2,3,2
1765413756.655933,1135,3,3,3,3,3
1765413756.672146,1135,3,3,3,3,3
1765413756.687970,1135,3,3,3,3,3
1765413756.704041,1136,3,3,3,3,3
1765413756.721057,1136,3,3,3,3,3
1765413756.737137,1136,3,3,3,3,3
1765413756.753420,1137,3,3,3,3,3
1765413756.770832,1137,3,3,3,3,3
1765413756.788058,1138,3,3,3,3,3
1765413756.804959,1138,3,3,3,3,3
1765413756.822514,1138,3,3,3,3,3
1765413756.839103,1139,3,3,3,3,3
1765413756.856048,1139,3,3,3,3,3
1765413756.872147,1140,3,3,3,3,3
1765413756.889426,1140,3,3,3,3,3
1765413756.904935,1140,3,3,3,3,3
1765413756.921738,1141,3,3,3,3,3
1765413756.938964,1141,3,3,3,3,3
1765413756.956115,1142,3,3,3,3,3
1765413756.973291,1142,3,3,3,3,3
1765413756.989480,1142,3,3,3,3,3
1765413757.005959,1143,3,3,3,3,3
1765413757.022378,1143,3,3,3,3,3
1765413757.038262,1144,3,3,3,3,3
1765413757.054886,1144,3,3,3,3,3
1765413757.072275,1144,3,3,3,3,3
1765413757.088333,1145,3,3,3,3,3
1765413757.105480,1145,3,3,3,3,3
1765413757.120888,1146,3,3,3,3,3
1765413757.138605,1146,3,3,3,3,3
1765413757.155000,1146,3,3,3,3,3
1765413757.170854,1147,3,3,3,3,3
1765413757.188561,1147,3,3,3,3,3
1765413757.204333,1147,3,3,3,3,3
1765413757.220751,1148,3,3,3,3,3
1765413757.238775,1148,3,3,3,3,3
1765413757.256142,1149,3,3,3,3,3
1765413757.272936,1149,3,3,3,3,3
1765413757.289278,1149,3,3,3,3,3
1765413757.305886,1150,3,3,3,3,3
1765413757.322939,1150,3,3,3,3,3
1765413757.340034,1151,3,3,3,3,3
1765413757.356242,1151,3,3,3,3,3
1765413757.372655,1151,3,3,3,3,3
1765413757.389419,1152,3,3,3,3,3
1765413757.406054,1152,3,3,3,3,3
1765413757.422224,1153,3,3,3,3,3
1765413757.438272,1153,3,3,3,3,3
1765413757.453927,1153,3,3,3,3,3
1765413757.470454,1154,3,3,3,3,3
1765413757.486468,1154,3,3,3,3,3
1765413757.502863,1155,3,3,3,3,3
1765413757.519760,1155,3,3,3,3,3
1765413757.536054,1155,3,3,3,3,3
1765413757.552364,1156,3,3,3,3,3
1765413757.569432,1156,3,3,3,3,3
1765413757.585725,1157,3,3,3,3,3
1765413757.602860,1157,3,3,3,3,3
1765413757.620161,1157,3,3,3,3,3
1765413757.636780,1158,3,3,3,3,3
1765413757.654554,1158,3,3,3,3,3
1765413757.670620,1159,3,3,3,3,3
1765413757.688045,1159,3,3,3,3,3
1765413757.705034,1159,3,3,3,3,3
1765413757.721612,1160,3,3,3,3,3
1765413757.738092,1160,3,3,3,3,3
1765413757.754616,1161,3,3,3,3,3
1765413757.772071,1161,3,3,3,3,3
1765413757.789398,1161,3,3,3,3,3
1765413757.806134,1162,3,3,3,3,3
1765413757.822904,1162,3,3,3,3,3
1765413757.838833,1163,3,3,3,3,3
1765413757.855919,1163,3,3,3,3,3
1765413757.873045,1163,3,3,3,3,3
1765413757.890210,1164,3,3,3,3,3
1765413757.906429,1164,3,3,3,3,3
1765413757.922194,1165,3,3,3,3,3
1765413757.939040,1165,3,3,3,3,3
1765413757.956165,1165,3,3,3,3,3
1765413757.972408,1166,3,2,3,2,3
1765413757.988506,1166,3,2,3,2,3
1765413758.004141,1166,3,2,3,2,3
1765413758.020560,1167,3,2,3,2,3
1765413758.037083,1167,3,2,3,2,3
1765413758.053519,1168,3,2,3,2,3
1765413758.070657,1168,3,2,3,2,3
1765413758.087147,1168,3,2,3,2,3
1765413758.103626,1169,3,2,3,2,3
1765413758.120499,1169,3,2,3,2,3
1765413758.136608,1170,3,2,3,2,3
1765413758.153273,1170,3,2,3,2,3
1765413758.168894,1170,3,2,3,2,3
1765413758.185781,1171,3,2,3,2,3
1765413758.202728,1171,3,2,3,2,3
1765413758.220083,1172,3,2,3,2,3
1765413758.236389,1172,3,2,3,2,3
1765413758.252824,1172,3,2,3,2,3
1765413758.269333,1173,3,2,3,2,3
1765413758.285592,1173,3,2,3,2,3
1765413758.302085,1174,3,2,3,2,3
1765413758.318497,1174,3,2,3,2,3
1765413758.335615,1174,3,2,3,2,3
1765413758.352706,1175,3,2,3,2,3
1765413758.370206,1175,3,2,3,2,3
1765413758.387763,1175,3,2,3,2,3
1765413758.404732,1176,3,2,3,2,3
1765413758.421490,1176,3,2,3,2,3
1765413758.437310,1177,3,2,3,2,3
1765413758.453748,1177,3,2,3,2,3
1765413758.471186,1177,3,2,3,2,3
1765413758.487479,1178,3,2,3,2,3
1765413758.502978,1178,3,2,3,2,3
1765413758.519619,1179,3,2,3,2,3
1765413758.536123,1179,3,2,3,2,3
1765413758.553056,1179,3,2,3,2,3
1765413758.569914,1180,3,2,3,2,3
1765413758.585968,1180,3,2,3,2,3
1765413758.602537,1181,3,2,3,2,3
1765413758.618677,1181,3,2,3,2,3
1765413758.636111,1181,3,2,3,2,3
1765413758.652914,1182,3,2,3,2,3
1765413758.670037,1182,3,2,3,2,3
1765413758.686350,1183,3,2,3,2,3
1765413758.702697,1183,3,2,3,2,3
1765413758.719341,1183,3,2,3,2,3
1765413758.735619,1184,3,2,3,2,3
1765413758.752234,1184,3,2,3,2,3
1765413758.768469,1184,3,2,3,2,3
1765413758.784106,1185,3,2,4,2,4
1765413758.800769,1185,3,2,4,2,4
1765413758.817313,1186,3,2,4,2,4
1765413758.833556,1186,3,2,4,2,4
1765413758.849212,1186,3,2,4,2,4
1765413758.866011,1187,3,2,4,2,4
1765413758.882432,1187,3,2,4,2,4
1765413758.899096,1188,3,2,4,2,4
1765413758.915778,1188,3,2,4,2,4
1765413758.932325,1188,3,2,4,2,4
1765413758.948523,1189,3,2,4,2,4
1765413758.964611,1189,3,2,4,2,4
1765413758.981020,1189,3,2,4,2,4
1765413758.998173,1190,3,2,4,2,4
1765413759.014426,1190,3,2,4,2,4
1765413759.030686,1191,3,2,4,2,4
1765413759.046953,1191,3,2,4,2,4
1765413759.063599,1191,3,2,4,2,4
1765413759.079991,1192,3,2,4,2,4
1765413759.096667,1192,3,2,4,2,4
1765413759.113729,1193,3,2,4,2,4
1765413759.130734,1193,3,2,4,2,4
1765413759.146997,1193,3,2,4,2,4
1765413759.163161,1194,3,2,4,2,4
1765413759.179984,1194,3,2,4,2,4
1765413759.196159,1195,3,2,5,2,5
1765413759.213541,1195,3,2,5,2,5
1765413759.229316,1195,3,2,5,2,5
1765413759.245723,1196,3,2,5,2,5
1765413759.263042,1196,3,2,5,2,5
1765413759.279531,1197,3,2,5,2,5
1765413759.296517,1197,3,2,5,2,5
1765413759.312564,1197,3,2,5,2,5
1765413759.329250,1198,3,2,5,2,5
1765413759.346098,1198,3,2,5,2,5
1765413759.362205,1199,3,2,5,2,5
1765413759.378797,1199,3,2,5,2,5
1765413759.396050,1199,3,2,5,2,5
1765413759.412404,1200,3,2,5,2,5
1765413759.429361,1200,3,2,5,2,5
1765413759.446522,1201,3,2,5,2,5
1765413759.463054,1201,3,2,5,2,5
1765413759.479665,1201,3,2,5,2,5
1765413759.496654,1202,3,2,5,2,5
1765413759.513879,1202,3,2,5,2,5
1765413759.530639,1203,3,2,5,2,5
1765413759.548096,1203,3,2,5,2,5
1765413759.565219,1203,3,2,5,2,5
1765413759.581006,1204,3,1,5,1,5
1765413759.597841,1204,3,1,5,1,5
1765413759.615302,1205,3,1,5,1,5
1765413759.631607,1205,3,1,5,1,5
1765413759.649090,1205,3,1,5,1,5
1765413759.666085,1205,3,1,5,1,5
1765413759.682111,1205,3,1,5,1,5
1765413759.699211,1205,3,1,5,1,5
1765413759.715193,1205,3,1,5,1,5
1765413759.731034,1205,3,1,5,1,5
1765413759.748182,1205,3,1,5,1,5
1765413759.763652,1205,3,1,5,1,5
1765413759.780546,1205,3,1,5,1,5
1765413759.796154,1205,3,1,5,1,5
1765413759.813190,1205,3,1,5,1,5
1765413759.829123,1205,3,1,5,1,5
1765413759.845664,1205,3,1,5,1,5
1765413759.862634,1205,3,1,5,1,5
1765413759.880341,1205,3,1,5,1,5
1765413759.896990,1205,3,1,5,1,5
1765413759.913465,1205,3,1,5,1,5
1765413759.930015,1205,3,1,5,1,5
1765413759.947773,1205,3,1,5,1,5
1765413759.964294,1205,3,1,5,1,5
1765413759.981084,1205,3,1,5,1,5
1765413759.997881,1205,3,1,5,1,5
1765413760.014433,1205,3,1,5,1,5
1765413760.030387,1205,3,1,5,1,5
1765413760.046879,1205,3,1,5,1,5
1765413760.063188,1205,3,1,5,1,5
1765413760.080148,1205,3,1,5,1,5
1765413760.095900,1205,3,1,5,1,5
1765413760.112403,1205,3,1,5,1,5
1765413760.129265,1205,3,1,5,1,5
1765413760.145359,1205,3,1,5,1,5
1765413760.162066,1205,3,1,5,1,5
1765413760.179027,1205,3,1,5,1,5
1765413760.195478,1205,3,1,5,1,5
1765413760.211615,1205,3,1,5,1,5
1765413760.228318,1205,3,1,5,1,5
1765413760.245137,1205,3,1,5,1,5
1765413760.260864,1205,3,1,5,1,5
1765413760.278613,1205,3,1,5,1,5
1765413760.295458,1205,3,1,5,1,5
1765413760.311518,1205,3,1,5,1,5
1765413760.327841,1205,3,1,5,1,5
1765413760.344019,1205,3,1,5,1,5
1765413760.361192,1205,3,1,5,1,5
1765413760.377034,1205,3,1,5,1,5
1765413760.394349,1205,3,1,5,1,5
1765413760.410241,1205,3,1,5,1,5
1765413760.426427,1205,3,1,5,1,5
1765413760.441826,1205,3,1,5,1,5
1765413760.458903,1205,3,1,5,1,5
1765413760.475587,1205,3,1,5,1,5
1765413760.491211,1205,3,1,5,1,5
1765413760.507945,1205,3,1,5,1,5
1765413760.525214,1205,3,1,5,1,5
1765413760.541821,1205,3,1,5,1,5
1765413760.558109,1205,3,1,5,1,5
1765413760.575351,1205,3,1,5,1,5
1765413760.591514,1205,3,1,5,1,5
1765413760.608854,1205,3,1,5,1,5
1765413760.625379,1205,3,1,5,1,5
1765413760.643012,1205,3,1,5,1,5
1765413760.659080,1205,3,1,5,1,5
1765413760.675143,1205,3,1,5,1,5
1765413760.692720,1205,3,1,5,1,5
1765413760.710343,1205,3,1,5,1,5
1765413760.726591,1205,3,1,5,1,5
1765413760.742219,1205,3,1,5,1,5
1765413760.758638,1205,3,1,5,1,5
1765413760.775310,1205,3,1,5,1,5
1765413760.790703,1205,3,1,5,1,5
1765413760.808293,1205,3,1,5,1,5
1765413760.823869,1205,3,1,5,1,5
1765413760.841337,1205,3,1,5,1,5
1765413760.857252,1205,3,1,5,1,5
1765413760.873946,1205,3,1,5,1,5
1765413760.890320,1205,3,1,5,1,5
1765413760.906016,1205,3,1,5,1,5
1765413760.921841,1205,3,1,5,1,5
1765413760.939214,1205,3,1,5,1,5
1765413760.956114,1205,3,1,5,1,5
1765413760.971993,1205,3,1,5,1,5
1765413760.989500,1205,3,1,5,1,5
1765413761.006278,1205,3,1,5,1,5
1765413761.022821,1205,3,1,5,1,5
1765413761.039686,1205,3,1,5,1,5
1765413761.056544,1205,3,1,5,1,5
1765413761.072704,1205,3,1,5,1,5
1765413761.089572,1205,3,1,5,1,5
1765413761.104867,1205,3,1,5,1,5
1765413761.122819,1205,3,1,5,1,5
1765413761.138959,1205,3,1,5,1,5
1765413761.155304,1205,3,1,5,1,5
1765413761.170902,1205,3,1,5,1,5
1765413761.188306,1205,3,1,5,1,5
1765413761.205124,1205,3,1,5,1,5
1765413761.221707,1205,3,1,5,1,5
1765413761.238438,1205,3,1,5,1,5
1765413761.254563,1205,3,1,5,1,5
1765413761.270416,1205,3,1,5,1,5
1765413761.286879,1205,3,1,5,1,5
1765413761.303825,1205,3,1,5,1,5
1765413761.321111,1205,3,1,5,1,5
1765413761.428272,1205,3,1,5,1,5
1765413761.441454,1205,3,1,5,1,5
1765413761.457886,1205,3,1,5,1,5
1765413761.474483,1205,3,1,5,1,5
1765413761.490857,1205,3,1,5,1,5
1765413761.507904,1205,3,1,5,1,5
1765413761.524790,1205,3,1,5,1,5
1765413761.542023,1205,3,1,5,1,5
1765413761.558715,1205,3,1,5,1,5
1765413761.575597,1205,3,1,5,1,5
1765413761.592376,1205,3,1,5,1,5
1765413761.609433,1205,3,1,5,1,5
1765413761.625933,1205,3,1,5,1,5
1765413761.641973,1205,3,1,5,1,5
1765413761.658039,1205,3,1,5,1,5
1765413761.675217,1205,3,1,5,1,5
1765413761.692360,1205,3,1,5,1,5
1765413761.708892,1205,3,1,5,1,5
1765413761.725527,1205,3,1,5,1,5
1765413761.741205,1205,3,1,5,1,5
1765413761.758038,1205,3,1,5,1,5
1765413761.775311,1205,3,1,5,1,5
1765413761.791179,1205,3,1,5,1,5
1765413761.807959,1205,3,1,5,1,5
1765413761.825132,1205,3,1,5,1,5
1765413761.841911,1205,3,1,5,1,5
1765413761.858793,1205,3,1,5,1,5
1765413761.875408,1205,3,1,5,1,5
1765413761.892401,1205,3,1,5,1,5
1765413761.909116,1205,3,1,5,1,5
1765413761.924913,1205,3,1,5,1,5
1765413761.941368,1205,3,1,5,1,5
1765413761.958368,1205,3,1,5,1,5
1765413761.974696,1205,3,1,5,1,5
1765413761.992474,1205,3,1,5,1,5
1765413762.008981,1205,3,1,5,1,5
1765413762.025505,1205,3,1,5,1,5
1765413762.041756,1205,3,1,5,1,5
1765413762.058928,1205,3,1,5,1,5
1765413762.076107,1205,3,1,5,1,5
1765413762.093183,1205,3,1,5,1,5
1765413762.109109,1205,3,1,5,1,5
1765413762.125591,1205,3,1,5,1,5
1765413762.141999,1205,3,1,5,1,5
1765413762.158365,1205,3,1,5,1,5
1765413762.174479,1205,3,1,5,1,5
1765413762.190195,1205,3,1,5,1,5
1765413762.205808,1205,3,1,5,1,5
1765413762.222783,1205,3,1,5,1,5
1765413762.239885,1205,3,1,5,1,5
1765413762.257021,1205,3,1,5,1,5
1765413762.273202,1205,3,1,5,1,5
1765413762.289335,1205,3,1,5,1,5
1765413762.305069,1205,3,1,5,1,5
1765413762.321094,1205,3,1,5,1,5
1765413762.337308,1205,3,1,5,1,5
1765413762.354713,1205,3,1,5,1,5
1765413762.371390,1205,3,1,5,1,5
1765413762.387827,1205,3,1,5,1,5
1765413762.403970,1205,3,1,5,1,5
1765413762.420469,1205,3,1,5,1,5
1765413762.436501,1205,3,1,5,1,5
1765413762.451649,1205,3,1,5,1,5
1765413762.468188,1205,3,1,5,1,5
1765413762.484306,1205,3,1,5,1,5
1765413762.500649,1205,3,1,5,1,5
1765413762.517555,1205,3,1,5,1,5
1765413762.533980,1205,3,1,5,1,5
1765413762.550881,1205,3,1,5,1,5
1765413762.568266,1205,3,1,5,1,5
1765413762.583899,1205,3,1,5,1,5
1765413762.601415,1205,3,1,5,1,5
1765413762.618399,1205,3,1,5,1,5
1765413762.635055,1205,3,1,5,1,5
1765413762.652253,1205,3,1,5,1,5
1765413762.669423,1205,3,1,5,1,5
1765413762.685213,1205,3,1,5,1,5
1765413762.701435,1205,3,1,5,1,5
1765413762.717340,1205,3,1,5,1,5
1765413762.734330,1205,3,1,5,1,5
1765413762.751511,1205,3,1,5,1,5
1765413762.768224,1205,3,1,5,1,5
1765413762.784109,1205,3,1,5,1,5
1765413762.801040,1205,3,1,5,1,5
1765413762.817328,1205,3,1,5,1,5
1765413762.834382,1205,3,1,5,1,5
1765413762.850247,1205,3,1,5,1,5
1765413762.866288,1205,3,1,5,1,5
1765413762.882185,1205,3,1,5,1,5
1765413762.898650,1205,3,1,5,1,5
1765413762.915978,1205,3,1,5,1,5
1765413762.932659,1205,3,1,5,1,5
1765413762.949741,1205,3,1,5,1,5
1765413762.968041,1205,3,1,5,1,5
1765413762.983837,1205,3,1,5,1,5
1765413763.001132,1205,3,1,5,1,5
1765413763.018163,1205,3,1,5,1,5
1765413763.034870,1205,3,1,5,1,5
1765413763.051437,1205,3,1,5,1,5
1765413763.068273,1205,3,1,5,1,5
1765413763.084939,1205,3,1,5,1,5
1765413763.102431,1205,3,1,5,1,5
1765413763.118340,1205,3,1,5,1,5
1765413763.134339,1205,3,1,5,1,5
1765413763.151628,1205,3,1,5,1,5
1765413763.168680,1205,3,1,5,1,5
1765413763.185489,1205,3,1,5,1,5
1765413763.201593,1205,3,1,5,1,5
1765413763.217849,1205,3,1,5,1,5
1765413763.233986,1205,3,1,5,1,5
1765413763.250819,1205,3,1,5,1,5
1765413763.267414,1205,3,1,5,1,5
1765413763.284231,1205,3,1,5,1,5
1765413763.300715,1205,3,1,5,1,5
1765413763.318515,1205,3,1,5,1,5
1765413763.334526,1205,3,1,5,1,5
1765413763.350723,1205,3,1,5,1,5
1765413763.368066,1205,3,1,5,1,5
1765413763.383927,1205,3,1,5,1,5
1765413763.401098,1205,3,1,5,1,5
1765413763.417264,1205,3,1,5,1,5
1765413763.433459,1205,3,1,5,1,5
1765413763.449269,1205,3,1,5,1,5
1765413763.465999,1205,3,1,5,1,5
1765413763.483552,1205,3,1,5,1,5
1765413763.499287,1205,3,1,5,1,5
1765413763.514802,1205,3,1,5,1,5
1765413763.531170,1205,3,1,5,1,5
1765413763.547176,1205,3,1,5,1,5
1765413763.563264,1205,3,1,5,1,5
1765413763.579893,1205,3,1,5,1,5
1765413763.597061,1205,3,1,5,1,5
1765413763.613227,1205,3,1,5,1,5
1765413763.629394,1205,3,1,5,1,5
1765413763.644735,1205,3,1,5,1,5
1765413763.662545,1205,3,1,5,1,5
1765413763.677702,1205,3,1,5,1,5
1765413763.694648,1205,3,1,5,1,5
1765413763.711231,1205,3,1,5,1,5
1765413763.727961,1205,3,1,5,1,5
1765413763.744794,1205,3,1,5,1,5
1765413763.761464,1205,3,1,5,1,5
1765413763.777387,1205,3,1,5,1,5
1765413763.793792,1205,3,1,5,1,5
1765413763.810532,1205,3,1,5,1,5
1765413763.827179,1205,3,1,5,1,5
1765413763.843452,1205,3,1,5,1,5
1765413763.859284,1205,3,1,5,1,5
1765413763.875019,1205,3,1,5,1,5
1765413763.891549,1205,3,1,5,1,5
1765413763.908228,1205,3,1,5,1,5
1765413763.924564,1205,3,1,5,1,5
1765413763.940498,1205,3,1,5,1,5
1765413763.960690,1205,3,1,5,1,5
1765413763.975293,1205,3,1,5,1,5
1765413763.993353,1205,3,1,5,1,5
1765413764.009510,1205,3,1,5,1,5
1765413764.025568,1205,3,1,5,1,5
1765413764.043095,1205,3,1,5,1,5
1765413764.060172,1205,3,1,5,1,5
1765413764.076475,1205,3,1,5,1,5
1765413764.092906,1205,3,1,5,1,5
1765413764.109355,1205,3,1,5,1,5
1765413764.126115,1205,3,1,5,1,5
1765413764.142588,1205,3,1,5,1,5
1765413764.158031,1205,3,1,5,1,5
1765413764.174318,1205,3,1,5,1,5
1765413764.191366,1205,3,1,5,1,5
1765413764.207416,1205,3,1,5,1,5
1765413764.223342,1205,3,1,5,1,5
1765413764.239539,1205,3,1,5,1,5
1765413764.255278,1205,3,1,5,1,5
1765413764.271692,1205,3,1,5,1,5
1765413764.288227,1205,3,1,5,1,5
1765413764.304681,1205,3,1,5,1,5
1765413764.321211,1205,3,1,5,1,5
1765413764.338339,1205,3,1,5,1,5
1765413764.354499,1205,3,1,5,1,5
1765413764.370224,1205,3,1,5,1,5
1765413764.387054,1205,3,1,5,1,5
1765413764.403719,1205,3,1,5,1,5
1765413764.421076,1205,3,1,5,1,5
1765413764.438856,1205,3,1,5,1,5
1765413764.456019,1205,3,1,5,1,5
1765413764.472930,1205,3,1,5,1,5
1765413764.490556,1205,3,1,5,1,5
1765413764.505635,1205,3,1,5,1,5
1765413764.523835,1205,3,1,5,1,5
1765413764.541329,1205,3,1,5,1,5
1765413764.556966,1205,3,1,5,1,5
1765413764.574322,1205,3,1,5,1,5
1765413764.589922,1205,3,1,5,1,5
1765413764.606515,1205,3,1,5,1,5
1765413764.622616,1205,3,1,5,1,5
1765413764.640061,1205,3,1,5,1,5
1765413764.657544,1205,3,1,5,1,5
1765413764.673632,1205,3,1,5,1,5
1765413764.690618,1205,3,1,5,1,5
1765413764.707907,1205,3,1,5,1,5
1765413764.725165,1205,3,1,5,1,5
1765413764.741338,1205,3,1,5,1,5
1765413764.758004,1205,3,1,5,1,5
1765413764.774900,1205,3,1,5,1,5
1765413764.791677,1205,3,1,5,1,5
1765413764.808245,1205,3,1,5,1,5
1765413764.825057,1205,3,1,5,1,5
1765413764.841421,1205,3,1,5,1,5
1765413764.857876,1205,3,1,5,1,5
1765413764.875113,1205,3,1,5,1,5
1765413764.891057,1205,3,1,5,1,5
1765413764.908280,1205,3,1,5,1,5
1765413764.925341,1205,3,1,5,1,5
1765413764.941703,1205,3,1,5,1,5
1765413764.957980,1205,3,1,5,1,5
1765413764.974619,1205,3,1,5,1,5
1765413764.990894,1205,3,1,5,1,5
1765413765.007314,1205,3,1,5,1,5
1765413765.023745,1205,3,1,5,1,5
1765413765.040593,1205,3,1,5,1,5
1765413765.056641,1205,3,1,5,1,5
1765413765.073649,1205,3,1,5,1,5
1765413765.090686,1205,3,1,5,1,5
1765413765.108064,1205,3,1,5,1,5
1765413765.124667,1205,3,1,5,1,5
1765413765.142882,1205,3,1,5,1,5
1765413765.160001,1205,3,1,5,1,5
1765413765.176026,1205,3,1,5,1,5
1765413765.193251,1205,3,1,5,1,5
1765413765.210214,1205,3,1,5,1,5
1765413765.228058,1205,3,1,5,1,5
1765413765.244455,1205,3,1,5,1,5
1765413765.260895,1205,3,1,5,1,5
1765413765.277961,1205,3,1,5,1,5
1765413765.294556,1205,3,1,5,1,5
1765413765.310546,1205,3,1,5,1,5
1765413765.326413,1205,3,1,5,1,5
1765413765.342367,1205,3,1,5,1,5
1765413765.357670,1205,3,1,5,1,5
1765413765.374159,1205,3,1,5,1,5
1765413765.390564,1205,3,1,5,1,5
1765413765.406310,1205,3,1,5,1,5
1765413765.422699,1205,3,1,5,1,5
1765413765.439158,1205,3,1,5,1,5
1765413765.456404,1205,3,1,5,1,5
1765413765.473080,1205,3,1,5,1,5
