time,snapshot_id,player_id,server_row,server_col,display_row,display_col
1765413713.595667,119,1,0,12,0,12
1765413713.624954,120,1,0,12,0,12
1765413713.634677,120,1,0,12,0,12
1765413713.648561,121,1,0,12,0,12
1765413713.664260,121,1,0,12,0,12
1765413713.681823,121,1,0,12,0,12
1765413713.697483,122,1,0,12,0,12
1765413713.714424,122,1,0,12,0,12
1765413713.730021,123,1,0,12,0,12
1765413713.746806,123,1,0,12,0,12
1765413713.762896,123,1,0,12,0,12
1765413713.779852,124,1,0,12,0,12
1765413713.797094,124,1,0,12,0,12
1765413713.814726,125,1,0,12,0,12
1765413713.830781,125,1,0,12,0,12
1765413713.846896,125,1,0,12,0,12
1765413713.892765,126,1,0,12,0,12
1765413713.911353,127,1,0,12,0,12
1765413713.931506,127,1,0,12,0,12
1765413713.949186,128,1,0,12,0,12
1765413713.965948,128,1,0,12,0,12
1765413713.982528,129,1,0,12,0,12
1765413713.999604,129,1,0,12,0,12
1765413714.016299,130,1,0,12,0,12
1765413714.032292,130,1,0,12,0,12
1765413714.048483,130,1,0,12,0,12
1765413714.064898,131,1,0,12,0,12
1765413714.081964,131,1,0,12,0,12
1765413714.099588,132,1,0,12,0,12
1765413714.115139,132,1,0,12,0,12
1765413714.131709,132,1,0,12,0,12
1765413714.147773,133,1,0,12,0,12
1765413714.163697,133,1,0,12,0,12
1765413714.179346,133,1,0,12,0,12
1765413714.195476,134,1,0,12,0,12
1765413714.211874,134,1,0,12,0,12
1765413714.229364,135,1,0,12,0,12
1765413714.245921,135,1,0,12,0,12
1765413714.262951,135,1,0,12,0,12
1765413714.279605,136,1,0,12,0,12
1765413714.295591,136,1,0,12,0,12
1765413714.312416,136,1,0,12,0,12
1765413714.328144,137,1,0,12,0,12
1765413714.345030,137,1,0,12,0,12
1765413714.361478,138,1,0,12,0,12
1765413714.378791,138,1,0,12,0,12
1765413714.394174,138,1,0,12,0,12
1765413714.411177,139,1,0,12,0,12
1765413714.428238,139,1,0,12,0,12
1765413714.445341,140,1,0,12,0,12
1765413714.461656,140,1,0,12,0,12
1765413714.478021,140,1,0,12,0,12
1765413714.494686,141,1,0,12,0,12
1765413714.511079,141,1,0,12,0,12
1765413714.528476,142,1,0,12,0,12
1765413714.544983,142,1,0,12,0,12
1765413714.561307,142,1,0,12,0,12
1765413714.577127,143,1,0,12,0,12
1765413714.594025,143,1,0,12,0,12
1765413714.610629,144,1,0,12,0,12
1765413714.626810,144,1,0,12,0,12
1765413714.642888,144,1,0,12,0,12
1765413714.660203,145,1,0,12,0,12
1765413714.677490,145,1,0,12,0,12
1765413714.694137,146,1,0,12,0,12
1765413714.711379,146,1,0,12,0,12
1765413714.728207,147,1,0,12,0,12
1765413714.745028,147,1,0,12,0,12
1765413714.762025,147,1,0,12,0,12
1765413714.778844,148,1,0,12,0,12
1765413714.795786,148,1,0,12,0,12
1765413714.811857,149,1,0,12,0,12
1765413714.828703,149,1,0,12,0,12
1765413714.845084,149,1,0,12,0,12
1765413714.861390,150,1,0,12,0,12
1765413714.876914,150,1,0,12,0,12
1765413714.894058,151,1,0,12,0,12
1765413714.910707,151,1,0,12,0,12
1765413714.926774,151,1,0,12,0,12
1765413714.942615,152,1,0,12,0,12
1765413714.959511,152,1,0,12,0,12
1765413714.976418,152,1,0,12,0,12
1765413714.992214,153,1,0,12,0,12
1765413715.009706,153,1,0,12,0,12
1765413715.025746,154,1,0,12,0,12
1765413715.042351,154,1,0,12,0,12
1765413715.059027,154,1,0,12,0,12
1765413715.075775,155,1,0,12,0,12
1765413715.091582,155,1,0,12,0,12
1765413715.108701,156,1,0,12,0,12
1765413715.125753,156,1,0,12,0,12
1765413715.142420,156,1,0,12,0,12
1765413715.159115,157,1,0,12,0,12
1765413715.176289,157,1,0,12,0,12
1765413715.192685,158,1,0,12,0,12
1765413715.209641,158,1,0,12,0,12
1765413715.226126,158,1,0,12,0,12
1765413715.242844,159,1,0,12,0,12
1765413715.260048,159,1,0,12,0,12
1765413715.276459,160,1,0,12,0,12
1765413715.292801,160,1,0,12,0,12
1765413715.310416,160,1,0,12,0,12
1765413715.326809,161,1,0,12,0,12
1765413715.342848,161,1,0,12,0,12
1765413715.359627,162,1,0,12,0,12
1765413715.376138,162,1,0,12,0,12
1765413715.392187,163,1,0,12,0,12
1765413715.408583,163,1,0,12,0,12
1765413715.424459,163,1,0,12,0,12
1765413715.441302,164,1,0,12,0,12
1765413715.457478,164,1,0,12,0,12
1765413715.474310,164,1,0,12,0,12
1765413715.490647,165,1,0,12,0,12
1765413715.507002,165,1,0,12,0,12
1765413715.524321,166,1,0,12,0,12
1765413715.541393,166,1,0,12,0,12
1765413715.558189,166,1,0,12,0,12
1765413715.574868,167,1,0,12,0,12
1765413715.591846,167,1,0,12,0,12
1765413715.608443,168,1,0,12,0,12
1765413715.624936,168,1,0,12,0,12
1765413715.641054,168,1,0,12,0,12
1765413715.657013,169,1,0,12,0,12
1765413715.817195,169,1,0,12,0,12
1765413715.844533,170,1,0,12,0,12
1765413715.890747,170,1,0,12,0,12
1765413715.905318,171,1,0,12,0,12
1765413715.921784,171,1,0,12,0,12
1765413715.940194,171,1,0,12,0,12
1765413715.979656,173,1,0,12,0,12
1765413715.996907,173,1,0,12,0,12
1765413716.013435,173,1,0,12,0,12
1765413716.030076,174,1,0,12,0,12
1765413716.046938,174,1,0,12,0,12
1765413716.064315,175,1,0,12,0,12
1765413716.081117,175,1,0,12,0,12
1765413716.097618,175,1,0,12,0,12
1765413716.114512,176,1,0,12,0,12
1765413716.131429,176,1,0,12,0,12
1765413716.148201,177,1,0,12,0,12
1765413716.165062,177,1,0,12,0,12
1765413716.181670,177,1,0,12,0,12
1765413716.198334,178,1,0,12,0,12
1765413716.215119,178,1,0,12,0,12
1765413716.231720,179,1,0,12,0,12
1765413716.248070,179,1,0,12,0,12
1765413716.264357,179,1,0,12,0,12
1765413716.280164,180,1,0,12,0,12
1765413716.297128,180,1,0,12,0,12
1765413716.313873,181,1,0,12,0,12
1765413716.330956,181,1,0,12,0,12
1765413716.347590,181,1,0,12,0,12
1765413716.363882,182,1,0,12,0,12
1765413716.380657,182,1,0,12,0,12
1765413716.396820,182,1,0,12,0,12
1765413716.412646,183,1,0,12,0,12
1765413716.429053,183,1,0,12,0,12
1765413716.446877,184,1,0,12,0,12
1765413716.464506,184,1,0,12,0,12
1765413716.480478,184,1,0,12,0,12
1765413716.497036,185,1,0,12,0,12
1765413716.514071,185,1,0,12,0,12
1765413716.530699,186,1,0,12,0,12
1765413716.547296,186,1,0,12,0,12
1765413716.564607,186,1,0,12,0,12
1765413716.581421,187,1,0,12,0,12
1765413716.597844,187,1,0,12,0,12
1765413716.614598,188,1,0,12,0,12
1765413716.630830,188,1,0,12,0,12
1765413716.648531,188,1,0,12,0,12
1765413716.665277,189,1,0,13,0,13
1765413716.681765,189,1,0,13,0,13
1765413716.697936,190,1,0,13,0,13
1765413716.714064,190,1,0,13,0,13
1765413716.730509,190,1,0,13,0,13
1765413716.747212,191,1,0,13,0,13
1765413716.764580,191,1,0,13,0,13
1765413716.781584,192,1,0,13,0,13
1765413716.798399,192,1,0,13,0,13
1765413716.814696,192,1,0,13,0,13
1765413716.831553,193,1,0,13,0,13
1765413716.847213,193,1,0,13,0,13
1765413716.863850,194,1,0,13,0,13
1765413716.880762,194,1,0,13,0,13
1765413716.896540,194,1,0,13,0,13
1765413716.912764,195,1,0,13,0,13
1765413716.929140,195,1,0,13,0,13
1765413716.947040,195,1,0,13,0,13
1765413716.963645,196,1,0,13,0,13
1765413716.980010,196,1,0,13,0,13
1765413716.996922,197,1,0,13,0,13
1765413717.012966,197,1,0,13,0,13
1765413717.030184,197,1,0,13,0,13
1765413717.047114,198,1,0,13,0,13
1765413717.064601,198,1,0,13,0,13
1765413717.080777,199,1,0,13,0,13
1765413717.097082,199,1,0,13,0,13
1765413717.113918,199,1,0,13,0,13
1765413717.131216,200,1,0,13,0,13
1765413717.147104,200,1,0,13,0,13
1765413717.164187,201,1,0,13,0,13
1765413717.180694,201,1,0,13,0,13
1765413717.196860,201,1,0,13,0,13
1765413717.214763,202,1,0,13,0,13
1765413717.230406,202,1,0,13,0,13
1765413717.246387,203,1,0,13,0,13
1765413717.263004,203,1,0,13,0,13
1765413717.280257,203,1,0,13,0,13
1765413717.297252,204,1,0,13,0,13
1765413717.313850,204,1,0,13,0,13
1765413717.330841,205,1,0,13,0,13
1765413717.348118,205,1,0,13,0,13
1765413717.365862,205,1,0,13,0,13
1765413717.382750,206,1,0,13,0,13
1765413717.398849,206,1,0,13,0,13
1765413717.416034,207,1,0,13,0,13
1765413717.432696,207,1,0,13,0,13
1765413717.448194,207,1,0,13,0,13
1765413717.464800,208,1,0,13,0,13
1765413717.480483,208,1,0,13,0,13
1765413717.496270,208,1,0,13,0,13
1765413717.513318,209,1,0,13,0,13
1765413717.530563,209,1,0,13,0,13
1765413717.548233,210,1,0,13,0,13
1765413717.565329,210,1,0,13,0,13
1765413717.581419,210,1,0,13,0,13
1765413717.598439,211,1,0,13,0,13
1765413717.614892,211,1,0,13,0,13
1765413717.632214,212,1,0,13,0,13
1765413717.649121,212,1,0,13,0,13
1765413717.665365,212,1,0,13,0,13
1765413717.682029,213,1,0,13,0,13
1765413717.699030,213,1,0,13,0,13
1765413717.715400,214,1,0,13,0,13
1765413717.730879,214,1,0,13,0,13
1765413717.747286,214,1,0,13,0,13
1765413717.763506,215,1,0,13,0,13
1765413717.779180,215,1,0,13,0,13
1765413717.795729,215,1,0,13,0,13
1765413717.812580,216,1,0,13,0,13
1765413717.829387,216,1,0,13,0,13
1765413717.845814,217,1,0,13,0,13
1765413717.863210,217,1,0,13,0,13
1765413717.880090,217,1,0,13,0,13
1765413717.897415,218,1,0,13,0,13
1765413717.913714,218,1,0,13,0,13
1765413717.929857,219,1,0,13,0,13
1765413717.946956,219,1,0,13,0,13
1765413717.964500,219,1,0,13,0,13
1765413717.980941,220,1,0,13,0,13
1765413717.997802,220,1,0,13,0,13
1765413718.013294,221,1,0,13,0,13
1765413718.029719,221,1,0,13,0,13
1765413718.046093,221,1,0,13,0,13
1765413718.063096,222,1,0,13,0,13
1765413718.079889,222,1,0,13,0,13
1765413718.096900,223,1,0,13,0,13
1765413718.113577,223,1,0,13,0,13
1765413718.129869,223,1,0,13,0,13
1765413718.146879,224,1,0,13,0,13
1765413718.163020,224,1,0,13,0,13
1765413718.179888,224,1,0,13,0,13
1765413718.197811,225,1,0,13,0,13
1765413718.214169,225,1,0,13,0,13
1765413718.231064,226,1,1,13,1,13
1765413718.248159,226,1,1,13,1,13
1765413718.265938,227,1,1,13,1,13
1765413718.283136,227,1,1,13,1,13
1765413718.300589,227,1,1,13,1,13
1765413718.316767,228,1,1,13,1,13
1765413718.333960,228,1,1,13,1,13
1765413718.350427,229,1,1,13,1,13
1765413718.365969,229,1,1,13,1,13
1765413718.382487,229,1,1,13,1,13
1765413718.399064,230,1,1,13,1,13
1765413718.416046,230,1,1,13,1,13
1765413718.433422,230,1,1,13,1,13
1765413718.449250,231,1,1,13,1,13
1765413718.465878,231,1,1,13,1,13
1765413718.482058,232,1,1,13,1,13
1765413718.499668,232,1,1,13,1,13
1765413718.515508,232,1,1,13,1,13
1765413718.531824,233,1,1,13,1,13
1765413718.548261,233,1,1,13,1,13
1765413718.565455,234,1,1,13,1,13
1765413718.582612,234,1,1,13,1,13
1765413718.599288,234,1,1,13,1,13
1765413718.616235,235,1,1,13,1,13
1765413718.632912,235,1,1,13,1,13
1765413718.649978,236,1,1,13,1,13
1765413718.667105,236,1,1,13,1,13
1765413718.684213,236,1,1,13,1,13
1765413718.700152,237,1,1,13,1,13
1765413718.717920,237,1,1,13,1,13
1765413718.734735,238,1,1,13,1,13
1765413718.750183,238,1,1,13,1,13
1765413718.767203,238,1,1,13,1,13
1765413718.784185,239,1,1,13,1,13
1765413718.801354,239,1,1,13,1,13
1765413718.817889,240,1,1,13,1,13
1765413718.834612,240,1,1,13,1,13
1765413718.850820,240,1,1,13,1,13
1765413718.866822,241,1,1,13,1,13
1765413718.884019,241,1,1,13,1,13
1765413718.900819,242,1,1,13,1,13
1765413718.918616,242,1,1,13,1,13
1765413718.934513,242,1,1,13,1,13
1765413718.950853,243,1,1,13,1,13
1765413718.967561,243,1,1,13,1,13
1765413718.983325,243,1,1,13,1,13
1765413718.999883,244,1,1,12,1,12
1765413719.016824,244,1,1,12,1,12
1765413719.033989,245,1,1,12,1,12
1765413719.051008,245,1,1,12,1,12
1765413719.067988,245,1,1,12,1,12
1765413719.084870,246,1,1,12,1,12
1765413719.102560,246,1,1,12,1,12
1765413719.119528,247,1,1,12,1,12
1765413719.135138,247,1,1,12,1,12
1765413719.152085,247,1,1,12,1,12
1765413719.169691,248,1,1,12,1,12
1765413719.185229,248,1,1,12,1,12
1765413719.201536,249,1,1,12,1,12
1765413719.217336,249,1,1,12,1,12
1765413719.234281,249,1,1,12,1,12
1765413719.250309,250,1,1,12,1,12
1765413719.267787,250,1,1,12,1,12
1765413719.283072,251,1,1,12,1,12
1765413719.299433,251,1,1,12,1,12
1765413719.315435,251,1,1,12,1,12
1765413719.332236,252,1,1,12,1,12
1765413719.348920,252,1,1,12,1,12
1765413719.365842,253,1,1,12,1,12
1765413719.382807,253,1,1,12,1,12
1765413719.400734,253,1,1,12,1,12
1765413719.417376,254,1,1,12,1,12
1765413719.433630,254,1,1,12,1,12
1765413719.449874,254,1,1,12,1,12
1765413719.467179,255,1,1,12,1,12
1765413719.484327,255,1,1,12,1,12
1765413719.500414,256,1,1,12,1,12
1765413719.517215,256,1,1,12,1,12
1765413719.534570,256,1,1,12,1,12
1765413719.551074,257,1,1,12,1,12
1765413719.568547,257,1,1,12,1,12
1765413719.584234,258,1,1,12,1,12
1765413719.601210,258,1,1,12,1,12
1765413719.618260,258,1,1,12,1,12
1765413719.634850,259,1,1,12,1,12
1765413719.651525,259,1,1,12,1,12
1765413719.667808,260,1,1,12,1,12
1765413719.683934,260,1,1,12,1,12
1765413719.701551,260,1,1,12,1,12
1765413719.718160,261,1,0,12,0,12
1765413719.734876,261,1,0,12,0,12
1765413719.751126,262,1,0,12,0,12
1765413719.767611,262,1,0,12,0,12
1765413719.783501,262,1,0,12,0,12
1765413719.800308,263,1,0,12,0,12
1765413719.816160,263,1,0,12,0,12
1765413719.832376,264,1,0,12,0,12
1765413719.848166,264,1,0,12,0,12
1765413719.864283,264,1,0,12,0,12
1765413719.881007,265,1,0,12,0,12
1765413719.897223,265,1,0,12,0,12
1765413719.913082,265,1,0,12,0,12
1765413719.930426,266,1,0,12,0,12
1765413719.947058,266,1,0,12,0,12
1765413719.964054,267,1,0,12,0,12
1765413719.981502,267,1,0,12,0,12
1765413719.998598,267,1,0,12,0,12
1765413720.014370,268,1,0,12,0,12
1765413720.030633,268,1,0,12,0,12
1765413720.096258,268,1,0,12,0,12
1765413720.130560,270,1,0,12,0,12
1765413720.186510,271,1,0,12,0,12
1765413720.205211,272,1,0,12,0,12
1765413720.222527,272,1,0,12,0,12
1765413720.238636,273,1,0,12,0,12
1765413720.254882,273,1,0,12,0,12
1765413720.271763,273,1,0,12,0,12
1765413720.288229,274,1,0,12,0,12
1765413720.304578,274,1,0,12,0,12
1765413720.320692,274,1,0,12,0,12
1765413720.337047,275,1,0,12,0,12
1765413720.354502,275,1,0,12,0,12
1765413720.370403,276,1,0,13,0,13
1765413720.387260,276,1,0,13,0,13
1765413720.404380,276,1,0,13,0,13
1765413720.420987,277,1,0,13,0,13
1765413720.438758,277,1,0,13,0,13
1765413720.454766,278,1,0,13,0,13
1765413720.471449,278,1,0,13,0,13
1765413720.487627,278,1,0,13,0,13
1765413720.503438,279,1,0,13,0,13
1765413720.520043,279,1,0,13,0,13
1765413720.537180,280,1,0,13,0,13
1765413720.553933,280,1,0,13,0,13
1765413720.570494,280,1,0,13,0,13
1765413720.587024,281,1,0,13,0,13
1765413720.604656,281,1,0,13,0,13
1765413720.621157,282,1,0,13,0,13
1765413720.642724,282,1,0,13,0,13
1765413720.659720,283,1,0,13,0,13
1765413720.675954,283,1,0,13,0,13
1765413720.692259,283,1,0,13,0,13
1765413720.708808,284,1,0,12,0,12
1765413720.724250,284,1,0,12,0,12
1765413720.741130,285,1,0,12,0,12
1765413720.758740,285,1,0,12,0,12
1765413720.774371,285,1,0,12,0,12
1765413720.790102,286,1,0,12,0,12
1765413720.806873,286,1,0,12,0,12
1765413720.823939,286,1,0,12,0,12
1765413720.840338,287,1,0,12,0,12
1765413720.858123,287,1,0,12,0,12
1765413720.874911,288,1,0,12,0,12
1765413720.892513,288,1,0,12,0,12
1765413720.908739,288,1,0,12,0,12
1765413720.924843,289,1,0,12,0,12
1765413720.942414,289,1,0,12,0,12
1765413720.959022,290,1,0,12,0,12
1765413720.977268,290,1,0,12,0,12
1765413720.993451,290,1,0,12,0,12
1765413721.010133,291,1,0,12,0,12
1765413721.027219,291,1,0,12,0,12
1765413721.044089,292,1,0,12,0,12
1765413721.060742,292,1,0,12,0,12
1765413721.077261,292,1,0,12,0,12
1765413721.093857,293,1,0,12,0,12
1765413721.111312,293,1,0,12,0,12
1765413721.127924,294,1,0,12,0,12
1765413721.145453,294,1,0,12,0,12
1765413721.161495,294,1,0,12,0,12
1765413721.177044,295,1,0,12,0,12
1765413721.193599,295,1,0,12,0,12
1765413721.209809,296,1,0,12,0,12
1765413721.226942,296,1,0,12,0,12
1765413721.244120,296,1,0,12,0,12
1765413721.261443,297,1,0,12,0,12
1765413721.278797,297,1,0,12,0,12
1765413721.295968,298,1,0,12,0,12
1765413721.312573,298,1,0,12,0,12
1765413721.329398,298,1,0,12,0,12
1765413721.346070,299,1,0,12,0,12
1765413721.363363,299,1,0,12,0,12
1765413721.379270,300,1,0,12,0,12
1765413721.395933,300,1,0,12,0,12
1765413721.413000,300,1,0,12,0,12
1765413721.430777,301,1,0,12,0,12
1765413721.446900,301,1,0,12,0,12
1765413721.463340,302,1,0,12,0,12
1765413721.480817,302,1,0,12,0,12
1765413721.497514,302,1,0,12,0,12
1765413721.514166,303,1,0,12,0,12
1765413721.531223,303,1,0,12,0,12
1765413721.547265,304,1,0,12,0,12
1765413721.564182,304,1,0,12,0,12
1765413721.581321,304,1,0,12,0,12
1765413721.598035,305,1,0,12,0,12
1765413721.614562,305,1,0,12,0,12
1765413721.632166,306,1,0,11,0,11
1765413721.649117,306,1,0,11,0,11
1765413721.666211,306,1,0,11,0,11
1765413721.682733,307,1,0,11,0,11
1765413721.699429,307,1,0,11,0,11
1765413721.715715,308,1,0,11,0,11
1765413721.731524,308,1,0,11,0,11
1765413721.747818,308,1,0,11,0,11
1765413721.764524,309,1,0,11,0,11
1765413721.780350,309,1,0,11,0,11
1765413721.797611,310,1,0,11,0,11
1765413721.813871,310,1,0,11,0,11
1765413721.830148,310,1,0,11,0,11
1765413721.847215,311,1,0,11,0,11
1765413721.864184,311,1,0,11,0,11
1765413721.879915,312,1,0,11,0,11
1765413721.897213,312,1,0,11,0,11
1765413721.913462,312,1,0,11,0,11
1765413721.930035,313,1,0,11,0,11
1765413721.947308,313,1,0,11,0,11
1765413721.964201,314,1,0,11,0,11
1765413721.980208,314,1,0,11,0,11
1765413721.996524,314,1,0,11,0,11
1765413722.013161,315,1,0,11,0,11
1765413722.029232,315,1,0,11,0,11
1765413722.045217,315,1,0,11,0,11
1765413722.061925,316,1,0,11,0,11
1765413722.079465,316,1,0,11,0,11
1765413722.096053,317,1,0,11,0,11
1765413722.112444,317,1,0,11,0,11
1765413722.129032,317,1,0,11,0,11
1765413722.146071,318,1,0,11,0,11
1765413722.162834,318,1,0,11,0,11
1765413722.179972,319,1,0,11,0,11
1765413722.197223,319,1,0,11,0,11
1765413722.213655,319,1,0,11,0,11
1765413722.229921,320,1,0,11,0,11
1765413722.247500,320,1,0,11,0,11
1765413722.263860,321,1,0,11,0,11
1765413722.280827,321,1,0,11,0,11
1765413722.297395,322,1,0,11,0,11
1765413722.312890,322,1,0,11,0,11
1765413722.329394,322,1,0,11,0,11
1765413722.345684,323,1,0,11,0,11
1765413722.361602,323,1,0,11,0,11
1765413722.378270,324,1,0,11,0,11
1765413722.395080,324,1,0,11,0,11
1765413722.412656,324,1,0,11,0,11
1765413722.427975,325,1,0,11,0,11
1765413722.444929,325,1,0,11,0,11
1765413722.461702,326,1,0,11,0,11
1765413722.478250,326,1,0,11,0,11
1765413722.494832,326,1,0,11,0,11
1765413722.511522,327,1,0,11,0,11
1765413722.527268,327,1,0,11,0,11
1765413722.543353,327,1,0,11,0,11
1765413722.558923,328,1,0,11,0,11
1765413722.576237,328,1,0,11,0,11
1765413722.592225,329,1,0,11,0,11
1765413722.608863,329,1,0,11,0,11
1765413722.626981,329,1,0,11,0,11
1765413722.644188,330,1,0,11,0,11
1765413722.660009,330,1,0,11,0,11
1765413722.677242,331,1,0,11,0,11
1765413722.694578,331,1,0,11,0,11
1765413722.710578,331,1,0,11,0,11
1765413722.726420,332,1,0,11,0,11
1765413722.742626,332,1,0,11,0,11
1765413722.758141,333,1,0,11,0,11
1765413722.774743,333,1,0,11,0,11
1765413722.791568,333,1,0,11,0,11
1765413722.808187,334,1,0,11,0,11
1765413722.824622,334,1,0,11,0,11
1765413722.841040,335,1,0,11,0,11
1765413722.857706,335,1,0,11,0,11
1765413722.875728,335,1,0,11,0,11
1765413722.892099,336,1,0,11,0,11
1765413722.908381,336,1,0,11,0,11
1765413722.924249,337,1,0,11,0,11
1765413722.940660,337,1,0,11,0,11
1765413722.957541,337,1,0,11,0,11
1765413722.974495,338,1,0,11,0,11
1765413722.991258,338,1,0,11,0,11
1765413723.008358,338,1,0,11,0,11
1765413723.025799,339,1,0,11,0,11
1765413723.042589,339,1,0,11,0,11
1765413723.059083,340,1,0,11,0,11
1765413723.075780,340,1,0,11,0,11
1765413723.091298,340,1,0,11,0,11
1765413723.108402,341,1,0,11,0,11
1765413723.124441,341,1,0,11,0,11
1765413723.141235,342,1,0,12,0,12
1765413723.157893,342,1,0,12,0,12
1765413723.173912,342,1,0,12,0,12
1765413723.190533,343,1,0,12,0,12
1765413723.206159,343,1,0,12,0,12
1765413723.222637,344,1,0,12,0,12
1765413723.239787,344,1,0,12,0,12
1765413723.255848,344,1,0,12,0,12
1765413723.273237,345,1,0,12,0,12
1765413723.289573,345,1,0,12,0,12
1765413723.305852,346,1,0,12,0,12
1765413723.323041,346,1,0,12,0,12
1765413723.340243,346,1,0,12,0,12
1765413723.357477,347,1,0,12,0,12
1765413723.374068,347,1,0,12,0,12
1765413723.390371,348,1,0,12,0,12
1765413723.406627,348,1,0,12,0,12
1765413723.422982,348,1,0,12,0,12
1765413723.440245,349,1,0,12,0,12
1765413723.457614,349,1,0,12,0,12
1765413723.474604,350,1,0,12,0,12
1765413723.490696,350,1,0,12,0,12
1765413723.506949,350,1,0,12,0,12
1765413723.524247,351,1,0,12,0,12
1765413723.540469,351,1,0,12,0,12
1765413723.558055,351,1,0,12,0,12
1765413723.575056,352,1,0,12,0,12
1765413723.591817,352,1,0,12,0,12
1765413723.607500,353,1,0,12,0,12
1765413723.623958,353,1,0,12,0,12
1765413723.641167,353,1,0,12,0,12
1765413723.657433,354,1,0,12,0,12
1765413723.673974,354,1,0,12,0,12
1765413723.690206,355,1,0,12,0,12
1765413723.707760,355,1,0,12,0,12
1765413723.724745,355,1,0,12,0,12
1765413723.741177,356,1,0,12,0,12
1765413723.759022,356,1,0,12,0,12
1765413723.775562,357,1,0,11,0,11
1765413723.792155,357,1,0,11,0,11
1765413723.808597,357,1,0,11,0,11
1765413723.825254,358,1,0,11,0,11
1765413723.841552,358,1,0,11,0,11
1765413723.858068,359,1,0,11,0,11
1765413723.875139,359,1,0,11,0,11
1765413723.891417,359,1,0,11,0,11
1765413723.908285,360,1,0,11,0,11
1765413723.924577,360,1,0,11,0,11
1765413723.940424,361,1,0,11,0,11
1765413723.958319,361,1,0,11,0,11
1765413723.975587,361,1,0,11,0,11
1765413723.992308,362,1,0,11,0,11
1765413724.009402,362,1,0,11,0,11
1765413724.025145,363,1,0,11,0,11
1765413724.041574,363,1,0,11,0,11
1765413724.058557,363,1,0,11,0,11
1765413724.075073,364,1,0,11,0,11
1765413724.091789,364,1,0,11,0,11
1765413724.108190,365,1,0,11,0,11
1765413724.124802,365,1,0,11,0,11
1765413724.141460,365,1,0,11,0,11
1765413724.157605,366,1,0,11,0,11
1765413724.173558,366,1,0,11,0,11
1765413724.189616,366,1,0,11,0,11
1765413724.205854,367,1,0,11,0,11
1765413724.222804,367,1,0,11,0,11
1765413724.239546,368,1,0,11,0,11
1765413724.256347,368,1,0,11,0,11
1765413724.272819,368,1,0,11,0,11
1765413724.288338,369,1,0,11,0,11
1765413724.304615,369,1,0,11,0,11
1765413724.320407,370,1,0,11,0,11
1765413724.337186,370,1,0,11,0,11
1765413724.353552,370,1,0,11,0,11
1765413724.370710,371,1,0,11,0,11
1765413724.386582,371,1,0,11,0,11
1765413724.402306,371,1,0,11,0,11
1765413724.418748,372,1,0,11,0,11
1765413724.435421,372,1,0,11,0,11
1765413724.451936,373,1,0,11,0,11
1765413724.468379,373,1,0,11,0,11
1765413724.483945,373,1,0,11,0,11
1765413724.500889,374,1,0,11,0,11
1765413724.518560,374,1,0,11,0,11
1765413724.534988,375,1,0,11,0,11
1765413724.552118,375,1,0,11,0,11
1765413724.569307,375,1,0,11,0,11
1765413724.586376,376,1,0,11,0,11
1765413724.602361,376,1,0,11,0,11
1765413724.618178,377,1,0,11,0,11
1765413724.634990,377,1,0,11,0,11
1765413724.652401,377,1,0,11,0,11
1765413724.668443,378,1,0,11,0,11
1765413724.685018,378,1,0,11,0,11
1765413724.702174,379,1,0,11,0,11
1765413724.719121,379,1,0,11,0,11
1765413724.735626,379,1,0,11,0,11
1765413724.751343,380,1,0,11,0,11
1765413724.768067,380,1,0,11,0,11
1765413724.785516,381,1,0,11,0,11
1765413724.802034,381,1,0,11,0,11
1765413724.819041,381,1,0,11,0,11
1765413724.835853,382,1,0,11,0,11
1765413724.852449,382,1,0,11,0,11
1765413724.868505,383,1,1,11,1,11
1765413724.884238,383,1,1,11,1,11
1765413724.901127,383,1,1,11,1,11
1765413724.917806,384,1,1,11,1,11
1765413724.934144,384,1,1,11,1,11
1765413724.951322,384,1,1,11,1,11
1765413724.967430,385,1,1,11,1,11
1765413724.983732,385,1,1,11,1,11
1765413725.000148,386,1,1,11,1,11
1765413725.017121,386,1,1,11,1,11
1765413725.034102,386,1,1,11,1,11
1765413725.050453,387,1,1,11,1,11
1765413725.066381,387,1,1,11,1,11
1765413725.082844,388,1,1,11,1,11
1765413725.099945,388,1,1,11,1,11
1765413725.117386,388,1,1,11,1,11
1765413725.133770,389,1,1,11,1,11
1765413725.149493,389,1,1,11,1,11
1765413725.165343,390,1,1,11,1,11
1765413725.181785,390,1,1,11,1,11
1765413725.197413,390,1,1,11,1,11
1765413725.214249,391,1,1,11,1,11
1765413725.231040,391,1,1,11,1,11
1765413725.247845,392,1,2,11,2,11
1765413725.264633,392,1,2,11,2,11
1765413725.280483,392,1,2,11,2,11
1765413725.297309,393,1,2,11,2,11
1765413725.313757,393,1,2,11,2,11
1765413725.330971,393,1,2,11,2,11
1765413725.347924,394,1,2,11,2,11
1765413725.365896,394,1,2,11,2,11
1765413725.382770,395,1,2,11,2,11
1765413725.398875,395,1,2,11,2,11
1765413725.416018,396,1,2,11,2,11
1765413725.432694,396,1,2,11,2,11
1765413725.449152,396,1,2,11,2,11
1765413725.466498,397,1,2,11,2,11
1765413725.483032,397,1,2,11,2,11
1765413725.499233,398,1,2,11,2,11
1765413725.515331,398,1,2,11,2,11
1765413725.531747,398,1,2,11,2,11
1765413725.548290,399,1,2,11,2,11
1765413725.564844,399,1,2,11,2,11
1765413725.582506,400,1,2,11,2,11
1765413725.599980,400,1,2,11,2,11
1765413725.617273,400,1,2,11,2,11
1765413725.633469,401,1,2,11,2,11
1765413725.649365,401,1,2,11,2,11
1765413725.665545,402,1,2,11,2,11
1765413725.682418,402,1,2,11,2,11
1765413725.699707,402,1,2,11,2,11
1765413725.716060,403,1,2,11,2,11
1765413725.733246,403,1,2,11,2,11
1765413725.750028,404,1,2,11,2,11
1765413725.767259,404,1,2,11,2,11
1765413725.783903,404,1,2,11,2,11
1765413725.800761,405,1,2,11,2,11
1765413725.817056,405,1,2,11,2,11
1765413725.834214,406,1,2,11,2,11
1765413725.850842,406,1,2,11,2,11
1765413725.868707,406,1,2,11,2,11
1765413725.884675,407,1,2,11,2,11
1765413725.900661,407,1,2,11,2,11
1765413725.917382,408,1,2,11,2,11
1765413725.934581,408,1,2,11,2,11
1765413725.951275,408,1,2,11,2,11
1765413725.967475,409,1,2,11,2,11
1765413725.983530,409,1,2,11,2,11
1765413726.000494,410,1,2,11,2,11
1765413726.017477,410,1,2,11,2,11
1765413726.034347,410,1,2,11,2,11
1765413726.085527,411,1,2,11,2,11
1765413726.103633,411,1,2,11,2,11
1765413726.119730,412,1,2,11,2,11
1765413726.136144,413,1,2,11,2,11
1765413726.152788,413,1,2,11,2,11
1765413726.168469,413,1,2,11,2,11
1765413726.185112,414,1,2,11,2,11
1765413726.201939,414,1,2,11,2,11
1765413726.219024,415,1,2,11,2,11
1765413726.235655,415,1,2,11,2,11
1765413726.252380,415,1,2,11,2,11
1765413726.268878,416,1,2,11,2,11
1765413726.285761,416,1,2,11,2,11
1765413726.301375,417,1,2,11,2,11
1765413726.317048,417,1,2,11,2,11
1765413726.334618,417,1,2,11,2,11
1765413726.350518,418,1,2,11,2,11
1765413726.367360,418,1,2,11,2,11
1765413726.383384,418,1,2,11,2,11
1765413726.400319,419,1,2,11,2,11
1765413726.417295,419,1,2,11,2,11
1765413726.434023,420,1,2,11,2,11
1765413726.451332,420,1,2,11,2,11
1765413726.467856,420,1,2,11,2,11
1765413726.484709,421,1,2,11,2,11
1765413726.500475,421,1,2,11,2,11
1765413726.517096,422,1,2,11,2,11
1765413726.534404,422,1,2,11,2,11
1765413726.551425,422,1,2,11,2,11
1765413726.567179,423,1,1,11,1,11
1765413726.583722,423,1,1,11,1,11
1765413726.600609,424,1,1,11,1,11
1765413726.616704,424,1,1,11,1,11
1765413726.633229,424,1,1,11,1,11
1765413726.650717,425,1,1,11,1,11
1765413726.667233,425,1,1,11,1,11
1765413726.683831,426,1,1,11,1,11
1765413726.699337,426,1,1,11,1,11
1765413726.715824,426,1,1,11,1,11
1765413726.731106,427,1,1,11,1,11
1765413726.747020,427,1,1,11,1,11
1765413726.764203,427,1,1,11,1,11
1765413726.780625,428,1,1,11,1,11
1765413726.796701,428,1,1,11,1,11
1765413726.813021,429,1,1,11,1,11
1765413726.829845,429,1,1,11,1,11
1765413726.847136,430,1,1,11,1,11
1765413726.863394,430,1,1,11,1,11
1765413726.879594,430,1,1,11,1,11
1765413726.896096,431,1,1,11,1,11
1765413726.912519,431,1,1,11,1,11
1765413726.928602,432,1,1,11,1,11
1765413726.945451,432,1,1,11,1,11
1765413726.961858,432,1,1,11,1,11
1765413726.979201,433,1,1,11,1,11
1765413726.996121,433,1,1,11,1,11
1765413727.013359,434,1,1,11,1,11
1765413727.029760,434,1,1,11,1,11
1765413727.047015,434,1,1,11,1,11
1765413727.063154,435,1,1,11,1,11
1765413727.080724,435,1,1,11,1,11
1765413727.097294,436,1,1,11,1,11
1765413727.113881,436,1,1,11,1,11
1765413727.130539,436,1,1,11,1,11
1765413727.147385,437,1,1,11,1,11
1765413727.163836,437,1,1,11,1,11
1765413727.181121,438,1,1,11,1,11
1765413727.198155,438,1,1,11,1,11
1765413727.215446,438,1,1,11,1,11
1765413727.230911,439,1,1,11,1,11
1765413727.248273,439,1,1,11,1,11
1765413727.264590,440,1,0,11,0,11
1765413727.280404,440,1,0,11,0,11
1765413727.296832,440,1,0,11,0,11
1765413727.313441,441,1,0,11,0,11
1765413727.329500,441,1,0,11,0,11
1765413727.346636,442,1,0,11,0,11
1765413727.363249,442,1,0,11,0,11
1765413727.379679,443,1,0,11,0,11
1765413727.396129,443,1,0,11,0,11
1765413727.413663,443,1,0,11,0,11
1765413727.430599,444,1,0,11,0,11
1765413727.447462,444,1,0,11,0,11
1765413727.464725,445,1,0,11,0,11
1765413727.481282,445,1,0,11,0,11
1765413727.497749,445,1,0,11,0,11
1765413727.513659,446,1,0,11,0,11
1765413727.529391,446,1,0,11,0,11
1765413727.545768,446,1,0,11,0,11
1765413727.561933,447,1,0,11,0,11
1765413727.578326,447,1,0,11,0,11
1765413727.594991,448,1,0,11,0,11
1765413727.611828,448,1,0,11,0,11
1765413727.628535,448,1,0,11,0,11
1765413727.645080,449,1,0,11,0,11
1765413727.661898,449,1,0,11,0,11
1765413727.678688,450,1,0,11,0,11
1765413727.694976,450,1,0,11,0,11
1765413727.711085,450,1,0,11,0,11
1765413727.728516,451,1,0,11,0,11
1765413727.744260,451,1,0,11,0,11
1765413727.760721,452,1,0,11,0,11
1765413727.776669,452,1,0,11,0,11
1765413727.793313,452,1,0,11,0,11
1765413727.810057,453,1,0,11,0,11
1765413727.827295,453,1,0,11,0,11
1765413727.844367,454,1,0,11,0,11
1765413727.861957,454,1,0,11,0,11
1765413727.879411,454,1,0,11,0,11
1765413727.895308,455,1,0,11,0,11
1765413727.912167,455,1,0,11,0,11
1765413727.929497,456,1,0,11,0,11
1765413727.945241,456,1,0,11,0,11
1765413727.961488,456,1,0,11,0,11
1765413727.978132,457,1,0,11,0,11
1765413727.994980,457,1,0,11,0,11
1765413728.011779,458,1,0,11,0,11
1765413728.028255,458,1,0,11,0,11
1765413728.044576,458,1,0,11,0,11
1765413728.060294,459,1,0,11,0,11
1765413728.076822,459,1,0,11,0,11
1765413728.092501,459,1,0,11,0,11
1765413728.109357,460,1,0,11,0,11
1765413728.125340,460,1,0,11,0,11
1765413728.141768,461,1,0,11,0,11
1765413728.157226,461,1,0,11,0,11
1765413728.173604,461,1,0,11,0,11
1765413728.189394,462,1,0,11,0,11
1765413728.205398,462,1,0,11,0,11
1765413728.221828,463,1,0,11,0,11
1765413728.237306,463,1,0,11,0,11
1765413728.253518,463,1,0,11,0,11
1765413728.270537,464,1,0,11,0,11
1765413728.287206,464,1,0,11,0,11
1765413728.303911,464,1,0,11,0,11
1765413728.320784,465,1,0,11,0,11
1765413728.336313,465,1,0,11,0,11
1765413728.353585,466,1,0,11,0,11
1765413728.370148,466,1,0,11,0,11
1765413728.386987,466,1,0,11,0,11
1765413728.404236,467,1,0,11,0,11
1765413728.420364,467,1,0,11,0,11
1765413728.437351,468,1,0,12,0,12
1765413728.453558,468,1,0,12,0,12
1765413728.469340,468,1,0,12,0,12
1765413728.486125,469,1,0,12,0,12
1765413728.503238,469,1,0,12,0,12
1765413728.520195,470,1,0,12,0,12
1765413728.536206,470,1,0,12,0,12
1765413728.552662,470,1,0,12,0,12
1765413728.568649,471,1,0,12,0,12
1765413728.584939,471,1,0,12,0,12
1765413728.601721,471,1,0,12,0,12
1765413728.618077,472,1,0,12,0,12
1765413728.634835,472,1,0,12,0,12
1765413728.651224,473,1,0,12,0,12
1765413728.668483,473,1,0,12,0,12
1765413728.684337,473,1,0,12,0,12
1765413728.700571,474,1,0,12,0,12
1765413728.716662,474,1,0,12,0,12
1765413728.733276,475,1,0,12,0,12
1765413728.749851,475,1,0,12,0,12
1765413728.766815,475,1,0,12,0,12
1765413728.782791,476,1,0,12,0,12
1765413728.799125,476,1,0,12,0,12
1765413728.815976,477,1,0,12,0,12
1765413728.833739,477,1,0,12,0,12
1765413728.849802,477,1,0,12,0,12
1765413728.865973,478,1,0,12,0,12
1765413728.883702,478,1,0,12,0,12
1765413728.899636,479,1,0,12,0,12
1765413728.915287,479,1,0,12,0,12
1765413728.932579,479,1,0,12,0,12
1765413728.949906,480,1,0,12,0,12
1765413728.966300,480,1,0,12,0,12
1765413728.983302,480,1,0,12,0,12
1765413728.999510,481,1,0,12,0,12
1765413729.015550,481,1,0,12,0,12
1765413729.031567,482,1,0,12,0,12
1765413729.048381,482,1,0,12,0,12
1765413729.064526,483,1,0,12,0,12
1765413729.081241,483,1,0,12,0,12
1765413729.097630,483,1,0,12,0,12
1765413729.113768,484,1,0,12,0,12
1765413729.129048,484,1,0,12,0,12
1765413729.145706,485,1,0,12,0,12
1765413729.161739,485,1,0,12,0,12
1765413729.177747,485,1,0,12,0,12
1765413729.194105,486,1,0,12,0,12
1765413729.211453,486,1,0,12,0,12
1765413729.228598,487,1,0,12,0,12
1765413729.244308,487,1,0,12,0,12
1765413729.260546,487,1,0,12,0,12
1765413729.276323,488,1,0,12,0,12
1765413729.292243,488,1,0,12,0,12
1765413729.308450,488,1,0,12,0,12
1765413729.325569,489,1,0,12,0,12
1765413729.341776,489,1,0,12,0,12
1765413729.358430,490,1,0,12,0,12
1765413729.375041,490,1,0,12,0,12
1765413729.391752,490,1,0,12,0,12
1765413729.408639,491,1,0,12,0,12
1765413729.425384,491,1,0,12,0,12
1765413729.441829,492,1,1,12,1,12
1765413729.457502,492,1,1,12,1,12
1765413729.473748,492,1,1,12,1,12
1765413729.489290,493,1,1,12,1,12
1765413729.505796,493,1,1,12,1,12
1765413729.521608,494,1,1,12,1,12
1765413729.538353,494,1,1,12,1,12
1765413729.555216,494,1,1,12,1,12
1765413729.571078,495,1,1,12,1,12
1765413729.587444,495,1,1,12,1,12
1765413729.604037,495,1,1,12,1,12
1765413729.620911,496,1,1,12,1,12
1765413729.637868,496,1,1,12,1,12
1765413729.655157,497,1,1,12,1,12
1765413729.671833,497,1,1,12,1,12
1765413729.687809,497,1,1,12,1,12
1765413729.705044,498,1,1,12,1,12
1765413729.722646,498,1,1,12,1,12
1765413729.739249,499,1,1,12,1,12
1765413729.756092,499,1,1,12,1,12
1765413729.773353,499,1,1,12,1,12
1765413729.789502,500,1,1,12,1,12
1765413729.806021,500,1,1,12,1,12
1765413729.822679,501,1,1,12,1,12
1765413729.839202,501,1,1,12,1,12
1765413729.856109,501,1,1,12,1,12
1765413729.872356,502,1,1,12,1,12
1765413729.888840,502,1,1,12,1,12
1765413729.906033,503,1,1,12,1,12
1765413729.922726,503,1,1,12,1,12
1765413729.938319,503,1,1,12,1,12
1765413729.954070,504,1,1,12,1,12
1765413729.971300,504,1,1,12,1,12
1765413729.987900,505,1,1,12,1,12
1765413730.004073,505,1,1,12,1,12
1765413730.021178,505,1,1,12,1,12
1765413730.038019,506,1,1,12,1,12
1765413730.054629,506,1,1,12,1,12
1765413730.071256,507,1,1,12,1,12
1765413730.087779,507,1,1,12,1,12
1765413730.103410,507,1,1,12,1,12
1765413730.119231,508,1,1,13,1,13
1765413730.136194,508,1,1,13,1,13
1765413730.153183,508,1,1,13,1,13
1765413730.169753,509,1,1,13,1,13
1765413730.186750,509,1,1,13,1,13
1765413730.203820,510,1,1,13,1,13
1765413730.220174,510,1,1,13,1,13
1765413730.236310,510,1,1,13,1,13
1765413730.253256,511,1,1,13,1,13
1765413730.269783,511,1,1,13,1,13
1765413730.285436,512,1,1,13,1,13
1765413730.301757,512,1,1,13,1,13
1765413730.318527,512,1,1,13,1,13
1765413730.334751,513,1,1,13,1,13
1765413730.351428,513,1,1,13,1,13
1765413730.367190,514,1,1,13,1,13
1765413730.383909,514,1,1,13,1,13
1765413730.400824,514,1,1,13,1,13
1765413730.418694,515,1,1,13,1,13
1765413730.435283,515,1,1,13,1,13
1765413730.452591,516,1,1,13,1,13
1765413730.469594,516,1,1,13,1,13
1765413730.485276,516,1,1,13,1,13
1765413730.502319,517,1,1,13,1,13
1765413730.519273,517,1,1,13,1,13
1765413730.537353,518,1,1,13,1,13
1765413730.553625,518,1,1,13,1,13
1765413730.569454,518,1,1,13,1,13
1765413730.585912,519,1,1,13,1,13
1765413730.603201,519,1,1,13,1,13
1765413730.620010,520,1,1,13,1,13
1765413730.636548,520,1,1,13,1,13
1765413730.652677,520,1,1,13,1,13
1765413730.668267,521,1,1,13,1,13
1765413730.684786,521,1,1,13,1,13
1765413730.701262,521,1,1,13,1,13
1765413730.718257,522,1,1,13,1,13
1765413730.734980,522,1,1,13,1,13
1765413730.751489,523,1,1,13,1,13
1765413730.768084,523,1,1,13,1,13
1765413730.784488,523,1,1,13,1,13
1765413730.800337,524,1,1,13,1,13
1765413730.816739,524,1,1,13,1,13
1765413730.833201,525,1,1,13,1,13
1765413730.849524,525,1,1,13,1,13
1765413730.865870,525,1,1,13,1,13
1765413730.883303,526,1,2,13,2,13
1765413730.900266,526,1,2,13,2,13
1765413730.917381,527,1,2,13,2,13
1765413730.933723,527,1,2,13,2,13
1765413730.949794,527,1,2,13,2,13
1765413730.965719,528,1,2,13,2,13
1765413730.981444,528,1,2,13,2,13
1765413730.997241,528,1,2,13,2,13
1765413731.014034,529,1,2,13,2,13
1765413731.031069,529,1,2,13,2,13
1765413731.048594,530,1,2,13,2,13
1765413731.065245,530,1,2,13,2,13
1765413731.081703,530,1,2,13,2,13
1765413731.097597,531,1,2,13,2,13
1765413731.113945,531,1,2,13,2,13
1765413731.131381,532,1,2,13,2,13
1765413731.147331,532,1,2,13,2,13
1765413731.164159,532,1,2,13,2,13
1765413731.181402,533,1,2,13,2,13
1765413731.198345,533,1,2,13,2,13
1765413731.214763,534,1,2,13,2,13
1765413731.230711,534,1,2,13,2,13
1765413731.247781,534,1,2,13,2,13
1765413731.264579,535,1,2,13,2,13
1765413731.280787,535,1,2,13,2,13
1765413731.296472,536,1,2,13,2,13
1765413731.312673,536,1,2,13,2,13
1765413731.328661,536,1,2,13,2,13
1765413731.345600,537,1,2,13,2,13
1765413731.361574,537,1,2,13,2,13
1765413731.377883,537,1,2,13,2,13
1765413731.394950,538,1,2,13,2,13
1765413731.412138,538,1,2,13,2,13
1765413731.429458,539,1,2,13,2,13
1765413731.445828,539,1,2,13,2,13
1765413731.462363,539,1,2,13,2,13
1765413731.479062,540,1,2,13,2,13
1765413731.496709,540,1,2,13,2,13
1765413731.513332,541,1,2,13,2,13
1765413731.529731,541,1,2,13,2,13
1765413731.545536,541,1,2,13,2,13
1765413731.563063,542,1,2,13,2,13
1765413731.580275,542,1,2,13,2,13
1765413731.597621,543,1,2,13,2,13
1765413731.614000,543,1,2,13,2,13
1765413731.631111,543,1,2,13,2,13
1765413731.647846,544,1,2,13,2,13
1765413731.664361,544,1,2,13,2,13
1765413731.680799,545,1,2,14,2,14
1765413731.697479,545,1,2,14,2,14
1765413731.713971,545,1,2,14,2,14
1765413731.730451,546,1,2,14,2,14
1765413731.747285,546,1,2,14,2,14
1765413731.763611,547,1,2,14,2,14
1765413731.780128,547,1,2,14,2,14
1765413731.797482,548,1,2,14,2,14
1765413731.813530,548,1,2,14,2,14
1765413731.830171,548,1,2,14,2,14
1765413731.847396,549,1,2,14,2,14
1765413731.864274,549,1,2,14,2,14
1765413731.881148,550,1,2,14,2,14
1765413731.897943,550,1,2,14,2,14
1765413731.915326,550,1,2,14,2,14
1765413731.931636,551,1,2,14,2,14
1765413731.948882,551,1,2,14,2,14
1765413731.965565,552,1,2,14,2,14
1765413731.982026,552,1,2,14,2,14
1765413731.999379,552,1,2,14,2,14
1765413732.015562,553,1,1,14,1,14
1765413732.032212,553,1,1,14,1,14
1765413732.048884,554,1,1,14,1,14
1765413732.065925,554,1,1,14,1,14
1765413732.082619,554,1,1,14,1,14
1765413732.098725,555,1,1,14,1,14
1765413732.114468,555,1,1,14,1,14
1765413732.130610,555,1,1,14,1,14
1765413732.147407,556,1,1,14,1,14
1765413732.163556,556,1,1,14,1,14
1765413732.179372,557,1,1,14,1,14
1765413732.196235,557,1,1,14,1,14
1765413732.213222,557,1,1,14,1,14
1765413732.229759,558,1,1,14,1,14
1765413732.245894,558,1,1,14,1,14
1765413732.262208,559,1,1,14,1,14
1765413732.279063,559,1,1,14,1,14
1765413732.296049,559,1,1,14,1,14
1765413732.313344,560,1,1,14,1,14
1765413732.329889,560,1,1,14,1,14
1765413732.347218,561,1,1,14,1,14
1765413732.363389,561,1,1,14,1,14
1765413732.379660,561,1,1,14,1,14
1765413732.395287,562,1,1,15,1,15
1765413732.412099,562,1,1,15,1,15
1765413732.428478,563,1,1,15,1,15
1765413732.444948,563,1,1,15,1,15
1765413732.461823,563,1,1,15,1,15
1765413732.478256,564,1,1,15,1,15
1765413732.494540,564,1,1,15,1,15
1765413732.511434,564,1,1,15,1,15
1765413732.527323,565,1,1,15,1,15
1765413732.545079,565,1,1,15,1,15
1765413732.562064,566,1,1,15,1,15
1765413732.578472,566,1,1,15,1,15
1765413732.595617,566,1,1,15,1,15
1765413732.611345,567,1,1,15,1,15
1765413732.627917,567,1,1,15,1,15
1765413732.644996,568,1,1,15,1,15
1765413732.662181,568,1,1,15,1,15
1765413732.678214,568,1,1,15,1,15
1765413732.694917,569,1,1,15,1,15
1765413732.711476,569,1,1,15,1,15
1765413732.727499,570,1,1,15,1,15
1765413732.745605,570,1,1,15,1,15
1765413732.762062,570,1,1,15,1,15
1765413732.779526,571,1,1,15,1,15
1765413732.795576,571,1,1,15,1,15
1765413732.811485,572,1,1,15,1,15
1765413732.827132,572,1,1,15,1,15
1765413732.844413,572,1,1,15,1,15
1765413732.860200,573,1,1,15,1,15
1765413732.877561,573,1,1,15,1,15
1765413732.893478,573,1,1,15,1,15
1765413732.909149,574,1,1,15,1,15
1765413732.925885,574,1,1,15,1,15
1765413732.942521,575,1,1,15,1,15
1765413732.958385,575,1,1,15,1,15
1765413732.974719,575,1,1,15,1,15
1765413732.990657,576,1,1,16,1,16
1765413733.007193,576,1,1,16,1,16
1765413733.024576,577,1,1,16,1,16
1765413733.041236,577,1,1,16,1,16
1765413733.058617,577,1,1,16,1,16
1765413733.075676,578,1,1,16,1,16
1765413733.092072,578,1,1,16,1,16
1765413733.108428,579,1,1,16,1,16
1765413733.123954,579,1,1,16,1,16
1765413733.140744,579,1,1,16,1,16
1765413733.156734,580,1,1,16,1,16
1765413733.172432,580,1,1,16,1,16
1765413733.189450,580,1,1,16,1,16
1765413733.205615,581,1,1,16,1,16
1765413733.222140,581,1,1,16,1,16
1765413733.239354,582,1,1,16,1,16
1765413733.254896,582,1,1,16,1,16
1765413733.272610,582,1,1,16,1,16
1765413733.289334,583,1,1,16,1,16
1765413733.306522,583,1,1,16,1,16
1765413733.322747,584,1,1,16,1,16
1765413733.338528,584,1,1,16,1,16
1765413733.355129,584,1,1,16,1,16
1765413733.372091,585,1,1,16,1,16
1765413733.389566,585,1,1,16,1,16
1765413733.405385,586,1,1,16,1,16
1765413733.421871,586,1,1,16,1,16
1765413733.439544,586,1,1,16,1,16
1765413733.455112,587,1,1,16,1,16
1765413733.471562,587,1,1,16,1,16
1765413733.488299,588,1,1,16,1,16
1765413733.504663,588,1,1,16,1,16
1765413733.520336,588,1,1,16,1,16
1765413733.538061,589,1,1,16,1,16
1765413733.554930,589,1,1,16,1,16
1765413733.572754,590,1,1,16,1,16
1765413733.589487,590,1,1,16,1,16
1765413733.604953,590,1,1,16,1,16
1765413733.621918,591,1,1,16,1,16
1765413733.639303,591,1,1,16,1,16
1765413733.656314,592,1,1,16,1,16
1765413733.672683,592,1,1,16,1,16
1765413733.688898,592,1,1,16,1,16
1765413733.706034,593,1,1,16,1,16
1765413733.722797,593,1,1,16,1,16
1765413733.739373,593,1,1,16,1,16
1765413733.756076,594,1,1,16,1,16
1765413733.772186,594,1,1,16,1,16
1765413733.789413,595,1,1,16,1,16
1765413733.805682,595,1,1,16,1,16
1765413733.822616,595,1,1,16,1,16
1765413733.839368,596,1,1,16,1,16
1765413733.855967,596,1,1,16,1,16
1765413733.872117,597,1,1,16,1,16
1765413733.888476,597,1,1,16,1,16
1765413733.904781,597,1,1,16,1,16
1765413733.921873,598,1,1,16,1,16
1765413733.939242,598,1,1,16,1,16
1765413733.956192,599,1,1,16,1,16
1765413733.973080,599,1,1,16,1,16
1765413733.989189,599,1,1,16,1,16
1765413734.006069,600,1,1,16,1,16
1765413734.022798,600,1,1,16,1,16
1765413734.038973,601,1,1,16,1,16
1765413734.055905,601,1,1,16,1,16
1765413734.072194,601,1,1,16,1,16
1765413734.089230,602,1,1,16,1,16
1765413734.106800,602,1,1,16,1,16
1765413734.122982,603,1,1,16,1,16
1765413734.139564,603,1,1,16,1,16
1765413734.155125,603,1,1,16,1,16
1765413734.171511,604,1,1,16,1,16
1765413734.188134,604,1,1,16,1,16
1765413734.205077,605,1,1,16,1,16
1765413734.222692,605,1,1,16,1,16
1765413734.240495,605,1,1,16,1,16
1765413734.256150,606,1,1,16,1,16
1765413734.272665,606,1,1,16,1,16
1765413734.288658,607,1,0,16,0,16
1765413734.304641,607,1,0,16,0,16
1765413734.320094,607,1,0,16,0,16
1765413734.336774,608,1,0,16,0,16
1765413734.353284,608,1,0,16,0,16
1765413734.370217,608,1,0,16,0,16
1765413734.387326,609,1,0,16,0,16
1765413734.403435,609,1,0,16,0,16
1765413734.420196,610,1,0,16,0,16
1765413734.436116,610,1,0,16,0,16
1765413734.454084,610,1,0,16,0,16
1765413734.470932,611,1,0,16,0,16
1765413734.487611,611,1,0,16,0,16
1765413734.503685,612,1,0,16,0,16
1765413734.519434,612,1,0,16,0,16
1765413734.535913,612,1,0,16,0,16
1765413734.553355,613,1,0,16,0,16
1765413734.570618,613,1,0,16,0,16
1765413734.587274,614,1,0,16,0,16
1765413734.604186,614,1,0,16,0,16
1765413734.621056,614,1,0,16,0,16
1765413734.638379,615,1,0,16,0,16
1765413734.654238,615,1,0,16,0,16
1765413734.671789,616,1,0,16,0,16
1765413734.687359,616,1,0,16,0,16
1765413734.704139,616,1,0,16,0,16
1765413734.720820,617,1,0,16,0,16
1765413734.737612,617,1,0,16,0,16
1765413734.753169,618,1,0,16,0,16
1765413734.768954,618,1,0,16,0,16
1765413734.785825,618,1,0,16,0,16
1765413734.802373,619,1,0,16,0,16
1765413734.818412,619,1,0,16,0,16
1765413734.834323,619,1,0,16,0,16
1765413734.850944,620,1,0,16,0,16
1765413734.867653,620,1,0,16,0,16
1765413734.884208,621,1,0,16,0,16
1765413734.901844,621,1,0,16,0,16
1765413734.919066,621,1,0,16,0,16
1765413734.936582,622,1,0,16,0,16
1765413734.952505,622,1,0,16,0,16
1765413734.968682,623,1,0,15,0,15
1765413734.985200,623,1,0,15,0,15
1765413735.001243,623,1,0,15,0,15
1765413735.018246,624,1,0,15,0,15
1765413735.035050,624,1,0,15,0,15
1765413735.051590,625,1,0,15,0,15
1765413735.068158,625,1,0,15,0,15
1765413735.084391,625,1,0,15,0,15
1765413735.100716,626,1,0,15,0,15
1765413735.116575,626,1,0,15,0,15
1765413735.133010,627,1,0,15,0,15
1765413735.149782,627,1,0,15,0,15
1765413735.166160,627,1,0,15,0,15
1765413735.183056,628,1,0,15,0,15
1765413735.202576,628,1,0,15,0,15
1765413735.218016,629,1,0,15,0,15
1765413735.235089,629,1,0,15,0,15
1765413735.251429,629,1,0,15,0,15
1765413735.267522,630,1,0,15,0,15
1765413735.284083,630,1,0,15,0,15
1765413735.300441,631,1,0,15,0,15
1765413735.316451,631,1,0,15,0,15
1765413735.332723,631,1,0,15,0,15
1765413735.350166,632,1,0,15,0,15
1765413735.366613,632,1,0,15,0,15
1765413735.383445,633,1,0,15,0,15
1765413735.399630,633,1,0,15,0,15
1765413735.422710,633,1,0,15,0,15
1765413735.433686,634,1,0,15,0,15
1765413735.448544,634,1,0,15,0,15
1765413735.464929,635,1,0,15,0,15
1765413735.481330,635,1,0,15,0,15
1765413735.498291,635,1,0,15,0,15
1765413735.515097,636,1,0,15,0,15
1765413735.531349,636,1,0,15,0,15
1765413735.547727,637,1,0,15,0,15
1765413735.564772,637,1,0,15,0,15
1765413735.580606,637,1,0,15,0,15
1765413735.597234,638,1,0,15,0,15
1765413735.613240,638,1,0,15,0,15
1765413735.629817,639,1,0,14,0,14
1765413735.645685,639,1,0,14,0,14
1765413735.661416,639,1,0,14,0,14
1765413735.677263,640,1,0,14,0,14
1765413735.693664,640,1,0,14,0,14
1765413735.709741,640,1,0,14,0,14
1765413735.726016,641,1,0,14,0,14
1765413735.742719,641,1,0,14,0,14
1765413735.759405,642,1,0,14,0,14
1765413735.775722,642,1,0,14,0,14
1765413735.791902,642,1,0,14,0,14
1765413735.809249,643,1,0,14,0,14
1765413735.825992,643,1,0,14,0,14
1765413735.842515,644,1,0,14,0,14
1765413735.858423,644,1,0,14,0,14
1765413735.875193,644,1,0,14,0,14
1765413735.891940,645,1,0,14,0,14
1765413735.909058,645,1,0,14,0,14
1765413735.925906,646,1,0,14,0,14
1765413735.942904,646,1,0,14,0,14
1765413735.960509,646,1,0,14,0,14
1765413735.976945,647,1,0,14,0,14
1765413735.993484,647,1,0,14,0,14
1765413736.009474,648,1,0,14,0,14
1765413736.026218,648,1,0,14,0,14
1765413736.043183,648,1,0,14,0,14
1765413736.060614,649,1,0,14,0,14
1765413736.076668,649,1,0,14,0,14
1765413736.093349,650,1,0,14,0,14
1765413736.110478,650,1,0,14,0,14
1765413736.126410,650,1,0,14,0,14
1765413736.142560,651,1,0,13,0,13
1765413736.158840,651,1,0,13,0,13
1765413736.175935,651,1,0,13,0,13
1765413736.192160,652,1,0,13,0,13
1765413736.208974,652,1,0,13,0,13
1765413736.226002,653,1,0,13,0,13
1765413736.243661,653,1,0,13,0,13
1765413736.259230,653,1,0,13,0,13
1765413736.276216,654,1,0,13,0,13
1765413736.293849,654,1,0,13,0,13
1765413736.311679,655,1,0,13,0,13
1765413736.327331,655,1,0,13,0,13
1765413736.343906,655,1,0,13,0,13
1765413736.361176,656,1,0,13,0,13
1765413736.377566,656,1,0,13,0,13
1765413736.393302,657,1,0,13,0,13
1765413736.408941,657,1,0,13,0,13
1765413736.425847,657,1,0,13,0,13
1765413736.443110,658,1,0,13,0,13
1765413736.459496,658,1,0,13,0,13
1765413736.476040,659,1,0,13,0,13
1765413736.492536,659,1,0,13,0,13
1765413736.508465,659,1,0,13,0,13
1765413736.525595,660,1,0,13,0,13
1765413736.541165,660,1,0,13,0,13
1765413736.557802,660,1,0,13,0,13
1765413736.574317,661,1,0,13,0,13
1765413736.591115,661,1,0,13,0,13
1765413736.610444,662,1,0,13,1,13
1765413736.625797,662,1,0,13,1,13
1765413736.641801,662,1,0,13,1,13
1765413736.657516,663,1,1,13,1,13
1765413736.673740,663,1,1,13,1,13
1765413736.689869,664,1,1,13,1,13
1765413736.707401,664,1,1,13,1,13
1765413736.724376,664,1,1,13,1,13
1765413736.740533,665,1,1,13,1,13
1765413736.757887,665,1,1,13,1.204,13
1765413736.774112,666,1,2,13,1.408,13
1765413736.790741,666,1,2,13,1.5999999999999999,13
1765413736.806323,666,1,2,13,1.7919999999999998,13
1765413736.823338,667,1,2,13,1.9839999999999998,13
1765413736.838429,667,1,2,13,2.0,13
1765413736.856054,667,1,2,13,2.0,13
1765413736.872459,668,1,2,13,2.0,13
1765413736.888550,668,1,2,13,2.0,13
1765413736.904427,669,1,2,13,2.0,13
1765413736.920630,669,1,2,13,2.192,13
1765413736.937443,669,1,2,13,2.3960000000000004,13
1765413736.953686,670,1,3,13,2.5880000000000005,13
1765413736.969445,670,1,3,13,2.7800000000000007,13
1765413736.985443,671,1,3,13,2.972000000000001,13
1765413737.001595,671,1,3,13,3.0,13
1765413737.017681,671,1,3,13,3.0,13
1765413737.033335,672,1,3,13,3.0,13
1765413737.049303,672,1,3,13,3.0,13
1765413737.065933,672,1,3,13,3.204,13
1765413737.083217,673,1,4,13,3.4080000000000004,13
1765413737.099533,673,1,4,13,3.6000000000000005,13
1765413737.116459,674,1,4,13,3.8040000000000007,13
1765413737.133988,674,1,4,13,4.0,13
1765413737.150708,674,1,4,13,4.0,13
1765413737.166402,675,1,4,13,4.0,13
1765413737.182804,675,1,4,13,4.0,13
1765413737.198787,676,1,4,13,4.0,13
1765413737.214575,676,1,4,13,4.192,13
1765413737.230713,676,1,4,13,4.384,13
1765413737.247236,677,1,5,13,4.588,13
1765413737.264065,677,1,5,13,4.792,13
1765413737.280770,677,1,5,13,4.984,13
1765413737.296649,678,1,5,13,5.0,13
1765413737.313597,678,1,5,13,5.0,13
1765413737.330977,679,1,5,13,5.0,13
1765413737.347608,679,1,5,13,5.0,13
1765413737.363725,679,1,5,13,5.0,13
1765413737.379434,680,1,5,13,5.192,13
1765413737.395284,680,1,5,13,5.384,13
1765413737.411781,681,1,6,13,5.5760000000000005,13
1765413737.428182,681,1,6,13,5.78,13
1765413737.444755,681,1,6,13,5.972,13
1765413737.461369,682,1,6,13,6.0,13
1765413737.478079,682,1,6,13,6.0,13
1765413737.495256,683,1,6,12,6.204,12.796
1765413737.512531,683,1,6,12,6.4079999999999995,12.591999999999999
1765413737.528063,683,1,6,12,6.6,12.399999999999999
1765413737.545055,684,1,7,12,6.803999999999999,12.195999999999998
1765413737.562745,684,1,7,12,7.0,12.0
1765413737.579593,685,1,7,12,7.0,12.0
1765413737.596370,685,1,7,12,7.0,12.0
1765413737.612334,685,1,7,12,7.0,12.0
1765413737.628401,686,1,7,12,7.0,12.0
1765413737.645478,686,1,7,12,7.0,12.0
1765413737.662742,686,1,7,12,7.192,12.0
1765413737.679165,687,1,8,12,7.408,12.0
1765413737.696027,687,1,8,12,7.612,12.0
1765413737.713307,688,1,8,12,7.816,12.0
1765413737.729692,688,1,8,12,8.0,12.0
1765413737.745611,688,1,8,12,8.0,12.0
1765413737.761949,689,1,8,12,8.0,12.0
1765413737.779073,689,1,8,12,8.0,12.0
1765413737.795973,690,1,8,12,8.0,12.0
1765413737.813001,690,1,8,12,8.204,12.0
1765413737.829866,690,1,8,12,8.408000000000001,12.0
1765413737.845984,691,1,9,12,8.600000000000001,12.0
1765413737.863424,691,1,9,12,8.804000000000002,12.0
1765413737.879315,692,1,9,12,8.996000000000002,12.0
1765413737.895105,692,1,9,12,9.0,12.0
1765413737.911150,692,1,9,12,9.0,12.0
1765413737.928375,693,1,9,12,9.0,12.0
1765413737.945202,693,1,9,12,9.0,12.0
1765413737.961905,694,1,9,12,9.0,12.0
1765413737.978993,694,1,9,12,9.0,12.0
1765413737.995569,694,1,9,12,9.0,12.0
1765413738.011960,695,1,9,12,9.0,12.0
1765413738.029390,695,1,9,12,9.0,12.0
1765413738.046507,696,1,9,12,9.0,12.0
1765413738.062730,696,1,9,12,9.0,12.0
1765413738.079534,696,1,9,12,9.0,12.0
1765413738.095318,697,1,9,12,9.0,12.0
1765413738.112577,697,1,9,12,9.0,12.0
1765413738.129354,698,1,9,12,9.0,12.0
1765413738.146111,698,1,9,12,9.0,12.0
1765413738.162111,698,1,9,12,9.0,12.0
1765413738.179232,699,1,9,12,9.0,12.0
1765413738.196033,699,1,9,12,9.0,12.0
1765413738.212268,699,1,9,12,9.0,12.0
1765413738.228651,700,1,10,12,9.192,12.0
1765413738.244722,700,1,10,12,9.384,12.0
1765413738.261032,701,1,10,12,9.588000000000001,12.0
1765413738.277729,701,1,10,12,9.780000000000001,12.0
1765413738.293939,701,1,10,12,9.984000000000002,12.0
1765413738.310742,702,1,10,12,10.0,12.0
1765413738.327035,702,1,10,12,10.0,12.0
1765413738.343984,703,1,10,12,10.0,12.0
1765413738.360255,703,1,10,12,10.0,12.0
1765413738.377339,703,1,10,12,10.0,12.0
1765413738.393750,704,1,10,12,10.0,12.0
1765413738.410363,704,1,10,12,10.0,12.0
1765413738.426492,705,1,10,12,10.0,12.0
1765413738.442935,705,1,10,12,10.0,12.0
1765413738.460040,706,1,10,12,10.0,12.0
1765413738.477597,706,1,10,12,10.0,12.0
1765413738.493729,706,1,10,12,10.0,12.0
1765413738.510217,707,1,10,12,10.0,12.0
1765413738.526143,707,1,10,12,10.0,12.0
1765413738.542928,708,1,10,12,10.0,12.0
1765413738.559994,708,1,10,12,10.0,12.0
1765413738.575971,708,1,10,12,10.0,12.0
1765413738.593714,709,1,10,12,10.0,12.0
1765413738.610408,709,1,10,12,10.0,12.0
1765413738.627476,710,1,10,12,10.0,12.0
1765413738.643614,710,1,10,12,10.0,12.0
1765413738.660015,710,1,10,12,10.0,12.0
1765413738.677796,711,1,10,12,10.0,12.0
1765413738.693916,711,1,10,12,10.0,12.0
1765413738.710196,712,1,10,12,10.0,12.0
1765413738.726532,712,1,10,12,10.0,12.0
1765413738.743202,712,1,10,12,10.0,12.0
1765413738.760123,713,1,10,12,10.0,12.0
1765413738.776491,713,1,10,12,10.0,12.0
1765413738.792317,713,1,10,12,10.0,12.0
1765413738.808657,714,1,10,12,10.0,12.0
1765413738.825200,714,1,10,12,10.0,12.0
1765413738.841698,715,1,10,12,10.0,12.0
1765413738.857834,715,1,10,12,10.0,12.0
1765413738.873763,715,1,10,12,10.0,12.0
1765413738.890384,716,1,10,12,10.0,12.0
1765413738.907544,716,1,10,12,10.0,12.0
1765413738.923718,717,1,10,12,10.0,12.0
1765413738.939569,717,1,10,12,10.0,12.0
1765413738.955508,717,1,10,12,10.0,12.0
1765413738.971638,718,1,10,12,10.0,12.0
1765413738.988719,718,1,10,12,10.0,12.0
1765413739.004491,718,1,10,12,10.0,12.0
1765413739.021016,719,1,10,12,10.0,12.0
1765413739.037340,719,1,10,12,10.0,12.0
1765413739.052923,720,1,10,12,10.0,12.0
1765413739.069574,720,1,10,12,10.0,12.0
1765413739.086329,720,1,10,12,10.0,12.0
1765413739.102891,721,1,10,12,10.0,12.0
1765413739.119380,721,1,10,12,10.0,12.0
1765413739.137440,722,1,10,12,10.0,12.0
1765413739.153930,722,1,10,12,10.0,12.0
1765413739.171472,722,1,10,12,10.0,12.0
1765413739.188526,723,1,10,12,10.0,12.0
1765413739.204280,723,1,10,12,10.0,12.0
1765413739.220301,724,1,10,12,10.0,12.0
1765413739.236347,724,1,10,12,10.0,12.0
1765413739.252562,724,1,10,12,10.0,12.0
1765413739.268648,725,1,10,12,10.0,12.0
1765413739.284416,725,1,10,12,10.0,12.0
1765413739.300875,726,1,10,12,10.0,12.0
1765413739.317774,726,1,10,12,10.0,12.0
1765413739.334257,726,1,10,12,10.0,12.0
1765413739.351172,727,1,10,12,10.0,12.0
1765413739.367817,727,1,10,12,10.0,12.0
1765413739.383560,727,1,10,12,10.0,12.0
1765413739.399363,728,1,10,12,10.0,12.0
1765413739.415713,728,1,10,12,10.0,12.0
1765413739.431918,729,1,10,12,10.0,12.0
1765413739.449002,729,1,10,12,10.0,12.0
1765413739.466757,729,1,10,12,10.0,12.0
1765413739.483103,730,1,10,12,10.0,12.0
1765413739.499713,730,1,10,12,10.0,12.0
1765413739.515762,731,1,10,12,10.0,12.0
1765413739.531300,731,1,10,12,10.0,12.0
1765413739.547331,731,1,10,12,10.0,12.0
1765413739.563859,732,1,10,12,10.0,12.0
1765413739.580569,732,1,10,12,10.0,12.0
1765413739.596494,733,1,10,12,10.0,12.0
1765413739.613160,733,1,10,12,10.0,12.0
1765413739.630617,733,1,10,12,10.0,12.0
1765413739.647184,734,1,10,12,10.0,12.0
1765413739.663342,734,1,10,12,10.0,12.0
1765413739.679943,735,1,10,12,10.0,12.0
1765413739.697587,735,1,10,12,10.0,12.0
1765413739.714505,735,1,10,12,10.0,12.0
1765413739.731328,736,1,10,11,10.0,11.796
1765413739.747345,736,1,10,11,10.0,11.604
1765413739.764417,737,1,10,11,10.0,11.399999999999999
1765413739.780602,737,1,10,11,10.0,11.207999999999998
1765413739.796631,737,1,10,11,10.0,11.015999999999998
1765413739.812263,738,1,10,11,10.0,11.0
1765413739.828841,738,1,10,11,10.0,11.0
1765413739.845916,738,1,10,11,10.0,11.0
1765413739.863454,739,1,10,11,10.0,11.0
1765413739.879360,739,1,10,11,10.0,11.0
1765413739.896789,740,1,10,11,10.0,11.0
1765413739.912380,740,1,10,11,10.0,11.0
1765413739.929071,740,1,10,11,10.0,11.0
1765413739.945902,741,1,10,11,10.0,11.0
1765413739.962771,741,1,10,11,10.0,11.0
1765413739.979740,742,1,10,11,10.0,11.0
1765413739.997376,742,1,10,11,10.0,11.0
1765413740.014064,742,1,10,11,10.0,11.0
1765413740.031068,743,1,10,11,10.0,11.0
1765413740.047966,743,1,10,11,10.0,11.0
1765413740.065003,744,1,10,11,10.0,11.0
1765413740.082108,744,1,10,11,10.0,11.0
1765413740.098294,744,1,10,11,10.0,11.0
1765413740.114914,745,1,10,11,10.0,11.0
1765413740.132083,745,1,10,11,10.0,11.0
1765413740.148871,746,1,10,11,10.0,11.0
1765413740.164941,746,1,10,11,10.0,11.0
1765413740.182179,746,1,10,11,10.0,11.0
1765413740.199521,747,1,10,11,10.0,11.0
1765413740.215769,747,1,10,11,10.0,11.0
1765413740.232285,748,1,10,11,10.0,11.0
1765413740.249325,748,1,10,11,10.0,11.0
1765413740.265177,748,1,10,11,10.0,11.0
1765413740.282357,749,1,10,10,10.0,10.796
1765413740.299411,749,1,10,10,10.0,10.591999999999999
1765413740.316051,750,1,10,10,10.0,10.387999999999998
1765413740.332924,750,1,10,10,10.0,10.183999999999997
1765413740.350229,750,1,10,10,10.0,10.0
1765413740.367833,751,1,10,10,10.0,10.0
1765413740.384807,751,1,10,10,10.0,10.0
1765413740.401935,752,1,10,10,10.0,10.0
1765413740.418162,752,1,10,10,10.0,10.0
1765413740.435333,752,1,10,10,10.0,10.0
1765413740.452189,753,1,10,10,10.0,10.0
1765413740.468516,753,1,10,10,10.0,10.0
1765413740.484957,754,1,10,10,10.0,10.0
1765413740.501969,754,1,10,10,10.0,10.0
1765413740.518063,754,1,10,10,10.0,10.0
1765413740.534560,755,1,10,10,10.0,10.0
1765413740.551705,755,1,10,10,10.0,10.0
1765413740.567739,756,1,10,10,10.0,10.0
1765413740.583908,756,1,10,10,10.0,10.0
1765413740.600623,756,1,10,10,10.0,10.0
1765413740.616353,757,1,10,10,10.0,10.0
1765413740.632556,757,1,10,10,10.0,10.0
1765413740.648667,757,1,10,10,10.0,10.0
1765413740.664828,758,1,10,10,10.0,10.0
1765413740.680798,758,1,10,10,10.0,10.0
1765413740.697801,759,1,10,10,10.0,10.0
1765413740.714127,759,1,10,10,10.0,10.0
1765413740.731054,759,1,10,10,10.0,10.0
1765413740.747381,760,1,10,10,10.0,10.0
1765413740.763808,760,1,10,10,10.0,10.0
1765413740.779982,761,1,10,10,10.0,10.0
1765413740.797024,761,1,10,10,10.0,10.0
1765413740.814503,761,1,10,10,10.0,10.0
1765413740.829897,762,1,10,10,10.0,10.0
1765413740.845946,762,1,10,10,10.0,10.0
1765413740.863723,763,1,10,10,10.0,10.0
1765413740.880660,763,1,10,10,10.0,10.0
1765413740.897023,763,1,10,10,10.0,10.0
1765413740.913798,764,1,10,10,10.0,10.0
1765413740.929830,764,1,10,10,10.0,10.0
1765413740.945650,765,1,10,10,10.0,10.0
1765413740.961883,765,1,10,10,10.0,10.0
1765413740.978161,765,1,10,10,10.0,10.0
1765413740.995247,766,1,10,10,10.0,10.0
1765413741.012300,766,1,10,10,10.0,10.0
1765413741.028749,767,1,10,10,10.0,10.0
1765413741.044394,767,1,10,10,10.0,10.0
1765413741.061866,767,1,10,10,10.0,10.0
1765413741.079232,768,1,10,10,10.0,10.0
1765413741.095576,768,1,10,10,10.0,10.0
1765413741.112112,768,1,10,10,10.0,10.0
1765413741.128723,769,1,10,10,10.0,10.0
1765413741.145589,769,1,10,10,10.0,10.0
1765413741.162424,770,1,10,10,10.0,10.0
1765413741.178755,770,1,10,10,10.0,10.0
1765413741.194288,770,1,10,10,10.0,10.0
1765413741.210588,771,1,10,10,10.0,10.0
1765413741.227492,771,1,10,10,10.0,10.0
1765413741.244443,772,1,10,10,10.0,10.0
1765413741.261604,772,1,10,10,10.0,10.0
1765413741.277610,773,1,10,10,10.0,10.0
1765413741.293277,773,1,10,10,10.0,10.0
1765413741.309997,773,1,10,10,10.0,10.0
1765413741.326628,774,1,10,10,10.0,10.0
1765413741.342255,774,1,10,10,10.0,10.0
1765413741.359159,775,1,10,10,10.0,10.0
1765413741.376709,775,1,10,10,10.0,10.0
1765413741.393672,775,1,10,10,10.0,10.0
1765413741.410083,776,1,10,10,10.0,10.0
1765413741.427723,776,1,10,10,10.0,10.0
1765413741.444195,777,1,10,10,10.0,10.0
1765413741.461355,777,1,10,10,10.0,10.0
1765413741.477652,777,1,10,10,10.0,10.0
1765413741.494380,778,1,9,10,9.796,10.0
1765413741.511267,778,1,9,10,9.591999999999999,10.0
1765413741.528567,779,1,9,10,9.387999999999998,10.0
1765413741.544713,779,1,9,10,9.195999999999998,10.0
1765413741.560551,779,1,9,10,9.003999999999998,10.0
1765413741.577325,780,1,9,10,9.0,10.0
1765413741.594434,780,1,9,10,9.0,10.0
1765413741.611617,781,1,9,10,9.0,10.0
1765413741.627723,781,1,9,10,9.0,10.0
1765413741.644437,781,1,9,10,9.0,10.0
1765413741.660780,782,1,9,10,9.0,10.0
1765413741.677428,782,1,9,10,9.0,10.0
1765413741.693894,783,1,9,10,9.0,10.0
1765413741.710882,783,1,9,10,9.0,10.0
1765413741.727234,783,1,9,10,9.0,10.0
1765413741.743822,784,1,9,10,9.0,10.0
1765413741.759802,784,1,9,10,9.0,10.0
1765413741.775555,784,1,9,10,9.0,10.0
1765413741.791683,785,1,9,10,9.0,10.0
1765413741.808291,785,1,9,10,9.0,10.0
1765413741.824680,786,1,8,10,8.808,10.0
1765413741.840699,786,1,8,10,8.616,10.0
1765413741.856659,786,1,8,10,8.424,10.0
1765413741.872906,787,1,8,10,8.219999999999999,10.0
1765413741.889514,787,1,8,10,8.027999999999999,10.0
1765413741.905013,788,1,8,10,8.0,10.0
1765413741.921118,788,1,8,10,8.0,10.0
1765413741.937734,788,1,8,10,8.0,10.0
1765413741.953107,789,1,8,10,8.0,10.0
1765413741.969836,789,1,8,10,8.0,10.0
1765413741.987187,789,1,8,10,8.0,10.0
1765413742.003832,790,1,8,10,8.0,10.0
1765413742.019678,790,1,8,10,8.0,10.0
1765413742.035582,791,1,8,10,8.0,10.0
1765413742.052102,791,1,8,10,8.0,10.0
1765413742.068805,791,1,8,10,8.0,10.0
1765413742.085017,792,1,8,10,8.0,10.0
1765413742.102252,792,1,8,10,8.0,10.0
1765413742.120041,793,1,8,10,8.0,10.0
1765413742.137105,793,1,8,10,8.0,10.0
1765413742.154501,793,1,8,10,8.0,10.0
1765413742.170144,794,1,8,10,8.0,10.0
1765413742.187077,794,1,8,10,8.0,10.0
1765413742.204273,795,1,8,10,8.0,10.0
1765413742.220921,795,1,8,10,8.0,10.0
1765413742.237843,795,1,8,10,8.0,10.0
1765413742.256254,796,1,8,10,8.0,10.0
1765413742.272490,796,1,8,10,8.0,10.0
1765413742.289383,797,1,8,10,8.0,10.0
1765413742.306041,797,1,8,10,8.0,10.0
1765413742.322957,797,1,8,10,8.0,10.0
1765413742.340418,798,1,8,10,8.0,10.0
1765413742.357589,798,1,8,10,8.0,10.0
1765413742.373124,799,1,8,10,8.0,10.0
1765413742.388930,799,1,8,10,8.0,10.0
1765413742.406419,799,1,8,10,8.0,10.0
1765413742.422855,800,1,8,10,8.0,10.0
1765413742.439966,800,1,8,10,8.0,10.0
1765413742.457546,801,1,8,10,8.0,10.0
1765413742.473780,801,1,8,10,8.0,10.0
1765413742.489305,801,1,8,10,8.0,10.0
1765413742.506395,802,1,8,10,8.0,10.0
1765413742.522967,802,1,8,10,8.0,10.0
1765413742.538948,803,1,8,10,8.0,10.0
1765413742.556058,803,1,8,10,8.0,10.0
1765413742.572591,803,1,8,10,8.0,10.0
1765413742.589263,804,1,9,10,8.204,10.0
1765413742.605554,804,1,9,10,8.396,10.0
1765413742.621165,804,1,9,10,8.588000000000001,10.0
1765413742.638221,805,1,9,10,8.792000000000002,10.0
1765413742.654475,805,1,9,10,8.984000000000002,10.0
1765413742.670431,805,1,9,10,9.0,10.0
1765413742.687405,806,1,9,10,9.0,10.0
1765413742.703416,806,1,9,10,9.0,10.0
1765413742.719824,807,1,9,10,9.0,10.0
1765413742.736191,807,1,9,10,9.0,10.0
1765413742.753103,807,1,9,10,9.0,10.0
1765413742.770137,808,1,9,10,9.0,10.0
1765413742.786224,808,1,9,10,9.0,10.0
1765413742.803361,809,1,9,10,9.0,10.0
1765413742.820175,809,1,9,10,9.0,10.0
1765413742.837498,809,1,9,10,9.0,10.0
1765413742.853820,810,1,9,10,9.0,10.0
1765413742.870353,810,1,9,10,9.0,10.0
1765413742.886427,811,1,9,10,9.0,10.0
1765413742.903575,811,1,9,10,9.0,10.0
1765413742.919472,811,1,9,10,9.0,10.0
1765413742.935265,812,1,9,10,9.0,10.0
1765413742.951453,812,1,9,10,9.0,10.0
1765413742.967556,812,1,9,10,9.0,10.0
1765413742.983935,813,1,10,10,9.204,10.0
1765413743.001036,813,1,10,10,9.408000000000001,10.0
1765413743.018925,814,1,10,10,9.624,10.0
1765413743.035722,814,1,10,10,9.816,10.0
1765413743.051690,814,1,10,10,10.0,10.0
1765413743.067831,815,1,10,10,10.0,10.0
1765413743.083614,815,1,10,10,10.0,10.0
1765413743.100110,816,1,10,10,10.0,10.0
1765413743.116575,816,1,10,10,10.0,10.0
1765413743.133145,816,1,10,10,10.0,10.0
1765413743.149637,817,1,10,10,10.0,10.0
1765413743.165735,817,1,10,10,10.0,10.0
1765413743.181524,818,1,10,10,10.0,10.0
1765413743.197475,818,1,10,10,10.0,10.0
1765413743.213786,818,1,10,10,10.0,10.0
1765413743.229668,819,1,10,10,10.0,10.0
1765413743.246064,819,1,10,10,10.0,10.0
1765413743.263342,819,1,10,10,10.0,10.0
1765413743.280358,820,1,10,10,10.0,10.0
1765413743.295931,820,1,10,10,10.0,10.0
1765413743.312870,821,1,10,10,10.0,10.0
1765413743.329835,821,1,10,10,10.0,10.0
1765413743.347199,821,1,10,10,10.0,10.0
1765413743.363056,822,1,10,10,10.0,10.0
1765413743.379897,822,1,10,10,10.0,10.0
1765413743.396352,823,1,10,10,10.0,10.0
1765413743.412692,823,1,10,10,10.0,10.0
1765413743.428539,823,1,10,10,10.0,10.0
1765413743.444597,824,1,10,10,10.0,10.0
1765413743.461296,824,1,10,10,10.0,10.0
1765413743.477731,825,1,10,10,10.0,10.0
1765413743.494119,825,1,10,10,10.0,10.0
1765413743.511861,825,1,10,10,10.0,10.0
1765413743.527896,826,1,10,10,10.0,10.0
1765413743.545693,826,1,10,10,10.0,10.0
1765413743.561219,827,1,10,10,10.0,10.0
1765413743.577828,827,1,10,10,10.0,10.0
1765413743.594722,827,1,10,10,10.0,10.0
1765413743.611252,828,1,10,10,10.0,10.0
1765413743.627667,828,1,10,10,10.0,10.0
1765413743.644345,828,1,10,10,10.0,10.0
1765413743.661101,829,1,10,10,10.0,10.0
1765413743.677646,829,1,10,10,10.0,10.0
1765413743.693508,830,1,10,10,10.0,10.0
1765413743.710307,830,1,10,10,10.0,10.0
1765413743.727134,830,1,10,10,10.0,10.0
1765413743.743963,831,1,10,10,10.0,10.0
1765413743.760714,831,1,10,10,10.0,10.0
1765413743.776942,832,1,10,10,10.0,10.0
1765413743.793617,832,1,10,10,10.0,10.0
1765413743.810345,832,1,10,10,10.0,10.0
1765413743.826784,833,1,10,10,10.0,10.0
1765413743.842105,833,1,10,10,10.0,10.0
1765413743.858640,834,1,10,10,10.0,10.0
1765413743.874985,834,1,10,10,10.0,10.0
1765413743.891402,834,1,10,10,10.0,10.0
1765413743.907667,835,1,11,10,10.192,10.0
1765413743.923817,835,1,11,10,10.396,10.0
1765413743.942119,835,1,11,10,10.612,10.0
1765413743.959276,836,1,11,10,10.816,10.0
1765413743.978054,836,1,11,10,11.0,10.0
1765413743.994811,837,1,11,10,11.0,10.0
1765413744.011123,837,1,11,10,11.0,10.0
1765413744.027797,838,1,11,10,11.0,10.0
1765413744.043545,838,1,11,10,11.0,10.0
1765413744.060159,838,1,11,10,11.0,10.0
1765413744.077494,839,1,11,10,11.0,10.0
1765413744.094037,839,1,11,10,11.0,10.0
1765413744.111249,839,1,11,10,11.0,10.0
1765413744.127587,840,1,11,10,11.0,10.0
1765413744.144932,840,1,11,10,11.0,10.0
1765413744.162063,841,1,11,10,11.0,10.0
1765413744.179202,841,1,11,10,11.0,10.0
1765413744.195878,841,1,11,10,11.0,10.0
1765413744.212118,842,1,11,10,11.0,10.0
1765413744.229450,842,1,11,10,11.0,10.0
1765413744.246190,843,1,11,10,11.0,10.0
1765413744.262718,843,1,11,10,11.0,10.0
1765413744.278339,843,1,11,10,11.0,10.0
1765413744.294758,844,1,11,10,11.0,10.0
1765413744.311583,844,1,11,10,11.0,10.0
1765413744.327512,845,1,11,10,11.0,10.0
1765413744.343571,845,1,11,10,11.0,10.0
1765413744.359798,845,1,11,10,11.0,10.0
1765413744.376579,846,1,11,10,11.0,10.0
1765413744.392723,846,1,11,10,11.0,10.0
1765413744.409448,847,1,11,10,11.0,10.0
1765413744.426202,847,1,11,10,11.0,10.0
1765413744.442836,847,1,11,10,11.0,10.0
1765413744.459489,848,1,11,10,11.0,10.0
1765413744.475898,848,1,11,10,11.0,10.0
1765413744.492792,849,1,11,10,11.0,10.0
1765413744.509009,849,1,11,10,11.0,10.0
1765413744.525272,849,1,11,10,11.0,10.0
1765413744.542520,850,1,11,10,11.0,10.0
1765413744.559303,850,1,11,10,11.0,10.0
1765413744.575257,851,1,11,9,11.0,9.808
1765413744.592116,851,1,11,9,11.0,9.604
1765413744.608993,851,1,11,9,11.0,9.399999999999999
1765413744.626341,852,1,11,9,11.0,9.195999999999998
1765413744.643426,852,1,11,9,11.0,9.0
1765413744.660190,853,1,11,9,11.0,9.0
1765413744.676677,853,1,11,9,11.0,9.0
1765413744.692423,853,1,11,9,11.0,9.0
1765413744.708736,854,1,11,9,11.0,9.0
1765413744.724854,854,1,11,9,11.0,9.0
1765413744.741688,854,1,11,9,11.0,9.0
1765413744.757497,855,1,11,9,11.0,9.0
1765413744.774131,855,1,11,9,11.0,9.0
1765413744.790205,856,1,11,9,11.0,9.0
1765413744.807630,856,1,11,9,11.0,9.0
1765413744.824020,856,1,11,9,11.0,9.0
1765413744.841069,857,1,11,9,11.0,9.0
1765413744.857798,857,1,11,9,11.0,9.0
1765413744.873843,858,1,11,9,11.0,9.0
1765413744.891351,858,1,11,9,11.0,9.0
1765413744.907549,858,1,11,9,11.0,9.0
1765413744.924086,859,1,11,9,11.0,9.0
1765413744.941139,859,1,11,9,11.0,9.0
1765413744.957653,860,1,11,9,11.0,9.0
1765413744.974349,860,1,11,9,11.0,9.0
1765413744.990724,860,1,11,9,11.0,9.0
1765413745.007440,861,1,11,9,11.0,9.0
1765413745.023875,861,1,11,9,11.0,9.0
1765413745.040969,862,1,11,9,11.0,9.0
1765413745.057899,862,1,11,9,11.0,9.0
1765413745.074526,862,1,11,9,11.0,9.0
1765413745.091274,863,1,10,9,10.796,9.0
1765413745.107970,863,1,10,9,10.591999999999999,9.0
1765413745.124850,864,1,10,9,10.387999999999998,9.0
1765413745.141448,864,1,10,9,10.195999999999998,9.0
1765413745.157794,864,1,10,9,10.003999999999998,9.0
1765413745.174027,865,1,10,9,10.0,9.0
1765413745.190914,865,1,10,9,10.0,9.0
1765413745.207657,866,1,10,9,10.0,9.0
1765413745.224631,866,1,10,9,10.0,9.0
1765413745.240551,866,1,10,9,10.0,9.0
1765413745.256406,867,1,10,9,10.0,9.0
1765413745.272241,867,1,10,9,10.0,9.0
1765413745.289021,867,1,10,9,10.0,9.0
1765413745.306286,868,1,10,9,10.0,9.0
1765413745.322630,868,1,10,9,10.0,9.0
1765413745.338634,869,1,10,9,10.0,9.0
1765413745.353993,869,1,10,9,10.0,9.0
1765413745.371308,869,1,10,9,10.0,9.0
1765413745.387747,870,1,10,9,10.0,9.0
1765413745.403775,870,1,10,9,10.0,9.0
1765413745.419696,871,1,10,9,10.0,9.0
1765413745.436368,871,1,10,9,10.0,9.0
1765413745.452934,871,1,10,9,10.0,9.0
1765413745.470507,872,1,10,9,10.0,9.0
1765413745.486902,872,1,10,9,10.0,9.0
1765413745.504166,873,1,9,9,9.796,9.0
1765413745.520302,873,1,9,9,9.604,9.0
1765413745.536737,873,1,9,9,9.411999999999999,9.0
1765413745.553509,874,1,9,9,9.207999999999998,9.0
1765413745.569118,874,1,9,9,9.015999999999998,9.0
1765413745.586344,875,1,9,9,9.0,9.0
1765413745.602591,875,1,9,9,9.0,9.0
1765413745.618771,875,1,9,9,9.0,9.0
1765413745.634835,876,1,9,9,9.0,9.0
1765413745.651084,876,1,9,9,9.0,9.0
1765413745.667594,876,1,9,9,9.0,9.0
1765413745.684980,877,1,9,9,9.0,9.0
1765413745.702034,877,1,9,9,9.0,9.0
1765413745.718133,878,1,9,9,9.0,9.0
1765413745.735651,878,1,9,9,9.0,9.0
1765413745.751369,878,1,9,9,9.0,9.0
1765413745.767833,879,1,9,9,9.0,9.0
1765413745.784097,879,1,9,9,9.0,9.0
1765413745.801432,880,1,9,9,9.0,9.0
1765413745.817305,880,1,9,9,9.0,9.0
1765413745.833696,880,1,9,9,9.0,9.0
1765413745.849623,881,1,9,9,9.0,9.0
1765413745.865443,881,1,9,9,9.0,9.0
1765413745.881369,881,1,9,9,9.0,9.0
1765413745.897496,882,1,9,9,9.0,9.0
1765413745.913398,882,1,9,9,9.0,9.0
1765413745.929736,883,1,9,9,9.0,9.0
1765413745.945683,883,1,9,9,9.0,9.0
1765413745.961733,883,1,9,9,9.0,9.0
1765413745.977973,884,1,9,9,9.0,9.0
1765413745.995476,884,1,9,9,9.0,9.0
1765413746.011523,885,1,9,9,9.0,9.0
1765413746.027453,885,1,9,9,9.0,9.0
1765413746.043776,885,1,9,9,9.0,9.0
1765413746.060487,886,1,9,9,9.0,9.0
1765413746.076729,886,1,9,9,9.0,9.0
1765413746.100269,887,1,10,9,9.204,9.0
1765413746.113393,887,1,10,9,9.408000000000001,9.0
1765413746.126473,887,1,10,9,9.600000000000001,9.0
1765413746.142920,888,1,10,9,9.804000000000002,9.0
1765413746.160768,888,1,10,9,10.0,9.0
1765413746.176992,889,1,10,9,10.0,9.0
1765413746.193019,889,1,10,9,10.0,9.0
1765413746.209047,889,1,10,9,10.0,9.0
1765413746.225179,890,1,10,9,10.0,9.0
1765413746.242187,890,1,10,9,10.0,9.0
1765413746.258434,890,1,10,9,10.0,9.0
1765413746.274816,891,1,10,9,10.0,9.0
1765413746.290577,891,1,10,9,10.0,9.0
1765413746.307496,892,1,10,9,10.0,9.0
1765413746.323916,892,1,10,9,10.0,9.0
1765413746.341226,892,1,10,9,10.0,9.0
1765413746.358459,893,1,10,9,10.0,9.0
1765413746.374745,893,1,10,9,10.0,9.0
1765413746.391490,894,1,10,9,10.0,9.0
1765413746.407632,894,1,10,9,10.0,9.0
1765413746.423882,894,1,10,9,10.0,9.0
1765413746.441238,895,1,10,9,10.0,9.0
1765413746.457806,895,1,10,9,10.0,9.0
1765413746.474839,896,1,10,9,10.0,9.0
1765413746.491612,896,1,10,9,10.0,9.0
1765413746.508418,896,1,10,9,10.0,9.0
1765413746.525425,897,1,10,9,10.0,9.0
1765413746.541854,897,1,10,9,10.0,9.0
1765413746.558631,898,1,10,9,10.0,9.0
1765413746.574938,898,1,10,9,10.0,9.0
1765413746.591960,898,1,10,9,10.0,9.0
1765413746.617822,899,1,10,9,10.0,9.0
1765413746.634881,899,1,10,9,10.0,9.0
1765413746.651674,900,1,10,9,10.0,9.0
1765413746.667793,900,1,10,9,10.0,9.0
1765413746.683984,901,1,10,9,10.0,9.0
1765413746.701156,901,1,10,9,10.0,9.0
1765413746.718782,901,1,10,9,10.0,9.0
1765413746.736064,902,1,9,9,9.796,9.0
1765413746.753183,902,1,9,9,9.591999999999999,9.0
1765413746.890090,903,1,9,9,9.0,9.0
1765413746.908399,904,1,9,9,9.0,9.0
1765413746.927791,904,1,9,9,9.0,9.0
1765413746.945006,905,1,9,9,9.0,9.0
1765413746.962785,905,1,9,9,9.0,9.0
1765413746.978565,905,1,9,9,9.0,9.0
1765413746.994698,906,1,9,9,9.0,9.0
1765413747.011252,906,1,9,9,9.0,9.0
1765413747.028392,906,1,9,9,9.0,9.0
1765413747.045012,907,1,9,9,9.0,9.0
1765413747.062443,907,1,9,9,9.0,9.0
1765413747.078971,908,1,9,9,9.0,9.0
1765413747.095373,908,1,9,9,9.0,9.0
1765413747.111557,908,1,9,9,9.0,9.0
1765413747.127765,909,1,9,9,9.0,9.0
1765413747.143943,909,1,9,9,9.0,9.0
1765413747.160247,910,1,9,9,9.0,9.0
1765413747.176835,910,1,9,9,9.0,9.0
1765413747.193850,910,1,9,9,9.0,9.0
1765413747.211815,911,1,9,9,9.0,9.0
1765413747.228225,911,1,9,9,9.0,9.0
1765413747.244987,912,1,9,9,9.0,9.0
1765413747.261731,912,1,9,9,9.0,9.0
1765413747.277267,912,1,9,9,9.0,9.0
1765413747.294300,913,1,9,9,9.0,9.0
1765413747.311061,913,1,9,9,9.0,9.0
1765413747.329187,914,1,9,9,9.0,9.0
1765413747.345554,914,1,9,9,9.0,9.0
1765413747.361253,914,1,9,9,9.0,9.0
1765413747.377931,915,1,9,9,9.0,9.0
1765413747.395259,915,1,9,9,9.0,9.0
1765413747.412049,916,1,9,9,9.0,9.0
1765413747.428541,916,1,9,9,9.0,9.0
1765413747.444323,916,1,9,9,9.0,9.0
1765413747.461593,917,1,9,9,9.0,9.0
1765413747.478286,917,1,9,9,9.0,9.0
1765413747.495076,917,1,9,9,9.0,9.0
1765413747.512277,918,1,10,9,9.204,9.0
1765413747.528576,918,1,10,9,9.396,9.0
1765413747.544743,919,1,10,9,9.588000000000001,9.0
1765413747.560293,919,1,10,9,9.780000000000001,9.0
1765413747.577788,920,1,10,9,9.984000000000002,9.0
1765413747.593275,920,1,10,9,10.0,9.0
1765413747.609881,920,1,10,9,10.0,9.0
1765413747.626475,921,1,10,9,10.0,9.0
1765413747.643163,921,1,10,9,10.0,9.0
1765413747.659536,922,1,10,9,10.0,9.0
1765413747.675587,922,1,10,9,10.0,9.0
1765413747.691478,922,1,10,9,10.0,9.0
1765413747.707760,923,1,10,9,10.0,9.0
1765413747.724353,923,1,10,9,10.0,9.0
1765413747.740882,923,1,10,9,10.0,9.0
1765413747.757699,924,1,10,9,10.0,9.0
1765413747.773781,924,1,10,9,10.0,9.0
1765413747.791393,925,1,10,9,10.0,9.0
1765413747.807815,925,1,10,9,10.0,9.0
1765413747.824141,925,1,10,9,10.0,9.0
1765413747.841246,926,1,10,9,10.0,9.0
1765413747.857552,926,1,10,9,10.0,9.0
1765413747.873959,927,1,10,9,10.0,9.0
1765413747.891622,927,1,10,9,10.0,9.0
1765413747.907983,927,1,10,9,10.0,9.0
1765413747.925385,928,1,11,9,10.204,9.0
1765413747.941367,928,1,11,9,10.396,9.0
1765413747.958586,929,1,11,9,10.600000000000001,9.0
1765413747.974956,929,1,11,9,10.804000000000002,9.0
1765413747.992508,929,1,11,9,11.0,9.0
1765413748.009158,930,1,11,9,11.0,9.0
1765413748.025982,930,1,11,9,11.0,9.0
1765413748.042512,931,1,11,9,11.0,9.0
1765413748.058986,931,1,11,9,11.0,9.0
1765413748.075874,931,1,11,9,11.0,9.0
1765413748.092912,932,1,11,9,11.0,9.0
1765413748.109943,932,1,11,9,11.0,9.0
1765413748.127023,933,1,11,9,11.0,9.0
1765413748.143690,933,1,11,9,11.0,9.0
1765413748.160310,933,1,11,9,11.0,9.0
1765413748.177742,934,1,11,9,11.0,9.0
1765413748.193945,934,1,11,9,11.0,9.0
1765413748.210808,935,1,11,9,11.0,9.0
1765413748.226958,935,1,11,9,11.0,9.0
1765413748.244086,935,1,11,9,11.0,9.0
1765413748.260482,936,1,11,9,11.0,9.0
1765413748.277556,936,1,11,9,11.0,9.0
1765413748.294070,936,1,11,9,11.0,9.0
1765413748.311862,937,1,11,9,11.0,9.0
1765413748.328466,937,1,11,9,11.0,9.0
1765413748.344076,938,1,11,9,11.0,9.0
1765413748.360823,938,1,11,9,11.0,9.0
1765413748.378252,938,1,11,9,11.0,9.0
1765413748.395315,939,1,11,9,11.0,9.0
1765413748.411797,939,1,11,9,11.0,9.0
1765413748.428563,940,1,11,9,11.0,9.0
1765413748.444607,940,1,11,9,11.0,9.0
1765413748.461412,940,1,11,9,11.0,9.0
1765413748.478604,941,1,11,9,11.0,9.0
1765413748.495142,941,1,11,9,11.0,9.0
1765413748.511023,942,1,11,9,11.0,9.0
1765413748.527987,942,1,11,9,11.0,9.0
1765413748.545145,942,1,11,9,11.0,9.0
1765413748.562281,943,1,11,9,11.0,9.0
1765413748.579165,943,1,11,9,11.0,9.0
1765413748.595658,944,1,11,9,11.0,9.0
1765413748.611841,944,1,11,9,11.0,9.0
1765413748.629136,944,1,11,9,11.0,9.0
1765413748.645642,945,1,11,9,11.0,9.0
1765413748.662466,945,1,11,9,11.0,9.0
1765413748.678766,946,1,11,9,11.0,9.0
1765413748.695406,946,1,11,9,11.0,9.0
1765413748.711642,946,1,11,9,11.0,9.0
1765413748.727656,947,1,11,9,11.0,9.0
1765413748.743991,947,1,11,9,11.0,9.0
1765413748.760692,948,1,11,9,11.0,9.0
1765413748.776890,948,1,11,9,11.0,9.0
1765413748.794038,949,1,11,9,11.0,9.0
1765413748.811616,949,1,11,9,11.0,9.0
1765413748.827911,949,1,11,9,11.0,9.0
1765413748.845063,950,1,11,9,11.0,9.0
1765413748.861975,950,1,11,9,11.0,9.0
1765413748.878898,951,1,11,9,11.0,9.0
1765413748.895853,951,1,11,9,11.0,9.0
1765413748.912908,951,1,11,9,11.0,9.0
1765413748.929268,952,1,11,9,11.0,9.0
1765413748.945199,952,1,11,9,11.0,9.0
1765413748.962057,953,1,11,9,11.0,9.0
1765413748.978993,953,1,11,9,11.0,9.0
1765413748.995160,953,1,11,9,11.0,9.0
1765413749.012496,954,1,11,9,11.0,9.0
1765413749.028693,954,1,11,9,11.0,9.0
1765413749.045576,954,1,11,9,11.0,9.0
1765413749.062389,955,1,11,9,11.0,9.0
1765413749.078451,955,1,11,9,11.0,9.0
1765413749.093989,956,1,11,9,11.0,9.0
1765413749.111489,956,1,11,9,11.0,9.0
1765413749.127509,956,1,11,9,11.0,9.0
1765413749.143822,957,1,11,9,11.0,9.0
1765413749.159651,957,1,11,9,11.0,9.0
1765413749.175841,958,1,11,10,11.0,9.204
1765413749.192504,958,1,11,10,11.0,9.396
1765413749.208843,958,1,11,10,11.0,9.600000000000001
1765413749.225592,959,1,11,10,11.0,9.792000000000002
1765413749.242341,959,1,11,10,11.0,9.996000000000002
1765413749.258969,960,1,11,10,11.0,10.0
1765413749.277226,960,1,11,10,11.0,10.0
1765413749.294004,960,1,11,10,11.0,10.0
1765413749.311062,961,1,11,10,11.0,10.0
1765413749.328136,961,1,11,10,11.0,10.0
1765413749.344977,962,1,11,10,11.0,10.0
1765413749.362614,962,1,11,10,11.0,10.0
1765413749.378479,962,1,11,10,11.0,10.0
1765413749.394163,963,1,11,10,11.0,10.0
1765413749.411191,963,1,11,10,11.0,10.0
1765413749.427768,964,1,11,10,11.0,10.0
1765413749.443881,964,1,11,10,11.0,10.0
1765413749.461509,964,1,11,10,11.0,10.0
1765413749.478013,965,1,11,10,11.0,10.0
1765413749.495167,965,1,11,10,11.0,10.0
1765413749.512334,966,1,11,10,11.0,10.0
1765413749.528866,966,1,11,10,11.0,10.0
1765413749.545829,966,1,11,10,11.0,10.0
1765413749.561583,967,1,11,10,11.0,10.0
1765413749.577645,967,1,11,10,11.0,10.0
1765413749.594606,968,1,11,10,11.0,10.0
1765413749.610308,968,1,11,10,11.0,10.0
1765413749.627649,968,1,11,10,11.0,10.0
1765413749.643854,969,1,11,10,11.0,10.0
1765413749.660117,969,1,11,10,11.0,10.0
1765413749.676660,969,1,11,10,11.0,10.0
1765413749.693718,970,1,11,10,11.0,10.0
1765413749.710052,970,1,11,10,11.0,10.0
1765413749.727729,971,1,11,10,11.0,10.0
1765413749.745138,971,1,11,10,11.0,10.0
1765413749.762495,971,1,11,10,11.0,10.0
1765413749.779058,972,1,11,10,11.0,10.0
1765413749.795430,972,1,11,10,11.0,10.0
1765413749.811705,973,1,11,10,11.0,10.0
1765413749.827038,973,1,11,10,11.0,10.0
1765413749.844119,973,1,11,10,11.0,10.0
1765413749.860811,974,1,11,10,11.0,10.0
1765413749.877714,974,1,11,10,11.0,10.0
1765413749.893625,975,1,10,10,10.808,10.0
1765413749.909901,975,1,10,10,10.604,10.0
1765413749.927039,975,1,10,10,10.399999999999999,10.0
1765413749.943931,976,1,10,10,10.195999999999998,10.0
1765413749.960682,976,1,10,10,10.003999999999998,10.0
1765413749.976290,977,1,10,10,10.0,10.0
1765413749.994009,977,1,10,10,10.0,10.0
1765413750.010166,977,1,10,10,10.0,10.0
1765413750.027865,978,1,10,10,10.0,10.0
1765413750.045437,978,1,10,10,10.0,10.0
1765413750.061137,979,1,10,10,10.0,10.0
1765413750.078192,979,1,10,10,10.0,10.0
1765413750.094922,979,1,10,10,10.0,10.0
1765413750.113034,980,1,10,10,10.0,10.0
1765413750.130336,980,1,10,10,10.0,10.0
1765413750.146538,981,1,10,10,10.0,10.0
1765413750.163190,981,1,10,10,10.0,10.0
1765413750.180067,981,1,10,10,10.0,10.0
1765413750.197570,982,1,10,10,10.0,10.0
1765413750.213760,982,1,10,10,10.0,10.0
1765413750.230253,983,1,10,10,10.0,10.0
1765413750.246954,983,1,10,10,10.0,10.0
1765413750.263813,983,1,10,10,10.0,10.0
1765413750.279937,984,1,10,10,10.0,10.0
1765413750.297199,984,1,10,10,10.0,10.0
1765413750.314604,985,1,10,10,10.0,10.0
1765413750.330781,985,1,10,10,10.0,10.0
1765413750.346873,985,1,10,10,10.0,10.0
1765413750.364243,986,1,10,10,10.0,10.0
1765413750.381193,986,1,10,10,10.0,10.0
1765413750.397592,987,1,10,10,10.0,10.0
1765413750.414510,987,1,10,10,10.0,10.0
1765413750.430756,987,1,10,10,10.0,10.0
1765413750.446200,988,1,10,10,10.0,10.0
1765413750.463841,988,1,10,10,10.0,10.0
1765413750.481278,989,1,10,10,10.0,10.0
1765413750.498031,989,1,10,10,10.0,10.0
1765413750.514604,989,1,10,10,10.0,10.0
1765413750.531207,990,1,10,11,10.0,10.204
1765413750.547939,990,1,10,11,10.0,10.408000000000001
1765413750.564973,991,1,10,11,10.0,10.612000000000002
1765413750.582259,991,1,10,11,10.0,10.816000000000003
1765413750.598066,991,1,10,11,10.0,11.0
1765413750.614602,992,1,10,11,10.0,11.0
1765413750.630518,992,1,10,11,10.0,11.0
1765413750.646570,993,1,10,11,10.0,11.0
1765413750.662061,993,1,10,11,10.0,11.0
1765413750.679497,993,1,10,11,10.0,11.0
1765413750.695424,994,1,10,11,10.0,11.0
1765413750.711756,994,1,10,11,10.0,11.0
1765413750.727584,994,1,10,11,10.0,11.0
1765413750.743884,995,1,10,11,10.0,11.0
1765413750.760893,995,1,10,11,10.0,11.0
1765413750.777398,996,1,10,11,10.0,11.0
1765413750.794441,996,1,10,11,10.0,11.0
1765413750.810791,996,1,10,11,10.0,11.0
1765413750.826746,997,1,10,11,10.0,11.0
1765413750.843161,997,1,10,11,10.0,11.0
1765413750.860562,998,1,10,11,10.0,11.0
1765413750.876623,998,1,10,11,10.0,11.0
1765413750.892875,998,1,10,11,10.0,11.0
1765413750.910403,999,1,10,11,10.0,11.0
1765413750.927874,999,1,10,11,10.0,11.0
1765413750.945132,1000,1,10,11,10.0,11.0
1765413750.961845,1000,1,10,11,10.0,11.0
1765413750.979016,1000,1,10,11,10.0,11.0
1765413750.996273,1001,1,10,11,10.0,11.0
1765413751.013550,1001,1,10,11,10.0,11.0
1765413751.030262,1002,1,10,11,10.0,11.0
1765413751.047466,1002,1,10,11,10.0,11.0
1765413751.064630,1002,1,10,11,10.0,11.0
1765413751.080132,1003,1,10,11,10.0,11.0
1765413751.096978,1003,1,10,11,10.0,11.0
1765413751.113933,1004,1,10,11,10.0,11.0
1765413751.131158,1004,1,10,11,10.0,11.0
1765413751.147996,1004,1,10,11,10.0,11.0
1765413751.165089,1005,1,10,11,10.0,11.0
1765413751.181889,1005,1,10,11,10.0,11.0
1765413751.198740,1006,1,10,11,10.0,11.0
1765413751.214590,1006,1,10,11,10.0,11.0
1765413751.230259,1006,1,10,11,10.0,11.0
1765413751.247044,1007,1,10,11,10.0,11.0
1765413751.264483,1007,1,10,11,10.0,11.0
1765413751.280695,1008,1,10,11,10.0,11.0
1765413751.296478,1008,1,10,11,10.0,11.0
1765413751.312498,1008,1,10,11,10.0,11.0
1765413751.329345,1009,1,10,11,10.0,11.0
1765413751.345632,1009,1,10,11,10.0,11.0
1765413751.361895,1009,1,10,11,10.0,11.0
1765413751.379071,1010,1,10,11,10.0,11.0
1765413751.395991,1010,1,10,11,10.0,11.0
1765413751.413106,1011,1,10,11,10.0,11.0
1765413751.429402,1011,1,10,11,10.0,11.0
1765413751.445465,1011,1,10,11,10.0,11.0
1765413751.462557,1012,1,10,11,10.0,11.0
1765413751.478612,1012,1,10,11,10.0,11.0
1765413751.494663,1013,1,10,11,10.0,11.0
1765413751.511412,1013,1,10,11,10.0,11.0
1765413751.528124,1013,1,10,11,10.0,11.0
1765413751.544464,1014,1,10,11,10.0,11.0
1765413751.561083,1014,1,10,11,10.0,11.0
1765413751.579938,1015,1,10,11,10.0,11.0
1765413751.596980,1015,1,10,11,10.0,11.0
1765413751.614652,1015,1,10,11,10.0,11.0
1765413751.631812,1016,1,10,11,10.0,11.0
1765413751.648915,1016,1,10,11,10.0,11.0
1765413751.666517,1017,1,10,11,10.0,11.0
1765413751.682789,1017,1,10,11,10.0,11.0
1765413751.699178,1017,1,10,11,10.0,11.0
1765413751.715259,1018,1,10,11,10.0,11.0
1765413751.731487,1018,1,10,11,10.0,11.0
1765413751.747772,1019,1,10,11,10.0,11.0
1765413751.763864,1019,1,10,11,10.0,11.0
1765413751.780710,1019,1,10,11,10.0,11.0
1765413751.797594,1020,1,10,11,10.0,11.0
1765413751.813689,1020,1,10,11,10.0,11.0
1765413751.830434,1020,1,10,11,10.0,11.0
1765413751.847031,1021,1,10,11,10.0,11.0
1765413751.863789,1021,1,10,11,10.0,11.0
1765413751.879722,1022,1,10,11,10.0,11.0
1765413751.895475,1022,1,10,11,10.0,11.0
1765413751.910995,1022,1,10,11,10.0,11.0
1765413751.928174,1023,1,10,11,10.0,11.0
1765413751.944761,1023,1,10,11,10.0,11.0
1765413751.960435,1024,1,10,11,10.0,11.0
1765413751.977844,1024,1,10,11,10.0,11.0
1765413751.995484,1024,1,10,11,10.0,11.0
1765413752.011917,1025,1,10,11,10.0,11.0
1765413752.028620,1025,1,10,11,10.0,11.0
1765413752.044271,1025,1,10,11,10.0,11.0
1765413752.063131,1026,1,10,10,10.0,10.772
1765413752.080243,1026,1,10,10,10.0,10.568
1765413752.096880,1027,1,10,10,10.0,10.363999999999999
1765413752.113866,1027,1,10,10,10.0,10.159999999999998
1765413752.131163,1028,1,10,10,10.0,10.0
1765413752.147775,1028,1,10,10,10.0,10.0
1765413752.163938,1028,1,10,10,10.0,10.0
1765413752.182417,1029,1,10,10,10.0,10.0
1765413752.198450,1029,1,10,10,10.0,10.0
1765413752.214131,1030,1,10,10,10.0,10.0
1765413752.230663,1030,1,10,10,10.0,10.0
1765413752.246621,1030,1,10,10,10.0,10.0
1765413752.262529,1031,1,10,10,10.0,10.0
1765413752.278269,1031,1,10,10,10.0,10.0
1765413752.295684,1031,1,10,10,10.0,10.0
1765413752.312011,1032,1,10,10,10.0,10.0
1765413752.329036,1032,1,10,10,10.0,10.0
1765413752.345071,1033,1,10,10,10.0,10.0
1765413752.362162,1033,1,10,10,10.0,10.0
1765413752.378766,1033,1,10,10,10.0,10.0
1765413752.394527,1034,1,10,10,10.0,10.0
1765413752.411012,1034,1,10,10,10.0,10.0
1765413752.427890,1035,1,10,10,10.0,10.0
1765413752.445200,1035,1,10,10,10.0,10.0
1765413752.461927,1035,1,10,10,10.0,10.0
1765413752.479475,1036,1,10,10,10.0,10.0
1765413752.495437,1036,1,10,10,10.0,10.0
1765413752.511119,1037,1,10,10,10.0,10.0
1765413752.528088,1037,1,10,10,10.0,10.0
1765413752.544326,1037,1,10,10,10.0,10.0
1765413752.560245,1038,1,10,10,10.0,10.0
1765413752.576955,1038,1,10,10,10.0,10.0
1765413752.594507,1039,1,10,10,10.0,10.0
1765413752.610695,1039,1,10,10,10.0,10.0
1765413752.627598,1039,1,10,10,10.0,10.0
1765413752.644249,1040,1,10,10,10.0,10.0
1765413752.660182,1040,1,10,10,10.0,10.0
1765413752.677433,1040,1,10,10,10.0,10.0
1765413752.693774,1041,1,10,10,10.0,10.0
1765413752.709621,1041,1,10,10,10.0,10.0
1765413752.726556,1042,1,11,10,10.204,10.0
1765413752.742281,1042,1,11,10,10.396,10.0
1765413752.758512,1042,1,11,10,10.588000000000001,10.0
1765413752.775074,1043,1,11,10,10.792000000000002,10.0
1765413752.791551,1043,1,11,10,10.984000000000002,10.0
1765413752.807661,1044,1,11,10,11.0,10.0
1765413752.823018,1044,1,11,10,11.0,10.0
1765413752.839801,1044,1,11,10,11.0,10.0
1765413752.855310,1045,1,11,10,11.0,10.0
1765413752.871369,1045,1,11,10,11.0,10.0
1765413752.888129,1045,1,11,10,11.0,10.0
1765413752.904835,1046,1,11,10,11.0,10.0
1765413752.922175,1046,1,11,10,11.0,10.0
1765413752.938942,1047,1,11,10,11.0,10.0
1765413752.955980,1047,1,11,10,11.0,10.0
1765413752.973828,1047,1,11,10,11.0,10.0
1765413752.989667,1048,1,11,10,11.0,10.0
1765413753.006937,1048,1,11,10,11.0,10.0
1765413753.024918,1049,1,11,10,11.0,10.0
1765413753.042300,1049,1,11,10,11.0,10.0
1765413753.059674,1050,1,11,10,11.0,10.0
1765413753.075886,1050,1,11,10,11.0,10.0
1765413753.092624,1050,1,11,10,11.0,10.0
1765413753.108869,1051,1,11,10,11.0,10.0
1765413753.126120,1051,1,11,10,11.0,10.0
1765413753.143049,1052,1,11,11,11.0,10.204
1765413753.159855,1052,1,11,11,11.0,10.408000000000001
1765413753.176755,1052,1,11,11,11.0,10.600000000000001
1765413753.192027,1053,1,11,11,11.0,10.792000000000002
1765413753.208528,1053,1,11,11,11.0,10.984000000000002
1765413753.224539,1053,1,11,11,11.0,11.0
1765413753.240808,1054,1,11,11,11.0,11.0
1765413753.256478,1054,1,11,11,11.0,11.0
1765413753.272683,1055,1,11,11,11.0,11.0
1765413753.288414,1055,1,11,11,11.0,11.0
1765413753.304761,1055,1,11,11,11.0,11.0
1765413753.320807,1056,1,11,11,11.0,11.0
1765413753.337780,1056,1,11,11,11.0,11.0
1765413753.354303,1057,1,11,11,11.0,11.0
1765413753.370232,1057,1,11,11,11.0,11.0
1765413753.387819,1057,1,11,11,11.0,11.0
1765413753.404491,1058,1,11,11,11.0,11.0
1765413753.421604,1058,1,11,11,11.0,11.0
1765413753.437936,1059,1,11,11,11.0,11.0
1765413753.454921,1059,1,11,11,11.0,11.0
1765413753.472264,1059,1,11,11,11.0,11.0
1765413753.489322,1060,1,11,11,11.0,11.0
1765413753.505368,1060,1,11,11,11.0,11.0
1765413753.521337,1061,1,10,11,10.808,11.0
1765413753.537985,1061,1,10,11,10.604,11.0
1765413753.555010,1061,1,10,11,10.399999999999999,11.0
1765413753.572841,1062,1,10,11,10.184,11.0
1765413753.589650,1062,1,10,11,10.0,11.0
1765413753.606024,1063,1,10,11,10.0,11.0
1765413753.622389,1063,1,10,11,10.0,11.0
1765413753.638871,1063,1,10,11,10.0,11.0
1765413753.656007,1064,1,10,11,10.0,11.0
1765413753.672812,1064,1,10,11,10.0,11.0
1765413753.689527,1065,1,10,11,10.0,11.0
1765413753.705696,1065,1,10,11,10.0,11.0
1765413753.721379,1065,1,10,11,10.0,11.0
1765413753.738470,1066,1,10,11,10.0,11.0
1765413753.754865,1066,1,10,11,10.0,11.0
1765413753.771749,1066,1,10,11,10.0,11.0
1765413753.787895,1067,1,10,11,10.0,11.0
1765413753.804637,1067,1,10,11,10.0,11.0
1765413753.820971,1068,1,10,11,10.0,11.0
1765413753.838643,1068,1,10,11,10.0,11.0
1765413753.854943,1068,1,10,11,10.0,11.0
1765413753.872685,1069,1,10,11,10.0,11.0
1765413753.888870,1069,1,10,11,10.0,11.0
1765413753.905262,1070,1,10,11,10.0,11.0
1765413753.923188,1070,1,10,11,10.0,11.0
1765413753.939782,1070,1,10,11,10.0,11.0
1765413753.956091,1071,1,10,11,10.0,11.0
1765413753.972955,1071,1,10,11,10.0,11.0
1765413753.990569,1072,1,10,11,10.0,11.0
1765413754.006166,1072,1,10,11,10.0,11.0
1765413754.023009,1072,1,10,11,10.0,11.0
1765413754.039418,1073,1,10,11,10.0,11.0
1765413754.055873,1073,1,10,11,10.0,11.0
1765413754.072579,1074,1,10,11,10.0,11.0
1765413754.088421,1074,1,10,11,10.0,11.0
1765413754.104737,1074,1,10,11,10.0,11.0
1765413754.121047,1075,1,10,11,10.0,11.0
1765413754.138476,1075,1,10,11,10.0,11.0
1765413754.155059,1076,1,10,11,10.0,11.0
1765413754.171909,1076,1,10,11,10.0,11.0
1765413754.189448,1076,1,10,11,10.0,11.0
1765413754.206488,1077,1,10,11,10.0,11.0
1765413754.223736,1077,1,10,11,10.0,11.0
1765413754.239530,1078,1,10,11,10.0,11.0
1765413754.255191,1078,1,10,11,10.0,11.0
1765413754.272009,1078,1,10,11,10.0,11.0
1765413754.288186,1079,1,10,11,10.0,11.0
1765413754.304410,1079,1,10,11,10.0,11.0
1765413754.321018,1079,1,10,11,10.0,11.0
1765413754.338434,1080,1,10,11,10.0,11.0
1765413754.354465,1080,1,10,11,10.0,11.0
1765413754.371417,1081,1,10,11,10.0,11.0
1765413754.388061,1081,1,10,11,10.0,11.0
1765413754.404959,1081,1,10,11,10.0,11.0
1765413754.422434,1082,1,10,11,10.0,11.0
1765413754.439029,1082,1,10,11,10.0,11.0
1765413754.456327,1083,1,10,11,10.0,11.0
1765413754.473118,1083,1,10,11,10.0,11.0
1765413754.490469,1083,1,10,11,10.0,11.0
1765413754.506557,1084,1,10,11,10.0,11.0
1765413754.522563,1084,1,10,11,10.0,11.0
1765413754.538767,1085,1,10,11,10.0,11.0
1765413754.555141,1085,1,10,11,10.0,11.0
1765413754.571850,1085,1,10,11,10.0,11.0
1765413754.589339,1086,1,10,11,10.0,11.0
1765413754.605799,1086,1,10,11,10.0,11.0
1765413754.621519,1087,1,9,11,9.808,11.0
1765413754.637393,1087,1,9,11,9.616,11.0
1765413754.653863,1087,1,9,11,9.411999999999999,11.0
1765413754.670530,1088,1,9,11,9.219999999999999,11.0
1765413754.688092,1088,1,9,11,9.004,11.0
1765413754.736187,1089,1,9,11,9.0,11.0
1765413754.753251,1089,1,9,11,9.0,11.0
1765413754.769327,1090,1,9,11,9.0,11.0
1765413754.785517,1090,1,9,11,9.0,11.0
1765413754.802114,1090,1,9,11,9.0,11.0
1765413754.819607,1091,1,9,11,9.0,11.0
1765413754.835050,1091,1,9,11,9.0,11.0
1765413754.851473,1092,1,9,11,9.0,11.0
1765413754.868112,1092,1,9,11,9.0,11.0
1765413754.885253,1092,1,9,11,9.0,11.0
1765413754.901368,1093,1,9,11,9.0,11.0
1765413754.918144,1093,1,9,11,9.0,11.0
1765413754.934731,1094,1,9,11,9.0,11.0
1765413754.950700,1094,1,9,11,9.0,11.0
1765413754.966392,1094,1,9,11,9.0,11.0
1765413754.983458,1095,1,9,11,9.0,11.0
1765413754.999523,1095,1,9,11,9.0,11.0
1765413755.015609,1095,1,9,11,9.0,11.0
1765413755.031358,1096,1,9,11,9.0,11.0
1765413755.047518,1096,1,9,11,9.0,11.0
1765413755.063704,1097,1,9,11,9.0,11.0
1765413755.080280,1097,1,9,11,9.0,11.0
1765413755.096686,1097,1,9,11,9.0,11.0
1765413755.112549,1098,1,9,11,9.0,11.0
1765413755.128183,1098,1,9,11,9.0,11.0
1765413755.144863,1099,1,9,11,9.0,11.0
1765413755.161521,1099,1,9,11,9.0,11.0
1765413755.178635,1099,1,9,11,9.0,11.0
1765413755.195007,1100,1,9,11,9.0,11.0
1765413755.211388,1100,1,9,11,9.0,11.0
1765413755.228047,1101,1,9,11,9.0,11.0
1765413755.245632,1101,1,9,11,9.0,11.0
1765413755.261287,1101,1,9,11,9.0,11.0
1765413755.277534,1102,1,9,11,9.0,11.0
1765413755.294263,1102,1,9,11,9.0,11.0
1765413755.311625,1103,1,9,11,9.0,11.0
1765413755.328109,1103,1,9,11,9.0,11.0
1765413755.344556,1103,1,9,11,9.0,11.0
1765413755.360202,1104,1,9,11,9.0,11.0
1765413755.376513,1104,1,9,11,9.0,11.0
1765413755.393288,1104,1,9,11,9.0,11.0
1765413755.410607,1105,1,9,11,9.0,11.0
1765413755.426269,1105,1,9,11,9.0,11.0
1765413755.443024,1106,1,9,11,9.0,11.0
1765413755.459515,1106,1,9,11,9.0,11.0
1765413755.475532,1106,1,9,11,9.0,11.0
1765413755.491410,1107,1,9,11,9.0,11.0
1765413755.508537,1107,1,9,11,9.0,11.0
1765413755.524493,1108,1,9,11,9.0,11.0
1765413755.540896,1108,1,9,11,9.0,11.0
1765413755.557967,1108,1,9,11,9.0,11.0
1765413755.574696,1109,1,9,11,9.0,11.0
1765413755.590268,1109,1,9,11,9.0,11.0
1765413755.606965,1109,1,9,11,9.0,11.0
1765413755.623261,1110,1,9,11,9.0,11.0
1765413755.639128,1110,1,9,11,9.0,11.0
1765413755.656018,1111,1,9,11,9.0,11.0
1765413755.672769,1111,1,9,11,9.0,11.0
1765413755.689298,1111,1,9,11,9.0,11.0
1765413755.706384,1112,1,9,11,9.0,11.0
1765413755.722692,1112,1,9,11,9.0,11.0
1765413755.739110,1113,1,9,11,9.0,11.0
1765413755.756011,1113,1,9,11,9.0,11.0
1765413755.772404,1113,1,9,11,9.0,11.0
1765413755.789537,1114,1,9,11,9.0,11.0
1765413755.806180,1114,1,9,11,9.0,11.0
1765413755.822673,1115,1,9,11,9.0,11.0
1765413755.838888,1115,1,9,11,9.0,11.0
1765413755.856071,1115,1,9,11,9.0,11.0
1765413755.873401,1116,1,9,11,9.0,11.0
1765413755.889471,1116,1,9,11,9.0,11.0
1765413755.905388,1117,1,9,11,9.0,11.0
1765413755.921992,1117,1,9,11,9.0,11.0
1765413755.939151,1117,1,9,11,9.0,11.0
1765413755.956049,1118,1,9,11,9.0,11.0
1765413755.972752,1118,1,9,11,9.0,11.0
1765413755.988730,1119,1,9,11,9.0,11.0
1765413756.005345,1119,1,9,11,9.0,11.0
1765413756.022431,1119,1,9,11,9.0,11.0
1765413756.039336,1120,1,9,11,9.0,11.0
1765413756.056085,1120,1,9,11,9.0,11.0
1765413756.072157,1121,1,9,11,9.0,11.0
1765413756.089504,1121,1,9,11,9.0,11.0
1765413756.105029,1121,1,9,11,9.0,11.0
1765413756.122015,1122,1,9,11,9.0,11.0
1765413756.138897,1122,1,9,11,9.0,11.0
1765413756.156308,1123,1,9,12,9.0,11.204
1765413756.172992,1123,1,9,12,9.0,11.408000000000001
1765413756.190521,1124,1,9,12,9.0,11.612000000000002
1765413756.206114,1124,1,9,12,9.0,11.804000000000002
1765413756.222607,1124,1,9,12,9.0,11.996000000000002
1765413756.238928,1124,1,9,12,9.0,12.0
1765413756.256213,1125,1,9,12,9.0,12.0
1765413756.272364,1125,1,9,12,9.0,12.0
1765413756.289029,1126,1,9,12,9.0,12.0
1765413756.305467,1126,1,9,12,9.0,12.0
1765413756.321211,1127,1,9,12,9.0,12.0
1765413756.337909,1127,1,9,12,9.0,12.0
1765413756.355084,1127,1,9,12,9.0,12.0
1765413756.372078,1128,1,9,12,9.0,12.0
1765413756.389217,1128,1,9,12,9.0,12.0
1765413756.406369,1129,1,9,12,9.0,12.0
1765413756.422893,1129,1,9,12,9.0,12.0
1765413756.440841,1129,1,9,12,9.0,12.0
1765413756.457909,1130,1,9,12,9.0,12.0
1765413756.474760,1130,1,9,12,9.0,12.0
1765413756.490599,1131,1,9,12,9.0,12.0
1765413756.507630,1131,1,9,12,9.0,12.0
1765413756.523900,1131,1,9,12,9.0,12.0
1765413756.541581,1132,1,9,12,9.0,12.0
1765413756.558081,1132,1,9,12,9.0,12.0
1765413756.574769,1133,1,9,12,9.0,12.0
1765413756.590611,1133,1,9,12,9.0,12.0
1765413756.607940,1133,1,9,12,9.0,12.0
1765413756.625349,1134,1,9,12,9.0,12.0
1765413756.642152,1134,1,9,12,9.0,12.0
1765413756.658939,1135,1,9,12,9.0,12.0
1765413756.676105,1135,1,9,12,9.0,12.0
1765413756.693533,1135,1,9,12,9.0,12.0
1765413756.710460,1136,1,9,12,9.0,12.0
1765413756.726568,1136,1,9,12,9.0,12.0
1765413756.743249,1137,1,9,12,9.0,12.0
1765413756.759912,1137,1,9,12,9.0,12.0
1765413756.776504,1137,1,9,12,9.0,12.0
1765413756.792671,1138,1,9,12,9.0,12.0
1765413756.809406,1138,1,9,12,9.0,12.0
1765413756.825100,1139,1,9,12,9.0,12.0
1765413756.842160,1139,1,9,12,9.0,12.0
1765413756.858398,1139,1,9,12,9.0,12.0
1765413756.874368,1140,1,9,12,9.0,12.0
1765413756.890439,1140,1,9,12,9.0,12.0
1765413756.907879,1140,1,9,12,9.0,12.0
1765413756.925312,1141,1,9,12,9.0,12.0
1765413756.942748,1141,1,9,12,9.0,12.0
1765413756.958598,1142,1,9,12,9.0,12.0
1765413756.974297,1142,1,9,12,9.0,12.0
1765413756.991486,1142,1,9,12,9.0,12.0
1765413757.008225,1143,1,9,12,9.0,12.0
1765413757.024389,1143,1,9,12,9.0,12.0
1765413757.040718,1144,1,9,12,9.0,12.0
1765413757.056393,1144,1,9,12,9.0,12.0
1765413757.072275,1144,1,9,12,9.0,12.0
1765413757.089338,1145,1,9,12,9.0,12.0
1765413757.106975,1145,1,9,12,9.0,12.0
1765413757.123942,1146,1,9,12,9.0,12.0
1765413757.140955,1146,1,9,12,9.0,12.0
1765413757.157328,1146,1,9,12,9.0,12.0
1765413757.174368,1147,1,9,12,9.0,12.0
1765413757.190065,1147,1,9,12,9.0,12.0
1765413757.206786,1148,1,9,12,9.0,12.0
1765413757.222869,1148,1,9,12,9.0,12.0
1765413757.239783,1148,1,9,12,9.0,12.0
1765413757.256142,1149,1,9,12,9.0,12.0
1765413757.272936,1149,1,9,12,9.0,12.0
1765413757.289278,1149,1,9,12,9.0,12.0
1765413757.305886,1150,1,9,12,9.0,12.0
1765413757.322939,1150,1,9,12,9.0,12.0
1765413757.339030,1151,1,9,12,9.0,12.0
1765413757.355221,1151,1,9,12,9.0,12.0
1765413757.372655,1151,1,9,12,9.0,12.0
1765413757.389419,1152,1,9,12,9.0,12.0
1765413757.406054,1152,1,9,12,9.0,12.0
1765413757.422730,1153,1,8,12,8.808,12.0
1765413757.438272,1153,1,8,12,8.616,12.0
1765413757.454932,1153,1,8,12,8.411999999999999,12.0
1765413757.471708,1154,1,8,12,8.219999999999999,12.0
1765413757.487978,1154,1,8,12,8.015999999999998,12.0
1765413757.505368,1155,1,8,12,8.0,12.0
1765413757.521321,1155,1,8,12,8.0,12.0
1765413757.537557,1155,1,8,12,8.0,12.0
1765413757.554517,1156,1,8,12,8.0,12.0
1765413757.570951,1156,1,8,12,8.0,12.0
1765413757.587790,1157,1,8,12,8.0,12.0
1765413757.603875,1157,1,8,12,8.0,12.0
1765413757.621165,1157,1,8,12,8.0,12.0
1765413757.638536,1158,1,8,12,8.0,12.0
1765413757.656079,1158,1,8,12,8.0,12.0
1765413757.672805,1159,1,8,12,8.0,12.0
1765413757.689049,1159,1,8,12,8.0,12.0
1765413757.705034,1159,1,8,12,8.0,12.0
1765413757.721612,1160,1,8,12,8.0,12.0
1765413757.738092,1160,1,8,12,8.0,12.0
1765413757.755613,1161,1,8,12,8.0,12.0
1765413757.772071,1161,1,8,12,8.0,12.0
1765413757.789398,1161,1,8,12,8.0,12.0
1765413757.806134,1162,1,8,12,8.0,12.0
1765413757.822904,1162,1,8,12,8.0,12.0
1765413757.839860,1163,1,8,12,8.0,12.0
1765413757.857457,1163,1,8,12,8.0,12.0
1765413757.874152,1163,1,8,12,8.0,12.0
1765413757.891587,1164,1,8,12,8.0,12.0
1765413757.907965,1164,1,8,12,8.0,12.0
1765413757.925241,1165,1,8,12,8.0,12.0
1765413757.941551,1165,1,8,12,8.0,12.0
1765413757.958603,1165,1,8,12,8.0,12.0
1765413757.975547,1166,1,8,12,8.0,12.0
1765413757.991622,1166,1,8,12,8.0,12.0
1765413758.008124,1167,1,8,12,8.0,12.0
1765413758.025020,1167,1,8,12,8.0,12.0
1765413758.041939,1167,1,8,12,8.0,12.0
1765413758.058548,1168,1,8,12,8.0,12.0
1765413758.075216,1168,1,8,12,8.0,12.0
1765413758.092742,1169,1,8,12,8.0,12.0
1765413758.109493,1169,1,8,12,8.0,12.0
1765413758.126035,1169,1,8,12,8.0,12.0
1765413758.143784,1170,1,8,12,8.0,12.0
1765413758.160012,1170,1,8,12,8.0,12.0
1765413758.177336,1171,1,8,12,8.0,12.0
1765413758.194685,1171,1,8,12,8.0,12.0
1765413758.210461,1171,1,8,12,8.0,12.0
1765413758.227652,1172,1,8,13,8.0,12.204
1765413758.243340,1172,1,8,13,8.0,12.396
1765413758.259857,1173,1,8,13,8.0,12.600000000000001
1765413758.276776,1173,1,8,13,8.0,12.792000000000002
1765413758.293101,1173,1,8,13,8.0,12.996000000000002
1765413758.310019,1174,1,8,13,8.0,13.0
1765413758.326615,1174,1,8,13,8.0,13.0
1765413758.342664,1174,1,8,13,8.0,13.0
1765413758.358496,1175,1,8,13,8.0,13.0
1765413758.375626,1175,1,8,13,8.0,13.0
1765413758.391808,1176,1,8,13,8.0,13.0
1765413758.407796,1176,1,8,13,8.0,13.0
1765413758.422993,1176,1,8,13,8.0,13.0
1765413758.440622,1177,1,8,13,8.0,13.0
1765413758.456275,1177,1,8,13,8.0,13.0
1765413758.473228,1177,1,8,13,8.0,13.0
1765413758.490503,1178,1,8,13,8.0,13.0
1765413758.506502,1178,1,8,13,8.0,13.0
1765413758.522634,1179,1,8,13,8.0,13.0
1765413758.538200,1179,1,8,13,8.0,13.0
1765413758.555093,1179,1,8,13,8.0,13.0
1765413758.570963,1180,1,8,13,8.0,13.0
1765413758.588047,1180,1,8,13,8.0,13.0
1765413758.604043,1181,1,8,13,8.0,13.0
1765413758.621198,1181,1,8,13,8.0,13.0
1765413758.638166,1181,1,8,13,8.0,13.0
1765413758.654509,1182,1,8,13,8.0,13.0
1765413758.671357,1182,1,8,13,8.0,13.0
1765413758.687866,1183,1,8,14,8.0,13.204
1765413758.705427,1183,1,8,14,8.0,13.408000000000001
1765413758.721292,1183,1,8,14,8.0,13.600000000000001
1765413758.737127,1184,1,8,14,8.0,13.792000000000002
1765413758.754667,1184,1,8,14,8.0,13.996000000000002
1765413758.770507,1185,1,8,14,8.0,14.0
1765413758.786624,1185,1,8,14,8.0,14.0
1765413758.802821,1185,1,8,14,8.0,14.0
1765413758.819568,1186,1,8,14,8.0,14.0
1765413758.835783,1186,1,8,14,8.0,14.0
1765413758.852215,1186,1,8,14,8.0,14.0
1765413758.869065,1187,1,8,14,8.0,14.0
1765413758.886449,1187,1,8,14,8.0,14.0
1765413758.902687,1188,1,8,14,8.0,14.0
1765413758.919310,1188,1,8,14,8.0,14.0
1765413758.935926,1188,1,8,14,8.0,14.0
1765413758.953176,1189,1,8,14,8.0,14.0
1765413758.970435,1189,1,8,14,8.0,14.0
1765413758.987000,1190,1,8,14,8.0,14.0
1765413759.003765,1190,1,8,14,8.0,14.0
1765413759.020006,1190,1,8,14,8.0,14.0
1765413759.037112,1191,1,8,14,8.0,14.0
1765413759.053497,1191,1,8,14,8.0,14.0
1765413759.069556,1192,1,7,14,7.808,14.0
1765413759.086253,1192,1,7,14,7.604,14.0
1765413759.102368,1192,1,7,14,7.412,14.0
1765413759.119016,1193,1,7,14,7.208,14.0
1765413759.136114,1193,1,7,14,7.0040000000000004,14.0
1765413759.152650,1194,1,7,14,7.0,14.0
1765413759.169154,1194,1,7,14,7.0,14.0
1765413759.185882,1194,1,7,14,7.0,14.0
1765413759.202855,1195,1,7,14,7.0,14.0
1765413759.219906,1195,1,7,14,7.0,14.0
1765413759.236848,1196,1,7,14,7.0,14.0
1765413759.253304,1196,1,7,14,7.0,14.0
1765413759.269278,1196,1,7,14,7.0,14.0
1765413759.285692,1197,1,7,14,7.0,14.0
1765413759.302085,1197,1,7,14,7.0,14.0
1765413759.318699,1197,1,7,14,7.0,14.0
1765413759.334287,1198,1,7,14,7.0,14.0
1765413759.351720,1198,1,7,14,7.0,14.0
1765413759.368227,1199,1,7,14,7.0,14.0
1765413759.385003,1199,1,7,14,7.0,14.0
1765413759.402853,1199,1,7,14,7.0,14.0
1765413759.419909,1200,1,7,14,7.0,14.0
1765413759.436983,1200,1,7,14,7.0,14.0
1765413759.453175,1201,1,7,14,7.0,14.0
1765413759.469746,1201,1,7,14,7.0,14.0
1765413759.485478,1201,1,7,14,7.0,14.0
1765413759.501805,1202,1,7,14,7.0,14.0
1765413759.517137,1202,1,7,14,7.0,14.0
1765413759.533288,1203,1,7,14,7.0,14.0
1765413759.550798,1203,1,7,14,7.0,14.0
1765413759.567987,1203,1,7,14,7.0,14.0
1765413759.585213,1204,1,7,14,7.0,14.0
1765413759.601849,1204,1,7,14,7.0,14.0
1765413759.618821,1205,1,7,14,7.0,14.0
1765413759.634895,1205,1,7,14,7.0,14.0
1765413759.651517,1205,1,7,14,7.0,14.0
1765413759.668085,1205,1,7,14,7.0,14.0
1765413759.685552,1205,1,7,14,7.0,14.0
1765413759.702734,1205,1,7,14,7.0,14.0
1765413759.719305,1205,1,7,14,7.0,14.0
1765413759.735712,1205,1,7,14,7.0,14.0
1765413759.752185,1205,1,7,14,7.0,14.0
1765413759.769178,1205,1,7,14,7.0,14.0
1765413759.786250,1205,1,7,14,7.0,14.0
1765413759.802049,1205,1,7,14,7.0,14.0
1765413759.818566,1205,1,7,14,7.0,14.0
1765413759.834876,1205,1,7,14,7.0,14.0
1765413759.852183,1205,1,7,14,7.0,14.0
1765413759.869262,1205,1,7,14,7.0,14.0
1765413759.886142,1205,1,7,14,7.0,14.0
1765413759.903422,1205,1,7,14,7.0,14.0
1765413759.919579,1205,1,7,14,7.0,14.0
1765413759.935564,1205,1,7,14,7.0,14.0
1765413759.951051,1205,1,7,14,7.0,14.0
1765413759.967849,1205,1,7,14,7.0,14.0
1765413759.985134,1205,1,7,14,7.0,14.0
1765413760.001433,1205,1,7,14,7.0,14.0
1765413760.017938,1205,1,7,14,7.0,14.0
1765413760.035328,1205,1,7,14,7.0,14.0
1765413760.051614,1205,1,7,14,7.0,14.0
1765413760.068203,1205,1,7,14,7.0,14.0
1765413760.084298,1205,1,7,14,7.0,14.0
1765413760.100590,1205,1,7,14,7.0,14.0
1765413760.116711,1205,1,7,14,7.0,14.0
1765413760.133281,1205,1,7,14,7.0,14.0
1765413760.150414,1205,1,7,14,7.0,14.0
1765413760.167185,1205,1,7,14,7.0,14.0
1765413760.183697,1205,1,7,14,7.0,14.0
1765413760.200015,1205,1,7,14,7.0,14.0
1765413760.216331,1205,1,7,14,7.0,14.0
1765413760.233369,1205,1,7,14,7.0,14.0
1765413760.250271,1205,1,7,14,7.0,14.0
1765413760.266956,1205,1,7,14,7.0,14.0
1765413760.283848,1205,1,7,14,7.0,14.0
1765413760.301523,1205,1,7,14,7.0,14.0
1765413760.318029,1205,1,7,14,7.0,14.0
1765413760.335015,1205,1,7,14,7.0,14.0
1765413760.352386,1205,1,7,14,7.0,14.0
1765413760.368278,1205,1,7,14,7.0,14.0
1765413760.385195,1205,1,7,14,7.0,14.0
1765413760.402335,1205,1,7,14,7.0,14.0
1765413760.418823,1205,1,7,14,7.0,14.0
1765413760.434749,1205,1,7,14,7.0,14.0
1765413760.450613,1205,1,7,14,7.0,14.0
1765413760.467215,1205,1,7,14,7.0,14.0
1765413760.483705,1205,1,7,14,7.0,14.0
1765413760.499444,1205,1,7,14,7.0,14.0
1765413760.515918,1205,1,7,14,7.0,14.0
1765413760.532570,1205,1,7,14,7.0,14.0
1765413760.549639,1205,1,7,14,7.0,14.0
1765413760.566588,1205,1,7,14,7.0,14.0
1765413760.582461,1205,1,7,14,7.0,14.0
1765413760.598805,1205,1,7,14,7.0,14.0
1765413760.614509,1205,1,7,14,7.0,14.0
1765413760.630933,1205,1,7,14,7.0,14.0
1765413760.648072,1205,1,7,14,7.0,14.0
1765413760.664955,1205,1,7,14,7.0,14.0
1765413760.682201,1205,1,7,14,7.0,14.0
1765413760.698610,1205,1,7,14,7.0,14.0
1765413760.714823,1205,1,7,14,7.0,14.0
1765413760.731543,1205,1,7,14,7.0,14.0
1765413760.747831,1205,1,7,14,7.0,14.0
1765413760.764923,1205,1,7,14,7.0,14.0
1765413760.782807,1205,1,7,14,7.0,14.0
1765413760.799267,1205,1,7,14,7.0,14.0
1765413760.815337,1205,1,7,14,7.0,14.0
1765413760.833201,1205,1,7,14,7.0,14.0
1765413760.849444,1205,1,7,14,7.0,14.0
1765413760.866612,1205,1,7,14,7.0,14.0
1765413760.882956,1205,1,7,14,7.0,14.0
1765413760.900091,1205,1,7,14,7.0,14.0
1765413760.916561,1205,1,7,14,7.0,14.0
1765413760.933516,1205,1,7,14,7.0,14.0
1765413760.950584,1205,1,7,14,7.0,14.0
1765413760.965988,1205,1,7,14,7.0,14.0
1765413760.982456,1205,1,7,14,7.0,14.0
1765413760.998092,1205,1,7,14,7.0,14.0
1765413761.015693,1205,1,7,14,7.0,14.0
1765413761.032600,1205,1,7,14,7.0,14.0
1765413761.049219,1205,1,7,14,7.0,14.0
1765413761.066557,1205,1,7,14,7.0,14.0
1765413761.082316,1205,1,7,14,7.0,14.0
1765413761.099070,1205,1,7,14,7.0,14.0
1765413761.115853,1205,1,7,14,7.0,14.0
1765413761.132913,1205,1,7,14,7.0,14.0
1765413761.149766,1205,1,7,14,7.0,14.0
1765413761.167802,1205,1,7,14,7.0,14.0
1765413761.183975,1205,1,7,14,7.0,14.0
1765413761.201127,1205,1,7,14,7.0,14.0
1765413761.217653,1205,1,7,14,7.0,14.0
1765413761.233717,1205,1,7,14,7.0,14.0
1765413761.250120,1205,1,7,14,7.0,14.0
1765413761.266768,1205,1,7,14,7.0,14.0
1765413761.282427,1205,1,7,14,7.0,14.0
1765413761.298275,1205,1,7,14,7.0,14.0
1765413761.314361,1205,1,7,14,7.0,14.0
1765413761.330035,1205,1,7,14,7.0,14.0
1765413761.417185,1205,1,7,14,7.0,14.0
1765413761.434393,1205,1,7,14,7.0,14.0
1765413761.450055,1205,1,7,14,7.0,14.0
1765413761.467060,1205,1,7,14,7.0,14.0
1765413761.483806,1205,1,7,14,7.0,14.0
1765413761.499884,1205,1,7,14,7.0,14.0
1765413761.517828,1205,1,7,14,7.0,14.0
1765413761.532894,1205,1,7,14,7.0,14.0
1765413761.549906,1205,1,7,14,7.0,14.0
1765413761.566824,1205,1,7,14,7.0,14.0
1765413761.583379,1205,1,7,14,7.0,14.0
1765413761.599894,1205,1,7,14,7.0,14.0
1765413761.617010,1205,1,7,14,7.0,14.0
1765413761.634446,1205,1,7,14,7.0,14.0
1765413761.651016,1205,1,7,14,7.0,14.0
1765413761.668207,1205,1,7,14,7.0,14.0
1765413761.684178,1205,1,7,14,7.0,14.0
1765413761.702196,1205,1,7,14,7.0,14.0
1765413761.719528,1205,1,7,14,7.0,14.0
1765413761.735559,1205,1,7,14,7.0,14.0
1765413761.751964,1205,1,7,14,7.0,14.0
1765413761.768943,1205,1,7,14,7.0,14.0
1765413761.786516,1205,1,7,14,7.0,14.0
1765413761.802599,1205,1,7,14,7.0,14.0
1765413761.818954,1205,1,7,14,7.0,14.0
1765413761.835849,1205,1,7,14,7.0,14.0
1765413761.853086,1205,1,7,14,7.0,14.0
1765413761.869399,1205,1,7,14,7.0,14.0
1765413761.885440,1205,1,7,14,7.0,14.0
1765413761.901050,1205,1,7,14,7.0,14.0
1765413761.918266,1205,1,7,14,7.0,14.0
1765413761.935296,1205,1,7,14,7.0,14.0
1765413761.952240,1205,1,7,14,7.0,14.0
1765413761.968493,1205,1,7,14,7.0,14.0
1765413761.985369,1205,1,7,14,7.0,14.0
1765413762.001710,1205,1,7,14,7.0,14.0
1765413762.018292,1205,1,7,14,7.0,14.0
1765413762.034099,1205,1,7,14,7.0,14.0
1765413762.050342,1205,1,7,14,7.0,14.0
1765413762.066203,1205,1,7,14,7.0,14.0
1765413762.082839,1205,1,7,14,7.0,14.0
1765413762.099888,1205,1,7,14,7.0,14.0
1765413762.116393,1205,1,7,14,7.0,14.0
1765413762.133328,1205,1,7,14,7.0,14.0
1765413762.149528,1205,1,7,14,7.0,14.0
1765413762.165509,1205,1,7,14,7.0,14.0
1765413762.181355,1205,1,7,14,7.0,14.0
1765413762.198153,1205,1,7,14,7.0,14.0
1765413762.215324,1205,1,7,14,7.0,14.0
1765413762.231869,1205,1,7,14,7.0,14.0
1765413762.249151,1205,1,7,14,7.0,14.0
1765413762.265689,1205,1,7,14,7.0,14.0
1765413762.281337,1205,1,7,14,7.0,14.0
1765413762.298126,1205,1,7,14,7.0,14.0
1765413762.314574,1205,1,7,14,7.0,14.0
1765413762.330306,1205,1,7,14,7.0,14.0
1765413762.346572,1205,1,7,14,7.0,14.0
1765413762.362215,1205,1,7,14,7.0,14.0
1765413762.379442,1205,1,7,14,7.0,14.0
1765413762.395992,1205,1,7,14,7.0,14.0
1765413762.413388,1205,1,7,14,7.0,14.0
1765413762.429408,1205,1,7,14,7.0,14.0
1765413762.446343,1205,1,7,14,7.0,14.0
1765413762.464164,1205,1,7,14,7.0,14.0
1765413762.482305,1205,1,7,14,7.0,14.0
1765413762.498637,1205,1,7,14,7.0,14.0
1765413762.514556,1205,1,7,14,7.0,14.0
1765413762.530925,1205,1,7,14,7.0,14.0
1765413762.547373,1205,1,7,14,7.0,14.0
1765413762.563140,1205,1,7,14,7.0,14.0
1765413762.580380,1205,1,7,14,7.0,14.0
1765413762.596897,1205,1,7,14,7.0,14.0
1765413762.614618,1205,1,7,14,7.0,14.0
1765413762.631052,1205,1,7,14,7.0,14.0
1765413762.648148,1205,1,7,14,7.0,14.0
1765413762.664992,1205,1,7,14,7.0,14.0
1765413762.681935,1205,1,7,14,7.0,14.0
1765413762.699161,1205,1,7,14,7.0,14.0
1765413762.715318,1205,1,7,14,7.0,14.0
1765413762.731334,1205,1,7,14,7.0,14.0
1765413762.747075,1205,1,7,14,7.0,14.0
1765413762.763145,1205,1,7,14,7.0,14.0
1765413762.779591,1205,1,7,14,7.0,14.0
1765413762.794995,1205,1,7,14,7.0,14.0
1765413762.812783,1205,1,7,14,7.0,14.0
1765413762.829148,1205,1,7,14,7.0,14.0
1765413762.845442,1205,1,7,14,7.0,14.0
1765413762.862282,1205,1,7,14,7.0,14.0
1765413762.879666,1205,1,7,14,7.0,14.0
1765413762.895198,1205,1,7,14,7.0,14.0
1765413762.911364,1205,1,7,14,7.0,14.0
1765413762.928174,1205,1,7,14,7.0,14.0
1765413762.945229,1205,1,7,14,7.0,14.0
1765413762.962016,1205,1,7,14,7.0,14.0
1765413762.978743,1205,1,7,14,7.0,14.0
1765413762.996406,1205,1,7,14,7.0,14.0
1765413763.013025,1205,1,7,14,7.0,14.0
1765413763.029907,1205,1,7,14,7.0,14.0
1765413763.046943,1205,1,7,14,7.0,14.0
1765413763.064128,1205,1,7,14,7.0,14.0
1765413763.080947,1205,1,7,14,7.0,14.0
1765413763.098009,1205,1,7,14,7.0,14.0
1765413763.114985,1205,1,7,14,7.0,14.0
1765413763.131330,1205,1,7,14,7.0,14.0
1765413763.147815,1205,1,7,14,7.0,14.0
1765413763.163975,1205,1,7,14,7.0,14.0
1765413763.181016,1205,1,7,14,7.0,14.0
1765413763.198150,1205,1,7,14,7.0,14.0
1765413763.214325,1205,1,7,14,7.0,14.0
1765413763.231460,1205,1,7,14,7.0,14.0
1765413763.248251,1205,1,7,14,7.0,14.0
1765413763.265404,1205,1,7,14,7.0,14.0
1765413763.281947,1205,1,7,14,7.0,14.0
1765413763.299715,1205,1,7,14,7.0,14.0
1765413763.316519,1205,1,7,14,7.0,14.0
1765413763.332526,1205,1,7,14,7.0,14.0
1765413763.349217,1205,1,7,14,7.0,14.0
1765413763.366056,1205,1,7,14,7.0,14.0
1765413763.382798,1205,1,7,14,7.0,14.0
1765413763.400023,1205,1,7,14,7.0,14.0
1765413763.417264,1205,1,7,14,7.0,14.0
1765413763.434499,1205,1,7,14,7.0,14.0
1765413763.450357,1205,1,7,14,7.0,14.0
1765413763.466998,1205,1,7,14,7.0,14.0
1765413763.483552,1205,1,7,14,7.0,14.0
1765413763.499287,1205,1,7,14,7.0,14.0
1765413763.515862,1205,1,7,14,7.0,14.0
1765413763.532694,1205,1,7,14,7.0,14.0
1765413763.549605,1205,1,7,14,7.0,14.0
1765413763.566094,1205,1,7,14,7.0,14.0
1765413763.582951,1205,1,7,14,7.0,14.0
1765413763.600065,1205,1,7,14,7.0,14.0
1765413763.617364,1205,1,7,14,7.0,14.0
1765413763.633440,1205,1,7,14,7.0,14.0
1765413763.650223,1205,1,7,14,7.0,14.0
1765413763.667117,1205,1,7,14,7.0,14.0
1765413763.684693,1205,1,7,14,7.0,14.0
1765413763.700163,1205,1,7,14,7.0,14.0
1765413763.718291,1205,1,7,14,7.0,14.0
1765413763.734597,1205,1,7,14,7.0,14.0
1765413763.750860,1205,1,7,14,7.0,14.0
1765413763.767875,1205,1,7,14,7.0,14.0
1765413763.785270,1205,1,7,14,7.0,14.0
1765413763.802465,1205,1,7,14,7.0,14.0
1765413763.818900,1205,1,7,14,7.0,14.0
1765413763.835912,1205,1,7,14,7.0,14.0
1765413763.852758,1205,1,7,14,7.0,14.0
1765413763.868165,1205,1,7,14,7.0,14.0
1765413763.884525,1205,1,7,14,7.0,14.0
1765413763.901315,1205,1,7,14,7.0,14.0
