time,snapshot_id,player_id,server_row,server_col,display_row,display_col
1765413714.251861,135,4,6,7,6,7
1765413714.265016,135,4,6,7,6,7
1765413714.281118,136,4,6,7,6,7
1765413714.297096,136,4,6,7,6,7
1765413714.313591,137,4,6,7,6,7
1765413714.330165,137,4,6,7,6,7
1765413714.346717,137,4,6,7,6,7
1765413714.362645,138,4,6,7,6,7
1765413714.378791,138,4,6,7,6,7
1765413714.395177,138,4,6,7,6,7
1765413714.412187,139,4,6,7,6,7
1765413714.428757,139,4,6,7,6,7
1765413714.445341,140,4,6,7,6,7
1765413714.461656,140,4,6,7,6,7
1765413714.478021,140,4,6,7,6,7
1765413714.494686,141,4,6,7,6,7
1765413714.511079,141,4,6,7,6,7
1765413714.528476,142,4,6,7,6,7
1765413714.544983,142,4,6,7,6,7
1765413714.562304,142,4,6,7,6,7
1765413714.578860,143,4,6,7,6,7
1765413714.595024,143,4,6,7,6,7
1765413714.612142,144,4,6,7,6,7
1765413714.629401,144,4,6,7,6,7
1765413714.647273,144,4,6,7,6,7
1765413714.663045,145,4,6,7,6,7
1765413714.681396,146,4,6,7,6,7
1765413714.698673,146,4,6,7,6,7
1765413714.714485,146,4,6,7,6,7
1765413714.732254,147,4,6,7,6,7
1765413714.749280,147,4,6,7,6,7
1765413714.766852,148,4,6,7,6,7
1765413714.783358,148,4,6,7,6,7
1765413714.800145,148,4,6,7,6,7
1765413714.817993,149,4,6,7,6,7
1765413714.834796,149,4,6,7,6,7
1765413714.850729,150,4,5,7,5,7
1765413714.866931,150,4,5,7,5,7
1765413714.883056,150,4,5,7,5,7
1765413714.900099,151,4,5,7,5,7
1765413714.917234,151,4,5,7,5,7
1765413714.933783,151,4,5,7,5,7
1765413714.950160,152,4,5,7,5,7
1765413714.967307,152,4,5,7,5,7
1765413714.984542,153,4,5,7,5,7
1765413715.000821,153,4,5,7,5,7
1765413715.016775,153,4,5,7,5,7
1765413715.032746,154,4,5,7,5,7
1765413715.049388,154,4,5,7,5,7
1765413715.066068,155,4,5,7,5,7
1765413715.082980,155,4,5,7,5,7
1765413715.100613,155,4,5,7,5,7
1765413715.117481,156,4,5,7,5,7
1765413715.134665,156,4,5,7,5,7
1765413715.151521,157,4,5,7,5,7
1765413715.168407,157,4,5,7,5,7
1765413715.185109,157,4,5,7,5,7
1765413715.201726,158,4,5,7,5,7
1765413715.217884,158,4,5,7,5,7
1765413715.234179,159,4,5,7,5,7
1765413715.250479,159,4,5,7,5,7
1765413715.267205,159,4,5,7,5,7
1765413715.283645,160,4,5,7,5,7
1765413715.300339,160,4,5,7,5,7
1765413715.316939,161,4,5,7,5,7
1765413715.332332,161,4,5,7,5,7
1765413715.348121,161,4,5,7,5,7
1765413715.365545,162,4,5,7,5,7
1765413715.381541,162,4,5,7,5,7
1765413715.398200,163,4,5,7,5,7
1765413715.415301,163,4,5,7,5,7
1765413715.432562,163,4,5,7,5,7
1765413715.448256,164,4,5,7,5,7
1765413715.465196,164,4,5,7,5,7
1765413715.481576,165,4,5,7,5,7
1765413715.497332,165,4,5,7,5,7
1765413715.513724,165,4,5,7,5,7
1765413715.530758,166,4,5,7,5,7
1765413715.546906,166,4,5,7,5,7
1765413715.563944,167,4,5,7,5,7
1765413715.580793,167,4,5,7,5,7
1765413715.597377,167,4,5,7,5,7
1765413715.614145,168,4,5,7,5,7
1765413715.631459,168,4,5,7,5,7
1765413715.648271,169,4,5,7,5,7
1765413715.665197,169,4,5,7,5,7
1765413715.706885,169,4,5,7,5,7
1765413715.737469,169,4,5,7,5,7
1765413715.759534,169,4,5,7,5,7
1765413715.780068,169,4,5,7,5,7
1765413715.801623,169,4,5,7,5,7
1765413715.818706,169,4,5,7,5,7
1765413715.839010,170,4,5,7,5,7
1765413715.856080,170,4,5,7,5,7
1765413715.872618,170,4,5,7,5,7
1765413715.889219,170,4,5,7,5,7
1765413715.906824,171,4,4,7,4,7
1765413715.922836,171,4,4,7,4,7
1765413715.940194,171,4,4,7,4,7
1765413715.960968,172,4,4,7,4,7
1765413715.979144,173,4,4,7,4,7
1765413715.996402,173,4,4,7,4,7
1765413716.013435,173,4,4,7,4,7
1765413716.030076,174,4,4,7,4,7
1765413716.046938,174,4,4,7,4,7
1765413716.062809,175,4,4,7,4,7
1765413716.078254,175,4,4,7,4,7
1765413716.095443,175,4,4,7,4,7
1765413716.112061,176,4,4,7,4,7
1765413716.129381,176,4,4,7,4,7
1765413716.145684,177,4,4,7,4,7
1765413716.162046,177,4,4,7,4,7
1765413716.179444,177,4,4,7,4,7
1765413716.196241,178,4,3,7,3,7
1765413716.212598,178,4,3,7,3,7
1765413716.229686,179,4,3,7,3,7
1765413716.245520,179,4,3,7,3,7
1765413716.261355,179,4,3,7,3,7
1765413716.277708,180,4,3,7,3,7
1765413716.294123,180,4,3,7,3,7
1765413716.310877,180,4,3,7,3,7
1765413716.327635,181,4,3,7,3,7
1765413716.343743,181,4,3,7,3,7
1765413716.359849,182,4,3,7,3,7
1765413716.376068,182,4,3,7,3,7
1765413716.393791,182,4,3,7,3,7
1765413716.410049,183,4,3,7,3,7
1765413716.427045,183,4,3,7,3,7
1765413716.443851,184,4,3,7,3,7
1765413716.460423,184,4,3,7,3,7
1765413716.477231,184,4,3,7,3,7
1765413716.494029,185,4,3,7,3,7
1765413716.510971,185,4,3,7,3,7
1765413716.528105,186,4,3,7,3,7
1765413716.545781,186,4,3,7,3,7
1765413716.561584,186,4,3,7,3,7
1765413716.578143,187,4,3,7,3,7
1765413716.595327,187,4,3,7,3,7
1765413716.612598,188,4,3,7,3,7
1765413716.628319,188,4,3,7,3,7
1765413716.645365,188,4,3,7,3,7
1765413716.662997,189,4,3,7,3,7
1765413716.680737,189,4,3,7,3,7
1765413716.696927,190,4,3,7,3,7
1765413716.713001,190,4,3,7,3,7
1765413716.730509,190,4,3,7,3,7
1765413716.747212,191,4,3,7,3,7
1765413716.764580,191,4,3,7,3,7
1765413716.781584,192,4,3,7,3,7
1765413716.798399,192,4,3,7,3,7
1765413716.814696,192,4,3,7,3,7
1765413716.831553,193,4,3,7,3,7
1765413716.848277,193,4,3,7,3,7
1765413716.864354,194,4,3,7,3,7
1765413716.880762,194,4,3,7,3,7
1765413716.897571,194,4,3,7,3,7
1765413716.914277,195,4,3,7,3,7
1765413716.931149,195,4,3,7,3,7
1765413716.948242,196,4,3,7,3,7
1765413716.965051,196,4,3,7,3,7
1765413716.981516,196,4,3,7,3,7
1765413716.997931,197,4,3,7,3,7
1765413717.013473,197,4,3,7,3,7
1765413717.030184,197,4,3,7,3,7
1765413717.047114,198,4,3,7,3,7
1765413717.063593,198,4,3,7,3,7
1765413717.079774,199,4,3,7,3,7
1765413717.095817,199,4,3,7,3,7
1765413717.112916,199,4,3,7,3,7
1765413717.128704,200,4,3,7,3,7
1765413717.145005,200,4,3,7,3,7
1765413717.161674,201,4,3,7,3,7
1765413717.178183,201,4,3,7,3,7
1765413717.194849,201,4,3,7,3,7
1765413717.210847,202,4,3,7,3,7
1765413717.226455,202,4,3,7,3,7
1765413717.242333,202,4,3,7,3,7
1765413717.258992,203,4,3,7,3,7
1765413717.276249,203,4,3,7,3,7
1765413717.293515,204,4,3,7,3,7
1765413717.309820,204,4,3,7,3,7
1765413717.326329,204,4,3,7,3,7
1765413717.342595,205,4,3,7,3,7
1765413717.359350,205,4,3,7,3,7
1765413717.376119,206,4,3,7,3,7
1765413717.392458,206,4,3,7,3,7
1765413717.409392,206,4,3,7,3,7
1765413717.425953,207,4,3,8,3,8
1765413717.442650,207,4,3,8,3,8
1765413717.459276,208,4,3,8,3,8
1765413717.476907,208,4,3,8,3,8
1765413717.492219,208,4,3,8,3,8
1765413717.509338,209,4,3,8,3,8
1765413717.525500,209,4,3,8,3,8
1765413717.542175,209,4,3,8,3,8
1765413717.559802,210,4,3,8,3,8
1765413717.575378,210,4,3,8,3,8
1765413717.592007,211,4,3,8,3,8
1765413717.609375,211,4,3,8,3,8
1765413717.626184,211,4,3,8,3,8
1765413717.642855,212,4,3,8,3,8
1765413717.658615,212,4,3,8,3,8
1765413717.675222,213,4,3,8,3,8
1765413717.691985,213,4,3,8,3,8
1765413717.708535,213,4,3,8,3,8
1765413717.725336,214,4,3,8,3,8
1765413717.741807,214,4,3,8,3,8
1765413717.757799,215,4,3,8,3,8
1765413717.774051,215,4,3,8,3,8
1765413717.790532,215,4,3,8,3,8
1765413717.806875,216,4,3,8,3,8
1765413717.822994,216,4,3,8,3,8
1765413717.840270,216,4,3,8,3,8
1765413717.857708,217,4,3,8,3,8
1765413717.873502,217,4,3,8,3,8
1765413717.890282,218,4,3,8,3,8
1765413717.907087,218,4,3,8,3,8
1765413717.923335,218,4,3,8,3,8
1765413717.940388,219,4,3,8,3,8
1765413717.956199,219,4,3,8,3,8
1765413717.973468,220,4,3,8,3,8
1765413717.990754,220,4,3,8,3,8
1765413718.007315,220,4,3,8,3,8
1765413718.024901,221,4,3,8,3,8
1765413718.041030,221,4,3,8,3,8
1765413718.057971,222,4,3,8,3,8
1765413718.075823,222,4,3,8,3,8
1765413718.091854,222,4,3,8,3,8
1765413718.107861,223,4,3,8,3,8
1765413718.124117,223,4,3,8,3,8
1765413718.141320,224,4,3,8,3,8
1765413718.157501,224,4,3,8,3,8
1765413718.173741,224,4,3,8,3,8
1765413718.189559,225,4,3,8,3,8
1765413718.205883,225,4,3,8,3,8
1765413718.221740,226,4,3,8,3,8
1765413718.238114,226,4,3,8,3,8
1765413718.254848,226,4,3,8,3,8
1765413718.270734,227,4,3,8,3,8
1765413718.287209,227,4,3,8,3,8
1765413718.304096,227,4,3,8,3,8
1765413718.321586,228,4,3,8,3,8
1765413718.337892,228,4,3,8,3,8
1765413718.353427,229,4,3,8,3,8
1765413718.370023,229,4,3,8,3,8
1765413718.386993,229,4,3,8,3,8
1765413718.403940,230,4,3,8,3,8
1765413718.420403,230,4,3,8,3,8
1765413718.437040,231,4,3,8,3,8
1765413718.453759,231,4,3,8,3,8
1765413718.469150,231,4,3,8,3,8
1765413718.485723,232,4,3,8,3,8
1765413718.501190,232,4,3,8,3,8
1765413718.517525,232,4,3,8,3,8
1765413718.533451,233,4,3,8,3,8
1765413718.550781,233,4,3,8,3,8
1765413718.566960,234,4,3,8,3,8
1765413718.583630,234,4,3,8,3,8
1765413718.599793,234,4,3,8,3,8
1765413718.616235,235,4,3,8,3,8
1765413718.632912,235,4,3,8,3,8
1765413718.648978,236,4,3,8,3,8
1765413718.666539,236,4,3,8,3,8
1765413718.683212,236,4,3,8,3,8
1765413718.700152,237,4,3,8,3,8
1765413718.717920,237,4,3,8,3,8
1765413718.734227,238,4,3,8,3,8
1765413718.751689,238,4,3,8,3,8
1765413718.767203,238,4,3,8,3,8
1765413718.784185,239,4,3,8,3,8
1765413718.800308,239,4,3,8,3,8
1765413718.817889,240,4,3,8,3,8
1765413718.834612,240,4,3,8,3,8
1765413718.851869,240,4,3,8,3,8
1765413718.867831,241,4,3,8,3,8
1765413718.884019,241,4,3,8,3,8
1765413718.900819,242,4,3,8,3,8
1765413718.916379,242,4,3,8,3,8
1765413718.933459,242,4,3,8,3,8
1765413718.949854,243,4,3,8,3,8
1765413718.965808,243,4,3,8,3,8
1765413718.982327,243,4,3,8,3,8
1765413718.998878,244,4,4,8,4,8
1765413719.015823,244,4,4,8,4,8
1765413719.032974,245,4,4,8,4,8
1765413719.051008,245,4,4,8,4,8
1765413719.067988,245,4,4,8,4,8
1765413719.085868,246,4,4,8,4,8
1765413719.101561,246,4,4,8,4,8
1765413719.117527,247,4,4,8,4,8
1765413719.134085,247,4,4,8,4,8
1765413719.151002,247,4,4,8,4,8
1765413719.168305,248,4,4,8,4,8
1765413719.185229,248,4,4,8,4,8
1765413719.201536,249,4,4,8,4,8
1765413719.217336,249,4,4,8,4,8
1765413719.233273,249,4,4,8,4,8
1765413719.250309,250,4,4,8,4,8
1765413719.267787,250,4,4,8,4,8
1765413719.283072,251,4,4,8,4,8
1765413719.299939,251,4,4,8,4,8
1765413719.316940,251,4,4,8,4,8
1765413719.333741,252,4,4,8,4,8
1765413719.349921,252,4,4,8,4,8
1765413719.365842,252,4,4,8,4,8
1765413719.395356,253,4,4,8,4,8
1765413719.402152,253,4,4,8,4,8
1765413719.418881,254,4,4,8,4,8
1765413719.435366,254,4,4,8,4,8
1765413719.451963,255,4,4,8,4,8
1765413719.468188,255,4,4,8,4,8
1765413719.485327,255,4,4,8,4,8
1765413719.501754,256,4,4,8,4,8
1765413719.518216,256,4,4,8,4,8
1765413719.534570,256,4,4,8,4,8
1765413719.551074,257,4,4,8,4,8
1765413719.568547,257,4,4,8,4,8
1765413719.585377,258,4,4,8,4,8
1765413719.602422,258,4,4,8,4,8
1765413719.618260,258,4,4,8,4,8
1765413719.634850,259,4,4,8,4,8
1765413719.650510,259,4,4,8,4,8
1765413719.666487,260,4,4,8,4,8
1765413719.683428,260,4,4,8,4,8
1765413719.700046,260,4,4,8,4,8
1765413719.717148,261,4,4,8,4,8
1765413719.733817,261,4,4,8,4,8
1765413719.750128,262,4,4,7,4,7
1765413719.767611,262,4,4,7,4,7
1765413719.783501,262,4,4,7,4,7
1765413719.800308,263,4,4,7,4,7
1765413719.816160,263,4,4,7,4,7
1765413719.832376,264,4,4,7,4,7
1765413719.849168,264,4,4,7,4,7
1765413719.865314,264,4,4,7,4,7
1765413719.882005,265,4,4,7,4,7
1765413719.899235,265,4,4,7,4,7
1765413719.915601,265,4,4,7,4,7
1765413719.931515,266,4,4,7,4,7
1765413719.948118,266,4,4,7,4,7
1765413719.965240,267,4,4,7,4,7
1765413719.981502,267,4,4,7,4,7
1765413719.998598,267,4,4,7,4,7
1765413720.014370,268,4,4,7,4,7
1765413720.032165,268,4,4,7,4,7
1765413720.097268,268,4,4,7,4,7
1765413720.130560,270,4,4,7,4,7
1765413720.196678,271,4,4,7,4,7
1765413720.213814,272,4,4,7,4,7
1765413720.229587,272,4,4,7,4,7
1765413720.245900,273,4,4,7,4,7
1765413720.261493,273,4,4,7,4,7
1765413720.277776,273,4,4,7,4,7
1765413720.293552,274,4,4,7,4,7
1765413720.309695,274,4,4,7,4,7
1765413720.326063,275,4,4,7,4,7
1765413720.343204,275,4,4,7,4,7
1765413720.360291,275,4,4,7,4,7
1765413720.376954,276,4,4,7,4,7
1765413720.393018,276,4,4,7,4,7
1765413720.409420,277,4,4,7,4,7
1765413720.425013,277,4,4,7,4,7
1765413720.442432,277,4,4,7,4,7
1765413720.459873,278,4,3,7,3,7
1765413720.476125,278,4,3,7,3,7
1765413720.493148,279,4,3,7,3,7
1765413720.509958,279,4,3,7,3,7
1765413720.525613,279,4,3,7,3,7
1765413720.542186,280,4,3,7,3,7
1765413720.558982,280,4,3,7,3,7
1765413720.575494,280,4,3,7,3,7
1765413720.592293,281,4,3,7,3,7
1765413720.608181,281,4,3,7,3,7
1765413720.624760,282,4,3,7,3,7
1765413720.646952,282,4,3,7,3,7
1765413720.663744,283,4,3,7,3,7
1765413720.679971,283,4,3,7,3,7
1765413720.697042,283,4,3,7,3,7
1765413720.713648,284,4,3,7,3,7
1765413720.731033,284,4,3,7,3,7
1765413720.748681,285,4,3,7,3,7
1765413720.764254,285,4,3,7,3,7
1765413720.780660,285,4,3,7,3,7
1765413720.797708,286,4,3,7,3,7
1765413720.813892,286,4,3,7,3,7
1765413720.829697,287,4,3,7,3,7
1765413720.845762,287,4,3,7,3,7
1765413720.862365,287,4,3,7,3,7
1765413720.879454,288,4,3,7,3,7
1765413720.895519,288,4,3,7,3,7
1765413720.912257,289,4,3,7,3,7
1765413720.929360,289,4,3,7,3,7
1765413720.946014,289,4,3,7,3,7
1765413720.963048,290,4,3,7,3,7
1765413720.980273,290,4,3,7,3,7
1765413720.997651,291,4,3,7,3,7
1765413721.013644,291,4,3,7,3,7
1765413721.029827,291,4,3,7,3,7
1765413721.045595,292,4,3,7,3,7
1765413721.061742,292,4,3,7,3,7
1765413721.077765,292,4,3,7,3,7
1765413721.093857,293,4,3,7,3,7
1765413721.109793,293,4,3,7,3,7
1765413721.125924,294,4,3,8,3,8
1765413721.141939,294,4,3,8,3,8
1765413721.157495,294,4,3,8,3,8
1765413721.173529,295,4,3,8,3,8
1765413721.189492,295,4,3,8,3,8
1765413721.206803,295,4,3,8,3,8
1765413721.222921,296,4,3,8,3,8
1765413721.238951,296,4,3,8,3,8
1765413721.254264,297,4,3,8,3,8
1765413721.271964,297,4,3,8,3,8
1765413721.288700,297,4,3,8,3,8
1765413721.305058,298,4,3,8,3,8
1765413721.322531,298,4,3,8,3,8
1765413721.338431,299,4,3,8,3,8
1765413721.355221,299,4,3,8,3,8
1765413721.372181,299,4,3,8,3,8
1765413721.389399,300,4,3,8,3,8
1765413721.405826,300,4,3,8,3,8
1765413721.422546,301,4,3,8,3,8
1765413721.439532,301,4,3,8,3,8
1765413721.455518,301,4,3,8,3,8
1765413721.472230,302,4,3,7,3,7
1765413721.489262,302,4,3,7,3,7
1765413721.506976,303,4,3,7,3,7
1765413721.524042,303,4,3,7,3,7
1765413721.541242,303,4,3,7,3,7
1765413721.558149,304,4,3,7,3,7
1765413721.574244,304,4,3,7,3,7
1765413721.590606,305,4,3,7,3,7
1765413721.607086,305,4,3,7,3,7
1765413721.624504,305,4,3,7,3,7
1765413721.641217,306,4,3,7,3,7
1765413721.657332,306,4,3,7,3,7
1765413721.674338,307,4,3,7,3,7
1765413721.691588,307,4,3,7,3,7
1765413721.708292,307,4,3,7,3,7
1765413721.724941,308,4,3,7,3,7
1765413721.740738,308,4,3,7,3,7
1765413721.757183,309,4,3,7,3,7
1765413721.774867,309,4,3,7,3,7
1765413721.790670,309,4,3,7,3,7
1765413721.807356,310,4,3,7,3,7
1765413721.823595,310,4,3,7,3,7
1765413721.839920,311,4,3,7,3,7
1765413721.856600,311,4,3,7,3,7
1765413721.872811,311,4,3,7,3,7
1765413721.888322,312,4,3,7,3,7
1765413721.904826,312,4,3,7,3,7
1765413721.920694,312,4,3,7,3,7
1765413721.936807,313,4,3,7,3,7
1765413721.952519,313,4,3,7,3,7
1765413721.968719,314,4,3,7,3,7
1765413721.985387,314,4,3,7,3,7
1765413722.002054,314,4,3,7,3,7
1765413722.019222,315,4,3,7,3,7
1765413722.036014,315,4,3,7,3,7
1765413722.053056,316,4,3,7,3,7
1765413722.069537,316,4,3,7,3,7
1765413722.086197,316,4,3,7,3,7
1765413722.102781,317,4,3,7,3,7
1765413722.119171,317,4,3,7,3,7
1765413722.136149,318,4,3,7,3,7
1765413722.153442,318,4,3,7,3,7
1765413722.170196,318,4,3,7,3,7
1765413722.187135,319,4,3,7,3,7
1765413722.204586,319,4,3,7,3,7
1765413722.221078,320,4,3,7,3,7
1765413722.237518,320,4,3,7,3,7
1765413722.254393,320,4,3,7,3,7
1765413722.271072,321,4,3,7,3,7
1765413722.289264,321,4,3,7,3,7
1765413722.307620,322,4,3,7,3,7
1765413722.323771,322,4,3,7,3,7
1765413722.340011,323,4,3,7,3,7
1765413722.356899,323,4,3,7,3,7
1765413722.373479,323,4,3,7,3,7
1765413722.391215,324,4,3,6,3,6
1765413722.408211,324,4,3,6,3,6
1765413722.425869,325,4,3,6,3,6
1765413722.441415,325,4,3,6,3,6
1765413722.457141,325,4,3,6,3,6
1765413722.473439,326,4,3,6,3,6
1765413722.490329,326,4,3,6,3,6
1765413722.506986,327,4,3,6,3,6
1765413722.524502,327,4,3,6,3,6
1765413722.540845,327,4,3,6,3,6
1765413722.556909,328,4,3,6,3,6
1765413722.574872,328,4,3,6,3,6
1765413722.590712,329,4,3,6,3,6
1765413722.606855,329,4,3,6,3,6
1765413722.624466,329,4,3,6,3,6
1765413722.641186,330,4,3,6,3,6
1765413722.658502,330,4,3,6,3,6
1765413722.674683,331,4,3,6,3,6
1765413722.690455,331,4,3,6,3,6
1765413722.706976,331,4,3,6,3,6
1765413722.724260,332,4,3,6,3,6
1765413722.740614,332,4,3,6,3,6
1765413722.757143,333,4,3,6,3,6
1765413722.773731,333,4,3,6,3,6
1765413722.789556,333,4,3,6,3,6
1765413722.805759,334,4,3,6,3,6
1765413722.822615,334,4,3,6,3,6
1765413722.839048,334,4,3,6,3,6
1765413722.856180,335,4,3,6,3,6
1765413722.872578,335,4,3,6,3,6
1765413722.888580,336,4,3,6,3,6
1765413722.904973,336,4,3,6,3,6
1765413722.922698,336,4,3,6,3,6
1765413722.939658,337,4,3,6,3,6
1765413722.955607,337,4,3,6,3,6
1765413722.971219,338,4,3,6,3,6
1765413722.987693,338,4,3,6,3,6
1765413723.004845,338,4,3,6,3,6
1765413723.020537,339,4,3,6,3,6
1765413723.037522,339,4,3,6,3,6
1765413723.054034,340,4,3,6,3,6
1765413723.071760,340,4,3,6,3,6
1765413723.088769,340,4,3,6,3,6
1765413723.104533,341,4,3,6,3,6
1765413723.120401,341,4,3,6,3,6
1765413723.137193,342,4,3,6,3,6
1765413723.153864,342,4,3,6,3,6
1765413723.170399,342,4,3,6,3,6
1765413723.187926,343,4,3,6,3,6
1765413723.205159,343,4,3,6,3,6
1765413723.221611,344,4,3,6,3,6
1765413723.237685,344,4,3,6,3,6
1765413723.253876,344,4,3,6,3,6
1765413723.270235,345,4,3,6,3,6
1765413723.286968,345,4,3,6,3,6
1765413723.304372,345,4,3,6,3,6
1765413723.320325,346,4,3,6,3,6
1765413723.337135,346,4,3,6,3,6
1765413723.354382,347,4,3,6,3,6
1765413723.371018,347,4,3,6,3,6
1765413723.388830,347,4,3,6,3,6
1765413723.404117,348,4,3,6,3,6
1765413723.420924,348,4,3,6,3,6
1765413723.437168,349,4,3,6,3,6
1765413723.453915,349,4,3,6,3,6
1765413723.469498,349,4,3,6,3,6
1765413723.487024,350,4,3,6,3,6
1765413723.503872,350,4,3,6,3,6
1765413723.520600,351,4,3,6,3,6
1765413723.536525,351,4,3,6,3,6
1765413723.552552,351,4,3,6,3,6
1765413723.568871,352,4,3,6,3,6
1765413723.584608,352,4,3,6,3,6
1765413723.600288,352,4,3,6,3,6
1765413723.617376,353,4,3,6,3,6
1765413723.634494,353,4,3,6,3,6
1765413723.650806,354,4,3,6,3,6
1765413723.666955,354,4,3,6,3,6
1765413723.682490,354,4,3,6,3,6
1765413723.699752,355,4,3,6,3,6
1765413723.715247,355,4,3,6,3,6
1765413723.731262,356,4,3,6,3,6
1765413723.748698,356,4,3,6,3,6
1765413723.764028,356,4,3,6,3,6
1765413723.781672,357,4,3,6,3,6
1765413723.797865,357,4,3,6,3,6
1765413723.813989,358,4,3,6,3,6
1765413723.830774,358,4,3,6,3,6
1765413723.846460,358,4,3,6,3,6
1765413723.863705,359,4,3,6,3,6
1765413723.880160,359,4,3,6,3,6
1765413723.897216,360,4,3,7,3,7
1765413723.914286,360,4,3,7,3,7
1765413723.931116,360,4,3,7,3,7
1765413723.948531,361,4,3,7,3,7
1765413723.964713,361,4,3,7,3,7
1765413723.981637,362,4,3,7,3,7
1765413723.997822,362,4,3,7,3,7
1765413724.013965,362,4,3,7,3,7
1765413724.030318,363,4,3,7,3,7
1765413724.046288,363,4,3,7,3,7
1765413724.063558,363,4,3,7,3,7
1765413724.080290,364,4,3,7,3,7
1765413724.097375,364,4,3,7,3,7
1765413724.114470,365,4,3,7,3,7
1765413724.131070,365,4,3,7,3,7
1765413724.147472,365,4,3,7,3,7
1765413724.163959,366,4,3,7,3,7
1765413724.181228,366,4,3,7,3,7
1765413724.198505,367,4,3,7,3,7
1765413724.215377,367,4,3,7,3,7
1765413724.232184,367,4,3,7,3,7
1765413724.248143,368,4,3,7,3,7
1765413724.265210,368,4,3,7,3,7
1765413724.282305,369,4,3,7,3,7
1765413724.299065,369,4,3,7,3,7
1765413724.315804,369,4,3,7,3,7
1765413724.332134,370,4,3,7,3,7
1765413724.348514,370,4,3,7,3,7
1765413724.364301,371,4,3,7,3,7
1765413724.380928,371,4,3,7,3,7
1765413724.396333,371,4,3,7,3,7
1765413724.412384,372,4,3,7,3,7
1765413724.428919,372,4,3,7,3,7
1765413724.445845,372,4,3,7,3,7
1765413724.461689,373,4,3,7,3,7
1765413724.478696,373,4,3,7,3,7
1765413724.495047,374,4,3,7,3,7
1765413724.512119,374,4,3,7,3,7
1765413724.528394,374,4,3,7,3,7
1765413724.544249,375,4,3,6,3,6
1765413724.561065,375,4,3,6,3,6
1765413724.577772,376,4,3,6,3,6
1765413724.593600,376,4,3,6,3,6
1765413724.610617,376,4,3,6,3,6
1765413724.627259,377,4,3,6,3,6
1765413724.645230,377,4,3,6,3,6
1765413724.661946,378,4,3,6,3,6
1765413724.678189,378,4,3,6,3,6
1765413724.695633,378,4,3,6,3,6
1765413724.711798,379,4,3,6,3,6
1765413724.727345,379,4,3,6,3,6
1765413724.743298,380,4,3,6,3,6
1765413724.759939,380,4,3,6,3,6
1765413724.775428,380,4,3,6,3,6
1765413724.792294,381,4,3,6,3,6
1765413724.809452,381,4,3,6,3,6
1765413724.825263,382,4,3,6,3,6
1765413724.841882,382,4,3,6,3,6
1765413724.858364,382,4,3,6,3,6
1765413724.875019,383,4,3,6,3,6
1765413724.891337,383,4,3,6,3,6
1765413724.907677,383,4,3,6,3,6
1765413724.923875,384,4,3,6,3,6
1765413724.940581,384,4,3,6,3,6
1765413724.957386,385,4,3,6,3,6
1765413724.974148,385,4,3,6,3,6
1765413724.990928,385,4,3,6,3,6
1765413725.007601,386,4,3,6,3,6
1765413725.024646,386,4,3,6,3,6
1765413725.040938,387,4,2,6,2,6
1765413725.058028,387,4,2,6,2,6
1765413725.074754,387,4,2,6,2,6
1765413725.090907,388,4,2,6,2,6
1765413725.107491,388,4,2,6,2,6
1765413725.124142,389,4,2,6,2,6
1765413725.140490,389,4,2,6,2,6
1765413725.156106,389,4,2,6,2,6
1765413725.173043,390,4,2,6,2,6
1765413725.190674,390,4,2,6,2,6
1765413725.207060,391,4,2,6,2,6
1765413725.224391,391,4,2,6,2,6
1765413725.240726,391,4,2,6,2,6
1765413725.257841,392,4,2,6,2,6
1765413725.273442,392,4,2,6,2,6
1765413725.289275,392,4,2,6,2,6
1765413725.305762,393,4,2,6,2,6
1765413725.321866,393,4,2,6,2,6
1765413725.337892,394,4,2,6,2,6
1765413725.354981,394,4,2,6,2,6
1765413725.372318,394,4,2,6,2,6
1765413725.389294,395,4,2,6,2,6
1765413725.406216,395,4,2,6,2,6
1765413725.422545,396,4,2,6,2,6
1765413725.439307,396,4,2,6,2,6
1765413725.456033,397,4,2,6,2,6
1765413725.473603,397,4,2,6,2,6
1765413725.489544,397,4,2,6,2,6
1765413725.505773,398,4,2,6,2,6
1765413725.522660,398,4,2,6,2,6
1765413725.538769,399,4,2,6,2,6
1765413725.555308,399,4,2,6,2,6
1765413725.571784,399,4,2,6,2,6
1765413725.587143,400,4,2,6,2,6
1765413725.603930,400,4,2,6,2,6
1765413725.619784,400,4,2,6,2,6
1765413725.635559,401,4,3,6,3,6
1765413725.652492,401,4,3,6,3,6
1765413725.669103,402,4,3,6,3,6
1765413725.685947,402,4,3,6,3,6
1765413725.702243,402,4,3,6,3,6
1765413725.718363,403,4,3,6,3,6
1765413725.734780,403,4,3,6,3,6
1765413725.751385,404,4,3,6,3,6
1765413725.767259,404,4,3,6,3,6
1765413725.784913,404,4,3,6,3,6
1765413725.800761,405,4,3,6,3,6
1765413725.817056,405,4,3,6,3,6
1765413725.834214,406,4,3,6,3,6
1765413725.850842,406,4,3,6,3,6
1765413725.867173,406,4,3,6,3,6
1765413725.883634,407,4,3,6,3,6
1765413725.900661,407,4,3,6,3,6
1765413725.917382,408,4,3,6,3,6
1765413725.934581,408,4,3,6,3,6
1765413725.951275,408,4,3,6,3,6
1765413725.967475,409,4,3,6,3,6
1765413725.984527,409,4,3,6,3,6
1765413726.000494,410,4,4,6,4,6
1765413726.017477,410,4,4,6,4,6
1765413726.034347,410,4,4,6,4,6
1765413726.085527,411,4,4,6,4,6
1765413726.116218,412,4,4,6,4,6
1765413726.132624,413,4,4,6,4,6
1765413726.148262,413,4,4,6,4,6
1765413726.165877,413,4,4,6,4,6
1765413726.181598,414,4,4,6,4,6
1765413726.197406,414,4,4,6,4,6
1765413726.214257,414,4,4,6,4,6
1765413726.230051,415,4,4,6,4,6
1765413726.247243,415,4,4,6,4,6
1765413726.264318,416,4,4,6,4,6
1765413726.281252,416,4,4,6,4,6
1765413726.298641,416,4,4,6,4,6
1765413726.315034,417,4,4,6,4,6
1765413726.332438,417,4,4,6,4,6
1765413726.349003,418,4,4,6,4,6
1765413726.366359,418,4,4,6,4,6
1765413726.382877,418,4,4,6,4,6
1765413726.398159,419,4,4,6,4,6
1765413726.414753,419,4,4,6,4,6
1765413726.430410,420,4,4,6,4,6
1765413726.447227,420,4,4,6,4,6
1765413726.464423,420,4,4,6,4,6
1765413726.481550,421,4,4,6,4,6
1765413726.498299,421,4,4,6,4,6
1765413726.515038,422,4,4,6,4,6
1765413726.532397,422,4,4,6,4,6
1765413726.548487,422,4,4,6,4,6
1765413726.564663,423,4,4,6,4,6
1765413726.580634,423,4,4,6,4,6
1765413726.597143,424,4,4,6,4,6
1765413726.613919,424,4,4,6,4,6
1765413726.631017,424,4,4,6,4,6
1765413726.648205,425,4,4,6,4,6
1765413726.664185,425,4,4,6,4,6
1765413726.681317,426,4,4,6,4,6
1765413726.697320,426,4,4,6,4,6
1765413726.713825,426,4,4,6,4,6
1765413726.730092,427,4,4,6,4,6
1765413726.747020,427,4,4,6,4,6
1765413726.764203,427,4,4,6,4,6
1765413726.780625,428,4,4,6,4,6
1765413726.796701,428,4,4,6,4,6
1765413726.812014,429,4,4,6,4,6
1765413726.829307,429,4,4,6,4,6
1765413726.845624,430,4,4,6,4,6
1765413726.861987,430,4,4,6,4,6
1765413726.878593,430,4,4,6,4,6
1765413726.894753,431,4,4,6,4,6
1765413726.911014,431,4,4,6,4,6
1765413726.927602,432,4,4,6,4,6
1765413726.943935,432,4,4,6,4,6
1765413726.960345,432,4,4,6,4,6
1765413726.976700,433,4,4,6,4,6
1765413726.992613,433,4,4,6,4,6
1765413727.008700,434,4,4,6,4,6
1765413727.024209,434,4,4,6,4,6
1765413727.040494,434,4,4,6,4,6
1765413727.056337,435,4,4,6,4,6
1765413727.073600,435,4,4,6,4,6
1765413727.089253,435,4,4,6,4,6
1765413727.106370,436,4,4,6,4,6
1765413727.122887,436,4,4,6,4,6
1765413727.138864,437,4,4,6,4,6
1765413727.154821,437,4,4,6,4,6
1765413727.171025,437,4,4,6,4,6
1765413727.188231,438,4,4,6,4,6
1765413727.204965,438,4,4,6,4,6
1765413727.220984,439,4,4,6,4,6
1765413727.237225,439,4,4,6,4,6
1765413727.253826,439,4,4,6,4,6
1765413727.270116,440,4,4,6,4,6
1765413727.287928,440,4,4,6,4,6
1765413727.304060,441,4,4,6,4,6
1765413727.320973,441,4,4,6,4,6
1765413727.338017,441,4,4,6,4,6
1765413727.355191,442,4,3,6,3,6
1765413727.372539,442,4,3,6,3,6
1765413727.388155,443,4,3,6,3,6
1765413727.405493,443,4,3,6,3,6
1765413727.422621,444,4,3,6,3,6
1765413727.439571,444,4,3,6,3,6
1765413727.455924,444,4,3,6,3,6
1765413727.472552,445,4,3,6,3,6
1765413727.488566,445,4,3,6,3,6
1765413727.504935,446,4,3,6,3,6
1765413727.520740,446,4,3,6,3,6
1765413727.537063,446,4,3,6,3,6
1765413727.553741,447,4,3,6,3,6
1765413727.570792,447,4,3,6,3,6
1765413727.587749,447,4,3,6,3,6
1765413727.604324,448,4,3,6,3,6
1765413727.621528,448,4,3,6,3,6
1765413727.637343,449,4,3,6,3,6
1765413727.654138,449,4,3,6,3,6
1765413727.671473,449,4,3,6,3,6
1765413727.687394,450,4,3,6,3,6
1765413727.703570,450,4,3,6,3,6
1765413727.720128,451,4,3,6,3,6
1765413727.737485,451,4,3,6,3,6
1765413727.753946,451,4,3,6,3,6
1765413727.770117,452,4,3,6,3,6
1765413727.786636,452,4,3,6,3,6
1765413727.803281,453,4,3,6,3,6
1765413727.820386,453,4,3,6,3,6
1765413727.836289,453,4,3,6,3,6
1765413727.852246,454,4,3,6,3,6
1765413727.869545,454,4,3,6,3,6
1765413727.885373,455,4,3,6,3,6
1765413727.902339,455,4,3,6,3,6
1765413727.919361,455,4,3,6,3,6
1765413727.936190,456,4,3,6,3,6
1765413727.953428,456,4,3,6,3,6
1765413727.970645,457,4,3,6,3,6
1765413727.987164,457,4,3,6,3,6
1765413728.004681,457,4,3,6,3,6
1765413728.021732,458,4,3,6,3,6
1765413728.038218,458,4,3,6,3,6
1765413728.054784,459,4,2,6,2,6
1765413728.070204,459,4,2,6,2,6
1765413728.087453,459,4,2,6,2,6
1765413728.103464,460,4,2,6,2,6
1765413728.120218,460,4,2,6,2,6
1765413728.137025,461,4,2,6,2,6
1765413728.153712,461,4,2,6,2,6
1765413728.170081,461,4,2,6,2,6
1765413728.187351,462,4,2,6,2,6
1765413728.204375,462,4,2,6,2,6
1765413728.220832,463,4,2,6,2,6
1765413728.236297,463,4,2,6,2,6
1765413728.253518,463,4,2,6,2,6
1765413728.270537,464,4,2,6,2,6
1765413728.287206,464,4,2,6,2,6
1765413728.303911,464,4,2,6,2,6
1765413728.319784,465,4,2,6,2,6
1765413728.336313,465,4,2,6,2,6
1765413728.352572,466,4,2,6,2,6
1765413728.369022,466,4,2,6,2,6
1765413728.385963,466,4,2,6,2,6
1765413728.402198,467,4,2,6,2,6
1765413728.420364,467,4,2,6,2,6
1765413728.437351,468,4,2,6,2,6
1765413728.453558,468,4,2,6,2,6
1765413728.469848,468,4,2,6,2,6
1765413728.486125,469,4,2,6,2,6
1765413728.503238,469,4,2,6,2,6
1765413728.519194,470,4,2,6,2,6
1765413728.535195,470,4,2,6,2,6
1765413728.551490,470,4,2,6,2,6
1765413728.567488,471,4,2,6,2,6
1765413728.583937,471,4,2,6,2,6
1765413728.600215,471,4,2,6,2,6
1765413728.618077,472,4,2,6,2,6
1765413728.634835,472,4,2,6,2,6
1765413728.651224,473,4,2,6,2,6
1765413728.668483,473,4,2,6,2,6
1765413728.684337,473,4,2,6,2,6
1765413728.700571,474,4,2,6,2,6
1765413728.716662,474,4,2,6,2,6
1765413728.733276,475,4,2,6,2,6
1765413728.749851,475,4,2,6,2,6
1765413728.765810,475,4,2,6,2,6
1765413728.781707,476,4,2,6,2,6
1765413728.798126,476,4,2,6,2,6
1765413728.814977,477,4,2,6,2,6
1765413728.832627,477,4,2,6,2,6
1765413728.849802,477,4,2,6,2,6
1765413728.865973,478,4,2,6,2,6
1765413728.882700,478,4,2,6,2,6
1765413728.898602,479,4,2,6,2,6
1765413728.915287,479,4,2,6,2,6
1765413728.932579,479,4,2,6,2,6
1765413728.949906,480,4,2,6,2,6
1765413728.967305,480,4,2,6,2,6
1765413728.983302,480,4,2,6,2,6
1765413728.999510,481,4,2,6,2,6
1765413729.015550,481,4,2,6,2,6
1765413729.031567,482,4,2,6,2,6
1765413729.048381,482,4,2,6,2,6
1765413729.064526,483,4,2,6,2,6
1765413729.081241,483,4,2,6,2,6
1765413729.097630,483,4,2,6,2,6
1765413729.114792,484,4,2,6,2,6
1765413729.131048,484,4,2,6,2,6
1765413729.148222,485,4,2,6,2,6
1765413729.165578,485,4,2,6,2,6
1765413729.181787,485,4,2,6,2,6
1765413729.198157,486,4,2,7,2,7
1765413729.214940,486,4,2,7,2,7
1765413729.230598,487,4,2,7,2,7
1765413729.247839,487,4,2,7,2,7
1765413729.264551,487,4,2,7,2,7
1765413729.281443,488,4,2,7,2,7
1765413729.298168,488,4,2,7,2,7
1765413729.314821,489,4,2,7,2,7
1765413729.330434,489,4,2,7,2,7
1765413729.346970,489,4,2,7,2,7
1765413729.364030,490,4,2,7,2,7
1765413729.380571,490,4,2,7,2,7
1765413729.397206,491,4,2,7,2,7
1765413729.414263,491,4,2,7,2,7
1765413729.430930,491,4,2,7,2,7
1765413729.447404,492,4,2,7,2,7
1765413729.464168,492,4,2,7,2,7
1765413729.480887,493,4,2,7,2,7
1765413729.497122,493,4,2,7,2,7
1765413729.513424,493,4,2,7,2,7
1765413729.529166,494,4,2,7,2,7
1765413729.545999,494,4,2,7,2,7
1765413729.562675,494,4,2,7,2,7
1765413729.579190,495,4,2,7,2,7
1765413729.595974,495,4,2,7,2,7
1765413729.613301,496,4,2,7,2,7
1765413729.630316,496,4,2,7,2,7
1765413729.647417,497,4,2,7,2,7
1765413729.663159,497,4,2,7,2,7
1765413729.679793,497,4,2,7,2,7
1765413729.695831,498,4,2,7,2,7
1765413729.712431,498,4,2,7,2,7
1765413729.728801,498,4,2,7,2,7
1765413729.744841,499,4,2,7,2,7
1765413729.761996,499,4,2,7,2,7
1765413729.779586,500,4,2,7,2,7
1765413729.795953,500,4,2,7,2,7
1765413729.812698,500,4,2,7,2,7
1765413729.829247,501,4,2,7,2,7
1765413729.845742,501,4,2,7,2,7
1765413729.862421,502,4,2,7,2,7
1765413729.878890,502,4,2,7,2,7
1765413729.895860,502,4,2,7,2,7
1765413729.912511,503,4,2,7,2,7
1765413729.929456,503,4,2,7,2,7
1765413729.945890,504,4,2,7,2,7
1765413729.961501,504,4,2,7,2,7
1765413729.977868,504,4,2,7,2,7
1765413729.994020,505,4,2,7,2,7
1765413730.010609,505,4,2,7,2,7
1765413730.027197,505,4,2,7,2,7
1765413730.044560,506,4,2,7,2,7
1765413730.060756,506,4,2,7,2,7
1765413730.076733,507,4,2,7,2,7
1765413730.093353,507,4,2,7,2,7
1765413730.109972,507,4,2,7,2,7
1765413730.127642,508,4,2,7,2,7
1765413730.143585,508,4,2,7,2,7
1765413730.160499,509,4,2,7,2,7
1765413730.176526,509,4,2,7,2,7
1765413730.192491,509,4,2,7,2,7
1765413730.208874,510,4,3,7,3,7
1765413730.224785,510,4,3,7,3,7
1765413730.241014,511,4,3,7,3,7
1765413730.257620,511,4,3,7,3,7
1765413730.274398,511,4,3,7,3,7
1765413730.291074,512,4,3,7,3,7
1765413730.308318,512,4,3,7,3,7
1765413730.324773,513,4,3,7,3,7
1765413730.341388,513,4,3,7,3,7
1765413730.357978,513,4,3,7,3,7
1765413730.375571,514,4,3,7,3,7
1765413730.391134,514,4,3,7,3,7
1765413730.407673,514,4,3,7,3,7
1765413730.423866,515,4,3,7,3,7
1765413730.441035,515,4,3,7,3,7
1765413730.457731,516,4,3,7,3,7
1765413730.474206,516,4,3,7,3,7
1765413730.491004,516,4,3,7,3,7
1765413730.507164,517,4,3,7,3,7
1765413730.524298,517,4,3,7,3,7
1765413730.540830,518,4,3,7,3,7
1765413730.557164,518,4,3,7,3,7
1765413730.573635,518,4,3,7,3,7
1765413730.589428,519,4,3,7,3,7
1765413730.605973,519,4,3,7,3,7
1765413730.622599,520,4,3,7,3,7
1765413730.639253,520,4,3,7,3,7
1765413730.656265,520,4,3,7,3,7
1765413730.673443,521,4,3,7,3,7
1765413730.689696,521,4,3,7,3,7
1765413730.706490,522,4,3,7,3,7
1765413730.722951,522,4,3,7,3,7
1765413730.739434,522,4,3,7,3,7
1765413730.756088,523,4,3,7,3,7
1765413730.773702,523,4,3,7,3,7
1765413730.789621,524,4,3,7,3,7
1765413730.805974,524,4,3,7,3,7
1765413730.822964,524,4,3,7,3,7
1765413730.839890,525,4,3,7,3,7
1765413730.856301,525,4,3,7,3,7
1765413730.873076,526,4,3,8,3,8
1765413730.890472,526,4,3,8,3,8
1765413730.906454,526,4,3,8,3,8
1765413730.922925,527,4,3,8,3,8
1765413730.939447,527,4,3,8,3,8
1765413730.955373,527,4,3,8,3,8
1765413730.971725,528,4,3,8,3,8
1765413730.987548,528,4,3,8,3,8
1765413731.004090,529,4,3,8,3,8
1765413731.021039,529,4,3,8,3,8
1765413731.038624,529,4,3,8,3,8
1765413731.054656,530,4,3,8,3,8
1765413731.071418,530,4,3,8,3,8
1765413731.087891,531,4,3,8,3,8
1765413731.104862,531,4,3,8,3,8
1765413731.120878,531,4,3,8,3,8
1765413731.136555,532,4,3,8,3,8
1765413731.153631,532,4,3,8,3,8
1765413731.170182,533,4,3,8,3,8
1765413731.188009,533,4,3,8,3,8
1765413731.204903,533,4,3,8,3,8
1765413731.221052,534,4,3,8,3,8
1765413731.237163,534,4,3,8,3,8
1765413731.253928,535,4,3,8,3,8
1765413731.269684,535,4,3,8,3,8
1765413731.286075,535,4,3,8,3,8
1765413731.302836,536,4,3,8,3,8
1765413731.319004,536,4,3,8,3,8
1765413731.335766,536,4,3,8,3,8
1765413731.351761,537,4,3,8,3,8
1765413731.367802,537,4,3,8,3,8
1765413731.383349,538,4,3,8,3,8
1765413731.400439,538,4,3,8,3,8
1765413731.417159,538,4,3,8,3,8
1765413731.434422,539,4,3,8,3,8
1765413731.450445,539,4,3,8,3,8
1765413731.467168,540,4,3,8,3,8
1765413731.483910,540,4,3,8,3,8
1765413731.500268,540,4,3,8,3,8
1765413731.517341,541,4,3,8,3,8
1765413731.534761,541,4,3,8,3,8
1765413731.551749,542,4,3,8,3,8
1765413731.567955,542,4,3,8,3,8
1765413731.584681,542,4,3,8,3,8
1765413731.601388,543,4,3,8,3,8
1765413731.617830,543,4,3,8,3,8
1765413731.633606,544,4,4,8,4,8
1765413731.649862,544,4,4,8,4,8
1765413731.665875,544,4,4,8,4,8
1765413731.681808,545,4,4,8,4,8
1765413731.698480,545,4,4,8,4,8
1765413731.715263,545,4,4,8,4,8
1765413731.731963,546,4,4,8,4,8
1765413731.748818,546,4,4,8,4,8
1765413731.765206,547,4,4,8,4,8
1765413731.781743,547,4,4,8,4,8
1765413731.797985,548,4,4,8,4,8
1765413731.814539,548,4,4,8,4,8
1765413731.831182,548,4,4,8,4,8
1765413731.847902,549,4,4,8,4,8
1765413731.864274,549,4,4,8,4,8
1765413731.881148,550,4,4,8,4,8
1765413731.897943,550,4,4,8,4,8
1765413731.914325,550,4,4,8,4,8
1765413731.931636,551,4,4,8,4,8
1765413731.948882,551,4,4,8,4,8
1765413731.964448,552,4,4,8,4,8
1765413731.980962,552,4,4,8,4,8
1765413731.996544,552,4,4,8,4,8
1765413732.013530,553,4,4,8,4,8
1765413732.029660,553,4,4,8,4,8
1765413732.045846,553,4,4,8,4,8
1765413732.061820,554,4,4,8,4,8
1765413732.077749,554,4,4,8,4,8
1765413732.093449,555,4,4,8,4,8
1765413732.109249,555,4,4,8,4,8
1765413732.125486,555,4,4,8,4,8
1765413732.141830,556,4,4,8,4,8
1765413732.157780,556,4,4,8,4,8
1765413732.173853,557,4,4,8,4,8
1765413732.189531,557,4,4,8,4,8
1765413732.207205,557,4,4,8,4,8
1765413732.224032,558,4,4,8,4,8
1765413732.241893,558,4,4,8,4,8
1765413732.258054,558,4,4,8,4,8
1765413732.274582,559,4,4,8,4,8
1765413732.291767,559,4,4,8,4,8
1765413732.308821,560,4,4,8,4,8
1765413732.325501,560,4,4,8,4,8
1765413732.342127,561,4,4,8,4,8
1765413732.358831,561,4,4,8,4,8
1765413732.374384,561,4,4,8,4,8
1765413732.390764,562,4,4,8,4,8
1765413732.407090,562,4,4,8,4,8
1765413732.423351,562,4,4,8,4,8
1765413732.439920,563,4,4,9,4,9
1765413732.455943,563,4,4,9,4,9
1765413732.471431,564,4,4,9,4,9
1765413732.487685,564,4,4,9,4,9
1765413732.503582,564,4,4,9,4,9
1765413732.520243,565,4,4,9,4,9
1765413732.538657,565,4,4,9,4,9
1765413732.555197,566,4,4,9,4,9
1765413732.572114,566,4,4,9,4,9
1765413732.589429,566,4,4,9,4,9
1765413732.605261,567,4,4,9,4,9
1765413732.621567,567,4,4,9,4,9
1765413732.638518,567,4,4,9,4,9
1765413732.655164,568,4,4,9,4,9
1765413732.671706,568,4,4,9,4,9
1765413732.687796,569,4,4,9,4,9
1765413732.704108,569,4,4,9,4,9
1765413732.721307,569,4,4,9,4,9
1765413732.737882,570,4,4,9,4,9
1765413732.753273,570,4,4,9,4,9
1765413732.770127,571,4,3,9,3,9
1765413732.786629,571,4,3,9,3,9
1765413732.804101,571,4,3,9,3,9
1765413732.822095,572,4,3,9,3,9
1765413732.838769,572,4,3,9,3,9
1765413732.855156,573,4,3,9,3,9
1765413732.871562,573,4,3,9,3,9
1765413732.888448,573,4,3,9,3,9
1765413732.904705,574,4,3,9,3,9
1765413732.920363,574,4,3,9,3,9
1765413732.937565,575,4,3,9,3,9
1765413732.954467,575,4,3,9,3,9
1765413732.971187,575,4,3,9,3,9
1765413732.987136,576,4,3,9,3,9
1765413733.004183,576,4,3,9,3,9
1765413733.020943,576,4,3,9,3,9
1765413733.037231,577,4,3,9,3,9
1765413733.053490,577,4,3,9,3,9
1765413733.070105,578,4,3,9,3,9
1765413733.088086,578,4,3,9,3,9
1765413733.104722,578,4,3,9,3,9
1765413733.121636,579,4,3,9,3,9
1765413733.137743,579,4,3,9,3,9
1765413733.154232,580,4,3,10,3,10
1765413733.171341,580,4,3,10,3,10
1765413733.187943,580,4,3,10,3,10
1765413733.204110,581,4,3,10,3,10
1765413733.221140,581,4,3,10,3,10
1765413733.237585,582,4,3,10,3,10
1765413733.253889,582,4,3,10,3,10
1765413733.270214,582,4,3,10,3,10
1765413733.286826,583,4,3,10,3,10
1765413733.303139,583,4,3,10,3,10
1765413733.319616,584,4,3,10,3,10
1765413733.336472,584,4,3,10,3,10
1765413733.353113,584,4,3,10,3,10
1765413733.370088,585,4,3,10,3,10
1765413733.387281,585,4,3,10,3,10
1765413733.404372,586,4,3,10,3,10
1765413733.421871,586,4,3,10,3,10
1765413733.437378,586,4,3,10,3,10
1765413733.454098,587,4,3,10,3,10
1765413733.470564,587,4,3,10,3,10
1765413733.487291,588,4,3,10,3,10
1765413733.504663,588,4,3,10,3,10
1765413733.520336,588,4,3,10,3,10
1765413733.538061,589,4,3,10,3,10
1765413733.554930,589,4,3,10,3,10
1765413733.571259,590,4,3,10,3,10
1765413733.587442,590,4,3,10,3,10
1765413733.603954,590,4,3,10,3,10
1765413733.619408,591,4,3,10,3,10
1765413733.636317,591,4,3,10,3,10
1765413733.654045,591,4,3,10,3,10
1765413733.670686,592,4,3,10,3,10
1765413733.687079,592,4,3,10,3,10
1765413733.703524,593,4,3,10,3,10
1765413733.720371,593,4,3,10,3,10
1765413733.737364,593,4,3,10,3,10
1765413733.754061,594,4,3,11,3,11
1765413733.770671,594,4,3,11,3,11
1765413733.787292,595,4,3,11,3,11
1765413733.804678,595,4,3,11,3,11
1765413733.820617,595,4,3,11,3,11
1765413733.836217,596,4,3,11,3,11
1765413733.853776,596,4,3,11,3,11
1765413733.869694,597,4,3,11,3,11
1765413733.885366,597,4,3,11,3,11
1765413733.902778,597,4,3,11,3,11
1765413733.918337,598,4,3,11,3,11
1765413733.934723,598,4,3,11,3,11
1765413733.950666,598,4,3,11,3,11
1765413733.966722,599,4,3,11,3,11
1765413733.983164,599,4,3,11,3,11
1765413734.001051,600,4,3,11,3,11
1765413734.017737,600,4,3,11,3,11
1765413734.033297,600,4,3,11,3,11
1765413734.050884,601,4,3,11,3,11
1765413734.066679,601,4,3,11,3,11
1765413734.083057,602,4,3,11,3,11
1765413734.099620,602,4,3,11,3,11
1765413734.115998,602,4,3,11,3,11
1765413734.134016,603,4,3,11,3,11
1765413734.150559,603,4,3,11,3,11
1765413734.167700,604,4,3,11,3,11
1765413734.183395,604,4,3,11,3,11
1765413734.199565,604,4,3,11,3,11
1765413734.216610,605,4,3,11,3,11
1765413734.232379,605,4,3,11,3,11
1765413734.249558,606,4,3,11,3,11
1765413734.265479,606,4,3,11,3,11
1765413734.282101,606,4,3,11,3,11
1765413734.299055,607,4,3,11,3,11
1765413734.316549,607,4,3,11,3,11
1765413734.333184,608,4,3,11,3,11
1765413734.350027,608,4,3,11,3,11
1765413734.367375,608,4,3,11,3,11
1765413734.383824,609,4,3,11,3,11
1765413734.400847,609,4,3,11,3,11
1765413734.417091,610,4,3,11,3,11
1765413734.433548,610,4,3,11,3,11
1765413734.449514,610,4,3,11,3,11
1765413734.466204,611,4,3,11,3,11
1765413734.483068,611,4,3,11,3,11
1765413734.500664,612,4,3,11,3,11
1765413734.516818,612,4,3,11,3,11
1765413734.533270,612,4,3,11,3,11
1765413734.549717,613,4,3,11,3,11
1765413734.565631,613,4,3,11,3,11
1765413734.582280,614,4,3,11,3,11
1765413734.598381,614,4,3,11,3,11
1765413734.614938,614,4,3,11,3,11
1765413734.631788,615,4,3,11,3,11
1765413734.647729,615,4,3,11,3,11
1765413734.663241,615,4,3,11,3,11
1765413734.679938,616,4,3,11,3,11
1765413734.696379,616,4,3,11,3,11
1765413734.713039,617,4,3,11,3,11
1765413734.729632,617,4,3,11,3,11
1765413734.746089,617,4,3,11,3,11
1765413734.763079,618,4,3,11,3,11
1765413734.780180,618,4,3,11,3,11
1765413734.797368,619,4,3,11,3,11
1765413734.813396,619,4,3,11,3,11
1765413734.830895,619,4,3,11,3,11
1765413734.847408,620,4,3,11,3,11
1765413734.863622,620,4,3,11,3,11
1765413734.880861,621,4,3,11,3,11
1765413734.898363,621,4,3,11,3,11
1765413734.914542,621,4,3,11,3,11
1765413734.930904,622,4,3,11,3,11
1765413734.947522,622,4,3,11,3,11
1765413734.963980,623,4,3,11,3,11
1765413734.981518,623,4,3,11,3,11
1765413734.998010,623,4,3,11,3,11
1765413735.014729,624,4,3,11,3,11
1765413735.030867,624,4,3,11,3,11
1765413735.047585,625,4,3,11,3,11
1765413735.063884,625,4,3,11,3,11
1765413735.080273,625,4,3,11,3,11
1765413735.098009,626,4,3,11,3,11
1765413735.115567,626,4,3,11,3,11
1765413735.131849,627,4,3,11,3,11
1765413735.147361,627,4,3,11,3,11
1765413735.163161,627,4,3,11,3,11
1765413735.179504,628,4,3,11,3,11
1765413735.196609,628,4,3,11,3,11
1765413735.212967,628,4,3,11,3,11
1765413735.229500,629,4,3,11,3,11
1765413735.245850,629,4,3,11,3,11
1765413735.261500,630,4,3,11,3,11
1765413735.277952,630,4,3,11,3,11
1765413735.293786,630,4,3,11,3,11
1765413735.309395,631,4,3,11,3,11
1765413735.325737,631,4,3,11,3,11
1765413735.341793,632,4,3,11,3,11
1765413735.358550,632,4,3,11,3,11
1765413735.374150,632,4,3,11,3,11
1765413735.391591,633,4,3,11,3,11
1765413735.408638,633,4,3,11,3,11
1765413735.424968,633,4,3,11,3,11
1765413735.442920,634,4,3,11,3,11
1765413735.459566,635,4,3,11,3,11
1765413735.476089,635,4,3,11,3,11
1765413735.493251,635,4,3,11,3,11
1765413735.510362,636,4,3,11,3,11
1765413735.527346,636,4,3,11,3,11
1765413735.543341,637,4,3,11,3,11
1765413735.559671,637,4,3,11,3,11
1765413735.576320,637,4,3,11,3,11
1765413735.592626,638,4,3,11,3,11
1765413735.609233,638,4,3,11,3,11
1765413735.626290,638,4,3,11,3,11
1765413735.642684,639,4,3,11,3,11
1765413735.659410,639,4,3,11,3,11
1765413735.675753,640,4,3,11,3,11
1765413735.691589,640,4,3,11,3,11
1765413735.707226,640,4,3,11,3,11
1765413735.723602,641,4,3,10,3,10
1765413735.739675,641,4,3,10,3,10
1765413735.755363,642,4,3,10,3,10
1765413735.771809,642,4,3,10,3,10
1765413735.787496,642,4,3,10,3,10
1765413735.804342,643,4,3,10,3,10
1765413735.821378,643,4,3,10,3,10
1765413735.838001,643,4,3,10,3,10
1765413735.856342,644,4,3,10,3,10
1765413735.872728,644,4,3,10,3,10
1765413735.889266,645,4,3,10,3,10
1765413735.906028,645,4,3,10,3,10
1765413735.922923,645,4,3,10,3,10
1765413735.939902,646,4,3,10,3,10
1765413735.955990,646,4,3,10,3,10
1765413735.972947,647,4,3,10,3,10
1765413735.989408,647,4,3,10,3,10
1765413736.005943,647,4,3,10,3,10
1765413736.022167,648,4,3,10,3,10
1765413736.038607,648,4,3,10,3,10
1765413736.054943,649,4,3,10,3,10
1765413736.071554,649,4,3,10,3,10
1765413736.087401,649,4,3,10,3,10
1765413736.103717,650,4,3,10,3,10
1765413736.120209,650,4,3,10,3,10
1765413736.137890,651,4,3,10,3,10
1765413736.153513,651,4,3,10,3,10
1765413736.169624,651,4,3,10,3,10
1765413736.186684,652,4,3,10,3,10
1765413736.203434,652,4,3,10,3,10
1765413736.220114,652,4,3,10,3,10
1765413736.237996,653,4,3,10,3,10
1765413736.254753,653,4,3,10,3,10
1765413736.271193,654,4,3,10,3,10
1765413736.287220,654,4,3,10,3,10
1765413736.304183,654,4,3,10,3,10
1765413736.320719,655,4,3,10,3,10
1765413736.337213,655,4,3,10,3,10
1765413736.353614,656,4,3,10,3,10
1765413736.369779,656,4,3,10,3,10
1765413736.385716,656,4,3,10,3,10
1765413736.401839,657,4,3,9,3,9
1765413736.418020,657,4,3,9,3,9
1765413736.434808,658,4,3,9,3,9
1765413736.450889,658,4,3,9,3,9
1765413736.467479,658,4,3,9,3,9
1765413736.483850,659,4,3,9,3,9
1765413736.499840,659,4,3,9,3,9
1765413736.516008,659,4,3,9,3,9
1765413736.532608,660,4,3,9,3,9
1765413736.549308,660,4,3,9,3,9
1765413736.566087,661,4,3,9,3,9
1765413736.583620,661,4,3,9,3,9
1765413736.600398,661,4,3,9,3,9
1765413736.617755,662,4,3,9,3,9
1765413736.633722,662,4,3,9,3,9
1765413736.651215,663,4,3,9,3,9
1765413736.667713,663,4,3,9,3,9
1765413736.683603,663,4,3,9,3,9
1765413736.700052,664,4,3,9,3,9
1765413736.717183,664,4,3,9,3,9
1765413736.733516,665,4,3,9,3,9
1765413736.749271,665,4,3,9,3,9
1765413736.766048,665,4,3,9,3,9
1765413736.783619,666,4,3,9,3,9
1765413736.800782,666,4,3,9,3,9
1765413736.817687,667,4,3,9,3,9
1765413736.834903,667,4,3,9,3,9
1765413736.850972,667,4,3,9,3,9
1765413736.868431,668,4,3,9,3,9
1765413736.884980,668,4,3,9,3,9
1765413736.901954,669,4,3,8,3,8
1765413736.918116,669,4,3,8,3,8
1765413736.934788,669,4,3,8,3,8
1765413736.951045,670,4,3,8,3,8
1765413736.968438,670,4,3,8,3,8
1765413736.984437,670,4,3,8,3,8
1765413737.001595,671,4,3,8,3,8
1765413737.017681,671,4,3,8,3,8
1765413737.034335,672,4,3,8,3,8
1765413737.050818,672,4,3,8,3,8
1765413737.067474,672,4,3,8,3,8
1765413737.084215,673,4,3,8,3,8
1765413737.101542,673,4,3,8,3,8
1765413737.118006,674,4,3,8,3,8
1765413737.135054,674,4,3,8,3,8
1765413737.151706,674,4,3,8,3,8
1765413737.169976,675,4,3,8,3,8
1765413737.187512,675,4,3,8,3,8
1765413737.204298,676,4,3,8,3,8
1765413737.221052,676,4,3,8,3,8
1765413737.237813,676,4,3,8,3,8
1765413737.254693,677,4,3,8,3,8
1765413737.271216,677,4,3,8,3,8
1765413737.287788,678,4,3,8,3,8
1765413737.304455,678,4,3,8,3,8
1765413737.321262,678,4,3,8,3,8
1765413737.338402,679,4,3,8,3,8
1765413737.354051,679,4,3,8,3,8
1765413737.370740,680,4,3,8,3,8
1765413737.387250,680,4,3,8,3,8
1765413737.404011,680,4,3,8,3,8
1765413737.420849,681,4,3,8,3,8
1765413737.437255,681,4,3,8,3,8
1765413737.454311,682,4,3,8,3,8
1765413737.470809,682,4,3,8,3,8
1765413737.487481,682,4,3,8,3,8
1765413737.504127,683,4,3,8,3,8
1765413737.520539,683,4,3,8,3,8
1765413737.536552,683,4,3,8,3,8
1765413737.552291,684,4,3,8,3,8
1765413737.570344,684,4,3,8,3,8
1765413737.587511,685,4,3,8,3,8
1765413737.603530,685,4,3,8,3,8
1765413737.619347,685,4,3,8,3,8
1765413737.635522,686,4,3,8,3,8
1765413737.651551,686,4,3,8,3,8
1765413737.668598,687,4,3,8,3,8
1765413737.684803,687,4,3,8,3,8
1765413737.701707,687,4,3,8,3,8
1765413737.718250,688,4,3,8,3,8
1765413737.735490,688,4,3,8,3,8
1765413737.752258,689,4,3,8,3,8
1765413737.769298,689,4,3,8,3,8
1765413737.786146,689,4,3,8,3,8
1765413737.803512,690,4,3,8,3,8
1765413737.819453,690,4,3,8,3,8
1765413737.835686,691,4,3,8,3,8
1765413737.852017,691,4,3,8,3,8
1765413737.868490,691,4,3,8,3,8
1765413737.884466,692,4,3,8,3,8
1765413737.901443,692,4,3,8,3,8
1765413737.918316,693,4,3,8,3,8
1765413737.936059,693,4,3,8,3,8
1765413737.952946,693,4,3,8,3,8
1765413737.968990,694,4,3,8,3,8
1765413737.986369,694,4,3,8,3,8
1765413738.003173,695,4,3,8,3,8
1765413738.020108,695,4,3,8,3,8
1765413738.036775,695,4,3,8,3,8
1765413738.053851,696,4,3,8,3,8
1765413738.069887,696,4,3,8,3,8
1765413738.085577,696,4,3,8,3,8
1765413738.102022,697,4,3,8,3,8
1765413738.119684,697,4,3,8,3,8
1765413738.136001,698,4,3,8,3,8
1765413738.152788,698,4,3,8,3,8
1765413738.169462,698,4,3,8,3,8
1765413738.185784,699,4,3,8,3,8
1765413738.202055,699,4,3,8,3,8
1765413738.218496,700,4,3,8,3,8
1765413738.234275,700,4,3,8,3,8
1765413738.251633,700,4,3,8,3,8
1765413738.268754,701,4,3,7,3,7
1765413738.284317,701,4,3,7,3,7
1765413738.300535,702,4,3,7,3,7
1765413738.316921,702,4,3,7,3,7
1765413738.334062,702,4,3,7,3,7
1765413738.350703,703,4,3,7,3,7
1765413738.366597,703,4,3,7,3,7
1765413738.382632,704,4,3,7,3,7
1765413738.399762,704,4,3,7,3,7
1765413738.417429,705,4,3,7,3,7
1765413738.433518,705,4,3,7,3,7
1765413738.449532,705,4,3,7,3,7
1765413738.465683,706,4,3,7,3,7
1765413738.481807,706,4,3,7,3,7
1765413738.498443,706,4,3,7,3,7
1765413738.515088,707,4,3,7,3,7
1765413738.531279,707,4,3,7,3,7
1765413738.548524,708,4,3,7,3,7
1765413738.565523,708,4,3,7,3,7
1765413738.582318,708,4,3,7,3,7
1765413738.598612,709,4,3,7,3,7
1765413738.615640,709,4,3,7,3,7
1765413738.632580,710,4,3,7,3,7
1765413738.649681,710,4,3,7,3,7
1765413738.666031,710,4,3,7,3,7
1765413738.682854,711,4,3,7,3,7
1765413738.698429,711,4,3,7,3,7
1765413738.714362,712,4,3,7,3,7
1765413738.731051,712,4,3,7,3,7
1765413738.748724,712,4,3,7,3,7
1765413738.766009,713,4,3,7,3,7
1765413738.783092,713,4,3,7,3,7
1765413738.799752,714,4,3,7,3,7
1765413738.816041,714,4,3,7,3,7
1765413738.833597,714,4,3,7,3,7
1765413738.850724,715,4,3,7,3,7
1765413738.867169,715,4,3,7,3,7
1765413738.884325,716,4,3,7,3,7
1765413738.901030,716,4,3,7,3,7
1765413738.918762,716,4,3,7,3,7
1765413738.935373,717,4,3,7,3,7
1765413738.951921,717,4,3,7,3,7
1765413738.967625,718,4,4,7,4,7
1765413738.983602,718,4,4,7,4,7
1765413738.999949,718,4,4,7,4,7
1765413739.016581,719,4,4,7,4,7
1765413739.033898,719,4,4,7,4,7
1765413739.050409,720,4,4,7,4,7
1765413739.067409,720,4,4,7,4,7
1765413739.084956,720,4,4,7,4,7
1765413739.100892,721,4,4,7,4,7
1765413739.116371,721,4,4,7,4,7
1765413739.132951,722,4,4,7,4,7
1765413739.148557,722,4,4,7,4,7
1765413739.164383,722,4,4,7,4,7
1765413739.181127,723,4,4,7,4,7
1765413739.197864,723,4,4,7,4,7
1765413739.214045,723,4,4,7,4,7
1765413739.230592,724,4,4,7,4,7
1765413739.246632,724,4,4,7,4,7
1765413739.263072,725,4,4,7,4,7
1765413739.279200,725,4,4,7,4,7
1765413739.295847,725,4,4,7,4,7
1765413739.312206,726,4,4,7,4,7
1765413739.328657,726,4,4,7,4,7
1765413739.344428,727,4,4,7,4,7
1765413739.360680,727,4,4,7,4,7
1765413739.377643,727,4,4,7,4,7
1765413739.395154,728,4,4,7,4,7
1765413739.411600,728,4,4,7,4,7
1765413739.427546,729,4,4,7,4,7
1765413739.443452,729,4,4,7,4,7
1765413739.460860,729,4,4,7,4,7
1765413739.477347,730,4,4,7,4,7
1765413739.493202,730,4,4,7,4,7
1765413739.510235,730,4,4,7,4,7
1765413739.527295,731,4,4,7,4,7
1765413739.543827,731,4,4,7,4,7
1765413739.560354,732,4,4,7,4,7
1765413739.577528,732,4,4,7,4,7
1765413739.594861,732,4,4,7,4,7
1765413739.611101,733,4,4,7,4,7
1765413739.628611,733,4,4,7,4,7
1765413739.645181,734,4,4,7,4,7
1765413739.661343,734,4,4,7,4,7
1765413739.677422,734,4,4,7,4,7
1765413739.694029,735,4,4,7,4,7
1765413739.710991,735,4,4,7,4,7
1765413739.727822,736,4,4,7,4,7
1765413739.744010,736,4,4,7,4,7
1765413739.760711,736,4,4,7,4,7
1765413739.776983,737,4,4,7,4,7
1765413739.794115,737,4,4,7,4,7
1765413739.811264,738,4,4,7,4,7
1765413739.827797,738,4,4,7,4,7
1765413739.843916,738,4,4,7,4,7
1765413739.860254,739,4,4,7,4,7
1765413739.876362,739,4,4,7,4,7
1765413739.892586,740,4,4,7,4,7
1765413739.908379,740,4,4,7,4,7
1765413739.926308,740,4,4,7,4,7
1765413739.943848,741,4,4,7,4,7
1765413739.960633,741,4,4,7,4,7
1765413739.977736,742,4,4,7,4,7
1765413739.993603,742,4,4,7,4,7
1765413740.010548,742,4,4,7,4,7
1765413740.026968,743,4,4,7,4,7
1765413740.043705,743,4,4,7,4,7
1765413740.060551,744,4,4,7,4,7
1765413740.077086,744,4,4,7,4,7
1765413740.093993,744,4,4,7,4,7
1765413740.110918,745,4,4,7,4,7
1765413740.127565,745,4,4,7,4,7
1765413740.143735,746,4,4,7,4,7
1765413740.159736,746,4,4,7,4,7
1765413740.176718,746,4,4,7,4,7
1765413740.193833,747,4,4,7,4,7
1765413740.209951,747,4,4,7,4,7
1765413740.226000,747,4,4,7,4,7
1765413740.243457,748,4,4,7,4,7
1765413740.259817,748,4,4,7,4,7
1765413740.276219,749,4,4,7,4,7
1765413740.293930,749,4,4,7,4,7
1765413740.310274,749,4,4,7,4,7
1765413740.327324,750,4,4,7,4,7
1765413740.344639,750,4,4,7,4,7
1765413740.361282,751,4,4,7,4,7
1765413740.377838,751,4,4,7,4,7
1765413740.394486,751,4,4,7,4,7
1765413740.411615,752,4,4,7,4,7
1765413740.427739,752,4,4,7,4,7
1765413740.444204,753,4,4,7,4,7
1765413740.460690,753,4,4,7,4,7
1765413740.477201,753,4,4,7,4,7
1765413740.494125,754,4,4,6,4,6
1765413740.510979,754,4,4,6,4,6
1765413740.529028,755,4,4,6,4,6
1765413740.546343,755,4,4,6,4,6
1765413740.563096,755,4,4,6,4,6
1765413740.579634,756,4,4,6,4,6
1765413740.595411,756,4,4,6,4,6
1765413740.612143,757,4,4,6,4,6
1765413740.629130,757,4,4,6,4,6
1765413740.645103,757,4,4,6,4,6
1765413740.662152,758,4,4,6,4,6
1765413740.678797,758,4,4,6,4,6
1765413740.695099,759,4,4,6,4,6
1765413740.711537,759,4,4,6,4,6
1765413740.728786,759,4,4,6,4,6
1765413740.745382,760,4,4,6,4,6
1765413740.761809,760,4,4,6,4,6
1765413740.777484,761,4,4,6,4,6
1765413740.793961,761,4,4,6,4,6
1765413740.809220,761,4,4,6,4,6
1765413740.826338,762,4,4,6,4,6
1765413740.843301,762,4,4,6,4,6
1765413740.859679,762,4,4,6,4,6
1765413740.875765,763,4,4,6,4,6
1765413740.891931,763,4,4,6,4,6
1765413740.908783,764,4,4,6,4,6
1765413740.925058,764,4,4,6,4,6
1765413740.942689,764,4,4,6,4,6
1765413740.958820,765,4,4,6,4,6
1765413740.975183,765,4,4,6,4,6
1765413740.992853,766,4,4,6,4,6
1765413741.009508,766,4,4,6,4,6
1765413741.026724,766,4,4,6,4,6
1765413741.043393,767,4,4,6,4,6
1765413741.060444,767,4,4,6,4,6
1765413741.077214,768,4,4,6,4,6
1765413741.094541,768,4,4,6,4,6
1765413741.111119,768,4,4,6,4,6
1765413741.127717,769,4,4,6,4,6
1765413741.144022,769,4,4,6,4,6
1765413741.161289,770,4,4,6,4,6
1765413741.178755,770,4,4,6,4,6
1765413741.194288,770,4,4,6,4,6
1765413741.211595,771,4,4,6,4,6
1765413741.227492,771,4,4,6,4,6
1765413741.244443,772,4,4,6,4,6
1765413741.261604,772,4,4,6,4,6
1765413741.278980,773,4,4,6,4,6
1765413741.296376,773,4,4,6,4,6
1765413741.312698,773,4,4,6,4,6
1765413741.329680,774,4,4,6,4,6
1765413741.345863,774,4,4,6,4,6
1765413741.361188,775,4,4,6,4,6
1765413741.378221,775,4,4,6,4,6
1765413741.395747,775,4,4,6,4,6
1765413741.411222,776,4,4,6,4,6
1765413741.428754,776,4,4,6,4,6
1765413741.445203,777,4,4,6,4,6
1765413741.461355,777,4,4,6,4,6
1765413741.477652,777,4,4,6,4,6
1765413741.494380,778,4,4,6,4,6
1765413741.511267,778,4,4,6,4,6
1765413741.528567,779,4,4,6,4,6
1765413741.544713,779,4,4,6,4,6
1765413741.561576,779,4,4,6,4,6
1765413741.578532,780,4,4,6,4,6
1765413741.595433,780,4,4,6,4,6
1765413741.611617,781,4,4,6,4,6
1765413741.628724,781,4,4,6,4,6
1765413741.644437,781,4,4,6,4,6
1765413741.660780,782,4,4,6,4,6
1765413741.677428,782,4,4,6,4,6
1765413741.693894,783,4,4,6,4,6
1765413741.710375,783,4,4,6,4,6
1765413741.727234,783,4,4,6,4,6
1765413741.743822,784,4,4,6,4,6
1765413741.759802,784,4,4,6,4,6
1765413741.776556,784,4,4,6,4,6
1765413741.792686,785,4,4,6,4,6
1765413741.809463,785,4,4,6,4,6
1765413741.825733,786,4,4,6,4,6
1765413741.841206,786,4,4,6,4,6
1765413741.858666,786,4,4,6,4,6
1765413741.874422,787,4,4,6,4,6
1765413741.892029,787,4,4,6,4,6
1765413741.910037,788,4,4,6,4,6
1765413741.927787,788,4,4,6,4,6
1765413741.943989,788,4,4,6,4,6
1765413741.960877,789,4,4,6,4,6
1765413741.977135,789,4,4,6,4,6
1765413741.994246,790,4,4,6,4,6
1765413742.011452,790,4,4,6,4,6
1765413742.027494,790,4,4,6,4,6
1765413742.044047,791,4,4,6,4,6
1765413742.061071,791,4,4,6,4,6
1765413742.077832,792,4,4,6,4,6
1765413742.093742,792,4,4,6,4,6
1765413742.109670,792,4,4,6,4,6
1765413742.125182,793,4,4,6,4,6
1765413742.142189,793,4,4,6,4,6
1765413742.159724,794,4,4,6,4,6
1765413742.175293,794,4,4,6,4,6
1765413742.191631,794,4,4,6,4,6
1765413742.208316,795,4,4,6,4,6
1765413742.225117,795,4,4,6,4,6
1765413742.241867,796,4,3,6,3,6
1765413742.257770,796,4,3,6,3,6
1765413742.274023,796,4,3,6,3,6
1765413742.290445,797,4,3,6,3,6
1765413742.307551,797,4,3,6,3,6
1765413742.323522,797,4,3,6,3,6
1765413742.339157,798,4,3,6,3,6
1765413742.356054,798,4,3,6,3,6
1765413742.373124,799,4,3,6,3,6
1765413742.389437,799,4,3,6,3,6
1765413742.405419,799,4,3,6,3,6
1765413742.422317,800,4,3,6,3,6
1765413742.438969,800,4,3,6,3,6
1765413742.456272,801,4,3,6,3,6
1765413742.472631,801,4,3,6,3,6
1765413742.489305,801,4,3,6,3,6
1765413742.506395,802,4,3,6,3,6
1765413742.522967,802,4,3,6,3,6
1765413742.540713,803,4,3,6,3,6
1765413742.557066,803,4,3,6,3,6
1765413742.574159,803,4,3,6,3,6
1765413742.591271,804,4,2,6,2,6
1765413742.608659,804,4,2,6,2,6
1765413742.624683,804,4,2,6,2,6
1765413742.641240,805,4,2,6,2,6
1765413742.658878,805,4,2,6,2,6
1765413742.674850,806,4,2,6,2,6
1765413742.690853,806,4,2,6,2,6
1765413742.707432,806,4,2,6,2,6
1765413742.724486,807,4,2,6,2,6
1765413742.741236,807,4,2,6,2,6
1765413742.757945,808,4,2,6,2,6
1765413742.774087,808,4,2,6,2,6
1765413742.791713,808,4,2,6,2,6
1765413742.807521,809,4,2,6,2,6
1765413742.823574,809,4,2,6,2,6
1765413742.840366,809,4,2,6,2,6
1765413742.857468,810,4,2,6,2,6
1765413742.873872,810,4,2,6,2,6
1765413742.890385,811,4,2,6,2,6
1765413742.907087,811,4,2,6,2,6
1765413742.925029,811,4,2,6,2,6
1765413742.942491,812,4,2,6,2,6
1765413742.959817,812,4,2,6,2,6
1765413742.975973,813,4,2,6,2,6
1765413742.992175,813,4,2,6,2,6
1765413743.009143,813,4,2,6,2,6
1765413743.026687,814,4,2,6,2,6
1765413743.043067,814,4,2,6,2,6
1765413743.060250,815,4,2,6,2,6
1765413743.077453,815,4,2,6,2,6
1765413743.093825,815,4,2,6,2,6
1765413743.110313,816,4,2,6,2,6
1765413743.127111,816,4,2,6,2,6
1765413743.143655,817,4,2,6,2,6
1765413743.159990,817,4,2,6,2,6
1765413743.176689,817,4,2,6,2,6
1765413743.193316,818,4,2,6,2,6
1765413743.210886,818,4,2,6,2,6
1765413743.227410,819,4,2,6,2,6
1765413743.244051,819,4,2,6,2,6
1765413743.261831,819,4,2,6,2,6
1765413743.278316,820,4,2,6,2,6
1765413743.294537,820,4,2,6,2,6
1765413743.311359,821,4,2,6,2,6
1765413743.327823,821,4,2,6,2,6
1765413743.344201,821,4,2,6,2,6
1765413743.361047,822,4,3,6,3,6
1765413743.377384,822,4,3,6,3,6
1765413743.394354,823,4,3,6,3,6
1765413743.411099,823,4,3,6,3,6
1765413743.427528,823,4,3,6,3,6
1765413743.443596,824,4,3,6,3,6
1765413743.459594,824,4,3,6,3,6
1765413743.476227,825,4,3,6,3,6
1765413743.492727,825,4,3,6,3,6
1765413743.508811,825,4,3,6,3,6
1765413743.524875,826,4,3,6,3,6
1765413743.542133,826,4,3,6,3,6
1765413743.560210,826,4,3,6,3,6
1765413743.576827,827,4,3,6,3,6
1765413743.592721,827,4,3,6,3,6
1765413743.608712,828,4,3,6,3,6
1765413743.625152,828,4,3,6,3,6
1765413743.642209,828,4,3,6,3,6
1765413743.658592,829,4,3,6,3,6
1765413743.675142,829,4,3,6,3,6
1765413743.691498,830,4,3,6,3,6
1765413743.707516,830,4,3,6,3,6
1765413743.724669,830,4,3,6,3,6
1765413743.740961,831,4,4,6,4,6
1765413743.757651,831,4,4,6,4,6
1765413743.774337,832,4,4,6,4,6
1765413743.791118,832,4,4,6,4,6
1765413743.807821,832,4,4,6,4,6
1765413743.824397,833,4,4,6,4,6
1765413743.840591,833,4,4,6,4,6
1765413743.856632,833,4,4,6,4,6
1765413743.872885,834,4,4,6,4,6
1765413743.888346,834,4,4,6,4,6
1765413743.905116,835,4,4,6,4,6
1765413743.922725,835,4,4,6,4,6
1765413743.939073,835,4,4,6,4,6
1765413743.955873,836,4,4,6,4,6
1765413743.971552,836,4,4,6,4,6
1765413743.988443,837,4,4,6,4,6
1765413744.005370,837,4,4,6,4,6
1765413744.022098,837,4,4,6,4,6
1765413744.038978,838,4,4,6,4,6
1765413744.056105,838,4,4,6,4,6
1765413744.072480,839,4,4,6,4,6
1765413744.088515,839,4,4,6,4,6
1765413744.105214,839,4,4,6,4,6
1765413744.122578,840,4,4,6,4,6
1765413744.138317,840,4,4,6,4,6
1765413744.155101,841,4,4,6,4,6
1765413744.172728,841,4,4,6,4,6
1765413744.189307,841,4,4,6,4,6
1765413744.206095,842,4,4,6,4,6
1765413744.222815,842,4,4,6,4,6
1765413744.239542,843,4,4,6,4,6
1765413744.256294,843,4,4,6,4,6
1765413744.272795,843,4,4,6,4,6
1765413744.288685,844,4,4,6,4,6
1765413744.304034,844,4,4,6,4,6
1765413744.320965,844,4,4,6,4,6
1765413744.337762,845,4,4,6,4,6
1765413744.353208,845,4,4,6,4,6
1765413744.369630,846,4,4,6,4,6
1765413744.385032,846,4,4,6,4,6
1765413744.401887,846,4,4,6,4,6
1765413744.417669,847,4,4,6,4,6
1765413744.433830,847,4,4,6,4,6
1765413744.450069,848,4,4,6,4,6
1765413744.466608,848,4,4,6,4,6
1765413744.483062,848,4,4,6,4,6
1765413744.499602,849,4,4,6,4,6
1765413744.515707,849,4,4,6,4,6
1765413744.532465,849,4,4,6,4,6
1765413744.548579,850,4,4,6,4,6
1765413744.565210,850,4,4,6,4,6
1765413744.581644,851,4,4,6,4,6
1765413744.597775,851,4,4,6,4,6
1765413744.613568,851,4,4,6,4,6
1765413744.629421,852,4,4,6,4,6
1765413744.645939,852,4,4,6,4,6
1765413744.662374,853,4,5,6,5,6
1765413744.679071,853,4,5,6,5,6
1765413744.695858,853,4,5,6,5,6
1765413744.712249,854,4,5,6,5,6
1765413744.728892,854,4,5,6,5,6
1765413744.744696,855,4,5,6,5,6
1765413744.760517,855,4,5,6,5,6
1765413744.777649,855,4,5,6,5,6
1765413744.794230,856,4,5,6,5,6
1765413744.810852,856,4,5,6,5,6
1765413744.828005,857,4,5,6,5,6
1765413744.845595,857,4,5,6,5,6
1765413744.861572,857,4,5,6,5,6
1765413744.877460,858,4,5,6,5,6
1765413744.893863,858,4,5,6,5,6
1765413744.910230,858,4,5,6,5,6
1765413744.926194,859,4,5,6,5,6
1765413744.942716,859,4,5,6,5,6
1765413744.958664,860,4,5,6,5,6
1765413744.975399,860,4,5,6,5,6
1765413744.992739,860,4,5,6,5,6
1765413745.008450,861,4,5,6,5,6
1765413745.024872,861,4,5,6,5,6
1765413745.040969,862,4,5,6,5,6
1765413745.057899,862,4,5,6,5,6
1765413745.074526,862,4,5,6,5,6
1765413745.091274,863,4,5,6,5,6
1765413745.107970,863,4,5,6,5,6
1765413745.125356,864,4,5,6,5,6
1765413745.142448,864,4,5,6,5,6
1765413745.158800,864,4,5,6,5,6
1765413745.175584,865,4,5,6,5,6
1765413745.191919,865,4,5,6,5,6
1765413745.209114,866,4,5,6,5,6
1765413745.225798,866,4,5,6,5,6
1765413745.242120,866,4,5,6,5,6
1765413745.259432,867,4,5,6,5,6
1765413745.275239,867,4,5,6,5,6
1765413745.292094,868,4,5,6,5,6
1765413745.308883,868,4,5,6,5,6
1765413745.324715,868,4,5,6,5,6
1765413745.341003,869,4,5,5,5,5
1765413745.357595,869,4,5,5,5,5
1765413745.373769,869,4,5,5,5,5
1765413745.390659,870,4,5,5,5,5
1765413745.407802,870,4,5,5,5,5
1765413745.423866,871,4,5,5,5,5
1765413745.440048,871,4,5,5,5,5
1765413745.458101,871,4,5,5,5,5
1765413745.475294,872,4,5,5,5,5
1765413745.492864,872,4,5,5,5,5
1765413745.508750,873,4,5,5,5,5
1765413745.524649,873,4,5,5,5,5
1765413745.541095,873,4,5,5,5,5
1765413745.558056,874,4,5,5,5,5
1765413745.574672,874,4,5,5,5,5
1765413745.591597,875,4,5,5,5,5
1765413745.608764,875,4,5,5,5,5
1765413745.624931,875,4,5,5,5,5
1765413745.641574,876,4,5,5,5,5
1765413745.657732,876,4,5,5,5,5
1765413745.674109,877,4,5,5,5,5
1765413745.690990,877,4,5,5,5,5
1765413745.708055,877,4,5,5,5,5
1765413745.725017,878,4,5,5,5,5
1765413745.741817,878,4,5,5,5,5
1765413745.758112,879,4,5,5,5,5
1765413745.775698,879,4,5,5,5,5
1765413745.793183,879,4,5,5,5,5
1765413745.810651,880,4,5,5,5,5
1765413745.828181,880,4,5,5,5,5
1765413745.845573,881,4,5,5,5,5
1765413745.861929,881,4,5,5,5,5
1765413745.877801,881,4,5,5,5,5
1765413745.893984,882,4,5,5,5,5
1765413745.911884,882,4,5,5,5,5
1765413745.927730,883,4,5,5,5,5
1765413745.943678,883,4,5,5,5,5
1765413745.960217,883,4,5,5,5,5
1765413745.976974,884,4,5,5,5,5
1765413745.993969,884,4,5,5,5,5
1765413746.010523,885,4,5,5,5,5
1765413746.027453,885,4,5,5,5,5
1765413746.043776,885,4,5,5,5,5
1765413746.059430,886,4,5,5,5,5
1765413746.075730,886,4,5,5,5,5
1765413746.092837,887,4,5,5,5,5
1765413746.109816,887,4,5,5,5,5
1765413746.125964,887,4,5,5,5,5
1765413746.142920,888,4,5,5,5,5
1765413746.159251,888,4,5,5,5,5
1765413746.175479,888,4,5,5,5,5
1765413746.192020,889,4,5,5,5,5
1765413746.209047,889,4,5,5,5,5
1765413746.225179,890,4,5,5,5,5
1765413746.242187,890,4,5,5,5,5
1765413746.259436,890,4,5,5,5,5
1765413746.275873,891,4,5,5,5,5
1765413746.291646,891,4,5,5,5,5
1765413746.307496,892,4,5,5,5,5
1765413746.323916,892,4,5,5,5,5
1765413746.339221,892,4,5,5,5,5
1765413746.355045,893,4,5,5,5,5
1765413746.371218,893,4,5,5,5,5
1765413746.387910,894,4,5,5,5,5
1765413746.404026,894,4,5,5,5,5
1765413746.422345,894,4,5,5,5,5
1765413746.438325,895,4,5,5,5,5
1765413746.456282,895,4,5,5,5,5
1765413746.472836,896,4,5,5,5,5
1765413746.489487,896,4,5,5,5,5
1765413746.505905,896,4,5,5,5,5
1765413746.522170,897,4,5,5,5,5
1765413746.538798,897,4,5,5,5,5
1765413746.554564,897,4,5,5,5,5
1765413746.571451,898,4,5,5,5,5
1765413746.587139,898,4,5,5,5,5
1765413746.604491,899,4,5,5,5,5
1765413746.620835,899,4,5,5,5,5
1765413746.636588,899,4,5,5,5,5
1765413746.653795,900,4,5,5,5,5
1765413746.669307,900,4,5,5,5,5
1765413746.685983,901,4,5,5,5,5
1765413746.702756,901,4,5,5,5,5
1765413746.718782,901,4,5,5,5,5
1765413746.736064,902,4,5,5,5,5
1765413746.753183,902,4,5,5,5,5
1765413746.889579,903,4,5,5,5,5
1765413746.906630,904,4,6,5,6,5
1765413746.934453,904,4,6,5,6,5
1765413746.950769,905,4,6,5,6,5
1765413746.967713,905,4,6,5,6,5
1765413746.984183,905,4,6,5,6,5
1765413747.000985,906,4,6,5,6,5
1765413747.017789,906,4,6,5,6,5
1765413747.035586,907,4,6,5,6,5
1765413747.051639,907,4,6,5,6,5
1765413747.068218,907,4,6,5,6,5
1765413747.085164,908,4,6,5,6,5
1765413747.101985,908,4,6,5,6,5
1765413747.119296,909,4,6,5,6,5
1765413747.136115,909,4,6,5,6,5
1765413747.152508,909,4,6,5,6,5
1765413747.169834,910,4,6,5,6,5
1765413747.186532,910,4,6,5,6,5
1765413747.203187,911,4,6,5,6,5
1765413747.219923,911,4,6,5,6,5
1765413747.236329,911,4,6,5,6,5
1765413747.253479,912,4,6,5,6,5
1765413747.270345,912,4,6,5,6,5
1765413747.287828,913,4,6,5,6,5
1765413747.303476,913,4,6,5,6,5
1765413747.320148,913,4,6,5,6,5
1765413747.336944,914,4,6,5,6,5
1765413747.353219,914,4,6,5,6,5
1765413747.370320,915,4,6,5,6,5
1765413747.387667,915,4,6,5,6,5
1765413747.403503,915,4,6,5,6,5
1765413747.419967,916,4,6,5,6,5
1765413747.436832,916,4,6,5,6,5
1765413747.453207,916,4,6,5,6,5
1765413747.469836,917,4,6,5,6,5
1765413747.485901,917,4,6,5,6,5
1765413747.502160,918,4,6,5,6,5
1765413747.519343,918,4,6,5,6,5
1765413747.535560,919,4,6,5,6,5
1765413747.553209,919,4,6,5,6,5
1765413747.570827,919,4,6,5,6,5
1765413747.586915,920,4,5,5,5,5
1765413747.603557,920,4,5,5,5,5
1765413747.619931,921,4,5,5,5,5
1765413747.636007,921,4,5,5,5,5
1765413747.653478,921,4,5,5,5,5
1765413747.670516,922,4,5,5,5,5
1765413747.686967,922,4,5,5,5,5
1765413747.703238,923,4,5,5,5,5
1765413747.719844,923,4,5,5,5,5
1765413747.736305,923,4,5,5,5,5
1765413747.752921,924,4,5,5,5,5
1765413747.769749,924,4,5,5,5,5
1765413747.785877,925,4,5,5,5,5
1765413747.801445,925,4,5,5,5,5
1765413747.818605,925,4,5,5,5,5
1765413747.835737,926,4,5,5,5,5
1765413747.852965,926,4,5,5,5,5
1765413747.869714,926,4,5,5,5,5
1765413747.885526,927,4,5,5,5,5
1765413747.901828,927,4,5,5,5,5
1765413747.917256,928,4,5,5,5,5
1765413747.933774,928,4,5,5,5,5
1765413747.949557,928,4,5,5,5,5
1765413747.966526,929,4,5,5,5,5
1765413747.983028,929,4,5,5,5,5
1765413748.000158,930,4,5,5,5,5
1765413748.017708,930,4,5,5,5,5
1765413748.034310,930,4,5,5,5,5
1765413748.051437,931,4,5,5,5,5
1765413748.067973,931,4,5,5,5,5
1765413748.084845,932,4,5,5,5,5
1765413748.100854,932,4,5,5,5,5
1765413748.116624,932,4,5,5,5,5
1765413748.133141,933,4,5,5,5,5
1765413748.150207,933,4,5,5,5,5
1765413748.167400,933,4,5,5,5,5
1765413748.184358,934,4,5,5,5,5
1765413748.201472,934,4,5,5,5,5
1765413748.217953,935,4,5,5,5,5
1765413748.234549,935,4,5,5,5,5
1765413748.252528,935,4,5,5,5,5
1765413748.268880,936,4,5,5,5,5
1765413748.284722,936,4,5,5,5,5
1765413748.300878,937,4,6,5,6,5
1765413748.317979,937,4,6,5,6,5
1765413748.334984,937,4,6,5,6,5
1765413748.352996,938,4,6,5,6,5
1765413748.369943,938,4,6,5,6,5
1765413748.386297,939,4,6,5,6,5
1765413748.402448,939,4,6,5,6,5
1765413748.419265,939,4,6,5,6,5
1765413748.436347,940,4,6,5,6,5
1765413748.452502,940,4,6,5,6,5
1765413748.469307,941,4,6,5,6,5
1765413748.486109,941,4,6,5,6,5
1765413748.502194,941,4,6,5,6,5
1765413748.519032,942,4,6,5,6,5
1765413748.535695,942,4,6,5,6,5
1765413748.552239,943,4,6,5,6,5
1765413748.568873,943,4,6,5,6,5
1765413748.585153,943,4,6,5,6,5
1765413748.602310,944,4,6,5,6,5
1765413748.618942,944,4,6,5,6,5
1765413748.635444,945,4,6,5,6,5
1765413748.651648,945,4,6,5,6,5
1765413748.667981,945,4,6,5,6,5
1765413748.686049,946,4,6,5,6,5
1765413748.702079,946,4,6,5,6,5
1765413748.718723,947,4,7,5,7,5
1765413748.735442,947,4,7,5,7,5
1765413748.752060,947,4,7,5,7,5
1765413748.768954,948,4,7,5,7,5
1765413748.786355,948,4,7,5,7,5
1765413748.802972,949,4,7,5,7,5
1765413748.819809,949,4,7,5,7,5
1765413748.836477,950,4,7,5,7,5
1765413748.852584,950,4,7,5,7,5
1765413748.869532,950,4,7,5,7,5
1765413748.886476,951,4,7,5,7,5
1765413748.903265,951,4,7,5,7,5
1765413748.919796,952,4,7,5,7,5
1765413748.936003,952,4,7,5,7,5
1765413748.953846,952,4,7,5,7,5
1765413748.969521,953,4,7,5,7,5
1765413748.985675,953,4,7,5,7,5
1765413749.001684,953,4,7,5,7,5
1765413749.018733,954,4,7,5,7,5
1765413749.035099,954,4,7,5,7,5
1765413749.052106,955,4,7,5,7,5
1765413749.069255,955,4,7,5,7,5
1765413749.085742,955,4,7,5,7,5
1765413749.101911,956,4,7,5,7,5
1765413749.118262,956,4,7,5,7,5
1765413749.135694,957,4,7,5,7,5
1765413749.152863,957,4,7,5,7,5
1765413749.169560,957,4,7,5,7,5
1765413749.185864,958,4,7,5,7,5
1765413749.202015,958,4,7,5,7,5
1765413749.218978,959,4,7,5,7,5
1765413749.235672,959,4,7,5,7,5
1765413749.252511,959,4,7,5,7,5
1765413749.269013,960,4,7,5,7,5
1765413749.285770,960,4,7,5,7,5
1765413749.302466,961,4,7,5,7,5
1765413749.319068,961,4,7,5,7,5
1765413749.336301,961,4,7,5,7,5
1765413749.353221,962,4,7,5,7,5
1765413749.370107,962,4,7,5,7,5
1765413749.387642,963,4,7,5,7,5
1765413749.404556,963,4,7,5,7,5
1765413749.421217,963,4,7,5,7,5
1765413749.438188,964,4,7,5,7,5
1765413749.454896,964,4,7,5,7,5
1765413749.471863,965,4,7,5,7,5
1765413749.487535,965,4,7,5,7,5
1765413749.503441,965,4,7,5,7,5
1765413749.519852,966,4,7,5,7,5
1765413749.536103,966,4,7,5,7,5
1765413749.552872,967,4,7,5,7,5
1765413749.569134,967,4,7,5,7,5
1765413749.586357,967,4,7,5,7,5
1765413749.603551,968,4,7,5,7,5
1765413749.620011,968,4,7,5,7,5
1765413749.636716,969,4,7,5,7,5
1765413749.654377,969,4,7,5,7,5
1765413749.670068,969,4,7,5,7,5
1765413749.687528,970,4,7,5,7,5
1765413749.703965,970,4,7,5,7,5
1765413749.721216,971,4,7,5,7,5
1765413749.738021,971,4,7,5,7,5
1765413749.755965,971,4,7,5,7,5
1765413749.773406,972,4,7,5,7,5
1765413749.790010,972,4,7,5,7,5
1765413749.807853,973,4,7,5,7,5
1765413749.823920,973,4,7,5,7,5
1765413749.839921,973,4,7,5,7,5
1765413749.856234,974,4,7,5,7,5
1765413749.873211,974,4,7,5,7,5
1765413749.889607,975,4,7,5,7,5
1765413749.906461,975,4,7,5,7,5
1765413749.923646,975,4,7,5,7,5
1765413749.939873,976,4,7,5,7,5
1765413749.956152,976,4,7,5,7,5
1765413749.972770,976,4,7,5,7,5
1765413749.989255,977,4,7,6,7,6
1765413750.005414,977,4,7,6,7,6
1765413750.021815,978,4,7,6,7,6
1765413750.038004,978,4,7,6,7,6
1765413750.054904,978,4,7,6,7,6
1765413750.070515,979,4,7,6,7,6
1765413750.086354,979,4,7,6,7,6
1765413750.103591,980,4,7,6,7,6
1765413750.120135,980,4,7,6,7,6
1765413750.136957,980,4,7,6,7,6
1765413750.154442,981,4,7,6,7,6
1765413750.171315,981,4,7,6,7,6
1765413750.189413,982,4,7,6,7,6
1765413750.206176,982,4,7,6,7,6
1765413750.222708,982,4,7,6,7,6
1765413750.238793,983,4,7,6,7,6
1765413750.255332,983,4,7,6,7,6
1765413750.272091,984,4,7,6,7,6
1765413750.289624,984,4,7,6,7,6
1765413750.306200,984,4,7,6,7,6
1765413750.322521,985,4,7,6,7,6
1765413750.339196,985,4,7,6,7,6
1765413750.355972,986,4,7,6,7,6
1765413750.373513,986,4,7,6,7,6
1765413750.390485,986,4,7,6,7,6
1765413750.406869,987,4,7,6,7,6
1765413750.422710,987,4,7,6,7,6
1765413750.439068,988,4,7,6,7,6
1765413750.456367,988,4,7,6,7,6
1765413750.473074,988,4,7,6,7,6
1765413750.490365,989,4,7,6,7,6
1765413750.506585,989,4,7,6,7,6
1765413750.523611,990,4,7,6,7,6
1765413750.539503,990,4,7,6,7,6
1765413750.555872,990,4,7,6,7,6
1765413750.571785,991,4,7,6,7,6
1765413750.587830,991,4,7,6,7,6
1765413750.604847,992,4,7,6,7,6
1765413750.620761,992,4,7,6,7,6
1765413750.637089,992,4,7,6,7,6
1765413750.653742,993,4,7,6,7,6
1765413750.670288,993,4,7,6,7,6
1765413750.687618,993,4,7,6,7,6
1765413750.703733,994,4,6,6,6,6
1765413750.720194,994,4,6,6,6,6
1765413750.736651,995,4,6,6,6,6
1765413750.753202,995,4,6,6,6,6
1765413750.770595,995,4,6,6,6,6
1765413750.786152,996,4,6,6,6,6
1765413750.802891,996,4,6,6,6,6
1765413750.818222,997,4,6,6,6,6
1765413750.835138,997,4,6,6,6,6
1765413750.852941,997,4,6,6,6,6
1765413750.868767,998,4,6,6,6,6
1765413750.885271,998,4,6,6,6,6
1765413750.902631,999,4,6,6,6,6
1765413750.919823,999,4,6,6,6,6
1765413750.935960,999,4,6,6,6,6
1765413750.952121,1000,4,6,6,6,6
1765413750.969042,1000,4,6,6,6,6
1765413750.986175,1001,4,6,6,6,6
1765413751.003436,1001,4,6,6,6,6
1765413751.019585,1001,4,6,6,6,6
1765413751.036173,1002,4,6,6,6,6
1765413751.053049,1002,4,6,6,6,6
1765413751.069807,1003,4,6,6,6,6
1765413751.086017,1003,4,6,6,6,6
1765413751.102587,1003,4,6,6,6,6
1765413751.119145,1004,4,6,6,6,6
1765413751.135671,1004,4,6,6,6,6
1765413751.152005,1004,4,6,6,6,6
1765413751.169137,1005,4,6,6,6,6
1765413751.186806,1005,4,6,6,6,6
1765413751.203285,1006,4,6,6,6,6
1765413751.220262,1006,4,6,6,6,6
1765413751.237477,1006,4,6,6,6,6
1765413751.254241,1007,4,6,6,6,6
1765413751.271576,1007,4,6,6,6,6
1765413751.287985,1008,4,6,6,6,6
1765413751.304473,1008,4,6,6,6,6
1765413751.321093,1008,4,6,6,6,6
1765413751.337545,1009,4,6,7,6,7
1765413751.354148,1009,4,6,7,6,7
1765413751.371739,1010,4,6,7,6,7
1765413751.387972,1010,4,6,7,6,7
1765413751.404687,1010,4,6,7,6,7
1765413751.420340,1011,4,6,7,6,7
1765413751.436617,1011,4,6,7,6,7
1765413751.452753,1012,4,6,7,6,7
1765413751.469314,1012,4,6,7,6,7
1765413751.486082,1012,4,6,7,6,7
1765413751.503066,1013,4,6,7,6,7
1765413751.519754,1013,4,6,7,6,7
1765413751.535393,1014,4,6,7,6,7
1765413751.552331,1014,4,6,7,6,7
1765413751.569684,1014,4,6,7,6,7
1765413751.586297,1015,4,6,7,6,7
1765413751.608452,1015,4,6,7,6,7
1765413751.626463,1016,4,6,7,6,7
1765413751.642916,1016,4,6,7,6,7
1765413751.659740,1016,4,6,7,6,7
1765413751.675596,1017,4,6,7,6,7
1765413751.691081,1017,4,6,7,6,7
1765413751.707987,1018,4,6,7,6,7
1765413751.724919,1018,4,6,7,6,7
1765413751.742186,1018,4,6,7,6,7
1765413751.758639,1019,4,6,7,6,7
1765413751.774672,1019,4,6,7,6,7
1765413751.792539,1020,4,6,7,6,7
1765413751.808644,1020,4,6,7,6,7
1765413751.824888,1020,4,6,7,6,7
1765413751.841254,1021,4,6,7,6,7
1765413751.857957,1021,4,6,7,6,7
1765413751.875511,1021,4,6,7,6,7
1765413751.891707,1022,4,6,7,6,7
1765413751.907993,1022,4,6,7,6,7
1765413751.924646,1023,4,6,7,6,7
1765413751.940760,1023,4,6,7,6,7
1765413751.956311,1023,4,6,7,6,7
1765413751.973315,1024,4,6,7,6,7
1765413751.990459,1024,4,6,7,6,7
1765413752.007772,1025,4,6,7,6,7
1765413752.023762,1025,4,6,7,6,7
1765413752.040422,1025,4,6,7,6,7
1765413752.057115,1026,4,6,7,6,7
1765413752.073226,1026,4,6,7,6,7
1765413752.090286,1027,4,6,7,6,7
1765413752.106855,1027,4,6,7,6,7
1765413752.122682,1027,4,6,7,6,7
1765413752.138771,1028,4,6,7,6,7
1765413752.155221,1028,4,6,7,6,7
1765413752.171845,1028,4,6,7,6,7
1765413752.187667,1029,4,6,7,6,7
1765413752.203243,1029,4,6,7,6,7
1765413752.220513,1030,4,6,7,6,7
1765413752.236734,1030,4,6,7,6,7
1765413752.252991,1030,4,6,7,6,7
1765413752.270671,1031,4,6,7,6,7
1765413752.286274,1031,4,6,7,6,7
1765413752.302962,1032,4,6,7,6,7
1765413752.319207,1032,4,6,7,6,7
1765413752.335700,1032,4,6,7,6,7
1765413752.351589,1033,4,6,7,6,7
1765413752.367220,1033,4,6,7,6,7
1765413752.383317,1034,4,6,7,6,7
1765413752.400061,1034,4,6,7,6,7
1765413752.417203,1034,4,6,7,6,7
1765413752.433442,1035,4,6,7,6,7
1765413752.450091,1035,4,6,7,6,7
1765413752.467590,1036,4,6,7,6,7
1765413752.483985,1036,4,6,7,6,7
1765413752.501205,1036,4,6,7,6,7
1765413752.518463,1037,4,6,7,6,7
1765413752.535990,1037,4,6,7,6,7
1765413752.553260,1038,4,6,7,6,7
1765413752.570850,1038,4,6,7,6,7
1765413752.588045,1038,4,6,7,6,7
1765413752.605075,1039,4,6,7,6,7
1765413752.622961,1039,4,6,7,6,7
1765413752.639734,1040,4,6,7,6,7
1765413752.656136,1040,4,6,7,6,7
1765413752.672297,1040,4,6,7,6,7
1765413752.688464,1041,4,6,7,6,7
1765413752.704587,1041,4,6,7,6,7
1765413752.720146,1041,4,6,7,6,7
1765413752.736937,1042,4,6,7,6,7
1765413752.752993,1042,4,6,7,6,7
1765413752.770532,1043,4,6,7,6,7
1765413752.786738,1043,4,6,7,6,7
1765413752.803005,1043,4,6,7,6,7
1765413752.820000,1044,4,6,7,6,7
1765413752.837756,1044,4,6,7,6,7
1765413752.854302,1045,4,6,6,6,6
1765413752.870311,1045,4,6,6,6,6
1765413752.888129,1045,4,6,6,6,6
1765413752.904835,1046,4,6,6,6,6
1765413752.922175,1046,4,6,6,6,6
1765413752.938942,1047,4,6,6,6,6
1765413752.955980,1047,4,6,6,6,6
1765413752.973828,1047,4,6,6,6,6
1765413752.991111,1048,4,6,6,6,6
1765413753.008016,1048,4,6,6,6,6
1765413753.024918,1049,4,6,6,6,6
1765413753.040284,1049,4,6,6,6,6
1765413753.057083,1049,4,6,6,6,6
1765413753.073423,1050,4,6,6,6,6
1765413753.090625,1050,4,6,6,6,6
1765413753.107870,1051,4,6,6,6,6
1765413753.124078,1051,4,6,6,6,6
1765413753.141532,1051,4,6,6,6,6
1765413753.157845,1052,4,6,6,6,6
1765413753.174345,1052,4,6,6,6,6
1765413753.190699,1053,4,6,6,6,6
1765413753.206734,1053,4,6,6,6,6
1765413753.223539,1053,4,6,6,6,6
1765413753.239506,1054,4,6,6,6,6
1765413753.255956,1054,4,6,6,6,6
1765413753.271689,1055,4,6,6,6,6
1765413753.288414,1055,4,6,6,6,6
1765413753.304761,1055,4,6,6,6,6
1765413753.320807,1056,4,6,6,6,6
1765413753.336779,1056,4,6,6,6,6
1765413753.352900,1057,4,6,6,6,6
1765413753.368728,1057,4,6,6,6,6
1765413753.384535,1057,4,6,6,6,6
1765413753.400723,1058,4,6,6,6,6
1765413753.416488,1058,4,6,6,6,6
1765413753.433332,1058,4,6,6,6,6
1765413753.449858,1059,4,6,6,6,6
1765413753.465974,1059,4,6,6,6,6
1765413753.482800,1060,4,6,6,6,6
1765413753.498863,1060,4,6,6,6,6
1765413753.515885,1060,4,6,6,6,6
1765413753.531476,1061,4,6,6,6,6
1765413753.548000,1061,4,6,6,6,6
1765413753.565039,1062,4,7,6,7,6
1765413753.581343,1062,4,7,6,7,6
1765413753.598825,1062,4,7,6,7,6
1765413753.615119,1063,4,7,6,7,6
1765413753.632919,1063,4,7,6,7,6
1765413753.648427,1064,4,7,6,7,6
1765413753.665215,1064,4,7,6,7,6
1765413753.682385,1064,4,7,6,7,6
1765413753.699778,1065,4,7,6,7,6
1765413753.715692,1065,4,7,6,7,6
1765413753.731725,1065,4,7,6,7,6
1765413753.747144,1066,4,7,6,7,6
1765413753.763895,1066,4,7,6,7,6
1765413753.779809,1067,4,7,6,7,6
1765413753.796061,1067,4,7,6,7,6
1765413753.812748,1067,4,7,6,7,6
1765413753.829760,1068,4,7,6,7,6
1765413753.845703,1068,4,7,6,7,6
1765413753.862564,1069,4,7,6,7,6
1765413753.878297,1069,4,7,6,7,6
1765413753.894913,1069,4,7,6,7,6
1765413753.910862,1070,4,7,6,7,6
1765413753.926718,1070,4,7,6,7,6
1765413753.943344,1070,4,7,6,7,6
1765413753.960137,1071,4,7,7,7,7
1765413753.976840,1071,4,7,7,7,7
1765413753.992567,1072,4,7,7,7,7
1765413754.009993,1072,4,7,7,7,7
1765413754.027016,1072,4,7,7,7,7
1765413754.043492,1073,4,7,7,7,7
1765413754.059937,1073,4,7,7,7,7
1765413754.075739,1074,4,7,7,7,7
1765413754.091434,1074,4,7,7,7,7
1765413754.107763,1074,4,7,7,7,7
1765413754.124085,1075,4,7,7,7,7
1765413754.141016,1075,4,7,7,7,7
1765413754.158070,1076,4,7,7,7,7
1765413754.175425,1076,4,7,7,7,7
1765413754.191926,1076,4,7,7,7,7
1765413754.207488,1077,4,7,7,7,7
1765413754.223736,1077,4,7,7,7,7
1765413754.241039,1078,4,7,7,7,7
1765413754.257997,1078,4,7,7,7,7
1765413754.275038,1078,4,7,7,7,7
1765413754.292278,1079,4,7,7,7,7
1765413754.309702,1079,4,7,7,7,7
1765413754.326517,1080,4,6,7,6,7
1765413754.342429,1080,4,6,7,6,7
1765413754.359599,1080,4,6,7,6,7
1765413754.375457,1081,4,6,7,6,7
1765413754.391859,1081,4,6,7,6,7
1765413754.407983,1082,4,6,7,6,7
1765413754.424976,1082,4,6,7,6,7
1765413754.441550,1082,4,6,7,6,7
1765413754.459097,1083,4,6,7,6,7
1765413754.475626,1083,4,6,7,6,7
1765413754.491464,1083,4,6,7,6,7
1765413754.508063,1084,4,6,7,6,7
1765413754.525527,1084,4,6,7,6,7
1765413754.541513,1085,4,6,7,6,7
1765413754.558111,1085,4,6,7,6,7
1765413754.575056,1085,4,6,7,6,7
1765413754.591345,1086,4,6,7,6,7
1765413754.607801,1086,4,6,7,6,7
1765413754.625104,1087,4,6,7,6,7
1765413754.641909,1087,4,6,7,6,7
1765413754.658636,1087,4,6,7,6,7
1765413754.674696,1088,4,6,7,6,7
1765413754.691274,1088,4,6,7,6,7
1765413754.713074,1088,4,6,7,6,7
1765413754.733180,1089,4,6,7,6,7
1765413754.749746,1089,4,6,7,6,7
1765413754.765811,1090,4,6,7,6,7
1765413754.782646,1090,4,6,7,6,7
1765413754.799106,1090,4,6,7,6,7
1765413754.815561,1091,4,6,7,6,7
1765413754.832105,1091,4,6,7,6,7
1765413754.848964,1092,4,6,7,6,7
1765413754.864963,1092,4,6,7,6,7
1765413754.880899,1092,4,6,7,6,7
1765413754.896986,1093,4,6,7,6,7
1765413754.914079,1093,4,6,7,6,7
1765413754.930722,1093,4,6,7,6,7
1765413754.946188,1094,4,6,7,6,7
1765413754.962888,1094,4,6,7,6,7
1765413754.978954,1095,4,6,7,6,7
1765413754.996509,1095,4,6,7,6,7
1765413755.012547,1095,4,6,7,6,7
1765413755.030316,1096,4,6,7,6,7
1765413755.046515,1096,4,6,7,6,7
1765413755.062694,1097,4,6,7,6,7
1765413755.079228,1097,4,6,7,6,7
1765413755.096686,1097,4,6,7,6,7
1765413755.112549,1098,4,6,7,6,7
1765413755.129264,1098,4,6,7,6,7
1765413755.146055,1099,4,6,7,6,7
1765413755.163025,1099,4,6,7,6,7
1765413755.179640,1099,4,6,7,6,7
1765413755.196006,1100,4,6,7,6,7
1765413755.214415,1100,4,6,7,6,7
1765413755.230183,1101,4,6,7,6,7
1765413755.246709,1101,4,6,7,6,7
1765413755.263288,1101,4,6,7,6,7
1765413755.279675,1102,4,6,7,6,7
1765413755.296263,1102,4,6,7,6,7
1765413755.312623,1103,4,6,7,6,7
1765413755.328109,1103,4,6,7,6,7
1765413755.344556,1103,4,6,7,6,7
1765413755.361200,1104,4,6,7,6,7
1765413755.378516,1104,4,6,7,6,7
1765413755.394819,1104,4,6,7,6,7
1765413755.411112,1105,4,6,7,6,7
1765413755.427783,1105,4,6,7,6,7
1765413755.443530,1106,4,5,7,5,7
1765413755.459515,1106,4,5,7,5,7
1765413755.476532,1106,4,5,7,5,7
1765413755.493414,1107,4,5,7,5,7
1765413755.509565,1107,4,5,7,5,7
1765413755.525494,1108,4,5,7,5,7
1765413755.542405,1108,4,5,7,5,7
1765413755.558972,1108,4,5,7,5,7
1765413755.575711,1109,4,5,7,5,7
1765413755.592281,1109,4,5,7,5,7
1765413755.608974,1110,4,5,7,5,7
1765413755.625351,1110,4,5,7,5,7
1765413755.641151,1110,4,5,7,5,7
1765413755.658045,1111,4,5,7,5,7
1765413755.674770,1111,4,5,7,5,7
1765413755.691352,1111,4,5,7,5,7
1765413755.707894,1112,4,5,7,5,7
1765413755.724749,1112,4,5,7,5,7
1765413755.740129,1113,4,5,7,5,7
1765413755.757017,1113,4,5,7,5,7
1765413755.773915,1113,4,5,7,5,7
1765413755.790601,1114,4,5,7,5,7
1765413755.807194,1114,4,5,7,5,7
1765413755.824431,1115,4,5,7,5,7
1765413755.841401,1115,4,5,7,5,7
1765413755.858085,1115,4,5,7,5,7
1765413755.874459,1116,4,5,7,5,7
1765413755.890558,1116,4,5,7,5,7
1765413755.907938,1117,4,5,7,5,7
1765413755.924697,1117,4,5,7,5,7
1765413755.940155,1117,4,5,7,5,7
1765413755.956570,1118,4,5,7,5,7
1765413755.973758,1118,4,5,7,5,7
1765413755.990767,1119,4,5,7,5,7
1765413756.007346,1119,4,5,7,5,7
1765413756.023946,1119,4,5,7,5,7
1765413756.041388,1120,4,5,7,5,7
1765413756.058105,1120,4,5,7,5,7
1765413756.074356,1121,4,5,7,5,7
1765413756.090588,1121,4,5,7,5,7
1765413756.106547,1122,4,5,7,5,7
1765413756.123030,1122,4,5,7,5,7
1765413756.139900,1122,4,5,7,5,7
1765413756.156308,1123,4,5,7,5,7
1765413756.172992,1123,4,5,7,5,7
1765413756.190521,1124,4,5,7,5,7
1765413756.207115,1124,4,5,7,5,7
1765413756.223613,1124,4,5,7,5,7
1765413756.239936,1124,4,5,7,5,7
1765413756.256213,1125,4,5,7,5,7
1765413756.273372,1125,4,5,7,5,7
1765413756.290566,1126,4,5,7,5,7
1765413756.307599,1126,4,5,7,5,7
1765413756.323745,1127,4,5,7,5,7
1765413756.339926,1127,4,5,7,5,7
1765413756.356087,1127,4,5,7,5,7
1765413756.373143,1128,4,5,7,5,7
1765413756.390229,1128,4,5,7,5,7
1765413756.406877,1129,4,5,7,5,7
1765413756.423451,1129,4,5,7,5,7
1765413756.439840,1129,4,5,7,5,7
1765413756.455379,1130,4,5,7,5,7
1765413756.471769,1130,4,5,7,5,7
1765413756.488085,1131,4,5,7,5,7
1765413756.505118,1131,4,5,7,5,7
1765413756.521386,1131,4,5,7,5,7
1765413756.538067,1132,4,5,7,5,7
1765413756.554561,1132,4,5,7,5,7
1765413756.570267,1132,4,5,7,5,7
1765413756.586585,1133,4,5,7,5,7
1765413756.603050,1133,4,5,7,5,7
1765413756.619679,1134,4,5,7,5,7
1765413756.636510,1134,4,5,7,5,7
1765413756.652887,1134,4,5,7,5,7
1765413756.668938,1135,4,5,7,5,7
1765413756.684974,1135,4,5,7,5,7
1765413756.702796,1136,4,5,7,5,7
1765413756.718546,1136,4,5,7,5,7
1765413756.734953,1136,4,5,7,5,7
1765413756.751364,1137,4,5,7,5,7
1765413756.768199,1137,4,5,7,5,7
1765413756.785463,1138,4,5,7,5,7
1765413756.801235,1138,4,5,7,5,7
1765413756.817773,1138,4,5,7,5,7
1765413756.834184,1139,4,5,7,5,7
1765413756.850492,1139,4,5,7,5,7
1765413756.866349,1139,4,5,7,5,7
1765413756.882891,1140,4,5,7,5,7
1765413756.898322,1140,4,5,7,5,7
1765413756.915006,1141,4,5,7,5,7
1765413756.932024,1141,4,5,7,5,7
1765413756.949166,1141,4,5,7,5,7
1765413756.966640,1142,4,5,8,5,8
1765413756.982730,1142,4,5,8,5,8
1765413756.999048,1143,4,5,8,5,8
1765413757.016270,1143,4,5,8,5,8
1765413757.033580,1143,4,5,8,5,8
1765413757.050000,1144,4,5,8,5,8
1765413757.067447,1144,4,5,8,5,8
1765413757.083771,1145,4,5,8,5,8
1765413757.099760,1145,4,5,8,5,8
1765413757.115607,1145,4,5,8,5,8
1765413757.132157,1146,4,5,8,5,8
1765413757.149879,1146,4,5,8,5,8
1765413757.165242,1147,4,5,8,5,8
1765413757.181931,1147,4,5,8,5,8
1765413757.198095,1147,4,5,8,5,8
1765413757.215276,1148,4,5,8,5,8
1765413757.232094,1148,4,5,8,5,8
1765413757.249197,1149,4,5,8,5,8
1765413757.265894,1149,4,5,8,5,8
1765413757.282344,1149,4,5,8,5,8
1765413757.299308,1150,4,5,8,5,8
1765413757.316477,1150,4,5,8,5,8
1765413757.332494,1151,4,5,8,5,8
1765413757.349218,1151,4,5,8,5,8
1765413757.366371,1151,4,5,8,5,8
1765413757.382862,1152,4,5,8,5,8
1765413757.398724,1152,4,5,8,5,8
1765413757.416190,1153,4,5,8,5,8
1765413757.433361,1153,4,5,8,5,8
1765413757.449528,1153,4,5,8,5,8
1765413757.465725,1154,4,5,8,5,8
1765413757.481918,1154,4,5,8,5,8
1765413757.497776,1154,4,5,8,5,8
1765413757.513740,1155,4,5,8,5,8
1765413757.530042,1155,4,5,8,5,8
1765413757.546786,1156,4,5,8,5,8
1765413757.562742,1156,4,5,8,5,8
1765413757.578476,1156,4,5,8,5,8
1765413757.594523,1157,4,5,8,5,8
1765413757.611730,1157,4,5,8,5,8
1765413757.628163,1158,4,5,8,5,8
1765413757.645086,1158,4,5,8,5,8
1765413757.661716,1158,4,5,8,5,8
1765413757.678324,1159,4,5,8,5,8
1765413757.694976,1159,4,5,8,5,8
1765413757.712492,1160,4,5,8,5,8
1765413757.729311,1160,4,5,8,5,8
1765413757.745510,1160,4,5,8,5,8
1765413757.761642,1161,4,5,8,5,8
1765413757.778178,1161,4,5,8,5,8
1765413757.794976,1162,4,5,8,5,8
1765413757.811356,1162,4,5,8,5,8
1765413757.828105,1162,4,5,8,5,8
1765413757.845396,1163,4,5,8,5,8
1765413757.862015,1163,4,5,8,5,8
1765413757.879186,1163,4,5,8,5,8
1765413757.896104,1164,4,5,8,5,8
1765413757.913029,1164,4,5,8,5,8
1765413757.929367,1165,4,5,8,5,8
1765413757.945865,1165,4,5,8,5,8
1765413757.962599,1165,4,5,8,5,8
1765413757.979146,1166,4,5,8,5,8
1765413757.996128,1166,4,5,8,5,8
1765413758.013122,1167,4,5,8,5,8
1765413758.030082,1167,4,5,8,5,8
1765413758.047534,1167,4,5,8,5,8
1765413758.063915,1168,4,5,8,5,8
1765413758.081135,1168,4,5,8,5,8
1765413758.098467,1169,4,5,8,5,8
1765413758.115642,1169,4,5,8,5,8
1765413758.132548,1169,4,5,8,5,8
1765413758.148948,1170,4,5,8,5,8
1765413758.165569,1170,4,5,8,5,8
1765413758.181691,1171,4,5,8,5,8
1765413758.197197,1171,4,5,8,5,8
1765413758.213577,1171,4,5,8,5,8
1765413758.230382,1172,4,5,8,5,8
1765413758.246378,1172,4,5,8,5,8
1765413758.263370,1173,4,4,8,4,8
1765413758.280891,1173,4,4,8,4,8
1765413758.296740,1173,4,4,8,4,8
1765413758.312533,1174,4,4,8,4,8
1765413758.328380,1174,4,4,8,4,8
1765413758.345138,1175,4,4,8,4,8
1765413758.362030,1175,4,4,8,4,8
1765413758.379148,1175,4,4,8,4,8
1765413758.396282,1176,4,4,8,4,8
1765413758.413074,1176,4,4,8,4,8
1765413758.430539,1176,4,4,8,4,8
1765413758.446876,1177,4,4,8,4,8
1765413758.462913,1177,4,4,8,4,8
1765413758.478735,1178,4,4,8,4,8
1765413758.495360,1178,4,4,8,4,8
1765413758.511066,1178,4,4,8,4,8
1765413758.528265,1179,4,4,8,4,8
1765413758.545732,1179,4,4,8,4,8
1765413758.562220,1180,4,4,8,4,8
1765413758.579145,1180,4,4,8,4,8
1765413758.595775,1180,4,4,8,4,8
1765413758.612667,1181,4,4,8,4,8
1765413758.629062,1181,4,4,8,4,8
1765413758.646649,1182,4,4,8,4,8
1765413758.663324,1182,4,4,8,4,8
1765413758.679957,1182,4,4,8,4,8
1765413758.696267,1183,4,4,8,4,8
1765413758.712715,1183,4,4,8,4,8
1765413758.729506,1184,4,4,8,4,8
1765413758.745830,1184,4,4,8,4,8
1765413758.761926,1184,4,4,8,4,8
1765413758.778251,1185,4,4,8,4,8
1765413758.794821,1185,4,4,8,4,8
1765413758.811203,1185,4,4,8,4,8
1765413758.828039,1186,4,4,8,4,8
1765413758.844664,1186,4,4,8,4,8
1765413758.861658,1187,4,4,8,4,8
1765413758.878719,1187,4,4,8,4,8
1765413758.895837,1187,4,4,8,4,8
1765413758.912337,1188,4,4,8,4,8
1765413758.929290,1188,4,4,8,4,8
1765413758.946117,1189,4,4,8,4,8
1765413758.962517,1189,4,4,8,4,8
1765413758.978360,1189,4,4,8,4,8
1765413758.995153,1190,4,4,8,4,8
1765413759.012684,1190,4,4,8,4,8
1765413759.028818,1191,4,4,9,4,9
1765413759.045130,1191,4,4,9,4,9
1765413759.062593,1191,4,4,9,4,9
1765413759.079486,1192,4,4,9,4,9
1765413759.096667,1192,4,4,9,4,9
1765413759.112705,1193,4,4,9,4,9
1765413759.128668,1193,4,4,9,4,9
1765413759.145902,1193,4,4,9,4,9
1765413759.162160,1194,4,4,9,4,9
1765413759.178982,1194,4,4,9,4,9
1765413759.196159,1195,4,4,9,4,9
1765413759.213541,1195,4,4,9,4,9
1765413759.229316,1195,4,4,9,4,9
1765413759.245723,1196,4,4,9,4,9
1765413759.261919,1196,4,4,9,4,9
1765413759.278395,1197,4,4,9,4,9
1765413759.295072,1197,4,4,9,4,9
1765413759.311563,1197,4,4,9,4,9
1765413759.328244,1198,4,4,9,4,9
1765413759.345049,1198,4,4,9,4,9
1765413759.362205,1199,4,4,9,4,9
1765413759.378797,1199,4,4,9,4,9
1765413759.395006,1199,4,4,9,4,9
1765413759.411394,1200,4,4,9,4,9
1765413759.428306,1200,4,4,9,4,9
1765413759.444991,1200,4,4,9,4,9
1765413759.461781,1201,4,4,9,4,9
1765413759.478120,1201,4,4,9,4,9
1765413759.495656,1202,4,4,10,4,10
1765413759.511608,1202,4,4,10,4,10
1765413759.528227,1202,4,4,10,4,10
1765413759.545094,1203,4,4,10,4,10
1765413759.561444,1203,4,4,10,4,10
1765413759.577998,1204,4,4,10,4,10
1765413759.595777,1204,4,4,10,4,10
1765413759.612789,1204,4,4,10,4,10
1765413759.629604,1205,4,4,10,4,10
1765413759.646076,1205,4,4,10,4,10
1765413759.663087,1205,4,4,10,4,10
1765413759.680043,1205,4,4,10,4,10
1765413759.697139,1205,4,4,10,4,10
1765413759.714191,1205,4,4,10,4,10
1765413759.731034,1205,4,4,10,4,10
1765413759.748182,1205,4,4,10,4,10
1765413759.765662,1205,4,4,10,4,10
1765413759.782640,1205,4,4,10,4,10
1765413759.799680,1205,4,4,10,4,10
1765413759.816809,1205,4,4,10,4,10
1765413759.832366,1205,4,4,10,4,10
1765413759.849189,1205,4,4,10,4,10
1765413759.865683,1205,4,4,10,4,10
1765413759.882399,1205,4,4,10,4,10
1765413759.898989,1205,4,4,10,4,10
1765413759.915915,1205,4,4,10,4,10
1765413759.932378,1205,4,4,10,4,10
1765413759.949976,1205,4,4,10,4,10
1765413759.967849,1205,4,4,10,4,10
1765413759.984138,1205,4,4,10,4,10
1765413760.001433,1205,4,4,10,4,10
1765413760.017938,1205,4,4,10,4,10
1765413760.033387,1205,4,4,10,4,10
1765413760.049612,1205,4,4,10,4,10
1765413760.065695,1205,4,4,10,4,10
1765413760.082271,1205,4,4,10,4,10
1765413760.099594,1205,4,4,10,4,10
1765413760.116711,1205,4,4,10,4,10
1765413760.133281,1205,4,4,10,4,10
1765413760.150414,1205,4,4,10,4,10
1765413760.167185,1205,4,4,10,4,10
1765413760.183697,1205,4,4,10,4,10
1765413760.200015,1205,4,4,10,4,10
1765413760.217837,1205,4,4,10,4,10
1765413760.234610,1205,4,4,10,4,10
1765413760.251505,1205,4,4,10,4,10
1765413760.267980,1205,4,4,10,4,10
1765413760.284914,1205,4,4,10,4,10
1765413760.300133,1205,4,4,10,4,10
1765413760.318029,1205,4,4,10,4,10
1765413760.335015,1205,4,4,10,4,10
1765413760.352386,1205,4,4,10,4,10
1765413760.369281,1205,4,4,10,4,10
1765413760.386273,1205,4,4,10,4,10
1765413760.403335,1205,4,4,10,4,10
1765413760.419832,1205,4,4,10,4,10
1765413760.435795,1205,4,4,10,4,10
1765413760.451848,1205,4,4,10,4,10
1765413760.468287,1205,4,4,10,4,10
1765413760.484806,1205,4,4,10,4,10
1765413760.501629,1205,4,4,10,4,10
1765413760.517969,1205,4,4,10,4,10
1765413760.533571,1205,4,4,10,4,10
1765413760.550702,1205,4,4,10,4,10
1765413760.568144,1205,4,4,10,4,10
1765413760.584465,1205,4,4,10,4,10
1765413760.600981,1205,4,4,10,4,10
1765413760.617793,1205,4,4,10,4,10
1765413760.633948,1205,4,4,10,4,10
1765413760.650537,1205,4,4,10,4,10
1765413760.667126,1205,4,4,10,4,10
1765413760.684202,1205,4,4,10,4,10
1765413760.700610,1205,4,4,10,4,10
1765413760.717416,1205,4,4,10,4,10
1765413760.734542,1205,4,4,10,4,10
1765413760.751038,1205,4,4,10,4,10
1765413760.767922,1205,4,4,10,4,10
1765413760.783850,1205,4,4,10,4,10
1765413760.800264,1205,4,4,10,4,10
1765413760.817348,1205,4,4,10,4,10
1765413760.834242,1205,4,4,10,4,10
1765413760.851551,1205,4,4,10,4,10
1765413760.868118,1205,4,4,10,4,10
1765413760.885258,1205,4,4,10,4,10
1765413760.901512,1205,4,4,10,4,10
1765413760.918068,1205,4,4,10,4,10
1765413760.934873,1205,4,4,10,4,10
1765413760.950584,1205,4,4,10,4,10
1765413760.967196,1205,4,4,10,4,10
1765413760.983488,1205,4,4,10,4,10
1765413761.000154,1205,4,4,10,4,10
1765413761.018301,1205,4,4,10,4,10
1765413761.034604,1205,4,4,10,4,10
1765413761.051218,1205,4,4,10,4,10
1765413761.068062,1205,4,4,10,4,10
1765413761.085049,1205,4,4,10,4,10
1765413761.101645,1205,4,4,10,4,10
1765413761.117856,1205,4,4,10,4,10
1765413761.133915,1205,4,4,10,4,10
1765413761.149766,1205,4,4,10,4,10
1765413761.166337,1205,4,4,10,4,10
1765413761.182967,1205,4,4,10,4,10
1765413761.200124,1205,4,4,10,4,10
1765413761.216612,1205,4,4,10,4,10
1765413761.232719,1205,4,4,10,4,10
1765413761.249090,1205,4,4,10,4,10
1765413761.265765,1205,4,4,10,4,10
1765413761.282427,1205,4,4,10,4,10
1765413761.299278,1205,4,4,10,4,10
1765413761.315597,1205,4,4,10,4,10
1765413761.332035,1205,4,4,10,4,10
1765413761.411659,1205,4,4,10,4,10
1765413761.430803,1205,4,4,10,4,10
1765413761.448040,1205,4,4,10,4,10
1765413761.465062,1205,4,4,10,4,10
1765413761.481297,1205,4,4,10,4,10
1765413761.497885,1205,4,4,10,4,10
1765413761.513797,1205,4,4,10,4,10
1765413761.530796,1205,4,4,10,4,10
1765413761.546193,1205,4,4,10,4,10
1765413761.562824,1205,4,4,10,4,10
1765413761.578832,1205,4,4,10,4,10
1765413761.594375,1205,4,4,10,4,10
1765413761.611459,1205,4,4,10,4,10
1765413761.627934,1205,4,4,10,4,10
1765413761.643974,1205,4,4,10,4,10
1765413761.660190,1205,4,4,10,4,10
1765413761.678010,1205,4,4,10,4,10
1765413761.694916,1205,4,4,10,4,10
1765413761.711400,1205,4,4,10,4,10
1765413761.728036,1205,4,4,10,4,10
1765413761.745385,1205,4,4,10,4,10
1765413761.762910,1205,4,4,10,4,10
1765413761.779055,1205,4,4,10,4,10
1765413761.795941,1205,4,4,10,4,10
1765413761.812322,1205,4,4,10,4,10
1765413761.829277,1205,4,4,10,4,10
1765413761.846933,1205,4,4,10,4,10
1765413761.862952,1205,4,4,10,4,10
1765413761.879701,1205,4,4,10,4,10
1765413761.895916,1205,4,4,10,4,10
1765413761.911684,1205,4,4,10,4,10
1765413761.927566,1205,4,4,10,4,10
1765413761.944403,1205,4,4,10,4,10
1765413761.961391,1205,4,4,10,4,10
1765413761.977897,1205,4,4,10,4,10
1765413761.993561,1205,4,4,10,4,10
1765413762.009981,1205,4,4,10,4,10
1765413762.028082,1205,4,4,10,4,10
1765413762.044590,1205,4,4,10,4,10
1765413762.061206,1205,4,4,10,4,10
1765413762.077747,1205,4,4,10,4,10
1765413762.094229,1205,4,4,10,4,10
1765413762.111120,1205,4,4,10,4,10
1765413762.128109,1205,4,4,10,4,10
1765413762.145279,1205,4,4,10,4,10
1765413762.161384,1205,4,4,10,4,10
1765413762.177980,1205,4,4,10,4,10
1765413762.195644,1205,4,4,10,4,10
1765413762.211841,1205,4,4,10,4,10
1765413762.228854,1205,4,4,10,4,10
1765413762.245639,1205,4,4,10,4,10
1765413762.261256,1205,4,4,10,4,10
1765413762.277713,1205,4,4,10,4,10
1765413762.294106,1205,4,4,10,4,10
1765413762.310546,1205,4,4,10,4,10
1765413762.326462,1205,4,4,10,4,10
1765413762.342710,1205,4,4,10,4,10
1765413762.358725,1205,4,4,10,4,10
1765413762.374894,1205,4,4,10,4,10
1765413762.390875,1205,4,4,10,4,10
1765413762.406868,1205,4,4,10,4,10
1765413762.422981,1205,4,4,10,4,10
1765413762.440016,1205,4,4,10,4,10
1765413762.457175,1205,4,4,10,4,10
1765413762.473293,1205,4,4,10,4,10
1765413762.489889,1205,4,4,10,4,10
1765413762.505162,1205,4,4,10,4,10
1765413762.521078,1205,4,4,10,4,10
1765413762.537982,1205,4,4,10,4,10
1765413762.554896,1205,4,4,10,4,10
1765413762.570778,1205,4,4,10,4,10
1765413762.586895,1205,4,4,10,4,10
1765413762.603922,1205,4,4,10,4,10
1765413762.620911,1205,4,4,10,4,10
1765413762.636559,1205,4,4,10,4,10
1765413762.653256,1205,4,4,10,4,10
1765413762.669423,1205,4,4,10,4,10
1765413762.686214,1205,4,4,10,4,10
1765413762.703520,1205,4,4,10,4,10
1765413762.719559,1205,4,4,10,4,10
1765413762.736742,1205,4,4,10,4,10
1765413762.752507,1205,4,4,10,4,10
1765413762.768224,1205,4,4,10,4,10
1765413762.785617,1205,4,4,10,4,10
1765413762.802042,1205,4,4,10,4,10
1765413762.819701,1205,4,4,10,4,10
1765413762.835382,1205,4,4,10,4,10
1765413762.852429,1205,4,4,10,4,10
1765413762.868340,1205,4,4,10,4,10
1765413762.884598,1205,4,4,10,4,10
1765413762.901000,1205,4,4,10,4,10
1765413762.918398,1205,4,4,10,4,10
1765413762.934704,1205,4,4,10,4,10
1765413762.950742,1205,4,4,10,4,10
1765413762.968041,1205,4,4,10,4,10
1765413762.985221,1205,4,4,10,4,10
1765413763.002367,1205,4,4,10,4,10
1765413763.019244,1205,4,4,10,4,10
1765413763.035871,1205,4,4,10,4,10
1765413763.051437,1205,4,4,10,4,10
1765413763.068273,1205,4,4,10,4,10
1765413763.084939,1205,4,4,10,4,10
1765413763.101009,1205,4,4,10,4,10
1765413763.118340,1205,4,4,10,4,10
1765413763.134339,1205,4,4,10,4,10
1765413763.151628,1205,4,4,10,4,10
1765413763.168680,1205,4,4,10,4,10
1765413763.184139,1205,4,4,10,4,10
1765413763.200593,1205,4,4,10,4,10
1765413763.217849,1205,4,4,10,4,10
1765413763.233986,1205,4,4,10,4,10
1765413763.250819,1205,4,4,10,4,10
1765413763.266413,1205,4,4,10,4,10
1765413763.282946,1205,4,4,10,4,10
1765413763.298718,1205,4,4,10,4,10
1765413763.315514,1205,4,4,10,4,10
1765413763.331521,1205,4,4,10,4,10
1765413763.348028,1205,4,4,10,4,10
1765413763.365036,1205,4,4,10,4,10
1765413763.382798,1205,4,4,10,4,10
1765413763.398983,1205,4,4,10,4,10
1765413763.416092,1205,4,4,10,4,10
1765413763.433459,1205,4,4,10,4,10
1765413763.450357,1205,4,4,10,4,10
1765413763.466998,1205,4,4,10,4,10
1765413763.485009,1205,4,4,10,4,10
1765413763.501802,1205,4,4,10,4,10
1765413763.518641,1205,4,4,10,4,10
1765413763.535639,1205,4,4,10,4,10
1765413763.551605,1205,4,4,10,4,10
1765413763.568106,1205,4,4,10,4,10
1765413763.585335,1205,4,4,10,4,10
1765413763.601488,1205,4,4,10,4,10
1765413763.618407,1205,4,4,10,4,10
1765413763.634515,1205,4,4,10,4,10
1765413763.650223,1205,4,4,10,4,10
1765413763.667117,1205,4,4,10,4,10
1765413763.684693,1205,4,4,10,4,10
1765413763.700163,1205,4,4,10,4,10
1765413763.718291,1205,4,4,10,4,10
1765413763.735611,1205,4,4,10,4,10
1765413763.751858,1205,4,4,10,4,10
1765413763.767875,1205,4,4,10,4,10
1765413763.784134,1205,4,4,10,4,10
1765413763.800441,1205,4,4,10,4,10
1765413763.816364,1205,4,4,10,4,10
1765413763.833703,1205,4,4,10,4,10
1765413763.850251,1205,4,4,10,4,10
1765413763.866101,1205,4,4,10,4,10
1765413763.883017,1205,4,4,10,4,10
1765413763.899973,1205,4,4,10,4,10
1765413763.917397,1205,4,4,10,4,10
1765413763.933659,1205,4,4,10,4,10
1765413763.949570,1205,4,4,10,4,10
1765413763.965761,1205,4,4,10,4,10
1765413763.981354,1205,4,4,10,4,10
1765413763.998274,1205,4,4,10,4,10
1765413764.014689,1205,4,4,10,4,10
1765413764.031791,1205,4,4,10,4,10
1765413764.047075,1205,4,4,10,4,10
1765413764.063694,1205,4,4,10,4,10
1765413764.079570,1205,4,4,10,4,10
1765413764.095489,1205,4,4,10,4,10
1765413764.112178,1205,4,4,10,4,10
1765413764.129621,1205,4,4,10,4,10
1765413764.146136,1205,4,4,10,4,10
1765413764.163625,1205,4,4,10,4,10
1765413764.180421,1205,4,4,10,4,10
1765413764.196853,1205,4,4,10,4,10
1765413764.213616,1205,4,4,10,4,10
1765413764.230544,1205,4,4,10,4,10
1765413764.246918,1205,4,4,10,4,10
1765413764.262262,1205,4,4,10,4,10
1765413764.278203,1205,4,4,10,4,10
1765413764.294807,1205,4,4,10,4,10
1765413764.310919,1205,4,4,10,4,10
1765413764.327894,1205,4,4,10,4,10
1765413764.343777,1205,4,4,10,4,10
1765413764.360152,1205,4,4,10,4,10
1765413764.376899,1205,4,4,10,4,10
1765413764.392546,1205,4,4,10,4,10
1765413764.409587,1205,4,4,10,4,10
1765413764.426492,1205,4,4,10,4,10
1765413764.442933,1205,4,4,10,4,10
1765413764.459038,1205,4,4,10,4,10
1765413764.476404,1205,4,4,10,4,10
1765413764.493150,1205,4,4,10,4,10
1765413764.511046,1205,4,4,10,4,10
1765413764.528919,1205,4,4,10,4,10
1765413764.545449,1205,4,4,10,4,10
1765413764.562465,1205,4,4,10,4,10
1765413764.579992,1205,4,4,10,4,10
1765413764.597416,1205,4,4,10,4,10
1765413764.613155,1205,4,4,10,4,10
1765413764.629424,1205,4,4,10,4,10
1765413764.645870,1205,4,4,10,4,10
1765413764.662754,1205,4,4,10,4,10
1765413764.679135,1205,4,4,10,4,10
1765413764.695870,1205,4,4,10,4,10
1765413764.711619,1205,4,4,10,4,10
1765413764.728212,1205,4,4,10,4,10
1765413764.744346,1205,4,4,10,4,10
1765413764.761018,1205,4,4,10,4,10
1765413764.777940,1205,4,4,10,4,10
1765413764.794217,1205,4,4,10,4,10
1765413764.811259,1205,4,4,10,4,10
1765413764.827332,1205,4,4,10,4,10
1765413764.843926,1205,4,4,10,4,10
1765413764.859885,1205,4,4,10,4,10
1765413764.876112,1205,4,4,10,4,10
1765413764.893064,1205,4,4,10,4,10
1765413764.909793,1205,4,4,10,4,10
1765413764.925341,1205,4,4,10,4,10
1765413764.941703,1205,4,4,10,4,10
1765413764.957980,1205,4,4,10,4,10
1765413764.974619,1205,4,4,10,4,10
1765413764.990894,1205,4,4,10,4,10
1765413765.006313,1205,4,4,10,4,10
1765413765.022744,1205,4,4,10,4,10
1765413765.038583,1205,4,4,10,4,10
1765413765.054528,1205,4,4,10,4,10
1765413765.070567,1205,4,4,10,4,10
1765413765.087040,1205,4,4,10,4,10
1765413765.104037,1205,4,4,10,4,10
1765413765.121658,1205,4,4,10,4,10
1765413765.137896,1205,4,4,10,4,10
1765413765.153373,1205,4,4,10,4,10
1765413765.170920,1205,4,4,10,4,10
1765413765.186886,1205,4,4,10,4,10
1765413765.203862,1205,4,4,10,4,10
1765413765.219534,1205,4,4,10,4,10
1765413765.235728,1205,4,4,10,4,10
1765413765.252363,1205,4,4,10,4,10
1765413765.268929,1205,4,4,10,4,10
1765413765.284985,1205,4,4,10,4,10
1765413765.301518,1205,4,4,10,4,10
1765413765.318621,1205,4,4,10,4,10
1765413765.334599,1205,4,4,10,4,10
1765413765.351787,1205,4,4,10,4,10
1765413765.368134,1205,4,4,10,4,10
1765413765.384572,1205,4,4,10,4,10
1765413765.401119,1205,4,4,10,4,10
1765413765.418214,1205,4,4,10,4,10
1765413765.434648,1205,4,4,10,4,10
1765413765.450333,1205,4,4,10,4,10
1765413765.468075,1205,4,4,10,4,10
1765413765.484297,1205,4,4,10,4,10
1765413765.500219,1205,4,4,10,4,10
1765413765.517176,1205,4,4,10,4,10
1765413765.533817,1205,4,4,10,4,10
1765413765.550306,1205,4,4,10,4,10
1765413765.567125,1205,4,4,10,4,10
1765413765.584264,1205,4,4,10,4,10
1765413765.601598,1205,4,4,10,4,10
1765413765.617070,1205,4,4,10,4,10
1765413765.634304,1205,4,4,10,4,10
1765413765.651620,1205,4,4,10,4,10
1765413765.668334,1205,4,4,10,4,10
1765413765.685627,1205,4,4,10,4,10
1765413765.703213,1205,4,4,10,4,10
1765413765.720705,1205,4,4,10,4,10
1765413765.736805,1205,4,4,10,4,10
1765413765.752903,1205,4,4,10,4,10
1765413765.769394,1205,4,4,10,4,10
1765413765.785915,1205,4,4,10,4,10
1765413765.801692,1205,4,4,10,4,10
1765413765.818162,1205,4,4,10,4,10
1765413765.834789,1205,4,4,10,4,10
1765413765.850621,1205,4,4,10,4,10
1765413765.867212,1205,4,4,10,4,10
1765413765.883463,1205,4,4,10,4,10
1765413765.900345,1205,4,4,10,4,10
1765413765.916942,1205,4,4,10,4,10
1765413765.934013,1205,4,4,10,4,10
1765413765.951668,1205,4,4,10,4,10
1765413765.967811,1205,4,4,10,4,10
1765413765.983927,1205,4,4,10,4,10
1765413766.000416,1205,4,4,10,4,10
1765413766.017719,1205,4,4,10,4,10
1765413766.034061,1205,4,4,10,4,10
1765413766.051040,1205,4,4,10,4,10
1765413766.068012,1205,4,4,10,4,10
1765413766.084711,1205,4,4,10,4,10
1765413766.101051,1205,4,4,10,4,10
1765413766.118583,1205,4,4,10,4,10
1765413766.134234,1205,4,4,10,4,10
1765413766.150320,1205,4,4,10,4,10
1765413766.168352,1205,4,4,10,4,10
1765413766.185678,1205,4,4,10,4,10
1765413766.202077,1205,4,4,10,4,10
1765413766.218075,1205,4,4,10,4,10
1765413766.235047,1205,4,4,10,4,10
1765413766.252317,1205,4,4,10,4,10
1765413766.268391,1205,4,4,10,4,10
1765413766.284853,1205,4,4,10,4,10
