time,player_id,row,col
1765413713.214286,1,0,12
1765413713.256417,1,0,12
1765413713.298474,1,0,12
1765413713.298474,2,19,1
1765413713.341111,1,0,12
1765413713.341111,2,19,1
1765413713.383059,1,0,12
1765413713.383059,2,19,1
1765413713.424963,1,0,12
1765413713.424963,2,19,1
1765413713.469205,1,0,12
1765413713.469205,2,19,1
1765413713.511934,1,0,12
1765413713.511934,2,19,1
1765413713.553940,1,0,12
1765413713.553940,2,19,1
1765413713.595667,1,0,12
1765413713.595667,2,19,1
1765413713.638412,1,0,12
1765413713.638412,2,19,1
1765413713.681823,1,0,12
1765413713.681823,2,19,1
1765413713.681823,3,7,1
1765413713.723988,1,0,12
1765413713.723988,2,19,1
1765413713.723988,3,7,1
1765413713.766550,1,0,12
1765413713.766550,2,19,1
1765413713.766550,3,7,1
1765413713.808306,1,0,12
1765413713.808306,2,19,1
1765413713.808306,3,7,1
1765413713.850440,1,0,12
1765413713.850440,2,19,1
1765413713.850440,3,7,1
1765413713.892765,1,0,12
1765413713.892765,2,19,1
1765413713.892765,3,7,1
1765413713.938036,1,0,12
1765413713.938036,2,19,1
1765413713.938036,3,7,1
1765413713.971408,1,0,12
1765413713.971408,2,19,1
1765413713.971408,3,7,1
1765413713.971408,4,6,7
1765413714.014266,1,0,12
1765413714.014266,2,19,1
1765413714.014266,3,7,1
1765413714.014266,4,6,7
1765413714.056129,1,0,12
1765413714.056129,2,19,1
1765413714.056129,3,7,1
1765413714.056129,4,6,7
1765413714.098580,1,0,12
1765413714.098580,2,19,1
1765413714.098580,3,7,1
1765413714.098580,4,6,7
1765413714.141242,1,0,12
1765413714.141242,2,19,1
1765413714.141242,3,7,1
1765413714.141242,4,6,7
1765413714.183871,1,0,12
1765413714.183871,2,18,1
1765413714.183871,3,7,1
1765413714.183871,4,6,7
1765413714.227229,1,0,12
1765413714.227229,2,18,1
1765413714.227229,3,7,1
1765413714.227229,4,6,7
1765413714.270208,1,0,12
1765413714.270208,2,18,1
1765413714.270208,3,7,1
1765413714.270208,4,6,7
1765413714.312416,1,0,12
1765413714.312416,2,18,1
1765413714.312416,3,7,1
1765413714.312416,4,6,7
1765413714.354296,1,0,12
1765413714.354296,2,18,1
1765413714.354296,3,7,1
1765413714.354296,4,6,7
1765413714.396174,1,0,12
1765413714.396174,2,18,1
1765413714.396174,3,7,1
1765413714.396174,4,6,7
1765413714.439464,1,0,12
1765413714.439464,2,18,1
1765413714.439464,3,7,1
1765413714.439464,4,6,7
1765413714.481023,1,0,12
1765413714.481023,2,18,1
1765413714.481023,3,7,1
1765413714.481023,4,6,7
1765413714.523462,1,0,12
1765413714.523462,2,18,1
1765413714.523462,3,7,1
1765413714.523462,4,6,7
1765413714.565973,1,0,12
1765413714.565973,2,18,1
1765413714.565973,3,6,1
1765413714.565973,4,6,7
1765413714.608377,1,0,12
1765413714.608377,2,18,1
1765413714.608377,3,6,1
1765413714.608377,4,6,7
1765413714.642888,1,0,12
1765413714.642888,2,18,1
1765413714.642888,3,6,1
1765413714.642888,4,6,7
1765413714.679538,1,0,12
1765413714.679538,2,18,1
1765413714.679538,3,6,1
1765413714.679538,4,6,7
1765413714.721527,1,0,12
1765413714.721527,2,18,1
1765413714.721527,3,6,1
1765413714.721527,4,6,7
1765413714.764540,1,0,12
1765413714.764540,2,18,1
1765413714.764540,3,6,1
1765413714.764540,4,6,7
1765413714.807164,1,0,12
1765413714.807164,2,18,1
1765413714.807164,3,6,1
1765413714.807164,4,6,7
1765413714.849625,1,0,12
1765413714.849625,2,18,1
1765413714.849625,3,6,1
1765413714.849625,4,5,7
1765413714.891802,1,0,12
1765413714.891802,2,18,1
1765413714.891802,3,6,1
1765413714.891802,4,5,7
1765413714.934288,1,0,12
1765413714.934288,2,18,1
1765413714.934288,3,6,1
1765413714.934288,4,5,7
1765413714.976418,1,0,12
1765413714.976418,2,18,1
1765413714.976418,3,6,1
1765413714.976418,4,5,7
1765413715.018280,1,0,12
1765413715.018280,2,18,1
1765413715.018280,3,6,1
1765413715.018280,4,5,7
1765413715.060534,1,0,12
1765413715.060534,2,18,1
1765413715.060534,3,6,1
1765413715.060534,4,5,7
1765413715.102118,1,0,12
1765413715.102118,2,18,1
1765413715.102118,3,6,1
1765413715.102118,4,5,7
1765413715.143929,1,0,12
1765413715.143929,2,18,1
1765413715.143929,3,6,1
1765413715.143929,4,5,7
1765413715.187109,1,0,12
1765413715.187109,2,17,1
1765413715.187109,3,6,1
1765413715.187109,4,5,7
1765413715.229133,1,0,12
1765413715.229133,2,17,1
1765413715.229133,3,6,1
1765413715.229133,4,5,7
1765413715.271343,1,0,12
1765413715.271343,2,17,1
1765413715.271343,3,6,1
1765413715.271343,4,5,7
1765413715.313929,1,0,12
1765413715.313929,2,17,1
1765413715.313929,3,6,1
1765413715.313929,4,5,7
1765413715.355767,1,0,12
1765413715.355767,2,17,1
1765413715.355767,3,6,1
1765413715.355767,4,5,7
1765413715.390179,1,0,12
1765413715.390179,2,17,1
1765413715.390179,3,6,1
1765413715.390179,4,5,7
1765413715.432562,1,0,12
1765413715.432562,2,17,1
1765413715.432562,3,6,1
1765413715.432562,4,5,7
1765413715.474310,1,0,12
1765413715.474310,2,17,1
1765413715.474310,3,6,1
1765413715.474310,4,5,7
1765413715.516279,1,0,12
1765413715.516279,2,16,1
1765413715.516279,3,6,1
1765413715.516279,4,5,7
1765413715.558189,1,0,12
1765413715.558189,2,16,1
1765413715.558189,3,5,1
1765413715.558189,4,5,7
1765413715.600893,1,0,12
1765413715.600893,2,16,1
1765413715.600893,3,5,1
1765413715.600893,4,5,7
1765413715.643726,1,0,12
1765413715.643726,2,16,1
1765413715.643726,3,5,1
1765413715.643726,4,5,7
1765413715.817195,1,0,12
1765413715.817195,2,16,1
1765413715.817195,3,5,1
1765413715.817195,4,5,7
1765413715.895269,1,0,12
1765413715.895269,2,16,1
1765413715.895269,3,4,1
1765413715.895269,4,4,7
1765413715.940194,1,0,12
1765413715.940194,2,16,1
1765413715.940194,3,4,1
1765413715.940194,4,4,7
1765413715.974103,1,0,12
1765413715.974103,2,16,1
1765413715.974103,3,4,1
1765413715.974103,4,4,7
1765413716.017010,1,0,12
1765413716.017010,2,16,1
1765413716.017010,3,4,1
1765413716.017010,4,4,7
1765413716.058707,1,0,12
1765413716.058707,2,16,1
1765413716.058707,3,4,1
1765413716.058707,4,4,7
1765413716.101126,1,0,12
1765413716.101126,2,16,1
1765413716.101126,3,4,1
1765413716.101126,4,4,7
1765413716.143678,1,0,12
1765413716.143678,2,16,1
1765413716.143678,3,4,1
1765413716.143678,4,4,7
1765413716.186208,1,0,12
1765413716.186208,2,16,1
1765413716.186208,3,4,1
1765413716.186208,4,3,7
1765413716.228675,1,0,12
1765413716.228675,2,16,1
1765413716.228675,3,4,1
1765413716.228675,4,3,7
1765413716.270937,1,0,12
1765413716.270937,2,16,1
1765413716.270937,3,4,1
1765413716.270937,4,3,7
1765413716.312862,1,0,12
1765413716.312862,2,16,1
1765413716.312862,3,4,1
1765413716.312862,4,3,7
1765413716.356342,1,0,12
1765413716.356342,2,16,1
1765413716.356342,3,4,1
1765413716.356342,4,3,7
1765413716.398329,1,0,12
1765413716.398329,2,16,1
1765413716.398329,3,4,1
1765413716.398329,4,3,7
1765413716.440553,1,0,12
1765413716.440553,2,16,1
1765413716.440553,3,4,1
1765413716.440553,4,3,7
1765413716.482006,1,0,12
1765413716.482006,2,16,1
1765413716.482006,3,4,1
1765413716.482006,4,3,7
1765413716.524693,1,0,12
1765413716.524693,2,16,1
1765413716.524693,3,4,1
1765413716.524693,4,3,7
1765413716.567220,1,0,12
1765413716.567220,2,16,1
1765413716.567220,3,4,1
1765413716.567220,4,3,7
1765413716.609300,1,0,12
1765413716.609300,2,16,1
1765413716.609300,3,4,1
1765413716.609300,4,3,7
1765413716.651553,1,0,13
1765413716.651553,2,16,1
1765413716.651553,3,4,1
1765413716.651553,4,3,7
1765413716.693909,1,0,13
1765413716.693909,2,16,1
1765413716.693909,3,4,1
1765413716.693909,4,3,7
1765413716.736331,1,0,13
1765413716.736331,2,16,1
1765413716.736331,3,4,1
1765413716.736331,4,3,7
1765413716.778819,1,0,13
1765413716.778819,2,16,2
1765413716.778819,3,4,1
1765413716.778819,4,3,7
1765413716.820710,1,0,13
1765413716.820710,2,16,2
1765413716.820710,3,4,1
1765413716.820710,4,3,7
1765413716.862700,1,0,13
1765413716.862700,2,16,2
1765413716.862700,3,4,1
1765413716.862700,4,3,7
1765413716.904753,1,0,13
1765413716.904753,2,16,2
1765413716.904753,3,4,1
1765413716.904753,4,3,7
1765413716.947040,1,0,13
1765413716.947040,2,16,2
1765413716.947040,3,4,1
1765413716.947040,4,3,7
1765413716.989089,1,0,13
1765413716.989089,2,16,2
1765413716.989089,3,4,1
1765413716.989089,4,3,7
1765413717.031692,1,0,13
1765413717.031692,2,16,2
1765413717.031692,3,4,1
1765413717.031692,4,3,7
1765413717.074128,1,0,13
1765413717.074128,2,16,2
1765413717.074128,3,4,1
1765413717.074128,4,3,7
1765413717.116919,1,0,13
1765413717.116919,2,16,2
1765413717.116919,3,4,1
1765413717.116919,4,3,7
1765413717.159150,1,0,13
1765413717.159150,2,16,2
1765413717.159150,3,4,2
1765413717.159150,4,3,7
1765413717.201869,1,0,13
1765413717.201869,2,16,2
1765413717.201869,3,4,2
1765413717.201869,4,3,7
1765413717.243963,1,0,13
1765413717.243963,2,16,2
1765413717.243963,3,4,2
1765413717.243963,4,3,7
1765413717.286465,1,0,13
1765413717.286465,2,16,2
1765413717.286465,3,4,2
1765413717.286465,4,3,7
1765413717.328833,1,0,13
1765413717.328833,2,16,2
1765413717.328833,3,4,2
1765413717.328833,4,3,7
1765413717.371888,1,0,13
1765413717.371888,2,16,2
1765413717.371888,3,4,2
1765413717.371888,4,3,7
1765413717.413951,1,0,13
1765413717.413951,2,16,2
1765413717.413951,3,4,2
1765413717.413951,4,3,8
1765413717.456269,1,0,13
1765413717.456269,2,16,2
1765413717.456269,3,4,2
1765413717.456269,4,3,8
1765413717.498800,1,0,13
1765413717.498800,2,16,2
1765413717.498800,3,4,2
1765413717.498800,4,3,8
1765413717.542175,1,0,13
1765413717.542175,2,16,2
1765413717.542175,3,4,2
1765413717.542175,4,3,8
1765413717.585936,1,0,13
1765413717.585936,2,16,2
1765413717.585936,3,4,2
1765413717.585936,4,3,8
1765413717.628191,1,0,13
1765413717.628191,2,16,2
1765413717.628191,3,4,2
1765413717.628191,4,3,8
1765413717.671274,1,0,13
1765413717.671274,2,16,2
1765413717.671274,3,4,2
1765413717.671274,4,3,8
1765413717.714345,1,0,13
1765413717.714345,2,16,2
1765413717.714345,3,4,2
1765413717.714345,4,3,8
1765413717.756285,1,0,13
1765413717.756285,2,16,2
1765413717.756285,3,4,2
1765413717.756285,4,3,8
1765413717.798747,1,0,13
1765413717.798747,2,16,2
1765413717.798747,3,4,2
1765413717.798747,4,3,8
1765413717.841775,1,0,13
1765413717.841775,2,16,2
1765413717.841775,3,4,2
1765413717.841775,4,3,8
1765413717.884123,1,0,13
1765413717.884123,2,16,2
1765413717.884123,3,4,2
1765413717.884123,4,3,8
1765413717.926343,1,0,13
1765413717.926343,2,16,2
1765413717.926343,3,4,2
1765413717.926343,4,3,8
1765413717.968511,1,0,13
1765413717.968511,2,16,2
1765413717.968511,3,4,2
1765413717.968511,4,3,8
1765413718.010839,1,0,13
1765413718.010839,2,16,2
1765413718.010839,3,4,2
1765413718.010839,4,3,8
1765413718.053189,1,0,13
1765413718.053189,2,16,2
1765413718.053189,3,4,2
1765413718.053189,4,3,8
1765413718.095364,1,0,13
1765413718.095364,2,16,2
1765413718.095364,3,4,2
1765413718.095364,4,3,8
1765413718.137476,1,0,13
1765413718.137476,2,16,2
1765413718.137476,3,4,2
1765413718.137476,4,3,8
1765413718.179382,1,0,13
1765413718.179382,2,16,2
1765413718.179382,3,4,2
1765413718.179382,4,3,8
1765413718.221232,1,1,13
1765413718.221232,2,16,2
1765413718.221232,3,4,2
1765413718.221232,4,3,8
1765413718.263725,1,1,13
1765413718.263725,2,16,2
1765413718.263725,3,4,2
1765413718.263725,4,3,8
1765413718.306134,1,1,13
1765413718.306134,2,17,2
1765413718.306134,3,4,2
1765413718.306134,4,3,8
1765413718.348420,1,1,13
1765413718.348420,2,17,2
1765413718.348420,3,4,2
1765413718.348420,4,3,8
1765413718.391048,1,1,13
1765413718.391048,2,17,2
1765413718.391048,3,4,2
1765413718.391048,4,3,8
1765413718.433422,1,1,13
1765413718.433422,2,17,2
1765413718.433422,3,4,2
1765413718.433422,4,3,8
1765413718.475175,1,1,13
1765413718.475175,2,17,2
1765413718.475175,3,4,2
1765413718.475175,4,3,8
1765413718.517525,1,1,13
1765413718.517525,2,17,2
1765413718.517525,3,4,2
1765413718.517525,4,3,8
1765413718.560301,1,1,13
1765413718.560301,2,17,2
1765413718.560301,3,4,2
1765413718.560301,4,3,8
1765413718.602309,1,1,13
1765413718.602309,2,17,2
1765413718.602309,3,4,2
1765413718.602309,4,3,8
1765413718.644432,1,1,13
1765413718.644432,2,17,2
1765413718.644432,3,4,2
1765413718.644432,4,3,8
1765413718.687715,1,1,13
1765413718.687715,2,17,2
1765413718.687715,3,5,2
1765413718.687715,4,3,8
1765413718.730179,1,1,13
1765413718.730179,2,17,2
1765413718.730179,3,5,2
1765413718.730179,4,3,8
1765413718.772331,1,1,13
1765413718.772331,2,17,2
1765413718.772331,3,5,2
1765413718.772331,4,3,8
1765413718.814995,1,1,13
1765413718.814995,2,17,2
1765413718.814995,3,5,2
1765413718.814995,4,3,8
1765413718.858139,1,1,13
1765413718.858139,2,17,2
1765413718.858139,3,5,2
1765413718.858139,4,3,8
1765413718.899810,1,1,13
1765413718.899810,2,17,2
1765413718.899810,3,5,2
1765413718.899810,4,3,8
1765413718.942131,1,1,13
1765413718.942131,2,17,2
1765413718.942131,3,5,2
1765413718.942131,4,3,8
1765413718.984838,1,1,12
1765413718.984838,2,17,2
1765413718.984838,3,5,2
1765413718.984838,4,4,8
1765413719.027097,1,1,12
1765413719.027097,2,17,2
1765413719.027097,3,5,2
1765413719.027097,4,4,8
1765413719.068992,1,1,12
1765413719.068992,2,17,1
1765413719.068992,3,5,2
1765413719.068992,4,4,8
1765413719.111356,1,1,12
1765413719.111356,2,17,1
1765413719.111356,3,5,2
1765413719.111356,4,4,8
1765413719.153597,1,1,12
1765413719.153597,2,17,1
1765413719.153597,3,5,2
1765413719.153597,4,4,8
1765413719.195427,1,1,12
1765413719.195427,2,17,1
1765413719.195427,3,5,2
1765413719.195427,4,4,8
1765413719.237457,1,1,12
1765413719.237457,2,17,1
1765413719.237457,3,5,2
1765413719.237457,4,4,8
1765413719.279692,1,1,12
1765413719.279692,2,17,1
1765413719.279692,3,5,2
1765413719.279692,4,4,8
1765413719.322464,1,1,12
1765413719.322464,2,17,1
1765413719.322464,3,5,2
1765413719.322464,4,4,8
1765413719.365336,1,1,12
1765413719.365336,2,17,1
1765413719.365336,3,5,2
1765413719.365336,4,4,8
1765413719.408114,1,1,12
1765413719.408114,2,17,1
1765413719.408114,3,5,2
1765413719.408114,4,4,8
1765413719.449874,1,1,12
1765413719.449874,2,17,1
1765413719.449874,3,5,1
1765413719.449874,4,4,8
1765413719.492863,1,1,12
1765413719.492863,2,17,1
1765413719.492863,3,5,1
1765413719.492863,4,4,8
1765413719.534570,1,1,12
1765413719.534570,2,17,1
1765413719.534570,3,5,1
1765413719.534570,4,4,8
1765413719.576580,1,1,12
1765413719.576580,2,17,1
1765413719.576580,3,5,1
1765413719.576580,4,4,8
1765413719.618767,1,1,12
1765413719.618767,2,17,1
1765413719.618767,3,5,1
1765413719.618767,4,4,8
1765413719.661024,1,1,12
1765413719.661024,2,17,1
1765413719.661024,3,5,1
1765413719.661024,4,4,8
1765413719.703098,1,0,12
1765413719.703098,2,17,1
1765413719.703098,3,5,1
1765413719.703098,4,4,8
1765413719.746118,1,0,12
1765413719.746118,2,17,1
1765413719.746118,3,5,1
1765413719.746118,4,4,7
1765413719.788524,1,0,12
1765413719.788524,2,16,1
1765413719.788524,3,5,1
1765413719.788524,4,4,7
1765413719.830367,1,0,12
1765413719.830367,2,16,1
1765413719.830367,3,5,1
1765413719.830367,4,4,7
1765413719.872449,1,0,12
1765413719.872449,2,16,1
1765413719.872449,3,5,1
1765413719.872449,4,4,7
1765413719.915088,1,0,12
1765413719.915088,2,16,1
1765413719.915088,3,5,1
1765413719.915088,4,4,7
1765413719.956709,1,0,12
1765413719.956709,2,16,1
1765413719.956709,3,5,1
1765413719.956709,4,4,7
1765413719.998598,1,0,12
1765413719.998598,2,16,1
1765413719.998598,3,5,1
1765413719.998598,4,4,7
1765413720.040941,1,0,12
1765413720.040941,2,16,1
1765413720.040941,3,5,1
1765413720.040941,4,4,7
1765413720.117965,1,0,12
1765413720.117965,2,16,1
1765413720.117965,3,5,1
1765413720.117965,4,4,7
1765413720.161297,1,0,12
1765413720.161297,2,16,1
1765413720.161297,3,5,1
1765413720.161297,4,4,7
1765413720.201689,1,0,12
1765413720.201689,2,16,1
1765413720.201689,3,4,1
1765413720.201689,4,4,7
1765413720.237110,1,0,12
1765413720.237110,2,16,1
1765413720.237110,3,4,1
1765413720.237110,4,4,7
1765413720.279305,1,0,12
1765413720.279305,2,16,1
1765413720.279305,3,4,1
1765413720.279305,4,4,7
1765413720.321703,1,0,12
1765413720.321703,2,16,1
1765413720.321703,3,4,1
1765413720.321703,4,4,7
1765413720.364318,1,0,13
1765413720.364318,2,16,1
1765413720.364318,3,4,1
1765413720.364318,4,4,7
1765413720.406903,1,0,13
1765413720.406903,2,16,1
1765413720.406903,3,4,1
1765413720.406903,4,4,7
1765413720.449183,1,0,13
1765413720.449183,2,16,1
1765413720.449183,3,4,1
1765413720.449183,4,3,7
1765413720.491140,1,0,13
1765413720.491140,2,16,2
1765413720.491140,3,4,1
1765413720.491140,4,3,7
1765413720.534166,1,0,13
1765413720.534166,2,16,2
1765413720.534166,3,4,1
1765413720.534166,4,3,7
1765413720.576499,1,0,13
1765413720.576499,2,16,2
1765413720.576499,3,4,1
1765413720.576499,4,3,7
1765413720.618340,1,0,13
1765413720.618340,2,16,2
1765413720.618340,3,4,1
1765413720.618340,4,3,7
1765413720.653984,1,0,13
1765413720.653984,2,16,2
1765413720.653984,3,4,1
1765413720.653984,4,3,7
1765413720.697042,1,0,12
1765413720.697042,2,16,2
1765413720.697042,3,4,1
1765413720.697042,4,3,7
1765413720.740123,1,0,12
1765413720.740123,2,16,2
1765413720.740123,3,4,1
1765413720.740123,4,3,7
1765413720.782845,1,0,12
1765413720.782845,2,16,2
1765413720.782845,3,4,1
1765413720.782845,4,3,7
1765413720.825449,1,0,12
1765413720.825449,2,16,1
1765413720.825449,3,4,1
1765413720.825449,4,3,7
1765413720.868401,1,0,12
1765413720.868401,2,16,1
1765413720.868401,3,4,2
1765413720.868401,4,3,7
1765413720.910737,1,0,12
1765413720.910737,2,16,1
1765413720.910737,3,4,2
1765413720.910737,4,3,7
1765413720.953164,1,0,12
1765413720.953164,2,16,1
1765413720.953164,3,4,2
1765413720.953164,4,3,7
1765413720.995147,1,0,12
1765413720.995147,2,16,1
1765413720.995147,3,4,2
1765413720.995147,4,3,7
1765413721.037522,1,0,12
1765413721.037522,2,16,1
1765413721.037522,3,4,2
1765413721.037522,4,3,7
1765413721.079771,1,0,12
1765413721.079771,2,16,1
1765413721.079771,3,4,2
1765413721.079771,4,3,7
1765413721.121904,1,0,12
1765413721.121904,2,16,1
1765413721.121904,3,4,2
1765413721.121904,4,3,8
1765413721.164511,1,0,12
1765413721.164511,2,16,1
1765413721.164511,3,4,2
1765413721.164511,4,3,8
1765413721.206803,1,0,12
1765413721.206803,2,16,1
1765413721.206803,3,4,1
1765413721.206803,4,3,8
1765413721.249187,1,0,12
1765413721.249187,2,16,1
1765413721.249187,3,4,1
1765413721.249187,4,3,8
1765413721.291722,1,0,12
1765413721.291722,2,16,1
1765413721.291722,3,4,1
1765413721.291722,4,3,8
1765413721.333906,1,0,12
1765413721.333906,2,16,1
1765413721.333906,3,4,1
1765413721.333906,4,3,8
1765413721.376182,1,0,12
1765413721.376182,2,16,1
1765413721.376182,3,4,1
1765413721.376182,4,3,8
1765413721.418508,1,0,12
1765413721.418508,2,16,1
1765413721.418508,3,4,1
1765413721.418508,4,3,8
1765413721.460605,1,0,12
1765413721.460605,2,16,1
1765413721.460605,3,4,1
1765413721.460605,4,3,7
1765413721.502225,1,0,12
1765413721.502225,2,16,1
1765413721.502225,3,4,1
1765413721.502225,4,3,7
1765413721.545476,1,0,12
1765413721.545476,2,16,1
1765413721.545476,3,4,1
1765413721.545476,4,3,7
1765413721.588042,1,0,12
1765413721.588042,2,16,1
1765413721.588042,3,4,1
1765413721.588042,4,3,7
1765413721.623496,1,0,11
1765413721.623496,2,16,1
1765413721.623496,3,4,1
1765413721.623496,4,3,7
1765413721.667211,1,0,11
1765413721.667211,2,16,1
1765413721.667211,3,4,1
1765413721.667211,4,3,7
1765413721.710199,1,0,11
1765413721.710199,2,16,0
1765413721.710199,3,4,1
1765413721.710199,4,3,7
1765413721.752347,1,0,11
1765413721.752347,2,16,0
1765413721.752347,3,4,1
1765413721.752347,4,3,7
1765413721.794194,1,0,11
1765413721.794194,2,16,0
1765413721.794194,3,4,1
1765413721.794194,4,3,7
1765413721.836440,1,0,11
1765413721.836440,2,16,0
1765413721.836440,3,4,1
1765413721.836440,4,3,7
1765413721.878860,1,0,11
1765413721.878860,2,16,0
1765413721.878860,3,4,1
1765413721.878860,4,3,7
1765413721.920694,1,0,11
1765413721.920694,2,16,0
1765413721.920694,3,4,1
1765413721.920694,4,3,7
1765413721.962298,1,0,11
1765413721.962298,2,16,0
1765413721.962298,3,4,1
1765413721.962298,4,3,7
1765413722.003581,1,0,11
1765413722.003581,2,16,0
1765413722.003581,3,4,1
1765413722.003581,4,3,7
1765413722.045217,1,0,11
1765413722.045217,2,16,0
1765413722.045217,3,4,1
1765413722.045217,4,3,7
1765413722.087202,1,0,11
1765413722.087202,2,16,0
1765413722.087202,3,4,1
1765413722.087202,4,3,7
1765413722.129537,1,0,11
1765413722.129537,2,16,0
1765413722.129537,3,4,0
1765413722.129537,4,3,7
1765413722.171765,1,0,11
1765413722.171765,2,16,0
1765413722.171765,3,4,0
1765413722.171765,4,3,7
1765413722.213655,1,0,11
1765413722.213655,2,16,0
1765413722.213655,3,4,0
1765413722.213655,4,3,7
1765413722.255909,1,0,11
1765413722.255909,2,16,0
1765413722.255909,3,4,0
1765413722.255909,4,3,7
1765413722.289264,1,0,11
1765413722.289264,2,16,0
1765413722.289264,3,4,0
1765413722.289264,4,3,7
1765413722.331544,1,0,11
1765413722.331544,2,16,0
1765413722.331544,3,4,0
1765413722.331544,4,3,7
1765413722.373479,1,0,11
1765413722.373479,2,16,0
1765413722.373479,3,4,0
1765413722.373479,4,3,6
1765413722.416162,1,0,11
1765413722.416162,2,16,0
1765413722.416162,3,4,0
1765413722.416162,4,3,6
1765413722.458649,1,0,11
1765413722.458649,2,16,0
1765413722.458649,3,4,0
1765413722.458649,4,3,6
1765413722.500671,1,0,11
1765413722.500671,2,16,0
1765413722.500671,3,4,0
1765413722.500671,4,3,6
1765413722.542845,1,0,11
1765413722.542845,2,16,0
1765413722.542845,3,4,0
1765413722.542845,4,3,6
1765413722.585460,1,0,11
1765413722.585460,2,16,0
1765413722.585460,3,4,0
1765413722.585460,4,3,6
1765413722.627991,1,0,11
1765413722.627991,2,16,0
1765413722.627991,3,4,0
1765413722.627991,4,3,6
1765413722.670673,1,0,11
1765413722.670673,2,16,0
1765413722.670673,3,4,0
1765413722.670673,4,3,6
1765413722.712085,1,0,11
1765413722.712085,2,16,0
1765413722.712085,3,4,0
1765413722.712085,4,3,6
1765413722.754590,1,0,11
1765413722.754590,2,16,0
1765413722.754590,3,4,0
1765413722.754590,4,3,6
1765413722.796583,1,0,11
1765413722.796583,2,16,0
1765413722.796583,3,4,0
1765413722.796583,4,3,6
1765413722.839554,1,0,11
1765413722.839554,2,16,0
1765413722.839554,3,4,0
1765413722.839554,4,3,6
1765413722.881286,1,0,11
1765413722.881286,2,16,0
1765413722.881286,3,4,0
1765413722.881286,4,3,6
1765413722.923237,1,0,11
1765413722.923237,2,16,0
1765413722.923237,3,4,0
1765413722.923237,4,3,6
1765413722.966118,1,0,11
1765413722.966118,2,16,0
1765413722.966118,3,4,0
1765413722.966118,4,3,6
1765413723.008873,1,0,11
1765413723.008873,2,16,0
1765413723.008873,3,4,0
1765413723.008873,4,3,6
1765413723.050151,1,0,11
1765413723.050151,2,16,0
1765413723.050151,3,4,0
1765413723.050151,4,3,6
1765413723.092304,1,0,11
1765413723.092304,2,16,0
1765413723.092304,3,4,0
1765413723.092304,4,3,6
1765413723.134582,1,0,12
1765413723.134582,2,16,0
1765413723.134582,3,4,0
1765413723.134582,4,3,6
1765413723.177997,1,0,12
1765413723.177997,2,16,0
1765413723.177997,3,4,0
1765413723.177997,4,3,6
1765413723.220099,1,0,12
1765413723.220099,2,16,0
1765413723.220099,3,4,0
1765413723.220099,4,3,6
1765413723.262111,1,0,12
1765413723.262111,2,16,1
1765413723.262111,3,4,0
1765413723.262111,4,3,6
1765413723.304372,1,0,12
1765413723.304372,2,16,1
1765413723.304372,3,4,0
1765413723.304372,4,3,6
1765413723.346504,1,0,12
1765413723.346504,2,16,1
1765413723.346504,3,4,0
1765413723.346504,4,3,6
1765413723.388830,1,0,12
1765413723.388830,2,16,1
1765413723.388830,3,4,0
1765413723.388830,4,3,6
1765413723.431526,1,0,12
1765413723.431526,2,16,1
1765413723.431526,3,4,0
1765413723.431526,4,3,6
1765413723.473549,1,0,12
1765413723.473549,2,16,1
1765413723.473549,3,4,0
1765413723.473549,4,3,6
1765413723.515491,1,0,12
1765413723.515491,2,16,1
1765413723.515491,3,4,0
1765413723.515491,4,3,6
1765413723.558055,1,0,12
1765413723.558055,2,16,1
1765413723.558055,3,4,0
1765413723.558055,4,3,6
1765413723.600288,1,0,12
1765413723.600288,2,16,1
1765413723.600288,3,4,0
1765413723.600288,4,3,6
1765413723.642167,1,0,12
1765413723.642167,2,16,1
1765413723.642167,3,4,0
1765413723.642167,4,3,6
1765413723.684490,1,0,12
1765413723.684490,2,16,1
1765413723.684490,3,4,1
1765413723.684490,4,3,6
1765413723.726254,1,0,12
1765413723.726254,2,16,1
1765413723.726254,3,4,1
1765413723.726254,4,3,6
1765413723.769533,1,0,11
1765413723.769533,2,16,1
1765413723.769533,3,4,1
1765413723.769533,4,3,6
1765413723.811982,1,0,11
1765413723.811982,2,16,1
1765413723.811982,3,4,1
1765413723.811982,4,3,6
1765413723.853731,1,0,11
1765413723.853731,2,16,0
1765413723.853731,3,4,1
1765413723.853731,4,3,6
1765413723.895672,1,0,11
1765413723.895672,2,16,0
1765413723.895672,3,4,1
1765413723.895672,4,3,7
1765413723.937896,1,0,11
1765413723.937896,2,16,0
1765413723.937896,3,4,1
1765413723.937896,4,3,7
1765413723.979608,1,0,11
1765413723.979608,2,16,0
1765413723.979608,3,4,1
1765413723.979608,4,3,7
1765413724.022592,1,0,11
1765413724.022592,2,16,0
1765413724.022592,3,4,1
1765413724.022592,4,3,7
1765413724.064562,1,0,11
1765413724.064562,2,16,0
1765413724.064562,3,4,1
1765413724.064562,4,3,7
1765413724.106616,1,0,11
1765413724.106616,2,16,0
1765413724.106616,3,4,1
1765413724.106616,4,3,7
1765413724.149976,1,0,11
1765413724.149976,2,16,0
1765413724.149976,3,4,1
1765413724.149976,4,3,7
1765413724.191625,1,0,11
1765413724.191625,2,16,0
1765413724.191625,3,4,1
1765413724.191625,4,3,7
1765413724.233688,1,0,11
1765413724.233688,2,16,0
1765413724.233688,3,4,1
1765413724.233688,4,3,7
1765413724.275984,1,0,11
1765413724.275984,2,16,0
1765413724.275984,3,4,0
1765413724.275984,4,3,7
1765413724.318307,1,0,11
1765413724.318307,2,16,0
1765413724.318307,3,4,0
1765413724.318307,4,3,7
1765413724.360174,1,0,11
1765413724.360174,2,15,0
1765413724.360174,3,4,0
1765413724.360174,4,3,7
1765413724.403317,1,0,11
1765413724.403317,2,15,0
1765413724.403317,3,4,0
1765413724.403317,4,3,7
1765413724.445845,1,0,11
1765413724.445845,2,15,0
1765413724.445845,3,4,0
1765413724.445845,4,3,7
1765413724.488957,1,0,11
1765413724.488957,2,15,0
1765413724.488957,3,4,0
1765413724.488957,4,3,7
1765413724.530715,1,0,11
1765413724.530715,2,15,0
1765413724.530715,3,4,0
1765413724.530715,4,3,6
1765413724.572694,1,0,11
1765413724.572694,2,15,0
1765413724.572694,3,4,0
1765413724.572694,4,3,6
1765413724.614233,1,0,11
1765413724.614233,2,15,0
1765413724.614233,3,4,0
1765413724.614233,4,3,6
1765413724.655402,1,0,11
1765413724.655402,2,15,0
1765413724.655402,3,4,0
1765413724.655402,4,3,6
1765413724.698143,1,0,11
1765413724.698143,2,15,0
1765413724.698143,3,4,0
1765413724.698143,4,3,6
1765413724.739658,1,0,11
1765413724.739658,2,15,0
1765413724.739658,3,4,0
1765413724.739658,4,3,6
1765413724.781445,1,0,11
1765413724.781445,2,15,0
1765413724.781445,3,3,0
1765413724.781445,4,3,6
1765413724.823555,1,0,11
1765413724.823555,2,15,0
1765413724.823555,3,3,0
1765413724.823555,4,3,6
1765413724.865875,1,1,11
1765413724.865875,2,15,0
1765413724.865875,3,3,0
1765413724.865875,4,3,6
1765413724.908182,1,1,11
1765413724.908182,2,15,0
1765413724.908182,3,3,0
1765413724.908182,4,3,6
1765413724.951322,1,1,11
1765413724.951322,2,16,0
1765413724.951322,3,3,0
1765413724.951322,4,3,6
1765413724.993035,1,1,11
1765413724.993035,2,16,0
1765413724.993035,3,3,0
1765413724.993035,4,3,6
1765413725.036368,1,1,11
1765413725.036368,2,16,0
1765413725.036368,3,3,0
1765413725.036368,4,2,6
1765413725.078774,1,1,11
1765413725.078774,2,16,0
1765413725.078774,3,3,0
1765413725.078774,4,2,6
1765413725.120898,1,1,11
1765413725.120898,2,16,0
1765413725.120898,3,3,0
1765413725.120898,4,2,6
1765413725.163009,1,1,11
1765413725.163009,2,16,0
1765413725.163009,3,3,0
1765413725.163009,4,2,6
1765413725.205005,1,1,11
1765413725.205005,2,16,0
1765413725.205005,3,3,0
1765413725.205005,4,2,6
1765413725.247336,1,2,11
1765413725.247336,2,16,0
1765413725.247336,3,3,0
1765413725.247336,4,2,6
1765413725.288758,1,2,11
1765413725.288758,2,16,0
1765413725.288758,3,3,0
1765413725.288758,4,2,6
1765413725.330971,1,2,11
1765413725.330971,2,17,0
1765413725.330971,3,3,0
1765413725.330971,4,2,6
1765413725.372318,1,2,11
1765413725.372318,2,17,0
1765413725.372318,3,4,0
1765413725.372318,4,2,6
1765413725.414465,1,2,11
1765413725.414465,2,17,0
1765413725.414465,3,4,0
1765413725.414465,4,2,6
1765413725.450658,1,2,11
1765413725.450658,2,17,0
1765413725.450658,3,4,0
1765413725.450658,4,2,6
1765413725.492757,1,2,11
1765413725.492757,2,17,0
1765413725.492757,3,4,0
1765413725.492757,4,2,6
1765413725.535251,1,2,11
1765413725.535251,2,17,0
1765413725.535251,3,4,0
1765413725.535251,4,2,6
1765413725.577176,1,2,11
1765413725.577176,2,17,0
1765413725.577176,3,4,0
1765413725.577176,4,2,6
1765413725.619784,1,2,11
1765413725.619784,2,17,0
1765413725.619784,3,4,0
1765413725.619784,4,3,6
1765413725.661648,1,2,11
1765413725.661648,2,17,0
1765413725.661648,3,4,0
1765413725.661648,4,3,6
1765413725.703757,1,2,11
1765413725.703757,2,17,0
1765413725.703757,3,4,0
1765413725.703757,4,3,6
1765413725.745973,1,2,11
1765413725.745973,2,17,0
1765413725.745973,3,5,0
1765413725.745973,4,3,6
1765413725.787919,1,2,11
1765413725.787919,2,17,0
1765413725.787919,3,5,0
1765413725.787919,4,3,6
1765413725.829572,1,2,11
1765413725.829572,2,17,0
1765413725.829572,3,5,0
1765413725.829572,4,3,6
1765413725.871288,1,2,11
1765413725.871288,2,17,0
1765413725.871288,3,5,0
1765413725.871288,4,3,6
1765413725.913040,1,2,11
1765413725.913040,2,17,0
1765413725.913040,3,5,0
1765413725.913040,4,3,6
1765413725.955334,1,2,11
1765413725.955334,2,17,0
1765413725.955334,3,5,0
1765413725.955334,4,3,6
1765413725.997943,1,2,11
1765413725.997943,2,17,0
1765413725.997943,3,5,0
1765413725.997943,4,4,6
1765413726.040509,1,2,11
1765413726.040509,2,17,0
1765413726.040509,3,5,0
1765413726.040509,4,4,6
1765413726.093106,1,2,11
1765413726.093106,2,17,0
1765413726.093106,3,5,0
1765413726.093106,4,4,6
1765413726.129765,1,2,11
1765413726.129765,2,17,0
1765413726.129765,3,5,0
1765413726.129765,4,4,6
1765413726.172497,1,2,11
1765413726.172497,2,17,0
1765413726.172497,3,5,0
1765413726.172497,4,4,6
1765413726.214257,1,2,11
1765413726.214257,2,17,0
1765413726.214257,3,5,0
1765413726.214257,4,4,6
1765413726.256406,1,2,11
1765413726.256406,2,17,0
1765413726.256406,3,5,0
1765413726.256406,4,4,6
1765413726.299146,1,2,11
1765413726.299146,2,17,0
1765413726.299146,3,5,0
1765413726.299146,4,4,6
1765413726.341048,1,2,11
1765413726.341048,2,17,0
1765413726.341048,3,5,0
1765413726.341048,4,4,6
1765413726.383384,1,2,11
1765413726.383384,2,17,0
1765413726.383384,3,5,0
1765413726.383384,4,4,6
1765413726.425740,1,2,11
1765413726.425740,2,17,0
1765413726.425740,3,5,0
1765413726.425740,4,4,6
1765413726.468361,1,2,11
1765413726.468361,2,17,0
1765413726.468361,3,5,0
1765413726.468361,4,4,6
1765413726.510384,1,2,11
1765413726.510384,2,17,0
1765413726.510384,3,5,0
1765413726.510384,4,4,6
1765413726.551933,1,1,11
1765413726.551933,2,17,0
1765413726.551933,3,5,0
1765413726.551933,4,4,6
1765413726.594216,1,1,11
1765413726.594216,2,17,0
1765413726.594216,3,5,0
1765413726.594216,4,4,6
1765413726.636250,1,1,11
1765413726.636250,2,17,0
1765413726.636250,3,5,0
1765413726.636250,4,4,6
1765413726.679311,1,1,11
1765413726.679311,2,16,0
1765413726.679311,3,5,0
1765413726.679311,4,4,6
1765413726.721851,1,1,11
1765413726.721851,2,16,0
1765413726.721851,3,5,0
1765413726.721851,4,4,6
1765413726.764203,1,1,11
1765413726.764203,2,16,0
1765413726.764203,3,5,0
1765413726.764203,4,4,6
1765413726.797701,1,1,11
1765413726.797701,2,16,0
1765413726.797701,3,5,0
1765413726.797701,4,4,6
1765413726.839556,1,1,11
1765413726.839556,2,16,0
1765413726.839556,3,5,0
1765413726.839556,4,4,6
1765413726.881104,1,1,11
1765413726.881104,2,16,0
1765413726.881104,3,5,0
1765413726.881104,4,4,6
1765413726.922669,1,1,11
1765413726.922669,2,16,0
1765413726.922669,3,5,0
1765413726.922669,4,4,6
1765413726.964859,1,1,11
1765413726.964859,2,16,0
1765413726.964859,3,5,0
1765413726.964859,4,4,6
1765413727.006463,1,1,11
1765413727.006463,2,16,0
1765413727.006463,3,5,0
1765413727.006463,4,4,6
1765413727.048521,1,1,11
1765413727.048521,2,16,0
1765413727.048521,3,5,0
1765413727.048521,4,4,6
1765413727.091265,1,1,11
1765413727.091265,2,16,0
1765413727.091265,3,4,0
1765413727.091265,4,4,6
1765413727.133349,1,1,11
1765413727.133349,2,16,0
1765413727.133349,3,4,0
1765413727.133349,4,4,6
1765413727.175534,1,1,11
1765413727.175534,2,16,0
1765413727.175534,3,4,0
1765413727.175534,4,4,6
1765413727.217977,1,1,11
1765413727.217977,2,16,0
1765413727.217977,3,4,0
1765413727.217977,4,4,6
1765413727.259974,1,0,11
1765413727.259974,2,16,0
1765413727.259974,3,4,0
1765413727.259974,4,4,6
1765413727.302531,1,0,11
1765413727.302531,2,16,0
1765413727.302531,3,4,0
1765413727.302531,4,4,6
1765413727.345181,1,0,11
1765413727.345181,2,16,0
1765413727.345181,3,4,0
1765413727.345181,4,3,6
1765413727.378673,1,0,11
1765413727.378673,2,15,0
1765413727.378673,3,4,0
1765413727.378673,4,3,6
1765413727.419806,1,0,11
1765413727.419806,2,15,0
1765413727.419806,3,4,0
1765413727.419806,4,3,6
1765413727.461654,1,0,11
1765413727.461654,2,15,0
1765413727.461654,3,4,0
1765413727.461654,4,3,6
1765413727.503896,1,0,11
1765413727.503896,2,15,0
1765413727.503896,3,4,0
1765413727.503896,4,3,6
1765413727.545768,1,0,11
1765413727.545768,2,15,0
1765413727.545768,3,4,0
1765413727.545768,4,3,6
1765413727.587749,1,0,11
1765413727.587749,2,15,0
1765413727.587749,3,4,0
1765413727.587749,4,3,6
1765413727.629537,1,0,11
1765413727.629537,2,15,0
1765413727.629537,3,4,0
1765413727.629537,4,3,6
1765413727.671473,1,0,11
1765413727.671473,2,15,0
1765413727.671473,3,4,0
1765413727.671473,4,3,6
1765413727.714116,1,0,11
1765413727.714116,2,15,0
1765413727.714116,3,4,0
1765413727.714116,4,3,6
1765413727.756057,1,0,11
1765413727.756057,2,15,0
1765413727.756057,3,4,0
1765413727.756057,4,3,6
1765413727.799003,1,0,11
1765413727.799003,2,15,0
1765413727.799003,3,3,0
1765413727.799003,4,3,6
1765413727.841275,1,0,11
1765413727.841275,2,15,0
1765413727.841275,3,3,0
1765413727.841275,4,3,6
1765413727.882853,1,0,11
1765413727.882853,2,15,0
1765413727.882853,3,3,0
1765413727.882853,4,3,6
1765413727.925272,1,0,11
1765413727.925272,2,15,0
1765413727.925272,3,3,0
1765413727.925272,4,3,6
1765413727.967383,1,0,11
1765413727.967383,2,15,0
1765413727.967383,3,3,0
1765413727.967383,4,3,6
1765413728.009191,1,0,11
1765413728.009191,2,15,0
1765413728.009191,3,3,0
1765413728.009191,4,3,6
1765413728.051697,1,0,11
1765413728.051697,2,15,0
1765413728.051697,3,3,0
1765413728.051697,4,2,6
1765413728.093502,1,0,11
1765413728.093502,2,15,0
1765413728.093502,3,3,0
1765413728.093502,4,2,6
1765413728.135797,1,0,11
1765413728.135797,2,15,0
1765413728.135797,3,3,0
1765413728.135797,4,2,6
1765413728.178059,1,0,11
1765413728.178059,2,15,0
1765413728.178059,3,3,0
1765413728.178059,4,2,6
1765413728.219819,1,0,11
1765413728.219819,2,15,0
1765413728.219819,3,3,0
1765413728.219819,4,2,6
1765413728.262736,1,0,11
1765413728.262736,2,15,0
1765413728.262736,3,3,0
1765413728.262736,4,2,6
1765413728.304415,1,0,11
1765413728.304415,2,15,0
1765413728.304415,3,3,0
1765413728.304415,4,2,6
1765413728.346430,1,0,11
1765413728.346430,2,15,0
1765413728.346430,3,3,0
1765413728.346430,4,2,6
1765413728.388492,1,0,11
1765413728.388492,2,15,0
1765413728.388492,3,3,0
1765413728.388492,4,2,6
1765413728.430816,1,0,12
1765413728.430816,2,15,0
1765413728.430816,3,3,0
1765413728.430816,4,2,6
1765413728.473275,1,0,12
1765413728.473275,2,15,0
1765413728.473275,3,3,0
1765413728.473275,4,2,6
1765413728.515745,1,0,12
1765413728.515745,2,15,1
1765413728.515745,3,3,0
1765413728.515745,4,2,6
1765413728.559273,1,0,12
1765413728.559273,2,15,1
1765413728.559273,3,3,0
1765413728.559273,4,2,6
1765413728.601721,1,0,12
1765413728.601721,2,15,1
1765413728.601721,3,3,0
1765413728.601721,4,2,6
1765413728.644136,1,0,12
1765413728.644136,2,15,1
1765413728.644136,3,3,0
1765413728.644136,4,2,6
1765413728.685844,1,0,12
1765413728.685844,2,15,1
1765413728.685844,3,3,0
1765413728.685844,4,2,6
1765413728.728272,1,0,12
1765413728.728272,2,15,1
1765413728.728272,3,3,0
1765413728.728272,4,2,6
1765413728.770783,1,0,12
1765413728.770783,2,15,1
1765413728.770783,3,3,0
1765413728.770783,4,2,6
1765413728.812894,1,0,12
1765413728.812894,2,15,1
1765413728.812894,3,3,0
1765413728.812894,4,2,6
1765413728.855122,1,0,12
1765413728.855122,2,15,1
1765413728.855122,3,3,0
1765413728.855122,4,2,6
1765413728.897595,1,0,12
1765413728.897595,2,15,1
1765413728.897595,3,3,0
1765413728.897595,4,2,6
1765413728.939796,1,0,12
1765413728.939796,2,15,1
1765413728.939796,3,3,1
1765413728.939796,4,2,6
1765413728.982192,1,0,12
1765413728.982192,2,15,1
1765413728.982192,3,3,1
1765413728.982192,4,2,6
1765413729.016567,1,0,12
1765413729.016567,2,15,1
1765413729.016567,3,3,1
1765413729.016567,4,2,6
1765413729.058540,1,0,12
1765413729.058540,2,15,1
1765413729.058540,3,3,1
1765413729.058540,4,2,6
1765413729.100679,1,0,12
1765413729.100679,2,15,1
1765413729.100679,3,3,1
1765413729.100679,4,2,6
1765413729.143076,1,0,12
1765413729.143076,2,15,1
1765413729.143076,3,3,1
1765413729.143076,4,2,6
1765413729.185296,1,0,12
1765413729.185296,2,15,1
1765413729.185296,3,3,1
1765413729.185296,4,2,7
1765413729.226885,1,0,12
1765413729.226885,2,15,1
1765413729.226885,3,3,1
1765413729.226885,4,2,7
1765413729.268143,1,0,12
1765413729.268143,2,15,1
1765413729.268143,3,3,1
1765413729.268143,4,2,7
1765413729.309958,1,0,12
1765413729.309958,2,15,1
1765413729.309958,3,3,1
1765413729.309958,4,2,7
1765413729.352314,1,0,12
1765413729.352314,2,15,1
1765413729.352314,3,3,1
1765413729.352314,4,2,7
1765413729.394631,1,0,12
1765413729.394631,2,15,1
1765413729.394631,3,3,1
1765413729.394631,4,2,7
1765413729.436771,1,1,12
1765413729.436771,2,15,1
1765413729.436771,3,3,1
1765413729.436771,4,2,7
1765413729.478761,1,1,12
1765413729.478761,2,15,1
1765413729.478761,3,3,1
1765413729.478761,4,2,7
1765413729.520553,1,1,12
1765413729.520553,2,15,1
1765413729.520553,3,3,1
1765413729.520553,4,2,7
1765413729.562675,1,1,12
1765413729.562675,2,16,1
1765413729.562675,3,3,1
1765413729.562675,4,2,7
1765413729.604037,1,1,12
1765413729.604037,2,16,1
1765413729.604037,3,3,1
1765413729.604037,4,2,7
1765413729.645870,1,1,12
1765413729.645870,2,16,1
1765413729.645870,3,3,1
1765413729.645870,4,2,7
1765413729.688315,1,1,12
1765413729.688315,2,16,1
1765413729.688315,3,3,1
1765413729.688315,4,2,7
1765413729.729813,1,1,12
1765413729.729813,2,16,1
1765413729.729813,3,3,1
1765413729.729813,4,2,7
1765413729.772346,1,1,12
1765413729.772346,2,16,1
1765413729.772346,3,3,1
1765413729.772346,4,2,7
1765413729.815290,1,1,12
1765413729.815290,2,16,1
1765413729.815290,3,3,1
1765413729.815290,4,2,7
1765413729.856642,1,1,12
1765413729.856642,2,16,1
1765413729.856642,3,3,1
1765413729.856642,4,2,7
1765413729.900870,1,1,12
1765413729.900870,2,16,1
1765413729.900870,3,3,1
1765413729.900870,4,2,7
1765413729.943292,1,1,12
1765413729.943292,2,16,1
1765413729.943292,3,3,1
1765413729.943292,4,2,7
1765413729.985364,1,1,12
1765413729.985364,2,16,1
1765413729.985364,3,4,1
1765413729.985364,4,2,7
1765413730.027738,1,1,12
1765413730.027738,2,16,1
1765413730.027738,3,4,1
1765413730.027738,4,2,7
1765413730.069373,1,1,12
1765413730.069373,2,16,1
1765413730.069373,3,4,1
1765413730.069373,4,2,7
1765413730.111488,1,1,13
1765413730.111488,2,16,1
1765413730.111488,3,4,1
1765413730.111488,4,2,7
1765413730.153183,1,1,13
1765413730.153183,2,16,1
1765413730.153183,3,4,1
1765413730.153183,4,2,7
1765413730.195505,1,1,13
1765413730.195505,2,16,1
1765413730.195505,3,4,1
1765413730.195505,4,3,7
1765413730.238500,1,1,13
1765413730.238500,2,16,2
1765413730.238500,3,4,1
1765413730.238500,4,3,7
1765413730.280912,1,1,13
1765413730.280912,2,16,2
1765413730.280912,3,4,1
1765413730.280912,4,3,7
1765413730.323572,1,1,13
1765413730.323572,2,16,2
1765413730.323572,3,4,1
1765413730.323572,4,3,7
1765413730.365637,1,1,13
1765413730.365637,2,16,2
1765413730.365637,3,4,1
1765413730.365637,4,3,7
1765413730.407673,1,1,13
1765413730.407673,2,16,2
1765413730.407673,3,4,1
1765413730.407673,4,3,7
1765413730.450491,1,1,13
1765413730.450491,2,16,2
1765413730.450491,3,4,1
1765413730.450491,4,3,7
1765413730.492508,1,1,13
1765413730.492508,2,16,2
1765413730.492508,3,4,1
1765413730.492508,4,3,7
1765413730.534572,1,1,13
1765413730.534572,2,16,2
1765413730.534572,3,4,1
1765413730.534572,4,3,7
1765413730.576652,1,1,13
1765413730.576652,2,16,2
1765413730.576652,3,4,1
1765413730.576652,4,3,7
1765413730.619003,1,1,13
1765413730.619003,2,16,2
1765413730.619003,3,4,1
1765413730.619003,4,3,7
1765413730.661121,1,1,13
1765413730.661121,2,16,2
1765413730.661121,3,4,2
1765413730.661121,4,3,7
1765413730.703329,1,1,13
1765413730.703329,2,16,2
1765413730.703329,3,4,2
1765413730.703329,4,3,7
1765413730.745846,1,1,13
1765413730.745846,2,16,2
1765413730.745846,3,4,2
1765413730.745846,4,3,7
1765413730.787508,1,1,13
1765413730.787508,2,16,2
1765413730.787508,3,4,2
1765413730.787508,4,3,7
1765413730.829268,1,1,13
1765413730.829268,2,16,2
1765413730.829268,3,4,2
1765413730.829268,4,3,7
1765413730.871740,1,2,13
1765413730.871740,2,16,2
1765413730.871740,3,4,2
1765413730.871740,4,3,8
1765413730.913568,1,2,13
1765413730.913568,2,16,2
1765413730.913568,3,4,2
1765413730.913568,4,3,8
1765413730.955880,1,2,13
1765413730.955880,2,17,2
1765413730.955880,3,4,2
1765413730.955880,4,3,8
1765413730.998271,1,2,13
1765413730.998271,2,17,2
1765413730.998271,3,4,2
1765413730.998271,4,3,8
1765413731.040643,1,2,13
1765413731.040643,2,17,2
1765413731.040643,3,4,2
1765413731.040643,4,3,8
1765413731.082706,1,2,13
1765413731.082706,2,17,2
1765413731.082706,3,4,2
1765413731.082706,4,3,8
1765413731.124469,1,2,13
1765413731.124469,2,17,2
1765413731.124469,3,4,2
1765413731.124469,4,3,8
1765413731.166665,1,2,13
1765413731.166665,2,17,2
1765413731.166665,3,4,2
1765413731.166665,4,3,8
1765413731.208923,1,2,13
1765413731.208923,2,17,2
1765413731.208923,3,4,2
1765413731.208923,4,3,8
1765413731.250797,1,2,13
1765413731.250797,2,17,2
1765413731.250797,3,4,2
1765413731.250797,4,3,8
1765413731.293315,1,2,13
1765413731.293315,2,17,2
1765413731.293315,3,4,2
1765413731.293315,4,3,8
1765413731.335766,1,2,13
1765413731.335766,2,17,2
1765413731.335766,3,4,2
1765413731.335766,4,3,8
1765413731.377883,1,2,13
1765413731.377883,2,17,2
1765413731.377883,3,5,2
1765413731.377883,4,3,8
1765413731.420160,1,2,13
1765413731.420160,2,17,2
1765413731.420160,3,5,2
1765413731.420160,4,3,8
1765413731.462363,1,2,13
1765413731.462363,2,17,2
1765413731.462363,3,5,2
1765413731.462363,4,3,8
1765413731.504275,1,2,13
1765413731.504275,2,17,2
1765413731.504275,3,5,2
1765413731.504275,4,3,8
1765413731.546537,1,2,13
1765413731.546537,2,17,2
1765413731.546537,3,5,2
1765413731.546537,4,3,8
1765413731.588731,1,2,13
1765413731.588731,2,17,2
1765413731.588731,3,5,2
1765413731.588731,4,3,8
1765413731.631111,1,2,13
1765413731.631111,2,17,2
1765413731.631111,3,5,2
1765413731.631111,4,4,8
1765413731.673777,1,2,14
1765413731.673777,2,17,2
1765413731.673777,3,5,2
1765413731.673777,4,4,8
1765413731.715781,1,2,14
1765413731.715781,2,17,2
1765413731.715781,3,5,2
1765413731.715781,4,4,8
1765413731.752842,1,2,14
1765413731.752842,2,17,3
1765413731.752842,3,5,2
1765413731.752842,4,4,8
1765413731.794967,1,2,14
1765413731.794967,2,17,3
1765413731.794967,3,5,2
1765413731.794967,4,4,8
1765413731.837193,1,2,14
1765413731.837193,2,17,3
1765413731.837193,3,5,2
1765413731.837193,4,4,8
1765413731.879120,1,2,14
1765413731.879120,2,17,3
1765413731.879120,3,5,2
1765413731.879120,4,4,8
1765413731.920925,1,2,14
1765413731.920925,2,17,3
1765413731.920925,3,5,2
1765413731.920925,4,4,8
1765413731.962986,1,2,14
1765413731.962986,2,17,3
1765413731.962986,3,5,2
1765413731.962986,4,4,8
1765413732.004970,1,1,14
1765413732.004970,2,17,3
1765413732.004970,3,5,2
1765413732.004970,4,4,8
1765413732.047352,1,1,14
1765413732.047352,2,17,3
1765413732.047352,3,5,2
1765413732.047352,4,4,8
1765413732.089634,1,1,14
1765413732.089634,2,17,3
1765413732.089634,3,5,2
1765413732.089634,4,4,8
1765413732.131116,1,1,14
1765413732.131116,2,16,3
1765413732.131116,3,5,2
1765413732.131116,4,4,8
1765413732.172844,1,1,14
1765413732.172844,2,16,3
1765413732.172844,3,5,3
1765413732.172844,4,4,8
1765413732.215237,1,1,14
1765413732.215237,2,16,3
1765413732.215237,3,5,3
1765413732.215237,4,4,8
1765413732.258054,1,1,14
1765413732.258054,2,16,3
1765413732.258054,3,5,3
1765413732.258054,4,4,8
1765413732.299694,1,1,14
1765413732.299694,2,16,3
1765413732.299694,3,5,3
1765413732.299694,4,4,8
1765413732.341120,1,1,14
1765413732.341120,2,16,3
1765413732.341120,3,5,3
1765413732.341120,4,4,8
1765413732.383496,1,1,15
1765413732.383496,2,16,3
1765413732.383496,3,5,3
1765413732.383496,4,4,8
1765413732.425861,1,1,15
1765413732.425861,2,16,3
1765413732.425861,3,5,3
1765413732.425861,4,4,9
1765413732.468815,1,1,15
1765413732.468815,2,16,3
1765413732.468815,3,5,3
1765413732.468815,4,4,9
1765413732.511434,1,1,15
1765413732.511434,2,16,4
1765413732.511434,3,5,3
1765413732.511434,4,4,9
1765413732.553667,1,1,15
1765413732.553667,2,16,4
1765413732.553667,3,4,3
1765413732.553667,4,4,9
1765413732.595617,1,1,15
1765413732.595617,2,16,4
1765413732.595617,3,4,3
1765413732.595617,4,4,9
1765413732.638518,1,1,15
1765413732.638518,2,16,4
1765413732.638518,3,4,3
1765413732.638518,4,4,9
1765413732.680717,1,1,15
1765413732.680717,2,16,4
1765413732.680717,3,4,3
1765413732.680717,4,4,9
1765413732.724348,1,1,15
1765413732.724348,2,16,4
1765413732.724348,3,4,3
1765413732.724348,4,4,9
1765413732.766148,1,1,15
1765413732.766148,2,16,4
1765413732.766148,3,4,3
1765413732.766148,4,3,9
1765413732.808863,1,1,15
1765413732.808863,2,16,4
1765413732.808863,3,4,3
1765413732.808863,4,3,9
1765413732.852113,1,1,15
1765413732.852113,2,16,4
1765413732.852113,3,4,3
1765413732.852113,4,3,9
1765413732.893478,1,1,15
1765413732.893478,2,16,4
1765413732.893478,3,4,3
1765413732.893478,4,3,9
1765413732.936049,1,1,15
1765413732.936049,2,16,4
1765413732.936049,3,4,4
1765413732.936049,4,3,9
1765413732.978236,1,1,16
1765413732.978236,2,16,4
1765413732.978236,3,4,4
1765413732.978236,4,3,9
1765413733.020943,1,1,16
1765413733.020943,2,16,4
1765413733.020943,3,4,4
1765413733.020943,4,3,9
1765413733.062930,1,1,16
1765413733.062930,2,16,4
1765413733.062930,3,4,4
1765413733.062930,4,3,9
1765413733.104722,1,1,16
1765413733.104722,2,16,5
1765413733.104722,3,4,4
1765413733.104722,4,3,9
1765413733.146997,1,1,16
1765413733.146997,2,16,5
1765413733.146997,3,4,4
1765413733.146997,4,3,10
1765413733.189450,1,1,16
1765413733.189450,2,16,5
1765413733.189450,3,4,4
1765413733.189450,4,3,10
1765413733.232714,1,1,16
1765413733.232714,2,16,5
1765413733.232714,3,4,4
1765413733.232714,4,3,10
1765413733.274625,1,1,16
1765413733.274625,2,16,5
1765413733.274625,3,4,4
1765413733.274625,4,3,10
1765413733.316808,1,1,16
1765413733.316808,2,16,5
1765413733.316808,3,4,4
1765413733.316808,4,3,10
1765413733.358648,1,1,16
1765413733.358648,2,16,5
1765413733.358648,3,4,4
1765413733.358648,4,3,10
1765413733.400536,1,1,16
1765413733.400536,2,16,5
1765413733.400536,3,4,4
1765413733.400536,4,3,10
1765413733.443199,1,1,16
1765413733.443199,2,16,5
1765413733.443199,3,4,4
1765413733.443199,4,3,10
1765413733.485244,1,1,16
1765413733.485244,2,16,5
1765413733.485244,3,4,4
1765413733.485244,4,3,10
1765413733.527667,1,1,16
1765413733.527667,2,16,5
1765413733.527667,3,4,5
1765413733.527667,4,3,10
1765413733.570235,1,1,16
1765413733.570235,2,16,5
1765413733.570235,3,4,5
1765413733.570235,4,3,10
1765413733.612334,1,1,16
1765413733.612334,2,16,5
1765413733.612334,3,4,5
1765413733.612334,4,3,10
1765413733.655052,1,1,16
1765413733.655052,2,16,5
1765413733.655052,3,4,5
1765413733.655052,4,3,10
1765413733.697467,1,1,16
1765413733.697467,2,16,5
1765413733.697467,3,4,5
1765413733.697467,4,3,10
1765413733.739909,1,1,16
1765413733.739909,2,16,5
1765413733.739909,3,4,5
1765413733.739909,4,3,11
1765413733.782614,1,1,16
1765413733.782614,2,16,5
1765413733.782614,3,4,5
1765413733.782614,4,3,11
1765413733.824136,1,1,16
1765413733.824136,2,16,5
1765413733.824136,3,4,5
1765413733.824136,4,3,11
1765413733.866777,1,1,16
1765413733.866777,2,16,5
1765413733.866777,3,4,5
1765413733.866777,4,3,11
1765413733.909306,1,1,16
1765413733.909306,2,16,5
1765413733.909306,3,4,5
1765413733.909306,4,3,11
1765413733.950666,1,1,16
1765413733.950666,2,16,5
1765413733.950666,3,4,5
1765413733.950666,4,3,11
1765413733.992214,1,1,16
1765413733.992214,2,16,5
1765413733.992214,3,4,5
1765413733.992214,4,3,11
1765413734.034302,1,1,16
1765413734.034302,2,16,5
1765413734.034302,3,4,5
1765413734.034302,4,3,11
1765413734.076220,1,1,16
1765413734.076220,2,16,5
1765413734.076220,3,4,5
1765413734.076220,4,3,11
1765413734.118009,1,1,16
1765413734.118009,2,16,5
1765413734.118009,3,4,5
1765413734.118009,4,3,11
1765413734.159750,1,1,16
1765413734.159750,2,16,5
1765413734.159750,3,4,5
1765413734.159750,4,3,11
1765413734.202069,1,1,16
1765413734.202069,2,16,5
1765413734.202069,3,4,5
1765413734.202069,4,3,11
1765413734.244530,1,1,16
1765413734.244530,2,16,5
1765413734.244530,3,4,5
1765413734.244530,4,3,11
1765413734.286129,1,0,16
1765413734.286129,2,16,5
1765413734.286129,3,4,5
1765413734.286129,4,3,11
1765413734.328660,1,0,16
1765413734.328660,2,16,5
1765413734.328660,3,4,5
1765413734.328660,4,3,11
1765413734.370722,1,0,16
1765413734.370722,2,15,5
1765413734.370722,3,4,5
1765413734.370722,4,3,11
1765413734.412730,1,0,16
1765413734.412730,2,15,5
1765413734.412730,3,4,5
1765413734.412730,4,3,11
1765413734.454084,1,0,16
1765413734.454084,2,15,5
1765413734.454084,3,4,5
1765413734.454084,4,3,11
1765413734.496465,1,0,16
1765413734.496465,2,15,5
1765413734.496465,3,4,5
1765413734.496465,4,3,11
1765413734.538926,1,0,16
1765413734.538926,2,15,5
1765413734.538926,3,4,5
1765413734.538926,4,3,11
1765413734.580755,1,0,16
1765413734.580755,2,15,5
1765413734.580755,3,4,5
1765413734.580755,4,3,11
1765413734.622570,1,0,16
1765413734.622570,2,15,5
1765413734.622570,3,4,5
1765413734.622570,4,3,11
1765413734.664746,1,0,16
1765413734.664746,2,15,5
1765413734.664746,3,4,5
1765413734.664746,4,3,11
1765413734.706647,1,0,16
1765413734.706647,2,15,5
1765413734.706647,3,4,5
1765413734.706647,4,3,11
1765413734.749655,1,0,16
1765413734.749655,2,15,5
1765413734.749655,3,4,5
1765413734.749655,4,3,11
1765413734.791353,1,0,16
1765413734.791353,2,15,5
1765413734.791353,3,4,5
1765413734.791353,4,3,11
1765413734.834323,1,0,16
1765413734.834323,2,15,5
1765413734.834323,3,3,5
1765413734.834323,4,3,11
1765413734.877157,1,0,16
1765413734.877157,2,15,5
1765413734.877157,3,3,5
1765413734.877157,4,3,11
1765413734.919066,1,0,16
1765413734.919066,2,15,5
1765413734.919066,3,3,5
1765413734.919066,4,3,11
1765413734.961019,1,0,15
1765413734.961019,2,15,5
1765413734.961019,3,3,5
1765413734.961019,4,3,11
1765413735.002753,1,0,15
1765413735.002753,2,15,5
1765413735.002753,3,3,5
1765413735.002753,4,3,11
1765413735.045544,1,0,15
1765413735.045544,2,15,4
1765413735.045544,3,3,5
1765413735.045544,4,3,11
1765413735.087918,1,0,15
1765413735.087918,2,15,4
1765413735.087918,3,3,5
1765413735.087918,4,3,11
1765413735.129333,1,0,15
1765413735.129333,2,15,4
1765413735.129333,3,3,5
1765413735.129333,4,3,11
1765413735.172204,1,0,15
1765413735.172204,2,15,4
1765413735.172204,3,3,5
1765413735.172204,4,3,11
1765413735.214475,1,0,15
1765413735.214475,2,15,4
1765413735.214475,3,3,5
1765413735.214475,4,3,11
1765413735.256490,1,0,15
1765413735.256490,2,15,4
1765413735.256490,3,3,5
1765413735.256490,4,3,11
1765413735.298409,1,0,15
1765413735.298409,2,15,4
1765413735.298409,3,3,5
1765413735.298409,4,3,11
1765413735.340786,1,0,15
1765413735.340786,2,15,4
1765413735.340786,3,3,5
1765413735.340786,4,3,11
1765413735.382427,1,0,15
1765413735.382427,2,15,4
1765413735.382427,3,3,5
1765413735.382427,4,3,11
1765413735.424421,1,0,15
1765413735.424421,2,15,4
1765413735.424421,3,3,5
1765413735.424421,4,3,11
1765413735.458038,1,0,15
1765413735.458038,2,15,4
1765413735.458038,3,3,4
1765413735.458038,4,3,11
1765413735.499795,1,0,15
1765413735.499795,2,15,4
1765413735.499795,3,3,4
1765413735.499795,4,3,11
1765413735.542238,1,0,15
1765413735.542238,2,15,4
1765413735.542238,3,3,4
1765413735.542238,4,3,11
1765413735.583944,1,0,15
1765413735.583944,2,15,4
1765413735.583944,3,3,4
1765413735.583944,4,3,11
1765413735.626290,1,0,14
1765413735.626290,2,15,4
1765413735.626290,3,3,4
1765413735.626290,4,3,11
1765413735.668755,1,0,14
1765413735.668755,2,15,4
1765413735.668755,3,3,4
1765413735.668755,4,3,11
1765413735.711752,1,0,14
1765413735.711752,2,15,3
1765413735.711752,3,3,4
1765413735.711752,4,3,10
1765413735.753851,1,0,14
1765413735.753851,2,15,3
1765413735.753851,3,3,4
1765413735.753851,4,3,10
1765413735.795406,1,0,14
1765413735.795406,2,15,3
1765413735.795406,3,3,4
1765413735.795406,4,3,10
1765413735.838001,1,0,14
1765413735.838001,2,15,3
1765413735.838001,3,3,4
1765413735.838001,4,3,10
1765413735.881287,1,0,14
1765413735.881287,2,15,3
1765413735.881287,3,3,4
1765413735.881287,4,3,10
1765413735.922923,1,0,14
1765413735.922923,2,15,3
1765413735.922923,3,3,4
1765413735.922923,4,3,10
1765413735.966017,1,0,14
1765413735.966017,2,15,3
1765413735.966017,3,3,4
1765413735.966017,4,3,10
1765413736.007960,1,0,14
1765413736.007960,2,15,3
1765413736.007960,3,3,4
1765413736.007960,4,3,10
1765413736.050168,1,0,14
1765413736.050168,2,15,3
1765413736.050168,3,3,4
1765413736.050168,4,3,10
1765413736.091997,1,0,14
1765413736.091997,2,15,3
1765413736.091997,3,3,4
1765413736.091997,4,3,10
1765413736.133991,1,0,13
1765413736.133991,2,15,3
1765413736.133991,3,3,3
1765413736.133991,4,3,10
1765413736.177440,1,0,13
1765413736.177440,2,15,3
1765413736.177440,3,3,3
1765413736.177440,4,3,10
1765413736.220114,1,0,13
1765413736.220114,2,15,2
1765413736.220114,3,3,3
1765413736.220114,4,3,10
1765413736.262156,1,0,13
1765413736.262156,2,15,2
1765413736.262156,3,3,3
1765413736.262156,4,3,10
1765413736.304183,1,0,13
1765413736.304183,2,15,2
1765413736.304183,3,3,3
1765413736.304183,4,3,10
1765413736.346415,1,0,13
1765413736.346415,2,15,2
1765413736.346415,3,3,3
1765413736.346415,4,3,10
1765413736.389680,1,0,13
1765413736.389680,2,15,2
1765413736.389680,3,3,3
1765413736.389680,4,3,9
1765413736.432441,1,0,13
1765413736.432441,2,15,2
1765413736.432441,3,3,3
1765413736.432441,4,3,9
1765413736.474195,1,0,13
1765413736.474195,2,15,2
1765413736.474195,3,3,3
1765413736.474195,4,3,9
1765413736.516514,1,0,13
1765413736.516514,2,15,2
1765413736.516514,3,3,3
1765413736.516514,4,3,9
1765413736.558808,1,0,13
1765413736.558808,2,15,2
1765413736.558808,3,3,3
1765413736.558808,4,3,9
1765413736.601456,1,0,13
1765413736.601456,2,15,2
1765413736.601456,3,3,3
1765413736.601456,4,3,9
1765413736.644189,1,1,13
1765413736.644189,2,15,2
1765413736.644189,3,3,2
1765413736.644189,4,3,9
1765413736.685649,1,1,13
1765413736.685649,2,15,2
1765413736.685649,3,3,2
1765413736.685649,4,3,9
1765413736.727888,1,1,13
1765413736.727888,2,15,2
1765413736.727888,3,3,2
1765413736.727888,4,3,9
1765413736.770095,1,2,13
1765413736.770095,2,15,2
1765413736.770095,3,3,2
1765413736.770095,4,3,9
1765413736.812661,1,2,13
1765413736.812661,2,15,2
1765413736.812661,3,3,2
1765413736.812661,4,3,9
1765413736.856054,1,2,13
1765413736.856054,2,15,2
1765413736.856054,3,3,2
1765413736.856054,4,3,9
1765413736.899226,1,2,13
1765413736.899226,2,15,2
1765413736.899226,3,3,2
1765413736.899226,4,3,8
1765413736.941587,1,3,13
1765413736.941587,2,15,2
1765413736.941587,3,3,2
1765413736.941587,4,3,8
1765413736.983926,1,3,13
1765413736.983926,2,15,2
1765413736.983926,3,3,2
1765413736.983926,4,3,8
1765413737.027158,1,3,13
1765413737.027158,2,15,2
1765413737.027158,3,3,2
1765413737.027158,4,3,8
1765413737.069005,1,4,13
1765413737.069005,2,15,2
1765413737.069005,3,3,2
1765413737.069005,4,3,8
1765413737.112133,1,4,13
1765413737.112133,2,15,2
1765413737.112133,3,3,2
1765413737.112133,4,3,8
1765413737.155041,1,4,13
1765413737.155041,2,15,2
1765413737.155041,3,3,2
1765413737.155041,4,3,8
1765413737.197721,1,4,13
1765413737.197721,2,15,2
1765413737.197721,3,3,2
1765413737.197721,4,3,8
1765413737.239332,1,5,13
1765413737.239332,2,15,2
1765413737.239332,3,3,2
1765413737.239332,4,3,8
1765413737.281999,1,5,13
1765413737.281999,2,15,2
1765413737.281999,3,3,2
1765413737.281999,4,3,8
1765413737.323824,1,5,13
1765413737.323824,2,15,2
1765413737.323824,3,3,2
1765413737.323824,4,3,8
1765413737.366910,1,5,13
1765413737.366910,2,15,2
1765413737.366910,3,3,2
1765413737.366910,4,3,8
1765413737.409066,1,6,13
1765413737.409066,2,15,2
1765413737.409066,3,3,2
1765413737.409066,4,3,8
1765413737.451421,1,6,13
1765413737.451421,2,15,2
1765413737.451421,3,3,2
1765413737.451421,4,3,8
1765413737.493526,1,6,12
1765413737.493526,2,15,2
1765413737.493526,3,3,2
1765413737.493526,4,3,8
1765413737.536044,1,7,12
1765413737.536044,2,15,2
1765413737.536044,3,3,2
1765413737.536044,4,3,8
1765413737.578065,1,7,12
1765413737.578065,2,15,1
1765413737.578065,3,3,2
1765413737.578065,4,3,8
1765413737.620349,1,7,12
1765413737.620349,2,15,1
1765413737.620349,3,3,2
1765413737.620349,4,3,8
1765413737.663740,1,8,12
1765413737.663740,2,15,1
1765413737.663740,3,3,2
1765413737.663740,4,3,8
1765413737.705467,1,8,12
1765413737.705467,2,15,1
1765413737.705467,3,3,2
1765413737.705467,4,3,8
1765413737.748123,1,8,12
1765413737.748123,2,15,1
1765413737.748123,3,3,2
1765413737.748123,4,3,8
1765413737.790010,1,8,12
1765413737.790010,2,15,1
1765413737.790010,3,3,2
1765413737.790010,4,3,8
1765413737.832471,1,9,12
1765413737.832471,2,15,1
1765413737.832471,3,3,2
1765413737.832471,4,3,8
1765413737.874734,1,9,12
1765413737.874734,2,15,1
1765413737.874734,3,3,2
1765413737.874734,4,3,8
1765413737.917306,1,9,12
1765413737.917306,2,15,1
1765413737.917306,3,3,2
1765413737.917306,4,3,8
1765413737.958898,1,9,12
1765413737.958898,2,15,1
1765413737.958898,3,3,2
1765413737.958898,4,3,8
1765413738.001167,1,9,12
1765413738.001167,2,15,1
1765413738.001167,3,3,1
1765413738.001167,4,3,8
1765413738.043909,1,9,12
1765413738.043909,2,15,1
1765413738.043909,3,3,1
1765413738.043909,4,3,8
1765413738.085577,1,9,12
1765413738.085577,2,15,1
1765413738.085577,3,3,1
1765413738.085577,4,3,8
1765413738.127405,1,9,12
1765413738.127405,2,15,1
1765413738.127405,3,3,1
1765413738.127405,4,3,8
1765413738.169462,1,9,12
1765413738.169462,2,15,1
1765413738.169462,3,3,1
1765413738.169462,4,3,8
1765413738.212268,1,10,12
1765413738.212268,2,15,1
1765413738.212268,3,3,1
1765413738.212268,4,3,8
1765413738.254148,1,10,12
1765413738.254148,2,15,1
1765413738.254148,3,3,1
1765413738.254148,4,3,7
1765413738.295952,1,10,12
1765413738.295952,2,16,1
1765413738.295952,3,3,1
1765413738.295952,4,3,7
1765413738.337572,1,10,12
1765413738.337572,2,16,1
1765413738.337572,3,3,1
1765413738.337572,4,3,7
1765413738.379872,1,10,12
1765413738.379872,2,16,1
1765413738.379872,3,3,1
1765413738.379872,4,3,7
1765413738.414279,1,10,12
1765413738.414279,2,16,1
1765413738.414279,3,3,1
1765413738.414279,4,3,7
1765413738.456165,1,10,12
1765413738.456165,2,16,1
1765413738.456165,3,3,1
1765413738.456165,4,3,7
1765413738.498443,1,10,12
1765413738.498443,2,16,1
1765413738.498443,3,3,1
1765413738.498443,4,3,7
1765413738.540725,1,10,12
1765413738.540725,2,16,1
1765413738.540725,3,3,1
1765413738.540725,4,3,7
1765413738.582855,1,10,12
1765413738.582855,2,16,1
1765413738.582855,3,3,1
1765413738.582855,4,3,7
1765413738.624856,1,10,12
1765413738.624856,2,16,1
1765413738.624856,3,3,1
1765413738.624856,4,3,7
1765413738.667030,1,10,12
1765413738.667030,2,16,1
1765413738.667030,3,3,1
1765413738.667030,4,3,7
1765413738.709105,1,10,12
1765413738.709105,2,16,1
1765413738.709105,3,4,1
1765413738.709105,4,3,7
1765413738.751813,1,10,12
1765413738.751813,2,16,1
1765413738.751813,3,4,1
1765413738.751813,4,3,7
1765413738.793321,1,10,12
1765413738.793321,2,16,1
1765413738.793321,3,4,1
1765413738.793321,4,3,7
1765413738.835602,1,10,12
1765413738.835602,2,16,1
1765413738.835602,3,4,1
1765413738.835602,4,3,7
1765413738.877635,1,10,12
1765413738.877635,2,16,1
1765413738.877635,3,4,1
1765413738.877635,4,3,7
1765413738.919760,1,10,12
1765413738.919760,2,16,1
1765413738.919760,3,4,1
1765413738.919760,4,3,7
1765413738.961580,1,10,12
1765413738.961580,2,16,1
1765413738.961580,3,4,1
1765413738.961580,4,4,7
1765413739.004491,1,10,12
1765413739.004491,2,16,1
1765413739.004491,3,4,1
1765413739.004491,4,4,7
1765413739.046333,1,10,12
1765413739.046333,2,16,1
1765413739.046333,3,4,1
1765413739.046333,4,4,7
1765413739.088580,1,10,12
1765413739.088580,2,16,1
1765413739.088580,3,4,1
1765413739.088580,4,4,7
1765413739.131433,1,10,12
1765413739.131433,2,16,1
1765413739.131433,3,4,1
1765413739.131433,4,4,7
1765413739.173226,1,10,12
1765413739.173226,2,16,1
1765413739.173226,3,4,1
1765413739.173226,4,4,7
1765413739.215053,1,10,12
1765413739.215053,2,16,1
1765413739.215053,3,4,1
1765413739.215053,4,4,7
1765413739.257516,1,10,12
1765413739.257516,2,16,1
1765413739.257516,3,4,1
1765413739.257516,4,4,7
1765413739.299866,1,10,12
1765413739.299866,2,16,1
1765413739.299866,3,4,1
1765413739.299866,4,4,7
1765413739.342455,1,10,12
1765413739.342455,2,16,1
1765413739.342455,3,4,1
1765413739.342455,4,4,7
1765413739.384562,1,10,12
1765413739.384562,2,16,1
1765413739.384562,3,4,1
1765413739.384562,4,4,7
1765413739.425920,1,10,12
1765413739.425920,2,16,1
1765413739.425920,3,4,1
1765413739.425920,4,4,7
1765413739.468275,1,10,12
1765413739.468275,2,16,1
1765413739.468275,3,4,1
1765413739.468275,4,4,7
1765413739.510756,1,10,12
1765413739.510756,2,16,1
1765413739.510756,3,4,1
1765413739.510756,4,4,7
1765413739.552840,1,10,12
1765413739.552840,2,16,1
1765413739.552840,3,4,1
1765413739.552840,4,4,7
1765413739.594861,1,10,12
1765413739.594861,2,16,1
1765413739.594861,3,4,1
1765413739.594861,4,4,7
1765413739.636643,1,10,12
1765413739.636643,2,16,1
1765413739.636643,3,4,1
1765413739.636643,4,4,7
1765413739.678425,1,10,12
1765413739.678425,2,16,1
1765413739.678425,3,4,1
1765413739.678425,4,4,7
1765413739.720251,1,10,11
1765413739.720251,2,16,1
1765413739.720251,3,4,1
1765413739.720251,4,4,7
1765413739.763038,1,10,11
1765413739.763038,2,16,1
1765413739.763038,3,4,1
1765413739.763038,4,4,7
1765413739.805409,1,10,11
1765413739.805409,2,16,0
1765413739.805409,3,4,1
1765413739.805409,4,4,7
1765413739.847421,1,10,11
1765413739.847421,2,16,0
1765413739.847421,3,4,1
1765413739.847421,4,4,7
1765413739.890034,1,10,11
1765413739.890034,2,16,0
1765413739.890034,3,4,1
1765413739.890034,4,4,7
1765413739.932894,1,10,11
1765413739.932894,2,16,0
1765413739.932894,3,4,1
1765413739.932894,4,4,7
1765413739.974573,1,10,11
1765413739.974573,2,16,0
1765413739.974573,3,4,1
1765413739.974573,4,4,7
1765413740.016157,1,10,11
1765413740.016157,2,16,0
1765413740.016157,3,4,1
1765413740.016157,4,4,7
1765413740.058542,1,10,11
1765413740.058542,2,16,0
1765413740.058542,3,4,1
1765413740.058542,4,4,7
1765413740.100333,1,10,11
1765413740.100333,2,16,0
1765413740.100333,3,4,1
1765413740.100333,4,4,7
1765413740.142659,1,10,11
1765413740.142659,2,16,0
1765413740.142659,3,4,1
1765413740.142659,4,4,7
1765413740.184367,1,10,11
1765413740.184367,2,16,0
1765413740.184367,3,4,1
1765413740.184367,4,4,7
1765413740.227013,1,10,11
1765413740.227013,2,16,0
1765413740.227013,3,4,0
1765413740.227013,4,4,7
1765413740.268946,1,10,10
1765413740.268946,2,16,0
1765413740.268946,3,4,0
1765413740.268946,4,4,7
1765413740.311283,1,10,10
1765413740.311283,2,16,0
1765413740.311283,3,4,0
1765413740.311283,4,4,7
1765413740.353975,1,10,10
1765413740.353975,2,16,0
1765413740.353975,3,4,0
1765413740.353975,4,4,7
1765413740.395993,1,10,10
1765413740.395993,2,16,0
1765413740.395993,3,4,0
1765413740.395993,4,4,7
1765413740.438928,1,10,10
1765413740.438928,2,16,0
1765413740.438928,3,4,0
1765413740.438928,4,4,7
1765413740.481949,1,10,10
1765413740.481949,2,16,0
1765413740.481949,3,4,0
1765413740.481949,4,4,6
1765413740.523567,1,10,10
1765413740.523567,2,16,0
1765413740.523567,3,4,0
1765413740.523567,4,4,6
1765413740.565601,1,10,10
1765413740.565601,2,16,0
1765413740.565601,3,4,0
1765413740.565601,4,4,6
1765413740.607337,1,10,10
1765413740.607337,2,16,0
1765413740.607337,3,4,0
1765413740.607337,4,4,6
1765413740.649172,1,10,10
1765413740.649172,2,16,0
1765413740.649172,3,4,0
1765413740.649172,4,4,6
1765413740.691278,1,10,10
1765413740.691278,2,16,0
1765413740.691278,3,4,0
1765413740.691278,4,4,6
1765413740.733566,1,10,10
1765413740.733566,2,16,0
1765413740.733566,3,4,0
1765413740.733566,4,4,6
1765413740.775647,1,10,10
1765413740.775647,2,16,0
1765413740.775647,3,4,0
1765413740.775647,4,4,6
1765413740.818007,1,10,10
1765413740.818007,2,16,0
1765413740.818007,3,4,0
1765413740.818007,4,4,6
1765413740.859679,1,10,10
1765413740.859679,2,16,0
1765413740.859679,3,4,0
1765413740.859679,4,4,6
1765413740.901407,1,10,10
1765413740.901407,2,16,0
1765413740.901407,3,4,0
1765413740.901407,4,4,6
1765413740.943691,1,10,10
1765413740.943691,2,16,0
1765413740.943691,3,4,0
1765413740.943691,4,4,6
1765413740.985686,1,10,10
1765413740.985686,2,16,0
1765413740.985686,3,4,0
1765413740.985686,4,4,6
1765413741.027739,1,10,10
1765413741.027739,2,16,0
1765413741.027739,3,4,0
1765413741.027739,4,4,6
1765413741.069871,1,10,10
1765413741.069871,2,16,0
1765413741.069871,3,4,0
1765413741.069871,4,4,6
1765413741.112112,1,10,10
1765413741.112112,2,16,0
1765413741.112112,3,4,0
1765413741.112112,4,4,6
1765413741.154426,1,10,10
1765413741.154426,2,16,0
1765413741.154426,3,4,0
1765413741.154426,4,4,6
1765413741.196308,1,10,10
1765413741.196308,2,16,0
1765413741.196308,3,4,0
1765413741.196308,4,4,6
1765413741.230013,1,10,10
1765413741.230013,2,16,0
1765413741.230013,3,4,0
1765413741.230013,4,4,6
1765413741.271957,1,10,10
1765413741.271957,2,16,0
1765413741.271957,3,4,0
1765413741.271957,4,4,6
1765413741.313745,1,10,10
1765413741.313745,2,16,0
1765413741.313745,3,4,0
1765413741.313745,4,4,6
1765413741.356121,1,10,10
1765413741.356121,2,16,0
1765413741.356121,3,4,0
1765413741.356121,4,4,6
1765413741.398405,1,10,10
1765413741.398405,2,16,0
1765413741.398405,3,4,0
1765413741.398405,4,4,6
1765413741.440029,1,10,10
1765413741.440029,2,16,0
1765413741.440029,3,4,0
1765413741.440029,4,4,6
1765413741.481718,1,9,10
1765413741.481718,2,16,0
1765413741.481718,3,4,0
1765413741.481718,4,4,6
1765413741.524039,1,9,10
1765413741.524039,2,16,0
1765413741.524039,3,4,0
1765413741.524039,4,4,6
1765413741.566627,1,9,10
1765413741.566627,2,15,0
1765413741.566627,3,4,0
1765413741.566627,4,4,6
1765413741.609010,1,9,10
1765413741.609010,2,15,0
1765413741.609010,3,4,0
1765413741.609010,4,4,6
1765413741.650948,1,9,10
1765413741.650948,2,15,0
1765413741.650948,3,4,0
1765413741.650948,4,4,6
1765413741.692883,1,9,10
1765413741.692883,2,15,0
1765413741.692883,3,4,0
1765413741.692883,4,4,6
1765413741.734581,1,9,10
1765413741.734581,2,15,0
1765413741.734581,3,4,0
1765413741.734581,4,4,6
1765413741.776556,1,9,10
1765413741.776556,2,15,0
1765413741.776556,3,4,0
1765413741.776556,4,4,6
1765413741.818503,1,8,10
1765413741.818503,2,15,0
1765413741.818503,3,4,0
1765413741.818503,4,4,6
1765413741.860267,1,8,10
1765413741.860267,2,15,0
1765413741.860267,3,4,0
1765413741.860267,4,4,6
1765413741.902525,1,8,10
1765413741.902525,2,14,0
1765413741.902525,3,4,0
1765413741.902525,4,4,6
1765413741.944990,1,8,10
1765413741.944990,2,14,0
1765413741.944990,3,4,0
1765413741.944990,4,4,6
1765413741.987187,1,8,10
1765413741.987187,2,14,0
1765413741.987187,3,3,0
1765413741.987187,4,4,6
1765413742.029503,1,8,10
1765413742.029503,2,14,0
1765413742.029503,3,3,0
1765413742.029503,4,4,6
1765413742.071318,1,8,10
1765413742.071318,2,14,0
1765413742.071318,3,3,0
1765413742.071318,4,4,6
1765413742.113493,1,8,10
1765413742.113493,2,14,0
1765413742.113493,3,3,0
1765413742.113493,4,4,6
1765413742.155513,1,8,10
1765413742.155513,2,14,0
1765413742.155513,3,3,0
1765413742.155513,4,4,6
1765413742.197653,1,8,10
1765413742.197653,2,14,0
1765413742.197653,3,3,0
1765413742.197653,4,4,6
1765413742.239381,1,8,10
1765413742.239381,2,14,0
1765413742.239381,3,3,0
1765413742.239381,4,3,6
1765413742.281169,1,8,10
1765413742.281169,2,14,0
1765413742.281169,3,3,0
1765413742.281169,4,3,6
1765413742.323522,1,8,10
1765413742.323522,2,14,0
1765413742.323522,3,2,0
1765413742.323522,4,3,6
1765413742.366530,1,8,10
1765413742.366530,2,14,0
1765413742.366530,3,2,0
1765413742.366530,4,3,6
1765413742.408619,1,8,10
1765413742.408619,2,14,0
1765413742.408619,3,2,0
1765413742.408619,4,3,6
1765413742.451258,1,8,10
1765413742.451258,2,14,0
1765413742.451258,3,2,0
1765413742.451258,4,3,6
1765413742.493675,1,8,10
1765413742.493675,2,14,0
1765413742.493675,3,2,0
1765413742.493675,4,3,6
1765413742.536089,1,8,10
1765413742.536089,2,14,0
1765413742.536089,3,2,0
1765413742.536089,4,3,6
1765413742.578177,1,9,10
1765413742.578177,2,14,0
1765413742.578177,3,2,0
1765413742.578177,4,2,6
1765413742.629712,1,9,10
1765413742.629712,2,14,0
1765413742.629712,3,2,0
1765413742.629712,4,2,6
1765413742.672838,1,9,10
1765413742.672838,2,15,0
1765413742.672838,3,2,0
1765413742.672838,4,2,6
1765413742.714558,1,9,10
1765413742.714558,2,15,0
1765413742.714558,3,2,0
1765413742.714558,4,2,6
1765413742.756871,1,9,10
1765413742.756871,2,15,0
1765413742.756871,3,2,0
1765413742.756871,4,2,6
1765413742.798769,1,9,10
1765413742.798769,2,15,0
1765413742.798769,3,2,0
1765413742.798769,4,2,6
1765413742.840872,1,9,10
1765413742.840872,2,15,0
1765413742.840872,3,2,0
1765413742.840872,4,2,6
1765413742.882903,1,9,10
1765413742.882903,2,15,0
1765413742.882903,3,2,0
1765413742.882903,4,2,6
1765413742.925029,1,9,10
1765413742.925029,2,15,0
1765413742.925029,3,2,0
1765413742.925029,4,2,6
1765413742.967556,1,10,10
1765413742.967556,2,15,0
1765413742.967556,3,2,0
1765413742.967556,4,2,6
1765413743.010195,1,10,10
1765413743.010195,2,15,0
1765413743.010195,3,2,0
1765413743.010195,4,2,6
1765413743.052196,1,10,10
1765413743.052196,2,16,0
1765413743.052196,3,2,0
1765413743.052196,4,2,6
1765413743.093825,1,10,10
1765413743.093825,2,16,0
1765413743.093825,3,2,0
1765413743.093825,4,2,6
1765413743.135752,1,10,10
1765413743.135752,2,16,0
1765413743.135752,3,3,0
1765413743.135752,4,2,6
1765413743.178871,1,10,10
1765413743.178871,2,16,0
1765413743.178871,3,3,0
1765413743.178871,4,2,6
1765413743.221421,1,10,10
1765413743.221421,2,16,0
1765413743.221421,3,3,0
1765413743.221421,4,2,6
1765413743.263342,1,10,10
1765413743.263342,2,16,0
1765413743.263342,3,3,0
1765413743.263342,4,2,6
1765413743.304983,1,10,10
1765413743.304983,2,16,0
1765413743.304983,3,3,0
1765413743.304983,4,2,6
1765413743.347199,1,10,10
1765413743.347199,2,16,0
1765413743.347199,3,3,0
1765413743.347199,4,3,6
1765413743.389511,1,10,10
1765413743.389511,2,16,0
1765413743.389511,3,3,0
1765413743.389511,4,3,6
1765413743.431873,1,10,10
1765413743.431873,2,16,0
1765413743.431873,3,3,0
1765413743.431873,4,3,6
1765413743.473959,1,10,10
1765413743.473959,2,16,0
1765413743.473959,3,4,0
1765413743.473959,4,3,6
1765413743.516880,1,10,10
1765413743.516880,2,16,0
1765413743.516880,3,4,0
1765413743.516880,4,3,6
1765413743.560210,1,10,10
1765413743.560210,2,16,0
1765413743.560210,3,4,0
1765413743.560210,4,3,6
1765413743.603265,1,10,10
1765413743.603265,2,16,0
1765413743.603265,3,4,0
1765413743.603265,4,3,6
1765413743.645861,1,10,10
1765413743.645861,2,16,0
1765413743.645861,3,4,0
1765413743.645861,4,3,6
1765413743.688048,1,10,10
1765413743.688048,2,16,0
1765413743.688048,3,4,0
1765413743.688048,4,3,6
1765413743.729649,1,10,10
1765413743.729649,2,16,0
1765413743.729649,3,4,0
1765413743.729649,4,4,6
1765413743.772241,1,10,10
1765413743.772241,2,16,0
1765413743.772241,3,4,0
1765413743.772241,4,4,6
1765413743.814364,1,10,10
1765413743.814364,2,16,0
1765413743.814364,3,4,0
1765413743.814364,4,4,6
1765413743.856632,1,10,10
1765413743.856632,2,16,0
1765413743.856632,3,4,0
1765413743.856632,4,4,6
1765413743.899197,1,11,10
1765413743.899197,2,16,0
1765413743.899197,3,4,0
1765413743.899197,4,4,6
1765413743.942119,1,11,10
1765413743.942119,2,16,0
1765413743.942119,3,4,0
1765413743.942119,4,4,6
1765413743.984180,1,11,10
1765413743.984180,2,17,0
1765413743.984180,3,4,0
1765413743.984180,4,4,6
1765413744.026117,1,11,10
1765413744.026117,2,17,0
1765413744.026117,3,4,0
1765413744.026117,4,4,6
1765413744.068336,1,11,10
1765413744.068336,2,17,0
1765413744.068336,3,4,0
1765413744.068336,4,4,6
1765413744.111249,1,11,10
1765413744.111249,2,17,0
1765413744.111249,3,4,0
1765413744.111249,4,4,6
1765413744.153953,1,11,10
1765413744.153953,2,17,0
1765413744.153953,3,4,0
1765413744.153953,4,4,6
1765413744.195878,1,11,10
1765413744.195878,2,17,0
1765413744.195878,3,4,0
1765413744.195878,4,4,6
1765413744.238523,1,11,10
1765413744.238523,2,17,0
1765413744.238523,3,4,0
1765413744.238523,4,4,6
1765413744.280288,1,11,10
1765413744.280288,2,17,0
1765413744.280288,3,4,0
1765413744.280288,4,4,6
1765413744.322469,1,11,10
1765413744.322469,2,17,0
1765413744.322469,3,4,0
1765413744.322469,4,4,6
1765413744.364373,1,11,10
1765413744.364373,2,17,0
1765413744.364373,3,4,0
1765413744.364373,4,4,6
1765413744.406389,1,11,10
1765413744.406389,2,17,0
1765413744.406389,3,4,0
1765413744.406389,4,4,6
1765413744.448367,1,11,10
1765413744.448367,2,17,0
1765413744.448367,3,5,0
1765413744.448367,4,4,6
1765413744.490587,1,11,10
1765413744.490587,2,17,0
1765413744.490587,3,5,0
1765413744.490587,4,4,6
1765413744.532465,1,11,10
1765413744.532465,2,17,0
1765413744.532465,3,5,0
1765413744.532465,4,4,6
1765413744.574133,1,11,9
1765413744.574133,2,17,0
1765413744.574133,3,5,0
1765413744.574133,4,4,6
1765413744.615659,1,11,9
1765413744.615659,2,17,0
1765413744.615659,3,5,0
1765413744.615659,4,4,6
1765413744.657625,1,11,9
1765413744.657625,2,17,0
1765413744.657625,3,5,0
1765413744.657625,4,5,6
1765413744.699390,1,11,9
1765413744.699390,2,17,0
1765413744.699390,3,5,0
1765413744.699390,4,5,6
1765413744.741181,1,11,9
1765413744.741181,2,17,0
1765413744.741181,3,5,0
1765413744.741181,4,5,6
1765413744.784662,1,11,9
1765413744.784662,2,17,0
1765413744.784662,3,5,0
1765413744.784662,4,5,6
1765413744.826015,1,11,9
1765413744.826015,2,17,0
1765413744.826015,3,5,0
1765413744.826015,4,5,6
1765413744.868161,1,11,9
1765413744.868161,2,17,0
1765413744.868161,3,5,0
1765413744.868161,4,5,6
1765413744.910230,1,11,9
1765413744.910230,2,17,0
1765413744.910230,3,5,0
1765413744.910230,4,5,6
1765413744.953203,1,11,9
1765413744.953203,2,17,0
1765413744.953203,3,5,0
1765413744.953203,4,5,6
1765413744.995259,1,11,9
1765413744.995259,2,17,0
1765413744.995259,3,5,0
1765413744.995259,4,5,6
1765413745.036680,1,11,9
1765413745.036680,2,17,0
1765413745.036680,3,5,0
1765413745.036680,4,5,6
1765413745.079119,1,10,9
1765413745.079119,2,17,0
1765413745.079119,3,5,0
1765413745.079119,4,5,6
1765413745.120834,1,10,9
1765413745.120834,2,17,0
1765413745.120834,3,5,0
1765413745.120834,4,5,6
1765413745.163311,1,10,9
1765413745.163311,2,16,0
1765413745.163311,3,5,0
1765413745.163311,4,5,6
1765413745.205591,1,10,9
1765413745.205591,2,16,0
1765413745.205591,3,5,0
1765413745.205591,4,5,6
1765413745.247632,1,10,9
1765413745.247632,2,16,0
1765413745.247632,3,5,0
1765413745.247632,4,5,6
1765413745.289525,1,10,9
1765413745.289525,2,16,0
1765413745.289525,3,5,0
1765413745.289525,4,5,6
1765413745.332833,1,10,9
1765413745.332833,2,16,0
1765413745.332833,3,5,0
1765413745.332833,4,5,5
1765413745.374773,1,10,9
1765413745.374773,2,16,0
1765413745.374773,3,5,0
1765413745.374773,4,5,5
1765413745.416439,1,10,9
1765413745.416439,2,16,0
1765413745.416439,3,5,0
1765413745.416439,4,5,5
1765413745.458606,1,10,9
1765413745.458606,2,16,0
1765413745.458606,3,5,0
1765413745.458606,4,5,5
1765413745.500427,1,9,9
1765413745.500427,2,16,0
1765413745.500427,3,5,0
1765413745.500427,4,5,5
1765413745.542600,1,9,9
1765413745.542600,2,16,0
1765413745.542600,3,5,0
1765413745.542600,4,5,5
1765413745.585213,1,9,9
1765413745.585213,2,15,0
1765413745.585213,3,5,0
1765413745.585213,4,5,5
1765413745.627157,1,9,9
1765413745.627157,2,15,0
1765413745.627157,3,4,0
1765413745.627157,4,5,5
1765413745.670101,1,9,9
1765413745.670101,2,15,0
1765413745.670101,3,4,0
1765413745.670101,4,5,5
1765413745.712572,1,9,9
1765413745.712572,2,15,0
1765413745.712572,3,4,0
1765413745.712572,4,5,5
1765413745.755385,1,9,9
1765413745.755385,2,15,0
1765413745.755385,3,4,0
1765413745.755385,4,5,5
1765413745.798222,1,9,9
1765413745.798222,2,15,0
1765413745.798222,3,4,0
1765413745.798222,4,5,5
1765413745.840198,1,9,9
1765413745.840198,2,15,0
1765413745.840198,3,4,0
1765413745.840198,4,5,5
1765413745.881369,1,9,9
1765413745.881369,2,15,0
1765413745.881369,3,4,0
1765413745.881369,4,5,5
1765413745.922586,1,9,9
1765413745.922586,2,15,0
1765413745.922586,3,4,0
1765413745.922586,4,5,5
1765413745.964237,1,9,9
1765413745.964237,2,15,0
1765413745.964237,3,4,0
1765413745.964237,4,5,5
1765413746.005993,1,9,9
1765413746.005993,2,15,0
1765413746.005993,3,4,0
1765413746.005993,4,5,5
1765413746.048010,1,9,9
1765413746.048010,2,15,0
1765413746.048010,3,3,0
1765413746.048010,4,5,5
1765413746.090215,1,10,9
1765413746.090215,2,15,0
1765413746.090215,3,3,0
1765413746.090215,4,5,5
1765413746.132830,1,10,9
1765413746.132830,2,15,0
1765413746.132830,3,3,0
1765413746.132830,4,5,5
1765413746.174970,1,10,9
1765413746.174970,2,16,0
1765413746.174970,3,3,0
1765413746.174970,4,5,5
1765413746.217072,1,10,9
1765413746.217072,2,16,0
1765413746.217072,3,3,0
1765413746.217072,4,5,5
1765413746.259436,1,10,9
1765413746.259436,2,16,0
1765413746.259436,3,3,0
1765413746.259436,4,5,5
1765413746.300923,1,10,9
1765413746.300923,2,16,0
1765413746.300923,3,3,0
1765413746.300923,4,5,5
1765413746.343228,1,10,9
1765413746.343228,2,16,0
1765413746.343228,3,3,0
1765413746.343228,4,5,5
1765413746.384891,1,10,9
1765413746.384891,2,16,0
1765413746.384891,3,3,0
1765413746.384891,4,5,5
1765413746.427773,1,10,9
1765413746.427773,2,16,0
1765413746.427773,3,3,0
1765413746.427773,4,5,5
1765413746.471309,1,10,9
1765413746.471309,2,16,0
1765413746.471309,3,3,0
1765413746.471309,4,5,5
1765413746.513183,1,10,9
1765413746.513183,2,16,0
1765413746.513183,3,3,0
1765413746.513183,4,5,5
1765413746.556069,1,10,9
1765413746.556069,2,16,0
1765413746.556069,3,3,0
1765413746.556069,4,5,5
1765413746.597429,1,10,9
1765413746.597429,2,16,0
1765413746.597429,3,3,0
1765413746.597429,4,5,5
1765413746.639560,1,10,9
1765413746.639560,2,16,0
1765413746.639560,3,4,0
1765413746.639560,4,5,5
1765413746.681654,1,10,9
1765413746.681654,2,16,0
1765413746.681654,3,4,0
1765413746.681654,4,5,5
1765413746.723323,1,9,9
1765413746.723323,2,16,0
1765413746.723323,3,4,0
1765413746.723323,4,5,5
1765413746.765632,1,9,9
1765413746.765632,2,16,0
1765413746.765632,3,4,0
1765413746.765632,4,5,5
1765413746.904989,1,9,9
1765413746.904989,2,15,0
1765413746.904989,3,4,0
1765413746.904989,4,6,5
1765413746.943465,1,9,9
1765413746.943465,2,15,0
1765413746.943465,3,4,0
1765413746.943465,4,6,5
1765413746.986185,1,9,9
1765413746.986185,2,15,0
1765413746.986185,3,4,0
1765413746.986185,4,6,5
1765413747.028392,1,9,9
1765413747.028392,2,15,0
1765413747.028392,3,4,0
1765413747.028392,4,6,5
1765413747.070831,1,9,9
1765413747.070831,2,15,0
1765413747.070831,3,4,0
1765413747.070831,4,6,5
1765413747.113558,1,9,9
1765413747.113558,2,15,0
1765413747.113558,3,4,0
1765413747.113558,4,6,5
1765413747.156146,1,9,9
1765413747.156146,2,15,0
1765413747.156146,3,4,0
1765413747.156146,4,6,5
1765413747.198417,1,9,9
1765413747.198417,2,15,0
1765413747.198417,3,4,0
1765413747.198417,4,6,5
1765413747.240365,1,9,9
1765413747.240365,2,15,0
1765413747.240365,3,4,0
1765413747.240365,4,6,5
1765413747.282774,1,9,9
1765413747.282774,2,15,0
1765413747.282774,3,3,0
1765413747.282774,4,6,5
1765413747.325168,1,9,9
1765413747.325168,2,15,0
1765413747.325168,3,3,0
1765413747.325168,4,6,5
1765413747.366852,1,9,9
1765413747.366852,2,15,0
1765413747.366852,3,3,0
1765413747.366852,4,6,5
1765413747.409042,1,9,9
1765413747.409042,2,15,0
1765413747.409042,3,3,0
1765413747.409042,4,6,5
1765413747.451652,1,9,9
1765413747.451652,2,15,0
1765413747.451652,3,3,0
1765413747.451652,4,6,5
1765413747.495076,1,10,9
1765413747.495076,2,15,0
1765413747.495076,3,3,0
1765413747.495076,4,6,5
1765413747.528576,1,10,9
1765413747.528576,2,15,0
1765413747.528576,3,3,0
1765413747.528576,4,6,5
1765413747.571828,1,10,9
1765413747.571828,2,15,0
1765413747.571828,3,3,0
1765413747.571828,4,5,5
1765413747.613878,1,10,9
1765413747.613878,2,15,0
1765413747.613878,3,3,0
1765413747.613878,4,5,5
1765413747.655990,1,10,9
1765413747.655990,2,16,0
1765413747.655990,3,3,0
1765413747.655990,4,5,5
1765413747.699198,1,10,9
1765413747.699198,2,16,0
1765413747.699198,3,3,0
1765413747.699198,4,5,5
1765413747.741885,1,10,9
1765413747.741885,2,16,0
1765413747.741885,3,3,0
1765413747.741885,4,5,5
1765413747.784363,1,10,9
1765413747.784363,2,16,0
1765413747.784363,3,3,0
1765413747.784363,4,5,5
1765413747.826646,1,10,9
1765413747.826646,2,16,0
1765413747.826646,3,3,0
1765413747.826646,4,5,5
1765413747.869714,1,10,9
1765413747.869714,2,16,0
1765413747.869714,3,3,0
1765413747.869714,4,5,5
1765413747.912522,1,11,9
1765413747.912522,2,16,0
1765413747.912522,3,3,0
1765413747.912522,4,5,5
1765413747.955557,1,11,9
1765413747.955557,2,16,0
1765413747.955557,3,3,0
1765413747.955557,4,5,5
1765413747.998073,1,11,9
1765413747.998073,2,16,0
1765413747.998073,3,4,0
1765413747.998073,4,5,5
1765413748.040905,1,11,9
1765413748.040905,2,16,0
1765413748.040905,3,4,0
1765413748.040905,4,5,5
1765413748.082914,1,11,9
1765413748.082914,2,17,0
1765413748.082914,3,4,0
1765413748.082914,4,5,5
1765413748.125049,1,11,9
1765413748.125049,2,17,0
1765413748.125049,3,4,0
1765413748.125049,4,5,5
1765413748.167400,1,11,9
1765413748.167400,2,17,0
1765413748.167400,3,4,0
1765413748.167400,4,5,5
1765413748.209676,1,11,9
1765413748.209676,2,17,0
1765413748.209676,3,4,0
1765413748.209676,4,5,5
1765413748.252528,1,11,9
1765413748.252528,2,17,0
1765413748.252528,3,4,0
1765413748.252528,4,5,5
1765413748.295092,1,11,9
1765413748.295092,2,17,0
1765413748.295092,3,4,0
1765413748.295092,4,6,5
1765413748.336982,1,11,9
1765413748.336982,2,17,0
1765413748.336982,3,4,0
1765413748.336982,4,6,5
1765413748.379258,1,11,9
1765413748.379258,2,17,0
1765413748.379258,3,4,0
1765413748.379258,4,6,5
1765413748.421420,1,11,9
1765413748.421420,2,17,0
1765413748.421420,3,4,0
1765413748.421420,4,6,5
1765413748.463414,1,11,9
1765413748.463414,2,17,0
1765413748.463414,3,5,0
1765413748.463414,4,6,5
1765413748.505343,1,11,9
1765413748.505343,2,17,0
1765413748.505343,3,5,0
1765413748.505343,4,6,5
1765413748.547170,1,11,9
1765413748.547170,2,17,0
1765413748.547170,3,5,0
1765413748.547170,4,6,5
1765413748.589518,1,11,9
1765413748.589518,2,17,0
1765413748.589518,3,5,0
1765413748.589518,4,6,5
1765413748.631681,1,11,9
1765413748.631681,2,17,0
1765413748.631681,3,5,0
1765413748.631681,4,6,5
1765413748.674250,1,11,9
1765413748.674250,2,17,0
1765413748.674250,3,5,0
1765413748.674250,4,6,5
1765413748.716201,1,11,9
1765413748.716201,2,17,0
1765413748.716201,3,5,0
1765413748.716201,4,7,5
1765413748.758424,1,11,9
1765413748.758424,2,17,0
1765413748.758424,3,5,0
1765413748.758424,4,7,5
1765413748.792028,1,11,9
1765413748.792028,2,17,0
1765413748.792028,3,5,0
1765413748.792028,4,7,5
1765413748.834469,1,11,9
1765413748.834469,2,17,0
1765413748.834469,3,5,0
1765413748.834469,4,7,5
1765413748.876808,1,11,9
1765413748.876808,2,17,0
1765413748.876808,3,5,0
1765413748.876808,4,7,5
1765413748.918720,1,11,9
1765413748.918720,2,17,0
1765413748.918720,3,5,0
1765413748.918720,4,7,5
1765413748.960981,1,11,9
1765413748.960981,2,17,0
1765413748.960981,3,5,0
1765413748.960981,4,7,5
1765413749.003190,1,11,9
1765413749.003190,2,17,0
1765413749.003190,3,5,0
1765413749.003190,4,7,5
1765413749.045576,1,11,9
1765413749.045576,2,17,0
1765413749.045576,3,5,0
1765413749.045576,4,7,5
1765413749.087759,1,11,9
1765413749.087759,2,17,0
1765413749.087759,3,5,0
1765413749.087759,4,7,5
1765413749.130023,1,11,9
1765413749.130023,2,17,0
1765413749.130023,3,5,0
1765413749.130023,4,7,5
1765413749.172152,1,11,10
1765413749.172152,2,17,0
1765413749.172152,3,5,0
1765413749.172152,4,7,5
1765413749.214363,1,11,10
1765413749.214363,2,17,0
1765413749.214363,3,5,0
1765413749.214363,4,7,5
1765413749.256123,1,11,10
1765413749.256123,2,17,0
1765413749.256123,3,5,0
1765413749.256123,4,7,5
1765413749.298398,1,11,10
1765413749.298398,2,17,0
1765413749.298398,3,5,0
1765413749.298398,4,7,5
1765413749.341348,1,11,10
1765413749.341348,2,17,1
1765413749.341348,3,5,0
1765413749.341348,4,7,5
1765413749.383622,1,11,10
1765413749.383622,2,17,1
1765413749.383622,3,5,0
1765413749.383622,4,7,5
1765413749.425253,1,11,10
1765413749.425253,2,17,1
1765413749.425253,3,5,0
1765413749.425253,4,7,5
1765413749.467352,1,11,10
1765413749.467352,2,17,1
1765413749.467352,3,5,0
1765413749.467352,4,7,5
1765413749.508887,1,11,10
1765413749.508887,2,17,1
1765413749.508887,3,5,0
1765413749.508887,4,7,5
1765413749.550867,1,11,10
1765413749.550867,2,17,1
1765413749.550867,3,5,0
1765413749.550867,4,7,5
1765413749.592674,1,11,10
1765413749.592674,2,17,1
1765413749.592674,3,5,0
1765413749.592674,4,7,5
1765413749.634534,1,11,10
1765413749.634534,2,17,1
1765413749.634534,3,5,0
1765413749.634534,4,7,5
1765413749.676660,1,11,10
1765413749.676660,2,17,1
1765413749.676660,3,5,0
1765413749.676660,4,7,5
1765413749.719236,1,11,10
1765413749.719236,2,17,1
1765413749.719236,3,5,1
1765413749.719236,4,7,5
1765413749.762495,1,11,10
1765413749.762495,2,17,1
1765413749.762495,3,5,1
1765413749.762495,4,7,5
1765413749.804734,1,11,10
1765413749.804734,2,17,1
1765413749.804734,3,5,1
1765413749.804734,4,7,5
1765413749.846625,1,11,10
1765413749.846625,2,17,1
1765413749.846625,3,5,1
1765413749.846625,4,7,5
1765413749.888568,1,10,10
1765413749.888568,2,17,1
1765413749.888568,3,5,1
1765413749.888568,4,7,5
1765413749.930553,1,10,10
1765413749.930553,2,17,1
1765413749.930553,3,5,1
1765413749.930553,4,7,5
1765413749.972770,1,10,10
1765413749.972770,2,17,1
1765413749.972770,3,5,1
1765413749.972770,4,7,6
1765413750.014672,1,10,10
1765413750.014672,2,17,1
1765413750.014672,3,5,1
1765413750.014672,4,7,6
1765413750.056919,1,10,10
1765413750.056919,2,16,1
1765413750.056919,3,5,1
1765413750.056919,4,7,6
1765413750.098926,1,10,10
1765413750.098926,2,16,1
1765413750.098926,3,5,1
1765413750.098926,4,7,6
1765413750.140720,1,10,10
1765413750.140720,2,16,1
1765413750.140720,3,5,1
1765413750.140720,4,7,6
1765413750.182257,1,10,10
1765413750.182257,2,16,1
1765413750.182257,3,5,1
1765413750.182257,4,7,6
1765413750.224229,1,10,10
1765413750.224229,2,16,1
1765413750.224229,3,5,1
1765413750.224229,4,7,6
1765413750.266812,1,10,10
1765413750.266812,2,16,1
1765413750.266812,3,5,1
1765413750.266812,4,7,6
1765413750.308778,1,10,10
1765413750.308778,2,16,1
1765413750.308778,3,5,1
1765413750.308778,4,7,6
1765413750.350821,1,10,10
1765413750.350821,2,16,1
1765413750.350821,3,5,1
1765413750.350821,4,7,6
1765413750.393002,1,10,10
1765413750.393002,2,16,1
1765413750.393002,3,5,1
1765413750.393002,4,7,6
1765413750.435406,1,10,10
1765413750.435406,2,16,1
1765413750.435406,3,4,1
1765413750.435406,4,7,6
1765413750.477599,1,10,10
1765413750.477599,2,16,1
1765413750.477599,3,4,1
1765413750.477599,4,7,6
1765413750.519355,1,10,11
1765413750.519355,2,16,1
1765413750.519355,3,4,1
1765413750.519355,4,7,6
1765413750.561467,1,10,11
1765413750.561467,2,16,1
1765413750.561467,3,4,1
1765413750.561467,4,7,6
1765413750.603577,1,10,11
1765413750.603577,2,16,1
1765413750.603577,3,4,1
1765413750.603577,4,7,6
1765413750.646032,1,10,11
1765413750.646032,2,16,1
1765413750.646032,3,4,1
1765413750.646032,4,7,6
1765413750.688623,1,10,11
1765413750.688623,2,16,2
1765413750.688623,3,4,1
1765413750.688623,4,6,6
1765413750.731606,1,10,11
1765413750.731606,2,16,2
1765413750.731606,3,4,1
1765413750.731606,4,6,6
1765413750.774102,1,10,11
1765413750.774102,2,16,2
1765413750.774102,3,4,1
1765413750.774102,4,6,6
1765413750.815822,1,10,11
1765413750.815822,2,16,2
1765413750.815822,3,4,1
1765413750.815822,4,6,6
1765413750.858019,1,10,11
1765413750.858019,2,16,2
1765413750.858019,3,4,1
1765413750.858019,4,6,6
1765413750.899711,1,10,11
1765413750.899711,2,16,2
1765413750.899711,3,4,1
1765413750.899711,4,6,6
1765413750.941617,1,10,11
1765413750.941617,2,16,2
1765413750.941617,3,4,1
1765413750.941617,4,6,6
1765413750.984642,1,10,11
1765413750.984642,2,16,2
1765413750.984642,3,4,1
1765413750.984642,4,6,6
1765413751.026235,1,10,11
1765413751.026235,2,16,2
1765413751.026235,3,4,2
1765413751.026235,4,6,6
1765413751.068652,1,10,11
1765413751.068652,2,16,2
1765413751.068652,3,4,2
1765413751.068652,4,6,6
1765413751.110685,1,10,11
1765413751.110685,2,16,2
1765413751.110685,3,4,2
1765413751.110685,4,6,6
1765413751.153006,1,10,11
1765413751.153006,2,16,2
1765413751.153006,3,4,2
1765413751.153006,4,6,6
1765413751.195626,1,10,11
1765413751.195626,2,16,2
1765413751.195626,3,4,2
1765413751.195626,4,6,6
1765413751.237477,1,10,11
1765413751.237477,2,16,2
1765413751.237477,3,4,2
1765413751.237477,4,6,6
1765413751.279498,1,10,11
1765413751.279498,2,16,2
1765413751.279498,3,4,2
1765413751.279498,4,6,6
1765413751.322093,1,10,11
1765413751.322093,2,16,2
1765413751.322093,3,4,2
1765413751.322093,4,6,7
1765413751.364897,1,10,11
1765413751.364897,2,16,2
1765413751.364897,3,4,2
1765413751.364897,4,6,7
1765413751.406192,1,10,11
1765413751.406192,2,16,2
1765413751.406192,3,4,2
1765413751.406192,4,6,7
1765413751.448596,1,10,11
1765413751.448596,2,16,2
1765413751.448596,3,4,2
1765413751.448596,4,6,7
1765413751.490654,1,10,11
1765413751.490654,2,16,2
1765413751.490654,3,4,2
1765413751.490654,4,6,7
1765413751.533386,1,10,11
1765413751.533386,2,16,2
1765413751.533386,3,4,2
1765413751.533386,4,6,7
1765413751.575781,1,10,11
1765413751.575781,2,16,2
1765413751.575781,3,4,2
1765413751.575781,4,6,7
1765413751.617763,1,10,11
1765413751.617763,2,16,2
1765413751.617763,3,4,2
1765413751.617763,4,6,7
1765413751.661267,1,10,11
1765413751.661267,2,16,2
1765413751.661267,3,4,2
1765413751.661267,4,6,7
1765413751.704214,1,10,11
1765413751.704214,2,16,2
1765413751.704214,3,4,2
1765413751.704214,4,6,7
1765413751.746758,1,10,11
1765413751.746758,2,16,2
1765413751.746758,3,4,2
1765413751.746758,4,6,7
1765413751.790389,1,10,11
1765413751.790389,2,16,2
1765413751.790389,3,4,2
1765413751.790389,4,6,7
1765413751.833276,1,10,11
1765413751.833276,2,16,2
1765413751.833276,3,4,2
1765413751.833276,4,6,7
1765413751.875511,1,10,11
1765413751.875511,2,16,2
1765413751.875511,3,4,2
1765413751.875511,4,6,7
1765413751.917284,1,10,11
1765413751.917284,2,16,2
1765413751.917284,3,4,2
1765413751.917284,4,6,7
1765413751.959382,1,10,11
1765413751.959382,2,16,2
1765413751.959382,3,4,2
1765413751.959382,4,6,7
1765413752.002112,1,10,11
1765413752.002112,2,16,2
1765413752.002112,3,4,2
1765413752.002112,4,6,7
1765413752.044778,1,10,10
1765413752.044778,2,16,2
1765413752.044778,3,4,2
1765413752.044778,4,6,7
1765413752.087147,1,10,10
1765413752.087147,2,16,2
1765413752.087147,3,4,2
1765413752.087147,4,6,7
1765413752.129083,1,10,10
1765413752.129083,2,16,2
1765413752.129083,3,4,2
1765413752.129083,4,6,7
1765413752.171326,1,10,10
1765413752.171326,2,16,2
1765413752.171326,3,4,2
1765413752.171326,4,6,7
1765413752.213605,1,10,10
1765413752.213605,2,16,1
1765413752.213605,3,4,2
1765413752.213605,4,6,7
1765413752.255497,1,10,10
1765413752.255497,2,16,1
1765413752.255497,3,4,2
1765413752.255497,4,6,7
1765413752.297701,1,10,10
1765413752.297701,2,16,1
1765413752.297701,3,4,2
1765413752.297701,4,6,7
1765413752.339206,1,10,10
1765413752.339206,2,16,1
1765413752.339206,3,4,2
1765413752.339206,4,6,7
1765413752.381274,1,10,10
1765413752.381274,2,16,1
1765413752.381274,3,4,2
1765413752.381274,4,6,7
1765413752.424010,1,10,10
1765413752.424010,2,16,1
1765413752.424010,3,4,2
1765413752.424010,4,6,7
1765413752.465892,1,10,10
1765413752.465892,2,16,1
1765413752.465892,3,4,2
1765413752.465892,4,6,7
1765413752.509243,1,10,10
1765413752.509243,2,16,1
1765413752.509243,3,4,2
1765413752.509243,4,6,7
1765413752.551226,1,10,10
1765413752.551226,2,16,1
1765413752.551226,3,4,1
1765413752.551226,4,6,7
1765413752.593430,1,10,10
1765413752.593430,2,16,1
1765413752.593430,3,4,1
1765413752.593430,4,6,7
1765413752.634726,1,10,10
1765413752.634726,2,16,1
1765413752.634726,3,4,1
1765413752.634726,4,6,7
1765413752.677433,1,10,10
1765413752.677433,2,16,1
1765413752.677433,3,4,1
1765413752.677433,4,6,7
1765413752.720146,1,11,10
1765413752.720146,2,16,1
1765413752.720146,3,4,1
1765413752.720146,4,6,7
1765413752.762047,1,11,10
1765413752.762047,2,16,1
1765413752.762047,3,4,1
1765413752.762047,4,6,7
1765413752.805107,1,11,10
1765413752.805107,2,16,1
1765413752.805107,3,4,1
1765413752.805107,4,6,7
1765413752.846572,1,11,10
1765413752.846572,2,16,1
1765413752.846572,3,4,1
1765413752.846572,4,6,6
1765413752.888633,1,11,10
1765413752.888633,2,17,1
1765413752.888633,3,4,1
1765413752.888633,4,6,6
1765413752.931219,1,11,10
1765413752.931219,2,17,1
1765413752.931219,3,4,1
1765413752.931219,4,6,6
1765413752.973828,1,11,10
1765413752.973828,2,17,1
1765413752.973828,3,4,1
1765413752.973828,4,6,6
1765413753.016327,1,11,10
1765413753.016327,2,17,1
1765413753.016327,3,4,1
1765413753.016327,4,6,6
1765413753.057591,1,11,10
1765413753.057591,2,17,1
1765413753.057591,3,4,1
1765413753.057591,4,6,6
1765413753.099624,1,11,10
1765413753.099624,2,17,1
1765413753.099624,3,4,1
1765413753.099624,4,6,6
1765413753.141532,1,11,11
1765413753.141532,2,17,1
1765413753.141532,3,4,1
1765413753.141532,4,6,6
1765413753.183411,1,11,11
1765413753.183411,2,17,1
1765413753.183411,3,4,1
1765413753.183411,4,6,6
1765413753.225539,1,11,11
1765413753.225539,2,17,1
1765413753.225539,3,4,1
1765413753.225539,4,6,6
1765413753.267067,1,11,11
1765413753.267067,2,17,1
1765413753.267067,3,5,1
1765413753.267067,4,6,6
1765413753.308848,1,11,11
1765413753.308848,2,17,2
1765413753.308848,3,5,1
1765413753.308848,4,6,6
1765413753.350720,1,11,11
1765413753.350720,2,17,2
1765413753.350720,3,5,1
1765413753.350720,4,6,6
1765413753.392874,1,11,11
1765413753.392874,2,17,2
1765413753.392874,3,5,1
1765413753.392874,4,6,6
1765413753.434357,1,11,11
1765413753.434357,2,17,2
1765413753.434357,3,5,1
1765413753.434357,4,6,6
1765413753.476278,1,11,11
1765413753.476278,2,17,2
1765413753.476278,3,5,1
1765413753.476278,4,6,6
1765413753.518394,1,10,11
1765413753.518394,2,17,2
1765413753.518394,3,5,1
1765413753.518394,4,6,6
1765413753.561033,1,10,11
1765413753.561033,2,17,2
1765413753.561033,3,5,1
1765413753.561033,4,7,6
1765413753.602998,1,10,11
1765413753.602998,2,17,2
1765413753.602998,3,5,1
1765413753.602998,4,7,6
1765413753.645447,1,10,11
1765413753.645447,2,17,2
1765413753.645447,3,5,2
1765413753.645447,4,7,6
1765413753.687790,1,10,11
1765413753.687790,2,16,2
1765413753.687790,3,5,2
1765413753.687790,4,7,6
1765413753.730211,1,10,11
1765413753.730211,2,16,2
1765413753.730211,3,5,2
1765413753.730211,4,7,6
1765413753.773270,1,10,11
1765413753.773270,2,16,2
1765413753.773270,3,5,2
1765413753.773270,4,7,6
1765413753.815260,1,10,11
1765413753.815260,2,16,2
1765413753.815260,3,5,2
1765413753.815260,4,7,6
1765413753.857431,1,10,11
1765413753.857431,2,16,2
1765413753.857431,3,5,2
1765413753.857431,4,7,6
1765413753.899941,1,10,11
1765413753.899941,2,16,2
1765413753.899941,3,5,2
1765413753.899941,4,7,6
1765413753.942290,1,10,11
1765413753.942290,2,16,2
1765413753.942290,3,5,2
1765413753.942290,4,7,7
1765413753.984689,1,10,11
1765413753.984689,2,16,2
1765413753.984689,3,5,2
1765413753.984689,4,7,7
1765413754.027016,1,10,11
1765413754.027016,2,16,2
1765413754.027016,3,5,2
1765413754.027016,4,7,7
1765413754.069932,1,10,11
1765413754.069932,2,16,2
1765413754.069932,3,4,2
1765413754.069932,4,7,7
1765413754.111947,1,10,11
1765413754.111947,2,16,2
1765413754.111947,3,4,2
1765413754.111947,4,7,7
1765413754.154048,1,10,11
1765413754.154048,2,16,2
1765413754.154048,3,4,2
1765413754.154048,4,7,7
1765413754.196368,1,10,11
1765413754.196368,2,16,2
1765413754.196368,3,4,2
1765413754.196368,4,7,7
1765413754.238517,1,10,11
1765413754.238517,2,16,2
1765413754.238517,3,4,2
1765413754.238517,4,7,7
1765413754.280352,1,10,11
1765413754.280352,2,16,2
1765413754.280352,3,4,2
1765413754.280352,4,7,7
1765413754.322532,1,10,11
1765413754.322532,2,16,2
1765413754.322532,3,4,2
1765413754.322532,4,6,7
1765413754.364802,1,10,11
1765413754.364802,2,16,2
1765413754.364802,3,4,2
1765413754.364802,4,6,7
1765413754.406974,1,10,11
1765413754.406974,2,16,2
1765413754.406974,3,4,2
1765413754.406974,4,6,7
1765413754.449571,1,10,11
1765413754.449571,2,16,2
1765413754.449571,3,4,2
1765413754.449571,4,6,7
1765413754.491464,1,10,11
1765413754.491464,2,16,2
1765413754.491464,3,4,2
1765413754.491464,4,6,7
1765413754.533698,1,10,11
1765413754.533698,2,16,2
1765413754.533698,3,4,2
1765413754.533698,4,6,7
1765413754.576056,1,10,11
1765413754.576056,2,16,2
1765413754.576056,3,4,2
1765413754.576056,4,6,7
1765413754.618144,1,9,11
1765413754.618144,2,16,2
1765413754.618144,3,4,2
1765413754.618144,4,6,7
1765413754.659584,1,9,11
1765413754.659584,2,16,2
1765413754.659584,3,4,2
1765413754.659584,4,6,7
1765413754.720116,1,9,11
1765413754.720116,2,16,2
1765413754.720116,3,4,2
1765413754.720116,4,6,7
1765413754.759779,1,9,11
1765413754.759779,2,16,2
1765413754.759779,3,4,2
1765413754.759779,4,6,7
1765413754.803622,1,9,11
1765413754.803622,2,15,2
1765413754.803622,3,4,2
1765413754.803622,4,6,7
1765413754.846960,1,9,11
1765413754.846960,2,15,2
1765413754.846960,3,4,2
1765413754.846960,4,6,7
1765413754.888764,1,9,11
1765413754.888764,2,15,2
1765413754.888764,3,4,2
1765413754.888764,4,6,7
1765413754.930203,1,9,11
1765413754.930203,2,15,2
1765413754.930203,3,4,2
1765413754.930203,4,6,7
1765413754.972440,1,9,11
1765413754.972440,2,15,2
1765413754.972440,3,4,2
1765413754.972440,4,6,7
1765413755.015609,1,9,11
1765413755.015609,2,15,2
1765413755.015609,3,4,2
1765413755.015609,4,6,7
1765413755.058151,1,9,11
1765413755.058151,2,15,2
1765413755.058151,3,4,2
1765413755.058151,4,6,7
1765413755.100207,1,9,11
1765413755.100207,2,15,2
1765413755.100207,3,4,2
1765413755.100207,4,6,7
1765413755.141636,1,9,11
1765413755.141636,2,15,2
1765413755.141636,3,3,2
1765413755.141636,4,6,7
1765413755.183352,1,9,11
1765413755.183352,2,15,2
1765413755.183352,3,3,2
1765413755.183352,4,6,7
1765413755.224554,1,9,11
1765413755.224554,2,15,2
1765413755.224554,3,3,2
1765413755.224554,4,6,7
1765413755.266505,1,9,11
1765413755.266505,2,15,2
1765413755.266505,3,3,2
1765413755.266505,4,6,7
1765413755.309568,1,9,11
1765413755.309568,2,15,2
1765413755.309568,3,3,2
1765413755.309568,4,6,7
1765413755.351981,1,9,11
1765413755.351981,2,15,2
1765413755.351981,3,3,2
1765413755.351981,4,6,7
1765413755.394819,1,9,11
1765413755.394819,2,15,2
1765413755.394819,3,3,2
1765413755.394819,4,6,7
1765413755.436821,1,9,11
1765413755.436821,2,15,2
1765413755.436821,3,3,2
1765413755.436821,4,5,7
1765413755.479545,1,9,11
1765413755.479545,2,15,2
1765413755.479545,3,3,2
1765413755.479545,4,5,7
1765413755.522504,1,9,11
1765413755.522504,2,15,2
1765413755.522504,3,3,2
1765413755.522504,4,5,7
1765413755.564939,1,9,11
1765413755.564939,2,15,2
1765413755.564939,3,3,2
1765413755.564939,4,5,7
1765413755.606965,1,9,11
1765413755.606965,2,15,2
1765413755.606965,3,3,2
1765413755.606965,4,5,7
1765413755.649264,1,9,11
1765413755.649264,2,15,2
1765413755.649264,3,3,2
1765413755.649264,4,5,7
1765413755.691352,1,9,11
1765413755.691352,2,15,2
1765413755.691352,3,3,2
1765413755.691352,4,5,7
1765413755.733453,1,9,11
1765413755.733453,2,15,2
1765413755.733453,3,3,2
1765413755.733453,4,5,7
1765413755.775424,1,9,11
1765413755.775424,2,15,2
1765413755.775424,3,3,2
1765413755.775424,4,5,7
1765413755.817532,1,9,11
1765413755.817532,2,15,2
1765413755.817532,3,3,2
1765413755.817532,4,5,7
1765413755.859590,1,9,11
1765413755.859590,2,15,2
1765413755.859590,3,3,2
1765413755.859590,4,5,7
1765413755.901842,1,9,11
1765413755.901842,2,15,2
1765413755.901842,3,3,2
1765413755.901842,4,5,7
1765413755.944551,1,9,11
1765413755.944551,2,15,2
1765413755.944551,3,3,2
1765413755.944551,4,5,7
1765413755.985905,1,9,11
1765413755.985905,2,15,2
1765413755.985905,3,3,2
1765413755.985905,4,5,7
1765413756.028053,1,9,11
1765413756.028053,2,15,2
1765413756.028053,3,3,2
1765413756.028053,4,5,7
1765413756.070871,1,9,11
1765413756.070871,2,15,2
1765413756.070871,3,3,2
1765413756.070871,4,5,7
1765413756.105029,1,9,11
1765413756.105029,2,15,2
1765413756.105029,3,3,2
1765413756.105029,4,5,7
1765413756.147424,1,9,12
1765413756.147424,2,15,2
1765413756.147424,3,3,2
1765413756.147424,4,5,7
1765413756.189512,1,9,12
1765413756.189512,2,15,2
1765413756.189512,3,3,2
1765413756.189512,4,5,7
1765413756.232235,1,9,12
1765413756.232235,2,15,2
1765413756.232235,3,3,2
1765413756.232235,4,5,7
1765413756.275463,1,9,12
1765413756.275463,2,15,2
1765413756.275463,3,3,2
1765413756.275463,4,5,7
1765413756.317851,1,9,12
1765413756.317851,2,15,3
1765413756.317851,3,3,2
1765413756.317851,4,5,7
1765413756.359616,1,9,12
1765413756.359616,2,15,3
1765413756.359616,3,3,2
1765413756.359616,4,5,7
1765413756.401761,1,9,12
1765413756.401761,2,15,3
1765413756.401761,3,3,2
1765413756.401761,4,5,7
1765413756.444576,1,9,12
1765413756.444576,2,15,3
1765413756.444576,3,3,2
1765413756.444576,4,5,7
1765413756.486473,1,9,12
1765413756.486473,2,15,3
1765413756.486473,3,3,2
1765413756.486473,4,5,7
1765413756.528428,1,9,12
1765413756.528428,2,15,3
1765413756.528428,3,3,2
1765413756.528428,4,5,7
1765413756.570267,1,9,12
1765413756.570267,2,15,3
1765413756.570267,3,3,2
1765413756.570267,4,5,7
1765413756.612472,1,9,12
1765413756.612472,2,15,3
1765413756.612472,3,3,2
1765413756.612472,4,5,7
1765413756.654015,1,9,12
1765413756.654015,2,15,3
1765413756.654015,3,3,3
1765413756.654015,4,5,7
1765413756.697042,1,9,12
1765413756.697042,2,15,3
1765413756.697042,3,3,3
1765413756.697042,4,5,7
1765413756.739317,1,9,12
1765413756.739317,2,15,3
1765413756.739317,3,3,3
1765413756.739317,4,5,7
1765413756.780978,1,9,12
1765413756.780978,2,15,3
1765413756.780978,3,3,3
1765413756.780978,4,5,7
1765413756.823037,1,9,12
1765413756.823037,2,15,3
1765413756.823037,3,3,3
1765413756.823037,4,5,7
1765413756.866349,1,9,12
1765413756.866349,2,15,3
1765413756.866349,3,3,3
1765413756.866349,4,5,7
1765413756.908886,1,9,12
1765413756.908886,2,15,3
1765413756.908886,3,3,3
1765413756.908886,4,5,7
1765413756.950841,1,9,12
1765413756.950841,2,15,3
1765413756.950841,3,3,3
1765413756.950841,4,5,8
1765413756.994154,1,9,12
1765413756.994154,2,15,3
1765413756.994154,3,3,3
1765413756.994154,4,5,8
1765413757.035599,1,9,12
1765413757.035599,2,15,3
1765413757.035599,3,3,3
1765413757.035599,4,5,8
1765413757.077789,1,9,12
1765413757.077789,2,15,3
1765413757.077789,3,3,3
1765413757.077789,4,5,8
1765413757.119695,1,9,12
1765413757.119695,2,15,3
1765413757.119695,3,3,3
1765413757.119695,4,5,8
1765413757.161592,1,9,12
1765413757.161592,2,15,3
1765413757.161592,3,3,3
1765413757.161592,4,5,8
1765413757.204333,1,9,12
1765413757.204333,2,15,3
1765413757.204333,3,3,3
1765413757.204333,4,5,8
1765413757.246659,1,9,12
1765413757.246659,2,15,3
1765413757.246659,3,3,3
1765413757.246659,4,5,8
1765413757.288772,1,9,12
1765413757.288772,2,15,3
1765413757.288772,3,3,3
1765413757.288772,4,5,8
1765413757.330485,1,9,12
1765413757.330485,2,15,3
1765413757.330485,3,3,3
1765413757.330485,4,5,8
1765413757.372655,1,9,12
1765413757.372655,2,15,3
1765413757.372655,3,3,3
1765413757.372655,4,5,8
1765413757.414799,1,8,12
1765413757.414799,2,15,3
1765413757.414799,3,3,3
1765413757.414799,4,5,8
1765413757.456943,1,8,12
1765413757.456943,2,15,3
1765413757.456943,3,3,3
1765413757.456943,4,5,8
1765413757.498784,1,8,12
1765413757.498784,2,15,3
1765413757.498784,3,3,3
1765413757.498784,4,5,8
1765413757.540586,1,8,12
1765413757.540586,2,15,3
1765413757.540586,3,3,3
1765413757.540586,4,5,8
1765413757.582501,1,8,12
1765413757.582501,2,14,3
1765413757.582501,3,3,3
1765413757.582501,4,5,8
1765413757.624696,1,8,12
1765413757.624696,2,14,3
1765413757.624696,3,3,3
1765413757.624696,4,5,8
1765413757.667613,1,8,12
1765413757.667613,2,14,3
1765413757.667613,3,3,3
1765413757.667613,4,5,8
1765413757.709797,1,8,12
1765413757.709797,2,14,3
1765413757.709797,3,3,3
1765413757.709797,4,5,8
1765413757.751538,1,8,12
1765413757.751538,2,14,3
1765413757.751538,3,3,3
1765413757.751538,4,5,8
1765413757.793967,1,8,12
1765413757.793967,2,14,3
1765413757.793967,3,3,3
1765413757.793967,4,5,8
1765413757.836269,1,8,12
1765413757.836269,2,14,3
1765413757.836269,3,3,3
1765413757.836269,4,5,8
1765413757.879186,1,8,12
1765413757.879186,2,14,3
1765413757.879186,3,3,3
1765413757.879186,4,5,8
1765413757.921130,1,8,12
1765413757.921130,2,14,3
1765413757.921130,3,3,3
1765413757.921130,4,5,8
1765413757.963106,1,8,12
1765413757.963106,2,14,3
1765413757.963106,3,2,3
1765413757.963106,4,5,8
1765413758.005144,1,8,12
1765413758.005144,2,14,3
1765413758.005144,3,2,3
1765413758.005144,4,5,8
1765413758.047534,1,8,12
1765413758.047534,2,14,3
1765413758.047534,3,2,3
1765413758.047534,4,5,8
1765413758.090189,1,8,12
1765413758.090189,2,14,3
1765413758.090189,3,2,3
1765413758.090189,4,5,8
1765413758.132548,1,8,12
1765413758.132548,2,14,3
1765413758.132548,3,2,3
1765413758.132548,4,5,8
1765413758.174754,1,8,12
1765413758.174754,2,14,3
1765413758.174754,3,2,3
1765413758.174754,4,5,8
1765413758.217075,1,8,13
1765413758.217075,2,14,3
1765413758.217075,3,2,3
1765413758.217075,4,5,8
1765413758.258852,1,8,13
1765413758.258852,2,14,3
1765413758.258852,3,2,3
1765413758.258852,4,4,8
1765413758.301069,1,8,13
1765413758.301069,2,14,3
1765413758.301069,3,2,3
1765413758.301069,4,4,8
1765413758.342664,1,8,13
1765413758.342664,2,14,3
1765413758.342664,3,2,3
1765413758.342664,4,4,8
1765413758.387763,1,8,13
1765413758.387763,2,14,4
1765413758.387763,3,2,3
1765413758.387763,4,4,8
1765413758.430539,1,8,13
1765413758.430539,2,14,4
1765413758.430539,3,2,3
1765413758.430539,4,4,8
1765413758.473228,1,8,13
1765413758.473228,2,14,4
1765413758.473228,3,2,3
1765413758.473228,4,4,8
1765413758.516077,1,8,13
1765413758.516077,2,14,4
1765413758.516077,3,2,3
1765413758.516077,4,4,8
1765413758.558109,1,8,13
1765413758.558109,2,14,4
1765413758.558109,3,2,3
1765413758.558109,4,4,8
1765413758.599980,1,8,13
1765413758.599980,2,14,4
1765413758.599980,3,2,3
1765413758.599980,4,4,8
1765413758.641999,1,8,13
1765413758.641999,2,14,4
1765413758.641999,3,2,3
1765413758.641999,4,4,8
1765413758.684172,1,8,14
1765413758.684172,2,14,4
1765413758.684172,3,2,3
1765413758.684172,4,4,8
1765413758.726351,1,8,14
1765413758.726351,2,14,4
1765413758.726351,3,2,3
1765413758.726351,4,4,8
1765413758.768974,1,8,14
1765413758.768974,2,14,4
1765413758.768974,3,2,4
1765413758.768974,4,4,8
1765413758.811203,1,8,14
1765413758.811203,2,14,5
1765413758.811203,3,2,4
1765413758.811203,4,4,8
1765413758.853721,1,8,14
1765413758.853721,2,14,5
1765413758.853721,3,2,4
1765413758.853721,4,4,8
1765413758.895837,1,8,14
1765413758.895837,2,14,5
1765413758.895837,3,2,4
1765413758.895837,4,4,8
1765413758.938715,1,8,14
1765413758.938715,2,14,5
1765413758.938715,3,2,4
1765413758.938715,4,4,8
1765413758.981020,1,8,14
1765413758.981020,2,14,5
1765413758.981020,3,2,4
1765413758.981020,4,4,8
1765413759.023564,1,8,14
1765413759.023564,2,14,5
1765413759.023564,3,2,4
1765413759.023564,4,4,9
1765413759.066104,1,7,14
1765413759.066104,2,14,5
1765413759.066104,3,2,4
1765413759.066104,4,4,9
1765413759.108350,1,7,14
1765413759.108350,2,14,5
1765413759.108350,3,2,4
1765413759.108350,4,4,9
1765413759.150545,1,7,14
1765413759.150545,2,14,5
1765413759.150545,3,2,4
1765413759.150545,4,4,9
1765413759.192098,1,7,14
1765413759.192098,2,13,5
1765413759.192098,3,2,5
1765413759.192098,4,4,9
1765413759.234828,1,7,14
1765413759.234828,2,13,5
1765413759.234828,3,2,5
1765413759.234828,4,4,9
1765413759.277201,1,7,14
1765413759.277201,2,13,5
1765413759.277201,3,2,5
1765413759.277201,4,4,9
1765413759.319712,1,7,14
1765413759.319712,2,13,5
1765413759.319712,3,2,5
1765413759.319712,4,4,9
1765413759.361160,1,7,14
1765413759.361160,2,13,5
1765413759.361160,3,2,5
1765413759.361160,4,4,9
1765413759.402853,1,7,14
1765413759.402853,2,13,5
1765413759.402853,3,2,5
1765413759.402853,4,4,9
1765413759.444991,1,7,14
1765413759.444991,2,13,5
1765413759.444991,3,2,5
1765413759.444991,4,4,9
1765413759.486998,1,7,14
1765413759.486998,2,13,5
1765413759.486998,3,2,5
1765413759.486998,4,4,10
1765413759.529233,1,7,14
1765413759.529233,2,13,5
1765413759.529233,3,2,5
1765413759.529233,4,4,10
1765413759.572264,1,7,14
1765413759.572264,2,13,5
1765413759.572264,3,1,5
1765413759.572264,4,4,10
1765413759.614295,1,7,14
1765413759.614295,2,13,5
1765413759.614295,3,1,5
1765413759.614295,4,4,10
