timestamp,client_id,snapshot_id,seq_num,server_timestamp_ms,recv_time_ms,latency_ms,jitter_ms,perceived_position_error,cpu_percent,bandwidth_per_client_kbps
1765627980.452435,2,221,1,1765627980255,1765627980452,197,0.00,0.0000,0.0,0.00
1765627980.453722,2,222,2,1765627980277,1765627980453,176,0.00,0.0000,0.0,0.00
1765627980.453722,2,223,3,1765627980298,1765627980453,155,0.50,0.0000,0.0,0.00
1765627980.453722,2,224,4,1765627980319,1765627980453,134,0.44,0.0000,0.0,0.00
1765627980.453722,2,225,5,1765627980340,1765627980453,113,0.38,0.0000,0.0,0.00
1765627980.454724,2,226,6,1765627980361,1765627980453,92,0.32,0.0000,0.0,0.00
1765627980.454724,2,227,7,1765627980382,1765627980454,72,0.44,0.0000,0.0,0.00
1765627980.454724,2,228,8,1765627980403,1765627980454,51,0.41,0.0000,0.0,0.00
1765627980.454724,2,229,9,1765627980424,1765627980454,30,0.38,0.0000,0.0,0.00
1765627980.454724,2,230,10,1765627980446,1765627980454,8,0.35,0.0000,0.0,0.00
1765627980.530922,2,231,11,1765627980467,1765627980530,63,13.64,0.0000,0.0,0.00
1765627980.531979,2,232,12,1765627980488,1765627980530,42,12.53,0.0000,0.0,0.00
1765627980.531979,2,233,13,1765627980509,1765627980531,22,11.57,0.0000,0.0,0.00
1765627980.531979,2,234,14,1765627980530,1765627980531,1,10.76,0.0000,0.0,0.00
1765627980.552294,2,235,16,1765627980552,1765627980552,0,11.82,0.0000,0.0,0.00
1765627980.576318,2,236,17,1765627980573,1765627980575,2,12.72,0.0000,0.0,0.00
1765627980.595087,2,237,18,1765627980595,1765627980595,0,13.03,0.0000,0.0,0.00
1765627980.616657,2,238,19,1765627980616,1765627980616,0,13.27,0.0000,0.0,0.00
1765627980.639691,2,239,20,1765627980637,1765627980639,2,13.52,0.0000,0.0,0.00
1765627980.660255,2,240,21,1765627980658,1765627980660,2,13.51,0.0000,0.0,0.00
1765627980.671798,2,241,22,1765627980670,1765627980671,1,12.84,0.0000,0.0,0.00
1765627980.692673,2,242,23,1765627980692,1765627980692,0,12.82,0.0000,0.0,0.00
1765627980.714090,2,243,25,1765627980714,1765627980714,0,12.80,0.0000,0.0,0.00
1765627980.734944,2,244,26,1765627980734,1765627980734,0,12.64,0.0000,0.0,0.00
1765627980.756829,2,245,27,1765627980755,1765627980756,1,12.56,0.0000,0.0,0.00
1765627980.777952,2,246,28,1765627980777,1765627980777,0,12.40,0.0000,0.0,0.00
1765627980.798503,2,247,29,1765627980798,1765627980798,0,12.23,0.0000,0.0,0.00
1765627980.819690,2,248,30,1765627980819,1765627980819,0,12.05,0.0000,0.0,0.00
1765627980.841826,2,249,31,1765627980840,1765627980841,1,11.90,0.0000,0.0,0.00
1765627980.862361,2,250,32,1765627980862,1765627980862,0,11.71,0.0000,0.0,0.00
1765627980.875586,2,251,33,1765627980874,1765627980875,1,11.36,0.0000,0.0,0.00
1765627980.895235,2,252,34,1765627980895,1765627980895,0,11.17,0.0000,0.0,0.00
1765627980.916534,2,253,35,1765627980916,1765627980916,0,11.00,0.0000,0.0,0.00
1765627980.931371,2,254,36,1765627980928,1765627980931,3,10.68,0.0000,0.0,0.00
1765627980.949460,2,255,37,1765627980949,1765627980949,0,10.45,0.0000,0.0,0.00
1765627980.973199,2,256,38,1765627980970,1765627980973,3,10.37,0.0000,0.0,0.00
1765627980.992024,2,257,39,1765627980992,1765627980992,0,10.17,0.0000,0.0,0.00
1765627981.013522,2,258,40,1765627981013,1765627981013,0,10.02,0.0000,0.0,0.00
1765627981.035627,2,259,41,1765627981035,1765627981035,0,9.90,0.0000,0.0,0.00
1765627981.056342,2,260,42,1765627981056,1765627981056,0,9.76,0.0000,0.0,0.00
1765627981.077440,2,261,43,1765627981077,1765627981077,0,9.62,0.0000,0.0,0.00
1765627981.099962,2,262,44,1765627981098,1765627981098,0,9.48,0.0000,0.0,0.00
1765627981.110725,2,263,45,1765627981110,1765627981110,0,9.37,0.0000,0.0,0.00
1765627981.131982,2,264,46,1765627981131,1765627981131,0,9.24,0.0000,0.0,0.00
1765627981.153531,2,265,47,1765627981153,1765627981153,0,9.13,0.0000,0.0,0.00
1765627981.174811,2,266,48,1765627981174,1765627981174,0,9.01,0.0000,0.0,0.00
1765627981.186444,2,267,49,1765627981185,1765627981185,0,8.95,0.0000,0.0,0.00
1765627981.208084,2,268,50,1765627981207,1765627981208,1,8.87,0.0000,0.0,0.00
1765627981.228408,2,269,51,1765627981228,1765627981228,0,8.74,0.0000,0.0,0.00
1765627981.249424,2,270,52,1765627981249,1765627981249,0,8.63,0.0000,0.0,0.00
1765627981.270567,2,271,53,1765627981270,1765627981270,0,8.52,0.0000,0.0,0.00
1765627981.293156,2,272,54,1765627981292,1765627981292,0,8.43,0.0000,0.0,0.00
1765627981.313737,2,273,55,1765627981313,1765627981313,0,8.33,0.0000,0.0,0.00
1765627981.335891,2,274,56,1765627981335,1765627981335,0,8.23,0.0000,0.0,0.00
1765627981.360003,2,275,57,1765627981356,1765627981360,4,8.18,0.0000,0.0,0.00
1765627981.379047,2,276,58,1765627981379,1765627981379,0,8.06,0.0000,0.0,0.00
1765627981.399783,2,277,59,1765627981399,1765627981399,0,7.95,0.0000,0.0,0.00
1765627981.421335,2,278,60,1765627981421,1765627981421,0,7.86,0.0000,0.0,0.00
1765627981.442512,2,279,61,1765627981442,1765627981442,0,7.76,0.0000,0.0,0.00
1765627981.453647,2,280,62,1765627981453,1765627981453,0,7.78,0.0000,0.0,0.00
1765627981.475909,2,281,63,1765627981475,1765627981475,0,7.70,0.0000,0.0,0.00
1765627981.486431,2,282,64,1765627981486,1765627981486,0,7.46,0.0000,0.0,0.00
1765627981.507290,2,283,65,1765627981507,1765627981507,0,7.09,0.0000,0.0,0.00
1765627981.518910,2,284,66,1765627981518,1765627981518,0,6.83,0.0000,0.0,0.00
1765627981.543215,2,285,67,1765627981540,1765627981543,3,6.46,0.0000,0.0,0.00
1765627981.551035,2,286,68,1765627981551,1765627981551,0,6.27,0.0000,0.0,0.00
1765627981.562352,2,287,69,1765627981562,1765627981562,0,6.03,0.0000,0.0,0.00
1765627981.583428,2,288,70,1765627981583,1765627981583,0,5.60,0.0000,0.0,0.00
1765627981.606033,2,289,71,1765627981604,1765627981606,2,5.18,0.0000,0.0,0.00
1765627981.625730,2,290,72,1765627981625,1765627981625,0,4.73,0.0000,0.0,0.00
1765627981.647527,2,291,73,1765627981647,1765627981647,0,4.25,0.0000,0.0,0.00
1765627981.669033,2,292,74,1765627981668,1765627981668,0,3.79,0.0000,0.0,0.00
1765627981.690131,2,293,75,1765627981689,1765627981689,0,3.35,0.0000,0.0,0.00
1765627981.712034,2,294,77,1765627981712,1765627981712,0,2.89,0.0000,0.0,0.00
1765627981.722816,2,295,78,1765627981722,1765627981722,0,3.12,0.0000,0.0,0.00
1765627981.734017,2,296,79,1765627981734,1765627981734,0,3.27,0.0000,0.0,0.00
1765627981.756739,2,297,80,1765627981755,1765627981755,0,3.28,0.0000,0.0,0.00
1765627981.778045,2,298,82,1765627981776,1765627981776,0,3.28,0.0000,0.0,0.00
1765627981.790219,2,299,83,1765627981788,1765627981790,2,3.37,0.0000,0.0,0.00
1765627981.809699,2,300,84,1765627981809,1765627981809,0,3.36,0.0000,0.0,0.00
1765627981.831127,2,301,85,1765627981831,1765627981831,0,3.19,0.0000,0.0,0.00
1765627981.852398,2,302,86,1765627981852,1765627981852,0,3.19,0.0000,0.0,0.00
1765627981.873719,2,303,87,1765627981873,1765627981873,0,3.18,0.0000,0.0,0.00
1765627981.894927,2,304,88,1765627981894,1765627981894,0,3.19,0.0000,0.0,0.00
1765627981.916280,2,305,89,1765627981916,1765627981916,0,3.19,0.0000,0.0,0.00
1765627981.937478,2,306,90,1765627981937,1765627981937,0,3.19,0.0000,0.0,0.00
1765627981.958775,2,307,91,1765627981958,1765627981958,0,3.19,0.0000,0.0,0.00
1765627981.969957,2,308,92,1765627981969,1765627981969,0,3.37,0.0000,0.0,0.00
1765627981.993049,2,309,93,1765627981991,1765627981993,2,3.39,0.0000,0.0,0.00
1765627982.014529,2,310,94,1765627982013,1765627982013,0,3.38,0.0000,0.0,0.00
1765627982.035162,2,311,95,1765627982035,1765627982035,0,3.26,0.0000,0.0,0.00
1765627982.057443,2,312,96,1765627982056,1765627982057,1,3.27,0.0000,0.0,0.00
1765627982.077582,2,313,97,1765627982077,1765627982077,0,3.26,0.0000,0.0,0.00
1765627982.098829,2,314,98,1765627982098,1765627982098,0,3.17,0.0000,0.0,0.00
1765627982.122671,2,315,99,1765627982119,1765627982122,3,3.17,0.0000,0.0,0.00
1765627982.131858,2,316,100,1765627982131,1765627982131,0,3.39,0.0000,0.0,0.00
1765627982.143105,2,317,101,1765627982142,1765627982143,1,3.56,0.0000,0.0,0.00
1765627982.163729,2,318,102,1765627982163,1765627982163,0,3.56,0.0000,0.0,0.00
1765627982.185590,2,319,103,1765627982185,1765627982185,0,3.56,0.0000,0.0,0.00
1765627982.206867,2,320,104,1765627982206,1765627982206,0,3.56,0.0000,0.0,0.00
1765627982.227912,2,321,105,1765627982227,1765627982227,0,3.56,0.0000,0.0,0.00
1765627982.249809,2,322,106,1765627982249,1765627982249,0,3.56,0.0000,0.0,0.00
1765627982.260422,2,323,107,1765627982260,1765627982260,0,3.59,0.0000,0.0,0.00
1765627982.281657,2,324,108,1765627982281,1765627982281,0,3.59,0.0000,0.0,0.00
1765627982.292935,2,325,109,1765627982292,1765627982292,0,3.76,0.0000,0.0,0.00
1765627982.314003,2,326,110,1765627982314,1765627982314,0,3.77,0.0000,0.0,0.00
1765627982.341603,2,327,111,1765627982335,1765627982340,5,3.63,0.0000,0.0,0.00
1765627982.357681,2,328,112,1765627982356,1765627982357,1,3.65,0.0000,0.0,0.00
1765627982.378054,2,329,113,1765627982378,1765627982378,0,3.66,0.0000,0.0,0.00
1765627982.400325,2,330,114,1765627982399,1765627982400,1,3.67,0.0000,0.0,0.00
1765627982.421388,2,331,115,1765627982421,1765627982421,0,3.67,0.0000,0.0,0.00
1765627982.442656,2,332,116,1765627982442,1765627982442,0,3.66,0.0000,0.0,0.00
1765627982.463646,2,333,117,1765627982463,1765627982463,0,3.66,0.0000,0.0,0.00
1765627982.486618,2,334,118,1765627982484,1765627982486,2,3.67,0.0000,0.0,0.00
1765627982.506050,2,335,119,1765627982506,1765627982506,0,3.62,0.0000,0.0,0.00
1765627982.527380,2,336,120,1765627982527,1765627982527,0,3.64,0.0000,0.0,0.00
1765627982.548677,2,337,121,1765627982548,1765627982548,0,3.65,0.0000,0.0,0.00
1765627982.559847,2,338,123,1765627982559,1765627982559,0,3.82,0.0000,0.0,0.00
1765627982.571227,2,339,124,1765627982571,1765627982571,0,3.97,0.0000,0.0,0.00
1765627982.582359,2,340,125,1765627982582,1765627982582,0,3.97,0.0000,0.0,0.00
1765627982.593990,2,341,126,1765627982593,1765627982593,0,4.13,0.0000,0.0,0.00
1765627982.614960,2,342,127,1765627982614,1765627982614,0,3.96,0.0000,0.0,0.00
1765627982.637669,2,343,128,1765627982636,1765627982637,1,3.98,0.0000,0.0,0.00
1765627982.648289,2,344,129,1765627982648,1765627982648,0,3.98,0.0000,0.0,0.00
1765627982.659136,2,345,130,1765627982659,1765627982659,0,4.11,0.0000,0.0,0.00
1765627982.695474,2,346,131,1765627982692,1765627982695,3,4.01,0.0000,0.0,0.00
1765627982.714042,2,347,132,1765627982714,1765627982714,0,3.82,0.0000,0.0,0.00
1765627982.730410,2,348,133,1765627982729,1765627982730,1,3.87,0.0000,0.0,0.00
1765627982.783487,2,349,134,1765627982777,1765627982783,6,4.19,0.0000,0.0,0.00
1765627982.799517,2,350,135,1765627982791,1765627982799,8,4.26,0.0000,0.0,0.00
1765627982.805959,2,351,136,1765627982803,1765627982805,2,4.53,0.0000,0.0,0.00
1765627982.818120,2,352,137,1765627982816,1765627982818,2,4.65,0.0000,0.0,0.00
1765627982.837038,2,353,138,1765627982828,1765627982836,8,4.65,0.0000,0.0,0.00
1765627982.851482,2,354,139,1765627982845,1765627982851,6,4.69,0.0000,0.0,0.00
1765627982.857618,2,355,140,1765627982857,1765627982857,0,4.78,0.0000,0.0,0.00
1765627982.883995,2,356,141,1765627982878,1765627982883,5,4.71,0.0000,0.0,0.00
1765627982.901131,2,357,142,1765627982900,1765627982900,0,4.73,0.0000,0.0,0.00
1765627982.938568,2,358,143,1765627982924,1765627982938,14,4.95,0.0000,0.0,0.00
1765627982.958702,2,359,144,1765627982956,1765627982958,2,4.84,0.0000,0.0,0.00
1765627982.966915,2,360,145,1765627982966,1765627982966,0,5.07,0.0000,0.0,0.00
1765627982.978607,2,361,146,1765627982978,1765627982978,0,5.19,0.0000,0.0,0.00
1765627982.999502,2,362,147,1765627982999,1765627982999,0,5.19,0.0000,0.0,0.00
1765627983.033226,2,363,148,1765627983032,1765627983033,1,5.36,0.0000,0.0,0.00
1765627983.043960,2,364,150,1765627983043,1765627983043,0,5.52,0.0000,0.0,0.00
1765627983.070163,2,365,151,1765627983065,1765627983069,4,5.57,0.0000,0.0,0.00
1765627983.086436,2,366,152,1765627983086,1765627983086,0,5.59,0.0000,0.0,0.00
1765627983.107816,2,367,153,1765627983107,1765627983107,0,5.59,0.0000,0.0,0.00
1765627983.129421,2,368,154,1765627983129,1765627983129,0,5.47,0.0000,0.0,0.00
1765627983.155397,2,369,155,1765627983150,1765627983154,4,5.48,0.0000,0.0,0.00
1765627983.161569,2,370,156,1765627983161,1765627983161,0,5.71,0.0000,0.0,0.00
1765627983.173960,2,371,157,1765627983172,1765627983172,0,5.83,0.0000,0.0,0.00
1765627983.185242,2,372,158,1765627983184,1765627983185,1,5.89,0.0000,0.0,0.00
1765627983.205481,2,373,159,1765627983205,1765627983205,0,5.89,0.0000,0.0,0.00
1765627983.226355,2,374,160,1765627983226,1765627983226,0,5.89,0.0000,0.0,0.00
1765627983.237504,2,375,161,1765627983237,1765627983237,0,5.96,0.0000,0.0,0.00
1765627983.258564,2,376,162,1765627983258,1765627983258,0,5.81,0.0000,0.0,0.00
1765627983.284221,2,377,163,1765627983280,1765627983283,3,5.77,0.0000,0.0,0.00
1765627983.301401,2,378,164,1765627983301,1765627983301,0,5.77,0.0000,0.0,0.00
1765627983.323515,2,379,165,1765627983322,1765627983322,0,5.76,0.0000,0.0,0.00
1765627983.344267,2,380,166,1765627983344,1765627983344,0,5.77,0.0000,0.0,0.00
1765627983.367541,2,381,167,1765627983366,1765627983367,1,5.80,0.0000,0.0,0.00
1765627983.387777,2,382,168,1765627983387,1765627983387,0,5.77,0.0000,0.0,0.00
1765627983.409657,2,383,169,1765627983409,1765627983409,0,5.66,0.0000,0.0,0.00
1765627983.421386,2,384,170,1765627983421,1765627983421,0,5.77,0.0000,0.0,0.00
1765627983.442745,2,385,171,1765627983442,1765627983442,0,5.64,0.0000,0.0,0.00
1765627983.465950,2,386,172,1765627983463,1765627983465,2,5.66,0.0000,0.0,0.00
1765627983.475346,2,387,173,1765627983475,1765627983475,0,5.73,0.0000,0.0,0.00
1765627983.498256,2,388,174,1765627983497,1765627983497,0,5.73,0.0000,0.0,0.00
1765627983.517970,2,389,175,1765627983517,1765627983517,0,5.72,0.0000,0.0,0.00
1765627983.539242,2,390,176,1765627983539,1765627983539,0,5.72,0.0000,0.0,0.00
1765627983.563731,2,391,177,1765627983560,1765627983563,3,5.76,0.0000,0.0,0.00
1765627983.572629,2,392,179,1765627983571,1765627983571,0,5.94,0.0000,0.0,0.00
1765627983.582963,2,393,180,1765627983582,1765627983582,0,6.05,0.0000,0.0,0.00
1765627983.604505,2,394,181,1765627983604,1765627983604,0,6.04,0.0000,0.0,0.00
1765627983.625645,2,395,182,1765627983625,1765627983625,0,6.05,0.0000,0.0,0.00
1765627983.650245,2,396,183,1765627983646,1765627983650,4,6.11,0.0000,0.0,0.00
1765627983.668199,2,397,184,1765627983668,1765627983668,0,6.09,0.0000,0.0,0.00
1765627983.689131,2,398,185,1765627983689,1765627983689,0,5.98,0.0000,0.0,0.00
1765627983.710736,2,399,186,1765627983710,1765627983710,0,5.89,0.0000,0.0,0.00
1765627983.721975,2,400,187,1765627983721,1765627983721,0,5.89,0.0000,0.0,0.00
1765627983.743783,2,401,188,1765627983743,1765627983743,0,5.78,0.0000,0.0,0.00
1765627983.766503,2,402,189,1765627983765,1765627983766,1,5.81,0.0000,0.0,0.00
1765627983.786809,2,403,190,1765627983786,1765627983786,0,5.76,0.0000,0.0,0.00
1765627983.808394,2,404,191,1765627983808,1765627983808,0,5.64,0.0000,0.0,0.00
1765627983.832198,2,405,192,1765627983829,1765627983832,3,5.54,0.0000,0.0,0.00
1765627983.851798,2,406,193,1765627983851,1765627983851,0,5.32,0.0000,0.0,0.00
1765627983.872685,2,407,194,1765627983872,1765627983872,0,5.34,0.0000,0.0,0.00
1765627983.896540,2,408,195,1765627983894,1765627983896,2,5.33,0.0000,0.0,0.00
1765627983.915760,2,409,196,1765627983915,1765627983915,0,4.90,0.0000,0.0,0.00
1765627983.936976,2,410,197,1765627983936,1765627983936,0,4.87,0.0000,0.0,0.00
1765627983.959849,2,411,198,1765627983958,1765627983959,1,4.64,0.0000,0.0,0.00
1765627983.979535,2,412,199,1765627983979,1765627983979,0,4.51,0.0000,0.0,0.00
1765627984.001061,2,413,200,1765627984001,1765627984001,0,4.51,0.0000,0.0,0.00
1765627984.025556,2,414,201,1765627984022,1765627984025,3,4.46,0.0000,0.0,0.00
1765627984.043738,2,415,202,1765627984043,1765627984043,0,4.19,0.0000,0.0,0.00
1765627984.065065,2,416,203,1765627984065,1765627984065,0,4.14,0.0000,0.0,0.00
1765627984.086640,2,417,204,1765627984086,1765627984086,0,4.09,0.0000,0.0,0.00
1765627984.106832,2,418,205,1765627984106,1765627984106,0,3.91,0.0000,0.0,0.00
1765627984.128084,2,419,206,1765627984128,1765627984128,0,3.93,0.0000,0.0,0.00
1765627984.149301,2,420,207,1765627984149,1765627984149,0,3.67,0.0000,0.0,0.00
1765627984.174023,2,421,208,1765627984170,1765627984174,4,3.53,0.0000,0.0,0.00
1765627984.181803,2,422,209,1765627984181,1765627984181,0,3.83,0.0000,0.0,0.00
1765627984.206553,2,423,210,1765627984203,1765627984205,2,3.74,0.0000,0.0,0.00
1765627984.224701,2,424,211,1765627984224,1765627984224,0,3.52,0.0000,0.0,0.00
1765627984.246599,2,425,212,1765627984246,1765627984246,0,3.48,0.0000,0.0,0.00
1765627984.257300,2,426,213,1765627984257,1765627984257,0,3.63,0.0000,0.0,0.00
1765627984.278351,2,427,214,1765627984278,1765627984278,0,3.63,0.0000,0.0,0.00
1765627984.300493,2,428,216,1765627984300,1765627984300,0,3.63,0.0000,0.0,0.00
1765627984.310944,2,429,217,1765627984310,1765627984310,0,3.79,0.0000,0.0,0.00
1765627984.331893,2,430,218,1765627984331,1765627984331,0,3.52,0.0000,0.0,0.00
1765627984.353147,2,431,219,1765627984353,1765627984353,0,3.33,0.0000,0.0,0.00
1765627984.375144,2,432,220,1765627984375,1765627984375,0,3.18,0.0000,0.0,0.00
1765627984.385807,2,433,221,1765627984385,1765627984385,0,3.42,0.0000,0.0,0.00
1765627984.407173,2,434,222,1765627984407,1765627984407,0,3.43,0.0000,0.0,0.00
1765627984.430194,2,435,223,1765627984429,1765627984429,0,3.23,0.0000,0.0,0.00
1765627984.440221,2,436,224,1765627984440,1765627984440,0,3.44,0.0000,0.0,0.00
1765627984.451885,2,437,225,1765627984451,1765627984451,0,3.60,0.0000,0.0,0.00
1765627984.472787,2,438,226,1765627984472,1765627984472,0,3.58,0.0000,0.0,0.00
1765627984.493783,2,439,227,1765627984493,1765627984493,0,3.58,0.0000,0.0,0.00
1765627984.514968,2,440,228,1765627984514,1765627984514,0,3.57,0.0000,0.0,0.00
1765627984.526587,2,441,229,1765627984526,1765627984526,0,3.71,0.0000,0.0,0.00
1765627984.538709,2,442,230,1765627984537,1765627984538,1,3.88,0.0000,0.0,0.00
1765627984.548512,2,443,231,1765627984548,1765627984548,0,4.06,0.0000,0.0,0.00
1765627984.571095,2,444,233,1765627984570,1765627984571,1,3.93,0.0000,0.0,0.00
1765627984.591555,2,445,234,1765627984591,1765627984591,0,3.92,0.0000,0.0,0.00
1765627984.613364,2,446,236,1765627984613,1765627984613,0,3.91,0.0000,0.0,0.00
1765627984.634866,2,447,237,1765627984634,1765627984634,0,3.71,0.0000,0.0,0.00
1765627984.655700,2,448,238,1765627984655,1765627984655,0,3.70,0.0000,0.0,0.00
1765627984.677179,2,449,239,1765627984677,1765627984677,0,3.72,0.0000,0.0,0.00
1765627984.698862,2,450,240,1765627984698,1765627984698,0,3.71,0.0000,0.0,0.00
1765627984.721718,2,451,242,1765627984721,1765627984721,0,3.70,0.0000,0.0,0.00
1765627984.732983,2,452,243,1765627984732,1765627984732,0,3.63,0.0000,0.0,0.00
1765627984.745195,2,453,244,1765627984744,1765627984744,0,3.61,0.0000,0.0,0.00
1765627984.765507,2,454,245,1765627984765,1765627984765,0,3.60,0.0000,0.0,0.00
1765627984.790274,2,455,246,1765627984787,1765627984789,2,3.63,0.0000,0.0,0.00
1765627984.799520,2,456,247,1765627984798,1765627984798,0,3.81,0.0000,0.0,0.00
1765627984.821453,2,457,248,1765627984820,1765627984821,1,3.82,0.0000,0.0,0.00
1765627984.841739,2,458,249,1765627984841,1765627984841,0,3.81,0.0000,0.0,0.00
1765627984.863370,2,459,250,1765627984863,1765627984863,0,3.82,0.0000,0.0,0.00
1765627984.875137,2,460,251,1765627984875,1765627984875,0,3.80,0.0000,0.0,0.00
1765627984.886514,2,461,252,1765627984885,1765627984886,1,3.96,0.0000,0.0,0.00
1765627984.907967,2,462,253,1765627984907,1765627984907,0,3.94,0.0000,0.0,0.00
1765627984.920200,2,463,254,1765627984918,1765627984920,2,4.08,0.0000,0.0,0.00
1765627984.940025,2,464,255,1765627984940,1765627984940,0,4.06,0.0000,0.0,0.00
1765627984.961501,2,465,256,1765627984961,1765627984961,0,4.04,0.0000,0.0,0.00
1765627984.983271,2,466,257,1765627984983,1765627984983,0,4.06,0.0000,0.0,0.00
1765627985.005413,2,467,258,1765627985004,1765627985005,1,4.07,0.0000,0.0,0.00
1765627985.025693,2,468,259,1765627985025,1765627985025,0,4.04,0.0000,0.0,0.00
1765627985.047894,2,469,260,1765627985047,1765627985047,0,4.06,0.0000,0.0,0.00
1765627985.059134,2,470,261,1765627985058,1765627985058,0,4.23,0.0000,0.0,0.00
1765627985.079764,2,471,262,1765627985079,1765627985079,0,4.21,0.0000,0.0,0.00
1765627985.090973,2,472,263,1765627985090,1765627985090,0,4.38,0.0000,0.0,0.00
1765627985.112369,2,473,264,1765627985112,1765627985112,0,4.38,0.0000,0.0,0.00
1765627985.124047,2,474,265,1765627985124,1765627985124,0,4.47,0.0000,0.0,0.00
1765627985.144973,2,475,266,1765627985144,1765627985144,0,4.48,0.0000,0.0,0.00
1765627985.166150,2,476,267,1765627985166,1765627985166,0,4.48,0.0000,0.0,0.00
1765627985.187793,2,477,268,1765627985187,1765627985187,0,4.48,0.0000,0.0,0.00
1765627985.209687,2,478,269,1765627985209,1765627985209,0,4.50,0.0000,0.0,0.00
1765627985.230503,2,479,270,1765627985229,1765627985230,1,4.49,0.0000,0.0,0.00
1765627985.254545,2,480,271,1765627985251,1765627985254,3,4.52,0.0000,0.0,0.00
1765627985.262757,2,481,272,1765627985262,1765627985262,0,4.68,0.0000,0.0,0.00
1765627985.286402,2,482,273,1765627985284,1765627985286,2,4.48,0.0000,0.0,0.00
1765627985.305201,2,483,274,1765627985305,1765627985305,0,4.43,0.0000,0.0,0.00
1765627985.328857,2,484,275,1765627985328,1765627985328,0,4.47,0.0000,0.0,0.00
1765627985.339612,2,485,276,1765627985339,1765627985339,0,4.60,0.0000,0.0,0.00
1765627985.361734,2,486,277,1765627985361,1765627985361,0,4.47,0.0000,0.0,0.00
1765627985.382163,2,487,278,1765627985382,1765627985382,0,4.47,0.0000,0.0,0.00
1765627985.403884,2,488,279,1765627985403,1765627985403,0,4.46,0.0000,0.0,0.00
1765627985.425348,2,489,280,1765627985425,1765627985425,0,4.30,0.0000,0.0,0.00
1765627985.436575,2,490,281,1765627985436,1765627985436,0,4.45,0.0000,0.0,0.00
1765627985.457465,2,491,282,1765627985457,1765627985457,0,4.44,0.0000,0.0,0.00
1765627985.479242,2,492,283,1765627985479,1765627985479,0,4.44,0.0000,0.0,0.00
1765627985.501687,2,493,284,1765627985500,1765627985501,1,4.27,0.0000,0.0,0.00
1765627985.522021,2,494,285,1765627985522,1765627985522,0,4.26,0.0000,0.0,0.00
1765627985.544308,2,495,286,1765627985544,1765627985544,0,4.26,0.0000,0.0,0.00
1765627985.557095,2,496,287,1765627985556,1765627985556,0,4.24,0.0000,0.0,0.00
1765627985.569710,2,497,288,1765627985567,1765627985569,2,4.19,0.0000,0.0,0.00
1765627985.589025,2,498,289,1765627985589,1765627985589,0,4.18,0.0000,0.0,0.00
1765627985.610420,2,499,290,1765627985609,1765627985609,0,4.17,0.0000,0.0,0.00
1765627985.631275,2,500,291,1765627985630,1765627985631,1,4.18,0.0000,0.0,0.00
1765627985.652147,2,501,292,1765627985652,1765627985652,0,4.04,0.0000,0.0,0.00
1765627985.673549,2,502,294,1765627985673,1765627985673,0,3.89,0.0000,0.0,0.00
1765627985.694589,2,503,295,1765627985694,1765627985694,0,3.68,0.0000,0.0,0.00
1765627985.718945,2,504,296,1765627985715,1765627985717,2,3.68,0.0000,0.0,0.00
1765627985.737667,2,505,297,1765627985737,1765627985737,0,3.68,0.0000,0.0,0.00
1765627985.752794,2,506,298,1765627985749,1765627985752,3,3.76,0.0000,0.0,0.00
1765627985.760419,2,507,299,1765627985760,1765627985760,0,4.01,0.0000,0.0,0.00
1765627985.786541,2,508,300,1765627985781,1765627985786,5,4.05,0.0000,0.0,0.00
1765627985.804267,2,509,301,1765627985803,1765627985803,0,4.07,0.0000,0.0,0.00
1765627985.817458,2,510,302,1765627985814,1765627985816,2,4.18,0.0000,0.0,0.00
1765627985.826245,2,511,303,1765627985825,1765627985825,0,4.35,0.0000,0.0,0.00
1765627985.850351,2,512,304,1765627985847,1765627985850,3,4.25,0.0000,0.0,0.00
1765627985.868636,2,513,305,1765627985868,1765627985868,0,4.11,0.0000,0.0,0.00
1765627985.889684,2,514,306,1765627985889,1765627985889,0,4.11,0.0000,0.0,0.00
1765627985.911569,2,515,307,1765627985911,1765627985911,0,4.09,0.0000,0.0,0.00
1765627985.935213,2,516,308,1765627985933,1765627985934,1,3.90,0.0000,0.0,0.00
1765627985.953739,2,517,309,1765627985953,1765627985953,0,3.86,0.0000,0.0,0.00
1765627985.975598,2,518,310,1765627985975,1765627985975,0,3.88,0.0000,0.0,0.00
1765627985.999902,2,519,311,1765627985996,1765627985999,3,3.90,0.0000,0.0,0.00
1765627986.017854,2,520,312,1765627986017,1765627986017,0,3.75,0.0000,0.0,0.00
1765627986.039507,2,521,313,1765627986039,1765627986039,0,3.60,0.0000,0.0,0.00
1765627986.061446,2,522,314,1765627986060,1765627986061,1,3.61,0.0000,0.0,0.00
1765627986.087272,2,523,315,1765627986082,1765627986086,4,3.51,0.0000,0.0,0.00
1765627986.104650,2,524,316,1765627986104,1765627986104,0,3.54,0.0000,0.0,0.00
1765627986.125702,2,525,317,1765627986125,1765627986125,0,3.54,0.0000,0.0,0.00
1765627986.151482,2,526,318,1765627986147,1765627986149,2,3.56,0.0000,0.0,0.00
1765627986.168676,2,527,319,1765627986168,1765627986168,0,3.54,0.0000,0.0,0.00
1765627986.190717,2,528,320,1765627986190,1765627986190,0,3.56,0.0000,0.0,0.00
1765627986.211714,2,529,321,1765627986211,1765627986211,0,3.55,0.0000,0.0,0.00
1765627986.232945,2,530,322,1765627986232,1765627986232,0,3.37,0.0000,0.0,0.00
1765627986.253847,2,531,323,1765627986253,1765627986253,0,3.37,0.0000,0.0,0.00
1765627986.275225,2,532,324,1765627986275,1765627986275,0,3.19,0.0000,0.0,0.00
1765627986.287997,2,533,325,1765627986286,1765627986286,0,3.37,0.0000,0.0,0.00
1765627986.299128,2,534,326,1765627986297,1765627986299,2,3.35,0.0000,0.0,0.00
1765627986.308956,2,535,327,1765627986308,1765627986308,0,3.59,0.0000,0.0,0.00
1765627986.331968,2,536,328,1765627986330,1765627986331,1,3.60,0.0000,0.0,0.00
1765627986.352006,2,537,329,1765627986352,1765627986352,0,3.60,0.0000,0.0,0.00
1765627986.366961,2,538,330,1765627986363,1765627986366,3,3.69,0.0000,0.0,0.00
1765627986.384849,2,539,331,1765627986384,1765627986384,0,3.70,0.0000,0.0,0.00
1765627986.406410,2,540,332,1765627986405,1765627986406,1,3.67,0.0000,0.0,0.00
1765627986.430501,2,541,333,1765627986427,1765627986430,3,3.48,0.0000,0.0,0.00
1765627986.448363,2,542,334,1765627986448,1765627986448,0,3.46,0.0000,0.0,0.00
1765627986.469415,2,543,335,1765627986469,1765627986469,0,3.47,0.0000,0.0,0.00
1765627986.481140,2,544,336,1765627986480,1765627986481,1,3.59,0.0000,0.0,0.00
1765627986.501730,2,545,337,1765627986501,1765627986501,0,3.41,0.0000,0.0,0.00
1765627986.523104,2,546,338,1765627986523,1765627986523,0,3.41,0.0000,0.0,0.00
1765627986.546189,2,547,339,1765627986544,1765627986546,2,3.43,0.0000,0.0,0.00
1765627986.565448,2,548,340,1765627986565,1765627986565,0,3.42,0.0000,0.0,0.00
1765627986.588203,2,549,342,1765627986588,1765627986588,0,3.44,0.0000,0.0,0.00
1765627986.599839,2,550,343,1765627986599,1765627986599,0,3.44,0.0000,0.0,0.00
1765627986.616201,2,551,344,1765627986611,1765627986616,5,3.47,0.0000,0.0,0.00
1765627986.622741,2,552,345,1765627986622,1765627986622,0,3.70,0.0000,0.0,0.00
1765627986.633642,2,553,346,1765627986633,1765627986633,0,3.84,0.0000,0.0,0.00
1765627986.654967,2,554,347,1765627986654,1765627986654,0,3.84,0.0000,0.0,0.00
1765627986.666135,2,555,348,1765627986666,1765627986666,0,3.95,0.0000,0.0,0.00
1765627986.687432,2,556,349,1765627986687,1765627986687,0,3.83,0.0000,0.0,0.00
1765627986.711176,2,557,350,1765627986708,1765627986711,3,3.76,0.0000,0.0,0.00
1765627986.730308,2,558,351,1765627986729,1765627986730,1,3.75,0.0000,0.0,0.00
1765627986.751868,2,559,352,1765627986751,1765627986751,0,3.76,0.0000,0.0,0.00
1765627986.772383,2,560,353,1765627986772,1765627986772,0,3.75,0.0000,0.0,0.00
1765627986.784021,2,561,354,1765627986784,1765627986784,0,3.87,0.0000,0.0,0.00
1765627986.805056,2,562,355,1765627986805,1765627986805,0,3.87,0.0000,0.0,0.00
1765627986.828981,2,563,356,1765627986827,1765627986827,0,3.89,0.0000,0.0,0.00
1765627986.838620,2,564,357,1765627986838,1765627986838,0,4.00,0.0000,0.0,0.00
1765627986.861586,2,565,358,1765627986860,1765627986861,1,4.04,0.0000,0.0,0.00
1765627986.881521,2,566,359,1765627986881,1765627986881,0,3.97,0.0000,0.0,0.00
1765627986.902966,2,567,360,1765627986902,1765627986902,0,3.76,0.0000,0.0,0.00
1765627986.929244,2,568,361,1765627986924,1765627986928,4,3.76,0.0000,0.0,0.00
1765627986.936308,2,569,362,1765627986935,1765627986935,0,3.98,0.0000,0.0,0.00
1765627986.946477,2,570,363,1765627986946,1765627986946,0,4.02,0.0000,0.0,0.00
1765627986.968030,2,571,364,1765627986968,1765627986968,0,3.84,0.0000,0.0,0.00
1765627986.978884,2,572,365,1765627986978,1765627986978,0,3.97,0.0000,0.0,0.00
1765627986.999875,2,573,366,1765627986999,1765627986999,0,3.97,0.0000,0.0,0.00
1765627987.021596,2,574,367,1765627987021,1765627987021,0,3.98,0.0000,0.0,0.00
1765627987.046277,2,575,368,1765627987042,1765627987046,4,4.01,0.0000,0.0,0.00
1765627987.063511,2,576,369,1765627987063,1765627987063,0,4.01,0.0000,0.0,0.00
1765627987.084640,2,577,370,1765627987084,1765627987084,0,4.03,0.0000,0.0,0.00
1765627987.108407,2,578,371,1765627987105,1765627987108,3,4.06,0.0000,0.0,0.00
1765627987.127328,2,579,372,1765627987127,1765627987127,0,4.00,0.0000,0.0,0.00
1765627987.149485,2,580,373,1765627987148,1765627987148,0,4.00,0.0000,0.0,0.00
1765627987.161395,2,581,374,1765627987159,1765627987161,2,4.10,0.0000,0.0,0.00
1765627987.180956,2,582,375,1765627987180,1765627987180,0,4.07,0.0000,0.0,0.00
1765627987.202154,2,583,376,1765627987202,1765627987202,0,4.03,0.0000,0.0,0.00
1765627987.226870,2,584,377,1765627987223,1765627987226,3,4.08,0.0000,0.0,0.00
1765627987.245147,2,585,378,1765627987245,1765627987245,0,4.06,0.0000,0.0,0.00
1765627987.256377,2,586,379,1765627987256,1765627987256,0,4.17,0.0000,0.0,0.00
1765627987.267490,2,587,380,1765627987267,1765627987267,0,4.32,0.0000,0.0,0.00
1765627987.292453,2,588,381,1765627987289,1765627987292,3,4.36,0.0000,0.0,0.00
1765627987.310571,2,589,382,1765627987310,1765627987310,0,4.33,0.0000,0.0,0.00
1765627987.334150,2,590,383,1765627987333,1765627987333,0,4.36,0.0000,0.0,0.00
1765627987.346262,2,591,384,1765627987344,1765627987345,1,4.45,0.0000,0.0,0.00
1765627987.365507,2,592,385,1765627987365,1765627987365,0,4.43,0.0000,0.0,0.00
1765627987.386959,2,593,386,1765627987386,1765627987386,0,4.31,0.0000,0.0,0.00
1765627987.410155,2,594,387,1765627987408,1765627987410,2,4.26,0.0000,0.0,0.00
1765627987.430536,2,595,388,1765627987430,1765627987430,0,4.07,0.0000,0.0,0.00
1765627987.451983,2,596,389,1765627987451,1765627987451,0,4.04,0.0000,0.0,0.00
1765627987.475856,2,597,390,1765627987472,1765627987474,2,4.07,0.0000,0.0,0.00
1765627987.493672,2,598,391,1765627987493,1765627987493,0,3.96,0.0000,0.0,0.00
1765627987.514861,2,599,392,1765627987514,1765627987514,0,3.97,0.0000,0.0,0.00
1765627987.526292,2,600,393,1765627987526,1765627987526,0,4.09,0.0000,0.0,0.00
1765627987.549077,2,601,394,1765627987547,1765627987547,0,4.06,0.0000,0.0,0.00
1765627987.559308,2,602,395,1765627987559,1765627987559,0,4.19,0.0000,0.0,0.00
1765627987.581646,2,603,396,1765627987581,1765627987581,0,4.20,0.0000,0.0,0.00
1765627987.605827,2,604,397,1765627987602,1765627987605,3,4.11,0.0000,0.0,0.00
1765627987.623823,2,605,398,1765627987623,1765627987623,0,4.11,0.0000,0.0,0.00
1765627987.645110,2,606,399,1765627987645,1765627987645,0,4.11,0.0000,0.0,0.00
1765627987.666740,2,607,400,1765627987666,1765627987666,0,4.09,0.0000,0.0,0.00
1765627987.689882,2,608,401,1765627987688,1765627987689,1,4.13,0.0000,0.0,0.00
1765627987.699005,2,609,402,1765627987699,1765627987699,0,4.28,0.0000,0.0,0.00
1765627987.721949,2,610,403,1765627987720,1765627987721,1,4.14,0.0000,0.0,0.00
1765627987.743935,2,611,405,1765627987742,1765627987742,0,4.13,0.0000,0.0,0.00
1765627987.758831,2,612,406,1765627987755,1765627987758,3,3.89,0.0000,0.0,0.00
1765627987.766934,2,613,407,1765627987766,1765627987766,0,3.96,0.0000,0.0,0.00
1765627987.790051,2,614,408,1765627987787,1765627987790,3,3.99,0.0000,0.0,0.00
1765627987.809932,2,615,409,1765627987809,1765627987809,0,3.84,0.0000,0.0,0.00
1765627987.831404,2,616,410,1765627987830,1765627987830,0,3.84,0.0000,0.0,0.00
1765627987.852014,2,617,411,1765627987852,1765627987852,0,3.81,0.0000,0.0,0.00
1765627987.873587,2,618,412,1765627987873,1765627987873,0,3.84,0.0000,0.0,0.00
1765627987.894882,2,619,413,1765627987894,1765627987894,0,3.84,0.0000,0.0,0.00
1765627987.916228,2,620,414,1765627987916,1765627987916,0,3.85,0.0000,0.0,0.00
1765627987.938101,2,621,415,1765627987937,1765627987938,1,3.73,0.0000,0.0,0.00
1765627987.959937,2,622,416,1765627987958,1765627987958,0,3.72,0.0000,0.0,0.00
1765627987.981599,2,623,417,1765627987981,1765627987981,0,3.73,0.0000,0.0,0.00
1765627988.004888,2,624,418,1765627988001,1765627988004,3,3.59,0.0000,0.0,0.00
1765627988.022986,2,625,419,1765627988022,1765627988022,0,3.58,0.0000,0.0,0.00
1765627988.044167,2,626,420,1765627988044,1765627988044,0,3.60,0.0000,0.0,0.00
1765627988.065682,2,627,421,1765627988065,1765627988065,0,3.60,0.0000,0.0,0.00
1765627988.088939,2,628,422,1765627988086,1765627988088,2,3.57,0.0000,0.0,0.00
1765627988.108612,2,629,423,1765627988108,1765627988108,0,3.30,0.0000,0.0,0.00
1765627988.129850,2,630,424,1765627988129,1765627988129,0,3.12,0.0000,0.0,0.00
1765627988.154204,2,631,425,1765627988151,1765627988154,3,3.15,0.0000,0.0,0.00
1765627988.172985,2,632,426,1765627988172,1765627988172,0,2.97,0.0000,0.0,0.00
1765627988.194026,2,633,427,1765627988194,1765627988194,0,2.98,0.0000,0.0,0.00
1765627988.215434,2,634,428,1765627988215,1765627988215,0,2.97,0.0000,0.0,0.00
1765627988.227137,2,635,429,1765627988227,1765627988227,0,3.09,0.0000,0.0,0.00
1765627988.248626,2,636,430,1765627988248,1765627988248,0,3.04,0.0000,0.0,0.00
1765627988.269652,2,637,431,1765627988269,1765627988269,0,3.04,0.0000,0.0,0.00
1765627988.291574,2,638,432,1765627988291,1765627988291,0,3.02,0.0000,0.0,0.00
1765627988.312096,2,639,433,1765627988312,1765627988312,0,3.02,0.0000,0.0,0.00
1765627988.337999,2,640,435,1765627988334,1765627988337,3,3.06,0.0000,0.0,0.00
1765627988.355012,2,641,436,1765627988355,1765627988355,0,2.94,0.0000,0.0,0.00
1765627988.375778,2,642,437,1765627988375,1765627988375,0,2.92,0.0000,0.0,0.00
1765627988.396932,2,643,438,1765627988396,1765627988396,0,2.91,0.0000,0.0,0.00
1765627988.421160,2,644,439,1765627988418,1765627988421,3,2.92,0.0000,0.0,0.00
1765627988.429294,2,645,440,1765627988429,1765627988429,0,3.18,0.0000,0.0,0.00
1765627988.441155,2,646,441,1765627988441,1765627988441,0,3.16,0.0000,0.0,0.00
1765627988.461989,2,647,442,1765627988461,1765627988461,0,2.95,0.0000,0.0,0.00
1765627988.483232,2,648,443,1765627988483,1765627988483,0,2.92,0.0000,0.0,0.00
1765627988.508104,2,649,444,1765627988504,1765627988508,4,2.92,0.0000,0.0,0.00
1765627988.526496,2,650,445,1765627988526,1765627988526,0,2.94,0.0000,0.0,0.00
1765627988.540297,2,651,446,1765627988537,1765627988539,2,2.91,0.0000,0.0,0.00
1765627988.550029,2,652,447,1765627988550,1765627988550,0,3.12,0.0000,0.0,0.00
1765627988.571254,2,653,448,1765627988570,1765627988570,0,3.12,0.0000,0.0,0.00
1765627988.591664,2,654,450,1765627988591,1765627988591,0,3.09,0.0000,0.0,0.00
1765627988.612975,2,655,451,1765627988612,1765627988612,0,3.10,0.0000,0.0,0.00
1765627988.636372,2,656,452,1765627988634,1765627988636,2,3.12,0.0000,0.0,0.00
1765627988.655299,2,657,453,1765627988655,1765627988655,0,3.11,0.0000,0.0,0.00
1765627988.676363,2,658,454,1765627988676,1765627988676,0,3.11,0.0000,0.0,0.00
1765627988.698237,2,659,455,1765627988698,1765627988698,0,3.12,0.0000,0.0,0.00
1765627988.709928,2,660,456,1765627988709,1765627988709,0,3.14,0.0000,0.0,0.00
1765627988.724502,2,661,457,1765627988721,1765627988723,2,3.26,0.0000,0.0,0.00
1765627988.732352,2,662,458,1765627988732,1765627988732,0,3.33,0.0000,0.0,0.00
1765627988.743524,2,663,459,1765627988743,1765627988743,0,3.50,0.0000,0.0,0.00
1765627988.755182,2,664,460,1765627988754,1765627988754,0,3.63,0.0000,0.0,0.00
1765627988.775953,2,665,461,1765627988775,1765627988775,0,3.63,0.0000,0.0,0.00
1765627988.797212,2,666,462,1765627988797,1765627988797,0,3.63,0.0000,0.0,0.00
1765627988.822274,2,667,463,1765627988818,1765627988821,3,3.66,0.0000,0.0,0.00
1765627988.839943,2,668,464,1765627988839,1765627988839,0,3.64,0.0000,0.0,0.00
1765627988.861152,2,669,465,1765627988861,1765627988861,0,3.47,0.0000,0.0,0.00
1765627988.882437,2,670,466,1765627988882,1765627988882,0,3.45,0.0000,0.0,0.00
1765627988.906191,2,671,467,1765627988904,1765627988906,2,3.49,0.0000,0.0,0.00
1765627988.915773,2,672,468,1765627988914,1765627988914,0,3.67,0.0000,0.0,0.00
1765627988.939887,2,673,469,1765627988936,1765627988938,2,3.45,0.0000,0.0,0.00
1765627988.957646,2,674,470,1765627988957,1765627988957,0,3.42,0.0000,0.0,0.00
1765627988.978987,2,675,471,1765627988978,1765627988978,0,3.42,0.0000,0.0,0.00
1765627989.004087,2,676,472,1765627989000,1765627989003,3,3.46,0.0000,0.0,0.00
1765627989.022212,2,677,473,1765627989022,1765627989022,0,3.45,0.0000,0.0,0.00
1765627989.043104,2,678,474,1765627989043,1765627989043,0,3.45,0.0000,0.0,0.00
1765627989.064527,2,679,475,1765627989064,1765627989064,0,3.45,0.0000,0.0,0.00
1765627989.087798,2,680,476,1765627989086,1765627989086,0,3.45,0.0000,0.0,0.00
1765627989.107868,2,681,477,1765627989107,1765627989107,0,3.44,0.0000,0.0,0.00
1765627989.128528,2,682,478,1765627989128,1765627989128,0,3.45,0.0000,0.0,0.00
1765627989.151539,2,683,479,1765627989149,1765627989151,2,3.45,0.0000,0.0,0.00
1765627989.171675,2,684,480,1765627989171,1765627989171,0,3.42,0.0000,0.0,0.00
1765627989.192465,2,685,481,1765627989192,1765627989192,0,3.40,0.0000,0.0,0.00
1765627989.218921,2,686,482,1765627989213,1765627989217,4,3.43,0.0000,0.0,0.00
1765627989.235574,2,687,483,1765627989235,1765627989235,0,3.45,0.0000,0.0,0.00
1765627989.258105,2,688,484,1765627989257,1765627989257,0,3.44,0.0000,0.0,0.00
1765627989.281430,2,689,485,1765627989278,1765627989281,3,3.48,0.0000,0.0,0.00
1765627989.299426,2,690,486,1765627989299,1765627989299,0,3.50,0.0000,0.0,0.00
1765627989.321343,2,691,487,1765627989321,1765627989321,0,3.47,0.0000,0.0,0.00
1765627989.342292,2,692,488,1765627989342,1765627989342,0,3.45,0.0000,0.0,0.00
1765627989.363841,2,693,489,1765627989363,1765627989363,0,3.44,0.0000,0.0,0.00
1765627989.384099,2,694,490,1765627989384,1765627989384,0,3.44,0.0000,0.0,0.00
1765627989.405628,2,695,491,1765627989405,1765627989405,0,3.28,0.0000,0.0,0.00
1765627989.426917,2,696,492,1765627989426,1765627989426,0,3.28,0.0000,0.0,0.00
1765627989.438179,2,697,493,1765627989438,1765627989438,0,3.44,0.0000,0.0,0.00
1765627989.460205,2,698,495,1765627989460,1765627989460,0,3.44,0.0000,0.0,0.00
1765627989.471241,2,699,496,1765627989471,1765627989471,0,3.61,0.0000,0.0,0.00
1765627989.492267,2,700,497,1765627989492,1765627989492,0,3.57,0.0000,0.0,0.00
1765627989.503417,2,701,498,1765627989503,1765627989503,0,3.72,0.0000,0.0,0.00
1765627989.525348,2,702,499,1765627989525,1765627989525,0,3.74,0.0000,0.0,0.00
1765627989.537071,2,703,500,1765627989537,1765627989537,0,3.88,0.0000,0.0,0.00
1765627989.553220,2,704,501,1765627989547,1765627989553,6,3.88,0.0000,0.0,0.00
1765627989.570198,2,705,502,1765627989569,1765627989569,0,3.70,0.0000,0.0,0.00
1765627989.591212,2,706,503,1765627989590,1765627989590,0,3.57,0.0000,0.0,0.00
1765627989.612056,2,707,504,1765627989612,1765627989612,0,3.59,0.0000,0.0,0.00
1765627989.633256,2,708,505,1765627989633,1765627989633,0,3.58,0.0000,0.0,0.00
1765627989.654899,2,709,506,1765627989654,1765627989654,0,3.54,0.0000,0.0,0.00
1765627989.675944,2,710,507,1765627989675,1765627989675,0,3.53,0.0000,0.0,0.00
1765627989.687173,2,711,508,1765627989687,1765627989687,0,3.56,0.0000,0.0,0.00
1765627989.699867,2,712,509,1765627989698,1765627989699,1,3.53,0.0000,0.0,0.00
1765627989.719766,2,713,510,1765627989719,1765627989719,0,3.53,0.0000,0.0,0.00
1765627989.741313,2,714,511,1765627989740,1765627989741,1,3.54,0.0000,0.0,0.00
1765627989.765711,2,715,513,1765627989762,1765627989765,3,3.58,0.0000,0.0,0.00
1765627989.783992,2,716,514,1765627989783,1765627989783,0,3.55,0.0000,0.0,0.00
1765627989.804888,2,717,515,1765627989804,1765627989804,0,3.57,0.0000,0.0,0.00
1765627989.825950,2,718,516,1765627989825,1765627989825,0,3.57,0.0000,0.0,0.00
1765627989.850512,2,719,517,1765627989846,1765627989850,4,3.60,0.0000,0.0,0.00
1765627989.869657,2,720,518,1765627989868,1765627989868,0,3.44,0.0000,0.0,0.00
1765627989.884479,2,721,519,1765627989880,1765627989884,4,3.40,0.0000,0.0,0.00
1765627989.891685,2,722,520,1765627989891,1765627989891,0,3.44,0.0000,0.0,0.00
1765627989.912248,2,723,521,1765627989912,1765627989912,0,3.27,0.0000,0.0,0.00
1765627989.934699,2,724,522,1765627989933,1765627989933,0,3.09,0.0000,0.0,0.00
1765627989.954603,2,725,523,1765627989954,1765627989954,0,3.09,0.0000,0.0,0.00
1765627989.975983,2,726,524,1765627989975,1765627989975,0,3.08,0.0000,0.0,0.00
1765627989.988625,2,727,525,1765627989988,1765627989988,0,3.19,0.0000,0.0,0.00
1765627990.003466,2,728,526,1765627989998,1765627990002,4,3.28,0.0000,0.0,0.00
1765627990.010058,2,729,527,1765627990010,1765627990010,0,3.50,0.0000,0.0,0.00
1765627990.033166,2,730,528,1765627990031,1765627990033,2,3.52,0.0000,0.0,0.00
1765627990.052553,2,731,529,1765627990052,1765627990052,0,3.47,0.0000,0.0,0.00
1765627990.074866,2,732,530,1765627990074,1765627990074,0,3.26,0.0000,0.0,0.00
1765627990.098281,2,733,531,1765627990095,1765627990096,1,3.23,0.0000,0.0,0.00
1765627990.117430,2,734,532,1765627990117,1765627990117,0,3.24,0.0000,0.0,0.00
1765627990.138427,2,735,533,1765627990138,1765627990138,0,3.24,0.0000,0.0,0.00
1765627990.159857,2,736,534,1765627990159,1765627990159,0,3.20,0.0000,0.0,0.00
1765627990.182824,2,737,535,1765627990181,1765627990182,1,3.23,0.0000,0.0,0.00
1765627990.193707,2,738,536,1765627990193,1765627990193,0,3.41,0.0000,0.0,0.00
1765627990.214236,2,739,537,1765627990214,1765627990214,0,3.41,0.0000,0.0,0.00
1765627990.229478,2,740,538,1765627990225,1765627990225,0,3.56,0.0000,0.0,0.00
1765627990.248103,2,741,539,1765627990247,1765627990248,1,3.58,0.0000,0.0,0.00
1765627990.269549,2,742,540,1765627990268,1765627990268,0,3.57,0.0000,0.0,0.00
1765627990.310868,2,743,541,1765627990290,1765627990310,20,3.78,0.0000,0.0,0.00
1765627990.340390,2,744,542,1765627990335,1765627990340,5,3.89,0.0000,0.0,0.00
1765627990.350939,2,745,543,1765627990349,1765627990349,0,4.10,0.0000,0.0,0.00
1765627990.361246,2,746,544,1765627990361,1765627990361,0,4.18,0.0000,0.0,0.00
1765627990.383335,2,747,545,1765627990383,1765627990383,0,4.19,0.0000,0.0,0.00
1765627990.394640,2,748,546,1765627990394,1765627990394,0,4.33,0.0000,0.0,0.00
1765627990.416240,2,749,547,1765627990416,1765627990416,0,4.31,0.0000,0.0,0.00
1765627990.438251,2,750,548,1765627990437,1765627990438,1,4.32,0.0000,0.0,0.00
1765627990.459291,2,751,549,1765627990459,1765627990459,0,4.31,0.0000,0.0,0.00
1765627990.480310,2,752,550,1765627990480,1765627990480,0,4.31,0.0000,0.0,0.00
1765627990.505020,2,753,551,1765627990501,1765627990505,4,4.36,0.0000,0.0,0.00
1765627990.522927,2,754,552,1765627990522,1765627990522,0,4.38,0.0000,0.0,0.00
1765627990.544574,2,755,553,1765627990544,1765627990544,0,4.39,0.0000,0.0,0.00
1765627990.566581,2,756,554,1765627990566,1765627990566,0,4.40,0.0000,0.0,0.00
1765627990.590695,2,757,556,1765627990588,1765627990590,2,4.31,0.0000,0.0,0.00
1765627990.610770,2,758,557,1765627990610,1765627990610,0,4.28,0.0000,0.0,0.00
1765627990.622902,2,759,558,1765627990621,1765627990622,1,4.26,0.0000,0.0,0.00
1765627990.642978,2,760,559,1765627990642,1765627990642,0,4.25,0.0000,0.0,0.00
1765627990.665007,2,761,560,1765627990665,1765627990665,0,4.11,0.0000,0.0,0.00
1765627990.686448,2,762,561,1765627990685,1765627990686,1,4.10,0.0000,0.0,0.00
1765627990.707315,2,763,562,1765627990707,1765627990707,0,3.95,0.0000,0.0,0.00
1765627990.728858,2,764,563,1765627990728,1765627990728,0,3.88,0.0000,0.0,0.00
1765627990.753737,2,765,565,1765627990751,1765627990753,2,3.85,0.0000,0.0,0.00
1765627990.762758,2,766,566,1765627990762,1765627990762,0,4.09,0.0000,0.0,0.00
1765627990.773989,2,767,567,1765627990773,1765627990773,0,4.25,0.0000,0.0,0.00
1765627990.786595,2,768,568,1765627990784,1765627990785,1,4.40,0.0000,0.0,0.00
1765627990.806147,2,769,569,1765627990806,1765627990806,0,4.40,0.0000,0.0,0.00
1765627990.828324,2,770,570,1765627990828,1765627990828,0,4.41,0.0000,0.0,0.00
1765627990.839866,2,771,571,1765627990839,1765627990839,0,4.43,0.0000,0.0,0.00
1765627990.861938,2,772,572,1765627990861,1765627990861,0,4.30,0.0000,0.0,0.00
1765627990.886503,2,773,573,1765627990882,1765627990886,4,4.35,0.0000,0.0,0.00
1765627990.904548,2,774,574,1765627990904,1765627990904,0,4.36,0.0000,0.0,0.00
1765627990.926685,2,775,575,1765627990926,1765627990926,0,4.33,0.0000,0.0,0.00
1765627990.947773,2,776,576,1765627990947,1765627990947,0,4.32,0.0000,0.0,0.00
1765627990.968342,2,777,577,1765627990968,1765627990968,0,4.32,0.0000,0.0,0.00
1765627990.989758,2,778,578,1765627990989,1765627990989,0,4.32,0.0000,0.0,0.00
1765627991.011200,2,779,579,1765627991011,1765627991011,0,4.29,0.0000,0.0,0.00
1765627991.034703,2,780,580,1765627991032,1765627991034,2,4.29,0.0000,0.0,0.00
1765627991.044956,2,781,581,1765627991043,1765627991044,1,4.43,0.0000,0.0,0.00
1765627991.055223,2,782,582,1765627991055,1765627991055,0,4.34,0.0000,0.0,0.00
1765627991.076674,2,783,583,1765627991076,1765627991076,0,4.34,0.0000,0.0,0.00
1765627991.098335,2,784,584,1765627991098,1765627991098,0,4.35,0.0000,0.0,0.00
1765627991.109668,2,785,585,1765627991109,1765627991109,0,4.53,0.0000,0.0,0.00
1765627991.131706,2,786,586,1765627991130,1765627991131,1,4.54,0.0000,0.0,0.00
1765627991.152083,2,787,587,1765627991152,1765627991152,0,4.41,0.0000,0.0,0.00
1765627991.173680,2,788,588,1765627991173,1765627991173,0,4.29,0.0000,0.0,0.00
1765627991.197021,2,789,589,1765627991194,1765627991197,3,4.05,0.0000,0.0,0.00
1765627991.216428,2,790,590,1765627991216,1765627991216,0,4.04,0.0000,0.0,0.00
1765627991.237837,2,791,591,1765627991237,1765627991237,0,4.03,0.0000,0.0,0.00
1765627991.260329,2,792,592,1765627991259,1765627991259,0,4.03,0.0000,0.0,0.00
1765627991.270328,2,793,593,1765627991270,1765627991270,0,4.22,0.0000,0.0,0.00
1765627991.281565,2,794,594,1765627991281,1765627991281,0,4.41,0.0000,0.0,0.00
1765627991.295920,2,795,595,1765627991293,1765627991295,2,4.51,0.0000,0.0,0.00
1765627991.314621,2,796,596,1765627991314,1765627991314,0,4.50,0.0000,0.0,0.00
1765627991.335836,2,797,597,1765627991335,1765627991335,0,4.48,0.0000,0.0,0.00
1765627991.357557,2,798,598,1765627991357,1765627991357,0,4.32,0.0000,0.0,0.00
1765627991.378515,2,799,599,1765627991378,1765627991378,0,4.32,0.0000,0.0,0.00
1765627991.399600,2,800,600,1765627991399,1765627991399,0,4.14,0.0000,0.0,0.00
1765627991.421590,2,801,601,1765627991421,1765627991421,0,4.13,0.0000,0.0,0.00
1765627991.444995,2,802,602,1765627991442,1765627991443,1,4.15,0.0000,0.0,0.00
1765627991.463699,2,803,603,1765627991463,1765627991463,0,3.93,0.0000,0.0,0.00
1765627991.479439,2,804,604,1765627991475,1765627991479,4,3.89,0.0000,0.0,0.00
1765627991.487784,2,805,605,1765627991486,1765627991486,0,3.94,0.0000,0.0,0.00
1765627991.514437,2,806,606,1765627991508,1765627991513,5,3.85,0.0000,0.0,0.00
1765627991.519904,2,807,607,1765627991519,1765627991519,0,4.13,0.0000,0.0,0.00
1765627991.531396,2,808,608,1765627991531,1765627991531,0,4.11,0.0000,0.0,0.00
1765627991.546483,2,809,609,1765627991542,1765627991545,3,4.19,0.0000,0.0,0.00
1765627991.564524,2,810,610,1765627991564,1765627991564,0,4.16,0.0000,0.0,0.00
1765627991.585899,2,811,611,1765627991585,1765627991585,0,4.16,0.0000,0.0,0.00
1765627991.607164,2,812,612,1765627991607,1765627991607,0,4.17,0.0000,0.0,0.00
1765627991.630720,2,813,613,1765627991628,1765627991630,2,4.15,0.0000,0.0,0.00
1765627991.650271,2,814,614,1765627991649,1765627991649,0,4.11,0.0000,0.0,0.00
1765627991.671899,2,815,615,1765627991671,1765627991671,0,4.11,0.0000,0.0,0.00
1765627991.693616,2,816,617,1765627991692,1765627991692,0,4.10,0.0000,0.0,0.00
1765627991.715133,2,817,618,1765627991714,1765627991715,1,4.09,0.0000,0.0,0.00
1765627991.735978,2,818,619,1765627991735,1765627991735,0,4.09,0.0000,0.0,0.00
1765627991.749356,2,819,620,1765627991746,1765627991749,3,4.04,0.0000,0.0,0.00
1765627991.757886,2,820,621,1765627991757,1765627991757,0,4.28,0.0000,0.0,0.00
1765627991.781940,2,821,622,1765627991779,1765627991780,1,4.28,0.0000,0.0,0.00
1765627991.800901,2,822,623,1765627991800,1765627991800,0,4.27,0.0000,0.0,0.00
1765627991.821827,2,823,624,1765627991821,1765627991821,0,4.27,0.0000,0.0,0.00
1765627991.845696,2,824,625,1765627991843,1765627991845,2,4.30,0.0000,0.0,0.00
1765627991.864179,2,825,626,1765627991864,1765627991864,0,4.24,0.0000,0.0,0.00
1765627991.885934,2,826,627,1765627991885,1765627991885,0,4.04,0.0000,0.0,0.00
1765627991.907294,2,827,628,1765627991907,1765627991907,0,3.88,0.0000,0.0,0.00
1765627991.918608,2,828,629,1765627991918,1765627991918,0,3.90,0.0000,0.0,0.00
1765627991.939290,2,829,630,1765627991939,1765627991939,0,3.90,0.0000,0.0,0.00
1765627991.950957,2,830,631,1765627991950,1765627991950,0,4.06,0.0000,0.0,0.00
1765627991.961816,2,831,632,1765627991961,1765627991961,0,4.06,0.0000,0.0,0.00
1765627991.973213,2,832,633,1765627991973,1765627991973,0,4.19,0.0000,0.0,0.00
1765627991.996417,2,833,634,1765627991994,1765627991995,1,4.16,0.0000,0.0,0.00
1765627992.015231,2,834,635,1765627992015,1765627992015,0,4.16,0.0000,0.0,0.00
1765627992.036387,2,835,636,1765627992036,1765627992036,0,4.15,0.0000,0.0,0.00
1765627992.061197,2,836,637,1765627992057,1765627992057,0,4.15,0.0000,0.0,0.00
1765627992.078865,2,837,638,1765627992078,1765627992078,0,4.15,0.0000,0.0,0.00
1765627992.099306,2,838,639,1765627992099,1765627992099,0,4.15,0.0000,0.0,0.00
1765627992.120925,2,839,640,1765627992120,1765627992120,0,4.14,0.0000,0.0,0.00
1765627992.142462,2,840,641,1765627992142,1765627992142,0,4.13,0.0000,0.0,0.00
1765627992.164049,2,841,642,1765627992164,1765627992164,0,3.96,0.0000,0.0,0.00
1765627992.186060,2,842,643,1765627992186,1765627992186,0,3.79,0.0000,0.0,0.00
1765627992.208253,2,843,644,1765627992206,1765627992208,2,3.80,0.0000,0.0,0.00
1765627992.228055,2,844,645,1765627992228,1765627992228,0,3.78,0.0000,0.0,0.00
1765627992.249985,2,845,646,1765627992249,1765627992249,0,3.60,0.0000,0.0,0.00
1765627992.274670,2,846,647,1765627992271,1765627992271,0,3.60,0.0000,0.0,0.00
1765627992.291980,2,847,648,1765627992291,1765627992291,0,3.59,0.0000,0.0,0.00
1765627992.313281,2,848,649,1765627992313,1765627992313,0,3.60,0.0000,0.0,0.00
1765627992.335200,2,849,650,1765627992334,1765627992334,0,3.58,0.0000,0.0,0.00
1765627992.355679,2,850,651,1765627992355,1765627992355,0,3.59,0.0000,0.0,0.00
1765627992.371410,2,851,652,1765627992366,1765627992371,5,3.65,0.0000,0.0,0.00
1765627992.378063,2,852,653,1765627992378,1765627992378,0,3.91,0.0000,0.0,0.00
1765627992.399191,2,853,654,1765627992399,1765627992399,0,3.74,0.0000,0.0,0.00
1765627992.425554,2,854,655,1765627992420,1765627992425,5,3.61,0.0000,0.0,0.00
1765627992.441915,2,855,656,1765627992441,1765627992441,0,3.56,0.0000,0.0,0.00
1765627992.463031,2,856,657,1765627992463,1765627992463,0,3.59,0.0000,0.0,0.00
1765627992.484793,2,857,658,1765627992484,1765627992484,0,3.59,0.0000,0.0,0.00
1765627992.510409,2,858,659,1765627992509,1765627992510,1,3.62,0.0000,0.0,0.00
1765627992.526761,2,859,660,1765627992520,1765627992525,5,3.70,0.0000,0.0,0.00
1765627992.541668,2,860,661,1765627992541,1765627992541,0,3.75,0.0000,0.0,0.00
1765627992.563138,2,861,662,1765627992563,1765627992563,0,3.75,0.0000,0.0,0.00
1765627992.584805,2,862,663,1765627992584,1765627992584,0,3.74,0.0000,0.0,0.00
1765627992.606520,2,863,665,1765627992606,1765627992606,0,3.76,0.0000,0.0,0.00
1765627992.627706,2,864,666,1765627992627,1765627992627,0,3.71,0.0000,0.0,0.00
1765627992.649428,2,865,667,1765627992648,1765627992649,1,3.45,0.0000,0.0,0.00
1765627992.672540,2,866,668,1765627992669,1765627992672,3,3.41,0.0000,0.0,0.00
1765627992.691488,2,867,669,1765627992691,1765627992691,0,3.10,0.0000,0.0,0.00
1765627992.706967,2,868,670,1765627992702,1765627992705,3,3.05,0.0000,0.0,0.00
1765627992.725734,2,869,671,1765627992725,1765627992725,0,2.92,0.0000,0.0,0.00
1765627992.739897,2,870,672,1765627992736,1765627992739,3,3.04,0.0000,0.0,0.00
1765627992.748677,2,871,673,1765627992748,1765627992748,0,3.28,0.0000,0.0,0.00
1765627992.772011,2,872,674,1765627992770,1765627992770,0,3.28,0.0000,0.0,0.00
1765627992.781252,2,873,675,1765627992781,1765627992781,0,3.44,0.0000,0.0,0.00
1765627992.806685,2,874,676,1765627992803,1765627992805,2,3.48,0.0000,0.0,0.00
1765627992.824562,2,875,677,1765627992824,1765627992824,0,3.46,0.0000,0.0,0.00
1765627992.845583,2,876,678,1765627992845,1765627992845,0,3.46,0.0000,0.0,0.00
1765627992.871292,2,877,679,1765627992867,1765627992871,4,3.49,0.0000,0.0,0.00
1765627992.888826,2,878,680,1765627992888,1765627992888,0,3.54,0.0000,0.0,0.00
1765627992.910145,2,879,681,1765627992910,1765627992910,0,3.44,0.0000,0.0,0.00
1765627992.931760,2,880,683,1765627992931,1765627992931,0,3.19,0.0000,0.0,0.00
1765627992.956668,2,881,684,1765627992953,1765627992956,3,3.21,0.0000,0.0,0.00
1765627992.975389,2,882,685,1765627992975,1765627992975,0,3.22,0.0000,0.0,0.00
1765627992.996543,2,883,686,1765627992996,1765627992996,0,3.22,0.0000,0.0,0.00
1765627993.021013,2,884,687,1765627993018,1765627993021,3,3.23,0.0000,0.0,0.00
1765627993.040197,2,885,688,1765627993039,1765627993039,0,3.25,0.0000,0.0,0.00
1765627993.053361,2,886,689,1765627993050,1765627993053,3,3.36,0.0000,0.0,0.00
1765627993.071486,2,887,690,1765627993071,1765627993071,0,3.37,0.0000,0.0,0.00
1765627993.092501,2,888,691,1765627993092,1765627993092,0,3.19,0.0000,0.0,0.00
1765627993.212232,2,889,692,1765627993210,1765627993211,1,4.49,0.0000,0.0,0.00
1765627993.241897,2,890,693,1765627993226,1765627993241,15,4.55,0.0000,0.0,0.00
1765627993.259573,2,891,694,1765627993245,1765627993258,13,4.48,0.0000,0.0,0.00
1765627993.262568,2,892,695,1765627993262,1765627993262,0,4.58,0.0000,0.0,0.00
1765627993.273456,2,893,696,1765627993273,1765627993273,0,4.69,0.0000,0.0,0.00
1765627993.287191,2,894,697,1765627993285,1765627993287,2,4.76,0.0000,0.0,0.00
1765627993.296406,2,895,698,1765627993296,1765627993296,0,4.90,0.0000,0.0,0.00
1765627993.320381,2,896,699,1765627993317,1765627993320,3,4.96,0.0000,0.0,0.00
1765627993.339135,2,897,700,1765627993339,1765627993339,0,4.99,0.0000,0.0,0.00
1765627993.361230,2,898,701,1765627993361,1765627993361,0,5.01,0.0000,0.0,0.00
1765627993.388213,2,899,702,1765627993382,1765627993386,4,5.09,0.0000,0.0,0.00
1765627993.393809,2,900,703,1765627993393,1765627993393,0,5.30,0.0000,0.0,0.00
1765627993.420991,2,901,704,1765627993414,1765627993419,5,5.36,0.0000,0.0,0.00
1765627993.436314,2,902,705,1765627993436,1765627993436,0,5.42,0.0000,0.0,0.00
1765627993.458397,2,903,706,1765627993458,1765627993458,0,5.42,0.0000,0.0,0.00
1765627993.479322,2,904,707,1765627993479,1765627993479,0,5.40,0.0000,0.0,0.00
1765627993.491085,2,905,708,1765627993491,1765627993491,0,5.56,0.0000,0.0,0.00
1765627993.511938,2,906,709,1765627993511,1765627993511,0,5.56,0.0000,0.0,0.00
1765627993.534575,2,907,710,1765627993533,1765627993534,1,5.58,0.0000,0.0,0.00
1765627993.555945,2,908,711,1765627993555,1765627993555,0,5.56,0.0000,0.0,0.00
1765627993.577237,2,909,712,1765627993577,1765627993577,0,5.58,0.0000,0.0,0.00
1765627993.600511,2,910,713,1765627993599,1765627993600,1,5.61,0.0000,0.0,0.00
1765627993.620069,2,911,714,1765627993620,1765627993620,0,5.54,0.0000,0.0,0.00
1765627993.641520,2,912,715,1765627993641,1765627993641,0,5.29,0.0000,0.0,0.00
1765627993.666770,2,913,716,1765627993662,1765627993665,3,5.35,0.0000,0.0,0.00
1765627993.685217,2,914,717,1765627993684,1765627993685,1,5.27,0.0000,0.0,0.00
1765627993.706697,2,915,718,1765627993706,1765627993706,0,5.20,0.0000,0.0,0.00
1765627993.718743,2,916,719,1765627993717,1765627993718,1,5.33,0.0000,0.0,0.00
1765627993.745160,2,917,720,1765627993729,1765627993745,16,5.42,0.0000,0.0,0.00
1765627993.753649,2,918,722,1765627993753,1765627993753,0,5.57,0.0000,0.0,0.00
1765627993.768832,2,919,723,1765627993764,1765627993768,4,5.57,0.0000,0.0,0.00
1765627993.788398,2,920,724,1765627993785,1765627993788,3,5.50,0.0000,0.0,0.00
1765627993.808119,2,921,725,1765627993807,1765627993808,1,5.49,0.0000,0.0,0.00
1765627993.828684,2,922,726,1765627993828,1765627993828,0,5.50,0.0000,0.0,0.00
1765627993.851948,2,923,727,1765627993849,1765627993851,2,5.52,0.0000,0.0,0.00
1765627993.872506,2,924,728,1765627993872,1765627993872,0,5.52,0.0000,0.0,0.00
1765627993.883593,2,925,729,1765627993883,1765627993883,0,5.65,0.0000,0.0,0.00
1765627993.894346,2,926,730,1765627993894,1765627993894,0,5.76,0.0000,0.0,0.00
1765627993.917295,2,927,731,1765627993915,1765627993917,2,5.78,0.0000,0.0,0.00
1765627993.937726,2,928,732,1765627993937,1765627993937,0,5.68,0.0000,0.0,0.00
1765627993.958364,2,929,733,1765627993958,1765627993958,0,5.68,0.0000,0.0,0.00
1765627993.979491,2,930,734,1765627993979,1765627993979,0,5.58,0.0000,0.0,0.00
1765627994.000569,2,931,735,1765627994000,1765627994000,0,5.38,0.0000,0.0,0.00
1765627994.021662,2,932,736,1765627994021,1765627994021,0,5.36,0.0000,0.0,0.00
1765627994.043625,2,933,737,1765627994043,1765627994043,0,5.21,0.0000,0.0,0.00
1765627994.065371,2,934,738,1765627994064,1765627994065,1,5.17,0.0000,0.0,0.00
1765627994.085637,2,935,739,1765627994085,1765627994085,0,5.16,0.0000,0.0,0.00
1765627994.107099,2,936,740,1765627994107,1765627994107,0,5.18,0.0000,0.0,0.00
1765627994.119077,2,937,741,1765627994119,1765627994119,0,5.25,0.0000,0.0,0.00
1765627994.132640,2,938,742,1765627994129,1765627994132,3,5.32,0.0000,0.0,0.00
1765627994.150917,2,939,743,1765627994150,1765627994150,0,5.34,0.0000,0.0,0.00
1765627994.172356,2,940,744,1765627994172,1765627994172,0,5.36,0.0000,0.0,0.00
1765627994.193732,2,941,745,1765627994193,1765627994193,0,5.30,0.0000,0.0,0.00
1765627994.214958,2,942,746,1765627994214,1765627994214,0,5.27,0.0000,0.0,0.00
1765627994.226083,2,943,747,1765627994226,1765627994226,0,5.42,0.0000,0.0,0.00
1765627994.252655,2,944,748,1765627994248,1765627994252,4,5.43,0.0000,0.0,0.00
1765627994.260088,2,945,749,1765627994260,1765627994260,0,5.61,0.0000,0.0,0.00
1765627994.271755,2,946,750,1765627994271,1765627994271,0,5.66,0.0000,0.0,0.00
1765627994.292952,2,947,751,1765627994292,1765627994292,0,5.63,0.0000,0.0,0.00
1765627994.316613,2,948,752,1765627994314,1765627994316,2,5.67,0.0000,0.0,0.00
1765627994.335963,2,949,753,1765627994335,1765627994335,0,4.46,0.0000,0.0,0.00
1765627994.350679,2,950,754,1765627994347,1765627994350,3,4.42,0.0000,0.0,0.00
1765627994.368459,2,951,755,1765627994368,1765627994368,0,4.40,0.0000,0.0,0.00
1765627994.389840,2,952,756,1765627994389,1765627994389,0,4.10,0.0000,0.0,0.00
1765627994.411502,2,953,757,1765627994411,1765627994411,0,3.95,0.0000,0.0,0.00
1765627994.434730,2,954,758,1765627994432,1765627994434,2,3.87,0.0000,0.0,0.00
1765627994.454572,2,955,759,1765627994454,1765627994454,0,3.65,0.0000,0.0,0.00
1765627994.475745,2,956,760,1765627994475,1765627994475,0,3.62,0.0000,0.0,0.00
1765627994.497772,2,957,761,1765627994496,1765627994496,0,3.63,0.0000,0.0,0.00
1765627994.510271,2,958,762,1765627994510,1765627994510,0,3.72,0.0000,0.0,0.00
1765627994.521218,2,959,763,1765627994521,1765627994521,0,3.85,0.0000,0.0,0.00
1765627994.542689,2,960,764,1765627994542,1765627994542,0,3.59,0.0000,0.0,0.00
1765627994.563881,2,961,765,1765627994563,1765627994563,0,3.54,0.0000,0.0,0.00
1765627994.586966,2,962,766,1765627994585,1765627994586,1,3.53,0.0000,0.0,0.00
1765627994.596596,2,963,767,1765627994596,1765627994596,0,3.71,0.0000,0.0,0.00
1765627994.620343,2,964,769,1765627994617,1765627994620,3,3.74,0.0000,0.0,0.00
1765627994.639927,2,965,770,1765627994639,1765627994639,0,3.58,0.0000,0.0,0.00
1765627994.660576,2,966,771,1765627994660,1765627994660,0,3.59,0.0000,0.0,0.00
1765627994.685245,2,967,772,1765627994681,1765627994685,4,3.61,0.0000,0.0,0.00
1765627994.703653,2,968,773,1765627994703,1765627994703,0,3.62,0.0000,0.0,0.00
1765627994.720703,2,969,775,1765627994715,1765627994720,5,3.63,0.0000,0.0,0.00
1765627994.726227,2,970,776,1765627994726,1765627994726,0,3.89,0.0000,0.0,0.00
1765627994.737998,2,971,777,1765627994737,1765627994737,0,4.04,0.0000,0.0,0.00
1765627994.759222,2,972,778,1765627994759,1765627994759,0,4.06,0.0000,0.0,0.00
1765627994.770336,2,973,779,1765627994770,1765627994770,0,4.16,0.0000,0.0,0.00
1765627994.791337,2,974,780,1765627994791,1765627994791,0,4.17,0.0000,0.0,0.00
1765627994.812529,2,975,781,1765627994812,1765627994812,0,4.17,0.0000,0.0,0.00
1765627994.834548,2,976,782,1765627994834,1765627994834,0,4.07,0.0000,0.0,0.00
1765627994.855856,2,977,783,1765627994855,1765627994855,0,4.00,0.0000,0.0,0.00
1765627994.877130,2,978,784,1765627994877,1765627994877,0,3.80,0.0000,0.0,0.00
1765627994.900416,2,979,785,1765627994898,1765627994899,1,3.74,0.0000,0.0,0.00
1765627994.919247,2,980,786,1765627994919,1765627994919,0,3.74,0.0000,0.0,0.00
1765627994.933592,2,981,787,1765627994930,1765627994933,3,3.84,0.0000,0.0,0.00
1765627994.942726,2,982,788,1765627994942,1765627994942,0,4.04,0.0000,0.0,0.00
1765627994.953218,2,983,789,1765627994953,1765627994953,0,4.16,0.0000,0.0,0.00
1765627994.966952,2,984,790,1765627994964,1765627994966,2,4.24,0.0000,0.0,0.00
1765627994.975759,2,985,791,1765627994975,1765627994975,0,4.28,0.0000,0.0,0.00
1765627995.000638,2,986,792,1765627994997,1765627994999,2,4.19,0.0000,0.0,0.00
1765627995.008260,2,987,793,1765627995008,1765627995008,0,4.33,0.0000,0.0,0.00
1765627995.029631,2,988,794,1765627995029,1765627995029,0,4.35,0.0000,0.0,0.00
1765627995.052460,2,989,795,1765627995050,1765627995051,1,4.36,0.0000,0.0,0.00
1765627995.072125,2,990,796,1765627995071,1765627995072,1,4.36,0.0000,0.0,0.00
1765627995.093407,2,991,797,1765627995092,1765627995092,0,4.35,0.0000,0.0,0.00
1765627995.117467,2,992,798,1765627995114,1765627995117,3,4.40,0.0000,0.0,0.00
1765627995.135881,2,993,799,1765627995135,1765627995135,0,4.35,0.0000,0.0,0.00
1765627995.157349,2,994,800,1765627995157,1765627995157,0,4.35,0.0000,0.0,0.00
1765627995.178646,2,995,801,1765627995178,1765627995178,0,4.37,0.0000,0.0,0.00
1765627995.190367,2,996,802,1765627995190,1765627995190,0,4.44,0.0000,0.0,0.00
1765627995.211795,2,997,803,1765627995211,1765627995211,0,4.35,0.0000,0.0,0.00
1765627995.233762,2,998,804,1765627995233,1765627995233,0,4.29,0.0000,0.0,0.00
1765627995.254698,2,999,805,1765627995254,1765627995254,0,4.31,0.0000,0.0,0.00
1765627995.276992,2,1000,806,1765627995275,1765627995275,0,4.30,0.0000,0.0,0.00
1765627995.287199,2,1001,807,1765627995287,1765627995287,0,4.40,0.0000,0.0,0.00
1765627995.298604,2,1002,808,1765627995298,1765627995298,0,4.52,0.0000,0.0,0.00
1765627995.319672,2,1003,809,1765627995319,1765627995319,0,4.43,0.0000,0.0,0.00
1765627995.341661,2,1004,810,1765627995341,1765627995341,0,4.38,0.0000,0.0,0.00
1765627995.362453,2,1005,811,1765627995362,1765627995362,0,4.19,0.0000,0.0,0.00
1765627995.384001,2,1006,812,1765627995384,1765627995384,0,4.07,0.0000,0.0,0.00
1765627995.405247,2,1007,813,1765627995405,1765627995405,0,4.07,0.0000,0.0,0.00
1765627995.426144,2,1008,814,1765627995426,1765627995426,0,4.03,0.0000,0.0,0.00
1765627995.447469,2,1009,815,1765627995447,1765627995447,0,4.06,0.0000,0.0,0.00
1765627995.458877,2,1010,816,1765627995458,1765627995458,0,4.14,0.0000,0.0,0.00
1765627995.483354,2,1011,817,1765627995479,1765627995483,4,4.20,0.0000,0.0,0.00
1765627995.501616,2,1012,818,1765627995501,1765627995501,0,4.19,0.0000,0.0,0.00
1765627995.523179,2,1013,819,1765627995523,1765627995523,0,4.19,0.0000,0.0,0.00
1765627995.546910,2,1014,820,1765627995544,1765627995546,2,4.19,0.0000,0.0,0.00
1765627995.565959,2,1015,821,1765627995565,1765627995565,0,4.18,0.0000,0.0,0.00
1765627995.587060,2,1016,822,1765627995587,1765627995587,0,4.19,0.0000,0.0,0.00
1765627995.610193,2,1017,823,1765627995609,1765627995609,0,4.20,0.0000,0.0,0.00
1765627995.620675,2,1018,824,1765627995620,1765627995620,0,4.27,0.0000,0.0,0.00
1765627995.641613,2,1019,825,1765627995641,1765627995641,0,4.12,0.0000,0.0,0.00
1765627995.666942,2,1020,826,1765627995663,1765627995666,3,4.16,0.0000,0.0,0.00
1765627995.675135,2,1021,827,1765627995674,1765627995675,1,4.36,0.0000,0.0,0.00
1765627995.698385,2,1022,828,1765627995695,1765627995698,3,4.36,0.0000,0.0,0.00
1765627995.716973,2,1023,829,1765627995716,1765627995716,0,4.18,0.0000,0.0,0.00
1765627995.738027,2,1024,830,1765627995738,1765627995738,0,4.16,0.0000,0.0,0.00
1765627995.762910,2,1025,831,1765627995759,1765627995762,3,4.21,0.0000,0.0,0.00
1765627995.780416,2,1026,832,1765627995780,1765627995780,0,4.20,0.0000,0.0,0.00
1765627995.801797,2,1027,833,1765627995801,1765627995801,0,4.15,0.0000,0.0,0.00
1765627995.823155,2,1028,834,1765627995823,1765627995823,0,4.18,0.0000,0.0,0.00
1765627995.844622,2,1029,835,1765627995844,1765627995844,0,4.16,0.0000,0.0,0.00
1765627995.866132,2,1030,836,1765627995865,1765627995866,1,3.90,0.0000,0.0,0.00
1765627995.886796,2,1031,837,1765627995886,1765627995886,0,3.72,0.0000,0.0,0.00
1765627995.910859,2,1032,838,1765627995908,1765627995910,2,3.74,0.0000,0.0,0.00
1765627995.929471,2,1033,839,1765627995929,1765627995929,0,3.56,0.0000,0.0,0.00
1765627995.950774,2,1034,841,1765627995950,1765627995950,0,3.56,0.0000,0.0,0.00
1765627995.978511,2,1035,843,1765627995973,1765627995978,5,3.63,0.0000,0.0,0.00
1765627995.986404,2,1036,844,1765627995985,1765627995985,0,3.88,0.0000,0.0,0.00
1765627996.010380,2,1037,845,1765627996007,1765627996009,2,3.91,0.0000,0.0,0.00
1765627996.028033,2,1038,846,1765627996028,1765627996028,0,3.89,0.0000,0.0,0.00
1765627996.049679,2,1039,847,1765627996049,1765627996049,0,3.88,0.0000,0.0,0.00
1765627996.070858,2,1040,848,1765627996070,1765627996070,0,3.89,0.0000,0.0,0.00
1765627996.092216,2,1041,849,1765627996092,1765627996092,0,3.80,0.0000,0.0,0.00
1765627996.103882,2,1042,850,1765627996103,1765627996103,0,3.75,0.0000,0.0,0.00
1765627996.125834,2,1043,852,1765627996124,1765627996125,1,3.59,0.0000,0.0,0.00
1765627996.135928,2,1044,853,1765627996135,1765627996135,0,3.66,0.0000,0.0,0.00
1765627996.158163,2,1045,854,1765627996157,1765627996158,1,3.44,0.0000,0.0,0.00
1765627996.178948,2,1046,855,1765627996178,1765627996178,0,3.40,0.0000,0.0,0.00
1765627996.196154,2,1047,856,1765627996190,1765627996194,4,3.23,0.0000,0.0,0.00
1765627996.201381,2,1048,857,1765627996201,1765627996201,0,3.52,0.0000,0.0,0.00
1765627996.229663,2,1049,858,1765627996223,1765627996223,0,3.52,0.0000,0.0,0.00
1765627996.233971,2,1050,859,1765627996233,1765627996233,0,3.72,0.0000,0.0,0.00
1765627996.245095,2,1051,860,1765627996245,1765627996245,0,3.88,0.0000,0.0,0.00
1765627996.266301,2,1052,861,1765627996266,1765627996266,0,3.83,0.0000,0.0,0.00
1765627996.288815,2,1053,862,1765627996287,1765627996287,0,3.83,0.0000,0.0,0.00
1765627996.311284,2,1054,863,1765627996309,1765627996311,2,3.85,0.0000,0.0,0.00
1765627996.330465,2,1055,864,1765627996329,1765627996330,1,3.83,0.0000,0.0,0.00
1765627996.341682,2,1056,865,1765627996341,1765627996341,0,3.86,0.0000,0.0,0.00
1765627996.363855,2,1057,866,1765627996362,1765627996363,1,3.87,0.0000,0.0,0.00
1765627996.373961,2,1058,867,1765627996373,1765627996373,0,4.03,0.0000,0.0,0.00
1765627996.398378,2,1059,868,1765627996395,1765627996398,3,4.08,0.0000,0.0,0.00
1765627996.416633,2,1060,869,1765627996416,1765627996416,0,4.08,0.0000,0.0,0.00
1765627996.437884,2,1061,870,1765627996437,1765627996437,0,3.95,0.0000,0.0,0.00
1765627996.459040,2,1062,871,1765627996459,1765627996459,0,3.80,0.0000,0.0,0.00
1765627996.485892,2,1063,872,1765627996480,1765627996485,5,3.86,0.0000,0.0,0.00
1765627996.502259,2,1064,873,1765627996502,1765627996502,0,3.88,0.0000,0.0,0.00
1765627996.524954,2,1065,874,1765627996524,1765627996524,0,3.89,0.0000,0.0,0.00
1765627996.549039,2,1066,875,1765627996545,1765627996549,4,3.92,0.0000,0.0,0.00
1765627996.566995,2,1067,876,1765627996566,1765627996566,0,3.96,0.0000,0.0,0.00
1765627996.588876,2,1068,877,1765627996588,1765627996588,0,3.97,0.0000,0.0,0.00
1765627996.609488,2,1069,878,1765627996609,1765627996609,0,3.97,0.0000,0.0,0.00
1765627996.630961,2,1070,880,1765627996630,1765627996630,0,3.81,0.0000,0.0,0.00
1765627996.651741,2,1071,881,1765627996651,1765627996651,0,3.76,0.0000,0.0,0.00
1765627996.673868,2,1072,882,1765627996673,1765627996673,0,3.76,0.0000,0.0,0.00
1765627996.700128,2,1073,883,1765627996694,1765627996700,6,3.81,0.0000,0.0,0.00
1765627996.706259,2,1074,884,1765627996706,1765627996706,0,4.07,0.0000,0.0,0.00
1765627996.727726,2,1075,885,1765627996727,1765627996727,0,4.08,0.0000,0.0,0.00
1765627996.750299,2,1076,886,1765627996749,1765627996750,1,4.09,0.0000,0.0,0.00
1765627996.771907,2,1077,888,1765627996771,1765627996771,0,4.08,0.0000,0.0,0.00
1765627996.784182,2,1078,889,1765627996782,1765627996784,2,4.03,0.0000,0.0,0.00
1765627996.804213,2,1079,890,1765627996804,1765627996804,0,4.02,0.0000,0.0,0.00
1765627996.825306,2,1080,891,1765627996825,1765627996825,0,3.98,0.0000,0.0,0.00
1765627996.836931,2,1081,892,1765627996836,1765627996836,0,3.93,0.0000,0.0,0.00
1765627996.857725,2,1082,893,1765627996857,1765627996857,0,3.91,0.0000,0.0,0.00
1765627996.882477,2,1083,894,1765627996878,1765627996882,4,3.94,0.0000,0.0,0.00
1765627996.900073,2,1084,895,1765627996900,1765627996900,0,3.94,0.0000,0.0,0.00
1765627996.922088,2,1085,896,1765627996922,1765627996922,0,3.92,0.0000,0.0,0.00
1765627996.936099,2,1086,897,1765627996932,1765627996935,3,4.03,0.0000,0.0,0.00
1765627996.945130,2,1087,898,1765627996944,1765627996944,0,4.24,0.0000,0.0,0.00
1765627996.955410,2,1088,899,1765627996955,1765627996955,0,4.38,0.0000,0.0,0.00
1765627996.976604,2,1089,900,1765627996976,1765627996976,0,4.38,0.0000,0.0,0.00
1765627997.001537,2,1090,901,1765627996997,1765627997000,3,4.40,0.0000,0.0,0.00
1765627997.019160,2,1091,902,1765627997019,1765627997019,0,4.39,0.0000,0.0,0.00
1765627997.040249,2,1092,903,1765627997040,1765627997040,0,4.36,0.0000,0.0,0.00
1765627997.061818,2,1093,904,1765627997061,1765627997061,0,4.38,0.0000,0.0,0.00
1765627997.084797,2,1094,905,1765627997083,1765627997084,1,4.40,0.0000,0.0,0.00
1765627997.105140,2,1095,906,1765627997105,1765627997105,0,4.33,0.0000,0.0,0.00
1765627997.126653,2,1096,907,1765627997126,1765627997126,0,4.08,0.0000,0.0,0.00
1765627997.147963,2,1097,908,1765627997147,1765627997147,0,4.05,0.0000,0.0,0.00
1765627997.168930,2,1098,909,1765627997168,1765627997168,0,4.07,0.0000,0.0,0.00
1765627997.189977,2,1099,910,1765627997189,1765627997189,0,4.07,0.0000,0.0,0.00
1765627997.212553,2,1100,911,1765627997211,1765627997211,0,4.08,0.0000,0.0,0.00
1765627997.236923,2,1101,912,1765627997232,1765627997236,4,4.11,0.0000,0.0,0.00
1765627997.244234,2,1102,913,1765627997244,1765627997244,0,4.18,0.0000,0.0,0.00
1765627997.265432,2,1103,914,1765627997265,1765627997265,0,4.17,0.0000,0.0,0.00
1765627997.286472,2,1104,915,1765627997286,1765627997286,0,3.98,0.0000,0.0,0.00
1765627997.307325,2,1105,916,1765627997307,1765627997307,0,3.96,0.0000,0.0,0.00
1765627997.328693,2,1106,917,1765627997328,1765627997328,0,3.97,0.0000,0.0,0.00
1765627997.353501,2,1107,918,1765627997350,1765627997353,3,3.96,0.0000,0.0,0.00
1765627997.371017,2,1108,919,1765627997371,1765627997371,0,3.70,0.0000,0.0,0.00
1765627997.392433,2,1109,920,1765627997392,1765627997392,0,3.69,0.0000,0.0,0.00
1765627997.413708,2,1110,921,1765627997413,1765627997413,0,3.48,0.0000,0.0,0.00
1765627997.437279,2,1111,922,1765627997435,1765627997437,2,3.33,0.0000,0.0,0.00
1765627997.456469,2,1112,923,1765627997456,1765627997456,0,3.34,0.0000,0.0,0.00
1765627997.477596,2,1113,924,1765627997477,1765627997477,0,3.34,0.0000,0.0,0.00
1765627997.500421,2,1114,925,1765627997498,1765627997500,2,3.33,0.0000,0.0,0.00
1765627997.520073,2,1115,926,1765627997520,1765627997520,0,3.31,0.0000,0.0,0.00
1765627997.542736,2,1116,927,1765627997542,1765627997542,0,3.11,0.0000,0.0,0.00
1765627997.553477,2,1117,928,1765627997552,1765627997552,0,3.34,0.0000,0.0,0.00
1765627997.574737,2,1118,929,1765627997574,1765627997574,0,3.11,0.0000,0.0,0.00
1765627997.585530,2,1119,930,1765627997585,1765627997585,0,3.28,0.0000,0.0,0.00
1765627997.606917,2,1120,931,1765627997606,1765627997606,0,3.25,0.0000,0.0,0.00
1765627997.628301,2,1121,932,1765627997628,1765627997628,0,3.26,0.0000,0.0,0.00
1765627997.653559,2,1122,933,1765627997650,1765627997652,2,3.27,0.0000,0.0,0.00
1765627997.661541,2,1123,934,1765627997661,1765627997661,0,3.49,0.0000,0.0,0.00
1765627997.684654,2,1124,935,1765627997682,1765627997684,2,3.45,0.0000,0.0,0.00
1765627997.703705,2,1125,936,1765627997703,1765627997703,0,3.45,0.0000,0.0,0.00
1765627997.726048,2,1126,937,1765627997725,1765627997725,0,3.42,0.0000,0.0,0.00
1765627997.751453,2,1127,938,1765627997748,1765627997751,3,3.41,0.0000,0.0,0.00
1765627997.769053,2,1128,939,1765627997769,1765627997769,0,3.43,0.0000,0.0,0.00
1765627997.790479,2,1129,940,1765627997790,1765627997790,0,3.43,0.0000,0.0,0.00
1765627997.801696,2,1130,941,1765627997801,1765627997801,0,3.63,0.0000,0.0,0.00
1765627997.889501,2,1131,942,1765627997882,1765627997889,7,4.30,0.0000,0.0,0.00
1765627997.894425,2,1132,943,1765627997894,1765627997894,0,4.63,0.0000,0.0,0.00
1765627997.906097,2,1133,944,1765627997906,1765627997906,0,4.74,0.0000,0.0,0.00
1765627997.923807,2,1134,945,1765627997918,1765627997923,5,4.50,0.0000,0.0,0.00
1765627997.930727,2,1135,946,1765627997929,1765627997929,0,4.79,0.0000,0.0,0.00
1765627997.953752,2,1136,947,1765627997951,1765627997952,1,4.79,0.0000,0.0,0.00
1765627997.972196,2,1137,948,1765627997972,1765627997972,0,4.78,0.0000,0.0,0.00
1765627997.993085,2,1138,949,1765627997993,1765627997993,0,4.64,0.0000,0.0,0.00
1765627998.015267,2,1139,950,1765627998014,1765627998014,0,4.65,0.0000,0.0,0.00
1765627998.026459,2,1140,951,1765627998025,1765627998025,0,4.83,0.0000,0.0,0.00
1765627998.047569,2,1141,952,1765627998047,1765627998047,0,4.66,0.0000,0.0,0.00
1765627998.058705,2,1142,953,1765627998058,1765627998058,0,4.85,0.0000,0.0,0.00
1765627998.079939,2,1143,954,1765627998079,1765627998079,0,4.80,0.0000,0.0,0.00
1765627998.106936,2,1144,955,1765627998101,1765627998105,4,4.83,0.0000,0.0,0.00
1765627998.122896,2,1145,956,1765627998122,1765627998122,0,4.87,0.0000,0.0,0.00
1765627998.136988,2,1146,957,1765627998133,1765627998135,2,4.87,0.0000,0.0,0.00
1765627998.145172,2,1147,958,1765627998144,1765627998144,0,4.87,0.0000,0.0,0.00
1765627998.170739,2,1148,959,1765627998165,1765627998170,5,4.74,0.0000,0.0,0.00
1765627998.187613,2,1149,960,1765627998187,1765627998187,0,4.80,0.0000,0.0,0.00
1765627998.208619,2,1150,961,1765627998208,1765627998208,0,4.76,0.0000,0.0,0.00
1765627998.229222,2,1151,962,1765627998229,1765627998229,0,4.75,0.0000,0.0,0.00
1765627998.250814,2,1152,963,1765627998250,1765627998250,0,4.75,0.0000,0.0,0.00
1765627998.271795,2,1153,964,1765627998271,1765627998271,0,4.75,0.0000,0.0,0.00
1765627998.293879,2,1154,965,1765627998293,1765627998293,0,4.74,0.0000,0.0,0.00
1765627998.316229,2,1155,966,1765627998314,1765627998316,2,4.76,0.0000,0.0,0.00
1765627998.335973,2,1156,967,1765627998335,1765627998335,0,4.78,0.0000,0.0,0.00
1765627998.358011,2,1157,968,1765627998357,1765627998357,0,4.79,0.0000,0.0,0.00
1765627998.380715,2,1158,969,1765627998378,1765627998380,2,4.81,0.0000,0.0,0.00
1765627998.399994,2,1159,970,1765627998399,1765627998399,0,4.83,0.0000,0.0,0.00
1765627998.421230,2,1160,971,1765627998421,1765627998421,0,4.83,0.0000,0.0,0.00
1765627998.445642,2,1161,972,1765627998442,1765627998445,3,4.82,0.0000,0.0,0.00
1765627998.463864,2,1162,973,1765627998463,1765627998463,0,4.61,0.0000,0.0,0.00
1765627998.485378,2,1163,974,1765627998484,1765627998484,0,4.61,0.0000,0.0,0.00
1765627998.506807,2,1164,975,1765627998506,1765627998506,0,4.62,0.0000,0.0,0.00
1765627998.517942,2,1165,976,1765627998517,1765627998517,0,4.80,0.0000,0.0,0.00
1765627998.539431,2,1166,977,1765627998539,1765627998539,0,4.81,0.0000,0.0,0.00
1765627998.561183,2,1167,978,1765627998561,1765627998561,0,4.77,0.0000,0.0,0.00
1765627998.584735,2,1168,979,1765627998582,1765627998584,2,4.77,0.0000,0.0,0.00
1765627998.604183,2,1169,980,1765627998603,1765627998604,1,4.76,0.0000,0.0,0.00
1765627998.625469,2,1170,982,1765627998624,1765627998624,0,4.75,0.0000,0.0,0.00
1765627998.646223,2,1171,983,1765627998646,1765627998646,0,4.72,0.0000,0.0,0.00
1765627998.667366,2,1172,984,1765627998667,1765627998667,0,4.71,0.0000,0.0,0.00
1765627998.688761,2,1173,985,1765627998688,1765627998688,0,4.71,0.0000,0.0,0.00
1765627998.700605,2,1174,986,1765627998700,1765627998700,0,4.83,0.0000,0.0,0.00
1765627998.722307,2,1175,987,1765627998722,1765627998722,0,4.86,0.0000,0.0,0.00
1765627998.742878,2,1176,988,1765627998742,1765627998742,0,4.83,0.0000,0.0,0.00
1765627998.768666,2,1177,989,1765627998764,1765627998768,4,4.71,0.0000,0.0,0.00
1765627998.788113,2,1178,990,1765627998786,1765627998787,1,4.71,0.0000,0.0,0.00
1765627998.807401,2,1179,991,1765627998807,1765627998807,0,4.54,0.0000,0.0,0.00
1765627998.818851,2,1180,992,1765627998818,1765627998818,0,4.71,0.0000,0.0,0.00
1765627998.839814,2,1181,993,1765627998839,1765627998839,0,4.69,0.0000,0.0,0.00
1765627998.861612,2,1182,994,1765627998861,1765627998861,0,4.66,0.0000,0.0,0.00
1765627998.884440,2,1183,995,1765627998882,1765627998884,2,4.49,0.0000,0.0,0.00
1765627998.903547,2,1184,996,1765627998903,1765627998903,0,4.47,0.0000,0.0,0.00
1765627998.924911,2,1185,997,1765627998924,1765627998924,0,4.46,0.0000,0.0,0.00
1765627998.950715,2,1186,998,1765627998946,1765627998950,4,4.51,0.0000,0.0,0.00
1765627998.968875,2,1187,999,1765627998968,1765627998968,0,4.48,0.0000,0.0,0.00
1765627998.989512,2,1188,1000,1765627998989,1765627998989,0,4.44,0.0000,0.0,0.00
1765627999.010810,2,1189,1001,1765627999010,1765627999010,0,4.44,0.0000,0.0,0.00
1765627999.033251,2,1190,1002,1765627999032,1765627999033,1,4.29,0.0000,0.0,0.00
1765627999.043378,2,1191,1003,1765627999043,1765627999043,0,3.69,0.0000,0.0,0.00
1765627999.067285,2,1192,1004,1765627999065,1765627999067,2,3.41,0.0000,0.0,0.00
1765627999.078392,2,1193,1005,1765627999077,1765627999077,0,3.46,0.0000,0.0,0.00
1765627999.099624,2,1194,1006,1765627999099,1765627999099,0,3.43,0.0000,0.0,0.00
1765627999.120343,2,1195,1007,1765627999120,1765627999120,0,3.11,0.0000,0.0,0.00
1765627999.142066,2,1196,1008,1765627999142,1765627999142,0,3.11,0.0000,0.0,0.00
1765627999.163606,2,1197,1009,1765627999163,1765627999163,0,3.11,0.0000,0.0,0.00
1765627999.185302,2,1198,1010,1765627999185,1765627999185,0,3.12,0.0000,0.0,0.00
1765627999.206720,2,1199,1011,1765627999206,1765627999206,0,3.12,0.0000,0.0,0.00
1765627999.229562,2,1200,1012,1765627999228,1765627999229,1,2.94,0.0000,0.0,0.00
1765627999.249753,2,1201,1013,1765627999249,1765627999249,0,2.92,0.0000,0.0,0.00
1765627999.270169,2,1202,1014,1765627999270,1765627999270,0,2.73,0.0000,0.0,0.00
1765627999.295531,2,1203,1015,1765627999292,1765627999295,3,2.78,0.0000,0.0,0.00
1765627999.304081,2,1204,1016,1765627999304,1765627999304,0,2.96,0.0000,0.0,0.00
1765627999.314956,2,1205,1017,1765627999314,1765627999314,0,3.13,0.0000,0.0,0.00
1765627999.336314,2,1206,1018,1765627999336,1765627999336,0,2.98,0.0000,0.0,0.00
1765627999.361621,2,1207,1019,1765627999358,1765627999360,2,2.77,0.0000,0.0,0.00
1765627999.379452,2,1208,1020,1765627999379,1765627999379,0,2.73,0.0000,0.0,0.00
1765627999.400571,2,1209,1021,1765627999400,1765627999400,0,2.67,0.0000,0.0,0.00
1765627999.421747,2,1210,1022,1765627999421,1765627999421,0,2.67,0.0000,0.0,0.00
1765627999.444541,2,1211,1023,1765627999443,1765627999444,1,2.69,0.0000,0.0,0.00
1765627999.464549,2,1212,1024,1765627999464,1765627999464,0,2.69,0.0000,0.0,0.00
1765627999.476977,2,1213,1025,1765627999475,1765627999476,1,2.86,0.0000,0.0,0.00
1765627999.497335,2,1214,1026,1765627999497,1765627999497,0,2.85,0.0000,0.0,0.00
1765627999.518435,2,1215,1027,1765627999518,1765627999518,0,2.82,0.0000,0.0,0.00
1765627999.543602,2,1216,1028,1765627999540,1765627999543,3,2.86,0.0000,0.0,0.00
1765627999.551844,2,1217,1029,1765627999550,1765627999550,0,3.14,0.0000,0.0,0.00
1765627999.577370,2,1218,1030,1765627999572,1765627999575,3,3.16,0.0000,0.0,0.00
1765627999.583699,2,1219,1031,1765627999583,1765627999583,0,3.43,0.0000,0.0,0.00
1765627999.595041,2,1220,1032,1765627999595,1765627999595,0,3.60,0.0000,0.0,0.00
1765627999.616340,2,1221,1033,1765627999616,1765627999616,0,3.58,0.0000,0.0,0.00
1765627999.641522,2,1222,1034,1765627999637,1765627999641,4,3.58,0.0000,0.0,0.00
1765627999.658449,2,1223,1035,1765627999658,1765627999658,0,3.64,0.0000,0.0,0.00
1765627999.679250,2,1224,1036,1765627999679,1765627999679,0,3.63,0.0000,0.0,0.00
1765627999.701234,2,1225,1037,1765627999701,1765627999701,0,3.43,0.0000,0.0,0.00
1765627999.722980,2,1226,1038,1765627999722,1765627999722,0,3.43,0.0000,0.0,0.00
1765627999.744041,2,1227,1039,1765627999744,1765627999744,0,3.43,0.0000,0.0,0.00
1765627999.765043,2,1228,1040,1765627999765,1765627999765,0,3.41,0.0000,0.0,0.00
1765627999.788363,2,1229,1042,1765627999787,1765627999788,1,3.43,0.0000,0.0,0.00
1765627999.798062,2,1230,1043,1765627999798,1765627999798,0,3.67,0.0000,0.0,0.00
1765627999.809472,2,1231,1044,1765627999809,1765627999809,0,3.85,0.0000,0.0,0.00
1765627999.821987,2,1232,1045,1765627999821,1765627999821,0,4.01,0.0000,0.0,0.00
1765627999.843408,2,1233,1046,1765627999843,1765627999843,0,4.02,0.0000,0.0,0.00
1765627999.864954,2,1234,1047,1765627999864,1765627999864,0,3.86,0.0000,0.0,0.00
1765627999.886518,2,1235,1048,1765627999886,1765627999886,0,3.86,0.0000,0.0,0.00
1765627999.907997,2,1236,1049,1765627999907,1765627999907,0,3.87,0.0000,0.0,0.00
1765627999.929884,2,1237,1050,1765627999929,1765627999929,0,3.83,0.0000,0.0,0.00
1765627999.951349,2,1238,1051,1765627999950,1765627999951,1,3.85,0.0000,0.0,0.00
1765627999.971765,2,1239,1052,1765627999971,1765627999971,0,3.85,0.0000,0.0,0.00
1765627999.993057,2,1240,1053,1765627999993,1765627999993,0,3.66,0.0000,0.0,0.00
1765628000.019665,2,1241,1054,1765628000015,1765628000018,3,3.69,0.0000,0.0,0.00
1765628000.026916,2,1242,1055,1765628000025,1765628000026,1,3.96,0.0000,0.0,0.00
1765628000.038167,2,1243,1056,1765628000037,1765628000037,0,4.12,0.0000,0.0,0.00
1765628000.051032,2,1244,1057,1765628000048,1765628000051,3,4.24,0.0000,0.0,0.00
1765628000.069364,2,1245,1058,1765628000069,1765628000069,0,4.25,0.0000,0.0,0.00
1765628000.090554,2,1246,1059,1765628000090,1765628000090,0,4.20,0.0000,0.0,0.00
1765628000.114864,2,1247,1060,1765628000111,1765628000114,3,4.22,0.0000,0.0,0.00
1765628000.132871,2,1248,1061,1765628000132,1765628000132,0,4.23,0.0000,0.0,0.00
1765628000.153601,2,1249,1062,1765628000153,1765628000153,0,4.23,0.0000,0.0,0.00
1765628000.175078,2,1250,1063,1765628000175,1765628000175,0,4.22,0.0000,0.0,0.00
1765628000.199663,2,1251,1064,1765628000195,1765628000199,4,4.05,0.0000,0.0,0.00
1765628000.217265,2,1252,1065,1765628000217,1765628000217,0,4.03,0.0000,0.0,0.00
1765628000.238500,2,1253,1066,1765628000238,1765628000238,0,3.83,0.0000,0.0,0.00
1765628000.259546,2,1254,1067,1765628000259,1765628000259,0,3.82,0.0000,0.0,0.00
1765628000.286137,2,1255,1068,1765628000280,1765628000286,6,3.88,0.0000,0.0,0.00
1765628000.303341,2,1256,1069,1765628000302,1765628000303,1,3.91,0.0000,0.0,0.00
1765628000.323488,2,1257,1070,1765628000323,1765628000323,0,3.90,0.0000,0.0,0.00
1765628000.344870,2,1258,1071,1765628000344,1765628000344,0,3.89,0.0000,0.0,0.00
1765628000.369786,2,1259,1072,1765628000366,1765628000369,3,3.93,0.0000,0.0,0.00
1765628000.388036,2,1260,1073,1765628000388,1765628000388,0,3.90,0.0000,0.0,0.00
1765628000.409600,2,1261,1074,1765628000409,1765628000409,0,3.91,0.0000,0.0,0.00
1765628000.430568,2,1262,1075,1765628000430,1765628000430,0,3.91,0.0000,0.0,0.00
1765628000.454290,2,1263,1076,1765628000452,1765628000454,2,3.90,0.0000,0.0,0.00
1765628000.472794,2,1264,1077,1765628000472,1765628000472,0,3.70,0.0000,0.0,0.00
1765628000.486611,2,1265,1078,1765628000484,1765628000486,2,3.60,0.0000,0.0,0.00
1765628000.505447,2,1266,1079,1765628000505,1765628000505,0,3.59,0.0000,0.0,0.00
1765628000.526447,2,1267,1080,1765628000526,1765628000526,0,3.56,0.0000,0.0,0.00
1765628000.548254,2,1268,1081,1765628000548,1765628000548,0,3.57,0.0000,0.0,0.00
1765628000.559635,2,1269,1082,1765628000559,1765628000559,0,3.74,0.0000,0.0,0.00
1765628000.581403,2,1270,1083,1765628000581,1765628000581,0,3.76,0.0000,0.0,0.00
1765628000.592330,2,1271,1084,1765628000592,1765628000592,0,3.89,0.0000,0.0,0.00
1765628000.614469,2,1272,1086,1765628000614,1765628000614,0,3.92,0.0000,0.0,0.00
1765628000.626080,2,1273,1088,1765628000626,1765628000626,0,3.92,0.0000,0.0,0.00
1765628000.647546,2,1274,1089,1765628000647,1765628000647,0,3.92,0.0000,0.0,0.00
1765628000.672627,2,1275,1090,1765628000668,1765628000671,3,3.95,0.0000,0.0,0.00
1765628000.689987,2,1276,1091,1765628000689,1765628000689,0,3.91,0.0000,0.0,0.00
1765628000.711527,2,1277,1092,1765628000711,1765628000711,0,3.68,0.0000,0.0,0.00
1765628000.732602,2,1278,1093,1765628000732,1765628000732,0,3.63,0.0000,0.0,0.00
1765628000.754953,2,1279,1094,1765628000753,1765628000754,1,3.41,0.0000,0.0,0.00
1765628000.775424,2,1280,1095,1765628000775,1765628000775,0,3.26,0.0000,0.0,0.00
1765628000.797242,2,1281,1096,1765628000797,1765628000797,0,3.27,0.0000,0.0,0.00
1765628000.822558,2,1282,1097,1765628000819,1765628000822,3,3.27,0.0000,0.0,0.00
1765628000.830094,2,1283,1098,1765628000830,1765628000830,0,3.47,0.0000,0.0,0.00
1765628000.855344,2,1284,1099,1765628000852,1765628000855,3,3.51,0.0000,0.0,0.00
1765628000.862849,2,1285,1100,1765628000862,1765628000862,0,3.77,0.0000,0.0,0.00
1765628000.874033,2,1286,1101,1765628000874,1765628000874,0,3.91,0.0000,0.0,0.00
1765628000.895369,2,1287,1102,1765628000895,1765628000895,0,3.90,0.0000,0.0,0.00
1765628000.916451,2,1288,1103,1765628000916,1765628000916,0,3.90,0.0000,0.0,0.00
1765628000.928071,2,1289,1104,1765628000927,1765628000928,1,4.00,0.0000,0.0,0.00
1765628000.948745,2,1290,1105,1765628000948,1765628000948,0,3.82,0.0000,0.0,0.00
1765628000.973100,2,1291,1106,1765628000970,1765628000972,2,3.69,0.0000,0.0,0.00
1765628000.991237,2,1292,1107,1765628000991,1765628000991,0,3.53,0.0000,0.0,0.00
1765628001.013462,2,1293,1108,1765628001012,1765628001012,0,3.52,0.0000,0.0,0.00
1765628001.034507,2,1294,1109,1765628001033,1765628001034,1,3.53,0.0000,0.0,0.00
1765628001.056492,2,1295,1110,1765628001054,1765628001056,2,3.53,0.0000,0.0,0.00
1765628001.076432,2,1296,1111,1765628001076,1765628001076,0,3.52,0.0000,0.0,0.00
1765628001.097290,2,1297,1112,1765628001097,1765628001097,0,3.51,0.0000,0.0,0.00
1765628001.125034,2,1298,1113,1765628001118,1765628001125,7,3.58,0.0000,0.0,0.00
1765628001.130749,2,1299,1114,1765628001130,1765628001130,0,3.89,0.0000,0.0,0.00
1765628001.141882,2,1300,1115,1765628001141,1765628001141,0,4.03,0.0000,0.0,0.00
1765628001.162934,2,1301,1116,1765628001162,1765628001162,0,3.98,0.0000,0.0,0.00
1765628001.183997,2,1302,1117,1765628001183,1765628001183,0,3.76,0.0000,0.0,0.00
1765628001.206854,2,1303,1118,1765628001205,1765628001206,1,3.62,0.0000,0.0,0.00
1765628001.226688,2,1304,1119,1765628001226,1765628001226,0,3.50,0.0000,0.0,0.00
1765628001.247835,2,1305,1120,1765628001247,1765628001247,0,3.48,0.0000,0.0,0.00
1765628001.269455,2,1306,1121,1765628001269,1765628001269,0,3.49,0.0000,0.0,0.00
1765628001.292320,2,1307,1122,1765628001291,1765628001291,0,3.47,0.0000,0.0,0.00
1765628001.312568,2,1308,1123,1765628001312,1765628001312,0,3.44,0.0000,0.0,0.00
1765628001.333563,2,1309,1125,1765628001333,1765628001333,0,3.44,0.0000,0.0,0.00
1765628001.344890,2,1310,1126,1765628001344,1765628001344,0,3.62,0.0000,0.0,0.00
1765628001.366056,2,1311,1127,1765628001366,1765628001366,0,3.60,0.0000,0.0,0.00
1765628001.388440,2,1312,1128,1765628001387,1765628001387,0,3.58,0.0000,0.0,0.00
1765628001.408948,2,1313,1129,1765628001408,1765628001408,0,3.58,0.0000,0.0,0.00
1765628001.429971,2,1314,1130,1765628001429,1765628001429,0,3.58,0.0000,0.0,0.00
1765628001.451033,2,1315,1131,1765628001451,1765628001451,0,3.54,0.0000,0.0,0.00
1765628001.472289,2,1316,1132,1765628001472,1765628001472,0,3.49,0.0000,0.0,0.00
1765628001.493478,2,1317,1133,1765628001493,1765628001493,0,3.50,0.0000,0.0,0.00
1765628001.514776,2,1318,1134,1765628001514,1765628001514,0,3.50,0.0000,0.0,0.00
1765628001.536695,2,1319,1135,1765628001536,1765628001536,0,3.47,0.0000,0.0,0.00
1765628001.547379,2,1320,1136,1765628001547,1765628001547,0,3.67,0.0000,0.0,0.00
1765628001.569227,2,1321,1137,1765628001569,1765628001569,0,3.68,0.0000,0.0,0.00
1765628001.591423,2,1322,1138,1765628001590,1765628001590,0,3.68,0.0000,0.0,0.00
1765628001.613399,2,1323,1139,1765628001612,1765628001613,1,3.67,0.0000,0.0,0.00
1765628001.624074,2,1324,1140,1765628001622,1765628001622,0,3.89,0.0000,0.0,0.00
1765628001.634120,2,1325,1141,1765628001634,1765628001634,0,3.94,0.0000,0.0,0.00
1765628001.655555,2,1326,1142,1765628001655,1765628001655,0,3.95,0.0000,0.0,0.00
1765628001.677828,2,1327,1143,1765628001676,1765628001677,1,3.96,0.0000,0.0,0.00
1765628001.698200,2,1328,1144,1765628001698,1765628001698,0,3.95,0.0000,0.0,0.00
1765628001.719251,2,1329,1145,1765628001719,1765628001719,0,3.76,0.0000,0.0,0.00
1765628001.740761,2,1330,1146,1765628001740,1765628001740,0,3.75,0.0000,0.0,0.00
1765628001.763346,2,1331,1147,1765628001762,1765628001763,1,3.56,0.0000,0.0,0.00
1765628001.783888,2,1332,1148,1765628001783,1765628001783,0,3.54,0.0000,0.0,0.00
1765628001.805449,2,1333,1149,1765628001805,1765628001805,0,3.36,0.0000,0.0,0.00
1765628001.830932,2,1334,1150,1765628001826,1765628001829,3,3.38,0.0000,0.0,0.00
1765628001.838607,2,1335,1151,1765628001838,1765628001838,0,3.63,0.0000,0.0,0.00
1765628001.861993,2,1336,1152,1765628001859,1765628001861,2,3.61,0.0000,0.0,0.00
1765628001.881002,2,1337,1153,1765628001881,1765628001881,0,3.60,0.0000,0.0,0.00
1765628001.902359,2,1338,1154,1765628001902,1765628001902,0,3.60,0.0000,0.0,0.00
1765628001.924019,2,1339,1155,1765628001924,1765628001924,0,3.60,0.0000,0.0,0.00
1765628001.946336,2,1340,1156,1765628001945,1765628001946,1,3.61,0.0000,0.0,0.00
1765628001.966977,2,1341,1157,1765628001966,1765628001966,0,3.59,0.0000,0.0,0.00
1765628001.988311,2,1342,1158,1765628001988,1765628001988,0,3.57,0.0000,0.0,0.00
1765628002.012672,2,1343,1159,1765628002009,1765628002012,3,3.29,0.0000,0.0,0.00
1765628002.020944,2,1344,1160,1765628002020,1765628002020,0,3.57,0.0000,0.0,0.00
1765628002.032599,2,1345,1161,1765628002032,1765628002032,0,3.43,0.0000,0.0,0.00
1765628002.054077,2,1346,1162,1765628002054,1765628002054,0,3.24,0.0000,0.0,0.00
1765628002.080194,2,1347,1163,1765628002075,1765628002080,5,3.27,0.0000,0.0,0.00
1765628002.088212,2,1348,1164,1765628002087,1765628002087,0,3.61,0.0000,0.0,0.00
1765628002.098391,2,1349,1165,1765628002098,1765628002098,0,3.63,0.0000,0.0,0.00
1765628002.111926,2,1350,1166,1765628002109,1765628002110,1,3.83,0.0000,0.0,0.00
1765628002.131078,2,1351,1167,1765628002131,1765628002131,0,3.80,0.0000,0.0,0.00
1765628002.153728,2,1352,1168,1765628002152,1765628002152,0,3.81,0.0000,0.0,0.00
1765628002.164337,2,1353,1169,1765628002163,1765628002163,0,4.01,0.0000,0.0,0.00
1765628002.185170,2,1354,1170,1765628002185,1765628002185,0,4.01,0.0000,0.0,0.00
1765628002.206796,2,1355,1171,1765628002206,1765628002206,0,4.01,0.0000,0.0,0.00
1765628002.230149,2,1356,1172,1765628002228,1765628002230,2,4.03,0.0000,0.0,0.00
1765628002.239702,2,1357,1173,1765628002239,1765628002239,0,4.28,0.0000,0.0,0.00
1765628002.264042,2,1358,1174,1765628002260,1765628002264,4,4.26,0.0000,0.0,0.00
1765628002.283237,2,1359,1175,1765628002281,1765628002281,0,3.95,0.0000,0.0,0.00
1765628002.297338,2,1360,1176,1765628002293,1765628002296,3,3.85,0.0000,0.0,0.00
1765628002.314524,2,1361,1177,1765628002314,1765628002314,0,3.87,0.0000,0.0,0.00
1765628002.335888,2,1362,1178,1765628002335,1765628002335,0,3.87,0.0000,0.0,0.00
1765628002.357045,2,1363,1179,1765628002357,1765628002357,0,3.86,0.0000,0.0,0.00
1765628002.378377,2,1364,1180,1765628002378,1765628002378,0,3.87,0.0000,0.0,0.00
1765628002.389565,2,1365,1181,1765628002389,1765628002389,0,4.05,0.0000,0.0,0.00
1765628002.412561,2,1366,1182,1765628002410,1765628002411,1,4.05,0.0000,0.0,0.00
1765628002.431798,2,1367,1183,1765628002431,1765628002431,0,4.03,0.0000,0.0,0.00
1765628002.452910,2,1368,1184,1765628002452,1765628002452,0,4.03,0.0000,0.0,0.00
1765628002.475131,2,1369,1185,1765628002474,1765628002474,0,4.04,0.0000,0.0,0.00
1765628002.485346,2,1370,1186,1765628002485,1765628002485,0,4.04,0.0000,0.0,0.00
1765628002.508513,2,1371,1187,1765628002506,1765628002506,0,4.03,0.0000,0.0,0.00
1765628002.518098,2,1372,1188,1765628002518,1765628002518,0,4.18,0.0000,0.0,0.00
1765628002.529244,2,1373,1189,1765628002529,1765628002529,0,4.34,0.0000,0.0,0.00
1765628002.550632,2,1374,1190,1765628002550,1765628002550,0,4.34,0.0000,0.0,0.00
1765628002.571978,2,1375,1191,1765628002571,1765628002571,0,4.33,0.0000,0.0,0.00
1765628002.594390,2,1376,1192,1765628002593,1765628002594,1,4.35,0.0000,0.0,0.00
1765628002.614608,2,1377,1193,1765628002614,1765628002614,0,4.34,0.0000,0.0,0.00
1765628002.636035,2,1378,1195,1765628002636,1765628002636,0,4.35,0.0000,0.0,0.00
1765628002.660594,2,1379,1196,1765628002658,1765628002659,1,4.36,0.0000,0.0,0.00
1765628002.668796,2,1380,1197,1765628002668,1765628002668,0,4.41,0.0000,0.0,0.00
1765628002.694657,2,1381,1198,1765628002690,1765628002693,3,4.44,0.0000,0.0,0.00
1765628002.702525,2,1382,1199,1765628002702,1765628002702,0,4.64,0.0000,0.0,0.00
1765628002.726750,2,1383,1200,1765628002723,1765628002726,3,4.65,0.0000,0.0,0.00
1765628002.744975,2,1384,1201,1765628002744,1765628002744,0,4.44,0.0000,0.0,0.00
1765628002.767283,2,1385,1202,1765628002766,1765628002767,1,4.33,0.0000,0.0,0.00
1765628002.778540,2,1386,1203,1765628002777,1765628002777,0,4.51,0.0000,0.0,0.00
1765628002.793355,2,1387,1205,1765628002789,1765628002793,4,4.53,0.0000,0.0,0.00
1765628002.800470,2,1388,1206,1765628002800,1765628002800,0,4.76,0.0000,0.0,0.00
1765628002.824763,2,1389,1207,1765628002821,1765628002824,3,4.79,0.0000,0.0,0.00
1765628002.843482,2,1390,1208,1765628002843,1765628002843,0,4.77,0.0000,0.0,0.00
1765628002.865149,2,1391,1209,1765628002864,1765628002864,0,4.75,0.0000,0.0,0.00
1765628002.885942,2,1392,1210,1765628002885,1765628002885,0,4.76,0.0000,0.0,0.00
1765628002.908081,2,1393,1211,1765628002907,1765628002908,1,4.77,0.0000,0.0,0.00
1765628002.928830,2,1394,1212,1765628002928,1765628002928,0,4.72,0.0000,0.0,0.00
1765628002.950655,2,1395,1213,1765628002950,1765628002950,0,4.56,0.0000,0.0,0.00
1765628002.975042,2,1396,1214,1765628002971,1765628002975,4,4.58,0.0000,0.0,0.00
1765628002.992639,2,1397,1215,1765628002992,1765628002992,0,4.60,0.0000,0.0,0.00
1765628003.013987,2,1398,1216,1765628003013,1765628003013,0,4.60,0.0000,0.0,0.00
1765628003.035554,2,1399,1217,1765628003035,1765628003035,0,4.60,0.0000,0.0,0.00
1765628003.060296,2,1400,1218,1765628003057,1765628003060,3,4.63,0.0000,0.0,0.00
1765628003.078662,2,1401,1219,1765628003078,1765628003078,0,4.62,0.0000,0.0,0.00
1765628003.100238,2,1402,1220,1765628003099,1765628003099,0,4.61,0.0000,0.0,0.00
1765628003.120892,2,1403,1221,1765628003120,1765628003120,0,4.58,0.0000,0.0,0.00
1765628003.143107,2,1404,1222,1765628003142,1765628003143,1,4.40,0.0000,0.0,0.00
1765628003.163218,2,1405,1223,1765628003163,1765628003163,0,4.27,0.0000,0.0,0.00
1765628003.178747,2,1406,1224,1765628003174,1765628003178,4,4.31,0.0000,0.0,0.00
1765628003.185881,2,1407,1225,1765628003185,1765628003185,0,4.47,0.0000,0.0,0.00
1765628003.207152,2,1408,1226,1765628003207,1765628003207,0,4.27,0.0000,0.0,0.00
1765628003.228444,2,1409,1227,1765628003228,1765628003228,0,4.12,0.0000,0.0,0.00
1765628003.249503,2,1410,1228,1765628003249,1765628003249,0,3.99,0.0000,0.0,0.00
1765628003.271368,2,1411,1229,1765628003271,1765628003271,0,4.00,0.0000,0.0,0.00
1765628003.296560,2,1412,1230,1765628003293,1765628003296,3,4.04,0.0000,0.0,0.00
1765628003.314090,2,1413,1231,1765628003314,1765628003314,0,3.89,0.0000,0.0,0.00
1765628003.335605,2,1414,1232,1765628003335,1765628003335,0,3.88,0.0000,0.0,0.00
1765628003.356807,2,1415,1233,1765628003356,1765628003356,0,3.88,0.0000,0.0,0.00
1765628003.378847,2,1416,1234,1765628003377,1765628003378,1,3.86,0.0000,0.0,0.00
1765628003.398894,2,1417,1235,1765628003398,1765628003398,0,3.63,0.0000,0.0,0.00
1765628003.410613,2,1418,1236,1765628003410,1765628003410,0,3.73,0.0000,0.0,0.00
1765628003.421438,2,1419,1237,1765628003421,1765628003421,0,3.87,0.0000,0.0,0.00
1765628003.443072,2,1420,1238,1765628003443,1765628003443,0,3.81,0.0000,0.0,0.00
1765628003.464472,2,1421,1239,1765628003464,1765628003464,0,3.80,0.0000,0.0,0.00
1765628003.485790,2,1422,1240,1765628003485,1765628003485,0,3.80,0.0000,0.0,0.00
1765628003.512186,2,1423,1241,1765628003507,1765628003511,4,3.84,0.0000,0.0,0.00
1765628003.528853,2,1424,1242,1765628003528,1765628003528,0,3.87,0.0000,0.0,0.00
1765628003.550566,2,1425,1243,1765628003550,1765628003550,0,3.71,0.0000,0.0,0.00
1765628003.571683,2,1426,1244,1765628003571,1765628003571,0,3.70,0.0000,0.0,0.00
1765628003.593035,2,1427,1245,1765628003593,1765628003593,0,3.72,0.0000,0.0,0.00
1765628003.614372,2,1428,1246,1765628003614,1765628003614,0,3.72,0.0000,0.0,0.00
1765628003.636226,2,1429,1247,1765628003635,1765628003635,0,3.71,0.0000,0.0,0.00
1765628003.658265,2,1430,1248,1765628003657,1765628003657,0,3.54,0.0000,0.0,0.00
1765628003.678596,2,1431,1249,1765628003678,1765628003678,0,3.54,0.0000,0.0,0.00
1765628003.692030,2,1432,1250,1765628003690,1765628003690,0,3.54,0.0000,0.0,0.00
1765628003.702312,2,1433,1251,1765628003702,1765628003702,0,3.51,0.0000,0.0,0.00
1765628003.727242,2,1434,1252,1765628003724,1765628003725,1,3.53,0.0000,0.0,0.00
1765628003.745241,2,1435,1253,1765628003745,1765628003745,0,3.52,0.0000,0.0,0.00
1765628003.767490,2,1436,1254,1765628003766,1765628003767,1,3.51,0.0000,0.0,0.00
1765628003.779505,2,1437,1255,1765628003777,1765628003777,0,3.73,0.0000,0.0,0.00
1765628003.794406,2,1438,1256,1765628003789,1765628003794,5,3.76,0.0000,0.0,0.00
1765628003.810894,2,1439,1257,1765628003810,1765628003810,0,3.79,0.0000,0.0,0.00
1765628003.832783,2,1440,1258,1765628003832,1765628003832,0,3.59,0.0000,0.0,0.00
1765628003.853958,2,1441,1259,1765628003853,1765628003853,0,3.54,0.0000,0.0,0.00
1765628003.876038,2,1442,1260,1765628003874,1765628003874,0,3.32,0.0000,0.0,0.00
1765628003.886720,2,1443,1261,1765628003886,1765628003886,0,3.44,0.0000,0.0,0.00
1765628003.910430,2,1444,1262,1765628003908,1765628003909,1,3.45,0.0000,0.0,0.00
1765628003.928864,2,1445,1263,1765628003928,1765628003928,0,3.42,0.0000,0.0,0.00
1765628003.949991,2,1446,1264,1765628003949,1765628003949,0,3.22,0.0000,0.0,0.00
1765628003.975986,2,1447,1266,1765628003971,1765628003975,4,3.20,0.0000,0.0,0.00
1765628003.994422,2,1448,1267,1765628003993,1765628003994,1,2.91,0.0000,0.0,0.00
1765628004.010342,2,1449,1268,1765628004004,1765628004010,6,2.96,0.0000,0.0,0.00
1765628004.015999,2,1450,1269,1765628004015,1765628004015,0,3.29,0.0000,0.0,0.00
1765628004.027111,2,1451,1270,1765628004027,1765628004027,0,3.44,0.0000,0.0,0.00
1765628004.048516,2,1452,1271,1765628004048,1765628004048,0,3.44,0.0000,0.0,0.00
1765628004.070175,2,1453,1272,1765628004070,1765628004070,0,3.43,0.0000,0.0,0.00
1765628004.091791,2,1454,1273,1765628004090,1765628004091,1,3.44,0.0000,0.0,0.00
1765628004.101914,2,1455,1274,1765628004101,1765628004101,0,3.62,0.0000,0.0,0.00
1765628004.126508,2,1456,1275,1765628004123,1765628004125,2,3.61,0.0000,0.0,0.00
1765628004.144385,2,1457,1276,1765628004144,1765628004144,0,3.57,0.0000,0.0,0.00
1765628004.165737,2,1458,1277,1765628004165,1765628004165,0,3.57,0.0000,0.0,0.00
1765628004.187122,2,1459,1278,1765628004187,1765628004187,0,3.57,0.0000,0.0,0.00
1765628004.208508,2,1460,1279,1765628004208,1765628004208,0,3.52,0.0000,0.0,0.00
1765628004.229792,2,1461,1280,1765628004229,1765628004229,0,3.52,0.0000,0.0,0.00
1765628004.250714,2,1462,1281,1765628004250,1765628004250,0,3.52,0.0000,0.0,0.00
1765628004.262178,2,1463,1282,1765628004262,1765628004262,0,3.66,0.0000,0.0,0.00
1765628004.283326,2,1464,1283,1765628004283,1765628004283,0,3.63,0.0000,0.0,0.00
1765628004.304779,2,1465,1284,1765628004304,1765628004304,0,3.64,0.0000,0.0,0.00
1765628004.326559,2,1466,1285,1765628004325,1765628004325,0,3.57,0.0000,0.0,0.00
1765628004.347188,2,1467,1286,1765628004347,1765628004347,0,3.32,0.0000,0.0,0.00
1765628004.368212,2,1468,1287,1765628004368,1765628004368,0,3.31,0.0000,0.0,0.00
1765628004.379776,2,1469,1288,1765628004379,1765628004379,0,3.48,0.0000,0.0,0.00
1765628004.401811,2,1470,1289,1765628004401,1765628004401,0,3.49,0.0000,0.0,0.00
1765628004.425520,2,1471,1290,1765628004422,1765628004425,3,3.51,0.0000,0.0,0.00
1765628004.444736,2,1472,1291,1765628004444,1765628004444,0,3.46,0.0000,0.0,0.00
1765628004.465815,2,1473,1292,1765628004465,1765628004465,0,3.45,0.0000,0.0,0.00
1765628004.487113,2,1474,1293,1765628004487,1765628004487,0,3.46,0.0000,0.0,0.00
1765628004.508790,2,1475,1294,1765628004508,1765628004508,0,3.46,0.0000,0.0,0.00
1765628004.529846,2,1476,1295,1765628004529,1765628004529,0,3.45,0.0000,0.0,0.00
1765628004.542875,2,1477,1296,1765628004541,1765628004542,1,3.58,0.0000,0.0,0.00
1765628004.562764,2,1478,1297,1765628004562,1765628004562,0,3.43,0.0000,0.0,0.00
1765628004.577381,2,1479,1298,1765628004574,1765628004577,3,3.34,0.0000,0.0,0.00
1765628004.597153,2,1480,1299,1765628004597,1765628004597,0,3.31,0.0000,0.0,0.00
1765628004.608170,2,1481,1300,1765628004607,1765628004607,0,3.50,0.0000,0.0,0.00
1765628004.628517,2,1482,1301,1765628004628,1765628004628,0,3.50,0.0000,0.0,0.00
1765628004.641686,2,1483,1303,1765628004639,1765628004641,2,3.57,0.0000,0.0,0.00
1765628004.650951,2,1484,1304,1765628004650,1765628004650,0,3.76,0.0000,0.0,0.00
1765628004.673496,2,1485,1305,1765628004671,1765628004672,1,3.76,0.0000,0.0,0.00
1765628004.692870,2,1486,1306,1765628004692,1765628004692,0,3.75,0.0000,0.0,0.00
1765628004.713936,2,1487,1307,1765628004713,1765628004713,0,3.74,0.0000,0.0,0.00
1765628004.735552,2,1488,1308,1765628004735,1765628004735,0,3.75,0.0000,0.0,0.00
1765628004.757039,2,1489,1309,1765628004757,1765628004757,0,3.76,0.0000,0.0,0.00
1765628004.778365,2,1490,1310,1765628004778,1765628004778,0,3.75,0.0000,0.0,0.00
1765628004.790092,2,1491,1311,1765628004789,1765628004790,1,3.89,0.0000,0.0,0.00
1765628004.800756,2,1492,1312,1765628004800,1765628004800,0,3.93,0.0000,0.0,0.00
1765628004.823184,2,1493,1313,1765628004822,1765628004823,1,3.82,0.0000,0.0,0.00
1765628004.843556,2,1494,1314,1765628004843,1765628004843,0,3.79,0.0000,0.0,0.00
1765628004.855991,2,1495,1315,1765628004854,1765628004855,1,3.93,0.0000,0.0,0.00
1765628004.876196,2,1496,1316,1765628004876,1765628004876,0,3.92,0.0000,0.0,0.00
1765628004.889869,2,1497,1317,1765628004887,1765628004888,1,3.88,0.0000,0.0,0.00
1765628004.908302,2,1498,1318,1765628004908,1765628004908,0,3.85,0.0000,0.0,0.00
1765628004.930061,2,1499,1319,1765628004930,1765628004930,0,3.82,0.0000,0.0,0.00
1765628004.950864,2,1500,1320,1765628004950,1765628004950,0,3.80,0.0000,0.0,0.00
1765628004.972929,2,1501,1321,1765628004972,1765628004972,0,3.81,0.0000,0.0,0.00
1765628004.984572,2,1502,1322,1765628004984,1765628004984,0,3.95,0.0000,0.0,0.00
1765628004.995210,2,1503,1323,1765628004995,1765628004995,0,3.97,0.0000,0.0,0.00
1765628005.016907,2,1504,1324,1765628005016,1765628005016,0,3.96,0.0000,0.0,0.00
1765628005.038312,2,1505,1325,1765628005038,1765628005038,0,3.98,0.0000,0.0,0.00
1765628005.060281,2,1506,1326,1765628005060,1765628005060,0,3.99,0.0000,0.0,0.00
1765628005.081130,2,1507,1327,1765628005081,1765628005081,0,3.95,0.0000,0.0,0.00
1765628005.105662,2,1508,1329,1765628005102,1765628005102,0,3.96,0.0000,0.0,0.00
1765628005.123861,2,1509,1330,1765628005123,1765628005123,0,3.93,0.0000,0.0,0.00
1765628005.145310,2,1510,1331,1765628005145,1765628005145,0,3.62,0.0000,0.0,0.00
1765628005.166980,2,1511,1332,1765628005166,1765628005166,0,3.46,0.0000,0.0,0.00
1765628005.190040,2,1512,1333,1765628005188,1765628005190,2,3.48,0.0000,0.0,0.00
1765628005.209908,2,1513,1334,1765628005209,1765628005209,0,3.46,0.0000,0.0,0.00
1765628005.231015,2,1514,1335,1765628005231,1765628005231,0,3.47,0.0000,0.0,0.00
1765628005.252211,2,1515,1336,1765628005252,1765628005252,0,3.26,0.0000,0.0,0.00
1765628005.276470,2,1516,1337,1765628005273,1765628005275,2,3.26,0.0000,0.0,0.00
1765628005.294487,2,1517,1338,1765628005294,1765628005294,0,3.26,0.0000,0.0,0.00
1765628005.311969,2,1518,1339,1765628005305,1765628005310,5,3.31,0.0000,0.0,0.00
1765628005.316942,2,1519,1340,1765628005316,1765628005316,0,3.61,0.0000,0.0,0.00
1765628005.338287,2,1520,1341,1765628005338,1765628005338,0,3.62,0.0000,0.0,0.00
1765628005.363253,2,1521,1342,1765628005359,1765628005363,4,3.65,0.0000,0.0,0.00
1765628005.382075,2,1522,1343,1765628005382,1765628005382,0,3.63,0.0000,0.0,0.00
1765628005.403760,2,1523,1344,1765628005403,1765628005403,0,3.48,0.0000,0.0,0.00
1765628005.427696,2,1524,1345,1765628005425,1765628005427,2,3.51,0.0000,0.0,0.00
1765628005.446905,2,1525,1346,1765628005446,1765628005446,0,3.49,0.0000,0.0,0.00
1765628005.468433,2,1526,1347,1765628005468,1765628005468,0,3.50,0.0000,0.0,0.00
1765628005.479704,2,1527,1348,1765628005479,1765628005479,0,3.67,0.0000,0.0,0.00
1765628005.501934,2,1528,1349,1765628005501,1765628005501,0,3.67,0.0000,0.0,0.00
1765628005.525703,2,1529,1350,1765628005523,1765628005525,2,3.53,0.0000,0.0,0.00
1765628005.544147,2,1530,1351,1765628005544,1765628005544,0,3.50,0.0000,0.0,0.00
1765628005.565009,2,1531,1352,1765628005565,1765628005565,0,3.47,0.0000,0.0,0.00
1765628005.585989,2,1532,1353,1765628005585,1765628005585,0,3.48,0.0000,0.0,0.00
1765628005.609720,2,1533,1354,1765628005607,1765628005609,2,3.51,0.0000,0.0,0.00
1765628005.630116,2,1534,1356,1765628005630,1765628005630,0,3.50,0.0000,0.0,0.00
1765628005.641350,2,1535,1357,1765628005641,1765628005641,0,3.67,0.0000,0.0,0.00
1765628005.652071,2,1536,1358,1765628005652,1765628005652,0,3.85,0.0000,0.0,0.00
1765628005.663461,2,1537,1359,1765628005663,1765628005663,0,3.90,0.0000,0.0,0.00
1765628005.684618,2,1538,1360,1765628005684,1765628005684,0,3.91,0.0000,0.0,0.00
1765628005.705672,2,1539,1361,1765628005705,1765628005705,0,3.83,0.0000,0.0,0.00
1765628005.726864,2,1540,1362,1765628005726,1765628005726,0,3.84,0.0000,0.0,0.00
1765628005.748674,2,1541,1363,1765628005748,1765628005748,0,3.64,0.0000,0.0,0.00
1765628005.769415,2,1542,1364,1765628005769,1765628005769,0,3.64,0.0000,0.0,0.00
1765628005.792202,2,1543,1366,1765628005792,1765628005792,0,3.54,0.0000,0.0,0.00
1765628005.803585,2,1544,1367,1765628005802,1765628005802,0,3.52,0.0000,0.0,0.00
1765628005.813859,2,1545,1368,1765628005813,1765628005813,0,3.68,0.0000,0.0,0.00
1765628005.835614,2,1546,1369,1765628005835,1765628005835,0,3.70,0.0000,0.0,0.00
1765628005.857209,2,1547,1370,1765628005857,1765628005857,0,3.71,0.0000,0.0,0.00
1765628005.868498,2,1548,1371,1765628005868,1765628005868,0,3.88,0.0000,0.0,0.00
1765628005.890234,2,1549,1372,1765628005890,1765628005890,0,3.88,0.0000,0.0,0.00
1765628005.900913,2,1550,1373,1765628005900,1765628005900,0,4.07,0.0000,0.0,0.00
1765628005.926266,2,1551,1374,1765628005922,1765628005924,2,3.95,0.0000,0.0,0.00
1765628005.934058,2,1552,1375,1765628005934,1765628005934,0,3.95,0.0000,0.0,0.00
1765628005.960091,2,1553,1376,1765628005956,1765628005960,4,3.98,0.0000,0.0,0.00
1765628005.966644,2,1554,1377,1765628005966,1765628005966,0,4.28,0.0000,0.0,0.00
1765628005.977864,2,1555,1378,1765628005977,1765628005977,0,4.31,0.0000,0.0,0.00
1765628006.000011,2,1556,1379,1765628006000,1765628006000,0,4.32,0.0000,0.0,0.00
1765628006.021153,2,1557,1380,1765628006020,1765628006021,1,4.17,0.0000,0.0,0.00
1765628006.044634,2,1558,1381,1765628006042,1765628006044,2,4.20,0.0000,0.0,0.00
1765628006.053544,2,1559,1382,1765628006053,1765628006053,0,4.42,0.0000,0.0,0.00
1765628006.065722,2,1560,1383,1765628006064,1765628006064,0,4.59,0.0000,0.0,0.00
1765628006.078175,2,1561,1384,1765628006075,1765628006078,3,4.66,0.0000,0.0,0.00
1765628006.087173,2,1562,1385,1765628006087,1765628006087,0,4.73,0.0000,0.0,0.00
1765628006.110079,2,1563,1386,1765628006108,1765628006110,2,4.60,0.0000,0.0,0.00
1765628006.130442,2,1564,1387,1765628006129,1765628006129,0,4.58,0.0000,0.0,0.00
1765628006.151509,2,1565,1388,1765628006151,1765628006151,0,4.58,0.0000,0.0,0.00
1765628006.172761,2,1566,1389,1765628006172,1765628006172,0,4.57,0.0000,0.0,0.00
1765628006.184010,2,1567,1391,1765628006184,1765628006184,0,4.70,0.0000,0.0,0.00
1765628006.206654,2,1568,1392,1765628006205,1765628006205,0,4.70,0.0000,0.0,0.00
1765628006.217064,2,1569,1393,1765628006217,1765628006217,0,4.81,0.0000,0.0,0.00
1765628006.237966,2,1570,1394,1765628006237,1765628006237,0,4.79,0.0000,0.0,0.00
1765628006.263592,2,1571,1395,1765628006259,1765628006262,3,4.84,0.0000,0.0,0.00
1765628006.271271,2,1572,1396,1765628006271,1765628006271,0,4.98,0.0000,0.0,0.00
1765628006.282702,2,1573,1397,1765628006282,1765628006282,0,5.12,0.0000,0.0,0.00
1765628006.303567,2,1574,1398,1765628006303,1765628006303,0,5.11,0.0000,0.0,0.00
1765628006.328123,2,1575,1399,1765628006324,1765628006327,3,5.14,0.0000,0.0,0.00
1765628006.336009,2,1576,1400,1765628006336,1765628006336,0,5.27,0.0000,0.0,0.00
1765628006.347225,2,1577,1401,1765628006347,1765628006347,0,5.39,0.0000,0.0,0.00
1765628006.368562,2,1578,1402,1765628006368,1765628006368,0,5.40,0.0000,0.0,0.00
1765628006.393434,2,1579,1403,1765628006389,1765628006393,4,5.23,0.0000,0.0,0.00
1765628006.410913,2,1580,1404,1765628006410,1765628006410,0,5.20,0.0000,0.0,0.00
1765628006.422093,2,1581,1405,1765628006422,1765628006422,0,5.23,0.0000,0.0,0.00
1765628006.443378,2,1582,1406,1765628006443,1765628006443,0,5.26,0.0000,0.0,0.00
1765628006.464587,2,1583,1407,1765628006464,1765628006464,0,5.26,0.0000,0.0,0.00
1765628006.485627,2,1584,1408,1765628006485,1765628006485,0,5.22,0.0000,0.0,0.00
1765628006.511962,2,1585,1409,1765628006507,1765628006511,4,5.31,0.0000,0.0,0.00
1765628006.529689,2,1586,1410,1765628006529,1765628006529,0,5.26,0.0000,0.0,0.00
1765628006.550407,2,1587,1411,1765628006550,1765628006550,0,5.16,0.0000,0.0,0.00
1765628006.571792,2,1588,1412,1765628006571,1765628006571,0,5.14,0.0000,0.0,0.00
1765628006.593812,2,1589,1413,1765628006592,1765628006593,1,5.12,0.0000,0.0,0.00
1765628006.614137,2,1590,1414,1765628006614,1765628006614,0,5.14,0.0000,0.0,0.00
1765628006.626518,2,1591,1415,1765628006625,1765628006626,1,5.22,0.0000,0.0,0.00
1765628006.647063,2,1592,1417,1765628006647,1765628006647,0,5.24,0.0000,0.0,0.00
1765628006.668785,2,1593,1418,1765628006668,1765628006668,0,5.20,0.0000,0.0,0.00
1765628006.693006,2,1594,1419,1765628006689,1765628006693,4,5.25,0.0000,0.0,0.00
1765628006.711676,2,1595,1420,1765628006711,1765628006711,0,5.11,0.0000,0.0,0.00
1765628006.732752,2,1596,1421,1765628006732,1765628006732,0,5.00,0.0000,0.0,0.00
1765628006.754700,2,1597,1422,1765628006753,1765628006753,0,4.89,0.0000,0.0,0.00
1765628006.765874,2,1598,1423,1765628006764,1765628006764,0,5.00,0.0000,0.0,0.00
1765628006.778399,2,1599,1424,1765628006776,1765628006778,2,5.05,0.0000,0.0,0.00
1765628006.788661,2,1600,1425,1765628006788,1765628006788,0,5.17,0.0000,0.0,0.00
1765628006.800134,2,1601,1426,1765628006800,1765628006800,0,5.23,0.0000,0.0,0.00
1765628006.811288,2,1602,1427,1765628006811,1765628006811,0,5.31,0.0000,0.0,0.00
1765628006.832725,2,1603,1428,1765628006832,1765628006832,0,5.28,0.0000,0.0,0.00
1765628006.854129,2,1604,1429,1765628006854,1765628006854,0,5.19,0.0000,0.0,0.00
1765628006.865381,2,1605,1430,1765628006865,1765628006865,0,5.19,0.0000,0.0,0.00
1765628006.876644,2,1606,1431,1765628006876,1765628006876,0,5.26,0.0000,0.0,0.00
1765628006.897927,2,1607,1432,1765628006897,1765628006897,0,5.24,0.0000,0.0,0.00
1765628006.918894,2,1608,1433,1765628006918,1765628006918,0,5.17,0.0000,0.0,0.00
1765628006.941366,2,1609,1434,1765628006939,1765628006939,0,5.15,0.0000,0.0,0.00
1765628006.961934,2,1610,1435,1765628006960,1765628006960,0,5.04,0.0000,0.0,0.00
1765628006.983378,2,1611,1436,1765628006982,1765628006982,0,5.02,0.0000,0.0,0.00
1765628007.006550,2,1612,1437,1765628007003,1765628007006,3,4.94,0.0000,0.0,0.00
1765628007.024981,2,1613,1438,1765628007024,1765628007024,0,4.84,0.0000,0.0,0.00
1765628007.036148,2,1614,1439,1765628007036,1765628007036,0,4.71,0.0000,0.0,0.00
1765628007.057498,2,1615,1440,1765628007057,1765628007057,0,4.60,0.0000,0.0,0.00
1765628007.078896,2,1616,1441,1765628007078,1765628007078,0,4.58,0.0000,0.0,0.00
1765628007.100430,2,1617,1442,1765628007100,1765628007100,0,4.59,0.0000,0.0,0.00
1765628007.125061,2,1618,1443,1765628007121,1765628007125,4,4.61,0.0000,0.0,0.00
1765628007.143153,2,1619,1444,1765628007143,1765628007143,0,4.43,0.0000,0.0,0.00
1765628007.164316,2,1620,1445,1765628007164,1765628007164,0,4.32,0.0000,0.0,0.00
1765628007.185657,2,1621,1446,1765628007185,1765628007185,0,4.26,0.0000,0.0,0.00
1765628007.208531,2,1622,1447,1765628007206,1765628007208,2,4.11,0.0000,0.0,0.00
1765628007.228062,2,1623,1448,1765628007228,1765628007228,0,4.08,0.0000,0.0,0.00
1765628007.250180,2,1624,1449,1765628007249,1765628007250,1,4.11,0.0000,0.0,0.00
1765628007.270671,2,1625,1450,1765628007270,1765628007270,0,4.09,0.0000,0.0,0.00
1765628007.292370,2,1626,1451,1765628007291,1765628007292,1,4.10,0.0000,0.0,0.00
1765628007.312991,2,1627,1452,1765628007312,1765628007312,0,3.97,0.0000,0.0,0.00
1765628007.334596,2,1628,1453,1765628007334,1765628007334,0,3.98,0.0000,0.0,0.00
1765628007.361954,2,1629,1454,1765628007356,1765628007360,4,3.90,0.0000,0.0,0.00
1765628007.367478,2,1630,1455,1765628007367,1765628007367,0,4.16,0.0000,0.0,0.00
1765628007.389680,2,1631,1456,1765628007389,1765628007389,0,4.12,0.0000,0.0,0.00
1765628007.400237,2,1632,1457,1765628007400,1765628007400,0,4.08,0.0000,0.0,0.00
1765628007.421997,2,1633,1458,1765628007421,1765628007421,0,3.92,0.0000,0.0,0.00
1765628007.445283,2,1634,1459,1765628007442,1765628007444,2,3.94,0.0000,0.0,0.00
1765628007.454347,2,1635,1460,1765628007454,1765628007454,0,4.09,0.0000,0.0,0.00
1765628007.475579,2,1636,1461,1765628007475,1765628007475,0,3.89,0.0000,0.0,0.00
1765628007.496597,2,1637,1462,1765628007496,1765628007496,0,3.72,0.0000,0.0,0.00
1765628007.517645,2,1638,1463,1765628007517,1765628007517,0,3.72,0.0000,0.0,0.00
1765628007.538497,2,1639,1464,1765628007538,1765628007538,0,3.68,0.0000,0.0,0.00
1765628007.562567,2,1640,1465,1765628007559,1765628007562,3,3.68,0.0000,0.0,0.00
1765628007.630080,2,1641,1466,1765628007630,1765628007630,0,3.95,0.0000,0.0,0.00
1765628007.656859,2,1642,1467,1765628007651,1765628007656,5,4.00,0.0000,0.0,0.00
1765628007.678155,2,1643,1468,1765628007673,1765628007678,5,4.01,0.0000,0.0,0.00
1765628007.684474,2,1644,1469,1765628007684,1765628007684,0,4.32,0.0000,0.0,0.00
1765628007.707192,2,1645,1470,1765628007705,1765628007707,2,4.30,0.0000,0.0,0.00
1765628007.727501,2,1646,1471,1765628007726,1765628007726,0,4.27,0.0000,0.0,0.00
1765628007.748782,2,1647,1472,1765628007748,1765628007748,0,4.28,0.0000,0.0,0.00
1765628007.773584,2,1648,1473,1765628007769,1765628007773,4,4.32,0.0000,0.0,0.00
1765628007.791473,2,1649,1474,1765628007791,1765628007791,0,4.35,0.0000,0.0,0.00
1765628007.812307,2,1650,1475,1765628007812,1765628007812,0,4.35,0.0000,0.0,0.00
1765628007.833468,2,1651,1476,1765628007833,1765628007833,0,4.18,0.0000,0.0,0.00
1765628007.859470,2,1652,1477,1765628007855,1765628007858,3,4.22,0.0000,0.0,0.00
1765628007.867277,2,1653,1478,1765628007867,1765628007867,0,4.46,0.0000,0.0,0.00
1765628007.879082,2,1654,1479,1765628007878,1765628007878,0,4.61,0.0000,0.0,0.00
1765628007.892620,2,1655,1480,1765628007890,1765628007892,2,4.70,0.0000,0.0,0.00
1765628007.901555,2,1656,1481,1765628007901,1765628007901,0,4.92,0.0000,0.0,0.00
1765628007.923112,2,1657,1482,1765628007922,1765628007923,1,4.93,0.0000,0.0,0.00
1765628007.944362,2,1658,1483,1765628007943,1765628007943,0,4.75,0.0000,0.0,0.00
1765628007.965565,2,1659,1484,1765628007965,1765628007965,0,4.64,0.0000,0.0,0.00
1765628007.990870,2,1660,1485,1765628007986,1765628007989,3,4.45,0.0000,0.0,0.00
1765628008.008420,2,1661,1486,1765628008008,1765628008008,0,4.29,0.0000,0.0,0.00
1765628008.029472,2,1662,1487,1765628008029,1765628008029,0,4.10,0.0000,0.0,0.00
1765628008.051408,2,1663,1489,1765628008050,1765628008050,0,4.10,0.0000,0.0,0.00
1765628008.073465,2,1664,1490,1765628008072,1765628008073,1,4.11,0.0000,0.0,0.00
1765628008.094089,2,1665,1491,1765628008093,1765628008093,0,3.91,0.0000,0.0,0.00
1765628008.114868,2,1666,1492,1765628008114,1765628008114,0,3.70,0.0000,0.0,0.00
1765628008.142621,2,1667,1493,1765628008136,1765628008141,5,3.76,0.0000,0.0,0.00
1765628008.148239,2,1668,1494,1765628008147,1765628008147,0,4.09,0.0000,0.0,0.00
1765628008.281732,2,1669,1495,1765628008276,1765628008281,5,6.15,0.0000,0.0,0.00
1765628008.293344,2,1670,1496,1765628008287,1765628008292,5,6.23,0.0000,0.0,0.00
1765628008.308468,2,1671,1497,1765628008308,1765628008308,0,6.28,0.0000,0.0,0.00
1765628008.330070,2,1672,1498,1765628008330,1765628008330,0,6.24,0.0000,0.0,0.00
1765628008.355054,2,1673,1499,1765628008351,1765628008355,4,6.28,0.0000,0.0,0.00
1765628008.373420,2,1674,1500,1765628008372,1765628008372,0,6.23,0.0000,0.0,0.00
1765628008.394444,2,1675,1501,1765628008393,1765628008393,0,6.23,0.0000,0.0,0.00
1765628008.415227,2,1676,1502,1765628008415,1765628008415,0,6.23,0.0000,0.0,0.00
1765628008.437527,2,1677,1503,1765628008436,1765628008437,1,6.23,0.0000,0.0,0.00
1765628008.448243,2,1678,1504,1765628008448,1765628008448,0,6.24,0.0000,0.0,0.00
1765628008.471425,2,1679,1505,1765628008469,1765628008471,2,6.23,0.0000,0.0,0.00
1765628008.490569,2,1680,1506,1765628008490,1765628008490,0,6.25,0.0000,0.0,0.00
1765628008.505960,2,1681,1507,1765628008501,1765628008505,4,6.30,0.0000,0.0,0.00
1765628008.513531,2,1682,1508,1765628008513,1765628008513,0,6.47,0.0000,0.0,0.00
1765628008.539798,2,1683,1509,1765628008535,1765628008539,4,6.53,0.0000,0.0,0.00
1765628008.546299,2,1684,1510,1765628008545,1765628008546,1,6.73,0.0000,0.0,0.00
1765628008.567441,2,1685,1511,1765628008567,1765628008567,0,6.72,0.0000,0.0,0.00
1765628008.588672,2,1686,1512,1765628008588,1765628008588,0,6.72,0.0000,0.0,0.00
1765628008.610160,2,1687,1513,1765628008610,1765628008610,0,6.71,0.0000,0.0,0.00
1765628008.631391,2,1688,1514,1765628008631,1765628008631,0,6.71,0.0000,0.0,0.00
1765628008.657109,2,1689,1515,1765628008652,1765628008657,5,6.71,0.0000,0.0,0.00
1765628008.674870,2,1690,1517,1765628008674,1765628008674,0,6.57,0.0000,0.0,0.00
1765628008.695294,2,1691,1518,1765628008695,1765628008695,0,6.58,0.0000,0.0,0.00
1765628008.710934,2,1692,1519,1765628008709,1765628008709,0,6.54,0.0000,0.0,0.00
1765628008.731431,2,1693,1520,1765628008731,1765628008731,0,6.53,0.0000,0.0,0.00
1765628008.756821,2,1694,1521,1765628008752,1765628008755,3,6.55,0.0000,0.0,0.00
1765628008.774102,2,1695,1522,1765628008774,1765628008774,0,6.43,0.0000,0.0,0.00
1765628008.796927,2,1696,1524,1765628008795,1765628008795,0,6.43,0.0000,0.0,0.00
1765628008.806807,2,1697,1525,1765628008806,1765628008806,0,6.57,0.0000,0.0,0.00
1765628008.822460,2,1698,1526,1765628008818,1765628008818,0,6.69,0.0000,0.0,0.00
1765628008.839821,2,1699,1527,1765628008839,1765628008839,0,6.69,0.0000,0.0,0.00
1765628008.850941,2,1700,1528,1765628008850,1765628008850,0,6.78,0.0000,0.0,0.00
1765628008.875098,2,1701,1529,1765628008872,1765628008875,3,5.99,0.0000,0.0,0.00
1765628008.894037,2,1702,1530,1765628008894,1765628008894,0,5.95,0.0000,0.0,0.00
1765628008.915558,2,1703,1531,1765628008915,1765628008915,0,5.93,0.0000,0.0,0.00
1765628008.928461,2,1704,1532,1765628008927,1765628008927,0,5.82,0.0000,0.0,0.00
1765628008.949861,2,1705,1533,1765628008949,1765628008949,0,5.81,0.0000,0.0,0.00
1765628008.961775,2,1706,1534,1765628008960,1765628008960,0,5.96,0.0000,0.0,0.00
1765628008.977173,2,1707,1535,1765628008972,1765628008976,4,6.02,0.0000,0.0,0.00
1765628008.993613,2,1708,1536,1765628008993,1765628008993,0,6.01,0.0000,0.0,0.00
1765628009.014476,2,1709,1537,1765628009014,1765628009014,0,5.98,0.0000,0.0,0.00
1765628009.036197,2,1710,1538,1765628009035,1765628009035,0,5.98,0.0000,0.0,0.00
1765628009.059277,2,1711,1539,1765628009057,1765628009059,2,6.02,0.0000,0.0,0.00
1765628009.078520,2,1712,1540,1765628009078,1765628009078,0,5.98,0.0000,0.0,0.00
1765628009.094282,2,1713,1542,1765628009090,1765628009094,4,5.85,0.0000,0.0,0.00
1765628009.101949,2,1714,1543,1765628009101,1765628009101,0,5.92,0.0000,0.0,0.00
1765628009.127473,2,1715,1544,1765628009122,1765628009126,4,5.88,0.0000,0.0,0.00
1765628009.144633,2,1716,1545,1765628009144,1765628009144,0,5.71,0.0000,0.0,0.00
1765628009.163337,2,1717,1546,1765628009158,1765628009163,5,5.72,0.0000,0.0,0.00
1765628009.168898,2,1718,1547,1765628009168,1765628009168,0,5.99,0.0000,0.0,0.00
1765628009.180192,2,1719,1548,1765628009180,1765628009180,0,6.11,0.0000,0.0,0.00
1765628009.191426,2,1720,1549,1765628009191,1765628009191,0,6.20,0.0000,0.0,0.00
1765628009.214755,2,1721,1550,1765628009212,1765628009214,2,6.23,0.0000,0.0,0.00
1765628009.233801,2,1722,1551,1765628009233,1765628009233,0,6.23,0.0000,0.0,0.00
1765628009.248578,2,1723,1552,1765628009245,1765628009248,3,6.30,0.0000,0.0,0.00
1765628009.266456,2,1724,1553,1765628009266,1765628009266,0,6.28,0.0000,0.0,0.00
1765628009.287970,2,1725,1554,1765628009287,1765628009287,0,6.30,0.0000,0.0,0.00
1765628009.312868,2,1726,1555,1765628009309,1765628009312,3,6.37,0.0000,0.0,0.00
1765628009.331710,2,1727,1556,1765628009331,1765628009331,0,6.26,0.0000,0.0,0.00
1765628009.352803,2,1728,1557,1765628009352,1765628009352,0,6.05,0.0000,0.0,0.00
1765628009.364844,2,1729,1558,1765628009364,1765628009364,0,4.38,0.0000,0.0,0.00
1765628009.386329,2,1730,1559,1765628009386,1765628009386,0,4.29,0.0000,0.0,0.00
1765628009.397948,2,1731,1560,1765628009396,1765628009396,0,4.41,0.0000,0.0,0.00
1765628009.408139,2,1732,1561,1765628009408,1765628009408,0,4.47,0.0000,0.0,0.00
1765628009.430126,2,1733,1562,1765628009430,1765628009430,0,4.44,0.0000,0.0,0.00
1765628009.452594,2,1734,1563,1765628009451,1765628009451,0,4.45,0.0000,0.0,0.00
1765628009.465795,2,1735,1564,1765628009462,1765628009465,3,4.50,0.0000,0.0,0.00
1765628009.484771,2,1736,1565,1765628009484,1765628009484,0,4.46,0.0000,0.0,0.00
1765628009.505842,2,1737,1566,1765628009505,1765628009505,0,4.45,0.0000,0.0,0.00
1765628009.517575,2,1738,1567,1765628009517,1765628009517,0,4.43,0.0000,0.0,0.00
1765628009.538270,2,1739,1568,1765628009538,1765628009538,0,4.40,0.0000,0.0,0.00
1765628009.561258,2,1740,1569,1765628009559,1765628009560,1,4.44,0.0000,0.0,0.00
1765628009.581158,2,1741,1570,1765628009581,1765628009581,0,4.42,0.0000,0.0,0.00
1765628009.602996,2,1742,1571,1765628009602,1765628009602,0,4.25,0.0000,0.0,0.00
1765628009.625920,2,1743,1572,1765628009624,1765628009625,1,4.21,0.0000,0.0,0.00
1765628009.645994,2,1744,1573,1765628009645,1765628009645,0,4.00,0.0000,0.0,0.00
1765628009.666495,2,1745,1574,1765628009666,1765628009666,0,4.00,0.0000,0.0,0.00
1765628009.677738,2,1746,1575,1765628009677,1765628009677,0,4.12,0.0000,0.0,0.00
1765628009.699005,2,1747,1576,1765628009699,1765628009699,0,4.12,0.0000,0.0,0.00
1765628009.720298,2,1748,1577,1765628009720,1765628009720,0,4.12,0.0000,0.0,0.00
1765628009.744564,2,1749,1578,1765628009741,1765628009743,2,4.08,0.0000,0.0,0.00
1765628009.753482,2,1750,1579,1765628009753,1765628009753,0,4.22,0.0000,0.0,0.00
1765628009.775698,2,1751,1580,1765628009774,1765628009775,1,4.23,0.0000,0.0,0.00
1765628009.796370,2,1752,1581,1765628009796,1765628009796,0,4.19,0.0000,0.0,0.00
1765628009.817611,2,1753,1582,1765628009817,1765628009817,0,4.17,0.0000,0.0,0.00
1765628009.828750,2,1754,1583,1765628009828,1765628009828,0,4.25,0.0000,0.0,0.00
1765628009.850213,2,1755,1584,1765628009850,1765628009850,0,4.29,0.0000,0.0,0.00
1765628009.874939,2,1756,1585,1765628009871,1765628009874,3,4.32,0.0000,0.0,0.00
1765628009.892822,2,1757,1586,1765628009892,1765628009892,0,4.18,0.0000,0.0,0.00
1765628009.914396,2,1758,1587,1765628009913,1765628009913,0,4.08,0.0000,0.0,0.00
1765628009.936089,2,1759,1588,1765628009935,1765628009935,0,4.10,0.0000,0.0,0.00
1765628009.958686,2,1760,1589,1765628009956,1765628009957,1,3.98,0.0000,0.0,0.00
1765628009.978537,2,1761,1590,1765628009978,1765628009978,0,3.94,0.0000,0.0,0.00
1765628010.000016,2,1762,1591,1765628010000,1765628010000,0,3.97,0.0000,0.0,0.00
1765628010.021246,2,1763,1592,1765628010021,1765628010021,0,3.97,0.0000,0.0,0.00
1765628010.042844,2,1764,1593,1765628010042,1765628010042,0,3.86,0.0000,0.0,0.00
1765628010.056101,2,1765,1594,1765628010054,1765628010056,2,3.92,0.0000,0.0,0.00
1765628010.075610,2,1766,1595,1765628010075,1765628010075,0,3.76,0.0000,0.0,0.00
1765628010.097065,2,1767,1596,1765628010097,1765628010097,0,3.73,0.0000,0.0,0.00
1765628010.121195,2,1768,1597,1765628010118,1765628010121,3,3.75,0.0000,0.0,0.00
1765628010.139643,2,1769,1598,1765628010139,1765628010139,0,3.74,0.0000,0.0,0.00
1765628010.161513,2,1770,1599,1765628010161,1765628010161,0,3.75,0.0000,0.0,0.00
1765628010.182642,2,1771,1600,1765628010182,1765628010182,0,3.72,0.0000,0.0,0.00
1765628010.205905,2,1772,1601,1765628010204,1765628010204,0,3.75,0.0000,0.0,0.00
1765628010.216057,2,1773,1602,1765628010215,1765628010215,0,3.87,0.0000,0.0,0.00
1765628010.226166,2,1774,1603,1765628010226,1765628010226,0,3.77,0.0000,0.0,0.00
1765628010.238878,2,1775,1604,1765628010237,1765628010237,0,3.88,0.0000,0.0,0.00
1765628010.259135,2,1776,1605,1765628010259,1765628010259,0,3.90,0.0000,0.0,0.00
1765628010.280678,2,1777,1606,1765628010280,1765628010280,0,3.92,0.0000,0.0,0.00
1765628010.291957,2,1778,1607,1765628010291,1765628010291,0,3.79,0.0000,0.0,0.00
1765628010.303373,2,1779,1608,1765628010303,1765628010303,0,3.79,0.0000,0.0,0.00
1765628010.325229,2,1780,1609,1765628010325,1765628010325,0,3.64,0.0000,0.0,0.00
1765628010.345932,2,1781,1610,1765628010345,1765628010345,0,3.61,0.0000,0.0,0.00
1765628010.369003,2,1782,1611,1765628010367,1765628010369,2,3.66,0.0000,0.0,0.00
1765628010.379159,2,1783,1612,1765628010379,1765628010379,0,3.78,0.0000,0.0,0.00
1765628010.401179,2,1784,1613,1765628010400,1765628010401,1,3.79,0.0000,0.0,0.00
1765628010.421181,2,1785,1614,1765628010421,1765628010421,0,3.78,0.0000,0.0,0.00
1765628010.436077,2,1786,1616,1765628010432,1765628010434,2,3.85,0.0000,0.0,0.00
1765628010.454001,2,1787,1617,1765628010454,1765628010454,0,3.86,0.0000,0.0,0.00
1765628010.475976,2,1788,1618,1765628010475,1765628010475,0,3.86,0.0000,0.0,0.00
1765628010.487227,2,1789,1619,1765628010487,1765628010487,0,3.86,0.0000,0.0,0.00
1765628010.502028,2,1790,1620,1765628010498,1765628010502,4,3.91,0.0000,0.0,0.00
1765628010.519528,2,1791,1621,1765628010519,1765628010519,0,3.75,0.0000,0.0,0.00
1765628010.540649,2,1792,1622,1765628010540,1765628010540,0,3.62,0.0000,0.0,0.00
1765628010.561983,2,1793,1623,1765628010561,1765628010561,0,3.61,0.0000,0.0,0.00
1765628010.583759,2,1794,1624,1765628010583,1765628010583,0,3.62,0.0000,0.0,0.00
1765628010.604992,2,1795,1625,1765628010604,1765628010604,0,3.52,0.0000,0.0,0.00
1765628010.626364,2,1796,1626,1765628010626,1765628010626,0,3.55,0.0000,0.0,0.00
1765628010.638041,2,1797,1627,1765628010638,1765628010638,0,3.70,0.0000,0.0,0.00
1765628010.660056,2,1798,1628,1765628010659,1765628010659,0,3.55,0.0000,0.0,0.00
1765628010.670402,2,1799,1630,1765628010670,1765628010670,0,3.72,0.0000,0.0,0.00
1765628010.691891,2,1800,1631,1765628010691,1765628010691,0,3.71,0.0000,0.0,0.00
1765628010.713384,2,1801,1632,1765628010712,1765628010713,1,3.72,0.0000,0.0,0.00
1765628010.734268,2,1802,1633,1765628010734,1765628010734,0,3.72,0.0000,0.0,0.00
1765628010.755898,2,1803,1634,1765628010755,1765628010755,0,3.70,0.0000,0.0,0.00
1765628010.779552,2,1804,1635,1765628010777,1765628010779,2,3.74,0.0000,0.0,0.00
1765628010.798770,2,1805,1636,1765628010798,1765628010798,0,3.72,0.0000,0.0,0.00
1765628010.821147,2,1806,1637,1765628010820,1765628010820,0,3.56,0.0000,0.0,0.00
1765628010.831646,2,1807,1638,1765628010831,1765628010831,0,3.72,0.0000,0.0,0.00
1765628010.845282,2,1808,1639,1765628010842,1765628010844,2,3.83,0.0000,0.0,0.00
1765628010.863934,2,1809,1640,1765628010863,1765628010863,0,3.79,0.0000,0.0,0.00
1765628010.878883,2,1810,1641,1765628010875,1765628010878,3,3.67,0.0000,0.0,0.00
1765628010.887607,2,1811,1642,1765628010887,1765628010887,0,3.86,0.0000,0.0,0.00
1765628010.898265,2,1812,1643,1765628010898,1765628010898,0,3.99,0.0000,0.0,0.00
1765628010.919882,2,1813,1644,1765628010919,1765628010919,0,3.99,0.0000,0.0,0.00
1765628010.941848,2,1814,1645,1765628010941,1765628010941,0,3.87,0.0000,0.0,0.00
1765628010.952451,2,1815,1646,1765628010952,1765628010952,0,3.99,0.0000,0.0,0.00
1765628010.975782,2,1816,1647,1765628010973,1765628010974,1,3.97,0.0000,0.0,0.00
1765628010.995834,2,1817,1648,1765628010995,1765628010995,0,3.99,0.0000,0.0,0.00
1765628011.016656,2,1818,1649,1765628011016,1765628011016,0,3.99,0.0000,0.0,0.00
1765628011.040016,2,1819,1650,1765628011037,1765628011040,3,4.01,0.0000,0.0,0.00
1765628011.059216,2,1820,1651,1765628011059,1765628011059,0,3.98,0.0000,0.0,0.00
1765628011.080435,2,1821,1652,1765628011080,1765628011080,0,3.98,0.0000,0.0,0.00
1765628011.102074,2,1822,1653,1765628011102,1765628011102,0,3.98,0.0000,0.0,0.00
1765628011.125815,2,1823,1654,1765628011123,1765628011125,2,4.00,0.0000,0.0,0.00
1765628011.134465,2,1824,1655,1765628011134,1765628011134,0,4.17,0.0000,0.0,0.00
1765628011.163313,2,1825,1656,1765628011155,1765628011160,5,4.17,0.0000,0.0,0.00
1765628011.179779,2,1826,1657,1765628011177,1765628011178,1,4.17,0.0000,0.0,0.00
1765628011.188940,2,1827,1658,1765628011188,1765628011188,0,4.30,0.0000,0.0,0.00
1765628011.200099,2,1828,1659,1765628011200,1765628011200,0,4.35,0.0000,0.0,0.00
1765628011.221146,2,1829,1660,1765628011221,1765628011221,0,4.39,0.0000,0.0,0.00
1765628011.245889,2,1830,1661,1765628011242,1765628011244,2,4.40,0.0000,0.0,0.00
1765628011.263755,2,1831,1662,1765628011263,1765628011263,0,4.38,0.0000,0.0,0.00
1765628011.285796,2,1832,1663,1765628011285,1765628011285,0,4.38,0.0000,0.0,0.00
1765628011.306668,2,1833,1664,1765628011306,1765628011306,0,4.26,0.0000,0.0,0.00
1765628011.328171,2,1834,1665,1765628011328,1765628011328,0,4.14,0.0000,0.0,0.00
1765628011.349236,2,1835,1666,1765628011349,1765628011349,0,4.00,0.0000,0.0,0.00
1765628011.361537,2,1836,1667,1765628011360,1765628011361,1,4.11,0.0000,0.0,0.00
1765628011.381772,2,1837,1668,1765628011381,1765628011381,0,4.10,0.0000,0.0,0.00
1765628011.404463,2,1838,1669,1765628011403,1765628011403,0,3.97,0.0000,0.0,0.00
1765628011.424452,2,1839,1670,1765628011424,1765628011424,0,3.84,0.0000,0.0,0.00
1765628011.446260,2,1840,1671,1765628011445,1765628011445,0,3.83,0.0000,0.0,0.00
1765628011.456788,2,1841,1672,1765628011456,1765628011456,0,3.99,0.0000,0.0,0.00
1765628011.479050,2,1842,1673,1765628011477,1765628011479,2,3.98,0.0000,0.0,0.00
1765628011.499025,2,1843,1674,1765628011499,1765628011499,0,3.80,0.0000,0.0,0.00
1765628011.520013,2,1844,1675,1765628011520,1765628011520,0,3.79,0.0000,0.0,0.00
1765628011.541497,2,1845,1676,1765628011541,1765628011541,0,3.80,0.0000,0.0,0.00
1765628011.563226,2,1846,1677,1765628011563,1765628011563,0,3.70,0.0000,0.0,0.00
1765628011.574105,2,1847,1678,1765628011574,1765628011574,0,3.87,0.0000,0.0,0.00
1765628011.599033,2,1848,1679,1765628011595,1765628011597,2,3.89,0.0000,0.0,0.00
1765628011.617411,2,1849,1680,1765628011617,1765628011617,0,3.74,0.0000,0.0,0.00
1765628011.638678,2,1850,1681,1765628011638,1765628011638,0,3.66,0.0000,0.0,0.00
1765628011.661128,2,1851,1682,1765628011659,1765628011661,2,3.65,0.0000,0.0,0.00
1765628011.680529,2,1852,1683,1765628011680,1765628011680,0,3.63,0.0000,0.0,0.00
1765628011.701502,2,1853,1684,1765628011701,1765628011701,0,3.63,0.0000,0.0,0.00
1765628011.722848,2,1854,1685,1765628011722,1765628011722,0,3.62,0.0000,0.0,0.00
1765628011.744501,2,1855,1686,1765628011744,1765628011744,0,3.63,0.0000,0.0,0.00
1765628011.766050,2,1856,1687,1765628011766,1765628011766,0,3.63,0.0000,0.0,0.00
1765628011.776710,2,1857,1688,1765628011776,1765628011776,0,3.68,0.0000,0.0,0.00
1765628011.797978,2,1858,1690,1765628011797,1765628011797,0,3.68,0.0000,0.0,0.00
1765628011.812543,2,1859,1691,1765628011809,1765628011812,3,3.59,0.0000,0.0,0.00
1765628011.831692,2,1860,1692,1765628011831,1765628011831,0,3.57,0.0000,0.0,0.00
1765628011.852808,2,1861,1693,1765628011852,1765628011852,0,3.56,0.0000,0.0,0.00
1765628011.878289,2,1862,1694,1765628011874,1765628011877,3,3.60,0.0000,0.0,0.00
1765628011.895708,2,1863,1695,1765628011895,1765628011895,0,3.60,0.0000,0.0,0.00
1765628011.917533,2,1864,1696,1765628011917,1765628011917,0,3.58,0.0000,0.0,0.00
1765628011.939046,2,1865,1697,1765628011939,1765628011939,0,3.61,0.0000,0.0,0.00
1765628011.960654,2,1866,1698,1765628011959,1765628011960,1,3.60,0.0000,0.0,0.00
1765628011.981278,2,1867,1699,1765628011981,1765628011981,0,3.44,0.0000,0.0,0.00
1765628012.002537,2,1868,1700,1765628012002,1765628012002,0,3.32,0.0000,0.0,0.00
1765628012.025851,2,1869,1701,1765628012023,1765628012025,2,3.35,0.0000,0.0,0.00
1765628012.046140,2,1870,1702,1765628012046,1765628012046,0,3.26,0.0000,0.0,0.00
1765628012.059216,2,1871,1703,1765628012056,1765628012059,3,3.17,0.0000,0.0,0.00
1765628012.078941,2,1872,1704,1765628012078,1765628012078,0,2.98,0.0000,0.0,0.00
1765628012.099500,2,1873,1705,1765628012099,1765628012099,0,2.98,0.0000,0.0,0.00
1765628012.120402,2,1874,1706,1765628012120,1765628012120,0,2.97,0.0000,0.0,0.00
1765628012.142797,2,1875,1707,1765628012141,1765628012142,1,2.78,0.0000,0.0,0.00
1765628012.163588,2,1876,1708,1765628012163,1765628012163,0,2.77,0.0000,0.0,0.00
1765628012.184078,2,1877,1709,1765628012184,1765628012184,0,2.77,0.0000,0.0,0.00
1765628012.208346,2,1878,1710,1765628012206,1765628012208,2,2.80,0.0000,0.0,0.00
1765628012.216823,2,1879,1711,1765628012216,1765628012216,0,3.04,0.0000,0.0,0.00
1765628012.240055,2,1880,1712,1765628012238,1765628012240,2,3.06,0.0000,0.0,0.00
1765628012.258973,2,1881,1713,1765628012258,1765628012258,0,3.09,0.0000,0.0,0.00
1765628012.280626,2,1882,1714,1765628012280,1765628012280,0,3.09,0.0000,0.0,0.00
1765628012.301669,2,1883,1715,1765628012301,1765628012301,0,3.07,0.0000,0.0,0.00
1765628012.322710,2,1884,1716,1765628012322,1765628012322,0,2.83,0.0000,0.0,0.00
1765628012.344435,2,1885,1717,1765628012344,1765628012344,0,2.79,0.0000,0.0,0.00
1765628012.356689,2,1886,1718,1765628012355,1765628012356,1,2.94,0.0000,0.0,0.00
1765628012.376716,2,1887,1719,1765628012376,1765628012376,0,2.70,0.0000,0.0,0.00
1765628012.397881,2,1888,1720,1765628012397,1765628012397,0,2.51,0.0000,0.0,0.00
1765628012.423408,2,1889,1721,1765628012419,1765628012423,4,2.55,0.0000,0.0,0.00
1765628012.440704,2,1890,1722,1765628012440,1765628012440,0,2.60,0.0000,0.0,0.00
1765628012.462031,2,1891,1723,1765628012462,1765628012462,0,2.59,0.0000,0.0,0.00
1765628012.483426,2,1892,1724,1765628012483,1765628012483,0,2.58,0.0000,0.0,0.00
1765628012.508162,2,1893,1725,1765628012504,1765628012507,3,2.61,0.0000,0.0,0.00
1765628012.525444,2,1894,1726,1765628012525,1765628012525,0,2.64,0.0000,0.0,0.00
1765628012.548056,2,1895,1727,1765628012546,1765628012546,0,2.64,0.0000,0.0,0.00
1765628012.558210,2,1896,1728,1765628012558,1765628012558,0,2.64,0.0000,0.0,0.00
1765628012.579495,2,1897,1729,1765628012579,1765628012579,0,2.65,0.0000,0.0,0.00
1765628012.590609,2,1898,1730,1765628012590,1765628012590,0,2.85,0.0000,0.0,0.00
1765628012.611902,2,1899,1731,1765628012611,1765628012611,0,2.85,0.0000,0.0,0.00
1765628012.626160,2,1900,1732,1765628012623,1765628012626,3,2.95,0.0000,0.0,0.00
1765628012.635146,2,1901,1733,1765628012635,1765628012635,0,3.00,0.0000,0.0,0.00
1765628012.646140,2,1902,1734,1765628012646,1765628012646,0,3.17,0.0000,0.0,0.00
1765628012.667804,2,1903,1735,1765628012667,1765628012667,0,3.18,0.0000,0.0,0.00
1765628012.691437,2,1904,1737,1765628012689,1765628012691,2,3.21,0.0000,0.0,0.00
1765628012.710447,2,1905,1738,1765628012710,1765628012710,0,3.21,0.0000,0.0,0.00
1765628012.731407,2,1906,1739,1765628012731,1765628012731,0,3.20,0.0000,0.0,0.00
1765628012.755926,2,1907,1740,1765628012753,1765628012755,2,3.04,0.0000,0.0,0.00
1765628012.774043,2,1908,1741,1765628012774,1765628012774,0,3.02,0.0000,0.0,0.00
1765628012.789123,2,1909,1742,1765628012785,1765628012789,4,3.12,0.0000,0.0,0.00
1765628012.806620,2,1910,1743,1765628012806,1765628012806,0,3.16,0.0000,0.0,0.00
1765628012.828252,2,1911,1744,1765628012828,1765628012828,0,3.15,0.0000,0.0,0.00
1765628012.849531,2,1912,1745,1765628012849,1765628012849,0,3.16,0.0000,0.0,0.00
1765628012.871413,2,1913,1746,1765628012871,1765628012871,0,3.17,0.0000,0.0,0.00
1765628012.892565,2,1914,1747,1765628012892,1765628012892,0,3.17,0.0000,0.0,0.00
1765628012.906918,2,1915,1748,1765628012903,1765628012906,3,3.26,0.0000,0.0,0.00
1765628012.915591,2,1916,1749,1765628012915,1765628012915,0,3.44,0.0000,0.0,0.00
1765628012.926451,2,1917,1750,1765628012926,1765628012926,0,3.42,0.0000,0.0,0.00
1765628012.948087,2,1918,1751,1765628012948,1765628012948,0,3.43,0.0000,0.0,0.00
1765628012.972389,2,1919,1752,1765628012969,1765628012972,3,3.40,0.0000,0.0,0.00
1765628012.990302,2,1920,1753,1765628012990,1765628012990,0,3.42,0.0000,0.0,0.00
1765628013.012110,2,1921,1754,1765628013011,1765628013012,1,3.43,0.0000,0.0,0.00
1765628013.033709,2,1922,1755,1765628013033,1765628013033,0,3.39,0.0000,0.0,0.00
1765628013.057193,2,1923,1756,1765628013055,1765628013057,2,3.41,0.0000,0.0,0.00
1765628013.076382,2,1924,1757,1765628013076,1765628013076,0,3.39,0.0000,0.0,0.00
1765628013.097885,2,1925,1758,1765628013097,1765628013097,0,3.38,0.0000,0.0,0.00
1765628013.124863,2,1926,1759,1765628013119,1765628013123,4,3.44,0.0000,0.0,0.00
1765628013.130479,2,1927,1760,1765628013130,1765628013130,0,3.68,0.0000,0.0,0.00
1765628013.141633,2,1928,1761,1765628013141,1765628013141,0,3.82,0.0000,0.0,0.00
1765628013.162591,2,1929,1762,1765628013162,1765628013162,0,3.80,0.0000,0.0,0.00
1765628013.183578,2,1930,1763,1765628013183,1765628013183,0,3.80,0.0000,0.0,0.00
1765628013.206088,2,1931,1764,1765628013205,1765628013206,1,3.72,0.0000,0.0,0.00
1765628013.226472,2,1932,1765,1765628013226,1765628013226,0,3.73,0.0000,0.0,0.00
1765628013.247478,2,1933,1766,1765628013247,1765628013247,0,3.73,0.0000,0.0,0.00
1765628013.268742,2,1934,1767,1765628013268,1765628013268,0,3.73,0.0000,0.0,0.00
1765628013.290392,2,1935,1768,1765628013290,1765628013290,0,3.73,0.0000,0.0,0.00
1765628013.311824,2,1936,1769,1765628013311,1765628013311,0,3.73,0.0000,0.0,0.00
1765628013.332749,2,1937,1770,1765628013332,1765628013332,0,3.73,0.0000,0.0,0.00
1765628013.358566,2,1938,1771,1765628013354,1765628013358,4,3.75,0.0000,0.0,0.00
1765628013.375994,2,1939,1772,1765628013375,1765628013375,0,3.56,0.0000,0.0,0.00
1765628013.390253,2,1940,1773,1765628013388,1765628013390,2,3.59,0.0000,0.0,0.00
1765628013.399423,2,1941,1774,1765628013399,1765628013399,0,3.78,0.0000,0.0,0.00
1765628013.423852,2,1942,1775,1765628013420,1765628013423,3,3.80,0.0000,0.0,0.00
1765628013.441944,2,1943,1776,1765628013441,1765628013441,0,3.80,0.0000,0.0,0.00
1765628013.463383,2,1944,1778,1765628013463,1765628013463,0,3.81,0.0000,0.0,0.00
1765628013.484712,2,1945,1779,1765628013484,1765628013484,0,3.80,0.0000,0.0,0.00
1765628013.507044,2,1946,1780,1765628013506,1765628013507,1,3.70,0.0000,0.0,0.00
1765628013.527772,2,1947,1781,1765628013527,1765628013527,0,3.70,0.0000,0.0,0.00
1765628013.548521,2,1948,1782,1765628013548,1765628013548,0,3.70,0.0000,0.0,0.00
1765628013.573539,2,1949,1783,1765628013570,1765628013573,3,3.69,0.0000,0.0,0.00
1765628013.592547,2,1950,1784,1765628013591,1765628013591,0,3.67,0.0000,0.0,0.00
1765628013.603808,2,1951,1785,1765628013602,1765628013602,0,3.80,0.0000,0.0,0.00
1765628013.613976,2,1952,1786,1765628013613,1765628013613,0,3.95,0.0000,0.0,0.00
1765628013.635648,2,1953,1787,1765628013635,1765628013635,0,3.93,0.0000,0.0,0.00
1765628013.658369,2,1954,1788,1765628013657,1765628013658,1,3.96,0.0000,0.0,0.00
1765628013.679203,2,1955,1789,1765628013678,1765628013678,0,3.94,0.0000,0.0,0.00
1765628013.700038,2,1956,1790,1765628013700,1765628013700,0,3.82,0.0000,0.0,0.00
1765628013.711167,2,1957,1791,1765628013711,1765628013711,0,3.98,0.0000,0.0,0.00
1765628013.732919,2,1958,1792,1765628013732,1765628013732,0,3.82,0.0000,0.0,0.00
1765628013.754151,2,1959,1793,1765628013753,1765628013754,1,3.84,0.0000,0.0,0.00
1765628013.777232,2,1960,1794,1765628013774,1765628013776,2,3.78,0.0000,0.0,0.00
1765628013.796439,2,1961,1795,1765628013796,1765628013796,0,3.57,0.0000,0.0,0.00
1765628013.817665,2,1962,1796,1765628013817,1765628013817,0,3.39,0.0000,0.0,0.00
1765628013.841356,2,1963,1797,1765628013839,1765628013841,2,3.43,0.0000,0.0,0.00
1765628013.860905,2,1964,1798,1765628013860,1765628013860,0,3.39,0.0000,0.0,0.00
1765628013.882176,2,1965,1799,1765628013882,1765628013882,0,3.40,0.0000,0.0,0.00
1765628013.894391,2,1966,1800,1765628013893,1765628013893,0,3.58,0.0000,0.0,0.00
1765628013.908181,2,1967,1801,1765628013906,1765628013908,2,3.62,0.0000,0.0,0.00
1765628013.916671,2,1968,1802,1765628013916,1765628013916,0,3.86,0.0000,0.0,0.00
1765628013.927830,2,1969,1803,1765628013927,1765628013927,0,3.95,0.0000,0.0,0.00
1765628013.949945,2,1970,1804,1765628013949,1765628013949,0,3.93,0.0000,0.0,0.00
1765628013.974085,2,1971,1805,1765628013970,1765628013974,4,3.97,0.0000,0.0,0.00
1765628013.991563,2,1972,1806,1765628013991,1765628013991,0,3.99,0.0000,0.0,0.00
1765628014.012962,2,1973,1807,1765628014012,1765628014012,0,3.98,0.0000,0.0,0.00
1765628014.037476,2,1974,1808,1765628014033,1765628014037,4,4.03,0.0000,0.0,0.00
1765628014.055312,2,1975,1809,1765628014055,1765628014055,0,3.94,0.0000,0.0,0.00
1765628014.076287,2,1976,1810,1765628014076,1765628014076,0,3.73,0.0000,0.0,0.00
1765628014.097957,2,1977,1811,1765628014097,1765628014097,0,3.56,0.0000,0.0,0.00
1765628014.120529,2,1978,1812,1765628014119,1765628014120,1,3.57,0.0000,0.0,0.00
1765628014.131938,2,1979,1813,1765628014130,1765628014130,0,3.73,0.0000,0.0,0.00
1765628014.142141,2,1980,1814,1765628014142,1765628014142,0,3.87,0.0000,0.0,0.00
1765628014.163693,2,1981,1815,1765628014163,1765628014163,0,3.86,0.0000,0.0,0.00
1765628014.186035,2,1982,1816,1765628014185,1765628014186,1,3.88,0.0000,0.0,0.00
1765628014.206115,2,1983,1817,1765628014206,1765628014206,0,3.83,0.0000,0.0,0.00
1765628014.227216,2,1984,1818,1765628014227,1765628014227,0,3.85,0.0000,0.0,0.00
1765628014.251806,2,1985,1819,1765628014248,1765628014251,3,3.88,0.0000,0.0,0.00
1765628014.269504,2,1986,1820,1765628014269,1765628014269,0,3.83,0.0000,0.0,0.00
1765628014.290851,2,1987,1821,1765628014290,1765628014290,0,3.58,0.0000,0.0,0.00
1765628014.312502,2,1988,1822,1765628014311,1765628014311,0,3.40,0.0000,0.0,0.00
1765628014.332825,2,1989,1823,1765628014332,1765628014332,0,3.40,0.0000,0.0,0.00
1765628014.356053,2,1990,1824,1765628014355,1765628014356,1,3.43,0.0000,0.0,0.00
1765628014.366660,2,1991,1825,1765628014366,1765628014366,0,3.61,0.0000,0.0,0.00
1765628014.388020,2,1992,1826,1765628014388,1765628014388,0,3.63,0.0000,0.0,0.00
1765628014.409513,2,1993,1827,1765628014409,1765628014409,0,3.63,0.0000,0.0,0.00
1765628014.433523,2,1994,1828,1765628014431,1765628014433,2,3.66,0.0000,0.0,0.00
1765628014.452490,2,1995,1829,1765628014452,1765628014452,0,3.64,0.0000,0.0,0.00
1765628014.473785,2,1996,1830,1765628014473,1765628014473,0,3.64,0.0000,0.0,0.00
1765628014.498286,2,1997,1831,1765628014494,1765628014498,4,3.69,0.0000,0.0,0.00
1765628014.516423,2,1998,1832,1765628014516,1765628014516,0,3.64,0.0000,0.0,0.00
1765628014.537668,2,1999,1833,1765628014537,1765628014537,0,3.61,0.0000,0.0,0.00
1765628014.563980,2,2000,1834,1765628014559,1765628014563,4,3.58,0.0000,0.0,0.00
1765628014.581001,2,2001,1835,1765628014581,1765628014581,0,3.38,0.0000,0.0,0.00
1765628014.602813,2,2002,1836,1765628014602,1765628014602,0,3.35,0.0000,0.0,0.00
1765628014.624347,2,2003,1837,1765628014624,1765628014624,0,3.33,0.0000,0.0,0.00
1765628014.646278,2,2004,1838,1765628014645,1765628014646,1,3.33,0.0000,0.0,0.00
1765628014.667745,2,2005,1839,1765628014667,1765628014667,0,3.33,0.0000,0.0,0.00
1765628014.688849,2,2006,1841,1765628014688,1765628014688,0,3.31,0.0000,0.0,0.00
1765628014.712482,2,2007,1842,1765628014709,1765628014712,3,3.35,0.0000,0.0,0.00
1765628014.730995,2,2008,1843,1765628014730,1765628014730,0,3.38,0.0000,0.0,0.00
1765628014.751754,2,2009,1844,1765628014751,1765628014751,0,3.33,0.0000,0.0,0.00
1765628014.773254,2,2010,1845,1765628014773,1765628014773,0,3.32,0.0000,0.0,0.00
1765628014.796292,2,2011,1846,1765628014794,1765628014796,2,3.14,0.0000,0.0,0.00
1765628014.817742,2,2012,1848,1765628014817,1765628014817,0,2.94,0.0000,0.0,0.00
1765628014.830416,2,2013,1849,1765628014828,1765628014829,1,3.11,0.0000,0.0,0.00
1765628014.849953,2,2014,1850,1765628014849,1765628014849,0,3.08,0.0000,0.0,0.00
1765628014.871152,2,2015,1851,1765628014871,1765628014871,0,3.10,0.0000,0.0,0.00
1765628014.892367,2,2016,1852,1765628014892,1765628014892,0,3.09,0.0000,0.0,0.00
1765628014.914101,2,2017,1853,1765628014913,1765628014914,1,2.90,0.0000,0.0,0.00
1765628014.934829,2,2018,1854,1765628014934,1765628014934,0,2.89,0.0000,0.0,0.00
1765628014.958180,2,2019,1855,1765628014955,1765628014958,3,2.91,0.0000,0.0,0.00
1765628014.976877,2,2020,1856,1765628014976,1765628014976,0,2.93,0.0000,0.0,0.00
1765628014.998546,2,2021,1857,1765628014998,1765628014998,0,2.96,0.0000,0.0,0.00
1765628015.019602,2,2022,1858,1765628015019,1765628015019,0,2.96,0.0000,0.0,0.00
1765628015.045503,2,2023,1859,1765628015041,1765628015045,4,2.98,0.0000,0.0,0.00
1765628015.054087,2,2024,1860,1765628015053,1765628015053,0,3.23,0.0000,0.0,0.00
1765628015.065563,2,2025,1861,1765628015064,1765628015064,0,3.42,0.0000,0.0,0.00
1765628015.085870,2,2026,1862,1765628015085,1765628015085,0,3.22,0.0000,0.0,0.00
1765628015.109082,2,2027,1863,1765628015106,1765628015109,3,3.14,0.0000,0.0,0.00
1765628015.128262,2,2028,1864,1765628015128,1765628015128,0,2.89,0.0000,0.0,0.00
1765628015.149292,2,2029,1865,1765628015149,1765628015149,0,2.69,0.0000,0.0,0.00
1765628015.170976,2,2030,1866,1765628015170,1765628015170,0,2.68,0.0000,0.0,0.00
1765628015.193278,2,2031,1867,1765628015192,1765628015192,0,2.65,0.0000,0.0,0.00
1765628015.214149,2,2032,1868,1765628015214,1765628015214,0,2.58,0.0000,0.0,0.00
1765628015.234715,2,2033,1869,1765628015234,1765628015234,0,2.59,0.0000,0.0,0.00
1765628015.246677,2,2034,1870,1765628015246,1765628015246,0,2.73,0.0000,0.0,0.00
1765628015.268189,2,2035,1871,1765628015268,1765628015268,0,2.70,0.0000,0.0,0.00
1765628015.291058,2,2036,1872,1765628015289,1765628015291,2,2.72,0.0000,0.0,0.00
1765628015.311038,2,2037,1873,1765628015310,1765628015310,0,2.74,0.0000,0.0,0.00
1765628015.331644,2,2038,1874,1765628015331,1765628015331,0,2.72,0.0000,0.0,0.00
1765628015.357234,2,2039,1875,1765628015352,1765628015356,4,2.53,0.0000,0.0,0.00
1765628015.376908,2,2040,1876,1765628015374,1765628015376,2,2.34,0.0000,0.0,0.00
1765628015.391271,2,2041,1877,1765628015386,1765628015391,5,2.46,0.0000,0.0,0.00
1765628015.398871,2,2042,1878,1765628015398,1765628015398,0,2.73,0.0000,0.0,0.00
1765628015.409675,2,2043,1879,1765628015409,1765628015409,0,2.93,0.0000,0.0,0.00
1765628015.430873,2,2044,1880,1765628015430,1765628015430,0,2.93,0.0000,0.0,0.00
1765628015.452207,2,2045,1881,1765628015452,1765628015452,0,2.91,0.0000,0.0,0.00
1765628015.474755,2,2046,1882,1765628015473,1765628015474,1,2.89,0.0000,0.0,0.00
1765628015.494186,2,2047,1883,1765628015494,1765628015494,0,2.88,0.0000,0.0,0.00
1765628015.516357,2,2048,1884,1765628015515,1765628015515,0,2.88,0.0000,0.0,0.00
1765628015.537420,2,2049,1885,1765628015537,1765628015537,0,2.89,0.0000,0.0,0.00
1765628015.558464,2,2050,1886,1765628015558,1765628015558,0,2.86,0.0000,0.0,0.00
1765628015.569735,2,2051,1887,1765628015569,1765628015569,0,2.83,0.0000,0.0,0.00
1765628015.594746,2,2052,1888,1765628015591,1765628015593,2,2.86,0.0000,0.0,0.00
1765628015.613219,2,2053,1890,1765628015613,1765628015613,0,2.85,0.0000,0.0,0.00
1765628015.626138,2,2054,1891,1765628015624,1765628015626,2,2.97,0.0000,0.0,0.00
1765628015.646098,2,2055,1892,1765628015645,1765628015646,1,2.95,0.0000,0.0,0.00
1765628015.667159,2,2056,1893,1765628015667,1765628015667,0,2.95,0.0000,0.0,0.00
1765628015.688347,2,2057,1894,1765628015688,1765628015688,0,2.92,0.0000,0.0,0.00
1765628015.709183,2,2058,1895,1765628015709,1765628015709,0,2.88,0.0000,0.0,0.00
1765628015.731028,2,2059,1896,1765628015731,1765628015731,0,2.89,0.0000,0.0,0.00
1765628015.741909,2,2060,1897,1765628015741,1765628015741,0,3.08,0.0000,0.0,0.00
1765628015.763693,2,2061,1898,1765628015763,1765628015763,0,3.06,0.0000,0.0,0.00
1765628015.784588,2,2062,1899,1765628015784,1765628015784,0,3.06,0.0000,0.0,0.00
1765628015.808427,2,2063,1900,1765628015806,1765628015808,2,3.08,0.0000,0.0,0.00
1765628015.817192,2,2064,1901,1765628015817,1765628015817,0,3.33,0.0000,0.0,0.00
1765628015.840219,2,2065,1902,1765628015838,1765628015840,2,3.34,0.0000,0.0,0.00
1765628015.858977,2,2066,1903,1765628015858,1765628015858,0,3.37,0.0000,0.0,0.00
1765628015.879852,2,2067,1904,1765628015879,1765628015879,0,3.34,0.0000,0.0,0.00
1765628015.901309,2,2068,1905,1765628015901,1765628015901,0,3.33,0.0000,0.0,0.00
1765628015.923129,2,2069,1906,1765628015923,1765628015923,0,3.33,0.0000,0.0,0.00
1765628015.944720,2,2070,1907,1765628015944,1765628015944,0,3.33,0.0000,0.0,0.00
1765628015.966149,2,2071,1908,1765628015966,1765628015966,0,3.32,0.0000,0.0,0.00
1765628015.987102,2,2072,1909,1765628015987,1765628015987,0,3.32,0.0000,0.0,0.00
1765628016.008339,2,2073,1910,1765628016008,1765628016008,0,3.14,0.0000,0.0,0.00
1765628016.051804,2,2074,1911,1765628016048,1765628016050,2,3.31,0.0000,0.0,0.00
1765628016.069915,2,2075,1912,1765628016066,1765628016069,3,3.32,0.0000,0.0,0.00
1765628016.085821,2,2076,1913,1765628016078,1765628016084,6,3.43,0.0000,0.0,0.00
1765628016.091297,2,2077,1914,1765628016090,1765628016091,1,3.72,0.0000,0.0,0.00
1765628016.117163,2,2078,1915,1765628016113,1765628016116,3,3.76,0.0000,0.0,0.00
1765628016.135505,2,2079,1916,1765628016134,1765628016135,1,3.74,0.0000,0.0,0.00
1765628016.156645,2,2080,1917,1765628016156,1765628016156,0,3.71,0.0000,0.0,0.00
1765628016.177902,2,2081,1918,1765628016177,1765628016177,0,3.70,0.0000,0.0,0.00
1765628016.199963,2,2082,1919,1765628016199,1765628016199,0,3.71,0.0000,0.0,0.00
1765628016.221791,2,2083,1920,1765628016220,1765628016220,0,3.66,0.0000,0.0,0.00
1765628016.241862,2,2084,1921,1765628016241,1765628016241,0,3.39,0.0000,0.0,0.00
1765628016.266607,2,2085,1922,1765628016263,1765628016266,3,3.22,0.0000,0.0,0.00
1765628016.284998,2,2086,1923,1765628016284,1765628016284,0,3.26,0.0000,0.0,0.00
1765628016.306759,2,2087,1924,1765628016306,1765628016306,0,3.24,0.0000,0.0,0.00
1765628016.317361,2,2088,1925,1765628016317,1765628016317,0,3.44,0.0000,0.0,0.00
1765628016.339434,2,2089,1926,1765628016338,1765628016339,1,3.44,0.0000,0.0,0.00
1765628016.350463,2,2090,1927,1765628016350,1765628016350,0,3.64,0.0000,0.0,0.00
1765628016.371688,2,2091,1928,1765628016371,1765628016371,0,3.64,0.0000,0.0,0.00
1765628016.392901,2,2092,1929,1765628016392,1765628016392,0,3.63,0.0000,0.0,0.00
1765628016.415119,2,2093,1930,1765628016414,1765628016415,1,3.65,0.0000,0.0,0.00
1765628016.436355,2,2094,1931,1765628016435,1765628016435,0,3.47,0.0000,0.0,0.00
1765628016.448122,2,2095,1932,1765628016446,1765628016448,2,3.61,0.0000,0.0,0.00
1765628016.468634,2,2096,1933,1765628016468,1765628016468,0,3.58,0.0000,0.0,0.00
1765628016.488981,2,2097,1934,1765628016488,1765628016488,0,3.57,0.0000,0.0,0.00
1765628016.513328,2,2098,1935,1765628016510,1765628016513,3,3.61,0.0000,0.0,0.00
1765628016.531538,2,2099,1936,1765628016531,1765628016531,0,3.60,0.0000,0.0,0.00
1765628016.552687,2,2100,1937,1765628016552,1765628016552,0,3.61,0.0000,0.0,0.00
1765628016.574816,2,2101,1938,1765628016573,1765628016573,0,3.51,0.0000,0.0,0.00
1765628016.585019,2,2102,1939,1765628016585,1765628016585,0,3.38,0.0000,0.0,0.00
1765628016.597617,2,2103,1940,1765628016596,1765628016596,0,3.38,0.0000,0.0,0.00
1765628016.617971,2,2104,1941,1765628016617,1765628016617,0,3.38,0.0000,0.0,0.00
1765628016.639718,2,2105,1942,1765628016639,1765628016639,0,3.38,0.0000,0.0,0.00
1765628016.664522,2,2106,1943,1765628016660,1765628016663,3,3.40,0.0000,0.0,0.00
1765628016.681702,2,2107,1945,1765628016681,1765628016681,0,3.44,0.0000,0.0,0.00
1765628016.702911,2,2108,1946,1765628016702,1765628016702,0,3.44,0.0000,0.0,0.00
1765628016.725007,2,2109,1947,1765628016724,1765628016725,1,3.45,0.0000,0.0,0.00
1765628016.746275,2,2110,1948,1765628016745,1765628016746,1,3.45,0.0000,0.0,0.00
1765628016.767241,2,2111,1949,1765628016767,1765628016767,0,3.25,0.0000,0.0,0.00
1765628016.788549,2,2112,1950,1765628016788,1765628016788,0,3.22,0.0000,0.0,0.00
1765628016.800347,2,2113,1951,1765628016800,1765628016800,0,3.41,0.0000,0.0,0.00
1765628016.817387,2,2114,1952,1765628016811,1765628016817,6,3.31,0.0000,0.0,0.00
1765628016.824105,2,2115,1953,1765628016823,1765628016823,0,3.64,0.0000,0.0,0.00
1765628016.834461,2,2116,1954,1765628016834,1765628016834,0,3.82,0.0000,0.0,0.00
1765628016.856342,2,2117,1955,1765628016855,1765628016856,1,3.83,0.0000,0.0,0.00
1765628016.880826,2,2118,1956,1765628016877,1765628016880,3,3.86,0.0000,0.0,0.00
1765628016.898654,2,2119,1957,1765628016898,1765628016898,0,3.87,0.0000,0.0,0.00
1765628016.920231,2,2120,1958,1765628016920,1765628016920,0,3.68,0.0000,0.0,0.00
1765628016.946714,2,2121,1959,1765628016942,1765628016946,4,3.72,0.0000,0.0,0.00
1765628016.953351,2,2122,1960,1765628016953,1765628016953,0,3.99,0.0000,0.0,0.00
1765628016.978537,2,2123,1961,1765628016974,1765628016975,1,3.97,0.0000,0.0,0.00
1765628016.996147,2,2124,1962,1765628016996,1765628016996,0,3.75,0.0000,0.0,0.00
1765628017.006778,2,2125,1963,1765628017006,1765628017006,0,3.92,0.0000,0.0,0.00
1765628017.030431,2,2126,1964,1765628017028,1765628017030,2,3.94,0.0000,0.0,0.00
1765628017.050035,2,2127,1965,1765628017050,1765628017050,0,3.93,0.0000,0.0,0.00
1765628017.071833,2,2128,1966,1765628017071,1765628017071,0,3.92,0.0000,0.0,0.00
1765628017.096473,2,2129,1967,1765628017093,1765628017096,3,3.95,0.0000,0.0,0.00
1765628017.114587,2,2130,1968,1765628017114,1765628017114,0,3.97,0.0000,0.0,0.00
1765628017.131294,2,2131,1969,1765628017126,1765628017131,5,3.99,0.0000,0.0,0.00
1765628017.148198,2,2132,1970,1765628017148,1765628017148,0,4.02,0.0000,0.0,0.00
1765628017.169339,2,2133,1971,1765628017169,1765628017169,0,4.02,0.0000,0.0,0.00
1765628017.180684,2,2134,1972,1765628017180,1765628017180,0,3.92,0.0000,0.0,0.00
1765628017.202628,2,2135,1973,1765628017202,1765628017202,0,3.95,0.0000,0.0,0.00
1765628017.223759,2,2136,1974,1765628017223,1765628017223,0,3.89,0.0000,0.0,0.00
1765628017.247442,2,2137,1975,1765628017245,1765628017247,2,3.68,0.0000,0.0,0.00
1765628017.266149,2,2138,1976,1765628017266,1765628017266,0,3.62,0.0000,0.0,0.00
1765628017.282516,2,2139,1977,1765628017278,1765628017282,4,3.68,0.0000,0.0,0.00
1765628017.290622,2,2140,1978,1765628017289,1765628017289,0,3.92,0.0000,0.0,0.00
1765628017.300739,2,2141,1979,1765628017300,1765628017300,0,4.06,0.0000,0.0,0.00
1765628017.313926,2,2142,1980,1765628017311,1765628017313,2,4.13,0.0000,0.0,0.00
1765628017.332966,2,2143,1981,1765628017332,1765628017332,0,4.11,0.0000,0.0,0.00
1765628017.354209,2,2144,1982,1765628017354,1765628017354,0,4.12,0.0000,0.0,0.00
1765628017.376244,2,2145,1983,1765628017375,1765628017376,1,4.08,0.0000,0.0,0.00
1765628017.396667,2,2146,1984,1765628017396,1765628017396,0,4.09,0.0000,0.0,0.00
1765628017.418755,2,2147,1985,1765628017418,1765628017418,0,4.09,0.0000,0.0,0.00
1765628017.440688,2,2148,1986,1765628017440,1765628017440,0,3.97,0.0000,0.0,0.00
1765628017.450858,2,2149,1987,1765628017450,1765628017450,0,4.11,0.0000,0.0,0.00
1765628017.472072,2,2150,1988,1765628017472,1765628017472,0,3.99,0.0000,0.0,0.00
1765628017.493155,2,2151,1989,1765628017493,1765628017493,0,3.99,0.0000,0.0,0.00
1765628017.504836,2,2152,1990,1765628017504,1765628017504,0,4.12,0.0000,0.0,0.00
1765628017.526175,2,2153,1991,1765628017526,1765628017526,0,4.11,0.0000,0.0,0.00
1765628017.538010,2,2154,1992,1765628017538,1765628017538,0,4.23,0.0000,0.0,0.00
1765628017.549154,2,2155,1993,1765628017549,1765628017549,0,4.27,0.0000,0.0,0.00
1765628017.570518,2,2156,1994,1765628017570,1765628017570,0,4.28,0.0000,0.0,0.00
1765628017.592020,2,2157,1995,1765628017592,1765628017592,0,4.31,0.0000,0.0,0.00
1765628017.603438,2,2158,1996,1765628017603,1765628017603,0,4.37,0.0000,0.0,0.00
1765628017.625164,2,2159,1997,1765628017625,1765628017625,0,4.41,0.0000,0.0,0.00
1765628017.647780,2,2160,1998,1765628017646,1765628017647,1,4.42,0.0000,0.0,0.00
1765628017.667735,2,2161,1999,1765628017667,1765628017667,0,4.41,0.0000,0.0,0.00
1765628017.689391,2,2162,2000,1765628017688,1765628017688,0,4.31,0.0000,0.0,0.00
1765628017.710111,2,2163,2001,1765628017710,1765628017710,0,4.20,0.0000,0.0,0.00
1765628017.731829,2,2164,2002,1765628017731,1765628017731,0,4.20,0.0000,0.0,0.00
1765628017.753673,2,2165,2003,1765628017753,1765628017753,0,4.20,0.0000,0.0,0.00
1765628017.767193,2,2166,2004,1765628017764,1765628017766,2,4.25,0.0000,0.0,0.00
1765628017.786087,2,2167,2005,1765628017786,1765628017786,0,4.26,0.0000,0.0,0.00
1765628017.808069,2,2168,2006,1765628017808,1765628017808,0,4.27,0.0000,0.0,0.00
1765628017.819977,2,2169,2008,1765628017819,1765628017819,0,4.37,0.0000,0.0,0.00
1765628017.833330,2,2170,2009,1765628017830,1765628017833,3,4.42,0.0000,0.0,0.00
1765628017.852162,2,2171,2010,1765628017852,1765628017852,0,4.40,0.0000,0.0,0.00
1765628017.873713,2,2172,2011,1765628017873,1765628017873,0,4.40,0.0000,0.0,0.00
1765628017.894825,2,2173,2012,1765628017894,1765628017894,0,4.30,0.0000,0.0,0.00
1765628017.906564,2,2174,2013,1765628017906,1765628017906,0,4.41,0.0000,0.0,0.00
1765628017.927939,2,2175,2014,1765628017927,1765628017927,0,4.18,0.0000,0.0,0.00
1765628017.949436,2,2176,2015,1765628017949,1765628017949,0,4.06,0.0000,0.0,0.00
1765628017.960635,2,2177,2016,1765628017960,1765628017960,0,4.18,0.0000,0.0,0.00
1765628017.971757,2,2178,2017,1765628017971,1765628017971,0,4.27,0.0000,0.0,0.00
1765628017.993345,2,2179,2018,1765628017993,1765628017993,0,4.31,0.0000,0.0,0.00
1765628018.017387,2,2180,2019,1765628018015,1765628018016,1,4.32,0.0000,0.0,0.00
1765628018.026698,2,2181,2020,1765628018026,1765628018026,0,4.40,0.0000,0.0,0.00
1765628018.051703,2,2182,2021,1765628018048,1765628018051,3,4.24,0.0000,0.0,0.00
1765628018.069703,2,2183,2023,1765628018069,1765628018069,0,4.20,0.0000,0.0,0.00
1765628018.083581,2,2184,2024,1765628018081,1765628018083,2,4.26,0.0000,0.0,0.00
1765628018.102860,2,2185,2025,1765628018102,1765628018102,0,4.10,0.0000,0.0,0.00
1765628018.123719,2,2186,2026,1765628018123,1765628018123,0,4.06,0.0000,0.0,0.00
1765628018.147933,2,2187,2027,1765628018144,1765628018146,2,4.10,0.0000,0.0,0.00
1765628018.166041,2,2188,2028,1765628018166,1765628018166,0,4.08,0.0000,0.0,0.00
1765628018.187330,2,2189,2029,1765628018187,1765628018187,0,4.03,0.0000,0.0,0.00
1765628018.208696,2,2190,2030,1765628018208,1765628018208,0,4.06,0.0000,0.0,0.00
1765628018.232663,2,2191,2031,1765628018229,1765628018232,3,4.10,0.0000,0.0,0.00
1765628018.253113,2,2192,2032,1765628018252,1765628018252,0,4.09,0.0000,0.0,0.00
1765628018.267017,2,2193,2033,1765628018263,1765628018267,4,4.13,0.0000,0.0,0.00
1765628018.284417,2,2194,2034,1765628018284,1765628018284,0,4.00,0.0000,0.0,0.00
1765628018.306134,2,2195,2035,1765628018305,1765628018305,0,3.99,0.0000,0.0,0.00
1765628018.327340,2,2196,2036,1765628018326,1765628018326,0,3.99,0.0000,0.0,0.00
1765628018.349987,2,2197,2037,1765628018348,1765628018349,1,3.98,0.0000,0.0,0.00
1765628018.369767,2,2198,2038,1765628018369,1765628018369,0,3.99,0.0000,0.0,0.00
1765628018.391982,2,2199,2039,1765628018391,1765628018391,0,3.97,0.0000,0.0,0.00
1765628018.416260,2,2200,2040,1765628018413,1765628018416,3,3.77,0.0000,0.0,0.00
1765628018.424345,2,2201,2041,1765628018424,1765628018424,0,3.84,0.0000,0.0,0.00
1765628018.449922,2,2202,2042,1765628018445,1765628018449,4,3.76,0.0000,0.0,0.00
1765628018.467241,2,2203,2043,1765628018467,1765628018467,0,3.78,0.0000,0.0,0.00
1765628018.488503,2,2204,2044,1765628018488,1765628018488,0,3.77,0.0000,0.0,0.00
1765628018.513539,2,2205,2045,1765628018510,1765628018512,2,3.79,0.0000,0.0,0.00
1765628018.531109,2,2206,2046,1765628018531,1765628018531,0,3.78,0.0000,0.0,0.00
1765628018.552567,2,2207,2047,1765628018552,1765628018552,0,3.77,0.0000,0.0,0.00
1765628018.573674,2,2208,2048,1765628018573,1765628018573,0,3.76,0.0000,0.0,0.00
1765628018.596051,2,2209,2049,1765628018595,1765628018595,0,3.59,0.0000,0.0,0.00
1765628018.606161,2,2210,2050,1765628018606,1765628018606,0,3.74,0.0000,0.0,0.00
1765628018.631379,2,2211,2051,1765628018627,1765628018631,4,3.78,0.0000,0.0,0.00
1765628018.639180,2,2212,2052,1765628018639,1765628018639,0,3.85,0.0000,0.0,0.00
1765628018.660473,2,2213,2053,1765628018660,1765628018660,0,3.84,0.0000,0.0,0.00
1765628018.684327,2,2214,2055,1765628018681,1765628018684,3,3.73,0.0000,0.0,0.00
1765628018.693465,2,2215,2056,1765628018693,1765628018693,0,3.78,0.0000,0.0,0.00
1765628018.704953,2,2216,2057,1765628018703,1765628018703,0,3.96,0.0000,0.0,0.00
1765628018.717211,2,2217,2059,1765628018715,1765628018717,2,4.04,0.0000,0.0,0.00
1765628018.736694,2,2218,2060,1765628018736,1765628018736,0,3.86,0.0000,0.0,0.00
1765628018.758149,2,2219,2061,1765628018758,1765628018758,0,3.86,0.0000,0.0,0.00
1765628018.779324,2,2220,2062,1765628018779,1765628018779,0,3.85,0.0000,0.0,0.00
1765628018.800941,2,2221,2063,1765628018800,1765628018800,0,3.86,0.0000,0.0,0.00
1765628018.822662,2,2222,2064,1765628018822,1765628018822,0,3.87,0.0000,0.0,0.00
1765628018.843380,2,2223,2065,1765628018843,1765628018843,0,3.86,0.0000,0.0,0.00
1765628018.868170,2,2224,2066,1765628018864,1765628018867,3,3.89,0.0000,0.0,0.00
1765628018.885899,2,2225,2067,1765628018885,1765628018885,0,3.88,0.0000,0.0,0.00
1765628018.907074,2,2226,2068,1765628018907,1765628018907,0,3.78,0.0000,0.0,0.00
1765628018.928195,2,2227,2069,1765628018928,1765628018928,0,3.79,0.0000,0.0,0.00
1765628018.939310,2,2228,2070,1765628018939,1765628018939,0,3.94,0.0000,0.0,0.00
1765628018.951009,2,2229,2071,1765628018951,1765628018951,0,3.92,0.0000,0.0,0.00
1765628018.971607,2,2230,2072,1765628018971,1765628018971,0,3.81,0.0000,0.0,0.00
1765628018.993925,2,2231,2073,1765628018992,1765628018992,0,3.83,0.0000,0.0,0.00
1765628019.004079,2,2232,2074,1765628019004,1765628019004,0,3.97,0.0000,0.0,0.00
1765628019.016284,2,2233,2075,1765628019015,1765628019016,1,4.10,0.0000,0.0,0.00
1765628019.036553,2,2234,2076,1765628019036,1765628019036,0,3.96,0.0000,0.0,0.00
1765628019.058459,2,2235,2077,1765628019058,1765628019058,0,3.97,0.0000,0.0,0.00
1765628019.082705,2,2236,2078,1765628019080,1765628019082,2,3.99,0.0000,0.0,0.00
1765628019.101930,2,2237,2079,1765628019100,1765628019100,0,3.83,0.0000,0.0,0.00
1765628019.112070,2,2238,2080,1765628019112,1765628019112,0,3.81,0.0000,0.0,0.00
1765628019.134767,2,2239,2081,1765628019133,1765628019134,1,3.81,0.0000,0.0,0.00
1765628019.154518,2,2240,2082,1765628019154,1765628019154,0,3.78,0.0000,0.0,0.00
1765628019.176255,2,2241,2083,1765628019176,1765628019176,0,3.62,0.0000,0.0,0.00
1765628019.199555,2,2242,2084,1765628019197,1765628019199,2,3.59,0.0000,0.0,0.00
1765628019.219022,2,2243,2085,1765628019218,1765628019218,0,3.57,0.0000,0.0,0.00
1765628019.239230,2,2244,2086,1765628019239,1765628019239,0,3.48,0.0000,0.0,0.00
1765628019.250992,2,2245,2087,1765628019250,1765628019250,0,3.66,0.0000,0.0,0.00
1765628019.271642,2,2246,2088,1765628019271,1765628019271,0,3.66,0.0000,0.0,0.00
1765628019.292829,2,2247,2089,1765628019292,1765628019292,0,3.63,0.0000,0.0,0.00
1765628019.316142,2,2248,2090,1765628019314,1765628019316,2,3.68,0.0000,0.0,0.00
1765628019.336370,2,2249,2091,1765628019335,1765628019335,0,3.66,0.0000,0.0,0.00
1765628019.357667,2,2250,2092,1765628019357,1765628019357,0,3.67,0.0000,0.0,0.00
1765628019.384981,2,2251,2093,1765628019379,1765628019383,4,3.69,0.0000,0.0,0.00
1765628019.392322,2,2252,2094,1765628019391,1765628019391,0,3.92,0.0000,0.0,0.00
1765628019.403114,2,2253,2095,1765628019402,1765628019402,0,4.02,0.0000,0.0,0.00
1765628019.423892,2,2254,2096,1765628019423,1765628019423,0,3.99,0.0000,0.0,0.00
1765628019.445353,2,2255,2097,1765628019445,1765628019445,0,4.00,0.0000,0.0,0.00
1765628019.458238,2,2256,2098,1765628019458,1765628019458,0,4.12,0.0000,0.0,0.00
1765628019.468585,2,2257,2099,1765628019468,1765628019468,0,4.28,0.0000,0.0,0.00
1765628019.489876,2,2258,2100,1765628019489,1765628019489,0,4.29,0.0000,0.0,0.00
1765628019.511103,2,2259,2101,1765628019511,1765628019511,0,4.29,0.0000,0.0,0.00
1765628019.534733,2,2260,2102,1765628019532,1765628019534,2,4.27,0.0000,0.0,0.00
1765628019.554096,2,2261,2103,1765628019554,1765628019554,0,4.03,0.0000,0.0,0.00
1765628019.575590,2,2262,2104,1765628019575,1765628019575,0,3.99,0.0000,0.0,0.00
1765628019.597978,2,2263,2105,1765628019596,1765628019596,0,4.00,0.0000,0.0,0.00
1765628019.609334,2,2264,2106,1765628019608,1765628019608,0,4.13,0.0000,0.0,0.00
1765628019.629702,2,2265,2107,1765628019629,1765628019629,0,4.10,0.0000,0.0,0.00
1765628019.650996,2,2266,2108,1765628019650,1765628019650,0,4.12,0.0000,0.0,0.00
1765628019.672389,2,2267,2109,1765628019672,1765628019672,0,4.13,0.0000,0.0,0.00
1765628019.693947,2,2268,2110,1765628019693,1765628019693,0,4.13,0.0000,0.0,0.00
1765628019.719250,2,2269,2111,1765628019715,1765628019719,4,4.17,0.0000,0.0,0.00
1765628019.737073,2,2270,2112,1765628019737,1765628019737,0,4.01,0.0000,0.0,0.00
1765628019.758888,2,2271,2113,1765628019758,1765628019758,0,3.97,0.0000,0.0,0.00
1765628019.779706,2,2272,2114,1765628019779,1765628019779,0,3.73,0.0000,0.0,0.00
1765628019.802679,2,2273,2115,1765628019801,1765628019801,0,3.74,0.0000,0.0,0.00
1765628019.822268,2,2274,2116,1765628019822,1765628019822,0,3.71,0.0000,0.0,0.00
1765628019.843658,2,2275,2117,1765628019843,1765628019843,0,3.51,0.0000,0.0,0.00
1765628019.869405,2,2276,2118,1765628019864,1765628019868,4,3.35,0.0000,0.0,0.00
1765628019.886189,2,2277,2119,1765628019886,1765628019886,0,3.26,0.0000,0.0,0.00
1765628019.897867,2,2278,2120,1765628019897,1765628019897,0,3.44,0.0000,0.0,0.00
1765628019.918564,2,2279,2121,1765628019918,1765628019918,0,3.43,0.0000,0.0,0.00
1765628019.939438,2,2280,2122,1765628019939,1765628019939,0,3.43,0.0000,0.0,0.00
1765628019.961108,2,2281,2123,1765628019960,1765628019960,0,3.43,0.0000,0.0,0.00
1765628019.986133,2,2282,2124,1765628019982,1765628019986,4,3.47,0.0000,0.0,0.00
1765628020.003611,2,2283,2125,1765628020003,1765628020003,0,3.51,0.0000,0.0,0.00
1765628020.015737,2,2284,2126,1765628020014,1765628020014,0,3.64,0.0000,0.0,0.00
1765628020.025995,2,2285,2127,1765628020025,1765628020025,0,3.80,0.0000,0.0,0.00
1765628020.037525,2,2286,2128,1765628020037,1765628020037,0,3.93,0.0000,0.0,0.00
1765628020.055178,2,2287,2129,1765628020049,1765628020054,5,3.94,0.0000,0.0,0.00
1765628020.071507,2,2288,2130,1765628020071,1765628020071,0,3.81,0.0000,0.0,0.00
1765628020.092964,2,2289,2131,1765628020092,1765628020092,0,3.68,0.0000,0.0,0.00
1765628020.113611,2,2290,2132,1765628020113,1765628020113,0,3.69,0.0000,0.0,0.00
1765628020.135069,2,2291,2133,1765628020135,1765628020135,0,3.70,0.0000,0.0,0.00
1765628020.156376,2,2292,2134,1765628020156,1765628020156,0,3.57,0.0000,0.0,0.00
1765628020.168783,2,2293,2135,1765628020167,1765628020167,0,3.59,0.0000,0.0,0.00
1765628020.178959,2,2294,2136,1765628020178,1765628020178,0,3.76,0.0000,0.0,0.00
1765628020.200763,2,2295,2137,1765628020200,1765628020200,0,3.76,0.0000,0.0,0.00
1765628020.222696,2,2296,2138,1765628020222,1765628020222,0,3.73,0.0000,0.0,0.00
1765628020.243579,2,2297,2139,1765628020243,1765628020243,0,3.73,0.0000,0.0,0.00
1765628020.269120,2,2298,2140,1765628020265,1765628020269,4,3.65,0.0000,0.0,0.00
1765628020.277116,2,2299,2141,1765628020276,1765628020277,1,3.87,0.0000,0.0,0.00
1765628020.300325,2,2300,2142,1765628020297,1765628020300,3,3.90,0.0000,0.0,0.00
1765628020.319483,2,2301,2143,1765628020319,1765628020319,0,3.87,0.0000,0.0,0.00
1765628020.341391,2,2302,2144,1765628020340,1765628020340,0,3.85,0.0000,0.0,0.00
1765628020.362240,2,2303,2145,1765628020362,1765628020362,0,3.88,0.0000,0.0,0.00
1765628020.384682,2,2304,2146,1765628020383,1765628020384,1,3.89,0.0000,0.0,0.00
1765628020.404964,2,2305,2147,1765628020404,1765628020404,0,3.71,0.0000,0.0,0.00
1765628020.426633,2,2306,2148,1765628020426,1765628020426,0,3.73,0.0000,0.0,0.00
1765628020.447734,2,2307,2149,1765628020447,1765628020447,0,3.73,0.0000,0.0,0.00
1765628020.458896,2,2308,2150,1765628020458,1765628020458,0,3.86,0.0000,0.0,0.00
1765628020.481215,2,2309,2151,1765628020481,1765628020481,0,3.90,0.0000,0.0,0.00
1765628020.502247,2,2310,2152,1765628020502,1765628020502,0,3.89,0.0000,0.0,0.00
1765628020.523807,2,2311,2153,1765628020523,1765628020523,0,3.83,0.0000,0.0,0.00
1765628020.546200,2,2312,2154,1765628020545,1765628020545,0,3.61,0.0000,0.0,0.00
1765628020.557421,2,2313,2155,1765628020557,1765628020557,0,3.58,0.0000,0.0,0.00
1765628020.571119,2,2314,2156,1765628020568,1765628020571,3,3.68,0.0000,0.0,0.00
1765628020.580470,2,2315,2157,1765628020579,1765628020579,0,3.90,0.0000,0.0,0.00
1765628020.590745,2,2316,2158,1765628020590,1765628020590,0,3.95,0.0000,0.0,0.00
1765628020.612206,2,2317,2159,1765628020612,1765628020612,0,3.78,0.0000,0.0,0.00
1765628020.636317,2,2318,2160,1765628020633,1765628020636,3,3.81,0.0000,0.0,0.00
1765628020.654553,2,2319,2161,1765628020654,1765628020654,0,3.80,0.0000,0.0,0.00
1765628020.675972,2,2320,2162,1765628020675,1765628020675,0,3.78,0.0000,0.0,0.00
1765628020.697341,2,2321,2164,1765628020697,1765628020697,0,3.80,0.0000,0.0,0.00
1765628020.720480,2,2322,2165,1765628020718,1765628020719,1,3.81,0.0000,0.0,0.00
1765628020.739634,2,2323,2166,1765628020739,1765628020739,0,3.80,0.0000,0.0,0.00
1765628020.760883,2,2324,2167,1765628020760,1765628020760,0,3.66,0.0000,0.0,0.00
1765628020.783477,2,2325,2168,1765628020782,1765628020782,0,3.67,0.0000,0.0,0.00
1765628020.793661,2,2326,2169,1765628020793,1765628020793,0,3.83,0.0000,0.0,0.00
1765628020.814956,2,2327,2170,1765628020814,1765628020814,0,3.82,0.0000,0.0,0.00
1765628020.827199,2,2328,2172,1765628020826,1765628020826,0,3.96,0.0000,0.0,0.00
1765628020.837382,2,2329,2173,1765628020837,1765628020837,0,4.04,0.0000,0.0,0.00
1765628020.858440,2,2330,2174,1765628020858,1765628020858,0,4.06,0.0000,0.0,0.00
1765628020.879661,2,2331,2175,1765628020879,1765628020879,0,4.06,0.0000,0.0,0.00
1765628020.903225,2,2332,2176,1765628020900,1765628020903,3,4.09,0.0000,0.0,0.00
1765628020.922189,2,2333,2177,1765628020922,1765628020922,0,4.06,0.0000,0.0,0.00
1765628020.943330,2,2334,2178,1765628020943,1765628020943,0,4.06,0.0000,0.0,0.00
1765628020.964974,2,2335,2179,1765628020964,1765628020964,0,4.06,0.0000,0.0,0.00
1765628020.985882,2,2336,2180,1765628020985,1765628020985,0,4.01,0.0000,0.0,0.00
1765628021.008124,2,2337,2181,1765628021008,1765628021008,0,4.04,0.0000,0.0,0.00
1765628021.029740,2,2338,2182,1765628021028,1765628021028,0,3.88,0.0000,0.0,0.00
1765628021.054503,2,2339,2183,1765628021050,1765628021054,4,3.93,0.0000,0.0,0.00
1765628021.062115,2,2340,2184,1765628021062,1765628021062,0,4.15,0.0000,0.0,0.00
1765628021.073875,2,2341,2186,1765628021073,1765628021073,0,4.30,0.0000,0.0,0.00
1765628021.086270,2,2342,2187,1765628021084,1765628021086,2,4.33,0.0000,0.0,0.00
1765628021.106110,2,2343,2188,1765628021106,1765628021106,0,4.32,0.0000,0.0,0.00
1765628021.127206,2,2344,2189,1765628021127,1765628021127,0,4.18,0.0000,0.0,0.00
1765628021.152064,2,2345,2190,1765628021148,1765628021151,3,4.06,0.0000,0.0,0.00
1765628021.169275,2,2346,2191,1765628021169,1765628021169,0,3.92,0.0000,0.0,0.00
1765628021.191487,2,2347,2192,1765628021190,1765628021190,0,3.90,0.0000,0.0,0.00
1765628021.212269,2,2348,2193,1765628021212,1765628021212,0,3.88,0.0000,0.0,0.00
1765628021.236004,2,2349,2194,1765628021233,1765628021236,3,3.91,0.0000,0.0,0.00
1765628021.254998,2,2350,2195,1765628021254,1765628021254,0,3.91,0.0000,0.0,0.00
1765628021.276157,2,2351,2196,1765628021276,1765628021276,0,3.91,0.0000,0.0,0.00
1765628021.303840,2,2352,2197,1765628021297,1765628021303,6,3.97,0.0000,0.0,0.00
1765628021.308862,2,2353,2198,1765628021308,1765628021308,0,4.11,0.0000,0.0,0.00
1765628021.320100,2,2354,2199,1765628021320,1765628021320,0,4.09,0.0000,0.0,0.00
1765628021.341794,2,2355,2200,1765628021341,1765628021341,0,4.08,0.0000,0.0,0.00
1765628021.362254,2,2356,2201,1765628021362,1765628021362,0,4.07,0.0000,0.0,0.00
1765628021.383981,2,2357,2202,1765628021383,1765628021383,0,4.07,0.0000,0.0,0.00
1765628021.405189,2,2358,2203,1765628021405,1765628021405,0,4.03,0.0000,0.0,0.00
1765628021.426583,2,2359,2204,1765628021426,1765628021426,0,3.79,0.0000,0.0,0.00
1765628021.449581,2,2360,2205,1765628021448,1765628021448,0,3.78,0.0000,0.0,0.00
1765628021.470262,2,2361,2206,1765628021469,1765628021470,1,3.80,0.0000,0.0,0.00
1765628021.491525,2,2362,2207,1765628021490,1765628021490,0,3.79,0.0000,0.0,0.00
1765628021.511813,2,2363,2208,1765628021511,1765628021511,0,3.79,0.0000,0.0,0.00
1765628021.533990,2,2364,2209,1765628021532,1765628021533,1,3.79,0.0000,0.0,0.00
1765628021.554857,2,2365,2210,1765628021554,1765628021554,0,3.79,0.0000,0.0,0.00
1765628021.576284,2,2366,2211,1765628021575,1765628021575,0,3.79,0.0000,0.0,0.00
1765628021.602028,2,2367,2212,1765628021597,1765628021602,5,3.84,0.0000,0.0,0.00
1765628021.619980,2,2368,2213,1765628021619,1765628021619,0,3.70,0.0000,0.0,0.00
1765628021.633881,2,2369,2214,1765628021630,1765628021633,3,3.79,0.0000,0.0,0.00
1765628021.653308,2,2370,2215,1765628021652,1765628021652,0,3.77,0.0000,0.0,0.00
1765628021.673394,2,2371,2216,1765628021673,1765628021673,0,3.77,0.0000,0.0,0.00
1765628021.694726,2,2372,2217,1765628021694,1765628021694,0,3.76,0.0000,0.0,0.00
1765628021.716424,2,2373,2218,1765628021715,1765628021715,0,3.61,0.0000,0.0,0.00
1765628021.736832,2,2374,2219,1765628021736,1765628021736,0,3.50,0.0000,0.0,0.00
1765628021.758924,2,2375,2220,1765628021758,1765628021758,0,3.25,0.0000,0.0,0.00
1765628021.779403,2,2376,2221,1765628021779,1765628021779,0,3.04,0.0000,0.0,0.00
1765628021.801860,2,2377,2222,1765628021800,1765628021800,0,3.03,0.0000,0.0,0.00
1765628021.813748,2,2378,2223,1765628021812,1765628021812,0,3.19,0.0000,0.0,0.00
1765628021.837072,2,2379,2224,1765628021834,1765628021836,2,3.18,0.0000,0.0,0.00
1765628021.847517,2,2380,2225,1765628021847,1765628021847,0,3.38,0.0000,0.0,0.00
1765628021.858566,2,2381,2226,1765628021858,1765628021858,0,3.56,0.0000,0.0,0.00
1765628021.879079,2,2382,2227,1765628021879,1765628021879,0,3.56,0.0000,0.0,0.00
1765628021.900348,2,2383,2228,1765628021900,1765628021900,0,3.56,0.0000,0.0,0.00
1765628021.921360,2,2384,2229,1765628021921,1765628021921,0,3.56,0.0000,0.0,0.00
1765628021.942504,2,2385,2230,1765628021942,1765628021942,0,3.56,0.0000,0.0,0.00
1765628021.963785,2,2386,2231,1765628021963,1765628021963,0,3.37,0.0000,0.0,0.00
1765628021.985122,2,2387,2232,1765628021985,1765628021985,0,3.38,0.0000,0.0,0.00
1765628021.996339,2,2388,2233,1765628021996,1765628021996,0,3.40,0.0000,0.0,0.00
1765628022.019716,2,2389,2234,1765628022017,1765628022018,1,3.21,0.0000,0.0,0.00
1765628022.039832,2,2390,2235,1765628022038,1765628022038,0,3.20,0.0000,0.0,0.00
1765628022.059970,2,2391,2236,1765628022059,1765628022059,0,3.20,0.0000,0.0,0.00
1765628022.072919,2,2392,2237,1765628022071,1765628022071,0,3.35,0.0000,0.0,0.00
1765628022.087070,2,2393,2238,1765628022083,1765628022083,0,3.52,0.0000,0.0,0.00
1765628022.104987,2,2394,2239,1765628022104,1765628022104,0,3.52,0.0000,0.0,0.00
1765628022.126012,2,2395,2240,1765628022126,1765628022126,0,3.53,0.0000,0.0,0.00
1765628022.147443,2,2396,2241,1765628022147,1765628022147,0,3.53,0.0000,0.0,0.00
1765628022.171893,2,2397,2242,1765628022168,1765628022171,3,3.54,0.0000,0.0,0.00
1765628022.189815,2,2398,2243,1765628022189,1765628022189,0,3.56,0.0000,0.0,0.00
1765628022.211593,2,2399,2244,1765628022211,1765628022211,0,3.53,0.0000,0.0,0.00
1765628022.232339,2,2400,2245,1765628022232,1765628022232,0,3.27,0.0000,0.0,0.00
1765628022.257342,2,2401,2246,1765628022253,1765628022256,3,3.09,0.0000,0.0,0.00
1765628022.274698,2,2402,2247,1765628022274,1765628022274,0,2.97,0.0000,0.0,0.00
1765628022.296444,2,2403,2248,1765628022295,1765628022295,0,2.98,0.0000,0.0,0.00
1765628022.318746,2,2404,2249,1765628022318,1765628022318,0,2.99,0.0000,0.0,0.00
1765628022.329192,2,2405,2250,1765628022329,1765628022329,0,3.17,0.0000,0.0,0.00
1765628022.350693,2,2406,2251,1765628022350,1765628022350,0,3.14,0.0000,0.0,0.00
1765628022.361462,2,2407,2252,1765628022361,1765628022361,0,3.34,0.0000,0.0,0.00
1765628022.377742,2,2408,2253,1765628022373,1765628022376,3,3.43,0.0000,0.0,0.00
1765628022.384546,2,2409,2254,1765628022384,1765628022384,0,3.65,0.0000,0.0,0.00
1765628022.409048,2,2410,2255,1765628022405,1765628022408,3,3.67,0.0000,0.0,0.00
1765628022.427017,2,2411,2256,1765628022427,1765628022427,0,3.64,0.0000,0.0,0.00
1765628022.448335,2,2412,2258,1765628022448,1765628022448,0,3.58,0.0000,0.0,0.00
1765628022.469678,2,2413,2259,1765628022469,1765628022469,0,3.26,0.0000,0.0,0.00
1765628022.492313,2,2414,2260,1765628022491,1765628022491,0,3.11,0.0000,0.0,0.00
1765628022.513341,2,2415,2261,1765628022512,1765628022512,0,3.11,0.0000,0.0,0.00
1765628022.524647,2,2416,2262,1765628022523,1765628022524,1,3.27,0.0000,0.0,0.00
1765628022.545468,2,2417,2263,1765628022545,1765628022545,0,3.27,0.0000,0.0,0.00
1765628022.567640,2,2418,2264,1765628022566,1765628022566,0,3.26,0.0000,0.0,0.00
1765628022.577830,2,2419,2265,1765628022577,1765628022577,0,3.44,0.0000,0.0,0.00
1765628022.599995,2,2420,2266,1765628022598,1765628022598,0,3.43,0.0000,0.0,0.00
1765628022.611127,2,2421,2267,1765628022610,1765628022611,1,3.54,0.0000,0.0,0.00
1765628022.631758,2,2422,2268,1765628022631,1765628022631,0,3.54,0.0000,0.0,0.00
1765628022.653665,2,2423,2269,1765628022653,1765628022653,0,3.55,0.0000,0.0,0.00
1765628022.675085,2,2424,2270,1765628022674,1765628022674,0,3.54,0.0000,0.0,0.00
1765628022.695972,2,2425,2272,1765628022695,1765628022695,0,3.54,0.0000,0.0,0.00
1765628022.717068,2,2426,2273,1765628022717,1765628022717,0,3.55,0.0000,0.0,0.00
1765628022.741750,2,2427,2274,1765628022738,1765628022741,3,3.52,0.0000,0.0,0.00
1765628022.760210,2,2428,2275,1765628022760,1765628022760,0,3.48,0.0000,0.0,0.00
1765628022.781641,2,2429,2276,1765628022781,1765628022781,0,3.38,0.0000,0.0,0.00
1765628022.802800,2,2430,2277,1765628022802,1765628022802,0,3.39,0.0000,0.0,0.00
1765628022.814080,2,2431,2278,1765628022814,1765628022814,0,3.54,0.0000,0.0,0.00
1765628022.836915,2,2432,2279,1765628022835,1765628022836,1,3.55,0.0000,0.0,0.00
1765628022.848525,2,2433,2280,1765628022848,1765628022848,0,3.70,0.0000,0.0,0.00
1765628022.859654,2,2434,2281,1765628022859,1765628022859,0,3.86,0.0000,0.0,0.00
1765628022.871372,2,2435,2282,1765628022871,1765628022871,0,3.98,0.0000,0.0,0.00
1765628022.892998,2,2436,2283,1765628022891,1765628022892,1,3.98,0.0000,0.0,0.00
1765628022.905388,2,2437,2284,1765628022905,1765628022905,0,4.08,0.0000,0.0,0.00
1765628022.916428,2,2438,2285,1765628022916,1765628022916,0,4.10,0.0000,0.0,0.00
1765628022.928401,2,2439,2286,1765628022927,1765628022928,1,4.17,0.0000,0.0,0.00
1765628022.949116,2,2440,2288,1765628022949,1765628022949,0,4.04,0.0000,0.0,0.00
1765628022.960285,2,2441,2289,1765628022960,1765628022960,0,4.04,0.0000,0.0,0.00
1765628022.971915,2,2442,2290,1765628022971,1765628022971,0,4.17,0.0000,0.0,0.00
1765628022.994461,2,2443,2291,1765628022992,1765628022994,2,4.20,0.0000,0.0,0.00
1765628023.014163,2,2444,2292,1765628023014,1765628023014,0,4.19,0.0000,0.0,0.00
1765628023.036400,2,2445,2293,1765628023035,1765628023035,0,4.19,0.0000,0.0,0.00
1765628023.056920,2,2446,2294,1765628023056,1765628023056,0,4.19,0.0000,0.0,0.00
1765628023.079687,2,2447,2295,1765628023078,1765628023079,1,4.20,0.0000,0.0,0.00
1765628023.099903,2,2448,2297,1765628023099,1765628023099,0,4.06,0.0000,0.0,0.00
1765628023.113928,2,2449,2298,1765628023111,1765628023112,1,4.13,0.0000,0.0,0.00
1765628023.132804,2,2450,2299,1765628023132,1765628023132,0,4.13,0.0000,0.0,0.00
1765628023.154260,2,2451,2300,1765628023154,1765628023154,0,4.14,0.0000,0.0,0.00
1765628023.179289,2,2452,2301,1765628023175,1765628023178,3,4.07,0.0000,0.0,0.00
1765628023.196802,2,2453,2302,1765628023196,1765628023196,0,3.93,0.0000,0.0,0.00
1765628023.212043,2,2454,2303,1765628023208,1765628023212,4,3.96,0.0000,0.0,0.00
1765628023.220098,2,2455,2304,1765628023219,1765628023219,0,4.16,0.0000,0.0,0.00
1765628023.308405,2,2456,2305,1765628023303,1765628023307,4,5.00,0.0000,0.0,0.00
1765628023.343871,2,2457,2306,1765628023325,1765628023333,8,5.03,0.0000,0.0,0.00
1765628023.356342,2,2458,2307,1765628023344,1765628023353,9,5.01,0.0000,0.0,0.00
1765628023.357354,2,2459,2308,1765628023356,1765628023357,1,5.28,0.0000,0.0,0.00
1765628023.378301,2,2460,2309,1765628023373,1765628023374,1,5.29,0.0000,0.0,0.00
1765628023.405052,2,2461,2310,1765628023404,1765628023404,0,5.38,0.0000,0.0,0.00
1765628023.428773,2,2462,2311,1765628023423,1765628023428,5,5.42,0.0000,0.0,0.00
1765628023.435423,2,2463,2312,1765628023435,1765628023435,0,5.63,0.0000,0.0,0.00
1765628023.448596,2,2464,2313,1765628023446,1765628023448,2,5.70,0.0000,0.0,0.00
1765628023.462492,2,2465,2314,1765628023457,1765628023462,5,5.64,0.0000,0.0,0.00
1765628023.479600,2,2466,2315,1765628023479,1765628023479,0,5.65,0.0000,0.0,0.00
1765628023.493699,2,2467,2316,1765628023490,1765628023493,3,5.59,0.0000,0.0,0.00
1765628023.511747,2,2468,2317,1765628023511,1765628023511,0,5.53,0.0000,0.0,0.00
1765628023.532782,2,2469,2318,1765628023532,1765628023532,0,5.35,0.0000,0.0,0.00
1765628023.544940,2,2470,2319,1765628023543,1765628023544,1,5.41,0.0000,0.0,0.00
1765628023.566169,2,2471,2320,1765628023566,1765628023566,0,5.45,0.0000,0.0,0.00
1765628023.581444,2,2472,2321,1765628023577,1765628023580,3,5.52,0.0000,0.0,0.00
1765628023.589053,2,2473,2322,1765628023589,1765628023589,0,5.67,0.0000,0.0,0.00
1765628023.611417,2,2474,2323,1765628023609,1765628023611,2,5.67,0.0000,0.0,0.00
1765628023.621121,2,2475,2324,1765628023621,1765628023621,0,5.78,0.0000,0.0,0.00
1765628023.644671,2,2476,2325,1765628023642,1765628023644,2,5.73,0.0000,0.0,0.00
1765628023.664472,2,2477,2326,1765628023663,1765628023664,1,5.72,0.0000,0.0,0.00
1765628023.685345,2,2478,2327,1765628023685,1765628023685,0,5.72,0.0000,0.0,0.00
1765628023.696777,2,2479,2328,1765628023696,1765628023696,0,5.72,0.0000,0.0,0.00
1765628023.712812,2,2480,2330,1765628023708,1765628023711,3,5.75,0.0000,0.0,0.00
1765628023.729984,2,2481,2331,1765628023729,1765628023729,0,5.66,0.0000,0.0,0.00
1765628023.751128,2,2482,2332,1765628023751,1765628023751,0,5.69,0.0000,0.0,0.00
1765628023.772699,2,2483,2333,1765628023772,1765628023772,0,5.67,0.0000,0.0,0.00
1765628023.798129,2,2484,2334,1765628023794,1765628023798,4,5.75,0.0000,0.0,0.00
1765628023.816310,2,2485,2335,1765628023816,1765628023816,0,5.73,0.0000,0.0,0.00
1765628023.837997,2,2486,2337,1765628023836,1765628023836,0,5.69,0.0000,0.0,0.00
1765628023.848436,2,2487,2338,1765628023848,1765628023848,0,5.72,0.0000,0.0,0.00
1765628023.859579,2,2488,2339,1765628023859,1765628023859,0,5.83,0.0000,0.0,0.00
1765628023.881286,2,2489,2340,1765628023881,1765628023881,0,5.84,0.0000,0.0,0.00
1765628023.914152,2,2490,2341,1765628023908,1765628023913,5,6.03,0.0000,0.0,0.00
1765628023.919730,2,2491,2342,1765628023919,1765628023919,0,6.13,0.0000,0.0,0.00
1765628023.930870,2,2492,2343,1765628023930,1765628023930,0,6.18,0.0000,0.0,0.00
1765628023.952584,2,2493,2344,1765628023952,1765628023952,0,6.15,0.0000,0.0,0.00
1765628023.963278,2,2494,2345,1765628023963,1765628023963,0,6.15,0.0000,0.0,0.00
1765628023.984830,2,2495,2346,1765628023984,1765628023984,0,6.08,0.0000,0.0,0.00
1765628023.997562,2,2496,2347,1765628023996,1765628023997,1,6.13,0.0000,0.0,0.00
1765628024.015186,2,2497,2348,1765628024008,1765628024015,7,6.05,0.0000,0.0,0.00
1765628024.018995,2,2498,2349,1765628024018,1765628024018,0,6.18,0.0000,0.0,0.00
1765628024.045885,2,2499,2350,1765628024040,1765628024045,5,6.22,0.0000,0.0,0.00
1765628024.061829,2,2500,2351,1765628024061,1765628024061,0,6.22,0.0000,0.0,0.00
1765628024.082386,2,2501,2352,1765628024082,1765628024082,0,6.13,0.0000,0.0,0.00
1765628024.103893,2,2502,2353,1765628024103,1765628024103,0,6.04,0.0000,0.0,0.00
1765628024.126310,2,2503,2354,1765628024125,1765628024125,0,6.02,0.0000,0.0,0.00
1765628024.146891,2,2504,2355,1765628024146,1765628024146,0,6.04,0.0000,0.0,0.00
1765628024.168982,2,2505,2356,1765628024168,1765628024168,0,6.05,0.0000,0.0,0.00
1765628024.192852,2,2506,2357,1765628024190,1765628024192,2,6.10,0.0000,0.0,0.00
1765628024.211187,2,2507,2358,1765628024211,1765628024211,0,6.04,0.0000,0.0,0.00
1765628024.232303,2,2508,2359,1765628024232,1765628024232,0,6.05,0.0000,0.0,0.00
1765628024.253669,2,2509,2360,1765628024253,1765628024253,0,5.98,0.0000,0.0,0.00
1765628024.278471,2,2510,2361,1765628024275,1765628024278,3,6.06,0.0000,0.0,0.00
1765628024.296610,2,2511,2362,1765628024296,1765628024296,0,6.03,0.0000,0.0,0.00
1765628024.317868,2,2512,2363,1765628024317,1765628024317,0,5.98,0.0000,0.0,0.00
1765628024.338902,2,2513,2364,1765628024338,1765628024338,0,6.00,0.0000,0.0,0.00
1765628024.360454,2,2514,2365,1765628024360,1765628024360,0,5.99,0.0000,0.0,0.00
1765628024.382557,2,2515,2366,1765628024382,1765628024382,0,5.81,0.0000,0.0,0.00
1765628024.403147,2,2516,2367,1765628024403,1765628024403,0,4.83,0.0000,0.0,0.00
1765628024.424890,2,2517,2368,1765628024424,1765628024424,0,4.76,0.0000,0.0,0.00
1765628024.446676,2,2518,2369,1765628024446,1765628024446,0,4.79,0.0000,0.0,0.00
1765628024.457430,2,2519,2370,1765628024457,1765628024457,0,4.66,0.0000,0.0,0.00
1765628024.478553,2,2520,2371,1765628024478,1765628024478,0,4.67,0.0000,0.0,0.00
1765628024.499688,2,2521,2372,1765628024499,1765628024499,0,4.54,0.0000,0.0,0.00
1765628024.522271,2,2522,2373,1765628024521,1765628024522,1,4.53,0.0000,0.0,0.00
1765628024.542235,2,2523,2374,1765628024542,1765628024542,0,4.33,0.0000,0.0,0.00
1765628024.563224,2,2524,2375,1765628024563,1765628024563,0,4.25,0.0000,0.0,0.00
1765628024.588835,2,2525,2376,1765628024584,1765628024588,4,4.23,0.0000,0.0,0.00
1765628024.607258,2,2526,2377,1765628024606,1765628024606,0,4.21,0.0000,0.0,0.00
1765628024.627711,2,2527,2378,1765628024627,1765628024627,0,4.13,0.0000,0.0,0.00
1765628024.664481,2,2528,2379,1765628024663,1765628024664,1,4.32,0.0000,0.0,0.00
1765628024.685551,2,2529,2380,1765628024685,1765628024685,0,4.32,0.0000,0.0,0.00
1765628024.708752,2,2530,2381,1765628024701,1765628024701,0,4.23,0.0000,0.0,0.00
1765628024.713934,2,2531,2383,1765628024712,1765628024712,0,4.37,0.0000,0.0,0.00
1765628024.734989,2,2532,2384,1765628024734,1765628024734,0,4.30,0.0000,0.0,0.00
1765628024.758543,2,2533,2385,1765628024756,1765628024758,2,4.12,0.0000,0.0,0.00
1765628024.777189,2,2534,2386,1765628024777,1765628024777,0,4.10,0.0000,0.0,0.00
1765628024.798542,2,2535,2387,1765628024798,1765628024798,0,3.91,0.0000,0.0,0.00
1765628024.822418,2,2536,2388,1765628024819,1765628024822,3,3.92,0.0000,0.0,0.00
1765628024.841625,2,2537,2389,1765628024841,1765628024841,0,3.93,0.0000,0.0,0.00
1765628024.862333,2,2538,2390,1765628024862,1765628024862,0,3.93,0.0000,0.0,0.00
1765628024.883998,2,2539,2391,1765628024883,1765628024883,0,3.76,0.0000,0.0,0.00
1765628024.905016,2,2540,2392,1765628024905,1765628024905,0,3.67,0.0000,0.0,0.00
1765628024.926312,2,2541,2393,1765628024926,1765628024926,0,3.64,0.0000,0.0,0.00
1765628024.947961,2,2542,2394,1765628024947,1765628024947,0,3.63,0.0000,0.0,0.00
1765628024.972722,2,2543,2395,1765628024969,1765628024972,3,3.67,0.0000,0.0,0.00
1765628024.990404,2,2544,2396,1765628024990,1765628024990,0,3.65,0.0000,0.0,0.00
1765628025.012231,2,2545,2397,1765628025011,1765628025011,0,3.62,0.0000,0.0,0.00
1765628025.022867,2,2546,2398,1765628025022,1765628025022,0,3.82,0.0000,0.0,0.00
1765628025.038416,2,2547,2399,1765628025034,1765628025038,4,3.73,0.0000,0.0,0.00
1765628025.056656,2,2548,2400,1765628025055,1765628025055,0,3.59,0.0000,0.0,0.00
1765628025.066404,2,2549,2401,1765628025066,1765628025066,0,3.77,0.0000,0.0,0.00
1765628025.077787,2,2550,2402,1765628025077,1765628025077,0,3.81,0.0000,0.0,0.00
1765628025.098890,2,2551,2403,1765628025098,1765628025098,0,3.53,0.0000,0.0,0.00
1765628025.120322,2,2552,2404,1765628025120,1765628025120,0,3.36,0.0000,0.0,0.00
1765628025.142906,2,2553,2405,1765628025141,1765628025141,0,3.35,0.0000,0.0,0.00
1765628025.163107,2,2554,2406,1765628025163,1765628025163,0,3.17,0.0000,0.0,0.00
1765628025.187326,2,2555,2407,1765628025184,1765628025187,3,3.20,0.0000,0.0,0.00
1765628025.196238,2,2556,2408,1765628025195,1765628025195,0,3.31,0.0000,0.0,0.00
1765628025.220199,2,2557,2409,1765628025216,1765628025220,4,3.32,0.0000,0.0,0.00
1765628025.228127,2,2558,2410,1765628025228,1765628025228,0,3.20,0.0000,0.0,0.00
1765628025.249984,2,2559,2411,1765628025249,1765628025249,0,3.14,0.0000,0.0,0.00
1765628025.271353,2,2560,2412,1765628025271,1765628025271,0,3.06,0.0000,0.0,0.00
1765628025.288595,2,2561,2413,1765628025283,1765628025288,5,3.13,0.0000,0.0,0.00
1765628025.294725,2,2562,2414,1765628025294,1765628025294,0,3.44,0.0000,0.0,0.00
1765628025.321446,2,2563,2415,1765628025316,1765628025321,5,3.49,0.0000,0.0,0.00
1765628025.328178,2,2564,2416,1765628025327,1765628025328,1,3.78,0.0000,0.0,0.00
1765628025.339732,2,2565,2417,1765628025338,1765628025338,0,3.97,0.0000,0.0,0.00
1765628025.360202,2,2566,2418,1765628025360,1765628025360,0,3.94,0.0000,0.0,0.00
1765628025.384483,2,2567,2419,1765628025381,1765628025384,3,3.98,0.0000,0.0,0.00
1765628025.403304,2,2568,2420,1765628025402,1765628025402,0,4.00,0.0000,0.0,0.00
1765628025.424583,2,2569,2421,1765628025424,1765628025424,0,4.01,0.0000,0.0,0.00
1765628025.446418,2,2570,2422,1765628025446,1765628025446,0,3.98,0.0000,0.0,0.00
1765628025.467892,2,2571,2423,1765628025467,1765628025467,0,3.96,0.0000,0.0,0.00
1765628025.489204,2,2572,2424,1765628025489,1765628025489,0,3.97,0.0000,0.0,0.00
1765628025.510742,2,2573,2425,1765628025510,1765628025510,0,3.97,0.0000,0.0,0.00
1765628025.534839,2,2574,2426,1765628025532,1765628025534,2,3.99,0.0000,0.0,0.00
1765628025.553411,2,2575,2427,1765628025553,1765628025553,0,3.98,0.0000,0.0,0.00
1765628025.576187,2,2576,2428,1765628025574,1765628025574,0,3.98,0.0000,0.0,0.00
1765628025.600591,2,2577,2429,1765628025597,1765628025597,0,4.00,0.0000,0.0,0.00
1765628025.618236,2,2578,2430,1765628025618,1765628025618,0,3.99,0.0000,0.0,0.00
1765628025.639256,2,2579,2431,1765628025639,1765628025639,0,3.81,0.0000,0.0,0.00
1765628025.660680,2,2580,2432,1765628025660,1765628025660,0,3.81,0.0000,0.0,0.00
1765628025.683669,2,2581,2433,1765628025681,1765628025683,2,3.83,0.0000,0.0,0.00
1765628025.702506,2,2582,2434,1765628025702,1765628025702,0,3.81,0.0000,0.0,0.00
1765628025.717904,2,2583,2435,1765628025713,1765628025717,4,3.91,0.0000,0.0,0.00
1765628025.735242,2,2584,2436,1765628025735,1765628025735,0,3.92,0.0000,0.0,0.00
1765628025.756455,2,2585,2437,1765628025756,1765628025756,0,3.88,0.0000,0.0,0.00
1765628025.777986,2,2586,2438,1765628025777,1765628025777,0,3.86,0.0000,0.0,0.00
1765628025.801231,2,2587,2439,1765628025800,1765628025801,1,3.90,0.0000,0.0,0.00
1765628025.811253,2,2588,2440,1765628025811,1765628025811,0,3.89,0.0000,0.0,0.00
1765628025.832306,2,2589,2441,1765628025832,1765628025832,0,3.89,0.0000,0.0,0.00
1765628025.853285,2,2590,2442,1765628025853,1765628025853,0,3.84,0.0000,0.0,0.00
1765628025.874815,2,2591,2443,1765628025874,1765628025874,0,3.68,0.0000,0.0,0.00
1765628025.886126,2,2592,2444,1765628025886,1765628025886,0,3.81,0.0000,0.0,0.00
1765628025.908421,2,2593,2445,1765628025907,1765628025907,0,3.77,0.0000,0.0,0.00
1765628025.929729,2,2594,2446,1765628025928,1765628025928,0,3.79,0.0000,0.0,0.00
1765628025.950667,2,2595,2447,1765628025950,1765628025950,0,3.80,0.0000,0.0,0.00
1765628025.966158,2,2596,2448,1765628025962,1765628025966,4,3.81,0.0000,0.0,0.00
1765628025.974046,2,2597,2449,1765628025973,1765628025974,1,4.06,0.0000,0.0,0.00
1765628025.996893,2,2598,2450,1765628025994,1765628025996,2,4.07,0.0000,0.0,0.00
1765628026.016115,2,2599,2451,1765628026016,1765628026016,0,4.06,0.0000,0.0,0.00
1765628026.037098,2,2600,2452,1765628026037,1765628026037,0,4.05,0.0000,0.0,0.00
1765628026.058428,2,2601,2453,1765628026058,1765628026058,0,4.05,0.0000,0.0,0.00
1765628026.081411,2,2602,2454,1765628026079,1765628026081,2,4.07,0.0000,0.0,0.00
1765628026.101319,2,2603,2455,1765628026101,1765628026101,0,4.02,0.0000,0.0,0.00
1765628026.122601,2,2604,2456,1765628026122,1765628026122,0,4.02,0.0000,0.0,0.00
1765628026.149289,2,2605,2457,1765628026143,1765628026149,6,4.08,0.0000,0.0,0.00
1765628026.155137,2,2606,2458,1765628026155,1765628026155,0,4.20,0.0000,0.0,0.00
1765628026.167570,2,2607,2459,1765628026166,1765628026166,0,4.31,0.0000,0.0,0.00
1765628026.179271,2,2608,2460,1765628026177,1765628026179,2,4.41,0.0000,0.0,0.00
1765628026.199304,2,2609,2461,1765628026199,1765628026199,0,4.23,0.0000,0.0,0.00
1765628026.221177,2,2610,2462,1765628026220,1765628026220,0,4.06,0.0000,0.0,0.00
1765628026.242151,2,2611,2463,1765628026242,1765628026242,0,4.07,0.0000,0.0,0.00
1765628026.262856,2,2612,2464,1765628026262,1765628026262,0,4.05,0.0000,0.0,0.00
1765628026.283762,2,2613,2465,1765628026283,1765628026283,0,4.05,0.0000,0.0,0.00
1765628026.304501,2,2614,2466,1765628026304,1765628026304,0,4.04,0.0000,0.0,0.00
1765628026.328080,2,2615,2467,1765628026325,1765628026328,3,4.04,0.0000,0.0,0.00
1765628026.346903,2,2616,2468,1765628026346,1765628026346,0,3.81,0.0000,0.0,0.00
1765628026.358036,2,2617,2469,1765628026358,1765628026358,0,3.91,0.0000,0.0,0.00
1765628026.379400,2,2618,2470,1765628026379,1765628026379,0,3.68,0.0000,0.0,0.00
1765628026.400587,2,2619,2471,1765628026400,1765628026400,0,3.68,0.0000,0.0,0.00
1765628026.422563,2,2620,2472,1765628026421,1765628026421,0,3.67,0.0000,0.0,0.00
1765628026.433483,2,2621,2473,1765628026433,1765628026433,0,3.78,0.0000,0.0,0.00
1765628026.448856,2,2622,2474,1765628026444,1765628026447,3,3.60,0.0000,0.0,0.00
1765628026.466546,2,2623,2475,1765628026466,1765628026466,0,3.52,0.0000,0.0,0.00
1765628026.482378,2,2624,2476,1765628026477,1765628026481,4,3.34,0.0000,0.0,0.00
1765628026.488231,2,2625,2477,1765628026488,1765628026488,0,3.41,0.0000,0.0,0.00
1765628026.511956,2,2626,2478,1765628026509,1765628026511,2,3.42,0.0000,0.0,0.00
1765628026.531585,2,2627,2479,1765628026531,1765628026531,0,3.37,0.0000,0.0,0.00
1765628026.541692,2,2628,2480,1765628026541,1765628026541,0,3.56,0.0000,0.0,0.00
1765628026.563281,2,2629,2481,1765628026563,1765628026563,0,3.56,0.0000,0.0,0.00
1765628026.584831,2,2630,2482,1765628026584,1765628026584,0,3.55,0.0000,0.0,0.00
1765628026.606085,2,2631,2483,1765628026605,1765628026605,0,3.55,0.0000,0.0,0.00
1765628026.630166,2,2632,2484,1765628026626,1765628026628,2,3.56,0.0000,0.0,0.00
1765628026.638285,2,2633,2485,1765628026638,1765628026638,0,3.75,0.0000,0.0,0.00
1765628026.661350,2,2634,2486,1765628026659,1765628026661,2,3.74,0.0000,0.0,0.00
1765628026.680938,2,2635,2487,1765628026680,1765628026680,0,3.74,0.0000,0.0,0.00
1765628026.703428,2,2636,2488,1765628026702,1765628026702,0,3.75,0.0000,0.0,0.00
1765628026.726992,2,2637,2490,1765628026724,1765628026726,2,3.76,0.0000,0.0,0.00
1765628026.745184,2,2638,2491,1765628026745,1765628026745,0,3.74,0.0000,0.0,0.00
1765628026.767163,2,2639,2492,1765628026767,1765628026767,0,3.75,0.0000,0.0,0.00
1765628026.788810,2,2640,2493,1765628026788,1765628026788,0,3.75,0.0000,0.0,0.00
1765628026.811668,2,2641,2494,1765628026809,1765628026810,1,3.74,0.0000,0.0,0.00
1765628026.831036,2,2642,2495,1765628026830,1765628026830,0,3.75,0.0000,0.0,0.00
1765628026.853781,2,2643,2497,1765628026853,1765628026853,0,3.70,0.0000,0.0,0.00
1765628026.864441,2,2644,2498,1765628026864,1765628026864,0,3.87,0.0000,0.0,0.00
1765628026.876307,2,2645,2499,1765628026876,1765628026876,0,4.01,0.0000,0.0,0.00
1765628026.888473,2,2646,2500,1765628026887,1765628026888,1,4.14,0.0000,0.0,0.00
1765628026.900285,2,2647,2501,1765628026899,1765628026899,0,4.26,0.0000,0.0,0.00
1765628026.911717,2,2648,2502,1765628026910,1765628026910,0,4.23,0.0000,0.0,0.00
1765628026.931790,2,2649,2503,1765628026931,1765628026931,0,4.23,0.0000,0.0,0.00
1765628026.953888,2,2650,2504,1765628026953,1765628026953,0,4.24,0.0000,0.0,0.00
1765628026.976115,2,2651,2505,1765628026975,1765628026975,0,4.25,0.0000,0.0,0.00
1765628026.997032,2,2652,2506,1765628026997,1765628026997,0,4.14,0.0000,0.0,0.00
1765628027.018963,2,2653,2507,1765628027018,1765628027018,0,4.14,0.0000,0.0,0.00
1765628027.041456,2,2654,2508,1765628027039,1765628027039,0,4.14,0.0000,0.0,0.00
1765628027.052340,2,2655,2509,1765628027051,1765628027051,0,4.25,0.0000,0.0,0.00
1765628027.074734,2,2656,2510,1765628027072,1765628027073,1,4.24,0.0000,0.0,0.00
1765628027.095031,2,2657,2511,1765628027093,1765628027093,0,4.00,0.0000,0.0,0.00
1765628027.109591,2,2658,2512,1765628027105,1765628027108,3,4.05,0.0000,0.0,0.00
1765628027.126927,2,2659,2513,1765628027126,1765628027126,0,4.05,0.0000,0.0,0.00
1765628027.148725,2,2660,2514,1765628027148,1765628027148,0,4.06,0.0000,0.0,0.00
1765628027.170338,2,2661,2515,1765628027169,1765628027169,0,4.06,0.0000,0.0,0.00
1765628027.181020,2,2662,2516,1765628027181,1765628027181,0,4.16,0.0000,0.0,0.00
1765628027.206316,2,2663,2517,1765628027202,1765628027202,0,4.17,0.0000,0.0,0.00
1765628027.223897,2,2664,2518,1765628027223,1765628027223,0,4.17,0.0000,0.0,0.00
1765628027.245295,2,2665,2519,1765628027245,1765628027245,0,4.11,0.0000,0.0,0.00
1765628027.266427,2,2666,2520,1765628027266,1765628027266,0,3.86,0.0000,0.0,0.00
1765628027.287660,2,2667,2521,1765628027287,1765628027287,0,3.71,0.0000,0.0,0.00
1765628027.309152,2,2668,2522,1765628027309,1765628027309,0,3.61,0.0000,0.0,0.00
1765628027.330720,2,2669,2523,1765628027330,1765628027330,0,3.61,0.0000,0.0,0.00
1765628027.352716,2,2670,2524,1765628027352,1765628027352,0,3.62,0.0000,0.0,0.00
1765628027.375144,2,2671,2525,1765628027374,1765628027375,1,3.63,0.0000,0.0,0.00
1765628027.396549,2,2672,2526,1765628027396,1765628027396,0,3.64,0.0000,0.0,0.00
1765628027.417256,2,2673,2527,1765628027417,1765628027417,0,3.64,0.0000,0.0,0.00
1765628027.440359,2,2674,2528,1765628027438,1765628027438,0,3.64,0.0000,0.0,0.00
1765628027.459683,2,2675,2529,1765628027459,1765628027459,0,3.61,0.0000,0.0,0.00
1765628027.481448,2,2676,2530,1765628027481,1765628027481,0,3.62,0.0000,0.0,0.00
1765628027.492581,2,2677,2531,1765628027492,1765628027492,0,3.65,0.0000,0.0,0.00
1765628027.514421,2,2678,2532,1765628027514,1765628027514,0,3.66,0.0000,0.0,0.00
1765628027.526164,2,2679,2533,1765628027525,1765628027526,1,3.80,0.0000,0.0,0.00
1765628027.542553,2,2680,2534,1765628027536,1765628027541,5,3.87,0.0000,0.0,0.00
1765628027.547601,2,2681,2535,1765628027547,1765628027547,0,4.01,0.0000,0.0,0.00
1765628027.573271,2,2682,2536,1765628027568,1765628027572,4,3.96,0.0000,0.0,0.00
1765628027.590465,2,2683,2537,1765628027590,1765628027590,0,3.97,0.0000,0.0,0.00
1765628027.612103,2,2684,2538,1765628027611,1765628027612,1,3.91,0.0000,0.0,0.00
1765628027.632924,2,2685,2539,1765628027632,1765628027632,0,3.64,0.0000,0.0,0.00
1765628027.656426,2,2686,2540,1765628027654,1765628027656,2,3.65,0.0000,0.0,0.00
1765628027.675494,2,2687,2541,1765628027675,1765628027675,0,3.64,0.0000,0.0,0.00
1765628027.696770,2,2688,2542,1765628027696,1765628027696,0,3.45,0.0000,0.0,0.00
1765628027.725183,2,2689,2543,1765628027718,1765628027718,0,3.45,0.0000,0.0,0.00
1765628027.730749,2,2690,2544,1765628027729,1765628027729,0,3.62,0.0000,0.0,0.00
1765628027.751404,2,2691,2545,1765628027751,1765628027751,0,3.63,0.0000,0.0,0.00
1765628027.773184,2,2692,2546,1765628027772,1765628027772,0,3.61,0.0000,0.0,0.00
1765628027.793628,2,2693,2547,1765628027793,1765628027793,0,3.42,0.0000,0.0,0.00
1765628027.814813,2,2694,2548,1765628027814,1765628027814,0,3.40,0.0000,0.0,0.00
1765628027.838419,2,2695,2549,1765628027835,1765628027837,2,3.43,0.0000,0.0,0.00
1765628027.857054,2,2696,2550,1765628027857,1765628027857,0,3.41,0.0000,0.0,0.00
1765628027.878431,2,2697,2551,1765628027878,1765628027878,0,3.38,0.0000,0.0,0.00
1765628027.899710,2,2698,2552,1765628027899,1765628027899,0,3.39,0.0000,0.0,0.00
1765628027.924047,2,2699,2553,1765628027920,1765628027924,4,3.42,0.0000,0.0,0.00
1765628027.932007,2,2700,2554,1765628027932,1765628027932,0,3.67,0.0000,0.0,0.00
1765628027.957005,2,2701,2555,1765628027953,1765628027956,3,3.69,0.0000,0.0,0.00
1765628027.974833,2,2702,2556,1765628027974,1765628027974,0,3.71,0.0000,0.0,0.00
1765628027.989805,2,2703,2557,1765628027986,1765628027989,3,3.76,0.0000,0.0,0.00
1765628028.008023,2,2704,2558,1765628028007,1765628028007,0,3.60,0.0000,0.0,0.00
1765628028.028947,2,2705,2559,1765628028028,1765628028028,0,3.45,0.0000,0.0,0.00
1765628028.050567,2,2706,2560,1765628028050,1765628028050,0,3.31,0.0000,0.0,0.00
1765628028.076341,2,2707,2561,1765628028071,1765628028074,3,3.14,0.0000,0.0,0.00
1765628028.093103,2,2708,2562,1765628028093,1765628028093,0,2.95,0.0000,0.0,0.00
1765628028.114211,2,2709,2563,1765628028114,1765628028114,0,2.95,0.0000,0.0,0.00
1765628028.136406,2,2710,2564,1765628028135,1765628028135,0,2.94,0.0000,0.0,0.00
1765628028.156787,2,2711,2565,1765628028156,1765628028156,0,2.93,0.0000,0.0,0.00
1765628028.178358,2,2712,2567,1765628028177,1765628028178,1,2.93,0.0000,0.0,0.00
1765628028.199703,2,2713,2568,1765628028199,1765628028199,0,2.93,0.0000,0.0,0.00
1765628028.223868,2,2714,2569,1765628028221,1765628028222,1,2.95,0.0000,0.0,0.00
1765628028.242670,2,2715,2570,1765628028242,1765628028242,0,2.76,0.0000,0.0,0.00
1765628028.264377,2,2716,2571,1765628028264,1765628028264,0,2.76,0.0000,0.0,0.00
1765628028.276638,2,2717,2572,1765628028275,1765628028275,0,2.97,0.0000,0.0,0.00
1765628028.296311,2,2718,2573,1765628028296,1765628028296,0,2.87,0.0000,0.0,0.00
1765628028.317721,2,2719,2574,1765628028317,1765628028317,0,2.83,0.0000,0.0,0.00
1765628028.340074,2,2720,2575,1765628028339,1765628028339,0,2.83,0.0000,0.0,0.00
1765628028.360169,2,2721,2576,1765628028360,1765628028360,0,2.83,0.0000,0.0,0.00
1765628028.381669,2,2722,2577,1765628028381,1765628028381,0,2.63,0.0000,0.0,0.00
1765628028.408295,2,2723,2578,1765628028404,1765628028408,4,2.69,0.0000,0.0,0.00
1765628028.416157,2,2724,2579,1765628028416,1765628028416,0,2.98,0.0000,0.0,0.00
1765628028.429139,2,2725,2580,1765628028428,1765628028428,0,3.16,0.0000,0.0,0.00
1765628028.439526,2,2726,2581,1765628028439,1765628028439,0,3.36,0.0000,0.0,0.00
1765628028.450719,2,2727,2582,1765628028450,1765628028450,0,3.55,0.0000,0.0,0.00
1765628028.473459,2,2728,2583,1765628028471,1765628028472,1,3.55,0.0000,0.0,0.00
1765628028.492978,2,2729,2584,1765628028492,1765628028492,0,3.54,0.0000,0.0,0.00
1765628028.514571,2,2730,2585,1765628028514,1765628028514,0,3.54,0.0000,0.0,0.00
1765628028.526269,2,2731,2586,1765628028525,1765628028525,0,3.70,0.0000,0.0,0.00
1765628028.539878,2,2732,2587,1765628028537,1765628028539,2,3.80,0.0000,0.0,0.00
1765628028.558860,2,2733,2588,1765628028558,1765628028558,0,3.78,0.0000,0.0,0.00
1765628028.580259,2,2734,2589,1765628028580,1765628028580,0,3.79,0.0000,0.0,0.00
1765628028.591388,2,2735,2590,1765628028591,1765628028591,0,3.95,0.0000,0.0,0.00
1765628028.613477,2,2736,2591,1765628028612,1765628028612,0,3.94,0.0000,0.0,0.00
1765628028.639816,2,2737,2592,1765628028636,1765628028639,3,3.84,0.0000,0.0,0.00
1765628028.648515,2,2738,2593,1765628028648,1765628028648,0,4.04,0.0000,0.0,0.00
1765628028.673784,2,2739,2594,1765628028670,1765628028672,2,3.93,0.0000,0.0,0.00
1765628028.692007,2,2740,2595,1765628028692,1765628028692,0,3.85,0.0000,0.0,0.00
1765628028.713164,2,2741,2596,1765628028713,1765628028713,0,3.56,0.0000,0.0,0.00
1765628028.724415,2,2742,2598,1765628028724,1765628028724,0,3.69,0.0000,0.0,0.00
1765628028.746462,2,2743,2599,1765628028746,1765628028746,0,3.69,0.0000,0.0,0.00
1765628028.769176,2,2744,2600,1765628028767,1765628028768,1,3.69,0.0000,0.0,0.00
1765628028.788257,2,2745,2601,1765628028788,1765628028788,0,3.69,0.0000,0.0,0.00
1765628028.809166,2,2746,2602,1765628028809,1765628028809,0,3.66,0.0000,0.0,0.00
1765628028.820819,2,2747,2603,1765628028820,1765628028820,0,3.85,0.0000,0.0,0.00
1765628028.842376,2,2748,2604,1765628028842,1765628028842,0,3.86,0.0000,0.0,0.00
1765628028.854775,2,2749,2605,1765628028853,1765628028853,0,4.02,0.0000,0.0,0.00
1765628028.870990,2,2750,2606,1765628028865,1765628028869,4,3.90,0.0000,0.0,0.00
1765628028.876416,2,2751,2607,1765628028876,1765628028876,0,4.15,0.0000,0.0,0.00
1765628028.899848,2,2752,2608,1765628028898,1765628028899,1,4.17,0.0000,0.0,0.00
1765628028.909125,2,2753,2609,1765628028909,1765628028909,0,4.35,0.0000,0.0,0.00
1765628028.931723,2,2754,2610,1765628028930,1765628028931,1,4.36,0.0000,0.0,0.00
1765628028.951595,2,2755,2611,1765628028951,1765628028951,0,4.33,0.0000,0.0,0.00
1765628028.973110,2,2756,2612,1765628028973,1765628028973,0,4.35,0.0000,0.0,0.00
1765628028.999172,2,2757,2613,1765628028994,1765628028998,4,4.39,0.0000,0.0,0.00
1765628029.016501,2,2758,2614,1765628029015,1765628029016,1,4.38,0.0000,0.0,0.00
1765628029.032223,2,2759,2615,1765628029027,1765628029031,4,4.38,0.0000,0.0,0.00
1765628029.038931,2,2760,2616,1765628029038,1765628029038,0,4.40,0.0000,0.0,0.00
1765628029.063585,2,2761,2617,1765628029060,1765628029063,3,4.42,0.0000,0.0,0.00
1765628029.081527,2,2762,2618,1765628029081,1765628029081,0,4.42,0.0000,0.0,0.00
1765628029.102909,2,2763,2619,1765628029102,1765628029102,0,4.37,0.0000,0.0,0.00
1765628029.124125,2,2764,2620,1765628029124,1765628029124,0,4.39,0.0000,0.0,0.00
1765628029.147499,2,2765,2621,1765628029145,1765628029147,2,4.41,0.0000,0.0,0.00
1765628029.166851,2,2766,2622,1765628029166,1765628029166,0,4.38,0.0000,0.0,0.00
1765628029.188729,2,2767,2623,1765628029188,1765628029188,0,4.36,0.0000,0.0,0.00
1765628029.212717,2,2768,2624,1765628029209,1765628029211,2,4.40,0.0000,0.0,0.00
1765628029.230332,2,2769,2625,1765628029230,1765628029230,0,4.38,0.0000,0.0,0.00
1765628029.251511,2,2770,2626,1765628029251,1765628029251,0,4.38,0.0000,0.0,0.00
1765628029.272809,2,2771,2627,1765628029272,1765628029272,0,4.38,0.0000,0.0,0.00
1765628029.295555,2,2772,2628,1765628029294,1765628029295,1,4.39,0.0000,0.0,0.00
1765628029.315308,2,2773,2629,1765628029315,1765628029315,0,4.38,0.0000,0.0,0.00
1765628029.338665,2,2774,2630,1765628029337,1765628029338,1,4.38,0.0000,0.0,0.00
1765628029.350728,2,2775,2631,1765628029349,1765628029349,0,4.53,0.0000,0.0,0.00
1765628029.362721,2,2776,2632,1765628029361,1765628029362,1,4.61,0.0000,0.0,0.00
1765628029.372779,2,2777,2633,1765628029372,1765628029372,0,4.63,0.0000,0.0,0.00
1765628029.395104,2,2778,2634,1765628029394,1765628029394,0,4.64,0.0000,0.0,0.00
1765628029.415328,2,2779,2635,1765628029415,1765628029415,0,4.64,0.0000,0.0,0.00
1765628029.436699,2,2780,2636,1765628029436,1765628029436,0,4.63,0.0000,0.0,0.00
1765628029.460352,2,2781,2637,1765628029458,1765628029460,2,4.67,0.0000,0.0,0.00
1765628029.469350,2,2782,2638,1765628029469,1765628029469,0,4.83,0.0000,0.0,0.00
1765628029.490621,2,2783,2639,1765628029490,1765628029490,0,4.76,0.0000,0.0,0.00
1765628029.511859,2,2784,2640,1765628029511,1765628029511,0,4.58,0.0000,0.0,0.00
1765628029.533467,2,2785,2641,1765628029533,1765628029533,0,4.48,0.0000,0.0,0.00
1765628029.544096,2,2786,2642,1765628029544,1765628029544,0,4.48,0.0000,0.0,0.00
1765628029.565452,2,2787,2643,1765628029565,1765628029565,0,4.34,0.0000,0.0,0.00
1765628029.587880,2,2788,2644,1765628029586,1765628029587,1,4.34,0.0000,0.0,0.00
1765628029.614107,2,2789,2645,1765628029608,1765628029613,5,4.40,0.0000,0.0,0.00
1765628029.629868,2,2790,2646,1765628029629,1765628029629,0,4.42,0.0000,0.0,0.00
1765628029.651103,2,2791,2647,1765628029651,1765628029651,0,4.29,0.0000,0.0,0.00
1765628029.672567,2,2792,2648,1765628029672,1765628029672,0,4.20,0.0000,0.0,0.00
1765628029.695585,2,2793,2649,1765628029693,1765628029695,2,4.24,0.0000,0.0,0.00
1765628029.714831,2,2794,2650,1765628029714,1765628029714,0,4.21,0.0000,0.0,0.00
1765628029.736470,2,2795,2651,1765628029735,1765628029736,1,4.06,0.0000,0.0,0.00
1765628029.760940,2,2796,2652,1765628029757,1765628029759,2,4.08,0.0000,0.0,0.00
1765628029.778418,2,2797,2653,1765628029778,1765628029778,0,3.99,0.0000,0.0,0.00
1765628029.799541,2,2798,2654,1765628029799,1765628029799,0,3.79,0.0000,0.0,0.00
1765628029.812289,2,2799,2655,1765628029812,1765628029812,0,3.87,0.0000,0.0,0.00
1765628029.828318,2,2800,2656,1765628029822,1765628029827,5,3.95,0.0000,0.0,0.00
1765628029.834015,2,2801,2657,1765628029834,1765628029834,0,4.20,0.0000,0.0,0.00
1765628029.855089,2,2802,2659,1765628029855,1765628029855,0,4.04,0.0000,0.0,0.00
1765628029.866384,2,2803,2660,1765628029866,1765628029866,0,4.19,0.0000,0.0,0.00
1765628029.887878,2,2804,2661,1765628029887,1765628029887,0,4.18,0.0000,0.0,0.00
1765628029.909679,2,2805,2662,1765628029909,1765628029909,0,4.20,0.0000,0.0,0.00
1765628029.931094,2,2806,2664,1765628029931,1765628029931,0,4.21,0.0000,0.0,0.00
1765628029.952568,2,2807,2665,1765628029952,1765628029952,0,4.05,0.0000,0.0,0.00
1765628029.976620,2,2808,2666,1765628029973,1765628029976,3,4.07,0.0000,0.0,0.00
1765628029.994731,2,2809,2667,1765628029994,1765628029994,0,3.91,0.0000,0.0,0.00
1765628030.016135,2,2810,2668,1765628030016,1765628030016,0,3.88,0.0000,0.0,0.00
1765628030.037502,2,2811,2669,1765628030037,1765628030037,0,3.63,0.0000,0.0,0.00
1765628030.062274,2,2812,2670,1765628030058,1765628030062,4,3.66,0.0000,0.0,0.00
1765628030.081338,2,2813,2671,1765628030081,1765628030081,0,3.46,0.0000,0.0,0.00
1765628030.102285,2,2814,2672,1765628030102,1765628030102,0,3.44,0.0000,0.0,0.00
1765628030.126442,2,2815,2673,1765628030124,1765628030126,2,3.49,0.0000,0.0,0.00
1765628030.144951,2,2816,2674,1765628030144,1765628030144,0,3.50,0.0000,0.0,0.00
1765628030.159717,2,2817,2675,1765628030156,1765628030159,3,3.52,0.0000,0.0,0.00
1765628030.177157,2,2818,2676,1765628030177,1765628030177,0,3.52,0.0000,0.0,0.00
1765628030.198559,2,2819,2677,1765628030198,1765628030198,0,3.45,0.0000,0.0,0.00
1765628030.225447,2,2820,2679,1765628030220,1765628030225,5,3.26,0.0000,0.0,0.00
1765628030.231548,2,2821,2680,1765628030231,1765628030231,0,3.49,0.0000,0.0,0.00
1765628030.253155,2,2822,2681,1765628030252,1765628030253,1,3.49,0.0000,0.0,0.00
1765628030.277776,2,2823,2682,1765628030274,1765628030277,3,3.52,0.0000,0.0,0.00
1765628030.296527,2,2824,2683,1765628030295,1765628030296,1,3.51,0.0000,0.0,0.00
1765628030.317482,2,2825,2684,1765628030317,1765628030317,0,3.48,0.0000,0.0,0.00
1765628030.342442,2,2826,2685,1765628030338,1765628030342,4,3.53,0.0000,0.0,0.00
1765628030.360227,2,2827,2686,1765628030360,1765628030360,0,3.54,0.0000,0.0,0.00
1765628030.381545,2,2828,2687,1765628030381,1765628030381,0,3.52,0.0000,0.0,0.00
1765628030.392714,2,2829,2688,1765628030392,1765628030392,0,3.69,0.0000,0.0,0.00
1765628030.403838,2,2830,2689,1765628030403,1765628030403,0,3.85,0.0000,0.0,0.00
1765628030.425006,2,2831,2690,1765628030425,1765628030425,0,3.86,0.0000,0.0,0.00
1765628030.446196,2,2832,2691,1765628030446,1765628030446,0,3.83,0.0000,0.0,0.00
1765628030.467703,2,2833,2692,1765628030467,1765628030467,0,3.85,0.0000,0.0,0.00
1765628030.491766,2,2834,2693,1765628030489,1765628030491,2,3.86,0.0000,0.0,0.00
1765628030.510159,2,2835,2694,1765628030510,1765628030510,0,3.69,0.0000,0.0,0.00
1765628030.531622,2,2836,2695,1765628030531,1765628030531,0,3.57,0.0000,0.0,0.00
1765628030.557293,2,2837,2696,1765628030553,1765628030557,4,3.43,0.0000,0.0,0.00
1765628030.574886,2,2838,2697,1765628030574,1765628030574,0,3.47,0.0000,0.0,0.00
1765628030.597323,2,2839,2698,1765628030596,1765628030596,0,3.48,0.0000,0.0,0.00
1765628030.608907,2,2840,2699,1765628030608,1765628030608,0,3.62,0.0000,0.0,0.00
1765628030.625253,2,2841,2700,1765628030620,1765628030624,4,3.64,0.0000,0.0,0.00
1765628030.631750,2,2842,2701,1765628030631,1765628030631,0,3.68,0.0000,0.0,0.00
1765628030.643381,2,2843,2702,1765628030642,1765628030642,0,3.83,0.0000,0.0,0.00
1765628030.663756,2,2844,2703,1765628030663,1765628030663,0,3.83,0.0000,0.0,0.00
1765628030.688939,2,2845,2704,1765628030685,1765628030687,2,3.85,0.0000,0.0,0.00
1765628030.706716,2,2846,2705,1765628030706,1765628030706,0,3.69,0.0000,0.0,0.00
1765628030.728512,2,2847,2707,1765628030728,1765628030728,0,3.71,0.0000,0.0,0.00
1765628030.749501,2,2848,2708,1765628030749,1765628030749,0,3.69,0.0000,0.0,0.00
1765628030.771008,2,2849,2709,1765628030771,1765628030771,0,3.64,0.0000,0.0,0.00
1765628030.781795,2,2850,2710,1765628030781,1765628030781,0,3.76,0.0000,0.0,0.00
1765628030.804260,2,2851,2711,1765628030803,1765628030803,0,3.76,0.0000,0.0,0.00
1765628030.815117,2,2852,2712,1765628030815,1765628030815,0,3.88,0.0000,0.0,0.00
1765628030.826390,2,2853,2713,1765628030826,1765628030826,0,4.00,0.0000,0.0,0.00
1765628030.847189,2,2854,2714,1765628030847,1765628030847,0,4.02,0.0000,0.0,0.00
1765628030.868590,2,2855,2715,1765628030868,1765628030868,0,4.01,0.0000,0.0,0.00
1765628030.890017,2,2856,2716,1765628030890,1765628030890,0,4.00,0.0000,0.0,0.00
1765628030.911131,2,2857,2717,1765628030911,1765628030911,0,4.02,0.0000,0.0,0.00
1765628030.933311,2,2858,2718,1765628030932,1765628030933,1,4.03,0.0000,0.0,0.00
1765628030.953334,2,2859,2719,1765628030953,1765628030953,0,3.91,0.0000,0.0,0.00
1765628030.975810,2,2860,2720,1765628030974,1765628030974,0,3.85,0.0000,0.0,0.00
1765628030.986666,2,2861,2721,1765628030986,1765628030986,0,3.75,0.0000,0.0,0.00
1765628030.998477,2,2862,2722,1765628030997,1765628030998,1,3.87,0.0000,0.0,0.00
1765628031.019794,2,2863,2723,1765628031019,1765628031019,0,3.73,0.0000,0.0,0.00
1765628031.041571,2,2864,2724,1765628031040,1765628031040,0,3.73,0.0000,0.0,0.00
1765628031.064244,2,2865,2725,1765628031062,1765628031064,2,3.75,0.0000,0.0,0.00
1765628031.084255,2,2866,2727,1765628031084,1765628031084,0,3.73,0.0000,0.0,0.00
1765628031.100074,2,2867,2728,1765628031095,1765628031099,4,3.79,0.0000,0.0,0.00
1765628031.106461,2,2868,2729,1765628031106,1765628031106,0,3.99,0.0000,0.0,0.00
1765628031.119206,2,2869,2730,1765628031118,1765628031118,0,4.12,0.0000,0.0,0.00
1765628031.131009,2,2870,2731,1765628031129,1765628031131,2,4.21,0.0000,0.0,0.00
1765628031.150898,2,2871,2732,1765628031150,1765628031150,0,4.18,0.0000,0.0,0.00
1765628031.172411,2,2872,2733,1765628031172,1765628031172,0,4.15,0.0000,0.0,0.00
1765628031.193837,2,2873,2734,1765628031193,1765628031193,0,4.17,0.0000,0.0,0.00
1765628031.215077,2,2874,2735,1765628031215,1765628031215,0,4.18,0.0000,0.0,0.00
1765628031.236674,2,2875,2736,1765628031236,1765628031236,0,4.15,0.0000,0.0,0.00
1765628031.257333,2,2876,2737,1765628031257,1765628031257,0,4.17,0.0000,0.0,0.00
1765628031.278704,2,2877,2738,1765628031278,1765628031278,0,4.11,0.0000,0.0,0.00
1765628031.302400,2,2878,2739,1765628031300,1765628031302,2,4.15,0.0000,0.0,0.00
1765628031.321855,2,2879,2740,1765628031321,1765628031321,0,4.13,0.0000,0.0,0.00
1765628031.343474,2,2880,2741,1765628031343,1765628031343,0,4.08,0.0000,0.0,0.00
1765628031.368350,2,2881,2742,1765628031364,1765628031368,4,3.84,0.0000,0.0,0.00
1765628031.386698,2,2882,2743,1765628031385,1765628031385,0,3.85,0.0000,0.0,0.00
1765628031.408269,2,2883,2744,1765628031407,1765628031407,0,3.83,0.0000,0.0,0.00
1765628031.428525,2,2884,2745,1765628031428,1765628031428,0,3.85,0.0000,0.0,0.00
1765628031.451921,2,2885,2746,1765628031450,1765628031450,0,3.86,0.0000,0.0,0.00
1765628031.461209,2,2886,2747,1765628031461,1765628031461,0,3.98,0.0000,0.0,0.00
1765628031.472324,2,2887,2748,1765628031472,1765628031472,0,4.14,0.0000,0.0,0.00
1765628031.493332,2,2888,2749,1765628031493,1765628031493,0,4.14,0.0000,0.0,0.00
1765628031.517998,2,2889,2750,1765628031514,1765628031516,2,4.01,0.0000,0.0,0.00
1765628031.535475,2,2890,2751,1765628031535,1765628031535,0,3.82,0.0000,0.0,0.00
1765628031.556750,2,2891,2752,1765628031556,1765628031556,0,3.81,0.0000,0.0,0.00
1765628031.582097,2,2892,2753,1765628031578,1765628031582,4,3.86,0.0000,0.0,0.00
1765628031.601194,2,2893,2754,1765628031599,1765628031600,1,3.86,0.0000,0.0,0.00
1765628031.620817,2,2894,2755,1765628031620,1765628031620,0,3.82,0.0000,0.0,0.00
1765628031.642139,2,2895,2756,1765628031642,1765628031642,0,3.85,0.0000,0.0,0.00
1765628031.664699,2,2896,2757,1765628031663,1765628031663,0,3.85,0.0000,0.0,0.00
1765628031.685122,2,2897,2758,1765628031685,1765628031685,0,3.81,0.0000,0.0,0.00
1765628031.697299,2,2898,2759,1765628031695,1765628031697,2,3.93,0.0000,0.0,0.00
1765628031.718059,2,2899,2760,1765628031717,1765628031717,0,3.91,0.0000,0.0,0.00
1765628031.731179,2,2900,2761,1765628031728,1765628031730,2,3.89,0.0000,0.0,0.00
1765628031.750721,2,2901,2762,1765628031750,1765628031750,0,3.83,0.0000,0.0,0.00
1765628031.764369,2,2902,2763,1765628031760,1765628031764,4,3.67,0.0000,0.0,0.00
1765628031.782592,2,2903,2764,1765628031782,1765628031782,0,3.50,0.0000,0.0,0.00
1765628031.803797,2,2904,2765,1765628031803,1765628031803,0,3.50,0.0000,0.0,0.00
1765628031.825077,2,2905,2766,1765628031825,1765628031825,0,3.48,0.0000,0.0,0.00
1765628031.847174,2,2906,2767,1765628031847,1765628031847,0,3.51,0.0000,0.0,0.00
1765628031.858232,2,2907,2768,1765628031858,1765628031858,0,3.67,0.0000,0.0,0.00
1765628031.881277,2,2908,2769,1765628031879,1765628031881,2,3.69,0.0000,0.0,0.00
1765628031.901220,2,2909,2770,1765628031900,1765628031901,1,3.67,0.0000,0.0,0.00
1765628031.922423,2,2910,2771,1765628031921,1765628031921,0,3.47,0.0000,0.0,0.00
1765628031.948405,2,2911,2772,1765628031943,1765628031947,4,3.51,0.0000,0.0,0.00
1765628031.955661,2,2912,2773,1765628031954,1765628031954,0,3.62,0.0000,0.0,0.00
1765628031.967095,2,2913,2774,1765628031965,1765628031965,0,3.62,0.0000,0.0,0.00
1765628031.979873,2,2914,2775,1765628031977,1765628031979,2,3.72,0.0000,0.0,0.00
1765628031.998972,2,2915,2776,1765628031998,1765628031998,0,3.70,0.0000,0.0,0.00
1765628032.020038,2,2916,2777,1765628032020,1765628032020,0,3.70,0.0000,0.0,0.00
1765628032.041623,2,2917,2778,1765628032041,1765628032041,0,3.70,0.0000,0.0,0.00
1765628032.066631,2,2918,2779,1765628032063,1765628032066,3,3.73,0.0000,0.0,0.00
1765628032.084455,2,2919,2780,1765628032084,1765628032084,0,3.74,0.0000,0.0,0.00
1765628032.106320,2,2920,2781,1765628032105,1765628032106,1,3.75,0.0000,0.0,0.00
1765628032.130112,2,2921,2782,1765628032126,1765628032130,4,3.65,0.0000,0.0,0.00
1765628032.148105,2,2922,2783,1765628032148,1765628032148,0,3.52,0.0000,0.0,0.00
1765628032.169633,2,2923,2784,1765628032169,1765628032169,0,3.52,0.0000,0.0,0.00
1765628032.191675,2,2924,2785,1765628032190,1765628032191,1,3.53,0.0000,0.0,0.00
1765628032.211917,2,2925,2786,1765628032211,1765628032211,0,3.49,0.0000,0.0,0.00
1765628032.223808,2,2926,2787,1765628032223,1765628032223,0,3.62,0.0000,0.0,0.00
1765628032.245286,2,2927,2788,1765628032245,1765628032245,0,3.57,0.0000,0.0,0.00
1765628032.266810,2,2928,2789,1765628032266,1765628032266,0,3.33,0.0000,0.0,0.00
1765628032.288398,2,2929,2790,1765628032288,1765628032288,0,3.20,0.0000,0.0,0.00
1765628032.312413,2,2930,2791,1765628032309,1765628032312,3,3.10,0.0000,0.0,0.00
1765628032.331498,2,2931,2792,1765628032330,1765628032330,0,3.12,0.0000,0.0,0.00
1765628032.352353,2,2932,2793,1765628032352,1765628032352,0,3.12,0.0000,0.0,0.00
1765628032.373832,2,2933,2794,1765628032373,1765628032373,0,3.12,0.0000,0.0,0.00
1765628032.396363,2,2934,2795,1765628032395,1765628032395,0,3.12,0.0000,0.0,0.00
1765628032.418034,2,2935,2796,1765628032416,1765628032416,0,3.12,0.0000,0.0,0.00
1765628032.430864,2,2936,2797,1765628032428,1765628032429,1,3.26,0.0000,0.0,0.00
1765628032.439553,2,2937,2798,1765628032439,1765628032439,0,3.44,0.0000,0.0,0.00
1765628032.461017,2,2938,2799,1765628032460,1765628032461,1,3.42,0.0000,0.0,0.00
1765628032.482007,2,2939,2800,1765628032482,1765628032482,0,3.43,0.0000,0.0,0.00
1765628032.503692,2,2940,2801,1765628032503,1765628032503,0,3.42,0.0000,0.0,0.00
1765628032.525539,2,2941,2802,1765628032525,1765628032525,0,3.39,0.0000,0.0,0.00
1765628032.546745,2,2942,2803,1765628032546,1765628032546,0,3.35,0.0000,0.0,0.00
1765628032.567536,2,2943,2804,1765628032567,1765628032567,0,3.34,0.0000,0.0,0.00
1765628032.589105,2,2944,2805,1765628032589,1765628032589,0,3.35,0.0000,0.0,0.00
1765628032.614362,2,2945,2806,1765628032610,1765628032613,3,3.38,0.0000,0.0,0.00
1765628032.633659,2,2946,2807,1765628032631,1765628032633,2,3.19,0.0000,0.0,0.00
1765628032.654115,2,2947,2808,1765628032652,1765628032652,0,3.00,0.0000,0.0,0.00
1765628032.665264,2,2948,2809,1765628032664,1765628032665,1,3.14,0.0000,0.0,0.00
1765628032.686079,2,2949,2810,1765628032686,1765628032686,0,3.12,0.0000,0.0,0.00
1765628032.708064,2,2950,2811,1765628032707,1765628032707,0,3.12,0.0000,0.0,0.00
1765628032.730312,2,2951,2813,1765628032728,1765628032730,2,3.14,0.0000,0.0,0.00
1765628032.749925,2,2952,2814,1765628032749,1765628032749,0,3.09,0.0000,0.0,0.00
1765628032.764301,2,2953,2815,1765628032761,1765628032763,2,3.18,0.0000,0.0,0.00
1765628032.772899,2,2954,2816,1765628032772,1765628032772,0,3.40,0.0000,0.0,0.00
1765628032.797500,2,2955,2817,1765628032793,1765628032796,3,3.42,0.0000,0.0,0.00
1765628032.814947,2,2956,2818,1765628032814,1765628032814,0,3.43,0.0000,0.0,0.00
1765628032.836480,2,2957,2819,1765628032836,1765628032836,0,3.43,0.0000,0.0,0.00
1765628032.857628,2,2958,2821,1765628032857,1765628032857,0,3.29,0.0000,0.0,0.00
1765628032.868828,2,2959,2822,1765628032868,1765628032868,0,3.46,0.0000,0.0,0.00
1765628032.890141,2,2960,2823,1765628032890,1765628032890,0,3.36,0.0000,0.0,0.00
1765628032.913455,2,2961,2824,1765628032911,1765628032913,2,3.39,0.0000,0.0,0.00
1765628032.932916,2,2962,2825,1765628032932,1765628032932,0,3.28,0.0000,0.0,0.00
1765628032.955068,2,2963,2826,1765628032954,1765628032954,0,3.27,0.0000,0.0,0.00
1765628032.977738,2,2964,2827,1765628032975,1765628032977,2,3.29,0.0000,0.0,0.00
1765628032.997173,2,2965,2828,1765628032996,1765628032997,1,3.27,0.0000,0.0,0.00
1765628033.009288,2,2966,2829,1765628033008,1765628033009,1,3.41,0.0000,0.0,0.00
1765628033.029402,2,2967,2830,1765628033029,1765628033029,0,3.23,0.0000,0.0,0.00
1765628033.051023,2,2968,2831,1765628033050,1765628033050,0,3.21,0.0000,0.0,0.00
1765628033.071897,2,2969,2832,1765628033071,1765628033071,0,3.22,0.0000,0.0,0.00
1765628033.092717,2,2970,2833,1765628033092,1765628033092,0,3.23,0.0000,0.0,0.00
1765628033.114401,2,2971,2834,1765628033114,1765628033114,0,3.19,0.0000,0.0,0.00
1765628033.125404,2,2972,2835,1765628033125,1765628033125,0,3.09,0.0000,0.0,0.00
1765628033.147581,2,2973,2836,1765628033146,1765628033146,0,2.91,0.0000,0.0,0.00
1765628033.160219,2,2974,2837,1765628033157,1765628033160,3,2.91,0.0000,0.0,0.00
1765628033.178931,2,2975,2838,1765628033178,1765628033178,0,2.93,0.0000,0.0,0.00
1765628033.200342,2,2976,2839,1765628033200,1765628033200,0,2.93,0.0000,0.0,0.00
1765628033.225361,2,2977,2840,1765628033221,1765628033224,3,2.96,0.0000,0.0,0.00
1765628033.242640,2,2978,2841,1765628033242,1765628033242,0,2.95,0.0000,0.0,0.00
1765628033.265115,2,2979,2842,1765628033264,1765628033264,0,2.93,0.0000,0.0,0.00
1765628033.286017,2,2980,2843,1765628033286,1765628033286,0,2.93,0.0000,0.0,0.00
1765628033.308214,2,2981,2844,1765628033307,1765628033307,0,2.90,0.0000,0.0,0.00
1765628033.318493,2,2982,2845,1765628033318,1765628033318,0,3.07,0.0000,0.0,0.00
1765628033.342616,2,2983,2846,1765628033339,1765628033341,2,3.09,0.0000,0.0,0.00
1765628033.351062,2,2984,2847,1765628033351,1765628033351,0,3.28,0.0000,0.0,0.00
1765628033.375014,2,2985,2848,1765628033373,1765628033375,2,3.32,0.0000,0.0,0.00
1765628033.393835,2,2986,2849,1765628033393,1765628033393,0,3.18,0.0000,0.0,0.00
1765628033.415140,2,2987,2850,1765628033415,1765628033415,0,3.18,0.0000,0.0,0.00
1765628033.439088,2,2988,2851,1765628033436,1765628033439,3,3.21,0.0000,0.0,0.00
1765628033.458119,2,2989,2852,1765628033458,1765628033458,0,3.20,0.0000,0.0,0.00
1765628033.471166,2,2990,2853,1765628033469,1765628033471,2,3.29,0.0000,0.0,0.00
1765628033.491109,2,2991,2854,1765628033490,1765628033490,0,3.27,0.0000,0.0,0.00
1765628033.511865,2,2992,2855,1765628033511,1765628033511,0,3.26,0.0000,0.0,0.00
1765628033.541252,2,2993,2856,1765628033540,1765628033540,0,3.35,0.0000,0.0,0.00
1765628033.555435,2,2994,2857,1765628033551,1765628033554,3,3.43,0.0000,0.0,0.00
1765628033.572959,2,2995,2858,1765628033572,1765628033572,0,3.44,0.0000,0.0,0.00
1765628033.594444,2,2996,2859,1765628033594,1765628033594,0,3.34,0.0000,0.0,0.00
1765628033.616494,2,2997,2860,1765628033616,1765628033616,0,3.16,0.0000,0.0,0.00
1765628033.638946,2,2998,2861,1765628033637,1765628033638,1,3.16,0.0000,0.0,0.00
1765628033.655143,2,2999,2862,1765628033650,1765628033655,5,3.20,0.0000,0.0,0.00
1765628033.660844,2,3000,2863,1765628033660,1765628033660,0,3.48,0.0000,0.0,0.00
1765628033.686369,2,3001,2864,1765628033682,1765628033686,4,3.53,0.0000,0.0,0.00
1765628033.693584,2,3002,2865,1765628033693,1765628033693,0,3.76,0.0000,0.0,0.00
1765628033.715345,2,3003,2866,1765628033714,1765628033714,0,3.76,0.0000,0.0,0.00
1765628033.736681,2,3004,2867,1765628033736,1765628033736,0,3.76,0.0000,0.0,0.00
1765628033.757724,2,3005,2868,1765628033757,1765628033757,0,3.72,0.0000,0.0,0.00
1765628033.779881,2,3006,2869,1765628033778,1765628033778,0,3.73,0.0000,0.0,0.00
1765628033.802682,2,3007,2870,1765628033800,1765628033802,2,3.79,0.0000,0.0,0.00
1765628033.822185,2,3008,2871,1765628033821,1765628033822,1,3.67,0.0000,0.0,0.00
1765628033.843024,2,3009,2872,1765628033843,1765628033843,0,3.67,0.0000,0.0,0.00
1765628033.868079,2,3010,2873,1765628033864,1765628033868,4,3.72,0.0000,0.0,0.00
1765628033.885840,2,3011,2874,1765628033885,1765628033885,0,3.73,0.0000,0.0,0.00
1765628033.908440,2,3012,2875,1765628033907,1765628033907,0,3.75,0.0000,0.0,0.00
1765628033.918590,2,3013,2876,1765628033918,1765628033918,0,3.82,0.0000,0.0,0.00
1765628033.932646,2,3014,2877,1765628033929,1765628033932,3,3.71,0.0000,0.0,0.00
1765628033.951119,2,3015,2878,1765628033951,1765628033951,0,3.66,0.0000,0.0,0.00
1765628033.972255,2,3016,2879,1765628033972,1765628033972,0,3.65,0.0000,0.0,0.00
1765628033.993773,2,3017,2880,1765628033993,1765628033993,0,3.64,0.0000,0.0,0.00
1765628034.014930,2,3018,2881,1765628034014,1765628034014,0,3.64,0.0000,0.0,0.00
1765628034.036064,2,3019,2882,1765628034036,1765628034036,0,3.49,0.0000,0.0,0.00
1765628034.056926,2,3020,2883,1765628034056,1765628034056,0,3.47,0.0000,0.0,0.00
1765628034.080409,2,3021,2884,1765628034078,1765628034079,1,3.47,0.0000,0.0,0.00
1765628034.100286,2,3022,2885,1765628034099,1765628034099,0,3.47,0.0000,0.0,0.00
1765628034.121359,2,3023,2886,1765628034121,1765628034121,0,3.47,0.0000,0.0,0.00
1765628034.146318,2,3024,2887,1765628034142,1765628034143,1,3.46,0.0000,0.0,0.00
1765628034.164073,2,3025,2888,1765628034164,1765628034164,0,3.47,0.0000,0.0,0.00
1765628034.185205,2,3026,2889,1765628034185,1765628034185,0,3.31,0.0000,0.0,0.00
1765628034.196502,2,3027,2890,1765628034196,1765628034196,0,3.50,0.0000,0.0,0.00
1765628034.217417,2,3028,2891,1765628034217,1765628034217,0,3.50,0.0000,0.0,0.00
1765628034.238865,2,3029,2892,1765628034238,1765628034238,0,3.50,0.0000,0.0,0.00
1765628034.263483,2,3030,2893,1765628034259,1765628034262,3,3.53,0.0000,0.0,0.00
1765628034.271075,2,3031,2894,1765628034271,1765628034271,0,3.73,0.0000,0.0,0.00
1765628034.292850,2,3032,2895,1765628034292,1765628034292,0,3.57,0.0000,0.0,0.00
1765628034.303714,2,3033,2896,1765628034303,1765628034303,0,3.73,0.0000,0.0,0.00
1765628034.314965,2,3034,2897,1765628034314,1765628034314,0,3.80,0.0000,0.0,0.00
1765628034.337329,2,3035,2898,1765628034336,1765628034336,0,3.80,0.0000,0.0,0.00
1765628034.348913,2,3036,2899,1765628034347,1765628034347,0,3.95,0.0000,0.0,0.00
1765628034.360068,2,3037,2900,1765628034359,1765628034359,0,4.05,0.0000,0.0,0.00
1765628034.370178,2,3038,2901,1765628034370,1765628034370,0,4.21,0.0000,0.0,0.00
1765628034.391399,2,3039,2902,1765628034391,1765628034391,0,4.20,0.0000,0.0,0.00
1765628034.412329,2,3040,2903,1765628034412,1765628034412,0,4.19,0.0000,0.0,0.00
1765628034.433697,2,3041,2905,1765628034433,1765628034433,0,4.19,0.0000,0.0,0.00
1765628034.444887,2,3042,2906,1765628034444,1765628034444,0,4.19,0.0000,0.0,0.00
1765628034.466594,2,3043,2907,1765628034466,1765628034466,0,4.17,0.0000,0.0,0.00
1765628034.487890,2,3044,2908,1765628034487,1765628034487,0,3.99,0.0000,0.0,0.00
1765628034.512023,2,3045,2909,1765628034509,1765628034511,2,3.99,0.0000,0.0,0.00
1765628034.530306,2,3046,2910,1765628034530,1765628034530,0,3.97,0.0000,0.0,0.00
1765628034.544647,2,3047,2911,1765628034541,1765628034544,3,4.06,0.0000,0.0,0.00
1765628034.562750,2,3048,2912,1765628034562,1765628034562,0,4.02,0.0000,0.0,0.00
1765628034.585012,2,3049,2913,1765628034583,1765628034583,0,4.04,0.0000,0.0,0.00
1765628034.595734,2,3050,2914,1765628034595,1765628034595,0,4.06,0.0000,0.0,0.00
1765628034.611489,2,3051,2915,1765628034606,1765628034611,5,4.12,0.0000,0.0,0.00
1765628034.618912,2,3052,2916,1765628034617,1765628034617,0,4.37,0.0000,0.0,0.00
1765628034.642823,2,3053,2917,1765628034639,1765628034642,3,4.32,0.0000,0.0,0.00
1765628034.660564,2,3054,2918,1765628034660,1765628034660,0,4.24,0.0000,0.0,0.00
1765628034.682476,2,3055,2919,1765628034682,1765628034682,0,4.27,0.0000,0.0,0.00
1765628034.707762,2,3056,2920,1765628034703,1765628034707,4,4.30,0.0000,0.0,0.00
1765628034.725538,2,3057,2921,1765628034725,1765628034725,0,4.27,0.0000,0.0,0.00
1765628034.747726,2,3058,2923,1765628034746,1765628034746,0,4.26,0.0000,0.0,0.00
1765628034.768423,2,3059,2924,1765628034768,1765628034768,0,4.27,0.0000,0.0,0.00
1765628034.789555,2,3060,2925,1765628034789,1765628034789,0,3.98,0.0000,0.0,0.00
1765628034.811651,2,3061,2926,1765628034811,1765628034811,0,3.94,0.0000,0.0,0.00
1765628034.832427,2,3062,2927,1765628034832,1765628034832,0,3.69,0.0000,0.0,0.00
1765628034.853707,2,3063,2928,1765628034853,1765628034853,0,3.69,0.0000,0.0,0.00
1765628034.875098,2,3064,2929,1765628034874,1765628034874,0,3.68,0.0000,0.0,0.00
1765628034.896366,2,3065,2930,1765628034895,1765628034896,1,3.69,0.0000,0.0,0.00
1765628034.917303,2,3066,2931,1765628034917,1765628034917,0,3.69,0.0000,0.0,0.00
1765628034.938538,2,3067,2932,1765628034938,1765628034938,0,3.66,0.0000,0.0,0.00
1765628034.959893,2,3068,2933,1765628034959,1765628034959,0,3.67,0.0000,0.0,0.00
1765628034.981023,2,3069,2934,1765628034981,1765628034981,0,3.68,0.0000,0.0,0.00
1765628035.006464,2,3070,2935,1765628035002,1765628035005,3,3.67,0.0000,0.0,0.00
1765628035.013543,2,3071,2936,1765628035013,1765628035013,0,3.88,0.0000,0.0,0.00
1765628035.025887,2,3072,2937,1765628035024,1765628035024,0,4.02,0.0000,0.0,0.00
1765628035.046622,2,3073,2938,1765628035046,1765628035046,0,3.88,0.0000,0.0,0.00
1765628035.071607,2,3074,2939,1765628035067,1765628035070,3,3.81,0.0000,0.0,0.00
1765628035.089134,2,3075,2940,1765628035089,1765628035089,0,3.81,0.0000,0.0,0.00
1765628035.110146,2,3076,2941,1765628035110,1765628035110,0,3.81,0.0000,0.0,0.00
1765628035.132640,2,3077,2942,1765628035131,1765628035131,0,3.81,0.0000,0.0,0.00
1765628035.153100,2,3078,2943,1765628035153,1765628035153,0,3.82,0.0000,0.0,0.00
1765628035.174804,2,3079,2944,1765628035174,1765628035174,0,3.81,0.0000,0.0,0.00
1765628035.196164,2,3080,2945,1765628035196,1765628035196,0,3.83,0.0000,0.0,0.00
1765628035.218779,2,3081,2946,1765628035216,1765628035217,1,3.81,0.0000,0.0,0.00
1765628035.238163,2,3082,2947,1765628035238,1765628035238,0,3.82,0.0000,0.0,0.00
1765628035.259431,2,3083,2948,1765628035259,1765628035259,0,3.81,0.0000,0.0,0.00
1765628035.280713,2,3084,2949,1765628035280,1765628035280,0,3.81,0.0000,0.0,0.00
1765628035.303006,2,3085,2950,1765628035301,1765628035301,0,3.81,0.0000,0.0,0.00
1765628035.323193,2,3086,2951,1765628035323,1765628035323,0,3.81,0.0000,0.0,0.00
1765628035.344498,2,3087,2952,1765628035344,1765628035344,0,3.65,0.0000,0.0,0.00
1765628035.368565,2,3088,2953,1765628035366,1765628035367,1,3.67,0.0000,0.0,0.00
1765628035.377137,2,3089,2954,1765628035377,1765628035377,0,3.86,0.0000,0.0,0.00
1765628035.462773,2,3090,2955,1765628035459,1765628035461,2,4.49,0.0000,0.0,0.00
1765628035.473573,2,3091,2956,1765628035470,1765628035472,2,4.44,0.0000,0.0,0.00
1765628035.493088,2,3092,2957,1765628035488,1765628035492,4,4.43,0.0000,0.0,0.00
1765628035.500895,2,3093,2958,1765628035499,1765628035499,0,4.52,0.0000,0.0,0.00
1765628035.510382,2,3094,2959,1765628035510,1765628035510,0,4.52,0.0000,0.0,0.00
1765628035.525903,2,3095,2960,1765628035521,1765628035524,3,4.63,0.0000,0.0,0.00
1765628035.543965,2,3096,2961,1765628035543,1765628035543,0,4.46,0.0000,0.0,0.00
1765628035.565116,2,3097,2962,1765628035565,1765628035565,0,4.30,0.0000,0.0,0.00
1765628035.586593,2,3098,2963,1765628035586,1765628035586,0,4.10,0.0000,0.0,0.00
1765628035.608591,2,3099,2964,1765628035608,1765628035608,0,4.11,0.0000,0.0,0.00
1765628035.630202,2,3100,2965,1765628035629,1765628035629,0,4.11,0.0000,0.0,0.00
1765628035.640384,2,3101,2966,1765628035640,1765628035640,0,4.31,0.0000,0.0,0.00
1765628035.661531,2,3102,2967,1765628035661,1765628035661,0,4.11,0.0000,0.0,0.00
1765628035.683514,2,3103,2968,1765628035682,1765628035682,0,4.10,0.0000,0.0,0.00
1765628035.707994,2,3104,2969,1765628035704,1765628035706,2,4.13,0.0000,0.0,0.00
1765628035.725446,2,3105,2970,1765628035725,1765628035725,0,4.12,0.0000,0.0,0.00
1765628035.747931,2,3106,2971,1765628035746,1765628035746,0,4.10,0.0000,0.0,0.00
1765628035.758937,2,3107,2972,1765628035758,1765628035758,0,4.15,0.0000,0.0,0.00
1765628035.769376,2,3108,2973,1765628035769,1765628035769,0,4.31,0.0000,0.0,0.00
1765628035.791954,2,3109,2974,1765628035790,1765628035790,0,4.31,0.0000,0.0,0.00
1765628035.802512,2,3110,2975,1765628035801,1765628035801,0,4.33,0.0000,0.0,0.00
1765628035.824590,2,3111,2976,1765628035823,1765628035824,1,4.26,0.0000,0.0,0.00
1765628035.846098,2,3112,2977,1765628035844,1765628035844,0,3.94,0.0000,0.0,0.00
1765628035.867039,2,3113,2979,1765628035867,1765628035867,0,3.92,0.0000,0.0,0.00
1765628035.877168,2,3114,2980,1765628035877,1765628035877,0,4.10,0.0000,0.0,0.00
1765628035.898594,2,3115,2981,1765628035898,1765628035898,0,4.09,0.0000,0.0,0.00
1765628035.910316,2,3116,2982,1765628035909,1765628035909,0,4.25,0.0000,0.0,0.00
1765628035.931571,2,3117,2983,1765628035931,1765628035931,0,4.23,0.0000,0.0,0.00
1765628035.943314,2,3118,2984,1765628035942,1765628035942,0,4.43,0.0000,0.0,0.00
1765628035.964487,2,3119,2985,1765628035964,1765628035964,0,4.43,0.0000,0.0,0.00
1765628035.986853,2,3120,2986,1765628035985,1765628035985,0,4.43,0.0000,0.0,0.00
1765628035.996842,2,3121,2987,1765628035996,1765628035996,0,4.62,0.0000,0.0,0.00
1765628036.008016,2,3122,2988,1765628036008,1765628036008,0,4.78,0.0000,0.0,0.00
1765628036.030150,2,3123,2989,1765628036029,1765628036029,0,4.78,0.0000,0.0,0.00
1765628036.051237,2,3124,2990,1765628036051,1765628036051,0,4.79,0.0000,0.0,0.00
1765628036.074957,2,3125,2991,1765628036072,1765628036073,1,4.79,0.0000,0.0,0.00
1765628036.093736,2,3126,2992,1765628036093,1765628036093,0,4.78,0.0000,0.0,0.00
1765628036.114764,2,3127,2993,1765628036114,1765628036114,0,4.78,0.0000,0.0,0.00
1765628036.138658,2,3128,2994,1765628036135,1765628036138,3,4.81,0.0000,0.0,0.00
1765628036.157914,2,3129,2995,1765628036157,1765628036157,0,4.80,0.0000,0.0,0.00
1765628036.178757,2,3130,2996,1765628036178,1765628036178,0,4.77,0.0000,0.0,0.00
1765628036.200066,2,3131,2997,1765628036200,1765628036200,0,4.53,0.0000,0.0,0.00
1765628036.225024,2,3132,2998,1765628036221,1765628036225,4,4.38,0.0000,0.0,0.00
1765628036.242678,2,3133,2999,1765628036242,1765628036242,0,4.42,0.0000,0.0,0.00
1765628036.286488,2,3134,3001,1765628036286,1765628036286,0,4.66,0.0000,0.0,0.00
1765628036.298587,2,3135,3002,1765628036297,1765628036297,0,4.83,0.0000,0.0,0.00
1765628036.310672,2,3136,3003,1765628036309,1765628036310,1,4.97,0.0000,0.0,0.00
1765628036.328244,2,3137,3004,1765628036321,1765628036328,7,5.00,0.0000,0.0,0.00
1765628036.342703,2,3138,3005,1765628036342,1765628036342,0,5.10,0.0000,0.0,0.00
1765628036.357439,2,3139,3006,1765628036353,1765628036353,0,5.27,0.0000,0.0,0.00
1765628036.375398,2,3140,3007,1765628036375,1765628036375,0,5.27,0.0000,0.0,0.00
1765628036.396505,2,3141,3008,1765628036396,1765628036396,0,5.27,0.0000,0.0,0.00
1765628036.418490,2,3142,3009,1765628036417,1765628036417,0,5.27,0.0000,0.0,0.00
1765628036.440458,2,3143,3010,1765628036439,1765628036440,1,5.29,0.0000,0.0,0.00
1765628036.461556,2,3144,3011,1765628036461,1765628036461,0,5.29,0.0000,0.0,0.00
1765628036.482504,2,3145,3012,1765628036482,1765628036482,0,5.29,0.0000,0.0,0.00
1765628036.505197,2,3146,3013,1765628036503,1765628036505,2,5.30,0.0000,0.0,0.00
1765628036.515051,2,3147,3014,1765628036515,1765628036515,0,5.48,0.0000,0.0,0.00
1765628036.538556,2,3148,3015,1765628036536,1765628036538,2,5.48,0.0000,0.0,0.00
1765628036.548354,2,3149,3016,1765628036548,1765628036548,0,5.48,0.0000,0.0,0.00
1765628036.560217,2,3150,3017,1765628036559,1765628036559,0,4.82,0.0000,0.0,0.00
1765628036.572824,2,3151,3018,1765628036570,1765628036572,2,4.78,0.0000,0.0,0.00
1765628036.582260,2,3152,3019,1765628036582,1765628036582,0,4.93,0.0000,0.0,0.00
1765628036.605899,2,3153,3020,1765628036603,1765628036605,2,4.75,0.0000,0.0,0.00
1765628036.625414,2,3154,3021,1765628036625,1765628036625,0,4.61,0.0000,0.0,0.00
1765628036.646557,2,3155,3022,1765628036646,1765628036646,0,4.53,0.0000,0.0,0.00
1765628036.670875,2,3156,3023,1765628036667,1765628036670,3,4.59,0.0000,0.0,0.00
1765628036.689025,2,3157,3024,1765628036689,1765628036689,0,4.56,0.0000,0.0,0.00
1765628036.709878,2,3158,3025,1765628036709,1765628036709,0,4.54,0.0000,0.0,0.00
1765628036.731031,2,3159,3026,1765628036731,1765628036731,0,4.54,0.0000,0.0,0.00
1765628036.742239,2,3160,3027,1765628036742,1765628036742,0,4.68,0.0000,0.0,0.00
1765628036.763698,2,3161,3029,1765628036763,1765628036763,0,4.54,0.0000,0.0,0.00
1765628036.786882,2,3162,3030,1765628036784,1765628036786,2,4.57,0.0000,0.0,0.00
1765628036.806412,2,3163,3031,1765628036805,1765628036805,0,4.54,0.0000,0.0,0.00
1765628036.822217,2,3164,3032,1765628036817,1765628036821,4,4.54,0.0000,0.0,0.00
1765628036.839193,2,3165,3033,1765628036839,1765628036839,0,4.55,0.0000,0.0,0.00
1765628036.855156,2,3166,3034,1765628036850,1765628036855,5,4.57,0.0000,0.0,0.00
1765628036.871647,2,3167,3035,1765628036871,1765628036871,0,4.49,0.0000,0.0,0.00
1765628036.893309,2,3168,3036,1765628036893,1765628036893,0,4.37,0.0000,0.0,0.00
1765628036.904994,2,3169,3037,1765628036903,1765628036904,1,4.50,0.0000,0.0,0.00
1765628036.925111,2,3170,3038,1765628036925,1765628036925,0,4.37,0.0000,0.0,0.00
1765628036.946877,2,3171,3039,1765628036946,1765628036946,0,4.35,0.0000,0.0,0.00
1765628036.968229,2,3172,3040,1765628036968,1765628036968,0,4.37,0.0000,0.0,0.00
1765628036.989432,2,3173,3041,1765628036989,1765628036989,0,4.35,0.0000,0.0,0.00
1765628037.011149,2,3174,3042,1765628037010,1765628037010,0,4.19,0.0000,0.0,0.00
1765628037.032700,2,3175,3043,1765628037032,1765628037032,0,4.20,0.0000,0.0,0.00
1765628037.059416,2,3176,3044,1765628037053,1765628037058,5,4.12,0.0000,0.0,0.00
1765628037.075162,2,3177,3045,1765628037074,1765628037074,0,4.14,0.0000,0.0,0.00
1765628037.095793,2,3178,3046,1765628037095,1765628037095,0,4.00,0.0000,0.0,0.00
1765628037.116894,2,3179,3047,1765628037116,1765628037116,0,3.99,0.0000,0.0,0.00
1765628037.139513,2,3180,3048,1765628037138,1765628037139,1,4.01,0.0000,0.0,0.00
1765628037.159666,2,3181,3049,1765628037159,1765628037159,0,3.85,0.0000,0.0,0.00
1765628037.180431,2,3182,3050,1765628037180,1765628037180,0,3.71,0.0000,0.0,0.00
1765628037.205052,2,3183,3051,1765628037201,1765628037205,4,3.75,0.0000,0.0,0.00
1765628037.214274,2,3184,3052,1765628037213,1765628037213,0,3.97,0.0000,0.0,0.00
1765628037.234734,2,3185,3053,1765628037234,1765628037234,0,3.96,0.0000,0.0,0.00
1765628037.256026,2,3186,3054,1765628037256,1765628037256,0,3.98,0.0000,0.0,0.00
1765628037.277770,2,3187,3055,1765628037277,1765628037277,0,3.98,0.0000,0.0,0.00
1765628037.298458,2,3188,3056,1765628037298,1765628037298,0,3.94,0.0000,0.0,0.00
1765628037.322979,2,3189,3057,1765628037319,1765628037322,3,3.99,0.0000,0.0,0.00
1765628037.341730,2,3190,3058,1765628037341,1765628037341,0,3.98,0.0000,0.0,0.00
1765628037.363167,2,3191,3059,1765628037363,1765628037363,0,3.98,0.0000,0.0,0.00
1765628037.374849,2,3192,3060,1765628037373,1765628037374,1,4.08,0.0000,0.0,0.00
1765628037.385970,2,3193,3061,1765628037385,1765628037385,0,4.21,0.0000,0.0,0.00
1765628037.408342,2,3194,3062,1765628037407,1765628037407,0,3.96,0.0000,0.0,0.00
1765628037.429135,2,3195,3063,1765628037429,1765628037429,0,3.82,0.0000,0.0,0.00
1765628037.450034,2,3196,3064,1765628037450,1765628037450,0,3.70,0.0000,0.0,0.00
1765628037.473152,2,3197,3065,1765628037471,1765628037473,2,3.72,0.0000,0.0,0.00
1765628037.482296,2,3198,3066,1765628037482,1765628037482,0,3.83,0.0000,0.0,0.00
1765628037.505470,2,3199,3067,1765628037503,1765628037505,2,3.69,0.0000,0.0,0.00
1765628037.525097,2,3200,3069,1765628037525,1765628037525,0,3.67,0.0000,0.0,0.00
1765628037.547785,2,3201,3070,1765628037546,1765628037546,0,3.67,0.0000,0.0,0.00
1765628037.557957,2,3202,3071,1765628037557,1765628037557,0,3.83,0.0000,0.0,0.00
1765628037.571144,2,3203,3072,1765628037569,1765628037571,2,3.91,0.0000,0.0,0.00
1765628037.590684,2,3204,3073,1765628037590,1765628037590,0,3.89,0.0000,0.0,0.00
1765628037.611252,2,3205,3074,1765628037611,1765628037611,0,3.89,0.0000,0.0,0.00
1765628037.633336,2,3206,3075,1765628037632,1765628037632,0,3.87,0.0000,0.0,0.00
1765628037.656244,2,3207,3076,1765628037653,1765628037656,3,3.71,0.0000,0.0,0.00
1765628037.665112,2,3208,3077,1765628037665,1765628037665,0,3.90,0.0000,0.0,0.00
1765628037.686805,2,3209,3078,1765628037686,1765628037686,0,3.71,0.0000,0.0,0.00
1765628037.708134,2,3210,3079,1765628037708,1765628037708,0,3.57,0.0000,0.0,0.00
1765628037.729576,2,3211,3080,1765628037729,1765628037729,0,3.45,0.0000,0.0,0.00
1765628037.752774,2,3212,3081,1765628037750,1765628037752,2,3.27,0.0000,0.0,0.00
1765628037.771895,2,3213,3082,1765628037771,1765628037771,0,3.24,0.0000,0.0,0.00
1765628037.793191,2,3214,3083,1765628037793,1765628037793,0,3.26,0.0000,0.0,0.00
1765628037.814669,2,3215,3084,1765628037814,1765628037814,0,3.26,0.0000,0.0,0.00
1765628037.835605,2,3216,3085,1765628037835,1765628037835,0,3.23,0.0000,0.0,0.00
1765628037.856581,2,3217,3086,1765628037856,1765628037856,0,3.24,0.0000,0.0,0.00
1765628037.877982,2,3218,3087,1765628037877,1765628037877,0,3.25,0.0000,0.0,0.00
1765628037.889122,2,3219,3088,1765628037889,1765628037889,0,3.39,0.0000,0.0,0.00
1765628037.910966,2,3220,3089,1765628037910,1765628037910,0,3.21,0.0000,0.0,0.00
1765628037.922348,2,3221,3090,1765628037922,1765628037922,0,3.37,0.0000,0.0,0.00
1765628037.944225,2,3222,3091,1765628037944,1765628037944,0,3.36,0.0000,0.0,0.00
1765628037.964853,2,3223,3092,1765628037964,1765628037964,0,3.36,0.0000,0.0,0.00
1765628037.987592,2,3224,3093,1765628037986,1765628037987,1,3.31,0.0000,0.0,0.00
1765628038.008437,2,3225,3094,1765628038008,1765628038008,0,3.29,0.0000,0.0,0.00
1765628038.030780,2,3226,3095,1765628038029,1765628038029,0,3.22,0.0000,0.0,0.00
1765628038.041336,2,3227,3096,1765628038041,1765628038041,0,3.32,0.0000,0.0,0.00
1765628038.062821,2,3228,3097,1765628038062,1765628038062,0,3.31,0.0000,0.0,0.00
1765628038.087672,2,3229,3098,1765628038085,1765628038086,1,3.13,0.0000,0.0,0.00
1765628038.106199,2,3230,3099,1765628038106,1765628038106,0,3.12,0.0000,0.0,0.00
1765628038.120025,2,3231,3100,1765628038117,1765628038120,3,3.25,0.0000,0.0,0.00
1765628038.139055,2,3232,3101,1765628038138,1765628038139,1,3.24,0.0000,0.0,0.00
1765628038.161408,2,3233,3102,1765628038160,1765628038160,0,3.24,0.0000,0.0,0.00
1765628038.181919,2,3234,3103,1765628038181,1765628038181,0,3.24,0.0000,0.0,0.00
1765628038.203086,2,3235,3104,1765628038203,1765628038203,0,3.24,0.0000,0.0,0.00
1765628038.224296,2,3236,3105,1765628038224,1765628038224,0,3.20,0.0000,0.0,0.00
1765628038.245549,2,3237,3106,1765628038245,1765628038245,0,3.13,0.0000,0.0,0.00
1765628038.270818,2,3238,3107,1765628038266,1765628038270,4,3.16,0.0000,0.0,0.00
1765628038.277809,2,3239,3108,1765628038277,1765628038277,0,3.45,0.0000,0.0,0.00
1765628038.302832,2,3240,3109,1765628038299,1765628038302,3,3.47,0.0000,0.0,0.00
1765628038.321313,2,3241,3110,1765628038321,1765628038321,0,3.47,0.0000,0.0,0.00
1765628038.475112,2,3242,3111,1765628038426,1765628038440,14,4.50,0.0000,0.0,0.00
1765628038.484545,2,3243,3112,1765628038441,1765628038483,42,4.91,0.0000,0.0,0.00
1765628038.485542,2,3244,3113,1765628038470,1765628038484,14,4.98,0.0000,0.0,0.00
1765628038.485542,2,3245,3114,1765628038481,1765628038485,4,5.29,0.0000,0.0,0.00
1765628038.500322,2,3246,3115,1765628038493,1765628038499,6,5.43,0.0000,0.0,0.00
1765628038.504427,2,3247,3116,1765628038504,1765628038504,0,5.75,0.0000,0.0,0.00
1765628038.515583,2,3248,3117,1765628038515,1765628038515,0,5.93,0.0000,0.0,0.00
1765628038.537034,2,3249,3118,1765628038537,1765628038537,0,5.90,0.0000,0.0,0.00
1765628038.561046,2,3250,3119,1765628038558,1765628038561,3,5.92,0.0000,0.0,0.00
1765628038.579558,2,3251,3120,1765628038579,1765628038579,0,5.95,0.0000,0.0,0.00
1765628038.600595,2,3252,3121,1765628038600,1765628038600,0,5.77,0.0000,0.0,0.00
1765628038.621938,2,3253,3122,1765628038621,1765628038621,0,5.57,0.0000,0.0,0.00
1765628038.646429,2,3254,3123,1765628038643,1765628038646,3,5.61,0.0000,0.0,0.00
1765628038.654574,2,3255,3124,1765628038654,1765628038654,0,5.85,0.0000,0.0,0.00
1765628038.678932,2,3256,3125,1765628038676,1765628038677,1,5.88,0.0000,0.0,0.00
1765628038.697786,2,3257,3126,1765628038697,1765628038697,0,5.85,0.0000,0.0,0.00
1765628038.719018,2,3258,3127,1765628038719,1765628038719,0,5.64,0.0000,0.0,0.00
1765628038.742462,2,3259,3128,1765628038740,1765628038742,2,5.64,0.0000,0.0,0.00
1765628038.762071,2,3260,3130,1765628038762,1765628038762,0,5.64,0.0000,0.0,0.00
1765628038.777593,2,3261,3131,1765628038773,1765628038777,4,5.75,0.0000,0.0,0.00
1765628038.794763,2,3262,3132,1765628038794,1765628038794,0,5.63,0.0000,0.0,0.00
1765628038.815996,2,3263,3133,1765628038815,1765628038815,0,5.50,0.0000,0.0,0.00
1765628038.837415,2,3264,3134,1765628038837,1765628038837,0,5.47,0.0000,0.0,0.00
1765628038.862883,2,3265,3135,1765628038858,1765628038861,3,5.51,0.0000,0.0,0.00
1765628038.871077,2,3266,3137,1765628038871,1765628038871,0,5.73,0.0000,0.0,0.00
1765628038.882091,2,3267,3138,1765628038882,1765628038882,0,5.88,0.0000,0.0,0.00
1765628038.894661,2,3268,3139,1765628038893,1765628038893,0,5.84,0.0000,0.0,0.00
1765628038.914383,2,3269,3140,1765628038913,1765628038914,1,5.84,0.0000,0.0,0.00
1765628038.935287,2,3270,3141,1765628038935,1765628038935,0,5.83,0.0000,0.0,0.00
1765628038.959518,2,3271,3142,1765628038957,1765628038958,1,5.85,0.0000,0.0,0.00
1765628038.977494,2,3272,3143,1765628038977,1765628038977,0,5.85,0.0000,0.0,0.00
1765628038.998625,2,3273,3144,1765628038998,1765628038998,0,5.83,0.0000,0.0,0.00
1765628039.020034,2,3274,3145,1765628039020,1765628039020,0,5.83,0.0000,0.0,0.00
1765628039.042033,2,3275,3146,1765628039042,1765628039042,0,5.84,0.0000,0.0,0.00
1765628039.063295,2,3276,3147,1765628039063,1765628039063,0,5.84,0.0000,0.0,0.00
1765628039.086150,2,3277,3148,1765628039084,1765628039084,0,5.84,0.0000,0.0,0.00
1765628039.096684,2,3278,3149,1765628039096,1765628039096,0,6.00,0.0000,0.0,0.00
1765628039.110501,2,3279,3150,1765628039107,1765628039110,3,5.96,0.0000,0.0,0.00
1765628039.129119,2,3280,3151,1765628039129,1765628039129,0,5.97,0.0000,0.0,0.00
1765628039.150457,2,3281,3152,1765628039150,1765628039150,0,5.82,0.0000,0.0,0.00
1765628039.161627,2,3282,3153,1765628039161,1765628039161,0,5.98,0.0000,0.0,0.00
1765628039.177514,2,3283,3154,1765628039173,1765628039176,3,6.07,0.0000,0.0,0.00
1765628039.194917,2,3284,3155,1765628039194,1765628039194,0,6.07,0.0000,0.0,0.00
1765628039.216602,2,3285,3156,1765628039216,1765628039216,0,6.09,0.0000,0.0,0.00
1765628039.237811,2,3286,3157,1765628039237,1765628039237,0,6.09,0.0000,0.0,0.00
1765628039.260973,2,3287,3158,1765628039258,1765628039260,2,5.97,0.0000,0.0,0.00
1765628039.279601,2,3288,3159,1765628039279,1765628039279,0,5.99,0.0000,0.0,0.00
1765628039.301332,2,3289,3160,1765628039301,1765628039301,0,5.96,0.0000,0.0,0.00
1765628039.312119,2,3290,3161,1765628039312,1765628039312,0,6.12,0.0000,0.0,0.00
1765628039.334745,2,3291,3162,1765628039333,1765628039333,0,6.02,0.0000,0.0,0.00
1765628039.355101,2,3292,3163,1765628039355,1765628039355,0,6.02,0.0000,0.0,0.00
1765628039.379011,2,3293,3164,1765628039376,1765628039377,1,6.04,0.0000,0.0,0.00
1765628039.399065,2,3294,3165,1765628039398,1765628039398,0,6.04,0.0000,0.0,0.00
1765628039.419183,2,3295,3166,1765628039419,1765628039419,0,6.02,0.0000,0.0,0.00
1765628039.444345,2,3296,3167,1765628039440,1765628039444,4,6.08,0.0000,0.0,0.00
1765628039.462219,2,3297,3168,1765628039462,1765628039462,0,6.11,0.0000,0.0,0.00
1765628039.483481,2,3298,3169,1765628039483,1765628039483,0,6.05,0.0000,0.0,0.00
1765628039.504685,2,3299,3170,1765628039504,1765628039504,0,5.81,0.0000,0.0,0.00
1765628039.527608,2,3300,3171,1765628039526,1765628039527,1,5.78,0.0000,0.0,0.00
1765628039.545828,2,3301,3172,1765628039545,1765628039545,0,5.80,0.0000,0.0,0.00
1765628039.563371,2,3302,3173,1765628039557,1765628039562,5,4.56,0.0000,0.0,0.00
1765628039.569132,2,3303,3174,1765628039568,1765628039568,0,4.53,0.0000,0.0,0.00
1765628039.580359,2,3304,3175,1765628039580,1765628039580,0,4.30,0.0000,0.0,0.00
1765628039.593777,2,3305,3176,1765628039591,1765628039593,2,4.04,0.0000,0.0,0.00
1765628039.612977,2,3306,3177,1765628039612,1765628039612,0,3.95,0.0000,0.0,0.00
1765628039.634037,2,3307,3178,1765628039634,1765628039634,0,3.69,0.0000,0.0,0.00
1765628039.657652,2,3308,3179,1765628039655,1765628039657,2,3.56,0.0000,0.0,0.00
1765628039.666486,2,3309,3180,1765628039666,1765628039666,0,3.74,0.0000,0.0,0.00
1765628039.691760,2,3310,3181,1765628039687,1765628039690,3,3.74,0.0000,0.0,0.00
1765628039.708887,2,3311,3182,1765628039708,1765628039708,0,3.74,0.0000,0.0,0.00
1765628039.730761,2,3312,3183,1765628039730,1765628039730,0,3.76,0.0000,0.0,0.00
1765628039.751911,2,3313,3184,1765628039751,1765628039751,0,3.76,0.0000,0.0,0.00
1765628039.773252,2,3314,3185,1765628039773,1765628039773,0,3.72,0.0000,0.0,0.00
1765628039.785997,2,3315,3186,1765628039784,1765628039784,0,3.66,0.0000,0.0,0.00
1765628039.809497,2,3316,3187,1765628039807,1765628039808,1,3.67,0.0000,0.0,0.00
1765628039.820047,2,3317,3188,1765628039819,1765628039819,0,3.82,0.0000,0.0,0.00
1765628039.842519,2,3318,3189,1765628039840,1765628039842,2,3.84,0.0000,0.0,0.00
1765628039.861732,2,3319,3190,1765628039861,1765628039861,0,3.79,0.0000,0.0,0.00
1765628039.883490,2,3320,3191,1765628039882,1765628039882,0,3.80,0.0000,0.0,0.00
1765628039.907867,2,3321,3192,1765628039904,1765628039907,3,3.79,0.0000,0.0,0.00
1765628039.925339,2,3322,3193,1765628039925,1765628039925,0,3.77,0.0000,0.0,0.00
1765628039.946576,2,3323,3194,1765628039946,1765628039946,0,3.77,0.0000,0.0,0.00
1765628039.957753,2,3324,3195,1765628039957,1765628039957,0,3.90,0.0000,0.0,0.00
1765628039.978996,2,3325,3196,1765628039978,1765628039978,0,3.86,0.0000,0.0,0.00
1765628039.990621,2,3326,3197,1765628039990,1765628039990,0,3.82,0.0000,0.0,0.00
1765628040.006954,2,3327,3198,1765628040001,1765628040006,5,3.71,0.0000,0.0,0.00
1765628040.015503,2,3328,3199,1765628040015,1765628040015,0,3.76,0.0000,0.0,0.00
1765628040.027589,2,3329,3200,1765628040026,1765628040026,0,3.89,0.0000,0.0,0.00
1765628040.039055,2,3330,3201,1765628040038,1765628040038,0,3.99,0.0000,0.0,0.00
1765628040.049780,2,3331,3202,1765628040049,1765628040049,0,4.08,0.0000,0.0,0.00
1765628040.060455,2,3332,3203,1765628040060,1765628040060,0,4.21,0.0000,0.0,0.00
1765628040.081807,2,3333,3204,1765628040081,1765628040081,0,4.21,0.0000,0.0,0.00
1765628040.105163,2,3334,3205,1765628040103,1765628040105,2,4.24,0.0000,0.0,0.00
1765628040.124548,2,3335,3206,1765628040124,1765628040124,0,4.19,0.0000,0.0,0.00
1765628040.145852,2,3336,3207,1765628040145,1765628040145,0,4.19,0.0000,0.0,0.00
1765628040.167509,2,3337,3208,1765628040166,1765628040166,0,4.19,0.0000,0.0,0.00
1765628040.190371,2,3338,3209,1765628040188,1765628040190,2,4.15,0.0000,0.0,0.00
1765628040.209958,2,3339,3210,1765628040209,1765628040209,0,4.08,0.0000,0.0,0.00
1765628040.230807,2,3340,3211,1765628040230,1765628040230,0,4.10,0.0000,0.0,0.00
1765628040.251981,2,3341,3212,1765628040251,1765628040251,0,4.10,0.0000,0.0,0.00
1765628040.274692,2,3342,3213,1765628040272,1765628040274,2,4.00,0.0000,0.0,0.00
1765628040.294036,2,3343,3214,1765628040294,1765628040294,0,3.94,0.0000,0.0,0.00
1765628040.315751,2,3344,3215,1765628040315,1765628040315,0,3.96,0.0000,0.0,0.00
1765628040.326412,2,3345,3216,1765628040326,1765628040326,0,4.08,0.0000,0.0,0.00
1765628040.347833,2,3346,3217,1765628040347,1765628040347,0,4.08,0.0000,0.0,0.00
1765628040.369443,2,3347,3218,1765628040369,1765628040369,0,4.07,0.0000,0.0,0.00
1765628040.391376,2,3348,3219,1765628040390,1765628040391,1,4.11,0.0000,0.0,0.00
1765628040.412089,2,3349,3220,1765628040412,1765628040412,0,4.10,0.0000,0.0,0.00
1765628040.434638,2,3350,3221,1765628040433,1765628040433,0,3.96,0.0000,0.0,0.00
1765628040.444718,2,3351,3222,1765628040444,1765628040444,0,4.10,0.0000,0.0,0.00
1765628040.460050,2,3352,3223,1765628040455,1765628040460,5,4.11,0.0000,0.0,0.00
1765628040.478557,2,3353,3224,1765628040477,1765628040477,0,4.09,0.0000,0.0,0.00
1765628040.488754,2,3354,3226,1765628040488,1765628040488,0,4.20,0.0000,0.0,0.00
1765628040.499865,2,3355,3227,1765628040499,1765628040499,0,4.30,0.0000,0.0,0.00
1765628040.521636,2,3356,3228,1765628040521,1765628040521,0,4.26,0.0000,0.0,0.00
1765628040.533573,2,3357,3229,1765628040532,1765628040532,0,4.41,0.0000,0.0,0.00
1765628040.544753,2,3358,3230,1765628040543,1765628040544,1,4.49,0.0000,0.0,0.00
1765628040.565016,2,3359,3231,1765628040565,1765628040565,0,4.49,0.0000,0.0,0.00
1765628040.586862,2,3360,3232,1765628040586,1765628040586,0,4.47,0.0000,0.0,0.00
1765628040.609462,2,3361,3234,1765628040607,1765628040609,2,4.53,0.0000,0.0,0.00
1765628040.630294,2,3362,3235,1765628040629,1765628040629,0,4.54,0.0000,0.0,0.00
1765628040.642465,2,3363,3236,1765628040640,1765628040642,2,4.39,0.0000,0.0,0.00
1765628040.662082,2,3364,3237,1765628040662,1765628040662,0,4.29,0.0000,0.0,0.00
1765628040.683842,2,3365,3238,1765628040683,1765628040683,0,4.22,0.0000,0.0,0.00
1765628040.712901,2,3366,3239,1765628040706,1765628040711,5,4.33,0.0000,0.0,0.00
1765628040.717918,2,3367,3241,1765628040717,1765628040717,0,4.54,0.0000,0.0,0.00
1765628040.729154,2,3368,3242,1765628040729,1765628040729,0,4.60,0.0000,0.0,0.00
1765628040.743875,2,3369,3243,1765628040740,1765628040743,3,4.50,0.0000,0.0,0.00
1765628040.762445,2,3370,3244,1765628040761,1765628040761,0,4.42,0.0000,0.0,0.00
1765628040.783655,2,3371,3246,1765628040783,1765628040783,0,4.47,0.0000,0.0,0.00
1765628040.804152,2,3372,3247,1765628040804,1765628040804,0,4.46,0.0000,0.0,0.00
1765628040.825616,2,3373,3248,1765628040825,1765628040825,0,4.46,0.0000,0.0,0.00
1765628040.846486,2,3374,3249,1765628040846,1765628040846,0,4.45,0.0000,0.0,0.00
1765628040.867925,2,3375,3250,1765628040867,1765628040867,0,4.34,0.0000,0.0,0.00
1765628040.892729,2,3376,3251,1765628040889,1765628040892,3,4.35,0.0000,0.0,0.00
1765628040.901128,2,3377,3252,1765628040901,1765628040901,0,4.39,0.0000,0.0,0.00
1765628040.927500,2,3378,3253,1765628040922,1765628040927,5,4.43,0.0000,0.0,0.00
1765628040.943954,2,3379,3254,1765628040943,1765628040943,0,4.46,0.0000,0.0,0.00
1765628040.961144,2,3380,3255,1765628040955,1765628040961,6,4.42,0.0000,0.0,0.00
1765628040.966627,2,3381,3256,1765628040966,1765628040966,0,4.60,0.0000,0.0,0.00
1765628040.987742,2,3382,3257,1765628040987,1765628040987,0,4.64,0.0000,0.0,0.00
1765628041.009163,2,3383,3258,1765628041009,1765628041009,0,4.65,0.0000,0.0,0.00
1765628041.030862,2,3384,3259,1765628041030,1765628041030,0,4.55,0.0000,0.0,0.00
1765628041.051999,2,3385,3260,1765628041051,1765628041051,0,4.55,0.0000,0.0,0.00
1765628041.075842,2,3386,3261,1765628041073,1765628041075,2,4.50,0.0000,0.0,0.00
1765628041.094336,2,3387,3262,1765628041094,1765628041094,0,4.46,0.0000,0.0,0.00
1765628041.115955,2,3388,3263,1765628041115,1765628041115,0,4.30,0.0000,0.0,0.00
1765628041.136760,2,3389,3264,1765628041136,1765628041136,0,4.17,0.0000,0.0,0.00
1765628041.159422,2,3390,3265,1765628041158,1765628041158,0,4.06,0.0000,0.0,0.00
1765628041.179991,2,3391,3266,1765628041179,1765628041179,0,3.90,0.0000,0.0,0.00
1765628041.192789,2,3392,3267,1765628041192,1765628041192,0,3.85,0.0000,0.0,0.00
1765628041.203262,2,3393,3268,1765628041203,1765628041203,0,4.01,0.0000,0.0,0.00
1765628041.226554,2,3394,3269,1765628041225,1765628041226,1,4.00,0.0000,0.0,0.00
1765628041.246326,2,3395,3270,1765628041246,1765628041246,0,4.01,0.0000,0.0,0.00
1765628041.268294,2,3396,3271,1765628041268,1765628041268,0,4.02,0.0000,0.0,0.00
1765628041.279406,2,3397,3272,1765628041279,1765628041279,0,4.17,0.0000,0.0,0.00
1765628041.301301,2,3398,3273,1765628041301,1765628041301,0,4.14,0.0000,0.0,0.00
1765628041.324622,2,3399,3274,1765628041322,1765628041324,2,4.19,0.0000,0.0,0.00
1765628041.342972,2,3400,3275,1765628041342,1765628041342,0,4.17,0.0000,0.0,0.00
1765628041.364140,2,3401,3276,1765628041364,1765628041364,0,4.18,0.0000,0.0,0.00
1765628041.375323,2,3402,3277,1765628041375,1765628041375,0,4.29,0.0000,0.0,0.00
1765628041.397360,2,3403,3278,1765628041396,1765628041396,0,4.30,0.0000,0.0,0.00
1765628041.409378,2,3404,3279,1765628041408,1765628041408,0,4.40,0.0000,0.0,0.00
1765628041.429566,2,3405,3280,1765628041429,1765628041429,0,4.28,0.0000,0.0,0.00
1765628041.451343,2,3406,3281,1765628041451,1765628041451,0,4.29,0.0000,0.0,0.00
1765628041.476883,2,3407,3282,1765628041472,1765628041475,3,4.32,0.0000,0.0,0.00
1765628041.484404,2,3408,3283,1765628041484,1765628041484,0,4.47,0.0000,0.0,0.00
1765628041.505839,2,3409,3284,1765628041505,1765628041505,0,4.47,0.0000,0.0,0.00
1765628041.526580,2,3410,3285,1765628041526,1765628041526,0,4.47,0.0000,0.0,0.00
1765628041.547848,2,3411,3286,1765628041547,1765628041547,0,4.35,0.0000,0.0,0.00
1765628041.559509,2,3412,3287,1765628041558,1765628041558,0,4.45,0.0000,0.0,0.00
1765628041.579957,2,3413,3288,1765628041579,1765628041579,0,4.46,0.0000,0.0,0.00
1765628041.602488,2,3414,3289,1765628041601,1765628041602,1,4.34,0.0000,0.0,0.00
1765628041.622750,2,3415,3290,1765628041622,1765628041622,0,4.19,0.0000,0.0,0.00
1765628041.643705,2,3416,3291,1765628041643,1765628041643,0,4.18,0.0000,0.0,0.00
1765628041.658856,2,3417,3292,1765628041657,1765628041657,0,4.11,0.0000,0.0,0.00
1765628041.679092,2,3418,3293,1765628041679,1765628041679,0,3.98,0.0000,0.0,0.00
1765628041.690587,2,3419,3294,1765628041690,1765628041690,0,4.14,0.0000,0.0,0.00
1765628041.711971,2,3420,3295,1765628041711,1765628041711,0,4.14,0.0000,0.0,0.00
1765628041.735744,2,3421,3296,1765628041733,1765628041735,2,4.15,0.0000,0.0,0.00
1765628041.754081,2,3422,3297,1765628041754,1765628041754,0,4.14,0.0000,0.0,0.00
1765628041.775704,2,3423,3298,1765628041775,1765628041775,0,4.03,0.0000,0.0,0.00
1765628041.797614,2,3424,3299,1765628041796,1765628041796,0,4.04,0.0000,0.0,0.00
1765628041.819075,2,3425,3300,1765628041817,1765628041819,2,4.06,0.0000,0.0,0.00
1765628041.840384,2,3426,3301,1765628041839,1765628041839,0,3.98,0.0000,0.0,0.00
1765628041.861464,2,3427,3302,1765628041861,1765628041861,0,3.71,0.0000,0.0,0.00
1765628041.886051,2,3428,3304,1765628041883,1765628041886,3,3.60,0.0000,0.0,0.00
1765628041.894026,2,3429,3305,1765628041894,1765628041894,0,3.74,0.0000,0.0,0.00
1765628041.915110,2,3430,3306,1765628041915,1765628041915,0,3.73,0.0000,0.0,0.00
1765628041.936406,2,3431,3307,1765628041936,1765628041936,0,3.72,0.0000,0.0,0.00
1765628041.957921,2,3432,3308,1765628041957,1765628041957,0,3.72,0.0000,0.0,0.00
1765628041.979253,2,3433,3309,1765628041979,1765628041979,0,3.73,0.0000,0.0,0.00
1765628041.990983,2,3434,3310,1765628041990,1765628041990,0,3.91,0.0000,0.0,0.00
1765628042.012069,2,3435,3311,1765628042012,1765628042012,0,3.92,0.0000,0.0,0.00
1765628042.033809,2,3436,3312,1765628042033,1765628042033,0,3.88,0.0000,0.0,0.00
1765628042.055278,2,3437,3313,1765628042055,1765628042055,0,3.67,0.0000,0.0,0.00
1765628042.077671,2,3438,3314,1765628042077,1765628042077,0,3.63,0.0000,0.0,0.00
1765628042.089437,2,3439,3315,1765628042088,1765628042088,0,3.75,0.0000,0.0,0.00
1765628042.109648,2,3440,3316,1765628042109,1765628042109,0,3.74,0.0000,0.0,0.00
1765628042.131203,2,3441,3317,1765628042131,1765628042131,0,3.41,0.0000,0.0,0.00
1765628042.142884,2,3442,3318,1765628042142,1765628042142,0,3.60,0.0000,0.0,0.00
1765628042.163711,2,3443,3319,1765628042163,1765628042163,0,3.59,0.0000,0.0,0.00
1765628042.186201,2,3444,3320,1765628042184,1765628042186,2,3.61,0.0000,0.0,0.00
1765628042.207045,2,3445,3321,1765628042206,1765628042206,0,3.60,0.0000,0.0,0.00
1765628042.227386,2,3446,3322,1765628042227,1765628042227,0,3.57,0.0000,0.0,0.00
1765628042.253411,2,3447,3323,1765628042249,1765628042253,4,3.62,0.0000,0.0,0.00
1765628042.269842,2,3448,3324,1765628042269,1765628042269,0,3.69,0.0000,0.0,0.00
1765628042.291595,2,3449,3325,1765628042291,1765628042291,0,3.70,0.0000,0.0,0.00
1765628042.302456,2,3450,3326,1765628042302,1765628042302,0,3.87,0.0000,0.0,0.00
1765628042.318416,2,3451,3327,1765628042313,1765628042317,4,3.95,0.0000,0.0,0.00
1765628042.335681,2,3452,3328,1765628042335,1765628042335,0,3.83,0.0000,0.0,0.00
1765628042.357306,2,3453,3329,1765628042357,1765628042357,0,3.67,0.0000,0.0,0.00
1765628042.368935,2,3454,3330,1765628042367,1765628042368,1,3.82,0.0000,0.0,0.00
1765628042.388874,2,3455,3331,1765628042388,1765628042388,0,3.82,0.0000,0.0,0.00
1765628042.410405,2,3456,3332,1765628042410,1765628042410,0,3.82,0.0000,0.0,0.00
1765628042.431564,2,3457,3333,1765628042431,1765628042431,0,3.65,0.0000,0.0,0.00
1765628042.453779,2,3458,3334,1765628042452,1765628042453,1,3.65,0.0000,0.0,0.00
1765628042.474750,2,3459,3335,1765628042473,1765628042473,0,3.62,0.0000,0.0,0.00
1765628042.495278,2,3460,3336,1765628042495,1765628042495,0,3.62,0.0000,0.0,0.00
1765628042.517673,2,3461,3337,1765628042516,1765628042516,0,3.61,0.0000,0.0,0.00
1765628042.529269,2,3462,3338,1765628042528,1765628042528,0,3.58,0.0000,0.0,0.00
1765628042.549783,2,3463,3339,1765628042549,1765628042549,0,3.58,0.0000,0.0,0.00
1765628042.572984,2,3464,3340,1765628042570,1765628042571,1,3.42,0.0000,0.0,0.00
1765628042.592197,2,3465,3341,1765628042592,1765628042592,0,3.42,0.0000,0.0,0.00
1765628042.613421,2,3466,3342,1765628042613,1765628042613,0,3.42,0.0000,0.0,0.00
1765628042.637914,2,3467,3343,1765628042634,1765628042637,3,3.42,0.0000,0.0,0.00
1765628042.656505,2,3468,3344,1765628042656,1765628042656,0,3.17,0.0000,0.0,0.00
1765628042.678682,2,3469,3345,1765628042678,1765628042678,0,3.17,0.0000,0.0,0.00
1765628042.705906,2,3470,3346,1765628042705,1765628042705,0,3.23,0.0000,0.0,0.00
1765628042.729549,2,3471,3347,1765628042728,1765628042728,0,3.24,0.0000,0.0,0.00
1765628042.740598,2,3472,3348,1765628042740,1765628042740,0,3.22,0.0000,0.0,0.00
1765628042.762779,2,3473,3349,1765628042761,1765628042761,0,3.22,0.0000,0.0,0.00
1765628042.774789,2,3474,3350,1765628042773,1765628042774,1,3.35,0.0000,0.0,0.00
1765628042.786286,2,3475,3352,1765628042785,1765628042785,0,3.55,0.0000,0.0,0.00
1765628042.796397,2,3476,3353,1765628042796,1765628042796,0,3.73,0.0000,0.0,0.00
1765628042.821502,2,3477,3354,1765628042817,1765628042820,3,3.65,0.0000,0.0,0.00
1765628042.839625,2,3478,3355,1765628042839,1765628042839,0,3.63,0.0000,0.0,0.00
1765628042.860335,2,3479,3356,1765628042860,1765628042860,0,3.45,0.0000,0.0,0.00
1765628042.882026,2,3480,3357,1765628042881,1765628042882,1,3.46,0.0000,0.0,0.00
1765628042.903007,2,3481,3358,1765628042903,1765628042903,0,3.43,0.0000,0.0,0.00
1765628042.925050,2,3482,3359,1765628042923,1765628042923,0,3.42,0.0000,0.0,0.00
1765628042.945407,2,3483,3360,1765628042945,1765628042945,0,3.43,0.0000,0.0,0.00
1765628042.969943,2,3484,3361,1765628042966,1765628042968,2,3.45,0.0000,0.0,0.00
1765628042.988273,2,3485,3362,1765628042988,1765628042988,0,3.42,0.0000,0.0,0.00
1765628043.009623,2,3486,3363,1765628043009,1765628043009,0,3.43,0.0000,0.0,0.00
1765628043.035205,2,3487,3364,1765628043030,1765628043035,5,3.47,0.0000,0.0,0.00
1765628043.052977,2,3488,3365,1765628043052,1765628043052,0,3.48,0.0000,0.0,0.00
1765628043.073860,2,3489,3366,1765628043073,1765628043073,0,3.21,0.0000,0.0,0.00
1765628043.085001,2,3490,3367,1765628043085,1765628043085,0,3.38,0.0000,0.0,0.00
1765628043.106296,2,3491,3368,1765628043106,1765628043106,0,3.38,0.0000,0.0,0.00
1765628043.128115,2,3492,3369,1765628043128,1765628043128,0,3.39,0.0000,0.0,0.00
1765628043.152551,2,3493,3370,1765628043149,1765628043152,3,3.41,0.0000,0.0,0.00
1765628043.170871,2,3494,3371,1765628043170,1765628043170,0,3.24,0.0000,0.0,0.00
1765628043.192364,2,3495,3372,1765628043192,1765628043192,0,3.24,0.0000,0.0,0.00
1765628043.217083,2,3496,3373,1765628043214,1765628043217,3,3.28,0.0000,0.0,0.00
1765628043.235136,2,3497,3374,1765628043235,1765628043235,0,3.30,0.0000,0.0,0.00
1765628043.250264,2,3498,3375,1765628043246,1765628043246,0,3.47,0.0000,0.0,0.00
1765628043.266841,2,3499,3376,1765628043266,1765628043266,0,3.28,0.0000,0.0,0.00
1765628043.288743,2,3500,3377,1765628043288,1765628043288,0,3.29,0.0000,0.0,0.00
1765628043.309511,2,3501,3378,1765628043309,1765628043309,0,3.28,0.0000,0.0,0.00
1765628043.332736,2,3502,3379,1765628043331,1765628043331,0,3.10,0.0000,0.0,0.00
1765628043.342755,2,3503,3380,1765628043342,1765628043342,0,3.29,0.0000,0.0,0.00
1765628043.366546,2,3504,3382,1765628043364,1765628043366,2,3.30,0.0000,0.0,0.00
1765628043.386735,2,3505,3383,1765628043385,1765628043385,0,3.31,0.0000,0.0,0.00
1765628043.399950,2,3506,3384,1765628043396,1765628043399,3,3.42,0.0000,0.0,0.00
1765628043.418588,2,3507,3385,1765628043418,1765628043418,0,3.36,0.0000,0.0,0.00
1765628043.431930,2,3508,3386,1765628043429,1765628043430,1,3.44,0.0000,0.0,0.00
1765628043.451387,2,3509,3387,1765628043450,1765628043450,0,3.42,0.0000,0.0,0.00
1765628043.472491,2,3510,3388,1765628043471,1765628043471,0,3.26,0.0000,0.0,0.00
1765628043.498590,2,3511,3389,1765628043493,1765628043498,5,3.23,0.0000,0.0,0.00
1765628043.515493,2,3512,3390,1765628043515,1765628043515,0,3.26,0.0000,0.0,0.00
1765628043.537339,2,3513,3391,1765628043536,1765628043536,0,3.25,0.0000,0.0,0.00
1765628043.557709,2,3514,3392,1765628043557,1765628043557,0,3.06,0.0000,0.0,0.00
1765628043.581551,2,3515,3393,1765628043578,1765628043581,3,3.10,0.0000,0.0,0.00
1765628043.599790,2,3516,3394,1765628043599,1765628043599,0,3.12,0.0000,0.0,0.00
1765628043.621120,2,3517,3395,1765628043621,1765628043621,0,3.13,0.0000,0.0,0.00
1765628043.646238,2,3518,3396,1765628043642,1765628043646,4,3.16,0.0000,0.0,0.00
1765628043.663971,2,3519,3397,1765628043663,1765628043663,0,3.22,0.0000,0.0,0.00
1765628043.685491,2,3520,3398,1765628043685,1765628043685,0,3.22,0.0000,0.0,0.00
1765628043.706703,2,3521,3399,1765628043706,1765628043706,0,3.22,0.0000,0.0,0.00
1765628043.718852,2,3522,3400,1765628043717,1765628043718,1,3.22,0.0000,0.0,0.00
1765628043.731288,2,3523,3401,1765628043729,1765628043730,1,3.38,0.0000,0.0,0.00
1765628043.751549,2,3524,3402,1765628043751,1765628043751,0,3.37,0.0000,0.0,0.00
1765628043.762204,2,3525,3403,1765628043762,1765628043762,0,3.53,0.0000,0.0,0.00
1765628043.784077,2,3526,3404,1765628043784,1765628043784,0,3.55,0.0000,0.0,0.00
1765628043.805961,2,3527,3405,1765628043805,1765628043805,0,3.51,0.0000,0.0,0.00
1765628043.829916,2,3528,3406,1765628043827,1765628043829,2,3.55,0.0000,0.0,0.00
1765628043.848485,2,3529,3407,1765628043848,1765628043848,0,3.53,0.0000,0.0,0.00
1765628043.869995,2,3530,3408,1765628043869,1765628043869,0,3.46,0.0000,0.0,0.00
1765628043.892528,2,3531,3409,1765628043891,1765628043891,0,3.45,0.0000,0.0,0.00
1765628043.912997,2,3532,3410,1765628043912,1765628043912,0,3.31,0.0000,0.0,0.00
1765628043.934417,2,3533,3411,1765628043934,1765628043934,0,3.32,0.0000,0.0,0.00
1765628043.956351,2,3534,3412,1765628043956,1765628043956,0,3.20,0.0000,0.0,0.00
1765628043.981796,2,3535,3413,1765628043978,1765628043980,2,3.05,0.0000,0.0,0.00
1765628043.999473,2,3536,3414,1765628043999,1765628043999,0,2.87,0.0000,0.0,0.00
1765628044.021254,2,3537,3415,1765628044021,1765628044021,0,2.85,0.0000,0.0,0.00
1765628044.041861,2,3538,3416,1765628044041,1765628044041,0,2.83,0.0000,0.0,0.00
1765628044.063252,2,3539,3417,1765628044063,1765628044063,0,2.84,0.0000,0.0,0.00
1765628044.075158,2,3540,3418,1765628044074,1765628044074,0,3.02,0.0000,0.0,0.00
1765628044.096485,2,3541,3420,1765628044096,1765628044096,0,3.03,0.0000,0.0,0.00
1765628044.117924,2,3542,3421,1765628044117,1765628044117,0,3.04,0.0000,0.0,0.00
1765628044.139367,2,3543,3422,1765628044139,1765628044139,0,3.04,0.0000,0.0,0.00
1765628044.163400,2,3544,3423,1765628044160,1765628044161,1,3.03,0.0000,0.0,0.00
1765628044.182639,2,3545,3424,1765628044182,1765628044182,0,3.04,0.0000,0.0,0.00
1765628044.204677,2,3546,3425,1765628044203,1765628044203,0,3.04,0.0000,0.0,0.00
1765628044.215815,2,3547,3426,1765628044214,1765628044214,0,3.17,0.0000,0.0,0.00
1765628044.237767,2,3548,3427,1765628044236,1765628044236,0,3.13,0.0000,0.0,0.00
1765628044.262438,2,3549,3428,1765628044258,1765628044261,3,3.17,0.0000,0.0,0.00
1765628044.279379,2,3550,3429,1765628044279,1765628044279,0,3.04,0.0000,0.0,0.00
1765628044.301384,2,3551,3430,1765628044300,1765628044301,1,3.05,0.0000,0.0,0.00
1765628044.322140,2,3552,3431,1765628044322,1765628044322,0,3.04,0.0000,0.0,0.00
1765628044.344213,2,3553,3432,1765628044343,1765628044344,1,3.02,0.0000,0.0,0.00
1765628044.365031,2,3554,3433,1765628044365,1765628044365,0,2.98,0.0000,0.0,0.00
1765628044.386813,2,3555,3434,1765628044386,1765628044386,0,2.97,0.0000,0.0,0.00
1765628044.397501,2,3556,3435,1765628044397,1765628044397,0,3.12,0.0000,0.0,0.00
1765628044.418761,2,3557,3436,1765628044418,1765628044418,0,3.10,0.0000,0.0,0.00
1765628044.452274,2,3558,3437,1765628044452,1765628044452,0,3.03,0.0000,0.0,0.00
1765628044.463345,2,3559,3438,1765628044463,1765628044463,0,3.24,0.0000,0.0,0.00
1765628044.484260,2,3560,3439,1765628044484,1765628044484,0,3.23,0.0000,0.0,0.00
1765628044.509485,2,3561,3440,1765628044505,1765628044509,4,3.27,0.0000,0.0,0.00
1765628044.526407,2,3562,3441,1765628044526,1765628044526,0,3.31,0.0000,0.0,0.00
1765628044.547799,2,3563,3442,1765628044547,1765628044547,0,3.12,0.0000,0.0,0.00
1765628044.569056,2,3564,3443,1765628044569,1765628044569,0,3.10,0.0000,0.0,0.00
1765628044.593271,2,3565,3444,1765628044591,1765628044593,2,3.12,0.0000,0.0,0.00
1765628044.601867,2,3566,3445,1765628044601,1765628044601,0,3.25,0.0000,0.0,0.00
1765628044.626629,2,3567,3446,1765628044623,1765628044626,3,3.28,0.0000,0.0,0.00
1765628044.645728,2,3568,3447,1765628044644,1765628044644,0,3.14,0.0000,0.0,0.00
1765628044.661960,2,3569,3448,1765628044656,1765628044661,5,3.21,0.0000,0.0,0.00
1765628044.678199,2,3570,3449,1765628044677,1765628044678,1,3.27,0.0000,0.0,0.00
1765628044.698934,2,3571,3450,1765628044698,1765628044698,0,3.20,0.0000,0.0,0.00
1765628044.720595,2,3572,3451,1765628044720,1765628044720,0,3.15,0.0000,0.0,0.00
1765628044.742329,2,3573,3452,1765628044741,1765628044742,1,3.16,0.0000,0.0,0.00
1765628044.763193,2,3574,3453,1765628044763,1765628044763,0,3.16,0.0000,0.0,0.00
1765628044.785430,2,3575,3454,1765628044784,1765628044784,0,3.13,0.0000,0.0,0.00
1765628044.807676,2,3576,3456,1765628044806,1765628044807,1,3.11,0.0000,0.0,0.00
1765628044.827438,2,3577,3457,1765628044827,1765628044827,0,3.10,0.0000,0.0,0.00
1765628044.841383,2,3578,3458,1765628044838,1765628044839,1,3.23,0.0000,0.0,0.00
1765628044.860225,2,3579,3459,1765628044860,1765628044860,0,3.17,0.0000,0.0,0.00
1765628044.881510,2,3580,3460,1765628044881,1765628044881,0,3.16,0.0000,0.0,0.00
1765628044.893260,2,3581,3462,1765628044893,1765628044893,0,3.34,0.0000,0.0,0.00
1765628044.905298,2,3582,3463,1765628044904,1765628044904,0,3.37,0.0000,0.0,0.00
1765628044.927872,2,3583,3464,1765628044926,1765628044927,1,3.21,0.0000,0.0,0.00
1765628044.938186,2,3584,3465,1765628044937,1765628044937,0,3.43,0.0000,0.0,0.00
1765628044.961677,2,3585,3466,1765628044959,1765628044961,2,3.26,0.0000,0.0,0.00
1765628044.970004,2,3586,3467,1765628044970,1765628044970,0,3.50,0.0000,0.0,0.00
1765628044.981233,2,3587,3468,1765628044981,1765628044981,0,3.69,0.0000,0.0,0.00
1765628045.002739,2,3588,3469,1765628045002,1765628045002,0,3.66,0.0000,0.0,0.00
1765628045.024747,2,3589,3470,1765628045023,1765628045024,1,3.67,0.0000,0.0,0.00
1765628045.044649,2,3590,3471,1765628045044,1765628045044,0,3.66,0.0000,0.0,0.00
1765628045.065443,2,3591,3472,1765628045065,1765628045065,0,3.65,0.0000,0.0,0.00
1765628045.087006,2,3592,3473,1765628045087,1765628045087,0,3.66,0.0000,0.0,0.00
1765628045.108338,2,3593,3474,1765628045107,1765628045108,1,3.65,0.0000,0.0,0.00
1765628045.128900,2,3594,3475,1765628045128,1765628045128,0,3.64,0.0000,0.0,0.00
1765628045.150120,2,3595,3476,1765628045150,1765628045150,0,3.62,0.0000,0.0,0.00
1765628045.171661,2,3596,3477,1765628045171,1765628045171,0,3.62,0.0000,0.0,0.00
1765628045.195407,2,3597,3478,1765628045192,1765628045195,3,3.64,0.0000,0.0,0.00
1765628045.214373,2,3598,3479,1765628045214,1765628045214,0,3.65,0.0000,0.0,0.00
1765628045.229101,2,3599,3480,1765628045224,1765628045227,3,3.77,0.0000,0.0,0.00
1765628045.246064,2,3600,3481,1765628045246,1765628045246,0,3.59,0.0000,0.0,0.00
1765628045.268310,2,3601,3482,1765628045267,1765628045267,0,3.58,0.0000,0.0,0.00
1765628045.288800,2,3602,3483,1765628045288,1765628045288,0,3.58,0.0000,0.0,0.00
1765628045.312561,2,3603,3484,1765628045310,1765628045311,1,3.59,0.0000,0.0,0.00
1765628045.331827,2,3604,3485,1765628045331,1765628045331,0,3.57,0.0000,0.0,0.00
1765628045.353297,2,3605,3486,1765628045353,1765628045353,0,3.58,0.0000,0.0,0.00
1765628045.377542,2,3606,3487,1765628045374,1765628045376,2,3.60,0.0000,0.0,0.00
1765628045.396315,2,3607,3488,1765628045396,1765628045396,0,3.40,0.0000,0.0,0.00
1765628045.417000,2,3608,3489,1765628045416,1765628045416,0,3.38,0.0000,0.0,0.00
1765628045.438940,2,3609,3490,1765628045437,1765628045437,0,3.34,0.0000,0.0,0.00
1765628045.449728,2,3610,3491,1765628045449,1765628045449,0,3.48,0.0000,0.0,0.00
1765628045.470794,2,3611,3492,1765628045470,1765628045470,0,3.47,0.0000,0.0,0.00
1765628045.492282,2,3612,3493,1765628045492,1765628045492,0,3.48,0.0000,0.0,0.00
1765628045.513764,2,3613,3494,1765628045513,1765628045513,0,3.47,0.0000,0.0,0.00
1765628045.534515,2,3614,3495,1765628045534,1765628045534,0,3.47,0.0000,0.0,0.00
1765628045.558393,2,3615,3496,1765628045555,1765628045558,3,3.50,0.0000,0.0,0.00
1765628045.577293,2,3616,3497,1765628045577,1765628045577,0,3.31,0.0000,0.0,0.00
1765628045.599045,2,3617,3498,1765628045599,1765628045599,0,3.32,0.0000,0.0,0.00
1765628045.619939,2,3618,3499,1765628045619,1765628045619,0,3.19,0.0000,0.0,0.00
1765628045.641379,2,3619,3500,1765628045640,1765628045640,0,3.00,0.0000,0.0,0.00
1765628045.662035,2,3620,3501,1765628045662,1765628045662,0,3.00,0.0000,0.0,0.00
1765628045.683593,2,3621,3502,1765628045683,1765628045683,0,2.97,0.0000,0.0,0.00
1765628045.694977,2,3622,3503,1765628045694,1765628045694,0,3.12,0.0000,0.0,0.00
1765628045.708441,2,3623,3504,1765628045706,1765628045708,2,3.23,0.0000,0.0,0.00
1765628045.717521,2,3624,3505,1765628045717,1765628045717,0,3.45,0.0000,0.0,0.00
1765628045.739875,2,3625,3506,1765628045738,1765628045739,1,3.43,0.0000,0.0,0.00
1765628045.760247,2,3626,3508,1765628045760,1765628045760,0,3.18,0.0000,0.0,0.00
1765628045.781481,2,3627,3509,1765628045781,1765628045781,0,3.14,0.0000,0.0,0.00
1765628045.802727,2,3628,3510,1765628045802,1765628045802,0,3.13,0.0000,0.0,0.00
1765628045.824238,2,3629,3511,1765628045824,1765628045824,0,3.09,0.0000,0.0,0.00
1765628045.846462,2,3630,3512,1765628045845,1765628045845,0,3.04,0.0000,0.0,0.00
1765628045.866622,2,3631,3513,1765628045866,1765628045866,0,3.05,0.0000,0.0,0.00
1765628045.889439,2,3632,3514,1765628045887,1765628045887,0,3.04,0.0000,0.0,0.00
1765628045.908798,2,3633,3515,1765628045908,1765628045908,0,3.04,0.0000,0.0,0.00
1765628045.930335,2,3634,3516,1765628045930,1765628045930,0,3.04,0.0000,0.0,0.00
1765628045.955617,2,3635,3517,1765628045951,1765628045954,3,3.07,0.0000,0.0,0.00
1765628045.973167,2,3636,3518,1765628045973,1765628045973,0,3.05,0.0000,0.0,0.00
1765628045.989067,2,3637,3519,1765628045984,1765628045987,3,3.18,0.0000,0.0,0.00
1765628046.006231,2,3638,3520,1765628046005,1765628046005,0,3.03,0.0000,0.0,0.00
1765628046.027169,2,3639,3521,1765628046027,1765628046027,0,3.04,0.0000,0.0,0.00
1765628046.051982,2,3640,3522,1765628046048,1765628046048,0,3.04,0.0000,0.0,0.00
1765628046.069258,2,3641,3523,1765628046069,1765628046069,0,2.87,0.0000,0.0,0.00
1765628046.081200,2,3642,3524,1765628046081,1765628046081,0,2.84,0.0000,0.0,0.00
1765628046.103806,2,3643,3525,1765628046102,1765628046103,1,2.83,0.0000,0.0,0.00
1765628046.124086,2,3644,3526,1765628046124,1765628046124,0,2.60,0.0000,0.0,0.00
1765628046.145413,2,3645,3527,1765628046145,1765628046145,0,2.58,0.0000,0.0,0.00
1765628046.171470,2,3646,3528,1765628046166,1765628046171,5,2.34,0.0000,0.0,0.00
1765628046.188792,2,3647,3529,1765628046188,1765628046188,0,2.21,0.0000,0.0,0.00
1765628046.209988,2,3648,3530,1765628046209,1765628046209,0,2.21,0.0000,0.0,0.00
1765628046.233886,2,3649,3531,1765628046231,1765628046233,2,2.23,0.0000,0.0,0.00
1765628046.252336,2,3650,3532,1765628046252,1765628046252,0,2.25,0.0000,0.0,0.00
1765628046.273652,2,3651,3533,1765628046273,1765628046273,0,2.25,0.0000,0.0,0.00
1765628046.294934,2,3652,3534,1765628046294,1765628046294,0,2.24,0.0000,0.0,0.00
1765628046.318864,2,3653,3535,1765628046316,1765628046318,2,2.27,0.0000,0.0,0.00
1765628046.327846,2,3654,3536,1765628046327,1765628046327,0,2.52,0.0000,0.0,0.00
1765628046.351069,2,3655,3537,1765628046348,1765628046351,3,2.54,0.0000,0.0,0.00
1765628046.371612,2,3656,3539,1765628046370,1765628046371,1,2.53,0.0000,0.0,0.00
1765628046.389466,2,3657,3540,1765628046382,1765628046388,6,2.57,0.0000,0.0,0.00
1765628046.394845,2,3658,3541,1765628046393,1765628046393,0,2.91,0.0000,0.0,0.00
1765628046.423437,2,3659,3542,1765628046415,1765628046422,7,2.82,0.0000,0.0,0.00
1765628046.439333,2,3660,3543,1765628046436,1765628046438,2,2.90,0.0000,0.0,0.00
1765628046.458150,2,3661,3544,1765628046458,1765628046458,0,2.89,0.0000,0.0,0.00
1765628046.480205,2,3662,3545,1765628046479,1765628046479,0,2.89,0.0000,0.0,0.00
1765628046.503979,2,3663,3546,1765628046500,1765628046502,2,2.89,0.0000,0.0,0.00
1765628046.522929,2,3664,3547,1765628046521,1765628046522,1,2.89,0.0000,0.0,0.00
1765628046.543340,2,3665,3548,1765628046543,1765628046543,0,2.88,0.0000,0.0,0.00
1765628046.564572,2,3666,3549,1765628046564,1765628046564,0,2.87,0.0000,0.0,0.00
1765628046.587243,2,3667,3550,1765628046585,1765628046587,2,2.89,0.0000,0.0,0.00
1765628046.607062,2,3668,3551,1765628046607,1765628046607,0,2.89,0.0000,0.0,0.00
1765628046.629147,2,3669,3552,1765628046628,1765628046629,1,2.90,0.0000,0.0,0.00
1765628046.656896,2,3670,3553,1765628046649,1765628046655,6,2.76,0.0000,0.0,0.00
1765628046.672164,2,3671,3554,1765628046671,1765628046671,0,2.84,0.0000,0.0,0.00
1765628046.693244,2,3672,3555,1765628046692,1765628046692,0,2.83,0.0000,0.0,0.00
1765628046.714171,2,3673,3556,1765628046713,1765628046713,0,2.83,0.0000,0.0,0.00
1765628046.737608,2,3674,3557,1765628046735,1765628046737,2,2.87,0.0000,0.0,0.00
1765628046.757129,2,3675,3558,1765628046756,1765628046757,1,2.82,0.0000,0.0,0.00
1765628046.778627,2,3676,3559,1765628046778,1765628046778,0,2.81,0.0000,0.0,0.00
1765628046.799402,2,3677,3560,1765628046799,1765628046799,0,2.80,0.0000,0.0,0.00
1765628046.822551,2,3678,3561,1765628046821,1765628046822,1,2.83,0.0000,0.0,0.00
1765628046.842578,2,3679,3562,1765628046842,1765628046842,0,2.82,0.0000,0.0,0.00
1765628046.864197,2,3680,3563,1765628046864,1765628046864,0,2.82,0.0000,0.0,0.00
1765628046.886850,2,3681,3564,1765628046885,1765628046885,0,2.82,0.0000,0.0,0.00
1765628046.896826,2,3682,3565,1765628046896,1765628046896,0,2.82,0.0000,0.0,0.00
1765628046.920944,2,3683,3566,1765628046918,1765628046920,2,2.73,0.0000,0.0,0.00
1765628046.939322,2,3684,3567,1765628046939,1765628046939,0,2.50,0.0000,0.0,0.00
1765628046.953592,2,3685,3568,1765628046950,1765628046952,2,2.64,0.0000,0.0,0.00
1765628046.971737,2,3686,3569,1765628046971,1765628046971,0,2.66,0.0000,0.0,0.00
1765628046.992881,2,3687,3570,1765628046992,1765628046992,0,2.66,0.0000,0.0,0.00
1765628047.017142,2,3688,3571,1765628047014,1765628047017,3,2.71,0.0000,0.0,0.00
1765628047.036132,2,3689,3572,1765628047035,1765628047036,1,2.71,0.0000,0.0,0.00
1765628047.052354,2,3690,3573,1765628047046,1765628047051,5,2.81,0.0000,0.0,0.00
1765628047.068709,2,3691,3574,1765628047068,1765628047068,0,2.86,0.0000,0.0,0.00
1765628047.089851,2,3692,3575,1765628047089,1765628047089,0,2.86,0.0000,0.0,0.00
1765628047.111301,2,3693,3576,1765628047111,1765628047111,0,2.87,0.0000,0.0,0.00
1765628047.135109,2,3694,3577,1765628047132,1765628047135,3,2.90,0.0000,0.0,0.00
1765628047.155379,2,3695,3578,1765628047154,1765628047154,0,2.87,0.0000,0.0,0.00
1765628047.175814,2,3696,3579,1765628047175,1765628047175,0,2.86,0.0000,0.0,0.00
1765628047.197157,2,3697,3580,1765628047197,1765628047197,0,2.76,0.0000,0.0,0.00
1765628047.220800,2,3698,3581,1765628047218,1765628047219,1,2.74,0.0000,0.0,0.00
1765628047.240413,2,3699,3582,1765628047239,1765628047239,0,2.72,0.0000,0.0,0.00
1765628047.261506,2,3700,3583,1765628047260,1765628047261,1,2.73,0.0000,0.0,0.00
1765628047.283271,2,3701,3584,1765628047283,1765628047283,0,2.75,0.0000,0.0,0.00
1765628047.293633,2,3702,3585,1765628047293,1765628047293,0,2.79,0.0000,0.0,0.00
1765628047.314869,2,3703,3586,1765628047314,1765628047314,0,2.77,0.0000,0.0,0.00
1765628047.337576,2,3704,3587,1765628047336,1765628047337,1,2.80,0.0000,0.0,0.00
1765628047.347520,2,3705,3588,1765628047347,1765628047347,0,2.99,0.0000,0.0,0.00
1765628047.371337,2,3706,3589,1765628047369,1765628047371,2,2.97,0.0000,0.0,0.00
1765628047.391679,2,3707,3590,1765628047390,1765628047391,1,2.91,0.0000,0.0,0.00
1765628047.412217,2,3708,3591,1765628047412,1765628047412,0,2.91,0.0000,0.0,0.00
1765628047.439826,2,3709,3592,1765628047433,1765628047438,5,2.93,0.0000,0.0,0.00
1765628047.446461,2,3710,3593,1765628047445,1765628047445,0,3.20,0.0000,0.0,0.00
1765628047.472161,2,3711,3594,1765628047466,1765628047472,6,3.26,0.0000,0.0,0.00
1765628047.489713,2,3712,3595,1765628047488,1765628047488,0,3.34,0.0000,0.0,0.00
1765628047.504113,2,3713,3596,1765628047499,1765628047504,5,3.39,0.0000,0.0,0.00
1765628047.522132,2,3714,3597,1765628047521,1765628047522,1,3.18,0.0000,0.0,0.00
1765628047.537691,2,3715,3598,1765628047532,1765628047536,4,3.27,0.0000,0.0,0.00
1765628047.555079,2,3716,3599,1765628047553,1765628047555,2,3.29,0.0000,0.0,0.00
1765628047.581699,2,3717,3600,1765628047575,1765628047580,5,3.28,0.0000,0.0,0.00
1765628047.597082,2,3718,3601,1765628047597,1765628047597,0,3.02,0.0000,0.0,0.00
1765628047.624043,2,3719,3602,1765628047619,1765628047622,3,2.97,0.0000,0.0,0.00
1765628047.640567,2,3720,3603,1765628047639,1765628047639,0,2.95,0.0000,0.0,0.00
