timestamp,client_id,snapshot_id,seq_num,server_timestamp_ms,recv_time_ms,latency_ms,jitter_ms,perceived_position_error,cpu_percent,bandwidth_per_client_kbps
1765627980.866236,3,240,1,1765627980658,1765627980866,208,0.00,0.0000,0.0,0.00
1765627980.866236,3,241,2,1765627980670,1765627980866,196,0.00,0.0000,0.0,0.00
1765627980.866236,3,242,3,1765627980692,1765627980866,174,0.00,0.0000,0.0,0.00
1765627980.867515,3,243,4,1765627980714,1765627980867,153,0.44,0.0000,0.0,0.00
1765627980.867515,3,244,5,1765627980734,1765627980867,133,0.38,0.0000,0.0,0.00
1765627980.867515,3,245,6,1765627980755,1765627980867,112,0.32,0.0000,0.0,0.00
1765627980.867515,3,246,7,1765627980777,1765627980867,90,0.28,0.0000,0.0,0.00
1765627980.867515,3,247,8,1765627980798,1765627980867,69,0.24,0.0000,0.0,0.00
1765627980.867515,3,248,9,1765627980819,1765627980867,48,0.22,0.0000,0.0,0.00
1765627980.867515,3,249,10,1765627980840,1765627980867,27,0.20,0.0000,0.0,0.00
1765627980.867515,3,250,11,1765627980862,1765627980867,5,0.18,0.0000,0.0,0.00
1765627980.936358,3,251,12,1765627980874,1765627980936,62,11.39,0.0000,0.0,0.00
1765627980.937440,3,252,13,1765627980895,1765627980936,41,10.53,0.0000,0.0,0.00
1765627980.937440,3,253,14,1765627980916,1765627980937,21,9.78,0.0000,0.0,0.00
1765627980.937440,3,254,15,1765627980928,1765627980937,9,9.13,0.0000,0.0,0.00
1765627980.955425,3,255,17,1765627980949,1765627980949,0,9.32,0.0000,0.0,0.00
1765627980.970936,3,256,18,1765627980970,1765627980970,0,10.31,0.0000,0.0,0.00
1765627980.992024,3,257,19,1765627980992,1765627980992,0,11.10,0.0000,0.0,0.00
1765627981.013522,3,258,20,1765627981013,1765627981013,0,11.57,0.0000,0.0,0.00
1765627981.035627,3,259,21,1765627981035,1765627981035,0,11.96,0.0000,0.0,0.00
1765627981.056342,3,260,22,1765627981056,1765627981056,0,12.15,0.0000,0.0,0.00
1765627981.077440,3,261,23,1765627981077,1765627981077,0,12.25,0.0000,0.0,0.00
1765627981.102496,3,262,24,1765627981098,1765627981102,4,12.50,0.0000,0.0,0.00
1765627981.110725,3,263,25,1765627981110,1765627981110,0,12.05,0.0000,0.0,0.00
1765627981.141373,3,264,27,1765627981131,1765627981136,5,12.29,0.0000,0.0,0.00
1765627981.153531,3,265,28,1765627981153,1765627981153,0,12.06,0.0000,0.0,0.00
1765627981.174811,3,266,29,1765627981174,1765627981174,0,11.99,0.0000,0.0,0.00
1765627981.186444,3,267,30,1765627981185,1765627981186,1,11.55,0.0000,0.0,0.00
1765627981.207024,3,268,31,1765627981207,1765627981207,0,11.49,0.0000,0.0,0.00
1765627981.228408,3,269,32,1765627981228,1765627981228,0,11.43,0.0000,0.0,0.00
1765627981.251034,3,270,33,1765627981249,1765627981251,2,11.42,0.0000,0.0,0.00
1765627981.270567,3,271,34,1765627981270,1765627981270,0,11.26,0.0000,0.0,0.00
1765627981.292148,3,272,35,1765627981292,1765627981292,0,11.19,0.0000,0.0,0.00
1765627981.317262,3,273,36,1765627981313,1765627981317,4,11.19,0.0000,0.0,0.00
1765627981.336396,3,274,37,1765627981335,1765627981335,0,10.98,0.0000,0.0,0.00
1765627981.356995,3,275,38,1765627981356,1765627981356,0,10.86,0.0000,0.0,0.00
1765627981.379047,3,276,39,1765627981379,1765627981379,0,10.78,0.0000,0.0,0.00
1765627981.399783,3,277,40,1765627981399,1765627981399,0,10.62,0.0000,0.0,0.00
1765627981.421335,3,278,41,1765627981421,1765627981421,0,10.51,0.0000,0.0,0.00
1765627981.442512,3,279,42,1765627981442,1765627981442,0,10.37,0.0000,0.0,0.00
1765627981.453647,3,280,43,1765627981453,1765627981453,0,10.22,0.0000,0.0,0.00
1765627981.475909,3,281,44,1765627981475,1765627981475,0,10.12,0.0000,0.0,0.00
1765627981.486431,3,282,45,1765627981486,1765627981486,0,9.99,0.0000,0.0,0.00
1765627981.507290,3,283,46,1765627981507,1765627981507,0,9.88,0.0000,0.0,0.00
1765627981.518910,3,284,47,1765627981518,1765627981518,0,9.75,0.0000,0.0,0.00
1765627981.540160,3,285,48,1765627981540,1765627981540,0,9.67,0.0000,0.0,0.00
1765627981.551035,3,286,49,1765627981551,1765627981551,0,9.56,0.0000,0.0,0.00
1765627981.565365,3,287,50,1765627981562,1765627981565,3,9.38,0.0000,0.0,0.00
1765627981.583428,3,288,51,1765627981583,1765627981583,0,9.24,0.0000,0.0,0.00
1765627981.604183,3,289,52,1765627981604,1765627981604,0,9.15,0.0000,0.0,0.00
1765627981.625730,3,290,53,1765627981625,1765627981625,0,9.07,0.0000,0.0,0.00
1765627981.647527,3,291,54,1765627981647,1765627981647,0,9.00,0.0000,0.0,0.00
1765627981.669033,3,292,55,1765627981668,1765627981668,0,8.92,0.0000,0.0,0.00
1765627981.690131,3,293,56,1765627981689,1765627981689,0,8.83,0.0000,0.0,0.00
1765627981.714033,3,294,58,1765627981712,1765627981714,2,8.81,0.0000,0.0,0.00
1765627981.722816,3,295,59,1765627981722,1765627981722,0,8.81,0.0000,0.0,0.00
1765627981.734017,3,296,60,1765627981734,1765627981734,0,8.73,0.0000,0.0,0.00
1765627981.755463,3,297,61,1765627981755,1765627981755,0,8.66,0.0000,0.0,0.00
1765627981.778045,3,298,62,1765627981776,1765627981778,2,8.61,0.0000,0.0,0.00
1765627981.788577,3,299,63,1765627981788,1765627981788,0,8.58,0.0000,0.0,0.00
1765627981.809699,3,300,64,1765627981809,1765627981809,0,8.51,0.0000,0.0,0.00
1765627981.832246,3,301,65,1765627981831,1765627981832,1,8.28,0.0000,0.0,0.00
1765627981.852398,3,302,66,1765627981852,1765627981852,0,7.98,0.0000,0.0,0.00
1765627981.873719,3,303,67,1765627981873,1765627981873,0,7.70,0.0000,0.0,0.00
1765627981.894927,3,304,68,1765627981894,1765627981894,0,7.38,0.0000,0.0,0.00
1765627981.916280,3,305,69,1765627981916,1765627981916,0,7.06,0.0000,0.0,0.00
1765627981.937478,3,306,70,1765627981937,1765627981937,0,6.69,0.0000,0.0,0.00
1765627981.959782,3,307,71,1765627981958,1765627981958,0,6.32,0.0000,0.0,0.00
1765627981.969957,3,308,72,1765627981969,1765627981969,0,6.08,0.0000,0.0,0.00
1765627981.992043,3,309,73,1765627981991,1765627981992,1,5.71,0.0000,0.0,0.00
1765627982.018538,3,310,74,1765627982013,1765627982018,5,5.35,0.0000,0.0,0.00
1765627982.035162,3,311,75,1765627982035,1765627982035,0,4.87,0.0000,0.0,0.00
1765627982.056312,3,312,76,1765627982056,1765627982056,0,4.47,0.0000,0.0,0.00
1765627982.077582,3,313,77,1765627982077,1765627982077,0,4.07,0.0000,0.0,0.00
1765627982.099837,3,314,78,1765627982098,1765627982098,0,3.63,0.0000,0.0,0.00
1765627982.119990,3,315,79,1765627982119,1765627982119,0,3.47,0.0000,0.0,0.00
1765627982.132993,3,316,80,1765627982131,1765627982132,1,3.61,0.0000,0.0,0.00
1765627982.143105,3,317,81,1765627982143,1765627982143,0,3.78,0.0000,0.0,0.00
1765627982.166423,3,318,82,1765627982163,1765627982166,3,3.80,0.0000,0.0,0.00
1765627982.186098,3,319,84,1765627982185,1765627982185,0,3.77,0.0000,0.0,0.00
1765627982.206867,3,320,85,1765627982206,1765627982206,0,3.77,0.0000,0.0,0.00
1765627982.231096,3,321,86,1765627982227,1765627982231,4,3.81,0.0000,0.0,0.00
1765627982.249809,3,322,87,1765627982249,1765627982249,0,3.78,0.0000,0.0,0.00
1765627982.260422,3,323,88,1765627982260,1765627982260,0,3.71,0.0000,0.0,0.00
1765627982.281657,3,324,89,1765627982281,1765627982281,0,3.66,0.0000,0.0,0.00
1765627982.292935,3,325,90,1765627982292,1765627982292,0,3.79,0.0000,0.0,0.00
1765627982.315219,3,326,91,1765627982314,1765627982315,1,3.81,0.0000,0.0,0.00
1765627982.335444,3,327,92,1765627982335,1765627982335,0,3.66,0.0000,0.0,0.00
1765627982.356668,3,328,93,1765627982356,1765627982356,0,3.66,0.0000,0.0,0.00
1765627982.382067,3,329,94,1765627982378,1765627982381,3,3.70,0.0000,0.0,0.00
1765627982.400325,3,330,95,1765627982400,1765627982400,0,3.67,0.0000,0.0,0.00
1765627982.421388,3,331,96,1765627982421,1765627982421,0,3.68,0.0000,0.0,0.00
1765627982.442656,3,332,97,1765627982442,1765627982442,0,3.67,0.0000,0.0,0.00
1765627982.464660,3,333,98,1765627982463,1765627982464,1,3.64,0.0000,0.0,0.00
1765627982.484904,3,334,99,1765627982484,1765627982484,0,3.62,0.0000,0.0,0.00
1765627982.506050,3,335,100,1765627982506,1765627982506,0,3.63,0.0000,0.0,0.00
1765627982.530904,3,336,101,1765627982527,1765627982530,3,3.64,0.0000,0.0,0.00
1765627982.549713,3,337,102,1765627982548,1765627982548,0,3.66,0.0000,0.0,0.00
1765627982.563855,3,338,103,1765627982559,1765627982562,3,3.74,0.0000,0.0,0.00
1765627982.571227,3,339,104,1765627982571,1765627982571,0,3.95,0.0000,0.0,0.00
1765627982.582359,3,340,105,1765627982582,1765627982582,0,3.95,0.0000,0.0,0.00
1765627982.597091,3,341,106,1765627982593,1765627982597,4,4.00,0.0000,0.0,0.00
1765627982.614960,3,342,107,1765627982614,1765627982614,0,3.87,0.0000,0.0,0.00
1765627982.636659,3,343,108,1765627982636,1765627982636,0,3.88,0.0000,0.0,0.00
1765627982.648289,3,344,109,1765627982648,1765627982648,0,3.86,0.0000,0.0,0.00
1765627982.659136,3,345,110,1765627982659,1765627982659,0,3.99,0.0000,0.0,0.00
1765627982.692441,3,346,111,1765627982692,1765627982692,0,3.98,0.0000,0.0,0.00
1765627982.714042,3,347,112,1765627982714,1765627982714,0,3.91,0.0000,0.0,0.00
1765627982.733548,3,348,113,1765627982729,1765627982732,3,3.91,0.0000,0.0,0.00
1765627982.790006,3,349,114,1765627982777,1765627982790,13,4.34,0.0000,0.0,0.00
1765627982.807466,3,350,115,1765627982791,1765627982807,16,4.38,0.0000,0.0,0.00
1765627982.807466,3,351,116,1765627982803,1765627982807,4,4.76,0.0000,0.0,0.00
1765627982.821130,3,352,117,1765627982816,1765627982821,5,4.84,0.0000,0.0,0.00
1765627982.841570,3,353,118,1765627982828,1765627982841,13,4.83,0.0000,0.0,0.00
1765627982.852988,3,354,119,1765627982845,1765627982852,7,4.91,0.0000,0.0,0.00
1765627982.857618,3,355,120,1765627982857,1765627982857,0,4.97,0.0000,0.0,0.00
1765627982.878669,3,356,121,1765627982878,1765627982878,0,4.85,0.0000,0.0,0.00
1765627982.909170,3,357,122,1765627982900,1765627982905,5,4.93,0.0000,0.0,0.00
1765627982.933518,3,358,123,1765627982924,1765627982933,9,5.00,0.0000,0.0,0.00
1765627982.961844,3,359,124,1765627982956,1765627982961,5,4.92,0.0000,0.0,0.00
1765627982.966915,3,360,126,1765627982966,1765627982966,0,5.19,0.0000,0.0,0.00
1765627982.978607,3,361,127,1765627982978,1765627982978,0,5.28,0.0000,0.0,0.00
1765627982.999502,3,362,128,1765627982999,1765627982999,0,5.30,0.0000,0.0,0.00
1765627983.043389,3,363,129,1765627983032,1765627983041,9,5.59,0.0000,0.0,0.00
1765627983.043960,3,364,130,1765627983043,1765627983043,0,5.90,0.0000,0.0,0.00
1765627983.070163,3,365,131,1765627983065,1765627983069,4,5.95,0.0000,0.0,0.00
1765627983.086436,3,366,132,1765627983086,1765627983086,0,5.97,0.0000,0.0,0.00
1765627983.107816,3,367,133,1765627983107,1765627983107,0,5.97,0.0000,0.0,0.00
1765627983.129421,3,368,134,1765627983129,1765627983129,0,5.86,0.0000,0.0,0.00
1765627983.155397,3,369,135,1765627983150,1765627983154,4,5.88,0.0000,0.0,0.00
1765627983.161569,3,370,136,1765627983161,1765627983161,0,6.01,0.0000,0.0,0.00
1765627983.173960,3,371,137,1765627983172,1765627983172,0,6.12,0.0000,0.0,0.00
1765627983.185242,3,372,138,1765627983184,1765627983185,1,6.21,0.0000,0.0,0.00
1765627983.205481,3,373,139,1765627983205,1765627983205,0,6.19,0.0000,0.0,0.00
1765627983.226355,3,374,140,1765627983226,1765627983226,0,6.19,0.0000,0.0,0.00
1765627983.237504,3,375,141,1765627983237,1765627983237,0,6.30,0.0000,0.0,0.00
1765627983.258564,3,376,142,1765627983258,1765627983258,0,6.23,0.0000,0.0,0.00
1765627983.280100,3,377,143,1765627983280,1765627983280,0,6.12,0.0000,0.0,0.00
1765627983.302776,3,378,144,1765627983301,1765627983301,0,6.10,0.0000,0.0,0.00
1765627983.323515,3,379,145,1765627983322,1765627983322,0,6.12,0.0000,0.0,0.00
1765627983.344267,3,380,146,1765627983344,1765627983344,0,6.14,0.0000,0.0,0.00
1765627983.369050,3,381,147,1765627983366,1765627983369,3,6.14,0.0000,0.0,0.00
1765627983.387777,3,382,148,1765627983387,1765627983387,0,6.14,0.0000,0.0,0.00
1765627983.409657,3,383,149,1765627983409,1765627983409,0,6.03,0.0000,0.0,0.00
1765627983.421386,3,384,150,1765627983421,1765627983421,0,6.13,0.0000,0.0,0.00
1765627983.442745,3,385,151,1765627983442,1765627983442,0,6.01,0.0000,0.0,0.00
1765627983.467965,3,386,153,1765627983463,1765627983467,4,6.03,0.0000,0.0,0.00
1765627983.475346,3,387,154,1765627983475,1765627983475,0,6.23,0.0000,0.0,0.00
1765627983.497251,3,388,155,1765627983497,1765627983497,0,6.25,0.0000,0.0,0.00
1765627983.519355,3,389,156,1765627983517,1765627983519,2,6.21,0.0000,0.0,0.00
1765627983.539242,3,390,157,1765627983539,1765627983539,0,6.22,0.0000,0.0,0.00
1765627983.560315,3,391,158,1765627983560,1765627983560,0,6.22,0.0000,0.0,0.00
1765627983.572629,3,392,160,1765627983571,1765627983571,0,6.34,0.0000,0.0,0.00
1765627983.588976,3,393,161,1765627983582,1765627983588,6,6.33,0.0000,0.0,0.00
1765627983.604505,3,394,162,1765627983604,1765627983604,0,6.36,0.0000,0.0,0.00
1765627983.625645,3,395,163,1765627983625,1765627983625,0,6.34,0.0000,0.0,0.00
1765627983.646964,3,396,164,1765627983646,1765627983646,0,6.29,0.0000,0.0,0.00
1765627983.668199,3,397,165,1765627983668,1765627983668,0,6.33,0.0000,0.0,0.00
1765627983.689131,3,398,166,1765627983689,1765627983689,0,6.28,0.0000,0.0,0.00
1765627983.710736,3,399,167,1765627983710,1765627983710,0,6.12,0.0000,0.0,0.00
1765627983.721975,3,400,168,1765627983721,1765627983721,0,6.12,0.0000,0.0,0.00
1765627983.744814,3,401,169,1765627983743,1765627983743,0,6.08,0.0000,0.0,0.00
1765627983.767503,3,402,170,1765627983765,1765627983767,2,6.10,0.0000,0.0,0.00
1765627983.786809,3,403,171,1765627983786,1765627983786,0,6.07,0.0000,0.0,0.00
1765627983.808394,3,404,172,1765627983808,1765627983808,0,5.96,0.0000,0.0,0.00
1765627983.829789,3,405,173,1765627983829,1765627983829,0,5.80,0.0000,0.0,0.00
1765627983.852807,3,406,174,1765627983851,1765627983851,0,5.67,0.0000,0.0,0.00
1765627983.872685,3,407,175,1765627983872,1765627983872,0,5.65,0.0000,0.0,0.00
1765627983.894219,3,408,176,1765627983894,1765627983894,0,5.66,0.0000,0.0,0.00
1765627983.917773,3,409,177,1765627983915,1765627983917,2,5.26,0.0000,0.0,0.00
1765627983.936976,3,410,178,1765627983936,1765627983936,0,5.22,0.0000,0.0,0.00
1765627983.958844,3,411,179,1765627983958,1765627983958,0,4.82,0.0000,0.0,0.00
1765627983.979535,3,412,180,1765627983979,1765627983979,0,4.72,0.0000,0.0,0.00
1765627984.002382,3,413,181,1765627984001,1765627984001,0,4.74,0.0000,0.0,0.00
1765627984.022364,3,414,182,1765627984022,1765627984022,0,4.57,0.0000,0.0,0.00
1765627984.043738,3,415,183,1765627984043,1765627984043,0,4.23,0.0000,0.0,0.00
1765627984.068865,3,416,184,1765627984065,1765627984068,3,4.27,0.0000,0.0,0.00
1765627984.086640,3,417,185,1765627984086,1765627984086,0,4.24,0.0000,0.0,0.00
1765627984.106832,3,418,186,1765627984106,1765627984106,0,4.16,0.0000,0.0,0.00
1765627984.128084,3,419,187,1765627984128,1765627984128,0,4.10,0.0000,0.0,0.00
1765627984.149301,3,420,188,1765627984149,1765627984149,0,3.77,0.0000,0.0,0.00
1765627984.170518,3,421,189,1765627984170,1765627984170,0,3.60,0.0000,0.0,0.00
1765627984.181803,3,422,190,1765627984181,1765627984181,0,3.80,0.0000,0.0,0.00
1765627984.203090,3,423,191,1765627984203,1765627984203,0,3.61,0.0000,0.0,0.00
1765627984.224701,3,424,192,1765627984224,1765627984224,0,3.20,0.0000,0.0,0.00
1765627984.248119,3,425,193,1765627984246,1765627984247,1,3.17,0.0000,0.0,0.00
1765627984.257300,3,426,194,1765627984257,1765627984257,0,3.34,0.0000,0.0,0.00
1765627984.282769,3,427,195,1765627984278,1765627984282,4,3.38,0.0000,0.0,0.00
1765627984.300493,3,428,196,1765627984300,1765627984300,0,3.39,0.0000,0.0,0.00
1765627984.312955,3,429,197,1765627984310,1765627984312,2,3.51,0.0000,0.0,0.00
1765627984.331893,3,430,198,1765627984331,1765627984331,0,3.23,0.0000,0.0,0.00
1765627984.353147,3,431,199,1765627984353,1765627984353,0,3.05,0.0000,0.0,0.00
1765627984.378245,3,432,200,1765627984375,1765627984377,2,2.93,0.0000,0.0,0.00
1765627984.385807,3,433,201,1765627984385,1765627984385,0,3.21,0.0000,0.0,0.00
1765627984.407173,3,434,202,1765627984407,1765627984407,0,3.22,0.0000,0.0,0.00
1765627984.430194,3,435,203,1765627984429,1765627984429,0,3.03,0.0000,0.0,0.00
1765627984.440221,3,436,204,1765627984440,1765627984440,0,3.23,0.0000,0.0,0.00
1765627984.451885,3,437,205,1765627984451,1765627984451,0,3.41,0.0000,0.0,0.00
1765627984.472787,3,438,206,1765627984472,1765627984472,0,3.41,0.0000,0.0,0.00
1765627984.496797,3,439,207,1765627984493,1765627984495,2,3.43,0.0000,0.0,0.00
1765627984.514968,3,440,208,1765627984514,1765627984514,0,3.42,0.0000,0.0,0.00
1765627984.531595,3,441,209,1765627984526,1765627984530,4,3.43,0.0000,0.0,0.00
1765627984.537701,3,442,210,1765627984537,1765627984537,0,3.68,0.0000,0.0,0.00
1765627984.548512,3,443,211,1765627984548,1765627984548,0,3.82,0.0000,0.0,0.00
1765627984.571095,3,444,212,1765627984570,1765627984570,0,3.70,0.0000,0.0,0.00
1765627984.591555,3,445,213,1765627984591,1765627984591,0,3.70,0.0000,0.0,0.00
1765627984.613364,3,446,214,1765627984613,1765627984613,0,3.67,0.0000,0.0,0.00
1765627984.634866,3,447,215,1765627984634,1765627984634,0,3.43,0.0000,0.0,0.00
1765627984.655700,3,448,216,1765627984655,1765627984655,0,3.42,0.0000,0.0,0.00
1765627984.680188,3,449,217,1765627984677,1765627984680,3,3.45,0.0000,0.0,0.00
1765627984.698862,3,450,218,1765627984698,1765627984698,0,3.48,0.0000,0.0,0.00
1765627984.721718,3,451,221,1765627984721,1765627984721,0,3.50,0.0000,0.0,0.00
1765627984.732983,3,452,222,1765627984732,1765627984732,0,3.50,0.0000,0.0,0.00
1765627984.746196,3,453,223,1765627984744,1765627984746,2,3.57,0.0000,0.0,0.00
1765627984.765507,3,454,224,1765627984765,1765627984765,0,3.50,0.0000,0.0,0.00
1765627984.788267,3,455,225,1765627984787,1765627984787,0,3.51,0.0000,0.0,0.00
1765627984.799520,3,456,226,1765627984798,1765627984798,0,3.67,0.0000,0.0,0.00
1765627984.821453,3,457,227,1765627984820,1765627984820,0,3.67,0.0000,0.0,0.00
1765627984.844893,3,458,228,1765627984841,1765627984844,3,3.71,0.0000,0.0,0.00
1765627984.863370,3,459,229,1765627984863,1765627984863,0,3.69,0.0000,0.0,0.00
1765627984.878744,3,460,230,1765627984875,1765627984878,3,3.61,0.0000,0.0,0.00
1765627984.886514,3,461,231,1765627984885,1765627984886,1,3.80,0.0000,0.0,0.00
1765627984.910820,3,462,232,1765627984907,1765627984910,3,3.80,0.0000,0.0,0.00
1765627984.918697,3,463,233,1765627984918,1765627984918,0,4.05,0.0000,0.0,0.00
1765627984.944084,3,464,234,1765627984940,1765627984944,4,4.09,0.0000,0.0,0.00
1765627984.961501,3,465,235,1765627984961,1765627984961,0,4.12,0.0000,0.0,0.00
1765627984.983271,3,466,237,1765627984983,1765627984983,0,4.12,0.0000,0.0,0.00
1765627985.004387,3,467,238,1765627985004,1765627985004,0,4.12,0.0000,0.0,0.00
1765627985.028612,3,468,240,1765627985025,1765627985027,2,4.13,0.0000,0.0,0.00
1765627985.047894,3,469,241,1765627985047,1765627985047,0,4.09,0.0000,0.0,0.00
1765627985.062660,3,470,242,1765627985058,1765627985062,4,4.18,0.0000,0.0,0.00
1765627985.079764,3,471,243,1765627985079,1765627985079,0,4.18,0.0000,0.0,0.00
1765627985.093584,3,472,244,1765627985090,1765627985093,3,4.25,0.0000,0.0,0.00
1765627985.112369,3,473,245,1765627985112,1765627985112,0,4.21,0.0000,0.0,0.00
1765627985.127835,3,474,246,1765627985124,1765627985126,2,4.27,0.0000,0.0,0.00
1765627985.144973,3,475,247,1765627985144,1765627985144,0,4.25,0.0000,0.0,0.00
1765627985.166150,3,476,248,1765627985166,1765627985166,0,4.21,0.0000,0.0,0.00
1765627985.187793,3,477,249,1765627985187,1765627985187,0,4.23,0.0000,0.0,0.00
1765627985.209687,3,478,250,1765627985209,1765627985209,0,4.26,0.0000,0.0,0.00
1765627985.230503,3,479,251,1765627985230,1765627985230,0,4.25,0.0000,0.0,0.00
1765627985.251529,3,480,252,1765627985251,1765627985251,0,4.25,0.0000,0.0,0.00
1765627985.262757,3,481,253,1765627985262,1765627985262,0,4.36,0.0000,0.0,0.00
1765627985.284398,3,482,254,1765627985284,1765627985284,0,4.26,0.0000,0.0,0.00
1765627985.305201,3,483,255,1765627985305,1765627985305,0,4.25,0.0000,0.0,0.00
1765627985.329856,3,484,256,1765627985328,1765627985329,1,4.29,0.0000,0.0,0.00
1765627985.339612,3,485,257,1765627985339,1765627985339,0,4.39,0.0000,0.0,0.00
1765627985.362743,3,486,258,1765627985361,1765627985362,1,4.29,0.0000,0.0,0.00
1765627985.382163,3,487,259,1765627985382,1765627985382,0,4.22,0.0000,0.0,0.00
1765627985.403884,3,488,260,1765627985403,1765627985403,0,4.25,0.0000,0.0,0.00
1765627985.429019,3,489,261,1765627985425,1765627985429,4,4.20,0.0000,0.0,0.00
1765627985.436575,3,490,262,1765627985436,1765627985436,0,4.44,0.0000,0.0,0.00
1765627985.461362,3,491,263,1765627985457,1765627985461,4,4.48,0.0000,0.0,0.00
1765627985.479242,3,492,264,1765627985479,1765627985479,0,4.41,0.0000,0.0,0.00
1765627985.500431,3,493,265,1765627985500,1765627985500,0,4.23,0.0000,0.0,0.00
1765627985.522021,3,494,266,1765627985522,1765627985522,0,4.23,0.0000,0.0,0.00
1765627985.545789,3,495,267,1765627985544,1765627985544,0,4.23,0.0000,0.0,0.00
1765627985.560061,3,496,268,1765627985556,1765627985559,3,4.14,0.0000,0.0,0.00
1765627985.568608,3,497,269,1765627985567,1765627985567,0,4.21,0.0000,0.0,0.00
1765627985.589025,3,498,270,1765627985589,1765627985589,0,4.22,0.0000,0.0,0.00
1765627985.610420,3,499,271,1765627985609,1765627985610,1,4.19,0.0000,0.0,0.00
1765627985.631275,3,500,272,1765627985631,1765627985631,0,4.22,0.0000,0.0,0.00
1765627985.652147,3,501,273,1765627985652,1765627985652,0,4.19,0.0000,0.0,0.00
1765627985.675106,3,502,274,1765627985673,1765627985675,2,3.98,0.0000,0.0,0.00
1765627985.694589,3,503,275,1765627985694,1765627985694,0,3.81,0.0000,0.0,0.00
1765627985.715924,3,504,276,1765627985715,1765627985715,0,3.80,0.0000,0.0,0.00
1765627985.737667,3,505,277,1765627985737,1765627985737,0,3.81,0.0000,0.0,0.00
1765627985.749279,3,506,278,1765627985749,1765627985749,0,3.92,0.0000,0.0,0.00
1765627985.761433,3,507,279,1765627985760,1765627985761,1,4.05,0.0000,0.0,0.00
1765627985.782531,3,508,280,1765627985781,1765627985781,0,4.04,0.0000,0.0,0.00
1765627985.804267,3,509,281,1765627985803,1765627985803,0,4.00,0.0000,0.0,0.00
1765627985.814943,3,510,282,1765627985814,1765627985814,0,4.15,0.0000,0.0,0.00
1765627985.826245,3,511,283,1765627985825,1765627985825,0,4.26,0.0000,0.0,0.00
1765627985.847060,3,512,284,1765627985847,1765627985847,0,4.14,0.0000,0.0,0.00
1765627985.868636,3,513,285,1765627985868,1765627985868,0,4.07,0.0000,0.0,0.00
1765627985.890723,3,514,286,1765627985889,1765627985890,1,4.10,0.0000,0.0,0.00
1765627985.911569,3,515,287,1765627985911,1765627985911,0,4.09,0.0000,0.0,0.00
1765627985.933001,3,516,288,1765627985933,1765627985933,0,3.95,0.0000,0.0,0.00
1765627985.953739,3,517,289,1765627985953,1765627985953,0,3.93,0.0000,0.0,0.00
1765627985.976609,3,518,290,1765627985975,1765627985976,1,3.92,0.0000,0.0,0.00
1765627985.996695,3,519,291,1765627985996,1765627985996,0,3.93,0.0000,0.0,0.00
1765627986.017854,3,520,292,1765627986017,1765627986017,0,3.86,0.0000,0.0,0.00
1765627986.039507,3,521,293,1765627986039,1765627986039,0,3.64,0.0000,0.0,0.00
1765627986.061446,3,522,294,1765627986061,1765627986061,0,3.62,0.0000,0.0,0.00
1765627986.082994,3,523,296,1765627986082,1765627986082,0,3.37,0.0000,0.0,0.00
1765627986.104650,3,524,297,1765627986104,1765627986104,0,3.33,0.0000,0.0,0.00
1765627986.129728,3,525,298,1765627986125,1765627986128,3,3.32,0.0000,0.0,0.00
1765627986.147952,3,526,299,1765627986147,1765627986147,0,3.31,0.0000,0.0,0.00
1765627986.168676,3,527,300,1765627986168,1765627986168,0,3.31,0.0000,0.0,0.00
1765627986.193724,3,528,301,1765627986190,1765627986193,3,3.33,0.0000,0.0,0.00
1765627986.211714,3,529,302,1765627986211,1765627986211,0,3.35,0.0000,0.0,0.00
1765627986.232945,3,530,303,1765627986232,1765627986232,0,3.27,0.0000,0.0,0.00
1765627986.257038,3,531,304,1765627986253,1765627986257,4,3.26,0.0000,0.0,0.00
1765627986.275225,3,532,305,1765627986275,1765627986275,0,3.16,0.0000,0.0,0.00
1765627986.286519,3,533,306,1765627986286,1765627986286,0,3.35,0.0000,0.0,0.00
1765627986.297702,3,534,307,1765627986297,1765627986297,0,3.43,0.0000,0.0,0.00
1765627986.308956,3,535,308,1765627986308,1765627986308,0,3.59,0.0000,0.0,0.00
1765627986.330448,3,536,309,1765627986330,1765627986330,0,3.59,0.0000,0.0,0.00
1765627986.352006,3,537,310,1765627986352,1765627986352,0,3.60,0.0000,0.0,0.00
1765627986.363952,3,538,311,1765627986363,1765627986363,0,3.77,0.0000,0.0,0.00
1765627986.384849,3,539,312,1765627986384,1765627986384,0,3.77,0.0000,0.0,0.00
1765627986.409933,3,540,313,1765627986405,1765627986408,3,3.80,0.0000,0.0,0.00
1765627986.427131,3,541,314,1765627986427,1765627986427,0,3.62,0.0000,0.0,0.00
1765627986.448363,3,542,315,1765627986448,1765627986448,0,3.61,0.0000,0.0,0.00
1765627986.469415,3,543,316,1765627986469,1765627986469,0,3.61,0.0000,0.0,0.00
1765627986.481140,3,544,317,1765627986481,1765627986481,0,3.73,0.0000,0.0,0.00
1765627986.501730,3,545,318,1765627986501,1765627986501,0,3.52,0.0000,0.0,0.00
1765627986.523104,3,546,319,1765627986523,1765627986523,0,3.51,0.0000,0.0,0.00
1765627986.544146,3,547,320,1765627986544,1765627986544,0,3.52,0.0000,0.0,0.00
1765627986.565448,3,548,321,1765627986565,1765627986565,0,3.52,0.0000,0.0,0.00
1765627986.592732,3,549,322,1765627986588,1765627986592,4,3.53,0.0000,0.0,0.00
1765627986.599839,3,550,323,1765627986599,1765627986599,0,3.53,0.0000,0.0,0.00
1765627986.612188,3,551,324,1765627986611,1765627986612,1,3.62,0.0000,0.0,0.00
1765627986.626265,3,552,325,1765627986622,1765627986626,4,3.71,0.0000,0.0,0.00
1765627986.633642,3,553,326,1765627986633,1765627986633,0,3.97,0.0000,0.0,0.00
1765627986.656564,3,554,327,1765627986654,1765627986656,2,3.98,0.0000,0.0,0.00
1765627986.666135,3,555,328,1765627986666,1765627986666,0,4.15,0.0000,0.0,0.00
1765627986.691427,3,556,329,1765627986687,1765627986691,4,4.12,0.0000,0.0,0.00
1765627986.708842,3,557,330,1765627986708,1765627986708,0,3.91,0.0000,0.0,0.00
1765627986.730308,3,558,331,1765627986730,1765627986730,0,3.91,0.0000,0.0,0.00
1765627986.751868,3,559,332,1765627986751,1765627986751,0,3.91,0.0000,0.0,0.00
1765627986.773394,3,560,333,1765627986772,1765627986773,1,3.92,0.0000,0.0,0.00
1765627986.784021,3,561,334,1765627986784,1765627986784,0,4.09,0.0000,0.0,0.00
1765627986.806593,3,562,335,1765627986805,1765627986806,1,4.08,0.0000,0.0,0.00
1765627986.827970,3,563,336,1765627986827,1765627986827,0,4.10,0.0000,0.0,0.00
1765627986.841804,3,564,337,1765627986838,1765627986841,3,4.19,0.0000,0.0,0.00
1765627986.860013,3,565,338,1765627986860,1765627986860,0,4.15,0.0000,0.0,0.00
1765627986.881521,3,566,339,1765627986881,1765627986881,0,4.02,0.0000,0.0,0.00
1765627986.906141,3,567,340,1765627986902,1765627986906,4,3.92,0.0000,0.0,0.00
1765627986.926195,3,568,341,1765627986924,1765627986926,2,3.92,0.0000,0.0,0.00
1765627986.938829,3,569,342,1765627986935,1765627986938,3,4.05,0.0000,0.0,0.00
1765627986.946477,3,570,343,1765627986946,1765627986946,0,4.12,0.0000,0.0,0.00
1765627986.971773,3,571,344,1765627986968,1765627986971,3,4.00,0.0000,0.0,0.00
1765627986.978884,3,572,345,1765627986978,1765627986978,0,4.24,0.0000,0.0,0.00
1765627986.999875,3,573,347,1765627986999,1765627986999,0,4.24,0.0000,0.0,0.00
1765627987.021596,3,574,348,1765627987021,1765627987021,0,4.24,0.0000,0.0,0.00
1765627987.042269,3,575,349,1765627987042,1765627987042,0,4.24,0.0000,0.0,0.00
1765627987.063511,3,576,350,1765627987063,1765627987063,0,4.23,0.0000,0.0,0.00
1765627987.087899,3,577,351,1765627987084,1765627987087,3,4.27,0.0000,0.0,0.00
1765627987.105974,3,578,352,1765627987105,1765627987105,0,4.25,0.0000,0.0,0.00
1765627987.127328,3,579,353,1765627987127,1765627987127,0,4.27,0.0000,0.0,0.00
1765627987.152715,3,580,354,1765627987148,1765627987148,0,4.27,0.0000,0.0,0.00
1765627987.159833,3,581,355,1765627987159,1765627987159,0,4.41,0.0000,0.0,0.00
1765627987.180956,3,582,356,1765627987180,1765627987180,0,4.40,0.0000,0.0,0.00
1765627987.204746,3,583,357,1765627987202,1765627987203,1,4.42,0.0000,0.0,0.00
1765627987.223479,3,584,358,1765627987223,1765627987223,0,4.40,0.0000,0.0,0.00
1765627987.245147,3,585,359,1765627987245,1765627987245,0,4.38,0.0000,0.0,0.00
1765627987.257550,3,586,360,1765627987256,1765627987256,0,4.54,0.0000,0.0,0.00
1765627987.267490,3,587,361,1765627987267,1765627987267,0,4.67,0.0000,0.0,0.00
1765627987.290936,3,588,362,1765627987289,1765627987289,0,4.63,0.0000,0.0,0.00
1765627987.310571,3,589,363,1765627987310,1765627987310,0,4.66,0.0000,0.0,0.00
1765627987.334150,3,590,364,1765627987333,1765627987334,1,4.69,0.0000,0.0,0.00
1765627987.344148,3,591,365,1765627987344,1765627987344,0,4.79,0.0000,0.0,0.00
1765627987.365507,3,592,366,1765627987365,1765627987365,0,4.82,0.0000,0.0,0.00
1765627987.387971,3,593,367,1765627987386,1765627987386,0,4.69,0.0000,0.0,0.00
1765627987.408724,3,594,368,1765627987408,1765627987408,0,4.56,0.0000,0.0,0.00
1765627987.430536,3,595,369,1765627987430,1765627987430,0,4.42,0.0000,0.0,0.00
1765627987.451983,3,596,370,1765627987451,1765627987451,0,4.41,0.0000,0.0,0.00
1765627987.474815,3,597,371,1765627987472,1765627987474,2,4.42,0.0000,0.0,0.00
1765627987.493672,3,598,372,1765627987493,1765627987493,0,4.24,0.0000,0.0,0.00
1765627987.514861,3,599,373,1765627987514,1765627987514,0,4.24,0.0000,0.0,0.00
1765627987.527300,3,600,374,1765627987526,1765627987526,0,4.35,0.0000,0.0,0.00
1765627987.549077,3,601,375,1765627987547,1765627987547,0,4.37,0.0000,0.0,0.00
1765627987.561252,3,602,376,1765627987559,1765627987561,2,4.45,0.0000,0.0,0.00
1765627987.581646,3,603,377,1765627987581,1765627987581,0,4.44,0.0000,0.0,0.00
1765627987.602369,3,604,378,1765627987602,1765627987602,0,4.31,0.0000,0.0,0.00
1765627987.625462,3,605,379,1765627987623,1765627987625,2,4.34,0.0000,0.0,0.00
1765627987.645110,3,606,380,1765627987645,1765627987645,0,4.32,0.0000,0.0,0.00
1765627987.666740,3,607,381,1765627987666,1765627987666,0,4.32,0.0000,0.0,0.00
1765627987.691441,3,608,382,1765627987688,1765627987691,3,4.36,0.0000,0.0,0.00
1765627987.699005,3,609,383,1765627987699,1765627987699,0,4.52,0.0000,0.0,0.00
1765627987.724076,3,610,384,1765627987720,1765627987722,2,4.30,0.0000,0.0,0.00
1765627987.743935,3,611,386,1765627987742,1765627987742,0,4.17,0.0000,0.0,0.00
1765627987.759829,3,612,387,1765627987755,1765627987759,4,4.10,0.0000,0.0,0.00
1765627987.766934,3,613,388,1765627987766,1765627987766,0,4.10,0.0000,0.0,0.00
1765627987.792361,3,614,389,1765627987787,1765627987792,5,4.13,0.0000,0.0,0.00
1765627987.809932,3,615,390,1765627987809,1765627987809,0,3.96,0.0000,0.0,0.00
1765627987.831404,3,616,391,1765627987830,1765627987830,0,3.92,0.0000,0.0,0.00
1765627987.852014,3,617,392,1765627987852,1765627987852,0,3.91,0.0000,0.0,0.00
1765627987.875166,3,618,393,1765627987873,1765627987875,2,3.92,0.0000,0.0,0.00
1765627987.894882,3,619,394,1765627987894,1765627987894,0,3.90,0.0000,0.0,0.00
1765627987.916228,3,620,395,1765627987916,1765627987916,0,3.90,0.0000,0.0,0.00
1765627987.938101,3,621,396,1765627987938,1765627987938,0,3.74,0.0000,0.0,0.00
1765627987.962538,3,622,397,1765627987958,1765627987962,4,3.76,0.0000,0.0,0.00
1765627987.981599,3,623,398,1765627987981,1765627987981,0,3.75,0.0000,0.0,0.00
1765627988.001878,3,624,399,1765627988001,1765627988001,0,3.63,0.0000,0.0,0.00
1765627988.022986,3,625,400,1765627988022,1765627988022,0,3.64,0.0000,0.0,0.00
1765627988.044167,3,626,401,1765627988044,1765627988044,0,3.65,0.0000,0.0,0.00
1765627988.065682,3,627,402,1765627988065,1765627988065,0,3.61,0.0000,0.0,0.00
1765627988.086927,3,628,403,1765627988086,1765627988086,0,3.62,0.0000,0.0,0.00
1765627988.111951,3,629,404,1765627988108,1765627988111,3,3.49,0.0000,0.0,0.00
1765627988.129850,3,630,405,1765627988129,1765627988129,0,3.25,0.0000,0.0,0.00
1765627988.151623,3,631,406,1765627988151,1765627988151,0,3.22,0.0000,0.0,0.00
1765627988.172985,3,632,407,1765627988172,1765627988172,0,2.92,0.0000,0.0,0.00
1765627988.195056,3,633,408,1765627988194,1765627988194,0,2.92,0.0000,0.0,0.00
1765627988.215434,3,634,409,1765627988215,1765627988215,0,2.92,0.0000,0.0,0.00
1765627988.231154,3,635,410,1765627988227,1765627988231,4,3.00,0.0000,0.0,0.00
1765627988.248626,3,636,411,1765627988248,1765627988248,0,3.06,0.0000,0.0,0.00
1765627988.269652,3,637,412,1765627988269,1765627988269,0,3.03,0.0000,0.0,0.00
1765627988.294109,3,638,413,1765627988291,1765627988294,3,3.04,0.0000,0.0,0.00
1765627988.312096,3,639,414,1765627988312,1765627988312,0,3.06,0.0000,0.0,0.00
1765627988.334249,3,640,415,1765627988334,1765627988334,0,3.07,0.0000,0.0,0.00
1765627988.355012,3,641,416,1765627988355,1765627988355,0,2.86,0.0000,0.0,0.00
1765627988.376853,3,642,417,1765627988375,1765627988376,1,2.86,0.0000,0.0,0.00
1765627988.396932,3,643,418,1765627988396,1765627988396,0,2.84,0.0000,0.0,0.00
1765627988.418100,3,644,419,1765627988418,1765627988418,0,2.86,0.0000,0.0,0.00
1765627988.429294,3,645,420,1765627988429,1765627988429,0,3.05,0.0000,0.0,0.00
1765627988.441661,3,646,421,1765627988441,1765627988441,0,3.02,0.0000,0.0,0.00
1765627988.461989,3,647,422,1765627988461,1765627988461,0,2.81,0.0000,0.0,0.00
1765627988.483232,3,648,423,1765627988483,1765627988483,0,2.81,0.0000,0.0,0.00
1765627988.509115,3,649,424,1765627988504,1765627988509,5,2.86,0.0000,0.0,0.00
1765627988.526496,3,650,425,1765627988526,1765627988526,0,2.89,0.0000,0.0,0.00
1765627988.543008,3,651,426,1765627988537,1765627988543,6,2.72,0.0000,0.0,0.00
1765627988.550029,3,652,427,1765627988550,1765627988550,0,3.02,0.0000,0.0,0.00
1765627988.574920,3,653,428,1765627988570,1765627988570,0,3.01,0.0000,0.0,0.00
1765627988.591664,3,654,429,1765627988591,1765627988591,0,3.00,0.0000,0.0,0.00
1765627988.612975,3,655,430,1765627988612,1765627988612,0,2.99,0.0000,0.0,0.00
1765627988.634864,3,656,431,1765627988634,1765627988634,0,3.00,0.0000,0.0,0.00
1765627988.657815,3,657,432,1765627988655,1765627988657,2,3.00,0.0000,0.0,0.00
1765627988.676363,3,658,433,1765627988676,1765627988676,0,3.00,0.0000,0.0,0.00
1765627988.698237,3,659,434,1765627988698,1765627988698,0,3.01,0.0000,0.0,0.00
1765627988.713448,3,660,435,1765627988709,1765627988713,4,2.94,0.0000,0.0,0.00
1765627988.722192,3,661,436,1765627988721,1765627988721,0,3.19,0.0000,0.0,0.00
1765627988.732352,3,662,437,1765627988732,1765627988732,0,3.26,0.0000,0.0,0.00
1765627988.743524,3,663,439,1765627988743,1765627988743,0,3.44,0.0000,0.0,0.00
1765627988.755182,3,664,440,1765627988754,1765627988755,1,3.59,0.0000,0.0,0.00
1765627988.775953,3,665,441,1765627988775,1765627988775,0,3.55,0.0000,0.0,0.00
1765627988.797212,3,666,442,1765627988797,1765627988797,0,3.57,0.0000,0.0,0.00
1765627988.818496,3,667,443,1765627988818,1765627988818,0,3.57,0.0000,0.0,0.00
1765627988.839943,3,668,444,1765627988839,1765627988839,0,3.53,0.0000,0.0,0.00
1765627988.861152,3,669,445,1765627988861,1765627988861,0,3.31,0.0000,0.0,0.00
1765627988.882437,3,670,446,1765627988882,1765627988882,0,3.29,0.0000,0.0,0.00
1765627988.909813,3,671,447,1765627988904,1765627988908,4,3.36,0.0000,0.0,0.00
1765627988.915773,3,672,448,1765627988914,1765627988914,0,3.60,0.0000,0.0,0.00
1765627988.936553,3,673,449,1765627988936,1765627988936,0,3.35,0.0000,0.0,0.00
1765627988.957646,3,674,450,1765627988957,1765627988957,0,3.30,0.0000,0.0,0.00
1765627988.978987,3,675,451,1765627988978,1765627988978,0,3.26,0.0000,0.0,0.00
1765627989.000472,3,676,453,1765627989000,1765627989000,0,3.27,0.0000,0.0,0.00
1765627989.025295,3,677,454,1765627989022,1765627989025,3,3.30,0.0000,0.0,0.00
1765627989.043104,3,678,455,1765627989043,1765627989043,0,3.30,0.0000,0.0,0.00
1765627989.064527,3,679,456,1765627989064,1765627989064,0,3.30,0.0000,0.0,0.00
1765627989.086792,3,680,457,1765627989086,1765627989086,0,3.30,0.0000,0.0,0.00
1765627989.108407,3,681,458,1765627989107,1765627989108,1,3.30,0.0000,0.0,0.00
1765627989.128528,3,682,459,1765627989128,1765627989128,0,3.26,0.0000,0.0,0.00
1765627989.149533,3,683,460,1765627989149,1765627989149,0,3.26,0.0000,0.0,0.00
1765627989.173685,3,684,461,1765627989171,1765627989173,2,3.30,0.0000,0.0,0.00
1765627989.192465,3,685,462,1765627989192,1765627989192,0,3.30,0.0000,0.0,0.00
1765627989.215289,3,686,463,1765627989213,1765627989213,0,3.29,0.0000,0.0,0.00
1765627989.241660,3,687,464,1765627989235,1765627989240,5,3.35,0.0000,0.0,0.00
1765627989.258105,3,688,465,1765627989257,1765627989257,0,3.39,0.0000,0.0,0.00
1765627989.278334,3,689,466,1765627989278,1765627989278,0,3.35,0.0000,0.0,0.00
1765627989.299426,3,690,467,1765627989299,1765627989299,0,3.33,0.0000,0.0,0.00
1765627989.324414,3,691,468,1765627989321,1765627989324,3,3.36,0.0000,0.0,0.00
1765627989.342292,3,692,469,1765627989342,1765627989342,0,3.38,0.0000,0.0,0.00
1765627989.363841,3,693,470,1765627989363,1765627989363,0,3.37,0.0000,0.0,0.00
1765627989.384099,3,694,471,1765627989384,1765627989384,0,3.37,0.0000,0.0,0.00
1765627989.405628,3,695,472,1765627989405,1765627989405,0,3.31,0.0000,0.0,0.00
1765627989.426917,3,696,473,1765627989426,1765627989426,0,3.26,0.0000,0.0,0.00
1765627989.439407,3,697,474,1765627989438,1765627989439,1,3.40,0.0000,0.0,0.00
1765627989.460205,3,698,475,1765627989460,1765627989460,0,3.36,0.0000,0.0,0.00
1765627989.472391,3,699,476,1765627989471,1765627989472,1,3.50,0.0000,0.0,0.00
1765627989.492267,3,700,477,1765627989492,1765627989492,0,3.48,0.0000,0.0,0.00
1765627989.504551,3,701,478,1765627989503,1765627989504,1,3.63,0.0000,0.0,0.00
1765627989.525348,3,702,479,1765627989525,1765627989525,0,3.63,0.0000,0.0,0.00
1765627989.539337,3,703,480,1765627989537,1765627989539,2,3.73,0.0000,0.0,0.00
1765627989.547983,3,704,481,1765627989547,1765627989547,0,3.95,0.0000,0.0,0.00
1765627989.574718,3,705,482,1765627989569,1765627989573,4,3.84,0.0000,0.0,0.00
1765627989.591212,3,706,483,1765627989590,1765627989590,0,3.73,0.0000,0.0,0.00
1765627989.612056,3,707,484,1765627989612,1765627989612,0,3.76,0.0000,0.0,0.00
1765627989.633256,3,708,485,1765627989633,1765627989633,0,3.74,0.0000,0.0,0.00
1765627989.654899,3,709,486,1765627989654,1765627989654,0,3.69,0.0000,0.0,0.00
1765627989.675944,3,710,487,1765627989675,1765627989675,0,3.66,0.0000,0.0,0.00
1765627989.687173,3,711,488,1765627989687,1765627989687,0,3.78,0.0000,0.0,0.00
1765627989.698299,3,712,489,1765627989698,1765627989698,0,3.68,0.0000,0.0,0.00
1765627989.721273,3,713,490,1765627989719,1765627989721,2,3.72,0.0000,0.0,0.00
1765627989.741313,3,714,491,1765627989741,1765627989741,0,3.71,0.0000,0.0,0.00
1765627989.763366,3,715,493,1765627989762,1765627989762,0,3.71,0.0000,0.0,0.00
1765627989.786000,3,716,494,1765627989783,1765627989786,3,3.73,0.0000,0.0,0.00
1765627989.804888,3,717,495,1765627989804,1765627989804,0,3.71,0.0000,0.0,0.00
1765627989.825950,3,718,496,1765627989825,1765627989825,0,3.73,0.0000,0.0,0.00
1765627989.847487,3,719,497,1765627989847,1765627989847,0,3.73,0.0000,0.0,0.00
1765627989.869657,3,720,499,1765627989868,1765627989868,0,3.65,0.0000,0.0,0.00
1765627989.880402,3,721,500,1765627989880,1765627989880,0,3.56,0.0000,0.0,0.00
1765627989.891685,3,722,501,1765627989891,1765627989891,0,3.56,0.0000,0.0,0.00
1765627989.912248,3,723,502,1765627989912,1765627989912,0,3.37,0.0000,0.0,0.00
1765627989.935696,3,724,503,1765627989933,1765627989935,2,3.22,0.0000,0.0,0.00
1765627989.954603,3,725,504,1765627989954,1765627989954,0,3.24,0.0000,0.0,0.00
1765627989.975983,3,726,505,1765627989975,1765627989975,0,3.23,0.0000,0.0,0.00
1765627989.988625,3,727,506,1765627989988,1765627989988,0,3.37,0.0000,0.0,0.00
1765627990.004464,3,728,507,1765627989998,1765627990003,5,3.45,0.0000,0.0,0.00
1765627990.010058,3,729,508,1765627990010,1765627990010,0,3.70,0.0000,0.0,0.00
1765627990.031596,3,730,509,1765627990031,1765627990031,0,3.70,0.0000,0.0,0.00
1765627990.052553,3,731,510,1765627990052,1765627990052,0,3.64,0.0000,0.0,0.00
1765627990.074866,3,732,511,1765627990074,1765627990074,0,3.38,0.0000,0.0,0.00
1765627990.095769,3,733,512,1765627990095,1765627990095,0,3.37,0.0000,0.0,0.00
1765627990.118433,3,734,513,1765627990117,1765627990117,0,3.38,0.0000,0.0,0.00
1765627990.138427,3,735,514,1765627990138,1765627990138,0,3.38,0.0000,0.0,0.00
1765627990.159857,3,736,515,1765627990159,1765627990159,0,3.37,0.0000,0.0,0.00
1765627990.186835,3,737,516,1765627990181,1765627990185,4,3.38,0.0000,0.0,0.00
1765627990.193707,3,738,517,1765627990193,1765627990193,0,3.61,0.0000,0.0,0.00
1765627990.217958,3,739,518,1765627990214,1765627990216,2,3.63,0.0000,0.0,0.00
1765627990.226072,3,740,519,1765627990225,1765627990225,0,3.82,0.0000,0.0,0.00
1765627990.247093,3,741,520,1765627990247,1765627990247,0,3.82,0.0000,0.0,0.00
1765627990.270560,3,742,521,1765627990268,1765627990270,2,3.86,0.0000,0.0,0.00
1765627990.322404,3,743,522,1765627990290,1765627990307,17,4.03,0.0000,0.0,0.00
1765627990.340390,3,744,523,1765627990335,1765627990340,5,4.13,0.0000,0.0,0.00
1765627990.350939,3,745,524,1765627990349,1765627990350,1,4.33,0.0000,0.0,0.00
1765627990.366112,3,746,525,1765627990361,1765627990366,5,4.39,0.0000,0.0,0.00
1765627990.386853,3,747,526,1765627990383,1765627990386,3,4.30,0.0000,0.0,0.00
1765627990.396646,3,748,527,1765627990394,1765627990396,2,4.46,0.0000,0.0,0.00
1765627990.416240,3,749,528,1765627990416,1765627990416,0,4.44,0.0000,0.0,0.00
1765627990.438251,3,750,529,1765627990437,1765627990437,0,4.44,0.0000,0.0,0.00
1765627990.462392,3,751,530,1765627990459,1765627990461,2,4.43,0.0000,0.0,0.00
1765627990.480310,3,752,531,1765627990480,1765627990480,0,4.41,0.0000,0.0,0.00
1765627990.501437,3,753,532,1765627990501,1765627990501,0,4.41,0.0000,0.0,0.00
1765627990.524020,3,754,533,1765627990522,1765627990522,0,4.41,0.0000,0.0,0.00
1765627990.544574,3,755,534,1765627990544,1765627990544,0,4.42,0.0000,0.0,0.00
1765627990.566581,3,756,535,1765627990566,1765627990566,0,4.43,0.0000,0.0,0.00
1765627990.589695,3,757,536,1765627990588,1765627990588,0,4.33,0.0000,0.0,0.00
1765627990.611774,3,758,537,1765627990610,1765627990611,1,4.36,0.0000,0.0,0.00
1765627990.621897,3,759,538,1765627990621,1765627990621,0,4.40,0.0000,0.0,0.00
1765627990.642978,3,760,539,1765627990642,1765627990642,0,4.41,0.0000,0.0,0.00
1765627990.665007,3,761,540,1765627990665,1765627990665,0,4.29,0.0000,0.0,0.00
1765627990.686448,3,762,541,1765627990685,1765627990686,1,4.29,0.0000,0.0,0.00
1765627990.708319,3,763,542,1765627990707,1765627990708,1,4.19,0.0000,0.0,0.00
1765627990.728858,3,764,543,1765627990728,1765627990728,0,3.92,0.0000,0.0,0.00
1765627990.751234,3,765,545,1765627990751,1765627990751,0,3.89,0.0000,0.0,0.00
1765627990.762758,3,766,546,1765627990762,1765627990762,0,4.04,0.0000,0.0,0.00
1765627990.773989,3,767,547,1765627990773,1765627990773,0,4.21,0.0000,0.0,0.00
1765627990.784590,3,768,548,1765627990784,1765627990784,0,4.38,0.0000,0.0,0.00
1765627990.808152,3,769,549,1765627990806,1765627990808,2,4.41,0.0000,0.0,0.00
1765627990.828324,3,770,550,1765627990828,1765627990828,0,4.40,0.0000,0.0,0.00
1765627990.841387,3,771,551,1765627990839,1765627990839,0,4.43,0.0000,0.0,0.00
1765627990.861938,3,772,552,1765627990861,1765627990861,0,4.26,0.0000,0.0,0.00
1765627990.882989,3,773,553,1765627990882,1765627990882,0,4.24,0.0000,0.0,0.00
1765627990.908058,3,774,554,1765627990904,1765627990906,2,4.28,0.0000,0.0,0.00
1765627990.926685,3,775,555,1765627990926,1765627990926,0,4.27,0.0000,0.0,0.00
1765627990.947773,3,776,556,1765627990947,1765627990947,0,4.24,0.0000,0.0,0.00
1765627990.968342,3,777,557,1765627990968,1765627990968,0,4.23,0.0000,0.0,0.00
1765627990.991844,3,778,559,1765627990989,1765627990991,2,4.25,0.0000,0.0,0.00
1765627991.011200,3,779,560,1765627991011,1765627991011,0,4.23,0.0000,0.0,0.00
1765627991.033705,3,780,561,1765627991032,1765627991032,0,4.23,0.0000,0.0,0.00
1765627991.044956,3,781,562,1765627991044,1765627991044,0,4.23,0.0000,0.0,0.00
1765627991.058230,3,782,563,1765627991055,1765627991058,3,4.16,0.0000,0.0,0.00
1765627991.076674,3,783,564,1765627991076,1765627991076,0,4.17,0.0000,0.0,0.00
1765627991.098335,3,784,565,1765627991098,1765627991098,0,4.16,0.0000,0.0,0.00
1765627991.109668,3,785,566,1765627991109,1765627991109,0,4.35,0.0000,0.0,0.00
1765627991.130670,3,786,567,1765627991130,1765627991130,0,4.35,0.0000,0.0,0.00
1765627991.152083,3,787,568,1765627991152,1765627991152,0,4.23,0.0000,0.0,0.00
1765627991.174685,3,788,569,1765627991173,1765627991174,1,4.14,0.0000,0.0,0.00
1765627991.194819,3,789,570,1765627991194,1765627991194,0,3.83,0.0000,0.0,0.00
1765627991.216428,3,790,571,1765627991216,1765627991216,0,3.84,0.0000,0.0,0.00
1765627991.241478,3,791,572,1765627991237,1765627991241,4,3.88,0.0000,0.0,0.00
1765627991.259173,3,792,573,1765627991259,1765627991259,0,3.90,0.0000,0.0,0.00
1765627991.270328,3,793,574,1765627991270,1765627991270,0,4.10,0.0000,0.0,0.00
1765627991.281565,3,794,575,1765627991281,1765627991281,0,4.27,0.0000,0.0,0.00
1765627991.293123,3,795,576,1765627991293,1765627991293,0,4.42,0.0000,0.0,0.00
1765627991.314621,3,796,577,1765627991314,1765627991314,0,4.42,0.0000,0.0,0.00
1765627991.339123,3,797,578,1765627991335,1765627991339,4,4.41,0.0000,0.0,0.00
1765627991.357557,3,798,579,1765627991357,1765627991357,0,4.19,0.0000,0.0,0.00
1765627991.378515,3,799,580,1765627991378,1765627991378,0,4.17,0.0000,0.0,0.00
1765627991.399600,3,800,581,1765627991399,1765627991399,0,3.94,0.0000,0.0,0.00
1765627991.422709,3,801,582,1765627991421,1765627991422,1,3.95,0.0000,0.0,0.00
1765627991.442610,3,802,583,1765627991442,1765627991442,0,3.92,0.0000,0.0,0.00
1765627991.463699,3,803,584,1765627991463,1765627991463,0,3.76,0.0000,0.0,0.00
1765627991.476197,3,804,585,1765627991475,1765627991476,1,3.76,0.0000,0.0,0.00
1765627991.488794,3,805,586,1765627991486,1765627991487,1,3.74,0.0000,0.0,0.00
1765627991.508609,3,806,587,1765627991508,1765627991508,0,3.69,0.0000,0.0,0.00
1765627991.523546,3,807,588,1765627991519,1765627991523,4,3.77,0.0000,0.0,0.00
1765627991.532535,3,808,589,1765627991531,1765627991531,0,3.82,0.0000,0.0,0.00
1765627991.542873,3,809,590,1765627991542,1765627991542,0,3.99,0.0000,0.0,0.00
1765627991.564524,3,810,591,1765627991564,1765627991564,0,4.00,0.0000,0.0,0.00
1765627991.586978,3,811,592,1765627991585,1765627991585,0,3.96,0.0000,0.0,0.00
1765627991.607164,3,812,593,1765627991607,1765627991607,0,4.00,0.0000,0.0,0.00
1765627991.628462,3,813,594,1765627991628,1765627991628,0,4.00,0.0000,0.0,0.00
1765627991.654666,3,814,595,1765627991649,1765627991649,0,4.00,0.0000,0.0,0.00
1765627991.671899,3,815,596,1765627991671,1765627991671,0,4.00,0.0000,0.0,0.00
1765627991.693616,3,816,598,1765627991692,1765627991692,0,3.99,0.0000,0.0,0.00
1765627991.714123,3,817,599,1765627991714,1765627991714,0,3.99,0.0000,0.0,0.00
1765627991.741417,3,818,600,1765627991735,1765627991741,6,4.03,0.0000,0.0,0.00
1765627991.746706,3,819,601,1765627991746,1765627991746,0,4.14,0.0000,0.0,0.00
1765627991.759444,3,820,602,1765627991757,1765627991757,0,4.29,0.0000,0.0,0.00
1765627991.779930,3,821,603,1765627991779,1765627991779,0,4.28,0.0000,0.0,0.00
1765627991.804195,3,822,604,1765627991800,1765627991804,4,4.32,0.0000,0.0,0.00
1765627991.821827,3,823,605,1765627991821,1765627991821,0,4.32,0.0000,0.0,0.00
1765627991.843167,3,824,606,1765627991843,1765627991843,0,4.34,0.0000,0.0,0.00
1765627991.864179,3,825,607,1765627991864,1765627991864,0,4.32,0.0000,0.0,0.00
1765627991.887948,3,826,608,1765627991885,1765627991887,2,4.20,0.0000,0.0,0.00
1765627991.907294,3,827,609,1765627991907,1765627991907,0,4.04,0.0000,0.0,0.00
1765627991.921135,3,828,610,1765627991918,1765627991921,3,3.97,0.0000,0.0,0.00
1765627991.939290,3,829,611,1765627991939,1765627991939,0,3.93,0.0000,0.0,0.00
1765627991.954669,3,830,612,1765627991950,1765627991954,4,4.00,0.0000,0.0,0.00
1765627991.961816,3,831,613,1765627991961,1765627991961,0,4.09,0.0000,0.0,0.00
1765627991.973213,3,832,614,1765627991973,1765627991973,0,4.19,0.0000,0.0,0.00
1765627991.995177,3,833,615,1765627991994,1765627991994,0,4.19,0.0000,0.0,0.00
1765627992.015231,3,834,616,1765627992015,1765627992015,0,4.15,0.0000,0.0,0.00
1765627992.036387,3,835,617,1765627992036,1765627992036,0,4.17,0.0000,0.0,0.00
1765627992.060195,3,836,618,1765627992057,1765627992059,2,4.19,0.0000,0.0,0.00
1765627992.078865,3,837,619,1765627992078,1765627992078,0,4.17,0.0000,0.0,0.00
1765627992.099306,3,838,620,1765627992099,1765627992099,0,4.14,0.0000,0.0,0.00
1765627992.120925,3,839,621,1765627992120,1765627992120,0,4.15,0.0000,0.0,0.00
1765627992.142462,3,840,622,1765627992142,1765627992142,0,4.17,0.0000,0.0,0.00
1765627992.164049,3,841,623,1765627992164,1765627992164,0,4.07,0.0000,0.0,0.00
1765627992.186060,3,842,624,1765627992186,1765627992186,0,4.00,0.0000,0.0,0.00
1765627992.208253,3,843,625,1765627992206,1765627992207,1,4.00,0.0000,0.0,0.00
1765627992.228055,3,844,626,1765627992228,1765627992228,0,3.99,0.0000,0.0,0.00
1765627992.249985,3,845,627,1765627992249,1765627992249,0,3.83,0.0000,0.0,0.00
1765627992.274670,3,846,628,1765627992271,1765627992274,3,3.88,0.0000,0.0,0.00
1765627992.291980,3,847,629,1765627992291,1765627992291,0,3.89,0.0000,0.0,0.00
1765627992.313281,3,848,630,1765627992313,1765627992313,0,3.89,0.0000,0.0,0.00
1765627992.335200,3,849,631,1765627992334,1765627992334,0,3.90,0.0000,0.0,0.00
1765627992.355679,3,850,632,1765627992355,1765627992355,0,3.89,0.0000,0.0,0.00
1765627992.367892,3,851,633,1765627992367,1765627992367,0,3.98,0.0000,0.0,0.00
1765627992.378063,3,852,634,1765627992378,1765627992378,0,4.13,0.0000,0.0,0.00
1765627992.399191,3,853,635,1765627992399,1765627992399,0,3.98,0.0000,0.0,0.00
1765627992.420737,3,854,636,1765627992420,1765627992420,0,3.82,0.0000,0.0,0.00
1765627992.441915,3,855,637,1765627992441,1765627992441,0,3.68,0.0000,0.0,0.00
1765627992.463031,3,856,638,1765627992463,1765627992463,0,3.69,0.0000,0.0,0.00
1765627992.488445,3,857,639,1765627992484,1765627992488,4,3.69,0.0000,0.0,0.00
1765627992.509412,3,858,640,1765627992509,1765627992509,0,3.68,0.0000,0.0,0.00
1765627992.521563,3,859,641,1765627992520,1765627992520,0,3.85,0.0000,0.0,0.00
1765627992.541668,3,860,642,1765627992541,1765627992541,0,3.85,0.0000,0.0,0.00
1765627992.563138,3,861,643,1765627992563,1765627992563,0,3.84,0.0000,0.0,0.00
1765627992.586983,3,862,644,1765627992584,1765627992585,1,3.86,0.0000,0.0,0.00
1765627992.606520,3,863,645,1765627992606,1765627992606,0,3.86,0.0000,0.0,0.00
1765627992.627706,3,864,646,1765627992627,1765627992627,0,3.74,0.0000,0.0,0.00
1765627992.651436,3,865,647,1765627992648,1765627992650,2,3.57,0.0000,0.0,0.00
1765627992.669942,3,866,648,1765627992669,1765627992669,0,3.56,0.0000,0.0,0.00
1765627992.691488,3,867,649,1765627992691,1765627992691,0,3.48,0.0000,0.0,0.00
1765627992.702677,3,868,650,1765627992702,1765627992702,0,3.41,0.0000,0.0,0.00
1765627992.725734,3,869,651,1765627992725,1765627992725,0,3.23,0.0000,0.0,0.00
1765627992.736613,3,870,652,1765627992736,1765627992736,0,3.42,0.0000,0.0,0.00
1765627992.751397,3,871,653,1765627992748,1765627992751,3,3.51,0.0000,0.0,0.00
1765627992.770612,3,872,654,1765627992770,1765627992770,0,3.50,0.0000,0.0,0.00
1765627992.785168,3,873,655,1765627992781,1765627992785,4,3.58,0.0000,0.0,0.00
1765627992.803134,3,874,656,1765627992803,1765627992803,0,3.59,0.0000,0.0,0.00
1765627992.824562,3,875,657,1765627992824,1765627992824,0,3.58,0.0000,0.0,0.00
1765627992.847936,3,876,658,1765627992845,1765627992847,2,3.60,0.0000,0.0,0.00
1765627992.867570,3,877,659,1765627992867,1765627992867,0,3.58,0.0000,0.0,0.00
1765627992.888826,3,878,660,1765627992888,1765627992888,0,3.51,0.0000,0.0,0.00
1765627992.910145,3,879,661,1765627992910,1765627992910,0,3.22,0.0000,0.0,0.00
1765627992.931760,3,880,662,1765627992931,1765627992931,0,3.04,0.0000,0.0,0.00
1765627992.954668,3,881,663,1765627992953,1765627992954,1,3.05,0.0000,0.0,0.00
1765627992.975389,3,882,664,1765627992975,1765627992975,0,3.01,0.0000,0.0,0.00
1765627992.997550,3,883,666,1765627992996,1765627992997,1,2.97,0.0000,0.0,0.00
1765627993.018164,3,884,667,1765627993018,1765627993018,0,2.96,0.0000,0.0,0.00
1765627993.040197,3,885,668,1765627993039,1765627993039,0,2.96,0.0000,0.0,0.00
1765627993.050362,3,886,669,1765627993050,1765627993050,0,3.13,0.0000,0.0,0.00
1765627993.071486,3,887,670,1765627993071,1765627993071,0,3.14,0.0000,0.0,0.00
1765627993.092501,3,888,671,1765627993092,1765627993092,0,3.03,0.0000,0.0,0.00
1765627993.212232,3,889,672,1765627993210,1765627993212,2,4.10,0.0000,0.0,0.00
1765627993.243406,3,890,673,1765627993226,1765627993241,15,4.21,0.0000,0.0,0.00
1765627993.260568,3,891,674,1765627993245,1765627993260,15,4.09,0.0000,0.0,0.00
1765627993.266082,3,892,675,1765627993262,1765627993265,3,4.16,0.0000,0.0,0.00
1765627993.279142,3,893,676,1765627993273,1765627993279,6,4.24,0.0000,0.0,0.00
1765627993.285180,3,894,677,1765627993285,1765627993285,0,4.39,0.0000,0.0,0.00
1765627993.296406,3,895,678,1765627993296,1765627993296,0,4.50,0.0000,0.0,0.00
1765627993.317399,3,896,679,1765627993317,1765627993317,0,4.48,0.0000,0.0,0.00
1765627993.343407,3,897,681,1765627993339,1765627993341,2,4.50,0.0000,0.0,0.00
1765627993.361230,3,898,682,1765627993361,1765627993361,0,4.51,0.0000,0.0,0.00
1765627993.382617,3,899,683,1765627993382,1765627993382,0,4.51,0.0000,0.0,0.00
1765627993.393809,3,900,684,1765627993393,1765627993393,0,4.70,0.0000,0.0,0.00
1765627993.415934,3,901,685,1765627993414,1765627993414,0,4.69,0.0000,0.0,0.00
1765627993.436314,3,902,686,1765627993436,1765627993436,0,4.69,0.0000,0.0,0.00
1765627993.459405,3,903,687,1765627993458,1765627993459,1,4.71,0.0000,0.0,0.00
1765627993.479322,3,904,688,1765627993479,1765627993479,0,4.73,0.0000,0.0,0.00
1765627993.492573,3,905,689,1765627993491,1765627993491,0,4.91,0.0000,0.0,0.00
1765627993.511938,3,906,690,1765627993511,1765627993511,0,4.87,0.0000,0.0,0.00
1765627993.534575,3,907,691,1765627993533,1765627993533,0,4.81,0.0000,0.0,0.00
1765627993.558822,3,908,692,1765627993555,1765627993558,3,4.85,0.0000,0.0,0.00
1765627993.577237,3,909,693,1765627993577,1765627993577,0,4.88,0.0000,0.0,0.00
1765627993.599005,3,910,694,1765627993599,1765627993599,0,4.90,0.0000,0.0,0.00
1765627993.623972,3,911,695,1765627993620,1765627993623,3,4.75,0.0000,0.0,0.00
1765627993.641520,3,912,696,1765627993641,1765627993641,0,4.63,0.0000,0.0,0.00
1765627993.663264,3,913,697,1765627993663,1765627993663,0,4.65,0.0000,0.0,0.00
1765627993.685217,3,914,698,1765627993684,1765627993684,0,4.65,0.0000,0.0,0.00
1765627993.710920,3,915,699,1765627993706,1765627993710,4,4.76,0.0000,0.0,0.00
1765627993.718743,3,916,700,1765627993717,1765627993718,1,4.94,0.0000,0.0,0.00
1765627993.748161,3,917,701,1765627993729,1765627993741,12,4.91,0.0000,0.0,0.00
1765627993.753649,3,918,703,1765627993753,1765627993753,0,5.09,0.0000,0.0,0.00
1765627993.764391,3,919,704,1765627993764,1765627993764,0,5.09,0.0000,0.0,0.00
1765627993.785887,3,920,705,1765627993785,1765627993785,0,5.09,0.0000,0.0,0.00
1765627993.812889,3,921,706,1765627993807,1765627993812,5,5.15,0.0000,0.0,0.00
1765627993.829753,3,922,707,1765627993828,1765627993829,1,5.21,0.0000,0.0,0.00
1765627993.849941,3,923,708,1765627993849,1765627993849,0,5.22,0.0000,0.0,0.00
1765627993.872506,3,924,709,1765627993872,1765627993872,0,5.25,0.0000,0.0,0.00
1765627993.883593,3,925,710,1765627993883,1765627993883,0,5.39,0.0000,0.0,0.00
1765627993.896837,3,926,711,1765627993894,1765627993895,1,5.52,0.0000,0.0,0.00
1765627993.915950,3,927,712,1765627993915,1765627993915,0,5.51,0.0000,0.0,0.00
1765627993.937726,3,928,713,1765627993937,1765627993937,0,5.36,0.0000,0.0,0.00
1765627993.964477,3,929,714,1765627993958,1765627993963,5,5.40,0.0000,0.0,0.00
1765627993.979491,3,930,715,1765627993979,1765627993979,0,5.31,0.0000,0.0,0.00
1765627994.000569,3,931,716,1765627994000,1765627994000,0,5.21,0.0000,0.0,0.00
1765627994.021662,3,932,717,1765627994021,1765627994021,0,5.17,0.0000,0.0,0.00
1765627994.046633,3,933,718,1765627994043,1765627994046,3,5.12,0.0000,0.0,0.00
1765627994.064353,3,934,719,1765627994064,1765627994064,0,5.12,0.0000,0.0,0.00
1765627994.085637,3,935,720,1765627994085,1765627994085,0,5.12,0.0000,0.0,0.00
1765627994.107099,3,936,721,1765627994107,1765627994107,0,5.10,0.0000,0.0,0.00
1765627994.119077,3,937,722,1765627994119,1765627994119,0,5.26,0.0000,0.0,0.00
1765627994.129493,3,938,723,1765627994129,1765627994129,0,5.47,0.0000,0.0,0.00
1765627994.150917,3,939,724,1765627994150,1765627994150,0,5.46,0.0000,0.0,0.00
1765627994.172356,3,940,725,1765627994172,1765627994172,0,5.47,0.0000,0.0,0.00
1765627994.195160,3,941,726,1765627994193,1765627994193,0,5.44,0.0000,0.0,0.00
1765627994.214958,3,942,727,1765627994214,1765627994214,0,5.44,0.0000,0.0,0.00
1765627994.230819,3,943,728,1765627994226,1765627994229,3,5.53,0.0000,0.0,0.00
1765627994.248640,3,944,729,1765627994248,1765627994248,0,5.55,0.0000,0.0,0.00
1765627994.262017,3,945,730,1765627994260,1765627994262,2,5.66,0.0000,0.0,0.00
1765627994.271755,3,946,731,1765627994271,1765627994271,0,5.69,0.0000,0.0,0.00
1765627994.296445,3,947,732,1765627994292,1765627994295,3,5.74,0.0000,0.0,0.00
1765627994.314606,3,948,733,1765627994314,1765627994314,0,5.75,0.0000,0.0,0.00
1765627994.335963,3,949,734,1765627994335,1765627994335,0,4.41,0.0000,0.0,0.00
1765627994.347157,3,950,735,1765627994347,1765627994347,0,4.44,0.0000,0.0,0.00
1765627994.368459,3,951,736,1765627994368,1765627994368,0,4.46,0.0000,0.0,0.00
1765627994.389840,3,952,737,1765627994389,1765627994389,0,4.19,0.0000,0.0,0.00
1765627994.412672,3,953,738,1765627994411,1765627994412,1,4.13,0.0000,0.0,0.00
1765627994.433432,3,954,739,1765627994432,1765627994433,1,3.86,0.0000,0.0,0.00
1765627994.454572,3,955,740,1765627994454,1765627994454,0,3.70,0.0000,0.0,0.00
1765627994.480167,3,956,741,1765627994475,1765627994479,4,3.74,0.0000,0.0,0.00
1765627994.497772,3,957,742,1765627994496,1765627994496,0,3.74,0.0000,0.0,0.00
1765627994.514790,3,958,743,1765627994510,1765627994513,3,3.78,0.0000,0.0,0.00
1765627994.521218,3,959,744,1765627994521,1765627994521,0,3.99,0.0000,0.0,0.00
1765627994.545893,3,960,745,1765627994542,1765627994545,3,3.88,0.0000,0.0,0.00
1765627994.563881,3,961,746,1765627994563,1765627994563,0,3.88,0.0000,0.0,0.00
1765627994.585476,3,962,747,1765627994585,1765627994585,0,3.88,0.0000,0.0,0.00
1765627994.596596,3,963,748,1765627994596,1765627994596,0,4.00,0.0000,0.0,0.00
1765627994.618335,3,964,749,1765627994617,1765627994617,0,4.01,0.0000,0.0,0.00
1765627994.639927,3,965,750,1765627994639,1765627994639,0,3.90,0.0000,0.0,0.00
1765627994.660576,3,966,751,1765627994660,1765627994660,0,3.92,0.0000,0.0,0.00
1765627994.681841,3,967,752,1765627994681,1765627994681,0,3.90,0.0000,0.0,0.00
1765627994.703653,3,968,753,1765627994703,1765627994703,0,3.86,0.0000,0.0,0.00
1765627994.716019,3,969,754,1765627994716,1765627994716,0,3.99,0.0000,0.0,0.00
1765627994.729368,3,970,755,1765627994726,1765627994728,2,4.10,0.0000,0.0,0.00
1765627994.737998,3,971,756,1765627994737,1765627994737,0,4.23,0.0000,0.0,0.00
1765627994.759222,3,972,757,1765627994759,1765627994759,0,4.26,0.0000,0.0,0.00
1765627994.770336,3,973,758,1765627994770,1765627994770,0,4.38,0.0000,0.0,0.00
1765627994.792347,3,974,759,1765627994791,1765627994792,1,4.39,0.0000,0.0,0.00
1765627994.812529,3,975,760,1765627994812,1765627994812,0,4.31,0.0000,0.0,0.00
1765627994.834548,3,976,761,1765627994834,1765627994834,0,4.14,0.0000,0.0,0.00
1765627994.859460,3,977,762,1765627994855,1765627994858,3,4.15,0.0000,0.0,0.00
1765627994.877130,3,978,763,1765627994877,1765627994877,0,4.01,0.0000,0.0,0.00
1765627994.898341,3,979,764,1765627994898,1765627994898,0,3.87,0.0000,0.0,0.00
1765627994.919247,3,980,765,1765627994919,1765627994919,0,3.87,0.0000,0.0,0.00
1765627994.930554,3,981,766,1765627994930,1765627994930,0,3.94,0.0000,0.0,0.00
1765627994.943723,3,982,767,1765627994942,1765627994943,1,4.03,0.0000,0.0,0.00
1765627994.953218,3,983,768,1765627994953,1765627994953,0,4.19,0.0000,0.0,0.00
1765627994.964946,3,984,769,1765627994964,1765627994964,0,4.29,0.0000,0.0,0.00
1765627994.975759,3,985,770,1765627994975,1765627994975,0,4.29,0.0000,0.0,0.00
1765627994.997081,3,986,771,1765627994997,1765627994997,0,4.20,0.0000,0.0,0.00
1765627995.008260,3,987,773,1765627995008,1765627995008,0,4.33,0.0000,0.0,0.00
1765627995.029631,3,988,774,1765627995029,1765627995029,0,4.32,0.0000,0.0,0.00
1765627995.050448,3,989,775,1765627995050,1765627995050,0,4.26,0.0000,0.0,0.00
1765627995.073635,3,990,776,1765627995072,1765627995072,0,4.26,0.0000,0.0,0.00
1765627995.093407,3,991,777,1765627995092,1765627995092,0,4.25,0.0000,0.0,0.00
1765627995.114163,3,992,778,1765627995114,1765627995114,0,4.26,0.0000,0.0,0.00
1765627995.138954,3,993,780,1765627995135,1765627995138,3,4.25,0.0000,0.0,0.00
1765627995.157349,3,994,781,1765627995157,1765627995157,0,4.25,0.0000,0.0,0.00
1765627995.180068,3,995,782,1765627995178,1765627995178,0,4.25,0.0000,0.0,0.00
1765627995.191799,3,996,783,1765627995190,1765627995191,1,4.32,0.0000,0.0,0.00
1765627995.211795,3,997,784,1765627995211,1765627995211,0,4.21,0.0000,0.0,0.00
1765627995.233762,3,998,785,1765627995233,1765627995233,0,4.07,0.0000,0.0,0.00
1765627995.254698,3,999,786,1765627995254,1765627995254,0,4.07,0.0000,0.0,0.00
1765627995.276992,3,1000,787,1765627995275,1765627995275,0,4.06,0.0000,0.0,0.00
1765627995.288360,3,1001,788,1765627995287,1765627995288,1,4.14,0.0000,0.0,0.00
1765627995.298604,3,1002,789,1765627995298,1765627995298,0,4.28,0.0000,0.0,0.00
1765627995.322763,3,1003,790,1765627995319,1765627995321,2,4.27,0.0000,0.0,0.00
1765627995.341661,3,1004,791,1765627995341,1765627995341,0,4.29,0.0000,0.0,0.00
1765627995.362453,3,1005,792,1765627995362,1765627995362,0,4.22,0.0000,0.0,0.00
1765627995.384001,3,1006,793,1765627995384,1765627995384,0,4.05,0.0000,0.0,0.00
1765627995.408258,3,1007,794,1765627995405,1765627995408,3,4.05,0.0000,0.0,0.00
1765627995.426144,3,1008,795,1765627995426,1765627995426,0,4.06,0.0000,0.0,0.00
1765627995.447469,3,1009,796,1765627995447,1765627995447,0,4.06,0.0000,0.0,0.00
1765627995.458877,3,1010,797,1765627995458,1765627995458,0,4.08,0.0000,0.0,0.00
1765627995.479829,3,1011,798,1765627995479,1765627995479,0,4.08,0.0000,0.0,0.00
1765627995.501616,3,1012,799,1765627995501,1765627995501,0,4.09,0.0000,0.0,0.00
1765627995.526119,3,1013,800,1765627995523,1765627995526,3,4.11,0.0000,0.0,0.00
1765627995.544860,3,1014,801,1765627995544,1765627995544,0,4.10,0.0000,0.0,0.00
1765627995.565959,3,1015,802,1765627995565,1765627995565,0,4.10,0.0000,0.0,0.00
1765627995.587060,3,1016,803,1765627995587,1765627995587,0,4.06,0.0000,0.0,0.00
1765627995.611979,3,1017,804,1765627995609,1765627995610,1,4.08,0.0000,0.0,0.00
1765627995.620675,3,1018,805,1765627995620,1765627995620,0,4.23,0.0000,0.0,0.00
1765627995.641613,3,1019,806,1765627995641,1765627995641,0,4.02,0.0000,0.0,0.00
1765627995.663849,3,1020,807,1765627995663,1765627995663,0,4.00,0.0000,0.0,0.00
1765627995.676143,3,1021,808,1765627995675,1765627995676,1,4.11,0.0000,0.0,0.00
1765627995.695694,3,1022,809,1765627995695,1765627995695,0,4.08,0.0000,0.0,0.00
1765627995.716973,3,1023,810,1765627995716,1765627995716,0,3.93,0.0000,0.0,0.00
1765627995.738027,3,1024,811,1765627995738,1765627995738,0,3.94,0.0000,0.0,0.00
1765627995.760340,3,1025,812,1765627995759,1765627995760,1,3.94,0.0000,0.0,0.00
1765627995.780416,3,1026,813,1765627995780,1765627995780,0,3.93,0.0000,0.0,0.00
1765627995.801797,3,1027,814,1765627995801,1765627995801,0,3.93,0.0000,0.0,0.00
1765627995.826777,3,1028,815,1765627995823,1765627995826,3,3.96,0.0000,0.0,0.00
1765627995.844622,3,1029,816,1765627995844,1765627995844,0,3.85,0.0000,0.0,0.00
1765627995.866132,3,1030,817,1765627995865,1765627995866,1,3.71,0.0000,0.0,0.00
1765627995.886796,3,1031,818,1765627995886,1765627995886,0,3.50,0.0000,0.0,0.00
1765627995.910859,3,1032,819,1765627995908,1765627995910,2,3.52,0.0000,0.0,0.00
1765627995.929471,3,1033,820,1765627995929,1765627995929,0,3.33,0.0000,0.0,0.00
1765627995.951782,3,1034,821,1765627995950,1765627995950,0,3.32,0.0000,0.0,0.00
1765627995.974952,3,1035,823,1765627995973,1765627995973,0,3.35,0.0000,0.0,0.00
1765627995.986404,3,1036,824,1765627995985,1765627995985,0,3.49,0.0000,0.0,0.00
1765627996.007360,3,1037,825,1765627996007,1765627996007,0,3.47,0.0000,0.0,0.00
1765627996.028033,3,1038,826,1765627996028,1765627996028,0,3.48,0.0000,0.0,0.00
1765627996.049679,3,1039,827,1765627996049,1765627996049,0,3.48,0.0000,0.0,0.00
1765627996.070858,3,1040,828,1765627996070,1765627996070,0,3.48,0.0000,0.0,0.00
1765627996.095101,3,1041,829,1765627996092,1765627996095,3,3.35,0.0000,0.0,0.00
1765627996.103882,3,1042,830,1765627996103,1765627996103,0,3.47,0.0000,0.0,0.00
1765627996.125834,3,1043,832,1765627996124,1765627996124,0,3.26,0.0000,0.0,0.00
1765627996.135928,3,1044,833,1765627996135,1765627996135,0,3.26,0.0000,0.0,0.00
1765627996.157081,3,1045,834,1765627996157,1765627996157,0,3.07,0.0000,0.0,0.00
1765627996.180568,3,1046,835,1765627996178,1765627996180,2,3.08,0.0000,0.0,0.00
1765627996.191225,3,1047,836,1765627996190,1765627996190,0,3.11,0.0000,0.0,0.00
1765627996.201381,3,1048,837,1765627996201,1765627996201,0,3.30,0.0000,0.0,0.00
1765627996.223855,3,1049,838,1765627996223,1765627996223,0,3.31,0.0000,0.0,0.00
1765627996.233971,3,1050,839,1765627996233,1765627996233,0,3.51,0.0000,0.0,0.00
1765627996.248145,3,1051,840,1765627996245,1765627996248,3,3.60,0.0000,0.0,0.00
1765627996.266301,3,1052,841,1765627996266,1765627996266,0,3.60,0.0000,0.0,0.00
1765627996.288815,3,1053,842,1765627996287,1765627996287,0,3.57,0.0000,0.0,0.00
1765627996.309123,3,1054,843,1765627996309,1765627996309,0,3.59,0.0000,0.0,0.00
1765627996.330465,3,1055,844,1765627996330,1765627996330,0,3.59,0.0000,0.0,0.00
1765627996.341682,3,1056,845,1765627996341,1765627996341,0,3.64,0.0000,0.0,0.00
1765627996.362566,3,1057,846,1765627996362,1765627996362,0,3.65,0.0000,0.0,0.00
1765627996.375026,3,1058,848,1765627996373,1765627996373,0,3.80,0.0000,0.0,0.00
1765627996.395305,3,1059,849,1765627996395,1765627996395,0,3.81,0.0000,0.0,0.00
1765627996.416633,3,1060,850,1765627996416,1765627996416,0,3.81,0.0000,0.0,0.00
1765627996.437884,3,1061,851,1765627996437,1765627996437,0,3.70,0.0000,0.0,0.00
1765627996.459040,3,1062,852,1765627996459,1765627996459,0,3.51,0.0000,0.0,0.00
1765627996.482248,3,1063,853,1765627996480,1765627996482,2,3.51,0.0000,0.0,0.00
1765627996.502259,3,1064,854,1765627996502,1765627996502,0,3.51,0.0000,0.0,0.00
1765627996.524954,3,1065,855,1765627996524,1765627996524,0,3.52,0.0000,0.0,0.00
1765627996.549039,3,1066,856,1765627996545,1765627996548,3,3.54,0.0000,0.0,0.00
1765627996.566995,3,1067,857,1765627996566,1765627996566,0,3.52,0.0000,0.0,0.00
1765627996.588876,3,1068,858,1765627996588,1765627996588,0,3.52,0.0000,0.0,0.00
1765627996.609488,3,1069,859,1765627996609,1765627996609,0,3.52,0.0000,0.0,0.00
1765627996.630961,3,1070,860,1765627996630,1765627996630,0,3.34,0.0000,0.0,0.00
1765627996.651741,3,1071,861,1765627996651,1765627996651,0,3.34,0.0000,0.0,0.00
1765627996.673868,3,1072,862,1765627996673,1765627996673,0,3.34,0.0000,0.0,0.00
1765627996.694889,3,1073,863,1765627996694,1765627996694,0,3.30,0.0000,0.0,0.00
1765627996.706259,3,1074,864,1765627996706,1765627996706,0,3.44,0.0000,0.0,0.00
1765627996.727726,3,1075,865,1765627996727,1765627996727,0,3.44,0.0000,0.0,0.00
1765627996.750299,3,1076,866,1765627996749,1765627996750,1,3.45,0.0000,0.0,0.00
1765627996.771907,3,1077,868,1765627996771,1765627996771,0,3.43,0.0000,0.0,0.00
1765627996.782698,3,1078,869,1765627996782,1765627996782,0,3.41,0.0000,0.0,0.00
1765627996.804213,3,1079,870,1765627996804,1765627996804,0,3.42,0.0000,0.0,0.00
1765627996.825306,3,1080,871,1765627996825,1765627996825,0,3.41,0.0000,0.0,0.00
1765627996.836931,3,1081,872,1765627996836,1765627996836,0,3.46,0.0000,0.0,0.00
1765627996.857725,3,1082,873,1765627996857,1765627996857,0,3.46,0.0000,0.0,0.00
1765627996.878862,3,1083,874,1765627996878,1765627996878,0,3.46,0.0000,0.0,0.00
1765627996.901163,3,1084,875,1765627996900,1765627996901,1,3.47,0.0000,0.0,0.00
1765627996.922088,3,1085,876,1765627996922,1765627996922,0,3.46,0.0000,0.0,0.00
1765627996.938097,3,1086,877,1765627996932,1765627996938,6,3.54,0.0000,0.0,0.00
1765627996.945130,3,1087,878,1765627996944,1765627996944,0,3.83,0.0000,0.0,0.00
1765627996.955410,3,1088,879,1765627996955,1765627996955,0,3.96,0.0000,0.0,0.00
1765627996.976604,3,1089,880,1765627996976,1765627996976,0,3.96,0.0000,0.0,0.00
1765627997.001537,3,1090,881,1765627996997,1765627997000,3,3.98,0.0000,0.0,0.00
1765627997.019160,3,1091,883,1765627997019,1765627997019,0,3.97,0.0000,0.0,0.00
1765627997.040249,3,1092,884,1765627997040,1765627997040,0,3.94,0.0000,0.0,0.00
1765627997.061818,3,1093,885,1765627997061,1765627997061,0,3.96,0.0000,0.0,0.00
1765627997.085811,3,1094,886,1765627997083,1765627997085,2,3.99,0.0000,0.0,0.00
1765627997.105140,3,1095,887,1765627997105,1765627997105,0,3.96,0.0000,0.0,0.00
1765627997.126653,3,1096,888,1765627997126,1765627997126,0,3.81,0.0000,0.0,0.00
1765627997.147963,3,1097,889,1765627997147,1765627997147,0,3.80,0.0000,0.0,0.00
1765627997.170462,3,1098,890,1765627997168,1765627997170,2,3.82,0.0000,0.0,0.00
1765627997.189977,3,1099,891,1765627997189,1765627997189,0,3.80,0.0000,0.0,0.00
1765627997.211515,3,1100,892,1765627997211,1765627997211,0,3.81,0.0000,0.0,0.00
1765627997.232913,3,1101,893,1765627997232,1765627997232,0,3.77,0.0000,0.0,0.00
1765627997.244234,3,1102,894,1765627997244,1765627997244,0,3.68,0.0000,0.0,0.00
1765627997.265432,3,1103,895,1765627997265,1765627997265,0,3.68,0.0000,0.0,0.00
1765627997.286472,3,1104,896,1765627997286,1765627997286,0,3.50,0.0000,0.0,0.00
1765627997.308336,3,1105,897,1765627997307,1765627997307,0,3.49,0.0000,0.0,0.00
1765627997.328693,3,1106,898,1765627997328,1765627997328,0,3.48,0.0000,0.0,0.00
1765627997.352504,3,1107,899,1765627997350,1765627997352,2,3.30,0.0000,0.0,0.00
1765627997.371017,3,1108,900,1765627997371,1765627997371,0,3.10,0.0000,0.0,0.00
1765627997.392433,3,1109,901,1765627997392,1765627997392,0,3.09,0.0000,0.0,0.00
1765627997.413708,3,1110,902,1765627997413,1765627997413,0,2.87,0.0000,0.0,0.00
1765627997.436268,3,1111,903,1765627997435,1765627997435,0,2.77,0.0000,0.0,0.00
1765627997.456469,3,1112,904,1765627997456,1765627997456,0,2.73,0.0000,0.0,0.00
1765627997.477596,3,1113,905,1765627997477,1765627997477,0,2.73,0.0000,0.0,0.00
1765627997.499876,3,1114,906,1765627997498,1765627997499,1,2.73,0.0000,0.0,0.00
1765627997.520073,3,1115,907,1765627997520,1765627997520,0,2.73,0.0000,0.0,0.00
1765627997.542736,3,1116,908,1765627997542,1765627997542,0,2.51,0.0000,0.0,0.00
1765627997.553477,3,1117,909,1765627997552,1765627997552,0,2.76,0.0000,0.0,0.00
1765627997.574737,3,1118,910,1765627997574,1765627997574,0,2.54,0.0000,0.0,0.00
1765627997.585530,3,1119,911,1765627997585,1765627997585,0,2.76,0.0000,0.0,0.00
1765627997.606917,3,1120,912,1765627997606,1765627997606,0,2.76,0.0000,0.0,0.00
1765627997.628301,3,1121,913,1765627997628,1765627997628,0,2.77,0.0000,0.0,0.00
1765627997.654571,3,1122,914,1765627997650,1765627997654,4,2.80,0.0000,0.0,0.00
1765627997.661541,3,1123,915,1765627997661,1765627997661,0,3.10,0.0000,0.0,0.00
1765627997.686665,3,1124,916,1765627997682,1765627997686,4,3.14,0.0000,0.0,0.00
1765627997.703705,3,1125,917,1765627997703,1765627997703,0,3.19,0.0000,0.0,0.00
1765627997.726048,3,1126,918,1765627997725,1765627997726,1,3.18,0.0000,0.0,0.00
1765627997.748433,3,1127,919,1765627997748,1765627997748,0,3.16,0.0000,0.0,0.00
1765627997.771071,3,1128,920,1765627997769,1765627997771,2,3.17,0.0000,0.0,0.00
1765627997.790479,3,1129,921,1765627997790,1765627997790,0,3.17,0.0000,0.0,0.00
1765627997.805133,3,1130,922,1765627997801,1765627997805,4,3.28,0.0000,0.0,0.00
1765627997.882770,3,1131,923,1765627997882,1765627997882,0,3.79,0.0000,0.0,0.00
1765627997.894425,3,1132,924,1765627997894,1765627997894,0,3.98,0.0000,0.0,0.00
1765627997.916155,3,1133,925,1765627997906,1765627997913,7,4.00,0.0000,0.0,0.00
1765627997.924843,3,1134,926,1765627997918,1765627997924,6,4.02,0.0000,0.0,0.00
1765627997.930727,3,1135,927,1765627997929,1765627997929,0,4.36,0.0000,0.0,0.00
1765627997.951771,3,1136,928,1765627997951,1765627997951,0,4.34,0.0000,0.0,0.00
1765627997.972196,3,1137,929,1765627997972,1765627997972,0,4.34,0.0000,0.0,0.00
1765627997.993085,3,1138,930,1765627997993,1765627997993,0,4.15,0.0000,0.0,0.00
1765627998.015267,3,1139,931,1765627998014,1765627998014,0,4.14,0.0000,0.0,0.00
1765627998.026459,3,1140,932,1765627998025,1765627998025,0,4.33,0.0000,0.0,0.00
1765627998.047569,3,1141,933,1765627998047,1765627998047,0,4.15,0.0000,0.0,0.00
1765627998.058705,3,1142,934,1765627998058,1765627998058,0,4.34,0.0000,0.0,0.00
1765627998.079939,3,1143,935,1765627998079,1765627998079,0,4.34,0.0000,0.0,0.00
1765627998.101189,3,1144,936,1765627998101,1765627998101,0,4.33,0.0000,0.0,0.00
1765627998.125167,3,1145,937,1765627998122,1765627998124,2,4.36,0.0000,0.0,0.00
1765627998.133865,3,1146,938,1765627998133,1765627998133,0,4.51,0.0000,0.0,0.00
1765627998.145172,3,1147,939,1765627998144,1765627998144,0,4.40,0.0000,0.0,0.00
1765627998.165678,3,1148,940,1765627998165,1765627998165,0,4.21,0.0000,0.0,0.00
1765627998.188278,3,1149,941,1765627998187,1765627998188,1,4.23,0.0000,0.0,0.00
1765627998.208619,3,1150,942,1765627998208,1765627998208,0,4.19,0.0000,0.0,0.00
1765627998.229222,3,1151,943,1765627998229,1765627998229,0,4.17,0.0000,0.0,0.00
1765627998.253849,3,1152,944,1765627998250,1765627998253,3,4.20,0.0000,0.0,0.00
1765627998.271795,3,1153,945,1765627998271,1765627998271,0,4.24,0.0000,0.0,0.00
1765627998.293879,3,1154,946,1765627998293,1765627998293,0,4.22,0.0000,0.0,0.00
1765627998.317229,3,1155,947,1765627998314,1765627998317,3,4.26,0.0000,0.0,0.00
1765627998.335973,3,1156,948,1765627998335,1765627998335,0,4.30,0.0000,0.0,0.00
1765627998.358011,3,1157,949,1765627998357,1765627998358,1,4.32,0.0000,0.0,0.00
1765627998.382750,3,1158,950,1765627998378,1765627998378,0,4.29,0.0000,0.0,0.00
1765627998.399994,3,1159,951,1765627998399,1765627998399,0,4.28,0.0000,0.0,0.00
1765627998.421230,3,1160,952,1765627998421,1765627998421,0,4.28,0.0000,0.0,0.00
1765627998.442844,3,1161,953,1765627998442,1765627998442,0,4.28,0.0000,0.0,0.00
1765627998.466410,3,1162,954,1765627998463,1765627998466,3,4.13,0.0000,0.0,0.00
1765627998.485378,3,1163,955,1765627998484,1765627998484,0,4.18,0.0000,0.0,0.00
1765627998.506807,3,1164,956,1765627998506,1765627998506,0,4.19,0.0000,0.0,0.00
1765627998.517942,3,1165,957,1765627998517,1765627998517,0,4.38,0.0000,0.0,0.00
1765627998.539431,3,1166,958,1765627998539,1765627998539,0,4.39,0.0000,0.0,0.00
1765627998.561183,3,1167,959,1765627998561,1765627998561,0,4.37,0.0000,0.0,0.00
1765627998.584735,3,1168,960,1765627998582,1765627998584,2,4.38,0.0000,0.0,0.00
1765627998.604183,3,1169,961,1765627998603,1765627998604,1,4.37,0.0000,0.0,0.00
1765627998.625469,3,1170,962,1765627998624,1765627998624,0,4.37,0.0000,0.0,0.00
1765627998.646223,3,1171,963,1765627998646,1765627998646,0,4.37,0.0000,0.0,0.00
1765627998.667366,3,1172,964,1765627998667,1765627998667,0,4.37,0.0000,0.0,0.00
1765627998.688761,3,1173,965,1765627998688,1765627998688,0,4.37,0.0000,0.0,0.00
1765627998.700605,3,1174,966,1765627998700,1765627998700,0,4.51,0.0000,0.0,0.00
1765627998.722307,3,1175,967,1765627998722,1765627998722,0,4.53,0.0000,0.0,0.00
1765627998.742878,3,1176,968,1765627998742,1765627998742,0,4.50,0.0000,0.0,0.00
1765627998.769671,3,1177,969,1765627998764,1765627998768,4,4.37,0.0000,0.0,0.00
1765627998.786105,3,1178,970,1765627998786,1765627998786,0,4.39,0.0000,0.0,0.00
1765627998.807401,3,1179,971,1765627998807,1765627998807,0,4.21,0.0000,0.0,0.00
1765627998.820011,3,1180,972,1765627998818,1765627998820,2,4.35,0.0000,0.0,0.00
1765627998.839814,3,1181,973,1765627998839,1765627998839,0,4.35,0.0000,0.0,0.00
1765627998.861612,3,1182,974,1765627998861,1765627998861,0,4.30,0.0000,0.0,0.00
1765627998.882343,3,1183,975,1765627998882,1765627998882,0,4.05,0.0000,0.0,0.00
1765627998.903547,3,1184,976,1765627998903,1765627998903,0,3.99,0.0000,0.0,0.00
1765627998.924911,3,1185,977,1765627998924,1765627998924,0,3.93,0.0000,0.0,0.00
1765627998.946634,3,1186,978,1765627998946,1765627998946,0,3.92,0.0000,0.0,0.00
1765627998.970977,3,1187,979,1765627998968,1765627998970,2,3.95,0.0000,0.0,0.00
1765627998.989512,3,1188,980,1765627998989,1765627998989,0,3.94,0.0000,0.0,0.00
1765627999.010810,3,1189,981,1765627999010,1765627999010,0,3.92,0.0000,0.0,0.00
1765627999.032143,3,1190,983,1765627999032,1765627999032,0,3.83,0.0000,0.0,0.00
1765627999.043378,3,1191,984,1765627999043,1765627999043,0,3.41,0.0000,0.0,0.00
1765627999.066287,3,1192,985,1765627999065,1765627999066,1,3.27,0.0000,0.0,0.00
1765627999.078392,3,1193,986,1765627999077,1765627999077,0,3.46,0.0000,0.0,0.00
1765627999.099624,3,1194,987,1765627999099,1765627999099,0,3.28,0.0000,0.0,0.00
1765627999.122956,3,1195,988,1765627999120,1765627999122,2,2.94,0.0000,0.0,0.00
1765627999.142066,3,1196,989,1765627999142,1765627999142,0,2.92,0.0000,0.0,0.00
1765627999.163606,3,1197,990,1765627999163,1765627999163,0,2.92,0.0000,0.0,0.00
1765627999.185302,3,1198,991,1765627999185,1765627999185,0,2.93,0.0000,0.0,0.00
1765627999.206720,3,1199,992,1765627999206,1765627999206,0,2.93,0.0000,0.0,0.00
1765627999.228006,3,1200,993,1765627999228,1765627999228,0,2.73,0.0000,0.0,0.00
1765627999.249753,3,1201,994,1765627999249,1765627999249,0,2.72,0.0000,0.0,0.00
1765627999.276061,3,1202,995,1765627999270,1765627999274,4,2.57,0.0000,0.0,0.00
1765627999.293538,3,1203,996,1765627999292,1765627999292,0,2.61,0.0000,0.0,0.00
1765627999.308116,3,1204,997,1765627999304,1765627999308,4,2.68,0.0000,0.0,0.00
1765627999.314956,3,1205,998,1765627999314,1765627999314,0,2.98,0.0000,0.0,0.00
1765627999.340609,3,1206,999,1765627999336,1765627999339,3,2.77,0.0000,0.0,0.00
1765627999.358581,3,1207,1000,1765627999358,1765627999358,0,2.60,0.0000,0.0,0.00
1765627999.379452,3,1208,1001,1765627999379,1765627999379,0,2.60,0.0000,0.0,0.00
1765627999.400571,3,1209,1002,1765627999400,1765627999400,0,2.57,0.0000,0.0,0.00
1765627999.425771,3,1210,1003,1765627999421,1765627999425,4,2.62,0.0000,0.0,0.00
1765627999.443447,3,1211,1004,1765627999443,1765627999443,0,2.66,0.0000,0.0,0.00
1765627999.464549,3,1212,1005,1765627999464,1765627999464,0,2.63,0.0000,0.0,0.00
1765627999.475693,3,1213,1006,1765627999475,1765627999475,0,2.78,0.0000,0.0,0.00
1765627999.497335,3,1214,1007,1765627999497,1765627999497,0,2.78,0.0000,0.0,0.00
1765627999.518435,3,1215,1008,1765627999518,1765627999518,0,2.75,0.0000,0.0,0.00
1765627999.542603,3,1216,1009,1765627999540,1765627999541,1,2.73,0.0000,0.0,0.00
1765627999.551844,3,1217,1010,1765627999550,1765627999550,0,2.96,0.0000,0.0,0.00
1765627999.575861,3,1218,1011,1765627999572,1765627999575,3,3.01,0.0000,0.0,0.00
1765627999.584831,3,1219,1012,1765627999583,1765627999583,0,3.28,0.0000,0.0,0.00
1765627999.595041,3,1220,1013,1765627999595,1765627999595,0,3.44,0.0000,0.0,0.00
1765627999.616340,3,1221,1014,1765627999616,1765627999616,0,3.44,0.0000,0.0,0.00
1765627999.639943,3,1222,1015,1765627999637,1765627999639,2,3.43,0.0000,0.0,0.00
1765627999.658449,3,1223,1016,1765627999658,1765627999658,0,3.41,0.0000,0.0,0.00
1765627999.679250,3,1224,1017,1765627999679,1765627999679,0,3.40,0.0000,0.0,0.00
1765627999.701234,3,1225,1018,1765627999701,1765627999701,0,3.22,0.0000,0.0,0.00
1765627999.725531,3,1226,1019,1765627999722,1765627999724,2,3.23,0.0000,0.0,0.00
1765627999.744041,3,1227,1020,1765627999744,1765627999744,0,3.21,0.0000,0.0,0.00
1765627999.765043,3,1228,1021,1765627999765,1765627999765,0,3.19,0.0000,0.0,0.00
1765627999.787363,3,1229,1023,1765627999787,1765627999787,0,3.21,0.0000,0.0,0.00
1765627999.799609,3,1230,1024,1765627999798,1765627999798,0,3.41,0.0000,0.0,0.00
1765627999.810989,3,1231,1025,1765627999809,1765627999810,1,3.55,0.0000,0.0,0.00
1765627999.827381,3,1232,1026,1765627999821,1765627999826,5,3.61,0.0000,0.0,0.00
1765627999.843408,3,1233,1027,1765627999843,1765627999843,0,3.64,0.0000,0.0,0.00
1765627999.864954,3,1234,1028,1765627999864,1765627999864,0,3.50,0.0000,0.0,0.00
1765627999.888108,3,1235,1029,1765627999886,1765627999888,2,3.52,0.0000,0.0,0.00
1765627999.907997,3,1236,1030,1765627999907,1765627999907,0,3.52,0.0000,0.0,0.00
1765627999.929884,3,1237,1031,1765627999929,1765627999929,0,3.48,0.0000,0.0,0.00
1765627999.950338,3,1238,1032,1765627999950,1765627999950,0,3.47,0.0000,0.0,0.00
1765627999.971765,3,1239,1033,1765627999971,1765627999971,0,3.47,0.0000,0.0,0.00
1765627999.993057,3,1240,1034,1765627999993,1765627999993,0,3.35,0.0000,0.0,0.00
1765628000.015094,3,1241,1035,1765628000015,1765628000015,0,3.36,0.0000,0.0,0.00
1765628000.027423,3,1242,1036,1765628000026,1765628000026,0,3.53,0.0000,0.0,0.00
1765628000.038167,3,1243,1037,1765628000037,1765628000038,1,3.68,0.0000,0.0,0.00
1765628000.048474,3,1244,1038,1765628000048,1765628000048,0,3.86,0.0000,0.0,0.00
1765628000.069364,3,1245,1039,1765628000069,1765628000069,0,3.86,0.0000,0.0,0.00
1765628000.090554,3,1246,1040,1765628000090,1765628000090,0,3.85,0.0000,0.0,0.00
1765628000.111873,3,1247,1041,1765628000111,1765628000111,0,3.81,0.0000,0.0,0.00
1765628000.136361,3,1248,1042,1765628000132,1765628000134,2,3.86,0.0000,0.0,0.00
1765628000.153601,3,1249,1043,1765628000153,1765628000153,0,3.83,0.0000,0.0,0.00
1765628000.175078,3,1250,1044,1765628000175,1765628000175,0,3.83,0.0000,0.0,0.00
1765628000.195730,3,1251,1045,1765628000195,1765628000195,0,3.67,0.0000,0.0,0.00
1765628000.217265,3,1252,1046,1765628000217,1765628000217,0,3.66,0.0000,0.0,0.00
1765628000.238500,3,1253,1047,1765628000238,1765628000238,0,3.49,0.0000,0.0,0.00
1765628000.260553,3,1254,1048,1765628000259,1765628000259,0,3.48,0.0000,0.0,0.00
1765628000.286137,3,1255,1049,1765628000280,1765628000286,6,3.52,0.0000,0.0,0.00
1765628000.302226,3,1256,1050,1765628000302,1765628000302,0,3.59,0.0000,0.0,0.00
1765628000.323488,3,1257,1051,1765628000323,1765628000323,0,3.59,0.0000,0.0,0.00
1765628000.344870,3,1258,1052,1765628000344,1765628000344,0,3.58,0.0000,0.0,0.00
1765628000.366271,3,1259,1053,1765628000366,1765628000366,0,3.59,0.0000,0.0,0.00
1765628000.388036,3,1260,1054,1765628000388,1765628000388,0,3.59,0.0000,0.0,0.00
1765628000.409600,3,1261,1055,1765628000409,1765628000409,0,3.59,0.0000,0.0,0.00
1765628000.433752,3,1262,1056,1765628000430,1765628000433,3,3.58,0.0000,0.0,0.00
1765628000.452286,3,1263,1057,1765628000452,1765628000452,0,3.56,0.0000,0.0,0.00
1765628000.472794,3,1264,1058,1765628000472,1765628000472,0,3.49,0.0000,0.0,0.00
1765628000.485580,3,1265,1059,1765628000484,1765628000485,1,3.33,0.0000,0.0,0.00
1765628000.505447,3,1266,1060,1765628000505,1765628000505,0,3.27,0.0000,0.0,0.00
1765628000.526447,3,1267,1061,1765628000526,1765628000526,0,3.28,0.0000,0.0,0.00
1765628000.553388,3,1268,1062,1765628000548,1765628000552,4,3.33,0.0000,0.0,0.00
1765628000.559635,3,1269,1063,1765628000559,1765628000559,0,3.60,0.0000,0.0,0.00
1765628000.581403,3,1270,1064,1765628000581,1765628000581,0,3.57,0.0000,0.0,0.00
1765628000.592330,3,1271,1065,1765628000592,1765628000592,0,3.73,0.0000,0.0,0.00
1765628000.614469,3,1272,1066,1765628000614,1765628000614,0,3.74,0.0000,0.0,0.00
1765628000.626080,3,1273,1067,1765628000626,1765628000626,0,3.72,0.0000,0.0,0.00
1765628000.647546,3,1274,1068,1765628000647,1765628000647,0,3.71,0.0000,0.0,0.00
1765628000.671320,3,1275,1069,1765628000668,1765628000671,3,3.74,0.0000,0.0,0.00
1765628000.689987,3,1276,1070,1765628000689,1765628000689,0,3.72,0.0000,0.0,0.00
1765628000.711527,3,1277,1071,1765628000711,1765628000711,0,3.52,0.0000,0.0,0.00
1765628000.732602,3,1278,1072,1765628000732,1765628000732,0,3.48,0.0000,0.0,0.00
1765628000.753946,3,1279,1073,1765628000753,1765628000753,0,3.23,0.0000,0.0,0.00
1765628000.775424,3,1280,1074,1765628000775,1765628000775,0,3.08,0.0000,0.0,0.00
1765628000.797242,3,1281,1075,1765628000797,1765628000797,0,3.09,0.0000,0.0,0.00
1765628000.824047,3,1282,1076,1765628000819,1765628000822,3,3.11,0.0000,0.0,0.00
1765628000.830094,3,1283,1077,1765628000830,1765628000830,0,3.37,0.0000,0.0,0.00
1765628000.856465,3,1284,1078,1765628000852,1765628000855,3,3.41,0.0000,0.0,0.00
1765628000.862849,3,1285,1079,1765628000862,1765628000862,0,3.68,0.0000,0.0,0.00
1765628000.874033,3,1286,1080,1765628000874,1765628000874,0,3.81,0.0000,0.0,0.00
1765628000.895369,3,1287,1081,1765628000895,1765628000895,0,3.82,0.0000,0.0,0.00
1765628000.916451,3,1288,1082,1765628000916,1765628000916,0,3.82,0.0000,0.0,0.00
1765628000.928071,3,1289,1083,1765628000928,1765628000928,0,3.94,0.0000,0.0,0.00
1765628000.948745,3,1290,1084,1765628000948,1765628000948,0,3.77,0.0000,0.0,0.00
1765628000.970076,3,1291,1085,1765628000970,1765628000970,0,3.63,0.0000,0.0,0.00
1765628000.991237,3,1292,1086,1765628000991,1765628000991,0,3.57,0.0000,0.0,0.00
1765628001.012431,3,1293,1088,1765628001012,1765628001012,0,3.52,0.0000,0.0,0.00
1765628001.035516,3,1294,1090,1765628001033,1765628001035,2,3.54,0.0000,0.0,0.00
1765628001.055482,3,1295,1091,1765628001054,1765628001055,1,3.51,0.0000,0.0,0.00
1765628001.076432,3,1296,1092,1765628001076,1765628001076,0,3.51,0.0000,0.0,0.00
1765628001.097290,3,1297,1093,1765628001097,1765628001097,0,3.50,0.0000,0.0,0.00
1765628001.122399,3,1298,1094,1765628001119,1765628001121,2,3.53,0.0000,0.0,0.00
1765628001.130749,3,1299,1095,1765628001130,1765628001130,0,3.77,0.0000,0.0,0.00
1765628001.141882,3,1300,1096,1765628001141,1765628001141,0,3.94,0.0000,0.0,0.00
1765628001.162934,3,1301,1097,1765628001162,1765628001162,0,3.93,0.0000,0.0,0.00
1765628001.186007,3,1302,1098,1765628001183,1765628001186,3,3.78,0.0000,0.0,0.00
1765628001.205276,3,1303,1099,1765628001205,1765628001205,0,3.61,0.0000,0.0,0.00
1765628001.226688,3,1304,1100,1765628001226,1765628001226,0,3.38,0.0000,0.0,0.00
1765628001.247835,3,1305,1101,1765628001247,1765628001247,0,3.38,0.0000,0.0,0.00
1765628001.269455,3,1306,1102,1765628001269,1765628001269,0,3.39,0.0000,0.0,0.00
1765628001.291016,3,1307,1103,1765628001291,1765628001291,0,3.40,0.0000,0.0,0.00
1765628001.312568,3,1308,1104,1765628001312,1765628001312,0,3.38,0.0000,0.0,0.00
1765628001.336253,3,1309,1106,1765628001333,1765628001336,3,3.40,0.0000,0.0,0.00
1765628001.344890,3,1310,1107,1765628001344,1765628001344,0,3.67,0.0000,0.0,0.00
1765628001.366056,3,1311,1108,1765628001366,1765628001366,0,3.69,0.0000,0.0,0.00
1765628001.389950,3,1312,1109,1765628001387,1765628001389,2,3.70,0.0000,0.0,0.00
1765628001.408948,3,1313,1110,1765628001408,1765628001408,0,3.70,0.0000,0.0,0.00
1765628001.429971,3,1314,1111,1765628001429,1765628001429,0,3.70,0.0000,0.0,0.00
1765628001.454220,3,1315,1112,1765628001451,1765628001454,3,3.68,0.0000,0.0,0.00
1765628001.472289,3,1316,1113,1765628001472,1765628001472,0,3.63,0.0000,0.0,0.00
1765628001.493478,3,1317,1114,1765628001493,1765628001493,0,3.63,0.0000,0.0,0.00
1765628001.514776,3,1318,1115,1765628001514,1765628001514,0,3.63,0.0000,0.0,0.00
1765628001.537697,3,1319,1116,1765628001536,1765628001537,1,3.64,0.0000,0.0,0.00
1765628001.547379,3,1320,1117,1765628001547,1765628001547,0,3.85,0.0000,0.0,0.00
1765628001.571437,3,1321,1118,1765628001569,1765628001571,2,3.87,0.0000,0.0,0.00
1765628001.591423,3,1322,1119,1765628001590,1765628001591,1,3.84,0.0000,0.0,0.00
1765628001.612242,3,1323,1120,1765628001612,1765628001612,0,3.84,0.0000,0.0,0.00
1765628001.624074,3,1324,1121,1765628001622,1765628001624,2,4.01,0.0000,0.0,0.00
1765628001.634120,3,1325,1122,1765628001634,1765628001634,0,4.08,0.0000,0.0,0.00
1765628001.655555,3,1326,1123,1765628001655,1765628001655,0,4.09,0.0000,0.0,0.00
1765628001.676821,3,1327,1124,1765628001676,1765628001676,0,4.09,0.0000,0.0,0.00
1765628001.698200,3,1328,1125,1765628001698,1765628001698,0,4.06,0.0000,0.0,0.00
1765628001.719251,3,1329,1126,1765628001719,1765628001719,0,3.78,0.0000,0.0,0.00
1765628001.740761,3,1330,1127,1765628001740,1765628001740,0,3.77,0.0000,0.0,0.00
1765628001.762334,3,1331,1128,1765628001762,1765628001762,0,3.58,0.0000,0.0,0.00
1765628001.783888,3,1332,1129,1765628001783,1765628001783,0,3.57,0.0000,0.0,0.00
1765628001.806678,3,1333,1130,1765628001805,1765628001806,1,3.41,0.0000,0.0,0.00
1765628001.826811,3,1334,1131,1765628001826,1765628001826,0,3.40,0.0000,0.0,0.00
1765628001.839617,3,1335,1132,1765628001838,1765628001838,0,3.56,0.0000,0.0,0.00
1765628001.859582,3,1336,1133,1765628001859,1765628001859,0,3.53,0.0000,0.0,0.00
1765628001.881002,3,1337,1134,1765628001881,1765628001881,0,3.53,0.0000,0.0,0.00
1765628001.902359,3,1338,1135,1765628001902,1765628001902,0,3.53,0.0000,0.0,0.00
1765628001.924019,3,1339,1136,1765628001924,1765628001924,0,3.54,0.0000,0.0,0.00
1765628001.945287,3,1340,1137,1765628001945,1765628001945,0,3.53,0.0000,0.0,0.00
1765628001.966977,3,1341,1138,1765628001966,1765628001966,0,3.53,0.0000,0.0,0.00
1765628001.990373,3,1342,1139,1765628001988,1765628001989,1,3.51,0.0000,0.0,0.00
1765628002.009633,3,1343,1140,1765628002009,1765628002009,0,3.22,0.0000,0.0,0.00
1765628002.022341,3,1344,1141,1765628002020,1765628002022,2,3.34,0.0000,0.0,0.00
1765628002.032599,3,1345,1142,1765628002032,1765628002032,0,3.27,0.0000,0.0,0.00
1765628002.058085,3,1346,1143,1765628002054,1765628002058,4,3.12,0.0000,0.0,0.00
1765628002.075706,3,1347,1144,1765628002075,1765628002075,0,3.18,0.0000,0.0,0.00
1765628002.092430,3,1348,1145,1765628002087,1765628002091,4,3.26,0.0000,0.0,0.00
1765628002.098391,3,1349,1146,1765628002098,1765628002098,0,3.38,0.0000,0.0,0.00
1765628002.109870,3,1350,1147,1765628002109,1765628002109,0,3.59,0.0000,0.0,0.00
1765628002.131078,3,1351,1148,1765628002131,1765628002131,0,3.59,0.0000,0.0,0.00
1765628002.155464,3,1352,1149,1765628002152,1765628002155,3,3.61,0.0000,0.0,0.00
1765628002.164337,3,1353,1150,1765628002163,1765628002163,0,3.87,0.0000,0.0,0.00
1765628002.188254,3,1354,1151,1765628002185,1765628002187,2,3.88,0.0000,0.0,0.00
1765628002.206796,3,1355,1152,1765628002206,1765628002206,0,3.88,0.0000,0.0,0.00
1765628002.228993,3,1356,1153,1765628002228,1765628002228,0,3.89,0.0000,0.0,0.00
1765628002.239702,3,1357,1154,1765628002239,1765628002239,0,4.05,0.0000,0.0,0.00
1765628002.260715,3,1358,1155,1765628002260,1765628002260,0,4.02,0.0000,0.0,0.00
1765628002.283237,3,1359,1156,1765628002281,1765628002281,0,3.81,0.0000,0.0,0.00
1765628002.293560,3,1360,1157,1765628002293,1765628002293,0,3.79,0.0000,0.0,0.00
1765628002.314524,3,1361,1158,1765628002314,1765628002314,0,3.79,0.0000,0.0,0.00
1765628002.339188,3,1362,1159,1765628002335,1765628002339,4,3.80,0.0000,0.0,0.00
1765628002.357045,3,1363,1160,1765628002357,1765628002357,0,3.82,0.0000,0.0,0.00
1765628002.378377,3,1364,1161,1765628002378,1765628002378,0,3.82,0.0000,0.0,0.00
1765628002.389565,3,1365,1162,1765628002389,1765628002389,0,3.99,0.0000,0.0,0.00
1765628002.410514,3,1366,1163,1765628002410,1765628002410,0,3.98,0.0000,0.0,0.00
1765628002.431798,3,1367,1164,1765628002431,1765628002431,0,3.97,0.0000,0.0,0.00
1765628002.454969,3,1368,1165,1765628002452,1765628002454,2,3.99,0.0000,0.0,0.00
1765628002.475131,3,1369,1166,1765628002474,1765628002474,0,3.95,0.0000,0.0,0.00
1765628002.490942,3,1370,1167,1765628002485,1765628002489,4,3.79,0.0000,0.0,0.00
1765628002.506947,3,1371,1168,1765628002506,1765628002506,0,3.80,0.0000,0.0,0.00
1765628002.518098,3,1372,1169,1765628002518,1765628002518,0,3.92,0.0000,0.0,0.00
1765628002.529244,3,1373,1170,1765628002529,1765628002529,0,4.09,0.0000,0.0,0.00
1765628002.550632,3,1374,1171,1765628002550,1765628002550,0,4.09,0.0000,0.0,0.00
1765628002.571978,3,1375,1172,1765628002571,1765628002571,0,4.04,0.0000,0.0,0.00
1765628002.593263,3,1376,1173,1765628002593,1765628002593,0,4.07,0.0000,0.0,0.00
1765628002.614608,3,1377,1174,1765628002614,1765628002614,0,4.07,0.0000,0.0,0.00
1765628002.636035,3,1378,1175,1765628002636,1765628002636,0,4.08,0.0000,0.0,0.00
1765628002.658072,3,1379,1176,1765628002658,1765628002658,0,4.07,0.0000,0.0,0.00
1765628002.668796,3,1380,1177,1765628002668,1765628002668,0,4.07,0.0000,0.0,0.00
1765628002.690639,3,1381,1178,1765628002690,1765628002690,0,4.05,0.0000,0.0,0.00
1765628002.702525,3,1382,1179,1765628002702,1765628002702,0,4.18,0.0000,0.0,0.00
1765628002.724720,3,1383,1180,1765628002723,1765628002723,0,4.18,0.0000,0.0,0.00
1765628002.744975,3,1384,1181,1765628002744,1765628002744,0,4.06,0.0000,0.0,0.00
1765628002.767283,3,1385,1182,1765628002767,1765628002767,0,3.90,0.0000,0.0,0.00
1765628002.778540,3,1386,1183,1765628002777,1765628002777,0,4.08,0.0000,0.0,0.00
1765628002.789667,3,1387,1185,1765628002789,1765628002789,0,4.20,0.0000,0.0,0.00
1765628002.800470,3,1388,1186,1765628002800,1765628002800,0,4.32,0.0000,0.0,0.00
1765628002.821708,3,1389,1187,1765628002821,1765628002821,0,4.32,0.0000,0.0,0.00
1765628002.843482,3,1390,1188,1765628002843,1765628002843,0,4.33,0.0000,0.0,0.00
1765628002.865149,3,1391,1189,1765628002864,1765628002864,0,4.32,0.0000,0.0,0.00
1765628002.885942,3,1392,1190,1765628002885,1765628002885,0,4.32,0.0000,0.0,0.00
1765628002.908081,3,1393,1191,1765628002908,1765628002908,0,4.32,0.0000,0.0,0.00
1765628002.928830,3,1394,1192,1765628002928,1765628002928,0,4.32,0.0000,0.0,0.00
1765628002.951668,3,1395,1193,1765628002950,1765628002951,1,4.23,0.0000,0.0,0.00
1765628002.971830,3,1396,1194,1765628002971,1765628002971,0,4.22,0.0000,0.0,0.00
1765628002.992639,3,1397,1195,1765628002992,1765628002992,0,4.21,0.0000,0.0,0.00
1765628003.013987,3,1398,1196,1765628003013,1765628003013,0,4.21,0.0000,0.0,0.00
1765628003.036658,3,1399,1198,1765628003035,1765628003036,1,4.22,0.0000,0.0,0.00
1765628003.057009,3,1400,1199,1765628003057,1765628003057,0,4.22,0.0000,0.0,0.00
1765628003.078662,3,1401,1200,1765628003078,1765628003078,0,4.22,0.0000,0.0,0.00
1765628003.102246,3,1402,1201,1765628003099,1765628003101,2,4.22,0.0000,0.0,0.00
1765628003.120892,3,1403,1202,1765628003120,1765628003120,0,4.21,0.0000,0.0,0.00
1765628003.142096,3,1404,1203,1765628003142,1765628003142,0,4.12,0.0000,0.0,0.00
1765628003.163218,3,1405,1204,1765628003163,1765628003163,0,3.94,0.0000,0.0,0.00
1765628003.174935,3,1406,1205,1765628003174,1765628003174,0,4.05,0.0000,0.0,0.00
1765628003.185881,3,1407,1206,1765628003185,1765628003185,0,4.18,0.0000,0.0,0.00
1765628003.207152,3,1408,1207,1765628003207,1765628003207,0,4.16,0.0000,0.0,0.00
1765628003.228444,3,1409,1208,1765628003228,1765628003228,0,3.91,0.0000,0.0,0.00
1765628003.250511,3,1410,1209,1765628003249,1765628003249,0,3.73,0.0000,0.0,0.00
1765628003.271368,3,1411,1210,1765628003271,1765628003271,0,3.73,0.0000,0.0,0.00
1765628003.293051,3,1412,1211,1765628003293,1765628003293,0,3.72,0.0000,0.0,0.00
1765628003.314090,3,1413,1212,1765628003314,1765628003314,0,3.47,0.0000,0.0,0.00
1765628003.335605,3,1414,1213,1765628003335,1765628003335,0,3.44,0.0000,0.0,0.00
1765628003.356807,3,1415,1214,1765628003356,1765628003356,0,3.46,0.0000,0.0,0.00
1765628003.377747,3,1416,1215,1765628003377,1765628003377,0,3.45,0.0000,0.0,0.00
1765628003.401535,3,1417,1216,1765628003398,1765628003401,3,3.28,0.0000,0.0,0.00
1765628003.410613,3,1418,1217,1765628003410,1765628003410,0,3.52,0.0000,0.0,0.00
1765628003.421438,3,1419,1218,1765628003421,1765628003421,0,3.70,0.0000,0.0,0.00
1765628003.443072,3,1420,1219,1765628003443,1765628003443,0,3.56,0.0000,0.0,0.00
1765628003.468768,3,1421,1220,1765628003464,1765628003467,3,3.58,0.0000,0.0,0.00
1765628003.485790,3,1422,1221,1765628003485,1765628003485,0,3.56,0.0000,0.0,0.00
1765628003.507136,3,1423,1222,1765628003507,1765628003507,0,3.56,0.0000,0.0,0.00
1765628003.528853,3,1424,1223,1765628003528,1765628003528,0,3.56,0.0000,0.0,0.00
1765628003.551651,3,1425,1224,1765628003550,1765628003550,0,3.37,0.0000,0.0,0.00
1765628003.571683,3,1426,1225,1765628003571,1765628003571,0,3.37,0.0000,0.0,0.00
1765628003.593035,3,1427,1226,1765628003593,1765628003593,0,3.38,0.0000,0.0,0.00
1765628003.614372,3,1428,1227,1765628003614,1765628003614,0,3.37,0.0000,0.0,0.00
1765628003.636226,3,1429,1228,1765628003635,1765628003635,0,3.37,0.0000,0.0,0.00
1765628003.657122,3,1430,1229,1765628003657,1765628003657,0,3.28,0.0000,0.0,0.00
1765628003.678596,3,1431,1230,1765628003678,1765628003678,0,3.23,0.0000,0.0,0.00
1765628003.692030,3,1432,1231,1765628003690,1765628003690,0,3.23,0.0000,0.0,0.00
1765628003.702312,3,1433,1232,1765628003702,1765628003702,0,3.20,0.0000,0.0,0.00
1765628003.724965,3,1434,1233,1765628003724,1765628003724,0,3.21,0.0000,0.0,0.00
1765628003.745241,3,1435,1234,1765628003745,1765628003745,0,3.21,0.0000,0.0,0.00
1765628003.772688,3,1436,1235,1765628003766,1765628003767,1,3.21,0.0000,0.0,0.00
1765628003.777929,3,1437,1236,1765628003777,1765628003777,0,3.45,0.0000,0.0,0.00
1765628003.791409,3,1438,1237,1765628003789,1765628003790,1,3.58,0.0000,0.0,0.00
1765628003.810894,3,1439,1238,1765628003810,1765628003810,0,3.57,0.0000,0.0,0.00
1765628003.832783,3,1440,1239,1765628003832,1765628003832,0,3.35,0.0000,0.0,0.00
1765628003.855013,3,1441,1240,1765628003853,1765628003855,2,3.36,0.0000,0.0,0.00
1765628003.876038,3,1442,1241,1765628003874,1765628003874,0,3.18,0.0000,0.0,0.00
1765628003.886720,3,1443,1242,1765628003886,1765628003886,0,3.36,0.0000,0.0,0.00
1765628003.908084,3,1444,1243,1765628003908,1765628003908,0,3.37,0.0000,0.0,0.00
1765628003.928864,3,1445,1244,1765628003928,1765628003928,0,3.34,0.0000,0.0,0.00
1765628003.953168,3,1446,1245,1765628003949,1765628003953,4,3.15,0.0000,0.0,0.00
1765628003.971800,3,1447,1246,1765628003971,1765628003971,0,2.99,0.0000,0.0,0.00
1765628003.993416,3,1448,1247,1765628003993,1765628003993,0,2.78,0.0000,0.0,0.00
1765628004.006640,3,1449,1248,1765628004004,1765628004006,2,2.95,0.0000,0.0,0.00
1765628004.015999,3,1450,1249,1765628004015,1765628004015,0,3.20,0.0000,0.0,0.00
1765628004.027111,3,1451,1250,1765628004027,1765628004027,0,3.37,0.0000,0.0,0.00
1765628004.048516,3,1452,1251,1765628004048,1765628004048,0,3.37,0.0000,0.0,0.00
1765628004.071183,3,1453,1252,1765628004070,1765628004070,0,3.36,0.0000,0.0,0.00
1765628004.090729,3,1454,1253,1765628004090,1765628004090,0,3.36,0.0000,0.0,0.00
1765628004.104599,3,1455,1254,1765628004101,1765628004104,3,3.46,0.0000,0.0,0.00
1765628004.123213,3,1456,1255,1765628004123,1765628004123,0,3.45,0.0000,0.0,0.00
1765628004.144385,3,1457,1256,1765628004144,1765628004144,0,3.45,0.0000,0.0,0.00
1765628004.165737,3,1458,1257,1765628004165,1765628004165,0,3.45,0.0000,0.0,0.00
1765628004.187122,3,1459,1258,1765628004187,1765628004187,0,3.44,0.0000,0.0,0.00
1765628004.208508,3,1460,1259,1765628004208,1765628004208,0,3.44,0.0000,0.0,0.00
1765628004.229792,3,1461,1260,1765628004229,1765628004229,0,3.44,0.0000,0.0,0.00
1765628004.253748,3,1462,1261,1765628004250,1765628004253,3,3.45,0.0000,0.0,0.00
1765628004.262178,3,1463,1262,1765628004262,1765628004262,0,3.69,0.0000,0.0,0.00
1765628004.286874,3,1464,1263,1765628004283,1765628004286,3,3.71,0.0000,0.0,0.00
1765628004.304779,3,1465,1264,1765628004304,1765628004304,0,3.71,0.0000,0.0,0.00
1765628004.325551,3,1466,1265,1765628004325,1765628004325,0,3.54,0.0000,0.0,0.00
1765628004.347188,3,1467,1266,1765628004347,1765628004347,0,3.37,0.0000,0.0,0.00
1765628004.372481,3,1468,1268,1765628004368,1765628004371,3,3.39,0.0000,0.0,0.00
1765628004.379776,3,1469,1269,1765628004379,1765628004379,0,3.64,0.0000,0.0,0.00
1765628004.404830,3,1470,1270,1765628004401,1765628004404,3,3.68,0.0000,0.0,0.00
1765628004.422990,3,1471,1271,1765628004422,1765628004422,0,3.68,0.0000,0.0,0.00
1765628004.444736,3,1472,1272,1765628004444,1765628004444,0,3.68,0.0000,0.0,0.00
1765628004.469348,3,1473,1273,1765628004465,1765628004467,2,3.70,0.0000,0.0,0.00
1765628004.487113,3,1474,1274,1765628004487,1765628004487,0,3.69,0.0000,0.0,0.00
1765628004.508790,3,1475,1275,1765628004508,1765628004508,0,3.69,0.0000,0.0,0.00
1765628004.529846,3,1476,1276,1765628004529,1765628004529,0,3.69,0.0000,0.0,0.00
1765628004.541446,3,1477,1277,1765628004541,1765628004541,0,3.80,0.0000,0.0,0.00
1765628004.562764,3,1478,1278,1765628004562,1765628004562,0,3.59,0.0000,0.0,0.00
1765628004.574097,3,1479,1279,1765628004574,1765628004574,0,3.57,0.0000,0.0,0.00
1765628004.597153,3,1480,1280,1765628004597,1765628004597,0,3.58,0.0000,0.0,0.00
1765628004.608170,3,1481,1281,1765628004607,1765628004607,0,3.73,0.0000,0.0,0.00
1765628004.628517,3,1482,1282,1765628004628,1765628004628,0,3.73,0.0000,0.0,0.00
1765628004.639735,3,1483,1283,1765628004639,1765628004639,0,3.89,0.0000,0.0,0.00
1765628004.654477,3,1484,1284,1765628004650,1765628004654,4,3.95,0.0000,0.0,0.00
1765628004.671929,3,1485,1285,1765628004671,1765628004671,0,3.96,0.0000,0.0,0.00
1765628004.692870,3,1486,1286,1765628004692,1765628004692,0,3.96,0.0000,0.0,0.00
1765628004.713936,3,1487,1287,1765628004713,1765628004713,0,3.94,0.0000,0.0,0.00
1765628004.740122,3,1488,1288,1765628004735,1765628004740,5,4.01,0.0000,0.0,0.00
1765628004.757039,3,1489,1289,1765628004757,1765628004757,0,4.02,0.0000,0.0,0.00
1765628004.778365,3,1490,1290,1765628004778,1765628004778,0,4.01,0.0000,0.0,0.00
1765628004.790092,3,1491,1291,1765628004789,1765628004790,1,4.12,0.0000,0.0,0.00
1765628004.800756,3,1492,1292,1765628004800,1765628004800,0,4.17,0.0000,0.0,0.00
1765628004.824697,3,1493,1293,1765628004822,1765628004823,1,4.08,0.0000,0.0,0.00
1765628004.843556,3,1494,1294,1765628004843,1765628004843,0,4.06,0.0000,0.0,0.00
1765628004.854981,3,1495,1295,1765628004854,1765628004854,0,4.19,0.0000,0.0,0.00
1765628004.876196,3,1496,1296,1765628004876,1765628004876,0,4.19,0.0000,0.0,0.00
1765628004.888506,3,1497,1297,1765628004887,1765628004888,1,4.15,0.0000,0.0,0.00
1765628004.908302,3,1498,1298,1765628004908,1765628004908,0,4.04,0.0000,0.0,0.00
1765628004.930061,3,1499,1299,1765628004930,1765628004930,0,4.07,0.0000,0.0,0.00
1765628004.950864,3,1500,1300,1765628004950,1765628004950,0,4.04,0.0000,0.0,0.00
1765628004.972929,3,1501,1301,1765628004972,1765628004972,0,4.03,0.0000,0.0,0.00
1765628004.987788,3,1502,1302,1765628004984,1765628004987,3,4.10,0.0000,0.0,0.00
1765628004.995210,3,1503,1303,1765628004995,1765628004995,0,4.19,0.0000,0.0,0.00
1765628005.020419,3,1504,1304,1765628005016,1765628005020,4,4.22,0.0000,0.0,0.00
1765628005.038312,3,1505,1305,1765628005038,1765628005038,0,4.22,0.0000,0.0,0.00
1765628005.060281,3,1506,1307,1765628005060,1765628005060,0,4.18,0.0000,0.0,0.00
1765628005.081130,3,1507,1308,1765628005081,1765628005081,0,4.20,0.0000,0.0,0.00
1765628005.104154,3,1508,1310,1765628005102,1765628005103,1,4.20,0.0000,0.0,0.00
1765628005.123861,3,1509,1311,1765628005123,1765628005123,0,4.10,0.0000,0.0,0.00
1765628005.145310,3,1510,1312,1765628005145,1765628005145,0,3.92,0.0000,0.0,0.00
1765628005.170557,3,1511,1313,1765628005166,1765628005170,4,3.83,0.0000,0.0,0.00
1765628005.188418,3,1512,1314,1765628005188,1765628005188,0,3.83,0.0000,0.0,0.00
1765628005.209908,3,1513,1315,1765628005209,1765628005209,0,3.82,0.0000,0.0,0.00
1765628005.231015,3,1514,1316,1765628005231,1765628005231,0,3.85,0.0000,0.0,0.00
1765628005.254928,3,1515,1317,1765628005252,1765628005253,1,3.77,0.0000,0.0,0.00
1765628005.273758,3,1516,1318,1765628005273,1765628005273,0,3.77,0.0000,0.0,0.00
1765628005.294487,3,1517,1319,1765628005294,1765628005294,0,3.77,0.0000,0.0,0.00
1765628005.306692,3,1518,1320,1765628005305,1765628005305,0,3.93,0.0000,0.0,0.00
1765628005.316942,3,1519,1321,1765628005316,1765628005316,0,4.07,0.0000,0.0,0.00
1765628005.338287,3,1520,1322,1765628005338,1765628005338,0,4.08,0.0000,0.0,0.00
1765628005.359812,3,1521,1323,1765628005359,1765628005359,0,4.08,0.0000,0.0,0.00
1765628005.382075,3,1522,1324,1765628005382,1765628005382,0,4.07,0.0000,0.0,0.00
1765628005.405767,3,1523,1325,1765628005403,1765628005405,2,3.90,0.0000,0.0,0.00
1765628005.425471,3,1524,1326,1765628005425,1765628005425,0,3.86,0.0000,0.0,0.00
1765628005.446905,3,1525,1327,1765628005446,1765628005446,0,3.85,0.0000,0.0,0.00
1765628005.468433,3,1526,1328,1765628005468,1765628005468,0,3.86,0.0000,0.0,0.00
1765628005.479704,3,1527,1329,1765628005479,1765628005479,0,4.01,0.0000,0.0,0.00
1765628005.501934,3,1528,1330,1765628005501,1765628005501,0,3.99,0.0000,0.0,0.00
1765628005.523248,3,1529,1331,1765628005523,1765628005523,0,3.78,0.0000,0.0,0.00
1765628005.544147,3,1530,1332,1765628005544,1765628005544,0,3.73,0.0000,0.0,0.00
1765628005.565009,3,1531,1333,1765628005565,1765628005565,0,3.73,0.0000,0.0,0.00
1765628005.591287,3,1532,1334,1765628005585,1765628005591,6,3.77,0.0000,0.0,0.00
1765628005.608205,3,1533,1335,1765628005608,1765628005608,0,3.78,0.0000,0.0,0.00
1765628005.630116,3,1534,1336,1765628005630,1765628005630,0,3.80,0.0000,0.0,0.00
1765628005.641350,3,1535,1337,1765628005641,1765628005641,0,3.96,0.0000,0.0,0.00
1765628005.652071,3,1536,1338,1765628005652,1765628005652,0,4.10,0.0000,0.0,0.00
1765628005.663461,3,1537,1339,1765628005663,1765628005663,0,4.12,0.0000,0.0,0.00
1765628005.684618,3,1538,1340,1765628005684,1765628005684,0,4.12,0.0000,0.0,0.00
1765628005.705672,3,1539,1341,1765628005705,1765628005705,0,4.00,0.0000,0.0,0.00
1765628005.726864,3,1540,1342,1765628005726,1765628005726,0,3.98,0.0000,0.0,0.00
1765628005.748674,3,1541,1343,1765628005748,1765628005748,0,3.81,0.0000,0.0,0.00
1765628005.771471,3,1542,1344,1765628005769,1765628005770,1,3.82,0.0000,0.0,0.00
1765628005.792202,3,1543,1346,1765628005792,1765628005792,0,3.66,0.0000,0.0,0.00
1765628005.803585,3,1544,1347,1765628005802,1765628005803,1,3.76,0.0000,0.0,0.00
1765628005.813859,3,1545,1348,1765628005813,1765628005813,0,3.92,0.0000,0.0,0.00
1765628005.838623,3,1546,1349,1765628005835,1765628005838,3,3.96,0.0000,0.0,0.00
1765628005.857209,3,1547,1350,1765628005857,1765628005857,0,3.94,0.0000,0.0,0.00
1765628005.870044,3,1548,1351,1765628005868,1765628005870,2,3.99,0.0000,0.0,0.00
1765628005.890234,3,1549,1352,1765628005890,1765628005890,0,3.96,0.0000,0.0,0.00
1765628005.903071,3,1550,1353,1765628005900,1765628005903,3,4.08,0.0000,0.0,0.00
1765628005.922258,3,1551,1354,1765628005922,1765628005922,0,3.92,0.0000,0.0,0.00
1765628005.937546,3,1552,1355,1765628005934,1765628005937,3,3.80,0.0000,0.0,0.00
1765628005.956083,3,1553,1356,1765628005956,1765628005956,0,3.76,0.0000,0.0,0.00
1765628005.966644,3,1554,1357,1765628005966,1765628005966,0,3.95,0.0000,0.0,0.00
1765628005.977864,3,1555,1358,1765628005977,1765628005977,0,3.95,0.0000,0.0,0.00
1765628006.000011,3,1556,1359,1765628006000,1765628006000,0,3.96,0.0000,0.0,0.00
1765628006.021153,3,1557,1360,1765628006020,1765628006021,1,3.83,0.0000,0.0,0.00
1765628006.042622,3,1558,1362,1765628006042,1765628006042,0,3.84,0.0000,0.0,0.00
1765628006.055920,3,1559,1363,1765628006053,1765628006055,2,3.94,0.0000,0.0,0.00
1765628006.065722,3,1560,1364,1765628006064,1765628006064,0,4.14,0.0000,0.0,0.00
1765628006.075969,3,1561,1365,1765628006075,1765628006075,0,4.27,0.0000,0.0,0.00
1765628006.088453,3,1562,1366,1765628006087,1765628006088,1,4.31,0.0000,0.0,0.00
1765628006.108553,3,1563,1367,1765628006108,1765628006108,0,4.10,0.0000,0.0,0.00
1765628006.130442,3,1564,1368,1765628006129,1765628006129,0,4.06,0.0000,0.0,0.00
1765628006.154633,3,1565,1369,1765628006151,1765628006154,3,4.11,0.0000,0.0,0.00
1765628006.172761,3,1566,1370,1765628006172,1765628006172,0,4.09,0.0000,0.0,0.00
1765628006.184010,3,1567,1371,1765628006184,1765628006184,0,4.20,0.0000,0.0,0.00
1765628006.206654,3,1568,1372,1765628006205,1765628006205,0,4.19,0.0000,0.0,0.00
1765628006.217064,3,1569,1373,1765628006217,1765628006217,0,4.30,0.0000,0.0,0.00
1765628006.239049,3,1570,1374,1765628006237,1765628006239,2,4.30,0.0000,0.0,0.00
1765628006.260575,3,1571,1375,1765628006259,1765628006259,0,4.24,0.0000,0.0,0.00
1765628006.275300,3,1572,1376,1765628006271,1765628006275,4,4.29,0.0000,0.0,0.00
1765628006.282702,3,1573,1377,1765628006282,1765628006282,0,4.48,0.0000,0.0,0.00
1765628006.306573,3,1574,1378,1765628006303,1765628006305,2,4.49,0.0000,0.0,0.00
1765628006.324705,3,1575,1379,1765628006324,1765628006324,0,4.46,0.0000,0.0,0.00
1765628006.340380,3,1576,1380,1765628006336,1765628006340,4,4.47,0.0000,0.0,0.00
1765628006.347225,3,1577,1381,1765628006347,1765628006347,0,4.64,0.0000,0.0,0.00
1765628006.371610,3,1578,1382,1765628006368,1765628006371,3,4.59,0.0000,0.0,0.00
1765628006.389989,3,1579,1383,1765628006389,1765628006389,0,4.45,0.0000,0.0,0.00
1765628006.410913,3,1580,1384,1765628006410,1765628006410,0,4.44,0.0000,0.0,0.00
1765628006.423105,3,1581,1385,1765628006422,1765628006423,1,4.50,0.0000,0.0,0.00
1765628006.443378,3,1582,1386,1765628006443,1765628006443,0,4.46,0.0000,0.0,0.00
1765628006.464587,3,1583,1387,1765628006464,1765628006464,0,4.43,0.0000,0.0,0.00
1765628006.486659,3,1584,1388,1765628006485,1765628006486,1,4.46,0.0000,0.0,0.00
1765628006.508405,3,1585,1389,1765628006507,1765628006507,0,4.46,0.0000,0.0,0.00
1765628006.529689,3,1586,1390,1765628006529,1765628006529,0,4.46,0.0000,0.0,0.00
1765628006.552435,3,1587,1391,1765628006550,1765628006552,2,4.38,0.0000,0.0,0.00
1765628006.571792,3,1588,1392,1765628006571,1765628006571,0,4.34,0.0000,0.0,0.00
1765628006.592758,3,1589,1394,1765628006592,1765628006592,0,4.33,0.0000,0.0,0.00
1765628006.614137,3,1590,1395,1765628006614,1765628006614,0,4.34,0.0000,0.0,0.00
1765628006.625380,3,1591,1396,1765628006625,1765628006625,0,4.44,0.0000,0.0,0.00
1765628006.647063,3,1592,1397,1765628006647,1765628006647,0,4.39,0.0000,0.0,0.00
1765628006.670376,3,1593,1398,1765628006668,1765628006670,2,4.45,0.0000,0.0,0.00
1765628006.689976,3,1594,1399,1765628006689,1765628006689,0,4.41,0.0000,0.0,0.00
1765628006.711676,3,1595,1400,1765628006711,1765628006711,0,4.32,0.0000,0.0,0.00
1765628006.732752,3,1596,1401,1765628006732,1765628006732,0,4.20,0.0000,0.0,0.00
1765628006.755208,3,1597,1402,1765628006753,1765628006754,1,4.09,0.0000,0.0,0.00
1765628006.770897,3,1598,1403,1765628006764,1765628006764,0,4.23,0.0000,0.0,0.00
1765628006.777399,3,1599,1404,1765628006776,1765628006776,0,4.33,0.0000,0.0,0.00
1765628006.788661,3,1600,1405,1765628006788,1765628006788,0,4.41,0.0000,0.0,0.00
1765628006.803141,3,1601,1406,1765628006800,1765628006803,3,4.41,0.0000,0.0,0.00
1765628006.811288,3,1602,1407,1765628006811,1765628006811,0,4.55,0.0000,0.0,0.00
1765628006.835243,3,1603,1408,1765628006832,1765628006835,3,4.57,0.0000,0.0,0.00
1765628006.854129,3,1604,1409,1765628006854,1765628006854,0,4.46,0.0000,0.0,0.00
1765628006.866389,3,1605,1410,1765628006865,1765628006866,1,4.42,0.0000,0.0,0.00
1765628006.876644,3,1606,1411,1765628006876,1765628006876,0,4.47,0.0000,0.0,0.00
1765628006.900037,3,1607,1412,1765628006897,1765628006900,3,4.54,0.0000,0.0,0.00
1765628006.918894,3,1608,1413,1765628006918,1765628006918,0,4.46,0.0000,0.0,0.00
1765628006.939732,3,1609,1414,1765628006939,1765628006939,0,4.47,0.0000,0.0,0.00
1765628006.960924,3,1610,1415,1765628006960,1765628006960,0,4.42,0.0000,0.0,0.00
1765628006.984886,3,1611,1416,1765628006982,1765628006984,2,4.48,0.0000,0.0,0.00
1765628007.003650,3,1612,1417,1765628007003,1765628007003,0,4.44,0.0000,0.0,0.00
1765628007.024981,3,1613,1418,1765628007024,1765628007024,0,4.46,0.0000,0.0,0.00
1765628007.036148,3,1614,1419,1765628007036,1765628007036,0,4.42,0.0000,0.0,0.00
1765628007.057498,3,1615,1420,1765628007057,1765628007057,0,4.30,0.0000,0.0,0.00
1765628007.079903,3,1616,1422,1765628007078,1765628007079,1,4.29,0.0000,0.0,0.00
1765628007.100430,3,1617,1423,1765628007100,1765628007100,0,4.29,0.0000,0.0,0.00
1765628007.121809,3,1618,1424,1765628007121,1765628007121,0,4.29,0.0000,0.0,0.00
1765628007.145887,3,1619,1425,1765628007143,1765628007145,2,4.26,0.0000,0.0,0.00
1765628007.164316,3,1620,1426,1765628007164,1765628007164,0,4.07,0.0000,0.0,0.00
1765628007.185657,3,1621,1427,1765628007185,1765628007185,0,3.93,0.0000,0.0,0.00
1765628007.206990,3,1622,1428,1765628007206,1765628007206,0,3.83,0.0000,0.0,0.00
1765628007.229075,3,1623,1429,1765628007228,1765628007229,1,3.87,0.0000,0.0,0.00
1765628007.250180,3,1624,1430,1765628007249,1765628007250,1,3.87,0.0000,0.0,0.00
1765628007.270671,3,1625,1431,1765628007270,1765628007270,0,3.81,0.0000,0.0,0.00
1765628007.295442,3,1626,1432,1765628007291,1765628007294,3,3.85,0.0000,0.0,0.00
1765628007.312991,3,1627,1433,1765628007312,1765628007312,0,3.71,0.0000,0.0,0.00
1765628007.334596,3,1628,1434,1765628007334,1765628007334,0,3.72,0.0000,0.0,0.00
1765628007.361954,3,1629,1435,1765628007356,1765628007360,4,3.64,0.0000,0.0,0.00
1765628007.367478,3,1630,1436,1765628007367,1765628007367,0,3.88,0.0000,0.0,0.00
1765628007.392825,3,1631,1437,1765628007389,1765628007392,3,3.93,0.0000,0.0,0.00
1765628007.400237,3,1632,1438,1765628007400,1765628007400,0,4.12,0.0000,0.0,0.00
1765628007.421997,3,1633,1439,1765628007421,1765628007421,0,3.86,0.0000,0.0,0.00
1765628007.442818,3,1634,1440,1765628007442,1765628007442,0,3.84,0.0000,0.0,0.00
1765628007.454347,3,1635,1441,1765628007454,1765628007454,0,4.00,0.0000,0.0,0.00
1765628007.476643,3,1636,1442,1765628007475,1765628007476,1,3.96,0.0000,0.0,0.00
1765628007.496597,3,1637,1443,1765628007496,1765628007496,0,3.71,0.0000,0.0,0.00
1765628007.517645,3,1638,1444,1765628007517,1765628007517,0,3.67,0.0000,0.0,0.00
1765628007.541558,3,1639,1445,1765628007538,1765628007541,3,3.70,0.0000,0.0,0.00
1765628007.559777,3,1640,1446,1765628007559,1765628007559,0,3.71,0.0000,0.0,0.00
1765628007.636571,3,1641,1447,1765628007630,1765628007635,5,4.22,0.0000,0.0,0.00
1765628007.652562,3,1642,1448,1765628007651,1765628007652,1,4.28,0.0000,0.0,0.00
1765628007.677151,3,1643,1449,1765628007673,1765628007676,3,4.32,0.0000,0.0,0.00
1765628007.684474,3,1644,1450,1765628007684,1765628007684,0,4.54,0.0000,0.0,0.00
1765628007.708198,3,1645,1451,1765628007705,1765628007708,3,4.58,0.0000,0.0,0.00
1765628007.727501,3,1646,1452,1765628007726,1765628007726,0,4.59,0.0000,0.0,0.00
1765628007.748782,3,1647,1453,1765628007748,1765628007748,0,4.58,0.0000,0.0,0.00
1765628007.773584,3,1648,1454,1765628007769,1765628007773,4,4.63,0.0000,0.0,0.00
1765628007.791473,3,1649,1455,1765628007791,1765628007791,0,4.65,0.0000,0.0,0.00
1765628007.812307,3,1650,1456,1765628007812,1765628007812,0,4.64,0.0000,0.0,0.00
1765628007.833468,3,1651,1457,1765628007833,1765628007833,0,4.47,0.0000,0.0,0.00
1765628007.859470,3,1652,1458,1765628007855,1765628007858,3,4.51,0.0000,0.0,0.00
1765628007.867277,3,1653,1459,1765628007867,1765628007867,0,4.69,0.0000,0.0,0.00
1765628007.879082,3,1654,1460,1765628007878,1765628007878,0,4.86,0.0000,0.0,0.00
1765628007.891219,3,1655,1461,1765628007890,1765628007891,1,4.97,0.0000,0.0,0.00
1765628007.901555,3,1656,1462,1765628007901,1765628007901,0,5.14,0.0000,0.0,0.00
1765628007.923112,3,1657,1463,1765628007922,1765628007923,1,5.14,0.0000,0.0,0.00
1765628007.944362,3,1658,1464,1765628007943,1765628007943,0,4.95,0.0000,0.0,0.00
1765628007.965565,3,1659,1465,1765628007965,1765628007965,0,4.83,0.0000,0.0,0.00
1765628007.990870,3,1660,1466,1765628007986,1765628007989,3,4.71,0.0000,0.0,0.00
1765628008.008420,3,1661,1467,1765628008008,1765628008008,0,4.64,0.0000,0.0,0.00
1765628008.029472,3,1662,1468,1765628008029,1765628008029,0,4.41,0.0000,0.0,0.00
1765628008.051408,3,1663,1469,1765628008050,1765628008051,1,4.38,0.0000,0.0,0.00
1765628008.074995,3,1664,1470,1765628008072,1765628008074,2,4.39,0.0000,0.0,0.00
1765628008.094089,3,1665,1471,1765628008093,1765628008093,0,4.25,0.0000,0.0,0.00
1765628008.114868,3,1666,1472,1765628008114,1765628008114,0,4.03,0.0000,0.0,0.00
1765628008.136545,3,1667,1473,1765628008136,1765628008136,0,4.01,0.0000,0.0,0.00
1765628008.148239,3,1668,1474,1765628008147,1765628008147,0,4.15,0.0000,0.0,0.00
1765628008.278652,3,1669,1475,1765628008276,1765628008278,2,6.24,0.0000,0.0,0.00
1765628008.288306,3,1670,1476,1765628008287,1765628008288,1,6.33,0.0000,0.0,0.00
1765628008.308468,3,1671,1477,1765628008308,1765628008308,0,6.30,0.0000,0.0,0.00
1765628008.332133,3,1672,1478,1765628008330,1765628008332,2,6.32,0.0000,0.0,0.00
1765628008.351541,3,1673,1479,1765628008351,1765628008351,0,6.34,0.0000,0.0,0.00
1765628008.373420,3,1674,1480,1765628008372,1765628008372,0,6.27,0.0000,0.0,0.00
1765628008.397500,3,1675,1481,1765628008393,1765628008394,1,6.26,0.0000,0.0,0.00
1765628008.416239,3,1676,1482,1765628008415,1765628008415,0,6.27,0.0000,0.0,0.00
1765628008.436516,3,1677,1483,1765628008436,1765628008436,0,6.27,0.0000,0.0,0.00
1765628008.448243,3,1678,1485,1765628008448,1765628008448,0,6.34,0.0000,0.0,0.00
1765628008.469417,3,1679,1486,1765628008469,1765628008469,0,6.30,0.0000,0.0,0.00
1765628008.490569,3,1680,1487,1765628008490,1765628008490,0,6.29,0.0000,0.0,0.00
1765628008.502924,3,1681,1488,1765628008501,1765628008501,0,6.38,0.0000,0.0,0.00
1765628008.513531,3,1682,1489,1765628008513,1765628008513,0,6.49,0.0000,0.0,0.00
1765628008.535119,3,1683,1490,1765628008535,1765628008535,0,6.47,0.0000,0.0,0.00
1765628008.546299,3,1684,1491,1765628008545,1765628008546,1,6.59,0.0000,0.0,0.00
1765628008.567441,3,1685,1492,1765628008567,1765628008567,0,6.58,0.0000,0.0,0.00
1765628008.588672,3,1686,1493,1765628008588,1765628008588,0,6.54,0.0000,0.0,0.00
1765628008.611170,3,1687,1494,1765628008610,1765628008611,1,6.52,0.0000,0.0,0.00
1765628008.631391,3,1688,1495,1765628008631,1765628008631,0,6.54,0.0000,0.0,0.00
1765628008.653873,3,1689,1496,1765628008652,1765628008652,0,6.44,0.0000,0.0,0.00
1765628008.677887,3,1690,1497,1765628008674,1765628008677,3,6.35,0.0000,0.0,0.00
1765628008.695294,3,1691,1498,1765628008695,1765628008695,0,6.32,0.0000,0.0,0.00
1765628008.713950,3,1692,1499,1765628008709,1765628008712,3,6.22,0.0000,0.0,0.00
1765628008.731431,3,1693,1500,1765628008731,1765628008731,0,6.24,0.0000,0.0,0.00
1765628008.752816,3,1694,1501,1765628008752,1765628008752,0,6.24,0.0000,0.0,0.00
1765628008.776623,3,1695,1502,1765628008774,1765628008776,2,6.19,0.0000,0.0,0.00
1765628008.796927,3,1696,1504,1765628008795,1765628008795,0,6.21,0.0000,0.0,0.00
1765628008.810398,3,1697,1505,1765628008806,1765628008809,3,6.28,0.0000,0.0,0.00
1765628008.818552,3,1698,1506,1765628008818,1765628008818,0,6.41,0.0000,0.0,0.00
1765628008.842757,3,1699,1507,1765628008839,1765628008842,3,6.41,0.0000,0.0,0.00
1765628008.850941,3,1700,1508,1765628008850,1765628008850,0,6.52,0.0000,0.0,0.00
1765628008.877109,3,1701,1509,1765628008873,1765628008876,3,5.55,0.0000,0.0,0.00
1765628008.894037,3,1702,1510,1765628008894,1765628008894,0,5.53,0.0000,0.0,0.00
1765628008.915558,3,1703,1511,1765628008915,1765628008915,0,5.49,0.0000,0.0,0.00
1765628008.928461,3,1704,1512,1765628008927,1765628008928,1,5.39,0.0000,0.0,0.00
1765628008.949861,3,1705,1513,1765628008949,1765628008949,0,5.35,0.0000,0.0,0.00
1765628008.961775,3,1706,1514,1765628008960,1765628008961,1,5.46,0.0000,0.0,0.00
1765628008.972137,3,1707,1515,1765628008972,1765628008972,0,5.61,0.0000,0.0,0.00
1765628008.993613,3,1708,1516,1765628008993,1765628008993,0,5.54,0.0000,0.0,0.00
1765628009.014476,3,1709,1517,1765628009014,1765628009014,0,5.51,0.0000,0.0,0.00
1765628009.036197,3,1710,1518,1765628009035,1765628009035,0,5.51,0.0000,0.0,0.00
1765628009.059277,3,1711,1519,1765628009057,1765628009059,2,5.56,0.0000,0.0,0.00
1765628009.078520,3,1712,1521,1765628009078,1765628009078,0,5.51,0.0000,0.0,0.00
1765628009.094282,3,1713,1523,1765628009090,1765628009092,2,5.42,0.0000,0.0,0.00
1765628009.101949,3,1714,1524,1765628009101,1765628009101,0,5.46,0.0000,0.0,0.00
1765628009.126068,3,1715,1525,1765628009122,1765628009126,4,5.39,0.0000,0.0,0.00
1765628009.144633,3,1716,1526,1765628009144,1765628009144,0,5.25,0.0000,0.0,0.00
1765628009.163337,3,1717,1527,1765628009158,1765628009162,4,5.27,0.0000,0.0,0.00
1765628009.169907,3,1718,1528,1765628009168,1765628009168,0,5.52,0.0000,0.0,0.00
1765628009.181345,3,1719,1529,1765628009180,1765628009180,0,5.64,0.0000,0.0,0.00
1765628009.191426,3,1720,1530,1765628009191,1765628009191,0,5.73,0.0000,0.0,0.00
1765628009.212529,3,1721,1531,1765628009212,1765628009212,0,5.73,0.0000,0.0,0.00
1765628009.233801,3,1722,1532,1765628009233,1765628009233,0,5.73,0.0000,0.0,0.00
1765628009.245589,3,1723,1533,1765628009245,1765628009245,0,5.84,0.0000,0.0,0.00
1765628009.266456,3,1724,1534,1765628009266,1765628009266,0,5.81,0.0000,0.0,0.00
1765628009.287970,3,1725,1535,1765628009287,1765628009287,0,5.81,0.0000,0.0,0.00
1765628009.309683,3,1726,1536,1765628009309,1765628009309,0,5.83,0.0000,0.0,0.00
1765628009.331710,3,1727,1537,1765628009331,1765628009331,0,5.83,0.0000,0.0,0.00
1765628009.352803,3,1728,1538,1765628009352,1765628009352,0,5.68,0.0000,0.0,0.00
1765628009.364844,3,1729,1539,1765628009364,1765628009364,0,4.28,0.0000,0.0,0.00
1765628009.386329,3,1730,1540,1765628009386,1765628009386,0,4.15,0.0000,0.0,0.00
1765628009.397948,3,1731,1541,1765628009396,1765628009396,0,4.30,0.0000,0.0,0.00
1765628009.408139,3,1732,1542,1765628009408,1765628009408,0,4.36,0.0000,0.0,0.00
1765628009.430126,3,1733,1543,1765628009430,1765628009430,0,4.39,0.0000,0.0,0.00
1765628009.451538,3,1734,1544,1765628009451,1765628009451,0,4.39,0.0000,0.0,0.00
1765628009.462706,3,1735,1545,1765628009462,1765628009462,0,4.49,0.0000,0.0,0.00
1765628009.484771,3,1736,1546,1765628009484,1765628009484,0,4.50,0.0000,0.0,0.00
1765628009.509927,3,1737,1547,1765628009505,1765628009508,3,4.54,0.0000,0.0,0.00
1765628009.517575,3,1738,1548,1765628009517,1765628009517,0,4.61,0.0000,0.0,0.00
1765628009.541466,3,1739,1549,1765628009538,1765628009541,3,4.64,0.0000,0.0,0.00
1765628009.560246,3,1740,1550,1765628009559,1765628009559,0,4.61,0.0000,0.0,0.00
1765628009.581158,3,1741,1551,1765628009581,1765628009581,0,4.50,0.0000,0.0,0.00
1765628009.602996,3,1742,1552,1765628009602,1765628009602,0,4.42,0.0000,0.0,0.00
1765628009.624214,3,1743,1553,1765628009624,1765628009624,0,4.42,0.0000,0.0,0.00
1765628009.645994,3,1744,1554,1765628009645,1765628009645,0,4.31,0.0000,0.0,0.00
1765628009.667508,3,1745,1555,1765628009666,1765628009666,0,4.31,0.0000,0.0,0.00
1765628009.677738,3,1746,1556,1765628009677,1765628009677,0,4.42,0.0000,0.0,0.00
1765628009.699005,3,1747,1557,1765628009699,1765628009699,0,4.41,0.0000,0.0,0.00
1765628009.720298,3,1748,1558,1765628009720,1765628009720,0,4.42,0.0000,0.0,0.00
1765628009.743563,3,1749,1559,1765628009741,1765628009743,2,4.45,0.0000,0.0,0.00
1765628009.753482,3,1750,1560,1765628009753,1765628009753,0,4.52,0.0000,0.0,0.00
1765628009.775698,3,1751,1561,1765628009774,1765628009775,1,4.57,0.0000,0.0,0.00
1765628009.796370,3,1752,1562,1765628009796,1765628009796,0,4.58,0.0000,0.0,0.00
1765628009.817611,3,1753,1563,1765628009817,1765628009817,0,4.61,0.0000,0.0,0.00
1765628009.828750,3,1754,1564,1765628009828,1765628009828,0,4.72,0.0000,0.0,0.00
1765628009.850213,3,1755,1565,1765628009850,1765628009850,0,4.70,0.0000,0.0,0.00
1765628009.874939,3,1756,1566,1765628009871,1765628009874,3,4.76,0.0000,0.0,0.00
1765628009.892822,3,1757,1567,1765628009892,1765628009892,0,4.67,0.0000,0.0,0.00
1765628009.914396,3,1758,1568,1765628009913,1765628009914,1,4.54,0.0000,0.0,0.00
1765628009.936089,3,1759,1569,1765628009935,1765628009935,0,4.50,0.0000,0.0,0.00
1765628009.960685,3,1760,1570,1765628009956,1765628009960,4,4.37,0.0000,0.0,0.00
1765628009.978537,3,1761,1571,1765628009978,1765628009978,0,4.28,0.0000,0.0,0.00
1765628010.000016,3,1762,1572,1765628010000,1765628010000,0,4.32,0.0000,0.0,0.00
1765628010.022528,3,1763,1573,1765628010021,1765628010021,0,4.32,0.0000,0.0,0.00
1765628010.043934,3,1764,1574,1765628010042,1765628010042,0,4.23,0.0000,0.0,0.00
1765628010.055104,3,1765,1575,1765628010054,1765628010055,1,4.32,0.0000,0.0,0.00
1765628010.075610,3,1766,1576,1765628010075,1765628010075,0,4.20,0.0000,0.0,0.00
1765628010.097065,3,1767,1577,1765628010097,1765628010097,0,4.07,0.0000,0.0,0.00
1765628010.121195,3,1768,1578,1765628010118,1765628010121,3,4.10,0.0000,0.0,0.00
1765628010.139643,3,1769,1579,1765628010139,1765628010139,0,4.09,0.0000,0.0,0.00
1765628010.161513,3,1770,1580,1765628010161,1765628010161,0,4.10,0.0000,0.0,0.00
1765628010.182642,3,1771,1581,1765628010182,1765628010182,0,4.07,0.0000,0.0,0.00
1765628010.208212,3,1772,1582,1765628010204,1765628010206,2,4.13,0.0000,0.0,0.00
1765628010.216057,3,1773,1583,1765628010215,1765628010215,0,4.24,0.0000,0.0,0.00
1765628010.226166,3,1774,1584,1765628010226,1765628010226,0,4.19,0.0000,0.0,0.00
1765628010.239881,3,1775,1585,1765628010237,1765628010238,1,4.26,0.0000,0.0,0.00
1765628010.259135,3,1776,1586,1765628010259,1765628010259,0,4.28,0.0000,0.0,0.00
1765628010.280678,3,1777,1587,1765628010280,1765628010280,0,4.29,0.0000,0.0,0.00
1765628010.291957,3,1778,1588,1765628010291,1765628010291,0,4.18,0.0000,0.0,0.00
1765628010.304435,3,1779,1589,1765628010303,1765628010304,1,4.16,0.0000,0.0,0.00
1765628010.325229,3,1780,1590,1765628010325,1765628010325,0,4.00,0.0000,0.0,0.00
1765628010.345932,3,1781,1591,1765628010345,1765628010345,0,3.99,0.0000,0.0,0.00
1765628010.371002,3,1782,1592,1765628010367,1765628010371,4,4.05,0.0000,0.0,0.00
1765628010.379159,3,1783,1593,1765628010379,1765628010379,0,4.14,0.0000,0.0,0.00
1765628010.400011,3,1784,1594,1765628010400,1765628010400,0,4.14,0.0000,0.0,0.00
1765628010.423753,3,1785,1595,1765628010421,1765628010423,2,4.16,0.0000,0.0,0.00
1765628010.432324,3,1786,1596,1765628010432,1765628010432,0,4.34,0.0000,0.0,0.00
1765628010.457538,3,1787,1597,1765628010454,1765628010457,3,4.38,0.0000,0.0,0.00
1765628010.476987,3,1788,1598,1765628010475,1765628010475,0,4.37,0.0000,0.0,0.00
1765628010.489417,3,1789,1599,1765628010487,1765628010489,2,4.33,0.0000,0.0,0.00
1765628010.498360,3,1790,1600,1765628010498,1765628010498,0,4.49,0.0000,0.0,0.00
1765628010.521537,3,1791,1601,1765628010519,1765628010521,2,4.36,0.0000,0.0,0.00
1765628010.540649,3,1792,1602,1765628010540,1765628010540,0,4.21,0.0000,0.0,0.00
1765628010.561983,3,1793,1603,1765628010561,1765628010561,0,4.20,0.0000,0.0,0.00
1765628010.583759,3,1794,1604,1765628010583,1765628010583,0,4.21,0.0000,0.0,0.00
1765628010.606596,3,1795,1605,1765628010604,1765628010606,2,4.08,0.0000,0.0,0.00
1765628010.626364,3,1796,1606,1765628010626,1765628010626,0,4.06,0.0000,0.0,0.00
1765628010.638041,3,1797,1607,1765628010638,1765628010638,0,4.16,0.0000,0.0,0.00
1765628010.661057,3,1798,1608,1765628010659,1765628010661,2,3.98,0.0000,0.0,0.00
1765628010.670402,3,1799,1609,1765628010670,1765628010670,0,4.14,0.0000,0.0,0.00
1765628010.691891,3,1800,1610,1765628010691,1765628010691,0,4.15,0.0000,0.0,0.00
1765628010.713384,3,1801,1611,1765628010712,1765628010713,1,4.15,0.0000,0.0,0.00
1765628010.734268,3,1802,1612,1765628010734,1765628010734,0,4.15,0.0000,0.0,0.00
1765628010.759173,3,1803,1613,1765628010755,1765628010759,4,4.18,0.0000,0.0,0.00
1765628010.777441,3,1804,1614,1765628010777,1765628010777,0,4.18,0.0000,0.0,0.00
1765628010.798770,3,1805,1615,1765628010798,1765628010798,0,4.18,0.0000,0.0,0.00
1765628010.824213,3,1806,1616,1765628010820,1765628010824,4,4.08,0.0000,0.0,0.00
1765628010.831646,3,1807,1618,1765628010831,1765628010831,0,4.31,0.0000,0.0,0.00
1765628010.843274,3,1808,1619,1765628010842,1765628010842,0,4.46,0.0000,0.0,0.00
1765628010.863934,3,1809,1620,1765628010863,1765628010863,0,4.43,0.0000,0.0,0.00
1765628010.875672,3,1810,1621,1765628010875,1765628010875,0,4.39,0.0000,0.0,0.00
1765628010.889615,3,1811,1622,1765628010887,1765628010889,2,4.45,0.0000,0.0,0.00
1765628010.898265,3,1812,1623,1765628010898,1765628010898,0,4.61,0.0000,0.0,0.00
1765628010.921889,3,1813,1624,1765628010919,1765628010921,2,4.64,0.0000,0.0,0.00
1765628010.941848,3,1814,1625,1765628010941,1765628010941,0,4.50,0.0000,0.0,0.00
1765628010.956094,3,1815,1626,1765628010952,1765628010956,4,4.53,0.0000,0.0,0.00
1765628010.973686,3,1816,1627,1765628010973,1765628010973,0,4.49,0.0000,0.0,0.00
1765628010.995834,3,1817,1628,1765628010995,1765628010995,0,4.53,0.0000,0.0,0.00
1765628011.016656,3,1818,1629,1765628011016,1765628011016,0,4.51,0.0000,0.0,0.00
1765628011.039017,3,1819,1630,1765628011037,1765628011039,2,4.54,0.0000,0.0,0.00
1765628011.059216,3,1820,1631,1765628011059,1765628011059,0,4.48,0.0000,0.0,0.00
1765628011.080435,3,1821,1632,1765628011080,1765628011080,0,4.50,0.0000,0.0,0.00
1765628011.102074,3,1822,1634,1765628011102,1765628011102,0,4.50,0.0000,0.0,0.00
1765628011.123152,3,1823,1635,1765628011123,1765628011123,0,4.50,0.0000,0.0,0.00
1765628011.134465,3,1824,1636,1765628011134,1765628011134,0,4.62,0.0000,0.0,0.00
1765628011.158766,3,1825,1637,1765628011155,1765628011157,2,4.57,0.0000,0.0,0.00
1765628011.177768,3,1826,1638,1765628011177,1765628011177,0,4.57,0.0000,0.0,0.00
1765628011.190141,3,1827,1639,1765628011188,1765628011190,2,4.63,0.0000,0.0,0.00
1765628011.200099,3,1828,1640,1765628011200,1765628011200,0,4.72,0.0000,0.0,0.00
1765628011.223196,3,1829,1641,1765628011221,1765628011222,1,4.77,0.0000,0.0,0.00
1765628011.242299,3,1830,1642,1765628011242,1765628011242,0,4.75,0.0000,0.0,0.00
1765628011.263755,3,1831,1643,1765628011263,1765628011263,0,4.75,0.0000,0.0,0.00
1765628011.285796,3,1832,1644,1765628011285,1765628011285,0,4.72,0.0000,0.0,0.00
1765628011.306668,3,1833,1645,1765628011306,1765628011306,0,4.57,0.0000,0.0,0.00
1765628011.328171,3,1834,1646,1765628011328,1765628011328,0,4.46,0.0000,0.0,0.00
1765628011.349236,3,1835,1647,1765628011349,1765628011349,0,4.34,0.0000,0.0,0.00
1765628011.361537,3,1836,1648,1765628011360,1765628011360,0,4.48,0.0000,0.0,0.00
1765628011.381772,3,1837,1649,1765628011381,1765628011381,0,4.48,0.0000,0.0,0.00
1765628011.406842,3,1838,1650,1765628011403,1765628011406,3,4.39,0.0000,0.0,0.00
1765628011.424452,3,1839,1651,1765628011424,1765628011424,0,4.28,0.0000,0.0,0.00
1765628011.446260,3,1840,1652,1765628011445,1765628011446,1,4.29,0.0000,0.0,0.00
1765628011.456788,3,1841,1653,1765628011456,1765628011456,0,4.46,0.0000,0.0,0.00
1765628011.477950,3,1842,1654,1765628011477,1765628011477,0,4.40,0.0000,0.0,0.00
1765628011.499025,3,1843,1655,1765628011499,1765628011499,0,4.21,0.0000,0.0,0.00
1765628011.520013,3,1844,1656,1765628011520,1765628011520,0,4.21,0.0000,0.0,0.00
1765628011.541497,3,1845,1657,1765628011541,1765628011541,0,4.19,0.0000,0.0,0.00
1765628011.563226,3,1846,1658,1765628011563,1765628011563,0,4.00,0.0000,0.0,0.00
1765628011.574105,3,1847,1659,1765628011574,1765628011574,0,4.11,0.0000,0.0,0.00
1765628011.595707,3,1848,1660,1765628011595,1765628011595,0,4.12,0.0000,0.0,0.00
1765628011.619738,3,1849,1661,1765628011617,1765628011619,2,4.07,0.0000,0.0,0.00
1765628011.638678,3,1850,1662,1765628011638,1765628011638,0,3.83,0.0000,0.0,0.00
1765628011.659759,3,1851,1663,1765628011659,1765628011659,0,3.81,0.0000,0.0,0.00
1765628011.680529,3,1852,1664,1765628011680,1765628011680,0,3.83,0.0000,0.0,0.00
1765628011.702511,3,1853,1665,1765628011701,1765628011702,1,3.84,0.0000,0.0,0.00
1765628011.722848,3,1854,1666,1765628011722,1765628011722,0,3.82,0.0000,0.0,0.00
1765628011.744501,3,1855,1667,1765628011744,1765628011744,0,3.81,0.0000,0.0,0.00
1765628011.766050,3,1856,1668,1765628011766,1765628011766,0,3.83,0.0000,0.0,0.00
1765628011.776710,3,1857,1669,1765628011776,1765628011776,0,3.88,0.0000,0.0,0.00
1765628011.797978,3,1858,1671,1765628011797,1765628011797,0,3.86,0.0000,0.0,0.00
1765628011.809633,3,1859,1672,1765628011809,1765628011809,0,3.79,0.0000,0.0,0.00
1765628011.831692,3,1860,1673,1765628011831,1765628011831,0,3.80,0.0000,0.0,0.00
1765628011.853829,3,1861,1674,1765628011852,1765628011853,1,3.80,0.0000,0.0,0.00
1765628011.874994,3,1862,1675,1765628011874,1765628011874,0,3.80,0.0000,0.0,0.00
1765628011.895708,3,1863,1676,1765628011895,1765628011895,0,3.76,0.0000,0.0,0.00
1765628011.920988,3,1864,1677,1765628011917,1765628011920,3,3.79,0.0000,0.0,0.00
1765628011.939046,3,1865,1678,1765628011939,1765628011939,0,3.78,0.0000,0.0,0.00
1765628011.959647,3,1866,1679,1765628011959,1765628011959,0,3.72,0.0000,0.0,0.00
1765628011.981278,3,1867,1680,1765628011981,1765628011981,0,3.46,0.0000,0.0,0.00
1765628012.002537,3,1868,1681,1765628012002,1765628012002,0,3.28,0.0000,0.0,0.00
1765628012.023845,3,1869,1682,1765628012023,1765628012023,0,3.28,0.0000,0.0,0.00
1765628012.046140,3,1870,1683,1765628012046,1765628012046,0,3.13,0.0000,0.0,0.00
1765628012.056906,3,1871,1684,1765628012056,1765628012056,0,3.23,0.0000,0.0,0.00
1765628012.078941,3,1872,1685,1765628012078,1765628012078,0,2.98,0.0000,0.0,0.00
1765628012.101623,3,1873,1686,1765628012099,1765628012100,1,2.97,0.0000,0.0,0.00
1765628012.120402,3,1874,1687,1765628012120,1765628012120,0,2.97,0.0000,0.0,0.00
1765628012.141617,3,1875,1688,1765628012141,1765628012141,0,2.86,0.0000,0.0,0.00
1765628012.163588,3,1876,1689,1765628012163,1765628012163,0,2.80,0.0000,0.0,0.00
1765628012.184078,3,1877,1690,1765628012184,1765628012184,0,2.79,0.0000,0.0,0.00
1765628012.206200,3,1878,1691,1765628012206,1765628012206,0,2.80,0.0000,0.0,0.00
1765628012.216823,3,1879,1692,1765628012216,1765628012216,0,3.03,0.0000,0.0,0.00
1765628012.238047,3,1880,1693,1765628012238,1765628012238,0,3.05,0.0000,0.0,0.00
1765628012.258973,3,1881,1694,1765628012258,1765628012258,0,3.04,0.0000,0.0,0.00
1765628012.283176,3,1882,1695,1765628012280,1765628012281,1,3.05,0.0000,0.0,0.00
1765628012.301669,3,1883,1696,1765628012301,1765628012301,0,3.04,0.0000,0.0,0.00
1765628012.322710,3,1884,1697,1765628012322,1765628012322,0,2.82,0.0000,0.0,0.00
1765628012.344435,3,1885,1698,1765628012344,1765628012344,0,2.81,0.0000,0.0,0.00
1765628012.356177,3,1886,1699,1765628012355,1765628012355,0,3.04,0.0000,0.0,0.00
1765628012.376716,3,1887,1700,1765628012376,1765628012376,0,2.87,0.0000,0.0,0.00
1765628012.399229,3,1888,1701,1765628012397,1765628012397,0,2.62,0.0000,0.0,0.00
1765628012.419199,3,1889,1702,1765628012419,1765628012419,0,2.62,0.0000,0.0,0.00
1765628012.440704,3,1890,1703,1765628012440,1765628012440,0,2.62,0.0000,0.0,0.00
1765628012.462031,3,1891,1704,1765628012462,1765628012462,0,2.63,0.0000,0.0,0.00
1765628012.483426,3,1892,1705,1765628012483,1765628012483,0,2.62,0.0000,0.0,0.00
1765628012.504595,3,1893,1706,1765628012504,1765628012504,0,2.62,0.0000,0.0,0.00
1765628012.525444,3,1894,1707,1765628012525,1765628012525,0,2.62,0.0000,0.0,0.00
1765628012.548881,3,1895,1708,1765628012546,1765628012548,2,2.63,0.0000,0.0,0.00
1765628012.558210,3,1896,1709,1765628012558,1765628012558,0,2.65,0.0000,0.0,0.00
1765628012.582679,3,1897,1710,1765628012579,1765628012582,3,2.68,0.0000,0.0,0.00
1765628012.590609,3,1898,1711,1765628012590,1765628012590,0,2.96,0.0000,0.0,0.00
1765628012.618199,3,1899,1712,1765628012611,1765628012617,6,2.96,0.0000,0.0,0.00
1765628012.624648,3,1900,1713,1765628012623,1765628012623,0,3.31,0.0000,0.0,0.00
1765628012.635146,3,1901,1714,1765628012635,1765628012635,0,3.26,0.0000,0.0,0.00
1765628012.649508,3,1902,1715,1765628012646,1765628012649,3,3.40,0.0000,0.0,0.00
1765628012.667804,3,1903,1716,1765628012667,1765628012667,0,3.42,0.0000,0.0,0.00
1765628012.689052,3,1904,1717,1765628012689,1765628012689,0,3.43,0.0000,0.0,0.00
1765628012.710447,3,1905,1718,1765628012710,1765628012710,0,3.43,0.0000,0.0,0.00
1765628012.733506,3,1906,1719,1765628012731,1765628012733,2,3.43,0.0000,0.0,0.00
1765628012.753183,3,1907,1720,1765628012753,1765628012753,0,3.22,0.0000,0.0,0.00
1765628012.774043,3,1908,1721,1765628012774,1765628012774,0,3.22,0.0000,0.0,0.00
1765628012.786059,3,1909,1722,1765628012785,1765628012785,0,3.40,0.0000,0.0,0.00
1765628012.806620,3,1910,1723,1765628012806,1765628012806,0,3.40,0.0000,0.0,0.00
1765628012.828252,3,1911,1724,1765628012828,1765628012828,0,3.41,0.0000,0.0,0.00
1765628012.850813,3,1912,1725,1765628012849,1765628012850,1,3.42,0.0000,0.0,0.00
1765628012.871413,3,1913,1726,1765628012871,1765628012871,0,3.41,0.0000,0.0,0.00
1765628012.892565,3,1914,1727,1765628012892,1765628012892,0,3.42,0.0000,0.0,0.00
1765628012.903829,3,1915,1728,1765628012903,1765628012903,0,3.61,0.0000,0.0,0.00
1765628012.918869,3,1916,1729,1765628012915,1765628012918,3,3.70,0.0000,0.0,0.00
1765628012.926451,3,1917,1730,1765628012926,1765628012926,0,3.75,0.0000,0.0,0.00
1765628012.951856,3,1918,1731,1765628012948,1765628012951,3,3.78,0.0000,0.0,0.00
1765628012.969184,3,1919,1732,1765628012969,1765628012969,0,3.63,0.0000,0.0,0.00
1765628012.990302,3,1920,1733,1765628012990,1765628012990,0,3.62,0.0000,0.0,0.00
1765628013.014792,3,1921,1734,1765628013012,1765628013012,0,3.62,0.0000,0.0,0.00
1765628013.033709,3,1922,1735,1765628013033,1765628013033,0,3.62,0.0000,0.0,0.00
1765628013.055079,3,1923,1736,1765628013055,1765628013055,0,3.63,0.0000,0.0,0.00
1765628013.076382,3,1924,1737,1765628013076,1765628013076,0,3.60,0.0000,0.0,0.00
1765628013.097885,3,1925,1739,1765628013097,1765628013097,0,3.61,0.0000,0.0,0.00
1765628013.120535,3,1926,1740,1765628013119,1765628013119,0,3.62,0.0000,0.0,0.00
1765628013.130479,3,1927,1741,1765628013130,1765628013130,0,3.81,0.0000,0.0,0.00
1765628013.141633,3,1928,1742,1765628013141,1765628013141,0,3.99,0.0000,0.0,0.00
1765628013.163604,3,1929,1743,1765628013162,1765628013163,1,4.00,0.0000,0.0,0.00
1765628013.183578,3,1930,1744,1765628013183,1765628013183,0,3.97,0.0000,0.0,0.00
1765628013.205080,3,1931,1745,1765628013205,1765628013205,0,3.78,0.0000,0.0,0.00
1765628013.229853,3,1932,1746,1765628013226,1765628013228,2,3.78,0.0000,0.0,0.00
1765628013.247478,3,1933,1747,1765628013247,1765628013247,0,3.76,0.0000,0.0,0.00
1765628013.268742,3,1934,1748,1765628013268,1765628013268,0,3.77,0.0000,0.0,0.00
1765628013.290392,3,1935,1749,1765628013290,1765628013290,0,3.78,0.0000,0.0,0.00
1765628013.314041,3,1936,1750,1765628013311,1765628013312,1,3.78,0.0000,0.0,0.00
1765628013.332749,3,1937,1751,1765628013332,1765628013332,0,3.77,0.0000,0.0,0.00
1765628013.354038,3,1938,1752,1765628013354,1765628013354,0,3.77,0.0000,0.0,0.00
1765628013.375994,3,1939,1753,1765628013375,1765628013375,0,3.56,0.0000,0.0,0.00
1765628013.389244,3,1940,1754,1765628013388,1765628013389,1,3.66,0.0000,0.0,0.00
1765628013.399423,3,1941,1755,1765628013399,1765628013399,0,3.88,0.0000,0.0,0.00
1765628013.420846,3,1942,1756,1765628013420,1765628013420,0,3.86,0.0000,0.0,0.00
1765628013.441944,3,1943,1757,1765628013441,1765628013441,0,3.87,0.0000,0.0,0.00
1765628013.463383,3,1944,1758,1765628013463,1765628013463,0,3.88,0.0000,0.0,0.00
1765628013.484712,3,1945,1759,1765628013484,1765628013484,0,3.87,0.0000,0.0,0.00
1765628013.506016,3,1946,1760,1765628013506,1765628013506,0,3.70,0.0000,0.0,0.00
1765628013.527772,3,1947,1761,1765628013527,1765628013527,0,3.70,0.0000,0.0,0.00
1765628013.548521,3,1948,1762,1765628013548,1765628013548,0,3.70,0.0000,0.0,0.00
1765628013.570219,3,1949,1763,1765628013570,1765628013570,0,3.70,0.0000,0.0,0.00
1765628013.596115,3,1950,1764,1765628013591,1765628013596,5,3.74,0.0000,0.0,0.00
1765628013.603808,3,1951,1765,1765628013602,1765628013602,0,4.03,0.0000,0.0,0.00
1765628013.613976,3,1952,1766,1765628013613,1765628013613,0,4.21,0.0000,0.0,0.00
1765628013.635648,3,1953,1767,1765628013635,1765628013635,0,4.21,0.0000,0.0,0.00
1765628013.657129,3,1954,1768,1765628013657,1765628013657,0,4.22,0.0000,0.0,0.00
1765628013.679203,3,1955,1769,1765628013678,1765628013678,0,4.21,0.0000,0.0,0.00
1765628013.700038,3,1956,1770,1765628013700,1765628013700,0,4.02,0.0000,0.0,0.00
1765628013.711167,3,1957,1771,1765628013711,1765628013711,0,4.16,0.0000,0.0,0.00
1765628013.732919,3,1958,1772,1765628013732,1765628013732,0,3.92,0.0000,0.0,0.00
1765628013.754151,3,1959,1773,1765628013753,1765628013754,1,3.87,0.0000,0.0,0.00
1765628013.774944,3,1960,1774,1765628013774,1765628013774,0,3.56,0.0000,0.0,0.00
1765628013.796439,3,1961,1775,1765628013796,1765628013796,0,3.41,0.0000,0.0,0.00
1765628013.817665,3,1962,1776,1765628013817,1765628013817,0,3.28,0.0000,0.0,0.00
1765628013.842539,3,1963,1777,1765628013839,1765628013842,3,3.29,0.0000,0.0,0.00
1765628013.860905,3,1964,1779,1765628013860,1765628013860,0,3.31,0.0000,0.0,0.00
1765628013.882176,3,1965,1780,1765628013882,1765628013882,0,3.32,0.0000,0.0,0.00
1765628013.894391,3,1966,1781,1765628013893,1765628013893,0,3.50,0.0000,0.0,0.00
1765628013.911124,3,1967,1782,1765628013906,1765628013911,5,3.53,0.0000,0.0,0.00
1765628013.916671,3,1968,1783,1765628013916,1765628013916,0,3.85,0.0000,0.0,0.00
1765628013.927830,3,1969,1784,1765628013927,1765628013927,0,3.85,0.0000,0.0,0.00
1765628013.949945,3,1970,1785,1765628013949,1765628013949,0,3.86,0.0000,0.0,0.00
1765628013.970608,3,1971,1786,1765628013970,1765628013970,0,3.85,0.0000,0.0,0.00
1765628013.993570,3,1972,1787,1765628013991,1765628013992,1,3.85,0.0000,0.0,0.00
1765628014.012962,3,1973,1788,1765628014012,1765628014012,0,3.84,0.0000,0.0,0.00
1765628014.033981,3,1974,1789,1765628014033,1765628014033,0,3.84,0.0000,0.0,0.00
1765628014.056357,3,1975,1790,1765628014055,1765628014056,1,3.68,0.0000,0.0,0.00
1765628014.076287,3,1976,1791,1765628014076,1765628014076,0,3.58,0.0000,0.0,0.00
1765628014.097957,3,1977,1792,1765628014097,1765628014097,0,3.31,0.0000,0.0,0.00
1765628014.120529,3,1978,1793,1765628014119,1765628014120,1,3.29,0.0000,0.0,0.00
1765628014.131938,3,1979,1794,1765628014130,1765628014130,0,3.50,0.0000,0.0,0.00
1765628014.142141,3,1980,1795,1765628014142,1765628014142,0,3.67,0.0000,0.0,0.00
1765628014.163693,3,1981,1796,1765628014163,1765628014163,0,3.66,0.0000,0.0,0.00
1765628014.186035,3,1982,1797,1765628014185,1765628014185,0,3.67,0.0000,0.0,0.00
1765628014.208123,3,1983,1798,1765628014206,1765628014208,2,3.68,0.0000,0.0,0.00
1765628014.227216,3,1984,1799,1765628014227,1765628014227,0,3.66,0.0000,0.0,0.00
1765628014.248997,3,1985,1800,1765628014248,1765628014248,0,3.66,0.0000,0.0,0.00
1765628014.272577,3,1986,1801,1765628014269,1765628014272,3,3.68,0.0000,0.0,0.00
1765628014.290851,3,1987,1802,1765628014290,1765628014290,0,3.51,0.0000,0.0,0.00
1765628014.312502,3,1988,1803,1765628014311,1765628014311,0,3.32,0.0000,0.0,0.00
1765628014.332825,3,1989,1804,1765628014332,1765628014332,0,3.31,0.0000,0.0,0.00
1765628014.357064,3,1990,1805,1765628014355,1765628014357,2,3.35,0.0000,0.0,0.00
1765628014.366660,3,1991,1806,1765628014366,1765628014366,0,3.59,0.0000,0.0,0.00
1765628014.388020,3,1992,1807,1765628014388,1765628014388,0,3.58,0.0000,0.0,0.00
1765628014.409513,3,1993,1808,1765628014409,1765628014409,0,3.58,0.0000,0.0,0.00
1765628014.431522,3,1994,1809,1765628014431,1765628014431,0,3.59,0.0000,0.0,0.00
1765628014.452490,3,1995,1810,1765628014452,1765628014452,0,3.58,0.0000,0.0,0.00
1765628014.473785,3,1996,1811,1765628014473,1765628014473,0,3.57,0.0000,0.0,0.00
1765628014.494970,3,1997,1812,1765628014494,1765628014494,0,3.58,0.0000,0.0,0.00
1765628014.516423,3,1998,1813,1765628014516,1765628014516,0,3.58,0.0000,0.0,0.00
1765628014.540009,3,1999,1814,1765628014537,1765628014539,2,3.60,0.0000,0.0,0.00
1765628014.559464,3,2000,1815,1765628014559,1765628014559,0,3.47,0.0000,0.0,0.00
1765628014.581001,3,2001,1816,1765628014581,1765628014581,0,3.24,0.0000,0.0,0.00
1765628014.606508,3,2002,1817,1765628014602,1765628014606,4,3.27,0.0000,0.0,0.00
1765628014.624347,3,2003,1818,1765628014624,1765628014624,0,3.30,0.0000,0.0,0.00
1765628014.646278,3,2004,1819,1765628014645,1765628014646,1,3.30,0.0000,0.0,0.00
1765628014.671258,3,2005,1820,1765628014667,1765628014671,4,3.33,0.0000,0.0,0.00
1765628014.688849,3,2006,1821,1765628014688,1765628014688,0,3.38,0.0000,0.0,0.00
1765628014.709966,3,2007,1822,1765628014709,1765628014709,0,3.38,0.0000,0.0,0.00
1765628014.730995,3,2008,1823,1765628014730,1765628014730,0,3.38,0.0000,0.0,0.00
1765628014.751754,3,2009,1824,1765628014751,1765628014751,0,3.38,0.0000,0.0,0.00
1765628014.773254,3,2010,1825,1765628014773,1765628014773,0,3.34,0.0000,0.0,0.00
1765628014.795285,3,2011,1826,1765628014794,1765628014795,1,3.01,0.0000,0.0,0.00
1765628014.821759,3,2012,1828,1765628014817,1765628014821,4,2.84,0.0000,0.0,0.00
1765628014.828721,3,2013,1829,1765628014828,1765628014828,0,3.15,0.0000,0.0,0.00
1765628014.852030,3,2014,1830,1765628014849,1765628014852,3,3.16,0.0000,0.0,0.00
1765628014.871152,3,2015,1831,1765628014871,1765628014871,0,3.17,0.0000,0.0,0.00
1765628014.892367,3,2016,1832,1765628014892,1765628014892,0,3.17,0.0000,0.0,0.00
1765628014.918224,3,2017,1833,1765628014913,1765628014914,1,2.96,0.0000,0.0,0.00
1765628014.934829,3,2018,1834,1765628014934,1765628014934,0,2.95,0.0000,0.0,0.00
1765628014.955748,3,2019,1835,1765628014955,1765628014955,0,2.94,0.0000,0.0,0.00
1765628014.976877,3,2020,1836,1765628014976,1765628014976,0,2.95,0.0000,0.0,0.00
1765628015.001057,3,2021,1837,1765628014998,1765628014999,1,2.96,0.0000,0.0,0.00
1765628015.019602,3,2022,1838,1765628015019,1765628015019,0,2.95,0.0000,0.0,0.00
1765628015.041759,3,2023,1839,1765628015041,1765628015041,0,2.93,0.0000,0.0,0.00
1765628015.054087,3,2024,1840,1765628015053,1765628015053,0,3.08,0.0000,0.0,0.00
1765628015.069788,3,2025,1841,1765628015064,1765628015069,5,3.16,0.0000,0.0,0.00
1765628015.085870,3,2026,1842,1765628015085,1765628015085,0,3.03,0.0000,0.0,0.00
1765628015.106985,3,2027,1844,1765628015106,1765628015106,0,2.99,0.0000,0.0,0.00
1765628015.128262,3,2028,1845,1765628015128,1765628015128,0,2.65,0.0000,0.0,0.00
1765628015.151441,3,2029,1846,1765628015149,1765628015151,2,2.46,0.0000,0.0,0.00
1765628015.170976,3,2030,1847,1765628015170,1765628015170,0,2.48,0.0000,0.0,0.00
1765628015.192271,3,2031,1848,1765628015192,1765628015192,0,2.49,0.0000,0.0,0.00
1765628015.216160,3,2032,1849,1765628015214,1765628015216,2,2.51,0.0000,0.0,0.00
1765628015.234715,3,2033,1850,1765628015234,1765628015234,0,2.55,0.0000,0.0,0.00
1765628015.246677,3,2034,1851,1765628015246,1765628015246,0,2.74,0.0000,0.0,0.00
1765628015.268189,3,2035,1852,1765628015268,1765628015268,0,2.73,0.0000,0.0,0.00
1765628015.289495,3,2036,1853,1765628015289,1765628015289,0,2.73,0.0000,0.0,0.00
1765628015.311038,3,2037,1854,1765628015310,1765628015310,0,2.73,0.0000,0.0,0.00
1765628015.334566,3,2038,1855,1765628015331,1765628015334,3,2.74,0.0000,0.0,0.00
1765628015.352919,3,2039,1856,1765628015352,1765628015352,0,2.55,0.0000,0.0,0.00
1765628015.375899,3,2040,1857,1765628015374,1765628015374,0,2.37,0.0000,0.0,0.00
1765628015.386758,3,2041,1858,1765628015386,1765628015386,0,2.56,0.0000,0.0,0.00
1765628015.403154,3,2042,1859,1765628015398,1765628015402,4,2.65,0.0000,0.0,0.00
1765628015.409675,3,2043,1860,1765628015409,1765628015409,0,2.91,0.0000,0.0,0.00
1765628015.430873,3,2044,1861,1765628015430,1765628015430,0,2.90,0.0000,0.0,0.00
1765628015.452207,3,2045,1862,1765628015452,1765628015452,0,2.91,0.0000,0.0,0.00
1765628015.473750,3,2046,1863,1765628015473,1765628015473,0,2.88,0.0000,0.0,0.00
1765628015.495226,3,2047,1864,1765628015494,1765628015494,0,2.84,0.0000,0.0,0.00
1765628015.517696,3,2048,1865,1765628015515,1765628015516,1,2.85,0.0000,0.0,0.00
1765628015.537420,3,2049,1866,1765628015537,1765628015537,0,2.85,0.0000,0.0,0.00
1765628015.558464,3,2050,1867,1765628015558,1765628015558,0,2.81,0.0000,0.0,0.00
1765628015.569735,3,2051,1868,1765628015569,1765628015569,0,2.76,0.0000,0.0,0.00
1765628015.591393,3,2052,1869,1765628015591,1765628015591,0,2.76,0.0000,0.0,0.00
1765628015.617919,3,2053,1870,1765628015613,1765628015616,3,2.80,0.0000,0.0,0.00
1765628015.624602,3,2054,1871,1765628015624,1765628015624,0,3.07,0.0000,0.0,0.00
1765628015.649450,3,2055,1872,1765628015646,1765628015649,3,3.11,0.0000,0.0,0.00
1765628015.667159,3,2056,1873,1765628015667,1765628015667,0,3.14,0.0000,0.0,0.00
1765628015.688347,3,2057,1874,1765628015688,1765628015688,0,3.14,0.0000,0.0,0.00
1765628015.709183,3,2058,1875,1765628015709,1765628015709,0,3.13,0.0000,0.0,0.00
1765628015.732041,3,2059,1876,1765628015731,1765628015732,1,3.13,0.0000,0.0,0.00
1765628015.741909,3,2060,1877,1765628015741,1765628015741,0,3.39,0.0000,0.0,0.00
1765628015.766710,3,2061,1878,1765628015763,1765628015766,3,3.42,0.0000,0.0,0.00
1765628015.784588,3,2062,1879,1765628015784,1765628015784,0,3.40,0.0000,0.0,0.00
1765628015.806370,3,2063,1880,1765628015806,1765628015806,0,3.39,0.0000,0.0,0.00
1765628015.817192,3,2064,1881,1765628015817,1765628015817,0,3.56,0.0000,0.0,0.00
1765628015.838088,3,2065,1882,1765628015838,1765628015838,0,3.52,0.0000,0.0,0.00
1765628015.858977,3,2066,1883,1765628015858,1765628015858,0,3.47,0.0000,0.0,0.00
1765628015.879852,3,2067,1884,1765628015879,1765628015879,0,3.47,0.0000,0.0,0.00
1765628015.901309,3,2068,1885,1765628015901,1765628015901,0,3.48,0.0000,0.0,0.00
1765628015.923129,3,2069,1886,1765628015923,1765628015923,0,3.49,0.0000,0.0,0.00
1765628015.947670,3,2070,1887,1765628015944,1765628015946,2,3.50,0.0000,0.0,0.00
1765628015.967183,3,2071,1888,1765628015966,1765628015966,0,3.48,0.0000,0.0,0.00
1765628015.987102,3,2072,1889,1765628015987,1765628015987,0,3.43,0.0000,0.0,0.00
1765628016.008339,3,2073,1891,1765628016008,1765628016008,0,3.14,0.0000,0.0,0.00
1765628016.048797,3,2074,1892,1765628016048,1765628016048,0,3.30,0.0000,0.0,0.00
1765628016.066907,3,2075,1893,1765628016066,1765628016066,0,3.32,0.0000,0.0,0.00
1765628016.082299,3,2076,1894,1765628016078,1765628016082,4,3.40,0.0000,0.0,0.00
1765628016.095207,3,2077,1895,1765628016091,1765628016095,4,3.53,0.0000,0.0,0.00
1765628016.115610,3,2078,1896,1765628016113,1765628016115,2,3.53,0.0000,0.0,0.00
1765628016.135505,3,2079,1897,1765628016135,1765628016135,0,3.52,0.0000,0.0,0.00
1765628016.159942,3,2080,1898,1765628016156,1765628016159,3,3.55,0.0000,0.0,0.00
1765628016.177902,3,2081,1899,1765628016177,1765628016177,0,3.56,0.0000,0.0,0.00
1765628016.199963,3,2082,1900,1765628016199,1765628016199,0,3.58,0.0000,0.0,0.00
1765628016.220682,3,2083,1901,1765628016220,1765628016220,0,3.57,0.0000,0.0,0.00
1765628016.241862,3,2084,1902,1765628016241,1765628016241,0,3.41,0.0000,0.0,0.00
1765628016.263868,3,2085,1903,1765628016263,1765628016263,0,3.34,0.0000,0.0,0.00
1765628016.284998,3,2086,1904,1765628016284,1765628016284,0,3.26,0.0000,0.0,0.00
1765628016.308280,3,2087,1905,1765628016306,1765628016308,2,3.29,0.0000,0.0,0.00
1765628016.317361,3,2088,1906,1765628016317,1765628016317,0,3.52,0.0000,0.0,0.00
1765628016.343929,3,2089,1907,1765628016339,1765628016343,4,3.55,0.0000,0.0,0.00
1765628016.350463,3,2090,1908,1765628016350,1765628016350,0,3.83,0.0000,0.0,0.00
1765628016.371688,3,2091,1909,1765628016371,1765628016371,0,3.82,0.0000,0.0,0.00
1765628016.392901,3,2092,1910,1765628016392,1765628016392,0,3.79,0.0000,0.0,0.00
1765628016.414074,3,2093,1911,1765628016414,1765628016414,0,3.78,0.0000,0.0,0.00
1765628016.435314,3,2094,1912,1765628016435,1765628016435,0,3.60,0.0000,0.0,0.00
1765628016.446545,3,2095,1913,1765628016446,1765628016446,0,3.79,0.0000,0.0,0.00
1765628016.468634,3,2096,1914,1765628016468,1765628016468,0,3.80,0.0000,0.0,0.00
1765628016.491803,3,2097,1915,1765628016488,1765628016491,3,3.82,0.0000,0.0,0.00
1765628016.510273,3,2098,1916,1765628016510,1765628016510,0,3.79,0.0000,0.0,0.00
1765628016.531538,3,2099,1917,1765628016531,1765628016531,0,3.77,0.0000,0.0,0.00
1765628016.552687,3,2100,1918,1765628016552,1765628016552,0,3.76,0.0000,0.0,0.00
1765628016.574816,3,2101,1919,1765628016573,1765628016573,0,3.58,0.0000,0.0,0.00
1765628016.585019,3,2102,1920,1765628016585,1765628016585,0,3.68,0.0000,0.0,0.00
1765628016.597617,3,2103,1921,1765628016596,1765628016596,0,3.58,0.0000,0.0,0.00
1765628016.617971,3,2104,1922,1765628016617,1765628016617,0,3.58,0.0000,0.0,0.00
1765628016.640728,3,2105,1923,1765628016639,1765628016640,1,3.59,0.0000,0.0,0.00
1765628016.660507,3,2106,1924,1765628016660,1765628016660,0,3.58,0.0000,0.0,0.00
1765628016.681702,3,2107,1925,1765628016681,1765628016681,0,3.58,0.0000,0.0,0.00
1765628016.702911,3,2108,1926,1765628016702,1765628016702,0,3.58,0.0000,0.0,0.00
1765628016.726514,3,2109,1927,1765628016725,1765628016725,0,3.59,0.0000,0.0,0.00
1765628016.746275,3,2110,1928,1765628016745,1765628016745,0,3.58,0.0000,0.0,0.00
1765628016.767241,3,2111,1929,1765628016767,1765628016767,0,3.38,0.0000,0.0,0.00
1765628016.788549,3,2112,1930,1765628016788,1765628016788,0,3.38,0.0000,0.0,0.00
1765628016.800347,3,2113,1931,1765628016800,1765628016800,0,3.52,0.0000,0.0,0.00
1765628016.813210,3,2114,1932,1765628016811,1765628016811,0,3.45,0.0000,0.0,0.00
1765628016.828935,3,2115,1933,1765628016824,1765628016827,3,3.49,0.0000,0.0,0.00
1765628016.834461,3,2116,1934,1765628016834,1765628016834,0,3.76,0.0000,0.0,0.00
1765628016.856342,3,2117,1935,1765628016856,1765628016856,0,3.76,0.0000,0.0,0.00
1765628016.878295,3,2118,1936,1765628016877,1765628016878,1,3.77,0.0000,0.0,0.00
1765628016.898654,3,2119,1937,1765628016898,1765628016898,0,3.75,0.0000,0.0,0.00
1765628016.920231,3,2120,1938,1765628016920,1765628016920,0,3.51,0.0000,0.0,0.00
1765628016.945206,3,2121,1939,1765628016942,1765628016944,2,3.50,0.0000,0.0,0.00
1765628016.953351,3,2122,1940,1765628016953,1765628016953,0,3.72,0.0000,0.0,0.00
1765628016.977536,3,2123,1941,1765628016975,1765628016977,2,3.74,0.0000,0.0,0.00
1765628016.996147,3,2124,1942,1765628016996,1765628016996,0,3.55,0.0000,0.0,0.00
1765628017.006778,3,2125,1943,1765628017006,1765628017006,0,3.76,0.0000,0.0,0.00
1765628017.029429,3,2126,1944,1765628017028,1765628017028,0,3.78,0.0000,0.0,0.00
1765628017.050035,3,2127,1945,1765628017050,1765628017050,0,3.79,0.0000,0.0,0.00
1765628017.071833,3,2128,1946,1765628017071,1765628017071,0,3.78,0.0000,0.0,0.00
1765628017.093149,3,2129,1947,1765628017093,1765628017093,0,3.78,0.0000,0.0,0.00
1765628017.114587,3,2130,1949,1765628017114,1765628017114,0,3.76,0.0000,0.0,0.00
1765628017.128832,3,2131,1950,1765628017126,1765628017128,2,3.89,0.0000,0.0,0.00
1765628017.148198,3,2132,1951,1765628017148,1765628017148,0,3.88,0.0000,0.0,0.00
1765628017.169339,3,2133,1952,1765628017169,1765628017169,0,3.88,0.0000,0.0,0.00
1765628017.180684,3,2134,1953,1765628017180,1765628017180,0,3.86,0.0000,0.0,0.00
1765628017.202628,3,2135,1954,1765628017202,1765628017202,0,3.86,0.0000,0.0,0.00
1765628017.226239,3,2136,1955,1765628017223,1765628017226,3,3.84,0.0000,0.0,0.00
1765628017.245051,3,2137,1956,1765628017245,1765628017245,0,3.69,0.0000,0.0,0.00
1765628017.266149,3,2138,1957,1765628017266,1765628017266,0,3.70,0.0000,0.0,0.00
1765628017.278924,3,2139,1958,1765628017278,1765628017278,0,3.86,0.0000,0.0,0.00
1765628017.294466,3,2140,1959,1765628017289,1765628017294,5,3.89,0.0000,0.0,0.00
1765628017.300739,3,2141,1960,1765628017300,1765628017300,0,4.18,0.0000,0.0,0.00
1765628017.311872,3,2142,1961,1765628017311,1765628017311,0,4.34,0.0000,0.0,0.00
1765628017.332966,3,2143,1962,1765628017332,1765628017332,0,4.34,0.0000,0.0,0.00
1765628017.354209,3,2144,1963,1765628017354,1765628017354,0,4.34,0.0000,0.0,0.00
1765628017.376244,3,2145,1964,1765628017376,1765628017376,0,4.34,0.0000,0.0,0.00
1765628017.396667,3,2146,1965,1765628017396,1765628017396,0,4.34,0.0000,0.0,0.00
1765628017.418755,3,2147,1966,1765628017418,1765628017418,0,4.32,0.0000,0.0,0.00
1765628017.443326,3,2148,1967,1765628017440,1765628017443,3,4.14,0.0000,0.0,0.00
1765628017.450858,3,2149,1968,1765628017450,1765628017450,0,4.36,0.0000,0.0,0.00
1765628017.475003,3,2150,1969,1765628017472,1765628017475,3,4.13,0.0000,0.0,0.00
1765628017.493155,3,2151,1970,1765628017493,1765628017493,0,4.13,0.0000,0.0,0.00
1765628017.509758,3,2152,1971,1765628017504,1765628017504,0,4.29,0.0000,0.0,0.00
1765628017.526175,3,2153,1972,1765628017526,1765628017526,0,4.29,0.0000,0.0,0.00
1765628017.542889,3,2154,1973,1765628017538,1765628017542,4,4.32,0.0000,0.0,0.00
1765628017.549154,3,2155,1974,1765628017549,1765628017549,0,4.41,0.0000,0.0,0.00
1765628017.570518,3,2156,1975,1765628017570,1765628017570,0,4.40,0.0000,0.0,0.00
1765628017.592020,3,2157,1976,1765628017592,1765628017592,0,4.39,0.0000,0.0,0.00
1765628017.603438,3,2158,1977,1765628017603,1765628017603,0,4.54,0.0000,0.0,0.00
1765628017.625164,3,2159,1978,1765628017625,1765628017625,0,4.56,0.0000,0.0,0.00
1765628017.646519,3,2160,1979,1765628017646,1765628017646,0,4.56,0.0000,0.0,0.00
1765628017.667735,3,2161,1980,1765628017667,1765628017667,0,4.56,0.0000,0.0,0.00
1765628017.692692,3,2162,1981,1765628017688,1765628017688,0,4.44,0.0000,0.0,0.00
1765628017.710111,3,2163,1982,1765628017710,1765628017710,0,4.31,0.0000,0.0,0.00
1765628017.731829,3,2164,1983,1765628017731,1765628017731,0,4.31,0.0000,0.0,0.00
1765628017.753673,3,2165,1984,1765628017753,1765628017753,0,4.30,0.0000,0.0,0.00
1765628017.764319,3,2166,1985,1765628017764,1765628017764,0,4.45,0.0000,0.0,0.00
1765628017.786087,3,2167,1986,1765628017786,1765628017786,0,4.46,0.0000,0.0,0.00
1765628017.808069,3,2168,1987,1765628017808,1765628017808,0,4.47,0.0000,0.0,0.00
1765628017.819977,3,2169,1989,1765628017819,1765628017819,0,4.59,0.0000,0.0,0.00
1765628017.831289,3,2170,1990,1765628017831,1765628017831,0,4.70,0.0000,0.0,0.00
1765628017.852162,3,2171,1991,1765628017852,1765628017852,0,4.69,0.0000,0.0,0.00
1765628017.874723,3,2172,1992,1765628017873,1765628017874,1,4.70,0.0000,0.0,0.00
1765628017.894825,3,2173,1993,1765628017894,1765628017894,0,4.59,0.0000,0.0,0.00
1765628017.906564,3,2174,1994,1765628017906,1765628017906,0,4.57,0.0000,0.0,0.00
1765628017.927939,3,2175,1995,1765628017927,1765628017927,0,4.54,0.0000,0.0,0.00
1765628017.949436,3,2176,1996,1765628017949,1765628017949,0,4.32,0.0000,0.0,0.00
1765628017.961742,3,2177,1997,1765628017960,1765628017960,0,4.45,0.0000,0.0,0.00
1765628017.972867,3,2178,1998,1765628017971,1765628017972,1,4.56,0.0000,0.0,0.00
1765628017.993345,3,2179,1999,1765628017993,1765628017993,0,4.57,0.0000,0.0,0.00
1765628018.015376,3,2180,2000,1765628018015,1765628018015,0,4.57,0.0000,0.0,0.00
1765628018.026698,3,2181,2001,1765628018026,1765628018026,0,4.66,0.0000,0.0,0.00
1765628018.048692,3,2182,2002,1765628018048,1765628018048,0,4.50,0.0000,0.0,0.00
1765628018.069703,3,2183,2003,1765628018069,1765628018069,0,4.47,0.0000,0.0,0.00
1765628018.081030,3,2184,2004,1765628018081,1765628018081,0,4.59,0.0000,0.0,0.00
1765628018.102860,3,2185,2005,1765628018102,1765628018102,0,4.44,0.0000,0.0,0.00
1765628018.123719,3,2186,2006,1765628018123,1765628018123,0,4.43,0.0000,0.0,0.00
1765628018.145410,3,2187,2007,1765628018144,1765628018145,1,4.43,0.0000,0.0,0.00
1765628018.166041,3,2188,2008,1765628018166,1765628018166,0,4.43,0.0000,0.0,0.00
1765628018.189963,3,2189,2009,1765628018187,1765628018189,2,4.44,0.0000,0.0,0.00
1765628018.208696,3,2190,2010,1765628018208,1765628018208,0,4.42,0.0000,0.0,0.00
1765628018.229922,3,2191,2011,1765628018229,1765628018229,0,4.35,0.0000,0.0,0.00
1765628018.252045,3,2192,2012,1765628018252,1765628018252,0,4.39,0.0000,0.0,0.00
1765628018.263382,3,2193,2013,1765628018263,1765628018263,0,4.52,0.0000,0.0,0.00
1765628018.284417,3,2194,2014,1765628018284,1765628018284,0,4.39,0.0000,0.0,0.00
1765628018.308146,3,2195,2015,1765628018305,1765628018308,3,4.41,0.0000,0.0,0.00
1765628018.327340,3,2196,2016,1765628018326,1765628018326,0,4.36,0.0000,0.0,0.00
1765628018.348980,3,2197,2017,1765628018348,1765628018348,0,4.39,0.0000,0.0,0.00
1765628018.369767,3,2198,2018,1765628018369,1765628018369,0,4.39,0.0000,0.0,0.00
1765628018.391982,3,2199,2019,1765628018391,1765628018391,0,4.28,0.0000,0.0,0.00
1765628018.413171,3,2200,2020,1765628018413,1765628018413,0,4.26,0.0000,0.0,0.00
1765628018.425909,3,2201,2021,1765628018424,1765628018425,1,4.12,0.0000,0.0,0.00
1765628018.445854,3,2202,2022,1765628018445,1765628018445,0,3.94,0.0000,0.0,0.00
1765628018.467241,3,2203,2024,1765628018467,1765628018467,0,3.95,0.0000,0.0,0.00
1765628018.492324,3,2204,2025,1765628018488,1765628018491,3,3.97,0.0000,0.0,0.00
1765628018.510093,3,2205,2026,1765628018510,1765628018510,0,3.94,0.0000,0.0,0.00
1765628018.531109,3,2206,2027,1765628018531,1765628018531,0,3.95,0.0000,0.0,0.00
1765628018.552567,3,2207,2028,1765628018552,1765628018552,0,3.94,0.0000,0.0,0.00
1765628018.575188,3,2208,2029,1765628018573,1765628018575,2,3.92,0.0000,0.0,0.00
1765628018.595024,3,2209,2030,1765628018595,1765628018595,0,3.65,0.0000,0.0,0.00
1765628018.607432,3,2210,2031,1765628018606,1765628018607,1,3.76,0.0000,0.0,0.00
1765628018.628867,3,2211,2032,1765628018627,1765628018627,0,3.75,0.0000,0.0,0.00
1765628018.640761,3,2212,2033,1765628018639,1765628018639,0,3.72,0.0000,0.0,0.00
1765628018.660473,3,2213,2034,1765628018660,1765628018660,0,3.71,0.0000,0.0,0.00
1765628018.682328,3,2214,2035,1765628018681,1765628018681,0,3.66,0.0000,0.0,0.00
1765628018.693465,3,2215,2036,1765628018693,1765628018693,0,3.54,0.0000,0.0,0.00
1765628018.710576,3,2216,2037,1765628018703,1765628018709,6,3.59,0.0000,0.0,0.00
1765628018.715173,3,2217,2038,1765628018715,1765628018715,0,3.87,0.0000,0.0,0.00
1765628018.736694,3,2218,2039,1765628018736,1765628018736,0,3.70,0.0000,0.0,0.00
1765628018.759507,3,2219,2040,1765628018758,1765628018759,1,3.71,0.0000,0.0,0.00
1765628018.779324,3,2220,2041,1765628018779,1765628018779,0,3.70,0.0000,0.0,0.00
1765628018.800941,3,2221,2042,1765628018800,1765628018800,0,3.70,0.0000,0.0,0.00
1765628018.822662,3,2222,2043,1765628018822,1765628018822,0,3.71,0.0000,0.0,0.00
1765628018.845968,3,2223,2044,1765628018843,1765628018844,1,3.71,0.0000,0.0,0.00
1765628018.864640,3,2224,2045,1765628018864,1765628018864,0,3.70,0.0000,0.0,0.00
1765628018.885899,3,2225,2046,1765628018885,1765628018885,0,3.70,0.0000,0.0,0.00
1765628018.907074,3,2226,2047,1765628018907,1765628018907,0,3.53,0.0000,0.0,0.00
1765628018.930836,3,2227,2048,1765628018928,1765628018930,2,3.54,0.0000,0.0,0.00
1765628018.939310,3,2228,2049,1765628018939,1765628018939,0,3.75,0.0000,0.0,0.00
1765628018.951009,3,2229,2050,1765628018951,1765628018951,0,3.73,0.0000,0.0,0.00
1765628018.971607,3,2230,2051,1765628018971,1765628018971,0,3.57,0.0000,0.0,0.00
1765628018.993925,3,2231,2052,1765628018992,1765628018993,1,3.58,0.0000,0.0,0.00
1765628019.004079,3,2232,2053,1765628019004,1765628019004,0,3.74,0.0000,0.0,0.00
1765628019.015275,3,2233,2054,1765628019015,1765628019015,0,3.92,0.0000,0.0,0.00
1765628019.036553,3,2234,2055,1765628019036,1765628019036,0,3.78,0.0000,0.0,0.00
1765628019.062024,3,2235,2056,1765628019058,1765628019062,4,3.82,0.0000,0.0,0.00
1765628019.080210,3,2236,2057,1765628019080,1765628019080,0,3.81,0.0000,0.0,0.00
1765628019.101930,3,2237,2059,1765628019100,1765628019100,0,3.63,0.0000,0.0,0.00
1765628019.113078,3,2238,2061,1765628019112,1765628019113,1,3.61,0.0000,0.0,0.00
1765628019.133390,3,2239,2062,1765628019133,1765628019133,0,3.60,0.0000,0.0,0.00
1765628019.154518,3,2240,2063,1765628019154,1765628019154,0,3.59,0.0000,0.0,0.00
1765628019.177792,3,2241,2064,1765628019176,1765628019177,1,3.44,0.0000,0.0,0.00
1765628019.197192,3,2242,2065,1765628019197,1765628019197,0,3.42,0.0000,0.0,0.00
1765628019.219022,3,2243,2066,1765628019218,1765628019218,0,3.42,0.0000,0.0,0.00
1765628019.239230,3,2244,2067,1765628019239,1765628019239,0,3.26,0.0000,0.0,0.00
1765628019.250992,3,2245,2068,1765628019250,1765628019250,0,3.44,0.0000,0.0,0.00
1765628019.271642,3,2246,2069,1765628019271,1765628019271,0,3.44,0.0000,0.0,0.00
1765628019.292829,3,2247,2070,1765628019292,1765628019292,0,3.43,0.0000,0.0,0.00
1765628019.314607,3,2248,2071,1765628019314,1765628019314,0,3.44,0.0000,0.0,0.00
1765628019.336370,3,2249,2072,1765628019335,1765628019335,0,3.42,0.0000,0.0,0.00
1765628019.361643,3,2250,2073,1765628019357,1765628019357,0,3.45,0.0000,0.0,0.00
1765628019.380887,3,2251,2074,1765628019379,1765628019379,0,3.46,0.0000,0.0,0.00
1765628019.394611,3,2252,2075,1765628019391,1765628019394,3,3.52,0.0000,0.0,0.00
1765628019.403114,3,2253,2076,1765628019402,1765628019402,0,3.59,0.0000,0.0,0.00
1765628019.428977,3,2254,2077,1765628019423,1765628019427,4,3.63,0.0000,0.0,0.00
1765628019.445353,3,2255,2078,1765628019445,1765628019445,0,3.60,0.0000,0.0,0.00
1765628019.460745,3,2256,2079,1765628019458,1765628019460,2,3.68,0.0000,0.0,0.00
1765628019.468585,3,2257,2080,1765628019468,1765628019468,0,3.90,0.0000,0.0,0.00
1765628019.493907,3,2258,2081,1765628019489,1765628019493,4,3.94,0.0000,0.0,0.00
1765628019.511103,3,2259,2082,1765628019511,1765628019511,0,3.92,0.0000,0.0,0.00
1765628019.532726,3,2260,2083,1765628019532,1765628019532,0,3.91,0.0000,0.0,0.00
1765628019.554096,3,2261,2084,1765628019554,1765628019554,0,3.79,0.0000,0.0,0.00
1765628019.578313,3,2262,2085,1765628019575,1765628019578,3,3.83,0.0000,0.0,0.00
1765628019.597978,3,2263,2086,1765628019596,1765628019596,0,3.82,0.0000,0.0,0.00
1765628019.610847,3,2264,2087,1765628019608,1765628019610,2,3.87,0.0000,0.0,0.00
1765628019.629702,3,2265,2088,1765628019629,1765628019629,0,3.87,0.0000,0.0,0.00
1765628019.650996,3,2266,2089,1765628019650,1765628019650,0,3.87,0.0000,0.0,0.00
1765628019.675996,3,2267,2090,1765628019672,1765628019674,2,3.90,0.0000,0.0,0.00
1765628019.693947,3,2268,2091,1765628019693,1765628019693,0,3.86,0.0000,0.0,0.00
1765628019.715734,3,2269,2092,1765628019715,1765628019715,0,3.88,0.0000,0.0,0.00
1765628019.737073,3,2270,2093,1765628019737,1765628019737,0,3.76,0.0000,0.0,0.00
1765628019.759897,3,2271,2094,1765628019758,1765628019759,1,3.78,0.0000,0.0,0.00
1765628019.779706,3,2272,2095,1765628019779,1765628019779,0,3.63,0.0000,0.0,0.00
1765628019.801671,3,2273,2096,1765628019801,1765628019801,0,3.64,0.0000,0.0,0.00
1765628019.822268,3,2274,2097,1765628019822,1765628019822,0,3.64,0.0000,0.0,0.00
1765628019.846236,3,2275,2098,1765628019843,1765628019844,1,3.52,0.0000,0.0,0.00
1765628019.864856,3,2276,2099,1765628019864,1765628019864,0,3.45,0.0000,0.0,0.00
1765628019.886189,3,2277,2100,1765628019886,1765628019886,0,3.16,0.0000,0.0,0.00
1765628019.897867,3,2278,2101,1765628019897,1765628019897,0,3.34,0.0000,0.0,0.00
1765628019.918564,3,2279,2102,1765628019918,1765628019918,0,3.32,0.0000,0.0,0.00
1765628019.942899,3,2280,2103,1765628019939,1765628019942,3,3.36,0.0000,0.0,0.00
1765628019.961108,3,2281,2104,1765628019960,1765628019960,0,3.38,0.0000,0.0,0.00
1765628019.982374,3,2282,2105,1765628019982,1765628019982,0,3.38,0.0000,0.0,0.00
1765628020.003611,3,2283,2106,1765628020003,1765628020003,0,3.37,0.0000,0.0,0.00
1765628020.014728,3,2284,2107,1765628020014,1765628020014,0,3.54,0.0000,0.0,0.00
1765628020.028229,3,2285,2108,1765628020025,1765628020027,2,3.66,0.0000,0.0,0.00
1765628020.037525,3,2286,2109,1765628020037,1765628020037,0,3.82,0.0000,0.0,0.00
1765628020.050867,3,2287,2110,1765628020049,1765628020049,0,3.92,0.0000,0.0,0.00
1765628020.071507,3,2288,2111,1765628020071,1765628020071,0,3.74,0.0000,0.0,0.00
1765628020.094976,3,2289,2112,1765628020092,1765628020094,2,3.63,0.0000,0.0,0.00
1765628020.113611,3,2290,2113,1765628020113,1765628020113,0,3.62,0.0000,0.0,0.00
1765628020.135069,3,2291,2114,1765628020135,1765628020135,0,3.62,0.0000,0.0,0.00
1765628020.156376,3,2292,2115,1765628020156,1765628020156,0,3.47,0.0000,0.0,0.00
1765628020.168783,3,2293,2116,1765628020167,1765628020167,0,3.47,0.0000,0.0,0.00
1765628020.178959,3,2294,2117,1765628020178,1765628020178,0,3.62,0.0000,0.0,0.00
1765628020.200763,3,2295,2118,1765628020200,1765628020200,0,3.58,0.0000,0.0,0.00
1765628020.222696,3,2296,2119,1765628020222,1765628020222,0,3.59,0.0000,0.0,0.00
1765628020.244587,3,2297,2120,1765628020243,1765628020244,1,3.61,0.0000,0.0,0.00
1765628020.265044,3,2298,2121,1765628020265,1765628020265,0,3.50,0.0000,0.0,0.00
1765628020.278246,3,2299,2122,1765628020276,1765628020277,1,3.65,0.0000,0.0,0.00
1765628020.297805,3,2300,2123,1765628020297,1765628020297,0,3.63,0.0000,0.0,0.00
1765628020.319483,3,2301,2124,1765628020319,1765628020319,0,3.62,0.0000,0.0,0.00
1765628020.343900,3,2302,2125,1765628020340,1765628020343,3,3.67,0.0000,0.0,0.00
1765628020.362240,3,2303,2126,1765628020362,1765628020362,0,3.65,0.0000,0.0,0.00
1765628020.383636,3,2304,2127,1765628020383,1765628020383,0,3.65,0.0000,0.0,0.00
1765628020.404964,3,2305,2128,1765628020404,1765628020404,0,3.50,0.0000,0.0,0.00
1765628020.426633,3,2306,2129,1765628020426,1765628020426,0,3.51,0.0000,0.0,0.00
1765628020.447734,3,2307,2130,1765628020447,1765628020447,0,3.51,0.0000,0.0,0.00
1765628020.461038,3,2308,2131,1765628020458,1765628020461,3,3.59,0.0000,0.0,0.00
1765628020.481215,3,2309,2132,1765628020481,1765628020481,0,3.57,0.0000,0.0,0.00
1765628020.502247,3,2310,2133,1765628020502,1765628020502,0,3.56,0.0000,0.0,0.00
1765628020.527478,3,2311,2134,1765628020523,1765628020527,4,3.60,0.0000,0.0,0.00
1765628020.546200,3,2312,2135,1765628020545,1765628020545,0,3.53,0.0000,0.0,0.00
1765628020.561930,3,2313,2136,1765628020557,1765628020561,4,3.37,0.0000,0.0,0.00
1765628020.568308,3,2314,2137,1765628020568,1765628020568,0,3.55,0.0000,0.0,0.00
1765628020.580470,3,2315,2138,1765628020579,1765628020579,0,3.70,0.0000,0.0,0.00
1765628020.594610,3,2316,2139,1765628020590,1765628020594,4,3.70,0.0000,0.0,0.00
1765628020.612206,3,2317,2140,1765628020612,1765628020612,0,3.48,0.0000,0.0,0.00
1765628020.633799,3,2318,2141,1765628020633,1765628020633,0,3.43,0.0000,0.0,0.00
1765628020.658328,3,2319,2142,1765628020654,1765628020657,3,3.47,0.0000,0.0,0.00
1765628020.675972,3,2320,2143,1765628020675,1765628020675,0,3.47,0.0000,0.0,0.00
1765628020.697341,3,2321,2144,1765628020697,1765628020697,0,3.47,0.0000,0.0,0.00
1765628020.718309,3,2322,2145,1765628020718,1765628020718,0,3.43,0.0000,0.0,0.00
1765628020.743882,3,2323,2146,1765628020739,1765628020742,3,3.47,0.0000,0.0,0.00
1765628020.760883,3,2324,2147,1765628020760,1765628020760,0,3.39,0.0000,0.0,0.00
1765628020.783477,3,2325,2148,1765628020782,1765628020783,1,3.43,0.0000,0.0,0.00
1765628020.793661,3,2326,2149,1765628020793,1765628020793,0,3.60,0.0000,0.0,0.00
1765628020.814956,3,2327,2150,1765628020814,1765628020814,0,3.57,0.0000,0.0,0.00
1765628020.827199,3,2328,2152,1765628020826,1765628020826,0,3.72,0.0000,0.0,0.00
1765628020.837382,3,2329,2153,1765628020837,1765628020837,0,3.86,0.0000,0.0,0.00
1765628020.859468,3,2330,2154,1765628020858,1765628020858,0,3.84,0.0000,0.0,0.00
1765628020.879661,3,2331,2155,1765628020879,1765628020879,0,3.83,0.0000,0.0,0.00
1765628020.900968,3,2332,2156,1765628020900,1765628020900,0,3.84,0.0000,0.0,0.00
1765628020.922189,3,2333,2157,1765628020922,1765628020922,0,3.84,0.0000,0.0,0.00
1765628020.943330,3,2334,2158,1765628020943,1765628020943,0,3.84,0.0000,0.0,0.00
1765628020.964974,3,2335,2159,1765628020964,1765628020964,0,3.83,0.0000,0.0,0.00
1765628020.985882,3,2336,2160,1765628020985,1765628020985,0,3.84,0.0000,0.0,0.00
1765628021.008124,3,2337,2161,1765628021008,1765628021008,0,3.86,0.0000,0.0,0.00
1765628021.029740,3,2338,2162,1765628021028,1765628021028,0,3.70,0.0000,0.0,0.00
1765628021.051419,3,2339,2163,1765628021050,1765628021050,0,3.71,0.0000,0.0,0.00
1765628021.062115,3,2340,2164,1765628021062,1765628021062,0,3.80,0.0000,0.0,0.00
1765628021.076871,3,2341,2165,1765628021073,1765628021076,3,3.89,0.0000,0.0,0.00
1765628021.084563,3,2342,2166,1765628021084,1765628021084,0,4.07,0.0000,0.0,0.00
1765628021.107209,3,2343,2167,1765628021106,1765628021107,1,4.09,0.0000,0.0,0.00
1765628021.127206,3,2344,2169,1765628021127,1765628021127,0,3.95,0.0000,0.0,0.00
1765628021.148890,3,2345,2170,1765628021148,1765628021148,0,3.86,0.0000,0.0,0.00
1765628021.169275,3,2346,2171,1765628021169,1765628021169,0,3.68,0.0000,0.0,0.00
1765628021.191487,3,2347,2172,1765628021190,1765628021191,1,3.56,0.0000,0.0,0.00
1765628021.212269,3,2348,2173,1765628021212,1765628021212,0,3.54,0.0000,0.0,0.00
1765628021.233776,3,2349,2174,1765628021233,1765628021233,0,3.52,0.0000,0.0,0.00
1765628021.258060,3,2350,2175,1765628021254,1765628021258,4,3.59,0.0000,0.0,0.00
1765628021.276157,3,2351,2176,1765628021276,1765628021276,0,3.58,0.0000,0.0,0.00
1765628021.297933,3,2352,2177,1765628021297,1765628021297,0,3.58,0.0000,0.0,0.00
1765628021.309872,3,2353,2178,1765628021308,1765628021308,0,3.58,0.0000,0.0,0.00
1765628021.323221,3,2354,2179,1765628021320,1765628021322,2,3.51,0.0000,0.0,0.00
1765628021.341794,3,2355,2180,1765628021341,1765628021341,0,3.48,0.0000,0.0,0.00
1765628021.362254,3,2356,2181,1765628021362,1765628021362,0,3.47,0.0000,0.0,0.00
1765628021.383981,3,2357,2182,1765628021383,1765628021383,0,3.46,0.0000,0.0,0.00
1765628021.405189,3,2358,2183,1765628021405,1765628021405,0,3.47,0.0000,0.0,0.00
1765628021.426583,3,2359,2184,1765628021426,1765628021426,0,3.33,0.0000,0.0,0.00
1765628021.448571,3,2360,2185,1765628021448,1765628021448,0,3.36,0.0000,0.0,0.00
1765628021.473263,3,2361,2187,1765628021469,1765628021472,3,3.38,0.0000,0.0,0.00
1765628021.491525,3,2362,2188,1765628021490,1765628021490,0,3.35,0.0000,0.0,0.00
1765628021.511813,3,2363,2189,1765628021511,1765628021511,0,3.37,0.0000,0.0,0.00
1765628021.532979,3,2364,2190,1765628021532,1765628021532,0,3.37,0.0000,0.0,0.00
1765628021.557426,3,2365,2191,1765628021554,1765628021557,3,3.41,0.0000,0.0,0.00
1765628021.576284,3,2366,2192,1765628021575,1765628021575,0,3.41,0.0000,0.0,0.00
1765628021.598721,3,2367,2193,1765628021597,1765628021597,0,3.42,0.0000,0.0,0.00
1765628021.624882,3,2368,2194,1765628021619,1765628021624,5,3.39,0.0000,0.0,0.00
1765628021.630755,3,2369,2195,1765628021630,1765628021630,0,3.67,0.0000,0.0,0.00
1765628021.653308,3,2370,2196,1765628021652,1765628021652,0,3.68,0.0000,0.0,0.00
1765628021.673394,3,2371,2197,1765628021673,1765628021673,0,3.64,0.0000,0.0,0.00
1765628021.694726,3,2372,2198,1765628021694,1765628021694,0,3.63,0.0000,0.0,0.00
1765628021.715414,3,2373,2199,1765628021715,1765628021715,0,3.58,0.0000,0.0,0.00
1765628021.738009,3,2374,2200,1765628021736,1765628021736,0,3.31,0.0000,0.0,0.00
1765628021.758924,3,2375,2201,1765628021758,1765628021758,0,3.14,0.0000,0.0,0.00
1765628021.779403,3,2376,2202,1765628021779,1765628021779,0,3.03,0.0000,0.0,0.00
1765628021.801860,3,2377,2203,1765628021800,1765628021801,1,3.01,0.0000,0.0,0.00
1765628021.813748,3,2378,2204,1765628021812,1765628021813,1,3.19,0.0000,0.0,0.00
1765628021.836054,3,2379,2205,1765628021834,1765628021836,2,3.18,0.0000,0.0,0.00
1765628021.847517,3,2380,2206,1765628021847,1765628021847,0,3.35,0.0000,0.0,0.00
1765628021.858566,3,2381,2207,1765628021858,1765628021858,0,3.53,0.0000,0.0,0.00
1765628021.879079,3,2382,2208,1765628021879,1765628021879,0,3.53,0.0000,0.0,0.00
1765628021.901615,3,2383,2209,1765628021900,1765628021901,1,3.51,0.0000,0.0,0.00
1765628021.921360,3,2384,2210,1765628021921,1765628021921,0,3.49,0.0000,0.0,0.00
1765628021.942504,3,2385,2211,1765628021942,1765628021942,0,3.47,0.0000,0.0,0.00
1765628021.967506,3,2386,2212,1765628021963,1765628021966,3,3.27,0.0000,0.0,0.00
1765628021.985122,3,2387,2213,1765628021985,1765628021985,0,3.28,0.0000,0.0,0.00
1765628021.996339,3,2388,2214,1765628021996,1765628021996,0,3.30,0.0000,0.0,0.00
1765628022.017635,3,2389,2215,1765628022017,1765628022017,0,3.10,0.0000,0.0,0.00
1765628022.038770,3,2390,2216,1765628022038,1765628022038,0,3.10,0.0000,0.0,0.00
1765628022.059970,3,2391,2217,1765628022059,1765628022059,0,3.10,0.0000,0.0,0.00
1765628022.072919,3,2392,2218,1765628022071,1765628022071,0,3.28,0.0000,0.0,0.00
1765628022.083874,3,2393,2219,1765628022083,1765628022083,0,3.43,0.0000,0.0,0.00
1765628022.104987,3,2394,2220,1765628022104,1765628022104,0,3.43,0.0000,0.0,0.00
1765628022.126012,3,2395,2221,1765628022126,1765628022126,0,3.44,0.0000,0.0,0.00
1765628022.147443,3,2396,2222,1765628022147,1765628022147,0,3.44,0.0000,0.0,0.00
1765628022.169881,3,2397,2223,1765628022168,1765628022168,0,3.42,0.0000,0.0,0.00
1765628022.189815,3,2398,2224,1765628022189,1765628022189,0,3.43,0.0000,0.0,0.00
1765628022.211593,3,2399,2225,1765628022211,1765628022211,0,3.43,0.0000,0.0,0.00
1765628022.234909,3,2400,2226,1765628022232,1765628022234,2,3.28,0.0000,0.0,0.00
1765628022.253819,3,2401,2227,1765628022253,1765628022253,0,3.16,0.0000,0.0,0.00
1765628022.274698,3,2402,2228,1765628022274,1765628022274,0,2.88,0.0000,0.0,0.00
1765628022.296444,3,2403,2229,1765628022295,1765628022295,0,2.87,0.0000,0.0,0.00
1765628022.319745,3,2404,2230,1765628022318,1765628022319,1,2.90,0.0000,0.0,0.00
1765628022.329192,3,2405,2231,1765628022329,1765628022329,0,3.13,0.0000,0.0,0.00
1765628022.353733,3,2406,2232,1765628022350,1765628022353,3,3.16,0.0000,0.0,0.00
1765628022.361462,3,2407,2233,1765628022361,1765628022361,0,3.42,0.0000,0.0,0.00
1765628022.373235,3,2408,2234,1765628022373,1765628022373,0,3.58,0.0000,0.0,0.00
1765628022.387355,3,2409,2235,1765628022384,1765628022387,3,3.68,0.0000,0.0,0.00
1765628022.406078,3,2410,2236,1765628022405,1765628022405,0,3.64,0.0000,0.0,0.00
1765628022.427017,3,2411,2237,1765628022427,1765628022427,0,3.65,0.0000,0.0,0.00
1765628022.448335,3,2412,2238,1765628022448,1765628022448,0,3.65,0.0000,0.0,0.00
1765628022.469678,3,2413,2239,1765628022469,1765628022469,0,3.48,0.0000,0.0,0.00
1765628022.491241,3,2414,2240,1765628022491,1765628022491,0,3.37,0.0000,0.0,0.00
1765628022.513341,3,2415,2241,1765628022512,1765628022512,0,3.38,0.0000,0.0,0.00
1765628022.523606,3,2416,2242,1765628022523,1765628022523,0,3.56,0.0000,0.0,0.00
1765628022.545468,3,2417,2243,1765628022545,1765628022545,0,3.57,0.0000,0.0,0.00
1765628022.571156,3,2418,2244,1765628022566,1765628022570,4,3.60,0.0000,0.0,0.00
1765628022.577830,3,2419,2245,1765628022577,1765628022577,0,3.88,0.0000,0.0,0.00
1765628022.605049,3,2420,2246,1765628022598,1765628022605,7,3.94,0.0000,0.0,0.00
1765628022.611127,3,2421,2247,1765628022610,1765628022610,0,4.21,0.0000,0.0,0.00
1765628022.631758,3,2422,2248,1765628022631,1765628022631,0,4.21,0.0000,0.0,0.00
1765628022.653665,3,2423,2249,1765628022653,1765628022653,0,4.22,0.0000,0.0,0.00
1765628022.675085,3,2424,2250,1765628022674,1765628022675,1,4.23,0.0000,0.0,0.00
1765628022.695972,3,2425,2251,1765628022695,1765628022695,0,4.18,0.0000,0.0,0.00
1765628022.719676,3,2426,2252,1765628022717,1765628022719,2,4.20,0.0000,0.0,0.00
1765628022.738732,3,2427,2253,1765628022738,1765628022738,0,4.18,0.0000,0.0,0.00
1765628022.760210,3,2428,2254,1765628022760,1765628022760,0,4.13,0.0000,0.0,0.00
1765628022.781641,3,2429,2255,1765628022781,1765628022781,0,3.84,0.0000,0.0,0.00
1765628022.803883,3,2430,2256,1765628022802,1765628022802,0,3.83,0.0000,0.0,0.00
1765628022.814080,3,2431,2257,1765628022814,1765628022814,0,3.98,0.0000,0.0,0.00
1765628022.838936,3,2432,2259,1765628022837,1765628022838,1,4.01,0.0000,0.0,0.00
1765628022.848525,3,2433,2260,1765628022848,1765628022848,0,4.20,0.0000,0.0,0.00
1765628022.859654,3,2434,2261,1765628022859,1765628022859,0,4.37,0.0000,0.0,0.00
1765628022.871372,3,2435,2262,1765628022871,1765628022871,0,4.50,0.0000,0.0,0.00
1765628022.891992,3,2436,2263,1765628022891,1765628022891,0,4.49,0.0000,0.0,0.00
1765628022.910920,3,2437,2264,1765628022905,1765628022910,5,4.46,0.0000,0.0,0.00
1765628022.917013,3,2438,2265,1765628022916,1765628022916,0,4.60,0.0000,0.0,0.00
1765628022.927063,3,2439,2266,1765628022927,1765628022927,0,4.72,0.0000,0.0,0.00
1765628022.949116,3,2440,2268,1765628022949,1765628022949,0,4.59,0.0000,0.0,0.00
1765628022.960285,3,2441,2269,1765628022960,1765628022960,0,4.59,0.0000,0.0,0.00
1765628022.973421,3,2442,2270,1765628022971,1765628022973,2,4.68,0.0000,0.0,0.00
1765628022.993377,3,2443,2271,1765628022992,1765628022993,1,4.66,0.0000,0.0,0.00
1765628023.014163,3,2444,2272,1765628023014,1765628023014,0,4.67,0.0000,0.0,0.00
1765628023.036400,3,2445,2273,1765628023035,1765628023035,0,4.67,0.0000,0.0,0.00
1765628023.059019,3,2446,2274,1765628023056,1765628023059,3,4.67,0.0000,0.0,0.00
1765628023.078641,3,2447,2275,1765628023078,1765628023078,0,4.67,0.0000,0.0,0.00
1765628023.101459,3,2448,2277,1765628023099,1765628023099,0,4.53,0.0000,0.0,0.00
1765628023.111916,3,2449,2278,1765628023111,1765628023111,0,4.65,0.0000,0.0,0.00
1765628023.132804,3,2450,2280,1765628023132,1765628023132,0,4.65,0.0000,0.0,0.00
1765628023.155292,3,2451,2281,1765628023154,1765628023154,0,4.66,0.0000,0.0,0.00
1765628023.175643,3,2452,2282,1765628023175,1765628023175,0,4.54,0.0000,0.0,0.00
1765628023.197812,3,2453,2283,1765628023196,1765628023196,0,4.41,0.0000,0.0,0.00
1765628023.208488,3,2454,2284,1765628023208,1765628023208,0,4.54,0.0000,0.0,0.00
1765628023.220098,3,2455,2285,1765628023219,1765628023219,0,4.67,0.0000,0.0,0.00
1765628023.313455,3,2456,2286,1765628023303,1765628023313,10,5.50,0.0000,0.0,0.00
1765628023.343871,3,2457,2287,1765628023326,1765628023342,16,5.60,0.0000,0.0,0.00
1765628023.358364,3,2458,2288,1765628023344,1765628023357,13,5.67,0.0000,0.0,0.00
1765628023.358364,3,2459,2289,1765628023356,1765628023358,2,6.00,0.0000,0.0,0.00
1765628023.391397,3,2460,2290,1765628023373,1765628023390,17,6.12,0.0000,0.0,0.00
1765628023.431290,3,2461,2291,1765628023404,1765628023427,23,6.35,0.0000,0.0,0.00
1765628023.432817,3,2462,2292,1765628023423,1765628023432,9,6.62,0.0000,0.0,0.00
1765628023.444072,3,2463,2293,1765628023435,1765628023444,9,6.73,0.0000,0.0,0.00
1765628023.446583,3,2464,2294,1765628023446,1765628023446,0,6.99,0.0000,0.0,0.00
1765628023.458491,3,2465,2295,1765628023457,1765628023457,0,6.97,0.0000,0.0,0.00
1765628023.479600,3,2466,2296,1765628023479,1765628023479,0,6.95,0.0000,0.0,0.00
1765628023.490259,3,2467,2297,1765628023490,1765628023490,0,6.89,0.0000,0.0,0.00
1765628023.511747,3,2468,2298,1765628023511,1765628023511,0,6.77,0.0000,0.0,0.00
1765628023.537755,3,2469,2299,1765628023532,1765628023536,4,6.76,0.0000,0.0,0.00
1765628023.543933,3,2470,2300,1765628023543,1765628023543,0,6.98,0.0000,0.0,0.00
1765628023.572194,3,2471,2301,1765628023566,1765628023571,5,7.06,0.0000,0.0,0.00
1765628023.578065,3,2472,2302,1765628023577,1765628023577,0,7.29,0.0000,0.0,0.00
1765628023.589053,3,2473,2303,1765628023589,1765628023589,0,7.40,0.0000,0.0,0.00
1765628023.609869,3,2474,2304,1765628023609,1765628023609,0,7.37,0.0000,0.0,0.00
1765628023.621121,3,2475,2305,1765628023621,1765628023621,0,7.47,0.0000,0.0,0.00
1765628023.642593,3,2476,2306,1765628023642,1765628023642,0,7.35,0.0000,0.0,0.00
1765628023.664472,3,2477,2307,1765628023663,1765628023664,1,7.35,0.0000,0.0,0.00
1765628023.687908,3,2478,2308,1765628023685,1765628023686,1,7.31,0.0000,0.0,0.00
1765628023.696777,3,2479,2309,1765628023696,1765628023696,0,7.25,0.0000,0.0,0.00
1765628023.708505,3,2480,2310,1765628023708,1765628023708,0,7.25,0.0000,0.0,0.00
1765628023.729984,3,2481,2311,1765628023729,1765628023729,0,7.02,0.0000,0.0,0.00
1765628023.751128,3,2482,2312,1765628023751,1765628023751,0,7.03,0.0000,0.0,0.00
1765628023.772699,3,2483,2313,1765628023772,1765628023772,0,7.02,0.0000,0.0,0.00
1765628023.794609,3,2484,2314,1765628023794,1765628023794,0,7.02,0.0000,0.0,0.00
1765628023.817327,3,2485,2315,1765628023816,1765628023817,1,7.06,0.0000,0.0,0.00
1765628023.837997,3,2486,2317,1765628023836,1765628023836,0,6.99,0.0000,0.0,0.00
1765628023.850858,3,2487,2318,1765628023848,1765628023850,2,7.08,0.0000,0.0,0.00
1765628023.859579,3,2488,2319,1765628023859,1765628023859,0,7.21,0.0000,0.0,0.00
1765628023.884445,3,2489,2320,1765628023881,1765628023884,3,7.27,0.0000,0.0,0.00
1765628023.909055,3,2490,2321,1765628023908,1765628023909,1,7.32,0.0000,0.0,0.00
1765628023.919730,3,2491,2322,1765628023919,1765628023919,0,7.36,0.0000,0.0,0.00
1765628023.934390,3,2492,2323,1765628023930,1765628023933,3,7.36,0.0000,0.0,0.00
1765628023.952584,3,2493,2324,1765628023952,1765628023952,0,7.21,0.0000,0.0,0.00
1765628023.968391,3,2494,2325,1765628023963,1765628023968,5,7.12,0.0000,0.0,0.00
1765628023.986989,3,2495,2326,1765628023984,1765628023986,2,7.01,0.0000,0.0,0.00
1765628024.001579,3,2496,2327,1765628023996,1765628024001,5,7.05,0.0000,0.0,0.00
1765628024.008128,3,2497,2328,1765628024008,1765628024008,0,7.25,0.0000,0.0,0.00
1765628024.020017,3,2498,2329,1765628024018,1765628024018,0,7.18,0.0000,0.0,0.00
1765628024.041027,3,2499,2330,1765628024040,1765628024040,0,7.09,0.0000,0.0,0.00
1765628024.064836,3,2500,2331,1765628024061,1765628024061,0,7.08,0.0000,0.0,0.00
1765628024.082386,3,2501,2332,1765628024082,1765628024082,0,6.97,0.0000,0.0,0.00
1765628024.103893,3,2502,2334,1765628024103,1765628024103,0,6.89,0.0000,0.0,0.00
1765628024.125801,3,2503,2335,1765628024125,1765628024125,0,6.92,0.0000,0.0,0.00
1765628024.146891,3,2504,2336,1765628024146,1765628024146,0,6.92,0.0000,0.0,0.00
1765628024.168982,3,2505,2337,1765628024168,1765628024168,0,6.94,0.0000,0.0,0.00
1765628024.190384,3,2506,2338,1765628024190,1765628024190,0,6.91,0.0000,0.0,0.00
1765628024.214423,3,2507,2339,1765628024211,1765628024213,2,6.96,0.0000,0.0,0.00
1765628024.232303,3,2508,2340,1765628024232,1765628024232,0,6.94,0.0000,0.0,0.00
1765628024.253669,3,2509,2341,1765628024253,1765628024253,0,6.83,0.0000,0.0,0.00
1765628024.281512,3,2510,2342,1765628024275,1765628024281,6,6.94,0.0000,0.0,0.00
1765628024.296610,3,2511,2343,1765628024296,1765628024296,0,6.96,0.0000,0.0,0.00
1765628024.317868,3,2512,2344,1765628024317,1765628024317,0,6.96,0.0000,0.0,0.00
1765628024.338902,3,2513,2345,1765628024338,1765628024338,0,6.96,0.0000,0.0,0.00
1765628024.360454,3,2514,2346,1765628024360,1765628024360,0,6.88,0.0000,0.0,0.00
1765628024.382557,3,2515,2347,1765628024382,1765628024382,0,6.77,0.0000,0.0,0.00
1765628024.403147,3,2516,2348,1765628024403,1765628024403,0,5.79,0.0000,0.0,0.00
1765628024.427467,3,2517,2349,1765628024424,1765628024427,3,5.73,0.0000,0.0,0.00
1765628024.446676,3,2518,2350,1765628024446,1765628024446,0,5.68,0.0000,0.0,0.00
1765628024.458617,3,2519,2351,1765628024457,1765628024458,1,5.44,0.0000,0.0,0.00
1765628024.478553,3,2520,2352,1765628024478,1765628024478,0,5.30,0.0000,0.0,0.00
1765628024.499688,3,2521,2353,1765628024499,1765628024499,0,5.11,0.0000,0.0,0.00
1765628024.524825,3,2522,2354,1765628024521,1765628024524,3,4.91,0.0000,0.0,0.00
1765628024.542235,3,2523,2355,1765628024542,1765628024542,0,4.78,0.0000,0.0,0.00
1765628024.563224,3,2524,2356,1765628024563,1765628024563,0,4.44,0.0000,0.0,0.00
1765628024.584639,3,2525,2357,1765628024584,1765628024584,0,4.30,0.0000,0.0,0.00
1765628024.608259,3,2526,2358,1765628024606,1765628024608,2,4.32,0.0000,0.0,0.00
1765628024.627711,3,2527,2359,1765628024627,1765628024627,0,4.14,0.0000,0.0,0.00
1765628024.664481,3,2528,2360,1765628024664,1765628024664,0,4.33,0.0000,0.0,0.00
1765628024.685551,3,2529,2361,1765628024685,1765628024685,0,4.28,0.0000,0.0,0.00
1765628024.702616,3,2530,2362,1765628024701,1765628024701,0,4.10,0.0000,0.0,0.00
1765628024.713934,3,2531,2363,1765628024712,1765628024712,0,4.15,0.0000,0.0,0.00
1765628024.734989,3,2532,2364,1765628024734,1765628024734,0,3.92,0.0000,0.0,0.00
1765628024.759593,3,2533,2365,1765628024756,1765628024759,3,3.83,0.0000,0.0,0.00
1765628024.777189,3,2534,2366,1765628024777,1765628024777,0,3.86,0.0000,0.0,0.00
1765628024.798542,3,2535,2367,1765628024798,1765628024798,0,3.72,0.0000,0.0,0.00
1765628024.819410,3,2536,2368,1765628024819,1765628024819,0,3.72,0.0000,0.0,0.00
1765628024.841625,3,2537,2369,1765628024841,1765628024841,0,3.72,0.0000,0.0,0.00
1765628024.862333,3,2538,2370,1765628024862,1765628024862,0,3.71,0.0000,0.0,0.00
1765628024.883998,3,2539,2371,1765628024883,1765628024883,0,3.51,0.0000,0.0,0.00
1765628024.908144,3,2540,2372,1765628024905,1765628024908,3,3.40,0.0000,0.0,0.00
1765628024.926312,3,2541,2373,1765628024926,1765628024926,0,3.43,0.0000,0.0,0.00
1765628024.947961,3,2542,2374,1765628024947,1765628024947,0,3.42,0.0000,0.0,0.00
1765628024.972722,3,2543,2375,1765628024969,1765628024971,2,3.45,0.0000,0.0,0.00
1765628024.990404,3,2544,2376,1765628024990,1765628024990,0,3.45,0.0000,0.0,0.00
1765628025.012231,3,2545,2377,1765628025011,1765628025012,1,3.44,0.0000,0.0,0.00
1765628025.023916,3,2546,2378,1765628025022,1765628025023,1,3.61,0.0000,0.0,0.00
1765628025.034005,3,2547,2379,1765628025034,1765628025034,0,3.67,0.0000,0.0,0.00
1765628025.059666,3,2548,2380,1765628025055,1765628025059,4,3.50,0.0000,0.0,0.00
1765628025.066404,3,2549,2381,1765628025066,1765628025066,0,3.71,0.0000,0.0,0.00
1765628025.077787,3,2550,2382,1765628025077,1765628025077,0,3.82,0.0000,0.0,0.00
1765628025.098890,3,2551,2383,1765628025098,1765628025098,0,3.64,0.0000,0.0,0.00
1765628025.120322,3,2552,2384,1765628025120,1765628025120,0,3.55,0.0000,0.0,0.00
1765628025.142906,3,2553,2386,1765628025141,1765628025142,1,3.56,0.0000,0.0,0.00
1765628025.163107,3,2554,2387,1765628025163,1765628025163,0,3.48,0.0000,0.0,0.00
1765628025.184804,3,2555,2388,1765628025184,1765628025184,0,3.45,0.0000,0.0,0.00
1765628025.196238,3,2556,2389,1765628025195,1765628025196,1,3.52,0.0000,0.0,0.00
1765628025.216910,3,2557,2390,1765628025216,1765628025216,0,3.22,0.0000,0.0,0.00
1765628025.228127,3,2558,2391,1765628025228,1765628025228,0,3.17,0.0000,0.0,0.00
1765628025.249984,3,2559,2392,1765628025249,1765628025249,0,3.16,0.0000,0.0,0.00
1765628025.273361,3,2560,2393,1765628025271,1765628025273,2,3.19,0.0000,0.0,0.00
1765628025.284988,3,2561,2394,1765628025283,1765628025283,0,3.41,0.0000,0.0,0.00
1765628025.294725,3,2562,2395,1765628025294,1765628025294,0,3.60,0.0000,0.0,0.00
1765628025.316475,3,2563,2396,1765628025316,1765628025316,0,3.60,0.0000,0.0,0.00
1765628025.328178,3,2564,2397,1765628025327,1765628025328,1,3.77,0.0000,0.0,0.00
1765628025.342237,3,2565,2398,1765628025338,1765628025342,4,3.86,0.0000,0.0,0.00
1765628025.360202,3,2566,2399,1765628025360,1765628025360,0,3.87,0.0000,0.0,0.00
1765628025.381398,3,2567,2400,1765628025381,1765628025381,0,3.84,0.0000,0.0,0.00
1765628025.403304,3,2568,2401,1765628025402,1765628025402,0,3.85,0.0000,0.0,0.00
1765628025.425932,3,2569,2402,1765628025424,1765628025425,1,3.87,0.0000,0.0,0.00
1765628025.446418,3,2570,2403,1765628025446,1765628025446,0,3.79,0.0000,0.0,0.00
1765628025.467892,3,2571,2404,1765628025467,1765628025467,0,3.71,0.0000,0.0,0.00
1765628025.491545,3,2572,2405,1765628025489,1765628025491,2,3.74,0.0000,0.0,0.00
1765628025.510742,3,2573,2406,1765628025510,1765628025510,0,3.74,0.0000,0.0,0.00
1765628025.532142,3,2574,2407,1765628025532,1765628025532,0,3.74,0.0000,0.0,0.00
1765628025.553411,3,2575,2408,1765628025553,1765628025553,0,3.73,0.0000,0.0,0.00
1765628025.577332,3,2576,2409,1765628025574,1765628025577,3,3.76,0.0000,0.0,0.00
1765628025.597287,3,2577,2410,1765628025597,1765628025597,0,3.72,0.0000,0.0,0.00
1765628025.618236,3,2578,2411,1765628025618,1765628025618,0,3.72,0.0000,0.0,0.00
1765628025.639256,3,2579,2412,1765628025639,1765628025639,0,3.57,0.0000,0.0,0.00
1765628025.660680,3,2580,2413,1765628025660,1765628025660,0,3.58,0.0000,0.0,0.00
1765628025.681611,3,2581,2414,1765628025681,1765628025681,0,3.58,0.0000,0.0,0.00
1765628025.702506,3,2582,2415,1765628025702,1765628025702,0,3.53,0.0000,0.0,0.00
1765628025.713695,3,2583,2416,1765628025713,1765628025713,0,3.69,0.0000,0.0,0.00
1765628025.735242,3,2584,2417,1765628025735,1765628025735,0,3.70,0.0000,0.0,0.00
1765628025.757464,3,2585,2418,1765628025756,1765628025757,1,3.71,0.0000,0.0,0.00
1765628025.777986,3,2586,2419,1765628025777,1765628025777,0,3.67,0.0000,0.0,0.00
1765628025.801231,3,2587,2420,1765628025800,1765628025800,0,3.70,0.0000,0.0,0.00
1765628025.811253,3,2588,2421,1765628025811,1765628025811,0,3.71,0.0000,0.0,0.00
1765628025.832306,3,2589,2422,1765628025832,1765628025832,0,3.71,0.0000,0.0,0.00
1765628025.853285,3,2590,2423,1765628025853,1765628025853,0,3.65,0.0000,0.0,0.00
1765628025.874815,3,2591,2424,1765628025874,1765628025874,0,3.47,0.0000,0.0,0.00
1765628025.886126,3,2592,2425,1765628025886,1765628025886,0,3.62,0.0000,0.0,0.00
1765628025.908421,3,2593,2426,1765628025907,1765628025907,0,3.58,0.0000,0.0,0.00
1765628025.928712,3,2594,2427,1765628025928,1765628025928,0,3.57,0.0000,0.0,0.00
1765628025.950667,3,2595,2428,1765628025950,1765628025950,0,3.58,0.0000,0.0,0.00
1765628025.962523,3,2596,2429,1765628025962,1765628025962,0,3.73,0.0000,0.0,0.00
1765628025.974046,3,2597,2430,1765628025973,1765628025974,1,3.87,0.0000,0.0,0.00
1765628025.995528,3,2598,2431,1765628025994,1765628025994,0,3.86,0.0000,0.0,0.00
1765628026.016115,3,2599,2432,1765628026016,1765628026016,0,3.87,0.0000,0.0,0.00
1765628026.040104,3,2600,2433,1765628026037,1765628026040,3,3.86,0.0000,0.0,0.00
1765628026.058428,3,2601,2434,1765628026058,1765628026058,0,3.86,0.0000,0.0,0.00
1765628026.079891,3,2602,2435,1765628026079,1765628026079,0,3.86,0.0000,0.0,0.00
1765628026.101319,3,2603,2436,1765628026101,1765628026101,0,3.84,0.0000,0.0,0.00
1765628026.127682,3,2604,2437,1765628026122,1765628026127,5,3.91,0.0000,0.0,0.00
1765628026.145150,3,2605,2438,1765628026143,1765628026145,2,3.90,0.0000,0.0,0.00
1765628026.156146,3,2606,2439,1765628026155,1765628026155,0,3.92,0.0000,0.0,0.00
1765628026.167570,3,2607,2440,1765628026166,1765628026166,0,3.92,0.0000,0.0,0.00
1765628026.177814,3,2608,2441,1765628026177,1765628026177,0,4.03,0.0000,0.0,0.00
1765628026.199304,3,2609,2442,1765628026199,1765628026199,0,3.80,0.0000,0.0,0.00
1765628026.224702,3,2610,2443,1765628026220,1765628026220,0,3.63,0.0000,0.0,0.00
1765628026.242151,3,2611,2444,1765628026242,1765628026242,0,3.64,0.0000,0.0,0.00
1765628026.262856,3,2612,2445,1765628026262,1765628026262,0,3.62,0.0000,0.0,0.00
1765628026.283762,3,2613,2446,1765628026283,1765628026283,0,3.61,0.0000,0.0,0.00
1765628026.307189,3,2614,2447,1765628026304,1765628026306,2,3.63,0.0000,0.0,0.00
1765628026.325944,3,2615,2448,1765628026325,1765628026325,0,3.61,0.0000,0.0,0.00
1765628026.347966,3,2616,2449,1765628026346,1765628026346,0,3.47,0.0000,0.0,0.00
1765628026.358036,3,2617,2450,1765628026358,1765628026358,0,3.62,0.0000,0.0,0.00
1765628026.379400,3,2618,2451,1765628026379,1765628026379,0,3.48,0.0000,0.0,0.00
1765628026.403749,3,2619,2452,1765628026400,1765628026403,3,3.51,0.0000,0.0,0.00
1765628026.422563,3,2620,2453,1765628026421,1765628026422,1,3.46,0.0000,0.0,0.00
1765628026.437539,3,2621,2454,1765628026433,1765628026437,4,3.35,0.0000,0.0,0.00
1765628026.444376,3,2622,2455,1765628026444,1765628026444,0,3.44,0.0000,0.0,0.00
1765628026.470529,3,2623,2456,1765628026466,1765628026470,4,3.48,0.0000,0.0,0.00
1765628026.477926,3,2624,2457,1765628026477,1765628026477,0,3.60,0.0000,0.0,0.00
1765628026.488231,3,2625,2458,1765628026488,1765628026488,0,3.66,0.0000,0.0,0.00
1765628026.509860,3,2626,2459,1765628026509,1765628026509,0,3.66,0.0000,0.0,0.00
1765628026.531069,3,2627,2460,1765628026531,1765628026531,0,3.67,0.0000,0.0,0.00
1765628026.541692,3,2628,2461,1765628026541,1765628026541,0,3.86,0.0000,0.0,0.00
1765628026.563281,3,2629,2462,1765628026563,1765628026563,0,3.85,0.0000,0.0,0.00
1765628026.588202,3,2630,2463,1765628026584,1765628026586,2,3.87,0.0000,0.0,0.00
1765628026.606085,3,2631,2464,1765628026605,1765628026605,0,3.85,0.0000,0.0,0.00
1765628026.627849,3,2632,2465,1765628026626,1765628026626,0,3.82,0.0000,0.0,0.00
1765628026.638285,3,2633,2466,1765628026638,1765628026638,0,3.99,0.0000,0.0,0.00
1765628026.659700,3,2634,2467,1765628026659,1765628026659,0,3.98,0.0000,0.0,0.00
1765628026.680938,3,2635,2468,1765628026680,1765628026680,0,3.98,0.0000,0.0,0.00
1765628026.703428,3,2636,2469,1765628026702,1765628026703,1,3.97,0.0000,0.0,0.00
1765628026.724108,3,2637,2470,1765628026724,1765628026724,0,3.98,0.0000,0.0,0.00
1765628026.745184,3,2638,2471,1765628026745,1765628026745,0,3.98,0.0000,0.0,0.00
1765628026.768377,3,2639,2472,1765628026767,1765628026768,1,4.00,0.0000,0.0,0.00
1765628026.788810,3,2640,2473,1765628026788,1765628026788,0,3.99,0.0000,0.0,0.00
1765628026.809559,3,2641,2474,1765628026809,1765628026809,0,3.99,0.0000,0.0,0.00
1765628026.831036,3,2642,2475,1765628026830,1765628026830,0,3.99,0.0000,0.0,0.00
1765628026.853781,3,2643,2477,1765628026853,1765628026853,0,3.83,0.0000,0.0,0.00
1765628026.867785,3,2644,2478,1765628026864,1765628026867,3,3.92,0.0000,0.0,0.00
1765628026.876307,3,2645,2479,1765628026876,1765628026876,0,4.12,0.0000,0.0,0.00
1765628026.888473,3,2646,2480,1765628026888,1765628026888,0,4.26,0.0000,0.0,0.00
1765628026.904489,3,2647,2481,1765628026899,1765628026903,4,4.29,0.0000,0.0,0.00
1765628026.910189,3,2648,2482,1765628026910,1765628026910,0,4.38,0.0000,0.0,0.00
1765628026.936070,3,2649,2483,1765628026931,1765628026934,3,4.41,0.0000,0.0,0.00
1765628026.953888,3,2650,2484,1765628026953,1765628026953,0,4.39,0.0000,0.0,0.00
1765628026.976115,3,2651,2485,1765628026975,1765628026975,0,4.40,0.0000,0.0,0.00
1765628026.997032,3,2652,2486,1765628026997,1765628026997,0,4.29,0.0000,0.0,0.00
1765628027.019969,3,2653,2487,1765628027018,1765628027019,1,4.30,0.0000,0.0,0.00
1765628027.039912,3,2654,2488,1765628027039,1765628027039,0,4.29,0.0000,0.0,0.00
1765628027.055336,3,2655,2489,1765628027051,1765628027055,4,4.31,0.0000,0.0,0.00
1765628027.072663,3,2656,2490,1765628027072,1765628027072,0,4.20,0.0000,0.0,0.00
1765628027.095031,3,2657,2491,1765628027093,1765628027093,0,4.08,0.0000,0.0,0.00
1765628027.105263,3,2658,2492,1765628027105,1765628027105,0,4.21,0.0000,0.0,0.00
1765628027.126927,3,2659,2493,1765628027126,1765628027126,0,4.20,0.0000,0.0,0.00
1765628027.153250,3,2660,2494,1765628027148,1765628027153,5,4.23,0.0000,0.0,0.00
1765628027.170338,3,2661,2496,1765628027169,1765628027170,1,4.26,0.0000,0.0,0.00
1765628027.181020,3,2662,2497,1765628027181,1765628027181,0,4.39,0.0000,0.0,0.00
1765628027.203306,3,2663,2498,1765628027202,1765628027202,0,4.38,0.0000,0.0,0.00
1765628027.223897,3,2664,2499,1765628027223,1765628027223,0,4.32,0.0000,0.0,0.00
1765628027.245295,3,2665,2500,1765628027245,1765628027245,0,4.36,0.0000,0.0,0.00
1765628027.269144,3,2666,2501,1765628027266,1765628027269,3,4.23,0.0000,0.0,0.00
1765628027.288755,3,2667,2502,1765628027287,1765628027287,0,4.07,0.0000,0.0,0.00
1765628027.309152,3,2668,2503,1765628027309,1765628027309,0,3.92,0.0000,0.0,0.00
1765628027.330720,3,2669,2504,1765628027330,1765628027330,0,3.91,0.0000,0.0,0.00
1765628027.353725,3,2670,2505,1765628027352,1765628027353,1,3.93,0.0000,0.0,0.00
1765628027.374136,3,2671,2506,1765628027374,1765628027374,0,3.92,0.0000,0.0,0.00
1765628027.396549,3,2672,2507,1765628027396,1765628027396,0,3.94,0.0000,0.0,0.00
1765628027.420118,3,2673,2508,1765628027417,1765628027419,2,3.96,0.0000,0.0,0.00
1765628027.438881,3,2674,2509,1765628027438,1765628027438,0,3.92,0.0000,0.0,0.00
1765628027.459683,3,2675,2510,1765628027459,1765628027459,0,3.94,0.0000,0.0,0.00
1765628027.481448,3,2676,2511,1765628027481,1765628027481,0,3.95,0.0000,0.0,0.00
1765628027.492581,3,2677,2512,1765628027492,1765628027492,0,3.97,0.0000,0.0,0.00
1765628027.514421,3,2678,2513,1765628027514,1765628027514,0,3.98,0.0000,0.0,0.00
1765628027.526164,3,2679,2514,1765628027525,1765628027525,0,4.11,0.0000,0.0,0.00
1765628027.537888,3,2680,2515,1765628027536,1765628027537,1,4.26,0.0000,0.0,0.00
1765628027.547601,3,2681,2516,1765628027547,1765628027547,0,4.37,0.0000,0.0,0.00
1765628027.570154,3,2682,2517,1765628027568,1765628027568,0,4.13,0.0000,0.0,0.00
1765628027.590465,3,2683,2518,1765628027590,1765628027590,0,4.09,0.0000,0.0,0.00
1765628027.612103,3,2684,2519,1765628027612,1765628027612,0,3.85,0.0000,0.0,0.00
1765628027.634991,3,2685,2520,1765628027632,1765628027633,1,3.69,0.0000,0.0,0.00
1765628027.654892,3,2686,2521,1765628027654,1765628027654,0,3.69,0.0000,0.0,0.00
1765628027.675494,3,2687,2522,1765628027675,1765628027675,0,3.68,0.0000,0.0,0.00
1765628027.696770,3,2688,2523,1765628027696,1765628027696,0,3.49,0.0000,0.0,0.00
1765628027.720947,3,2689,2524,1765628027718,1765628027720,2,3.51,0.0000,0.0,0.00
1765628027.730749,3,2690,2525,1765628027729,1765628027729,0,3.70,0.0000,0.0,0.00
1765628027.752496,3,2691,2526,1765628027751,1765628027751,0,3.73,0.0000,0.0,0.00
1765628027.773184,3,2692,2527,1765628027772,1765628027773,1,3.74,0.0000,0.0,0.00
1765628027.793628,3,2693,2528,1765628027793,1765628027793,0,3.58,0.0000,0.0,0.00
1765628027.818467,3,2694,2529,1765628027814,1765628027818,4,3.62,0.0000,0.0,0.00
1765628027.836341,3,2695,2530,1765628027835,1765628027836,1,3.64,0.0000,0.0,0.00
1765628027.857054,3,2696,2531,1765628027857,1765628027857,0,3.61,0.0000,0.0,0.00
1765628027.878431,3,2697,2532,1765628027878,1765628027878,0,3.61,0.0000,0.0,0.00
1765628027.901247,3,2698,2533,1765628027899,1765628027899,0,3.61,0.0000,0.0,0.00
1765628027.920882,3,2699,2534,1765628027920,1765628027920,0,3.59,0.0000,0.0,0.00
1765628027.935145,3,2700,2535,1765628027932,1765628027935,3,3.68,0.0000,0.0,0.00
1765628027.953258,3,2701,2536,1765628027953,1765628027953,0,3.68,0.0000,0.0,0.00
1765628027.974833,3,2702,2537,1765628027974,1765628027974,0,3.68,0.0000,0.0,0.00
1765628027.987606,3,2703,2538,1765628027986,1765628027986,0,3.79,0.0000,0.0,0.00
1765628028.008023,3,2704,2539,1765628028007,1765628028007,0,3.70,0.0000,0.0,0.00
1765628028.028947,3,2705,2540,1765628028028,1765628028028,0,3.50,0.0000,0.0,0.00
1765628028.051966,3,2706,2541,1765628028050,1765628028051,1,3.38,0.0000,0.0,0.00
1765628028.072737,3,2707,2542,1765628028071,1765628028071,0,3.28,0.0000,0.0,0.00
1765628028.093103,3,2708,2543,1765628028093,1765628028093,0,3.01,0.0000,0.0,0.00
1765628028.114211,3,2709,2544,1765628028114,1765628028114,0,2.98,0.0000,0.0,0.00
1765628028.137536,3,2710,2545,1765628028135,1765628028137,2,2.99,0.0000,0.0,0.00
1765628028.156787,3,2711,2546,1765628028156,1765628028156,0,2.99,0.0000,0.0,0.00
1765628028.178358,3,2712,2547,1765628028178,1765628028178,0,2.99,0.0000,0.0,0.00
1765628028.199703,3,2713,2548,1765628028199,1765628028199,0,2.98,0.0000,0.0,0.00
1765628028.222869,3,2714,2549,1765628028221,1765628028222,1,3.01,0.0000,0.0,0.00
1765628028.242670,3,2715,2550,1765628028242,1765628028242,0,2.92,0.0000,0.0,0.00
1765628028.264377,3,2716,2551,1765628028264,1765628028264,0,2.87,0.0000,0.0,0.00
1765628028.275050,3,2717,2552,1765628028275,1765628028275,0,3.07,0.0000,0.0,0.00
1765628028.296311,3,2718,2553,1765628028296,1765628028296,0,2.89,0.0000,0.0,0.00
1765628028.317721,3,2719,2554,1765628028317,1765628028317,0,2.89,0.0000,0.0,0.00
1765628028.339065,3,2720,2555,1765628028339,1765628028339,0,2.85,0.0000,0.0,0.00
1765628028.360169,3,2721,2556,1765628028360,1765628028360,0,2.79,0.0000,0.0,0.00
1765628028.381669,3,2722,2557,1765628028381,1765628028381,0,2.57,0.0000,0.0,0.00
1765628028.407299,3,2723,2558,1765628028404,1765628028407,3,2.61,0.0000,0.0,0.00
1765628028.417383,3,2724,2559,1765628028416,1765628028416,0,2.88,0.0000,0.0,0.00
1765628028.429139,3,2725,2560,1765628028428,1765628028428,0,3.06,0.0000,0.0,0.00
1765628028.439526,3,2726,2561,1765628028439,1765628028439,0,3.23,0.0000,0.0,0.00
1765628028.454306,3,2727,2562,1765628028450,1765628028454,4,3.31,0.0000,0.0,0.00
1765628028.472410,3,2728,2563,1765628028471,1765628028472,1,3.32,0.0000,0.0,0.00
1765628028.492978,3,2729,2564,1765628028492,1765628028492,0,3.31,0.0000,0.0,0.00
1765628028.514571,3,2730,2565,1765628028514,1765628028514,0,3.30,0.0000,0.0,0.00
1765628028.526269,3,2731,2566,1765628028525,1765628028526,1,3.45,0.0000,0.0,0.00
1765628028.538078,3,2732,2567,1765628028537,1765628028537,0,3.61,0.0000,0.0,0.00
1765628028.558860,3,2733,2569,1765628028558,1765628028558,0,3.59,0.0000,0.0,0.00
1765628028.580259,3,2734,2570,1765628028580,1765628028580,0,3.62,0.0000,0.0,0.00
1765628028.591388,3,2735,2571,1765628028591,1765628028591,0,3.79,0.0000,0.0,0.00
1765628028.613477,3,2736,2572,1765628028612,1765628028612,0,3.78,0.0000,0.0,0.00
1765628028.638807,3,2737,2573,1765628028636,1765628028638,2,3.66,0.0000,0.0,0.00
1765628028.648515,3,2738,2574,1765628028648,1765628028648,0,3.84,0.0000,0.0,0.00
1765628028.672555,3,2739,2575,1765628028671,1765628028671,0,3.69,0.0000,0.0,0.00
1765628028.692007,3,2740,2576,1765628028692,1765628028692,0,3.54,0.0000,0.0,0.00
1765628028.714257,3,2741,2577,1765628028713,1765628028713,0,3.33,0.0000,0.0,0.00
1765628028.724415,3,2742,2578,1765628028724,1765628028724,0,3.52,0.0000,0.0,0.00
1765628028.746462,3,2743,2579,1765628028746,1765628028746,0,3.52,0.0000,0.0,0.00
1765628028.770215,3,2744,2580,1765628028767,1765628028770,3,3.54,0.0000,0.0,0.00
1765628028.788257,3,2745,2581,1765628028788,1765628028788,0,3.55,0.0000,0.0,0.00
1765628028.809166,3,2746,2582,1765628028809,1765628028809,0,3.55,0.0000,0.0,0.00
1765628028.820819,3,2747,2583,1765628028820,1765628028820,0,3.72,0.0000,0.0,0.00
1765628028.842376,3,2748,2584,1765628028842,1765628028842,0,3.73,0.0000,0.0,0.00
1765628028.854775,3,2749,2585,1765628028853,1765628028854,1,3.84,0.0000,0.0,0.00
1765628028.870990,3,2750,2586,1765628028865,1765628028870,5,3.68,0.0000,0.0,0.00
1765628028.876416,3,2751,2587,1765628028876,1765628028876,0,3.93,0.0000,0.0,0.00
1765628028.901976,3,2752,2588,1765628028898,1765628028901,3,3.97,0.0000,0.0,0.00
1765628028.909125,3,2753,2589,1765628028909,1765628028909,0,4.19,0.0000,0.0,0.00
1765628028.933992,3,2754,2590,1765628028930,1765628028933,3,4.18,0.0000,0.0,0.00
1765628028.951595,3,2755,2591,1765628028951,1765628028951,0,4.18,0.0000,0.0,0.00
1765628028.973110,3,2756,2592,1765628028973,1765628028973,0,4.19,0.0000,0.0,0.00
1765628028.994637,3,2757,2593,1765628028994,1765628028994,0,4.19,0.0000,0.0,0.00
1765628029.018639,3,2758,2594,1765628029015,1765628029017,2,4.21,0.0000,0.0,0.00
1765628029.028520,3,2759,2595,1765628029027,1765628029027,0,4.36,0.0000,0.0,0.00
1765628029.038931,3,2760,2596,1765628029038,1765628029038,0,4.45,0.0000,0.0,0.00
1765628029.060251,3,2761,2597,1765628029060,1765628029060,0,4.48,0.0000,0.0,0.00
1765628029.084332,3,2762,2598,1765628029081,1765628029083,2,4.50,0.0000,0.0,0.00
1765628029.102909,3,2763,2599,1765628029102,1765628029102,0,4.37,0.0000,0.0,0.00
1765628029.124125,3,2764,2600,1765628029124,1765628029124,0,4.38,0.0000,0.0,0.00
1765628029.149569,3,2765,2601,1765628029145,1765628029148,3,4.41,0.0000,0.0,0.00
1765628029.166851,3,2766,2603,1765628029166,1765628029166,0,4.38,0.0000,0.0,0.00
1765628029.188729,3,2767,2604,1765628029188,1765628029188,0,4.40,0.0000,0.0,0.00
1765628029.209134,3,2768,2605,1765628029209,1765628029209,0,4.39,0.0000,0.0,0.00
1765628029.233400,3,2769,2606,1765628029230,1765628029233,3,4.42,0.0000,0.0,0.00
1765628029.251511,3,2770,2607,1765628029251,1765628029251,0,4.38,0.0000,0.0,0.00
1765628029.272809,3,2771,2608,1765628029272,1765628029272,0,4.41,0.0000,0.0,0.00
1765628029.294544,3,2772,2609,1765628029294,1765628029294,0,4.41,0.0000,0.0,0.00
1765628029.319864,3,2773,2610,1765628029315,1765628029318,3,4.44,0.0000,0.0,0.00
1765628029.338665,3,2774,2611,1765628029337,1765628029338,1,4.41,0.0000,0.0,0.00
1765628029.354757,3,2775,2612,1765628029349,1765628029354,5,4.44,0.0000,0.0,0.00
1765628029.361716,3,2776,2613,1765628029361,1765628029361,0,4.63,0.0000,0.0,0.00
1765628029.372779,3,2777,2614,1765628029372,1765628029372,0,4.63,0.0000,0.0,0.00
1765628029.394011,3,2778,2615,1765628029394,1765628029394,0,4.64,0.0000,0.0,0.00
1765628029.418942,3,2779,2616,1765628029415,1765628029418,3,4.68,0.0000,0.0,0.00
1765628029.436699,3,2780,2617,1765628029436,1765628029436,0,4.64,0.0000,0.0,0.00
1765628029.458011,3,2781,2618,1765628029458,1765628029458,0,4.65,0.0000,0.0,0.00
1765628029.469350,3,2782,2619,1765628029469,1765628029469,0,4.75,0.0000,0.0,0.00
1765628029.490621,3,2783,2620,1765628029490,1765628029490,0,4.68,0.0000,0.0,0.00
1765628029.511859,3,2784,2621,1765628029511,1765628029511,0,4.54,0.0000,0.0,0.00
1765628029.535476,3,2785,2622,1765628029533,1765628029535,2,4.49,0.0000,0.0,0.00
1765628029.544096,3,2786,2623,1765628029544,1765628029544,0,4.53,0.0000,0.0,0.00
1765628029.568742,3,2787,2624,1765628029565,1765628029568,3,4.53,0.0000,0.0,0.00
1765628029.587880,3,2788,2625,1765628029586,1765628029587,1,4.53,0.0000,0.0,0.00
1765628029.608336,3,2789,2626,1765628029608,1765628029608,0,4.54,0.0000,0.0,0.00
1765628029.629868,3,2790,2627,1765628029629,1765628029629,0,4.53,0.0000,0.0,0.00
1765628029.651103,3,2791,2628,1765628029651,1765628029651,0,4.42,0.0000,0.0,0.00
1765628029.672567,3,2792,2629,1765628029672,1765628029672,0,4.28,0.0000,0.0,0.00
1765628029.694577,3,2793,2630,1765628029693,1765628029693,0,4.28,0.0000,0.0,0.00
1765628029.716896,3,2794,2631,1765628029714,1765628029716,2,4.29,0.0000,0.0,0.00
1765628029.736470,3,2795,2632,1765628029736,1765628029736,0,4.13,0.0000,0.0,0.00
1765628029.757350,3,2796,2633,1765628029757,1765628029757,0,4.13,0.0000,0.0,0.00
1765628029.782028,3,2797,2634,1765628029778,1765628029780,2,4.09,0.0000,0.0,0.00
1765628029.799541,3,2798,2635,1765628029799,1765628029799,0,3.90,0.0000,0.0,0.00
1765628029.817346,3,2799,2636,1765628029812,1765628029816,4,3.89,0.0000,0.0,0.00
1765628029.823951,3,2800,2637,1765628029822,1765628029822,0,4.16,0.0000,0.0,0.00
1765628029.834015,3,2801,2638,1765628029834,1765628029834,0,4.28,0.0000,0.0,0.00
1765628029.855089,3,2802,2640,1765628029855,1765628029855,0,4.13,0.0000,0.0,0.00
1765628029.866384,3,2803,2641,1765628029866,1765628029866,0,4.27,0.0000,0.0,0.00
1765628029.887878,3,2804,2642,1765628029887,1765628029887,0,4.23,0.0000,0.0,0.00
1765628029.913193,3,2805,2643,1765628029909,1765628029912,3,4.29,0.0000,0.0,0.00
1765628029.931094,3,2806,2645,1765628029931,1765628029931,0,4.27,0.0000,0.0,0.00
1765628029.952568,3,2807,2646,1765628029952,1765628029952,0,4.12,0.0000,0.0,0.00
1765628029.973868,3,2808,2647,1765628029973,1765628029973,0,4.10,0.0000,0.0,0.00
1765628029.994731,3,2809,2648,1765628029994,1765628029994,0,3.97,0.0000,0.0,0.00
1765628030.016135,3,2810,2649,1765628030016,1765628030016,0,3.94,0.0000,0.0,0.00
1765628030.037502,3,2811,2650,1765628030037,1765628030037,0,3.67,0.0000,0.0,0.00
1765628030.063332,3,2812,2651,1765628030058,1765628030063,5,3.68,0.0000,0.0,0.00
1765628030.081338,3,2813,2652,1765628030081,1765628030081,0,3.46,0.0000,0.0,0.00
1765628030.102285,3,2814,2653,1765628030102,1765628030102,0,3.42,0.0000,0.0,0.00
1765628030.126442,3,2815,2654,1765628030124,1765628030126,2,3.44,0.0000,0.0,0.00
1765628030.144951,3,2816,2655,1765628030144,1765628030144,0,3.44,0.0000,0.0,0.00
1765628030.159717,3,2817,2656,1765628030156,1765628030159,3,3.52,0.0000,0.0,0.00
1765628030.177157,3,2818,2657,1765628030177,1765628030177,0,3.51,0.0000,0.0,0.00
1765628030.198559,3,2819,2658,1765628030198,1765628030198,0,3.33,0.0000,0.0,0.00
1765628030.225447,3,2820,2660,1765628030220,1765628030225,5,3.22,0.0000,0.0,0.00
1765628030.231548,3,2821,2661,1765628030231,1765628030231,0,3.50,0.0000,0.0,0.00
1765628030.253155,3,2822,2662,1765628030253,1765628030253,0,3.48,0.0000,0.0,0.00
1765628030.276573,3,2823,2663,1765628030274,1765628030276,2,3.51,0.0000,0.0,0.00
1765628030.296527,3,2824,2664,1765628030296,1765628030296,0,3.49,0.0000,0.0,0.00
1765628030.317482,3,2825,2665,1765628030317,1765628030317,0,3.46,0.0000,0.0,0.00
1765628030.342442,3,2826,2666,1765628030338,1765628030342,4,3.48,0.0000,0.0,0.00
1765628030.360227,3,2827,2667,1765628030360,1765628030360,0,3.49,0.0000,0.0,0.00
1765628030.381545,3,2828,2668,1765628030381,1765628030381,0,3.49,0.0000,0.0,0.00
1765628030.393851,3,2829,2669,1765628030392,1765628030392,0,3.62,0.0000,0.0,0.00
1765628030.403838,3,2830,2670,1765628030403,1765628030403,0,3.77,0.0000,0.0,0.00
1765628030.425006,3,2831,2671,1765628030425,1765628030425,0,3.79,0.0000,0.0,0.00
1765628030.446196,3,2832,2672,1765628030446,1765628030446,0,3.77,0.0000,0.0,0.00
1765628030.467703,3,2833,2673,1765628030467,1765628030467,0,3.74,0.0000,0.0,0.00
1765628030.490251,3,2834,2674,1765628030489,1765628030490,1,3.77,0.0000,0.0,0.00
1765628030.510159,3,2835,2675,1765628030510,1765628030510,0,3.71,0.0000,0.0,0.00
1765628030.531622,3,2836,2676,1765628030531,1765628030531,0,3.45,0.0000,0.0,0.00
1765628030.557293,3,2837,2677,1765628030553,1765628030557,4,3.32,0.0000,0.0,0.00
1765628030.574886,3,2838,2678,1765628030574,1765628030574,0,3.36,0.0000,0.0,0.00
1765628030.597831,3,2839,2679,1765628030596,1765628030597,1,3.35,0.0000,0.0,0.00
1765628030.608907,3,2840,2680,1765628030608,1765628030608,0,3.50,0.0000,0.0,0.00
1765628030.625253,3,2841,2681,1765628030620,1765628030624,4,3.56,0.0000,0.0,0.00
1765628030.631750,3,2842,2682,1765628030631,1765628030631,0,3.64,0.0000,0.0,0.00
1765628030.643381,3,2843,2683,1765628030642,1765628030642,0,3.81,0.0000,0.0,0.00
1765628030.663756,3,2844,2684,1765628030663,1765628030663,0,3.81,0.0000,0.0,0.00
1765628030.688939,3,2845,2685,1765628030685,1765628030687,2,3.81,0.0000,0.0,0.00
1765628030.706716,3,2846,2686,1765628030706,1765628030706,0,3.59,0.0000,0.0,0.00
1765628030.728512,3,2847,2687,1765628030728,1765628030728,0,3.57,0.0000,0.0,0.00
1765628030.749501,3,2848,2688,1765628030749,1765628030749,0,3.58,0.0000,0.0,0.00
1765628030.773213,3,2849,2689,1765628030771,1765628030773,2,3.61,0.0000,0.0,0.00
1765628030.781795,3,2850,2690,1765628030781,1765628030781,0,3.84,0.0000,0.0,0.00
1765628030.806763,3,2851,2691,1765628030803,1765628030806,3,3.88,0.0000,0.0,0.00
1765628030.815117,3,2852,2692,1765628030815,1765628030815,0,4.07,0.0000,0.0,0.00
1765628030.826390,3,2853,2693,1765628030826,1765628030826,0,4.22,0.0000,0.0,0.00
1765628030.848198,3,2854,2694,1765628030847,1765628030847,0,4.20,0.0000,0.0,0.00
1765628030.871288,3,2855,2695,1765628030868,1765628030871,3,4.24,0.0000,0.0,0.00
1765628030.890017,3,2856,2696,1765628030890,1765628030890,0,4.22,0.0000,0.0,0.00
1765628030.911131,3,2857,2697,1765628030911,1765628030911,0,4.20,0.0000,0.0,0.00
1765628030.933311,3,2858,2698,1765628030932,1765628030932,0,4.22,0.0000,0.0,0.00
1765628030.954428,3,2859,2699,1765628030953,1765628030954,1,4.21,0.0000,0.0,0.00
1765628030.975810,3,2860,2700,1765628030974,1765628030974,0,3.94,0.0000,0.0,0.00
1765628030.986666,3,2861,2701,1765628030986,1765628030986,0,3.94,0.0000,0.0,0.00
1765628030.998477,3,2862,2702,1765628030997,1765628030997,0,4.09,0.0000,0.0,0.00
1765628031.019794,3,2863,2703,1765628031019,1765628031019,0,3.95,0.0000,0.0,0.00
1765628031.040563,3,2864,2704,1765628031040,1765628031040,0,3.95,0.0000,0.0,0.00
1765628031.062026,3,2865,2705,1765628031062,1765628031062,0,3.92,0.0000,0.0,0.00
1765628031.088754,3,2866,2706,1765628031084,1765628031088,4,3.99,0.0000,0.0,0.00
1765628031.095643,3,2867,2707,1765628031095,1765628031095,0,4.24,0.0000,0.0,0.00
1765628031.107815,3,2868,2708,1765628031106,1765628031106,0,4.39,0.0000,0.0,0.00
1765628031.121553,3,2869,2709,1765628031118,1765628031121,3,4.45,0.0000,0.0,0.00
1765628031.129436,3,2870,2710,1765628031129,1765628031129,0,4.64,0.0000,0.0,0.00
1765628031.155203,3,2871,2711,1765628031150,1765628031155,5,4.70,0.0000,0.0,0.00
1765628031.172411,3,2872,2713,1765628031172,1765628031172,0,4.64,0.0000,0.0,0.00
1765628031.193837,3,2873,2714,1765628031193,1765628031193,0,4.66,0.0000,0.0,0.00
1765628031.215077,3,2874,2715,1765628031215,1765628031215,0,4.67,0.0000,0.0,0.00
1765628031.236674,3,2875,2716,1765628031236,1765628031236,0,4.63,0.0000,0.0,0.00
1765628031.257333,3,2876,2717,1765628031257,1765628031257,0,4.65,0.0000,0.0,0.00
1765628031.278704,3,2877,2718,1765628031278,1765628031278,0,4.60,0.0000,0.0,0.00
1765628031.305733,3,2878,2719,1765628031300,1765628031305,5,4.67,0.0000,0.0,0.00
1765628031.321855,3,2879,2720,1765628031321,1765628031321,0,4.71,0.0000,0.0,0.00
1765628031.343474,3,2880,2721,1765628031343,1765628031343,0,4.66,0.0000,0.0,0.00
1765628031.364562,3,2881,2722,1765628031364,1765628031364,0,4.39,0.0000,0.0,0.00
1765628031.389211,3,2882,2723,1765628031385,1765628031388,3,4.41,0.0000,0.0,0.00
1765628031.408269,3,2883,2724,1765628031407,1765628031407,0,4.37,0.0000,0.0,0.00
1765628031.428525,3,2884,2725,1765628031428,1765628031428,0,4.38,0.0000,0.0,0.00
1765628031.454622,3,2885,2726,1765628031450,1765628031454,4,4.44,0.0000,0.0,0.00
1765628031.461209,3,2886,2728,1765628031461,1765628031461,0,4.63,0.0000,0.0,0.00
1765628031.472324,3,2887,2729,1765628031472,1765628031472,0,4.79,0.0000,0.0,0.00
1765628031.493332,3,2888,2730,1765628031493,1765628031493,0,4.79,0.0000,0.0,0.00
1765628031.514170,3,2889,2731,1765628031514,1765628031514,0,4.64,0.0000,0.0,0.00
1765628031.536484,3,2890,2732,1765628031535,1765628031535,0,4.49,0.0000,0.0,0.00
1765628031.556750,3,2891,2733,1765628031556,1765628031556,0,4.48,0.0000,0.0,0.00
1765628031.578568,3,2892,2734,1765628031578,1765628031578,0,4.49,0.0000,0.0,0.00
1765628031.603206,3,2893,2735,1765628031599,1765628031603,4,4.53,0.0000,0.0,0.00
1765628031.622306,3,2894,2736,1765628031620,1765628031620,0,4.53,0.0000,0.0,0.00
1765628031.642139,3,2895,2737,1765628031642,1765628031642,0,4.55,0.0000,0.0,0.00
1765628031.663255,3,2896,2738,1765628031663,1765628031663,0,4.55,0.0000,0.0,0.00
1765628031.685122,3,2897,2739,1765628031685,1765628031685,0,4.51,0.0000,0.0,0.00
1765628031.695905,3,2898,2740,1765628031695,1765628031695,0,4.67,0.0000,0.0,0.00
1765628031.719055,3,2899,2741,1765628031717,1765628031718,1,4.67,0.0000,0.0,0.00
1765628031.728796,3,2900,2742,1765628031728,1765628031728,0,4.69,0.0000,0.0,0.00
1765628031.752722,3,2901,2743,1765628031750,1765628031752,2,4.68,0.0000,0.0,0.00
1765628031.760941,3,2902,2744,1765628031760,1765628031760,0,4.66,0.0000,0.0,0.00
1765628031.785634,3,2903,2745,1765628031782,1765628031785,3,4.53,0.0000,0.0,0.00
1765628031.803797,3,2904,2746,1765628031803,1765628031803,0,4.53,0.0000,0.0,0.00
1765628031.825077,3,2905,2747,1765628031825,1765628031825,0,4.51,0.0000,0.0,0.00
1765628031.851029,3,2906,2748,1765628031847,1765628031851,4,4.59,0.0000,0.0,0.00
1765628031.859405,3,2907,2749,1765628031858,1765628031858,0,4.83,0.0000,0.0,0.00
1765628031.883276,3,2908,2750,1765628031879,1765628031883,4,4.87,0.0000,0.0,0.00
1765628031.901220,3,2909,2751,1765628031900,1765628031901,1,4.83,0.0000,0.0,0.00
1765628031.922423,3,2910,2752,1765628031921,1765628031921,0,4.60,0.0000,0.0,0.00
1765628031.949403,3,2911,2753,1765628031943,1765628031949,6,4.63,0.0000,0.0,0.00
1765628031.955661,3,2912,2754,1765628031954,1765628031954,0,4.72,0.0000,0.0,0.00
1765628031.968096,3,2913,2755,1765628031965,1765628031967,2,4.68,0.0000,0.0,0.00
1765628031.981380,3,2914,2756,1765628031977,1765628031977,0,4.86,0.0000,0.0,0.00
1765628031.998972,3,2915,2757,1765628031998,1765628031998,0,4.82,0.0000,0.0,0.00
1765628032.021047,3,2916,2758,1765628032020,1765628032020,0,4.86,0.0000,0.0,0.00
1765628032.041623,3,2917,2759,1765628032041,1765628032041,0,4.86,0.0000,0.0,0.00
1765628032.063425,3,2918,2760,1765628032063,1765628032063,0,4.87,0.0000,0.0,0.00
1765628032.084455,3,2919,2761,1765628032084,1765628032084,0,4.86,0.0000,0.0,0.00
1765628032.106320,3,2920,2762,1765628032106,1765628032106,0,4.88,0.0000,0.0,0.00
1765628032.126981,3,2921,2763,1765628032126,1765628032126,0,4.73,0.0000,0.0,0.00
1765628032.148105,3,2922,2764,1765628032148,1765628032148,0,4.58,0.0000,0.0,0.00
1765628032.169633,3,2923,2765,1765628032169,1765628032169,0,4.57,0.0000,0.0,0.00
1765628032.191675,3,2924,2766,1765628032190,1765628032190,0,4.57,0.0000,0.0,0.00
1765628032.215416,3,2925,2767,1765628032211,1765628032214,3,4.59,0.0000,0.0,0.00
1765628032.223808,3,2926,2768,1765628032223,1765628032223,0,4.75,0.0000,0.0,0.00
1765628032.249092,3,2927,2769,1765628032245,1765628032249,4,4.55,0.0000,0.0,0.00
1765628032.266810,3,2928,2770,1765628032266,1765628032266,0,4.41,0.0000,0.0,0.00
1765628032.288398,3,2929,2771,1765628032288,1765628032288,0,4.34,0.0000,0.0,0.00
1765628032.309406,3,2930,2772,1765628032309,1765628032309,0,4.08,0.0000,0.0,0.00
1765628032.334014,3,2931,2773,1765628032330,1765628032334,4,4.07,0.0000,0.0,0.00
1765628032.352353,3,2932,2774,1765628032352,1765628032352,0,4.04,0.0000,0.0,0.00
1765628032.373832,3,2933,2775,1765628032373,1765628032373,0,4.04,0.0000,0.0,0.00
1765628032.399692,3,2934,2776,1765628032395,1765628032398,3,4.07,0.0000,0.0,0.00
1765628032.418034,3,2935,2777,1765628032416,1765628032418,2,4.06,0.0000,0.0,0.00
1765628032.433895,3,2936,2778,1765628032428,1765628032432,4,4.18,0.0000,0.0,0.00
1765628032.439553,3,2937,2779,1765628032439,1765628032439,0,4.45,0.0000,0.0,0.00
1765628032.461017,3,2938,2780,1765628032461,1765628032461,0,4.40,0.0000,0.0,0.00
1765628032.482007,3,2939,2781,1765628032482,1765628032482,0,4.34,0.0000,0.0,0.00
1765628032.503692,3,2940,2782,1765628032503,1765628032503,0,4.33,0.0000,0.0,0.00
1765628032.525539,3,2941,2783,1765628032525,1765628032525,0,4.34,0.0000,0.0,0.00
1765628032.547791,3,2942,2784,1765628032546,1765628032547,1,4.32,0.0000,0.0,0.00
1765628032.567536,3,2943,2785,1765628032567,1765628032567,0,4.32,0.0000,0.0,0.00
1765628032.589105,3,2944,2786,1765628032589,1765628032589,0,4.33,0.0000,0.0,0.00
1765628032.610332,3,2945,2787,1765628032610,1765628032610,0,4.28,0.0000,0.0,0.00
1765628032.633659,3,2946,2788,1765628032631,1765628032633,2,4.02,0.0000,0.0,0.00
1765628032.654115,3,2947,2789,1765628032652,1765628032652,0,3.82,0.0000,0.0,0.00
1765628032.668782,3,2948,2790,1765628032664,1765628032667,3,3.92,0.0000,0.0,0.00
1765628032.686079,3,2949,2791,1765628032686,1765628032686,0,3.92,0.0000,0.0,0.00
1765628032.708064,3,2950,2792,1765628032707,1765628032707,0,3.92,0.0000,0.0,0.00
1765628032.732318,3,2951,2793,1765628032728,1765628032731,3,3.95,0.0000,0.0,0.00
1765628032.749925,3,2952,2794,1765628032749,1765628032749,0,3.96,0.0000,0.0,0.00
1765628032.765302,3,2953,2795,1765628032761,1765628032764,3,4.00,0.0000,0.0,0.00
1765628032.772899,3,2954,2796,1765628032772,1765628032772,0,4.20,0.0000,0.0,0.00
1765628032.797500,3,2955,2797,1765628032793,1765628032797,4,4.23,0.0000,0.0,0.00
1765628032.814947,3,2956,2798,1765628032814,1765628032814,0,4.26,0.0000,0.0,0.00
1765628032.836480,3,2957,2799,1765628032836,1765628032836,0,4.26,0.0000,0.0,0.00
1765628032.857628,3,2958,2801,1765628032857,1765628032857,0,4.08,0.0000,0.0,0.00
1765628032.868828,3,2959,2802,1765628032868,1765628032868,0,4.22,0.0000,0.0,0.00
1765628032.891265,3,2960,2803,1765628032890,1765628032890,0,4.04,0.0000,0.0,0.00
1765628032.911370,3,2961,2804,1765628032911,1765628032911,0,4.01,0.0000,0.0,0.00
1765628032.934635,3,2962,2805,1765628032932,1765628032934,2,3.79,0.0000,0.0,0.00
1765628032.954059,3,2963,2806,1765628032954,1765628032954,0,3.74,0.0000,0.0,0.00
1765628032.975077,3,2964,2807,1765628032975,1765628032975,0,3.72,0.0000,0.0,0.00
1765628032.997173,3,2965,2808,1765628032997,1765628032997,0,3.72,0.0000,0.0,0.00
1765628033.008036,3,2966,2809,1765628033008,1765628033008,0,3.85,0.0000,0.0,0.00
1765628033.029402,3,2967,2810,1765628033029,1765628033029,0,3.58,0.0000,0.0,0.00
1765628033.051023,3,2968,2811,1765628033050,1765628033050,0,3.54,0.0000,0.0,0.00
1765628033.071897,3,2969,2812,1765628033071,1765628033071,0,3.52,0.0000,0.0,0.00
1765628033.092717,3,2970,2813,1765628033092,1765628033092,0,3.53,0.0000,0.0,0.00
1765628033.117690,3,2971,2814,1765628033114,1765628033117,3,3.50,0.0000,0.0,0.00
1765628033.125404,3,2972,2815,1765628033125,1765628033125,0,3.43,0.0000,0.0,0.00
1765628033.151813,3,2973,2816,1765628033146,1765628033151,5,3.32,0.0000,0.0,0.00
1765628033.157854,3,2974,2817,1765628033157,1765628033157,0,3.42,0.0000,0.0,0.00
1765628033.178931,3,2975,2818,1765628033178,1765628033178,0,3.42,0.0000,0.0,0.00
1765628033.200342,3,2976,2820,1765628033200,1765628033200,0,3.42,0.0000,0.0,0.00
1765628033.221563,3,2977,2821,1765628033221,1765628033221,0,3.42,0.0000,0.0,0.00
1765628033.242640,3,2978,2822,1765628033242,1765628033242,0,3.41,0.0000,0.0,0.00
1765628033.265115,3,2979,2823,1765628033264,1765628033264,0,3.42,0.0000,0.0,0.00
1765628033.286017,3,2980,2824,1765628033286,1765628033286,0,3.42,0.0000,0.0,0.00
1765628033.308214,3,2981,2825,1765628033307,1765628033307,0,3.43,0.0000,0.0,0.00
1765628033.318493,3,2982,2826,1765628033318,1765628033318,0,3.62,0.0000,0.0,0.00
1765628033.339817,3,2983,2827,1765628033339,1765628033339,0,3.62,0.0000,0.0,0.00
1765628033.352291,3,2984,2828,1765628033351,1765628033351,0,3.78,0.0000,0.0,0.00
1765628033.373008,3,2985,2829,1765628033373,1765628033373,0,3.76,0.0000,0.0,0.00
1765628033.397356,3,2986,2830,1765628033393,1765628033397,4,3.55,0.0000,0.0,0.00
1765628033.415140,3,2987,2831,1765628033415,1765628033415,0,3.53,0.0000,0.0,0.00
1765628033.436527,3,2988,2832,1765628033436,1765628033436,0,3.48,0.0000,0.0,0.00
1765628033.458119,3,2989,2833,1765628033458,1765628033458,0,3.48,0.0000,0.0,0.00
1765628033.469493,3,2990,2834,1765628033469,1765628033469,0,3.67,0.0000,0.0,0.00
1765628033.491109,3,2991,2835,1765628033490,1765628033490,0,3.63,0.0000,0.0,0.00
1765628033.514907,3,2992,2836,1765628033511,1765628033514,3,3.64,0.0000,0.0,0.00
1765628033.541252,3,2993,2837,1765628033540,1765628033540,0,3.69,0.0000,0.0,0.00
1765628033.551427,3,2994,2838,1765628033551,1765628033551,0,3.83,0.0000,0.0,0.00
1765628033.572959,3,2995,2839,1765628033572,1765628033572,0,3.84,0.0000,0.0,0.00
1765628033.594444,3,2996,2840,1765628033594,1765628033594,0,3.74,0.0000,0.0,0.00
1765628033.618510,3,2997,2841,1765628033616,1765628033618,2,3.48,0.0000,0.0,0.00
1765628033.638946,3,2998,2842,1765628033637,1765628033637,0,3.47,0.0000,0.0,0.00
1765628033.652132,3,2999,2843,1765628033650,1765628033652,2,3.57,0.0000,0.0,0.00
1765628033.660844,3,3000,2844,1765628033660,1765628033660,0,3.81,0.0000,0.0,0.00
1765628033.683729,3,3001,2845,1765628033682,1765628033683,1,3.82,0.0000,0.0,0.00
1765628033.694869,3,3002,2846,1765628033693,1765628033693,0,4.00,0.0000,0.0,0.00
1765628033.719456,3,3003,2847,1765628033714,1765628033718,4,4.06,0.0000,0.0,0.00
1765628033.736681,3,3004,2848,1765628033736,1765628033736,0,4.05,0.0000,0.0,0.00
1765628033.757724,3,3005,2849,1765628033757,1765628033757,0,4.05,0.0000,0.0,0.00
1765628033.778812,3,3006,2850,1765628033778,1765628033778,0,4.03,0.0000,0.0,0.00
1765628033.800044,3,3007,2851,1765628033800,1765628033800,0,4.06,0.0000,0.0,0.00
1765628033.822185,3,3008,2852,1765628033821,1765628033822,1,3.99,0.0000,0.0,0.00
1765628033.843024,3,3009,2853,1765628033843,1765628033843,0,4.00,0.0000,0.0,0.00
1765628033.868079,3,3010,2854,1765628033864,1765628033868,4,4.04,0.0000,0.0,0.00
1765628033.885840,3,3011,2855,1765628033885,1765628033885,0,4.05,0.0000,0.0,0.00
1765628033.908951,3,3012,2856,1765628033907,1765628033908,1,4.06,0.0000,0.0,0.00
1765628033.919596,3,3013,2857,1765628033918,1765628033918,0,4.17,0.0000,0.0,0.00
1765628033.929751,3,3014,2858,1765628033929,1765628033929,0,4.10,0.0000,0.0,0.00
1765628033.953515,3,3015,2859,1765628033951,1765628033953,2,4.09,0.0000,0.0,0.00
1765628033.973328,3,3016,2860,1765628033972,1765628033972,0,4.05,0.0000,0.0,0.00
1765628033.993773,3,3017,2861,1765628033993,1765628033993,0,4.04,0.0000,0.0,0.00
1765628034.017893,3,3018,2862,1765628034014,1765628034017,3,4.07,0.0000,0.0,0.00
1765628034.036064,3,3019,2863,1765628034036,1765628034036,0,3.88,0.0000,0.0,0.00
1765628034.056926,3,3020,2864,1765628034056,1765628034056,0,3.86,0.0000,0.0,0.00
1765628034.078223,3,3021,2865,1765628034078,1765628034078,0,3.87,0.0000,0.0,0.00
1765628034.100286,3,3022,2866,1765628034099,1765628034099,0,3.85,0.0000,0.0,0.00
1765628034.123369,3,3023,2867,1765628034121,1765628034122,1,3.88,0.0000,0.0,0.00
1765628034.143301,3,3024,2868,1765628034143,1765628034143,0,3.88,0.0000,0.0,0.00
1765628034.164073,3,3025,2869,1765628034164,1765628034164,0,3.87,0.0000,0.0,0.00
1765628034.189936,3,3026,2870,1765628034185,1765628034188,3,3.71,0.0000,0.0,0.00
1765628034.196502,3,3027,2871,1765628034196,1765628034196,0,3.97,0.0000,0.0,0.00
1765628034.220940,3,3028,2872,1765628034217,1765628034219,2,3.99,0.0000,0.0,0.00
1765628034.238865,3,3029,2873,1765628034238,1765628034238,0,3.99,0.0000,0.0,0.00
1765628034.259911,3,3030,2874,1765628034259,1765628034259,0,3.99,0.0000,0.0,0.00
1765628034.272209,3,3031,2875,1765628034271,1765628034272,1,4.07,0.0000,0.0,0.00
1765628034.292850,3,3032,2876,1765628034292,1765628034292,0,3.82,0.0000,0.0,0.00
1765628034.304791,3,3033,2877,1765628034303,1765628034304,1,3.91,0.0000,0.0,0.00
1765628034.314965,3,3034,2878,1765628034314,1765628034314,0,3.82,0.0000,0.0,0.00
1765628034.339641,3,3035,2879,1765628034336,1765628034339,3,3.87,0.0000,0.0,0.00
1765628034.348913,3,3036,2880,1765628034347,1765628034348,1,4.06,0.0000,0.0,0.00
1765628034.360068,3,3037,2881,1765628034359,1765628034359,0,4.21,0.0000,0.0,0.00
1765628034.372448,3,3038,2882,1765628034370,1765628034372,2,4.33,0.0000,0.0,0.00
1765628034.391399,3,3039,2883,1765628034391,1765628034391,0,4.30,0.0000,0.0,0.00
1765628034.412329,3,3040,2884,1765628034412,1765628034412,0,4.29,0.0000,0.0,0.00
1765628034.433697,3,3041,2885,1765628034433,1765628034433,0,4.29,0.0000,0.0,0.00
1765628034.444887,3,3042,2886,1765628034444,1765628034444,0,4.29,0.0000,0.0,0.00
1765628034.466594,3,3043,2887,1765628034466,1765628034466,0,4.30,0.0000,0.0,0.00
1765628034.491459,3,3044,2888,1765628034487,1765628034489,2,4.18,0.0000,0.0,0.00
1765628034.509231,3,3045,2889,1765628034509,1765628034509,0,4.16,0.0000,0.0,0.00
1765628034.530306,3,3046,2890,1765628034530,1765628034530,0,4.13,0.0000,0.0,0.00
1765628034.542646,3,3047,2891,1765628034541,1765628034542,1,4.27,0.0000,0.0,0.00
1765628034.562750,3,3048,2892,1765628034562,1765628034562,0,4.26,0.0000,0.0,0.00
1765628034.585012,3,3049,2893,1765628034583,1765628034583,0,4.25,0.0000,0.0,0.00
1765628034.595734,3,3050,2894,1765628034595,1765628034595,0,4.23,0.0000,0.0,0.00
1765628034.611489,3,3051,2895,1765628034606,1765628034611,5,4.27,0.0000,0.0,0.00
1765628034.618912,3,3052,2896,1765628034617,1765628034617,0,4.49,0.0000,0.0,0.00
1765628034.639637,3,3053,2897,1765628034639,1765628034639,0,4.44,0.0000,0.0,0.00
1765628034.660564,3,3054,2898,1765628034660,1765628034660,0,4.31,0.0000,0.0,0.00
1765628034.682476,3,3055,2899,1765628034682,1765628034682,0,4.32,0.0000,0.0,0.00
1765628034.704868,3,3056,2900,1765628034703,1765628034703,0,4.31,0.0000,0.0,0.00
1765628034.725538,3,3057,2901,1765628034725,1765628034725,0,4.29,0.0000,0.0,0.00
1765628034.747726,3,3058,2902,1765628034746,1765628034746,0,4.31,0.0000,0.0,0.00
1765628034.768423,3,3059,2903,1765628034768,1765628034768,0,4.26,0.0000,0.0,0.00
1765628034.793500,3,3060,2904,1765628034789,1765628034792,3,4.06,0.0000,0.0,0.00
1765628034.813157,3,3061,2906,1765628034811,1765628034811,0,4.02,0.0000,0.0,0.00
1765628034.832427,3,3062,2907,1765628034832,1765628034832,0,3.82,0.0000,0.0,0.00
1765628034.853707,3,3063,2908,1765628034853,1765628034853,0,3.79,0.0000,0.0,0.00
1765628034.875098,3,3064,2909,1765628034874,1765628034875,1,3.79,0.0000,0.0,0.00
1765628034.896366,3,3065,2910,1765628034896,1765628034896,0,3.79,0.0000,0.0,0.00
1765628034.917303,3,3066,2911,1765628034917,1765628034917,0,3.79,0.0000,0.0,0.00
1765628034.941570,3,3067,2912,1765628034938,1765628034941,3,3.81,0.0000,0.0,0.00
1765628034.959893,3,3068,2913,1765628034959,1765628034959,0,3.81,0.0000,0.0,0.00
1765628034.981023,3,3069,2914,1765628034981,1765628034981,0,3.82,0.0000,0.0,0.00
1765628035.002411,3,3070,2915,1765628035002,1765628035002,0,3.78,0.0000,0.0,0.00
1765628035.013543,3,3071,2916,1765628035013,1765628035013,0,3.93,0.0000,0.0,0.00
1765628035.027407,3,3072,2917,1765628035024,1765628035027,3,4.00,0.0000,0.0,0.00
1765628035.046622,3,3073,2918,1765628035046,1765628035046,0,3.79,0.0000,0.0,0.00
1765628035.067455,3,3074,2919,1765628035067,1765628035067,0,3.62,0.0000,0.0,0.00
1765628035.090141,3,3075,2920,1765628035089,1765628035090,1,3.61,0.0000,0.0,0.00
1765628035.110146,3,3076,2921,1765628035110,1765628035110,0,3.62,0.0000,0.0,0.00
1765628035.132640,3,3077,2922,1765628035131,1765628035131,0,3.62,0.0000,0.0,0.00
1765628035.156772,3,3078,2923,1765628035153,1765628035155,2,3.62,0.0000,0.0,0.00
1765628035.174804,3,3079,2924,1765628035174,1765628035174,0,3.62,0.0000,0.0,0.00
1765628035.196164,3,3080,2926,1765628035196,1765628035196,0,3.63,0.0000,0.0,0.00
1765628035.216688,3,3081,2927,1765628035216,1765628035216,0,3.62,0.0000,0.0,0.00
1765628035.241736,3,3082,2928,1765628035238,1765628035239,1,3.63,0.0000,0.0,0.00
1765628035.259431,3,3083,2929,1765628035259,1765628035259,0,3.61,0.0000,0.0,0.00
1765628035.280713,3,3084,2930,1765628035280,1765628035280,0,3.61,0.0000,0.0,0.00
1765628035.305085,3,3085,2931,1765628035301,1765628035304,3,3.63,0.0000,0.0,0.00
1765628035.323193,3,3086,2932,1765628035323,1765628035323,0,3.59,0.0000,0.0,0.00
1765628035.344498,3,3087,2933,1765628035344,1765628035344,0,3.36,0.0000,0.0,0.00
1765628035.366556,3,3088,2934,1765628035366,1765628035366,0,3.34,0.0000,0.0,0.00
1765628035.378238,3,3089,2935,1765628035377,1765628035377,0,3.52,0.0000,0.0,0.00
1765628035.464782,3,3090,2936,1765628035459,1765628035459,0,4.20,0.0000,0.0,0.00
1765628035.470026,3,3091,2937,1765628035470,1765628035470,0,4.24,0.0000,0.0,0.00
1765628035.489042,3,3092,2938,1765628035488,1765628035488,0,4.29,0.0000,0.0,0.00
1765628035.499767,3,3093,2939,1765628035499,1765628035499,0,4.31,0.0000,0.0,0.00
1765628035.515425,3,3094,2940,1765628035510,1765628035515,5,4.18,0.0000,0.0,0.00
1765628035.521905,3,3095,2941,1765628035521,1765628035521,0,4.41,0.0000,0.0,0.00
1765628035.548998,3,3096,2942,1765628035543,1765628035547,4,4.25,0.0000,0.0,0.00
1765628035.565116,3,3097,2943,1765628035565,1765628035565,0,4.12,0.0000,0.0,0.00
1765628035.586593,3,3098,2944,1765628035586,1765628035586,0,3.99,0.0000,0.0,0.00
1765628035.608591,3,3099,2945,1765628035608,1765628035608,0,3.99,0.0000,0.0,0.00
1765628035.630202,3,3100,2946,1765628035629,1765628035630,1,4.01,0.0000,0.0,0.00
1765628035.640384,3,3101,2947,1765628035640,1765628035640,0,4.20,0.0000,0.0,0.00
1765628035.663537,3,3102,2948,1765628035661,1765628035663,2,4.05,0.0000,0.0,0.00
1765628035.683514,3,3103,2949,1765628035682,1765628035682,0,4.06,0.0000,0.0,0.00
1765628035.704201,3,3104,2950,1765628035704,1765628035704,0,4.04,0.0000,0.0,0.00
1765628035.730144,3,3105,2951,1765628035725,1765628035729,4,4.10,0.0000,0.0,0.00
1765628035.748929,3,3106,2952,1765628035746,1765628035747,1,4.14,0.0000,0.0,0.00
1765628035.758937,3,3107,2953,1765628035758,1765628035758,0,4.16,0.0000,0.0,0.00
1765628035.769376,3,3108,2954,1765628035769,1765628035769,0,4.33,0.0000,0.0,0.00
1765628035.791954,3,3109,2955,1765628035790,1765628035790,0,4.33,0.0000,0.0,0.00
1765628035.802512,3,3110,2956,1765628035801,1765628035801,0,4.35,0.0000,0.0,0.00
1765628035.823571,3,3111,2957,1765628035823,1765628035823,0,4.29,0.0000,0.0,0.00
1765628035.844951,3,3112,2958,1765628035844,1765628035844,0,4.01,0.0000,0.0,0.00
1765628035.867039,3,3113,2960,1765628035867,1765628035867,0,4.02,0.0000,0.0,0.00
1765628035.879235,3,3114,2961,1765628035877,1765628035879,2,4.19,0.0000,0.0,0.00
1765628035.899607,3,3115,2962,1765628035898,1765628035898,0,4.19,0.0000,0.0,0.00
1765628035.910316,3,3116,2963,1765628035909,1765628035910,1,4.33,0.0000,0.0,0.00
1765628035.931571,3,3117,2964,1765628035931,1765628035931,0,4.32,0.0000,0.0,0.00
1765628035.943314,3,3118,2965,1765628035942,1765628035943,1,4.46,0.0000,0.0,0.00
1765628035.964487,3,3119,2966,1765628035964,1765628035964,0,4.45,0.0000,0.0,0.00
1765628035.985493,3,3120,2967,1765628035985,1765628035985,0,4.41,0.0000,0.0,0.00
1765628035.996842,3,3121,2968,1765628035996,1765628035996,0,4.57,0.0000,0.0,0.00
1765628036.008016,3,3122,2969,1765628036008,1765628036008,0,4.70,0.0000,0.0,0.00
1765628036.030150,3,3123,2970,1765628036029,1765628036029,0,4.70,0.0000,0.0,0.00
1765628036.051237,3,3124,2971,1765628036051,1765628036051,0,4.70,0.0000,0.0,0.00
1765628036.072341,3,3125,2972,1765628036072,1765628036072,0,4.70,0.0000,0.0,0.00
1765628036.093736,3,3126,2973,1765628036093,1765628036093,0,4.70,0.0000,0.0,0.00
1765628036.114764,3,3127,2974,1765628036114,1765628036114,0,4.66,0.0000,0.0,0.00
1765628036.138658,3,3128,2975,1765628036135,1765628036138,3,4.69,0.0000,0.0,0.00
1765628036.157914,3,3129,2976,1765628036157,1765628036157,0,4.67,0.0000,0.0,0.00
1765628036.178757,3,3130,2977,1765628036178,1765628036178,0,4.67,0.0000,0.0,0.00
1765628036.200066,3,3131,2978,1765628036200,1765628036200,0,4.53,0.0000,0.0,0.00
1765628036.221640,3,3132,2979,1765628036221,1765628036221,0,4.42,0.0000,0.0,0.00
1765628036.242678,3,3133,2980,1765628036242,1765628036242,0,4.42,0.0000,0.0,0.00
1765628036.290008,3,3134,2981,1765628036286,1765628036289,3,4.77,0.0000,0.0,0.00
1765628036.298587,3,3135,2982,1765628036297,1765628036297,0,4.97,0.0000,0.0,0.00
1765628036.310672,3,3136,2983,1765628036309,1765628036309,0,5.12,0.0000,0.0,0.00
1765628036.324749,3,3137,2984,1765628036321,1765628036323,2,5.22,0.0000,0.0,0.00
1765628036.343828,3,3138,2985,1765628036342,1765628036342,0,5.18,0.0000,0.0,0.00
1765628036.354431,3,3139,2986,1765628036353,1765628036354,1,5.31,0.0000,0.0,0.00
1765628036.375398,3,3140,2987,1765628036375,1765628036375,0,5.30,0.0000,0.0,0.00
1765628036.396505,3,3141,2988,1765628036396,1765628036396,0,5.31,0.0000,0.0,0.00
1765628036.419821,3,3142,2989,1765628036417,1765628036418,1,5.30,0.0000,0.0,0.00
1765628036.439336,3,3143,2990,1765628036439,1765628036439,0,5.31,0.0000,0.0,0.00
1765628036.461556,3,3144,2991,1765628036461,1765628036461,0,5.33,0.0000,0.0,0.00
1765628036.482504,3,3145,2992,1765628036482,1765628036482,0,5.28,0.0000,0.0,0.00
1765628036.503850,3,3146,2993,1765628036503,1765628036503,0,5.29,0.0000,0.0,0.00
1765628036.515051,3,3147,2994,1765628036515,1765628036515,0,5.41,0.0000,0.0,0.00
1765628036.537555,3,3148,2995,1765628036536,1765628036537,1,5.41,0.0000,0.0,0.00
1765628036.549359,3,3149,2996,1765628036548,1765628036548,0,5.41,0.0000,0.0,0.00
1765628036.560217,3,3150,2997,1765628036559,1765628036559,0,4.72,0.0000,0.0,0.00
1765628036.573823,3,3151,2998,1765628036570,1765628036573,3,4.66,0.0000,0.0,0.00
1765628036.583259,3,3152,2999,1765628036582,1765628036582,0,4.85,0.0000,0.0,0.00
1765628036.604705,3,3153,3000,1765628036603,1765628036603,0,4.73,0.0000,0.0,0.00
1765628036.625414,3,3154,3001,1765628036625,1765628036625,0,4.72,0.0000,0.0,0.00
1765628036.646557,3,3155,3002,1765628036646,1765628036646,0,4.47,0.0000,0.0,0.00
1765628036.671873,3,3156,3004,1765628036667,1765628036670,3,4.44,0.0000,0.0,0.00
1765628036.689025,3,3157,3005,1765628036689,1765628036689,0,4.43,0.0000,0.0,0.00
1765628036.709878,3,3158,3006,1765628036709,1765628036709,0,4.42,0.0000,0.0,0.00
1765628036.731031,3,3159,3007,1765628036731,1765628036731,0,4.42,0.0000,0.0,0.00
1765628036.742239,3,3160,3008,1765628036742,1765628036742,0,4.56,0.0000,0.0,0.00
1765628036.763698,3,3161,3009,1765628036763,1765628036763,0,4.39,0.0000,0.0,0.00
1765628036.785872,3,3162,3010,1765628036784,1765628036785,1,4.38,0.0000,0.0,0.00
1765628036.806412,3,3163,3011,1765628036805,1765628036805,0,4.39,0.0000,0.0,0.00
1765628036.819937,3,3164,3012,1765628036817,1765628036819,2,4.46,0.0000,0.0,0.00
1765628036.839193,3,3165,3013,1765628036839,1765628036839,0,4.40,0.0000,0.0,0.00
1765628036.854156,3,3166,3014,1765628036850,1765628036852,2,4.51,0.0000,0.0,0.00
1765628036.871647,3,3167,3015,1765628036871,1765628036871,0,4.35,0.0000,0.0,0.00
1765628036.893309,3,3168,3016,1765628036893,1765628036893,0,4.21,0.0000,0.0,0.00
1765628036.903876,3,3169,3017,1765628036903,1765628036903,0,4.38,0.0000,0.0,0.00
1765628036.925111,3,3170,3018,1765628036925,1765628036925,0,4.24,0.0000,0.0,0.00
1765628036.949584,3,3171,3019,1765628036946,1765628036949,3,4.26,0.0000,0.0,0.00
1765628036.968229,3,3172,3020,1765628036968,1765628036968,0,4.24,0.0000,0.0,0.00
1765628036.989432,3,3173,3021,1765628036989,1765628036989,0,4.22,0.0000,0.0,0.00
1765628037.011149,3,3174,3022,1765628037010,1765628037011,1,4.09,0.0000,0.0,0.00
1765628037.033739,3,3175,3023,1765628037032,1765628037032,0,4.11,0.0000,0.0,0.00
1765628037.054627,3,3176,3024,1765628037053,1765628037053,0,3.97,0.0000,0.0,0.00
1765628037.075162,3,3177,3025,1765628037074,1765628037074,0,3.97,0.0000,0.0,0.00
1765628037.099134,3,3178,3026,1765628037095,1765628037099,4,3.88,0.0000,0.0,0.00
1765628037.116894,3,3179,3027,1765628037116,1765628037116,0,3.91,0.0000,0.0,0.00
1765628037.138507,3,3180,3028,1765628037138,1765628037138,0,3.92,0.0000,0.0,0.00
1765628037.159666,3,3181,3029,1765628037159,1765628037159,0,3.76,0.0000,0.0,0.00
1765628037.182450,3,3182,3030,1765628037180,1765628037182,2,3.63,0.0000,0.0,0.00
1765628037.201849,3,3183,3032,1765628037201,1765628037201,0,3.62,0.0000,0.0,0.00
1765628037.217770,3,3184,3033,1765628037213,1765628037216,3,3.69,0.0000,0.0,0.00
1765628037.234734,3,3185,3034,1765628037234,1765628037234,0,3.70,0.0000,0.0,0.00
1765628037.256026,3,3186,3035,1765628037256,1765628037256,0,3.71,0.0000,0.0,0.00
1765628037.277770,3,3187,3036,1765628037277,1765628037277,0,3.71,0.0000,0.0,0.00
1765628037.299683,3,3188,3037,1765628037298,1765628037298,0,3.68,0.0000,0.0,0.00
1765628037.320352,3,3189,3038,1765628037319,1765628037320,1,3.70,0.0000,0.0,0.00
1765628037.341730,3,3190,3039,1765628037341,1765628037341,0,3.70,0.0000,0.0,0.00
1765628037.367711,3,3191,3040,1765628037363,1765628037366,3,3.74,0.0000,0.0,0.00
1765628037.374849,3,3192,3041,1765628037373,1765628037373,0,3.98,0.0000,0.0,0.00
1765628037.386965,3,3193,3042,1765628037385,1765628037385,0,4.10,0.0000,0.0,0.00
1765628037.408342,3,3194,3043,1765628037407,1765628037408,1,3.86,0.0000,0.0,0.00
1765628037.433307,3,3195,3044,1765628037429,1765628037432,3,3.65,0.0000,0.0,0.00
1765628037.450034,3,3196,3045,1765628037450,1765628037450,0,3.51,0.0000,0.0,0.00
1765628037.471146,3,3197,3046,1765628037471,1765628037471,0,3.43,0.0000,0.0,0.00
1765628037.483317,3,3198,3047,1765628037482,1765628037483,1,3.58,0.0000,0.0,0.00
1765628037.503465,3,3199,3048,1765628037503,1765628037503,0,3.43,0.0000,0.0,0.00
1765628037.526107,3,3200,3049,1765628037525,1765628037525,0,3.44,0.0000,0.0,0.00
1765628037.549787,3,3201,3050,1765628037546,1765628037549,3,3.48,0.0000,0.0,0.00
1765628037.557957,3,3202,3051,1765628037557,1765628037557,0,3.69,0.0000,0.0,0.00
1765628037.569143,3,3203,3052,1765628037569,1765628037569,0,3.83,0.0000,0.0,0.00
1765628037.590684,3,3204,3053,1765628037590,1765628037590,0,3.82,0.0000,0.0,0.00
1765628037.618044,3,3205,3054,1765628037611,1765628037616,5,3.87,0.0000,0.0,0.00
1765628037.633336,3,3206,3055,1765628037632,1765628037632,0,3.92,0.0000,0.0,0.00
1765628037.653893,3,3207,3056,1765628037653,1765628037653,0,3.78,0.0000,0.0,0.00
1765628037.666225,3,3208,3057,1765628037665,1765628037665,0,3.91,0.0000,0.0,0.00
1765628037.686805,3,3209,3058,1765628037686,1765628037686,0,3.75,0.0000,0.0,0.00
1765628037.708134,3,3210,3059,1765628037708,1765628037708,0,3.60,0.0000,0.0,0.00
1765628037.732218,3,3211,3060,1765628037729,1765628037732,3,3.54,0.0000,0.0,0.00
1765628037.750765,3,3212,3061,1765628037750,1765628037750,0,3.34,0.0000,0.0,0.00
1765628037.771895,3,3213,3062,1765628037771,1765628037771,0,3.34,0.0000,0.0,0.00
1765628037.793191,3,3214,3063,1765628037793,1765628037793,0,3.34,0.0000,0.0,0.00
1765628037.815687,3,3215,3064,1765628037814,1765628037814,0,3.34,0.0000,0.0,0.00
1765628037.835605,3,3216,3065,1765628037835,1765628037835,0,3.31,0.0000,0.0,0.00
1765628037.856581,3,3217,3066,1765628037856,1765628037856,0,3.32,0.0000,0.0,0.00
1765628037.882028,3,3218,3067,1765628037877,1765628037881,4,3.37,0.0000,0.0,0.00
1765628037.889122,3,3219,3068,1765628037889,1765628037889,0,3.60,0.0000,0.0,0.00
1765628037.915978,3,3220,3069,1765628037910,1765628037915,5,3.48,0.0000,0.0,0.00
1765628037.922348,3,3221,3070,1765628037922,1765628037922,0,3.74,0.0000,0.0,0.00
1765628037.949089,3,3222,3072,1765628037944,1765628037949,5,3.80,0.0000,0.0,0.00
1765628037.965864,3,3223,3073,1765628037964,1765628037965,1,3.87,0.0000,0.0,0.00
1765628037.986264,3,3224,3074,1765628037986,1765628037986,0,3.77,0.0000,0.0,0.00
1765628038.008437,3,3225,3075,1765628038008,1765628038008,0,3.79,0.0000,0.0,0.00
1765628038.032778,3,3226,3076,1765628038029,1765628038032,3,3.69,0.0000,0.0,0.00
1765628038.041336,3,3227,3077,1765628038041,1765628038041,0,3.92,0.0000,0.0,0.00
1765628038.062821,3,3228,3078,1765628038062,1765628038062,0,3.91,0.0000,0.0,0.00
1765628038.085157,3,3229,3079,1765628038085,1765628038085,0,3.72,0.0000,0.0,0.00
1765628038.106199,3,3230,3080,1765628038106,1765628038106,0,3.71,0.0000,0.0,0.00
1765628038.117921,3,3231,3081,1765628038117,1765628038117,0,3.86,0.0000,0.0,0.00
1765628038.139055,3,3232,3082,1765628038139,1765628038139,0,3.88,0.0000,0.0,0.00
1765628038.161408,3,3233,3083,1765628038160,1765628038160,0,3.88,0.0000,0.0,0.00
1765628038.184929,3,3234,3084,1765628038181,1765628038184,3,3.90,0.0000,0.0,0.00
1765628038.203086,3,3235,3085,1765628038203,1765628038203,0,3.89,0.0000,0.0,0.00
1765628038.224296,3,3236,3086,1765628038224,1765628038224,0,3.89,0.0000,0.0,0.00
1765628038.245549,3,3237,3087,1765628038245,1765628038245,0,3.89,0.0000,0.0,0.00
1765628038.267759,3,3238,3088,1765628038266,1765628038267,1,3.86,0.0000,0.0,0.00
1765628038.277809,3,3239,3089,1765628038277,1765628038277,0,4.02,0.0000,0.0,0.00
1765628038.301189,3,3240,3090,1765628038299,1765628038300,1,4.03,0.0000,0.0,0.00
1765628038.321313,3,3241,3091,1765628038321,1765628038321,0,4.03,0.0000,0.0,0.00
1765628038.470076,3,3242,3092,1765628038426,1765628038440,14,5.08,0.0000,0.0,0.00
1765628038.474601,3,3243,3093,1765628038441,1765628038470,29,5.22,0.0000,0.0,0.00
1765628038.476125,3,3244,3094,1765628038470,1765628038475,5,5.36,0.0000,0.0,0.00
1765628038.485542,3,3245,3095,1765628038481,1765628038484,3,5.56,0.0000,0.0,0.00
1765628038.500322,3,3246,3096,1765628038493,1765628038500,7,5.66,0.0000,0.0,0.00
1765628038.505471,3,3247,3097,1765628038504,1765628038504,0,6.02,0.0000,0.0,0.00
1765628038.515583,3,3248,3098,1765628038515,1765628038515,0,6.21,0.0000,0.0,0.00
1765628038.537034,3,3249,3099,1765628038537,1765628038537,0,6.21,0.0000,0.0,0.00
1765628038.558068,3,3250,3100,1765628038558,1765628038558,0,6.21,0.0000,0.0,0.00
1765628038.580609,3,3251,3101,1765628038579,1765628038580,1,6.17,0.0000,0.0,0.00
1765628038.600595,3,3252,3102,1765628038600,1765628038600,0,5.90,0.0000,0.0,0.00
1765628038.621938,3,3253,3103,1765628038621,1765628038621,0,5.72,0.0000,0.0,0.00
1765628038.646429,3,3254,3104,1765628038643,1765628038646,3,5.74,0.0000,0.0,0.00
1765628038.655585,3,3255,3105,1765628038654,1765628038654,0,5.97,0.0000,0.0,0.00
1765628038.681439,3,3256,3106,1765628038676,1765628038681,5,6.00,0.0000,0.0,0.00
1765628038.697786,3,3257,3107,1765628038697,1765628038697,0,6.08,0.0000,0.0,0.00
1765628038.719018,3,3258,3108,1765628038719,1765628038719,0,5.92,0.0000,0.0,0.00
1765628038.740330,3,3259,3109,1765628038740,1765628038740,0,5.91,0.0000,0.0,0.00
1765628038.762071,3,3260,3110,1765628038762,1765628038762,0,5.91,0.0000,0.0,0.00
1765628038.774395,3,3261,3111,1765628038773,1765628038773,0,6.08,0.0000,0.0,0.00
1765628038.796010,3,3262,3112,1765628038794,1765628038796,2,5.83,0.0000,0.0,0.00
1765628038.815996,3,3263,3113,1765628038815,1765628038815,0,5.68,0.0000,0.0,0.00
1765628038.837415,3,3264,3114,1765628038837,1765628038837,0,5.69,0.0000,0.0,0.00
1765628038.864887,3,3265,3115,1765628038859,1765628038859,0,5.64,0.0000,0.0,0.00
1765628038.871077,3,3266,3117,1765628038871,1765628038871,0,5.73,0.0000,0.0,0.00
1765628038.883105,3,3267,3118,1765628038882,1765628038882,0,5.94,0.0000,0.0,0.00
1765628038.897916,3,3268,3119,1765628038893,1765628038896,3,5.90,0.0000,0.0,0.00
1765628038.914383,3,3269,3120,1765628038914,1765628038914,0,5.94,0.0000,0.0,0.00
1765628038.935287,3,3270,3121,1765628038935,1765628038935,0,5.93,0.0000,0.0,0.00
1765628038.957008,3,3271,3122,1765628038957,1765628038957,0,5.91,0.0000,0.0,0.00
1765628038.980010,3,3272,3123,1765628038977,1765628038980,3,5.88,0.0000,0.0,0.00
1765628038.999638,3,3273,3124,1765628038998,1765628038998,0,5.93,0.0000,0.0,0.00
1765628039.020034,3,3274,3125,1765628039020,1765628039020,0,5.93,0.0000,0.0,0.00
1765628039.045659,3,3275,3126,1765628039042,1765628039044,2,5.97,0.0000,0.0,0.00
1765628039.064305,3,3276,3127,1765628039063,1765628039063,0,5.99,0.0000,0.0,0.00
1765628039.086150,3,3277,3128,1765628039084,1765628039084,0,5.99,0.0000,0.0,0.00
1765628039.096684,3,3278,3129,1765628039096,1765628039096,0,6.10,0.0000,0.0,0.00
1765628039.111561,3,3279,3130,1765628039107,1765628039111,4,5.96,0.0000,0.0,0.00
1765628039.129119,3,3280,3131,1765628039129,1765628039129,0,5.93,0.0000,0.0,0.00
1765628039.151561,3,3281,3132,1765628039150,1765628039150,0,5.67,0.0000,0.0,0.00
1765628039.161627,3,3282,3133,1765628039161,1765628039161,0,5.77,0.0000,0.0,0.00
1765628039.177514,3,3283,3134,1765628039173,1765628039176,3,5.79,0.0000,0.0,0.00
1765628039.194917,3,3284,3135,1765628039194,1765628039194,0,5.82,0.0000,0.0,0.00
1765628039.216602,3,3285,3137,1765628039216,1765628039216,0,5.82,0.0000,0.0,0.00
1765628039.237811,3,3286,3138,1765628039237,1765628039237,0,5.77,0.0000,0.0,0.00
1765628039.258339,3,3287,3139,1765628039258,1765628039258,0,5.57,0.0000,0.0,0.00
1765628039.279601,3,3288,3140,1765628039279,1765628039279,0,5.57,0.0000,0.0,0.00
1765628039.301332,3,3289,3141,1765628039301,1765628039301,0,5.56,0.0000,0.0,0.00
1765628039.312119,3,3290,3142,1765628039312,1765628039312,0,5.72,0.0000,0.0,0.00
1765628039.334745,3,3291,3143,1765628039333,1765628039333,0,5.56,0.0000,0.0,0.00
1765628039.355101,3,3292,3144,1765628039355,1765628039355,0,5.56,0.0000,0.0,0.00
1765628039.376419,3,3293,3145,1765628039376,1765628039376,0,5.56,0.0000,0.0,0.00
1765628039.399065,3,3294,3146,1765628039398,1765628039398,0,5.53,0.0000,0.0,0.00
1765628039.419183,3,3295,3147,1765628039419,1765628039419,0,5.51,0.0000,0.0,0.00
1765628039.442348,3,3296,3148,1765628039440,1765628039442,2,5.54,0.0000,0.0,0.00
1765628039.462219,3,3297,3149,1765628039462,1765628039462,0,5.54,0.0000,0.0,0.00
1765628039.483481,3,3298,3150,1765628039483,1765628039483,0,5.52,0.0000,0.0,0.00
1765628039.509098,3,3299,3151,1765628039504,1765628039509,5,5.39,0.0000,0.0,0.00
1765628039.526599,3,3300,3152,1765628039526,1765628039526,0,5.43,0.0000,0.0,0.00
1765628039.546828,3,3301,3153,1765628039545,1765628039545,0,5.45,0.0000,0.0,0.00
1765628039.560371,3,3302,3154,1765628039557,1765628039558,1,4.23,0.0000,0.0,0.00
1765628039.569132,3,3303,3155,1765628039568,1765628039568,0,4.26,0.0000,0.0,0.00
1765628039.581358,3,3304,3156,1765628039580,1765628039580,0,4.12,0.0000,0.0,0.00
1765628039.592349,3,3305,3157,1765628039591,1765628039591,0,4.08,0.0000,0.0,0.00
1765628039.612977,3,3306,3158,1765628039612,1765628039612,0,4.06,0.0000,0.0,0.00
1765628039.634037,3,3307,3159,1765628039634,1765628039634,0,3.78,0.0000,0.0,0.00
1765628039.655318,3,3308,3160,1765628039655,1765628039655,0,3.63,0.0000,0.0,0.00
1765628039.666486,3,3309,3161,1765628039666,1765628039666,0,3.77,0.0000,0.0,0.00
1765628039.688761,3,3310,3162,1765628039687,1765628039688,1,3.78,0.0000,0.0,0.00
1765628039.708887,3,3311,3163,1765628039708,1765628039708,0,3.76,0.0000,0.0,0.00
1765628039.730761,3,3312,3164,1765628039730,1765628039730,0,3.78,0.0000,0.0,0.00
1765628039.755914,3,3313,3165,1765628039751,1765628039755,4,3.83,0.0000,0.0,0.00
1765628039.773252,3,3314,3166,1765628039773,1765628039773,0,3.77,0.0000,0.0,0.00
1765628039.790527,3,3315,3167,1765628039784,1765628039790,6,3.58,0.0000,0.0,0.00
1765628039.808360,3,3316,3168,1765628039807,1765628039808,1,3.50,0.0000,0.0,0.00
1765628039.825011,3,3317,3169,1765628039819,1765628039823,4,3.52,0.0000,0.0,0.00
1765628039.840954,3,3318,3170,1765628039840,1765628039840,0,3.51,0.0000,0.0,0.00
1765628039.861732,3,3319,3171,1765628039861,1765628039861,0,3.51,0.0000,0.0,0.00
1765628039.883490,3,3320,3172,1765628039882,1765628039883,1,3.51,0.0000,0.0,0.00
1765628039.905360,3,3321,3173,1765628039904,1765628039905,1,3.40,0.0000,0.0,0.00
1765628039.925339,3,3322,3174,1765628039925,1765628039925,0,3.36,0.0000,0.0,0.00
1765628039.946576,3,3323,3175,1765628039946,1765628039946,0,3.38,0.0000,0.0,0.00
1765628039.957753,3,3324,3176,1765628039957,1765628039957,0,3.50,0.0000,0.0,0.00
1765628039.980120,3,3325,3177,1765628039978,1765628039978,0,3.49,0.0000,0.0,0.00
1765628039.991688,3,3326,3178,1765628039990,1765628039991,1,3.47,0.0000,0.0,0.00
1765628040.002433,3,3327,3179,1765628040001,1765628040001,0,3.49,0.0000,0.0,0.00
1765628040.016502,3,3328,3180,1765628040015,1765628040016,1,3.47,0.0000,0.0,0.00
1765628040.029985,3,3329,3181,1765628040026,1765628040029,3,3.57,0.0000,0.0,0.00
1765628040.041495,3,3330,3182,1765628040038,1765628040041,3,3.66,0.0000,0.0,0.00
1765628040.049780,3,3331,3183,1765628040049,1765628040049,0,3.81,0.0000,0.0,0.00
1765628040.060455,3,3332,3184,1765628040060,1765628040060,0,3.87,0.0000,0.0,0.00
1765628040.081807,3,3333,3185,1765628040081,1765628040081,0,3.91,0.0000,0.0,0.00
1765628040.103863,3,3334,3186,1765628040103,1765628040103,0,3.91,0.0000,0.0,0.00
1765628040.124548,3,3335,3187,1765628040124,1765628040124,0,3.87,0.0000,0.0,0.00
1765628040.145852,3,3336,3188,1765628040145,1765628040145,0,3.90,0.0000,0.0,0.00
1765628040.167509,3,3337,3189,1765628040166,1765628040166,0,3.90,0.0000,0.0,0.00
1765628040.189363,3,3338,3190,1765628040188,1765628040188,0,3.83,0.0000,0.0,0.00
1765628040.209958,3,3339,3191,1765628040209,1765628040209,0,3.81,0.0000,0.0,0.00
1765628040.230807,3,3340,3192,1765628040230,1765628040230,0,3.83,0.0000,0.0,0.00
1765628040.251981,3,3341,3193,1765628040251,1765628040251,0,3.83,0.0000,0.0,0.00
1765628040.276791,3,3342,3194,1765628040272,1765628040275,3,3.75,0.0000,0.0,0.00
1765628040.294036,3,3343,3195,1765628040294,1765628040294,0,3.68,0.0000,0.0,0.00
1765628040.315751,3,3344,3196,1765628040315,1765628040315,0,3.69,0.0000,0.0,0.00
1765628040.326412,3,3345,3197,1765628040326,1765628040326,0,3.82,0.0000,0.0,0.00
1765628040.347833,3,3346,3198,1765628040347,1765628040347,0,3.82,0.0000,0.0,0.00
1765628040.369443,3,3347,3199,1765628040369,1765628040369,0,3.83,0.0000,0.0,0.00
1765628040.393460,3,3348,3200,1765628040391,1765628040393,2,3.86,0.0000,0.0,0.00
1765628040.412089,3,3349,3201,1765628040412,1765628040412,0,3.83,0.0000,0.0,0.00
1765628040.434638,3,3350,3202,1765628040433,1765628040433,0,3.69,0.0000,0.0,0.00
1765628040.444718,3,3351,3203,1765628040444,1765628040444,0,3.83,0.0000,0.0,0.00
1765628040.456846,3,3352,3204,1765628040455,1765628040455,0,3.94,0.0000,0.0,0.00
1765628040.478557,3,3353,3205,1765628040477,1765628040477,0,3.96,0.0000,0.0,0.00
1765628040.488754,3,3354,3207,1765628040488,1765628040488,0,4.06,0.0000,0.0,0.00
1765628040.499865,3,3355,3208,1765628040499,1765628040499,0,4.17,0.0000,0.0,0.00
1765628040.521636,3,3356,3209,1765628040521,1765628040521,0,4.15,0.0000,0.0,0.00
1765628040.532251,3,3357,3210,1765628040532,1765628040532,0,4.27,0.0000,0.0,0.00
1765628040.544753,3,3358,3211,1765628040543,1765628040544,1,4.35,0.0000,0.0,0.00
1765628040.565016,3,3359,3212,1765628040565,1765628040565,0,4.28,0.0000,0.0,0.00
1765628040.586862,3,3360,3213,1765628040586,1765628040586,0,4.31,0.0000,0.0,0.00
1765628040.609462,3,3361,3215,1765628040607,1765628040608,1,4.35,0.0000,0.0,0.00
1765628040.629184,3,3362,3216,1765628040629,1765628040629,0,4.29,0.0000,0.0,0.00
1765628040.641459,3,3363,3217,1765628040640,1765628040641,1,4.25,0.0000,0.0,0.00
1765628040.662082,3,3364,3218,1765628040662,1765628040662,0,4.16,0.0000,0.0,0.00
1765628040.683842,3,3365,3219,1765628040683,1765628040683,0,4.05,0.0000,0.0,0.00
1765628040.712901,3,3366,3220,1765628040706,1765628040711,5,4.13,0.0000,0.0,0.00
1765628040.718927,3,3367,3221,1765628040717,1765628040718,1,4.32,0.0000,0.0,0.00
1765628040.729154,3,3368,3222,1765628040729,1765628040729,0,4.43,0.0000,0.0,0.00
1765628040.743875,3,3369,3223,1765628040740,1765628040741,1,4.41,0.0000,0.0,0.00
1765628040.762445,3,3370,3224,1765628040761,1765628040761,0,4.38,0.0000,0.0,0.00
1765628040.783655,3,3371,3225,1765628040783,1765628040783,0,4.41,0.0000,0.0,0.00
1765628040.804152,3,3372,3226,1765628040804,1765628040804,0,4.39,0.0000,0.0,0.00
1765628040.825616,3,3373,3227,1765628040825,1765628040825,0,4.34,0.0000,0.0,0.00
1765628040.846486,3,3374,3228,1765628040846,1765628040846,0,4.38,0.0000,0.0,0.00
1765628040.867925,3,3375,3229,1765628040867,1765628040867,0,4.40,0.0000,0.0,0.00
1765628040.890359,3,3376,3230,1765628040889,1765628040890,1,4.46,0.0000,0.0,0.00
1765628040.901128,3,3377,3231,1765628040901,1765628040901,0,4.54,0.0000,0.0,0.00
1765628040.923453,3,3378,3232,1765628040922,1765628040923,1,4.57,0.0000,0.0,0.00
1765628040.943954,3,3379,3233,1765628040943,1765628040943,0,4.56,0.0000,0.0,0.00
1765628040.959142,3,3380,3234,1765628040955,1765628040959,4,4.55,0.0000,0.0,0.00
1765628040.966627,3,3381,3235,1765628040966,1765628040966,0,4.73,0.0000,0.0,0.00
1765628040.989227,3,3382,3236,1765628040987,1765628040989,2,4.77,0.0000,0.0,0.00
1765628041.009163,3,3383,3237,1765628041009,1765628041009,0,4.76,0.0000,0.0,0.00
1765628041.030862,3,3384,3238,1765628041030,1765628041030,0,4.65,0.0000,0.0,0.00
1765628041.051999,3,3385,3239,1765628041051,1765628041051,0,4.65,0.0000,0.0,0.00
1765628041.074661,3,3386,3240,1765628041073,1765628041073,0,4.59,0.0000,0.0,0.00
1765628041.094336,3,3387,3241,1765628041094,1765628041094,0,4.44,0.0000,0.0,0.00
1765628041.115955,3,3388,3242,1765628041115,1765628041115,0,4.39,0.0000,0.0,0.00
1765628041.136760,3,3389,3243,1765628041136,1765628041136,0,4.29,0.0000,0.0,0.00
1765628041.159422,3,3390,3244,1765628041158,1765628041158,0,4.16,0.0000,0.0,0.00
1765628041.179991,3,3391,3245,1765628041179,1765628041179,0,3.92,0.0000,0.0,0.00
1765628041.192789,3,3392,3246,1765628041192,1765628041192,0,3.87,0.0000,0.0,0.00
1765628041.203262,3,3393,3247,1765628041203,1765628041203,0,4.04,0.0000,0.0,0.00
1765628041.226554,3,3394,3249,1765628041225,1765628041226,1,4.05,0.0000,0.0,0.00
1765628041.246326,3,3395,3250,1765628041246,1765628041246,0,4.04,0.0000,0.0,0.00
1765628041.268294,3,3396,3252,1765628041268,1765628041268,0,4.05,0.0000,0.0,0.00
1765628041.279406,3,3397,3253,1765628041279,1765628041279,0,4.21,0.0000,0.0,0.00
1765628041.301301,3,3398,3254,1765628041301,1765628041301,0,4.21,0.0000,0.0,0.00
1765628041.322052,3,3399,3255,1765628041322,1765628041322,0,4.21,0.0000,0.0,0.00
1765628041.343978,3,3400,3256,1765628041342,1765628041343,1,4.21,0.0000,0.0,0.00
1765628041.364140,3,3401,3257,1765628041364,1765628041364,0,4.21,0.0000,0.0,0.00
1765628041.376328,3,3402,3258,1765628041375,1765628041376,1,4.31,0.0000,0.0,0.00
1765628041.397360,3,3403,3259,1765628041396,1765628041397,1,4.33,0.0000,0.0,0.00
1765628041.410384,3,3404,3260,1765628041408,1765628041410,2,4.42,0.0000,0.0,0.00
1765628041.429566,3,3405,3261,1765628041429,1765628041429,0,4.26,0.0000,0.0,0.00
1765628041.451343,3,3406,3262,1765628041451,1765628041451,0,4.27,0.0000,0.0,0.00
1765628041.479897,3,3407,3263,1765628041473,1765628041478,5,4.32,0.0000,0.0,0.00
1765628041.484404,3,3408,3264,1765628041484,1765628041484,0,4.55,0.0000,0.0,0.00
1765628041.508389,3,3409,3265,1765628041505,1765628041508,3,4.60,0.0000,0.0,0.00
1765628041.526580,3,3410,3266,1765628041526,1765628041526,0,4.58,0.0000,0.0,0.00
1765628041.547848,3,3411,3267,1765628041547,1765628041547,0,4.44,0.0000,0.0,0.00
1765628041.559509,3,3412,3268,1765628041558,1765628041559,1,4.42,0.0000,0.0,0.00
1765628041.579957,3,3413,3269,1765628041579,1765628041579,0,4.40,0.0000,0.0,0.00
1765628041.601261,3,3414,3270,1765628041601,1765628041601,0,4.26,0.0000,0.0,0.00
1765628041.624809,3,3415,3271,1765628041622,1765628041624,2,4.12,0.0000,0.0,0.00
1765628041.643705,3,3416,3272,1765628041643,1765628041643,0,4.10,0.0000,0.0,0.00
1765628041.661361,3,3417,3273,1765628041657,1765628041661,4,3.93,0.0000,0.0,0.00
1765628041.679092,3,3418,3274,1765628041679,1765628041679,0,3.79,0.0000,0.0,0.00
1765628041.693555,3,3419,3275,1765628041690,1765628041692,2,3.90,0.0000,0.0,0.00
1765628041.711971,3,3420,3276,1765628041711,1765628041711,0,3.88,0.0000,0.0,0.00
1765628041.733276,3,3421,3277,1765628041733,1765628041733,0,3.88,0.0000,0.0,0.00
1765628041.754081,3,3422,3278,1765628041754,1765628041754,0,3.88,0.0000,0.0,0.00
1765628041.776726,3,3423,3279,1765628041775,1765628041776,1,3.75,0.0000,0.0,0.00
1765628041.797614,3,3424,3280,1765628041796,1765628041796,0,3.74,0.0000,0.0,0.00
1765628041.817973,3,3425,3281,1765628041817,1765628041817,0,3.74,0.0000,0.0,0.00
1765628041.839291,3,3426,3282,1765628041839,1765628041839,0,3.69,0.0000,0.0,0.00
1765628041.861464,3,3427,3283,1765628041861,1765628041861,0,3.43,0.0000,0.0,0.00
1765628041.883414,3,3428,3285,1765628041883,1765628041883,0,3.27,0.0000,0.0,0.00
1765628041.894026,3,3429,3286,1765628041894,1765628041894,0,3.30,0.0000,0.0,0.00
1765628041.915110,3,3430,3287,1765628041915,1765628041915,0,3.31,0.0000,0.0,0.00
1765628041.936406,3,3431,3288,1765628041936,1765628041936,0,3.30,0.0000,0.0,0.00
1765628041.960210,3,3432,3289,1765628041957,1765628041960,3,3.33,0.0000,0.0,0.00
1765628041.979253,3,3433,3290,1765628041979,1765628041979,0,3.31,0.0000,0.0,0.00
1765628041.994264,3,3434,3291,1765628041990,1765628041994,4,3.39,0.0000,0.0,0.00
1765628042.012069,3,3435,3292,1765628042012,1765628042012,0,3.39,0.0000,0.0,0.00
1765628042.033809,3,3436,3293,1765628042033,1765628042033,0,3.37,0.0000,0.0,0.00
1765628042.055278,3,3437,3294,1765628042055,1765628042055,0,3.22,0.0000,0.0,0.00
1765628042.078682,3,3438,3295,1765628042077,1765628042077,0,3.22,0.0000,0.0,0.00
1765628042.089437,3,3439,3296,1765628042088,1765628042088,0,3.39,0.0000,0.0,0.00
1765628042.113998,3,3440,3297,1765628042109,1765628042113,4,3.39,0.0000,0.0,0.00
1765628042.132283,3,3441,3298,1765628042131,1765628042131,0,3.14,0.0000,0.0,0.00
1765628042.146100,3,3442,3299,1765628042142,1765628042146,4,3.20,0.0000,0.0,0.00
1765628042.163711,3,3443,3300,1765628042163,1765628042163,0,3.24,0.0000,0.0,0.00
1765628042.184979,3,3444,3301,1765628042184,1765628042184,0,3.24,0.0000,0.0,0.00
1765628042.207045,3,3445,3302,1765628042206,1765628042206,0,3.25,0.0000,0.0,0.00
1765628042.227386,3,3446,3303,1765628042227,1765628042227,0,3.24,0.0000,0.0,0.00
1765628042.249228,3,3447,3304,1765628042249,1765628042249,0,3.25,0.0000,0.0,0.00
1765628042.269842,3,3448,3305,1765628042269,1765628042269,0,3.24,0.0000,0.0,0.00
1765628042.291595,3,3449,3306,1765628042291,1765628042291,0,3.25,0.0000,0.0,0.00
1765628042.302456,3,3450,3307,1765628042302,1765628042302,0,3.38,0.0000,0.0,0.00
1765628042.313787,3,3451,3308,1765628042313,1765628042313,0,3.53,0.0000,0.0,0.00
1765628042.335681,3,3452,3309,1765628042335,1765628042335,0,3.44,0.0000,0.0,0.00
1765628042.359819,3,3453,3310,1765628042357,1765628042359,2,3.33,0.0000,0.0,0.00
1765628042.368935,3,3454,3311,1765628042367,1765628042367,0,3.51,0.0000,0.0,0.00
1765628042.391957,3,3455,3312,1765628042388,1765628042391,3,3.56,0.0000,0.0,0.00
1765628042.410405,3,3456,3313,1765628042410,1765628042410,0,3.53,0.0000,0.0,0.00
1765628042.431564,3,3457,3314,1765628042431,1765628042431,0,3.39,0.0000,0.0,0.00
1765628042.452351,3,3458,3315,1765628042452,1765628042452,0,3.37,0.0000,0.0,0.00
1765628042.476144,3,3459,3316,1765628042473,1765628042476,3,3.41,0.0000,0.0,0.00
1765628042.496287,3,3460,3317,1765628042495,1765628042495,0,3.39,0.0000,0.0,0.00
1765628042.517673,3,3461,3318,1765628042516,1765628042516,0,3.39,0.0000,0.0,0.00
1765628042.529269,3,3462,3319,1765628042528,1765628042528,0,3.39,0.0000,0.0,0.00
1765628042.549783,3,3463,3320,1765628042549,1765628042549,0,3.39,0.0000,0.0,0.00
1765628042.570880,3,3464,3321,1765628042570,1765628042570,0,3.29,0.0000,0.0,0.00
1765628042.593722,3,3465,3322,1765628042592,1765628042593,1,3.33,0.0000,0.0,0.00
1765628042.613421,3,3466,3323,1765628042613,1765628042613,0,3.30,0.0000,0.0,0.00
1765628042.634908,3,3467,3324,1765628042634,1765628042634,0,3.23,0.0000,0.0,0.00
1765628042.659447,3,3468,3325,1765628042656,1765628042659,3,3.01,0.0000,0.0,0.00
1765628042.678682,3,3469,3326,1765628042678,1765628042678,0,2.97,0.0000,0.0,0.00
1765628042.709932,3,3470,3327,1765628042705,1765628042709,4,3.07,0.0000,0.0,0.00
1765628042.729549,3,3471,3328,1765628042729,1765628042729,0,3.06,0.0000,0.0,0.00
1765628042.741606,3,3472,3329,1765628042740,1765628042740,0,3.08,0.0000,0.0,0.00
1765628042.762779,3,3473,3330,1765628042761,1765628042761,0,3.09,0.0000,0.0,0.00
1765628042.774789,3,3474,3331,1765628042774,1765628042774,0,3.20,0.0000,0.0,0.00
1765628042.786286,3,3475,3332,1765628042785,1765628042786,1,3.31,0.0000,0.0,0.00
1765628042.796397,3,3476,3333,1765628042796,1765628042796,0,3.50,0.0000,0.0,0.00
1765628042.820501,3,3477,3334,1765628042817,1765628042819,2,3.52,0.0000,0.0,0.00
1765628042.839625,3,3478,3335,1765628042839,1765628042839,0,3.50,0.0000,0.0,0.00
1765628042.860335,3,3479,3336,1765628042860,1765628042860,0,3.38,0.0000,0.0,0.00
1765628042.884570,3,3480,3337,1765628042882,1765628042884,2,3.41,0.0000,0.0,0.00
1765628042.903007,3,3481,3338,1765628042903,1765628042903,0,3.40,0.0000,0.0,0.00
1765628042.923956,3,3482,3339,1765628042923,1765628042923,0,3.39,0.0000,0.0,0.00
1765628042.945407,3,3483,3340,1765628042945,1765628042945,0,3.39,0.0000,0.0,0.00
1765628042.968492,3,3484,3341,1765628042966,1765628042968,2,3.42,0.0000,0.0,0.00
1765628042.988273,3,3485,3342,1765628042988,1765628042988,0,3.41,0.0000,0.0,0.00
1765628043.009623,3,3486,3343,1765628043009,1765628043009,0,3.40,0.0000,0.0,0.00
1765628043.033806,3,3487,3344,1765628043030,1765628043033,3,3.42,0.0000,0.0,0.00
1765628043.052977,3,3488,3345,1765628043052,1765628043052,0,3.40,0.0000,0.0,0.00
1765628043.073860,3,3489,3346,1765628043073,1765628043073,0,3.23,0.0000,0.0,0.00
1765628043.086380,3,3490,3347,1765628043085,1765628043085,0,3.38,0.0000,0.0,0.00
1765628043.106296,3,3491,3348,1765628043106,1765628043106,0,3.38,0.0000,0.0,0.00
1765628043.128115,3,3492,3349,1765628043128,1765628043128,0,3.36,0.0000,0.0,0.00
1765628043.150427,3,3493,3350,1765628043149,1765628043150,1,3.38,0.0000,0.0,0.00
1765628043.170871,3,3494,3351,1765628043170,1765628043170,0,3.28,0.0000,0.0,0.00
1765628043.192364,3,3495,3352,1765628043192,1765628043192,0,3.27,0.0000,0.0,0.00
1765628043.215087,3,3496,3353,1765628043214,1765628043215,1,3.29,0.0000,0.0,0.00
1765628043.235136,3,3497,3355,1765628043235,1765628043235,0,3.27,0.0000,0.0,0.00
1765628043.248802,3,3498,3356,1765628043246,1765628043248,2,3.39,0.0000,0.0,0.00
1765628043.266841,3,3499,3357,1765628043266,1765628043266,0,3.23,0.0000,0.0,0.00
1765628043.288743,3,3500,3358,1765628043288,1765628043288,0,3.20,0.0000,0.0,0.00
1765628043.309511,3,3501,3359,1765628043309,1765628043309,0,3.18,0.0000,0.0,0.00
1765628043.333741,3,3502,3360,1765628043331,1765628043333,2,3.11,0.0000,0.0,0.00
1765628043.342755,3,3503,3361,1765628043342,1765628043342,0,3.30,0.0000,0.0,0.00
1765628043.367627,3,3504,3362,1765628043364,1765628043367,3,3.34,0.0000,0.0,0.00
1765628043.386735,3,3505,3363,1765628043385,1765628043385,0,3.36,0.0000,0.0,0.00
1765628043.396770,3,3506,3364,1765628043396,1765628043396,0,3.54,0.0000,0.0,0.00
1765628043.418588,3,3507,3365,1765628043418,1765628043418,0,3.54,0.0000,0.0,0.00
1765628043.430705,3,3508,3366,1765628043429,1765628043429,0,3.72,0.0000,0.0,0.00
1765628043.451387,3,3509,3367,1765628043450,1765628043450,0,3.71,0.0000,0.0,0.00
1765628043.472491,3,3510,3368,1765628043471,1765628043472,1,3.55,0.0000,0.0,0.00
1765628043.493569,3,3511,3369,1765628043493,1765628043493,0,3.37,0.0000,0.0,0.00
1765628043.519011,3,3512,3370,1765628043515,1765628043519,4,3.41,0.0000,0.0,0.00
1765628043.536234,3,3513,3371,1765628043536,1765628043536,0,3.42,0.0000,0.0,0.00
1765628043.557709,3,3514,3372,1765628043557,1765628043557,0,3.17,0.0000,0.0,0.00
1765628043.578915,3,3515,3373,1765628043578,1765628043578,0,3.14,0.0000,0.0,0.00
1765628043.599790,3,3516,3374,1765628043599,1765628043599,0,3.13,0.0000,0.0,0.00
1765628043.621120,3,3517,3375,1765628043621,1765628043621,0,3.14,0.0000,0.0,0.00
1765628043.642514,3,3518,3376,1765628043642,1765628043642,0,3.14,0.0000,0.0,0.00
1765628043.666188,3,3519,3377,1765628043663,1765628043664,1,3.12,0.0000,0.0,0.00
1765628043.685491,3,3520,3378,1765628043685,1765628043685,0,3.11,0.0000,0.0,0.00
1765628043.706703,3,3521,3379,1765628043706,1765628043706,0,3.11,0.0000,0.0,0.00
1765628043.718852,3,3522,3380,1765628043718,1765628043718,0,3.11,0.0000,0.0,0.00
1765628043.733589,3,3523,3381,1765628043729,1765628043733,4,3.22,0.0000,0.0,0.00
1765628043.751549,3,3524,3382,1765628043751,1765628043751,0,3.24,0.0000,0.0,0.00
1765628043.764700,3,3525,3383,1765628043762,1765628043764,2,3.36,0.0000,0.0,0.00
1765628043.784077,3,3526,3384,1765628043784,1765628043784,0,3.36,0.0000,0.0,0.00
1765628043.805961,3,3527,3385,1765628043805,1765628043805,0,3.36,0.0000,0.0,0.00
1765628043.827362,3,3528,3386,1765628043827,1765628043827,0,3.33,0.0000,0.0,0.00
1765628043.848485,3,3529,3387,1765628043848,1765628043848,0,3.33,0.0000,0.0,0.00
1765628043.869995,3,3530,3388,1765628043869,1765628043869,0,3.23,0.0000,0.0,0.00
1765628043.892528,3,3531,3390,1765628043891,1765628043891,0,3.25,0.0000,0.0,0.00
1765628043.914397,3,3532,3391,1765628043912,1765628043914,2,3.09,0.0000,0.0,0.00
1765628043.934417,3,3533,3392,1765628043934,1765628043934,0,3.08,0.0000,0.0,0.00
1765628043.956351,3,3534,3393,1765628043956,1765628043956,0,2.94,0.0000,0.0,0.00
1765628043.981796,3,3535,3394,1765628043978,1765628043980,2,2.78,0.0000,0.0,0.00
1765628043.999473,3,3536,3395,1765628043999,1765628043999,0,2.57,0.0000,0.0,0.00
1765628044.021254,3,3537,3396,1765628044021,1765628044021,0,2.56,0.0000,0.0,0.00
1765628044.041861,3,3538,3397,1765628044041,1765628044041,0,2.56,0.0000,0.0,0.00
1765628044.065708,3,3539,3398,1765628044063,1765628044065,2,2.59,0.0000,0.0,0.00
1765628044.075158,3,3540,3399,1765628044074,1765628044075,1,2.79,0.0000,0.0,0.00
1765628044.097826,3,3541,3400,1765628044096,1765628044097,1,2.78,0.0000,0.0,0.00
1765628044.117924,3,3542,3401,1765628044117,1765628044117,0,2.78,0.0000,0.0,0.00
1765628044.139367,3,3543,3402,1765628044139,1765628044139,0,2.78,0.0000,0.0,0.00
1765628044.163400,3,3544,3403,1765628044160,1765628044161,1,2.77,0.0000,0.0,0.00
1765628044.182639,3,3545,3404,1765628044182,1765628044182,0,2.78,0.0000,0.0,0.00
1765628044.204677,3,3546,3405,1765628044203,1765628044203,0,2.78,0.0000,0.0,0.00
1765628044.215815,3,3547,3406,1765628044214,1765628044214,0,2.96,0.0000,0.0,0.00
1765628044.237767,3,3548,3407,1765628044236,1765628044236,0,2.97,0.0000,0.0,0.00
1765628044.261298,3,3549,3408,1765628044258,1765628044259,1,2.98,0.0000,0.0,0.00
1765628044.279379,3,3550,3409,1765628044279,1765628044279,0,2.79,0.0000,0.0,0.00
1765628044.301384,3,3551,3410,1765628044300,1765628044301,1,2.79,0.0000,0.0,0.00
1765628044.325762,3,3552,3411,1765628044322,1765628044325,3,2.81,0.0000,0.0,0.00
1765628044.344213,3,3553,3412,1765628044343,1765628044344,1,2.82,0.0000,0.0,0.00
1765628044.365031,3,3554,3413,1765628044365,1765628044365,0,2.82,0.0000,0.0,0.00
1765628044.386813,3,3555,3414,1765628044386,1765628044386,0,2.82,0.0000,0.0,0.00
1765628044.397501,3,3556,3415,1765628044397,1765628044397,0,3.01,0.0000,0.0,0.00
1765628044.418761,3,3557,3416,1765628044418,1765628044418,0,3.02,0.0000,0.0,0.00
1765628044.452274,3,3558,3417,1765628044452,1765628044452,0,2.98,0.0000,0.0,0.00
1765628044.463345,3,3559,3418,1765628044463,1765628044463,0,3.14,0.0000,0.0,0.00
1765628044.484260,3,3560,3419,1765628044484,1765628044484,0,3.13,0.0000,0.0,0.00
1765628044.509485,3,3561,3420,1765628044505,1765628044509,4,3.17,0.0000,0.0,0.00
1765628044.526407,3,3562,3421,1765628044526,1765628044526,0,3.20,0.0000,0.0,0.00
1765628044.547799,3,3563,3422,1765628044547,1765628044547,0,2.96,0.0000,0.0,0.00
1765628044.570063,3,3564,3423,1765628044569,1765628044569,0,2.92,0.0000,0.0,0.00
1765628044.593271,3,3565,3424,1765628044591,1765628044593,2,2.92,0.0000,0.0,0.00
1765628044.601867,3,3566,3425,1765628044601,1765628044601,0,2.99,0.0000,0.0,0.00
1765628044.625630,3,3567,3427,1765628044623,1765628044625,2,3.01,0.0000,0.0,0.00
1765628044.645728,3,3568,3428,1765628044644,1765628044644,0,2.83,0.0000,0.0,0.00
1765628044.660451,3,3569,3429,1765628044656,1765628044660,4,2.91,0.0000,0.0,0.00
1765628044.678199,3,3570,3430,1765628044677,1765628044677,0,2.96,0.0000,0.0,0.00
1765628044.698934,3,3571,3431,1765628044698,1765628044698,0,2.96,0.0000,0.0,0.00
1765628044.724603,3,3572,3432,1765628044720,1765628044723,3,2.95,0.0000,0.0,0.00
1765628044.742329,3,3573,3433,1765628044742,1765628044742,0,2.90,0.0000,0.0,0.00
1765628044.763193,3,3574,3434,1765628044763,1765628044763,0,2.90,0.0000,0.0,0.00
1765628044.784420,3,3575,3435,1765628044784,1765628044784,0,2.90,0.0000,0.0,0.00
1765628044.806346,3,3576,3436,1765628044806,1765628044806,0,2.91,0.0000,0.0,0.00
1765628044.827438,3,3577,3437,1765628044827,1765628044827,0,2.90,0.0000,0.0,0.00
1765628044.839877,3,3578,3438,1765628044838,1765628044839,1,3.07,0.0000,0.0,0.00
1765628044.860225,3,3579,3439,1765628044860,1765628044860,0,3.06,0.0000,0.0,0.00
1765628044.881510,3,3580,3440,1765628044881,1765628044881,0,3.06,0.0000,0.0,0.00
1765628044.893260,3,3581,3442,1765628044893,1765628044893,0,3.24,0.0000,0.0,0.00
1765628044.906296,3,3582,3443,1765628044904,1765628044905,1,3.24,0.0000,0.0,0.00
1765628044.926860,3,3583,3444,1765628044926,1765628044926,0,3.13,0.0000,0.0,0.00
1765628044.943569,3,3584,3445,1765628044937,1765628044943,6,3.16,0.0000,0.0,0.00
1765628044.960677,3,3585,3446,1765628044959,1765628044959,0,3.09,0.0000,0.0,0.00
1765628044.974795,3,3586,3447,1765628044970,1765628044974,4,3.20,0.0000,0.0,0.00
1765628044.981233,3,3587,3448,1765628044981,1765628044981,0,3.48,0.0000,0.0,0.00
1765628045.002739,3,3588,3449,1765628045002,1765628045002,0,3.47,0.0000,0.0,0.00
1765628045.023335,3,3589,3450,1765628045023,1765628045023,0,3.47,0.0000,0.0,0.00
1765628045.044649,3,3590,3451,1765628045044,1765628045044,0,3.47,0.0000,0.0,0.00
1765628045.065443,3,3591,3452,1765628045065,1765628045065,0,3.46,0.0000,0.0,0.00
1765628045.089861,3,3592,3453,1765628045087,1765628045089,2,3.47,0.0000,0.0,0.00
1765628045.108338,3,3593,3454,1765628045107,1765628045107,0,3.50,0.0000,0.0,0.00
1765628045.129921,3,3594,3455,1765628045128,1765628045128,0,3.49,0.0000,0.0,0.00
1765628045.150120,3,3595,3456,1765628045150,1765628045150,0,3.47,0.0000,0.0,0.00
1765628045.174953,3,3596,3457,1765628045171,1765628045173,2,3.49,0.0000,0.0,0.00
1765628045.193411,3,3597,3458,1765628045192,1765628045192,0,3.48,0.0000,0.0,0.00
1765628045.214373,3,3598,3459,1765628045214,1765628045214,0,3.50,0.0000,0.0,0.00
1765628045.224955,3,3599,3460,1765628045224,1765628045224,0,3.66,0.0000,0.0,0.00
1765628045.247315,3,3600,3462,1765628045246,1765628045246,0,3.48,0.0000,0.0,0.00
1765628045.268310,3,3601,3463,1765628045267,1765628045267,0,3.47,0.0000,0.0,0.00
1765628045.288800,3,3602,3464,1765628045288,1765628045288,0,3.48,0.0000,0.0,0.00
1765628045.310438,3,3603,3465,1765628045310,1765628045310,0,3.48,0.0000,0.0,0.00
1765628045.331827,3,3604,3466,1765628045331,1765628045331,0,3.47,0.0000,0.0,0.00
1765628045.357486,3,3605,3467,1765628045353,1765628045356,3,3.51,0.0000,0.0,0.00
1765628045.375069,3,3606,3468,1765628045375,1765628045375,0,3.51,0.0000,0.0,0.00
1765628045.396315,3,3607,3469,1765628045396,1765628045396,0,3.33,0.0000,0.0,0.00
1765628045.417000,3,3608,3470,1765628045416,1765628045416,0,3.31,0.0000,0.0,0.00
1765628045.441456,3,3609,3471,1765628045437,1765628045441,4,3.33,0.0000,0.0,0.00
1765628045.449728,3,3610,3472,1765628045449,1765628045449,0,3.58,0.0000,0.0,0.00
1765628045.476560,3,3611,3473,1765628045470,1765628045476,6,3.64,0.0000,0.0,0.00
1765628045.492282,3,3612,3474,1765628045492,1765628045492,0,3.66,0.0000,0.0,0.00
1765628045.513764,3,3613,3475,1765628045513,1765628045513,0,3.67,0.0000,0.0,0.00
1765628045.534515,3,3614,3476,1765628045534,1765628045534,0,3.67,0.0000,0.0,0.00
1765628045.556954,3,3615,3477,1765628045555,1765628045555,0,3.67,0.0000,0.0,0.00
1765628045.577293,3,3616,3478,1765628045577,1765628045577,0,3.51,0.0000,0.0,0.00
1765628045.599045,3,3617,3479,1765628045599,1765628045599,0,3.52,0.0000,0.0,0.00
1765628045.624498,3,3618,3480,1765628045619,1765628045623,4,3.41,0.0000,0.0,0.00
1765628045.641379,3,3619,3481,1765628045640,1765628045641,1,3.26,0.0000,0.0,0.00
1765628045.663041,3,3620,3482,1765628045662,1765628045662,0,3.26,0.0000,0.0,0.00
1765628045.683593,3,3621,3483,1765628045683,1765628045683,0,3.21,0.0000,0.0,0.00
1765628045.696467,3,3622,3484,1765628045694,1765628045694,0,3.34,0.0000,0.0,0.00
1765628045.707440,3,3623,3485,1765628045706,1765628045706,0,3.49,0.0000,0.0,0.00
1765628045.717521,3,3624,3486,1765628045717,1765628045717,0,3.63,0.0000,0.0,0.00
1765628045.739875,3,3625,3487,1765628045738,1765628045738,0,3.59,0.0000,0.0,0.00
1765628045.760247,3,3626,3488,1765628045760,1765628045760,0,3.39,0.0000,0.0,0.00
1765628045.781481,3,3627,3489,1765628045781,1765628045781,0,3.35,0.0000,0.0,0.00
1765628045.805736,3,3628,3490,1765628045802,1765628045805,3,3.40,0.0000,0.0,0.00
1765628045.824238,3,3629,3491,1765628045824,1765628045824,0,3.33,0.0000,0.0,0.00
1765628045.845440,3,3630,3492,1765628045845,1765628045845,0,3.30,0.0000,0.0,0.00
1765628045.866622,3,3631,3493,1765628045866,1765628045866,0,3.30,0.0000,0.0,0.00
1765628045.889439,3,3632,3494,1765628045887,1765628045889,2,3.27,0.0000,0.0,0.00
1765628045.909853,3,3633,3495,1765628045908,1765628045908,0,3.27,0.0000,0.0,0.00
1765628045.930335,3,3634,3496,1765628045930,1765628045930,0,3.29,0.0000,0.0,0.00
1765628045.951501,3,3635,3497,1765628045951,1765628045951,0,3.29,0.0000,0.0,0.00
1765628045.973167,3,3636,3498,1765628045973,1765628045973,0,3.29,0.0000,0.0,0.00
1765628045.984692,3,3637,3499,1765628045984,1765628045984,0,3.46,0.0000,0.0,0.00
1765628046.007539,3,3638,3500,1765628046005,1765628046006,1,3.32,0.0000,0.0,0.00
1765628046.027169,3,3639,3501,1765628046027,1765628046027,0,3.32,0.0000,0.0,0.00
1765628046.048874,3,3640,3502,1765628046048,1765628046048,0,3.32,0.0000,0.0,0.00
1765628046.073398,3,3641,3503,1765628046069,1765628046072,3,3.19,0.0000,0.0,0.00
1765628046.081200,3,3642,3504,1765628046081,1765628046081,0,3.26,0.0000,0.0,0.00
1765628046.104807,3,3643,3505,1765628046102,1765628046104,2,3.28,0.0000,0.0,0.00
1765628046.124086,3,3644,3506,1765628046124,1765628046124,0,3.22,0.0000,0.0,0.00
1765628046.145413,3,3645,3507,1765628046145,1765628046145,0,3.14,0.0000,0.0,0.00
1765628046.166474,3,3646,3508,1765628046166,1765628046166,0,3.03,0.0000,0.0,0.00
1765628046.191036,3,3647,3509,1765628046188,1765628046191,3,2.76,0.0000,0.0,0.00
1765628046.209988,3,3648,3510,1765628046209,1765628046209,0,2.80,0.0000,0.0,0.00
1765628046.231331,3,3649,3511,1765628046231,1765628046231,0,2.81,0.0000,0.0,0.00
1765628046.252336,3,3650,3512,1765628046252,1765628046252,0,2.81,0.0000,0.0,0.00
1765628046.275097,3,3651,3513,1765628046273,1765628046275,2,2.83,0.0000,0.0,0.00
1765628046.294934,3,3652,3515,1765628046294,1765628046294,0,2.82,0.0000,0.0,0.00
1765628046.316689,3,3653,3516,1765628046316,1765628046316,0,2.79,0.0000,0.0,0.00
1765628046.327846,3,3654,3517,1765628046327,1765628046327,0,2.99,0.0000,0.0,0.00
1765628046.348710,3,3655,3518,1765628046348,1765628046348,0,2.98,0.0000,0.0,0.00
1765628046.371612,3,3656,3520,1765628046370,1765628046370,0,2.97,0.0000,0.0,0.00
1765628046.382439,3,3657,3521,1765628046382,1765628046382,0,3.14,0.0000,0.0,0.00
1765628046.395936,3,3658,3522,1765628046393,1765628046395,2,3.29,0.0000,0.0,0.00
1765628046.416386,3,3659,3523,1765628046415,1765628046415,0,3.05,0.0000,0.0,0.00
1765628046.436760,3,3660,3524,1765628046436,1765628046436,0,3.04,0.0000,0.0,0.00
1765628046.459574,3,3661,3525,1765628046458,1765628046459,1,3.06,0.0000,0.0,0.00
1765628046.480205,3,3662,3526,1765628046479,1765628046479,0,3.05,0.0000,0.0,0.00
1765628046.501459,3,3663,3527,1765628046500,1765628046500,0,3.04,0.0000,0.0,0.00
1765628046.526603,3,3664,3528,1765628046521,1765628046525,4,3.08,0.0000,0.0,0.00
1765628046.544348,3,3665,3529,1765628046543,1765628046544,1,3.05,0.0000,0.0,0.00
1765628046.564572,3,3666,3530,1765628046564,1765628046564,0,3.04,0.0000,0.0,0.00
1765628046.591272,3,3667,3531,1765628046585,1765628046591,6,3.09,0.0000,0.0,0.00
1765628046.608069,3,3668,3532,1765628046607,1765628046607,0,3.18,0.0000,0.0,0.00
1765628046.629147,3,3669,3533,1765628046628,1765628046629,1,3.15,0.0000,0.0,0.00
1765628046.651046,3,3670,3534,1765628046649,1765628046649,0,2.87,0.0000,0.0,0.00
1765628046.674753,3,3671,3535,1765628046671,1765628046674,3,2.85,0.0000,0.0,0.00
1765628046.693244,3,3672,3536,1765628046692,1765628046692,0,2.80,0.0000,0.0,0.00
1765628046.714171,3,3673,3537,1765628046714,1765628046714,0,2.81,0.0000,0.0,0.00
1765628046.739120,3,3674,3538,1765628046735,1765628046737,2,2.83,0.0000,0.0,0.00
1765628046.758131,3,3675,3539,1765628046756,1765628046758,2,2.83,0.0000,0.0,0.00
1765628046.778627,3,3676,3540,1765628046778,1765628046778,0,2.81,0.0000,0.0,0.00
1765628046.799402,3,3677,3541,1765628046799,1765628046799,0,2.80,0.0000,0.0,0.00
1765628046.821543,3,3678,3542,1765628046821,1765628046821,0,2.78,0.0000,0.0,0.00
1765628046.842578,3,3679,3543,1765628046842,1765628046842,0,2.75,0.0000,0.0,0.00
1765628046.864197,3,3680,3544,1765628046864,1765628046864,0,2.76,0.0000,0.0,0.00
1765628046.888017,3,3681,3545,1765628046885,1765628046886,1,2.77,0.0000,0.0,0.00
1765628046.896826,3,3682,3546,1765628046896,1765628046896,0,2.79,0.0000,0.0,0.00
1765628046.918852,3,3683,3547,1765628046918,1765628046918,0,2.63,0.0000,0.0,0.00
1765628046.939322,3,3684,3548,1765628046939,1765628046939,0,2.43,0.0000,0.0,0.00
1765628046.952564,3,3685,3549,1765628046950,1765628046950,0,2.63,0.0000,0.0,0.00
1765628046.971737,3,3686,3550,1765628046971,1765628046971,0,2.62,0.0000,0.0,0.00
1765628046.992881,3,3687,3551,1765628046992,1765628046992,0,2.62,0.0000,0.0,0.00
1765628047.019935,3,3688,3552,1765628047014,1765628047018,4,2.64,0.0000,0.0,0.00
1765628047.037297,3,3689,3553,1765628047036,1765628047037,1,2.64,0.0000,0.0,0.00
1765628047.046714,3,3690,3554,1765628047046,1765628047046,0,2.88,0.0000,0.0,0.00
1765628047.069985,3,3691,3555,1765628047068,1765628047069,1,2.90,0.0000,0.0,0.00
1765628047.089851,3,3692,3556,1765628047089,1765628047089,0,2.87,0.0000,0.0,0.00
1765628047.111301,3,3693,3557,1765628047111,1765628047111,0,2.87,0.0000,0.0,0.00
1765628047.136160,3,3694,3558,1765628047132,1765628047136,4,2.90,0.0000,0.0,0.00
1765628047.155379,3,3695,3559,1765628047154,1765628047154,0,2.94,0.0000,0.0,0.00
1765628047.175814,3,3696,3560,1765628047175,1765628047175,0,2.92,0.0000,0.0,0.00
1765628047.202350,3,3697,3561,1765628047197,1765628047202,5,2.81,0.0000,0.0,0.00
1765628047.218791,3,3698,3562,1765628047218,1765628047218,0,2.88,0.0000,0.0,0.00
1765628047.239401,3,3699,3563,1765628047239,1765628047239,0,2.88,0.0000,0.0,0.00
1765628047.261506,3,3700,3564,1765628047261,1765628047261,0,2.89,0.0000,0.0,0.00
1765628047.284554,3,3701,3565,1765628047283,1765628047284,1,2.88,0.0000,0.0,0.00
1765628047.293633,3,3702,3566,1765628047293,1765628047293,0,2.88,0.0000,0.0,0.00
1765628047.319099,3,3703,3567,1765628047314,1765628047319,5,2.92,0.0000,0.0,0.00
1765628047.337576,3,3704,3568,1765628047336,1765628047337,1,2.96,0.0000,0.0,0.00
1765628047.352717,3,3705,3569,1765628047347,1765628047352,5,3.06,0.0000,0.0,0.00
1765628047.370084,3,3706,3570,1765628047369,1765628047370,1,3.09,0.0000,0.0,0.00
1765628047.391679,3,3707,3571,1765628047390,1765628047390,0,3.02,0.0000,0.0,0.00
1765628047.416532,3,3708,3572,1765628047412,1765628047413,1,3.02,0.0000,0.0,0.00
1765628047.438796,3,3709,3573,1765628047433,1765628047438,5,3.06,0.0000,0.0,0.00
1765628047.445439,3,3710,3574,1765628047445,1765628047445,0,3.33,0.0000,0.0,0.00
1765628047.473197,3,3711,3575,1765628047466,1765628047472,6,3.37,0.0000,0.0,0.00
1765628047.488702,3,3712,3576,1765628047488,1765628047488,0,3.44,0.0000,0.0,0.00
1765628047.504113,3,3713,3577,1765628047499,1765628047504,5,3.51,0.0000,0.0,0.00
1765628047.522132,3,3714,3578,1765628047521,1765628047522,1,3.35,0.0000,0.0,0.00
