timestamp,client_id,snapshot_id,seq_num,server_timestamp_ms,recv_time_ms,latency_ms,jitter_ms,perceived_position_error,cpu_percent,bandwidth_per_client_kbps
1765627981.070910,4,251,1,1765627980874,1765627981069,195,0.00,0.0000,0.0,0.00
1765627981.070910,4,252,2,1765627980895,1765627981070,175,0.00,0.0000,0.0,0.00
1765627981.070910,4,253,3,1765627980917,1765627981070,153,0.50,0.0000,0.0,0.00
1765627981.070910,4,254,4,1765627980928,1765627981070,142,0.44,0.0000,0.0,0.00
1765627981.070910,4,255,5,1765627980949,1765627981070,121,0.38,0.0000,0.0,0.00
1765627981.070910,4,256,6,1765627980970,1765627981070,100,0.32,0.0000,0.0,0.00
1765627981.070910,4,257,7,1765627980992,1765627981070,78,0.28,0.0000,0.0,0.00
1765627981.072373,4,258,8,1765627981013,1765627981070,57,0.24,0.0000,0.0,0.00
1765627981.072373,4,259,9,1765627981035,1765627981072,37,0.56,0.0000,0.0,0.00
1765627981.072373,4,260,10,1765627981056,1765627981072,16,0.52,0.0000,0.0,0.00
1765627981.143960,4,261,11,1765627981077,1765627981143,66,12.72,0.0000,0.0,0.00
1765627981.143960,4,262,12,1765627981098,1765627981143,45,11.69,0.0000,0.0,0.00
1765627981.143960,4,263,13,1765627981110,1765627981143,33,10.81,0.0000,0.0,0.00
1765627981.144959,4,264,14,1765627981131,1765627981144,13,10.04,0.0000,0.0,0.00
1765627981.154538,4,265,15,1765627981153,1765627981154,1,9.84,0.0000,0.0,0.00
1765627981.174811,4,266,17,1765627981174,1765627981174,0,10.67,0.0000,0.0,0.00
1765627981.186444,4,267,18,1765627981185,1765627981186,1,10.47,0.0000,0.0,0.00
1765627981.207024,4,268,19,1765627981207,1765627981207,0,10.99,0.0000,0.0,0.00
1765627981.228408,4,269,20,1765627981228,1765627981228,0,11.33,0.0000,0.0,0.00
1765627981.249424,4,270,21,1765627981249,1765627981249,0,11.55,0.0000,0.0,0.00
1765627981.273317,4,271,22,1765627981270,1765627981273,3,11.86,0.0000,0.0,0.00
1765627981.292148,4,272,23,1765627981292,1765627981292,0,11.81,0.0000,0.0,0.00
1765627981.313737,4,273,24,1765627981313,1765627981313,0,11.83,0.0000,0.0,0.00
1765627981.339915,4,274,26,1765627981335,1765627981339,4,12.05,0.0000,0.0,0.00
1765627981.356995,4,275,27,1765627981356,1765627981356,0,11.79,0.0000,0.0,0.00
1765627981.379047,4,276,28,1765627981379,1765627981379,0,11.81,0.0000,0.0,0.00
1765627981.399783,4,277,29,1765627981399,1765627981399,0,11.67,0.0000,0.0,0.00
1765627981.424618,4,278,30,1765627981421,1765627981424,3,11.71,0.0000,0.0,0.00
1765627981.443525,4,279,31,1765627981442,1765627981442,0,11.46,0.0000,0.0,0.00
1765627981.453647,4,280,32,1765627981453,1765627981453,0,11.15,0.0000,0.0,0.00
1765627981.475909,4,281,33,1765627981475,1765627981475,0,11.07,0.0000,0.0,0.00
1765627981.486431,4,282,34,1765627981486,1765627981486,0,10.79,0.0000,0.0,0.00
1765627981.508812,4,283,35,1765627981507,1765627981508,1,10.72,0.0000,0.0,0.00
1765627981.518910,4,284,36,1765627981518,1765627981518,0,10.50,0.0000,0.0,0.00
1765627981.542710,4,285,37,1765627981540,1765627981542,2,10.50,0.0000,0.0,0.00
1765627981.551035,4,286,38,1765627981551,1765627981551,0,10.34,0.0000,0.0,0.00
1765627981.562352,4,287,39,1765627981562,1765627981562,0,10.12,0.0000,0.0,0.00
1765627981.583428,4,288,40,1765627981583,1765627981583,0,10.05,0.0000,0.0,0.00
1765627981.604183,4,289,41,1765627981604,1765627981604,0,9.97,0.0000,0.0,0.00
1765627981.625730,4,290,42,1765627981625,1765627981625,0,9.89,0.0000,0.0,0.00
1765627981.647527,4,291,43,1765627981647,1765627981647,0,9.83,0.0000,0.0,0.00
1765627981.669033,4,292,44,1765627981668,1765627981668,0,9.74,0.0000,0.0,0.00
1765627981.690131,4,293,45,1765627981689,1765627981689,0,9.64,0.0000,0.0,0.00
1765627981.712034,4,294,47,1765627981712,1765627981712,0,9.59,0.0000,0.0,0.00
1765627981.726389,4,295,48,1765627981722,1765627981726,4,9.39,0.0000,0.0,0.00
1765627981.734017,4,296,49,1765627981734,1765627981734,0,9.35,0.0000,0.0,0.00
1765627981.755463,4,297,50,1765627981755,1765627981755,0,9.27,0.0000,0.0,0.00
1765627981.781065,4,298,52,1765627981778,1765627981781,3,9.28,0.0000,0.0,0.00
1765627981.788577,4,299,53,1765627981788,1765627981788,0,9.27,0.0000,0.0,0.00
1765627981.810709,4,300,54,1765627981809,1765627981810,1,9.21,0.0000,0.0,0.00
1765627981.831127,4,301,55,1765627981831,1765627981831,0,9.13,0.0000,0.0,0.00
1765627981.852398,4,302,56,1765627981852,1765627981852,0,9.05,0.0000,0.0,0.00
1765627981.874726,4,303,57,1765627981873,1765627981874,1,8.98,0.0000,0.0,0.00
1765627981.894927,4,304,58,1765627981894,1765627981894,0,8.89,0.0000,0.0,0.00
1765627981.916280,4,305,59,1765627981916,1765627981916,0,8.82,0.0000,0.0,0.00
1765627981.941341,4,306,60,1765627981937,1765627981941,4,8.79,0.0000,0.0,0.00
1765627981.959782,4,307,62,1765627981958,1765627981958,0,8.65,0.8080,0.0,0.00
1765627981.973742,4,308,63,1765627981969,1765627981972,3,8.54,0.6160,0.0,0.00
1765627981.992043,4,309,64,1765627981992,1765627981992,0,8.45,0.4240,0.0,0.00
1765627982.015528,4,310,65,1765627982013,1765627982014,1,8.39,0.2200,0.0,0.00
1765627982.035162,4,311,66,1765627982035,1765627982035,0,8.31,0.0160,0.0,0.00
1765627982.056312,4,312,67,1765627982056,1765627982056,0,8.05,0.0000,0.0,0.00
1765627982.077582,4,313,68,1765627982077,1765627982077,0,7.75,0.0000,0.0,0.00
1765627982.098829,4,314,69,1765627982098,1765627982098,0,7.43,0.0000,0.0,0.00
1765627982.119990,4,315,70,1765627982119,1765627982119,0,7.10,0.0000,0.0,0.00
1765627982.131858,4,316,71,1765627982131,1765627982131,0,6.84,0.0000,0.0,0.00
1765627982.143105,4,317,72,1765627982143,1765627982143,0,6.58,0.0000,0.0,0.00
1765627982.163729,4,318,73,1765627982163,1765627982163,0,6.22,0.0000,0.0,0.00
1765627982.187645,4,319,74,1765627982185,1765627982187,2,5.92,0.0000,0.0,0.00
1765627982.206867,4,320,75,1765627982206,1765627982206,0,5.50,0.0000,0.0,0.00
1765627982.227912,4,321,76,1765627982227,1765627982227,0,4.98,0.0000,0.0,0.00
1765627982.252326,4,322,78,1765627982249,1765627982252,3,4.62,0.6160,0.0,0.00
1765627982.260422,4,323,79,1765627982260,1765627982260,0,4.44,0.6160,0.0,0.00
1765627982.284974,4,324,80,1765627982281,1765627982284,3,4.07,0.2080,0.0,0.00
1765627982.292935,4,325,81,1765627982292,1765627982292,0,4.11,0.2080,0.0,0.00
1765627982.314003,4,326,82,1765627982314,1765627982314,0,4.13,0.0040,0.0,0.00
1765627982.335444,4,327,83,1765627982335,1765627982335,0,3.99,0.0000,0.0,0.00
1765627982.356668,4,328,84,1765627982356,1765627982356,0,3.99,0.0000,0.0,0.00
1765627982.378054,4,329,86,1765627982378,1765627982378,0,4.00,0.8080,0.0,0.00
1765627982.400325,4,330,87,1765627982400,1765627982400,0,4.01,0.4120,0.0,0.00
1765627982.421388,4,331,89,1765627982421,1765627982421,0,3.98,0.2080,0.0,0.00
1765627982.442656,4,332,90,1765627982442,1765627982442,0,3.99,0.0160,0.0,0.00
1765627982.463646,4,333,91,1765627982463,1765627982463,0,3.99,0.0000,0.0,0.00
1765627982.484904,4,334,92,1765627982484,1765627982484,0,3.95,0.0000,0.0,0.00
1765627982.506050,4,335,93,1765627982506,1765627982506,0,3.92,0.0000,0.0,0.00
1765627982.527380,4,336,94,1765627982527,1765627982527,0,3.90,0.8080,0.0,0.00
1765627982.550721,4,337,95,1765627982548,1765627982549,1,3.92,0.4240,0.0,0.00
1765627982.560858,4,338,96,1765627982559,1765627982559,0,4.09,0.4240,0.0,0.00
1765627982.571227,4,339,98,1765627982571,1765627982571,0,4.24,0.2320,0.0,0.00
1765627982.583367,4,340,99,1765627982582,1765627982583,1,4.21,0.0400,0.0,0.00
1765627982.593990,4,341,100,1765627982593,1765627982593,0,4.39,0.0400,0.0,0.00
1765627982.614960,4,342,101,1765627982614,1765627982614,0,4.23,0.0000,0.0,0.00
1765627982.636659,4,343,102,1765627982636,1765627982636,0,4.23,0.0000,0.0,0.00
1765627982.649796,4,344,103,1765627982648,1765627982649,1,4.15,0.7960,0.0,0.00
1765627982.659136,4,345,104,1765627982659,1765627982659,0,4.32,0.7960,0.0,0.00
1765627982.692441,4,346,105,1765627982692,1765627982692,0,4.21,0.3280,0.0,0.00
1765627982.715043,4,347,106,1765627982714,1765627982714,0,4.04,0.1240,0.0,0.00
1765627982.730410,4,348,107,1765627982729,1765627982730,1,4.10,0.0000,0.0,0.00
1765627982.783487,4,349,108,1765627982777,1765627982782,5,4.39,0.0000,0.0,0.00
1765627982.831169,4,350,110,1765627982791,1765627982831,40,4.67,0.6000,0.0,0.00
1765627982.832176,4,351,111,1765627982803,1765627982831,28,5.11,0.6000,0.0,0.00
1765627982.832176,4,352,112,1765627982816,1765627982832,16,5.52,0.6000,0.0,0.00
1765627982.832176,4,353,113,1765627982828,1765627982832,4,5.93,0.6000,0.0,0.00
1765627982.849483,4,354,114,1765627982845,1765627982848,3,5.96,0.3960,0.0,0.00
1765627982.859131,4,355,115,1765627982857,1765627982859,2,6.02,0.2040,0.0,0.00
1765627982.878669,4,356,116,1765627982878,1765627982878,0,5.78,0.0120,0.0,0.00
1765627982.901131,4,357,117,1765627982900,1765627982901,1,5.80,0.0000,0.0,0.00
1765627982.933518,4,358,118,1765627982924,1765627982933,9,5.87,0.0000,0.0,0.00
1765627982.956133,4,359,119,1765627982956,1765627982956,0,5.64,0.7960,0.0,0.00
1765627982.966915,4,360,120,1765627982966,1765627982966,0,5.82,0.3520,0.0,0.00
1765627982.978607,4,361,121,1765627982978,1765627982978,0,5.95,0.1480,0.0,0.00
1765627982.999502,4,362,123,1765627982999,1765627982999,0,5.95,0.0000,0.0,0.00
1765627983.033226,4,363,124,1765627983032,1765627983032,0,6.09,0.0000,0.0,0.00
1765627983.043960,4,364,125,1765627983043,1765627983043,0,6.25,0.7000,0.0,0.00
1765627983.070163,4,365,126,1765627983065,1765627983070,5,6.31,0.3040,0.0,0.00
1765627983.086436,4,366,127,1765627983086,1765627983086,0,6.30,0.1000,0.0,0.00
1765627983.107816,4,367,128,1765627983107,1765627983107,0,6.28,0.0000,0.0,0.00
1765627983.129421,4,368,129,1765627983129,1765627983129,0,6.21,1.0000,0.0,0.00
1765627983.155397,4,369,131,1765627983150,1765627983154,4,6.27,0.6160,0.0,0.00
1765627983.161569,4,370,132,1765627983161,1765627983161,0,6.49,0.6160,0.0,0.00
1765627983.173960,4,371,134,1765627983172,1765627983172,0,6.63,0.1800,0.0,0.00
1765627983.186242,4,372,135,1765627983184,1765627983185,1,6.73,0.0000,0.0,0.00
1765627983.205481,4,373,136,1765627983205,1765627983205,0,6.71,0.0000,0.0,0.00
1765627983.226355,4,374,137,1765627983226,1765627983226,0,6.71,0.0000,0.0,0.00
1765627983.237504,4,375,138,1765627983237,1765627983237,0,6.84,0.0000,0.0,0.00
1765627983.258564,4,376,139,1765627983258,1765627983258,0,6.73,0.0000,0.0,0.00
1765627983.280100,4,377,140,1765627983280,1765627983280,0,6.63,0.0000,0.0,0.00
1765627983.302776,4,378,142,1765627983301,1765627983302,1,6.65,0.8080,0.0,0.00
1765627983.323515,4,379,143,1765627983322,1765627983322,0,6.61,0.6160,0.0,0.00
1765627983.344267,4,380,144,1765627983344,1765627983344,0,6.64,0.4120,0.0,0.00
1765627983.370059,4,381,145,1765627983366,1765627983370,4,6.71,0.0160,0.0,0.00
1765627983.387777,4,382,146,1765627983387,1765627983387,0,6.67,0.0000,0.0,0.00
1765627983.410680,4,383,147,1765627983409,1765627983409,0,6.48,0.0000,0.0,0.00
1765627983.421386,4,384,148,1765627983421,1765627983421,0,6.56,0.0000,0.0,0.00
1765627983.442745,4,385,150,1765627983442,1765627983442,0,6.36,0.7960,0.0,0.00
1765627983.467965,4,386,151,1765627983463,1765627983466,3,6.39,0.3880,0.0,0.00
1765627983.475346,4,387,152,1765627983475,1765627983475,0,6.57,0.3880,0.0,0.00
1765627983.497251,4,388,153,1765627983497,1765627983497,0,6.58,0.1720,0.0,0.00
1765627983.517970,4,389,154,1765627983517,1765627983517,0,6.55,0.0000,0.0,0.00
1765627983.539242,4,390,155,1765627983539,1765627983539,0,6.55,0.0000,0.0,0.00
1765627983.561408,4,391,156,1765627983560,1765627983560,0,6.55,0.0000,0.0,0.00
1765627983.572629,4,392,158,1765627983571,1765627983571,0,6.69,0.7960,0.0,0.00
1765627983.589482,4,393,159,1765627983582,1765627983589,7,6.67,0.5920,0.0,0.00
1765627983.605556,4,394,161,1765627983604,1765627983605,1,6.69,0.3880,0.0,0.00
1765627983.626653,4,395,162,1765627983625,1765627983625,0,6.66,0.1840,0.0,0.00
1765627983.646964,4,396,163,1765627983646,1765627983646,0,6.66,0.0000,0.0,0.00
1765627983.671264,4,397,164,1765627983668,1765627983670,2,6.69,0.0000,0.0,0.00
1765627983.689131,4,398,165,1765627983689,1765627983689,0,6.53,0.0000,0.0,0.00
1765627983.710736,4,399,167,1765627983710,1765627983710,0,6.42,0.8080,0.0,0.00
1765627983.721975,4,400,168,1765627983721,1765627983721,0,6.44,0.6160,0.0,0.00
1765627983.743783,4,401,170,1765627983743,1765627983743,0,6.31,0.4120,0.0,0.00
1765627983.769612,4,402,171,1765627983765,1765627983769,4,6.38,0.0160,0.0,0.00
1765627983.786809,4,403,172,1765627983786,1765627983786,0,6.38,0.0000,0.0,0.00
1765627983.809404,4,404,173,1765627983808,1765627983808,0,6.30,0.0000,0.0,0.00
1765627983.829789,4,405,174,1765627983829,1765627983829,0,6.13,0.0000,0.0,0.00
1765627983.853812,4,406,175,1765627983851,1765627983853,2,6.01,0.5920,0.0,0.00
1765627983.872685,4,407,177,1765627983872,1765627983872,0,5.98,0.3880,0.0,0.00
1765627983.894219,4,408,178,1765627983894,1765627983894,0,5.95,0.1840,0.0,0.00
1765627983.919779,4,409,179,1765627983915,1765627983915,0,5.55,0.0000,0.0,0.00
1765627983.936976,4,410,180,1765627983936,1765627983936,0,5.22,0.0000,0.0,0.00
1765627983.958844,4,411,181,1765627983958,1765627983958,0,4.86,0.0000,0.0,0.00
1765627983.979535,4,412,182,1765627983979,1765627983979,0,4.49,0.7840,0.0,0.00
1765627984.001061,4,413,183,1765627984001,1765627984001,0,4.10,0.5800,0.0,0.00
1765627984.022364,4,414,184,1765627984022,1765627984022,0,4.04,0.1840,0.0,0.00
1765627984.043738,4,415,185,1765627984043,1765627984043,0,3.86,0.0000,0.0,0.00
1765627984.065065,4,416,187,1765627984065,1765627984065,0,3.87,0.0000,0.0,0.00
1765627984.088652,4,417,188,1765627984086,1765627984088,2,3.87,0.0000,0.0,0.00
1765627984.106832,4,418,189,1765627984106,1765627984106,0,3.78,0.0000,0.0,0.00
1765627984.128084,4,419,190,1765627984128,1765627984128,0,3.77,0.0000,0.0,0.00
1765627984.149301,4,420,191,1765627984149,1765627984149,0,3.56,0.0000,0.0,0.00
1765627984.170518,4,421,192,1765627984170,1765627984170,0,3.39,0.0000,0.0,0.00
1765627984.181803,4,422,193,1765627984181,1765627984181,0,3.59,0.0000,0.0,0.00
1765627984.203090,4,423,194,1765627984203,1765627984203,0,3.48,0.0000,0.0,0.00
1765627984.224701,4,424,196,1765627984224,1765627984224,0,3.29,0.0000,0.0,0.00
1765627984.246599,4,425,197,1765627984246,1765627984246,0,3.24,0.0000,0.0,0.00
1765627984.257300,4,426,198,1765627984257,1765627984257,0,3.36,0.0000,0.0,0.00
1765627984.278351,4,427,199,1765627984278,1765627984278,0,3.36,0.0000,0.0,0.00
1765627984.301504,4,428,200,1765627984300,1765627984301,1,3.37,0.0000,0.0,0.00
1765627984.310944,4,429,201,1765627984310,1765627984310,0,3.56,0.0000,0.0,0.00
1765627984.335052,4,430,202,1765627984331,1765627984335,4,3.32,0.0000,0.0,0.00
1765627984.353147,4,431,203,1765627984353,1765627984353,0,3.15,0.0000,0.0,0.00
1765627984.375144,4,432,204,1765627984375,1765627984375,0,3.01,1.0000,0.0,0.00
1765627984.385807,4,433,206,1765627984385,1765627984385,0,3.24,0.7960,0.0,0.00
1765627984.407173,4,434,207,1765627984407,1765627984407,0,3.25,0.5920,0.0,0.00
1765627984.432709,4,435,208,1765627984429,1765627984432,3,3.09,1.2080,0.0,0.00
1765627984.440221,4,436,209,1765627984440,1765627984440,0,3.36,1.2080,0.0,0.00
1765627984.451885,4,437,210,1765627984451,1765627984451,0,3.54,1.0160,0.0,0.00
1765627984.472787,4,438,211,1765627984472,1765627984472,0,3.53,0.8240,0.0,0.00
1765627984.497859,4,439,212,1765627984493,1765627984496,3,3.57,0.4400,0.0,0.00
1765627984.514968,4,440,213,1765627984514,1765627984514,0,3.58,0.2360,0.0,0.00
1765627984.526587,4,441,214,1765627984526,1765627984526,0,3.68,0.2360,0.0,0.00
1765627984.537701,4,442,215,1765627984537,1765627984537,0,3.81,0.0320,0.0,0.00
1765627984.549522,4,443,216,1765627984548,1765627984549,1,3.93,0.0000,0.0,0.00
1765627984.571095,4,444,218,1765627984570,1765627984570,0,3.80,0.7960,0.0,0.00
1765627984.591555,4,445,219,1765627984591,1765627984591,0,3.80,0.6040,0.0,0.00
1765627984.614613,4,446,220,1765627984613,1765627984614,1,3.79,0.2080,0.0,0.00
1765627984.634866,4,447,221,1765627984634,1765627984634,0,3.57,0.0040,0.0,0.00
1765627984.655700,4,448,222,1765627984655,1765627984655,0,3.56,0.0000,0.0,0.00
1765627984.680188,4,449,223,1765627984677,1765627984680,3,3.61,0.0000,0.0,0.00
1765627984.698862,4,450,224,1765627984698,1765627984698,0,3.61,0.0000,0.0,0.00
1765627984.722846,4,451,227,1765627984721,1765627984721,0,3.63,0.8080,0.0,0.00
1765627984.732983,4,452,228,1765627984732,1765627984732,0,3.63,0.6040,0.0,0.00
1765627984.748718,4,453,229,1765627984744,1765627984748,4,3.68,0.4000,0.0,0.00
1765627984.765507,4,454,230,1765627984765,1765627984765,0,3.66,0.2080,0.0,0.00
1765627984.788267,4,455,231,1765627984787,1765627984788,1,3.69,0.0000,0.0,0.00
1765627984.799520,4,456,232,1765627984798,1765627984799,1,3.85,0.0000,0.0,0.00
1765627984.821453,4,457,233,1765627984820,1765627984820,0,3.82,0.0000,0.0,0.00
1765627984.841739,4,458,234,1765627984841,1765627984841,0,3.83,0.7960,0.0,0.00
1765627984.863370,4,459,236,1765627984863,1765627984863,0,3.84,0.4120,0.0,0.00
1765627984.875137,4,460,237,1765627984875,1765627984875,0,3.82,0.4120,0.0,0.00
1765627984.886514,4,461,238,1765627984885,1765627984886,1,3.97,0.2200,0.0,0.00
1765627984.912325,4,462,239,1765627984907,1765627984907,0,3.91,0.0000,0.0,0.00
1765627984.918697,4,463,240,1765627984918,1765627984918,0,4.04,0.0000,0.0,0.00
1765627984.944084,4,464,241,1765627984940,1765627984944,4,4.09,0.0000,0.0,0.00
1765627984.961501,4,465,243,1765627984961,1765627984961,0,4.11,0.0000,0.0,0.00
1765627984.983271,4,466,244,1765627984983,1765627984983,0,4.08,0.7960,0.0,0.00
1765627985.004387,4,467,245,1765627985004,1765627985004,0,4.11,0.6040,0.0,0.00
1765627985.028612,4,468,247,1765627985025,1765627985028,3,4.13,0.1960,0.0,0.00
1765627985.047894,4,469,248,1765627985047,1765627985047,0,4.11,0.0000,0.0,0.00
1765627985.062660,4,470,249,1765627985058,1765627985062,4,4.16,0.0000,0.0,0.00
1765627985.079764,4,471,250,1765627985079,1765627985079,0,4.16,0.0000,0.0,0.00
1765627985.094614,4,472,251,1765627985090,1765627985094,4,4.20,0.0000,0.0,0.00
1765627985.112369,4,473,252,1765627985112,1765627985112,0,4.16,0.7960,0.0,0.00
1765627985.124047,4,474,253,1765627985124,1765627985124,0,4.25,0.7960,0.0,0.00
1765627985.146879,4,475,254,1765627985144,1765627985146,2,4.27,0.3760,0.0,0.00
1765627985.166150,4,476,256,1765627985166,1765627985166,0,4.24,0.1720,0.0,0.00
1765627985.187793,4,477,258,1765627985187,1765627985187,0,4.21,0.0000,0.0,0.00
1765627985.213286,4,478,259,1765627985209,1765627985213,4,4.31,0.0000,0.0,0.00
1765627985.230503,4,479,260,1765627985230,1765627985230,0,4.28,0.0000,0.0,0.00
1765627985.252538,4,480,261,1765627985251,1765627985251,0,4.28,0.8080,0.0,0.00
1765627985.263839,4,481,263,1765627985262,1765627985263,1,4.36,0.6040,0.0,0.00
1765627985.284398,4,482,264,1765627985284,1765627985284,0,4.27,0.4000,0.0,0.00
1765627985.305201,4,483,265,1765627985305,1765627985305,0,4.25,0.2080,0.0,0.00
1765627985.333573,4,484,267,1765627985328,1765627985333,5,4.35,0.0000,0.0,0.00
1765627985.339612,4,485,268,1765627985339,1765627985339,0,4.53,0.0000,0.0,0.00
1765627985.364740,4,486,269,1765627985361,1765627985364,3,4.49,0.0000,0.0,0.00
1765627985.382163,4,487,270,1765627985382,1765627985382,0,4.46,0.0000,0.0,0.00
1765627985.403884,4,488,271,1765627985403,1765627985403,0,4.43,0.0000,0.0,0.00
1765627985.425348,4,489,272,1765627985425,1765627985425,0,4.31,0.7960,0.0,0.00
1765627985.436575,4,490,273,1765627985436,1765627985436,0,4.35,0.5920,0.0,0.00
1765627985.457465,4,491,274,1765627985457,1765627985457,0,4.38,0.4000,0.0,0.00
1765627985.483366,4,492,276,1765627985479,1765627985482,3,4.42,0.0000,0.0,0.00
1765627985.500431,4,493,277,1765627985500,1765627985500,0,4.27,0.0000,0.0,0.00
1765627985.522021,4,494,278,1765627985522,1765627985522,0,4.27,0.0000,0.0,0.00
1765627985.545789,4,495,279,1765627985544,1765627985544,0,4.23,0.0000,0.0,0.00
1765627985.557095,4,496,280,1765627985556,1765627985557,1,4.13,0.7960,0.0,0.00
1765627985.568608,4,497,281,1765627985567,1765627985567,0,4.15,0.5920,0.0,0.00
1765627985.589025,4,498,282,1765627985589,1765627985589,0,4.17,0.3880,0.0,0.00
1765627985.610420,4,499,283,1765627985609,1765627985610,1,4.12,0.1960,0.0,0.00
1765627985.633285,4,500,285,1765627985631,1765627985633,2,4.17,0.0000,0.0,0.00
1765627985.652147,4,501,286,1765627985652,1765627985652,0,4.05,0.0000,0.0,0.00
1765627985.673549,4,502,287,1765627985673,1765627985673,0,3.92,0.0000,0.0,0.00
1765627985.694589,4,503,288,1765627985694,1765627985694,0,3.80,0.0000,0.0,0.00
1765627985.715924,4,504,289,1765627985715,1765627985715,0,3.80,0.0000,0.0,0.00
1765627985.737667,4,505,290,1765627985737,1765627985737,0,3.81,0.0000,0.0,0.00
1765627985.751786,4,506,291,1765627985749,1765627985751,2,3.86,0.0000,0.0,0.00
1765627985.760419,4,507,292,1765627985760,1765627985760,0,4.05,0.0000,0.0,0.00
1765627985.783531,4,508,293,1765627985781,1765627985783,2,4.07,0.0000,0.0,0.00
1765627985.804267,4,509,294,1765627985803,1765627985803,0,4.01,0.0000,0.0,0.00
1765627985.814943,4,510,295,1765627985814,1765627985814,0,4.15,0.0000,0.0,0.00
1765627985.826245,4,511,296,1765627985825,1765627985826,1,4.21,0.0000,0.0,0.00
1765627985.849067,4,512,297,1765627985847,1765627985849,2,4.13,0.0000,0.0,0.00
1765627985.869642,4,513,298,1765627985868,1765627985868,0,4.08,0.8080,0.0,0.00
1765627985.889684,4,514,299,1765627985889,1765627985889,0,4.07,0.6160,0.0,0.00
1765627985.913578,4,515,300,1765627985911,1765627985913,2,4.08,0.2200,0.0,0.00
1765627985.933001,4,516,302,1765627985933,1765627985933,0,3.93,0.0160,0.0,0.00
1765627985.953739,4,517,303,1765627985953,1765627985953,0,3.92,0.0000,0.0,0.00
1765627985.975598,4,518,304,1765627985975,1765627985975,0,3.93,0.7960,0.0,0.00
1765627985.996695,4,519,305,1765627985996,1765627985996,0,3.92,0.4000,0.0,0.00
1765627986.017854,4,520,306,1765627986017,1765627986017,0,3.79,0.2080,0.0,0.00
1765627986.039507,4,521,307,1765627986039,1765627986039,0,3.66,0.0160,0.0,0.00
1765627986.061446,4,522,308,1765627986061,1765627986061,0,3.67,0.0000,0.0,0.00
1765627986.082994,4,523,309,1765627986082,1765627986082,0,3.51,0.0000,0.0,0.00
1765627986.104650,4,524,310,1765627986104,1765627986104,0,3.47,0.0000,0.0,0.00
1765627986.131291,4,525,311,1765627986125,1765627986131,6,3.50,0.0000,0.0,0.00
1765627986.147952,4,526,313,1765627986147,1765627986147,0,3.55,0.0000,0.0,0.00
1765627986.168676,4,527,314,1765627986168,1765627986168,0,3.55,0.0000,0.0,0.00
1765627986.190717,4,528,315,1765627986190,1765627986190,0,3.52,0.0000,0.0,0.00
1765627986.212723,4,529,316,1765627986211,1765627986212,1,3.54,0.0000,0.0,0.00
1765627986.232945,4,530,317,1765627986232,1765627986232,0,3.45,0.0000,0.0,0.00
1765627986.253847,4,531,318,1765627986253,1765627986253,0,3.41,0.0000,0.0,0.00
1765627986.276351,4,532,319,1765627986275,1765627986275,0,3.32,0.0000,0.0,0.00
1765627986.286519,4,533,320,1765627986286,1765627986286,0,3.49,0.0000,0.0,0.00
1765627986.299128,4,534,321,1765627986297,1765627986299,2,3.46,0.0000,0.0,0.00
1765627986.308956,4,535,322,1765627986308,1765627986308,0,3.69,0.0000,0.0,0.00
1765627986.332979,4,536,325,1765627986330,1765627986332,2,3.73,0.0000,0.0,0.00
1765627986.353016,4,537,326,1765627986353,1765627986353,0,3.73,0.0000,0.0,0.00
1765627986.367959,4,538,327,1765627986363,1765627986367,4,3.78,0.0000,0.0,0.00
1765627986.384849,4,539,328,1765627986384,1765627986384,0,3.78,0.7960,0.0,0.00
1765627986.406410,4,540,329,1765627986406,1765627986406,0,3.79,0.5920,0.0,0.00
1765627986.427131,4,541,330,1765627986427,1765627986427,0,3.64,0.3880,0.0,0.00
1765627986.450500,4,542,331,1765627986448,1765627986450,2,3.66,0.0000,0.0,0.00
1765627986.469415,4,543,332,1765627986469,1765627986469,0,3.65,0.0000,0.0,0.00
1765627986.481140,4,544,333,1765627986481,1765627986481,0,3.72,0.0000,0.0,0.00
1765627986.501730,4,545,335,1765627986501,1765627986501,0,3.43,0.0000,0.0,0.00
1765627986.524217,4,546,336,1765627986523,1765627986523,0,3.40,0.7960,0.0,0.00
1765627986.544146,4,547,337,1765627986544,1765627986544,0,3.39,0.5920,0.0,0.00
1765627986.568314,4,548,338,1765627986565,1765627986568,3,3.42,0.1840,0.0,0.00
1765627986.589213,4,549,339,1765627986588,1765627986589,1,3.41,0.0000,0.0,0.00
1765627986.602414,4,550,340,1765627986599,1765627986602,3,3.36,0.0000,0.0,0.00
1765627986.612188,4,551,341,1765627986611,1765627986612,1,3.56,0.0000,0.0,0.00
1765627986.622741,4,552,342,1765627986622,1765627986622,0,3.70,0.0000,0.0,0.00
1765627986.633642,4,553,343,1765627986633,1765627986633,0,3.87,0.0000,0.0,0.00
1765627986.654967,4,554,345,1765627986654,1765627986654,0,3.86,0.8080,0.0,0.00
1765627986.667199,4,555,346,1765627986666,1765627986667,1,3.96,0.6040,0.0,0.00
1765627986.687432,4,556,347,1765627986687,1765627986687,0,3.84,1.0815,0.0,0.00
1765627986.708842,4,557,348,1765627986708,1765627986708,0,3.64,0.8374,0.0,0.00
1765627986.734002,4,558,349,1765627986730,1765627986734,4,3.69,0.4000,0.0,0.00
1765627986.751868,4,559,350,1765627986751,1765627986751,0,3.71,0.1960,0.0,0.00
1765627986.773394,4,560,351,1765627986772,1765627986772,0,3.69,0.0000,0.0,0.00
1765627986.784021,4,561,352,1765627986784,1765627986784,0,3.85,0.0000,0.0,0.00
1765627986.805056,4,562,353,1765627986805,1765627986805,0,3.85,0.0000,0.0,0.00
1765627986.827970,4,563,355,1765627986827,1765627986827,0,3.86,0.7960,0.0,0.00
1765627986.838620,4,564,356,1765627986838,1765627986838,0,4.02,0.5800,0.0,0.00
1765627986.860013,4,565,357,1765627986860,1765627986860,0,4.02,0.3880,0.0,0.00
1765627986.884530,4,566,358,1765627986881,1765627986884,3,3.96,0.0000,0.0,0.00
1765627986.902966,4,567,359,1765627986902,1765627986902,0,3.76,0.0000,0.0,0.00
1765627986.925182,4,568,360,1765627986924,1765627986925,1,3.76,0.0000,0.0,0.00
1765627986.936308,4,569,361,1765627986935,1765627986935,0,3.95,0.0000,0.0,0.00
1765627986.946477,4,570,362,1765627986946,1765627986946,0,3.95,0.0000,0.0,0.00
1765627986.969134,4,571,364,1765627986968,1765627986968,0,3.82,0.8080,0.0,0.00
1765627986.978884,4,572,365,1765627986978,1765627986978,0,3.98,0.8080,0.0,0.00
1765627986.999875,4,573,366,1765627986999,1765627986999,0,4.00,0.4120,0.0,0.00
1765627987.021596,4,574,367,1765627987021,1765627987021,0,4.02,0.2080,0.0,0.00
1765627987.042269,4,575,368,1765627987042,1765627987042,0,3.98,0.0160,0.0,0.00
1765627987.066683,4,576,369,1765627987063,1765627987066,3,4.03,0.0000,0.0,0.00
1765627987.084640,4,577,370,1765627987084,1765627987084,0,4.03,0.0000,0.0,0.00
1765627987.105974,4,578,371,1765627987105,1765627987105,0,4.02,0.7960,0.0,0.00
1765627987.127328,4,579,372,1765627987127,1765627987127,0,4.03,0.6040,0.0,0.00
1765627987.151489,4,580,374,1765627987148,1765627987151,3,4.07,0.1960,0.0,0.00
1765627987.159833,4,581,375,1765627987159,1765627987159,0,4.27,0.1960,0.0,0.00
1765627987.182070,4,582,377,1765627987180,1765627987182,2,4.28,0.0000,0.0,0.00
1765627987.202154,4,583,378,1765627987202,1765627987202,0,4.27,0.0000,0.0,0.00
1765627987.223479,4,584,379,1765627987223,1765627987223,0,4.25,0.0000,0.0,0.00
1765627987.245147,4,585,380,1765627987245,1765627987245,0,4.20,0.0000,0.0,0.00
1765627987.257550,4,586,381,1765627987256,1765627987256,0,4.30,0.7960,0.0,0.00
1765627987.267490,4,587,382,1765627987267,1765627987267,0,4.43,0.6040,0.0,0.00
1765627987.289634,4,588,383,1765627987289,1765627987289,0,4.43,0.4000,0.0,0.00
1765627987.310571,4,589,384,1765627987310,1765627987310,0,4.42,0.1960,0.0,0.00
1765627987.337522,4,590,386,1765627987333,1765627987336,3,4.49,0.0000,0.0,0.00
1765627987.344148,4,591,387,1765627987344,1765627987344,0,4.67,0.0000,0.0,0.00
1765627987.368531,4,592,388,1765627987365,1765627987367,2,4.69,0.0000,0.0,0.00
1765627987.387971,4,593,389,1765627987386,1765627987386,0,4.54,0.0000,0.0,0.00
1765627987.408724,4,594,390,1765627987408,1765627987408,0,4.47,1.0000,0.0,0.00
1765627987.430536,4,595,391,1765627987430,1765627987430,0,4.30,0.7960,0.0,0.00
1765627987.453463,4,596,392,1765627987451,1765627987453,2,4.29,0.3880,0.0,0.00
1765627987.472665,4,597,393,1765627987472,1765627987472,0,4.27,0.1840,0.0,0.00
1765627987.493672,4,598,395,1765627987493,1765627987493,0,4.19,0.0000,0.0,0.00
1765627987.514861,4,599,396,1765627987514,1765627987514,0,4.17,0.0000,0.0,0.00
1765627987.527300,4,600,397,1765627987526,1765627987526,0,4.29,0.8080,0.0,0.00
1765627987.549077,4,601,398,1765627987547,1765627987549,2,4.31,0.6040,0.0,0.00
1765627987.559308,4,602,399,1765627987559,1765627987559,0,4.46,0.4120,0.0,0.00
1765627987.581646,4,603,400,1765627987581,1765627987581,0,4.49,0.2200,0.0,0.00
1765627987.602369,4,604,401,1765627987602,1765627987602,0,4.37,0.0000,0.0,0.00
1765627987.623823,4,605,402,1765627987623,1765627987623,0,4.38,0.0000,0.0,0.00
1765627987.645110,4,606,403,1765627987645,1765627987645,0,4.38,0.0000,0.0,0.00
1765627987.667747,4,607,405,1765627987666,1765627987667,1,4.39,0.6160,0.0,0.00
1765627987.688350,4,608,406,1765627987688,1765627987688,0,4.36,0.4120,0.0,0.00
1765627987.701542,4,609,407,1765627987699,1765627987700,1,4.48,0.2080,0.0,0.00
1765627987.720920,4,610,408,1765627987720,1765627987720,0,4.37,0.0040,0.0,0.00
1765627987.743935,4,611,410,1765627987742,1765627987742,0,4.20,0.0000,0.0,0.00
1765627987.755823,4,612,411,1765627987755,1765627987755,0,4.13,0.0000,0.0,0.00
1765627987.770373,4,613,412,1765627987766,1765627987770,4,4.04,0.0000,0.0,0.00
1765627987.787999,4,614,413,1765627987787,1765627987787,0,4.06,0.0000,0.0,0.00
1765627987.809932,4,615,414,1765627987809,1765627987809,0,3.96,0.0000,0.0,0.00
1765627987.831404,4,616,416,1765627987830,1765627987830,0,3.97,0.0000,0.0,0.00
1765627987.853022,4,617,417,1765627987852,1765627987853,1,3.99,0.0000,0.0,0.00
1765627987.873587,4,618,418,1765627987873,1765627987873,0,3.92,0.7960,0.0,0.00
1765627987.894882,4,619,419,1765627987894,1765627987894,0,3.90,0.5800,0.0,0.00
1765627987.916228,4,620,420,1765627987916,1765627987916,0,3.91,0.3760,0.0,0.00
1765627987.938101,4,621,421,1765627987938,1765627987938,0,3.77,0.0000,0.0,0.00
1765627987.959937,4,622,422,1765627987958,1765627987958,0,3.76,0.0000,0.0,0.00
1765627987.981599,4,623,423,1765627987981,1765627987981,0,3.77,0.0000,0.0,0.00
1765627988.004888,4,624,425,1765627988001,1765627988003,2,3.60,0.0000,0.0,0.00
1765627988.022986,4,625,426,1765627988022,1765627988022,0,3.59,0.0000,0.0,0.00
1765627988.044167,4,626,427,1765627988044,1765627988044,0,3.57,0.0000,0.0,0.00
1765627988.065682,4,627,428,1765627988065,1765627988065,0,3.55,0.0000,0.0,0.00
1765627988.088939,4,628,429,1765627988086,1765627988087,1,3.54,0.0000,0.0,0.00
1765627988.108612,4,629,430,1765627988108,1765627988108,0,3.33,0.0000,0.0,0.00
1765627988.129850,4,630,431,1765627988129,1765627988129,0,3.13,0.7960,0.0,0.00
1765627988.151623,4,631,432,1765627988151,1765627988151,0,3.13,0.6040,0.0,0.00
1765627988.172985,4,632,434,1765627988172,1765627988172,0,2.89,0.2080,0.0,0.00
1765627988.194026,4,633,435,1765627988194,1765627988194,0,2.89,0.0040,0.0,0.00
1765627988.215434,4,634,436,1765627988215,1765627988215,0,2.89,0.0000,0.0,0.00
1765627988.227137,4,635,437,1765627988227,1765627988227,0,3.08,0.0000,0.0,0.00
1765627988.248626,4,636,438,1765627988248,1765627988248,0,3.05,0.0000,0.0,0.00
1765627988.269652,4,637,439,1765627988269,1765627988269,0,3.02,0.0000,0.0,0.00
1765627988.291574,4,638,440,1765627988291,1765627988291,0,3.02,0.5920,0.0,0.00
1765627988.312096,4,639,441,1765627988312,1765627988312,0,3.02,0.3880,0.0,0.00
1765627988.334957,4,640,443,1765627988334,1765627988334,0,3.00,0.1840,0.0,0.00
1765627988.358198,4,641,444,1765627988355,1765627988357,2,2.72,0.0000,0.0,0.00
1765627988.375778,4,642,445,1765627988375,1765627988375,0,2.75,0.0000,0.0,0.00
1765627988.396932,4,643,446,1765627988396,1765627988396,0,2.75,0.0000,0.0,0.00
1765627988.418100,4,644,447,1765627988418,1765627988418,0,2.76,1.0000,0.0,0.00
1765627988.429294,4,645,448,1765627988429,1765627988429,0,2.97,1.1427,0.0,0.00
1765627988.441661,4,646,449,1765627988441,1765627988441,0,2.94,0.8542,0.0,0.00
1765627988.461989,4,647,450,1765627988461,1765627988461,0,2.72,0.5657,0.0,0.00
1765627988.483232,4,648,451,1765627988483,1765627988483,0,2.72,0.2942,0.0,0.00
1765627988.510524,4,649,453,1765627988504,1765627988510,6,2.77,0.0000,0.0,0.00
1765627988.526496,4,650,454,1765627988526,1765627988526,0,2.82,0.0000,0.0,0.00
1765627988.543008,4,651,455,1765627988537,1765627988543,6,2.59,0.0000,0.0,0.00
1765627988.550029,4,652,456,1765627988550,1765627988550,0,2.88,0.0000,0.0,0.00
1765627988.574920,4,653,457,1765627988570,1765627988573,3,2.89,0.6040,0.0,0.00
1765627988.591664,4,654,458,1765627988591,1765627988591,0,2.92,0.4000,0.0,0.00
1765627988.612975,4,655,459,1765627988612,1765627988612,0,2.91,0.1960,0.0,0.00
1765627988.634864,4,656,460,1765627988634,1765627988634,0,2.90,0.0040,0.0,0.00
1765627988.657815,4,657,461,1765627988655,1765627988657,2,2.91,0.0000,0.0,0.00
1765627988.676363,4,658,462,1765627988676,1765627988676,0,2.92,0.0000,0.0,0.00
1765627988.698237,4,659,463,1765627988698,1765627988698,0,2.92,0.7960,0.0,0.00
1765627988.712446,4,660,464,1765627988709,1765627988712,3,2.88,0.5920,0.0,0.00
1765627988.722192,4,661,465,1765627988721,1765627988721,0,3.10,0.5920,0.0,0.00
1765627988.732352,4,662,466,1765627988732,1765627988732,0,3.08,0.3880,0.0,0.00
1765627988.743524,4,663,467,1765627988743,1765627988743,0,3.25,0.1840,0.0,0.00
1765627988.755182,4,664,468,1765627988754,1765627988755,1,3.40,0.1840,0.0,0.00
1765627988.775953,4,665,469,1765627988775,1765627988775,0,3.39,0.0000,0.0,0.00
1765627988.797212,4,666,470,1765627988797,1765627988797,0,3.39,0.0000,0.0,0.00
1765627988.818496,4,667,472,1765627988818,1765627988818,0,3.38,0.0000,0.0,0.00
1765627988.843212,4,668,473,1765627988839,1765627988843,4,3.42,0.7960,0.0,0.00
1765627988.861152,4,669,474,1765627988861,1765627988861,0,3.29,0.6040,0.0,0.00
1765627988.882437,4,670,475,1765627988882,1765627988882,0,3.30,0.4120,0.0,0.00
1765627988.909813,4,671,476,1765627988904,1765627988908,4,3.34,0.0160,0.0,0.00
1765627988.915773,4,672,477,1765627988914,1765627988914,0,3.50,0.0160,0.0,0.00
1765627988.937605,4,673,478,1765627988936,1765627988936,0,3.43,0.0000,0.0,0.00
1765627988.957646,4,674,479,1765627988957,1765627988957,0,3.38,0.0000,0.0,0.00
1765627988.978987,4,675,480,1765627988978,1765627988978,0,3.37,0.0000,0.0,0.00
1765627989.000472,4,676,483,1765627989000,1765627989000,0,3.38,0.7960,0.0,0.00
1765627989.025295,4,677,484,1765627989022,1765627989025,3,3.40,0.3760,0.0,0.00
1765627989.043104,4,678,485,1765627989043,1765627989043,0,3.43,0.1840,0.0,0.00
1765627989.064527,4,679,486,1765627989064,1765627989064,0,3.43,0.0000,0.0,0.00
1765627989.086792,4,680,487,1765627989086,1765627989086,0,3.43,0.0000,0.0,0.00
1765627989.108407,4,681,488,1765627989107,1765627989108,1,3.43,0.0000,0.0,0.00
1765627989.128528,4,682,489,1765627989128,1765627989128,0,3.43,0.7960,0.0,0.00
1765627989.149533,4,683,490,1765627989149,1765627989149,0,3.41,0.6040,0.0,0.00
1765627989.171675,4,684,491,1765627989171,1765627989171,0,3.41,0.4000,0.0,0.00
1765627989.192465,4,685,494,1765627989192,1765627989192,0,3.42,0.0040,0.0,0.00
1765627989.213973,4,686,495,1765627989213,1765627989213,0,3.41,0.0000,0.0,0.00
1765627989.236583,4,687,496,1765627989235,1765627989235,0,3.42,0.0000,0.0,0.00
1765627989.259159,4,688,497,1765627989257,1765627989259,2,3.44,0.0000,0.0,0.00
1765627989.278334,4,689,498,1765627989278,1765627989278,0,3.43,0.0000,0.0,0.00
1765627989.299426,4,690,499,1765627989299,1765627989299,0,3.43,0.8080,0.0,0.00
1765627989.321878,4,691,500,1765627989321,1765627989321,0,3.43,1.6040,0.0,0.00
1765627989.343300,4,692,502,1765627989342,1765627989343,1,3.44,1.2080,0.0,0.00
1765627989.363841,4,693,503,1765627989363,1765627989363,0,3.42,1.0040,0.0,0.00
1765627989.384099,4,694,504,1765627989384,1765627989384,0,3.42,0.8120,0.0,0.00
1765627989.406951,4,695,505,1765627989405,1765627989406,1,3.27,0.4280,0.0,0.00
1765627989.426917,4,696,506,1765627989426,1765627989426,0,3.26,0.2240,0.0,0.00
1765627989.441211,4,697,507,1765627989438,1765627989440,2,3.38,1.0320,0.0,0.00
1765627989.460205,4,698,508,1765627989460,1765627989460,0,3.36,0.8280,0.0,0.00
1765627989.474467,4,699,509,1765627989471,1765627989474,3,3.47,0.6240,0.0,0.00
1765627989.492267,4,700,510,1765627989492,1765627989492,0,3.47,0.4200,0.0,0.00
1765627989.503417,4,701,511,1765627989503,1765627989503,0,3.60,0.4200,0.0,0.00
1765627989.526549,4,702,513,1765627989525,1765627989526,1,3.62,0.0120,0.0,0.00
1765627989.537071,4,703,514,1765627989537,1765627989537,0,3.78,0.0120,0.0,0.00
1765627989.547983,4,704,515,1765627989547,1765627989547,0,3.94,0.0000,0.0,0.00
1765627989.569186,4,705,516,1765627989569,1765627989569,0,3.80,0.0000,0.0,0.00
1765627989.592217,4,706,517,1765627989590,1765627989592,2,3.69,0.0000,0.0,0.00
1765627989.612056,4,707,518,1765627989612,1765627989612,0,3.69,0.8080,0.0,0.00
1765627989.633256,4,708,519,1765627989633,1765627989633,0,3.68,0.6160,0.0,0.00
1765627989.654899,4,709,520,1765627989654,1765627989654,0,3.61,0.2200,0.0,0.00
1765627989.676950,4,710,522,1765627989675,1765627989675,0,3.56,0.0040,0.0,0.00
1765627989.687173,4,711,523,1765627989687,1765627989687,0,3.68,0.0040,0.0,0.00
1765627989.698299,4,712,524,1765627989698,1765627989698,0,3.58,0.0000,0.0,0.00
1765627989.719766,4,713,525,1765627989719,1765627989719,0,3.56,0.0000,0.0,0.00
1765627989.744292,4,714,526,1765627989741,1765627989744,3,3.60,0.0000,0.0,0.00
1765627989.763366,4,715,528,1765627989762,1765627989762,0,3.61,0.7960,0.0,0.00
1765627989.783992,4,716,529,1765627989783,1765627989783,0,3.60,0.5920,0.0,0.00
1765627989.804888,4,717,530,1765627989804,1765627989804,0,3.57,0.4000,0.0,0.00
1765627989.825950,4,718,531,1765627989825,1765627989825,0,3.59,0.0000,0.0,0.00
1765627989.847487,4,719,532,1765627989847,1765627989847,0,3.59,0.0000,0.0,0.00
1765627989.868638,4,720,534,1765627989868,1765627989868,0,3.48,0.0000,0.0,0.00
1765627989.880402,4,721,535,1765627989880,1765627989880,0,3.41,0.0000,0.0,0.00
1765627989.892727,4,722,536,1765627989891,1765627989892,1,3.39,0.0000,0.0,0.00
1765627989.912248,4,723,537,1765627989912,1765627989912,0,3.19,0.7960,0.0,0.00
1765627989.933685,4,724,538,1765627989933,1765627989933,0,3.02,0.5920,0.0,0.00
1765627989.954603,4,725,539,1765627989954,1765627989954,0,3.03,0.3760,0.0,0.00
1765627989.980018,4,726,540,1765627989975,1765627989980,5,3.06,0.0000,0.0,0.00
1765627989.988625,4,727,541,1765627989988,1765627989988,0,3.33,0.0000,0.0,0.00
1765627989.998926,4,728,542,1765627989998,1765627989998,0,3.51,0.0000,0.0,0.00
1765627990.013620,4,729,543,1765627990010,1765627990013,3,3.58,0.0000,0.0,0.00
1765627990.031596,4,730,545,1765627990031,1765627990031,0,3.59,0.0000,0.0,0.00
1765627990.052553,4,731,546,1765627990052,1765627990052,0,3.54,0.0000,0.0,0.00
1765627990.078401,4,732,547,1765627990074,1765627990077,3,3.28,0.6040,0.0,0.00
1765627990.095769,4,733,548,1765627990095,1765627990095,0,3.29,0.4000,0.0,0.00
1765627990.117430,4,734,550,1765627990117,1765627990117,0,3.30,0.2080,0.0,0.00
1765627990.138427,4,735,551,1765627990138,1765627990138,0,3.30,0.0160,0.0,0.00
1765627990.159857,4,736,552,1765627990159,1765627990159,0,3.29,0.0000,0.0,0.00
1765627990.181257,4,737,553,1765627990181,1765627990181,0,3.26,0.0000,0.0,0.00
1765627990.195712,4,738,555,1765627990193,1765627990195,2,3.35,0.7960,0.0,0.00
1765627990.214236,4,739,556,1765627990214,1765627990214,0,3.34,0.6040,0.0,0.00
1765627990.228088,4,740,557,1765627990225,1765627990227,2,3.44,0.4000,0.0,0.00
1765627990.247093,4,741,558,1765627990247,1765627990247,0,3.42,0.2080,0.0,0.00
1765627990.269549,4,742,559,1765627990268,1765627990268,0,3.43,0.0040,0.0,0.00
1765627990.325022,4,743,560,1765627990290,1765627990323,33,3.81,0.0000,0.0,0.00
1765627990.335832,4,744,561,1765627990335,1765627990335,0,3.95,0.0000,0.0,0.00
1765627990.354705,4,745,563,1765627990349,1765627990354,5,3.94,0.7960,0.0,0.00
1765627990.366112,4,746,564,1765627990361,1765627990366,5,4.07,0.5920,0.0,0.00
1765627990.386347,4,747,565,1765627990383,1765627990385,2,4.03,0.3880,0.0,0.00
1765627990.398152,4,748,566,1765627990394,1765627990398,4,4.09,0.1960,0.0,0.00
1765627990.416240,4,749,567,1765627990416,1765627990416,0,4.11,0.0040,0.0,0.00
1765627990.438251,4,750,568,1765627990437,1765627990437,0,4.11,0.0000,0.0,0.00
1765627990.462392,4,751,569,1765627990459,1765627990462,3,4.15,0.0000,0.0,0.00
1765627990.480310,4,752,570,1765627990480,1765627990480,0,4.13,0.7960,0.0,0.00
1765627990.501437,4,753,571,1765627990501,1765627990501,0,4.14,0.5920,0.0,0.00
1765627990.524020,4,754,573,1765627990522,1765627990522,0,4.14,0.3880,0.0,0.00
1765627990.547113,4,755,574,1765627990544,1765627990546,2,4.17,0.0000,0.0,0.00
1765627990.566581,4,756,575,1765627990566,1765627990566,0,4.17,0.0000,0.0,0.00
1765627990.589695,4,757,576,1765627990588,1765627990588,0,4.11,0.0000,0.0,0.00
1765627990.613780,4,758,577,1765627990610,1765627990613,3,4.18,0.0000,0.0,0.00
1765627990.621897,4,759,578,1765627990621,1765627990621,0,4.30,0.0000,0.0,0.00
1765627990.645983,4,760,579,1765627990642,1765627990645,3,4.34,0.6040,0.0,0.00
1765627990.665007,4,761,581,1765627990665,1765627990665,0,4.18,0.4120,0.0,0.00
1765627990.686448,4,762,582,1765627990686,1765627990686,0,4.16,0.2200,0.0,0.00
1765627990.707315,4,763,583,1765627990707,1765627990707,0,4.00,0.0160,0.0,0.00
1765627990.728858,4,764,584,1765627990728,1765627990728,0,3.81,0.0000,0.0,0.00
1765627990.751234,4,765,586,1765627990751,1765627990751,0,3.82,0.0000,0.0,0.00
1765627990.762758,4,766,587,1765627990762,1765627990762,0,3.97,0.0000,0.0,0.00
1765627990.773989,4,767,588,1765627990773,1765627990773,0,4.13,0.0000,0.0,0.00
1765627990.784590,4,768,589,1765627990784,1765627990784,0,4.28,0.0000,0.0,0.00
1765627990.806147,4,769,590,1765627990806,1765627990806,0,4.29,0.7960,0.0,0.00
1765627990.830833,4,770,591,1765627990828,1765627990830,2,4.33,0.4000,0.0,0.00
1765627990.839866,4,771,592,1765627990839,1765627990839,0,4.39,0.4000,0.0,0.00
1765627990.862940,4,772,594,1765627990861,1765627990861,0,4.26,0.9960,0.0,0.00
1765627990.882989,4,773,595,1765627990882,1765627990882,0,4.26,0.7920,0.0,0.00
1765627990.904548,4,774,596,1765627990904,1765627990904,0,4.22,0.6000,0.0,0.00
1765627990.926685,4,775,597,1765627990926,1765627990926,0,4.23,0.2040,0.0,0.00
1765627990.947773,4,776,598,1765627990947,1765627990947,0,4.23,0.0120,0.0,0.00
1765627990.968342,4,777,599,1765627990968,1765627990968,0,4.23,0.0000,0.0,0.00
1765627990.991844,4,778,600,1765627990989,1765627990991,2,4.25,0.0000,0.0,0.00
1765627991.011200,4,779,602,1765627991011,1765627991011,0,4.23,0.0000,0.0,0.00
1765627991.033705,4,780,603,1765627991032,1765627991032,0,4.23,0.0000,0.0,0.00
1765627991.044956,4,781,604,1765627991044,1765627991044,0,4.23,0.8080,0.0,0.00
1765627991.059473,4,782,605,1765627991055,1765627991059,4,4.16,0.6040,0.0,0.00
1765627991.076674,4,783,606,1765627991076,1765627991076,0,4.21,0.4120,0.0,0.00
1765627991.098335,4,784,607,1765627991098,1765627991098,0,4.22,0.2080,0.0,0.00
1765627991.109668,4,785,608,1765627991109,1765627991109,0,4.37,0.0040,0.0,0.00
1765627991.130670,4,786,609,1765627991130,1765627991130,0,4.30,0.0000,0.0,0.00
1765627991.152083,4,787,610,1765627991152,1765627991152,0,4.11,0.0000,0.0,0.00
1765627991.174685,4,788,611,1765627991173,1765627991174,1,3.94,0.0000,0.0,0.00
1765627991.194819,4,789,612,1765627991194,1765627991194,0,3.84,0.0000,0.0,0.00
1765627991.216428,4,790,615,1765627991216,1765627991216,0,3.83,0.7960,0.0,0.00
1765627991.239844,4,791,616,1765627991237,1765627991239,2,3.86,0.4000,0.0,0.00
1765627991.260329,4,792,617,1765627991259,1765627991260,1,3.81,0.1840,0.0,0.00
1765627991.271336,4,793,618,1765627991270,1765627991270,0,3.99,0.1840,0.0,0.00
1765627991.282975,4,794,619,1765627991281,1765627991281,0,4.15,0.0000,0.0,0.00
1765627991.293123,4,795,620,1765627991293,1765627991293,0,4.28,0.0000,0.0,0.00
1765627991.314621,4,796,621,1765627991314,1765627991314,0,4.28,0.0000,0.0,0.00
1765627991.335836,4,797,622,1765627991335,1765627991335,0,4.27,0.8080,0.0,0.00
1765627991.357557,4,798,623,1765627991357,1765627991357,0,4.19,0.4120,0.0,0.00
1765627991.378515,4,799,624,1765627991378,1765627991378,0,4.20,0.2080,0.0,0.00
1765627991.399600,4,800,625,1765627991399,1765627991399,0,4.07,0.0040,0.0,0.00
1765627991.425648,4,801,627,1765627991421,1765627991424,3,4.12,0.0000,0.0,0.00
1765627991.442610,4,802,628,1765627991442,1765627991442,0,4.14,0.0000,0.0,0.00
1765627991.463699,4,803,629,1765627991463,1765627991463,0,3.77,0.0000,0.0,0.00
1765627991.476197,4,804,630,1765627991475,1765627991476,1,3.74,1.0000,0.0,0.00
1765627991.491792,4,805,631,1765627991486,1765627991491,5,3.84,0.8080,0.0,0.00
1765627991.510116,4,806,632,1765627991508,1765627991508,0,3.72,0.6160,0.0,0.00
1765627991.526183,4,807,633,1765627991519,1765627991526,7,3.74,0.4597,0.0,0.00
1765627991.532535,4,808,634,1765627991531,1765627991531,0,3.92,0.8963,0.0,0.00
1765627991.542873,4,809,636,1765627991542,1765627991542,0,4.08,0.6428,0.0,0.00
1765627991.564524,4,810,637,1765627991564,1765627991564,0,4.09,0.4130,0.0,0.00
1765627991.589014,4,811,638,1765627991585,1765627991587,2,4.07,0.0160,0.0,0.00
1765627991.607164,4,812,639,1765627991607,1765627991607,0,4.06,0.0000,0.0,0.00
1765627991.628462,4,813,640,1765627991628,1765627991628,0,4.06,0.0000,0.0,0.00
1765627991.654666,4,814,641,1765627991649,1765627991650,1,4.07,0.0000,0.0,0.00
1765627991.671899,4,815,642,1765627991671,1765627991671,0,4.04,0.0000,0.0,0.00
1765627991.693616,4,816,644,1765627991692,1765627991692,0,4.05,0.0000,0.0,0.00
1765627991.714123,4,817,645,1765627991714,1765627991714,0,4.05,0.0000,0.0,0.00
1765627991.741417,4,818,647,1765627991735,1765627991741,6,4.07,0.5920,0.0,0.00
1765627991.746706,4,819,648,1765627991746,1765627991746,0,4.14,0.5920,0.0,0.00
1765627991.757886,4,820,649,1765627991757,1765627991757,0,4.26,0.3880,0.0,0.00
1765627991.779930,4,821,650,1765627991779,1765627991779,0,4.28,0.1960,0.0,0.00
1765627991.800901,4,822,651,1765627991800,1765627991800,0,4.28,0.0040,0.0,0.00
1765627991.822833,4,823,652,1765627991821,1765627991822,1,4.29,0.0000,0.0,0.00
1765627991.843167,4,824,653,1765627991843,1765627991843,0,4.29,0.0000,0.0,0.00
1765627991.864179,4,825,654,1765627991864,1765627991864,0,4.27,0.0000,0.0,0.00
1765627991.887948,4,826,655,1765627991885,1765627991887,2,4.14,0.0000,0.0,0.00
1765627991.907294,4,827,656,1765627991907,1765627991907,0,3.97,0.0000,0.0,0.00
1765627991.918608,4,828,657,1765627991918,1765627991918,0,3.97,0.0000,0.0,0.00
1765627991.940377,4,829,658,1765627991939,1765627991939,0,3.96,0.8080,0.0,0.00
1765627991.950957,4,830,659,1765627991950,1765627991950,0,4.09,1.2856,0.0,0.00
1765627991.961816,4,831,660,1765627991961,1765627991961,0,4.04,0.9824,0.0,0.00
1765627991.976798,4,832,662,1765627991973,1765627991976,3,4.09,0.6978,0.0,0.00
1765627991.995177,4,833,663,1765627991994,1765627991994,0,4.07,0.4186,0.0,0.00
1765627992.015231,4,834,664,1765627992015,1765627992015,0,4.06,0.1720,0.0,0.00
1765627992.036387,4,835,665,1765627992036,1765627992036,0,4.05,0.0000,0.0,0.00
1765627992.060195,4,836,666,1765627992057,1765627992060,3,4.08,0.0000,0.0,0.00
1765627992.078865,4,837,667,1765627992078,1765627992078,0,4.07,0.0000,0.0,0.00
1765627992.099306,4,838,668,1765627992099,1765627992099,0,4.04,0.0000,0.0,0.00
1765627992.120925,4,839,669,1765627992120,1765627992120,0,4.05,0.0000,0.0,0.00
1765627992.142462,4,840,670,1765627992142,1765627992142,0,4.07,0.5920,0.0,0.00
1765627992.164049,4,841,672,1765627992164,1765627992164,0,3.97,0.3880,0.0,0.00
1765627992.186060,4,842,673,1765627992186,1765627992186,0,3.92,0.1960,0.0,0.00
1765627992.208253,4,843,674,1765627992207,1765627992208,1,3.92,0.0000,0.0,0.00
1765627992.228055,4,844,675,1765627992228,1765627992228,0,3.89,0.0000,0.0,0.00
1765627992.249985,4,845,676,1765627992249,1765627992249,0,3.73,0.0000,0.0,0.00
1765627992.271157,4,846,677,1765627992271,1765627992271,0,3.74,0.0000,0.0,0.00
1765627992.293005,4,847,678,1765627992291,1765627992293,2,3.74,0.7960,0.0,0.00
1765627992.313281,4,848,679,1765627992313,1765627992313,0,3.72,0.5920,0.0,0.00
1765627992.335200,4,849,680,1765627992334,1765627992334,0,3.73,0.3880,0.0,0.00
1765627992.360936,4,850,681,1765627992355,1765627992359,4,3.76,0.0000,0.0,0.00
1765627992.367892,4,851,683,1765627992367,1765627992367,0,3.97,0.0000,0.0,0.00
1765627992.378063,4,852,684,1765627992378,1765627992378,0,4.12,0.0000,0.0,0.00
1765627992.399191,4,853,685,1765627992399,1765627992399,0,3.95,0.0000,0.0,0.00
1765627992.420737,4,854,686,1765627992420,1765627992420,0,3.79,0.0000,0.0,0.00
1765627992.441915,4,855,687,1765627992441,1765627992441,0,3.64,0.0000,0.0,0.00
1765627992.463031,4,856,688,1765627992463,1765627992463,0,3.65,0.0000,0.0,0.00
1765627992.484793,4,857,689,1765627992484,1765627992484,0,3.65,0.0000,0.0,0.00
1765627992.511559,4,858,691,1765627992509,1765627992511,2,3.70,0.0000,0.0,0.00
1765627992.526761,4,859,692,1765627992520,1765627992526,6,3.78,0.0000,0.0,0.00
1765627992.541668,4,860,693,1765627992541,1765627992541,0,3.85,0.0000,0.0,0.00
1765627992.563138,4,861,694,1765627992563,1765627992563,0,3.82,1.0000,0.0,0.00
1765627992.584805,4,862,695,1765627992584,1765627992584,0,3.82,1.8080,0.0,0.00
1765627992.606520,4,863,696,1765627992606,1765627992606,0,3.83,1.4120,0.0,0.00
1765627992.627706,4,864,697,1765627992627,1765627992627,0,3.70,1.2200,0.0,0.00
1765627992.649428,4,865,698,1765627992649,1765627992649,0,3.63,1.0160,0.0,0.00
1765627992.672540,4,866,699,1765627992669,1765627992672,3,3.60,0.6200,0.0,0.00
1765627992.691488,4,867,701,1765627992691,1765627992691,0,3.57,0.4280,0.0,0.00
1765627992.706967,4,868,702,1765627992702,1765627992706,4,3.33,0.2120,0.0,0.00
1765627992.725734,4,869,703,1765627992725,1765627992725,0,3.13,1.0200,0.0,0.00
1765627992.741418,4,870,704,1765627992736,1765627992739,3,3.24,0.8280,0.0,0.00
1765627992.748677,4,871,705,1765627992748,1765627992748,0,3.46,0.8280,0.0,0.00
1765627992.774013,4,872,706,1765627992770,1765627992774,4,3.52,0.4200,0.0,0.00
1765627992.782388,4,873,707,1765627992781,1765627992781,0,3.80,0.4200,0.0,0.00
1765627992.806685,4,874,708,1765627992803,1765627992806,3,3.83,0.0240,0.0,0.00
1765627992.824562,4,875,709,1765627992824,1765627992824,0,3.84,0.0000,0.0,0.00
1765627992.845583,4,876,710,1765627992845,1765627992845,0,3.84,0.0000,0.0,0.00
1765627992.868076,4,877,711,1765627992867,1765627992868,1,3.85,0.0000,0.0,0.00
1765627992.888826,4,878,713,1765627992888,1765627992888,0,3.77,0.5920,0.0,0.00
1765627992.910145,4,879,714,1765627992910,1765627992910,0,3.47,0.3760,0.0,0.00
1765627992.932889,4,880,715,1765627992931,1765627992931,0,3.29,1.1840,0.0,0.00
1765627992.957678,4,881,716,1765627992953,1765627992957,4,3.33,0.7760,0.0,0.00
1765627992.975389,4,882,717,1765627992975,1765627992975,0,3.35,0.5840,0.0,0.00
1765627992.996543,4,883,718,1765627992996,1765627992996,0,3.34,0.3920,0.0,0.00
1765627993.021013,4,884,719,1765627993018,1765627993021,3,3.38,1.0080,0.0,0.00
1765627993.040197,4,885,721,1765627993039,1765627993039,0,3.40,0.8040,0.0,0.00
1765627993.054610,4,886,722,1765627993050,1765627993054,4,3.47,0.6120,0.0,0.00
1765627993.071486,4,887,723,1765627993071,1765627993071,0,3.51,0.4080,0.0,0.00
1765627993.092501,4,888,724,1765627993092,1765627993092,0,3.34,0.2040,0.0,0.00
1765627993.211233,4,889,725,1765627993210,1765627993211,1,4.66,0.0000,0.0,0.00
1765627993.260568,4,890,726,1765627993226,1765627993255,29,5.02,0.0000,0.0,0.00
1765627993.262568,4,891,728,1765627993245,1765627993261,16,5.08,0.0000,0.0,0.00
1765627993.262568,4,892,730,1765627993262,1765627993262,0,5.25,0.0000,0.0,0.00
1765627993.273456,4,893,731,1765627993273,1765627993273,0,5.33,0.0000,0.0,0.00
1765627993.288699,4,894,732,1765627993285,1765627993287,2,5.42,0.8080,0.0,0.00
1765627993.300564,4,895,733,1765627993296,1765627993300,4,5.52,0.6160,0.0,0.00
1765627993.317399,4,896,734,1765627993317,1765627993317,0,5.53,0.4240,0.0,0.00
1765627993.339135,4,897,735,1765627993339,1765627993339,0,5.49,0.2320,0.0,0.00
1765627993.361230,4,898,736,1765627993361,1765627993361,0,5.51,0.0280,0.0,0.00
1765627993.382617,4,899,738,1765627993382,1765627993382,0,5.51,0.0000,0.0,0.00
1765627993.397923,4,900,739,1765627993393,1765627993397,4,5.60,0.0000,0.0,0.00
1765627993.415934,4,901,740,1765627993414,1765627993414,0,5.66,0.0000,0.0,0.00
1765627993.436314,4,902,741,1765627993436,1765627993436,0,5.66,0.0000,0.0,0.00
1765627993.458397,4,903,742,1765627993458,1765627993458,0,5.66,0.0000,0.0,0.00
1765627993.485576,4,904,743,1765627993479,1765627993485,6,5.72,0.5920,0.0,0.00
1765627993.491085,4,905,744,1765627993491,1765627993491,0,6.01,0.5920,0.0,0.00
1765627993.517574,4,906,745,1765627993511,1765627993517,6,6.06,0.1960,0.0,0.00
1765627993.534575,4,907,747,1765627993533,1765627993534,1,6.11,0.0000,0.0,0.00
1765627993.555945,4,908,748,1765627993555,1765627993555,0,6.11,0.0000,0.0,0.00
1765627993.577237,4,909,750,1765627993577,1765627993577,0,6.12,0.0000,0.0,0.00
1765627993.600511,4,910,751,1765627993599,1765627993600,1,6.09,0.8080,0.0,0.00
1765627993.620069,4,911,752,1765627993620,1765627993620,0,5.87,0.6160,0.0,0.00
1765627993.641520,4,912,753,1765627993641,1765627993641,0,5.70,0.4240,0.0,0.00
1765627993.663264,4,913,754,1765627993663,1765627993663,0,5.72,0.0280,0.0,0.00
1765627993.685217,4,914,755,1765627993684,1765627993684,0,5.72,0.0000,0.0,0.00
1765627993.706697,4,915,756,1765627993706,1765627993706,0,5.73,0.0000,0.0,0.00
1765627993.721751,4,916,758,1765627993717,1765627993721,4,5.80,0.0000,0.0,0.00
1765627993.742347,4,917,759,1765627993741,1765627993742,1,5.80,0.0000,0.0,0.00
1765627993.753649,4,918,761,1765627993753,1765627993753,0,5.90,0.7960,0.0,0.00
1765627993.768832,4,919,762,1765627993764,1765627993768,4,5.90,0.5920,0.0,0.00
1765627993.786898,4,920,763,1765627993785,1765627993786,1,5.84,0.3880,0.0,0.00
1765627993.808119,4,921,764,1765627993808,1765627993808,0,5.84,0.1960,0.0,0.00
1765627993.832760,4,922,765,1765627993828,1765627993832,4,5.89,0.0000,0.0,0.00
1765627993.850948,4,923,766,1765627993849,1765627993849,0,5.94,0.0000,0.0,0.00
1765627993.872506,4,924,767,1765627993872,1765627993872,0,5.97,0.0000,0.0,0.00
1765627993.883593,4,925,768,1765627993883,1765627993883,0,6.11,0.0000,0.0,0.00
1765627993.899362,4,926,770,1765627993894,1765627993899,5,6.15,0.0000,0.0,0.00
1765627993.915950,4,927,771,1765627993915,1765627993915,0,6.20,0.0000,0.0,0.00
1765627993.938232,4,928,772,1765627993937,1765627993937,0,6.13,0.0000,0.0,0.00
1765627993.964477,4,929,773,1765627993958,1765627993963,5,6.19,0.0000,0.0,0.00
1765627993.980633,4,930,774,1765627993979,1765627993980,1,6.14,0.0000,0.0,0.00
1765627994.000569,4,931,775,1765627994000,1765627994000,0,5.94,0.0000,0.0,0.00
1765627994.021662,4,932,776,1765627994021,1765627994021,0,5.86,0.0000,0.0,0.00
1765627994.043625,4,933,777,1765627994043,1765627994043,0,5.64,0.0000,0.0,0.00
1765627994.064353,4,934,778,1765627994064,1765627994064,0,5.57,0.0000,0.0,0.00
1765627994.085637,4,935,779,1765627994085,1765627994085,0,5.52,0.0000,0.0,0.00
1765627994.111884,4,936,780,1765627994107,1765627994107,0,5.54,0.0000,0.0,0.00
1765627994.119077,4,937,782,1765627994119,1765627994119,0,5.67,0.0000,0.0,0.00
1765627994.129493,4,938,783,1765627994129,1765627994129,0,5.85,0.0000,0.0,0.00
1765627994.150917,4,939,784,1765627994150,1765627994150,0,5.83,0.8080,0.0,0.00
1765627994.176144,4,940,785,1765627994172,1765627994175,3,5.89,0.4120,0.0,0.00
1765627994.193732,4,941,786,1765627994193,1765627994193,0,5.86,0.2080,0.0,0.00
1765627994.214958,4,942,787,1765627994214,1765627994214,0,5.82,0.0040,0.0,0.00
1765627994.228807,4,943,788,1765627994226,1765627994228,2,5.93,0.0000,0.0,0.00
1765627994.249650,4,944,789,1765627994248,1765627994248,0,5.87,0.0000,0.0,0.00
1765627994.260088,4,945,790,1765627994260,1765627994260,0,5.97,0.0000,0.0,0.00
1765627994.271755,4,946,791,1765627994271,1765627994271,0,6.04,1.0000,0.0,0.00
1765627994.292952,4,947,792,1765627994292,1765627994292,0,5.99,0.6160,0.0,0.00
1765627994.314606,4,948,793,1765627994314,1765627994314,0,6.01,0.4120,0.0,0.00
1765627994.335963,4,949,795,1765627994335,1765627994335,0,4.61,0.2080,0.0,0.00
1765627994.347157,4,950,796,1765627994347,1765627994347,0,4.37,0.0040,0.0,0.00
1765627994.368459,4,951,797,1765627994368,1765627994368,0,4.17,0.0000,0.0,0.00
1765627994.393719,4,952,798,1765627994389,1765627994392,3,3.90,0.0000,0.0,0.00
1765627994.411502,4,953,799,1765627994411,1765627994411,0,3.74,0.0000,0.0,0.00
1765627994.433432,4,954,800,1765627994432,1765627994433,1,3.68,0.0000,0.0,0.00
1765627994.454572,4,955,801,1765627994454,1765627994454,0,3.57,0.0000,0.0,0.00
1765627994.477876,4,956,802,1765627994475,1765627994477,2,3.57,0.0000,0.0,0.00
1765627994.497772,4,957,803,1765627994496,1765627994496,0,3.54,0.7960,0.0,0.00
1765627994.513778,4,958,804,1765627994510,1765627994512,2,3.57,0.6040,0.0,0.00
1765627994.521218,4,959,805,1765627994521,1765627994521,0,3.75,0.6040,0.0,0.00
1765627994.544894,4,960,807,1765627994542,1765627994544,2,3.72,0.2080,0.0,0.00
1765627994.563881,4,961,808,1765627994563,1765627994563,0,3.68,0.0160,0.0,0.00
1765627994.585476,4,962,809,1765627994585,1765627994585,0,3.68,0.0000,0.0,0.00
1765627994.596596,4,963,810,1765627994596,1765627994596,0,3.81,0.0000,0.0,0.00
1765627994.618335,4,964,811,1765627994617,1765627994617,0,3.74,0.0000,0.0,0.00
1765627994.641434,4,965,812,1765627994639,1765627994641,2,3.53,0.6040,0.0,0.00
1765627994.660576,4,966,813,1765627994660,1765627994660,0,3.44,0.4000,0.0,0.00
1765627994.681841,4,967,814,1765627994681,1765627994681,0,3.42,0.1960,0.0,0.00
1765627994.703653,4,968,815,1765627994703,1765627994703,0,3.44,0.0000,0.0,0.00
1765627994.716019,4,969,817,1765627994716,1765627994716,0,3.52,0.0000,0.0,0.00
1765627994.728361,4,970,818,1765627994726,1765627994726,0,3.67,0.0000,0.0,0.00
1765627994.737998,4,971,819,1765627994737,1765627994737,0,3.82,0.0000,0.0,0.00
1765627994.759222,4,972,820,1765627994759,1765627994759,0,3.83,0.0000,0.0,0.00
1765627994.770336,4,973,821,1765627994770,1765627994770,0,3.95,0.0000,0.0,0.00
1765627994.792347,4,974,822,1765627994791,1765627994792,1,3.96,0.0000,0.0,0.00
1765627994.812529,4,975,823,1765627994812,1765627994812,0,3.93,0.7960,0.0,0.00
1765627994.834548,4,976,824,1765627994834,1765627994834,0,3.90,0.5920,0.0,0.00
1765627994.859460,4,977,825,1765627994855,1765627994859,4,3.95,0.1960,0.0,0.00
1765627994.877130,4,978,826,1765627994877,1765627994877,0,3.80,0.0040,0.0,0.00
1765627994.898341,4,979,828,1765627994898,1765627994898,0,3.75,0.0000,0.0,0.00
1765627994.920460,4,980,829,1765627994919,1765627994919,0,3.76,0.0000,0.0,0.00
1765627994.931935,4,981,830,1765627994930,1765627994930,0,3.89,0.0000,0.0,0.00
1765627994.945908,4,982,831,1765627994942,1765627994945,3,3.90,0.0000,0.0,0.00
1765627994.953218,4,983,832,1765627994953,1765627994953,0,4.09,0.0000,0.0,0.00
1765627994.964946,4,984,833,1765627994964,1765627994964,0,4.19,0.7960,0.0,0.00
1765627994.977025,4,985,834,1765627994975,1765627994977,2,4.15,0.4080,0.0,0.00
1765627994.997081,4,986,835,1765627994997,1765627994997,0,4.12,0.2040,0.0,0.00
1765627995.011183,4,987,836,1765627995008,1765627995011,3,4.16,0.0000,0.0,0.00
1765627995.029631,4,988,837,1765627995029,1765627995029,0,4.12,0.0000,0.0,0.00
1765627995.050448,4,989,838,1765627995050,1765627995050,0,4.06,0.0000,0.0,0.00
1765627995.072125,4,990,840,1765627995072,1765627995072,0,4.08,0.0000,0.0,0.00
1765627995.094716,4,991,841,1765627995092,1765627995094,2,4.10,0.0000,0.0,0.00
1765627995.114163,4,992,842,1765627995114,1765627995114,0,4.09,0.0000,0.0,0.00
1765627995.136936,4,993,843,1765627995135,1765627995135,0,4.08,0.8080,0.0,0.00
1765627995.160377,4,994,844,1765627995157,1765627995160,3,4.13,0.4000,0.0,0.00
1765627995.180068,4,995,845,1765627995178,1765627995180,2,4.12,0.1960,0.0,0.00
1765627995.190367,4,996,846,1765627995190,1765627995190,0,4.24,0.1960,0.0,0.00
1765627995.212804,4,997,847,1765627995211,1765627995212,1,4.16,0.0000,0.0,0.00
1765627995.233762,4,998,848,1765627995233,1765627995233,0,4.01,0.0000,0.0,0.00
1765627995.254698,4,999,850,1765627995254,1765627995254,0,4.01,0.0000,0.0,0.00
1765627995.278004,4,1000,852,1765627995275,1765627995278,3,4.00,0.0000,0.0,0.00
1765627995.288360,4,1001,853,1765627995287,1765627995287,0,4.20,0.0000,0.0,0.00
1765627995.298604,4,1002,854,1765627995298,1765627995298,0,4.32,0.0000,0.0,0.00
1765627995.319672,4,1003,855,1765627995319,1765627995319,0,4.26,0.0000,0.0,0.00
1765627995.343697,4,1004,856,1765627995341,1765627995343,2,4.31,0.0000,0.0,0.00
1765627995.362453,4,1005,857,1765627995362,1765627995362,0,4.18,0.0000,0.0,0.00
1765627995.384001,4,1006,859,1765627995384,1765627995384,0,4.05,0.0000,0.0,0.00
1765627995.405247,4,1007,860,1765627995405,1765627995405,0,4.05,0.0000,0.0,0.00
1765627995.427153,4,1008,862,1765627995426,1765627995427,1,4.05,0.6040,0.0,0.00
1765627995.447469,4,1009,863,1765627995447,1765627995447,0,4.04,0.3880,0.0,0.00
1765627995.462404,4,1010,864,1765627995458,1765627995462,4,3.97,0.1840,0.0,0.00
1765627995.479829,4,1011,865,1765627995479,1765627995479,0,3.98,0.0000,0.0,0.00
1765627995.501616,4,1012,866,1765627995501,1765627995501,0,3.96,0.0000,0.0,0.00
1765627995.528118,4,1013,867,1765627995523,1765627995528,5,4.04,0.0000,0.0,0.00
1765627995.544860,4,1014,868,1765627995544,1765627995544,0,4.06,0.0000,0.0,0.00
1765627995.565959,4,1015,869,1765627995565,1765627995565,0,4.06,0.0000,0.0,0.00
1765627995.587060,4,1016,870,1765627995587,1765627995587,0,4.05,0.0000,0.0,0.00
1765627995.613483,4,1017,871,1765627995609,1765627995613,4,4.13,0.0000,0.0,0.00
1765627995.620675,4,1018,873,1765627995620,1765627995620,0,4.33,0.0000,0.0,0.00
1765627995.642913,4,1019,874,1765627995641,1765627995642,1,4.16,0.0000,0.0,0.00
1765627995.663849,4,1020,875,1765627995663,1765627995663,0,4.13,0.0000,0.0,0.00
1765627995.677557,4,1021,876,1765627995675,1765627995677,2,4.23,0.0000,0.0,0.00
1765627995.695694,4,1022,877,1765627995695,1765627995695,0,4.20,0.0000,0.0,0.00
1765627995.716973,4,1023,878,1765627995716,1765627995716,0,4.07,0.0000,0.0,0.00
1765627995.741687,4,1024,879,1765627995738,1765627995741,3,4.11,0.0000,0.0,0.00
1765627995.759334,4,1025,880,1765627995759,1765627995759,0,4.06,0.8080,0.0,0.00
1765627995.780416,4,1026,881,1765627995780,1765627995780,0,4.09,0.6160,0.0,0.00
1765627995.801797,4,1027,882,1765627995801,1765627995801,0,4.09,0.4120,0.0,0.00
1765627995.823155,4,1028,884,1765627995823,1765627995823,0,4.09,0.0160,0.0,0.00
1765627995.844622,4,1029,885,1765627995844,1765627995844,0,3.99,0.0000,0.0,0.00
1765627995.866132,4,1030,886,1765627995866,1765627995866,0,3.83,0.0000,0.0,0.00
1765627995.888977,4,1031,887,1765627995886,1765627995888,2,3.69,0.0000,0.0,0.00
1765627995.908141,4,1032,888,1765627995908,1765627995908,0,3.67,0.0000,0.0,0.00
1765627995.929471,4,1033,889,1765627995929,1765627995929,0,3.50,0.0000,0.0,0.00
1765627995.954730,4,1034,890,1765627995950,1765627995954,4,3.53,0.0000,0.0,0.00
1765627995.974952,4,1035,892,1765627995973,1765627995974,1,3.53,0.7840,0.0,0.00
1765627995.990412,4,1036,893,1765627995985,1765627995990,5,3.58,0.5800,0.0,0.00
1765627996.009375,4,1037,895,1765627996007,1765627996008,1,3.54,0.3880,0.0,0.00
1765627996.028033,4,1038,896,1765627996028,1765627996028,0,3.52,0.1960,0.0,0.00
1765627996.049679,4,1039,897,1765627996049,1765627996049,0,3.52,0.0000,0.0,0.00
1765627996.071877,4,1040,898,1765627996070,1765627996071,1,3.53,0.0000,0.0,0.00
1765627996.092216,4,1041,899,1765627996092,1765627996092,0,3.37,0.0000,0.0,0.00
1765627996.103882,4,1042,900,1765627996103,1765627996103,0,3.46,0.0000,0.0,0.00
1765627996.125834,4,1043,902,1765627996124,1765627996124,0,3.21,1.8080,0.0,0.00
1765627996.137099,4,1044,903,1765627996135,1765627996137,2,3.16,1.6040,0.0,0.00
1765627996.157081,4,1045,904,1765627996157,1765627996157,0,3.01,1.4120,0.0,0.00
1765627996.178948,4,1046,906,1765627996178,1765627996178,0,3.02,1.2080,0.0,0.00
1765627996.191225,4,1047,907,1765627996190,1765627996190,0,3.07,1.0040,0.0,0.00
1765627996.206795,4,1048,908,1765627996201,1765627996205,4,3.14,0.8000,0.0,0.00
1765627996.223855,4,1049,909,1765627996223,1765627996223,0,3.16,0.5960,0.0,0.00
1765627996.233971,4,1050,910,1765627996233,1765627996233,0,3.35,0.5960,0.0,0.00
1765627996.245095,4,1051,911,1765627996245,1765627996245,0,3.49,0.3920,0.0,0.00
1765627996.266301,4,1052,912,1765627996266,1765627996266,0,3.50,0.1880,0.0,0.00
1765627996.288815,4,1053,913,1765627996287,1765627996287,0,3.50,0.6160,0.0,0.00
1765627996.309123,4,1054,914,1765627996309,1765627996309,0,3.47,0.4120,0.0,0.00
1765627996.330465,4,1055,915,1765627996330,1765627996330,0,3.48,0.1960,0.0,0.00
1765627996.341682,4,1056,916,1765627996341,1765627996341,0,3.46,0.0000,0.0,0.00
1765627996.362566,4,1057,918,1765627996362,1765627996362,0,3.44,0.0000,0.0,0.00
1765627996.375026,4,1058,919,1765627996373,1765627996373,0,3.60,0.0000,0.0,0.00
1765627996.395305,4,1059,920,1765627996395,1765627996395,0,3.61,0.0000,0.0,0.00
1765627996.416633,4,1060,921,1765627996416,1765627996416,0,3.58,0.0000,0.0,0.00
1765627996.439000,4,1061,922,1765627996437,1765627996437,0,3.38,0.0000,0.0,0.00
1765627996.459040,4,1062,923,1765627996459,1765627996459,0,3.22,0.0000,0.0,0.00
1765627996.481249,4,1063,924,1765627996480,1765627996480,0,3.22,0.0000,0.0,0.00
1765627996.502259,4,1064,925,1765627996502,1765627996502,0,3.20,0.0000,0.0,0.00
1765627996.526226,4,1065,927,1765627996524,1765627996526,2,3.24,0.0000,0.0,0.00
1765627996.545507,4,1066,928,1765627996545,1765627996545,0,3.22,0.0000,0.0,0.00
1765627996.566995,4,1067,929,1765627996566,1765627996566,0,3.22,0.0000,0.0,0.00
1765627996.591032,4,1068,930,1765627996588,1765627996589,1,3.23,0.0000,0.0,0.00
1765627996.609488,4,1069,932,1765627996609,1765627996609,0,3.23,0.0000,0.0,0.00
1765627996.630961,4,1070,933,1765627996630,1765627996630,0,3.15,0.0000,0.0,0.00
1765627996.651741,4,1071,934,1765627996651,1765627996651,0,3.10,0.0000,0.0,0.00
1765627996.673868,4,1072,935,1765627996673,1765627996673,0,3.10,0.0000,0.0,0.00
1765627996.694889,4,1073,936,1765627996694,1765627996694,0,3.05,0.0000,0.0,0.00
1765627996.709658,4,1074,937,1765627996706,1765627996709,3,3.07,0.7960,0.0,0.00
1765627996.727726,4,1075,938,1765627996727,1765627996727,0,3.09,0.5920,0.0,0.00
1765627996.749289,4,1076,939,1765627996749,1765627996749,0,3.09,0.3880,0.0,0.00
1765627996.773416,4,1077,941,1765627996771,1765627996773,2,3.07,0.0040,0.0,0.00
1765627996.782698,4,1078,942,1765627996782,1765627996782,0,3.02,0.0040,0.0,0.00
1765627996.807220,4,1079,944,1765627996804,1765627996807,3,3.05,0.0000,0.0,0.00
1765627996.825306,4,1080,945,1765627996825,1765627996825,0,3.07,0.0000,0.0,0.00
1765627996.838982,4,1081,946,1765627996836,1765627996838,2,3.09,0.0000,0.0,0.00
1765627996.857725,4,1082,947,1765627996857,1765627996857,0,3.07,0.7960,0.0,0.00
1765627996.878862,4,1083,948,1765627996878,1765627996878,0,3.07,0.6040,0.0,0.00
1765627996.900073,4,1084,949,1765627996900,1765627996900,0,3.03,0.4120,0.0,0.00
1765627996.922088,4,1085,950,1765627996922,1765627996922,0,3.03,0.0280,0.0,0.00
1765627996.932742,4,1086,951,1765627996932,1765627996932,0,3.23,0.0280,0.0,0.00
1765627996.945130,4,1087,952,1765627996944,1765627996945,1,3.34,0.0000,0.0,0.00
1765627996.957542,4,1088,953,1765627996955,1765627996957,2,3.47,0.0000,0.0,0.00
1765627996.977679,4,1089,954,1765627996976,1765627996976,0,3.45,0.0000,0.0,0.00
1765627996.998525,4,1090,956,1765627996997,1765627996998,1,3.45,0.0000,0.0,0.00
1765627997.021427,4,1091,957,1765627997019,1765627997021,2,3.46,0.0000,0.0,0.00
1765627997.040249,4,1092,958,1765627997040,1765627997040,0,3.45,0.0000,0.0,0.00
1765627997.061818,4,1093,959,1765627997061,1765627997061,0,3.45,0.0000,0.0,0.00
1765627997.088906,4,1094,960,1765627997083,1765627997087,4,3.46,0.0000,0.0,0.00
1765627997.105140,4,1095,961,1765627997105,1765627997105,0,3.47,0.7960,0.0,0.00
1765627997.126653,4,1096,962,1765627997126,1765627997126,0,3.42,0.6040,0.0,0.00
1765627997.147963,4,1097,963,1765627997147,1765627997147,0,3.42,0.4000,0.0,0.00
1765627997.170462,4,1098,964,1765627997168,1765627997168,0,3.43,0.0040,0.0,0.00
1765627997.189977,4,1099,965,1765627997189,1765627997189,0,3.43,0.0000,0.0,0.00
1765627997.211515,4,1100,967,1765627997211,1765627997211,0,3.43,0.0000,0.0,0.00
1765627997.234922,4,1101,968,1765627997232,1765627997234,2,3.46,0.0000,0.0,0.00
1765627997.244234,4,1102,969,1765627997244,1765627997244,0,3.48,0.0000,0.0,0.00
1765627997.266440,4,1103,971,1765627997265,1765627997266,1,3.49,0.0000,0.0,0.00
1765627997.286472,4,1104,972,1765627997286,1765627997286,0,3.37,0.0000,0.0,0.00
1765627997.308336,4,1105,973,1765627997307,1765627997307,0,3.38,0.0000,0.0,0.00
1765627997.328693,4,1106,974,1765627997328,1765627997328,0,3.38,0.0000,0.0,0.00
1765627997.350124,4,1107,975,1765627997350,1765627997350,0,3.26,0.0000,0.0,0.00
1765627997.371017,4,1108,976,1765627997371,1765627997371,0,3.17,0.0000,0.0,0.00
1765627997.392433,4,1109,978,1765627997392,1765627997392,0,3.16,0.0000,0.0,0.00
1765627997.418748,4,1110,979,1765627997413,1765627997418,5,2.99,0.0000,0.0,0.00
1765627997.436268,4,1111,980,1765627997435,1765627997435,0,2.87,0.7960,0.0,0.00
1765627997.457496,4,1112,981,1765627997456,1765627997456,0,2.87,0.6040,0.0,0.00
1765627997.477596,4,1113,982,1765627997477,1765627997477,0,2.87,0.4000,0.0,0.00
1765627997.501661,4,1114,983,1765627997498,1765627997500,2,2.88,0.0000,0.0,0.00
1765627997.520073,4,1115,984,1765627997520,1765627997520,0,2.87,0.0000,0.0,0.00
1765627997.542736,4,1116,985,1765627997542,1765627997542,0,2.68,0.0000,0.0,0.00
1765627997.553477,4,1117,986,1765627997552,1765627997552,0,2.91,0.0000,0.0,0.00
1765627997.574737,4,1118,988,1765627997574,1765627997574,0,2.71,0.0000,0.0,0.00
1765627997.585530,4,1119,989,1765627997585,1765627997585,0,2.91,0.0000,0.0,0.00
1765627997.606917,4,1120,990,1765627997606,1765627997606,0,2.91,0.0000,0.0,0.00
1765627997.628301,4,1121,991,1765627997628,1765627997628,0,2.91,0.0000,0.0,0.00
1765627997.651011,4,1122,992,1765627997650,1765627997651,1,2.92,0.6160,0.0,0.00
1765627997.661541,4,1123,993,1765627997661,1765627997661,0,3.14,0.6160,0.0,0.00
1765627997.684654,4,1124,994,1765627997682,1765627997682,0,3.13,0.2080,0.0,0.00
1765627997.703705,4,1125,995,1765627997703,1765627997703,0,3.10,0.0160,0.0,0.00
1765627997.726048,4,1126,996,1765627997726,1765627997726,0,3.12,0.0000,0.0,0.00
1765627997.752759,4,1127,998,1765627997748,1765627997752,4,3.17,0.7960,0.0,0.00
1765627997.769053,4,1128,999,1765627997769,1765627997769,0,3.20,0.5920,0.0,0.00
1765627997.790479,4,1129,1000,1765627997790,1765627997790,0,3.21,0.4000,0.0,0.00
1765627997.801696,4,1130,1001,1765627997801,1765627997801,0,3.39,0.1960,0.0,0.00
1765627997.887482,4,1131,1002,1765627997882,1765627997886,4,4.11,0.0200,0.0,0.00
1765627997.894425,4,1132,1003,1765627997894,1765627997894,0,4.36,0.0000,0.0,0.00
1765627997.914154,4,1133,1004,1765627997906,1765627997913,7,4.38,0.0000,0.0,0.00
1765627997.919680,4,1134,1005,1765627997918,1765627997919,1,4.56,0.0000,0.0,0.00
1765627997.930727,4,1135,1007,1765627997929,1765627997930,1,4.71,0.0000,0.0,0.00
1765627997.951771,4,1136,1008,1765627997951,1765627997951,0,4.69,0.0000,0.0,0.00
1765627997.974754,4,1137,1009,1765627997972,1765627997974,2,4.68,0.0000,0.0,0.00
1765627997.993085,4,1138,1010,1765627997993,1765627997993,0,4.47,0.0000,0.0,0.00
1765627998.015267,4,1139,1011,1765627998014,1765627998015,1,4.44,0.8080,0.0,0.00
1765627998.026459,4,1140,1012,1765627998025,1765627998026,1,4.58,0.6160,0.0,0.00
1765627998.047569,4,1141,1013,1765627998047,1765627998047,0,4.44,0.4240,0.0,0.00
1765627998.058705,4,1142,1014,1765627998058,1765627998058,0,4.61,0.2320,0.0,0.00
1765627998.079939,4,1143,1015,1765627998079,1765627998079,0,4.61,0.0400,0.0,0.00
1765627998.106936,4,1144,1016,1765627998101,1765627998105,4,4.66,0.0000,0.0,0.00
1765627998.125688,4,1145,1018,1765627998122,1765627998125,3,4.64,0.0000,0.0,0.00
1765627998.133865,4,1146,1019,1765627998133,1765627998133,0,4.68,0.0000,0.0,0.00
1765627998.145172,4,1147,1020,1765627998144,1765627998145,1,4.70,0.0000,0.0,0.00
1765627998.165678,4,1148,1021,1765627998165,1765627998165,0,4.54,0.0000,0.0,0.00
1765627998.190289,4,1149,1022,1765627998187,1765627998190,3,4.57,0.7960,0.0,0.00
1765627998.208619,4,1150,1023,1765627998208,1765627998208,0,4.59,0.6040,0.0,0.00
1765627998.229222,4,1151,1024,1765627998229,1765627998229,0,4.57,0.4000,0.0,0.00
1765627998.250814,4,1152,1025,1765627998250,1765627998250,0,4.56,0.2080,0.0,0.00
1765627998.271795,4,1153,1026,1765627998271,1765627998271,0,4.56,0.0000,0.0,0.00
1765627998.293879,4,1154,1028,1765627998293,1765627998293,0,4.51,0.0000,0.0,0.00
1765627998.315221,4,1155,1029,1765627998314,1765627998315,1,4.48,0.7960,0.0,0.00
1765627998.335973,4,1156,1030,1765627998335,1765627998335,0,4.48,0.5920,0.0,0.00
1765627998.359052,4,1157,1031,1765627998357,1765627998359,2,4.51,0.1840,0.0,0.00
1765627998.379604,4,1158,1032,1765627998378,1765627998379,1,4.51,0.0000,0.0,0.00
1765627998.399994,4,1159,1033,1765627998399,1765627998399,0,4.50,0.0000,0.0,0.00
1765627998.423555,4,1160,1034,1765627998421,1765627998423,2,4.53,0.0000,0.0,0.00
1765627998.442844,4,1161,1035,1765627998442,1765627998442,0,4.51,0.0000,0.0,0.00
1765627998.463864,4,1162,1036,1765627998463,1765627998463,0,4.32,0.0000,0.0,0.00
1765627998.485378,4,1163,1037,1765627998484,1765627998485,1,4.32,0.0000,0.0,0.00
1765627998.506807,4,1164,1039,1765627998506,1765627998506,0,4.32,0.8080,0.0,0.00
1765627998.517942,4,1165,1040,1765627998517,1765627998517,0,4.50,0.8080,0.0,0.00
1765627998.541106,4,1166,1041,1765627998539,1765627998539,0,4.51,0.4120,0.0,0.00
1765627998.561183,4,1167,1042,1765627998561,1765627998561,0,4.51,0.7800,0.0,0.00
1765627998.582605,4,1168,1043,1765627998582,1765627998582,0,4.51,0.5760,0.0,0.00
1765627998.605286,4,1169,1044,1765627998603,1765627998605,2,4.54,0.1800,0.0,0.00
1765627998.625469,4,1170,1045,1765627998624,1765627998624,0,4.48,0.0000,0.0,0.00
1765627998.646223,4,1171,1046,1765627998646,1765627998646,0,4.45,0.0000,0.0,0.00
1765627998.670457,4,1172,1047,1765627998667,1765627998670,3,4.49,0.0000,0.0,0.00
1765627998.688761,4,1173,1049,1765627998688,1765627998688,0,4.52,0.0000,0.0,0.00
1765627998.704392,4,1174,1050,1765627998700,1765627998703,3,4.58,0.0000,0.0,0.00
1765627998.722307,4,1175,1051,1765627998722,1765627998722,0,4.60,0.8080,0.0,0.00
1765627998.742878,4,1176,1052,1765627998742,1765627998742,0,4.57,0.6040,0.0,0.00
1765627998.764255,4,1177,1053,1765627998764,1765627998764,0,4.41,0.4000,0.0,0.00
1765627998.788113,4,1178,1054,1765627998786,1765627998788,2,4.44,0.0040,0.0,0.00
1765627998.807401,4,1179,1055,1765627998807,1765627998807,0,4.28,0.0000,0.0,0.00
1765627998.818851,4,1180,1056,1765627998818,1765627998818,0,4.45,0.0000,0.0,0.00
1765627998.839814,4,1181,1057,1765627998839,1765627998839,0,4.43,0.0000,0.0,0.00
1765627998.861612,4,1182,1058,1765627998861,1765627998861,0,4.42,0.8080,0.0,0.00
1765627998.886435,4,1183,1060,1765627998882,1765627998886,4,4.29,0.4000,0.0,0.00
1765627998.903547,4,1184,1061,1765627998903,1765627998903,0,4.35,0.2080,0.0,0.00
1765627998.924911,4,1185,1062,1765627998924,1765627998924,0,4.35,0.0040,0.0,0.00
1765627998.946634,4,1186,1063,1765627998946,1765627998946,0,4.33,0.0000,0.0,0.00
1765627998.968875,4,1187,1064,1765627998968,1765627998968,0,4.27,0.0000,0.0,0.00
1765627998.989512,4,1188,1065,1765627998989,1765627998989,0,4.22,0.0000,0.0,0.00
1765627999.010810,4,1189,1066,1765627999010,1765627999010,0,4.22,0.0000,0.0,0.00
1765627999.035794,4,1190,1067,1765627999032,1765627999035,3,4.11,0.5920,0.0,0.00
1765627999.043378,4,1191,1068,1765627999043,1765627999043,0,3.56,0.5920,0.0,0.00
1765627999.066287,4,1192,1069,1765627999066,1765627999066,0,3.34,0.1840,0.0,0.00
1765627999.079900,4,1193,1071,1765627999077,1765627999078,1,3.50,0.1840,0.0,0.00
1765627999.102615,4,1194,1072,1765627999099,1765627999102,3,3.23,0.0000,0.0,0.00
1765627999.120343,4,1195,1073,1765627999120,1765627999120,0,3.07,0.0000,0.0,0.00
1765627999.142066,4,1196,1074,1765627999142,1765627999142,0,3.08,0.0000,0.0,0.00
1765627999.167173,4,1197,1075,1765627999163,1765627999167,4,3.10,0.6040,0.0,0.00
1765627999.185302,4,1198,1076,1765627999185,1765627999185,0,3.12,0.4120,0.0,0.00
1765627999.206720,4,1199,1077,1765627999206,1765627999206,0,3.11,0.2200,0.0,0.00
1765627999.228006,4,1200,1078,1765627999228,1765627999228,0,2.93,0.0280,0.0,0.00
1765627999.249753,4,1201,1080,1765627999249,1765627999249,0,2.93,0.0000,0.0,0.00
1765627999.270169,4,1202,1081,1765627999270,1765627999270,0,2.75,0.0000,0.0,0.00
1765627999.293538,4,1203,1083,1765627999292,1765627999292,0,2.76,0.0000,0.0,0.00
1765627999.304081,4,1204,1084,1765627999304,1765627999304,0,2.86,0.0000,0.0,0.00
1765627999.318712,4,1205,1085,1765627999314,1765627999317,3,3.02,0.7960,0.0,0.00
1765627999.336314,4,1206,1086,1765627999336,1765627999336,0,2.77,0.6040,0.0,0.00
1765627999.358581,4,1207,1087,1765627999358,1765627999358,0,2.63,0.4000,0.0,0.00
1765627999.379452,4,1208,1088,1765627999379,1765627999379,0,2.63,1.0190,0.0,0.00
1765627999.400571,4,1209,1089,1765627999400,1765627999400,0,2.58,0.6040,0.0,0.00
1765627999.421747,4,1210,1090,1765627999421,1765627999421,0,2.54,0.4120,0.0,0.00
1765627999.443447,4,1211,1092,1765627999443,1765627999443,0,2.56,0.2080,0.0,0.00
1765627999.467050,4,1212,1093,1765627999464,1765627999467,3,2.59,0.7960,0.0,0.00
1765627999.475693,4,1213,1094,1765627999475,1765627999475,0,2.85,0.7960,0.0,0.00
1765627999.500756,4,1214,1095,1765627999497,1765627999500,3,2.88,0.4000,0.0,0.00
1765627999.518435,4,1215,1096,1765627999518,1765627999518,0,2.90,0.2080,0.0,0.00
1765627999.540070,4,1216,1097,1765627999540,1765627999540,0,2.93,0.0160,0.0,0.00
1765627999.551844,4,1217,1098,1765627999550,1765627999550,0,3.10,0.0000,0.0,0.00
1765627999.572840,4,1218,1099,1765627999572,1765627999572,0,3.13,0.0000,0.0,0.00
1765627999.585831,4,1219,1101,1765627999583,1765627999585,2,3.28,0.0000,0.0,0.00
1765627999.595041,4,1220,1102,1765627999595,1765627999595,0,3.44,0.0000,0.0,0.00
1765627999.616340,4,1221,1103,1765627999616,1765627999616,0,3.44,0.0000,0.0,0.00
1765627999.637413,4,1222,1104,1765627999637,1765627999637,0,3.44,0.7960,0.0,0.00
1765627999.658449,4,1223,1105,1765627999658,1765627999658,0,3.43,0.6040,0.0,0.00
1765627999.679250,4,1224,1106,1765627999679,1765627999679,0,3.43,0.4000,0.0,0.00
1765627999.701234,4,1225,1107,1765627999701,1765627999701,0,3.26,0.0160,0.0,0.00
1765627999.722980,4,1226,1108,1765627999722,1765627999722,0,3.25,1.0000,0.0,0.00
1765627999.744041,4,1227,1109,1765627999744,1765627999744,0,3.25,0.7960,0.0,0.00
1765627999.768929,4,1228,1111,1765627999765,1765627999767,2,3.27,0.3880,0.0,0.00
1765627999.787363,4,1229,1113,1765627999787,1765627999787,0,3.24,1.1960,0.0,0.00
1765627999.800620,4,1230,1114,1765627999798,1765627999800,2,3.38,0.9920,0.0,0.00
1765627999.810481,4,1231,1115,1765627999809,1765627999809,0,3.59,0.9920,0.0,0.00
1765627999.823214,4,1232,1116,1765627999821,1765627999821,0,3.69,0.8000,0.0,0.00
1765627999.843408,4,1233,1117,1765627999843,1765627999843,0,3.70,0.5960,0.0,0.00
1765627999.867428,4,1234,1118,1765627999864,1765627999867,3,3.65,0.1880,0.0,0.00
1765627999.886518,4,1235,1119,1765627999886,1765627999886,0,3.65,0.0000,0.0,0.00
1765627999.907997,4,1236,1120,1765627999907,1765627999907,0,3.66,0.0000,0.0,0.00
1765627999.933465,4,1237,1121,1765627999929,1765627999929,0,3.66,0.0000,0.0,0.00
1765627999.952348,4,1238,1123,1765627999950,1765627999952,2,3.65,0.0000,0.0,0.00
1765627999.971765,4,1239,1124,1765627999971,1765627999971,0,3.65,0.0000,0.0,0.00
1765627999.993057,4,1240,1125,1765627999993,1765627999993,0,3.48,0.0000,0.0,0.00
1765628000.019665,4,1241,1126,1765628000015,1765628000018,3,3.52,0.0000,0.0,0.00
1765628000.027423,4,1242,1127,1765628000026,1765628000026,0,3.76,0.0000,0.0,0.00
1765628000.038167,4,1243,1128,1765628000037,1765628000038,1,3.87,0.0000,0.0,0.00
1765628000.051032,4,1244,1129,1765628000048,1765628000051,3,3.96,0.7960,0.0,0.00
1765628000.069364,4,1245,1130,1765628000069,1765628000069,0,3.96,0.5920,0.0,0.00
1765628000.090554,4,1246,1131,1765628000090,1765628000090,0,3.95,0.6240,0.0,0.00
1765628000.111873,4,1247,1132,1765628000111,1765628000111,0,3.94,0.4320,0.0,0.00
1765628000.134975,4,1248,1133,1765628000132,1765628000133,1,3.95,0.0240,0.0,0.00
1765628000.153601,4,1249,1134,1765628000153,1765628000153,0,3.94,0.0000,0.0,0.00
1765628000.175078,4,1250,1136,1765628000175,1765628000175,0,3.90,0.0000,0.0,0.00
1765628000.196869,4,1251,1137,1765628000195,1765628000195,0,3.67,0.0000,0.0,0.00
1765628000.217265,4,1252,1138,1765628000217,1765628000217,0,3.66,0.6040,0.0,0.00
1765628000.238500,4,1253,1139,1765628000238,1765628000238,0,3.51,0.4120,0.0,0.00
1765628000.260553,4,1254,1140,1765628000259,1765628000259,0,3.48,0.2080,0.0,0.00
1765628000.286137,4,1255,1141,1765628000280,1765628000286,6,3.53,0.0000,0.0,0.00
1765628000.302226,4,1256,1142,1765628000302,1765628000302,0,3.58,0.0000,0.0,0.00
1765628000.323488,4,1257,1143,1765628000323,1765628000323,0,3.54,0.0000,0.0,0.00
1765628000.344870,4,1258,1144,1765628000344,1765628000344,0,3.52,0.0000,0.0,0.00
1765628000.366271,4,1259,1146,1765628000366,1765628000366,0,3.53,0.6040,0.0,0.00
1765628000.388036,4,1260,1147,1765628000388,1765628000388,0,3.53,0.4000,0.0,0.00
1765628000.409600,4,1261,1148,1765628000409,1765628000409,0,3.53,0.1960,0.0,0.00
1765628000.433752,4,1262,1149,1765628000430,1765628000433,3,3.56,0.0000,0.0,0.00
1765628000.452286,4,1263,1150,1765628000452,1765628000452,0,3.54,0.0000,0.0,0.00
1765628000.473947,4,1264,1151,1765628000472,1765628000472,0,3.38,0.0000,0.0,0.00
1765628000.484174,4,1265,1152,1765628000484,1765628000484,0,3.40,0.0000,0.0,0.00
1765628000.505447,4,1266,1153,1765628000505,1765628000505,0,3.41,0.8080,0.0,0.00
1765628000.526447,4,1267,1154,1765628000526,1765628000526,0,3.40,0.6040,0.0,0.00
1765628000.550008,4,1268,1156,1765628000548,1765628000550,2,3.43,0.2080,0.0,0.00
1765628000.559635,4,1269,1157,1765628000559,1765628000559,0,3.66,0.2080,0.0,0.00
1765628000.584841,4,1270,1158,1765628000581,1765628000584,3,3.70,0.0000,0.0,0.00
1765628000.592330,4,1271,1159,1765628000592,1765628000592,0,3.93,0.0000,0.0,0.00
1765628000.615937,4,1272,1160,1765628000614,1765628000615,1,3.92,0.0000,0.0,0.00
1765628000.626080,4,1273,1161,1765628000626,1765628000626,0,3.85,0.0000,0.0,0.00
1765628000.648575,4,1274,1162,1765628000647,1765628000648,1,3.82,0.0000,0.0,0.00
1765628000.668777,4,1275,1163,1765628000668,1765628000668,0,3.80,0.0000,0.0,0.00
1765628000.689987,4,1276,1164,1765628000689,1765628000689,0,3.79,0.2040,0.0,0.00
1765628000.715203,4,1277,1165,1765628000711,1765628000715,4,3.64,0.0000,0.0,0.00
1765628000.732602,4,1278,1167,1765628000732,1765628000732,0,3.67,0.0000,0.0,0.00
1765628000.753946,4,1279,1168,1765628000753,1765628000753,0,3.53,0.0000,0.0,0.00
1765628000.775424,4,1280,1169,1765628000775,1765628000775,0,3.32,0.0000,0.0,0.00
1765628000.800776,4,1281,1170,1765628000797,1765628000799,2,3.35,0.0000,0.0,0.00
1765628000.819250,4,1282,1171,1765628000819,1765628000819,0,3.34,0.0000,0.0,0.00
1765628000.834700,4,1283,1172,1765628000830,1765628000833,3,3.46,0.0000,0.0,0.00
1765628000.852258,4,1284,1173,1765628000852,1765628000852,0,3.46,0.0000,0.0,0.00
1765628000.865919,4,1285,1174,1765628000862,1765628000865,3,3.59,0.0000,0.0,0.00
1765628000.874033,4,1286,1175,1765628000874,1765628000874,0,3.80,0.0000,0.0,0.00
1765628000.895369,4,1287,1176,1765628000895,1765628000895,0,3.79,0.0000,0.0,0.00
1765628000.918218,4,1288,1177,1765628000916,1765628000918,2,3.79,0.5800,0.0,0.00
1765628000.928071,4,1289,1178,1765628000928,1765628000928,0,3.98,0.5800,0.0,0.00
1765628000.948745,4,1290,1179,1765628000948,1765628000948,0,3.86,0.3760,0.0,0.00
1765628000.970076,4,1291,1181,1765628000970,1765628000970,0,3.65,0.0000,0.0,0.00
1765628000.991237,4,1292,1182,1765628000991,1765628000991,0,3.50,0.0000,0.0,0.00
1765628001.013462,4,1293,1183,1765628001012,1765628001013,1,3.50,0.0000,0.0,0.00
1765628001.035516,4,1294,1184,1765628001033,1765628001034,1,3.47,0.0000,0.0,0.00
1765628001.055482,4,1295,1185,1765628001055,1765628001055,0,3.47,0.0000,0.0,0.00
1765628001.076432,4,1296,1186,1765628001076,1765628001076,0,3.47,0.0000,0.0,0.00
1765628001.100487,4,1297,1187,1765628001097,1765628001100,3,3.49,0.0000,0.0,0.00
1765628001.120389,4,1298,1188,1765628001119,1765628001119,0,3.47,0.0000,0.0,0.00
1765628001.134805,4,1299,1189,1765628001130,1765628001133,3,3.59,0.0000,0.0,0.00
1765628001.141882,4,1300,1190,1765628001141,1765628001141,0,3.82,0.0000,0.0,0.00
1765628001.167003,4,1301,1191,1765628001162,1765628001165,3,3.81,0.6040,0.0,0.00
1765628001.183997,4,1302,1192,1765628001183,1765628001183,0,3.58,0.3880,0.0,0.00
1765628001.205276,4,1303,1193,1765628001205,1765628001205,0,3.44,0.1840,0.0,0.00
1765628001.227812,4,1304,1194,1765628001226,1765628001226,0,3.30,0.0000,0.0,0.00
1765628001.251581,4,1305,1195,1765628001247,1765628001250,3,3.30,0.0000,0.0,0.00
1765628001.269455,4,1306,1197,1765628001269,1765628001269,0,3.30,0.0000,0.0,0.00
1765628001.291016,4,1307,1199,1765628001291,1765628001291,0,3.31,0.0000,0.0,0.00
1765628001.312568,4,1308,1200,1765628001312,1765628001312,0,3.30,0.0000,0.0,0.00
1765628001.336253,4,1309,1202,1765628001333,1765628001334,1,3.32,0.0000,0.0,0.00
1765628001.344890,4,1310,1203,1765628001344,1765628001344,0,3.52,0.0000,0.0,0.00
1765628001.366056,4,1311,1204,1765628001366,1765628001366,0,3.54,0.0000,0.0,0.00
1765628001.389950,4,1312,1206,1765628001387,1765628001389,2,3.55,0.0000,0.0,0.00
1765628001.408948,4,1313,1207,1765628001408,1765628001408,0,3.55,0.8080,0.0,0.00
1765628001.429971,4,1314,1208,1765628001429,1765628001429,0,3.55,0.6160,0.0,0.00
1765628001.455219,4,1315,1209,1765628001451,1765628001454,3,3.53,0.2080,0.0,0.00
1765628001.472289,4,1316,1210,1765628001472,1765628001472,0,3.48,0.0160,0.0,0.00
1765628001.493478,4,1317,1211,1765628001493,1765628001493,0,3.48,0.0000,0.0,0.00
1765628001.514776,4,1318,1212,1765628001514,1765628001514,0,3.48,0.0000,0.0,0.00
1765628001.536695,4,1319,1213,1765628001536,1765628001536,0,3.48,0.0000,0.0,0.00
1765628001.547379,4,1320,1214,1765628001547,1765628001547,0,3.64,0.0000,0.0,0.00
1765628001.570234,4,1321,1216,1765628001569,1765628001569,0,3.66,0.0000,0.0,0.00
1765628001.591423,4,1322,1217,1765628001590,1765628001591,1,3.63,0.7960,0.0,0.00
1765628001.612242,4,1323,1218,1765628001612,1765628001612,0,3.64,0.5920,0.0,0.00
1765628001.624074,4,1324,1219,1765628001622,1765628001622,0,3.84,0.3880,0.0,0.00
1765628001.637592,4,1325,1220,1765628001634,1765628001637,3,3.78,0.1840,0.0,0.00
1765628001.655555,4,1326,1221,1765628001655,1765628001655,0,3.78,0.0000,0.0,0.00
1765628001.676821,4,1327,1222,1765628001676,1765628001676,0,3.78,0.0000,0.0,0.00
1765628001.698200,4,1328,1223,1765628001698,1765628001698,0,3.76,0.0000,0.0,0.00
1765628001.722141,4,1329,1225,1765628001719,1765628001722,3,3.59,0.8080,0.0,0.00
1765628001.740761,4,1330,1226,1765628001740,1765628001740,0,3.55,0.6160,0.0,0.00
1765628001.762334,4,1331,1227,1765628001762,1765628001762,0,3.33,0.4240,0.0,0.00
1765628001.785897,4,1332,1228,1765628001783,1765628001784,1,3.32,0.0280,0.0,0.00
1765628001.806678,4,1333,1229,1765628001805,1765628001805,0,3.15,0.0000,0.0,0.00
1765628001.827942,4,1334,1230,1765628001826,1765628001826,0,3.13,0.0000,0.0,0.00
1765628001.838607,4,1335,1231,1765628001838,1765628001838,0,3.30,0.0000,0.0,0.00
1765628001.859582,4,1336,1232,1765628001859,1765628001859,0,3.30,0.0000,0.0,0.00
1765628001.882076,4,1337,1233,1765628001881,1765628001881,0,3.26,0.0000,0.0,0.00
1765628001.902359,4,1338,1235,1765628001902,1765628001902,0,3.22,0.8080,0.0,0.00
1765628001.924019,4,1339,1236,1765628001924,1765628001924,0,3.23,0.6160,0.0,0.00
1765628001.945287,4,1340,1237,1765628001945,1765628001945,0,3.22,0.4120,0.0,0.00
1765628001.966977,4,1341,1238,1765628001966,1765628001966,0,3.19,0.0160,0.0,0.00
1765628001.988311,4,1342,1239,1765628001988,1765628001988,0,3.21,1.0000,0.0,0.00
1765628002.010641,4,1343,1240,1765628002009,1765628002009,0,3.09,0.8080,0.0,0.00
1765628002.020944,4,1344,1241,1765628002020,1765628002020,0,3.28,0.6160,0.0,0.00
1765628002.032599,4,1345,1242,1765628002032,1765628002032,0,3.30,0.4120,0.0,0.00
1765628002.054077,4,1346,1244,1765628002054,1765628002054,0,3.08,0.2080,0.0,0.00
1765628002.075706,4,1347,1245,1765628002075,1765628002075,0,3.08,0.0160,0.0,0.00
1765628002.088212,4,1348,1246,1765628002087,1765628002088,1,3.20,0.0000,0.0,0.00
1765628002.101843,4,1349,1247,1765628002098,1765628002101,3,3.13,0.0000,0.0,0.00
1765628002.109870,4,1350,1248,1765628002109,1765628002109,0,3.39,0.0000,0.0,0.00
1765628002.132154,4,1351,1249,1765628002131,1765628002132,1,3.40,0.0000,0.0,0.00
1765628002.153728,4,1352,1250,1765628002152,1765628002152,0,3.39,0.8080,0.0,0.00
1765628002.164337,4,1353,1251,1765628002163,1765628002164,1,3.52,0.6160,0.0,0.00
1765628002.185170,4,1354,1252,1765628002185,1765628002185,0,3.52,0.4240,0.0,0.00
1765628002.206796,4,1355,1253,1765628002206,1765628002206,0,3.52,0.2320,0.0,0.00
1765628002.231214,4,1356,1255,1765628002228,1765628002230,2,3.56,0.0000,0.0,0.00
1765628002.239702,4,1357,1256,1765628002239,1765628002239,0,3.72,0.0000,0.0,0.00
1765628002.264042,4,1358,1257,1765628002260,1765628002262,2,3.77,0.8080,0.0,0.00
1765628002.283237,4,1359,1258,1765628002281,1765628002281,0,3.66,0.6040,0.0,0.00
1765628002.296340,4,1360,1259,1765628002293,1765628002296,3,3.50,0.4000,0.0,0.00
1765628002.314524,4,1361,1260,1765628002314,1765628002314,0,3.47,0.2080,0.0,0.00
1765628002.335888,4,1362,1261,1765628002335,1765628002335,0,3.47,0.0040,0.0,0.00
1765628002.360850,4,1363,1262,1765628002357,1765628002359,2,3.49,0.0000,0.0,0.00
1765628002.378377,4,1364,1264,1765628002378,1765628002378,0,3.47,0.0000,0.0,0.00
1765628002.393091,4,1365,1265,1765628002389,1765628002393,4,3.50,0.0000,0.0,0.00
1765628002.410514,4,1366,1266,1765628002410,1765628002410,0,3.55,0.0000,0.0,0.00
1765628002.431798,4,1367,1267,1765628002431,1765628002431,0,3.53,0.0000,0.0,0.00
1765628002.452910,4,1368,1268,1765628002452,1765628002452,0,3.53,0.0000,0.0,0.00
1765628002.476499,4,1369,1269,1765628002474,1765628002475,1,3.55,0.0000,0.0,0.00
1765628002.486389,4,1370,1270,1765628002485,1765628002485,0,3.55,0.0000,0.0,0.00
1765628002.508513,4,1371,1271,1765628002506,1765628002508,2,3.56,0.0000,0.0,0.00
1765628002.518098,4,1372,1272,1765628002518,1765628002518,0,3.71,0.0000,0.0,0.00
1765628002.530252,4,1373,1273,1765628002529,1765628002529,0,3.88,0.7960,0.0,0.00
1765628002.550632,4,1374,1274,1765628002550,1765628002550,0,3.88,0.5920,0.0,0.00
1765628002.573914,4,1375,1275,1765628002571,1765628002573,2,3.85,0.1960,0.0,0.00
1765628002.593263,4,1376,1276,1765628002593,1765628002593,0,3.86,0.0000,0.0,0.00
1765628002.615635,4,1377,1278,1765628002614,1765628002614,0,3.86,0.0000,0.0,0.00
1765628002.636035,4,1378,1279,1765628002636,1765628002636,0,3.87,1.0000,0.0,0.00
1765628002.658072,4,1379,1280,1765628002658,1765628002658,0,3.87,0.5920,0.0,0.00
1765628002.668796,4,1380,1281,1765628002668,1765628002668,0,3.89,0.5920,0.0,0.00
1765628002.691651,4,1381,1282,1765628002690,1765628002690,0,3.89,0.2080,0.0,0.00
1765628002.702525,4,1382,1283,1765628002702,1765628002702,0,4.00,0.2080,0.0,0.00
1765628002.724720,4,1383,1284,1765628002723,1765628002723,0,4.00,0.8080,0.0,0.00
1765628002.744975,4,1384,1285,1765628002744,1765628002744,0,3.83,0.6160,0.0,0.00
1765628002.767283,4,1385,1286,1765628002767,1765628002767,0,3.79,0.4120,0.0,0.00
1765628002.778540,4,1386,1287,1765628002777,1765628002777,0,3.98,0.2080,0.0,0.00
1765628002.792355,4,1387,1290,1765628002789,1765628002792,3,4.03,0.0160,0.0,0.00
1765628002.800470,4,1388,1291,1765628002800,1765628002800,0,4.22,0.0160,0.0,0.00
1765628002.823717,4,1389,1292,1765628002821,1765628002822,1,4.20,0.0000,0.0,0.00
1765628002.843482,4,1390,1293,1765628002843,1765628002843,0,4.22,0.0000,0.0,0.00
1765628002.865149,4,1391,1294,1765628002864,1765628002864,0,4.21,0.0000,0.0,0.00
1765628002.887948,4,1392,1295,1765628002885,1765628002887,2,4.22,0.7960,0.0,0.00
1765628002.908081,4,1393,1296,1765628002908,1765628002908,0,4.22,0.5920,0.0,0.00
1765628002.928830,4,1394,1298,1765628002928,1765628002928,0,4.21,0.3880,0.0,0.00
1765628002.950655,4,1395,1299,1765628002950,1765628002950,0,4.10,0.1840,0.0,0.00
1765628002.972942,4,1396,1300,1765628002971,1765628002972,1,4.11,0.0000,0.0,0.00
1765628002.992639,4,1397,1301,1765628002992,1765628002992,0,4.09,0.0000,0.0,0.00
1765628003.013987,4,1398,1302,1765628003013,1765628003013,0,4.09,0.0000,0.0,0.00
1765628003.035554,4,1399,1303,1765628003035,1765628003035,0,4.09,0.0000,0.0,0.00
1765628003.058123,4,1400,1304,1765628003057,1765628003058,1,4.11,0.0000,0.0,0.00
1765628003.078662,4,1401,1305,1765628003078,1765628003078,0,4.10,0.0000,0.0,0.00
1765628003.100238,4,1402,1306,1765628003099,1765628003099,0,4.09,0.0000,0.0,0.00
1765628003.120892,4,1403,1307,1765628003120,1765628003120,0,4.09,0.0000,0.0,0.00
1765628003.143107,4,1404,1308,1765628003142,1765628003143,1,3.96,0.0000,0.0,0.00
1765628003.163218,4,1405,1310,1765628003163,1765628003163,0,3.81,0.0000,0.0,0.00
1765628003.176422,4,1406,1311,1765628003174,1765628003176,2,3.92,0.0000,0.0,0.00
1765628003.185881,4,1407,1312,1765628003185,1765628003185,0,4.12,0.0000,0.0,0.00
1765628003.210742,4,1408,1313,1765628003207,1765628003210,3,4.05,0.0000,0.0,0.00
1765628003.228444,4,1409,1314,1765628003228,1765628003228,0,3.94,0.0000,0.0,0.00
1765628003.249503,4,1410,1315,1765628003249,1765628003249,0,3.70,0.0000,0.0,0.00
1765628003.271368,4,1411,1316,1765628003271,1765628003271,0,3.69,0.7960,0.0,0.00
1765628003.296560,4,1412,1318,1765628003293,1765628003296,3,3.74,0.3880,0.0,0.00
1765628003.315096,4,1413,1319,1765628003314,1765628003315,1,3.58,0.1840,0.0,0.00
1765628003.335605,4,1414,1320,1765628003335,1765628003335,0,3.57,1.0000,0.0,0.00
1765628003.356807,4,1415,1321,1765628003356,1765628003356,0,3.57,0.7960,0.0,0.00
1765628003.381395,4,1416,1322,1765628003377,1765628003381,4,3.58,0.4000,0.0,0.00
1765628003.398894,4,1417,1324,1765628003398,1765628003398,0,3.40,0.1960,0.0,0.00
1765628003.413630,4,1418,1325,1765628003410,1765628003413,3,3.46,0.0040,0.0,0.00
1765628003.421438,4,1419,1326,1765628003421,1765628003421,0,3.70,0.0040,0.0,0.00
1765628003.446562,4,1420,1327,1765628003443,1765628003446,3,3.67,0.6040,0.0,0.00
1765628003.464472,4,1421,1328,1765628003464,1765628003464,0,3.67,0.4000,0.0,0.00
1765628003.485790,4,1422,1329,1765628003485,1765628003485,0,3.67,0.1960,0.0,0.00
1765628003.507136,4,1423,1330,1765628003507,1765628003507,0,3.65,0.0040,0.0,0.00
1765628003.528853,4,1424,1331,1765628003528,1765628003528,0,3.67,0.0000,0.0,0.00
1765628003.550566,4,1425,1332,1765628003550,1765628003550,0,3.59,0.0000,0.0,0.00
1765628003.571683,4,1426,1334,1765628003571,1765628003571,0,3.55,0.0000,0.0,0.00
1765628003.594406,4,1427,1335,1765628003593,1765628003594,1,3.57,0.0000,0.0,0.00
1765628003.615412,4,1428,1336,1765628003614,1765628003614,0,3.56,0.0000,0.0,0.00
1765628003.636226,4,1429,1337,1765628003635,1765628003636,1,3.55,0.0000,0.0,0.00
1765628003.660816,4,1430,1338,1765628003657,1765628003660,3,3.36,0.0000,0.0,0.00
1765628003.678596,4,1431,1339,1765628003678,1765628003678,0,3.37,0.0000,0.0,0.00
1765628003.694449,4,1432,1340,1765628003690,1765628003693,3,3.24,0.0000,0.0,0.00
1765628003.702312,4,1433,1341,1765628003702,1765628003702,0,3.29,0.0000,0.0,0.00
1765628003.728251,4,1434,1342,1765628003724,1765628003728,4,3.34,0.7960,0.0,0.00
1765628003.745241,4,1435,1343,1765628003745,1765628003745,0,3.37,0.6040,0.0,0.00
1765628003.767490,4,1436,1345,1765628003767,1765628003767,0,3.39,0.4000,0.0,0.00
1765628003.779505,4,1437,1346,1765628003777,1765628003777,0,3.60,0.1960,0.0,0.00
1765628003.794406,4,1438,1347,1765628003789,1765628003794,5,3.62,0.0000,0.0,0.00
1765628003.810894,4,1439,1348,1765628003810,1765628003810,0,3.67,0.0000,0.0,0.00
1765628003.832783,4,1440,1349,1765628003832,1765628003832,0,3.49,0.0000,0.0,0.00
1765628003.853958,4,1441,1350,1765628003853,1765628003853,0,3.48,1.0000,0.0,0.00
1765628003.876038,4,1442,1351,1765628003874,1765628003874,0,3.32,0.6040,0.0,0.00
1765628003.886720,4,1443,1352,1765628003886,1765628003886,0,3.48,0.6040,0.0,0.00
1765628003.909215,4,1444,1353,1765628003908,1765628003909,1,3.50,0.4080,0.0,0.00
1765628003.928864,4,1445,1354,1765628003928,1765628003928,0,3.47,0.2040,0.0,0.00
1765628003.949991,4,1446,1355,1765628003949,1765628003949,0,3.27,0.0000,0.0,0.00
1765628003.972308,4,1447,1356,1765628003971,1765628003972,1,3.20,0.0000,0.0,0.00
1765628003.996422,4,1448,1358,1765628003993,1765628003995,2,2.95,0.0000,0.0,0.00
1765628004.011350,4,1449,1359,1765628004004,1765628004004,0,3.19,0.0000,0.0,0.00
1765628004.015999,4,1450,1360,1765628004015,1765628004015,0,3.37,0.0000,0.0,0.00
1765628004.027111,4,1451,1361,1765628004027,1765628004027,0,3.52,0.0000,0.0,0.00
1765628004.048516,4,1452,1362,1765628004048,1765628004048,0,3.50,0.0000,0.0,0.00
1765628004.070175,4,1453,1363,1765628004070,1765628004070,0,3.51,0.0000,0.0,0.00
1765628004.091791,4,1454,1364,1765628004090,1765628004091,1,3.52,0.0000,0.0,0.00
1765628004.101914,4,1455,1365,1765628004101,1765628004101,0,3.69,0.0000,0.0,0.00
1765628004.127507,4,1456,1367,1765628004123,1765628004126,3,3.73,0.0000,0.0,0.00
1765628004.144385,4,1457,1368,1765628004144,1765628004144,0,3.75,0.0000,0.0,0.00
1765628004.166851,4,1458,1369,1765628004165,1765628004165,0,3.75,0.0000,0.0,0.00
1765628004.192479,4,1459,1370,1765628004187,1765628004192,5,3.81,0.0000,0.0,0.00
1765628004.208508,4,1460,1371,1765628004208,1765628004208,0,3.83,0.0000,0.0,0.00
1765628004.229792,4,1461,1372,1765628004229,1765628004229,0,3.84,0.0000,0.0,0.00
1765628004.250714,4,1462,1373,1765628004250,1765628004250,0,3.84,0.0000,0.0,0.00
1765628004.262178,4,1463,1374,1765628004262,1765628004262,0,3.96,0.0000,0.0,0.00
1765628004.283326,4,1464,1375,1765628004283,1765628004283,0,3.93,0.0000,0.0,0.00
1765628004.306911,4,1465,1376,1765628004304,1765628004306,2,3.97,0.0000,0.0,0.00
1765628004.326559,4,1466,1377,1765628004325,1765628004325,0,3.85,0.8080,0.0,0.00
1765628004.347188,4,1467,1378,1765628004347,1765628004347,0,3.68,0.6160,0.0,0.00
1765628004.372481,4,1468,1379,1765628004368,1765628004372,4,3.68,0.2320,0.0,0.00
1765628004.379776,4,1469,1380,1765628004379,1765628004379,0,3.91,0.2320,0.0,0.00
1765628004.402821,4,1470,1381,1765628004401,1765628004402,1,3.93,0.0000,0.0,0.00
1765628004.422990,4,1471,1382,1765628004422,1765628004422,0,3.91,0.0000,0.0,0.00
1765628004.444736,4,1472,1383,1765628004444,1765628004444,0,3.87,0.0000,0.0,0.00
1765628004.469348,4,1473,1384,1765628004465,1765628004469,4,3.94,0.0000,0.0,0.00
1765628004.487113,4,1474,1385,1765628004487,1765628004487,0,3.95,0.0000,0.0,0.00
1765628004.508790,4,1475,1386,1765628004508,1765628004508,0,3.95,0.0000,0.0,0.00
1765628004.531180,4,1476,1387,1765628004529,1765628004529,0,3.90,0.7960,0.0,0.00
1765628004.541446,4,1477,1388,1765628004541,1765628004541,0,4.00,0.5920,0.0,0.00
1765628004.563979,4,1478,1389,1765628004562,1765628004562,0,3.94,0.4000,0.0,0.00
1765628004.575107,4,1479,1390,1765628004574,1765628004574,0,3.86,0.1960,0.0,0.00
1765628004.597153,4,1480,1392,1765628004597,1765628004597,0,3.83,0.0000,0.0,0.00
1765628004.608170,4,1481,1393,1765628004607,1765628004608,1,3.98,0.0000,0.0,0.00
1765628004.628517,4,1482,1395,1765628004628,1765628004628,0,3.97,0.0000,0.0,0.00
1765628004.639735,4,1483,1396,1765628004639,1765628004639,0,4.11,0.0000,0.0,0.00
1765628004.653301,4,1484,1397,1765628004650,1765628004653,3,4.18,0.0000,0.0,0.00
1765628004.671929,4,1485,1398,1765628004671,1765628004671,0,4.16,0.0000,0.0,0.00
1765628004.692870,4,1486,1399,1765628004692,1765628004692,0,4.16,0.0000,0.0,0.00
1765628004.713936,4,1487,1400,1765628004713,1765628004713,0,4.13,0.7960,0.0,0.00
1765628004.736618,4,1488,1401,1765628004735,1765628004735,0,4.16,0.4000,0.0,0.00
1765628004.757039,4,1489,1402,1765628004757,1765628004757,0,4.16,0.1960,0.0,0.00
1765628004.778365,4,1490,1404,1765628004778,1765628004778,0,4.12,0.0000,0.0,0.00
1765628004.790092,4,1491,1405,1765628004790,1765628004790,0,4.24,0.0000,0.0,0.00
1765628004.804189,4,1492,1406,1765628004800,1765628004804,4,4.26,0.0000,0.0,0.00
1765628004.823184,4,1493,1407,1765628004822,1765628004822,0,4.08,0.0000,0.0,0.00
1765628004.844564,4,1494,1408,1765628004843,1765628004843,0,4.01,0.7960,0.0,0.00
1765628004.854981,4,1495,1409,1765628004854,1765628004854,0,4.14,0.6040,0.0,0.00
1765628004.876196,4,1496,1410,1765628004876,1765628004876,0,4.14,0.4120,0.0,0.00
1765628004.887357,4,1497,1411,1765628004887,1765628004887,0,4.12,0.2080,0.0,0.00
1765628004.908302,4,1498,1412,1765628004908,1765628004908,0,4.12,0.0160,0.0,0.00
1765628004.930061,4,1499,1413,1765628004930,1765628004930,0,4.10,0.0000,0.0,0.00
1765628004.953133,4,1500,1415,1765628004950,1765628004953,3,4.11,0.0000,0.0,0.00
1765628004.973935,4,1501,1416,1765628004972,1765628004972,0,4.09,0.7960,0.0,0.00
1765628004.986735,4,1502,1417,1765628004984,1765628004986,2,4.16,0.6040,0.0,0.00
1765628004.996293,4,1503,1418,1765628004995,1765628004995,0,4.22,0.6040,0.0,0.00
1765628005.018913,4,1504,1419,1765628005016,1765628005018,2,4.22,0.2080,0.0,0.00
1765628005.038312,4,1505,1420,1765628005038,1765628005038,0,4.23,0.0160,0.0,0.00
1765628005.061289,4,1506,1421,1765628005060,1765628005060,0,4.25,0.0000,0.0,0.00
1765628005.081130,4,1507,1422,1765628005081,1765628005081,0,4.22,0.0000,0.0,0.00
1765628005.104154,4,1508,1424,1765628005102,1765628005103,1,4.21,0.5920,0.0,0.00
1765628005.124897,4,1509,1426,1765628005123,1765628005123,0,4.02,0.3880,0.0,0.00
1765628005.146317,4,1510,1427,1765628005145,1765628005145,0,3.89,0.1840,0.0,0.00
1765628005.170557,4,1511,1428,1765628005166,1765628005170,4,3.80,0.0000,0.0,0.00
1765628005.188418,4,1512,1429,1765628005188,1765628005188,0,3.80,1.0000,0.0,0.00
1765628005.209908,4,1513,1430,1765628005209,1765628005209,0,3.79,0.7960,0.0,0.00
1765628005.231015,4,1514,1431,1765628005231,1765628005231,0,3.80,0.5920,0.0,0.00
1765628005.256180,4,1515,1432,1765628005252,1765628005254,2,3.65,0.1840,0.0,0.00
1765628005.273758,4,1516,1433,1765628005273,1765628005273,0,3.59,0.0000,0.0,0.00
1765628005.294487,4,1517,1435,1765628005294,1765628005294,0,3.58,0.7960,0.0,0.00
1765628005.308203,4,1518,1437,1765628005305,1765628005308,3,3.67,0.6040,0.0,0.00
1765628005.317950,4,1519,1438,1765628005316,1765628005317,1,3.80,0.6040,0.0,0.00
1765628005.340602,4,1520,1439,1765628005338,1765628005340,2,3.78,0.1960,0.0,0.00
1765628005.360964,4,1521,1440,1765628005359,1765628005359,0,3.76,0.0000,0.0,0.00
1765628005.382075,4,1522,1441,1765628005382,1765628005382,0,3.78,0.0000,0.0,0.00
1765628005.407839,4,1523,1442,1765628005403,1765628005407,4,3.69,0.0000,0.0,0.00
1765628005.426697,4,1524,1443,1765628005425,1765628005425,0,3.69,0.7960,0.0,0.00
1765628005.446905,4,1525,1444,1765628005446,1765628005446,0,3.67,0.5920,0.0,0.00
1765628005.469536,4,1526,1446,1765628005468,1765628005468,0,3.70,0.3880,0.0,0.00
1765628005.479704,4,1527,1447,1765628005479,1765628005479,0,3.84,0.1840,0.0,0.00
1765628005.501934,4,1528,1448,1765628005501,1765628005501,0,3.81,0.0000,0.0,0.00
1765628005.525703,4,1529,1449,1765628005523,1765628005525,2,3.61,0.0000,0.0,0.00
1765628005.544147,4,1530,1450,1765628005544,1765628005544,0,3.56,0.0000,0.0,0.00
1765628005.565009,4,1531,1451,1765628005565,1765628005565,0,3.57,0.0000,0.0,0.00
1765628005.585989,4,1532,1452,1765628005585,1765628005585,0,3.55,0.0000,0.0,0.00
1765628005.609720,4,1533,1453,1765628005608,1765628005609,1,3.53,0.6040,0.0,0.00
1765628005.630116,4,1534,1454,1765628005630,1765628005630,0,3.54,0.4000,0.0,0.00
1765628005.642800,4,1535,1456,1765628005641,1765628005642,1,3.67,0.1960,0.0,0.00
1765628005.652071,4,1536,1457,1765628005652,1765628005652,0,3.84,0.1960,0.0,0.00
1765628005.663461,4,1537,1458,1765628005663,1765628005663,0,3.87,0.0040,0.0,0.00
1765628005.684618,4,1538,1459,1765628005684,1765628005684,0,3.87,0.0000,0.0,0.00
1765628005.708460,4,1539,1460,1765628005705,1765628005708,3,3.77,0.0000,0.0,0.00
1765628005.726864,4,1540,1461,1765628005726,1765628005726,0,3.74,0.8080,0.0,0.00
1765628005.748674,4,1541,1462,1765628005748,1765628005748,0,3.60,0.6040,0.0,0.00
1765628005.769415,4,1542,1463,1765628005769,1765628005769,0,3.61,0.4000,0.0,0.00
1765628005.792202,4,1543,1465,1765628005792,1765628005792,0,3.49,0.0000,0.0,0.00
1765628005.803585,4,1544,1466,1765628005803,1765628005803,0,3.56,0.0000,0.0,0.00
1765628005.813859,4,1545,1467,1765628005813,1765628005813,0,3.72,0.0000,0.0,0.00
1765628005.836621,4,1546,1469,1765628005835,1765628005835,0,3.74,0.0000,0.0,0.00
1765628005.861503,4,1547,1470,1765628005857,1765628005860,3,3.79,0.0000,0.0,0.00
1765628005.868498,4,1548,1471,1765628005868,1765628005868,0,3.99,0.0000,0.0,0.00
1765628005.892639,4,1549,1472,1765628005890,1765628005892,2,4.01,0.8080,0.0,0.00
1765628005.900913,4,1550,1473,1765628005900,1765628005900,0,4.23,1.2856,0.0,0.00
1765628005.926266,4,1551,1474,1765628005922,1765628005926,4,4.16,0.7145,0.0,0.00
1765628005.935070,4,1552,1475,1765628005934,1765628005934,0,4.29,0.7145,0.0,0.00
1765628005.960091,4,1553,1476,1765628005956,1765628005959,3,4.34,0.1840,0.0,0.00
1765628005.967887,4,1554,1477,1765628005966,1765628005966,0,4.59,0.1840,0.0,0.00
1765628005.977864,4,1555,1478,1765628005977,1765628005977,0,4.59,0.0000,0.0,0.00
1765628006.000011,4,1556,1480,1765628006000,1765628006000,0,4.60,0.7960,0.0,0.00
1765628006.021153,4,1557,1481,1765628006021,1765628006021,0,4.44,0.6040,0.0,0.00
1765628006.045632,4,1558,1482,1765628006042,1765628006044,2,4.46,0.2080,0.0,0.00
1765628006.053544,4,1559,1483,1765628006053,1765628006053,0,4.65,0.2080,0.0,0.00
1765628006.065722,4,1560,1484,1765628006064,1765628006065,1,4.76,0.0160,0.0,0.00
1765628006.077022,4,1561,1485,1765628006075,1765628006075,0,4.94,0.0000,0.0,0.00
1765628006.091111,4,1562,1486,1765628006087,1765628006089,2,4.94,0.0000,0.0,0.00
1765628006.108553,4,1563,1487,1765628006108,1765628006108,0,4.73,0.0000,0.0,0.00
1765628006.130442,4,1564,1488,1765628006129,1765628006130,1,4.72,0.0000,0.0,0.00
1765628006.151509,4,1565,1489,1765628006151,1765628006151,0,4.73,0.0000,0.0,0.00
1765628006.176003,4,1566,1490,1765628006172,1765628006176,4,4.77,0.0000,0.0,0.00
1765628006.184010,4,1567,1491,1765628006184,1765628006184,0,4.97,0.0000,0.0,0.00
1765628006.210053,4,1568,1493,1765628006205,1765628006209,4,5.00,0.0000,0.0,0.00
1765628006.217064,4,1569,1494,1765628006217,1765628006217,0,5.20,0.0000,0.0,0.00
1765628006.239049,4,1570,1495,1765628006237,1765628006237,0,5.18,0.0000,0.0,0.00
1765628006.260575,4,1571,1496,1765628006259,1765628006260,1,5.16,0.0000,0.0,0.00
1765628006.276309,4,1572,1497,1765628006271,1765628006275,4,5.22,0.0000,0.0,0.00
1765628006.282702,4,1573,1499,1765628006282,1765628006282,0,5.42,0.0000,0.0,0.00
1765628006.303567,4,1574,1500,1765628006303,1765628006303,0,5.41,0.0000,0.0,0.00
1765628006.324705,4,1575,1501,1765628006324,1765628006324,0,5.38,0.0000,0.0,0.00
1765628006.337018,4,1576,1502,1765628006336,1765628006336,0,5.49,0.0000,0.0,0.00
1765628006.348274,4,1577,1503,1765628006347,1765628006347,0,5.59,0.8080,0.0,0.00
1765628006.368562,4,1578,1504,1765628006368,1765628006368,0,5.56,0.6040,0.0,0.00
1765628006.389989,4,1579,1505,1765628006389,1765628006389,0,5.41,0.2080,0.0,0.00
1765628006.410913,4,1580,1506,1765628006410,1765628006410,0,5.38,0.0040,0.0,0.00
1765628006.425113,4,1581,1508,1765628006422,1765628006425,3,5.43,0.0000,0.0,0.00
1765628006.443378,4,1582,1509,1765628006443,1765628006443,0,5.37,0.0000,0.0,0.00
1765628006.464587,4,1583,1510,1765628006464,1765628006464,0,5.32,0.0000,0.0,0.00
1765628006.485627,4,1584,1511,1765628006485,1765628006485,0,5.36,0.0000,0.0,0.00
1765628006.508912,4,1585,1512,1765628006507,1765628006508,1,5.38,0.0000,0.0,0.00
1765628006.529689,4,1586,1513,1765628006529,1765628006529,0,5.37,0.0000,0.0,0.00
1765628006.550407,4,1587,1514,1765628006550,1765628006550,0,5.26,0.8080,0.0,0.00
1765628006.571792,4,1588,1515,1765628006571,1765628006571,0,5.25,0.4120,0.0,0.00
1765628006.593812,4,1589,1516,1765628006592,1765628006592,0,5.21,0.2200,0.0,0.00
1765628006.615215,4,1590,1517,1765628006614,1765628006614,0,5.25,0.0280,0.0,0.00
1765628006.625380,4,1591,1518,1765628006625,1765628006625,0,5.36,0.0000,0.0,0.00
1765628006.648071,4,1592,1519,1765628006647,1765628006647,0,5.38,0.0000,0.0,0.00
1765628006.672409,4,1593,1521,1765628006668,1765628006672,4,5.39,0.0000,0.0,0.00
1765628006.689976,4,1594,1522,1765628006689,1765628006689,0,5.37,0.0000,0.0,0.00
1765628006.712183,4,1595,1523,1765628006711,1765628006711,0,5.30,0.0000,0.0,0.00
1765628006.732752,4,1596,1524,1765628006732,1765628006732,0,5.17,0.0000,0.0,0.00
1765628006.755208,4,1597,1525,1765628006753,1765628006754,1,5.07,0.0000,0.0,0.00
1765628006.770897,4,1598,1526,1765628006764,1765628006764,0,5.20,0.0000,0.0,0.00
1765628006.777399,4,1599,1527,1765628006776,1765628006776,0,5.25,0.0000,0.0,0.00
1765628006.790169,4,1600,1528,1765628006788,1765628006790,2,5.33,0.8080,0.0,0.00
1765628006.802141,4,1601,1529,1765628006800,1765628006802,2,5.39,0.6040,0.0,0.00
1765628006.811288,4,1602,1530,1765628006811,1765628006811,0,5.51,0.6040,0.0,0.00
1765628006.836341,4,1603,1532,1765628006832,1765628006835,3,5.52,0.2080,0.0,0.00
1765628006.854129,4,1604,1534,1765628006854,1765628006854,0,5.41,0.0000,0.0,0.00
1765628006.866389,4,1605,1535,1765628006865,1765628006865,0,5.39,0.0000,0.0,0.00
1765628006.876644,4,1606,1536,1765628006876,1765628006876,0,5.46,0.0000,0.0,0.00
1765628006.897927,4,1607,1537,1765628006897,1765628006897,0,5.40,0.0000,0.0,0.00
1765628006.919945,4,1608,1538,1765628006918,1765628006918,0,5.27,0.0000,0.0,0.00
1765628006.939732,4,1609,1539,1765628006939,1765628006939,0,5.23,0.0000,0.0,0.00
1765628006.961934,4,1610,1540,1765628006960,1765628006960,0,5.08,0.0000,0.0,0.00
1765628006.988654,4,1611,1541,1765628006982,1765628006987,5,5.09,0.0000,0.0,0.00
1765628007.003650,4,1612,1542,1765628007003,1765628007003,0,4.93,0.0000,0.0,0.00
1765628007.025995,4,1613,1543,1765628007024,1765628007024,0,4.88,0.0000,0.0,0.00
1765628007.037268,4,1614,1544,1765628007036,1765628007036,0,4.77,0.0000,0.0,0.00
1765628007.057498,4,1615,1545,1765628007057,1765628007057,0,4.67,0.0000,0.0,0.00
1765628007.078896,4,1616,1546,1765628007078,1765628007078,0,4.64,0.0000,0.0,0.00
1765628007.100430,4,1617,1547,1765628007100,1765628007100,0,4.65,0.0000,0.0,0.00
1765628007.121809,4,1618,1549,1765628007121,1765628007121,0,4.63,0.8080,0.0,0.00
1765628007.143153,4,1619,1550,1765628007143,1765628007143,0,4.49,0.6160,0.0,0.00
1765628007.164316,4,1620,1551,1765628007164,1765628007164,0,4.39,0.4120,0.0,0.00
1765628007.188690,4,1621,1552,1765628007185,1765628007188,3,4.27,0.0040,0.0,0.00
1765628007.206990,4,1622,1553,1765628007206,1765628007206,0,4.18,0.0000,0.0,0.00
1765628007.229075,4,1623,1554,1765628007228,1765628007228,0,4.21,0.0000,0.0,0.00
1765628007.250180,4,1624,1555,1765628007250,1765628007250,0,4.21,0.0000,0.0,0.00
1765628007.272684,4,1625,1556,1765628007270,1765628007272,2,4.22,0.8080,0.0,0.00
1765628007.292370,4,1626,1557,1765628007291,1765628007291,0,4.16,0.6160,0.0,0.00
1765628007.312991,4,1627,1559,1765628007312,1765628007312,0,3.94,0.4120,0.0,0.00
1765628007.334596,4,1628,1560,1765628007334,1765628007334,0,3.91,0.2080,0.0,0.00
1765628007.357157,4,1629,1561,1765628007356,1765628007357,1,3.70,0.0000,0.0,0.00
1765628007.368487,4,1630,1562,1765628007367,1765628007367,0,3.89,0.0000,0.0,0.00
1765628007.390686,4,1631,1564,1765628007389,1765628007389,0,3.88,0.0000,0.0,0.00
1765628007.400237,4,1632,1565,1765628007400,1765628007400,0,3.98,0.0000,0.0,0.00
1765628007.423006,4,1633,1566,1765628007421,1765628007423,2,3.74,1.0000,0.0,0.00
1765628007.442818,4,1634,1567,1765628007442,1765628007442,0,3.72,0.7960,0.0,0.00
1765628007.458205,4,1635,1568,1765628007454,1765628007457,3,3.79,0.5800,0.0,0.00
1765628007.475579,4,1636,1569,1765628007475,1765628007475,0,3.66,0.3760,0.0,0.00
1765628007.496597,4,1637,1570,1765628007496,1765628007496,0,3.51,0.1720,0.0,0.00
1765628007.518754,4,1638,1571,1765628007517,1765628007517,0,3.51,0.0000,0.0,0.00
1765628007.538497,4,1639,1572,1765628007538,1765628007538,0,3.51,0.0000,0.0,0.00
1765628007.562567,4,1640,1574,1765628007559,1765628007561,2,3.53,0.0000,0.0,0.00
1765628007.630080,4,1641,1575,1765628007630,1765628007630,0,3.99,0.0000,0.0,0.00
1765628007.652562,4,1642,1576,1765628007651,1765628007652,1,3.96,0.0040,0.0,0.00
1765628007.679151,4,1643,1577,1765628007673,1765628007679,6,4.03,0.0000,0.0,0.00
1765628007.685482,4,1644,1578,1765628007684,1765628007684,0,4.36,0.0000,0.0,0.00
1765628007.708198,4,1645,1579,1765628007705,1765628007708,3,4.37,0.0000,0.0,0.00
1765628007.727501,4,1646,1580,1765628007726,1765628007727,1,4.38,0.8080,0.0,0.00
1765628007.748782,4,1647,1582,1765628007748,1765628007748,0,4.38,0.6040,0.0,0.00
1765628007.773584,4,1648,1583,1765628007769,1765628007773,4,4.42,0.2080,0.0,0.00
1765628007.791473,4,1649,1584,1765628007791,1765628007791,0,4.45,0.0040,0.0,0.00
1765628007.812307,4,1650,1585,1765628007812,1765628007812,0,4.44,0.0000,0.0,0.00
1765628007.833468,4,1651,1586,1765628007833,1765628007833,0,4.26,0.0000,0.0,0.00
1765628007.859470,4,1652,1587,1765628007855,1765628007859,4,4.31,0.0000,0.0,0.00
1765628007.867277,4,1653,1588,1765628007867,1765628007867,0,4.51,0.0000,0.0,0.00
1765628007.879082,4,1654,1589,1765628007878,1765628007879,1,4.61,0.0000,0.0,0.00
1765628007.893629,4,1655,1590,1765628007890,1765628007893,3,4.70,0.0000,0.0,0.00
1765628007.901555,4,1656,1591,1765628007901,1765628007901,0,4.92,0.0000,0.0,0.00
1765628007.925579,4,1657,1592,1765628007922,1765628007924,2,4.93,0.0000,0.0,0.00
1765628007.944362,4,1658,1593,1765628007943,1765628007944,1,4.74,0.0000,0.0,0.00
1765628007.965565,4,1659,1594,1765628007965,1765628007965,0,4.60,1.0000,0.0,0.00
1765628007.986892,4,1660,1595,1765628007986,1765628007986,0,4.49,0.7960,0.0,0.00
1765628008.009717,4,1661,1597,1765628008008,1765628008009,1,4.35,0.3880,0.0,0.00
1765628008.029472,4,1662,1598,1765628008029,1765628008029,0,4.11,0.1840,0.0,0.00
1765628008.051408,4,1663,1599,1765628008050,1765628008051,1,4.09,0.0000,0.0,0.00
1765628008.076555,4,1664,1600,1765628008072,1765628008076,4,4.11,0.0000,0.0,0.00
1765628008.094089,4,1665,1601,1765628008093,1765628008093,0,3.98,0.0000,0.0,0.00
1765628008.114868,4,1666,1602,1765628008114,1765628008114,0,3.77,0.0000,0.0,0.00
1765628008.143620,4,1667,1603,1765628008136,1765628008143,7,3.85,0.0000,0.0,0.00
1765628008.148239,4,1668,1604,1765628008147,1765628008147,0,4.22,0.0000,0.0,0.00
1765628008.283251,4,1669,1606,1765628008276,1765628008283,7,6.37,0.0000,0.0,0.00
1765628008.294354,4,1670,1607,1765628008287,1765628008294,7,6.45,0.0000,0.0,0.00
1765628008.309486,4,1671,1608,1765628008308,1765628008309,1,6.38,0.0000,0.0,0.00
1765628008.330070,4,1672,1609,1765628008330,1765628008330,0,6.35,0.0000,0.0,0.00
1765628008.351541,4,1673,1610,1765628008351,1765628008351,0,6.35,0.0000,0.0,0.00
1765628008.373926,4,1674,1612,1765628008372,1765628008373,1,6.27,0.0000,0.0,0.00
1765628008.394444,4,1675,1613,1765628008394,1765628008394,0,6.27,0.0000,0.0,0.00
1765628008.416239,4,1676,1614,1765628008415,1765628008415,0,6.27,0.0000,0.0,0.00
1765628008.439574,4,1677,1615,1765628008436,1765628008438,2,6.28,0.0000,0.0,0.00
1765628008.448243,4,1678,1616,1765628008448,1765628008448,0,6.38,0.0000,0.0,0.00
1765628008.472423,4,1679,1617,1765628008469,1765628008472,3,6.42,0.0000,0.0,0.00
1765628008.490569,4,1680,1618,1765628008490,1765628008490,0,6.45,0.0000,0.0,0.00
1765628008.504964,4,1681,1619,1765628008501,1765628008503,2,6.50,0.0000,0.0,0.00
1765628008.513531,4,1682,1620,1765628008513,1765628008513,0,6.60,0.0000,0.0,0.00
1765628008.539798,4,1683,1621,1765628008535,1765628008539,4,6.68,0.7960,0.0,0.00
1765628008.546299,4,1684,1622,1765628008546,1765628008546,0,6.86,0.7960,0.0,0.00
1765628008.570448,4,1685,1623,1765628008567,1765628008570,3,6.90,0.3880,0.0,0.00
1765628008.588672,4,1686,1624,1765628008588,1765628008588,0,6.91,0.1840,0.0,0.00
1765628008.610160,4,1687,1625,1765628008610,1765628008610,0,6.91,0.0000,0.0,0.00
1765628008.631391,4,1688,1626,1765628008631,1765628008631,0,6.91,0.0000,0.0,0.00
1765628008.657109,4,1689,1628,1765628008652,1765628008656,4,6.96,0.0000,0.0,0.00
1765628008.674870,4,1690,1629,1765628008674,1765628008674,0,6.86,0.0000,0.0,0.00
1765628008.695294,4,1691,1630,1765628008695,1765628008695,0,6.86,0.0000,0.0,0.00
1765628008.710934,4,1692,1632,1765628008709,1765628008710,1,6.82,0.0000,0.0,0.00
1765628008.731431,4,1693,1633,1765628008731,1765628008731,0,6.80,0.0000,0.0,0.00
1765628008.756821,4,1694,1634,1765628008752,1765628008755,3,6.81,0.0000,0.0,0.00
1765628008.775110,4,1695,1635,1765628008774,1765628008774,0,6.77,0.0000,0.0,0.00
1765628008.796927,4,1696,1637,1765628008795,1765628008795,0,6.73,0.0000,0.0,0.00
1765628008.807849,4,1697,1638,1765628008806,1765628008806,0,6.85,0.0000,0.0,0.00
1765628008.818552,4,1698,1639,1765628008818,1765628008818,0,6.96,0.0000,0.0,0.00
1765628008.839821,4,1699,1640,1765628008839,1765628008839,0,6.96,0.0000,0.0,0.00
1765628008.850941,4,1700,1641,1765628008850,1765628008850,0,7.04,0.0000,0.0,0.00
1765628008.873572,4,1701,1643,1765628008873,1765628008873,0,6.16,0.0000,0.0,0.00
1765628008.894037,4,1702,1644,1765628008894,1765628008894,0,6.15,0.0000,0.0,0.00
1765628008.916567,4,1703,1645,1765628008915,1765628008915,0,6.07,0.0000,0.0,0.00
1765628008.928461,4,1704,1646,1765628008927,1765628008927,0,5.93,0.0000,0.0,0.00
1765628008.949861,4,1705,1647,1765628008949,1765628008949,0,5.90,0.7960,0.0,0.00
1765628008.961775,4,1706,1648,1765628008960,1765628008961,1,6.04,0.6040,0.0,0.00
1765628008.975660,4,1707,1649,1765628008972,1765628008975,3,6.16,0.4000,0.0,0.00
1765628008.993613,4,1708,1650,1765628008993,1765628008993,0,6.13,0.2080,0.0,0.00
1765628009.014476,4,1709,1651,1765628009014,1765628009014,0,6.10,0.0040,0.0,0.00
1765628009.039648,4,1710,1652,1765628009035,1765628009036,1,6.11,0.0000,0.0,0.00
1765628009.058277,4,1711,1654,1765628009057,1765628009057,0,6.11,0.0000,0.0,0.00
1765628009.078520,4,1712,1655,1765628009078,1765628009078,0,6.04,0.0000,0.0,0.00
1765628009.090741,4,1713,1657,1765628009090,1765628009090,0,5.97,0.8080,0.0,0.00
1765628009.101949,4,1714,1658,1765628009101,1765628009101,0,5.98,0.8080,0.0,0.00
1765628009.124488,4,1715,1659,1765628009122,1765628009124,2,5.90,0.3880,0.0,0.00
1765628009.144633,4,1716,1660,1765628009144,1765628009144,0,5.66,0.1840,0.0,0.00
1765628009.160167,4,1717,1661,1765628009158,1765628009159,1,5.74,0.0000,0.0,0.00
1765628009.169907,4,1718,1662,1765628009168,1765628009168,0,5.95,0.0000,0.0,0.00
1765628009.181345,4,1719,1663,1765628009180,1765628009180,0,6.09,0.0000,0.0,0.00
1765628009.191426,4,1720,1664,1765628009191,1765628009191,0,6.24,0.0000,0.0,0.00
1765628009.212529,4,1721,1665,1765628009212,1765628009212,0,6.21,0.0000,0.0,0.00
1765628009.233801,4,1722,1666,1765628009233,1765628009233,0,6.23,0.0000,0.0,0.00
1765628009.246096,4,1723,1668,1765628009245,1765628009246,1,6.33,0.0000,0.0,0.00
1765628009.266456,4,1724,1669,1765628009266,1765628009266,0,6.25,0.0000,0.0,0.00
1765628009.287970,4,1725,1670,1765628009287,1765628009287,0,6.21,0.1920,0.0,0.00
1765628009.309683,4,1726,1672,1765628009309,1765628009309,0,6.23,1.0000,0.0,0.00
1765628009.331710,4,1727,1673,1765628009331,1765628009331,0,6.13,0.7960,0.0,0.00
1765628009.352803,4,1728,1674,1765628009352,1765628009352,0,5.84,0.6040,0.0,0.00
1765628009.364844,4,1729,1675,1765628009364,1765628009364,0,4.35,0.4000,0.0,0.00
1765628009.386329,4,1730,1676,1765628009386,1765628009386,0,4.26,0.2080,0.0,0.00
1765628009.397948,4,1731,1677,1765628009396,1765628009396,0,4.36,0.0040,0.0,0.00
1765628009.408139,4,1732,1679,1765628009408,1765628009408,0,4.44,0.0000,0.0,0.00
1765628009.430126,4,1733,1680,1765628009430,1765628009430,0,4.45,0.0000,0.0,0.00
1765628009.452594,4,1734,1681,1765628009451,1765628009451,0,4.44,0.7960,0.0,0.00
1765628009.463758,4,1735,1682,1765628009462,1765628009462,0,4.55,0.5920,0.0,0.00
1765628009.484771,4,1736,1683,1765628009484,1765628009484,0,4.57,0.4000,0.0,0.00
1765628009.510930,4,1737,1684,1765628009505,1765628009509,4,4.59,0.9840,0.0,0.00
1765628009.517575,4,1738,1685,1765628009517,1765628009517,0,4.63,0.9840,0.0,0.00
1765628009.540957,4,1739,1686,1765628009538,1765628009539,1,4.61,0.5880,0.0,0.00
1765628009.560246,4,1740,1687,1765628009559,1765628009560,1,4.64,0.3840,0.0,0.00
1765628009.581158,4,1741,1688,1765628009581,1765628009581,0,4.58,0.1800,0.0,0.00
1765628009.602996,4,1742,1689,1765628009602,1765628009602,0,4.45,0.0000,0.0,0.00
1765628009.624214,4,1743,1691,1765628009624,1765628009624,0,4.40,0.6040,0.0,0.00
1765628009.645994,4,1744,1692,1765628009645,1765628009645,0,4.20,0.4120,0.0,0.00
1765628009.673159,4,1745,1693,1765628009666,1765628009666,0,4.16,0.0280,0.0,0.00
1765628009.677738,4,1746,1694,1765628009677,1765628009677,0,4.31,0.0280,0.0,0.00
1765628009.699005,4,1747,1695,1765628009699,1765628009699,0,4.31,0.0000,0.0,0.00
1765628009.720298,4,1748,1696,1765628009720,1765628009720,0,4.31,0.0000,0.0,0.00
1765628009.742563,4,1749,1697,1765628009741,1765628009741,0,4.26,0.7840,0.0,0.00
1765628009.759090,4,1750,1698,1765628009753,1765628009757,4,4.30,0.5680,0.0,0.00
1765628009.775181,4,1751,1699,1765628009775,1765628009775,0,4.27,0.3640,0.0,0.00
1765628009.796370,4,1752,1700,1765628009796,1765628009796,0,4.24,0.1720,0.0,0.00
1765628009.817611,4,1753,1702,1765628009817,1765628009817,0,4.24,0.0000,0.0,0.00
1765628009.828750,4,1754,1703,1765628009828,1765628009828,0,4.32,0.0000,0.0,0.00
1765628009.850213,4,1755,1704,1765628009850,1765628009850,0,4.35,0.0000,0.0,0.00
1765628009.873015,4,1756,1705,1765628009871,1765628009871,0,4.35,0.0000,0.0,0.00
1765628009.892822,4,1757,1706,1765628009892,1765628009892,0,4.24,0.0000,0.0,0.00
1765628009.914396,4,1758,1707,1765628009914,1765628009914,0,4.15,0.7960,0.0,0.00
1765628009.938896,4,1759,1708,1765628009935,1765628009938,3,4.19,0.3880,0.0,0.00
1765628009.958686,4,1760,1709,1765628009956,1765628009958,2,4.04,0.1840,0.0,0.00
1765628009.979685,4,1761,1711,1765628009978,1765628009978,0,4.01,0.0000,0.0,0.00
1765628010.000016,4,1762,1712,1765628010000,1765628010000,0,4.02,0.0000,0.0,0.00
1765628010.023525,4,1763,1713,1765628010021,1765628010023,2,4.04,0.0000,0.0,0.00
1765628010.043934,4,1764,1714,1765628010042,1765628010042,0,3.90,0.0000,0.0,0.00
1765628010.057469,4,1765,1715,1765628010054,1765628010056,2,3.97,0.7960,0.0,0.00
1765628010.075610,4,1766,1716,1765628010075,1765628010075,0,3.83,0.5920,0.0,0.00
1765628010.097065,4,1767,1717,1765628010097,1765628010097,0,3.75,0.4000,0.0,0.00
1765628010.122271,4,1768,1718,1765628010118,1765628010122,4,3.80,0.0160,0.0,0.00
1765628010.139643,4,1769,1720,1765628010139,1765628010139,0,3.82,0.0000,0.0,0.00
1765628010.161513,4,1770,1721,1765628010161,1765628010161,0,3.82,0.0000,0.0,0.00
1765628010.182642,4,1771,1722,1765628010182,1765628010182,0,3.82,0.0000,0.0,0.00
1765628010.204896,4,1772,1723,1765628010204,1765628010204,0,3.83,0.0000,0.0,0.00
1765628010.216057,4,1773,1724,1765628010215,1765628010215,0,3.85,0.0000,0.0,0.00
1765628010.227662,4,1774,1725,1765628010226,1765628010226,0,3.85,0.8080,0.0,0.00
1765628010.237570,4,1775,1726,1765628010237,1765628010237,0,3.98,0.6160,0.0,0.00
1765628010.259135,4,1776,1727,1765628010259,1765628010259,0,4.00,0.4120,0.0,0.00
1765628010.280678,4,1777,1728,1765628010280,1765628010280,0,3.94,0.2200,0.0,0.00
1765628010.291957,4,1778,1730,1765628010291,1765628010291,0,3.90,1.0160,0.0,0.00
1765628010.303373,4,1779,1731,1765628010303,1765628010303,0,3.90,0.8120,0.0,0.00
1765628010.325734,4,1780,1732,1765628010325,1765628010325,0,3.74,0.6080,0.0,0.00
1765628010.345932,4,1781,1733,1765628010345,1765628010345,0,3.73,0.4160,0.0,0.00
1765628010.369003,4,1782,1734,1765628010367,1765628010369,2,3.76,0.0200,0.0,0.00
1765628010.379159,4,1783,1735,1765628010379,1765628010379,0,3.83,0.0200,0.0,0.00
1765628010.401179,4,1784,1736,1765628010400,1765628010400,0,3.84,0.0000,0.0,0.00
1765628010.421181,4,1785,1737,1765628010421,1765628010421,0,3.84,0.0000,0.0,0.00
1765628010.436077,4,1786,1738,1765628010432,1765628010436,4,3.90,0.7960,0.0,0.00
1765628010.454001,4,1787,1739,1765628010454,1765628010454,0,3.89,0.6040,0.0,0.00
1765628010.476987,4,1788,1741,1765628010475,1765628010475,0,3.89,0.4000,0.0,0.00
1765628010.488420,4,1789,1742,1765628010487,1765628010487,0,3.89,0.2080,0.0,0.00
1765628010.501017,4,1790,1743,1765628010498,1765628010499,1,4.00,0.0160,0.0,0.00
1765628010.519528,4,1791,1744,1765628010519,1765628010519,0,3.82,0.0000,0.0,0.00
1765628010.540649,4,1792,1745,1765628010540,1765628010540,0,3.69,0.0000,0.0,0.00
1765628010.566019,4,1793,1746,1765628010561,1765628010566,5,3.73,0.0000,0.0,0.00
1765628010.583759,4,1794,1747,1765628010583,1765628010583,0,3.75,0.0000,0.0,0.00
1765628010.604992,4,1795,1748,1765628010604,1765628010604,0,3.59,0.0000,0.0,0.00
1765628010.627370,4,1796,1749,1765628010626,1765628010626,0,3.59,0.0000,0.0,0.00
1765628010.638041,4,1797,1750,1765628010638,1765628010638,0,3.68,0.0000,0.0,0.00
1765628010.660056,4,1798,1751,1765628010659,1765628010659,0,3.46,1.0000,0.0,0.00
1765628010.670402,4,1799,1752,1765628010670,1765628010670,0,3.60,0.7960,0.0,0.00
1765628010.691891,4,1800,1753,1765628010691,1765628010691,0,3.60,0.5920,0.0,0.00
1765628010.717026,4,1801,1754,1765628010713,1765628010717,4,3.66,0.1960,0.0,0.00
1765628010.734268,4,1802,1756,1765628010734,1765628010734,0,3.68,0.0000,0.0,0.00
1765628010.755898,4,1803,1757,1765628010755,1765628010755,0,3.67,0.0000,0.0,0.00
1765628010.777441,4,1804,1758,1765628010777,1765628010777,0,3.68,0.0000,0.0,0.00
1765628010.798770,4,1805,1759,1765628010798,1765628010798,0,3.68,0.0000,0.0,0.00
1765628010.821147,4,1806,1760,1765628010821,1765628010821,0,3.55,0.0000,0.0,0.00
1765628010.831646,4,1807,1761,1765628010831,1765628010831,0,3.71,0.0000,0.0,0.00
1765628010.843274,4,1808,1762,1765628010842,1765628010842,0,3.86,0.0000,0.0,0.00
1765628010.866042,4,1809,1763,1765628010863,1765628010866,3,3.89,0.0000,0.0,0.00
1765628010.875672,4,1810,1764,1765628010875,1765628010875,0,4.04,0.0000,0.0,0.00
1765628010.887607,4,1811,1765,1765628010887,1765628010887,0,4.17,0.0000,0.0,0.00
1765628010.899274,4,1812,1766,1765628010898,1765628010898,0,4.30,0.0000,0.0,0.00
1765628010.919882,4,1813,1767,1765628010919,1765628010919,0,4.30,0.0000,0.0,0.00
1765628010.941848,4,1814,1768,1765628010941,1765628010941,0,4.18,0.7960,0.0,0.00
1765628010.952451,4,1815,1769,1765628010952,1765628010952,0,4.30,0.6040,0.0,0.00
1765628010.973686,4,1816,1770,1765628010973,1765628010973,0,4.30,0.4000,0.0,0.00
1765628010.997927,4,1817,1772,1765628010995,1765628010996,1,4.33,0.0040,0.0,0.00
1765628011.016656,4,1818,1773,1765628011016,1765628011016,0,4.30,0.0000,0.0,0.00
1765628011.037955,4,1819,1774,1765628011037,1765628011037,0,4.27,0.0000,0.0,0.00
1765628011.061221,4,1820,1775,1765628011059,1765628011061,2,4.31,0.0000,0.0,0.00
1765628011.080435,4,1821,1776,1765628011080,1765628011080,0,4.30,0.0000,0.0,0.00
1765628011.102074,4,1822,1778,1765628011102,1765628011102,0,4.30,0.7960,0.0,0.00
1765628011.123152,4,1823,1779,1765628011123,1765628011123,0,4.28,0.6040,0.0,0.00
1765628011.134465,4,1824,1780,1765628011134,1765628011134,0,4.42,0.4000,0.0,0.00
1765628011.156766,4,1825,1781,1765628011155,1765628011155,0,4.37,0.1960,0.0,0.00
1765628011.182783,4,1826,1783,1765628011177,1765628011182,5,4.46,0.0000,0.0,0.00
1765628011.188940,4,1827,1784,1765628011188,1765628011188,0,4.67,0.0000,0.0,0.00
1765628011.200099,4,1828,1785,1765628011200,1765628011200,0,4.71,0.0000,0.0,0.00
1765628011.221146,4,1829,1786,1765628011221,1765628011221,0,4.73,0.0000,0.0,0.00
1765628011.245889,4,1830,1787,1765628011242,1765628011244,2,4.74,0.0000,0.0,0.00
1765628011.263755,4,1831,1788,1765628011263,1765628011263,0,4.71,0.7960,0.0,0.00
1765628011.285796,4,1832,1789,1765628011285,1765628011285,0,4.71,0.5920,0.0,0.00
1765628011.307752,4,1833,1790,1765628011306,1765628011306,0,4.60,0.4000,0.0,0.00
1765628011.328171,4,1834,1792,1765628011328,1765628011328,0,4.49,0.0160,0.0,0.00
1765628011.350304,4,1835,1793,1765628011349,1765628011349,0,4.36,0.0000,0.0,0.00
1765628011.361537,4,1836,1795,1765628011360,1765628011360,0,4.48,0.0000,0.0,0.00
1765628011.382828,4,1837,1796,1765628011381,1765628011381,0,4.48,0.0000,0.0,0.00
1765628011.404463,4,1838,1797,1765628011403,1765628011403,0,4.36,0.0000,0.0,0.00
1765628011.426839,4,1839,1798,1765628011424,1765628011425,1,4.24,0.8080,0.0,0.00
1765628011.446260,4,1840,1799,1765628011445,1765628011446,1,4.23,0.6160,0.0,0.00
1765628011.458925,4,1841,1800,1765628011456,1765628011458,2,4.37,0.4120,0.0,0.00
1765628011.477950,4,1842,1801,1765628011477,1765628011477,0,4.31,0.2080,0.0,0.00
1765628011.499025,4,1843,1802,1765628011499,1765628011499,0,4.16,0.0160,0.0,0.00
1765628011.520013,4,1844,1803,1765628011520,1765628011520,0,4.16,0.0000,0.0,0.00
1765628011.541497,4,1845,1804,1765628011541,1765628011541,0,4.16,0.0000,0.0,0.00
1765628011.563226,4,1846,1806,1765628011563,1765628011563,0,4.10,0.7960,0.0,0.00
1765628011.574105,4,1847,1807,1765628011574,1765628011574,0,4.27,0.6040,0.0,0.00
1765628011.595707,4,1848,1808,1765628011595,1765628011595,0,4.27,0.4000,0.0,0.00
1765628011.617411,4,1849,1809,1765628011617,1765628011617,0,4.14,1.1960,0.0,0.00
1765628011.641879,4,1850,1810,1765628011638,1765628011640,2,4.01,0.8000,0.0,0.00
1765628011.659759,4,1851,1811,1765628011659,1765628011659,0,4.00,0.5960,0.0,0.00
1765628011.680529,4,1852,1812,1765628011680,1765628011680,0,4.00,0.3920,0.0,0.00
1765628011.702511,4,1853,1813,1765628011701,1765628011701,0,3.96,0.2000,0.0,0.00
1765628011.726165,4,1854,1814,1765628011722,1765628011722,0,3.92,0.2160,0.0,0.00
1765628011.744501,4,1855,1816,1765628011744,1765628011744,0,3.93,0.9760,0.0,0.00
1765628011.766050,4,1856,1817,1765628011766,1765628011766,0,3.93,0.7840,0.0,0.00
1765628011.776710,4,1857,1818,1765628011776,1765628011776,0,3.98,0.5920,0.0,0.00
1765628011.799426,4,1858,1820,1765628011797,1765628011797,0,3.98,0.4000,0.0,0.00
1765628011.809633,4,1859,1821,1765628011809,1765628011809,0,3.96,0.1960,0.0,0.00
1765628011.831692,4,1860,1822,1765628011831,1765628011831,0,3.97,0.0000,0.0,0.00
1765628011.853829,4,1861,1823,1765628011852,1765628011852,0,3.92,0.0000,0.0,0.00
1765628011.874994,4,1862,1824,1765628011874,1765628011874,0,3.90,0.0000,0.0,0.00
1765628011.895708,4,1863,1825,1765628011895,1765628011895,0,3.90,0.0000,0.0,0.00
1765628011.917533,4,1864,1826,1765628011917,1765628011917,0,3.90,0.8080,0.0,0.00
1765628011.941429,4,1865,1828,1765628011939,1765628011941,2,3.93,0.4120,0.0,0.00
1765628011.959647,4,1866,1829,1765628011959,1765628011959,0,3.92,0.2080,0.0,0.00
1765628011.981278,4,1867,1830,1765628011981,1765628011981,0,3.73,0.0040,0.0,0.00
1765628012.002537,4,1868,1831,1765628012002,1765628012002,0,3.56,0.0000,0.0,0.00
1765628012.023845,4,1869,1832,1765628012023,1765628012023,0,3.53,0.0000,0.0,0.00
1765628012.046140,4,1870,1833,1765628012046,1765628012046,0,3.31,0.0000,0.0,0.00
1765628012.058217,4,1871,1834,1765628012056,1765628012056,0,3.36,0.0000,0.0,0.00
1765628012.078941,4,1872,1835,1765628012078,1765628012078,0,3.17,0.0000,0.0,0.00
1765628012.100623,4,1873,1836,1765628012099,1765628012099,0,3.17,0.0000,0.0,0.00
1765628012.120402,4,1874,1837,1765628012120,1765628012120,0,3.16,0.0000,0.0,0.00
1765628012.142797,4,1875,1838,1765628012141,1765628012141,0,2.95,0.0000,0.0,0.00
1765628012.163588,4,1876,1839,1765628012163,1765628012163,0,2.96,0.0000,0.0,0.00
1765628012.184078,4,1877,1840,1765628012184,1765628012184,0,2.94,0.0000,0.0,0.00
1765628012.206200,4,1878,1841,1765628012206,1765628012206,0,2.96,0.6160,0.0,0.00
1765628012.216823,4,1879,1842,1765628012216,1765628012216,0,3.19,0.6160,0.0,0.00
1765628012.240055,4,1880,1844,1765628012238,1765628012240,2,3.19,0.2080,0.0,0.00
1765628012.258973,4,1881,1845,1765628012258,1765628012258,0,3.22,1.0040,0.0,0.00
1765628012.280626,4,1882,1846,1765628012280,1765628012280,0,3.22,0.8000,0.0,0.00
1765628012.301669,4,1883,1847,1765628012301,1765628012301,0,3.22,0.6080,0.0,0.00
1765628012.322710,4,1884,1848,1765628012322,1765628012322,0,3.01,0.2000,0.0,0.00
1765628012.344435,4,1885,1849,1765628012344,1765628012344,0,3.01,0.0000,0.0,0.00
1765628012.358701,4,1886,1850,1765628012355,1765628012358,3,3.10,0.0000,0.0,0.00
1765628012.376716,4,1887,1851,1765628012376,1765628012376,0,2.80,0.0000,0.0,0.00
1765628012.397881,4,1888,1852,1765628012397,1765628012397,0,2.61,0.0000,0.0,0.00
1765628012.423408,4,1889,1853,1765628012419,1765628012422,3,2.64,0.0000,0.0,0.00
1765628012.441712,4,1890,1855,1765628012440,1765628012440,0,2.67,0.0000,0.0,0.00
1765628012.462031,4,1891,1856,1765628012462,1765628012462,0,2.66,0.0000,0.0,0.00
1765628012.483426,4,1892,1857,1765628012483,1765628012483,0,2.65,0.0000,0.0,0.00
1765628012.507162,4,1893,1858,1765628012504,1765628012507,3,2.67,0.0000,0.0,0.00
1765628012.526494,4,1894,1859,1765628012525,1765628012525,0,2.71,0.0000,0.0,0.00
1765628012.548056,4,1895,1860,1765628012546,1765628012546,0,2.71,0.8080,0.0,0.00
1765628012.558210,4,1896,1861,1765628012558,1765628012558,0,2.68,0.6040,0.0,0.00
1765628012.580505,4,1897,1862,1765628012579,1765628012579,0,2.68,0.4120,0.0,0.00
1765628012.590609,4,1898,1863,1765628012590,1765628012590,0,2.88,0.2080,0.0,0.00
1765628012.613421,4,1899,1864,1765628012611,1765628012611,0,2.88,0.0000,0.0,0.00
1765628012.624648,4,1900,1865,1765628012623,1765628012624,1,3.03,0.0000,0.0,0.00
1765628012.635146,4,1901,1866,1765628012635,1765628012635,0,3.05,0.0000,0.0,0.00
1765628012.646140,4,1902,1867,1765628012646,1765628012646,0,3.24,0.0000,0.0,0.00
1765628012.667804,4,1903,1868,1765628012667,1765628012667,0,3.23,0.0000,0.0,0.00
1765628012.692620,4,1904,1870,1765628012689,1765628012691,2,3.26,0.7960,0.0,0.00
1765628012.710447,4,1905,1871,1765628012710,1765628012710,0,3.26,0.5920,0.0,0.00
1765628012.731407,4,1906,1872,1765628012731,1765628012731,0,3.25,0.4000,0.0,0.00
1765628012.757018,4,1907,1873,1765628012753,1765628012757,4,3.11,0.0040,0.0,0.00
1765628012.774043,4,1908,1874,1765628012774,1765628012774,0,3.16,0.0000,0.0,0.00
1765628012.789123,4,1909,1875,1765628012785,1765628012788,3,3.26,1.0000,0.0,0.00
1765628012.806620,4,1910,1876,1765628012806,1765628012806,0,3.26,0.8080,0.0,0.00
1765628012.828252,4,1911,1877,1765628012828,1765628012828,0,3.27,0.6040,0.0,0.00
1765628012.849531,4,1912,1878,1765628012849,1765628012849,0,3.27,0.3880,0.0,0.00
1765628012.873434,4,1913,1880,1765628012871,1765628012873,2,3.30,0.0000,0.0,0.00
1765628012.892565,4,1914,1881,1765628012892,1765628012892,0,3.30,0.0000,0.0,0.00
1765628012.909636,4,1915,1882,1765628012903,1765628012908,5,3.35,0.7960,0.0,0.00
1765628012.915591,4,1916,1883,1765628012915,1765628012915,0,3.58,0.7960,0.0,0.00
1765628012.926451,4,1917,1884,1765628012926,1765628012926,0,3.56,0.6040,0.0,0.00
1765628012.948087,4,1918,1885,1765628012948,1765628012948,0,3.57,0.4120,0.0,0.00
1765628012.972389,4,1919,1886,1765628012969,1765628012972,3,3.47,0.0040,0.0,0.00
1765628012.990302,4,1920,1887,1765628012990,1765628012990,0,3.47,0.0000,0.0,0.00
1765628013.012110,4,1921,1888,1765628013012,1765628013012,0,3.48,0.0000,0.0,0.00
1765628013.033709,4,1922,1889,1765628013033,1765628013033,0,3.47,0.0000,0.0,0.00
1765628013.056125,4,1923,1891,1765628013055,1765628013056,1,3.49,0.0000,0.0,0.00
1765628013.076382,4,1924,1892,1765628013076,1765628013076,0,3.47,0.0000,0.0,0.00
1765628013.097885,4,1925,1893,1765628013097,1765628013097,0,3.43,0.0000,0.0,0.00
1765628013.124863,4,1926,1894,1765628013119,1765628013123,4,3.48,0.0000,0.0,0.00
1765628013.131818,4,1927,1895,1765628013130,1765628013130,0,3.71,0.0000,0.0,0.00
1765628013.141633,4,1928,1896,1765628013141,1765628013141,0,3.85,0.0000,0.0,0.00
1765628013.162591,4,1929,1897,1765628013162,1765628013162,0,3.85,0.0000,0.0,0.00
1765628013.183578,4,1930,1898,1765628013183,1765628013183,0,3.83,0.0000,0.0,0.00
1765628013.206088,4,1931,1899,1765628013205,1765628013206,1,3.69,1.0000,0.0,0.00
1765628013.227487,4,1932,1900,1765628013226,1765628013226,0,3.66,0.8080,0.0,0.00
1765628013.247478,4,1933,1901,1765628013247,1765628013247,0,3.66,0.6040,0.0,0.00
1765628013.272497,4,1934,1902,1765628013268,1765628013272,4,3.71,0.2080,0.0,0.00
1765628013.290392,4,1935,1903,1765628013290,1765628013290,0,3.72,0.0040,0.0,0.00
1765628013.311824,4,1936,1904,1765628013311,1765628013311,0,3.70,0.0000,0.0,0.00
1765628013.332749,4,1937,1906,1765628013332,1765628013332,0,3.70,0.0000,0.0,0.00
1765628013.358566,4,1938,1907,1765628013354,1765628013357,3,3.74,0.0000,0.0,0.00
1765628013.375994,4,1939,1909,1765628013375,1765628013375,0,3.58,0.0000,0.0,0.00
1765628013.392254,4,1940,1910,1765628013388,1765628013391,3,3.58,0.0000,0.0,0.00
1765628013.399423,4,1941,1911,1765628013399,1765628013399,0,3.78,0.0000,0.0,0.00
1765628013.423852,4,1942,1912,1765628013420,1765628013423,3,3.81,0.0000,0.0,0.00
1765628013.441944,4,1943,1913,1765628013441,1765628013441,0,3.80,0.0000,0.0,0.00
1765628013.463383,4,1944,1914,1765628013463,1765628013463,0,3.81,0.0000,0.0,0.00
1765628013.484712,4,1945,1915,1765628013484,1765628013484,0,3.80,0.0000,0.0,0.00
1765628013.509060,4,1946,1916,1765628013506,1765628013509,3,3.78,0.0000,0.0,0.00
1765628013.527772,4,1947,1917,1765628013527,1765628013527,0,3.78,0.0000,0.0,0.00
1765628013.549705,4,1948,1918,1765628013548,1765628013548,0,3.78,0.0000,0.0,0.00
1765628013.570219,4,1949,1919,1765628013570,1765628013570,0,3.74,0.0000,0.0,0.00
1765628013.594051,4,1950,1920,1765628013591,1765628013594,3,3.78,0.0000,0.0,0.00
1765628013.603808,4,1951,1921,1765628013602,1765628013602,0,3.97,0.0000,0.0,0.00
1765628013.613976,4,1952,1922,1765628013613,1765628013613,0,4.11,0.0000,0.0,0.00
1765628013.635648,4,1953,1923,1765628013635,1765628013635,0,4.08,0.0000,0.0,0.00
1765628013.658369,4,1954,1925,1765628013657,1765628013658,1,4.11,0.0000,0.0,0.00
1765628013.679203,4,1955,1926,1765628013678,1765628013679,1,4.11,0.0000,0.0,0.00
1765628013.700038,4,1956,1927,1765628013700,1765628013700,0,3.99,0.0000,0.0,0.00
1765628013.712246,4,1957,1928,1765628013711,1765628013711,0,4.14,0.8080,0.0,0.00
1765628013.732919,4,1958,1929,1765628013732,1765628013732,0,3.99,0.6040,0.0,0.00
1765628013.757630,4,1959,1930,1765628013754,1765628013754,0,4.00,0.2200,0.0,0.00
1765628013.774944,4,1960,1931,1765628013774,1765628013774,0,3.89,0.0160,0.0,0.00
1765628013.796439,4,1961,1932,1765628013796,1765628013796,0,3.74,1.0000,0.0,0.00
1765628013.817665,4,1962,1933,1765628013817,1765628013817,0,3.58,0.7960,0.0,0.00
1765628013.839297,4,1963,1934,1765628013839,1765628013839,0,3.59,0.4120,0.0,0.00
1765628013.860905,4,1964,1935,1765628013860,1765628013860,0,3.56,0.2200,0.0,0.00
1765628013.883187,4,1965,1936,1765628013882,1765628013882,0,3.57,0.0280,0.0,0.00
1765628013.894391,4,1966,1937,1765628013893,1765628013894,1,3.72,0.0000,0.0,0.00
1765628013.907182,4,1967,1939,1765628013906,1765628013907,1,3.78,0.0000,0.0,0.00
1765628013.917693,4,1968,1940,1765628013916,1765628013916,0,3.96,0.0000,0.0,0.00
1765628013.927830,4,1969,1941,1765628013927,1765628013927,0,4.02,0.0000,0.0,0.00
1765628013.949945,4,1970,1942,1765628013949,1765628013949,0,4.03,0.0000,0.0,0.00
1765628013.972742,4,1971,1943,1765628013970,1765628013971,1,4.03,0.0000,0.0,0.00
1765628013.991563,4,1972,1944,1765628013991,1765628013991,0,4.02,0.0000,0.0,0.00
1765628014.012962,4,1973,1945,1765628014012,1765628014012,0,3.99,0.0000,0.0,0.00
1765628014.034990,4,1974,1946,1765628014033,1765628014033,0,4.01,0.0000,0.0,0.00
1765628014.055312,4,1975,1947,1765628014055,1765628014055,0,3.97,0.0000,0.0,0.00
1765628014.076287,4,1976,1948,1765628014076,1765628014076,0,3.70,0.0000,0.0,0.00
1765628014.097957,4,1977,1950,1765628014097,1765628014097,0,3.51,0.0000,0.0,0.00
1765628014.126032,4,1978,1952,1765628014120,1765628014126,6,3.57,0.1920,0.0,0.00
1765628014.131938,4,1979,1953,1765628014130,1765628014130,0,3.90,0.8080,0.0,0.00
1765628014.143424,4,1980,1954,1765628014142,1765628014142,0,4.05,0.6160,0.0,0.00
1765628014.163693,4,1981,1955,1765628014163,1765628014163,0,4.04,0.4120,0.0,0.00
1765628014.188726,4,1982,1956,1765628014185,1765628014188,3,4.08,0.0160,0.0,0.00
1765628014.208123,4,1983,1957,1765628014206,1765628014207,1,4.04,0.0000,0.0,0.00
1765628014.227216,4,1984,1958,1765628014227,1765628014227,0,4.04,0.0000,0.0,0.00
1765628014.248997,4,1985,1959,1765628014248,1765628014248,0,4.04,0.0000,0.0,0.00
1765628014.271575,4,1986,1960,1765628014269,1765628014271,2,4.01,0.0000,0.0,0.00
1765628014.290851,4,1987,1961,1765628014290,1765628014290,0,3.73,0.0000,0.0,0.00
1765628014.312502,4,1988,1962,1765628014311,1765628014312,1,3.56,0.0000,0.0,0.00
1765628014.332825,4,1989,1963,1765628014332,1765628014332,0,3.55,0.0000,0.0,0.00
1765628014.358071,4,1990,1965,1765628014356,1765628014358,2,3.60,0.7960,0.0,0.00
1765628014.370973,4,1991,1966,1765628014366,1765628014369,3,3.76,0.6040,0.0,0.00
1765628014.388020,4,1992,1967,1765628014388,1765628014388,0,3.77,0.4120,0.0,0.00
1765628014.409513,4,1993,1968,1765628014409,1765628014409,0,3.77,0.2200,0.0,0.00
1765628014.431522,4,1994,1969,1765628014431,1765628014431,0,3.73,1.0001,0.0,0.00
1765628014.454008,4,1995,1970,1765628014452,1765628014454,2,3.74,0.5920,0.0,0.00
1765628014.473785,4,1996,1971,1765628014473,1765628014473,0,3.73,0.3880,0.0,0.00
1765628014.495979,4,1997,1972,1765628014494,1765628014494,0,3.73,0.1840,0.0,0.00
1765628014.519870,4,1998,1973,1765628014516,1765628014518,2,3.72,0.0000,0.0,0.00
1765628014.537668,4,1999,1974,1765628014537,1765628014537,0,3.70,0.0000,0.0,0.00
1765628014.559464,4,2000,1975,1765628014559,1765628014559,0,3.65,0.0000,0.0,0.00
1765628014.581001,4,2001,1976,1765628014581,1765628014581,0,3.40,0.0000,0.0,0.00
1765628014.603907,4,2002,1978,1765628014602,1765628014603,1,3.38,0.0000,0.0,0.00
1765628014.624347,4,2003,1979,1765628014624,1765628014624,0,3.35,0.0000,0.0,0.00
1765628014.646278,4,2004,1980,1765628014646,1765628014646,0,3.35,0.0000,0.0,0.00
1765628014.669750,4,2005,1981,1765628014667,1765628014669,2,3.37,0.7960,0.0,0.00
1765628014.688849,4,2006,1982,1765628014688,1765628014688,0,3.34,0.6040,0.0,0.00
1765628014.709966,4,2007,1983,1765628014709,1765628014709,0,3.31,0.4000,0.0,0.00
1765628014.730995,4,2008,1984,1765628014730,1765628014730,0,3.31,0.2080,0.0,0.00
1765628014.751754,4,2009,1985,1765628014751,1765628014751,0,3.30,0.0000,0.0,0.00
1765628014.773254,4,2010,1986,1765628014773,1765628014773,0,3.28,0.0000,0.0,0.00
1765628014.795285,4,2011,1988,1765628014795,1765628014795,0,3.01,0.0000,0.0,0.00
1765628014.819741,4,2012,1990,1765628014817,1765628014819,2,2.83,0.0000,0.0,0.00
1765628014.829230,4,2013,1991,1765628014828,1765628014828,0,3.08,0.0000,0.0,0.00
1765628014.852030,4,2014,1992,1765628014849,1765628014850,1,3.07,0.5920,0.0,0.00
1765628014.871152,4,2015,1993,1765628014871,1765628014871,0,3.07,0.4000,0.0,0.00
1765628014.892367,4,2016,1994,1765628014892,1765628014892,0,3.07,0.1960,0.0,0.00
1765628014.917189,4,2017,1995,1765628014914,1765628014917,3,2.89,0.0000,0.0,0.00
1765628014.934829,4,2018,1996,1765628014934,1765628014934,0,2.95,0.0000,0.0,0.00
1765628014.956825,4,2019,1997,1765628014955,1765628014955,0,2.94,0.0000,0.0,0.00
1765628014.976877,4,2020,1999,1765628014976,1765628014976,0,2.95,0.0000,0.0,0.00
1765628015.001057,4,2021,2000,1765628014998,1765628015001,3,2.98,0.7960,0.0,0.00
1765628015.020728,4,2022,2001,1765628015019,1765628015019,0,3.02,0.6040,0.0,0.00
1765628015.043286,4,2023,2002,1765628015041,1765628015041,0,3.02,0.4000,0.0,0.00
1765628015.054087,4,2024,2003,1765628015053,1765628015053,0,3.20,0.1960,0.0,0.00
1765628015.069788,4,2025,2004,1765628015064,1765628015068,4,3.29,0.0040,0.0,0.00
1765628015.085870,4,2026,2005,1765628015085,1765628015085,0,3.18,0.0000,0.0,0.00
1765628015.106985,4,2027,2006,1765628015106,1765628015106,0,3.02,0.0000,0.0,0.00
1765628015.128262,4,2028,2007,1765628015128,1765628015128,0,2.79,0.0000,0.0,0.00
1765628015.152467,4,2029,2009,1765628015149,1765628015152,3,2.62,0.0000,0.0,0.00
1765628015.170976,4,2030,2010,1765628015170,1765628015170,0,2.65,1.0000,0.0,0.00
1765628015.192271,4,2031,2011,1765628015192,1765628015192,0,2.65,1.1257,0.0,0.00
1765628015.214149,4,2032,2012,1765628015214,1765628015214,0,2.66,0.8372,0.0,0.00
1765628015.234715,4,2033,2013,1765628015234,1765628015234,0,2.67,0.2602,0.0,0.00
1765628015.246677,4,2034,2014,1765628015246,1765628015246,0,2.84,0.2602,0.0,0.00
1765628015.269251,4,2035,2015,1765628015268,1765628015268,0,2.84,0.0000,0.0,0.00
1765628015.289495,4,2036,2016,1765628015289,1765628015289,0,2.84,0.0000,0.0,0.00
1765628015.311038,4,2037,2017,1765628015310,1765628015310,0,2.84,0.0000,0.0,0.00
1765628015.334566,4,2038,2018,1765628015331,1765628015334,3,2.79,0.0000,0.0,0.00
1765628015.352919,4,2039,2020,1765628015352,1765628015352,0,2.48,0.0000,0.0,0.00
1765628015.376908,4,2040,2022,1765628015374,1765628015376,2,2.33,0.0000,0.0,0.00
1765628015.388767,4,2041,2023,1765628015386,1765628015387,1,2.53,0.7960,0.0,0.00
1765628015.403154,4,2042,2024,1765628015398,1765628015403,5,2.58,0.5920,0.0,0.00
1765628015.410681,4,2043,2025,1765628015409,1765628015409,0,2.86,0.5920,0.0,0.00
1765628015.430873,4,2044,2026,1765628015430,1765628015430,0,2.87,0.4000,0.0,0.00
1765628015.452207,4,2045,2027,1765628015452,1765628015452,0,2.88,0.0040,0.0,0.00
1765628015.473750,4,2046,2028,1765628015473,1765628015473,0,2.86,0.0000,0.0,0.00
1765628015.495226,4,2047,2029,1765628015494,1765628015494,0,2.84,0.0000,0.0,0.00
1765628015.518818,4,2048,2030,1765628015516,1765628015518,2,2.86,0.0000,0.0,0.00
1765628015.537420,4,2049,2031,1765628015537,1765628015537,0,2.89,0.0000,0.0,0.00
1765628015.559536,4,2050,2033,1765628015558,1765628015558,0,2.83,0.7960,0.0,0.00
1765628015.569735,4,2051,2034,1765628015569,1765628015569,0,2.83,0.6040,0.0,0.00
1765628015.591393,4,2052,2035,1765628015591,1765628015591,0,2.83,0.4120,0.0,0.00
1765628015.617919,4,2053,2036,1765628015613,1765628015617,4,2.88,0.0160,0.0,0.00
1765628015.624602,4,2054,2037,1765628015624,1765628015624,0,3.16,0.0160,0.0,0.00
1765628015.649450,4,2055,2038,1765628015646,1765628015646,0,3.15,0.0000,0.0,0.00
1765628015.667159,4,2056,2039,1765628015667,1765628015667,0,3.14,0.0000,0.0,0.00
1765628015.688347,4,2057,2040,1765628015688,1765628015688,0,3.14,0.0000,0.0,0.00
1765628015.709183,4,2058,2041,1765628015709,1765628015709,0,3.11,0.0000,0.0,0.00
1765628015.732041,4,2059,2043,1765628015731,1765628015732,1,3.12,0.5920,0.0,0.00
1765628015.741909,4,2060,2044,1765628015741,1765628015741,0,3.36,0.5920,0.0,0.00
1765628015.765703,4,2061,2045,1765628015763,1765628015765,2,3.38,0.1960,0.0,0.00
1765628015.785600,4,2062,2046,1765628015784,1765628015784,0,3.38,0.0040,0.0,0.00
1765628015.806370,4,2063,2047,1765628015806,1765628015806,0,3.39,0.0000,0.0,0.00
1765628015.817192,4,2064,2048,1765628015817,1765628015817,0,3.56,0.0000,0.0,0.00
1765628015.838088,4,2065,2049,1765628015838,1765628015838,0,3.54,0.0000,0.0,0.00
1765628015.858977,4,2066,2050,1765628015858,1765628015858,0,3.53,0.0000,0.0,0.00
1765628015.881133,4,2067,2051,1765628015879,1765628015881,2,3.55,0.0000,0.0,0.00
1765628015.901309,4,2068,2052,1765628015901,1765628015901,0,3.54,0.0000,0.0,0.00
1765628015.923129,4,2069,2054,1765628015923,1765628015923,0,3.55,0.7960,0.0,0.00
1765628015.947670,4,2070,2055,1765628015944,1765628015946,2,3.56,0.4000,0.0,0.00
1765628015.966149,4,2071,2056,1765628015966,1765628015966,0,3.54,0.1960,0.0,0.00
1765628015.987102,4,2072,2057,1765628015987,1765628015987,0,3.51,0.0000,0.0,0.00
1765628016.009477,4,2073,2058,1765628016008,1765628016008,0,3.28,0.0000,0.0,0.00
1765628016.049797,4,2074,2059,1765628016048,1765628016048,0,3.45,0.0000,0.0,0.00
1765628016.067917,4,2075,2060,1765628016066,1765628016066,0,3.48,0.0000,0.0,0.00
1765628016.079491,4,2076,2061,1765628016078,1765628016079,1,3.63,0.0000,0.0,0.00
1765628016.091297,4,2077,2062,1765628016091,1765628016091,0,3.74,0.0000,0.0,0.00
1765628016.113098,4,2078,2063,1765628016113,1765628016113,0,3.71,0.0000,0.0,0.00
1765628016.135505,4,2079,2065,1765628016135,1765628016135,0,3.72,0.0000,0.0,0.00
1765628016.158821,4,2080,2066,1765628016156,1765628016158,2,3.74,0.0000,0.0,0.00
1765628016.177902,4,2081,2067,1765628016177,1765628016177,0,3.70,0.0000,0.0,0.00
1765628016.199963,4,2082,2068,1765628016199,1765628016199,0,3.69,0.0000,0.0,0.00
1765628016.220682,4,2083,2069,1765628016220,1765628016220,0,3.68,0.8080,0.0,0.00
1765628016.241862,4,2084,2070,1765628016241,1765628016241,0,3.51,0.4240,0.0,0.00
1765628016.263868,4,2085,2071,1765628016263,1765628016263,0,3.42,0.2320,0.0,0.00
1765628016.284998,4,2086,2073,1765628016284,1765628016284,0,3.36,0.0400,0.0,0.00
1765628016.308280,4,2087,2074,1765628016306,1765628016307,1,3.38,0.0000,0.0,0.00
1765628016.317361,4,2088,2075,1765628016317,1765628016317,0,3.60,0.0000,0.0,0.00
1765628016.342932,4,2089,2076,1765628016339,1765628016341,2,3.60,0.0000,0.0,0.00
1765628016.350463,4,2090,2077,1765628016350,1765628016350,0,3.81,0.0000,0.0,0.00
1765628016.372715,4,2091,2079,1765628016371,1765628016372,1,3.81,0.0000,0.0,0.00
1765628016.392901,4,2092,2080,1765628016392,1765628016392,0,3.79,0.0000,0.0,0.00
1765628016.414074,4,2093,2081,1765628016414,1765628016414,0,3.81,0.0000,0.0,0.00
1765628016.438556,4,2094,2082,1765628016435,1765628016438,3,3.66,0.8080,0.0,0.00
1765628016.447614,4,2095,2083,1765628016446,1765628016446,0,3.93,0.8080,0.0,0.00
1765628016.472456,4,2096,2084,1765628016468,1765628016471,3,3.96,0.4120,0.0,0.00
1765628016.488981,4,2097,2085,1765628016488,1765628016488,0,4.01,0.2200,0.0,0.00
1765628016.510273,4,2098,2086,1765628016510,1765628016510,0,3.99,0.0160,0.0,0.00
1765628016.531538,4,2099,2087,1765628016531,1765628016531,0,3.97,0.0000,0.0,0.00
1765628016.553802,4,2100,2088,1765628016552,1765628016552,0,3.94,0.0000,0.0,0.00
1765628016.575322,4,2101,2089,1765628016573,1765628016574,1,3.75,0.0000,0.0,0.00
1765628016.589584,4,2102,2091,1765628016585,1765628016588,3,3.80,0.0000,0.0,0.00
1765628016.597617,4,2103,2092,1765628016596,1765628016597,1,3.73,0.0000,0.0,0.00
1765628016.620502,4,2104,2093,1765628016617,1765628016620,3,3.74,0.7960,0.0,0.00
1765628016.639718,4,2105,2094,1765628016639,1765628016639,0,3.74,0.5920,0.0,0.00
1765628016.661515,4,2106,2095,1765628016660,1765628016660,0,3.74,0.3880,0.0,0.00
1765628016.681702,4,2107,2096,1765628016681,1765628016681,0,3.74,0.1840,0.0,0.00
1765628016.704845,4,2108,2097,1765628016702,1765628016702,0,3.72,0.0000,0.0,0.00
1765628016.725007,4,2109,2098,1765628016725,1765628016725,0,3.73,0.0000,0.0,0.00
1765628016.746275,4,2110,2099,1765628016745,1765628016745,0,3.72,0.0000,0.0,0.00
1765628016.767241,4,2111,2100,1765628016767,1765628016767,0,3.52,0.0000,0.0,0.00
1765628016.789763,4,2112,2102,1765628016788,1765628016788,0,3.51,0.6040,0.0,0.00
1765628016.800347,4,2113,2103,1765628016800,1765628016800,0,3.65,0.6040,0.0,0.00
1765628016.811698,4,2114,2104,1765628016811,1765628016811,0,3.55,0.4000,0.0,0.00
1765628016.824105,4,2115,2105,1765628016824,1765628016824,0,3.69,0.1960,0.0,0.00
1765628016.834461,4,2116,2106,1765628016834,1765628016834,0,3.90,0.1960,0.0,0.00
1765628016.856342,4,2117,2107,1765628016856,1765628016856,0,3.91,0.0000,0.0,0.00
1765628016.877207,4,2118,2108,1765628016877,1765628016877,0,3.91,1.0000,0.0,0.00
1765628016.898654,4,2119,2109,1765628016898,1765628016898,0,3.89,0.7960,0.0,0.00
1765628016.921240,4,2120,2110,1765628016920,1765628016920,0,3.67,0.7960,0.0,0.00
1765628016.943194,4,2121,2112,1765628016942,1765628016942,0,3.65,0.3960,0.0,0.00
1765628016.956445,4,2122,2113,1765628016953,1765628016955,2,3.79,0.1920,0.0,0.00
1765628016.975008,4,2123,2114,1765628016975,1765628016975,0,3.77,0.0000,0.0,0.00
1765628016.996147,4,2124,2115,1765628016996,1765628016996,0,3.58,0.0000,0.0,0.00
1765628017.008300,4,2125,2116,1765628017006,1765628017006,0,3.80,0.0000,0.0,0.00
1765628017.029429,4,2126,2117,1765628017028,1765628017028,0,3.82,0.0000,0.0,0.00
1765628017.051128,4,2127,2118,1765628017050,1765628017050,0,3.81,0.0000,0.0,0.00
1765628017.071833,4,2128,2119,1765628017071,1765628017071,0,3.82,0.6040,0.0,0.00
1765628017.093149,4,2129,2120,1765628017093,1765628017093,0,3.82,0.4120,0.0,0.00
1765628017.114587,4,2130,2121,1765628017114,1765628017114,0,3.80,0.2080,0.0,0.00
1765628017.127835,4,2131,2123,1765628017126,1765628017126,0,3.97,0.0040,0.0,0.00
1765628017.148198,4,2132,2124,1765628017148,1765628017148,0,3.98,0.0000,0.0,0.00
1765628017.171665,4,2133,2125,1765628017169,1765628017171,2,4.00,0.0000,0.0,0.00
1765628017.180684,4,2134,2126,1765628017180,1765628017180,0,4.02,0.0000,0.0,0.00
1765628017.206628,4,2135,2127,1765628017202,1765628017202,0,4.03,0.2040,0.0,0.00
1765628017.223759,4,2136,2128,1765628017223,1765628017223,0,3.90,1.0000,0.0,0.00
1765628017.245051,4,2137,2129,1765628017245,1765628017245,0,3.76,0.8080,0.0,0.00
1765628017.266149,4,2138,2130,1765628017266,1765628017266,0,3.75,0.6040,0.0,0.00
1765628017.279923,4,2139,2132,1765628017278,1765628017278,0,3.90,0.4120,0.0,0.00
1765628017.291625,4,2140,2133,1765628017289,1765628017291,2,4.00,0.2080,0.0,0.00
1765628017.303819,4,2141,2134,1765628017300,1765628017303,3,4.17,0.0160,0.0,0.00
1765628017.311872,4,2142,2135,1765628017311,1765628017311,0,4.39,0.0160,0.0,0.00
1765628017.332966,4,2143,2136,1765628017332,1765628017332,0,4.39,0.0000,0.0,0.00
1765628017.355280,4,2144,2138,1765628017354,1765628017354,0,4.40,0.8080,0.0,0.00
1765628017.376244,4,2145,2139,1765628017376,1765628017376,0,4.40,0.6040,0.0,0.00
1765628017.396667,4,2146,2140,1765628017396,1765628017396,0,4.39,0.4000,0.0,0.00
1765628017.420927,4,2147,2141,1765628017418,1765628017420,2,4.40,0.0040,0.0,0.00
1765628017.440688,4,2148,2143,1765628017440,1765628017440,0,4.21,0.0000,0.0,0.00
1765628017.453394,4,2149,2144,1765628017450,1765628017453,3,4.29,0.0000,0.0,0.00
1765628017.472072,4,2150,2145,1765628017472,1765628017472,0,4.06,0.0000,0.0,0.00
1765628017.493155,4,2151,2146,1765628017493,1765628017493,0,4.05,0.0000,0.0,0.00
1765628017.506342,4,2152,2147,1765628017504,1765628017504,0,4.22,0.0000,0.0,0.00
1765628017.527184,4,2153,2148,1765628017526,1765628017526,0,4.22,0.0000,0.0,0.00
1765628017.539016,4,2154,2149,1765628017538,1765628017538,0,4.31,0.8080,0.0,0.00
1765628017.552599,4,2155,2150,1765628017549,1765628017552,3,4.17,0.6160,0.0,0.00
1765628017.570518,4,2156,2151,1765628017570,1765628017570,0,4.11,1.4120,0.0,0.00
1765628017.592020,4,2157,2152,1765628017592,1765628017592,0,4.12,1.2080,0.0,0.00
1765628017.603438,4,2158,2153,1765628017603,1765628017603,0,4.24,1.0040,0.0,0.00
1765628017.625164,4,2159,2155,1765628017625,1765628017625,0,4.26,0.8000,0.0,0.00
1765628017.646519,4,2160,2156,1765628017646,1765628017646,0,4.26,0.5960,0.0,0.00
1765628017.671413,4,2161,2157,1765628017667,1765628017671,4,4.29,0.6211,0.0,0.00
1765628017.689391,4,2162,2158,1765628017688,1765628017688,0,4.22,0.4000,0.0,0.00
1765628017.710111,4,2163,2159,1765628017710,1765628017710,0,4.05,0.1960,0.0,0.00
1765628017.731829,4,2164,2160,1765628017731,1765628017731,0,4.03,0.0000,0.0,0.00
1765628017.755146,4,2165,2161,1765628017753,1765628017755,2,4.08,0.0000,0.0,0.00
1765628017.764319,4,2166,2162,1765628017764,1765628017764,0,4.27,0.0000,0.0,0.00
1765628017.788168,4,2167,2163,1765628017786,1765628017787,1,4.29,0.0000,0.0,0.00
1765628017.808069,4,2168,2165,1765628017808,1765628017808,0,4.29,0.7960,0.0,0.00
1765628017.819977,4,2169,2167,1765628017819,1765628017819,0,4.40,0.6040,0.0,0.00
1765628017.831289,4,2170,2168,1765628017831,1765628017831,0,4.51,0.6040,0.0,0.00
1765628017.852162,4,2171,2169,1765628017852,1765628017852,0,4.49,0.2080,0.0,0.00
1765628017.874723,4,2172,2170,1765628017873,1765628017873,0,4.49,0.0040,0.0,0.00
1765628017.894825,4,2173,2171,1765628017894,1765628017894,0,4.40,0.7960,0.0,0.00
1765628017.906564,4,2174,2172,1765628017906,1765628017906,0,4.38,0.6040,0.0,0.00
1765628017.927939,4,2175,2173,1765628017927,1765628017927,0,4.29,0.4120,0.0,0.00
1765628017.952298,4,2176,2174,1765628017949,1765628017952,3,4.17,0.0040,0.0,0.00
1765628017.961742,4,2177,2175,1765628017960,1765628017960,0,4.37,0.0040,0.0,0.00
1765628017.971757,4,2178,2176,1765628017971,1765628017971,0,4.50,0.0000,0.0,0.00
1765628017.993345,4,2179,2177,1765628017993,1765628017993,0,4.51,0.0000,0.0,0.00
1765628018.016386,4,2180,2179,1765628018015,1765628018015,0,4.51,0.0000,0.0,0.00
1765628018.027704,4,2181,2180,1765628018026,1765628018026,0,4.62,0.0000,0.0,0.00
1765628018.048692,4,2182,2181,1765628018048,1765628018048,0,4.55,0.7960,0.0,0.00
1765628018.072307,4,2183,2182,1765628018069,1765628018071,2,4.59,0.4000,0.0,0.00
1765628018.081030,4,2184,2183,1765628018081,1765628018081,0,4.73,0.4000,0.0,0.00
1765628018.103998,4,2185,2184,1765628018102,1765628018103,1,4.60,0.0000,0.0,0.00
1765628018.123719,4,2186,2185,1765628018123,1765628018123,0,4.58,0.0000,0.0,0.00
1765628018.145410,4,2187,2186,1765628018145,1765628018145,0,4.58,0.0000,0.0,0.00
1765628018.166041,4,2188,2187,1765628018166,1765628018166,0,4.58,0.0000,0.0,0.00
1765628018.188958,4,2189,2188,1765628018187,1765628018188,1,4.58,0.0000,0.0,0.00
1765628018.208696,4,2190,2189,1765628018208,1765628018208,0,4.56,1.0000,0.0,0.00
1765628018.229922,4,2191,2190,1765628018229,1765628018229,0,4.46,0.7960,0.0,0.00
1765628018.257672,4,2192,2192,1765628018252,1765628018257,5,4.52,0.7244,0.0,0.00
1765628018.264392,4,2193,2193,1765628018263,1765628018263,0,4.74,0.7244,0.0,0.00
1765628018.284417,4,2194,2194,1765628018284,1765628018284,0,4.57,0.4454,0.0,0.00
1765628018.307142,4,2195,2195,1765628018305,1765628018307,2,4.58,0.0000,0.0,0.00
1765628018.327340,4,2196,2196,1765628018326,1765628018326,0,4.56,0.0000,0.0,0.00
1765628018.348980,4,2197,2197,1765628018348,1765628018348,0,4.56,0.0000,0.0,0.00
1765628018.369767,4,2198,2198,1765628018369,1765628018369,0,4.56,0.0000,0.0,0.00
1765628018.392989,4,2199,2199,1765628018391,1765628018391,0,4.45,0.0000,0.0,0.00
1765628018.413171,4,2200,2201,1765628018413,1765628018413,0,4.35,0.7960,0.0,0.00
1765628018.425909,4,2201,2202,1765628018424,1765628018424,0,4.38,0.5920,0.0,0.00
1765628018.445854,4,2202,2203,1765628018445,1765628018445,0,4.14,0.3880,0.0,0.00
1765628018.467241,4,2203,2204,1765628018467,1765628018467,0,4.15,0.1960,0.0,0.00
1765628018.494546,4,2204,2205,1765628018488,1765628018494,6,4.20,0.0000,0.0,0.00
1765628018.510093,4,2205,2206,1765628018510,1765628018510,0,4.24,0.0000,0.0,0.00
1765628018.531109,4,2206,2207,1765628018531,1765628018531,0,4.25,0.0000,0.0,0.00
1765628018.552567,4,2207,2208,1765628018552,1765628018552,0,4.22,0.0000,0.0,0.00
1765628018.575188,4,2208,2209,1765628018573,1765628018574,1,4.24,0.0000,0.0,0.00
1765628018.596051,4,2209,2211,1765628018595,1765628018595,0,4.12,0.8080,0.0,0.00
1765628018.607432,4,2210,2212,1765628018606,1765628018607,1,4.28,0.6040,0.0,0.00
1765628018.628867,4,2211,2213,1765628018627,1765628018627,0,4.27,0.4000,0.0,0.00
1765628018.641769,4,2212,2214,1765628018639,1765628018641,2,4.20,0.1960,0.0,0.00
1765628018.660473,4,2213,2215,1765628018660,1765628018660,0,4.17,0.0000,0.0,0.00
1765628018.682328,4,2214,2216,1765628018681,1765628018682,1,4.04,0.0000,0.0,0.00
1765628018.694463,4,2215,2217,1765628018693,1765628018693,0,4.11,0.0000,0.0,0.00
1765628018.710576,4,2216,2218,1765628018703,1765628018709,6,4.16,0.0000,0.0,0.00
1765628018.716200,4,2217,2219,1765628018715,1765628018715,0,4.43,0.0000,0.0,0.00
1765628018.739736,4,2218,2221,1765628018736,1765628018739,3,4.30,0.0000,0.0,0.00
1765628018.758149,4,2219,2222,1765628018758,1765628018758,0,4.27,0.0000,0.0,0.00
1765628018.780349,4,2220,2223,1765628018779,1765628018779,0,4.27,0.0000,0.0,0.00
1765628018.804483,4,2221,2224,1765628018800,1765628018800,0,4.23,0.0000,0.0,0.00
1765628018.822662,4,2222,2226,1765628018822,1765628018822,0,4.21,0.0000,0.0,0.00
1765628018.843380,4,2223,2227,1765628018843,1765628018843,0,4.20,0.0000,0.0,0.00
1765628018.864640,4,2224,2228,1765628018864,1765628018864,0,4.20,0.0000,0.0,0.00
1765628018.888187,4,2225,2229,1765628018885,1765628018886,1,4.19,0.0000,0.0,0.00
1765628018.907074,4,2226,2230,1765628018907,1765628018907,0,3.96,0.0000,0.0,0.00
1765628018.928195,4,2227,2231,1765628018928,1765628018928,0,3.94,0.8080,0.0,0.00
1765628018.939310,4,2228,2232,1765628018939,1765628018939,0,4.12,0.6160,0.0,0.00
1765628018.953016,4,2229,2233,1765628018951,1765628018953,2,4.05,0.4120,0.0,0.00
1765628018.971607,4,2230,2234,1765628018971,1765628018971,0,3.90,0.2200,0.0,0.00
1765628018.993925,4,2231,2236,1765628018992,1765628018992,0,3.90,0.0160,0.0,0.00
1765628019.005089,4,2232,2237,1765628019004,1765628019004,0,4.05,0.0000,0.0,0.00
1765628019.016284,4,2233,2238,1765628019015,1765628019015,0,4.21,0.0000,0.0,0.00
1765628019.036553,4,2234,2239,1765628019036,1765628019036,0,4.07,0.0000,0.0,0.00
1765628019.058459,4,2235,2240,1765628019058,1765628019058,0,4.08,0.0000,0.0,0.00
1765628019.080210,4,2236,2241,1765628019080,1765628019080,0,4.05,0.0000,0.0,0.00
1765628019.104089,4,2237,2242,1765628019100,1765628019103,3,3.83,0.0000,0.0,0.00
1765628019.113078,4,2238,2243,1765628019112,1765628019112,0,3.88,0.0000,0.0,0.00
1765628019.133390,4,2239,2244,1765628019133,1765628019133,0,3.87,0.0000,0.0,0.00
1765628019.157124,4,2240,2245,1765628019154,1765628019156,2,3.88,0.8080,0.0,0.00
1765628019.176255,4,2241,2247,1765628019176,1765628019176,0,3.70,0.6040,0.0,0.00
1765628019.197192,4,2242,2248,1765628019197,1765628019197,0,3.69,0.4120,0.0,0.00
1765628019.219022,4,2243,2249,1765628019218,1765628019219,1,3.68,0.0160,0.0,0.00
1765628019.239230,4,2244,2250,1765628019239,1765628019239,0,3.47,0.0000,0.0,0.00
1765628019.254002,4,2245,2251,1765628019250,1765628019254,4,3.54,0.0000,0.0,0.00
1765628019.271642,4,2246,2252,1765628019271,1765628019271,0,3.58,0.0000,0.0,0.00
1765628019.292829,4,2247,2253,1765628019292,1765628019292,0,3.57,0.0000,0.0,0.00
1765628019.314607,4,2248,2254,1765628019314,1765628019314,0,3.58,0.0000,0.0,0.00
1765628019.337380,4,2249,2255,1765628019335,1765628019336,1,3.58,0.6040,0.0,0.00
1765628019.357667,4,2250,2257,1765628019357,1765628019357,0,3.60,0.4120,0.0,0.00
1765628019.380887,4,2251,2259,1765628019379,1765628019379,0,3.61,0.2080,0.0,0.00
1765628019.392322,4,2252,2261,1765628019391,1765628019391,0,3.68,0.0160,0.0,0.00
1765628019.403114,4,2253,2262,1765628019402,1765628019402,0,3.56,0.0000,0.0,0.00
1765628019.423892,4,2254,2263,1765628019423,1765628019423,0,3.56,0.0000,0.0,0.00
1765628019.446362,4,2255,2264,1765628019445,1765628019445,0,3.55,0.0000,0.0,0.00
1765628019.458238,4,2256,2265,1765628019458,1765628019458,0,3.69,0.0000,0.0,0.00
1765628019.470820,4,2257,2266,1765628019468,1765628019469,1,3.83,0.0000,0.0,0.00
1765628019.490894,4,2258,2267,1765628019489,1765628019489,0,3.82,0.8080,0.0,0.00
1765628019.511103,4,2259,2268,1765628019511,1765628019511,0,3.82,0.6040,0.0,0.00
1765628019.536238,4,2260,2269,1765628019532,1765628019532,0,3.81,0.2200,0.0,0.00
1765628019.554096,4,2261,2271,1765628019554,1765628019554,0,3.67,0.0160,0.0,0.00
1765628019.575590,4,2262,2272,1765628019575,1765628019575,0,3.67,0.0000,0.0,0.00
1765628019.597978,4,2263,2273,1765628019596,1765628019596,0,3.66,0.0000,0.0,0.00
1765628019.609334,4,2264,2274,1765628019608,1765628019608,0,3.73,0.0000,0.0,0.00
1765628019.630713,4,2265,2275,1765628019629,1765628019629,0,3.69,0.0000,0.0,0.00
1765628019.653318,4,2266,2276,1765628019650,1765628019653,3,3.72,0.0000,0.0,0.00
1765628019.672389,4,2267,2277,1765628019672,1765628019672,0,3.70,0.0000,0.0,0.00
1765628019.695054,4,2268,2278,1765628019693,1765628019693,0,3.69,0.0000,0.0,0.00
1765628019.716241,4,2269,2279,1765628019715,1765628019715,0,3.70,1.0000,0.0,0.00
1765628019.738365,4,2270,2281,1765628019737,1765628019738,1,3.58,0.6040,0.0,0.00
1765628019.758888,4,2271,2282,1765628019758,1765628019758,0,3.58,0.4000,0.0,0.00
1765628019.779706,4,2272,2283,1765628019779,1765628019779,0,3.48,0.2080,0.0,0.00
1765628019.803678,4,2273,2284,1765628019801,1765628019802,1,3.52,0.0000,0.0,0.00
1765628019.822268,4,2274,2285,1765628019822,1765628019822,0,3.50,0.0000,0.0,0.00
1765628019.844726,4,2275,2286,1765628019843,1765628019843,0,3.33,0.0000,0.0,0.00
1765628019.864856,4,2276,2287,1765628019864,1765628019864,0,3.27,0.0000,0.0,0.00
1765628019.888281,4,2277,2288,1765628019886,1765628019888,2,2.97,0.0000,0.0,0.00
1765628019.897867,4,2278,2289,1765628019897,1765628019897,0,3.19,0.0000,0.0,0.00
1765628019.921075,4,2279,2290,1765628019918,1765628019921,3,3.23,0.0000,0.0,0.00
1765628019.939438,4,2280,2291,1765628019939,1765628019939,0,3.24,0.0000,0.0,0.00
1765628019.961108,4,2281,2292,1765628019960,1765628019961,1,3.25,0.0000,0.0,0.00
1765628019.982374,4,2282,2293,1765628019982,1765628019982,0,3.24,0.0000,0.0,0.00
1765628020.003611,4,2283,2294,1765628020003,1765628020003,0,3.24,0.0000,0.0,0.00
1765628020.016245,4,2284,2295,1765628020014,1765628020015,1,3.40,0.0000,0.0,0.00
1765628020.025995,4,2285,2296,1765628020025,1765628020025,0,3.59,0.0000,0.0,0.00
1765628020.037525,4,2286,2297,1765628020037,1765628020037,0,3.73,0.0000,0.0,0.00
1765628020.052880,4,2287,2298,1765628020049,1765628020052,3,3.80,0.0000,0.0,0.00
1765628020.071507,4,2288,2299,1765628020071,1765628020071,0,3.62,0.0000,0.0,0.00
1765628020.092964,4,2289,2300,1765628020092,1765628020092,0,3.52,0.0000,0.0,0.00
1765628020.118365,4,2290,2301,1765628020113,1765628020117,4,3.56,0.8080,0.0,0.00
1765628020.135069,4,2291,2302,1765628020135,1765628020135,0,3.56,0.6040,0.0,0.00
1765628020.157657,4,2292,2303,1765628020156,1765628020156,0,3.42,0.4120,0.0,0.00
1765628020.168783,4,2293,2304,1765628020167,1765628020168,1,3.40,0.2200,0.0,0.00
1765628020.183857,4,2294,2305,1765628020178,1765628020183,5,3.47,0.0160,0.0,0.00
1765628020.200763,4,2295,2307,1765628020200,1765628020200,0,3.49,0.0000,0.0,0.00
1765628020.222696,4,2296,2308,1765628020222,1765628020222,0,3.49,0.0000,0.0,0.00
1765628020.244587,4,2297,2309,1765628020243,1765628020243,0,3.47,0.0000,0.0,0.00
1765628020.268121,4,2298,2310,1765628020265,1765628020268,3,3.30,0.0000,0.0,0.00
1765628020.277116,4,2299,2311,1765628020276,1765628020277,1,3.51,0.0000,0.0,0.00
1765628020.299095,4,2300,2312,1765628020297,1765628020297,0,3.48,0.0000,0.0,0.00
1765628020.319483,4,2301,2313,1765628020319,1765628020319,0,3.50,0.0000,0.0,0.00
1765628020.341391,4,2302,2314,1765628020340,1765628020341,1,3.51,0.7960,0.0,0.00
1765628020.362240,4,2303,2315,1765628020362,1765628020362,0,3.50,0.5800,0.0,0.00
1765628020.383636,4,2304,2316,1765628020383,1765628020383,0,3.51,0.1960,0.0,0.00
1765628020.404964,4,2305,2317,1765628020404,1765628020404,0,3.44,0.0000,0.0,0.00
1765628020.426633,4,2306,2319,1765628020426,1765628020426,0,3.42,1.0000,0.0,0.00
1765628020.450030,4,2307,2320,1765628020447,1765628020450,3,3.45,0.6040,0.0,0.00
1765628020.460037,4,2308,2321,1765628020458,1765628020458,0,3.68,0.6040,0.0,0.00
1765628020.482797,4,2309,2322,1765628020481,1765628020482,1,3.70,0.2080,0.0,0.00
1765628020.502247,4,2310,2323,1765628020502,1765628020502,0,3.69,0.0040,0.0,0.00
1765628020.523807,4,2311,2324,1765628020523,1765628020523,0,3.68,0.7920,0.0,0.00
1765628020.551046,4,2312,2325,1765628020545,1765628020545,0,3.54,0.3840,0.0,0.00
1765628020.557421,4,2313,2326,1765628020557,1765628020557,0,3.52,0.3840,0.0,0.00
1765628020.569613,4,2314,2327,1765628020568,1765628020569,1,3.66,0.1680,0.0,0.00
1765628020.580470,4,2315,2328,1765628020579,1765628020579,0,3.84,0.1680,0.0,0.00
1765628020.591874,4,2316,2329,1765628020590,1765628020590,0,3.89,0.0000,0.0,0.00
1765628020.612206,4,2317,2330,1765628020612,1765628020612,0,3.73,0.0000,0.0,0.00
1765628020.634808,4,2318,2332,1765628020633,1765628020634,1,3.75,0.0000,0.0,0.00
1765628020.654553,4,2319,2333,1765628020654,1765628020654,0,3.73,0.0000,0.0,0.00
1765628020.675972,4,2320,2334,1765628020675,1765628020675,0,3.73,0.8080,0.0,0.00
1765628020.700786,4,2321,2335,1765628020697,1765628020700,3,3.76,0.4000,0.0,0.00
1765628020.719473,4,2322,2336,1765628020718,1765628020718,0,3.77,0.1960,0.0,0.00
1765628020.739634,4,2323,2337,1765628020739,1765628020739,0,3.77,0.0040,0.0,0.00
1765628020.760883,4,2324,2338,1765628020760,1765628020760,0,3.63,0.0000,0.0,0.00
1765628020.784475,4,2325,2339,1765628020782,1765628020784,2,3.66,0.0000,0.0,0.00
1765628020.793661,4,2326,2340,1765628020793,1765628020793,0,3.83,0.0000,0.0,0.00
1765628020.817551,4,2327,2342,1765628020814,1765628020817,3,3.89,1.2781,0.0,0.00
1765628020.827199,4,2328,2344,1765628020826,1765628020826,0,4.09,1.2781,0.0,0.00
1765628020.837382,4,2329,2345,1765628020837,1765628020837,0,4.23,0.9920,0.0,0.00
1765628020.858440,4,2330,2346,1765628020858,1765628020858,0,4.21,0.7078,0.0,0.00
1765628020.879661,4,2331,2347,1765628020879,1765628020879,0,4.22,0.4294,0.0,0.00
1765628020.901977,4,2332,2348,1765628020900,1765628020900,0,4.22,0.0000,0.0,0.00
1765628020.922189,4,2333,2349,1765628020922,1765628020922,0,4.21,0.0000,0.0,0.00
1765628020.943330,4,2334,2350,1765628020943,1765628020943,0,4.22,0.0000,0.0,0.00
1765628020.966390,4,2335,2351,1765628020964,1765628020964,0,4.22,0.0000,0.0,0.00
1765628020.985882,4,2336,2353,1765628020985,1765628020985,0,4.22,0.7960,0.0,0.00
1765628021.008124,4,2337,2354,1765628021008,1765628021008,0,4.21,0.5920,0.0,0.00
1765628021.029740,4,2338,2355,1765628021028,1765628021028,0,4.00,0.1960,0.0,0.00
1765628021.051419,4,2339,2356,1765628021050,1765628021050,0,3.98,0.0040,0.0,0.00
1765628021.068014,4,2340,2357,1765628021063,1765628021066,3,4.03,0.0000,0.0,0.00
1765628021.073875,4,2341,2358,1765628021073,1765628021073,0,4.26,0.0000,0.0,0.00
1765628021.084563,4,2342,2359,1765628021084,1765628021084,0,4.39,0.0000,0.0,0.00
1765628021.106110,4,2343,2360,1765628021106,1765628021106,0,4.40,0.0000,0.0,0.00
1765628021.127206,4,2344,2361,1765628021127,1765628021127,0,4.29,0.0000,0.0,0.00
1765628021.148890,4,2345,2362,1765628021148,1765628021148,0,4.12,0.6040,0.0,0.00
1765628021.170347,4,2346,2364,1765628021169,1765628021169,0,3.99,0.4000,0.0,0.00
1765628021.191487,4,2347,2365,1765628021190,1765628021190,0,3.91,0.1840,0.0,0.00
1765628021.212269,4,2348,2366,1765628021212,1765628021212,0,3.94,1.0000,0.0,0.00
1765628021.233776,4,2349,2367,1765628021233,1765628021233,0,3.94,0.5920,0.0,0.00
1765628021.254998,4,2350,2368,1765628021254,1765628021254,0,3.91,0.4000,0.0,0.00
1765628021.276157,4,2351,2369,1765628021276,1765628021276,0,3.91,0.2080,0.0,0.00
1765628021.302838,4,2352,2370,1765628021297,1765628021301,4,3.94,0.0000,0.0,0.00
1765628021.309872,4,2353,2371,1765628021308,1765628021308,0,4.07,0.0000,0.0,0.00
1765628021.320100,4,2354,2372,1765628021320,1765628021320,0,4.14,0.0000,0.0,0.00
1765628021.341794,4,2355,2373,1765628021341,1765628021341,0,4.11,0.0000,0.0,0.00
1765628021.364854,4,2356,2375,1765628021362,1765628021364,2,4.12,0.0000,0.0,0.00
1765628021.383981,4,2357,2377,1765628021383,1765628021383,0,4.10,0.7960,0.0,0.00
1765628021.405189,4,2358,2378,1765628021405,1765628021405,0,4.08,0.5920,0.0,0.00
1765628021.430590,4,2359,2379,1765628021426,1765628021429,3,3.87,0.2080,0.0,0.00
1765628021.448571,4,2360,2380,1765628021448,1765628021448,0,3.86,0.0160,0.0,0.00
1765628021.470262,4,2361,2381,1765628021469,1765628021469,0,3.86,0.0000,0.0,0.00
1765628021.491525,4,2362,2382,1765628021490,1765628021490,0,3.85,0.0000,0.0,0.00
1765628021.512881,4,2363,2383,1765628021511,1765628021511,0,3.85,0.0000,0.0,0.00
1765628021.532979,4,2364,2384,1765628021532,1765628021532,0,3.85,0.0000,0.0,0.00
1765628021.554857,4,2365,2385,1765628021554,1765628021554,0,3.86,0.0000,0.0,0.00
1765628021.578387,4,2366,2386,1765628021575,1765628021577,2,3.86,0.0000,0.0,0.00
1765628021.597713,4,2367,2387,1765628021597,1765628021597,0,3.83,0.8080,0.0,0.00
1765628021.619980,4,2368,2388,1765628021619,1765628021619,0,3.57,0.6040,0.0,0.00
1765628021.630755,4,2369,2389,1765628021630,1765628021630,0,3.74,0.4000,0.0,0.00
1765628021.653308,4,2370,2391,1765628021652,1765628021652,0,3.76,0.1960,0.0,0.00
1765628021.673394,4,2371,2392,1765628021673,1765628021673,0,3.76,0.0040,0.0,0.00
1765628021.694726,4,2372,2393,1765628021694,1765628021694,0,3.75,0.0000,0.0,0.00
1765628021.715414,4,2373,2394,1765628021715,1765628021715,0,3.58,0.0000,0.0,0.00
1765628021.736832,4,2374,2396,1765628021736,1765628021736,0,3.41,0.0000,0.0,0.00
1765628021.760284,4,2375,2397,1765628021758,1765628021760,2,3.20,0.7960,0.0,0.00
1765628021.779403,4,2376,2398,1765628021779,1765628021779,0,2.99,0.5920,0.0,0.00
1765628021.801860,4,2377,2399,1765628021800,1765628021800,0,2.98,0.3880,0.0,0.00
1765628021.813748,4,2378,2400,1765628021812,1765628021813,1,3.14,0.1840,0.0,0.00
1765628021.834671,4,2379,2401,1765628021834,1765628021834,0,3.14,0.0000,0.0,0.00
1765628021.850526,4,2380,2403,1765628021847,1765628021850,3,3.23,0.0000,0.0,0.00
1765628021.861575,4,2381,2404,1765628021858,1765628021860,2,3.41,0.0000,0.0,0.00
1765628021.879079,4,2382,2405,1765628021879,1765628021879,0,3.39,0.0000,0.0,0.00
1765628021.900348,4,2383,2406,1765628021900,1765628021900,0,3.39,0.0000,0.0,0.00
1765628021.921360,4,2384,2407,1765628021921,1765628021921,0,3.39,0.0000,0.0,0.00
1765628021.942504,4,2385,2408,1765628021942,1765628021942,0,3.36,0.6040,0.0,0.00
1765628021.963785,4,2386,2409,1765628021963,1765628021963,0,3.12,0.4000,0.0,0.00
1765628021.986377,4,2387,2411,1765628021985,1765628021985,0,3.10,0.1960,0.0,0.00
1765628021.996339,4,2388,2412,1765628021996,1765628021996,0,3.05,0.0000,0.0,0.00
1765628022.017635,4,2389,2413,1765628022017,1765628022017,0,2.84,0.0000,0.0,0.00
1765628022.038770,4,2390,2414,1765628022038,1765628022038,0,2.84,0.0000,0.0,0.00
1765628022.064677,4,2391,2415,1765628022059,1765628022063,4,2.88,0.0000,0.0,0.00
1765628022.072919,4,2392,2416,1765628022071,1765628022071,0,3.16,0.0000,0.0,0.00
1765628022.083874,4,2393,2417,1765628022083,1765628022083,0,3.32,0.0000,0.0,0.00
1765628022.104987,4,2394,2418,1765628022104,1765628022104,0,3.32,0.0000,0.0,0.00
1765628022.129361,4,2395,2419,1765628022126,1765628022129,3,3.36,0.0000,0.0,0.00
1765628022.147443,4,2396,2421,1765628022147,1765628022147,0,3.37,0.0000,0.0,0.00
1765628022.168875,4,2397,2422,1765628022168,1765628022168,0,3.36,0.0000,0.0,0.00
1765628022.189815,4,2398,2423,1765628022189,1765628022189,0,3.36,0.0000,0.0,0.00
1765628022.211593,4,2399,2424,1765628022211,1765628022211,0,3.36,0.0000,0.0,0.00
1765628022.233401,4,2400,2425,1765628022232,1765628022232,0,3.30,0.0000,0.0,0.00
1765628022.253819,4,2401,2426,1765628022253,1765628022253,0,3.00,0.0000,0.0,0.00
1765628022.278484,4,2402,2427,1765628022274,1765628022278,4,2.82,0.0000,0.0,0.00
1765628022.296444,4,2403,2428,1765628022295,1765628022295,0,2.88,0.0000,0.0,0.00
1765628022.318746,4,2404,2429,1765628022318,1765628022318,0,2.89,1.0000,0.0,0.00
1765628022.329192,4,2405,2430,1765628022329,1765628022329,0,3.10,0.7840,0.0,0.00
1765628022.350693,4,2406,2431,1765628022350,1765628022350,0,3.10,0.5800,0.0,0.00
1765628022.365555,4,2407,2432,1765628022361,1765628022365,4,3.20,0.2280,0.0,0.00
1765628022.374785,4,2408,2433,1765628022373,1765628022373,0,3.44,0.2280,0.0,0.00
1765628022.384546,4,2409,2434,1765628022384,1765628022384,0,3.62,0.0120,0.0,0.00
1765628022.406078,4,2410,2435,1765628022405,1765628022405,0,3.62,0.0000,0.0,0.00
1765628022.430753,4,2411,2436,1765628022427,1765628022430,3,3.65,0.0000,0.0,0.00
1765628022.448335,4,2412,2438,1765628022448,1765628022448,0,3.61,0.0000,0.0,0.00
1765628022.469678,4,2413,2439,1765628022469,1765628022469,0,3.35,0.0000,0.0,0.00
1765628022.491241,4,2414,2440,1765628022491,1765628022491,0,3.21,0.0000,0.0,0.00
1765628022.515772,4,2415,2441,1765628022512,1765628022515,3,3.24,0.0000,0.0,0.00
1765628022.523606,4,2416,2442,1765628022523,1765628022523,0,3.47,0.0000,0.0,0.00
1765628022.545468,4,2417,2443,1765628022545,1765628022545,0,3.49,0.0000,0.0,0.00
1765628022.568147,4,2418,2444,1765628022566,1765628022567,1,3.49,0.0000,0.0,0.00
1765628022.578945,4,2419,2445,1765628022577,1765628022577,0,3.65,0.0000,0.0,0.00
1765628022.603042,4,2420,2446,1765628022598,1765628022603,5,3.72,0.0000,0.0,0.00
1765628022.611127,4,2421,2447,1765628022610,1765628022610,0,3.98,0.0000,0.0,0.00
1765628022.634850,4,2422,2449,1765628022631,1765628022634,3,4.01,0.5920,0.0,0.00
1765628022.653665,4,2423,2450,1765628022653,1765628022653,0,3.99,0.4000,0.0,0.00
1765628022.675085,4,2424,2451,1765628022675,1765628022675,0,4.00,0.2080,0.0,0.00
1765628022.695972,4,2425,2452,1765628022695,1765628022695,0,3.98,0.0040,0.0,0.00
1765628022.717068,4,2426,2453,1765628022717,1765628022717,0,3.97,0.0000,0.0,0.00
1765628022.738732,4,2427,2454,1765628022738,1765628022738,0,3.98,0.0000,0.0,0.00
1765628022.761216,4,2428,2455,1765628022760,1765628022760,0,3.98,0.0000,0.0,0.00
1765628022.782695,4,2429,2456,1765628022781,1765628022782,1,3.83,0.0000,0.0,0.00
1765628022.803883,4,2430,2457,1765628022802,1765628022802,0,3.81,0.0000,0.0,0.00
1765628022.815967,4,2431,2458,1765628022814,1765628022815,1,3.92,0.7960,0.0,0.00
1765628022.837923,4,2432,2459,1765628022837,1765628022837,0,3.93,0.6040,0.0,0.00
1765628022.849535,4,2433,2460,1765628022848,1765628022848,0,4.10,0.4000,0.0,0.00
1765628022.859654,4,2434,2461,1765628022859,1765628022859,0,4.25,0.4000,0.0,0.00
1765628022.871372,4,2435,2462,1765628022871,1765628022871,0,4.34,0.1960,0.0,0.00
1765628022.891992,4,2436,2463,1765628022891,1765628022891,0,4.36,0.0000,0.0,0.00
1765628022.906387,4,2437,2464,1765628022905,1765628022905,0,4.42,0.0000,0.0,0.00
1765628022.917013,4,2438,2465,1765628022916,1765628022916,0,4.47,0.0000,0.0,0.00
1765628022.927063,4,2439,2466,1765628022927,1765628022927,0,4.59,0.0000,0.0,0.00
1765628022.950164,4,2440,2469,1765628022949,1765628022949,0,4.59,0.5800,0.0,0.00
1765628022.960285,4,2441,2470,1765628022960,1765628022960,0,4.57,0.5800,0.0,0.00
1765628022.971915,4,2442,2471,1765628022971,1765628022971,0,4.71,0.3880,0.0,0.00
1765628022.993377,4,2443,2472,1765628022992,1765628022993,1,4.73,0.1840,0.0,0.00
1765628023.016268,4,2444,2473,1765628023014,1765628023016,2,4.75,0.0000,0.0,0.00
1765628023.036400,4,2445,2474,1765628023035,1765628023035,0,4.73,0.0000,0.0,0.00
1765628023.058018,4,2446,2475,1765628023056,1765628023056,0,4.73,0.0000,0.0,0.00
1765628023.078641,4,2447,2476,1765628023078,1765628023078,0,4.73,0.0000,0.0,0.00
1765628023.102669,4,2448,2479,1765628023099,1765628023101,2,4.62,0.7960,0.0,0.00
1765628023.111916,4,2449,2480,1765628023111,1765628023111,0,4.77,0.7960,0.0,0.00
1765628023.134968,4,2450,2482,1765628023132,1765628023133,1,4.78,0.4000,0.0,0.00
1765628023.154260,4,2451,2483,1765628023154,1765628023154,0,4.73,0.2080,0.0,0.00
1765628023.175643,4,2452,2484,1765628023175,1765628023175,0,4.55,0.0040,0.0,0.00
1765628023.200136,4,2453,2485,1765628023196,1765628023200,4,4.48,0.0000,0.0,0.00
1765628023.208488,4,2454,2486,1765628023208,1765628023208,0,4.68,0.0000,0.0,0.00
1765628023.220098,4,2455,2487,1765628023219,1765628023219,0,4.76,0.0000,0.0,0.00
1765628023.313455,4,2456,2488,1765628023303,1765628023303,0,5.54,1.0000,0.0,0.00
1765628023.327513,4,2457,2489,1765628023326,1765628023326,0,5.56,0.0000,0.0,0.00
1765628023.344872,4,2458,2491,1765628023344,1765628023344,0,5.57,0.0000,0.0,0.00
1765628023.358364,4,2459,2492,1765628023356,1765628023357,1,5.65,0.0000,0.0,0.00
1765628023.380311,4,2460,2494,1765628023373,1765628023379,6,5.66,0.0000,0.0,0.00
1765628023.405052,4,2461,2495,1765628023404,1765628023404,0,5.72,0.0000,0.0,0.00
1765628023.431290,4,2462,2496,1765628023423,1765628023429,6,5.72,0.6040,0.0,0.00
1765628023.435423,4,2463,2497,1765628023435,1765628023435,0,5.93,0.6040,0.0,0.00
1765628023.447594,4,2464,2498,1765628023446,1765628023446,0,6.04,0.4000,0.0,0.00
1765628023.461484,4,2465,2499,1765628023457,1765628023460,3,5.98,0.2080,0.0,0.00
1765628023.479600,4,2466,2500,1765628023479,1765628023479,0,5.95,0.0160,0.0,0.00
1765628023.491677,4,2467,2501,1765628023490,1765628023491,1,6.01,0.0000,0.0,0.00
1765628023.512758,4,2468,2503,1765628023511,1765628023511,0,5.81,0.0000,0.0,0.00
1765628023.532782,4,2469,2504,1765628023532,1765628023532,0,5.68,0.0000,0.0,0.00
1765628023.544940,4,2470,2505,1765628023543,1765628023543,0,5.81,0.0000,0.0,0.00
1765628023.566169,4,2471,2506,1765628023566,1765628023566,0,5.78,0.0000,0.0,0.00
1765628023.578065,4,2472,2507,1765628023577,1765628023578,1,5.91,0.8080,0.0,0.00
1765628023.591663,4,2473,2508,1765628023589,1765628023591,2,5.99,0.6040,0.0,0.00
1765628023.609869,4,2474,2509,1765628023609,1765628023609,0,5.96,0.4000,0.0,0.00
1765628023.623128,4,2475,2510,1765628023621,1765628023623,2,5.97,0.2080,0.0,0.00
1765628023.642593,4,2476,2511,1765628023642,1765628023642,0,5.78,0.0160,0.0,0.00
1765628023.664472,4,2477,2512,1765628023664,1765628023664,0,5.78,0.0000,0.0,0.00
1765628023.690906,4,2478,2514,1765628023685,1765628023690,5,5.83,0.0000,0.0,0.00
1765628023.697800,4,2479,2515,1765628023696,1765628023696,0,5.91,0.0000,0.0,0.00
1765628023.708505,4,2480,2516,1765628023708,1765628023708,0,5.93,0.0000,0.0,0.00
1765628023.729984,4,2481,2517,1765628023729,1765628023729,0,5.74,0.0000,0.0,0.00
1765628023.754701,4,2482,2518,1765628023751,1765628023754,3,5.76,0.2040,0.0,0.00
1765628023.774470,4,2483,2519,1765628023772,1765628023772,0,5.76,1.0000,0.0,0.00
1765628023.794609,4,2484,2520,1765628023794,1765628023794,0,5.76,0.7960,0.0,0.00
1765628023.816310,4,2485,2521,1765628023816,1765628023816,0,5.79,1.6040,0.0,0.00
1765628023.837997,4,2486,2523,1765628023836,1765628023837,1,5.78,1.2080,0.0,0.00
1765628023.849533,4,2487,2524,1765628023848,1765628023848,0,5.88,1.2080,0.0,0.00
1765628023.859579,4,2488,2526,1765628023859,1765628023859,0,5.96,1.0040,0.0,0.00
1765628023.881286,4,2489,2527,1765628023881,1765628023881,0,5.96,0.8000,0.0,0.00
1765628023.914152,4,2490,2528,1765628023908,1765628023914,6,6.16,0.3560,0.0,0.00
1765628023.919730,4,2491,2529,1765628023919,1765628023919,0,6.31,1.3560,0.0,0.00
1765628023.930870,4,2492,2530,1765628023930,1765628023930,0,6.38,1.1640,0.0,0.00
1765628023.953092,4,2493,2531,1765628023952,1765628023952,0,6.31,0.9600,0.0,0.00
1765628023.963278,4,2494,2532,1765628023963,1765628023963,0,6.31,0.7680,0.0,0.00
1765628023.986408,4,2495,2533,1765628023984,1765628023984,0,6.23,0.5640,0.0,0.00
1765628023.997562,4,2496,2534,1765628023996,1765628023996,0,6.32,0.3720,0.0,0.00
1765628024.010140,4,2497,2535,1765628024008,1765628024010,2,6.32,0.1800,0.0,0.00
1765628024.020017,4,2498,2536,1765628024018,1765628024018,0,6.38,0.1800,0.0,0.00
1765628024.041536,4,2499,2538,1765628024040,1765628024041,1,6.31,0.0000,0.0,0.00
1765628024.061829,4,2500,2539,1765628024061,1765628024061,0,6.28,0.0000,0.0,0.00
1765628024.082386,4,2501,2540,1765628024082,1765628024082,0,6.17,0.0000,0.0,0.00
1765628024.108319,4,2502,2541,1765628024103,1765628024106,3,6.10,0.0000,0.0,0.00
1765628024.126310,4,2503,2542,1765628024125,1765628024125,0,6.06,0.0000,0.0,0.00
1765628024.146891,4,2504,2543,1765628024146,1765628024146,0,6.03,0.0000,0.0,0.00
1765628024.168982,4,2505,2544,1765628024168,1765628024168,0,6.07,0.0000,0.0,0.00
1765628024.191850,4,2506,2545,1765628024190,1765628024191,1,6.10,0.5920,0.0,0.00
1765628024.211187,4,2507,2546,1765628024211,1765628024211,0,6.07,0.4000,0.0,0.00
1765628024.233312,4,2508,2548,1765628024232,1765628024232,0,6.04,0.1960,0.0,0.00
1765628024.253669,4,2509,2549,1765628024253,1765628024253,0,5.90,0.0040,0.0,0.00
1765628024.277459,4,2510,2550,1765628024275,1765628024277,2,5.93,0.0000,0.0,0.00
1765628024.296610,4,2511,2551,1765628024296,1765628024296,0,5.90,0.0000,0.0,0.00
1765628024.317868,4,2512,2552,1765628024317,1765628024317,0,5.90,0.0000,0.0,0.00
1765628024.338902,4,2513,2553,1765628024338,1765628024338,0,5.84,0.0000,0.0,0.00
1765628024.361639,4,2514,2555,1765628024360,1765628024360,0,5.68,0.7960,0.0,0.00
1765628024.382557,4,2515,2556,1765628024382,1765628024382,0,5.57,0.5920,0.0,0.00
1765628024.403147,4,2516,2557,1765628024403,1765628024403,0,4.74,0.4000,0.0,0.00
1765628024.427467,4,2517,2559,1765628024424,1765628024426,2,4.74,0.0040,0.0,0.00
1765628024.446676,4,2518,2560,1765628024446,1765628024446,0,4.76,0.0000,0.0,0.00
1765628024.460623,4,2519,2561,1765628024457,1765628024459,2,4.76,0.0000,0.0,0.00
1765628024.478553,4,2520,2562,1765628024478,1765628024478,0,4.72,0.0000,0.0,0.00
1765628024.499688,4,2521,2563,1765628024499,1765628024499,0,4.67,0.0000,0.0,0.00
1765628024.521186,4,2522,2564,1765628024521,1765628024521,0,4.64,0.7960,0.0,0.00
1765628024.544335,4,2523,2565,1765628024542,1765628024543,1,4.41,0.4120,0.0,0.00
1765628024.563224,4,2524,2566,1765628024563,1765628024563,0,4.26,0.2080,0.0,0.00
1765628024.585712,4,2525,2567,1765628024584,1765628024584,0,4.17,0.0040,0.0,0.00
1765628024.607258,4,2526,2569,1765628024606,1765628024606,0,4.20,0.0000,0.0,0.00
1765628024.628718,4,2527,2570,1765628024627,1765628024627,0,4.06,0.0000,0.0,0.00
1765628024.665482,4,2528,2571,1765628024664,1765628024664,0,4.25,0.0000,0.0,0.00
1765628024.686558,4,2529,2572,1765628024685,1765628024685,0,4.25,0.0000,0.0,0.00
1765628024.702616,4,2530,2573,1765628024701,1765628024702,1,4.12,0.0000,0.0,0.00
1765628024.713934,4,2531,2574,1765628024712,1765628024712,0,4.27,0.8080,0.0,0.00
1765628024.734989,4,2532,2575,1765628024734,1765628024734,0,4.15,0.6040,0.0,0.00
1765628024.762590,4,2533,2576,1765628024756,1765628024761,5,4.10,0.2080,0.0,0.00
1765628024.777189,4,2534,2578,1765628024777,1765628024777,0,4.14,0.0040,0.0,0.00
1765628024.798542,4,2535,2579,1765628024798,1765628024798,0,4.04,0.0000,0.0,0.00
1765628024.820420,4,2536,2580,1765628024819,1765628024819,0,4.04,0.0000,0.0,0.00
1765628024.842633,4,2537,2581,1765628024841,1765628024842,1,4.05,0.0000,0.0,0.00
1765628024.862333,4,2538,2582,1765628024862,1765628024862,0,3.99,0.0000,0.0,0.00
1765628024.883998,4,2539,2583,1765628024883,1765628024883,0,3.68,0.7960,0.0,0.00
1765628024.905016,4,2540,2584,1765628024905,1765628024905,0,3.51,0.5920,0.0,0.00
1765628024.927319,4,2541,2585,1765628024926,1765628024926,0,3.51,0.1720,0.0,0.00
1765628024.947961,4,2542,2586,1765628024947,1765628024947,0,3.47,0.0000,0.0,0.00
1765628024.969590,4,2543,2588,1765628024969,1765628024969,0,3.44,0.0000,0.0,0.00
1765628024.994001,4,2544,2589,1765628024990,1765628024992,2,3.45,0.0000,0.0,0.00
1765628025.012231,4,2545,2590,1765628025012,1765628025012,0,3.43,0.0000,0.0,0.00
1765628025.026352,4,2546,2591,1765628025022,1765628025022,0,3.67,0.0000,0.0,0.00
1765628025.035196,4,2547,2592,1765628025034,1765628025034,0,3.64,0.0000,0.0,0.00
1765628025.056656,4,2548,2593,1765628025055,1765628025055,0,3.43,0.0000,0.0,0.00
1765628025.067754,4,2549,2594,1765628025066,1765628025066,0,3.63,0.0000,0.0,0.00
1765628025.078930,4,2550,2595,1765628025077,1765628025077,0,3.72,0.0000,0.0,0.00
1765628025.098890,4,2551,2596,1765628025098,1765628025098,0,3.38,0.0000,0.0,0.00
1765628025.120322,4,2552,2597,1765628025120,1765628025120,0,3.18,1.0000,0.0,0.00
1765628025.141899,4,2553,2599,1765628025141,1765628025141,0,3.17,0.7840,0.0,0.00
1765628025.164308,4,2554,2600,1765628025163,1765628025164,1,2.98,0.3760,0.0,0.00
1765628025.184804,4,2555,2601,1765628025184,1765628025184,0,2.97,0.1840,0.0,0.00
1765628025.197910,4,2556,2602,1765628025196,1765628025197,1,2.95,0.9800,0.0,0.00
1765628025.216910,4,2557,2603,1765628025216,1765628025216,0,2.84,0.7880,0.0,0.00
1765628025.230438,4,2558,2604,1765628025228,1765628025230,2,2.71,0.5840,0.0,0.00
1765628025.249984,4,2559,2605,1765628025249,1765628025249,0,2.70,0.3800,0.0,0.00
1765628025.271353,4,2560,2606,1765628025271,1765628025271,0,2.72,0.8152,0.0,0.00
1765628025.284988,4,2561,2607,1765628025283,1765628025283,0,2.88,0.5920,0.0,0.00
1765628025.297293,4,2562,2608,1765628025294,1765628025297,3,2.98,0.3880,0.0,0.00
1765628025.317520,4,2563,2609,1765628025316,1765628025316,0,2.98,0.1960,0.0,0.00
1765628025.334695,4,2564,2610,1765628025327,1765628025333,6,3.04,0.0040,0.0,0.00
1765628025.339732,4,2565,2612,1765628025338,1765628025338,0,3.35,0.0040,0.0,0.00
1765628025.365335,4,2566,2613,1765628025360,1765628025364,4,3.38,0.0000,0.0,0.00
1765628025.381398,4,2567,2615,1765628025381,1765628025381,0,3.43,0.0000,0.0,0.00
1765628025.403304,4,2568,2616,1765628025402,1765628025402,0,3.43,0.0000,0.0,0.00
1765628025.424583,4,2569,2617,1765628025424,1765628025424,0,3.44,0.0000,0.0,0.00
1765628025.447600,4,2570,2618,1765628025446,1765628025447,1,3.43,0.0000,0.0,0.00
1765628025.467892,4,2571,2619,1765628025467,1765628025467,0,3.43,0.0000,0.0,0.00
1765628025.490390,4,2572,2620,1765628025489,1765628025489,0,3.44,0.7960,0.0,0.00
1765628025.514095,4,2573,2621,1765628025510,1765628025510,0,3.44,0.4000,0.0,0.00
1765628025.532142,4,2574,2623,1765628025532,1765628025532,0,3.44,0.1960,0.0,0.00
1765628025.553411,4,2575,2624,1765628025553,1765628025553,0,3.43,0.0040,0.0,0.00
1765628025.576187,4,2576,2625,1765628025574,1765628025574,0,3.43,0.0000,0.0,0.00
1765628025.600591,4,2577,2626,1765628025597,1765628025600,3,3.46,0.0000,0.0,0.00
1765628025.618236,4,2578,2627,1765628025618,1765628025618,0,3.49,0.0000,0.0,0.00
1765628025.639256,4,2579,2628,1765628025639,1765628025639,0,3.36,0.0000,0.0,0.00
1765628025.660680,4,2580,2629,1765628025660,1765628025660,0,3.35,0.0000,0.0,0.00
1765628025.682667,4,2581,2630,1765628025681,1765628025682,1,3.36,0.0000,0.0,0.00
1765628025.703566,4,2582,2632,1765628025702,1765628025702,0,3.34,0.0000,0.0,0.00
1765628025.716766,4,2583,2633,1765628025713,1765628025716,3,3.45,0.0000,0.0,0.00
1765628025.735242,4,2584,2634,1765628025735,1765628025735,0,3.46,0.0000,0.0,0.00
1765628025.757464,4,2585,2635,1765628025756,1765628025756,0,3.46,0.0000,0.0,0.00
1765628025.782892,4,2586,2636,1765628025777,1765628025781,4,3.49,0.0000,0.0,0.00
1765628025.801231,4,2587,2637,1765628025800,1765628025801,1,3.48,0.0000,0.0,0.00
1765628025.814799,4,2588,2638,1765628025811,1765628025814,3,3.42,0.0000,0.0,0.00
1765628025.832306,4,2589,2639,1765628025832,1765628025832,0,3.42,0.0000,0.0,0.00
1765628025.853285,4,2590,2640,1765628025853,1765628025853,0,3.40,0.0000,0.0,0.00
1765628025.874815,4,2591,2641,1765628025874,1765628025874,0,3.21,0.0000,0.0,0.00
1765628025.886126,4,2592,2642,1765628025886,1765628025886,0,3.34,0.0000,0.0,0.00
1765628025.908421,4,2593,2643,1765628025907,1765628025907,0,3.27,1.0000,0.0,0.00
1765628025.929729,4,2594,2644,1765628025928,1765628025928,0,3.22,0.6040,0.0,0.00
1765628025.950667,4,2595,2645,1765628025950,1765628025950,0,3.23,0.1920,0.0,0.00
1765628025.964653,4,2596,2646,1765628025962,1765628025964,2,3.33,0.0000,0.0,0.00
1765628025.974046,4,2597,2647,1765628025974,1765628025974,0,3.49,0.0000,0.0,0.00
1765628025.995528,4,2598,2649,1765628025994,1765628025995,1,3.50,0.0000,0.0,0.00
1765628026.017125,4,2599,2650,1765628026016,1765628026016,0,3.50,0.0000,0.0,0.00
1765628026.037098,4,2600,2651,1765628026037,1765628026037,0,3.49,0.0000,0.0,0.00
1765628026.059557,4,2601,2652,1765628026058,1765628026058,0,3.49,0.0000,0.0,0.00
1765628026.080903,4,2602,2653,1765628026079,1765628026079,0,3.49,0.0000,0.0,0.00
1765628026.101319,4,2603,2654,1765628026101,1765628026101,0,3.49,0.0000,0.0,0.00
1765628026.126181,4,2604,2655,1765628026122,1765628026126,4,3.51,0.0000,0.0,0.00
1765628026.145150,4,2605,2656,1765628026143,1765628026143,0,3.54,0.0000,0.0,0.00
1765628026.158746,4,2606,2657,1765628026155,1765628026158,3,3.42,0.0000,0.0,0.00
1765628026.167570,4,2607,2658,1765628026166,1765628026166,0,3.52,0.0000,0.0,0.00
1765628026.177814,4,2608,2659,1765628026177,1765628026177,0,3.67,0.0000,0.0,0.00
1765628026.199304,4,2609,2660,1765628026199,1765628026199,0,3.53,0.0000,0.0,0.00
1765628026.221177,4,2610,2661,1765628026220,1765628026221,1,3.38,0.0000,0.0,0.00
1765628026.242151,4,2611,2663,1765628026242,1765628026242,0,3.38,0.0000,0.0,0.00
1765628026.262856,4,2612,2664,1765628026262,1765628026262,0,3.36,0.8080,0.0,0.00
1765628026.283762,4,2613,2665,1765628026283,1765628026283,0,3.36,0.6160,0.0,0.00
1765628026.307189,4,2614,2666,1765628026304,1765628026306,2,3.36,0.2200,0.0,0.00
1765628026.325944,4,2615,2667,1765628026325,1765628026325,0,3.35,0.0280,0.0,0.00
1765628026.347966,4,2616,2668,1765628026346,1765628026346,0,3.24,1.0000,0.0,0.00
1765628026.358036,4,2617,2669,1765628026358,1765628026358,0,3.39,0.7960,0.0,0.00
1765628026.379400,4,2618,2670,1765628026379,1765628026379,0,3.31,0.5920,0.0,0.00
1765628026.401691,4,2619,2671,1765628026400,1765628026400,0,3.32,0.4000,0.0,0.00
1765628026.423559,4,2620,2672,1765628026421,1765628026422,1,3.32,0.0160,0.0,0.00
1765628026.434496,4,2621,2673,1765628026433,1765628026433,0,3.34,0.0160,0.0,0.00
1765628026.444376,4,2622,2674,1765628026444,1765628026444,0,3.41,0.0000,0.0,0.00
1765628026.466546,4,2623,2675,1765628026466,1765628026466,0,3.44,0.0000,0.0,0.00
1765628026.477926,4,2624,2677,1765628026477,1765628026477,0,3.58,0.7960,0.0,0.00
1765628026.489360,4,2625,2678,1765628026488,1765628026489,1,3.42,0.5920,0.0,0.00
1765628026.509860,4,2626,2679,1765628026509,1765628026509,0,3.35,0.3880,0.0,0.00
1765628026.531585,4,2627,2680,1765628026531,1765628026531,0,3.33,0.1840,0.0,0.00
1765628026.541692,4,2628,2681,1765628026541,1765628026541,0,3.52,0.0000,0.0,0.00
1765628026.563281,4,2629,2682,1765628026563,1765628026563,0,3.52,0.0000,0.0,0.00
1765628026.584831,4,2630,2683,1765628026584,1765628026584,0,3.51,0.0000,0.0,0.00
1765628026.607094,4,2631,2684,1765628026605,1765628026607,2,3.53,0.0000,0.0,0.00
1765628026.627849,4,2632,2685,1765628026626,1765628026627,1,3.51,0.8080,0.0,0.00
1765628026.639425,4,2633,2686,1765628026638,1765628026638,0,3.68,0.6160,0.0,0.00
1765628026.659700,4,2634,2687,1765628026659,1765628026659,0,3.67,0.4240,0.0,0.00
1765628026.680938,4,2635,2688,1765628026680,1765628026680,0,3.67,0.2200,0.0,0.00
1765628026.708302,4,2636,2689,1765628026702,1765628026707,5,3.73,0.0000,0.0,0.00
1765628026.724108,4,2637,2690,1765628026724,1765628026724,0,3.70,1.0000,0.0,0.00
1765628026.746285,4,2638,2692,1765628026745,1765628026745,0,3.70,0.7960,0.0,0.00
1765628026.767163,4,2639,2693,1765628026767,1765628026767,0,3.71,0.5920,0.0,0.00
1765628026.788810,4,2640,2694,1765628026788,1765628026788,0,3.71,0.1960,0.0,0.00
1765628026.809559,4,2641,2695,1765628026809,1765628026809,0,3.70,0.0040,0.0,0.00
1765628026.831036,4,2642,2696,1765628026830,1765628026830,0,3.71,0.0000,0.0,0.00
1765628026.856331,4,2643,2698,1765628026853,1765628026856,3,3.67,0.0000,0.0,0.00
1765628026.865692,4,2644,2699,1765628026864,1765628026864,0,3.92,0.0000,0.0,0.00
1765628026.876307,4,2645,2700,1765628026876,1765628026876,0,4.06,0.0000,0.0,0.00
1765628026.892483,4,2646,2701,1765628026888,1765628026892,4,4.04,0.0000,0.0,0.00
1765628026.900285,4,2647,2702,1765628026899,1765628026899,0,4.28,0.0000,0.0,0.00
1765628026.910189,4,2648,2703,1765628026910,1765628026910,0,4.32,0.0000,0.0,0.00
1765628026.931790,4,2649,2704,1765628026931,1765628026931,0,4.34,0.0000,0.0,0.00
1765628026.954960,4,2650,2706,1765628026953,1765628026954,1,4.37,0.0000,0.0,0.00
1765628026.976115,4,2651,2707,1765628026975,1765628026975,0,4.37,0.0000,0.0,0.00
1765628026.998052,4,2652,2708,1765628026997,1765628026997,0,4.26,0.0000,0.0,0.00
1765628027.022478,4,2653,2709,1765628027018,1765628027022,4,4.30,0.0000,0.0,0.00
1765628027.039912,4,2654,2710,1765628027039,1765628027039,0,4.31,0.0000,0.0,0.00
1765628027.052340,4,2655,2711,1765628027051,1765628027051,0,4.41,0.0000,0.0,0.00
1765628027.072663,4,2656,2712,1765628027072,1765628027072,0,4.34,0.0000,0.0,0.00
1765628027.095031,4,2657,2713,1765628027093,1765628027093,0,4.18,0.8080,0.0,0.00
1765628027.106273,4,2658,2714,1765628027105,1765628027105,0,4.30,0.6040,0.0,0.00
1765628027.126927,4,2659,2715,1765628027126,1765628027126,0,4.30,0.4120,0.0,0.00
1765628027.148725,4,2660,2717,1765628027148,1765628027148,0,4.31,0.2200,0.0,0.00
1765628027.172599,4,2661,2718,1765628027169,1765628027171,2,4.33,0.0000,0.0,0.00
1765628027.182253,4,2662,2719,1765628027181,1765628027181,0,4.49,0.0000,0.0,0.00
1765628027.203306,4,2663,2720,1765628027202,1765628027202,0,4.48,0.0000,0.0,0.00
1765628027.223897,4,2664,2721,1765628027223,1765628027223,0,4.43,0.0000,0.0,0.00
1765628027.245295,4,2665,2722,1765628027245,1765628027245,0,4.44,0.0000,0.0,0.00
1765628027.270144,4,2666,2723,1765628027266,1765628027269,3,4.43,0.7960,0.0,0.00
1765628027.287660,4,2667,2724,1765628027287,1765628027287,0,4.20,0.5920,0.0,0.00
1765628027.309152,4,2668,2725,1765628027309,1765628027309,0,4.05,1.0726,0.0,0.00
1765628027.331834,4,2669,2726,1765628027330,1765628027330,0,4.04,0.8314,0.0,0.00
1765628027.353725,4,2670,2728,1765628027352,1765628027353,1,4.05,0.4000,0.0,0.00
1765628027.374136,4,2671,2729,1765628027374,1765628027374,0,4.05,0.1960,0.0,0.00
1765628027.396549,4,2672,2731,1765628027396,1765628027396,0,4.07,0.0000,0.0,0.00
1765628027.420624,4,2673,2732,1765628027417,1765628027420,3,4.10,0.8080,0.0,0.00
1765628027.438881,4,2674,2733,1765628027438,1765628027438,0,4.08,0.6040,0.0,0.00
1765628027.459683,4,2675,2734,1765628027459,1765628027459,0,4.10,0.4000,0.0,0.00
1765628027.481448,4,2676,2735,1765628027481,1765628027481,0,4.11,0.2080,0.0,0.00
1765628027.492581,4,2677,2736,1765628027492,1765628027492,0,4.14,0.0040,0.0,0.00
1765628027.514421,4,2678,2738,1765628027514,1765628027514,0,4.15,0.0000,0.0,0.00
1765628027.526164,4,2679,2739,1765628027525,1765628027525,0,4.30,0.0000,0.0,0.00
1765628027.538884,4,2680,2740,1765628027536,1765628027537,1,4.41,0.0000,0.0,0.00
1765628027.547601,4,2681,2741,1765628027547,1765628027547,0,4.43,0.0000,0.0,0.00
1765628027.570154,4,2682,2742,1765628027568,1765628027570,2,4.31,0.0000,0.0,0.00
1765628027.591936,4,2683,2743,1765628027590,1765628027590,0,4.29,0.0000,0.0,0.00
1765628027.612103,4,2684,2744,1765628027612,1765628027612,0,4.15,0.0000,0.0,0.00
1765628027.633994,4,2685,2745,1765628027632,1765628027632,0,4.00,0.0000,0.0,0.00
1765628027.654892,4,2686,2746,1765628027654,1765628027654,0,4.02,1.0000,0.0,0.00
1765628027.675494,4,2687,2747,1765628027675,1765628027675,0,4.01,0.7960,0.0,0.00
1765628027.699891,4,2688,2748,1765628027696,1765628027699,3,3.84,0.4000,0.0,0.00
1765628027.719434,4,2689,2749,1765628027718,1765628027718,0,3.82,0.2080,0.0,0.00
1765628027.735209,4,2690,2750,1765628027729,1765628027734,5,3.87,0.0040,0.0,0.00
1765628027.751404,4,2691,2752,1765628027751,1765628027751,0,3.88,0.0000,0.0,0.00
1765628027.773184,4,2692,2753,1765628027772,1765628027773,1,3.90,0.0000,0.0,0.00
1765628027.793628,4,2693,2754,1765628027793,1765628027793,0,3.73,0.0000,0.0,0.00
1765628027.814813,4,2694,2755,1765628027814,1765628027814,0,3.73,0.0000,0.0,0.00
1765628027.836341,4,2695,2756,1765628027835,1765628027836,1,3.74,0.0000,0.0,0.00
1765628027.857054,4,2696,2757,1765628027857,1765628027857,0,3.67,0.0000,0.0,0.00
1765628027.880739,4,2697,2758,1765628027878,1765628027880,2,3.66,0.0000,0.0,0.00
1765628027.899710,4,2698,2759,1765628027899,1765628027899,0,3.65,0.0000,0.0,0.00
1765628027.921896,4,2699,2760,1765628027920,1765628027920,0,3.64,0.0000,0.0,0.00
1765628027.932007,4,2700,2761,1765628027932,1765628027932,0,3.78,0.0000,0.0,0.00
1765628027.953258,4,2701,2762,1765628027953,1765628027953,0,3.78,0.0000,0.0,0.00
1765628027.974833,4,2702,2763,1765628027974,1765628027974,0,3.78,1.0000,0.0,0.00
1765628027.986599,4,2703,2764,1765628027986,1765628027986,0,3.86,1.1257,0.0,0.00
1765628028.008023,4,2704,2766,1765628028007,1765628028007,0,3.63,0.8542,0.0,0.00
1765628028.031214,4,2705,2767,1765628028028,1765628028031,3,3.52,0.3111,0.0,0.00
1765628028.050567,4,2706,2768,1765628028050,1765628028050,0,3.46,0.0226,0.0,0.00
1765628028.072737,4,2707,2769,1765628028071,1765628028071,0,3.19,0.0000,0.0,0.00
1765628028.094135,4,2708,2770,1765628028093,1765628028093,0,3.01,0.0000,0.0,0.00
1765628028.115446,4,2709,2771,1765628028114,1765628028115,1,3.02,0.0000,0.0,0.00
1765628028.136406,4,2710,2772,1765628028135,1765628028136,1,3.00,0.0000,0.0,0.00
1765628028.156787,4,2711,2773,1765628028156,1765628028156,0,2.99,0.0000,0.0,0.00
1765628028.178358,4,2712,2774,1765628028178,1765628028178,0,2.99,0.0000,0.0,0.00
1765628028.202430,4,2713,2776,1765628028199,1765628028201,2,2.97,0.0000,0.0,0.00
1765628028.221858,4,2714,2777,1765628028221,1765628028221,0,2.91,0.7960,0.0,0.00
1765628028.242670,4,2715,2778,1765628028242,1765628028242,0,2.72,0.5920,0.0,0.00
1765628028.267897,4,2716,2779,1765628028264,1765628028267,3,2.76,0.1840,0.0,0.00
1765628028.275050,4,2717,2780,1765628028275,1765628028275,0,3.04,0.1840,0.0,0.00
1765628028.299093,4,2718,2781,1765628028296,1765628028299,3,2.88,0.0000,0.0,0.00
1765628028.318746,4,2719,2782,1765628028317,1765628028317,0,2.92,1.0000,0.0,0.00
1765628028.339065,4,2720,2783,1765628028339,1765628028339,0,2.92,0.7960,0.0,0.00
1765628028.360169,4,2721,2784,1765628028360,1765628028360,0,2.90,0.6040,0.0,0.00
1765628028.381669,4,2722,2785,1765628028381,1765628028381,0,2.67,0.1960,0.0,0.00
1765628028.406286,4,2723,2787,1765628028404,1765628028404,0,2.69,0.6120,0.0,0.00
1765628028.417383,4,2724,2788,1765628028416,1765628028416,0,2.87,0.4200,0.0,0.00
1765628028.434253,4,2725,2789,1765628028428,1765628028433,5,2.92,0.2160,0.0,0.00
1765628028.439526,4,2726,2790,1765628028439,1765628028439,0,3.20,0.2160,0.0,0.00
1765628028.451799,4,2727,2791,1765628028450,1765628028450,0,3.36,0.0120,0.0,0.00
1765628028.472410,4,2728,2792,1765628028471,1765628028472,1,3.36,0.0000,0.0,0.00
1765628028.492978,4,2729,2793,1765628028492,1765628028492,0,3.35,0.0000,0.0,0.00
1765628028.515675,4,2730,2794,1765628028514,1765628028515,1,3.35,0.8080,0.0,0.00
1765628028.526269,4,2731,2795,1765628028526,1765628028526,0,3.53,0.8080,0.0,0.00
1765628028.538078,4,2732,2797,1765628028537,1765628028538,1,3.66,0.6040,0.0,0.00
1765628028.559992,4,2733,2798,1765628028558,1765628028558,0,3.61,0.4000,0.0,0.00
1765628028.583325,4,2734,2799,1765628028580,1765628028583,3,3.65,0.0000,0.0,0.00
1765628028.591388,4,2735,2800,1765628028591,1765628028591,0,3.89,0.0000,0.0,0.00
1765628028.614488,4,2736,2801,1765628028612,1765628028613,1,3.89,0.0000,0.0,0.00
1765628028.637299,4,2737,2802,1765628028636,1765628028637,1,3.75,0.0000,0.0,0.00
1765628028.655126,4,2738,2803,1765628028648,1765628028653,5,3.79,0.2040,0.0,0.00
1765628028.671175,4,2739,2804,1765628028671,1765628028671,0,3.63,1.0000,0.0,0.00
1765628028.692007,4,2740,2805,1765628028692,1765628028692,0,3.49,0.7960,0.0,0.00
1765628028.714257,4,2741,2806,1765628028713,1765628028713,0,3.29,0.5920,0.0,0.00
1765628028.725752,4,2742,2808,1765628028724,1765628028724,0,3.45,0.4000,0.0,0.00
1765628028.751144,4,2743,2809,1765628028746,1765628028750,4,3.51,0.0160,0.0,0.00
1765628028.767075,4,2744,2810,1765628028767,1765628028767,0,3.53,0.0000,0.0,0.00
1765628028.788257,4,2745,2811,1765628028788,1765628028788,0,3.54,0.0000,0.0,0.00
1765628028.809166,4,2746,2813,1765628028809,1765628028809,0,3.53,0.0000,0.0,0.00
1765628028.820819,4,2747,2814,1765628028820,1765628028820,0,3.69,0.0000,0.0,0.00
1765628028.842376,4,2748,2815,1765628028842,1765628028842,0,3.67,0.0000,0.0,0.00
1765628028.854775,4,2749,2816,1765628028853,1765628028853,0,3.85,0.0000,0.0,0.00
1765628028.867535,4,2750,2817,1765628028865,1765628028866,1,3.92,0.0000,0.0,0.00
1765628028.881197,4,2751,2818,1765628028876,1765628028880,4,3.98,0.0000,0.0,0.00
1765628028.898465,4,2752,2820,1765628028898,1765628028898,0,3.97,0.0000,0.0,0.00
1765628028.909125,4,2753,2821,1765628028909,1765628028909,0,4.12,0.0000,0.0,0.00
1765628028.930361,4,2754,2822,1765628028930,1765628028930,0,4.12,0.0000,0.0,0.00
1765628028.951595,4,2755,2823,1765628028951,1765628028951,0,4.11,0.0000,0.0,0.00
1765628028.973110,4,2756,2824,1765628028973,1765628028973,0,4.12,0.0000,0.0,0.00
1765628028.999172,4,2757,2825,1765628028994,1765628028998,4,4.14,0.0000,0.0,0.00
1765628029.016501,4,2758,2826,1765628029016,1765628029016,0,4.15,0.0000,0.0,0.00
1765628029.032223,4,2759,2827,1765628029027,1765628029028,1,4.26,0.0000,0.0,0.00
1765628029.038931,4,2760,2828,1765628029038,1765628029038,0,4.30,0.0000,0.0,0.00
1765628029.060251,4,2761,2829,1765628029060,1765628029060,0,4.31,0.0000,0.0,0.00
1765628029.085877,4,2762,2831,1765628029081,1765628029084,3,4.35,0.0000,0.0,0.00
1765628029.102909,4,2763,2832,1765628029102,1765628029102,0,4.23,0.0000,0.0,0.00
1765628029.125133,4,2764,2833,1765628029124,1765628029124,0,4.24,0.7960,0.0,0.00
1765628029.145426,4,2765,2834,1765628029145,1765628029145,0,4.20,0.5920,0.0,0.00
1765628029.168888,4,2766,2835,1765628029166,1765628029168,2,4.25,0.1960,0.0,0.00
1765628029.188729,4,2767,2836,1765628029188,1765628029188,0,4.24,0.0040,0.0,0.00
1765628029.209134,4,2768,2837,1765628029209,1765628029209,0,4.23,0.0000,0.0,0.00
1765628029.231383,4,2769,2838,1765628029230,1765628029230,0,4.21,0.0000,0.0,0.00
1765628029.252602,4,2770,2839,1765628029251,1765628029252,1,4.23,0.0000,0.0,0.00
1765628029.273882,4,2771,2841,1765628029272,1765628029272,0,4.23,0.7840,0.0,0.00
1765628029.294544,4,2772,2842,1765628029294,1765628029294,0,4.23,0.5800,0.0,0.00
1765628029.316409,4,2773,2843,1765628029315,1765628029315,0,4.20,0.3880,0.0,0.00
1765628029.341675,4,2774,2844,1765628029337,1765628029340,3,4.27,0.0000,0.0,0.00
1765628029.356265,4,2775,2845,1765628029349,1765628029356,7,4.29,0.0000,0.0,0.00
1765628029.362721,4,2776,2846,1765628029361,1765628029361,0,4.46,0.0000,0.0,0.00
1765628029.373924,4,2777,2847,1765628029372,1765628029372,0,4.40,0.0000,0.0,0.00
1765628029.394011,4,2778,2849,1765628029394,1765628029394,0,4.38,1.0000,0.0,0.00
1765628029.415328,4,2779,2850,1765628029415,1765628029415,0,4.41,1.7960,0.0,0.00
1765628029.438740,4,2780,2852,1765628029436,1765628029437,1,4.41,1.4000,0.0,0.00
1765628029.459354,4,2781,2853,1765628029458,1765628029458,0,4.41,1.2080,0.0,0.00
1765628029.469350,4,2782,2854,1765628029469,1765628029469,0,4.51,1.0160,0.0,0.00
1765628029.490621,4,2783,2855,1765628029490,1765628029490,0,4.48,0.8120,0.0,0.00
1765628029.511859,4,2784,2856,1765628029511,1765628029511,0,4.40,0.6080,0.0,0.00
1765628029.537562,4,2785,2857,1765628029533,1765628029536,3,4.46,0.2120,0.0,0.00
1765628029.545253,4,2786,2858,1765628029544,1765628029544,0,4.42,0.2120,0.0,0.00
1765628029.566744,4,2787,2859,1765628029565,1765628029565,0,4.29,0.0080,0.0,0.00
1765628029.590891,4,2788,2860,1765628029586,1765628029589,3,4.32,0.7960,0.0,0.00
1765628029.608336,4,2789,2862,1765628029608,1765628029608,0,4.31,0.5920,0.0,0.00
1765628029.629868,4,2790,2863,1765628029629,1765628029629,0,4.28,0.4000,0.0,0.00
1765628029.654089,4,2791,2864,1765628029651,1765628029654,3,4.19,0.0040,0.0,0.00
1765628029.672567,4,2792,2865,1765628029672,1765628029672,0,4.06,0.0000,0.0,0.00
1765628029.693543,4,2793,2866,1765628029693,1765628029693,0,4.07,0.0000,0.0,0.00
1765628029.714831,4,2794,2867,1765628029714,1765628029714,0,4.03,0.0000,0.0,0.00
1765628029.736470,4,2795,2868,1765628029736,1765628029736,0,3.83,0.0000,0.0,0.00
1765628029.757350,4,2796,2869,1765628029757,1765628029757,0,3.81,0.7960,0.0,0.00
1765628029.778418,4,2797,2870,1765628029778,1765628029778,0,3.78,0.5920,0.0,0.00
1765628029.804510,4,2798,2871,1765628029799,1765628029803,4,3.78,0.1840,0.0,0.00
1765628029.814295,4,2799,2873,1765628029812,1765628029813,1,3.96,0.1840,0.0,0.00
1765628029.823951,4,2800,2874,1765628029822,1765628029822,0,4.16,0.0000,0.0,0.00
1765628029.836610,4,2801,2875,1765628029834,1765628029835,1,4.26,0.0000,0.0,0.00
1765628029.856636,4,2802,2877,1765628029855,1765628029855,0,4.10,0.0000,0.0,0.00
1765628029.868410,4,2803,2878,1765628029866,1765628029868,2,4.14,0.0000,0.0,0.00
1765628029.887878,4,2804,2879,1765628029887,1765628029887,0,4.11,0.0000,0.0,0.00
1765628029.909679,4,2805,2880,1765628029909,1765628029909,0,4.12,0.0000,0.0,0.00
1765628029.931094,4,2806,2882,1765628029931,1765628029931,0,4.13,0.7960,0.0,0.00
1765628029.953597,4,2807,2884,1765628029952,1765628029953,1,3.99,0.4000,0.0,0.00
1765628029.973868,4,2808,2885,1765628029973,1765628029973,0,3.97,0.1960,0.0,0.00
1765628029.994731,4,2809,2886,1765628029994,1765628029994,0,3.81,0.0000,0.0,0.00
1765628030.019722,4,2810,2887,1765628030016,1765628030019,3,3.74,1.0000,0.0,0.00
1765628030.038874,4,2811,2888,1765628030037,1765628030037,0,3.65,1.1257,0.0,0.00
1765628030.060265,4,2812,2889,1765628030058,1765628030058,0,3.63,0.8542,0.0,0.00
1765628030.081338,4,2813,2890,1765628030081,1765628030081,0,3.47,0.5657,0.0,0.00
1765628030.103295,4,2814,2891,1765628030102,1765628030102,0,3.47,0.0057,0.0,0.00
1765628030.124433,4,2815,2892,1765628030124,1765628030124,0,3.48,0.0000,0.0,0.00
1765628030.144951,4,2816,2893,1765628030144,1765628030144,0,3.46,0.0000,0.0,0.00
1765628030.156624,4,2817,2894,1765628030156,1765628030156,0,3.58,0.0000,0.0,0.00
1765628030.177157,4,2818,2895,1765628030177,1765628030177,0,3.56,0.0000,0.0,0.00
1765628030.201016,4,2819,2897,1765628030198,1765628030201,3,3.43,0.0000,0.0,0.00
1765628030.221316,4,2820,2899,1765628030220,1765628030221,1,3.19,0.8080,0.0,0.00
1765628030.233590,4,2821,2900,1765628030231,1765628030232,1,3.38,0.6160,0.0,0.00
1765628030.254162,4,2822,2901,1765628030253,1765628030253,0,3.36,0.4120,0.0,0.00
1765628030.274904,4,2823,2902,1765628030274,1765628030274,0,3.33,0.2080,0.0,0.00
1765628030.300031,4,2824,2903,1765628030296,1765628030300,4,3.37,0.0000,0.0,0.00
1765628030.317482,4,2825,2904,1765628030317,1765628030317,0,3.42,0.0000,0.0,0.00
1765628030.338903,4,2826,2905,1765628030338,1765628030338,0,3.40,0.0000,0.0,0.00
1765628030.360227,4,2827,2906,1765628030360,1765628030360,0,3.42,0.0000,0.0,0.00
1765628030.383583,4,2828,2908,1765628030381,1765628030383,2,3.44,0.0000,0.0,0.00
1765628030.393851,4,2829,2909,1765628030392,1765628030392,0,3.67,0.0000,0.0,0.00
1765628030.404845,4,2830,2910,1765628030403,1765628030403,0,3.84,0.0000,0.0,0.00
1765628030.425006,4,2831,2911,1765628030425,1765628030425,0,3.86,0.0000,0.0,0.00
1765628030.447274,4,2832,2912,1765628030446,1765628030446,0,3.85,0.0000,0.0,0.00
1765628030.468789,4,2833,2913,1765628030467,1765628030468,1,3.86,0.7960,0.0,0.00
1765628030.490251,4,2834,2914,1765628030489,1765628030489,0,3.82,0.6040,0.0,0.00
1765628030.511176,4,2835,2915,1765628030510,1765628030510,0,3.77,0.4120,0.0,0.00
1765628030.535407,4,2836,2916,1765628030531,1765628030534,3,3.46,0.0040,0.0,0.00
1765628030.553767,4,2837,2917,1765628030553,1765628030553,0,3.26,0.0000,0.0,0.00
1765628030.574886,4,2838,2918,1765628030574,1765628030574,0,3.26,0.0000,0.0,0.00
1765628030.601865,4,2839,2919,1765628030597,1765628030600,3,3.30,0.0000,0.0,0.00
1765628030.609917,4,2840,2921,1765628030608,1765628030608,0,3.56,0.0000,0.0,0.00
1765628030.621243,4,2841,2922,1765628030620,1765628030620,0,3.72,0.0000,0.0,0.00
1765628030.634756,4,2842,2923,1765628030631,1765628030634,3,3.65,0.0000,0.0,0.00
1765628030.643887,4,2843,2924,1765628030642,1765628030642,0,3.89,0.0000,0.0,0.00
1765628030.667520,4,2844,2925,1765628030663,1765628030667,4,3.94,0.0000,0.0,0.00
1765628030.685151,4,2845,2926,1765628030685,1765628030685,0,3.90,0.0000,0.0,0.00
1765628030.706716,4,2846,2927,1765628030706,1765628030706,0,3.67,0.0000,0.0,0.00
1765628030.728512,4,2847,2928,1765628030728,1765628030728,0,3.68,0.7960,0.0,0.00
1765628030.750508,4,2848,2929,1765628030749,1765628030750,1,3.65,0.4000,0.0,0.00
1765628030.771008,4,2849,2931,1765628030771,1765628030771,0,3.66,1.0214,0.0,0.00
1765628030.783878,4,2850,2932,1765628030781,1765628030782,1,3.84,0.8082,0.0,0.00
1765628030.804260,4,2851,2933,1765628030803,1765628030803,0,3.80,0.6160,0.0,0.00
1765628030.817829,4,2852,2934,1765628030815,1765628030816,1,3.91,0.4120,0.0,0.00
1765628030.826895,4,2853,2935,1765628030826,1765628030826,0,4.10,0.4120,0.0,0.00
1765628030.849450,4,2854,2936,1765628030847,1765628030849,2,4.12,0.0280,0.0,0.00
1765628030.868590,4,2855,2937,1765628030868,1765628030868,0,4.09,0.8080,0.0,0.00
1765628030.890017,4,2856,2938,1765628030890,1765628030890,0,4.10,0.6040,0.0,0.00
1765628030.913328,4,2857,2939,1765628030911,1765628030912,1,4.11,0.2200,0.0,0.00
1765628030.933311,4,2858,2941,1765628030932,1765628030932,0,4.06,0.0160,0.0,0.00
1765628030.953334,4,2859,2942,1765628030953,1765628030953,0,3.87,0.0000,0.0,0.00
1765628030.978081,4,2860,2943,1765628030974,1765628030978,4,3.70,0.0000,0.0,0.00
1765628030.986666,4,2861,2944,1765628030986,1765628030986,0,3.82,0.0000,0.0,0.00
1765628030.998477,4,2862,2945,1765628030997,1765628030997,0,3.99,0.7960,0.0,0.00
1765628031.019794,4,2863,2946,1765628031019,1765628031019,0,3.88,0.6040,0.0,0.00
1765628031.044523,4,2864,2947,1765628031040,1765628031044,4,3.94,0.2080,0.0,0.00
1765628031.062026,4,2865,2948,1765628031062,1765628031062,0,3.94,0.0040,0.0,0.00
1765628031.085264,4,2866,2949,1765628031084,1765628031084,0,3.94,0.0000,0.0,0.00
1765628031.096655,4,2867,2950,1765628031095,1765628031095,0,4.09,0.0000,0.0,0.00
1765628031.113460,4,2868,2951,1765628031106,1765628031107,1,4.24,0.0000,0.0,0.00
1765628031.119206,4,2869,2952,1765628031118,1765628031119,1,4.37,0.0000,0.0,0.00
1765628031.129436,4,2870,2954,1765628031129,1765628031129,0,4.48,0.0000,0.0,0.00
1765628031.150898,4,2871,2955,1765628031150,1765628031150,0,4.50,0.0000,0.0,0.00
1765628031.173536,4,2872,2956,1765628031172,1765628031172,0,4.51,0.0000,0.0,0.00
1765628031.194921,4,2873,2957,1765628031193,1765628031194,1,4.50,1.0000,0.0,0.00
1765628031.215077,4,2874,2958,1765628031215,1765628031215,0,4.50,0.7960,0.0,0.00
1765628031.236674,4,2875,2959,1765628031236,1765628031236,0,4.49,0.5920,0.0,0.00
1765628031.257333,4,2876,2960,1765628031257,1765628031257,0,4.50,0.3880,0.0,0.00
1765628031.283034,4,2877,2961,1765628031278,1765628031283,5,4.43,0.1920,0.0,0.00
1765628031.301396,4,2878,2962,1765628031300,1765628031300,0,4.44,0.0000,0.0,0.00
1765628031.321855,4,2879,2963,1765628031321,1765628031321,0,4.41,0.0000,0.0,0.00
1765628031.343474,4,2880,2964,1765628031343,1765628031343,0,4.43,0.0000,0.0,0.00
1765628031.366884,4,2881,2965,1765628031364,1765628031366,2,4.30,0.0000,0.0,0.00
1765628031.386698,4,2882,2967,1765628031385,1765628031385,0,4.28,0.0000,0.0,0.00
1765628031.408269,4,2883,2969,1765628031407,1765628031407,0,4.29,0.0000,0.0,0.00
1765628031.428525,4,2884,2970,1765628031428,1765628031428,0,4.24,0.0000,0.0,0.00
1765628031.452923,4,2885,2971,1765628031450,1765628031451,1,4.24,0.7960,0.0,0.00
1765628031.462309,4,2886,2972,1765628031461,1765628031461,0,4.42,0.7960,0.0,0.00
1765628031.472324,4,2887,2973,1765628031472,1765628031472,0,4.56,0.6040,0.0,0.00
1765628031.493332,4,2888,2974,1765628031493,1765628031493,0,4.53,0.4000,0.0,0.00
1765628031.519470,4,2889,2975,1765628031514,1765628031517,3,4.38,0.0040,0.0,0.00
1765628031.535475,4,2890,2976,1765628031535,1765628031535,0,4.22,0.0000,0.0,0.00
1765628031.556750,4,2891,2977,1765628031556,1765628031556,0,4.20,0.0000,0.0,0.00
1765628031.578568,4,2892,2979,1765628031578,1765628031578,0,4.22,0.0000,0.0,0.00
1765628031.602218,4,2893,2980,1765628031599,1765628031601,2,4.23,0.6040,0.0,0.00
1765628031.622306,4,2894,2981,1765628031620,1765628031620,0,4.20,0.4000,0.0,0.00
1765628031.643371,4,2895,2982,1765628031642,1765628031642,0,4.22,0.1840,0.0,0.00
1765628031.663255,4,2896,2983,1765628031663,1765628031663,0,4.18,0.0000,0.0,0.00
1765628031.685122,4,2897,2984,1765628031685,1765628031685,0,4.22,0.0000,0.0,0.00
1765628031.695905,4,2898,2985,1765628031695,1765628031695,0,4.39,0.0000,0.0,0.00
1765628031.720057,4,2899,2986,1765628031717,1765628031720,3,4.38,0.0000,0.0,0.00
1765628031.728796,4,2900,2988,1765628031728,1765628031728,0,4.38,0.0000,0.0,0.00
1765628031.752722,4,2901,2989,1765628031750,1765628031751,1,4.27,0.0000,0.0,0.00
1765628031.762209,4,2902,2990,1765628031760,1765628031760,0,4.39,0.0000,0.0,0.00
1765628031.785634,4,2903,2992,1765628031782,1765628031785,3,4.20,0.0000,0.0,0.00
1765628031.804877,4,2904,2993,1765628031803,1765628031803,0,4.16,0.8080,0.0,0.00
1765628031.825077,4,2905,2994,1765628031825,1765628031825,0,4.17,0.6160,0.0,0.00
1765628031.849522,4,2906,2995,1765628031847,1765628031848,1,4.19,0.2320,0.0,0.00
1765628031.859405,4,2907,2996,1765628031858,1765628031858,0,4.36,0.2320,0.0,0.00
1765628031.882276,4,2908,2997,1765628031879,1765628031882,3,4.38,0.0000,0.0,0.00
1765628031.901220,4,2909,2998,1765628031901,1765628031901,0,4.36,0.0000,0.0,0.00
1765628031.922423,4,2910,2999,1765628031921,1765628031922,1,4.20,0.0000,0.0,0.00
1765628031.948405,4,2911,3000,1765628031943,1765628031947,4,4.25,0.0000,0.0,0.00
1765628031.956170,4,2912,3001,1765628031954,1765628031954,0,4.38,0.0000,0.0,0.00
1765628031.967095,4,2913,3003,1765628031965,1765628031967,2,4.31,0.7960,0.0,0.00
1765628031.979873,4,2914,3004,1765628031977,1765628031979,2,4.43,0.5920,0.0,0.00
1765628031.998972,4,2915,3005,1765628031998,1765628031998,0,4.43,0.4000,0.0,0.00
1765628032.021047,4,2916,3006,1765628032020,1765628032020,0,4.43,0.1960,0.0,0.00
1765628032.041623,4,2917,3007,1765628032041,1765628032041,0,4.42,0.0040,0.0,0.00
1765628032.063425,4,2918,3008,1765628032063,1765628032063,0,4.44,0.0000,0.0,0.00
1765628032.085463,4,2919,3009,1765628032084,1765628032084,0,4.44,0.0000,0.0,0.00
1765628032.106320,4,2920,3010,1765628032106,1765628032106,0,4.41,0.0000,0.0,0.00
1765628032.130112,4,2921,3011,1765628032126,1765628032129,3,4.20,0.0000,0.0,0.00
1765628032.148105,4,2922,3012,1765628032148,1765628032148,0,4.03,0.0000,0.0,0.00
1765628032.169633,4,2923,3013,1765628032169,1765628032169,0,4.02,0.8080,0.0,0.00
1765628032.196703,4,2924,3014,1765628032190,1765628032190,0,3.97,0.4120,0.0,0.00
1765628032.213123,4,2925,3016,1765628032211,1765628032213,2,3.99,0.2080,0.0,0.00
1765628032.223808,4,2926,3017,1765628032223,1765628032223,0,4.16,0.2080,0.0,0.00
1765628032.246355,4,2927,3018,1765628032245,1765628032245,0,4.02,0.0000,0.0,0.00
1765628032.266810,4,2928,3019,1765628032266,1765628032266,0,3.88,0.0000,0.0,0.00
1765628032.289408,4,2929,3020,1765628032288,1765628032288,0,3.74,0.0000,0.0,0.00
1765628032.310414,4,2930,3021,1765628032309,1765628032310,1,3.54,0.0000,0.0,0.00
1765628032.331498,4,2931,3022,1765628032330,1765628032331,1,3.54,0.0000,0.0,0.00
1765628032.352353,4,2932,3023,1765628032352,1765628032352,0,3.53,0.0000,0.0,0.00
1765628032.378675,4,2933,3024,1765628032373,1765628032373,0,3.52,0.5920,0.0,0.00
1765628032.395212,4,2934,3025,1765628032395,1765628032395,0,3.53,0.3880,0.0,0.00
1765628032.418034,4,2935,3027,1765628032416,1765628032418,2,3.55,0.1960,0.0,0.00
1765628032.431898,4,2936,3028,1765628032428,1765628032430,2,3.71,0.0000,0.0,0.00
1765628032.439553,4,2937,3029,1765628032439,1765628032439,0,3.88,0.0000,0.0,0.00
1765628032.462088,4,2938,3030,1765628032461,1765628032462,1,3.87,0.0000,0.0,0.00
1765628032.483126,4,2939,3031,1765628032482,1765628032482,0,3.85,0.0000,0.0,0.00
1765628032.503692,4,2940,3032,1765628032503,1765628032503,0,3.84,1.0000,0.0,0.00
1765628032.528686,4,2941,3033,1765628032525,1765628032528,3,3.87,0.0000,0.0,0.00
1765628032.546745,4,2942,3034,1765628032546,1765628032546,0,3.89,0.0000,0.0,0.00
1765628032.568543,4,2943,3035,1765628032567,1765628032567,0,3.88,0.0000,0.0,0.00
1765628032.590149,4,2944,3037,1765628032589,1765628032589,0,3.89,0.0000,0.0,0.00
1765628032.611353,4,2945,3038,1765628032610,1765628032610,0,3.87,0.0000,0.0,0.00
1765628032.632656,4,2946,3039,1765628032631,1765628032631,0,3.67,0.0000,0.0,0.00
1765628032.654115,4,2947,3040,1765628032652,1765628032652,0,3.48,0.0000,0.0,0.00
1765628032.665264,4,2948,3041,1765628032664,1765628032664,0,3.64,0.0000,0.0,0.00
1765628032.687098,4,2949,3042,1765628032686,1765628032686,0,3.62,0.7960,0.0,0.00
1765628032.710108,4,2950,3043,1765628032707,1765628032710,3,3.63,0.3880,0.0,0.00
1765628032.729302,4,2951,3044,1765628032729,1765628032729,0,3.63,0.1960,0.0,0.00
1765628032.751058,4,2952,3046,1765628032749,1765628032749,0,3.61,0.0000,0.0,0.00
1765628032.762116,4,2953,3047,1765628032761,1765628032761,0,3.74,0.0000,0.0,0.00
1765628032.772899,4,2954,3048,1765628032772,1765628032772,0,3.93,0.0000,0.0,0.00
1765628032.794747,4,2955,3049,1765628032793,1765628032793,0,3.92,0.0000,0.0,0.00
1765628032.814947,4,2956,3050,1765628032814,1765628032814,0,3.92,0.0000,0.0,0.00
1765628032.837610,4,2957,3051,1765628032836,1765628032836,0,3.92,1.2856,0.0,0.00
1765628032.857628,4,2958,3053,1765628032857,1765628032857,0,3.72,0.7311,0.0,0.00
1765628032.868828,4,2959,3054,1765628032868,1765628032868,0,3.85,0.7311,0.0,0.00
1765628032.892340,4,2960,3055,1765628032890,1765628032891,1,3.63,0.2086,0.0,0.00
1765628032.912418,4,2961,3056,1765628032911,1765628032911,0,3.60,0.0160,0.0,0.00
1765628032.932916,4,2962,3058,1765628032932,1765628032932,0,3.37,0.0000,0.0,0.00
1765628032.957658,4,2963,3059,1765628032954,1765628032957,3,3.37,0.0000,0.0,0.00
1765628032.975077,4,2964,3060,1765628032975,1765628032975,0,3.37,0.8080,0.0,0.00
1765628032.997173,4,2965,3061,1765628032997,1765628032997,0,3.37,0.6160,0.0,0.00
1765628033.008036,4,2966,3062,1765628033008,1765628033008,0,3.53,0.4120,0.0,0.00
1765628033.029402,4,2967,3063,1765628033029,1765628033029,0,3.33,0.2200,0.0,0.00
1765628033.054806,4,2968,3064,1765628033050,1765628033051,1,3.31,0.0000,0.0,0.00
1765628033.071897,4,2969,3065,1765628033071,1765628033071,0,3.30,0.0000,0.0,0.00
1765628033.092717,4,2970,3066,1765628033092,1765628033092,0,3.30,0.0000,0.0,0.00
1765628033.114401,4,2971,3067,1765628033114,1765628033114,0,3.27,0.0000,0.0,0.00
1765628033.126411,4,2972,3069,1765628033125,1765628033125,0,3.18,0.0000,0.0,0.00
1765628033.147581,4,2973,3070,1765628033146,1765628033146,0,3.03,0.0000,0.0,0.00
1765628033.159220,4,2974,3071,1765628033157,1765628033157,0,3.05,0.0000,0.0,0.00
1765628033.178931,4,2975,3072,1765628033178,1765628033178,0,3.04,0.0000,0.0,0.00
1765628033.203440,4,2976,3073,1765628033200,1765628033203,3,3.07,1.0000,0.0,0.00
1765628033.222677,4,2977,3074,1765628033221,1765628033221,0,3.10,0.8080,0.0,0.00
1765628033.242640,4,2978,3075,1765628033242,1765628033242,0,3.09,0.6160,0.0,0.00
1765628033.265115,4,2979,3076,1765628033264,1765628033264,0,3.10,0.4120,0.0,0.00
1765628033.287382,4,2980,3077,1765628033286,1765628033286,0,3.10,0.1800,0.0,0.00
1765628033.308214,4,2981,3079,1765628033307,1765628033307,0,3.08,0.0000,0.0,0.00
1765628033.321950,4,2982,3080,1765628033318,1765628033320,2,3.23,0.0000,0.0,0.00
1765628033.339817,4,2983,3081,1765628033339,1765628033339,0,3.23,0.0000,0.0,0.00
1765628033.356322,4,2984,3082,1765628033351,1765628033356,5,3.28,0.0000,0.0,0.00
1765628033.374017,4,2985,3083,1765628033373,1765628033373,0,3.30,0.0000,0.0,0.00
1765628033.393835,4,2986,3084,1765628033393,1765628033393,0,3.08,0.0000,0.0,0.00
1765628033.415140,4,2987,3086,1765628033415,1765628033415,0,3.08,0.0000,0.0,0.00
1765628033.438084,4,2988,3087,1765628033436,1765628033438,2,3.10,0.0000,0.0,0.00
1765628033.459463,4,2989,3088,1765628033458,1765628033458,0,3.08,0.7960,0.0,0.00
1765628033.472440,4,2990,3089,1765628033469,1765628033472,3,3.19,0.5920,0.0,0.00
1765628033.491109,4,2991,3090,1765628033490,1765628033491,1,3.18,0.4000,0.0,0.00
1765628033.512908,4,2992,3092,1765628033511,1765628033512,1,3.18,0.2080,0.0,0.00
1765628033.541252,4,2993,3093,1765628033540,1765628033540,0,3.25,0.0000,0.0,0.00
1765628033.553434,4,2994,3094,1765628033551,1765628033553,2,3.37,0.0000,0.0,0.00
1765628033.573967,4,2995,3095,1765628033572,1765628033572,0,3.33,0.0000,0.0,0.00
1765628033.594444,4,2996,3096,1765628033594,1765628033594,0,3.20,0.0000,0.0,0.00
1765628033.622254,4,2997,3097,1765628033616,1765628033621,5,3.04,0.6040,0.0,0.00
1765628033.638946,4,2998,3098,1765628033638,1765628033638,0,3.07,0.4000,0.0,0.00
1765628033.651119,4,2999,3099,1765628033650,1765628033650,0,3.23,0.1960,0.0,0.00
1765628033.660844,4,3000,3100,1765628033660,1765628033660,0,3.41,0.1960,0.0,0.00
1765628033.682395,4,3001,3101,1765628033682,1765628033682,0,3.37,0.0000,0.0,0.00
1765628033.694869,4,3002,3102,1765628033693,1765628033693,0,3.52,0.0000,0.0,0.00
1765628033.715345,4,3003,3103,1765628033714,1765628033715,1,3.53,0.0000,0.0,0.00
1765628033.737688,4,3004,3104,1765628033736,1765628033737,1,3.53,0.0000,0.0,0.00
1765628033.757724,4,3005,3105,1765628033757,1765628033757,0,3.52,0.0000,0.0,0.00
1765628033.779881,4,3006,3106,1765628033778,1765628033778,0,3.52,0.0000,0.0,0.00
1765628033.800044,4,3007,3107,1765628033800,1765628033800,0,3.53,0.0000,0.0,0.00
1765628033.822185,4,3008,3108,1765628033822,1765628033822,0,3.41,0.0000,0.0,0.00
1765628033.844071,4,3009,3109,1765628033843,1765628033843,0,3.40,0.7960,0.0,0.00
1765628033.865716,4,3010,3110,1765628033864,1765628033864,0,3.36,0.6040,0.0,0.00
1765628033.888989,4,3011,3111,1765628033885,1765628033887,2,3.40,0.2200,0.0,0.00
1765628033.908951,4,3012,3113,1765628033907,1765628033908,1,3.41,0.0160,0.0,0.00
1765628033.921867,4,3013,3114,1765628033918,1765628033921,3,3.39,0.0000,0.0,0.00
1765628033.929751,4,3014,3115,1765628033929,1765628033929,0,3.46,0.0000,0.0,0.00
1765628033.954518,4,3015,3116,1765628033951,1765628033954,3,3.50,1.0000,0.0,0.00
1765628033.973328,4,3016,3117,1765628033972,1765628033972,0,3.51,1.7960,0.0,0.00
1765628033.993773,4,3017,3118,1765628033993,1765628033993,0,3.50,1.5920,0.0,0.00
1765628034.014930,4,3018,3119,1765628034014,1765628034014,0,3.50,1.4000,0.0,0.00
1765628034.037976,4,3019,3120,1765628034036,1765628034036,0,3.34,1.0040,0.0,0.00
1765628034.057964,4,3020,3121,1765628034056,1765628034056,0,3.31,0.8000,0.0,0.00
1765628034.079295,4,3021,3122,1765628034078,1765628034078,0,3.33,0.5960,0.0,0.00
1765628034.100286,4,3022,3123,1765628034099,1765628034100,1,3.34,0.3920,0.0,0.00
1765628034.123369,4,3023,3125,1765628034121,1765628034123,2,3.32,0.0000,0.0,0.00
1765628034.143301,4,3024,3126,1765628034143,1765628034143,0,3.30,0.0000,0.0,0.00
1765628034.164073,4,3025,3127,1765628034164,1765628034164,0,3.29,0.0000,0.0,0.00
1765628034.189936,4,3026,3128,1765628034185,1765628034189,4,3.14,0.5800,0.0,0.00
1765628034.196502,4,3027,3129,1765628034196,1765628034196,0,3.42,0.5800,0.0,0.00
1765628034.221448,4,3028,3130,1765628034217,1765628034220,3,3.44,0.1960,0.0,0.00
1765628034.238865,4,3029,3131,1765628034238,1765628034238,0,3.47,0.0040,0.0,0.00
1765628034.259911,4,3030,3132,1765628034259,1765628034259,0,3.47,0.0000,0.0,0.00
1765628034.271075,4,3031,3133,1765628034271,1765628034271,0,3.60,0.0000,0.0,0.00
1765628034.292850,4,3032,3134,1765628034292,1765628034292,0,3.43,0.0000,0.0,0.00
1765628034.304791,4,3033,3135,1765628034303,1765628034303,0,3.60,0.0000,0.0,0.00
1765628034.314965,4,3034,3136,1765628034314,1765628034314,0,3.60,0.0000,0.0,0.00
1765628034.339641,4,3035,3137,1765628034336,1765628034338,2,3.63,0.0000,0.0,0.00
1765628034.349913,4,3036,3138,1765628034347,1765628034348,1,3.76,0.0000,0.0,0.00
1765628034.360068,4,3037,3140,1765628034359,1765628034360,1,3.89,0.0000,0.0,0.00
1765628034.371189,4,3038,3141,1765628034370,1765628034370,0,4.07,0.0000,0.0,0.00
1765628034.391399,4,3039,3142,1765628034391,1765628034391,0,4.06,0.0000,0.0,0.00
1765628034.412329,4,3040,3143,1765628034412,1765628034412,0,4.04,0.0000,0.0,0.00
1765628034.434889,4,3041,3144,1765628034433,1765628034433,0,4.04,0.0000,0.0,0.00
1765628034.444887,4,3042,3145,1765628034444,1765628034444,0,4.09,0.0000,0.0,0.00
1765628034.466594,4,3043,3146,1765628034466,1765628034466,0,4.12,1.0000,0.0,0.00
1765628034.487890,4,3044,3147,1765628034487,1765628034487,0,4.10,0.8080,0.0,0.00
1765628034.509231,4,3045,3148,1765628034509,1765628034509,0,4.09,0.6040,0.0,0.00
1765628034.532910,4,3046,3149,1765628034530,1765628034532,2,4.12,0.6388,0.0,0.00
1765628034.542646,4,3047,3150,1765628034541,1765628034541,0,4.32,0.6388,0.0,0.00
1765628034.567588,4,3048,3151,1765628034562,1765628034567,5,4.35,0.1960,0.0,0.00
1765628034.586519,4,3049,3153,1765628034583,1765628034586,3,4.34,0.0000,0.0,0.00
1765628034.595734,4,3050,3154,1765628034595,1765628034595,0,4.45,0.0000,0.0,0.00
1765628034.606972,4,3051,3155,1765628034606,1765628034606,0,4.62,0.0000,0.0,0.00
1765628034.618912,4,3052,3156,1765628034617,1765628034617,0,4.76,0.0000,0.0,0.00
1765628034.640177,4,3053,3157,1765628034639,1765628034639,0,4.69,0.0000,0.0,0.00
1765628034.661574,4,3054,3158,1765628034660,1765628034660,0,4.60,0.0000,0.0,0.00
1765628034.684497,4,3055,3159,1765628034682,1765628034684,2,4.66,0.6040,0.0,0.00
1765628034.704868,4,3056,3160,1765628034703,1765628034703,0,4.62,0.3880,0.0,0.00
1765628034.726601,4,3057,3161,1765628034725,1765628034725,0,4.57,0.1960,0.0,0.00
1765628034.747726,4,3058,3162,1765628034746,1765628034747,1,4.57,0.0040,0.0,0.00
1765628034.768423,4,3059,3164,1765628034768,1765628034768,0,4.45,0.0000,0.0,0.00
1765628034.789555,4,3060,3165,1765628034789,1765628034789,0,4.26,0.0000,0.0,0.00
1765628034.817530,4,3061,3166,1765628034811,1765628034811,0,4.26,0.0000,0.0,0.00
1765628034.832427,4,3062,3167,1765628034832,1765628034832,0,4.09,0.0000,0.0,0.00
1765628034.853707,4,3063,3168,1765628034853,1765628034853,0,4.08,0.0000,0.0,0.00
1765628034.875098,4,3064,3169,1765628034874,1765628034875,1,4.08,0.0000,0.0,0.00
1765628034.899700,4,3065,3170,1765628034896,1765628034898,2,4.11,0.0000,0.0,0.00
1765628034.918313,4,3066,3171,1765628034917,1765628034917,0,4.09,0.0000,0.0,0.00
1765628034.939545,4,3067,3173,1765628034938,1765628034938,0,4.08,0.0000,0.0,0.00
1765628034.959893,4,3068,3174,1765628034959,1765628034959,0,4.07,0.0000,0.0,0.00
1765628034.982534,4,3069,3175,1765628034981,1765628034982,1,4.09,0.0000,0.0,0.00
1765628035.003455,4,3070,3176,1765628035002,1765628035002,0,4.08,0.0000,0.0,0.00
1765628035.014901,4,3071,3177,1765628035013,1765628035014,1,4.21,0.7960,0.0,0.00
1765628035.026395,4,3072,3178,1765628035024,1765628035025,1,4.37,0.7960,0.0,0.00
1765628035.048631,4,3073,3179,1765628035046,1765628035047,1,4.27,0.4000,0.0,0.00
1765628035.067455,4,3074,3181,1765628035067,1765628035067,0,4.02,0.1960,0.0,0.00
1765628035.090141,4,3075,3182,1765628035089,1765628035089,0,3.99,0.0040,0.0,0.00
1765628035.114419,4,3076,3183,1765628035110,1765628035113,3,4.01,0.0000,0.0,0.00
1765628035.132640,4,3077,3185,1765628035131,1765628035131,0,4.02,0.0000,0.0,0.00
1765628035.153100,4,3078,3186,1765628035153,1765628035153,0,4.02,0.0000,0.0,0.00
1765628035.178520,4,3079,3187,1765628035174,1765628035174,0,4.02,0.0000,0.0,0.00
1765628035.196670,4,3080,3188,1765628035196,1765628035196,0,4.03,0.7960,0.0,0.00
1765628035.216688,4,3081,3189,1765628035216,1765628035216,0,4.02,0.6040,0.0,0.00
1765628035.238163,4,3082,3190,1765628035238,1765628035238,0,4.02,0.4120,0.0,0.00
1765628035.261107,4,3083,3191,1765628035259,1765628035261,2,4.02,0.0160,0.0,0.00
1765628035.281771,4,3084,3193,1765628035280,1765628035280,0,4.01,0.0000,0.0,0.00
1765628035.301938,4,3085,3194,1765628035301,1765628035301,0,4.01,0.0000,0.0,0.00
1765628035.327034,4,3086,3195,1765628035323,1765628035327,4,4.02,0.0000,0.0,0.00
1765628035.344498,4,3087,3196,1765628035344,1765628035344,0,3.79,0.7960,0.0,0.00
1765628035.366556,4,3088,3197,1765628035366,1765628035366,0,3.77,0.5800,0.0,0.00
1765628035.378238,4,3089,3198,1765628035377,1765628035378,1,3.90,0.3880,0.0,0.00
1765628035.460479,4,3090,3201,1765628035459,1765628035459,0,4.57,0.0000,0.0,0.00
1765628035.470026,4,3091,3202,1765628035470,1765628035470,0,4.59,0.0000,0.0,0.00
1765628035.489042,4,3092,3203,1765628035488,1765628035489,1,4.60,0.0000,0.0,0.00
1765628035.500895,4,3093,3204,1765628035499,1765628035499,0,4.62,0.0000,0.0,0.00
1765628035.510382,4,3094,3205,1765628035510,1765628035510,0,4.62,0.0000,0.0,0.00
1765628035.522898,4,3095,3206,1765628035521,1765628035521,0,4.76,0.7960,0.0,0.00
1765628035.548998,4,3096,3207,1765628035543,1765628035547,4,4.62,0.4120,0.0,0.00
1765628035.565116,4,3097,3208,1765628035565,1765628035565,0,4.50,0.2200,0.0,0.00
1765628035.587758,4,3098,3209,1765628035586,1765628035586,0,4.30,0.0160,0.0,0.00
1765628035.608591,4,3099,3210,1765628035608,1765628035608,0,4.32,0.0000,0.0,0.00
1765628035.631426,4,3100,3212,1765628035629,1765628035631,2,4.34,0.0000,0.0,0.00
1765628035.640384,4,3101,3213,1765628035640,1765628035640,0,4.56,0.0000,0.0,0.00
1765628035.664538,4,3102,3214,1765628035661,1765628035663,2,4.41,0.0000,0.0,0.00
1765628035.683514,4,3103,3215,1765628035682,1765628035682,0,4.41,0.0000,0.0,0.00
1765628035.705353,4,3104,3216,1765628035704,1765628035704,0,4.43,1.0000,0.0,0.00
1765628035.725446,4,3105,3217,1765628035725,1765628035725,0,4.41,0.8080,0.0,0.00
1765628035.751930,4,3106,3218,1765628035746,1765628035751,5,4.45,0.1800,0.0,0.00
1765628035.758937,4,3107,3219,1765628035758,1765628035758,0,4.49,0.1800,0.0,0.00
1765628035.769376,4,3108,3220,1765628035769,1765628035769,0,4.59,0.0000,0.0,0.00
1765628035.791954,4,3109,3221,1765628035790,1765628035790,0,4.59,0.0000,0.0,0.00
1765628035.802512,4,3110,3222,1765628035801,1765628035801,0,4.55,0.0000,0.0,0.00
1765628035.823571,4,3111,3223,1765628035823,1765628035823,0,4.38,0.0000,0.0,0.00
1765628035.846098,4,3112,3225,1765628035844,1765628035844,0,4.20,0.0000,0.0,0.00
1765628035.868038,4,3113,3227,1765628035867,1765628035868,1,4.22,0.0000,0.0,0.00
1765628035.877168,4,3114,3228,1765628035877,1765628035877,0,4.45,0.0000,0.0,0.00
1765628035.902182,4,3115,3229,1765628035898,1765628035902,4,4.46,0.0000,0.0,0.00
1765628035.910316,4,3116,3230,1765628035909,1765628035910,1,4.69,0.0000,0.0,0.00
1765628035.935249,4,3117,3231,1765628035931,1765628035934,3,4.72,0.6160,0.0,0.00
1765628035.943314,4,3118,3232,1765628035942,1765628035942,0,4.94,0.6160,0.0,0.00
1765628035.969665,4,3119,3233,1765628035964,1765628035968,4,5.00,0.2200,0.0,0.00
1765628035.986853,4,3120,3234,1765628035985,1765628035985,0,5.05,0.0160,0.0,0.00
1765628035.996842,4,3121,3235,1765628035996,1765628035996,0,5.21,0.0160,0.0,0.00
1765628036.008016,4,3122,3236,1765628036008,1765628036008,0,5.35,0.0000,0.0,0.00
1765628036.030150,4,3123,3237,1765628036029,1765628036029,0,5.35,0.0000,0.0,0.00
1765628036.051237,4,3124,3238,1765628036051,1765628036051,0,5.35,0.0000,0.0,0.00
1765628036.072341,4,3125,3240,1765628036072,1765628036072,0,5.32,0.7960,0.0,0.00
1765628036.094788,4,3126,3241,1765628036093,1765628036093,0,5.33,0.5920,0.0,0.00
1765628036.118491,4,3127,3242,1765628036114,1765628036118,4,5.38,0.1960,0.0,0.00
1765628036.136442,4,3128,3243,1765628036136,1765628036136,0,5.39,0.0040,0.0,0.00
1765628036.157914,4,3129,3244,1765628036157,1765628036157,0,5.37,0.0000,0.0,0.00
1765628036.178757,4,3130,3245,1765628036178,1765628036178,0,5.38,0.0000,0.0,0.00
1765628036.201073,4,3131,3246,1765628036200,1765628036200,0,5.25,0.8080,0.0,0.00
1765628036.221640,4,3132,3247,1765628036221,1765628036221,0,5.08,0.6040,0.0,0.00
1765628036.242678,4,3133,3249,1765628036242,1765628036242,0,5.07,0.4120,0.0,0.00
1765628036.292524,4,3134,3250,1765628036286,1765628036291,5,5.44,0.0000,0.0,0.00
1765628036.298587,4,3135,3251,1765628036297,1765628036298,1,5.69,0.0000,0.0,0.00
1765628036.318144,4,3136,3252,1765628036310,1765628036315,5,5.69,0.0000,0.0,0.00
1765628036.322751,4,3137,3253,1765628036321,1765628036321,0,5.93,0.0000,0.0,0.00
1765628036.347250,4,3138,3254,1765628036342,1765628036347,5,5.99,0.0000,0.0,0.00
1765628036.354431,4,3139,3255,1765628036353,1765628036354,1,6.22,0.0000,0.0,0.00
1765628036.375398,4,3140,3256,1765628036375,1765628036375,0,6.21,0.7960,0.0,0.00
1765628036.397514,4,3141,3257,1765628036396,1765628036396,0,6.22,0.3880,0.0,0.00
1765628036.418490,4,3142,3258,1765628036417,1765628036417,0,6.21,0.1960,0.0,0.00
1765628036.440458,4,3143,3260,1765628036439,1765628036439,0,6.19,0.0040,0.0,0.00
1765628036.463736,4,3144,3261,1765628036461,1765628036462,1,6.23,1.0000,0.0,0.00
1765628036.482504,4,3145,3262,1765628036482,1765628036482,0,6.21,0.7960,0.0,0.00
1765628036.503850,4,3146,3263,1765628036503,1765628036503,0,6.15,0.9752,0.0,0.00
1765628036.515051,4,3147,3264,1765628036515,1765628036515,0,6.25,0.6912,0.0,0.00
1765628036.537555,4,3148,3265,1765628036536,1765628036537,1,6.25,0.4135,0.0,0.00
1765628036.549359,4,3149,3266,1765628036548,1765628036548,0,6.27,0.1840,0.0,0.00
1765628036.560217,4,3150,3267,1765628036559,1765628036559,0,5.62,0.1840,0.0,0.00
1765628036.570406,4,3151,3268,1765628036570,1765628036570,0,5.62,0.0000,0.0,0.00
1765628036.583259,4,3152,3269,1765628036582,1765628036583,1,5.72,0.0000,0.0,0.00
1765628036.604705,4,3153,3270,1765628036603,1765628036603,0,5.57,0.0000,0.0,0.00
1765628036.625414,4,3154,3272,1765628036625,1765628036625,0,5.46,0.0000,0.0,0.00
1765628036.648628,4,3155,3273,1765628036646,1765628036648,2,5.35,0.0000,0.0,0.00
1765628036.667740,4,3156,3274,1765628036667,1765628036667,0,5.27,0.0000,0.0,0.00
1765628036.689025,4,3157,3275,1765628036689,1765628036689,0,5.29,0.0000,0.0,0.00
1765628036.709878,4,3158,3276,1765628036709,1765628036709,0,5.28,0.0000,0.0,0.00
1765628036.734063,4,3159,3277,1765628036731,1765628036734,3,5.31,0.7960,0.0,0.00
1765628036.743245,4,3160,3278,1765628036742,1765628036742,0,5.50,0.7960,0.0,0.00
1765628036.767182,4,3161,3279,1765628036763,1765628036766,3,5.34,0.4000,0.0,0.00
1765628036.785872,4,3162,3280,1765628036784,1765628036784,0,5.31,0.2080,0.0,0.00
1765628036.806412,4,3163,3281,1765628036805,1765628036805,0,5.33,0.0040,0.0,0.00
1765628036.818792,4,3164,3283,1765628036817,1765628036817,0,5.44,0.0000,0.0,0.00
1765628036.839193,4,3165,3284,1765628036839,1765628036839,0,5.45,0.0000,0.0,0.00
1765628036.851331,4,3166,3285,1765628036850,1765628036850,0,5.51,0.0000,0.0,0.00
1765628036.871647,4,3167,3286,1765628036871,1765628036871,0,5.30,0.0000,0.0,0.00
1765628036.893309,4,3168,3288,1765628036893,1765628036893,0,5.18,0.0000,0.0,0.00
1765628036.903876,4,3169,3289,1765628036903,1765628036903,0,5.34,0.0000,0.0,0.00
1765628036.925111,4,3170,3290,1765628036925,1765628036925,0,5.21,0.0000,0.0,0.00
1765628036.946877,4,3171,3291,1765628036946,1765628036946,0,5.20,0.6160,0.0,0.00
1765628036.969362,4,3172,3292,1765628036968,1765628036968,0,5.21,0.4120,0.0,0.00
1765628036.989432,4,3173,3293,1765628036989,1765628036989,0,5.18,0.2200,0.0,0.00
1765628037.013158,4,3174,3295,1765628037010,1765628037012,2,5.01,0.0000,0.0,0.00
1765628037.033739,4,3175,3296,1765628037032,1765628037032,0,4.96,0.0000,0.0,0.00
1765628037.054627,4,3176,3297,1765628037053,1765628037053,0,4.73,0.0000,0.0,0.00
1765628037.075162,4,3177,3298,1765628037074,1765628037074,0,4.70,0.0000,0.0,0.00
1765628037.097039,4,3178,3299,1765628037095,1765628037095,0,4.47,0.0000,0.0,0.00
1765628037.116894,4,3179,3300,1765628037116,1765628037116,0,4.42,0.0000,0.0,0.00
1765628037.138507,4,3180,3301,1765628037138,1765628037138,0,4.40,0.0000,0.0,0.00
1765628037.159666,4,3181,3302,1765628037159,1765628037159,0,4.22,0.0000,0.0,0.00
1765628037.182450,4,3182,3304,1765628037180,1765628037181,1,4.06,0.0000,0.0,0.00
1765628037.202856,4,3183,3305,1765628037201,1765628037201,0,4.05,0.0000,0.0,0.00
1765628037.216274,4,3184,3306,1765628037213,1765628037216,3,4.14,0.8080,0.0,0.00
1765628037.235740,4,3185,3307,1765628037234,1765628037234,0,4.15,0.6040,0.0,0.00
1765628037.256026,4,3186,3308,1765628037256,1765628037256,0,4.16,0.4000,0.0,0.00
1765628037.277770,4,3187,3309,1765628037277,1765628037277,0,4.12,0.0040,0.0,0.00
1765628037.298458,4,3188,3310,1765628037298,1765628037298,0,4.11,0.0000,0.0,0.00
1765628037.320859,4,3189,3311,1765628037320,1765628037320,0,4.12,0.0000,0.0,0.00
1765628037.341730,4,3190,3312,1765628037341,1765628037341,0,4.12,0.0000,0.0,0.00
1765628037.367711,4,3191,3314,1765628037363,1765628037367,4,4.16,0.0000,0.0,0.00
1765628037.374849,4,3192,3315,1765628037373,1765628037373,0,4.45,0.0000,0.0,0.00
1765628037.386965,4,3193,3316,1765628037385,1765628037385,0,4.60,0.7960,0.0,0.00
1765628037.408342,4,3194,3317,1765628037407,1765628037408,1,4.34,0.5920,0.0,0.00
1765628037.433307,4,3195,3319,1765628037429,1765628037432,3,4.11,0.2080,0.0,0.00
1765628037.451044,4,3196,3320,1765628037450,1765628037450,0,4.09,0.0040,0.0,0.00
1765628037.472157,4,3197,3321,1765628037471,1765628037471,0,3.79,0.0000,0.0,0.00
1765628037.483317,4,3198,3322,1765628037482,1765628037482,0,3.92,0.0000,0.0,0.00
1765628037.503465,4,3199,3323,1765628037503,1765628037503,0,3.65,0.0000,0.0,0.00
1765628037.526107,4,3200,3325,1765628037525,1765628037525,0,3.66,0.0000,0.0,0.00
1765628037.549787,4,3201,3326,1765628037546,1765628037548,2,3.68,0.5920,0.0,0.00
1765628037.559007,4,3202,3327,1765628037557,1765628037557,0,3.90,1.1621,0.0,0.00
1765628037.569143,4,3203,3328,1765628037569,1765628037569,0,4.03,0.8855,0.0,0.00
1765628037.590684,4,3204,3329,1765628037590,1765628037590,0,4.01,0.6350,0.0,0.00
1765628037.616906,4,3205,3330,1765628037611,1765628037615,4,4.06,0.2080,0.0,0.00
1765628037.633336,4,3206,3331,1765628037632,1765628037632,0,4.08,0.0040,0.0,0.00
1765628037.655242,4,3207,3332,1765628037653,1765628037653,0,3.95,0.0000,0.0,0.00
1765628037.666225,4,3208,3333,1765628037665,1765628037666,1,4.05,0.0000,0.0,0.00
1765628037.686805,4,3209,3334,1765628037686,1765628037686,0,3.88,0.0000,0.0,0.00
1765628037.708134,4,3210,3336,1765628037708,1765628037708,0,3.72,0.0000,0.0,0.00
1765628037.731158,4,3211,3337,1765628037729,1765628037729,0,3.55,0.0000,0.0,0.00
1765628037.751774,4,3212,3338,1765628037750,1765628037750,0,3.41,0.0000,0.0,0.00
1765628037.771895,4,3213,3339,1765628037771,1765628037771,0,3.42,0.0000,0.0,0.00
1765628037.795574,4,3214,3340,1765628037793,1765628037795,2,3.43,0.0000,0.0,0.00
1765628037.815687,4,3215,3341,1765628037814,1765628037814,0,3.41,0.0000,0.0,0.00
1765628037.836617,4,3216,3342,1765628037835,1765628037835,0,3.42,0.8080,0.0,0.00
1765628037.856581,4,3217,3343,1765628037856,1765628037856,0,3.41,0.6160,0.0,0.00
1765628037.880026,4,3218,3344,1765628037877,1765628037879,2,3.43,0.2080,0.0,0.00
1765628037.889122,4,3219,3345,1765628037889,1765628037889,0,3.61,0.2080,0.0,0.00
1765628037.913975,4,3220,3346,1765628037910,1765628037913,3,3.38,0.0000,0.0,0.00
1765628037.922348,4,3221,3347,1765628037922,1765628037922,0,3.58,0.0000,0.0,0.00
1765628037.949089,4,3222,3349,1765628037944,1765628037948,4,3.61,0.0000,0.0,0.00
1765628037.965864,4,3223,3350,1765628037964,1765628037964,0,3.68,0.0000,0.0,0.00
1765628037.987592,4,3224,3351,1765628037986,1765628037986,0,3.52,0.0000,0.0,0.00
1765628038.012471,4,3225,3352,1765628038008,1765628038012,4,3.56,0.5920,0.0,0.00
1765628038.030780,4,3226,3353,1765628038029,1765628038029,0,3.41,0.3880,0.0,0.00
1765628038.044925,4,3227,3354,1765628038041,1765628038044,3,3.51,0.1840,0.0,0.00
1765628038.063831,4,3228,3355,1765628038062,1765628038062,0,3.52,0.0000,0.0,0.00
1765628038.086168,4,3229,3356,1765628038085,1765628038085,0,3.33,0.0000,0.0,0.00
1765628038.106199,4,3230,3357,1765628038106,1765628038106,0,3.32,0.0000,0.0,0.00
1765628038.117921,4,3231,3358,1765628038117,1765628038117,0,3.51,0.0000,0.0,0.00
1765628038.139055,4,3232,3359,1765628038139,1765628038139,0,3.51,0.0000,0.0,0.00
1765628038.166403,4,3233,3362,1765628038160,1765628038165,5,3.56,0.7960,0.0,0.00
1765628038.181919,4,3234,3363,1765628038181,1765628038181,0,3.61,0.5920,0.0,0.00
1765628038.203086,4,3235,3364,1765628038203,1765628038203,0,3.63,0.4000,0.0,0.00
1765628038.224296,4,3236,3365,1765628038224,1765628038224,0,3.63,0.1960,0.0,0.00
1765628038.246557,4,3237,3366,1765628038245,1765628038245,0,3.63,0.0000,0.0,0.00
1765628038.267759,4,3238,3367,1765628038266,1765628038266,0,3.63,0.0000,0.0,0.00
1765628038.278994,4,3239,3368,1765628038277,1765628038278,1,3.78,0.8080,0.0,0.00
1765628038.299181,4,3240,3369,1765628038299,1765628038299,0,3.77,0.6160,0.0,0.00
1765628038.321313,4,3241,3370,1765628038321,1765628038321,0,3.78,0.4240,0.0,0.00
1765628038.433695,4,3242,3371,1765628038426,1765628038433,7,4.84,0.0000,0.0,0.00
1765628038.446312,4,3243,3373,1765628038441,1765628038441,0,5.09,0.0000,0.0,0.00
1765628038.478651,4,3244,3374,1765628038470,1765628038477,7,5.15,0.0000,0.0,0.00
1765628038.482544,4,3245,3375,1765628038482,1765628038482,0,5.43,0.0000,0.0,0.00
1765628038.494289,4,3246,3376,1765628038493,1765628038494,1,5.60,0.0000,0.0,0.00
1765628038.509352,4,3247,3377,1765628038504,1765628038508,4,5.73,0.0000,0.0,0.00
1765628038.515583,4,3248,3378,1765628038515,1765628038515,0,5.99,0.0000,0.0,0.00
1765628038.541218,4,3249,3380,1765628038537,1765628038540,3,6.03,0.0000,0.0,0.00
1765628038.558068,4,3250,3381,1765628038558,1765628038558,0,6.07,0.0000,0.0,0.00
1765628038.579558,4,3251,3382,1765628038579,1765628038579,0,6.00,1.0000,0.0,0.00
1765628038.600595,4,3252,3383,1765628038600,1765628038600,0,5.73,0.8080,0.0,0.00
1765628038.623002,4,3253,3384,1765628038621,1765628038621,0,5.56,0.4240,0.0,0.00
1765628038.644417,4,3254,3385,1765628038643,1765628038643,0,5.55,0.8406,0.0,0.00
1765628038.655585,4,3255,3386,1765628038654,1765628038655,1,5.67,0.6046,0.0,0.00
1765628038.676279,4,3256,3387,1765628038676,1765628038676,0,5.63,0.4000,0.0,0.00
1765628038.697786,4,3257,3389,1765628038697,1765628038697,0,5.63,0.2080,0.0,0.00
1765628038.723038,4,3258,3390,1765628038719,1765628038723,4,5.50,0.0000,0.0,0.00
1765628038.740330,4,3259,3391,1765628038740,1765628038740,0,5.57,0.0000,0.0,0.00
1765628038.763140,4,3260,3392,1765628038762,1765628038762,0,5.57,0.0000,0.0,0.00
1765628038.774395,4,3261,3393,1765628038773,1765628038773,0,5.73,0.0000,0.0,0.00
1765628038.794763,4,3262,3394,1765628038794,1765628038794,0,5.51,0.0000,0.0,0.00
1765628038.815996,4,3263,3395,1765628038815,1765628038815,0,5.33,0.8080,0.0,0.00
1765628038.837415,4,3264,3396,1765628038837,1765628038837,0,5.34,0.4000,0.0,0.00
1765628038.860406,4,3265,3398,1765628038859,1765628038859,0,5.30,0.1960,0.0,0.00
1765628038.875077,4,3266,3400,1765628038871,1765628038874,3,5.35,0.0000,0.0,0.00
1765628038.883105,4,3267,3401,1765628038882,1765628038882,0,5.60,0.0000,0.0,0.00
1765628038.893379,4,3268,3402,1765628038893,1765628038893,0,5.64,0.0000,0.0,0.00
1765628038.914383,4,3269,3403,1765628038914,1765628038914,0,5.64,0.0000,0.0,0.00
1765628038.937942,4,3270,3404,1765628038935,1765628038937,2,5.65,0.6040,0.0,0.00
1765628038.957008,4,3271,3405,1765628038957,1765628038957,0,5.66,0.4000,0.0,0.00
1765628038.978504,4,3272,3406,1765628038977,1765628038977,0,5.66,0.2080,0.0,0.00
1765628038.999638,4,3273,3407,1765628038998,1765628038998,0,5.66,0.0040,0.0,0.00
1765628039.021231,4,3274,3408,1765628039020,1765628039020,0,5.63,0.0000,0.0,0.00
1765628039.042033,4,3275,3409,1765628039042,1765628039042,0,5.62,0.0000,0.0,0.00
1765628039.064305,4,3276,3410,1765628039063,1765628039063,0,5.62,0.0000,0.0,0.00
1765628039.087658,4,3277,3411,1765628039084,1765628039086,2,5.65,0.0000,0.0,0.00
1765628039.097698,4,3278,3412,1765628039096,1765628039096,0,5.83,0.0000,0.0,0.00
1765628039.108344,4,3279,3413,1765628039107,1765628039107,0,5.81,0.0000,0.0,0.00
1765628039.129119,4,3280,3414,1765628039129,1765628039129,0,5.78,1.0000,0.0,0.00
1765628039.154639,4,3281,3415,1765628039150,1765628039153,3,5.60,0.5920,0.0,0.00
1765628039.161627,4,3282,3416,1765628039161,1765628039161,0,5.77,0.5920,0.0,0.00
1765628039.173493,4,3283,3417,1765628039173,1765628039173,0,5.85,0.3880,0.0,0.00
1765628039.194917,4,3284,3418,1765628039194,1765628039194,0,5.84,0.1840,0.0,0.00
1765628039.216602,4,3285,3419,1765628039216,1765628039216,0,5.79,0.0000,0.0,0.00
1765628039.239539,4,3286,3420,1765628039237,1765628039239,2,5.76,0.7960,0.0,0.00
1765628039.258339,4,3287,3421,1765628039258,1765628039258,0,5.68,0.6040,0.0,0.00
1765628039.279601,4,3288,3422,1765628039279,1765628039279,0,5.64,0.4000,0.0,0.00
1765628039.305088,4,3289,3423,1765628039301,1765628039304,3,5.67,0.0040,0.0,0.00
1765628039.312119,4,3290,3424,1765628039312,1765628039312,0,5.91,0.0040,0.0,0.00
1765628039.339261,4,3291,3426,1765628039333,1765628039333,0,5.73,0.0000,0.0,0.00
1765628039.356290,4,3292,3427,1765628039355,1765628039356,1,5.74,0.0000,0.0,0.00
1765628039.376419,4,3293,3428,1765628039376,1765628039376,0,5.67,0.0000,0.0,0.00
1765628039.399065,4,3294,3429,1765628039398,1765628039398,0,5.61,0.7960,0.0,0.00
1765628039.421410,4,3295,3431,1765628039419,1765628039421,2,5.62,0.3880,0.0,0.00
1765628039.441338,4,3296,3432,1765628039441,1765628039441,0,5.62,0.1960,0.0,0.00
1765628039.462219,4,3297,3433,1765628039462,1765628039462,0,5.62,0.0000,0.0,0.00
1765628039.483481,4,3298,3434,1765628039483,1765628039483,0,5.62,1.0000,0.0,0.00
1765628039.505725,4,3299,3435,1765628039504,1765628039504,0,5.45,0.5920,0.0,0.00
1765628039.526599,4,3300,3436,1765628039526,1765628039526,0,5.46,0.3880,0.0,0.00
1765628039.546828,4,3301,3437,1765628039545,1765628039545,0,5.47,0.1840,0.0,0.00
1765628039.558870,4,3302,3438,1765628039557,1765628039557,0,4.61,0.0000,0.0,0.00
1765628039.569132,4,3303,3439,1765628039568,1765628039568,0,4.54,0.0000,0.0,0.00
1765628039.581358,4,3304,3440,1765628039580,1765628039580,0,4.51,0.7960,0.0,0.00
1765628039.592349,4,3305,3441,1765628039591,1765628039591,0,4.37,0.6040,0.0,0.00
1765628039.612977,4,3306,3442,1765628039612,1765628039612,0,4.25,0.4000,0.0,0.00
1765628039.635045,4,3307,3443,1765628039634,1765628039634,0,4.17,0.2080,0.0,0.00
1765628039.656654,4,3308,3445,1765628039655,1765628039656,1,3.91,0.0000,0.0,0.00
1765628039.666486,4,3309,3446,1765628039666,1765628039666,0,4.07,0.0000,0.0,0.00
1765628039.689759,4,3310,3447,1765628039687,1765628039688,1,4.08,0.0000,0.0,0.00
1765628039.709897,4,3311,3448,1765628039708,1765628039708,0,4.07,0.0000,0.0,0.00
1765628039.731271,4,3312,3449,1765628039730,1765628039730,0,4.08,0.0000,0.0,0.00
1765628039.753907,4,3313,3450,1765628039751,1765628039753,2,4.10,0.6040,0.0,0.00
1765628039.773252,4,3314,3451,1765628039773,1765628039773,0,4.08,0.4000,0.0,0.00
1765628039.790527,4,3315,3452,1765628039784,1765628039789,5,3.98,0.1960,0.0,0.00
1765628039.810497,4,3316,3454,1765628039807,1765628039810,3,3.98,1.0000,0.0,0.00
1765628039.825011,4,3317,3455,1765628039819,1765628039823,4,4.10,0.8080,0.0,0.00
1765628039.841458,4,3318,3456,1765628039840,1765628039840,0,4.07,0.6160,0.0,0.00
1765628039.862741,4,3319,3457,1765628039861,1765628039861,0,4.05,0.4240,0.0,0.00
1765628039.885564,4,3320,3458,1765628039882,1765628039885,3,4.07,0.0400,0.0,0.00
1765628039.904351,4,3321,3459,1765628039904,1765628039904,0,3.89,0.0000,0.0,0.00
1765628039.926350,4,3322,3460,1765628039925,1765628039925,0,3.89,0.0000,0.0,0.00
1765628039.950292,4,3323,3461,1765628039946,1765628039948,2,3.90,0.0000,0.0,0.00
1765628039.957753,4,3324,3462,1765628039957,1765628039957,0,4.11,0.0000,0.0,0.00
1765628039.983274,4,3325,3463,1765628039978,1765628039982,4,4.14,0.6160,0.0,0.00
1765628039.991688,4,3326,3464,1765628039990,1765628039990,0,4.31,0.6160,0.0,0.00
1765628040.002433,4,3327,3465,1765628040001,1765628040001,0,4.24,0.4120,0.0,0.00
1765628040.019024,4,3328,3466,1765628040015,1765628040018,3,4.09,0.2080,0.0,0.00
1765628040.028599,4,3329,3467,1765628040026,1765628040027,1,4.30,0.2080,0.0,0.00
1765628040.039055,4,3330,3468,1765628040038,1765628040038,0,4.42,0.0040,0.0,0.00
1765628040.050808,4,3331,3470,1765628040049,1765628040050,1,4.54,0.0000,0.0,0.00
1765628040.060455,4,3332,3471,1765628040060,1765628040060,0,4.70,0.0000,0.0,0.00
1765628040.084437,4,3333,3472,1765628040081,1765628040084,3,4.74,0.0000,0.0,0.00
1765628040.103863,4,3334,3473,1765628040103,1765628040103,0,4.70,0.0000,0.0,0.00
1765628040.125640,4,3335,3474,1765628040124,1765628040124,0,4.69,0.0000,0.0,0.00
1765628040.149662,4,3336,3475,1765628040145,1765628040148,3,4.72,0.0000,0.0,0.00
1765628040.167509,4,3337,3476,1765628040166,1765628040167,1,4.68,0.0000,0.0,0.00
1765628040.189363,4,3338,3477,1765628040188,1765628040188,0,4.53,0.8080,0.0,0.00
1765628040.209958,4,3339,3478,1765628040209,1765628040209,0,4.40,0.6160,0.0,0.00
1765628040.232323,4,3340,3479,1765628040230,1765628040232,2,4.41,0.2080,0.0,0.00
1765628040.251981,4,3341,3480,1765628040251,1765628040251,0,4.36,0.0160,0.0,0.00
1765628040.272821,4,3342,3481,1765628040272,1765628040272,0,4.14,0.0000,0.0,0.00
1765628040.294036,4,3343,3483,1765628040294,1765628040294,0,4.02,0.0000,0.0,0.00
1765628040.315751,4,3344,3484,1765628040315,1765628040315,0,4.02,0.0000,0.0,0.00
1765628040.326412,4,3345,3485,1765628040326,1765628040326,0,4.17,0.0000,0.0,0.00
1765628040.349769,4,3346,3486,1765628040347,1765628040349,2,4.17,0.7960,0.0,0.00
1765628040.369443,4,3347,3487,1765628040369,1765628040369,0,4.18,0.6040,0.0,0.00
1765628040.391376,4,3348,3488,1765628040391,1765628040391,0,4.19,0.4120,0.0,0.00
1765628040.415187,4,3349,3489,1765628040412,1765628040414,2,4.17,1.0000,0.0,0.00
1765628040.434638,4,3350,3490,1765628040433,1765628040433,0,3.92,0.7960,0.0,0.00
1765628040.448270,4,3351,3491,1765628040444,1765628040446,2,4.03,0.6040,0.0,0.00
1765628040.456846,4,3352,3492,1765628040455,1765628040455,0,4.20,0.6040,0.0,0.00
1765628040.482116,4,3353,3494,1765628040477,1765628040481,4,4.26,0.2829,0.0,0.00
1765628040.490133,4,3354,3496,1765628040488,1765628040488,0,4.48,0.8198,0.0,0.00
1765628040.499865,4,3355,3497,1765628040499,1765628040499,0,4.58,0.5920,0.0,0.00
1765628040.521636,4,3356,3498,1765628040521,1765628040521,0,4.60,0.4000,0.0,0.00
1765628040.534779,4,3357,3499,1765628040532,1765628040533,1,4.69,0.1960,0.0,0.00
1765628040.549779,4,3358,3500,1765628040543,1765628040543,0,4.81,0.0000,0.0,0.00
1765628040.566245,4,3359,3501,1765628040565,1765628040565,0,4.82,0.0000,0.0,0.00
1765628040.586862,4,3360,3502,1765628040586,1765628040586,0,4.81,0.0000,0.0,0.00
1765628040.608435,4,3361,3504,1765628040607,1765628040607,0,4.84,0.7960,0.0,0.00
1765628040.632303,4,3362,3506,1765628040629,1765628040631,2,4.79,0.3880,0.0,0.00
1765628040.641459,4,3363,3507,1765628040640,1765628040640,0,4.84,0.3880,0.0,0.00
1765628040.663098,4,3364,3508,1765628040662,1765628040663,1,4.77,0.0040,0.0,0.00
1765628040.683842,4,3365,3509,1765628040683,1765628040683,0,4.63,0.0000,0.0,0.00
1765628040.706317,4,3366,3510,1765628040706,1765628040706,0,4.66,0.0000,0.0,0.00
1765628040.718927,4,3367,3511,1765628040718,1765628040718,0,4.75,0.0000,0.0,0.00
1765628040.732193,4,3368,3512,1765628040729,1765628040732,3,4.78,0.0000,0.0,0.00
1765628040.741313,4,3369,3513,1765628040740,1765628040740,0,4.83,0.0000,0.0,0.00
1765628040.765443,4,3370,3514,1765628040761,1765628040764,3,4.85,0.0000,0.0,0.00
1765628040.783655,4,3371,3515,1765628040783,1765628040783,0,4.84,0.0000,0.0,0.00
1765628040.804152,4,3372,3516,1765628040804,1765628040804,0,4.83,0.0000,0.0,0.00
1765628040.825616,4,3373,3518,1765628040825,1765628040825,0,4.80,0.0000,0.0,0.00
1765628040.850449,4,3374,3519,1765628040846,1765628040849,3,4.85,0.0000,0.0,0.00
1765628040.867925,4,3375,3520,1765628040867,1765628040867,0,4.81,0.0000,0.0,0.00
1765628040.890359,4,3376,3521,1765628040889,1765628040889,0,4.82,0.8080,0.0,0.00
1765628040.902390,4,3377,3522,1765628040901,1765628040901,0,4.84,0.6160,0.0,0.00
1765628040.923453,4,3378,3523,1765628040922,1765628040922,0,4.86,0.4120,0.0,0.00
1765628040.944963,4,3379,3524,1765628040943,1765628040943,0,4.86,0.0160,0.0,0.00
1765628040.956634,4,3380,3525,1765628040955,1765628040955,0,4.92,0.0160,0.0,0.00
1765628040.966627,4,3381,3526,1765628040966,1765628040966,0,5.05,0.0000,0.0,0.00
1765628040.987742,4,3382,3527,1765628040987,1765628040987,0,5.05,1.0000,0.0,0.00
1765628041.010250,4,3383,3528,1765628041009,1765628041009,0,5.03,0.8080,0.0,0.00
1765628041.030862,4,3384,3529,1765628041030,1765628041030,0,4.89,1.4120,0.0,0.00
1765628041.051999,4,3385,3530,1765628041051,1765628041051,0,4.84,1.2200,0.0,0.00
1765628041.073091,4,3386,3531,1765628041073,1765628041073,0,4.67,1.0280,0.0,0.00
1765628041.095720,4,3387,3532,1765628041094,1765628041095,1,4.56,0.6320,0.0,0.00
1765628041.115955,4,3388,3533,1765628041115,1765628041115,0,4.55,0.4400,0.0,0.00
1765628041.136760,4,3389,3534,1765628041136,1765628041136,0,4.36,0.2360,0.0,0.00
1765628041.161473,4,3390,3535,1765628041158,1765628041161,3,4.24,0.0000,0.0,0.00
1765628041.179991,4,3391,3537,1765628041179,1765628041179,0,4.10,0.0000,0.0,0.00
1765628041.194801,4,3392,3538,1765628041192,1765628041193,1,4.00,0.0000,0.0,0.00
1765628041.203262,4,3393,3539,1765628041203,1765628041203,0,4.16,0.0000,0.0,0.00
1765628041.228699,4,3394,3540,1765628041225,1765628041228,3,4.22,0.7960,0.0,0.00
1765628041.247426,4,3395,3541,1765628041246,1765628041246,0,4.21,0.5920,0.0,0.00
1765628041.268294,4,3396,3542,1765628041268,1765628041268,0,4.19,0.4000,0.0,0.00
1765628041.279406,4,3397,3543,1765628041279,1765628041279,0,4.36,0.2080,0.0,0.00
1765628041.301301,4,3398,3544,1765628041301,1765628041301,0,4.37,0.0160,0.0,0.00
1765628041.325629,4,3399,3545,1765628041322,1765628041324,2,4.39,0.0000,0.0,0.00
1765628041.343978,4,3400,3547,1765628041342,1765628041342,0,4.35,0.0000,0.0,0.00
1765628041.365286,4,3401,3548,1765628041364,1765628041364,0,4.38,0.0000,0.0,0.00
1765628041.376328,4,3402,3550,1765628041375,1765628041376,1,4.49,0.0000,0.0,0.00
1765628041.397864,4,3403,3551,1765628041396,1765628041397,1,4.48,0.0000,0.0,0.00
1765628041.411381,4,3404,3552,1765628041408,1765628041410,2,4.56,0.0000,0.0,0.00
1765628041.429566,4,3405,3554,1765628041429,1765628041429,0,4.41,0.0000,0.0,0.00
1765628041.452351,4,3406,3555,1765628041451,1765628041451,0,4.40,0.0000,0.0,0.00
1765628041.479897,4,3407,3556,1765628041473,1765628041478,5,4.49,0.0000,0.0,0.00
1765628041.484404,4,3408,3557,1765628041484,1765628041484,0,4.70,0.0000,0.0,0.00
1765628041.509534,4,3409,3558,1765628041505,1765628041508,3,4.71,0.0000,0.0,0.00
1765628041.526580,4,3410,3559,1765628041526,1765628041526,0,4.71,0.0000,0.0,0.00
1765628041.548938,4,3411,3560,1765628041547,1765628041547,0,4.63,0.0000,0.0,0.00
1765628041.559509,4,3412,3561,1765628041558,1765628041559,1,4.57,0.0000,0.0,0.00
1765628041.579957,4,3413,3562,1765628041579,1765628041579,0,4.50,0.0000,0.0,0.00
1765628041.601261,4,3414,3563,1765628041601,1765628041601,0,4.30,0.0000,0.0,0.00
1765628041.624809,4,3415,3564,1765628041622,1765628041624,2,4.19,0.0000,0.0,0.00
1765628041.644724,4,3416,3565,1765628041643,1765628041643,0,4.16,0.8080,0.0,0.00
1765628041.661361,4,3417,3567,1765628041657,1765628041659,2,4.07,0.6160,0.0,0.00
1765628041.680564,4,3418,3568,1765628041679,1765628041679,0,3.89,0.4240,0.0,0.00
1765628041.690587,4,3419,3569,1765628041690,1765628041690,0,4.03,0.2200,0.0,0.00
1765628041.711971,4,3420,3570,1765628041711,1765628041711,0,4.03,0.0160,0.0,0.00
1765628041.733276,4,3421,3571,1765628041733,1765628041733,0,4.04,0.0000,0.0,0.00
1765628041.756366,4,3422,3572,1765628041754,1765628041755,1,4.01,0.0000,0.0,0.00
1765628041.776726,4,3423,3573,1765628041775,1765628041775,0,3.81,0.0000,0.0,0.00
1765628041.797614,4,3424,3574,1765628041796,1765628041796,0,3.79,0.0000,0.0,0.00
1765628041.817973,4,3425,3575,1765628041817,1765628041817,0,3.80,0.0000,0.0,0.00
1765628041.841381,4,3426,3576,1765628041839,1765628041840,1,3.80,0.7960,0.0,0.00
1765628041.862470,4,3427,3577,1765628041861,1765628041861,0,3.67,0.6040,0.0,0.00
1765628041.883414,4,3428,3579,1765628041883,1765628041883,0,3.59,0.4000,0.0,0.00
1765628041.894026,4,3429,3580,1765628041894,1765628041894,0,3.53,0.2080,0.0,0.00
1765628041.915110,4,3430,3582,1765628041915,1765628041915,0,3.49,0.0040,0.0,0.00
1765628041.940611,4,3431,3583,1765628041936,1765628041940,4,3.56,0.0000,0.0,0.00
1765628041.957921,4,3432,3584,1765628041957,1765628041957,0,3.59,0.0000,0.0,0.00
1765628041.980736,4,3433,3585,1765628041979,1765628041979,0,3.60,0.8080,0.0,0.00
1765628041.991999,4,3434,3586,1765628041990,1765628041990,0,3.71,0.6040,0.0,0.00
1765628042.013079,4,3435,3587,1765628042012,1765628042012,0,3.73,1.0815,0.0,0.00
1765628042.033809,4,3436,3588,1765628042033,1765628042033,0,3.71,0.8227,0.0,0.00
1765628042.058570,4,3437,3589,1765628042055,1765628042057,2,3.61,0.3880,0.0,0.00
1765628042.078682,4,3438,3590,1765628042077,1765628042077,0,3.60,0.1960,0.0,0.00
1765628042.091784,4,3439,3591,1765628042088,1765628042090,2,3.71,0.0040,0.0,0.00
1765628042.110669,4,3440,3592,1765628042109,1765628042109,0,3.56,0.0000,0.0,0.00
1765628042.132283,4,3441,3593,1765628042131,1765628042131,0,3.41,0.0000,0.0,0.00
1765628042.142884,4,3442,3594,1765628042142,1765628042142,0,3.58,0.0000,0.0,0.00
1765628042.163711,4,3443,3595,1765628042163,1765628042163,0,3.56,0.0000,0.0,0.00
1765628042.184979,4,3444,3596,1765628042184,1765628042184,0,3.56,0.0000,0.0,0.00
1765628042.207045,4,3445,3597,1765628042206,1765628042206,0,3.58,0.6040,0.0,0.00
1765628042.227386,4,3446,3598,1765628042227,1765628042227,0,3.56,0.4120,0.0,0.00
1765628042.249228,4,3447,3599,1765628042249,1765628042249,0,3.56,0.2200,0.0,0.00
1765628042.272928,4,3448,3600,1765628042269,1765628042272,3,3.60,0.0000,0.0,0.00
1765628042.291595,4,3449,3602,1765628042291,1765628042291,0,3.58,0.0000,0.0,0.00
1765628042.308064,4,3450,3603,1765628042302,1765628042307,5,3.58,0.0000,0.0,0.00
1765628042.314913,4,3451,3604,1765628042313,1765628042313,0,3.84,0.0000,0.0,0.00
1765628042.335681,4,3452,3605,1765628042335,1765628042335,0,3.76,0.0000,0.0,0.00
1765628042.357812,4,3453,3606,1765628042357,1765628042357,0,3.60,0.0000,0.0,0.00
1765628042.368935,4,3454,3607,1765628042367,1765628042367,0,3.72,0.0000,0.0,0.00
1765628042.389925,4,3455,3608,1765628042388,1765628042389,1,3.73,0.8080,0.0,0.00
1765628042.411613,4,3456,3609,1765628042410,1765628042410,0,3.72,0.6160,0.0,0.00
1765628042.431564,4,3457,3610,1765628042431,1765628042431,0,3.57,0.4120,0.0,0.00
1765628042.454777,4,3458,3611,1765628042452,1765628042454,2,3.58,0.0280,0.0,0.00
1765628042.474750,4,3459,3613,1765628042473,1765628042474,1,3.54,0.0000,0.0,0.00
1765628042.496287,4,3460,3614,1765628042495,1765628042495,0,3.54,0.0000,0.0,0.00
1765628042.522203,4,3461,3615,1765628042516,1765628042522,6,3.59,0.0000,0.0,0.00
1765628042.529269,4,3462,3616,1765628042528,1765628042528,0,3.73,0.0000,0.0,0.00
1765628042.552996,4,3463,3617,1765628042549,1765628042552,3,3.76,0.2040,0.0,0.00
1765628042.570880,4,3464,3618,1765628042570,1765628042570,0,3.64,1.0000,0.0,0.00
1765628042.592197,4,3465,3619,1765628042592,1765628042592,0,3.66,0.8080,0.0,0.00
1765628042.614532,4,3466,3620,1765628042613,1765628042613,0,3.65,0.6160,0.0,0.00
1765628042.635916,4,3467,3622,1765628042634,1765628042635,1,3.60,0.2080,0.0,0.00
1765628042.656505,4,3468,3623,1765628042656,1765628042656,0,3.30,0.0040,0.0,0.00
1765628042.678682,4,3469,3624,1765628042678,1765628042678,0,3.28,0.0000,0.0,0.00
1765628042.707906,4,3470,3625,1765628042705,1765628042705,0,3.31,0.0000,0.0,0.00
1765628042.736575,4,3471,3626,1765628042729,1765628042734,5,3.38,0.3960,0.0,0.00
1765628042.741606,4,3472,3627,1765628042740,1765628042740,0,3.53,0.3960,0.0,0.00
1765628042.762779,4,3473,3628,1765628042761,1765628042761,0,3.54,0.1920,0.0,0.00
1765628042.775800,4,3474,3629,1765628042774,1765628042774,0,3.68,0.0000,0.0,0.00
1765628042.786286,4,3475,3630,1765628042785,1765628042785,0,3.84,0.0000,0.0,0.00
1765628042.803093,4,3476,3631,1765628042796,1765628042802,6,3.89,0.0000,0.0,0.00
1765628042.819503,4,3477,3632,1765628042817,1765628042818,1,3.89,0.0000,0.0,0.00
1765628042.839625,4,3478,3633,1765628042839,1765628042839,0,3.90,0.0000,0.0,0.00
1765628042.861388,4,3479,3634,1765628042860,1765628042860,0,3.72,0.0000,0.0,0.00
1765628042.885668,4,3480,3635,1765628042882,1765628042884,2,3.74,0.0000,0.0,0.00
1765628042.903007,4,3481,3636,1765628042903,1765628042903,0,3.73,0.0000,0.0,0.00
1765628042.925050,4,3482,3637,1765628042923,1765628042923,0,3.71,0.0000,0.0,0.00
1765628042.945407,4,3483,3638,1765628042945,1765628042945,0,3.73,0.0000,0.0,0.00
1765628042.968492,4,3484,3639,1765628042966,1765628042966,0,3.73,0.0000,0.0,0.00
1765628042.989282,4,3485,3640,1765628042988,1765628042988,0,3.74,0.0000,0.0,0.00
1765628043.009623,4,3486,3641,1765628043009,1765628043009,0,3.72,0.0000,0.0,0.00
1765628043.035205,4,3487,3642,1765628043030,1765628043035,5,3.77,0.0000,0.0,0.00
1765628043.052977,4,3488,3643,1765628043052,1765628043052,0,3.81,0.0000,0.0,0.00
1765628043.074901,4,3489,3645,1765628043073,1765628043073,0,3.62,0.0000,0.0,0.00
1765628043.085001,4,3490,3646,1765628043085,1765628043085,0,3.78,0.0000,0.0,0.00
1765628043.107471,4,3491,3647,1765628043106,1765628043106,0,3.74,0.0000,0.0,0.00
1765628043.129140,4,3492,3648,1765628043128,1765628043128,0,3.71,0.0000,0.0,0.00
1765628043.153548,4,3493,3649,1765628043149,1765628043152,3,3.73,0.8080,0.0,0.00
1765628043.170871,4,3494,3650,1765628043170,1765628043170,0,3.57,0.6160,0.0,0.00
1765628043.193373,4,3495,3651,1765628043192,1765628043192,0,3.57,0.4120,0.0,0.00
1765628043.218595,4,3496,3652,1765628043214,1765628043214,0,3.58,0.0160,0.0,0.00
1765628043.235136,4,3497,3653,1765628043235,1765628043235,0,3.55,1.0000,0.0,0.00
1765628043.251322,4,3498,3654,1765628043246,1765628043250,4,3.65,0.8080,0.0,0.00
1765628043.267928,4,3499,3655,1765628043266,1765628043266,0,3.58,0.6160,0.0,0.00
1765628043.288743,4,3500,3656,1765628043288,1765628043288,0,3.59,0.4120,0.0,0.00
1765628043.313445,4,3501,3657,1765628043309,1765628043309,0,3.58,0.0280,0.0,0.00
1765628043.332736,4,3502,3659,1765628043331,1765628043331,0,3.40,0.0000,0.0,0.00
1765628043.343763,4,3503,3660,1765628043342,1765628043342,0,3.59,0.0000,0.0,0.00
1765628043.365104,4,3504,3661,1765628043364,1765628043364,0,3.60,0.0000,0.0,0.00
1765628043.386735,4,3505,3662,1765628043385,1765628043385,0,3.59,0.0000,0.0,0.00
1765628043.400456,4,3506,3663,1765628043396,1765628043399,3,3.70,0.8080,0.0,0.00
1765628043.418588,4,3507,3664,1765628043418,1765628043418,0,3.69,0.6040,0.0,0.00
1765628043.434567,4,3508,3666,1765628043429,1765628043429,0,3.83,0.3880,0.0,0.00
1765628043.451387,4,3509,3667,1765628043450,1765628043450,0,3.84,0.1960,0.0,0.00
1765628043.472491,4,3510,3668,1765628043472,1765628043472,0,3.80,0.0000,0.0,0.00
1765628043.494621,4,3511,3669,1765628043493,1765628043493,0,3.50,0.0000,0.0,0.00
1765628043.516501,4,3512,3671,1765628043515,1765628043515,0,3.50,0.0000,0.0,0.00
1765628043.537339,4,3513,3672,1765628043536,1765628043536,0,3.49,0.0000,0.0,0.00
1765628043.557709,4,3514,3673,1765628043557,1765628043557,0,3.27,0.0000,0.0,0.00
1765628043.580045,4,3515,3674,1765628043578,1765628043578,0,3.26,0.0000,0.0,0.00
1765628043.599790,4,3516,3675,1765628043599,1765628043599,0,3.26,0.8080,0.0,0.00
1765628043.621120,4,3517,3676,1765628043621,1765628043621,0,3.27,0.6160,0.0,0.00
1765628043.643578,4,3518,3677,1765628043642,1765628043643,1,3.26,0.2200,0.0,0.00
1765628043.664981,4,3519,3678,1765628043663,1765628043663,0,3.26,0.0280,0.0,0.00
1765628043.685491,4,3520,3679,1765628043685,1765628043685,0,3.27,0.0000,0.0,0.00
1765628043.712276,4,3521,3680,1765628043706,1765628043710,4,3.25,0.0000,0.0,0.00
1765628043.719862,4,3522,3682,1765628043718,1765628043718,0,3.21,0.0000,0.0,0.00
1765628043.730289,4,3523,3683,1765628043729,1765628043729,0,3.37,0.0000,0.0,0.00
1765628043.751549,4,3524,3684,1765628043751,1765628043751,0,3.35,0.0000,0.0,0.00
1765628043.762204,4,3525,3685,1765628043762,1765628043762,0,3.53,0.0000,0.0,0.00
1765628043.784077,4,3526,3686,1765628043784,1765628043784,0,3.54,0.0000,0.0,0.00
1765628043.810044,4,3527,3687,1765628043805,1765628043809,4,3.57,0.6160,0.0,0.00
1765628043.827362,4,3528,3688,1765628043827,1765628043827,0,3.59,0.4240,0.0,0.00
1765628043.848485,4,3529,3689,1765628043848,1765628043848,0,3.58,0.2320,0.0,0.00
1765628043.871187,4,3530,3690,1765628043869,1765628043869,0,3.52,0.0000,0.0,0.00
1765628043.892528,4,3531,3692,1765628043891,1765628043891,0,3.45,0.0000,0.0,0.00
1765628043.914397,4,3532,3693,1765628043912,1765628043912,0,3.15,0.0000,0.0,0.00
1765628043.934417,4,3533,3694,1765628043934,1765628043934,0,3.16,0.0000,0.0,0.00
1765628043.959022,4,3534,3695,1765628043956,1765628043959,3,3.06,0.0000,0.0,0.00
1765628043.979048,4,3535,3697,1765628043978,1765628043978,0,2.87,0.7960,0.0,0.00
1765628043.999473,4,3536,3698,1765628043999,1765628043999,0,2.81,0.5920,0.0,0.00
1765628044.025377,4,3537,3699,1765628044021,1765628044025,4,2.77,0.1960,0.0,0.00
1765628044.042891,4,3538,3700,1765628044041,1765628044041,0,2.85,0.0000,0.0,0.00
1765628044.063252,4,3539,3702,1765628044063,1765628044063,0,2.86,0.0000,0.0,0.00
1765628044.075158,4,3540,3703,1765628044075,1765628044075,0,3.01,0.0000,0.0,0.00
1765628044.096485,4,3541,3704,1765628044096,1765628044096,0,3.00,0.0000,0.0,0.00
1765628044.117924,4,3542,3705,1765628044117,1765628044117,0,3.01,0.0000,0.0,0.00
1765628044.142220,4,3543,3706,1765628044139,1765628044141,2,3.03,0.6040,0.0,0.00
1765628044.160886,4,3544,3707,1765628044160,1765628044160,0,3.04,0.4120,0.0,0.00
1765628044.182639,4,3545,3708,1765628044182,1765628044182,0,3.04,0.2080,0.0,0.00
1765628044.209901,4,3546,3709,1765628044203,1765628044208,5,3.09,0.0000,0.0,0.00
1765628044.215815,4,3547,3710,1765628044214,1765628044214,0,3.36,0.0000,0.0,0.00
1765628044.242607,4,3548,3712,1765628044236,1765628044236,0,3.32,0.0000,0.0,0.00
1765628044.259281,4,3549,3713,1765628044258,1765628044258,0,3.33,0.0000,0.0,0.00
1765628044.280483,4,3550,3714,1765628044279,1765628044279,0,3.15,0.0000,0.0,0.00
1765628044.301384,4,3551,3715,1765628044301,1765628044301,0,3.16,0.0000,0.0,0.00
1765628044.323655,4,3552,3716,1765628044322,1765628044323,1,3.16,0.0000,0.0,0.00
1765628044.344213,4,3553,3717,1765628044343,1765628044344,1,3.13,0.0000,0.0,0.00
1765628044.365031,4,3554,3718,1765628044365,1765628044365,0,3.09,0.0000,0.0,0.00
1765628044.390344,4,3555,3719,1765628044386,1765628044389,3,3.11,0.0000,0.0,0.00
1765628044.397501,4,3556,3720,1765628044397,1765628044397,0,3.38,0.0000,0.0,0.00
1765628044.422399,4,3557,3722,1765628044418,1765628044422,4,3.42,0.0000,0.0,0.00
1765628044.456196,4,3558,3723,1765628044452,1765628044454,2,3.40,0.0000,0.0,0.00
1765628044.463345,4,3559,3724,1765628044463,1765628044463,0,3.58,0.0000,0.0,0.00
1765628044.484260,4,3560,3725,1765628044484,1765628044484,0,3.57,0.0000,0.0,0.00
1765628044.505554,4,3561,3726,1765628044505,1765628044505,0,3.57,0.0000,0.0,0.00
1765628044.526407,4,3562,3727,1765628044526,1765628044526,0,3.56,0.0000,0.0,0.00
1765628044.547799,4,3563,3728,1765628044547,1765628044547,0,3.34,0.0000,0.0,0.00
1765628044.570063,4,3564,3729,1765628044569,1765628044569,0,3.34,0.7960,0.0,0.00
1765628044.592274,4,3565,3730,1765628044591,1765628044592,1,3.36,0.4000,0.0,0.00
1765628044.602877,4,3566,3731,1765628044601,1765628044601,0,3.48,0.4000,0.0,0.00
1765628044.625630,4,3567,3733,1765628044623,1765628044625,2,3.49,0.0000,0.0,0.00
1765628044.645728,4,3568,3734,1765628044644,1765628044644,0,3.28,0.0000,0.0,0.00
1765628044.659452,4,3569,3735,1765628044656,1765628044659,3,3.41,0.0000,0.0,0.00
1765628044.678199,4,3570,3736,1765628044677,1765628044677,0,3.44,0.0000,0.0,0.00
1765628044.698934,4,3571,3737,1765628044698,1765628044698,0,3.44,0.0000,0.0,0.00
1765628044.722604,4,3572,3739,1765628044720,1765628044722,2,3.46,0.6040,0.0,0.00
1765628044.742329,4,3573,3740,1765628044742,1765628044742,0,3.46,0.4000,0.0,0.00
1765628044.763193,4,3574,3741,1765628044763,1765628044763,0,3.46,0.1960,0.0,0.00
1765628044.785430,4,3575,3743,1765628044784,1765628044784,0,3.46,0.0000,0.0,0.00
1765628044.806346,4,3576,3744,1765628044806,1765628044806,0,3.47,0.0000,0.0,0.00
1765628044.829001,4,3577,3745,1765628044827,1765628044827,0,3.46,0.0000,0.0,0.00
1765628044.838870,4,3578,3746,1765628044838,1765628044838,0,3.66,0.0000,0.0,0.00
1765628044.860225,4,3579,3747,1765628044860,1765628044860,0,3.67,0.0000,0.0,0.00
1765628044.882886,4,3580,3748,1765628044881,1765628044881,0,3.66,0.0000,0.0,0.00
1765628044.894269,4,3581,3750,1765628044893,1765628044894,1,3.78,0.0000,0.0,0.00
1765628044.907299,4,3582,3751,1765628044904,1765628044906,2,3.69,0.7960,0.0,0.00
1765628044.926860,4,3583,3752,1765628044926,1765628044926,0,3.47,0.6040,0.0,0.00
1765628044.940704,4,3584,3753,1765628044937,1765628044939,2,3.62,0.4000,0.0,0.00
1765628044.959674,4,3585,3755,1765628044959,1765628044959,0,3.41,0.1960,0.0,0.00
1765628044.974290,4,3586,3756,1765628044970,1765628044972,2,3.55,0.0000,0.0,0.00
1765628044.982267,4,3587,3757,1765628044981,1765628044981,0,3.75,0.0000,0.0,0.00
1765628045.006371,4,3588,3758,1765628045002,1765628045006,4,3.77,0.0000,0.0,0.00
1765628045.023335,4,3589,3759,1765628045023,1765628045023,0,3.82,0.0000,0.0,0.00
1765628045.044649,4,3590,3760,1765628045044,1765628045044,0,3.82,0.0000,0.0,0.00
1765628045.066521,4,3591,3761,1765628045065,1765628045065,0,3.81,0.0000,0.0,0.00
1765628045.088849,4,3592,3762,1765628045087,1765628045088,1,3.83,0.6160,0.0,0.00
1765628045.108338,4,3593,3763,1765628045107,1765628045107,0,3.81,0.4240,0.0,0.00
1765628045.129921,4,3594,3764,1765628045128,1765628045128,0,3.77,0.7920,0.0,0.00
1765628045.150120,4,3595,3766,1765628045150,1765628045150,0,3.79,0.5880,0.0,0.00
1765628045.175964,4,3596,3767,1765628045171,1765628045174,3,3.82,0.1800,0.0,0.00
1765628045.194409,4,3597,3768,1765628045192,1765628045193,1,3.76,0.0000,0.0,0.00
1765628045.214373,4,3598,3769,1765628045214,1765628045214,0,3.70,0.0000,0.0,0.00
1765628045.225969,4,3599,3770,1765628045224,1765628045224,0,3.89,0.0000,0.0,0.00
1765628045.247315,4,3600,3771,1765628045246,1765628045246,0,3.74,0.8080,0.0,0.00
1765628045.268310,4,3601,3772,1765628045267,1765628045267,0,3.74,0.6040,0.0,0.00
1765628045.290220,4,3602,3773,1765628045288,1765628045288,0,3.74,0.2080,0.0,0.00
1765628045.310438,4,3603,3774,1765628045310,1765628045310,0,3.72,0.0040,0.0,0.00
1765628045.331827,4,3604,3776,1765628045331,1765628045331,0,3.73,0.0000,0.0,0.00
1765628045.357486,4,3605,3777,1765628045353,1765628045356,3,3.75,0.8080,0.0,0.00
1765628045.375069,4,3606,3778,1765628045375,1765628045375,0,3.70,0.6160,0.0,0.00
1765628045.396315,4,3607,3779,1765628045396,1765628045396,0,3.40,0.4120,0.0,0.00
1765628045.417000,4,3608,3780,1765628045416,1765628045416,0,3.38,0.2080,0.0,0.00
1765628045.441456,4,3609,3782,1765628045437,1765628045441,4,3.41,0.0000,0.0,0.00
1765628045.450239,4,3610,3783,1765628045449,1765628045449,0,3.67,0.0000,0.0,0.00
1765628045.475032,4,3611,3784,1765628045470,1765628045474,4,3.70,0.0000,0.0,0.00
1765628045.492282,4,3612,3785,1765628045492,1765628045492,0,3.71,0.0000,0.0,0.00
1765628045.514892,4,3613,3786,1765628045513,1765628045513,0,3.71,0.0000,0.0,0.00
1765628045.534515,4,3614,3787,1765628045534,1765628045534,0,3.71,0.0000,0.0,0.00
1765628045.556954,4,3615,3788,1765628045555,1765628045556,1,3.69,0.0000,0.0,0.00
1765628045.577293,4,3616,3789,1765628045577,1765628045577,0,3.43,0.8080,0.0,0.00
1765628045.599045,4,3617,3790,1765628045599,1765628045599,0,3.40,1.6040,0.0,0.00
1765628045.623497,4,3618,3791,1765628045619,1765628045623,4,3.32,1.2080,0.0,0.00
1765628045.641379,4,3619,3792,1765628045640,1765628045641,1,3.11,1.0040,0.0,0.00
1765628045.663041,4,3620,3793,1765628045662,1765628045662,0,3.11,0.8000,0.0,0.00
1765628045.684598,4,3621,3794,1765628045683,1765628045683,0,3.11,0.5960,0.0,0.00
1765628045.696467,4,3622,3795,1765628045694,1765628045694,0,3.30,0.4040,0.0,0.00
1765628045.708441,4,3623,3797,1765628045706,1765628045708,2,3.40,0.2000,0.0,0.00
1765628045.717521,4,3624,3798,1765628045717,1765628045717,0,3.59,0.2000,0.0,0.00
1765628045.738806,4,3625,3799,1765628045738,1765628045738,0,3.57,0.0000,0.0,0.00
1765628045.761301,4,3626,3800,1765628045760,1765628045760,0,3.38,0.0000,0.0,0.00
1765628045.781481,4,3627,3801,1765628045781,1765628045781,0,3.34,0.0000,0.0,0.00
1765628045.806907,4,3628,3802,1765628045802,1765628045806,4,3.40,0.0000,0.0,0.00
1765628045.825255,4,3629,3803,1765628045824,1765628045824,0,3.33,0.0000,0.0,0.00
1765628045.846462,4,3630,3804,1765628045845,1765628045845,0,3.31,0.0000,0.0,0.00
1765628045.866622,4,3631,3805,1765628045866,1765628045866,0,3.31,0.0000,0.0,0.00
1765628045.889439,4,3632,3806,1765628045887,1765628045889,2,3.30,0.0000,0.0,0.00
1765628045.909853,4,3633,3807,1765628045908,1765628045908,0,3.31,0.0000,0.0,0.00
1765628045.931346,4,3634,3808,1765628045930,1765628045930,0,3.32,0.0000,0.0,0.00
1765628045.951501,4,3635,3809,1765628045951,1765628045951,0,3.32,0.0000,0.0,0.00
1765628045.974681,4,3636,3811,1765628045973,1765628045973,0,3.32,0.0000,0.0,0.00
1765628045.984692,4,3637,3812,1765628045984,1765628045984,0,3.49,0.0000,0.0,0.00
1765628046.008045,4,3638,3813,1765628046005,1765628046006,1,3.33,0.0000,0.0,0.00
1765628046.027169,4,3639,3814,1765628046027,1765628046027,0,3.32,0.0000,0.0,0.00
1765628046.048874,4,3640,3815,1765628046048,1765628046048,0,3.32,0.0000,0.0,0.00
1765628046.073398,4,3641,3816,1765628046069,1765628046069,0,3.18,0.2040,0.0,0.00
1765628046.081200,4,3642,3817,1765628046081,1765628046081,0,3.18,0.7960,0.0,0.00
1765628046.103806,4,3643,3818,1765628046102,1765628046102,0,3.19,0.5800,0.0,0.00
1765628046.124086,4,3644,3819,1765628046124,1765628046124,0,3.06,0.1840,0.0,0.00
1765628046.146480,4,3645,3820,1765628046145,1765628046145,0,3.07,0.0000,0.0,0.00
1765628046.166474,4,3646,3821,1765628046166,1765628046166,0,2.91,0.0000,0.0,0.00
1765628046.192212,4,3647,3823,1765628046188,1765628046192,4,2.70,0.0000,0.0,0.00
1765628046.209988,4,3648,3824,1765628046209,1765628046209,0,2.73,0.0000,0.0,0.00
1765628046.231331,4,3649,3825,1765628046231,1765628046231,0,2.67,0.8080,0.0,0.00
1765628046.255050,4,3650,3826,1765628046252,1765628046255,3,2.70,0.4240,0.0,0.00
1765628046.273652,4,3651,3827,1765628046273,1765628046273,0,2.74,0.2200,0.0,0.00
1765628046.295943,4,3652,3828,1765628046294,1765628046294,0,2.72,0.0280,0.0,0.00
1765628046.316689,4,3653,3829,1765628046316,1765628046316,0,2.71,0.0000,0.0,0.00
1765628046.327846,4,3654,3830,1765628046327,1765628046327,0,2.92,0.0000,0.0,0.00
1765628046.349862,4,3655,3831,1765628046348,1765628046348,0,2.92,0.0000,0.0,0.00
1765628046.375074,4,3656,3834,1765628046370,1765628046373,3,2.92,0.6040,0.0,0.00
1765628046.383948,4,3657,3836,1765628046382,1765628046382,0,3.17,0.6040,0.0,0.00
1765628046.394845,4,3658,3837,1765628046393,1765628046393,0,3.37,0.4000,0.0,0.00
1765628046.416386,4,3659,3838,1765628046415,1765628046415,0,3.15,0.1960,0.0,0.00
1765628046.444505,4,3660,3839,1765628046436,1765628046443,7,3.21,0.0000,0.0,0.00
1765628046.459574,4,3661,3840,1765628046458,1765628046458,0,3.31,0.0000,0.0,0.00
1765628046.480205,4,3662,3841,1765628046479,1765628046479,0,3.31,0.0000,0.0,0.00
1765628046.501459,4,3663,3842,1765628046500,1765628046500,0,3.31,0.0000,0.0,0.00
1765628046.523980,4,3664,3843,1765628046521,1765628046523,2,3.32,0.0000,0.0,0.00
1765628046.543340,4,3665,3844,1765628046543,1765628046543,0,3.28,0.0000,0.0,0.00
1765628046.565579,4,3666,3845,1765628046564,1765628046564,0,3.27,0.0000,0.0,0.00
1765628046.591272,4,3667,3846,1765628046586,1765628046590,4,3.31,0.0000,0.0,0.00
1765628046.609220,4,3668,3847,1765628046607,1765628046608,1,3.36,0.0000,0.0,0.00
1765628046.629147,4,3669,3848,1765628046629,1765628046629,0,3.32,0.0000,0.0,0.00
1765628046.651046,4,3670,3849,1765628046649,1765628046649,0,3.03,0.0000,0.0,0.00
1765628046.674753,4,3671,3850,1765628046671,1765628046673,2,3.02,0.0000,0.0,0.00
1765628046.693244,4,3672,3851,1765628046692,1765628046692,0,3.00,0.0000,0.0,0.00
1765628046.714171,4,3673,3852,1765628046714,1765628046714,0,3.01,0.0000,0.0,0.00
1765628046.736023,4,3674,3853,1765628046735,1765628046735,0,3.01,0.0000,0.0,0.00
1765628046.759129,4,3675,3854,1765628046756,1765628046758,2,3.02,0.0000,0.0,0.00
1765628046.779139,4,3676,3855,1765628046778,1765628046778,0,3.01,0.0000,0.0,0.00
1765628046.800409,4,3677,3856,1765628046799,1765628046799,0,3.00,0.0000,0.0,0.00
1765628046.823693,4,3678,3857,1765628046821,1765628046823,2,3.00,0.0000,0.0,0.00
1765628046.842578,4,3679,3858,1765628046842,1765628046842,0,2.98,0.0000,0.0,0.00
1765628046.865298,4,3680,3859,1765628046864,1765628046864,0,2.99,0.0000,0.0,0.00
1765628046.890064,4,3681,3860,1765628046885,1765628046890,5,3.04,0.0000,0.0,0.00
1765628046.896826,4,3682,3861,1765628046896,1765628046896,0,3.15,0.0000,0.0,0.00
1765628046.918852,4,3683,3862,1765628046918,1765628046918,0,3.03,0.0000,0.0,0.00
1765628046.941585,4,3684,3863,1765628046939,1765628046941,2,2.79,0.0000,0.0,0.00
1765628046.951549,4,3685,3864,1765628046950,1765628046950,0,3.05,0.0000,0.0,0.00
1765628046.974704,4,3686,3865,1765628046971,1765628046973,2,3.06,0.0000,0.0,0.00
1765628046.993910,4,3687,3866,1765628046992,1765628046992,0,3.08,0.0000,0.0,0.00
1765628047.015133,4,3688,3867,1765628047015,1765628047015,0,3.06,0.0000,0.0,0.00
1765628047.036132,4,3689,3868,1765628047036,1765628047036,0,3.02,0.0000,0.0,0.00
1765628047.047765,4,3690,3869,1765628047046,1765628047046,0,3.24,0.0000,0.0,0.00
1765628047.068709,4,3691,3870,1765628047068,1765628047068,0,3.25,0.0000,0.0,0.00
1765628047.094713,4,3692,3871,1765628047089,1765628047093,4,3.28,0.0000,0.0,0.00
1765628047.112812,4,3693,3872,1765628047111,1765628047111,0,3.30,0.0000,0.0,0.00
1765628047.133849,4,3694,3873,1765628047132,1765628047132,0,3.29,0.0000,0.0,0.00
1765628047.155379,4,3695,3874,1765628047154,1765628047154,0,3.30,0.0000,0.0,0.00
1765628047.176872,4,3696,3875,1765628047175,1765628047175,0,3.29,0.0000,0.0,0.00
1765628047.197157,4,3697,3876,1765628047197,1765628047197,0,3.10,0.0000,0.0,0.00
1765628047.218791,4,3698,3877,1765628047218,1765628047218,0,3.09,0.0000,0.0,0.00
1765628047.243931,4,3699,3878,1765628047239,1765628047242,3,3.12,0.0000,0.0,0.00
1765628047.261506,4,3700,3879,1765628047261,1765628047261,0,3.14,0.0000,0.0,0.00
1765628047.283271,4,3701,3880,1765628047283,1765628047283,0,3.15,0.0000,0.0,0.00
1765628047.295037,4,3702,3881,1765628047293,1765628047295,2,3.15,0.0000,0.0,0.00
1765628047.314869,4,3703,3882,1765628047314,1765628047314,0,3.17,0.0000,0.0,0.00
1765628047.336538,4,3704,3883,1765628047336,1765628047336,0,3.17,0.0000,0.0,0.00
