timestamp,client_id,snapshot_id,seq_num,server_timestamp_ms,recv_time_ms,latency_ms,jitter_ms,perceived_position_error,cpu_percent,bandwidth_per_client_kbps
1765627980.384216,1,215,1,1765627980129,1765627980384,255,0.00,0.0000,0.0,0.00
1765627980.384216,1,216,2,1765627980150,1765627980384,234,0.00,0.0000,0.0,0.00
1765627980.385323,1,217,3,1765627980171,1765627980385,214,0.50,0.0000,0.0,0.00
1765627980.385323,1,218,4,1765627980192,1765627980385,193,0.44,0.0000,0.0,0.00
1765627980.385323,1,219,5,1765627980213,1765627980385,172,0.38,0.0000,0.0,0.00
1765627980.385323,1,220,6,1765627980234,1765627980385,151,0.32,0.0000,0.0,0.00
1765627980.386320,1,221,7,1765627980255,1765627980385,130,0.28,0.0000,0.0,0.00
1765627980.386320,1,222,8,1765627980277,1765627980386,109,0.41,0.0000,0.0,0.00
1765627980.386320,1,223,9,1765627980298,1765627980386,88,0.38,0.0000,0.0,0.00
1765627980.386827,1,224,10,1765627980319,1765627980386,67,0.35,0.0000,0.0,0.00
1765627980.386827,1,225,11,1765627980340,1765627980386,46,0.32,0.0000,0.0,0.00
1765627980.386827,1,226,12,1765627980361,1765627980386,25,0.30,0.0000,0.0,0.00
1765627980.386827,1,227,13,1765627980382,1765627980386,4,0.28,0.0000,0.0,0.00
1765627980.458750,1,228,14,1765627980403,1765627980458,55,10.20,0.0000,0.0,0.00
1765627980.458750,1,229,15,1765627980424,1765627980458,34,9.53,0.0000,0.0,0.00
1765627980.458750,1,230,16,1765627980445,1765627980458,13,8.94,0.0000,0.0,0.00
1765627980.474822,1,231,17,1765627980467,1765627980473,6,9.48,0.0000,0.0,0.00
1765627980.488484,1,232,19,1765627980488,1765627980488,0,9.84,0.0000,0.0,0.00
1765627980.519124,1,233,20,1765627980509,1765627980514,5,11.01,0.0000,0.0,0.00
1765627980.533997,1,234,21,1765627980530,1765627980533,3,11.35,0.0000,0.0,0.00
1765627980.552294,1,235,22,1765627980552,1765627980552,0,11.56,0.0000,0.0,0.00
1765627980.573787,1,236,23,1765627980573,1765627980573,0,11.81,0.0000,0.0,0.00
1765627980.595087,1,237,25,1765627980595,1765627980595,0,12.02,0.0000,0.0,0.00
1765627980.616657,1,238,26,1765627980616,1765627980616,0,12.11,0.0000,0.0,0.00
1765627980.637685,1,239,27,1765627980637,1765627980637,0,12.13,0.0000,0.0,0.00
1765627980.662265,1,240,28,1765627980658,1765627980662,4,12.29,0.0000,0.0,0.00
1765627980.670789,1,241,29,1765627980670,1765627980670,0,11.92,0.0000,0.0,0.00
1765627980.695842,1,242,30,1765627980692,1765627980695,3,12.06,0.0000,0.0,0.00
1765627980.714090,1,243,31,1765627980713,1765627980714,1,11.91,0.0000,0.0,0.00
1765627980.734944,1,244,32,1765627980734,1765627980734,0,11.80,0.0000,0.0,0.00
1765627980.755819,1,245,33,1765627980755,1765627980755,0,11.70,0.0000,0.0,0.00
1765627980.778961,1,246,34,1765627980777,1765627980778,1,11.65,0.0000,0.0,0.00
1765627980.798503,1,247,35,1765627980798,1765627980798,0,11.50,0.0000,0.0,0.00
1765627980.819690,1,248,36,1765627980819,1765627980819,0,11.38,0.0000,0.0,0.00
1765627980.844174,1,249,37,1765627980840,1765627980844,4,11.35,0.0000,0.0,0.00
1765627980.862361,1,250,38,1765627980862,1765627980862,0,11.13,0.0000,0.0,0.00
1765627980.877012,1,251,39,1765627980874,1765627980877,3,10.86,0.0000,0.0,0.00
1765627980.895235,1,252,40,1765627980895,1765627980895,0,10.66,0.0000,0.0,0.00
1765627980.916534,1,253,41,1765627980916,1765627980916,0,10.53,0.0000,0.0,0.00
1765627980.928279,1,254,42,1765627980928,1765627980928,0,10.32,0.0000,0.0,0.00
1765627980.949460,1,255,43,1765627980949,1765627980949,0,10.20,0.0000,0.0,0.00
1765627980.970936,1,256,44,1765627980970,1765627980970,0,10.08,0.0000,0.0,0.00
1765627980.993112,1,257,45,1765627980992,1765627980993,1,10.00,0.0000,0.0,0.00
1765627981.013522,1,258,46,1765627981013,1765627981013,0,9.86,0.0000,0.0,0.00
1765627981.035627,1,259,47,1765627981035,1765627981035,0,9.76,0.0000,0.0,0.00
1765627981.057791,1,260,48,1765627981056,1765627981057,1,9.66,0.0000,0.0,0.00
1765627981.077440,1,261,49,1765627981077,1765627981077,0,9.53,0.0000,0.0,0.00
1765627981.098954,1,262,50,1765627981098,1765627981098,0,9.43,0.0000,0.0,0.00
1765627981.110725,1,263,51,1765627981110,1765627981110,0,9.31,0.0000,0.0,0.00
1765627981.131982,1,264,52,1765627981131,1765627981131,0,9.22,0.0000,0.0,0.00
1765627981.153531,1,265,53,1765627981153,1765627981153,0,9.14,0.0000,0.0,0.00
1765627981.174811,1,266,54,1765627981174,1765627981174,0,9.05,0.0000,0.0,0.00
1765627981.186444,1,267,55,1765627981185,1765627981185,0,8.98,0.0000,0.0,0.00
1765627981.207024,1,268,56,1765627981207,1765627981207,0,8.91,0.0000,0.0,0.00
1765627981.229814,1,269,57,1765627981228,1765627981229,1,8.84,0.0000,0.0,0.00
1765627981.249424,1,270,58,1765627981249,1765627981249,0,8.74,0.0000,0.0,0.00
1765627981.270567,1,271,59,1765627981270,1765627981270,0,8.65,0.0000,0.0,0.00
1765627981.292148,1,272,60,1765627981292,1765627981292,0,8.58,0.0000,0.0,0.00
1765627981.313737,1,273,61,1765627981313,1765627981313,0,8.50,0.0000,0.0,0.00
1765627981.335891,1,274,62,1765627981335,1765627981335,0,8.42,0.0000,0.0,0.00
1765627981.356995,1,275,63,1765627981356,1765627981356,0,8.34,0.0000,0.0,0.00
1765627981.379047,1,276,64,1765627981378,1765627981379,1,8.06,0.0000,0.0,0.00
1765627981.399783,1,277,65,1765627981399,1765627981399,0,7.74,0.0000,0.0,0.00
1765627981.421335,1,278,66,1765627981421,1765627981421,0,7.39,0.0000,0.0,0.00
1765627981.446117,1,279,67,1765627981442,1765627981446,4,7.05,0.0000,0.0,0.00
1765627981.453647,1,280,68,1765627981453,1765627981453,0,6.89,0.0000,0.0,0.00
1765627981.478928,1,281,69,1765627981475,1765627981478,3,6.53,0.0000,0.0,0.00
1765627981.486431,1,282,70,1765627981486,1765627981486,0,6.37,0.0000,0.0,0.00
1765627981.507290,1,283,71,1765627981507,1765627981507,0,5.95,0.0000,0.0,0.00
1765627981.518910,1,284,72,1765627981518,1765627981518,0,5.69,0.0000,0.0,0.00
1765627981.540160,1,285,73,1765627981539,1765627981540,1,5.28,0.0000,0.0,0.00
1765627981.551035,1,286,74,1765627981551,1765627981551,0,5.03,0.0000,0.0,0.00
1765627981.563364,1,287,75,1765627981562,1765627981563,1,4.76,0.0000,0.0,0.00
1765627981.583428,1,288,76,1765627981583,1765627981583,0,4.23,0.0000,0.0,0.00
1765627981.604183,1,289,77,1765627981604,1765627981604,0,3.79,0.0000,0.0,0.00
1765627981.625730,1,290,78,1765627981625,1765627981625,0,3.35,0.0000,0.0,0.00
1765627981.647527,1,291,80,1765627981647,1765627981647,0,3.27,0.0000,0.0,0.00
1765627981.669033,1,292,81,1765627981668,1765627981668,0,3.17,0.0000,0.0,0.00
1765627981.689596,1,293,82,1765627981689,1765627981689,0,3.13,0.0000,0.0,0.00
1765627981.713034,1,294,84,1765627981712,1765627981713,1,3.14,0.0000,0.0,0.00
1765627981.722816,1,295,85,1765627981722,1765627981722,0,3.40,0.0000,0.0,0.00
1765627981.734017,1,296,86,1765627981734,1765627981734,0,3.57,0.0000,0.0,0.00
1765627981.755463,1,297,87,1765627981755,1765627981755,0,3.57,0.0000,0.0,0.00
1765627981.781065,1,298,88,1765627981776,1765627981781,5,3.61,0.0000,0.0,0.00
1765627981.788577,1,299,89,1765627981788,1765627981788,0,3.90,0.0000,0.0,0.00
1765627981.811709,1,300,90,1765627981809,1765627981811,2,3.88,0.0000,0.0,0.00
1765627981.831127,1,301,91,1765627981831,1765627981831,0,3.61,0.0000,0.0,0.00
1765627981.852398,1,302,92,1765627981852,1765627981852,0,3.57,0.0000,0.0,0.00
1765627981.873719,1,303,93,1765627981873,1765627981873,0,3.58,0.0000,0.0,0.00
1765627981.894927,1,304,94,1765627981894,1765627981894,0,3.59,0.0000,0.0,0.00
1765627981.916280,1,305,95,1765627981916,1765627981916,0,3.60,0.0000,0.0,0.00
1765627981.937478,1,306,96,1765627981937,1765627981937,0,3.58,0.0000,0.0,0.00
1765627981.960867,1,307,97,1765627981958,1765627981960,2,3.60,0.0000,0.0,0.00
1765627981.969957,1,308,98,1765627981969,1765627981969,0,3.85,0.0000,0.0,0.00
1765627981.994124,1,309,99,1765627981991,1765627981994,3,3.85,0.0000,0.0,0.00
1765627982.013519,1,310,100,1765627982013,1765627982013,0,3.83,0.0000,0.0,0.00
1765627982.035162,1,311,101,1765627982035,1765627982035,0,3.74,0.0000,0.0,0.00
1765627982.056312,1,312,102,1765627982056,1765627982056,0,3.72,0.0000,0.0,0.00
1765627982.077582,1,313,103,1765627982077,1765627982077,0,3.72,0.0000,0.0,0.00
1765627982.098829,1,314,104,1765627982098,1765627982098,0,3.53,0.0000,0.0,0.00
1765627982.119990,1,315,105,1765627982119,1765627982119,0,3.53,0.0000,0.0,0.00
1765627982.131858,1,316,106,1765627982131,1765627982131,0,3.72,0.0000,0.0,0.00
1765627982.143105,1,317,107,1765627982142,1765627982143,1,3.88,0.0000,0.0,0.00
1765627982.163729,1,318,108,1765627982163,1765627982163,0,3.88,0.0000,0.0,0.00
1765627982.185590,1,319,109,1765627982185,1765627982185,0,3.88,0.0000,0.0,0.00
1765627982.209676,1,320,110,1765627982206,1765627982208,2,3.89,0.0000,0.0,0.00
1765627982.227912,1,321,111,1765627982227,1765627982227,0,3.88,0.0000,0.0,0.00
1765627982.249809,1,322,112,1765627982249,1765627982249,0,3.89,0.0000,0.0,0.00
1765627982.260422,1,323,113,1765627982260,1765627982260,0,3.92,0.0000,0.0,0.00
1765627982.281657,1,324,114,1765627982281,1765627982281,0,3.92,0.0000,0.0,0.00
1765627982.292935,1,325,115,1765627982292,1765627982292,0,4.09,0.0000,0.0,0.00
1765627982.314003,1,326,116,1765627982314,1765627982314,0,4.10,0.0000,0.0,0.00
1765627982.335444,1,327,117,1765627982335,1765627982335,0,3.92,0.0000,0.0,0.00
1765627982.357681,1,328,118,1765627982356,1765627982357,1,3.92,0.0000,0.0,0.00
1765627982.378054,1,329,119,1765627982378,1765627982378,0,3.91,0.0000,0.0,0.00
1765627982.400325,1,330,120,1765627982399,1765627982399,0,3.92,0.0000,0.0,0.00
1765627982.421388,1,331,121,1765627982421,1765627982421,0,3.92,0.0000,0.0,0.00
1765627982.442656,1,332,122,1765627982442,1765627982442,0,3.92,0.0000,0.0,0.00
1765627982.463646,1,333,123,1765627982463,1765627982463,0,3.92,0.0000,0.0,0.00
1765627982.487662,1,334,125,1765627982484,1765627982487,3,3.93,0.0000,0.0,0.00
1765627982.506050,1,335,126,1765627982506,1765627982506,0,3.92,0.0000,0.0,0.00
1765627982.527380,1,336,127,1765627982527,1765627982527,0,3.90,0.0000,0.0,0.00
1765627982.552723,1,337,128,1765627982548,1765627982552,4,3.95,0.0000,0.0,0.00
1765627982.560858,1,338,129,1765627982559,1765627982559,0,4.22,0.0000,0.0,0.00
1765627982.571227,1,339,130,1765627982571,1765627982571,0,4.34,0.0000,0.0,0.00
1765627982.588464,1,340,131,1765627982582,1765627982587,5,4.12,0.0000,0.0,0.00
1765627982.593990,1,341,132,1765627982593,1765627982593,0,4.38,0.0000,0.0,0.00
1765627982.614960,1,342,133,1765627982614,1765627982614,0,4.13,0.0000,0.0,0.00
1765627982.638785,1,343,134,1765627982636,1765627982638,2,4.16,0.0000,0.0,0.00
1765627982.648289,1,344,135,1765627982647,1765627982648,1,4.18,0.0000,0.0,0.00
1765627982.659136,1,345,136,1765627982658,1765627982659,1,4.35,0.0000,0.0,0.00
1765627982.693063,1,346,137,1765627982691,1765627982693,2,4.29,0.0000,0.0,0.00
1765627982.714042,1,347,138,1765627982714,1765627982714,0,4.14,0.0000,0.0,0.00
1765627982.729410,1,348,139,1765627982729,1765627982729,0,4.23,0.0000,0.0,0.00
1765627982.799517,1,349,140,1765627982777,1765627982799,22,4.72,0.0000,0.0,0.00
1765627982.799517,1,350,141,1765627982791,1765627982799,8,5.16,0.0000,0.0,0.00
1765627982.808476,1,351,142,1765627982803,1765627982808,5,5.37,0.0000,0.0,0.00
1765627982.831169,1,352,143,1765627982816,1765627982831,15,5.39,0.0000,0.0,0.00
1765627982.831169,1,353,144,1765627982828,1765627982831,3,5.79,0.0000,0.0,0.00
1765627982.849483,1,354,145,1765627982844,1765627982849,5,5.76,0.0000,0.0,0.00
1765627982.858123,1,355,146,1765627982857,1765627982858,1,5.76,0.0000,0.0,0.00
1765627982.878669,1,356,147,1765627982878,1765627982878,0,5.61,0.0000,0.0,0.00
1765627982.900120,1,357,148,1765627982900,1765627982900,0,5.62,0.0000,0.0,0.00
1765627982.957141,1,358,150,1765627982924,1765627982957,33,5.99,0.0000,0.0,0.00
1765627982.963485,1,359,151,1765627982956,1765627982963,7,6.01,0.0000,0.0,0.00
1765627982.966915,1,360,152,1765627982966,1765627982966,0,6.32,0.0000,0.0,0.00
1765627982.978607,1,361,153,1765627982978,1765627982978,0,6.46,0.0000,0.0,0.00
1765627982.999502,1,362,154,1765627982999,1765627982999,0,6.46,0.0000,0.0,0.00
1765627983.034744,1,363,155,1765627983032,1765627983034,2,6.63,0.0000,0.0,0.00
1765627983.048344,1,364,156,1765627983043,1765627983043,0,6.82,0.0000,0.0,0.00
1765627983.065097,1,365,157,1765627983065,1765627983065,0,6.82,0.0000,0.0,0.00
1765627983.086436,1,366,158,1765627983086,1765627983086,0,6.82,0.0000,0.0,0.00
1765627983.107816,1,367,159,1765627983107,1765627983107,0,6.79,0.0000,0.0,0.00
1765627983.132938,1,368,160,1765627983129,1765627983131,2,6.65,0.0000,0.0,0.00
1765627983.150221,1,369,161,1765627983150,1765627983150,0,6.58,0.0000,0.0,0.00
1765627983.164579,1,370,162,1765627983161,1765627983164,3,6.68,0.0000,0.0,0.00
1765627983.173960,1,371,163,1765627983172,1765627983172,0,6.86,0.0000,0.0,0.00
1765627983.184228,1,372,164,1765627983184,1765627983184,0,6.98,0.0000,0.0,0.00
1765627983.205481,1,373,165,1765627983205,1765627983205,0,6.98,0.0000,0.0,0.00
1765627983.226355,1,374,166,1765627983226,1765627983226,0,6.98,0.0000,0.0,0.00
1765627983.237504,1,375,167,1765627983237,1765627983237,0,7.11,0.0000,0.0,0.00
1765627983.258564,1,376,168,1765627983258,1765627983258,0,7.00,0.0000,0.0,0.00
1765627983.283220,1,377,169,1765627983280,1765627983281,1,6.91,0.0000,0.0,0.00
1765627983.301401,1,378,170,1765627983301,1765627983301,0,6.91,0.0000,0.0,0.00
1765627983.323515,1,379,171,1765627983322,1765627983322,0,6.90,0.0000,0.0,0.00
1765627983.344267,1,380,172,1765627983344,1765627983344,0,6.88,0.0000,0.0,0.00
1765627983.366531,1,381,173,1765627983366,1765627983366,0,6.92,0.0000,0.0,0.00
1765627983.387777,1,382,174,1765627983387,1765627983387,0,6.91,0.0000,0.0,0.00
1765627983.409657,1,383,175,1765627983409,1765627983409,0,6.78,0.0000,0.0,0.00
1765627983.421386,1,384,176,1765627983420,1765627983421,1,6.90,0.0000,0.0,0.00
1765627983.442745,1,385,177,1765627983442,1765627983442,0,6.76,0.0000,0.0,0.00
1765627983.464952,1,386,178,1765627983463,1765627983463,0,6.75,0.0000,0.0,0.00
1765627983.475346,1,387,179,1765627983475,1765627983475,0,6.87,0.0000,0.0,0.00
1765627983.498256,1,388,180,1765627983496,1765627983497,1,6.87,0.0000,0.0,0.00
1765627983.517970,1,389,181,1765627983517,1765627983517,0,6.85,0.0000,0.0,0.00
1765627983.539242,1,390,182,1765627983539,1765627983539,0,6.87,0.0000,0.0,0.00
1765627983.560315,1,391,183,1765627983560,1765627983560,0,6.85,0.0000,0.0,0.00
1765627983.572629,1,392,185,1765627983571,1765627983571,0,6.99,0.0000,0.0,0.00
1765627983.583977,1,393,186,1765627983582,1765627983583,1,7.10,0.0000,0.0,0.00
1765627983.604505,1,394,187,1765627983604,1765627983604,0,7.06,0.0000,0.0,0.00
1765627983.625645,1,395,188,1765627983625,1765627983625,0,7.09,0.0000,0.0,0.00
1765627983.650245,1,396,189,1765627983646,1765627983650,4,7.14,0.0000,0.0,0.00
1765627983.668199,1,397,190,1765627983668,1765627983668,0,7.07,0.0000,0.0,0.00
1765627983.689131,1,398,191,1765627983689,1765627983689,0,6.87,0.0000,0.0,0.00
1765627983.710736,1,399,192,1765627983710,1765627983710,0,6.75,0.0000,0.0,0.00
1765627983.721975,1,400,193,1765627983721,1765627983721,0,6.86,0.0000,0.0,0.00
1765627983.743783,1,401,194,1765627983743,1765627983743,0,6.63,0.0000,0.0,0.00
1765627983.766503,1,402,195,1765627983765,1765627983766,1,6.65,0.0000,0.0,0.00
1765627983.786809,1,403,196,1765627983786,1765627983786,0,6.60,0.0000,0.0,0.00
1765627983.808394,1,404,197,1765627983808,1765627983808,0,6.44,0.0000,0.0,0.00
1765627983.829789,1,405,198,1765627983829,1765627983829,0,6.28,0.0000,0.0,0.00
1765627983.851798,1,406,199,1765627983851,1765627983851,0,6.14,0.0000,0.0,0.00
1765627983.872685,1,407,200,1765627983872,1765627983872,0,6.14,0.0000,0.0,0.00
1765627983.894219,1,408,201,1765627983894,1765627983894,0,6.08,0.0000,0.0,0.00
1765627983.915760,1,409,202,1765627983915,1765627983915,0,5.55,0.0000,0.0,0.00
1765627983.936976,1,410,203,1765627983936,1765627983936,0,5.14,0.0000,0.0,0.00
1765627983.958844,1,411,204,1765627983958,1765627983958,0,4.93,0.0000,0.0,0.00
1765627983.982450,1,412,205,1765627983979,1765627983981,2,4.93,0.0000,0.0,0.00
1765627984.001061,1,413,206,1765627984001,1765627984001,0,4.48,0.0000,0.0,0.00
1765627984.022364,1,414,207,1765627984022,1765627984022,0,4.46,0.0000,0.0,0.00
1765627984.043738,1,415,208,1765627984043,1765627984043,0,4.21,0.0000,0.0,0.00
1765627984.067453,1,416,209,1765627984065,1765627984067,2,4.24,0.0000,0.0,0.00
1765627984.086640,1,417,210,1765627984086,1765627984086,0,4.24,0.0000,0.0,0.00
1765627984.106832,1,418,211,1765627984106,1765627984106,0,3.91,0.0000,0.0,0.00
1765627984.128084,1,419,212,1765627984128,1765627984128,0,3.61,0.0000,0.0,0.00
1765627984.149301,1,420,213,1765627984149,1765627984149,0,3.20,0.0000,0.0,0.00
1765627984.170518,1,421,215,1765627984170,1765627984170,0,3.01,0.0000,0.0,0.00
1765627984.181803,1,422,216,1765627984181,1765627984181,0,3.23,0.0000,0.0,0.00
1765627984.203090,1,423,217,1765627984203,1765627984203,0,3.13,0.0000,0.0,0.00
1765627984.224701,1,424,218,1765627984224,1765627984224,0,2.86,0.0000,0.0,0.00
1765627984.248624,1,425,219,1765627984246,1765627984248,2,2.88,0.0000,0.0,0.00
1765627984.257300,1,426,220,1765627984257,1765627984257,0,3.14,0.0000,0.0,0.00
1765627984.282769,1,427,221,1765627984278,1765627984282,4,3.17,0.0000,0.0,0.00
1765627984.300493,1,428,222,1765627984299,1765627984300,1,3.17,0.0000,0.0,0.00
1765627984.312955,1,429,223,1765627984310,1765627984311,1,3.37,0.0000,0.0,0.00
1765627984.331893,1,430,224,1765627984331,1765627984331,0,3.24,0.0000,0.0,0.00
1765627984.353147,1,431,225,1765627984353,1765627984353,0,2.96,0.0000,0.0,0.00
1765627984.375144,1,432,226,1765627984374,1765627984375,1,2.77,0.0000,0.0,0.00
1765627984.385807,1,433,227,1765627984385,1765627984385,0,3.02,0.0000,0.0,0.00
1765627984.407173,1,434,228,1765627984407,1765627984407,0,3.03,0.0000,0.0,0.00
1765627984.430194,1,435,229,1765627984429,1765627984430,1,2.82,0.0000,0.0,0.00
1765627984.440221,1,436,230,1765627984440,1765627984440,0,3.07,0.0000,0.0,0.00
1765627984.451885,1,437,231,1765627984451,1765627984451,0,3.27,0.0000,0.0,0.00
1765627984.472787,1,438,233,1765627984472,1765627984472,0,3.27,0.0000,0.0,0.00
1765627984.496797,1,439,235,1765627984493,1765627984496,3,3.30,0.0000,0.0,0.00
1765627984.514968,1,440,236,1765627984514,1765627984514,0,3.32,0.0000,0.0,0.00
1765627984.531595,1,441,237,1765627984526,1765627984530,4,3.38,0.0000,0.0,0.00
1765627984.537701,1,442,238,1765627984537,1765627984537,0,3.66,0.0000,0.0,0.00
1765627984.548512,1,443,239,1765627984548,1765627984548,0,3.82,0.0000,0.0,0.00
1765627984.570065,1,444,240,1765627984570,1765627984570,0,3.69,0.0000,0.0,0.00
1765627984.591555,1,445,241,1765627984591,1765627984591,0,3.69,0.0000,0.0,0.00
1765627984.613364,1,446,242,1765627984613,1765627984613,0,3.69,0.0000,0.0,0.00
1765627984.634866,1,447,243,1765627984634,1765627984634,0,3.54,0.0000,0.0,0.00
1765627984.655700,1,448,244,1765627984655,1765627984655,0,3.53,0.0000,0.0,0.00
1765627984.679189,1,449,245,1765627984677,1765627984679,2,3.56,0.0000,0.0,0.00
1765627984.698862,1,450,246,1765627984698,1765627984698,0,3.55,0.0000,0.0,0.00
1765627984.721718,1,451,248,1765627984721,1765627984721,0,3.56,0.0000,0.0,0.00
1765627984.732983,1,452,249,1765627984732,1765627984732,0,3.56,0.0000,0.0,0.00
1765627984.745195,1,453,250,1765627984744,1765627984745,1,3.54,0.0000,0.0,0.00
1765627984.765507,1,454,251,1765627984765,1765627984765,0,3.53,0.0000,0.0,0.00
1765627984.787756,1,455,252,1765627984786,1765627984787,1,3.54,0.0000,0.0,0.00
1765627984.799520,1,456,253,1765627984798,1765627984798,0,3.68,0.0000,0.0,0.00
1765627984.821453,1,457,254,1765627984820,1765627984820,0,3.68,0.0000,0.0,0.00
1765627984.843890,1,458,255,1765627984841,1765627984843,2,3.70,0.0000,0.0,0.00
1765627984.863370,1,459,256,1765627984863,1765627984863,0,3.69,0.0000,0.0,0.00
1765627984.876733,1,460,257,1765627984874,1765627984876,2,3.64,0.0000,0.0,0.00
1765627984.886514,1,461,258,1765627984885,1765627984885,0,3.85,0.0000,0.0,0.00
1765627984.908476,1,462,259,1765627984907,1765627984908,1,3.85,0.0000,0.0,0.00
1765627984.918697,1,463,260,1765627984918,1765627984918,0,4.06,0.0000,0.0,0.00
1765627984.941058,1,464,261,1765627984940,1765627984941,1,4.07,0.0000,0.0,0.00
1765627984.961501,1,465,262,1765627984961,1765627984961,0,4.06,0.0000,0.0,0.00
1765627984.983271,1,466,263,1765627984983,1765627984983,0,4.06,0.0000,0.0,0.00
1765627985.008426,1,467,264,1765627985004,1765627985008,4,4.10,0.0000,0.0,0.00
1765627985.025693,1,468,265,1765627985025,1765627985025,0,4.11,0.0000,0.0,0.00
1765627985.047894,1,469,266,1765627985047,1765627985047,0,4.12,0.0000,0.0,0.00
1765627985.062660,1,470,267,1765627985058,1765627985062,4,4.19,0.0000,0.0,0.00
1765627985.079764,1,471,268,1765627985079,1765627985079,0,4.19,0.0000,0.0,0.00
1765627985.093584,1,472,269,1765627985090,1765627985093,3,4.24,0.0000,0.0,0.00
1765627985.112369,1,473,270,1765627985112,1765627985112,0,4.23,0.0000,0.0,0.00
1765627985.127835,1,474,271,1765627985124,1765627985126,2,4.29,0.0000,0.0,0.00
1765627985.144973,1,475,272,1765627985144,1765627985144,0,4.27,0.0000,0.0,0.00
1765627985.166150,1,476,273,1765627985166,1765627985166,0,4.24,0.0000,0.0,0.00
1765627985.187793,1,477,274,1765627985187,1765627985187,0,4.27,0.0000,0.0,0.00
1765627985.209687,1,478,275,1765627985209,1765627985209,0,4.29,0.0000,0.0,0.00
1765627985.230503,1,479,276,1765627985229,1765627985229,0,4.27,0.0000,0.0,0.00
1765627985.251529,1,480,277,1765627985251,1765627985251,0,4.28,0.0000,0.0,0.00
1765627985.262757,1,481,278,1765627985262,1765627985262,0,4.39,0.0000,0.0,0.00
1765627985.284398,1,482,279,1765627985284,1765627985284,0,4.29,0.0000,0.0,0.00
1765627985.305201,1,483,280,1765627985305,1765627985305,0,4.28,0.0000,0.0,0.00
1765627985.328857,1,484,281,1765627985328,1765627985328,0,4.31,0.0000,0.0,0.00
1765627985.344955,1,485,282,1765627985339,1765627985344,5,4.28,0.0000,0.0,0.00
1765627985.361734,1,486,283,1765627985361,1765627985361,0,4.12,0.0000,0.0,0.00
1765627985.382163,1,487,284,1765627985382,1765627985382,0,4.07,0.0000,0.0,0.00
1765627985.403884,1,488,285,1765627985403,1765627985403,0,4.09,0.0000,0.0,0.00
1765627985.429019,1,489,286,1765627985425,1765627985429,4,4.03,0.0000,0.0,0.00
1765627985.436575,1,490,287,1765627985436,1765627985436,0,4.25,0.0000,0.0,0.00
1765627985.459856,1,491,288,1765627985457,1765627985459,2,4.27,0.0000,0.0,0.00
1765627985.479242,1,492,289,1765627985479,1765627985479,0,4.24,0.0000,0.0,0.00
1765627985.500431,1,493,290,1765627985500,1765627985500,0,4.09,0.0000,0.0,0.00
1765627985.522021,1,494,291,1765627985522,1765627985522,0,4.09,0.0000,0.0,0.00
1765627985.548274,1,495,293,1765627985544,1765627985547,3,4.12,0.0000,0.0,0.00
1765627985.557095,1,496,294,1765627985556,1765627985556,0,4.14,0.0000,0.0,0.00
1765627985.567599,1,497,295,1765627985567,1765627985567,0,4.14,0.0000,0.0,0.00
1765627985.589025,1,498,296,1765627985589,1765627985589,0,4.15,0.0000,0.0,0.00
1765627985.613809,1,499,297,1765627985609,1765627985612,3,4.14,0.0000,0.0,0.00
1765627985.631275,1,500,298,1765627985630,1765627985631,1,4.13,0.0000,0.0,0.00
1765627985.652147,1,501,299,1765627985652,1765627985652,0,4.10,0.0000,0.0,0.00
1765627985.673549,1,502,300,1765627985673,1765627985673,0,3.86,0.0000,0.0,0.00
1765627985.696129,1,503,301,1765627985694,1765627985696,2,3.73,0.0000,0.0,0.00
1765627985.715924,1,504,302,1765627985715,1765627985715,0,3.69,0.0000,0.0,0.00
1765627985.737667,1,505,303,1765627985737,1765627985737,0,3.71,0.0000,0.0,0.00
1765627985.749279,1,506,304,1765627985749,1765627985749,0,3.82,0.0000,0.0,0.00
1765627985.761433,1,507,305,1765627985759,1765627985761,2,3.96,0.0000,0.0,0.00
1765627985.781522,1,508,306,1765627985781,1765627985781,0,3.94,0.0000,0.0,0.00
1765627985.803257,1,509,307,1765627985803,1765627985803,0,3.92,0.0000,0.0,0.00
1765627985.814943,1,510,308,1765627985814,1765627985814,0,4.09,0.0000,0.0,0.00
1765627985.826245,1,511,309,1765627985825,1765627985826,1,4.17,0.0000,0.0,0.00
1765627985.847060,1,512,310,1765627985847,1765627985847,0,4.04,0.0000,0.0,0.00
1765627985.868636,1,513,311,1765627985868,1765627985868,0,3.94,0.0000,0.0,0.00
1765627985.889684,1,514,312,1765627985889,1765627985889,0,3.96,0.0000,0.0,0.00
1765627985.911569,1,515,313,1765627985911,1765627985911,0,3.96,0.0000,0.0,0.00
1765627985.933001,1,516,314,1765627985932,1765627985933,1,3.81,0.0000,0.0,0.00
1765627985.953739,1,517,315,1765627985953,1765627985953,0,3.79,0.0000,0.0,0.00
1765627985.978115,1,518,316,1765627985975,1765627985978,3,3.81,0.0000,0.0,0.00
1765627985.996695,1,519,317,1765627985996,1765627985996,0,3.82,0.0000,0.0,0.00
1765627986.017854,1,520,318,1765627986017,1765627986017,0,3.71,0.0000,0.0,0.00
1765627986.039507,1,521,319,1765627986039,1765627986039,0,3.53,0.0000,0.0,0.00
1765627986.061446,1,522,320,1765627986060,1765627986061,1,3.52,0.0000,0.0,0.00
1765627986.082994,1,523,321,1765627986082,1765627986082,0,3.33,0.0000,0.0,0.00
1765627986.104650,1,524,322,1765627986104,1765627986104,0,3.32,0.0000,0.0,0.00
1765627986.128219,1,525,323,1765627986125,1765627986128,3,3.37,0.0000,0.0,0.00
1765627986.147952,1,526,324,1765627986147,1765627986147,0,3.35,0.0000,0.0,0.00
1765627986.168676,1,527,325,1765627986168,1765627986168,0,3.30,0.0000,0.0,0.00
1765627986.193724,1,528,326,1765627986190,1765627986193,3,3.31,0.0000,0.0,0.00
1765627986.211714,1,529,327,1765627986211,1765627986211,0,3.31,0.0000,0.0,0.00
1765627986.232945,1,530,328,1765627986232,1765627986232,0,3.23,0.0000,0.0,0.00
1765627986.257038,1,531,329,1765627986253,1765627986257,4,3.23,0.0000,0.0,0.00
1765627986.275225,1,532,330,1765627986275,1765627986275,0,3.14,0.0000,0.0,0.00
1765627986.289996,1,533,331,1765627986286,1765627986289,3,3.26,0.0000,0.0,0.00
1765627986.297702,1,534,332,1765627986297,1765627986297,0,3.39,0.0000,0.0,0.00
1765627986.308956,1,535,333,1765627986308,1765627986308,0,3.55,0.0000,0.0,0.00
1765627986.330448,1,536,334,1765627986330,1765627986330,0,3.55,0.0000,0.0,0.00
1765627986.352006,1,537,335,1765627986352,1765627986352,0,3.56,0.0000,0.0,0.00
1765627986.363952,1,538,336,1765627986363,1765627986363,0,3.72,0.0000,0.0,0.00
1765627986.384849,1,539,337,1765627986384,1765627986384,0,3.73,0.0000,0.0,0.00
1765627986.406410,1,540,338,1765627986405,1765627986406,1,3.73,0.0000,0.0,0.00
1765627986.427131,1,541,339,1765627986427,1765627986427,0,3.56,0.0000,0.0,0.00
1765627986.448363,1,542,340,1765627986448,1765627986448,0,3.55,0.0000,0.0,0.00
1765627986.473103,1,543,341,1765627986469,1765627986473,4,3.60,0.0000,0.0,0.00
1765627986.481140,1,544,342,1765627986480,1765627986481,1,3.81,0.0000,0.0,0.00
1765627986.501730,1,545,343,1765627986501,1765627986501,0,3.75,0.0000,0.0,0.00
1765627986.523104,1,546,345,1765627986523,1765627986523,0,3.72,0.0000,0.0,0.00
1765627986.544146,1,547,346,1765627986544,1765627986544,0,3.72,0.0000,0.0,0.00
1765627986.565448,1,548,347,1765627986565,1765627986565,0,3.72,0.0000,0.0,0.00
1765627986.592732,1,549,348,1765627986588,1765627986591,3,3.72,0.0000,0.0,0.00
1765627986.599839,1,550,349,1765627986599,1765627986599,0,3.70,0.0000,0.0,0.00
1765627986.612188,1,551,350,1765627986611,1765627986611,0,3.83,0.0000,0.0,0.00
1765627986.626265,1,552,351,1765627986622,1765627986626,4,3.91,0.0000,0.0,0.00
1765627986.633642,1,553,352,1765627986633,1765627986633,0,4.16,0.0000,0.0,0.00
1765627986.656564,1,554,353,1765627986654,1765627986656,2,4.17,0.0000,0.0,0.00
1765627986.666135,1,555,354,1765627986666,1765627986666,0,4.31,0.0000,0.0,0.00
1765627986.690922,1,556,355,1765627986687,1765627986690,3,4.14,0.0000,0.0,0.00
1765627986.708842,1,557,356,1765627986708,1765627986708,0,3.98,0.0000,0.0,0.00
1765627986.730308,1,558,357,1765627986729,1765627986729,0,3.97,0.0000,0.0,0.00
1765627986.751868,1,559,358,1765627986751,1765627986751,0,3.96,0.0000,0.0,0.00
1765627986.776425,1,560,359,1765627986772,1765627986776,4,4.02,0.0000,0.0,0.00
1765627986.784021,1,561,360,1765627986783,1765627986784,1,4.25,0.0000,0.0,0.00
1765627986.805056,1,562,361,1765627986805,1765627986805,0,4.25,0.0000,0.0,0.00
1765627986.827970,1,563,362,1765627986827,1765627986827,0,4.24,0.0000,0.0,0.00
1765627986.838620,1,564,363,1765627986838,1765627986838,0,4.41,0.0000,0.0,0.00
1765627986.861586,1,565,364,1765627986860,1765627986861,1,4.42,0.0000,0.0,0.00
1765627986.881521,1,566,365,1765627986881,1765627986881,0,4.28,0.0000,0.0,0.00
1765627986.902966,1,567,366,1765627986902,1765627986902,0,4.14,0.0000,0.0,0.00
1765627986.928245,1,568,367,1765627986924,1765627986927,3,4.20,0.0000,0.0,0.00
1765627986.936308,1,569,368,1765627986935,1765627986936,1,4.39,0.0000,0.0,0.00
1765627986.946477,1,570,369,1765627986946,1765627986946,0,4.42,0.0000,0.0,0.00
1765627986.968030,1,571,370,1765627986968,1765627986968,0,4.29,0.0000,0.0,0.00
1765627986.978884,1,572,371,1765627986978,1765627986978,0,4.47,0.0000,0.0,0.00
1765627986.999875,1,573,372,1765627986999,1765627986999,0,4.47,0.0000,0.0,0.00
1765627987.021596,1,574,373,1765627987021,1765627987021,0,4.48,0.0000,0.0,0.00
1765627987.044278,1,575,374,1765627987042,1765627987044,2,4.49,0.0000,0.0,0.00
1765627987.063511,1,576,375,1765627987063,1765627987063,0,4.46,0.0000,0.0,0.00
1765627987.084640,1,577,376,1765627987084,1765627987084,0,4.47,0.0000,0.0,0.00
1765627987.105974,1,578,377,1765627987105,1765627987105,0,4.43,0.0000,0.0,0.00
1765627987.127328,1,579,378,1765627987127,1765627987127,0,4.44,0.0000,0.0,0.00
1765627987.148474,1,580,379,1765627987148,1765627987148,0,4.44,0.0000,0.0,0.00
1765627987.159833,1,581,380,1765627987159,1765627987159,0,4.59,0.0000,0.0,0.00
1765627987.180956,1,582,381,1765627987180,1765627987180,0,4.58,0.0000,0.0,0.00
1765627987.202154,1,583,382,1765627987202,1765627987202,0,4.59,0.0000,0.0,0.00
1765627987.223479,1,584,383,1765627987223,1765627987223,0,4.58,0.0000,0.0,0.00
1765627987.245147,1,585,384,1765627987245,1765627987245,0,4.56,0.0000,0.0,0.00
1765627987.259554,1,586,385,1765627987256,1765627987259,3,4.66,0.0000,0.0,0.00
1765627987.267490,1,587,386,1765627987267,1765627987267,0,4.86,0.0000,0.0,0.00
1765627987.292453,1,588,387,1765627987289,1765627987292,3,4.86,0.0000,0.0,0.00
1765627987.310571,1,589,388,1765627987310,1765627987310,0,4.86,0.0000,0.0,0.00
1765627987.334150,1,590,389,1765627987333,1765627987333,0,4.88,0.0000,0.0,0.00
1765627987.345262,1,591,390,1765627987344,1765627987345,1,4.93,0.0000,0.0,0.00
1765627987.365507,1,592,391,1765627987365,1765627987365,0,4.95,0.0000,0.0,0.00
1765627987.386959,1,593,392,1765627987386,1765627987386,0,4.89,0.0000,0.0,0.00
1765627987.408724,1,594,393,1765627987408,1765627987408,0,4.69,0.0000,0.0,0.00
1765627987.430536,1,595,394,1765627987430,1765627987430,0,4.55,0.0000,0.0,0.00
1765627987.451983,1,596,395,1765627987451,1765627987451,0,4.54,0.0000,0.0,0.00
1765627987.475856,1,597,396,1765627987472,1765627987474,2,4.55,0.0000,0.0,0.00
1765627987.493672,1,598,397,1765627987493,1765627987493,0,4.37,0.0000,0.0,0.00
1765627987.514861,1,599,398,1765627987514,1765627987514,0,4.37,0.0000,0.0,0.00
1765627987.527300,1,600,399,1765627987526,1765627987527,1,4.48,0.0000,0.0,0.00
1765627987.549077,1,601,400,1765627987547,1765627987547,0,4.47,0.0000,0.0,0.00
1765627987.562809,1,602,401,1765627987559,1765627987562,3,4.53,0.0000,0.0,0.00
1765627987.581646,1,603,402,1765627987581,1765627987581,0,4.46,0.0000,0.0,0.00
1765627987.602369,1,604,403,1765627987602,1765627987602,0,4.24,0.0000,0.0,0.00
1765627987.625462,1,605,404,1765627987623,1765627987625,2,4.27,0.0000,0.0,0.00
1765627987.645110,1,606,405,1765627987645,1765627987645,0,4.25,0.0000,0.0,0.00
1765627987.666740,1,607,406,1765627987666,1765627987666,0,4.25,0.0000,0.0,0.00
1765627987.692447,1,608,407,1765627987688,1765627987691,3,4.29,0.0000,0.0,0.00
1765627987.699005,1,609,408,1765627987699,1765627987699,0,4.46,0.0000,0.0,0.00
1765627987.724076,1,610,409,1765627987720,1765627987722,2,4.26,0.0000,0.0,0.00
1765627987.743935,1,611,411,1765627987742,1765627987742,0,4.11,0.0000,0.0,0.00
1765627987.759829,1,612,412,1765627987754,1765627987759,5,4.07,0.0000,0.0,0.00
1765627987.766934,1,613,413,1765627987766,1765627987766,0,4.07,0.0000,0.0,0.00
1765627987.791325,1,614,414,1765627987787,1765627987791,4,4.09,0.0000,0.0,0.00
1765627987.809932,1,615,415,1765627987809,1765627987809,0,3.90,0.0000,0.0,0.00
1765627987.831404,1,616,416,1765627987830,1765627987830,0,3.87,0.0000,0.0,0.00
1765627987.852014,1,617,417,1765627987852,1765627987852,0,3.88,0.0000,0.0,0.00
1765627987.876177,1,618,418,1765627987873,1765627987876,3,3.91,0.0000,0.0,0.00
1765627987.894882,1,619,419,1765627987894,1765627987894,0,3.90,0.0000,0.0,0.00
1765627987.916228,1,620,420,1765627987916,1765627987916,0,3.87,0.0000,0.0,0.00
1765627987.938101,1,621,421,1765627987937,1765627987938,1,3.65,0.0000,0.0,0.00
1765627987.962538,1,622,422,1765627987958,1765627987962,4,3.68,0.0000,0.0,0.00
1765627987.981599,1,623,423,1765627987981,1765627987981,0,3.66,0.0000,0.0,0.00
1765627988.001878,1,624,424,1765627988001,1765627988001,0,3.48,0.0000,0.0,0.00
1765627988.024996,1,625,425,1765627988022,1765627988024,2,3.48,0.0000,0.0,0.00
1765627988.044167,1,626,426,1765627988044,1765627988044,0,3.48,0.0000,0.0,0.00
1765627988.065682,1,627,427,1765627988065,1765627988065,0,3.48,0.0000,0.0,0.00
1765627988.086927,1,628,428,1765627988086,1765627988086,0,3.43,0.0000,0.0,0.00
1765627988.108612,1,629,429,1765627988108,1765627988108,0,3.22,0.0000,0.0,0.00
1765627988.129850,1,630,430,1765627988129,1765627988129,0,3.01,0.0000,0.0,0.00
1765627988.151623,1,631,431,1765627988151,1765627988151,0,3.01,0.0000,0.0,0.00
1765627988.175984,1,632,432,1765627988172,1765627988175,3,2.81,0.0000,0.0,0.00
1765627988.194026,1,633,433,1765627988194,1765627988194,0,2.82,0.0000,0.0,0.00
1765627988.215434,1,634,435,1765627988215,1765627988215,0,2.81,0.0000,0.0,0.00
1765627988.227137,1,635,436,1765627988227,1765627988227,0,2.96,0.0000,0.0,0.00
1765627988.248626,1,636,437,1765627988248,1765627988248,0,2.96,0.0000,0.0,0.00
1765627988.269652,1,637,438,1765627988269,1765627988269,0,2.96,0.0000,0.0,0.00
1765627988.291574,1,638,439,1765627988291,1765627988291,0,2.97,0.0000,0.0,0.00
1765627988.312096,1,639,440,1765627988312,1765627988312,0,2.96,0.0000,0.0,0.00
1765627988.334249,1,640,441,1765627988334,1765627988334,0,2.97,0.0000,0.0,0.00
1765627988.355012,1,641,442,1765627988355,1765627988355,0,2.76,0.0000,0.0,0.00
1765627988.376853,1,642,443,1765627988375,1765627988376,1,2.76,0.0000,0.0,0.00
1765627988.396932,1,643,444,1765627988396,1765627988396,0,2.75,0.0000,0.0,0.00
1765627988.418100,1,644,445,1765627988418,1765627988418,0,2.76,0.0000,0.0,0.00
1765627988.429294,1,645,446,1765627988429,1765627988429,0,2.95,0.0000,0.0,0.00
1765627988.442669,1,646,447,1765627988441,1765627988442,1,2.97,0.0000,0.0,0.00
1765627988.461989,1,647,448,1765627988461,1765627988461,0,2.71,0.0000,0.0,0.00
1765627988.483232,1,648,449,1765627988483,1765627988483,0,2.68,0.0000,0.0,0.00
1765627988.504590,1,649,450,1765627988504,1765627988504,0,2.65,0.0000,0.0,0.00
1765627988.528198,1,650,452,1765627988526,1765627988528,2,2.66,0.0000,0.0,0.00
1765627988.537799,1,651,453,1765627988537,1765627988537,0,2.73,0.0000,0.0,0.00
1765627988.550029,1,652,454,1765627988549,1765627988550,1,2.89,0.0000,0.0,0.00
1765627988.571254,1,653,455,1765627988570,1765627988570,0,2.88,0.0000,0.0,0.00
1765627988.593361,1,654,456,1765627988591,1765627988592,1,2.88,0.0000,0.0,0.00
1765627988.612975,1,655,457,1765627988612,1765627988612,0,2.86,0.0000,0.0,0.00
1765627988.634864,1,656,458,1765627988634,1765627988634,0,2.87,0.0000,0.0,0.00
1765627988.656308,1,657,459,1765627988655,1765627988656,1,2.86,0.0000,0.0,0.00
1765627988.676363,1,658,460,1765627988676,1765627988676,0,2.85,0.0000,0.0,0.00
1765627988.698237,1,659,461,1765627988698,1765627988698,0,2.86,0.0000,0.0,0.00
1765627988.709928,1,660,462,1765627988709,1765627988709,0,2.91,0.0000,0.0,0.00
1765627988.727515,1,661,463,1765627988721,1765627988726,5,2.97,0.0000,0.0,0.00
1765627988.732352,1,662,464,1765627988732,1765627988732,0,3.18,0.0000,0.0,0.00
1765627988.743524,1,663,465,1765627988743,1765627988743,0,3.37,0.0000,0.0,0.00
1765627988.756194,1,664,466,1765627988754,1765627988756,2,3.51,0.0000,0.0,0.00
1765627988.775953,1,665,467,1765627988775,1765627988775,0,3.47,0.0000,0.0,0.00
1765627988.797212,1,666,468,1765627988797,1765627988797,0,3.49,0.0000,0.0,0.00
1765627988.818496,1,667,469,1765627988818,1765627988818,0,3.49,0.0000,0.0,0.00
1765627988.839943,1,668,470,1765627988839,1765627988839,0,3.45,0.0000,0.0,0.00
1765627988.861152,1,669,471,1765627988861,1765627988861,0,3.22,0.0000,0.0,0.00
1765627988.882437,1,670,472,1765627988882,1765627988882,0,3.20,0.0000,0.0,0.00
1765627988.909813,1,671,473,1765627988904,1765627988909,5,3.27,0.0000,0.0,0.00
1765627988.915773,1,672,474,1765627988914,1765627988914,0,3.55,0.0000,0.0,0.00
1765627988.941395,1,673,475,1765627988936,1765627988939,3,3.31,0.0000,0.0,0.00
1765627988.957646,1,674,476,1765627988957,1765627988957,0,3.29,0.0000,0.0,0.00
1765627988.978987,1,675,477,1765627988978,1765627988978,0,3.27,0.0000,0.0,0.00
1765627989.000472,1,676,478,1765627989000,1765627989000,0,3.28,0.0000,0.0,0.00
1765627989.025295,1,677,479,1765627989022,1765627989025,3,3.31,0.0000,0.0,0.00
1765627989.043104,1,678,480,1765627989043,1765627989043,0,3.30,0.0000,0.0,0.00
1765627989.064527,1,679,481,1765627989064,1765627989064,0,3.28,0.0000,0.0,0.00
1765627989.086792,1,680,482,1765627989086,1765627989086,0,3.28,0.0000,0.0,0.00
1765627989.108407,1,681,483,1765627989107,1765627989108,1,3.28,0.0000,0.0,0.00
1765627989.128528,1,682,484,1765627989128,1765627989128,0,3.25,0.0000,0.0,0.00
1765627989.149533,1,683,485,1765627989149,1765627989149,0,3.25,0.0000,0.0,0.00
1765627989.173685,1,684,486,1765627989171,1765627989173,2,3.28,0.0000,0.0,0.00
1765627989.192465,1,685,487,1765627989192,1765627989192,0,3.26,0.0000,0.0,0.00
1765627989.213973,1,686,488,1765627989213,1765627989213,0,3.27,0.0000,0.0,0.00
1765627989.235574,1,687,489,1765627989235,1765627989235,0,3.28,0.0000,0.0,0.00
1765627989.257097,1,688,490,1765627989257,1765627989257,0,3.29,0.0000,0.0,0.00
1765627989.278334,1,689,491,1765627989278,1765627989278,0,3.28,0.0000,0.0,0.00
1765627989.299426,1,690,492,1765627989299,1765627989299,0,3.28,0.0000,0.0,0.00
1765627989.324414,1,691,493,1765627989321,1765627989324,3,3.31,0.0000,0.0,0.00
1765627989.342292,1,692,495,1765627989342,1765627989342,0,3.30,0.0000,0.0,0.00
1765627989.363841,1,693,496,1765627989363,1765627989363,0,3.31,0.0000,0.0,0.00
1765627989.384099,1,694,497,1765627989384,1765627989384,0,3.31,0.0000,0.0,0.00
1765627989.405628,1,695,498,1765627989405,1765627989405,0,3.14,0.0000,0.0,0.00
1765627989.426917,1,696,499,1765627989426,1765627989426,0,3.14,0.0000,0.0,0.00
1765627989.438179,1,697,500,1765627989438,1765627989438,0,3.31,0.0000,0.0,0.00
1765627989.460205,1,698,501,1765627989460,1765627989460,0,3.31,0.0000,0.0,0.00
1765627989.471241,1,699,502,1765627989471,1765627989471,0,3.49,0.0000,0.0,0.00
1765627989.492267,1,700,503,1765627989492,1765627989492,0,3.48,0.0000,0.0,0.00
1765627989.503417,1,701,504,1765627989503,1765627989503,0,3.65,0.0000,0.0,0.00
1765627989.525348,1,702,505,1765627989525,1765627989525,0,3.66,0.0000,0.0,0.00
1765627989.537071,1,703,506,1765627989537,1765627989537,0,3.81,0.0000,0.0,0.00
1765627989.554360,1,704,507,1765627989547,1765627989554,7,3.83,0.0000,0.0,0.00
1765627989.569186,1,705,508,1765627989569,1765627989569,0,3.73,0.0000,0.0,0.00
1765627989.591212,1,706,509,1765627989590,1765627989590,0,3.62,0.0000,0.0,0.00
1765627989.612056,1,707,510,1765627989612,1765627989612,0,3.65,0.0000,0.0,0.00
1765627989.633256,1,708,511,1765627989633,1765627989633,0,3.64,0.0000,0.0,0.00
1765627989.654899,1,709,512,1765627989654,1765627989654,0,3.64,0.0000,0.0,0.00
1765627989.675944,1,710,513,1765627989675,1765627989675,0,3.61,0.0000,0.0,0.00
1765627989.687173,1,711,514,1765627989687,1765627989687,0,3.54,0.0000,0.0,0.00
1765627989.698299,1,712,515,1765627989698,1765627989698,0,3.58,0.0000,0.0,0.00
1765627989.719766,1,713,516,1765627989719,1765627989719,0,3.60,0.0000,0.0,0.00
1765627989.741313,1,714,517,1765627989740,1765627989741,1,3.60,0.0000,0.0,0.00
1765627989.763366,1,715,519,1765627989762,1765627989763,1,3.62,0.0000,0.0,0.00
1765627989.783992,1,716,520,1765627989783,1765627989783,0,3.60,0.0000,0.0,0.00
1765627989.804888,1,717,521,1765627989804,1765627989804,0,3.58,0.0000,0.0,0.00
1765627989.825950,1,718,522,1765627989825,1765627989825,0,3.60,0.0000,0.0,0.00
1765627989.847996,1,719,523,1765627989846,1765627989847,1,3.60,0.0000,0.0,0.00
1765627989.868638,1,720,524,1765627989868,1765627989868,0,3.42,0.0000,0.0,0.00
1765627989.882418,1,721,525,1765627989880,1765627989882,2,3.49,0.0000,0.0,0.00
1765627989.891685,1,722,526,1765627989891,1765627989891,0,3.42,0.0000,0.0,0.00
1765627989.912248,1,723,527,1765627989912,1765627989912,0,3.24,0.0000,0.0,0.00
1765627989.934699,1,724,528,1765627989933,1765627989933,0,3.10,0.0000,0.0,0.00
1765627989.954603,1,725,529,1765627989954,1765627989954,0,3.09,0.0000,0.0,0.00
1765627989.975983,1,726,530,1765627989975,1765627989975,0,3.08,0.0000,0.0,0.00
1765627989.988625,1,727,531,1765627989988,1765627989988,0,3.23,0.0000,0.0,0.00
1765627990.004464,1,728,532,1765627989998,1765627990003,5,3.33,0.0000,0.0,0.00
1765627990.010058,1,729,533,1765627990010,1765627990010,0,3.59,0.0000,0.0,0.00
1765627990.031596,1,730,534,1765627990031,1765627990031,0,3.59,0.0000,0.0,0.00
1765627990.052553,1,731,535,1765627990052,1765627990052,0,3.53,0.0000,0.0,0.00
1765627990.074866,1,732,536,1765627990074,1765627990074,0,3.22,0.0000,0.0,0.00
1765627990.095769,1,733,537,1765627990095,1765627990095,0,3.18,0.0000,0.0,0.00
1765627990.118433,1,734,538,1765627990117,1765627990117,0,3.18,0.0000,0.0,0.00
1765627990.138427,1,735,539,1765627990138,1765627990138,0,3.18,0.0000,0.0,0.00
1765627990.159857,1,736,540,1765627990159,1765627990159,0,3.17,0.0000,0.0,0.00
1765627990.183834,1,737,541,1765627990181,1765627990183,2,3.16,0.0000,0.0,0.00
1765627990.193707,1,738,542,1765627990193,1765627990193,0,3.36,0.0000,0.0,0.00
1765627990.215426,1,739,543,1765627990214,1765627990215,1,3.36,0.0000,0.0,0.00
1765627990.226072,1,740,544,1765627990225,1765627990225,0,3.56,0.0000,0.0,0.00
1765627990.249102,1,741,545,1765627990247,1765627990249,2,3.58,0.0000,0.0,0.00
1765627990.268538,1,742,546,1765627990268,1765627990268,0,3.57,0.0000,0.0,0.00
1765627990.332566,1,743,547,1765627990290,1765627990332,42,4.00,0.0000,0.0,0.00
1765627990.342911,1,744,548,1765627990335,1765627990342,7,4.17,0.0000,0.0,0.00
1765627990.350939,1,745,549,1765627990349,1765627990349,0,4.45,0.0000,0.0,0.00
1765627990.361246,1,746,550,1765627990361,1765627990361,0,4.59,0.0000,0.0,0.00
1765627990.383335,1,747,551,1765627990383,1765627990383,0,4.59,0.0000,0.0,0.00
1765627990.394640,1,748,552,1765627990394,1765627990394,0,4.73,0.0000,0.0,0.00
1765627990.418842,1,749,553,1765627990416,1765627990418,2,4.77,0.0000,0.0,0.00
1765627990.438251,1,750,554,1765627990437,1765627990437,0,4.74,0.0000,0.0,0.00
1765627990.459291,1,751,555,1765627990458,1765627990459,1,4.71,0.0000,0.0,0.00
1765627990.480310,1,752,556,1765627990479,1765627990480,1,4.71,0.0000,0.0,0.00
1765627990.503617,1,753,557,1765627990501,1765627990503,2,4.73,0.0000,0.0,0.00
1765627990.522927,1,754,559,1765627990522,1765627990522,0,4.71,0.0000,0.0,0.00
1765627990.544574,1,755,560,1765627990544,1765627990544,0,4.72,0.0000,0.0,0.00
1765627990.566581,1,756,561,1765627990566,1765627990566,0,4.73,0.0000,0.0,0.00
1765627990.589695,1,757,562,1765627990588,1765627990589,1,4.63,0.0000,0.0,0.00
1765627990.610770,1,758,563,1765627990610,1765627990610,0,4.62,0.0000,0.0,0.00
1765627990.621897,1,759,564,1765627990621,1765627990621,0,4.62,0.0000,0.0,0.00
1765627990.642978,1,760,565,1765627990642,1765627990642,0,4.62,0.0000,0.0,0.00
1765627990.665007,1,761,566,1765627990665,1765627990665,0,4.48,0.0000,0.0,0.00
1765627990.687951,1,762,567,1765627990685,1765627990687,2,4.48,0.0000,0.0,0.00
1765627990.707315,1,763,568,1765627990707,1765627990707,0,4.32,0.0000,0.0,0.00
1765627990.728858,1,764,569,1765627990728,1765627990728,0,4.27,0.0000,0.0,0.00
1765627990.753737,1,765,571,1765627990751,1765627990753,2,4.22,0.0000,0.0,0.00
1765627990.762758,1,766,572,1765627990762,1765627990762,0,4.45,0.0000,0.0,0.00
1765627990.773989,1,767,573,1765627990773,1765627990773,0,4.62,0.0000,0.0,0.00
1765627990.786595,1,768,574,1765627990784,1765627990786,2,4.74,0.0000,0.0,0.00
1765627990.806147,1,769,575,1765627990806,1765627990806,0,4.73,0.0000,0.0,0.00
1765627990.828324,1,770,576,1765627990828,1765627990828,0,4.74,0.0000,0.0,0.00
1765627990.839866,1,771,577,1765627990839,1765627990839,0,4.77,0.0000,0.0,0.00
1765627990.861938,1,772,578,1765627990861,1765627990861,0,4.61,0.0000,0.0,0.00
1765627990.886503,1,773,579,1765627990882,1765627990886,4,4.65,0.0000,0.0,0.00
1765627990.904548,1,774,580,1765627990904,1765627990904,0,4.66,0.0000,0.0,0.00
1765627990.926685,1,775,581,1765627990926,1765627990926,0,4.66,0.0000,0.0,0.00
1765627990.947773,1,776,582,1765627990947,1765627990947,0,4.67,0.0000,0.0,0.00
1765627990.968342,1,777,583,1765627990968,1765627990968,0,4.67,0.0000,0.0,0.00
1765627990.989758,1,778,584,1765627990989,1765627990989,0,4.67,0.0000,0.0,0.00
1765627991.011200,1,779,585,1765627991011,1765627991011,0,4.67,0.0000,0.0,0.00
1765627991.035699,1,780,586,1765627991032,1765627991035,3,4.70,0.0000,0.0,0.00
1765627991.044956,1,781,587,1765627991043,1765627991044,1,4.81,0.0000,0.0,0.00
1765627991.055223,1,782,588,1765627991055,1765627991055,0,4.77,0.0000,0.0,0.00
1765627991.076674,1,783,589,1765627991076,1765627991076,0,4.77,0.0000,0.0,0.00
1765627991.101364,1,784,590,1765627991098,1765627991101,3,4.81,0.0000,0.0,0.00
1765627991.109668,1,785,591,1765627991109,1765627991109,0,5.04,0.0000,0.0,0.00
1765627991.130670,1,786,592,1765627991130,1765627991130,0,5.04,0.0000,0.0,0.00
1765627991.152083,1,787,593,1765627991152,1765627991152,0,4.93,0.0000,0.0,0.00
1765627991.173680,1,788,594,1765627991173,1765627991173,0,4.85,0.0000,0.0,0.00
1765627991.194819,1,789,595,1765627991194,1765627991194,0,4.57,0.0000,0.0,0.00
1765627991.218657,1,790,596,1765627991216,1765627991218,2,4.60,0.0000,0.0,0.00
1765627991.237837,1,791,597,1765627991237,1765627991237,0,4.61,0.0000,0.0,0.00
1765627991.259173,1,792,598,1765627991259,1765627991259,0,4.61,0.0000,0.0,0.00
1765627991.272337,1,793,599,1765627991270,1765627991271,1,4.77,0.0000,0.0,0.00
1765627991.281565,1,794,600,1765627991281,1765627991281,0,4.95,0.0000,0.0,0.00
1765627991.293123,1,795,601,1765627991293,1765627991293,0,5.08,0.0000,0.0,0.00
1765627991.314621,1,796,602,1765627991314,1765627991314,0,5.08,0.0000,0.0,0.00
1765627991.335836,1,797,603,1765627991335,1765627991335,0,5.05,0.0000,0.0,0.00
1765627991.357557,1,798,604,1765627991357,1765627991357,0,4.88,0.0000,0.0,0.00
1765627991.378515,1,799,605,1765627991378,1765627991378,0,4.87,0.0000,0.0,0.00
1765627991.399600,1,800,606,1765627991399,1765627991399,0,4.68,0.0000,0.0,0.00
1765627991.421590,1,801,607,1765627991421,1765627991421,0,4.66,0.0000,0.0,0.00
1765627991.442610,1,802,608,1765627991442,1765627991442,0,4.66,0.0000,0.0,0.00
1765627991.463699,1,803,609,1765627991463,1765627991463,0,4.22,0.0000,0.0,0.00
1765627991.476197,1,804,610,1765627991475,1765627991475,0,4.17,0.0000,0.0,0.00
1765627991.487784,1,805,611,1765627991486,1765627991486,0,4.07,0.0000,0.0,0.00
1765627991.508609,1,806,612,1765627991508,1765627991508,0,3.94,0.0000,0.0,0.00
1765627991.519904,1,807,613,1765627991519,1765627991519,0,4.10,0.0000,0.0,0.00
1765627991.536949,1,808,614,1765627991531,1765627991536,5,3.95,0.0000,0.0,0.00
1765627991.542873,1,809,615,1765627991542,1765627991542,0,4.22,0.0000,0.0,0.00
1765627991.567892,1,810,616,1765627991564,1765627991567,3,4.27,0.0000,0.0,0.00
1765627991.585899,1,811,617,1765627991585,1765627991585,0,4.26,0.0000,0.0,0.00
1765627991.607164,1,812,618,1765627991607,1765627991607,0,4.27,0.0000,0.0,0.00
1765627991.628462,1,813,619,1765627991628,1765627991628,0,4.25,0.0000,0.0,0.00
1765627991.653333,1,814,620,1765627991649,1765627991652,3,4.30,0.0000,0.0,0.00
1765627991.671899,1,815,621,1765627991671,1765627991671,0,4.27,0.0000,0.0,0.00
1765627991.693616,1,816,623,1765627991692,1765627991692,0,4.26,0.0000,0.0,0.00
1765627991.714123,1,817,624,1765627991714,1765627991714,0,4.25,0.0000,0.0,0.00
1765627991.739891,1,818,625,1765627991735,1765627991739,4,4.29,0.0000,0.0,0.00
1765627991.746706,1,819,626,1765627991746,1765627991746,0,4.38,0.0000,0.0,0.00
1765627991.757886,1,820,627,1765627991757,1765627991757,0,4.54,0.0000,0.0,0.00
1765627991.779930,1,821,628,1765627991779,1765627991779,0,4.53,0.0000,0.0,0.00
1765627991.803118,1,822,629,1765627991800,1765627991803,3,4.55,0.0000,0.0,0.00
1765627991.821827,1,823,630,1765627991821,1765627991821,0,4.54,0.0000,0.0,0.00
1765627991.843167,1,824,631,1765627991843,1765627991843,0,4.56,0.0000,0.0,0.00
1765627991.864179,1,825,632,1765627991864,1765627991864,0,4.51,0.0000,0.0,0.00
1765627991.885934,1,826,633,1765627991885,1765627991885,0,4.32,0.0000,0.0,0.00
1765627991.907294,1,827,634,1765627991907,1765627991907,0,4.17,0.0000,0.0,0.00
1765627991.918608,1,828,635,1765627991918,1765627991918,0,4.22,0.0000,0.0,0.00
1765627991.939290,1,829,636,1765627991939,1765627991939,0,4.23,0.0000,0.0,0.00
1765627991.950957,1,830,637,1765627991950,1765627991950,0,4.38,0.0000,0.0,0.00
1765627991.961816,1,831,638,1765627991961,1765627991961,0,4.38,0.0000,0.0,0.00
1765627991.973213,1,832,639,1765627991973,1765627991973,0,4.49,0.0000,0.0,0.00
1765627991.994168,1,833,640,1765627991994,1765627991994,0,4.44,0.0000,0.0,0.00
1765627992.016424,1,834,641,1765627992015,1765627992016,1,4.47,0.0000,0.0,0.00
1765627992.036387,1,835,642,1765627992036,1765627992036,0,4.45,0.0000,0.0,0.00
1765627992.057728,1,836,643,1765627992057,1765627992057,0,4.45,0.0000,0.0,0.00
1765627992.081897,1,837,644,1765627992078,1765627992078,0,4.45,0.0000,0.0,0.00
1765627992.099306,1,838,645,1765627992099,1765627992099,0,4.45,0.0000,0.0,0.00
1765627992.120925,1,839,646,1765627992120,1765627992120,0,4.44,0.0000,0.0,0.00
1765627992.142462,1,840,647,1765627992142,1765627992142,0,4.42,0.0000,0.0,0.00
1765627992.164049,1,841,648,1765627992164,1765627992164,0,4.23,0.0000,0.0,0.00
1765627992.186060,1,842,649,1765627992185,1765627992186,1,4.08,0.0000,0.0,0.00
1765627992.207244,1,843,650,1765627992206,1765627992206,0,4.07,0.0000,0.0,0.00
1765627992.229063,1,844,651,1765627992228,1765627992229,1,4.05,0.0000,0.0,0.00
1765627992.249985,1,845,652,1765627992249,1765627992249,0,3.80,0.0000,0.0,0.00
1765627992.271157,1,846,653,1765627992270,1765627992271,1,3.81,0.0000,0.0,0.00
1765627992.294011,1,847,654,1765627992291,1765627992294,3,3.82,0.0000,0.0,0.00
1765627992.313281,1,848,655,1765627992313,1765627992313,0,3.80,0.0000,0.0,0.00
1765627992.335200,1,849,656,1765627992334,1765627992334,0,3.80,0.0000,0.0,0.00
1765627992.355679,1,850,657,1765627992355,1765627992355,0,3.77,0.0000,0.0,0.00
1765627992.367892,1,851,658,1765627992366,1765627992367,1,3.94,0.0000,0.0,0.00
1765627992.378063,1,852,659,1765627992378,1765627992378,0,4.09,0.0000,0.0,0.00
1765627992.399191,1,853,660,1765627992399,1765627992399,0,3.95,0.0000,0.0,0.00
1765627992.420737,1,854,661,1765627992420,1765627992420,0,3.76,0.0000,0.0,0.00
1765627992.443050,1,855,662,1765627992441,1765627992443,2,3.63,0.0000,0.0,0.00
1765627992.463031,1,856,663,1765627992463,1765627992463,0,3.62,0.0000,0.0,0.00
1765627992.484793,1,857,664,1765627992484,1765627992484,0,3.62,0.0000,0.0,0.00
1765627992.513640,1,858,665,1765627992509,1765627992513,4,3.68,0.0000,0.0,0.00
1765627992.520268,1,859,666,1765627992520,1765627992520,0,3.95,0.0000,0.0,0.00
1765627992.542797,1,860,668,1765627992541,1765627992542,1,3.96,0.0000,0.0,0.00
1765627992.563138,1,861,669,1765627992563,1765627992563,0,3.95,0.0000,0.0,0.00
1765627992.584805,1,862,670,1765627992584,1765627992584,0,3.95,0.0000,0.0,0.00
1765627992.609237,1,863,671,1765627992606,1765627992609,3,3.99,0.0000,0.0,0.00
1765627992.627706,1,864,672,1765627992627,1765627992627,0,3.85,0.0000,0.0,0.00
1765627992.649428,1,865,673,1765627992648,1765627992648,0,3.67,0.0000,0.0,0.00
1765627992.669942,1,866,674,1765627992669,1765627992669,0,3.66,0.0000,0.0,0.00
1765627992.691488,1,867,675,1765627992691,1765627992691,0,3.48,0.0000,0.0,0.00
1765627992.702677,1,868,676,1765627992702,1765627992702,0,3.63,0.0000,0.0,0.00
1765627992.728531,1,869,677,1765627992725,1765627992728,3,3.35,0.0000,0.0,0.00
1765627992.736613,1,870,678,1765627992736,1765627992736,0,3.59,0.0000,0.0,0.00
1765627992.748677,1,871,679,1765627992748,1765627992748,0,3.74,0.0000,0.0,0.00
1765627992.774013,1,872,680,1765627992770,1765627992774,4,3.77,0.0000,0.0,0.00
1765627992.781252,1,873,681,1765627992781,1765627992781,0,4.06,0.0000,0.0,0.00
1765627992.806685,1,874,683,1765627992803,1765627992806,3,4.07,0.0000,0.0,0.00
1765627992.824562,1,875,684,1765627992824,1765627992824,0,4.09,0.0000,0.0,0.00
1765627992.845583,1,876,685,1765627992845,1765627992845,0,4.09,0.0000,0.0,0.00
1765627992.871292,1,877,686,1765627992867,1765627992867,0,4.09,0.0000,0.0,0.00
1765627992.888826,1,878,687,1765627992888,1765627992888,0,4.05,0.0000,0.0,0.00
1765627992.910145,1,879,688,1765627992910,1765627992910,0,3.78,0.0000,0.0,0.00
1765627992.931760,1,880,689,1765627992931,1765627992931,0,3.58,0.0000,0.0,0.00
1765627992.957678,1,881,690,1765627992953,1765627992957,4,3.62,0.0000,0.0,0.00
1765627992.975389,1,882,691,1765627992975,1765627992975,0,3.62,0.0000,0.0,0.00
1765627992.996543,1,883,692,1765627992996,1765627992996,0,3.59,0.0000,0.0,0.00
1765627993.021013,1,884,693,1765627993018,1765627993021,3,3.62,0.0000,0.0,0.00
1765627993.039101,1,885,694,1765627993039,1765627993039,0,3.64,0.0000,0.0,0.00
1765627993.051510,1,886,695,1765627993050,1765627993050,0,3.84,0.0000,0.0,0.00
1765627993.071486,1,887,696,1765627993071,1765627993071,0,3.83,0.0000,0.0,0.00
1765627993.092501,1,888,697,1765627993092,1765627993092,0,3.64,0.0000,0.0,0.00
1765627993.212232,1,889,698,1765627993210,1765627993212,2,4.82,0.0000,0.0,0.00
1765627993.226817,1,890,699,1765627993226,1765627993226,0,4.79,0.0000,0.0,0.00
1765627993.255474,1,891,700,1765627993245,1765627993255,10,4.84,0.0000,0.0,0.00
1765627993.271946,1,892,701,1765627993262,1765627993268,6,4.83,0.0000,0.0,0.00
1765627993.273456,1,893,702,1765627993273,1765627993273,0,5.01,0.0000,0.0,0.00
1765627993.286190,1,894,703,1765627993285,1765627993286,1,5.09,0.0000,0.0,0.00
1765627993.300564,1,895,704,1765627993295,1765627993300,5,5.16,0.0000,0.0,0.00
1765627993.319373,1,896,705,1765627993317,1765627993319,2,5.18,0.0000,0.0,0.00
1765627993.339135,1,897,706,1765627993339,1765627993339,0,5.19,0.0000,0.0,0.00
1765627993.361230,1,898,707,1765627993360,1765627993361,1,5.21,0.0000,0.0,0.00
1765627993.388213,1,899,708,1765627993382,1765627993388,6,5.34,0.0000,0.0,0.00
1765627993.393809,1,900,709,1765627993393,1765627993393,0,5.58,0.0000,0.0,0.00
1765627993.419984,1,901,710,1765627993414,1765627993419,5,5.63,0.0000,0.0,0.00
1765627993.436314,1,902,711,1765627993436,1765627993436,0,5.69,0.0000,0.0,0.00
1765627993.458397,1,903,712,1765627993458,1765627993458,0,5.69,0.0000,0.0,0.00
1765627993.485576,1,904,713,1765627993479,1765627993485,6,5.75,0.0000,0.0,0.00
1765627993.491085,1,905,714,1765627993491,1765627993491,0,6.03,0.0000,0.0,0.00
1765627993.511938,1,906,715,1765627993511,1765627993511,0,6.02,0.0000,0.0,0.00
1765627993.534575,1,907,716,1765627993533,1765627993534,1,6.02,0.0000,0.0,0.00
1765627993.555945,1,908,717,1765627993555,1765627993555,0,5.99,0.0000,0.0,0.00
1765627993.577237,1,909,718,1765627993577,1765627993577,0,6.01,0.0000,0.0,0.00
1765627993.601655,1,910,719,1765627993599,1765627993601,2,6.05,0.0000,0.0,0.00
1765627993.620069,1,911,720,1765627993620,1765627993620,0,5.91,0.0000,0.0,0.00
1765627993.641520,1,912,721,1765627993641,1765627993641,0,5.73,0.0000,0.0,0.00
1765627993.663264,1,913,722,1765627993662,1765627993662,0,5.73,0.0000,0.0,0.00
1765627993.688003,1,914,723,1765627993684,1765627993686,2,5.79,0.0000,0.0,0.00
1765627993.706697,1,915,724,1765627993705,1765627993706,1,5.76,0.0000,0.0,0.00
1765627993.720755,1,916,725,1765627993717,1765627993720,3,5.86,0.0000,0.0,0.00
1765627993.747158,1,917,726,1765627993729,1765627993729,0,6.09,0.0000,0.0,0.00
1765627993.753649,1,918,728,1765627993753,1765627993753,0,6.02,0.0000,0.0,0.00
1765627993.764391,1,919,729,1765627993764,1765627993764,0,5.94,0.0000,0.0,0.00
1765627993.785887,1,920,730,1765627993785,1765627993785,0,5.93,0.0000,0.0,0.00
1765627993.808119,1,921,731,1765627993807,1765627993807,0,5.94,0.0000,0.0,0.00
1765627993.829753,1,922,732,1765627993828,1765627993828,0,5.94,0.0000,0.0,0.00
1765627993.849941,1,923,733,1765627993849,1765627993849,0,5.89,0.0000,0.0,0.00
1765627993.872506,1,924,734,1765627993871,1765627993872,1,5.87,0.0000,0.0,0.00
1765627993.883593,1,925,735,1765627993883,1765627993883,0,6.05,0.0000,0.0,0.00
1765627993.898350,1,926,736,1765627993894,1765627993898,4,6.15,0.0000,0.0,0.00
1765627993.915950,1,927,737,1765627993915,1765627993915,0,6.19,0.0000,0.0,0.00
1765627993.937726,1,928,738,1765627993937,1765627993937,0,6.04,0.0000,0.0,0.00
1765627993.964477,1,929,739,1765627993958,1765627993963,5,6.04,0.0000,0.0,0.00
1765627993.979491,1,930,740,1765627993979,1765627993979,0,5.89,0.0000,0.0,0.00
1765627994.000569,1,931,741,1765627994000,1765627994000,0,5.72,0.0000,0.0,0.00
1765627994.021662,1,932,742,1765627994021,1765627994021,0,5.65,0.0000,0.0,0.00
1765627994.043625,1,933,743,1765627994043,1765627994043,0,5.41,0.0000,0.0,0.00
1765627994.064353,1,934,744,1765627994064,1765627994064,0,5.34,0.0000,0.0,0.00
1765627994.085637,1,935,745,1765627994085,1765627994085,0,5.29,0.0000,0.0,0.00
1765627994.110836,1,936,746,1765627994107,1765627994110,3,5.37,0.0000,0.0,0.00
1765627994.119077,1,937,747,1765627994119,1765627994119,0,5.56,0.0000,0.0,0.00
1765627994.129493,1,938,748,1765627994129,1765627994129,0,5.77,0.0000,0.0,0.00
1765627994.150917,1,939,749,1765627994150,1765627994150,0,5.76,0.0000,0.0,0.00
1765627994.172356,1,940,750,1765627994172,1765627994172,0,5.77,0.0000,0.0,0.00
1765627994.195160,1,941,751,1765627994193,1765627994195,2,5.73,0.0000,0.0,0.00
1765627994.214958,1,942,752,1765627994214,1765627994214,0,5.71,0.0000,0.0,0.00
1765627994.229821,1,943,753,1765627994226,1765627994229,3,5.81,0.0000,0.0,0.00
1765627994.248640,1,944,754,1765627994248,1765627994248,0,5.77,0.0000,0.0,0.00
1765627994.262017,1,945,755,1765627994260,1765627994260,0,5.88,0.0000,0.0,0.00
1765627994.271755,1,946,756,1765627994271,1765627994271,0,5.88,0.0000,0.0,0.00
1765627994.295016,1,947,757,1765627994292,1765627994295,3,5.93,0.0000,0.0,0.00
1765627994.314606,1,948,758,1765627994314,1765627994314,0,5.94,0.0000,0.0,0.00
1765627994.335963,1,949,759,1765627994335,1765627994335,0,4.58,0.0000,0.0,0.00
1765627994.347157,1,950,760,1765627994347,1765627994347,0,4.62,0.0000,0.0,0.00
1765627994.368459,1,951,761,1765627994368,1765627994368,0,4.53,0.0000,0.0,0.00
1765627994.393719,1,952,762,1765627994389,1765627994392,3,4.46,0.0000,0.0,0.00
1765627994.411502,1,953,763,1765627994411,1765627994411,0,4.15,0.0000,0.0,0.00
1765627994.433432,1,954,764,1765627994432,1765627994432,0,4.04,0.0000,0.0,0.00
1765627994.454572,1,955,765,1765627994454,1765627994454,0,3.97,0.0000,0.0,0.00
1765627994.477876,1,956,766,1765627994475,1765627994476,1,4.00,0.0000,0.0,0.00
1765627994.497772,1,957,767,1765627994496,1765627994496,0,4.00,0.0000,0.0,0.00
1765627994.512271,1,958,768,1765627994510,1765627994512,2,4.03,0.0000,0.0,0.00
1765627994.521218,1,959,769,1765627994521,1765627994521,0,4.16,0.0000,0.0,0.00
1765627994.543751,1,960,771,1765627994542,1765627994543,1,3.89,0.0000,0.0,0.00
1765627994.563881,1,961,772,1765627994563,1765627994563,0,3.82,0.0000,0.0,0.00
1765627994.585476,1,962,774,1765627994585,1765627994585,0,3.81,0.0000,0.0,0.00
1765627994.596596,1,963,775,1765627994596,1765627994596,0,3.95,0.0000,0.0,0.00
1765627994.618335,1,964,776,1765627994617,1765627994617,0,3.89,0.0000,0.0,0.00
1765627994.641434,1,965,777,1765627994639,1765627994641,2,3.65,0.0000,0.0,0.00
1765627994.660576,1,966,778,1765627994660,1765627994660,0,3.64,0.0000,0.0,0.00
1765627994.681841,1,967,779,1765627994681,1765627994681,0,3.62,0.0000,0.0,0.00
1765627994.703653,1,968,780,1765627994703,1765627994703,0,3.63,0.0000,0.0,0.00
1765627994.716019,1,969,781,1765627994715,1765627994715,0,3.75,0.0000,0.0,0.00
1765627994.728361,1,970,782,1765627994726,1765627994728,2,3.84,0.0000,0.0,0.00
1765627994.737998,1,971,783,1765627994737,1765627994737,0,4.06,0.0000,0.0,0.00
1765627994.759222,1,972,784,1765627994759,1765627994759,0,4.07,0.0000,0.0,0.00
1765627994.770336,1,973,785,1765627994770,1765627994770,0,4.21,0.0000,0.0,0.00
1765627994.792347,1,974,786,1765627994791,1765627994791,0,4.18,0.0000,0.0,0.00
1765627994.812529,1,975,787,1765627994812,1765627994812,0,4.19,0.0000,0.0,0.00
1765627994.834548,1,976,788,1765627994834,1765627994834,0,4.13,0.0000,0.0,0.00
1765627994.858102,1,977,789,1765627994855,1765627994858,3,3.96,0.0000,0.0,0.00
1765627994.877130,1,978,790,1765627994877,1765627994877,0,3.91,0.0000,0.0,0.00
1765627994.898341,1,979,791,1765627994898,1765627994898,0,3.74,0.0000,0.0,0.00
1765627994.919247,1,980,792,1765627994919,1765627994919,0,3.74,0.0000,0.0,0.00
1765627994.930554,1,981,793,1765627994930,1765627994930,0,3.90,0.0000,0.0,0.00
1765627994.942726,1,982,794,1765627994941,1765627994942,1,4.03,0.0000,0.0,0.00
1765627994.953218,1,983,795,1765627994953,1765627994953,0,4.17,0.0000,0.0,0.00
1765627994.964946,1,984,796,1765627994964,1765627994964,0,4.27,0.0000,0.0,0.00
1765627994.975759,1,985,797,1765627994975,1765627994975,0,4.27,0.0000,0.0,0.00
1765627994.997081,1,986,798,1765627994997,1765627994997,0,4.24,0.0000,0.0,0.00
1765627995.008260,1,987,799,1765627995008,1765627995008,0,4.38,0.0000,0.0,0.00
1765627995.029631,1,988,800,1765627995029,1765627995029,0,4.37,0.0000,0.0,0.00
1765627995.050448,1,989,801,1765627995050,1765627995050,0,4.31,0.0000,0.0,0.00
1765627995.073635,1,990,802,1765627995071,1765627995073,2,4.31,0.0000,0.0,0.00
1765627995.093407,1,991,803,1765627995092,1765627995092,0,4.29,0.0000,0.0,0.00
1765627995.114163,1,992,804,1765627995114,1765627995114,0,4.30,0.0000,0.0,0.00
1765627995.138954,1,993,805,1765627995135,1765627995138,3,4.33,0.0000,0.0,0.00
1765627995.157349,1,994,806,1765627995157,1765627995157,0,4.30,0.0000,0.0,0.00
1765627995.178646,1,995,807,1765627995178,1765627995178,0,4.30,0.0000,0.0,0.00
1765627995.191799,1,996,808,1765627995190,1765627995191,1,4.34,0.0000,0.0,0.00
1765627995.211795,1,997,809,1765627995211,1765627995211,0,4.16,0.0000,0.0,0.00
1765627995.233762,1,998,810,1765627995233,1765627995233,0,4.01,0.0000,0.0,0.00
1765627995.254698,1,999,811,1765627995254,1765627995254,0,4.01,0.0000,0.0,0.00
1765627995.275982,1,1000,812,1765627995275,1765627995275,0,4.00,0.0000,0.0,0.00
1765627995.288360,1,1001,813,1765627995287,1765627995288,1,4.07,0.0000,0.0,0.00
1765627995.298604,1,1002,814,1765627995298,1765627995298,0,4.24,0.0000,0.0,0.00
1765627995.321717,1,1003,815,1765627995319,1765627995321,2,4.23,0.0000,0.0,0.00
1765627995.341661,1,1004,816,1765627995341,1765627995341,0,4.24,0.0000,0.0,0.00
1765627995.362453,1,1005,817,1765627995362,1765627995362,0,4.12,0.0000,0.0,0.00
1765627995.385012,1,1006,818,1765627995384,1765627995384,0,3.98,0.0000,0.0,0.00
1765627995.408258,1,1007,819,1765627995405,1765627995408,3,3.98,0.0000,0.0,0.00
1765627995.426144,1,1008,820,1765627995426,1765627995426,0,3.99,0.0000,0.0,0.00
1765627995.447469,1,1009,821,1765627995447,1765627995447,0,3.99,0.0000,0.0,0.00
1765627995.460383,1,1010,822,1765627995458,1765627995460,2,3.96,0.0000,0.0,0.00
1765627995.479829,1,1011,823,1765627995479,1765627995479,0,3.94,0.0000,0.0,0.00
1765627995.501616,1,1012,824,1765627995501,1765627995501,0,3.92,0.0000,0.0,0.00
1765627995.526119,1,1013,825,1765627995523,1765627995525,2,3.97,0.0000,0.0,0.00
1765627995.544860,1,1014,826,1765627995544,1765627995544,0,3.95,0.0000,0.0,0.00
1765627995.565959,1,1015,827,1765627995565,1765627995565,0,3.94,0.0000,0.0,0.00
1765627995.587060,1,1016,828,1765627995587,1765627995587,0,3.94,0.0000,0.0,0.00
1765627995.610193,1,1017,829,1765627995609,1765627995610,1,3.97,0.0000,0.0,0.00
1765627995.620675,1,1018,830,1765627995620,1765627995620,0,4.11,0.0000,0.0,0.00
1765627995.641613,1,1019,831,1765627995641,1765627995641,0,3.91,0.0000,0.0,0.00
1765627995.663849,1,1020,832,1765627995663,1765627995663,0,3.91,0.0000,0.0,0.00
1765627995.676143,1,1021,833,1765627995674,1765627995676,2,4.03,0.0000,0.0,0.00
1765627995.695694,1,1022,834,1765627995695,1765627995695,0,4.00,0.0000,0.0,0.00
1765627995.716973,1,1023,835,1765627995716,1765627995716,0,3.84,0.0000,0.0,0.00
1765627995.741687,1,1024,836,1765627995738,1765627995741,3,3.88,0.0000,0.0,0.00
1765627995.759334,1,1025,837,1765627995759,1765627995759,0,3.85,0.0000,0.0,0.00
1765627995.780416,1,1026,838,1765627995780,1765627995780,0,3.87,0.0000,0.0,0.00
1765627995.801797,1,1027,839,1765627995801,1765627995801,0,3.87,0.0000,0.0,0.00
1765627995.824656,1,1028,840,1765627995823,1765627995824,1,3.88,0.0000,0.0,0.00
1765627995.844622,1,1029,842,1765627995844,1765627995844,0,3.73,0.0000,0.0,0.00
1765627995.866132,1,1030,843,1765627995865,1765627995865,0,3.61,0.0000,0.0,0.00
1765627995.886796,1,1031,844,1765627995886,1765627995886,0,3.41,0.0000,0.0,0.00
1765627995.908141,1,1032,845,1765627995908,1765627995908,0,3.41,0.0000,0.0,0.00
1765627995.929471,1,1033,846,1765627995929,1765627995929,0,3.24,0.0000,0.0,0.00
1765627995.950774,1,1034,847,1765627995950,1765627995950,0,3.24,0.0000,0.0,0.00
1765627995.974952,1,1035,849,1765627995973,1765627995974,1,3.28,0.0000,0.0,0.00
1765627995.985346,1,1036,850,1765627995985,1765627995985,0,3.43,0.0000,0.0,0.00
1765627996.008367,1,1037,851,1765627996007,1765627996008,1,3.42,0.0000,0.0,0.00
1765627996.028033,1,1038,852,1765627996028,1765627996028,0,3.42,0.0000,0.0,0.00
1765627996.049679,1,1039,853,1765627996049,1765627996049,0,3.42,0.0000,0.0,0.00
1765627996.073388,1,1040,854,1765627996070,1765627996071,1,3.43,0.0000,0.0,0.00
1765627996.092216,1,1041,855,1765627996092,1765627996092,0,3.27,0.0000,0.0,0.00
1765627996.103882,1,1042,856,1765627996103,1765627996103,0,3.29,0.0000,0.0,0.00
1765627996.124703,1,1043,858,1765627996124,1765627996124,0,3.11,0.0000,0.0,0.00
1765627996.137099,1,1044,859,1765627996135,1765627996135,0,3.11,0.0000,0.0,0.00
1765627996.157081,1,1045,860,1765627996157,1765627996157,0,2.93,0.0000,0.0,0.00
1765627996.178948,1,1046,861,1765627996178,1765627996178,0,2.92,0.0000,0.0,0.00
1765627996.191225,1,1047,862,1765627996190,1765627996190,0,2.90,0.0000,0.0,0.00
1765627996.205488,1,1048,863,1765627996201,1765627996205,4,2.99,0.0000,0.0,0.00
1765627996.223855,1,1049,864,1765627996223,1765627996223,0,3.01,0.0000,0.0,0.00
1765627996.238739,1,1050,865,1765627996233,1765627996237,4,3.10,0.0000,0.0,0.00
1765627996.245095,1,1051,866,1765627996245,1765627996245,0,3.34,0.0000,0.0,0.00
1765627996.269804,1,1052,867,1765627996266,1765627996269,3,3.37,0.0000,0.0,0.00
1765627996.288815,1,1053,868,1765627996287,1765627996287,0,3.34,0.0000,0.0,0.00
1765627996.309123,1,1054,869,1765627996309,1765627996309,0,3.37,0.0000,0.0,0.00
1765627996.330465,1,1055,870,1765627996329,1765627996330,1,3.37,0.0000,0.0,0.00
1765627996.341682,1,1056,871,1765627996341,1765627996341,0,3.41,0.0000,0.0,0.00
1765627996.362566,1,1057,872,1765627996362,1765627996362,0,3.42,0.0000,0.0,0.00
1765627996.373961,1,1058,873,1765627996373,1765627996373,0,3.57,0.0000,0.0,0.00
1765627996.395305,1,1059,874,1765627996395,1765627996395,0,3.58,0.0000,0.0,0.00
1765627996.418432,1,1060,875,1765627996416,1765627996418,2,3.60,0.0000,0.0,0.00
1765627996.437884,1,1061,876,1765627996437,1765627996437,0,3.47,0.0000,0.0,0.00
1765627996.459040,1,1062,877,1765627996459,1765627996459,0,3.30,0.0000,0.0,0.00
1765627996.485892,1,1063,878,1765627996480,1765627996485,5,3.33,0.0000,0.0,0.00
1765627996.502259,1,1064,879,1765627996502,1765627996502,0,3.38,0.0000,0.0,0.00
1765627996.524954,1,1065,880,1765627996524,1765627996524,0,3.39,0.0000,0.0,0.00
1765627996.545507,1,1066,881,1765627996545,1765627996545,0,3.38,0.0000,0.0,0.00
1765627996.568005,1,1067,883,1765627996566,1765627996566,0,3.34,0.0000,0.0,0.00
1765627996.588876,1,1068,884,1765627996588,1765627996588,0,3.34,0.0000,0.0,0.00
1765627996.609488,1,1069,885,1765627996609,1765627996609,0,3.34,0.0000,0.0,0.00
1765627996.630961,1,1070,886,1765627996630,1765627996630,0,3.22,0.0000,0.0,0.00
1765627996.653160,1,1071,887,1765627996651,1765627996653,2,3.24,0.0000,0.0,0.00
1765627996.673868,1,1072,888,1765627996673,1765627996673,0,3.22,0.0000,0.0,0.00
1765627996.694889,1,1073,889,1765627996694,1765627996694,0,3.19,0.0000,0.0,0.00
1765627996.706259,1,1074,890,1765627996706,1765627996706,0,3.35,0.0000,0.0,0.00
1765627996.727726,1,1075,891,1765627996727,1765627996727,0,3.35,0.0000,0.0,0.00
1765627996.751298,1,1076,892,1765627996749,1765627996751,2,3.37,0.0000,0.0,0.00
1765627996.771907,1,1077,894,1765627996771,1765627996771,0,3.34,0.0000,0.0,0.00
1765627996.784182,1,1078,895,1765627996782,1765627996784,2,3.27,0.0000,0.0,0.00
1765627996.804213,1,1079,896,1765627996804,1765627996804,0,3.26,0.0000,0.0,0.00
1765627996.825306,1,1080,897,1765627996825,1765627996825,0,3.25,0.0000,0.0,0.00
1765627996.836931,1,1081,898,1765627996836,1765627996836,0,3.30,0.0000,0.0,0.00
1765627996.857725,1,1082,899,1765627996857,1765627996857,0,3.31,0.0000,0.0,0.00
1765627996.882477,1,1083,900,1765627996878,1765627996881,3,3.34,0.0000,0.0,0.00
1765627996.900073,1,1084,901,1765627996900,1765627996900,0,3.29,0.0000,0.0,0.00
1765627996.922088,1,1085,902,1765627996922,1765627996922,0,3.28,0.0000,0.0,0.00
1765627996.932742,1,1086,903,1765627996932,1765627996932,0,3.49,0.0000,0.0,0.00
1765627996.948134,1,1087,904,1765627996944,1765627996948,4,3.54,0.0000,0.0,0.00
1765627996.955410,1,1088,905,1765627996955,1765627996955,0,3.78,0.0000,0.0,0.00
1765627996.976604,1,1089,906,1765627996976,1765627996976,0,3.79,0.0000,0.0,0.00
1765627996.998525,1,1090,907,1765627996997,1765627996997,0,3.79,0.0000,0.0,0.00
1765627997.019160,1,1091,908,1765627997019,1765627997019,0,3.80,0.0000,0.0,0.00
1765627997.040249,1,1092,909,1765627997040,1765627997040,0,3.79,0.0000,0.0,0.00
1765627997.063437,1,1093,910,1765627997061,1765627997063,2,3.81,0.0000,0.0,0.00
1765627997.083785,1,1094,911,1765627997083,1765627997083,0,3.80,0.0000,0.0,0.00
1765627997.105140,1,1095,912,1765627997105,1765627997105,0,3.78,0.0000,0.0,0.00
1765627997.128943,1,1096,913,1765627997126,1765627997128,2,3.63,0.0000,0.0,0.00
1765627997.147963,1,1097,914,1765627997147,1765627997147,0,3.59,0.0000,0.0,0.00
1765627997.168930,1,1098,915,1765627997168,1765627997168,0,3.60,0.0000,0.0,0.00
1765627997.189977,1,1099,916,1765627997189,1765627997189,0,3.60,0.0000,0.0,0.00
1765627997.211515,1,1100,917,1765627997211,1765627997211,0,3.60,0.0000,0.0,0.00
1765627997.232913,1,1101,918,1765627997232,1765627997232,0,3.60,0.0000,0.0,0.00
1765627997.244234,1,1102,919,1765627997244,1765627997244,0,3.58,0.0000,0.0,0.00
1765627997.265432,1,1103,920,1765627997265,1765627997265,0,3.58,0.0000,0.0,0.00
1765627997.286472,1,1104,921,1765627997286,1765627997286,0,3.42,0.0000,0.0,0.00
1765627997.310852,1,1105,922,1765627997307,1765627997310,3,3.44,0.0000,0.0,0.00
1765627997.328693,1,1106,923,1765627997328,1765627997328,0,3.44,0.0000,0.0,0.00
1765627997.350124,1,1107,924,1765627997350,1765627997350,0,3.31,0.0000,0.0,0.00
1765627997.371017,1,1108,925,1765627997371,1765627997371,0,3.23,0.0000,0.0,0.00
1765627997.393548,1,1109,926,1765627997392,1765627997393,1,3.22,0.0000,0.0,0.00
1765627997.413708,1,1110,927,1765627997413,1765627997413,0,3.09,0.0000,0.0,0.00
1765627997.436268,1,1111,928,1765627997435,1765627997435,0,2.82,0.0000,0.0,0.00
1765627997.456469,1,1112,929,1765627997456,1765627997456,0,2.79,0.0000,0.0,0.00
1765627997.477596,1,1113,930,1765627997477,1765627997477,0,2.76,0.0000,0.0,0.00
1765627997.498846,1,1114,931,1765627997498,1765627997498,0,2.75,0.0000,0.0,0.00
1765627997.520073,1,1115,932,1765627997520,1765627997520,0,2.76,0.0000,0.0,0.00
1765627997.544930,1,1116,933,1765627997541,1765627997544,3,2.56,0.0000,0.0,0.00
1765627997.553477,1,1117,934,1765627997552,1765627997552,0,2.86,0.0000,0.0,0.00
1765627997.574737,1,1118,935,1765627997574,1765627997574,0,2.64,0.0000,0.0,0.00
1765627997.585530,1,1119,936,1765627997585,1765627997585,0,2.86,0.0000,0.0,0.00
1765627997.606917,1,1120,937,1765627997606,1765627997606,0,2.84,0.0000,0.0,0.00
1765627997.630310,1,1121,938,1765627997628,1765627997630,2,2.85,0.0000,0.0,0.00
1765627997.651011,1,1122,939,1765627997650,1765627997650,0,2.83,0.0000,0.0,0.00
1765627997.663582,1,1123,940,1765627997661,1765627997663,2,2.96,0.0000,0.0,0.00
1765627997.682536,1,1124,941,1765627997682,1765627997682,0,2.91,0.0000,0.0,0.00
1765627997.703705,1,1125,942,1765627997703,1765627997703,0,2.90,0.0000,0.0,0.00
1765627997.727058,1,1126,943,1765627997725,1765627997727,2,2.93,0.0000,0.0,0.00
1765627997.748433,1,1127,944,1765627997747,1765627997748,1,2.93,0.0000,0.0,0.00
1765627997.769053,1,1128,945,1765627997769,1765627997769,0,2.92,0.0000,0.0,0.00
1765627997.790479,1,1129,946,1765627997790,1765627997790,0,2.92,0.0000,0.0,0.00
1765627997.801696,1,1130,947,1765627997801,1765627997801,0,3.13,0.0000,0.0,0.00
1765627997.886472,1,1131,948,1765627997882,1765627997885,3,3.74,0.0000,0.0,0.00
1765627997.894425,1,1132,949,1765627997893,1765627997894,1,3.98,0.0000,0.0,0.00
1765627997.918672,1,1133,950,1765627997906,1765627997918,12,4.01,0.0000,0.0,0.00
1765627997.919680,1,1134,951,1765627997918,1765627997919,1,4.25,0.0000,0.0,0.00
1765627997.930727,1,1135,952,1765627997929,1765627997929,0,4.46,0.0000,0.0,0.00
1765627997.951771,1,1136,953,1765627997951,1765627997951,0,4.43,0.0000,0.0,0.00
1765627997.973206,1,1137,954,1765627997972,1765627997973,1,4.46,0.0000,0.0,0.00
1765627997.993085,1,1138,955,1765627997993,1765627997993,0,4.31,0.0000,0.0,0.00
1765627998.015267,1,1139,956,1765627998014,1765627998014,0,4.31,0.0000,0.0,0.00
1765627998.026459,1,1140,957,1765627998025,1765627998025,0,4.50,0.0000,0.0,0.00
1765627998.047569,1,1141,958,1765627998047,1765627998047,0,4.32,0.0000,0.0,0.00
1765627998.058705,1,1142,959,1765627998058,1765627998058,0,4.51,0.0000,0.0,0.00
1765627998.079939,1,1143,960,1765627998079,1765627998079,0,4.48,0.0000,0.0,0.00
1765627998.101189,1,1144,961,1765627998101,1765627998101,0,4.48,0.0000,0.0,0.00
1765627998.125167,1,1145,962,1765627998122,1765627998124,2,4.49,0.0000,0.0,0.00
1765627998.133865,1,1146,963,1765627998133,1765627998133,0,4.51,0.0000,0.0,0.00
1765627998.145172,1,1147,964,1765627998144,1765627998144,0,4.63,0.0000,0.0,0.00
1765627998.165678,1,1148,965,1765627998165,1765627998165,0,4.34,0.0000,0.0,0.00
1765627998.189284,1,1149,966,1765627998187,1765627998189,2,4.37,0.0000,0.0,0.00
1765627998.208619,1,1150,967,1765627998208,1765627998208,0,4.39,0.0000,0.0,0.00
1765627998.229222,1,1151,968,1765627998229,1765627998229,0,4.38,0.0000,0.0,0.00
1765627998.250814,1,1152,969,1765627998250,1765627998250,0,4.38,0.0000,0.0,0.00
1765627998.271795,1,1153,970,1765627998271,1765627998271,0,4.36,0.0000,0.0,0.00
1765627998.293879,1,1154,971,1765627998293,1765627998293,0,4.37,0.0000,0.0,0.00
1765627998.315221,1,1155,972,1765627998314,1765627998314,0,4.36,0.0000,0.0,0.00
1765627998.338332,1,1156,973,1765627998335,1765627998338,3,4.37,0.0000,0.0,0.00
1765627998.358011,1,1157,974,1765627998357,1765627998357,0,4.37,0.0000,0.0,0.00
1765627998.379604,1,1158,975,1765627998378,1765627998378,0,4.37,0.0000,0.0,0.00
1765627998.399994,1,1159,976,1765627998399,1765627998399,0,4.37,0.0000,0.0,0.00
1765627998.421230,1,1160,977,1765627998421,1765627998421,0,4.37,0.0000,0.0,0.00
1765627998.442844,1,1161,978,1765627998442,1765627998442,0,4.37,0.0000,0.0,0.00
1765627998.463864,1,1162,979,1765627998463,1765627998463,0,4.19,0.0000,0.0,0.00
1765627998.488605,1,1163,980,1765627998484,1765627998488,4,4.23,0.0000,0.0,0.00
1765627998.506807,1,1164,981,1765627998506,1765627998506,0,4.28,0.0000,0.0,0.00
1765627998.517942,1,1165,982,1765627998517,1765627998517,0,4.44,0.0000,0.0,0.00
1765627998.541106,1,1166,983,1765627998539,1765627998539,0,4.42,0.0000,0.0,0.00
1765627998.561183,1,1167,985,1765627998561,1765627998561,0,4.42,0.0000,0.0,0.00
1765627998.582605,1,1168,986,1765627998582,1765627998582,0,4.42,0.0000,0.0,0.00
1765627998.607299,1,1169,987,1765627998603,1765627998607,4,4.45,0.0000,0.0,0.00
1765627998.625469,1,1170,988,1765627998624,1765627998624,0,4.52,0.0000,0.0,0.00
1765627998.646223,1,1171,989,1765627998646,1765627998646,0,4.52,0.0000,0.0,0.00
1765627998.667366,1,1172,990,1765627998667,1765627998667,0,4.52,0.0000,0.0,0.00
1765627998.690287,1,1173,991,1765627998688,1765627998688,0,4.52,0.0000,0.0,0.00
1765627998.700605,1,1174,992,1765627998699,1765627998700,1,4.69,0.0000,0.0,0.00
1765627998.723843,1,1175,993,1765627998721,1765627998723,2,4.70,0.0000,0.0,0.00
1765627998.742878,1,1176,994,1765627998742,1765627998742,0,4.68,0.0000,0.0,0.00
1765627998.764255,1,1177,995,1765627998764,1765627998764,0,4.43,0.0000,0.0,0.00
1765627998.786105,1,1178,996,1765627998785,1765627998786,1,4.43,0.0000,0.0,0.00
1765627998.808408,1,1179,997,1765627998806,1765627998808,2,4.24,0.0000,0.0,0.00
1765627998.818851,1,1180,998,1765627998818,1765627998818,0,4.47,0.0000,0.0,0.00
1765627998.839814,1,1181,999,1765627998839,1765627998839,0,4.43,0.0000,0.0,0.00
1765627998.861612,1,1182,1000,1765627998861,1765627998861,0,4.45,0.0000,0.0,0.00
1765627998.882343,1,1183,1001,1765627998882,1765627998882,0,4.29,0.0000,0.0,0.00
1765627998.903547,1,1184,1002,1765627998903,1765627998903,0,4.26,0.0000,0.0,0.00
1765627998.924911,1,1185,1003,1765627998924,1765627998924,0,4.26,0.0000,0.0,0.00
1765627998.946634,1,1186,1004,1765627998946,1765627998946,0,4.25,0.0000,0.0,0.00
1765627998.968875,1,1187,1005,1765627998968,1765627998968,0,4.26,0.0000,0.0,0.00
1765627998.991996,1,1188,1006,1765627998989,1765627998991,2,4.27,0.0000,0.0,0.00
1765627999.010810,1,1189,1007,1765627999010,1765627999010,0,4.30,0.0000,0.0,0.00
1765627999.032143,1,1190,1008,1765627999032,1765627999032,0,4.09,0.0000,0.0,0.00
1765627999.043378,1,1191,1009,1765627999043,1765627999043,0,3.70,0.0000,0.0,0.00
1765627999.066287,1,1192,1010,1765627999065,1765627999065,0,3.48,0.0000,0.0,0.00
1765627999.078392,1,1193,1011,1765627999077,1765627999077,0,3.61,0.0000,0.0,0.00
1765627999.099624,1,1194,1012,1765627999099,1765627999099,0,3.19,0.0000,0.0,0.00
1765627999.120343,1,1195,1013,1765627999120,1765627999120,0,2.96,0.0000,0.0,0.00
1765627999.142066,1,1196,1014,1765627999142,1765627999142,0,2.96,0.0000,0.0,0.00
1765627999.163606,1,1197,1015,1765627999163,1765627999163,0,2.95,0.0000,0.0,0.00
1765627999.185302,1,1198,1016,1765627999185,1765627999185,0,2.97,0.0000,0.0,0.00
1765627999.210307,1,1199,1017,1765627999206,1765627999209,3,2.99,0.0000,0.0,0.00
1765627999.228006,1,1200,1018,1765627999228,1765627999228,0,2.79,0.0000,0.0,0.00
1765627999.249753,1,1201,1019,1765627999249,1765627999249,0,2.78,0.0000,0.0,0.00
1765627999.270169,1,1202,1020,1765627999270,1765627999270,0,2.56,0.0000,0.0,0.00
1765627999.294532,1,1203,1021,1765627999292,1765627999294,2,2.58,0.0000,0.0,0.00
1765627999.304081,1,1204,1022,1765627999304,1765627999304,0,2.82,0.0000,0.0,0.00
1765627999.314956,1,1205,1023,1765627999314,1765627999314,0,3.04,0.0000,0.0,0.00
1765627999.336314,1,1206,1024,1765627999336,1765627999336,0,2.79,0.0000,0.0,0.00
1765627999.358581,1,1207,1025,1765627999358,1765627999358,0,2.58,0.0000,0.0,0.00
1765627999.379452,1,1208,1026,1765627999379,1765627999379,0,2.58,0.0000,0.0,0.00
1765627999.400571,1,1209,1027,1765627999400,1765627999400,0,2.55,0.0000,0.0,0.00
1765627999.424638,1,1210,1028,1765627999421,1765627999424,3,2.55,0.0000,0.0,0.00
1765627999.443447,1,1211,1029,1765627999443,1765627999443,0,2.58,0.0000,0.0,0.00
1765627999.464549,1,1212,1030,1765627999464,1765627999464,0,2.58,0.0000,0.0,0.00
1765627999.475693,1,1213,1031,1765627999475,1765627999475,0,2.80,0.0000,0.0,0.00
1765627999.497335,1,1214,1032,1765627999497,1765627999497,0,2.80,0.0000,0.0,0.00
1765627999.518435,1,1215,1033,1765627999518,1765627999518,0,2.80,0.0000,0.0,0.00
1765627999.542603,1,1216,1034,1765627999540,1765627999541,1,2.79,0.0000,0.0,0.00
1765627999.550833,1,1217,1035,1765627999550,1765627999550,0,3.04,0.0000,0.0,0.00
1765627999.575861,1,1218,1036,1765627999572,1765627999575,3,3.08,0.0000,0.0,0.00
1765627999.584831,1,1219,1037,1765627999583,1765627999583,0,3.36,0.0000,0.0,0.00
1765627999.595041,1,1220,1038,1765627999595,1765627999595,0,3.52,0.0000,0.0,0.00
1765627999.616340,1,1221,1039,1765627999616,1765627999616,0,3.52,0.0000,0.0,0.00
1765627999.639943,1,1222,1040,1765627999637,1765627999638,1,3.53,0.0000,0.0,0.00
1765627999.658449,1,1223,1041,1765627999658,1765627999658,0,3.48,0.0000,0.0,0.00
1765627999.679250,1,1224,1042,1765627999679,1765627999679,0,3.46,0.0000,0.0,0.00
1765627999.701234,1,1225,1043,1765627999701,1765627999701,0,3.27,0.0000,0.0,0.00
1765627999.725531,1,1226,1044,1765627999722,1765627999724,2,3.27,0.0000,0.0,0.00
1765627999.744041,1,1227,1045,1765627999744,1765627999744,0,3.26,0.0000,0.0,0.00
1765627999.765043,1,1228,1046,1765627999765,1765627999765,0,3.26,0.0000,0.0,0.00
1765627999.787363,1,1229,1048,1765627999787,1765627999787,0,3.23,0.0000,0.0,0.00
1765627999.798062,1,1230,1049,1765627999798,1765627999798,0,3.38,0.0000,0.0,0.00
1765627999.810989,1,1231,1050,1765627999809,1765627999810,1,3.55,0.0000,0.0,0.00
1765627999.827381,1,1232,1051,1765627999821,1765627999826,5,3.61,0.0000,0.0,0.00
1765627999.843408,1,1233,1052,1765627999843,1765627999843,0,3.65,0.0000,0.0,0.00
1765627999.864954,1,1234,1053,1765627999864,1765627999864,0,3.49,0.0000,0.0,0.00
1765627999.886518,1,1235,1054,1765627999886,1765627999886,0,3.48,0.0000,0.0,0.00
1765627999.907997,1,1236,1055,1765627999907,1765627999907,0,3.49,0.0000,0.0,0.00
1765627999.929884,1,1237,1056,1765627999929,1765627999929,0,3.49,0.0000,0.0,0.00
1765627999.950338,1,1238,1057,1765627999950,1765627999950,0,3.48,0.0000,0.0,0.00
1765627999.974771,1,1239,1058,1765627999971,1765627999974,3,3.50,0.0000,0.0,0.00
1765627999.993057,1,1240,1059,1765627999993,1765627999993,0,3.28,0.0000,0.0,0.00
1765628000.015094,1,1241,1060,1765628000014,1765628000015,1,3.29,0.0000,0.0,0.00
1765628000.027423,1,1242,1061,1765628000025,1765628000026,1,3.47,0.0000,0.0,0.00
1765628000.042292,1,1243,1062,1765628000037,1765628000042,5,3.53,0.0000,0.0,0.00
1765628000.048474,1,1244,1063,1765628000048,1765628000048,0,3.82,0.0000,0.0,0.00
1765628000.072491,1,1245,1064,1765628000069,1765628000072,3,3.85,0.0000,0.0,0.00
1765628000.090554,1,1246,1065,1765628000090,1765628000090,0,3.84,0.0000,0.0,0.00
1765628000.111873,1,1247,1066,1765628000111,1765628000111,0,3.83,0.0000,0.0,0.00
1765628000.132871,1,1248,1067,1765628000132,1765628000132,0,3.81,0.0000,0.0,0.00
1765628000.154608,1,1249,1068,1765628000153,1765628000153,0,3.83,0.0000,0.0,0.00
1765628000.175078,1,1250,1069,1765628000175,1765628000175,0,3.83,0.0000,0.0,0.00
1765628000.195730,1,1251,1070,1765628000195,1765628000195,0,3.65,0.0000,0.0,0.00
1765628000.219934,1,1252,1071,1765628000217,1765628000219,2,3.67,0.0000,0.0,0.00
1765628000.238500,1,1253,1072,1765628000238,1765628000238,0,3.51,0.0000,0.0,0.00
1765628000.259546,1,1254,1073,1765628000259,1765628000259,0,3.50,0.0000,0.0,0.00
1765628000.282069,1,1255,1074,1765628000280,1765628000280,0,3.50,0.0000,0.0,0.00
1765628000.304788,1,1256,1075,1765628000302,1765628000304,2,3.52,0.0000,0.0,0.00
1765628000.324583,1,1257,1076,1765628000323,1765628000323,0,3.51,0.0000,0.0,0.00
1765628000.344870,1,1258,1077,1765628000344,1765628000344,0,3.50,0.0000,0.0,0.00
1765628000.366271,1,1259,1078,1765628000366,1765628000366,0,3.48,0.0000,0.0,0.00
1765628000.388036,1,1260,1079,1765628000388,1765628000388,0,3.50,0.0000,0.0,0.00
1765628000.409600,1,1261,1080,1765628000409,1765628000409,0,3.50,0.0000,0.0,0.00
1765628000.430568,1,1262,1081,1765628000430,1765628000430,0,3.50,0.0000,0.0,0.00
1765628000.456294,1,1263,1082,1765628000452,1765628000456,4,3.52,0.0000,0.0,0.00
1765628000.472794,1,1264,1084,1765628000472,1765628000472,0,3.38,0.0000,0.0,0.00
1765628000.487613,1,1265,1085,1765628000484,1765628000487,3,3.26,0.0000,0.0,0.00
1765628000.505447,1,1266,1086,1765628000505,1765628000505,0,3.27,0.0000,0.0,0.00
1765628000.526447,1,1267,1087,1765628000526,1765628000526,0,3.26,0.0000,0.0,0.00
1765628000.548254,1,1268,1088,1765628000548,1765628000548,0,3.27,0.0000,0.0,0.00
1765628000.559635,1,1269,1089,1765628000559,1765628000559,0,3.44,0.0000,0.0,0.00
1765628000.581403,1,1270,1091,1765628000581,1765628000581,0,3.42,0.0000,0.0,0.00
1765628000.592330,1,1271,1092,1765628000592,1765628000592,0,3.60,0.0000,0.0,0.00
1765628000.614469,1,1272,1093,1765628000613,1765628000614,1,3.61,0.0000,0.0,0.00
1765628000.626080,1,1273,1094,1765628000626,1765628000626,0,3.59,0.0000,0.0,0.00
1765628000.647546,1,1274,1095,1765628000647,1765628000647,0,3.58,0.0000,0.0,0.00
1765628000.672627,1,1275,1096,1765628000668,1765628000672,4,3.62,0.0000,0.0,0.00
1765628000.689987,1,1276,1097,1765628000689,1765628000689,0,3.63,0.0000,0.0,0.00
1765628000.711527,1,1277,1098,1765628000711,1765628000711,0,3.43,0.0000,0.0,0.00
1765628000.732602,1,1278,1099,1765628000732,1765628000732,0,3.39,0.0000,0.0,0.00
1765628000.755952,1,1279,1100,1765628000753,1765628000755,2,3.17,0.0000,0.0,0.00
1765628000.775424,1,1280,1101,1765628000775,1765628000775,0,3.00,0.0000,0.0,0.00
1765628000.797242,1,1281,1102,1765628000797,1765628000797,0,3.01,0.0000,0.0,0.00
1765628000.824047,1,1282,1103,1765628000819,1765628000824,5,3.06,0.0000,0.0,0.00
1765628000.830094,1,1283,1104,1765628000830,1765628000830,0,3.37,0.0000,0.0,0.00
1765628000.855344,1,1284,1105,1765628000851,1765628000855,4,3.41,0.0000,0.0,0.00
1765628000.862849,1,1285,1106,1765628000862,1765628000862,0,3.67,0.0000,0.0,0.00
1765628000.874033,1,1286,1107,1765628000874,1765628000874,0,3.78,0.0000,0.0,0.00
1765628000.895369,1,1287,1108,1765628000895,1765628000895,0,3.79,0.0000,0.0,0.00
1765628000.916451,1,1288,1109,1765628000916,1765628000916,0,3.79,0.0000,0.0,0.00
1765628000.928071,1,1289,1110,1765628000927,1765628000928,1,3.91,0.0000,0.0,0.00
1765628000.948745,1,1290,1111,1765628000948,1765628000948,0,3.75,0.0000,0.0,0.00
1765628000.973100,1,1291,1112,1765628000970,1765628000973,3,3.66,0.0000,0.0,0.00
1765628000.991237,1,1292,1113,1765628000991,1765628000991,0,3.61,0.0000,0.0,0.00
1765628001.012431,1,1293,1114,1765628001012,1765628001012,0,3.57,0.0000,0.0,0.00
1765628001.034507,1,1294,1115,1765628001033,1765628001033,0,3.57,0.0000,0.0,0.00
1765628001.056492,1,1295,1116,1765628001054,1765628001056,2,3.58,0.0000,0.0,0.00
1765628001.076432,1,1296,1117,1765628001076,1765628001076,0,3.57,0.0000,0.0,0.00
1765628001.097290,1,1297,1118,1765628001097,1765628001097,0,3.56,0.0000,0.0,0.00
1765628001.126032,1,1298,1119,1765628001118,1765628001125,7,3.64,0.0000,0.0,0.00
1765628001.130749,1,1299,1120,1765628001130,1765628001130,0,3.91,0.0000,0.0,0.00
1765628001.141882,1,1300,1121,1765628001141,1765628001141,0,4.09,0.0000,0.0,0.00
1765628001.162934,1,1301,1122,1765628001162,1765628001162,0,4.08,0.0000,0.0,0.00
1765628001.183997,1,1302,1123,1765628001183,1765628001183,0,3.91,0.0000,0.0,0.00
1765628001.205276,1,1303,1124,1765628001205,1765628001205,0,3.86,0.0000,0.0,0.00
1765628001.226688,1,1304,1125,1765628001226,1765628001226,0,3.56,0.0000,0.0,0.00
1765628001.247835,1,1305,1126,1765628001247,1765628001247,0,3.53,0.0000,0.0,0.00
1765628001.271875,1,1306,1127,1765628001269,1765628001271,2,3.53,0.0000,0.0,0.00
1765628001.291016,1,1307,1128,1765628001291,1765628001291,0,3.52,0.0000,0.0,0.00
1765628001.312568,1,1308,1129,1765628001312,1765628001312,0,3.52,0.0000,0.0,0.00
1765628001.337253,1,1309,1131,1765628001333,1765628001337,4,3.56,0.0000,0.0,0.00
1765628001.344890,1,1310,1132,1765628001344,1765628001344,0,3.84,0.0000,0.0,0.00
1765628001.366056,1,1311,1133,1765628001366,1765628001366,0,3.86,0.0000,0.0,0.00
1765628001.390973,1,1312,1134,1765628001387,1765628001390,3,3.86,0.0000,0.0,0.00
1765628001.408948,1,1313,1135,1765628001408,1765628001408,0,3.88,0.0000,0.0,0.00
1765628001.429971,1,1314,1136,1765628001429,1765628001429,0,3.88,0.0000,0.0,0.00
1765628001.454220,1,1315,1137,1765628001451,1765628001454,3,3.92,0.0000,0.0,0.00
1765628001.472289,1,1316,1138,1765628001472,1765628001472,0,3.91,0.0000,0.0,0.00
1765628001.493478,1,1317,1139,1765628001493,1765628001493,0,3.92,0.0000,0.0,0.00
1765628001.514776,1,1318,1140,1765628001514,1765628001514,0,3.92,0.0000,0.0,0.00
1765628001.536695,1,1319,1141,1765628001536,1765628001536,0,3.92,0.0000,0.0,0.00
1765628001.547379,1,1320,1142,1765628001547,1765628001547,0,4.09,0.0000,0.0,0.00
1765628001.570234,1,1321,1143,1765628001569,1765628001569,0,4.10,0.0000,0.0,0.00
1765628001.591423,1,1322,1144,1765628001590,1765628001590,0,4.10,0.0000,0.0,0.00
1765628001.612242,1,1323,1145,1765628001611,1765628001612,1,4.06,0.0000,0.0,0.00
1765628001.622957,1,1324,1146,1765628001622,1765628001622,0,4.20,0.0000,0.0,0.00
1765628001.635129,1,1325,1147,1765628001634,1765628001635,1,4.25,0.0000,0.0,0.00
1765628001.655555,1,1326,1148,1765628001655,1765628001655,0,4.23,0.0000,0.0,0.00
1765628001.676821,1,1327,1149,1765628001676,1765628001676,0,4.23,0.0000,0.0,0.00
1765628001.699744,1,1328,1150,1765628001698,1765628001699,1,4.24,0.0000,0.0,0.00
1765628001.719251,1,1329,1151,1765628001719,1765628001719,0,4.04,0.0000,0.0,0.00
1765628001.740761,1,1330,1152,1765628001740,1765628001740,0,4.04,0.0000,0.0,0.00
1765628001.765860,1,1331,1153,1765628001762,1765628001764,2,3.87,0.0000,0.0,0.00
1765628001.783888,1,1332,1154,1765628001783,1765628001783,0,3.86,0.0000,0.0,0.00
1765628001.805449,1,1333,1155,1765628001805,1765628001805,0,3.69,0.0000,0.0,0.00
1765628001.830932,1,1334,1156,1765628001826,1765628001830,4,3.73,0.0000,0.0,0.00
1765628001.838607,1,1335,1157,1765628001838,1765628001838,0,3.96,0.0000,0.0,0.00
1765628001.859582,1,1336,1158,1765628001859,1765628001859,0,3.92,0.0000,0.0,0.00
1765628001.881002,1,1337,1159,1765628001881,1765628001881,0,3.92,0.0000,0.0,0.00
1765628001.902359,1,1338,1160,1765628001902,1765628001902,0,3.92,0.0000,0.0,0.00
1765628001.924019,1,1339,1161,1765628001924,1765628001924,0,3.91,0.0000,0.0,0.00
1765628001.948343,1,1340,1162,1765628001945,1765628001948,3,3.94,0.0000,0.0,0.00
1765628001.966977,1,1341,1163,1765628001966,1765628001966,0,3.96,0.0000,0.0,0.00
1765628001.988311,1,1342,1164,1765628001988,1765628001988,0,3.91,0.0000,0.0,0.00
1765628002.009633,1,1343,1165,1765628002009,1765628002009,0,3.59,0.0000,0.0,0.00
1765628002.020944,1,1344,1166,1765628002020,1765628002020,0,3.76,0.0000,0.0,0.00
1765628002.032599,1,1345,1167,1765628002032,1765628002032,0,3.63,0.0000,0.0,0.00
1765628002.054077,1,1346,1168,1765628002054,1765628002054,0,3.47,0.0000,0.0,0.00
1765628002.075706,1,1347,1169,1765628002075,1765628002075,0,3.47,0.0000,0.0,0.00
1765628002.088212,1,1348,1170,1765628002087,1765628002087,0,3.64,0.0000,0.0,0.00
1765628002.100836,1,1349,1171,1765628002098,1765628002099,1,3.64,0.0000,0.0,0.00
1765628002.109870,1,1350,1172,1765628002109,1765628002109,0,3.86,0.0000,0.0,0.00
1765628002.131078,1,1351,1173,1765628002131,1765628002131,0,3.84,0.0000,0.0,0.00
1765628002.152718,1,1352,1174,1765628002152,1765628002152,0,3.82,0.0000,0.0,0.00
1765628002.165345,1,1353,1175,1765628002163,1765628002165,2,3.96,0.0000,0.0,0.00
1765628002.185170,1,1354,1176,1765628002185,1765628002185,0,3.95,0.0000,0.0,0.00
1765628002.206796,1,1355,1177,1765628002206,1765628002206,0,3.93,0.0000,0.0,0.00
1765628002.230149,1,1356,1178,1765628002228,1765628002230,2,3.97,0.0000,0.0,0.00
1765628002.239702,1,1357,1179,1765628002239,1765628002239,0,4.19,0.0000,0.0,0.00
1765628002.264042,1,1358,1180,1765628002260,1765628002264,4,4.16,0.0000,0.0,0.00
1765628002.283237,1,1359,1181,1765628002281,1765628002283,2,3.83,0.0000,0.0,0.00
1765628002.296340,1,1360,1182,1765628002293,1765628002294,1,3.83,0.0000,0.0,0.00
1765628002.314524,1,1361,1183,1765628002314,1765628002314,0,3.82,0.0000,0.0,0.00
1765628002.335888,1,1362,1184,1765628002335,1765628002335,0,3.82,0.0000,0.0,0.00
1765628002.360850,1,1363,1185,1765628002357,1765628002359,2,3.84,0.0000,0.0,0.00
1765628002.378377,1,1364,1186,1765628002378,1765628002378,0,3.83,0.0000,0.0,0.00
1765628002.393091,1,1365,1187,1765628002389,1765628002393,4,3.90,0.0000,0.0,0.00
1765628002.410514,1,1366,1188,1765628002410,1765628002410,0,3.89,0.0000,0.0,0.00
1765628002.431798,1,1367,1189,1765628002431,1765628002431,0,3.90,0.0000,0.0,0.00
1765628002.452910,1,1368,1190,1765628002452,1765628002452,0,3.90,0.0000,0.0,0.00
1765628002.478501,1,1369,1191,1765628002474,1765628002478,4,3.91,0.0000,0.0,0.00
1765628002.485346,1,1370,1192,1765628002485,1765628002485,0,3.91,0.0000,0.0,0.00
1765628002.512153,1,1371,1193,1765628002506,1765628002512,6,3.97,0.0000,0.0,0.00
1765628002.518098,1,1372,1194,1765628002518,1765628002518,0,4.21,0.0000,0.0,0.00
1765628002.529244,1,1373,1195,1765628002529,1765628002529,0,4.37,0.0000,0.0,0.00
1765628002.550632,1,1374,1196,1765628002550,1765628002550,0,4.37,0.0000,0.0,0.00
1765628002.571978,1,1375,1197,1765628002571,1765628002571,0,4.32,0.0000,0.0,0.00
1765628002.593263,1,1376,1199,1765628002593,1765628002593,0,4.34,0.0000,0.0,0.00
1765628002.614608,1,1377,1200,1765628002614,1765628002614,0,4.34,0.0000,0.0,0.00
1765628002.636035,1,1378,1201,1765628002636,1765628002636,0,4.35,0.0000,0.0,0.00
1765628002.660594,1,1379,1202,1765628002658,1765628002660,2,4.37,0.0000,0.0,0.00
1765628002.668796,1,1380,1203,1765628002668,1765628002668,0,4.44,0.0000,0.0,0.00
1765628002.693657,1,1381,1204,1765628002690,1765628002693,3,4.47,0.0000,0.0,0.00
1765628002.702525,1,1382,1205,1765628002702,1765628002702,0,4.67,0.0000,0.0,0.00
1765628002.726750,1,1383,1206,1765628002723,1765628002726,3,4.69,0.0000,0.0,0.00
1765628002.744975,1,1384,1207,1765628002744,1765628002744,0,4.51,0.0000,0.0,0.00
1765628002.767283,1,1385,1208,1765628002766,1765628002767,1,4.42,0.0000,0.0,0.00
1765628002.780042,1,1386,1209,1765628002777,1765628002780,3,4.54,0.0000,0.0,0.00
1765628002.789667,1,1387,1211,1765628002789,1765628002789,0,4.73,0.0000,0.0,0.00
1765628002.800470,1,1388,1212,1765628002800,1765628002800,0,4.84,0.0000,0.0,0.00
1765628002.821708,1,1389,1213,1765628002821,1765628002821,0,4.86,0.0000,0.0,0.00
1765628002.845015,1,1390,1214,1765628002843,1765628002845,2,4.89,0.0000,0.0,0.00
1765628002.865149,1,1391,1215,1765628002864,1765628002864,0,4.83,0.0000,0.0,0.00
1765628002.885942,1,1392,1216,1765628002885,1765628002885,0,4.86,0.0000,0.0,0.00
1765628002.908081,1,1393,1217,1765628002907,1765628002907,0,4.86,0.0000,0.0,0.00
1765628002.930345,1,1394,1218,1765628002928,1765628002930,2,4.83,0.0000,0.0,0.00
1765628002.950655,1,1395,1219,1765628002950,1765628002950,0,4.62,0.0000,0.0,0.00
1765628002.971830,1,1396,1220,1765628002971,1765628002971,0,4.62,0.0000,0.0,0.00
1765628002.996208,1,1397,1221,1765628002992,1765628002996,4,4.66,0.0000,0.0,0.00
1765628003.013987,1,1398,1222,1765628003013,1765628003013,0,4.66,0.0000,0.0,0.00
1765628003.035554,1,1399,1223,1765628003035,1765628003035,0,4.66,0.0000,0.0,0.00
1765628003.057009,1,1400,1224,1765628003057,1765628003057,0,4.64,0.0000,0.0,0.00
1765628003.078662,1,1401,1225,1765628003078,1765628003078,0,4.66,0.0000,0.0,0.00
1765628003.100238,1,1402,1226,1765628003099,1765628003099,0,4.64,0.0000,0.0,0.00
1765628003.120892,1,1403,1227,1765628003120,1765628003120,0,4.64,0.0000,0.0,0.00
1765628003.144616,1,1404,1228,1765628003142,1765628003143,1,4.52,0.0000,0.0,0.00
1765628003.163218,1,1405,1229,1765628003163,1765628003163,0,4.38,0.0000,0.0,0.00
1765628003.177675,1,1406,1230,1765628003174,1765628003176,2,4.48,0.0000,0.0,0.00
1765628003.185881,1,1407,1231,1765628003185,1765628003185,0,4.67,0.0000,0.0,0.00
1765628003.210742,1,1408,1232,1765628003207,1765628003209,2,4.58,0.0000,0.0,0.00
1765628003.228444,1,1409,1233,1765628003228,1765628003228,0,4.42,0.0000,0.0,0.00
1765628003.249503,1,1410,1234,1765628003249,1765628003249,0,4.23,0.0000,0.0,0.00
1765628003.271368,1,1411,1235,1765628003271,1765628003271,0,4.23,0.0000,0.0,0.00
1765628003.293051,1,1412,1236,1765628003293,1765628003293,0,4.25,0.0000,0.0,0.00
1765628003.314090,1,1413,1237,1765628003314,1765628003314,0,4.13,0.0000,0.0,0.00
1765628003.335605,1,1414,1238,1765628003335,1765628003335,0,4.14,0.0000,0.0,0.00
1765628003.358407,1,1415,1239,1765628003356,1765628003358,2,4.17,0.0000,0.0,0.00
1765628003.377747,1,1416,1240,1765628003377,1765628003377,0,4.11,0.0000,0.0,0.00
1765628003.398894,1,1417,1241,1765628003398,1765628003398,0,3.91,0.0000,0.0,0.00
1765628003.410613,1,1418,1242,1765628003410,1765628003410,0,4.00,0.0000,0.0,0.00
1765628003.421438,1,1419,1243,1765628003421,1765628003421,0,4.18,0.0000,0.0,0.00
1765628003.443072,1,1420,1244,1765628003443,1765628003443,0,4.03,0.0000,0.0,0.00
1765628003.464472,1,1421,1245,1765628003464,1765628003464,0,4.04,0.0000,0.0,0.00
1765628003.485790,1,1422,1246,1765628003485,1765628003485,0,4.04,0.0000,0.0,0.00
1765628003.510168,1,1423,1247,1765628003507,1765628003508,1,4.03,0.0000,0.0,0.00
1765628003.528853,1,1424,1248,1765628003528,1765628003528,0,4.04,0.0000,0.0,0.00
1765628003.550566,1,1425,1249,1765628003550,1765628003550,0,3.97,0.0000,0.0,0.00
1765628003.575317,1,1426,1250,1765628003571,1765628003575,4,3.97,0.0000,0.0,0.00
1765628003.593035,1,1427,1251,1765628003593,1765628003593,0,3.99,0.0000,0.0,0.00
1765628003.614372,1,1428,1252,1765628003614,1765628003614,0,3.99,0.0000,0.0,0.00
1765628003.636226,1,1429,1253,1765628003635,1765628003635,0,3.94,0.0000,0.0,0.00
1765628003.658265,1,1430,1254,1765628003657,1765628003658,1,3.68,0.0000,0.0,0.00
1765628003.678596,1,1431,1255,1765628003678,1765628003678,0,3.61,0.0000,0.0,0.00
1765628003.693370,1,1432,1256,1765628003690,1765628003693,3,3.40,0.0000,0.0,0.00
1765628003.702312,1,1433,1257,1765628003702,1765628003702,0,3.44,0.0000,0.0,0.00
1765628003.727242,1,1434,1258,1765628003724,1765628003727,3,3.48,0.0000,0.0,0.00
1765628003.745241,1,1435,1259,1765628003745,1765628003745,0,3.51,0.0000,0.0,0.00
1765628003.767490,1,1436,1260,1765628003766,1765628003766,0,3.50,0.0000,0.0,0.00
1765628003.779505,1,1437,1261,1765628003777,1765628003777,0,3.68,0.0000,0.0,0.00
1765628003.794406,1,1438,1262,1765628003789,1765628003793,4,3.72,0.0000,0.0,0.00
1765628003.810894,1,1439,1263,1765628003810,1765628003810,0,3.72,0.0000,0.0,0.00
1765628003.832783,1,1440,1265,1765628003832,1765628003832,0,3.50,0.0000,0.0,0.00
1765628003.853958,1,1441,1266,1765628003853,1765628003853,0,3.46,0.0000,0.0,0.00
1765628003.876038,1,1442,1267,1765628003874,1765628003874,0,3.24,0.0000,0.0,0.00
1765628003.886720,1,1443,1268,1765628003886,1765628003886,0,3.36,0.0000,0.0,0.00
1765628003.909215,1,1444,1269,1765628003908,1765628003909,1,3.36,0.0000,0.0,0.00
1765628003.928864,1,1445,1270,1765628003928,1765628003928,0,3.33,0.0000,0.0,0.00
1765628003.949991,1,1446,1271,1765628003949,1765628003949,0,3.21,0.0000,0.0,0.00
1765628003.976994,1,1447,1272,1765628003971,1765628003976,5,3.04,0.0000,0.0,0.00
1765628003.993416,1,1448,1273,1765628003993,1765628003993,0,2.90,0.0000,0.0,0.00
1765628004.010342,1,1449,1274,1765628004004,1765628004009,5,2.97,0.0000,0.0,0.00
1765628004.015999,1,1450,1275,1765628004015,1765628004015,0,3.23,0.0000,0.0,0.00
1765628004.027111,1,1451,1276,1765628004027,1765628004027,0,3.39,0.0000,0.0,0.00
1765628004.048516,1,1452,1277,1765628004048,1765628004048,0,3.39,0.0000,0.0,0.00
1765628004.070175,1,1453,1278,1765628004069,1765628004070,1,3.39,0.0000,0.0,0.00
1765628004.091791,1,1454,1279,1765628004090,1765628004091,1,3.37,0.0000,0.0,0.00
1765628004.101914,1,1455,1280,1765628004101,1765628004101,0,3.56,0.0000,0.0,0.00
1765628004.125510,1,1456,1281,1765628004123,1765628004125,2,3.60,0.0000,0.0,0.00
1765628004.144385,1,1457,1282,1765628004144,1765628004144,0,3.53,0.0000,0.0,0.00
1765628004.165737,1,1458,1283,1765628004165,1765628004165,0,3.51,0.0000,0.0,0.00
1765628004.187122,1,1459,1284,1765628004187,1765628004187,0,3.51,0.0000,0.0,0.00
1765628004.210041,1,1460,1285,1765628004208,1765628004210,2,3.52,0.0000,0.0,0.00
1765628004.229792,1,1461,1286,1765628004229,1765628004229,0,3.50,0.0000,0.0,0.00
1765628004.250714,1,1462,1287,1765628004250,1765628004250,0,3.50,0.0000,0.0,0.00
1765628004.262178,1,1463,1288,1765628004262,1765628004262,0,3.63,0.0000,0.0,0.00
1765628004.283326,1,1464,1289,1765628004283,1765628004283,0,3.60,0.0000,0.0,0.00
1765628004.304779,1,1465,1290,1765628004304,1765628004304,0,3.61,0.0000,0.0,0.00
1765628004.326559,1,1466,1291,1765628004325,1765628004326,1,3.52,0.0000,0.0,0.00
1765628004.347188,1,1467,1292,1765628004347,1765628004347,0,3.32,0.0000,0.0,0.00
1765628004.368212,1,1468,1293,1765628004368,1765628004368,0,3.29,0.0000,0.0,0.00
1765628004.379776,1,1469,1294,1765628004379,1765628004379,0,3.46,0.0000,0.0,0.00
1765628004.401811,1,1470,1295,1765628004401,1765628004401,0,3.47,0.0000,0.0,0.00
1765628004.426558,1,1471,1296,1765628004422,1765628004426,4,3.51,0.0000,0.0,0.00
1765628004.444736,1,1472,1297,1765628004444,1765628004444,0,3.50,0.0000,0.0,0.00
1765628004.465815,1,1473,1298,1765628004465,1765628004465,0,3.50,0.0000,0.0,0.00
1765628004.487113,1,1474,1299,1765628004487,1765628004487,0,3.51,0.0000,0.0,0.00
1765628004.510928,1,1475,1300,1765628004508,1765628004510,2,3.51,0.0000,0.0,0.00
1765628004.529846,1,1476,1301,1765628004529,1765628004529,0,3.51,0.0000,0.0,0.00
1765628004.546351,1,1477,1302,1765628004541,1765628004546,5,3.54,0.0000,0.0,0.00
1765628004.563979,1,1478,1303,1765628004562,1765628004563,1,3.43,0.0000,0.0,0.00
1765628004.574097,1,1479,1304,1765628004574,1765628004574,0,3.43,0.0000,0.0,0.00
1765628004.597153,1,1480,1306,1765628004596,1765628004597,1,3.45,0.0000,0.0,0.00
1765628004.608170,1,1481,1307,1765628004607,1765628004607,0,3.61,0.0000,0.0,0.00
1765628004.628517,1,1482,1308,1765628004628,1765628004628,0,3.61,0.0000,0.0,0.00
1765628004.639735,1,1483,1309,1765628004639,1765628004639,0,3.73,0.0000,0.0,0.00
1765628004.650951,1,1484,1310,1765628004650,1765628004650,0,3.88,0.0000,0.0,0.00
1765628004.671929,1,1485,1311,1765628004671,1765628004671,0,3.87,0.0000,0.0,0.00
1765628004.692870,1,1486,1312,1765628004692,1765628004692,0,3.82,0.0000,0.0,0.00
1765628004.713936,1,1487,1313,1765628004713,1765628004713,0,3.83,0.0000,0.0,0.00
1765628004.736618,1,1488,1314,1765628004735,1765628004735,0,3.84,0.0000,0.0,0.00
1765628004.759671,1,1489,1315,1765628004757,1765628004759,2,3.88,0.0000,0.0,0.00
1765628004.778365,1,1490,1316,1765628004778,1765628004778,0,3.83,0.0000,0.0,0.00
1765628004.790092,1,1491,1317,1765628004789,1765628004789,0,3.98,0.0000,0.0,0.00
1765628004.800756,1,1492,1318,1765628004800,1765628004800,0,4.06,0.0000,0.0,0.00
1765628004.822170,1,1493,1319,1765628004822,1765628004822,0,3.90,0.0000,0.0,0.00
1765628004.844564,1,1494,1320,1765628004843,1765628004844,1,3.86,0.0000,0.0,0.00
1765628004.854981,1,1495,1321,1765628004854,1765628004854,0,4.04,0.0000,0.0,0.00
1765628004.877508,1,1496,1322,1765628004876,1765628004877,1,4.06,0.0000,0.0,0.00
1765628004.887357,1,1497,1323,1765628004887,1765628004887,0,4.08,0.0000,0.0,0.00
1765628004.909884,1,1498,1324,1765628004908,1765628004909,1,4.07,0.0000,0.0,0.00
1765628004.930061,1,1499,1325,1765628004929,1765628004930,1,4.06,0.0000,0.0,0.00
1765628004.950864,1,1500,1326,1765628004950,1765628004950,0,4.03,0.0000,0.0,0.00
1765628004.976410,1,1501,1327,1765628004972,1765628004976,4,4.09,0.0000,0.0,0.00
1765628004.984572,1,1502,1328,1765628004984,1765628004984,0,4.30,0.0000,0.0,0.00
1765628004.995210,1,1503,1329,1765628004995,1765628004995,0,4.32,0.0000,0.0,0.00
1765628005.016907,1,1504,1330,1765628005016,1765628005016,0,4.30,0.0000,0.0,0.00
1765628005.038312,1,1505,1331,1765628005038,1765628005038,0,4.33,0.0000,0.0,0.00
1765628005.061289,1,1506,1332,1765628005060,1765628005061,1,4.36,0.0000,0.0,0.00
1765628005.081130,1,1507,1333,1765628005081,1765628005081,0,4.28,0.0000,0.0,0.00
1765628005.103147,1,1508,1335,1765628005102,1765628005102,0,4.27,0.0000,0.0,0.00
1765628005.127031,1,1509,1336,1765628005123,1765628005127,4,4.28,0.0000,0.0,0.00
1765628005.145310,1,1510,1337,1765628005145,1765628005145,0,4.00,0.0000,0.0,0.00
1765628005.166980,1,1511,1338,1765628005166,1765628005166,0,3.86,0.0000,0.0,0.00
1765628005.188418,1,1512,1339,1765628005188,1765628005188,0,3.87,0.0000,0.0,0.00
1765628005.209908,1,1513,1340,1765628005209,1765628005209,0,3.86,0.0000,0.0,0.00
1765628005.231015,1,1514,1341,1765628005231,1765628005231,0,3.87,0.0000,0.0,0.00
1765628005.252211,1,1515,1342,1765628005252,1765628005252,0,3.69,0.0000,0.0,0.00
1765628005.276470,1,1516,1343,1765628005273,1765628005275,2,3.68,0.0000,0.0,0.00
1765628005.294487,1,1517,1344,1765628005294,1765628005294,0,3.68,0.0000,0.0,0.00
1765628005.310750,1,1518,1345,1765628005305,1765628005310,5,3.73,0.0000,0.0,0.00
1765628005.316942,1,1519,1346,1765628005316,1765628005316,0,3.99,0.0000,0.0,0.00
1765628005.338287,1,1520,1347,1765628005338,1765628005338,0,3.98,0.0000,0.0,0.00
1765628005.363253,1,1521,1348,1765628005359,1765628005361,2,4.02,0.0000,0.0,0.00
1765628005.382075,1,1522,1349,1765628005382,1765628005382,0,4.02,0.0000,0.0,0.00
1765628005.403760,1,1523,1350,1765628005403,1765628005403,0,3.88,0.0000,0.0,0.00
1765628005.425471,1,1524,1351,1765628005425,1765628005425,0,3.89,0.0000,0.0,0.00
1765628005.446905,1,1525,1352,1765628005446,1765628005446,0,3.89,0.0000,0.0,0.00
1765628005.468433,1,1526,1353,1765628005468,1765628005468,0,3.89,0.0000,0.0,0.00
1765628005.479704,1,1527,1354,1765628005479,1765628005479,0,4.05,0.0000,0.0,0.00
1765628005.501934,1,1528,1356,1765628005501,1765628005501,0,4.06,0.0000,0.0,0.00
1765628005.525703,1,1529,1357,1765628005523,1765628005525,2,3.93,0.0000,0.0,0.00
1765628005.544147,1,1530,1358,1765628005544,1765628005544,0,3.90,0.0000,0.0,0.00
1765628005.565009,1,1531,1359,1765628005565,1765628005565,0,3.86,0.0000,0.0,0.00
1765628005.585989,1,1532,1360,1765628005585,1765628005585,0,3.84,0.0000,0.0,0.00
1765628005.609720,1,1533,1361,1765628005607,1765628005609,2,3.88,0.0000,0.0,0.00
1765628005.630116,1,1534,1362,1765628005630,1765628005630,0,3.87,0.0000,0.0,0.00
1765628005.641350,1,1535,1363,1765628005641,1765628005641,0,4.01,0.0000,0.0,0.00
1765628005.652071,1,1536,1364,1765628005652,1765628005652,0,4.20,0.0000,0.0,0.00
1765628005.663461,1,1537,1365,1765628005663,1765628005663,0,4.34,0.0000,0.0,0.00
1765628005.684618,1,1538,1366,1765628005684,1765628005684,0,4.32,0.0000,0.0,0.00
1765628005.708460,1,1539,1367,1765628005705,1765628005708,3,4.18,0.0000,0.0,0.00
1765628005.726864,1,1540,1368,1765628005726,1765628005726,0,4.16,0.0000,0.0,0.00
1765628005.748674,1,1541,1369,1765628005748,1765628005748,0,3.98,0.0000,0.0,0.00
1765628005.769415,1,1542,1370,1765628005769,1765628005769,0,3.98,0.0000,0.0,0.00
1765628005.793424,1,1543,1372,1765628005792,1765628005793,1,3.84,0.0000,0.0,0.00
1765628005.803585,1,1544,1373,1765628005802,1765628005802,0,3.89,0.0000,0.0,0.00
1765628005.813859,1,1545,1374,1765628005813,1765628005813,0,4.05,0.0000,0.0,0.00
1765628005.835614,1,1546,1375,1765628005835,1765628005835,0,4.06,0.0000,0.0,0.00
1765628005.862512,1,1547,1376,1765628005857,1765628005862,5,4.13,0.0000,0.0,0.00
1765628005.868498,1,1548,1377,1765628005868,1765628005868,0,4.40,0.0000,0.0,0.00
1765628005.893646,1,1549,1378,1765628005889,1765628005890,1,4.38,0.0000,0.0,0.00
1765628005.900913,1,1550,1379,1765628005900,1765628005900,0,4.59,0.0000,0.0,0.00
1765628005.922258,1,1551,1380,1765628005922,1765628005922,0,4.43,0.0000,0.0,0.00
1765628005.934058,1,1552,1381,1765628005934,1765628005934,0,4.41,0.0000,0.0,0.00
1765628005.956083,1,1553,1382,1765628005955,1765628005956,1,4.41,0.0000,0.0,0.00
1765628005.966644,1,1554,1383,1765628005966,1765628005966,0,4.59,0.0000,0.0,0.00
1765628005.977864,1,1555,1384,1765628005977,1765628005977,0,4.56,0.0000,0.0,0.00
1765628006.000011,1,1556,1385,1765628006000,1765628006000,0,4.56,0.0000,0.0,0.00
1765628006.021153,1,1557,1386,1765628006020,1765628006020,0,4.37,0.0000,0.0,0.00
1765628006.044634,1,1558,1387,1765628006042,1765628006044,2,4.39,0.0000,0.0,0.00
1765628006.053544,1,1559,1388,1765628006053,1765628006053,0,4.60,0.0000,0.0,0.00
1765628006.065722,1,1560,1390,1765628006064,1765628006064,0,4.76,0.0000,0.0,0.00
1765628006.078175,1,1561,1391,1765628006075,1765628006078,3,4.78,0.0000,0.0,0.00
1765628006.087173,1,1562,1392,1765628006087,1765628006087,0,4.76,0.0000,0.0,0.00
1765628006.110079,1,1563,1393,1765628006108,1765628006110,2,4.64,0.0000,0.0,0.00
1765628006.130442,1,1564,1394,1765628006129,1765628006129,0,4.61,0.0000,0.0,0.00
1765628006.151509,1,1565,1395,1765628006151,1765628006151,0,4.61,0.0000,0.0,0.00
1765628006.176003,1,1566,1396,1765628006172,1765628006176,4,4.64,0.0000,0.0,0.00
1765628006.184010,1,1567,1397,1765628006184,1765628006184,0,4.86,0.0000,0.0,0.00
1765628006.210053,1,1568,1398,1765628006205,1765628006209,4,4.90,0.0000,0.0,0.00
1765628006.217064,1,1569,1399,1765628006217,1765628006217,0,5.05,0.0000,0.0,0.00
1765628006.237966,1,1570,1400,1765628006237,1765628006237,0,5.07,0.0000,0.0,0.00
1765628006.260575,1,1571,1401,1765628006259,1765628006260,1,5.09,0.0000,0.0,0.00
1765628006.276309,1,1572,1402,1765628006271,1765628006275,4,5.11,0.0000,0.0,0.00
1765628006.282702,1,1573,1403,1765628006282,1765628006282,0,5.32,0.0000,0.0,0.00
1765628006.303567,1,1574,1404,1765628006303,1765628006303,0,5.31,0.0000,0.0,0.00
1765628006.324705,1,1575,1405,1765628006324,1765628006324,0,5.31,0.0000,0.0,0.00
1765628006.336009,1,1576,1406,1765628006336,1765628006336,0,5.37,0.0000,0.0,0.00
1765628006.347225,1,1577,1407,1765628006347,1765628006347,0,5.49,0.0000,0.0,0.00
1765628006.368562,1,1578,1408,1765628006368,1765628006368,0,5.50,0.0000,0.0,0.00
1765628006.389989,1,1579,1409,1765628006389,1765628006389,0,5.29,0.0000,0.0,0.00
1765628006.410913,1,1580,1410,1765628006410,1765628006410,0,5.27,0.0000,0.0,0.00
1765628006.424103,1,1581,1411,1765628006422,1765628006424,2,5.29,0.0000,0.0,0.00
1765628006.443378,1,1582,1412,1765628006443,1765628006443,0,5.27,0.0000,0.0,0.00
1765628006.464587,1,1583,1413,1765628006464,1765628006464,0,5.27,0.0000,0.0,0.00
1765628006.485627,1,1584,1414,1765628006485,1765628006485,0,5.26,0.0000,0.0,0.00
1765628006.508912,1,1585,1415,1765628006507,1765628006508,1,5.28,0.0000,0.0,0.00
1765628006.529114,1,1586,1416,1765628006529,1765628006529,0,5.27,0.0000,0.0,0.00
1765628006.550407,1,1587,1417,1765628006550,1765628006550,0,5.16,0.0000,0.0,0.00
1765628006.573734,1,1588,1418,1765628006571,1765628006573,2,5.17,0.0000,0.0,0.00
1765628006.592758,1,1589,1420,1765628006592,1765628006592,0,5.11,0.0000,0.0,0.00
1765628006.614137,1,1590,1421,1765628006614,1765628006614,0,5.15,0.0000,0.0,0.00
1765628006.625380,1,1591,1422,1765628006625,1765628006625,0,5.26,0.0000,0.0,0.00
1765628006.647063,1,1592,1423,1765628006647,1765628006647,0,5.28,0.0000,0.0,0.00
1765628006.668785,1,1593,1424,1765628006668,1765628006668,0,5.24,0.0000,0.0,0.00
1765628006.691492,1,1594,1425,1765628006689,1765628006691,2,5.27,0.0000,0.0,0.00
1765628006.711676,1,1595,1426,1765628006711,1765628006711,0,5.15,0.0000,0.0,0.00
1765628006.732752,1,1596,1427,1765628006732,1765628006732,0,5.03,0.0000,0.0,0.00
1765628006.758219,1,1597,1428,1765628006753,1765628006758,5,4.97,0.0000,0.0,0.00
1765628006.765874,1,1598,1429,1765628006764,1765628006764,0,5.20,0.0000,0.0,0.00
1765628006.776388,1,1599,1430,1765628006776,1765628006776,0,5.26,0.0000,0.0,0.00
1765628006.793265,1,1600,1431,1765628006788,1765628006793,5,5.27,0.0000,0.0,0.00
1765628006.800134,1,1601,1432,1765628006800,1765628006800,0,5.44,0.0000,0.0,0.00
1765628006.811288,1,1602,1433,1765628006811,1765628006811,0,5.53,0.0000,0.0,0.00
1765628006.832725,1,1603,1434,1765628006832,1765628006832,0,5.49,0.0000,0.0,0.00
1765628006.857589,1,1604,1435,1765628006854,1765628006857,3,5.41,0.0000,0.0,0.00
1765628006.865381,1,1605,1436,1765628006865,1765628006865,0,5.48,0.0000,0.0,0.00
1765628006.876644,1,1606,1437,1765628006876,1765628006876,0,5.55,0.0000,0.0,0.00
1765628006.897927,1,1607,1438,1765628006897,1765628006897,0,5.47,0.0000,0.0,0.00
1765628006.921653,1,1608,1439,1765628006918,1765628006921,3,5.32,0.0000,0.0,0.00
1765628006.939732,1,1609,1440,1765628006939,1765628006939,0,5.27,0.0000,0.0,0.00
1765628006.960924,1,1610,1441,1765628006960,1765628006960,0,5.16,0.0000,0.0,0.00
1765628006.983378,1,1611,1442,1765628006982,1765628006982,0,5.16,0.0000,0.0,0.00
1765628007.004662,1,1612,1443,1765628007003,1765628007003,0,5.07,0.0000,0.0,0.00
1765628007.024981,1,1613,1444,1765628007024,1765628007024,0,5.06,0.0000,0.0,0.00
1765628007.038268,1,1614,1445,1765628007036,1765628007037,1,5.00,0.0000,0.0,0.00
1765628007.057498,1,1615,1446,1765628007057,1765628007057,0,4.87,0.0000,0.0,0.00
1765628007.078896,1,1616,1447,1765628007078,1765628007078,0,4.84,0.0000,0.0,0.00
1765628007.103730,1,1617,1448,1765628007100,1765628007103,3,4.90,0.0000,0.0,0.00
1765628007.121809,1,1618,1449,1765628007121,1765628007121,0,4.83,0.0000,0.0,0.00
1765628007.143153,1,1619,1450,1765628007143,1765628007143,0,4.68,0.0000,0.0,0.00
1765628007.164316,1,1620,1451,1765628007164,1765628007164,0,4.56,0.0000,0.0,0.00
1765628007.188690,1,1621,1452,1765628007185,1765628007187,2,4.51,0.0000,0.0,0.00
1765628007.206990,1,1622,1453,1765628007206,1765628007206,0,4.29,0.0000,0.0,0.00
1765628007.228062,1,1623,1454,1765628007228,1765628007228,0,4.28,0.0000,0.0,0.00
1765628007.250180,1,1624,1455,1765628007249,1765628007249,0,4.30,0.0000,0.0,0.00
1765628007.270671,1,1625,1456,1765628007270,1765628007270,0,4.29,0.0000,0.0,0.00
1765628007.292370,1,1626,1457,1765628007291,1765628007291,0,4.25,0.0000,0.0,0.00
1765628007.312991,1,1627,1458,1765628007312,1765628007312,0,4.02,0.0000,0.0,0.00
1765628007.339978,1,1628,1459,1765628007334,1765628007339,5,4.04,0.0000,0.0,0.00
1765628007.357157,1,1629,1460,1765628007356,1765628007357,1,3.80,0.0000,0.0,0.00
1765628007.367478,1,1630,1461,1765628007367,1765628007367,0,4.00,0.0000,0.0,0.00
1765628007.389680,1,1631,1462,1765628007389,1765628007389,0,3.99,0.0000,0.0,0.00
1765628007.400237,1,1632,1463,1765628007400,1765628007400,0,4.08,0.0000,0.0,0.00
1765628007.423006,1,1633,1464,1765628007421,1765628007423,2,3.84,0.0000,0.0,0.00
1765628007.442818,1,1634,1465,1765628007442,1765628007442,0,3.82,0.0000,0.0,0.00
1765628007.457698,1,1635,1466,1765628007454,1765628007457,3,3.90,0.0000,0.0,0.00
1765628007.475579,1,1636,1467,1765628007475,1765628007475,0,3.76,0.0000,0.0,0.00
1765628007.496597,1,1637,1468,1765628007496,1765628007496,0,3.60,0.0000,0.0,0.00
1765628007.517645,1,1638,1469,1765628007517,1765628007517,0,3.60,0.0000,0.0,0.00
1765628007.541558,1,1639,1470,1765628007538,1765628007541,3,3.64,0.0000,0.0,0.00
1765628007.559777,1,1640,1471,1765628007559,1765628007559,0,3.64,0.0000,0.0,0.00
1765628007.630080,1,1641,1472,1765628007630,1765628007630,0,4.14,0.0000,0.0,0.00
1765628007.652118,1,1642,1473,1765628007651,1765628007651,0,4.13,0.0000,0.0,0.00
1765628007.677151,1,1643,1474,1765628007673,1765628007677,4,4.19,0.0000,0.0,0.00
1765628007.685482,1,1644,1475,1765628007684,1765628007684,0,4.45,0.0000,0.0,0.00
1765628007.708198,1,1645,1476,1765628007705,1765628007708,3,4.47,0.0000,0.0,0.00
1765628007.727501,1,1646,1477,1765628007726,1765628007726,0,4.50,0.0000,0.0,0.00
1765628007.748782,1,1647,1478,1765628007748,1765628007748,0,4.51,0.0000,0.0,0.00
1765628007.773584,1,1648,1479,1765628007769,1765628007773,4,4.53,0.0000,0.0,0.00
1765628007.791473,1,1649,1480,1765628007790,1765628007791,1,4.55,0.0000,0.0,0.00
1765628007.812307,1,1650,1481,1765628007812,1765628007812,0,4.54,0.0000,0.0,0.00
1765628007.833468,1,1651,1482,1765628007833,1765628007833,0,4.37,0.0000,0.0,0.00
1765628007.859470,1,1652,1483,1765628007855,1765628007858,3,4.41,0.0000,0.0,0.00
1765628007.867277,1,1653,1484,1765628007867,1765628007867,0,4.62,0.0000,0.0,0.00
1765628007.879082,1,1654,1485,1765628007878,1765628007878,0,4.77,0.0000,0.0,0.00
1765628007.892620,1,1655,1486,1765628007890,1765628007891,1,4.90,0.0000,0.0,0.00
1765628007.901555,1,1656,1487,1765628007901,1765628007901,0,5.07,0.0000,0.0,0.00
1765628007.923112,1,1657,1489,1765628007922,1765628007923,1,5.01,0.0000,0.0,0.00
1765628007.944362,1,1658,1490,1765628007943,1765628007943,0,4.75,0.0000,0.0,0.00
1765628007.965565,1,1659,1491,1765628007965,1765628007965,0,4.63,0.0000,0.0,0.00
1765628007.990870,1,1660,1492,1765628007986,1765628007990,4,4.63,0.0000,0.0,0.00
1765628008.008420,1,1661,1493,1765628008008,1765628008008,0,4.41,0.0000,0.0,0.00
1765628008.029472,1,1662,1494,1765628008029,1765628008029,0,4.23,0.0000,0.0,0.00
1765628008.051408,1,1663,1495,1765628008050,1765628008050,0,4.23,0.0000,0.0,0.00
1765628008.074995,1,1664,1496,1765628008072,1765628008074,2,4.22,0.0000,0.0,0.00
1765628008.094089,1,1665,1497,1765628008093,1765628008094,1,3.97,0.0000,0.0,0.00
1765628008.114868,1,1666,1498,1765628008114,1765628008114,0,3.79,0.0000,0.0,0.00
1765628008.136545,1,1667,1499,1765628008136,1765628008136,0,3.80,0.0000,0.0,0.00
1765628008.148239,1,1668,1500,1765628008147,1765628008147,0,3.95,0.0000,0.0,0.00
1765628008.286786,1,1669,1501,1765628008275,1765628008285,10,6.28,0.0000,0.0,0.00
1765628008.287292,1,1670,1502,1765628008287,1765628008287,0,6.42,0.0000,0.0,0.00
1765628008.308468,1,1671,1503,1765628008308,1765628008308,0,6.42,0.0000,0.0,0.00
1765628008.330070,1,1672,1504,1765628008330,1765628008330,0,6.42,0.0000,0.0,0.00
1765628008.351541,1,1673,1505,1765628008351,1765628008351,0,6.42,0.0000,0.0,0.00
1765628008.373420,1,1674,1506,1765628008372,1765628008372,0,6.36,0.0000,0.0,0.00
1765628008.395505,1,1675,1507,1765628008393,1765628008394,1,6.34,0.0000,0.0,0.00
1765628008.415227,1,1676,1508,1765628008415,1765628008415,0,6.34,0.0000,0.0,0.00
1765628008.436516,1,1677,1509,1765628008436,1765628008436,0,6.28,0.0000,0.0,0.00
1765628008.448243,1,1678,1510,1765628008448,1765628008448,0,6.32,0.0000,0.0,0.00
1765628008.469417,1,1679,1511,1765628008469,1765628008469,0,6.33,0.0000,0.0,0.00
1765628008.490569,1,1680,1512,1765628008490,1765628008490,0,6.33,0.0000,0.0,0.00
1765628008.501751,1,1681,1513,1765628008501,1765628008501,0,6.40,0.0000,0.0,0.00
1765628008.513531,1,1682,1514,1765628008513,1765628008513,0,6.47,0.0000,0.0,0.00
1765628008.535119,1,1683,1515,1765628008535,1765628008535,0,6.47,0.0000,0.0,0.00
1765628008.546299,1,1684,1516,1765628008545,1765628008546,1,6.58,0.0000,0.0,0.00
1765628008.567441,1,1685,1517,1765628008567,1765628008567,0,6.58,0.0000,0.0,0.00
1765628008.588672,1,1686,1518,1765628008588,1765628008588,0,6.58,0.0000,0.0,0.00
1765628008.612172,1,1687,1520,1765628008610,1765628008612,2,6.62,0.0000,0.0,0.00
1765628008.631391,1,1688,1521,1765628008631,1765628008631,0,6.53,0.0000,0.0,0.00
1765628008.652859,1,1689,1522,1765628008652,1765628008652,0,6.50,0.0000,0.0,0.00
1765628008.677887,1,1690,1523,1765628008674,1765628008676,2,6.42,0.0000,0.0,0.00
1765628008.695294,1,1691,1524,1765628008695,1765628008695,0,6.45,0.0000,0.0,0.00
1765628008.714948,1,1692,1525,1765628008709,1765628008713,4,6.37,0.0000,0.0,0.00
1765628008.731431,1,1693,1526,1765628008731,1765628008731,0,6.39,0.0000,0.0,0.00
1765628008.752816,1,1694,1527,1765628008752,1765628008752,0,6.37,0.0000,0.0,0.00
1765628008.777621,1,1695,1528,1765628008774,1765628008777,3,6.37,0.0000,0.0,0.00
1765628008.795507,1,1696,1530,1765628008795,1765628008795,0,6.37,0.0000,0.0,0.00
1765628008.810398,1,1697,1531,1765628008806,1765628008810,4,6.43,0.0000,0.0,0.00
1765628008.818552,1,1698,1532,1765628008818,1765628008818,0,6.57,0.0000,0.0,0.00
1765628008.843772,1,1699,1533,1765628008839,1765628008843,4,6.59,0.0000,0.0,0.00
1765628008.850941,1,1700,1534,1765628008850,1765628008850,0,6.71,0.0000,0.0,0.00
1765628008.877109,1,1701,1535,1765628008872,1765628008872,0,5.75,0.0000,0.0,0.00
1765628008.894037,1,1702,1536,1765628008894,1765628008894,0,5.76,0.0000,0.0,0.00
1765628008.915558,1,1703,1537,1765628008915,1765628008915,0,5.69,0.0000,0.0,0.00
1765628008.928461,1,1704,1538,1765628008927,1765628008928,1,5.58,0.0000,0.0,0.00
1765628008.949861,1,1705,1539,1765628008949,1765628008949,0,5.54,0.0000,0.0,0.00
1765628008.961775,1,1706,1540,1765628008960,1765628008961,1,5.65,0.0000,0.0,0.00
1765628008.977173,1,1707,1541,1765628008972,1765628008972,0,5.81,0.0000,0.0,0.00
1765628008.993613,1,1708,1542,1765628008993,1765628008993,0,5.76,0.0000,0.0,0.00
1765628009.014476,1,1709,1543,1765628009014,1765628009014,0,5.72,0.0000,0.0,0.00
1765628009.036197,1,1710,1544,1765628009035,1765628009035,0,5.72,0.0000,0.0,0.00
1765628009.060785,1,1711,1545,1765628009057,1765628009059,2,5.76,0.0000,0.0,0.00
1765628009.078520,1,1712,1546,1765628009078,1765628009078,0,5.72,0.0000,0.0,0.00
1765628009.092059,1,1713,1548,1765628009090,1765628009092,2,5.63,0.0000,0.0,0.00
1765628009.101949,1,1714,1549,1765628009101,1765628009101,0,5.67,0.0000,0.0,0.00
1765628009.126068,1,1715,1550,1765628009122,1765628009126,4,5.59,0.0000,0.0,0.00
1765628009.144633,1,1716,1551,1765628009144,1765628009144,0,5.43,0.0000,0.0,0.00
1765628009.161255,1,1717,1552,1765628009155,1765628009161,6,5.48,0.0000,0.0,0.00
1765628009.168898,1,1718,1553,1765628009168,1765628009168,0,5.73,0.0000,0.0,0.00
1765628009.180192,1,1719,1554,1765628009180,1765628009180,0,5.86,0.0000,0.0,0.00
1765628009.194325,1,1720,1555,1765628009191,1765628009194,3,5.90,0.0000,0.0,0.00
1765628009.212529,1,1721,1556,1765628009212,1765628009212,0,5.90,0.0000,0.0,0.00
1765628009.233801,1,1722,1557,1765628009233,1765628009233,0,5.90,0.0000,0.0,0.00
1765628009.245589,1,1723,1558,1765628009245,1765628009245,0,6.03,0.0000,0.0,0.00
1765628009.266456,1,1724,1559,1765628009266,1765628009266,0,5.98,0.0000,0.0,0.00
1765628009.287970,1,1725,1560,1765628009287,1765628009287,0,6.00,0.0000,0.0,0.00
1765628009.309683,1,1726,1561,1765628009309,1765628009309,0,6.03,0.0000,0.0,0.00
1765628009.331710,1,1727,1562,1765628009331,1765628009331,0,6.03,0.0000,0.0,0.00
1765628009.352803,1,1728,1563,1765628009352,1765628009352,0,5.87,0.0000,0.0,0.00
1765628009.364844,1,1729,1564,1765628009364,1765628009364,0,4.36,0.0000,0.0,0.00
1765628009.386329,1,1730,1565,1765628009386,1765628009386,0,4.08,0.0000,0.0,0.00
1765628009.397948,1,1731,1566,1765628009396,1765628009396,0,4.21,0.0000,0.0,0.00
1765628009.409302,1,1732,1567,1765628009408,1765628009408,0,4.28,0.0000,0.0,0.00
1765628009.430126,1,1733,1568,1765628009429,1765628009430,1,4.29,0.0000,0.0,0.00
1765628009.451538,1,1734,1569,1765628009451,1765628009451,0,4.29,0.0000,0.0,0.00
1765628009.462706,1,1735,1570,1765628009462,1765628009462,0,4.39,0.0000,0.0,0.00
1765628009.484771,1,1736,1571,1765628009484,1765628009484,0,4.41,0.0000,0.0,0.00
1765628009.506937,1,1737,1572,1765628009505,1765628009506,1,4.42,0.0000,0.0,0.00
1765628009.517575,1,1738,1573,1765628009517,1765628009517,0,4.44,0.0000,0.0,0.00
1765628009.540957,1,1739,1574,1765628009538,1765628009540,2,4.46,0.0000,0.0,0.00
1765628009.560246,1,1740,1575,1765628009559,1765628009559,0,4.44,0.0000,0.0,0.00
1765628009.581158,1,1741,1576,1765628009581,1765628009581,0,4.33,0.0000,0.0,0.00
1765628009.602996,1,1742,1577,1765628009602,1765628009602,0,4.25,0.0000,0.0,0.00
1765628009.624214,1,1743,1578,1765628009624,1765628009624,0,4.25,0.0000,0.0,0.00
1765628009.645994,1,1744,1579,1765628009645,1765628009645,0,4.14,0.0000,0.0,0.00
1765628009.666495,1,1745,1580,1765628009666,1765628009666,0,4.14,0.0000,0.0,0.00
1765628009.677738,1,1746,1581,1765628009677,1765628009677,0,4.25,0.0000,0.0,0.00
1765628009.699005,1,1747,1582,1765628009699,1765628009699,0,4.23,0.0000,0.0,0.00
1765628009.725820,1,1748,1583,1765628009720,1765628009725,5,4.32,0.0000,0.0,0.00
1765628009.742563,1,1749,1584,1765628009741,1765628009742,1,4.31,0.0000,0.0,0.00
1765628009.759090,1,1750,1585,1765628009753,1765628009757,4,4.28,0.0000,0.0,0.00
1765628009.775181,1,1751,1586,1765628009774,1765628009774,0,4.29,0.0000,0.0,0.00
1765628009.796370,1,1752,1587,1765628009796,1765628009796,0,4.34,0.0000,0.0,0.00
1765628009.817611,1,1753,1588,1765628009817,1765628009817,0,4.38,0.0000,0.0,0.00
1765628009.828750,1,1754,1589,1765628009828,1765628009828,0,4.48,0.0000,0.0,0.00
1765628009.850213,1,1755,1590,1765628009850,1765628009850,0,4.44,0.0000,0.0,0.00
1765628009.873015,1,1756,1591,1765628009871,1765628009873,2,4.51,0.0000,0.0,0.00
1765628009.892822,1,1757,1592,1765628009892,1765628009892,0,4.46,0.0000,0.0,0.00
1765628009.914396,1,1758,1593,1765628009913,1765628009913,0,4.29,0.0000,0.0,0.00
1765628009.936089,1,1759,1594,1765628009935,1765628009936,1,4.27,0.0000,0.0,0.00
1765628009.957685,1,1760,1595,1765628009956,1765628009956,0,4.05,0.0000,0.0,0.00
1765628009.978537,1,1761,1596,1765628009978,1765628009978,0,4.05,0.0000,0.0,0.00
1765628010.000016,1,1762,1597,1765628010000,1765628010000,0,4.05,0.0000,0.0,0.00
1765628010.021246,1,1763,1598,1765628010021,1765628010021,0,4.05,0.0000,0.0,0.00
1765628010.042844,1,1764,1599,1765628010042,1765628010042,0,3.96,0.0000,0.0,0.00
1765628010.054094,1,1765,1600,1765628010054,1765628010054,0,4.07,0.0000,0.0,0.00
1765628010.075610,1,1766,1601,1765628010075,1765628010075,0,3.96,0.0000,0.0,0.00
1765628010.097065,1,1767,1602,1765628010097,1765628010097,0,3.83,0.0000,0.0,0.00
1765628010.118257,1,1768,1603,1765628010118,1765628010118,0,3.83,0.0000,0.0,0.00
1765628010.139643,1,1769,1604,1765628010139,1765628010139,0,3.83,0.0000,0.0,0.00
1765628010.161513,1,1770,1605,1765628010161,1765628010161,0,3.84,0.0000,0.0,0.00
1765628010.182642,1,1771,1606,1765628010182,1765628010182,0,3.81,0.0000,0.0,0.00
1765628010.204896,1,1772,1607,1765628010204,1765628010204,0,3.84,0.0000,0.0,0.00
1765628010.218055,1,1773,1608,1765628010215,1765628010218,3,3.84,0.0000,0.0,0.00
1765628010.227662,1,1774,1609,1765628010226,1765628010226,0,3.87,0.0000,0.0,0.00
1765628010.237570,1,1775,1610,1765628010237,1765628010237,0,3.96,0.0000,0.0,0.00
1765628010.259135,1,1776,1611,1765628010259,1765628010259,0,3.99,0.0000,0.0,0.00
1765628010.280678,1,1777,1612,1765628010280,1765628010280,0,3.98,0.0000,0.0,0.00
1765628010.291957,1,1778,1613,1765628010291,1765628010291,0,3.89,0.0000,0.0,0.00
1765628010.303373,1,1779,1614,1765628010303,1765628010303,0,3.89,0.0000,0.0,0.00
1765628010.325229,1,1780,1616,1765628010325,1765628010325,0,3.81,0.0000,0.0,0.00
1765628010.347048,1,1781,1617,1765628010345,1765628010347,2,3.82,0.0000,0.0,0.00
1765628010.367993,1,1782,1618,1765628010367,1765628010367,0,3.81,0.0000,0.0,0.00
1765628010.381197,1,1783,1619,1765628010379,1765628010381,2,3.76,0.0000,0.0,0.00
1765628010.400011,1,1784,1620,1765628010400,1765628010400,0,3.74,0.0000,0.0,0.00
1765628010.421181,1,1785,1621,1765628010421,1765628010421,0,3.74,0.0000,0.0,0.00
1765628010.432324,1,1786,1622,1765628010432,1765628010432,0,3.90,0.0000,0.0,0.00
1765628010.454001,1,1787,1623,1765628010454,1765628010454,0,3.90,0.0000,0.0,0.00
1765628010.475976,1,1788,1624,1765628010475,1765628010475,0,3.90,0.0000,0.0,0.00
1765628010.487227,1,1789,1625,1765628010487,1765628010487,0,3.90,0.0000,0.0,0.00
1765628010.498360,1,1790,1626,1765628010498,1765628010498,0,4.04,0.0000,0.0,0.00
1765628010.519528,1,1791,1627,1765628010519,1765628010519,0,3.86,0.0000,0.0,0.00
1765628010.540649,1,1792,1628,1765628010540,1765628010540,0,3.72,0.0000,0.0,0.00
1765628010.565008,1,1793,1629,1765628010561,1765628010563,2,3.73,0.0000,0.0,0.00
1765628010.583759,1,1794,1630,1765628010583,1765628010583,0,3.72,0.0000,0.0,0.00
1765628010.604992,1,1795,1632,1765628010604,1765628010604,0,3.55,0.0000,0.0,0.00
1765628010.630619,1,1796,1633,1765628010626,1765628010629,3,3.59,0.0000,0.0,0.00
1765628010.638041,1,1797,1634,1765628010638,1765628010638,0,3.79,0.0000,0.0,0.00
1765628010.664330,1,1798,1635,1765628010659,1765628010664,5,3.67,0.0000,0.0,0.00
1765628010.670402,1,1799,1636,1765628010670,1765628010670,0,3.94,0.0000,0.0,0.00
1765628010.695734,1,1800,1637,1765628010691,1765628010694,3,3.99,0.0000,0.0,0.00
1765628010.713384,1,1801,1638,1765628010712,1765628010712,0,3.98,0.0000,0.0,0.00
1765628010.734268,1,1802,1639,1765628010734,1765628010734,0,3.99,0.0000,0.0,0.00
1765628010.755898,1,1803,1640,1765628010755,1765628010755,0,3.98,0.0000,0.0,0.00
1765628010.778479,1,1804,1641,1765628010777,1765628010778,1,4.00,0.0000,0.0,0.00
1765628010.798770,1,1805,1642,1765628010798,1765628010798,0,3.99,0.0000,0.0,0.00
1765628010.820055,1,1806,1643,1765628010820,1765628010820,0,3.83,0.0000,0.0,0.00
1765628010.831646,1,1807,1644,1765628010831,1765628010831,0,3.99,0.0000,0.0,0.00
1765628010.843274,1,1808,1645,1765628010842,1765628010843,1,4.07,0.0000,0.0,0.00
1765628010.863934,1,1809,1646,1765628010863,1765628010863,0,4.04,0.0000,0.0,0.00
1765628010.877698,1,1810,1647,1765628010875,1765628010876,1,4.09,0.0000,0.0,0.00
1765628010.887607,1,1811,1648,1765628010887,1765628010887,0,4.23,0.0000,0.0,0.00
1765628010.898265,1,1812,1649,1765628010898,1765628010898,0,4.37,0.0000,0.0,0.00
1765628010.919882,1,1813,1650,1765628010919,1765628010919,0,4.37,0.0000,0.0,0.00
1765628010.941848,1,1814,1651,1765628010941,1765628010941,0,4.23,0.0000,0.0,0.00
1765628010.952451,1,1815,1652,1765628010952,1765628010952,0,4.37,0.0000,0.0,0.00
1765628010.975782,1,1816,1653,1765628010973,1765628010974,1,4.35,0.0000,0.0,0.00
1765628010.995834,1,1817,1654,1765628010995,1765628010995,0,4.38,0.0000,0.0,0.00
1765628011.016656,1,1818,1655,1765628011016,1765628011016,0,4.38,0.0000,0.0,0.00
1765628011.042074,1,1819,1656,1765628011037,1765628011040,3,4.39,0.0000,0.0,0.00
1765628011.059216,1,1820,1657,1765628011059,1765628011059,0,4.38,0.0000,0.0,0.00
1765628011.080435,1,1821,1658,1765628011080,1765628011080,0,4.37,0.0000,0.0,0.00
1765628011.102074,1,1822,1659,1765628011102,1765628011102,0,4.37,0.0000,0.0,0.00
1765628011.123152,1,1823,1660,1765628011123,1765628011123,0,4.37,0.0000,0.0,0.00
1765628011.134465,1,1824,1661,1765628011134,1765628011134,0,4.50,0.0000,0.0,0.00
1765628011.157765,1,1825,1662,1765628011155,1765628011157,2,4.41,0.0000,0.0,0.00
1765628011.177768,1,1826,1663,1765628011177,1765628011177,0,4.40,0.0000,0.0,0.00
1765628011.188940,1,1827,1664,1765628011188,1765628011188,0,4.52,0.0000,0.0,0.00
1765628011.200099,1,1828,1665,1765628011200,1765628011200,0,4.62,0.0000,0.0,0.00
1765628011.222195,1,1829,1666,1765628011221,1765628011222,1,4.63,0.0000,0.0,0.00
1765628011.242299,1,1830,1667,1765628011242,1765628011242,0,4.61,0.0000,0.0,0.00
1765628011.263755,1,1831,1668,1765628011263,1765628011263,0,4.61,0.0000,0.0,0.00
1765628011.286970,1,1832,1669,1765628011285,1765628011286,1,4.62,0.0000,0.0,0.00
1765628011.306668,1,1833,1670,1765628011306,1765628011306,0,4.56,0.0000,0.0,0.00
1765628011.328171,1,1834,1671,1765628011328,1765628011328,0,4.37,0.0000,0.0,0.00
1765628011.352303,1,1835,1672,1765628011349,1765628011352,3,4.25,0.0000,0.0,0.00
1765628011.361537,1,1836,1673,1765628011360,1765628011360,0,4.45,0.0000,0.0,0.00
1765628011.381772,1,1837,1674,1765628011381,1765628011381,0,4.45,0.0000,0.0,0.00
1765628011.404463,1,1838,1675,1765628011403,1765628011404,1,4.33,0.0000,0.0,0.00
1765628011.424452,1,1839,1676,1765628011424,1765628011424,0,4.19,0.0000,0.0,0.00
1765628011.446260,1,1840,1677,1765628011445,1765628011445,0,4.18,0.0000,0.0,0.00
1765628011.456788,1,1841,1678,1765628011456,1765628011456,0,4.32,0.0000,0.0,0.00
1765628011.477950,1,1842,1679,1765628011477,1765628011477,0,4.33,0.0000,0.0,0.00
1765628011.499025,1,1843,1680,1765628011499,1765628011499,0,4.26,0.0000,0.0,0.00
1765628011.520013,1,1844,1681,1765628011520,1765628011520,0,4.28,0.0000,0.0,0.00
1765628011.541497,1,1845,1682,1765628011541,1765628011541,0,4.28,0.0000,0.0,0.00
1765628011.563226,1,1846,1683,1765628011563,1765628011563,0,4.12,0.0000,0.0,0.00
1765628011.574105,1,1847,1684,1765628011574,1765628011574,0,4.28,0.0000,0.0,0.00
1765628011.595707,1,1848,1685,1765628011595,1765628011595,0,4.28,0.0000,0.0,0.00
1765628011.623151,1,1849,1686,1765628011617,1765628011623,6,4.20,0.0000,0.0,0.00
1765628011.638678,1,1850,1687,1765628011638,1765628011638,0,4.10,0.0000,0.0,0.00
1765628011.659759,1,1851,1688,1765628011659,1765628011659,0,4.10,0.0000,0.0,0.00
1765628011.680529,1,1852,1689,1765628011680,1765628011680,0,4.10,0.0000,0.0,0.00
1765628011.703512,1,1853,1690,1765628011701,1765628011703,2,4.10,0.0000,0.0,0.00
1765628011.722848,1,1854,1691,1765628011722,1765628011722,0,4.09,0.0000,0.0,0.00
1765628011.744501,1,1855,1692,1765628011744,1765628011744,0,4.10,0.0000,0.0,0.00
1765628011.766050,1,1856,1693,1765628011765,1765628011766,1,4.07,0.0000,0.0,0.00
1765628011.776710,1,1857,1694,1765628011776,1765628011776,0,4.05,0.0000,0.0,0.00
1765628011.797978,1,1858,1696,1765628011797,1765628011797,0,4.00,0.0000,0.0,0.00
1765628011.809633,1,1859,1697,1765628011809,1765628011809,0,3.86,0.0000,0.0,0.00
1765628011.831692,1,1860,1698,1765628011831,1765628011831,0,3.84,0.0000,0.0,0.00
1765628011.853829,1,1861,1699,1765628011852,1765628011853,1,3.84,0.0000,0.0,0.00
1765628011.874994,1,1862,1700,1765628011874,1765628011874,0,3.83,0.0000,0.0,0.00
1765628011.895708,1,1863,1701,1765628011895,1765628011895,0,3.83,0.0000,0.0,0.00
1765628011.920988,1,1864,1702,1765628011917,1765628011920,3,3.85,0.0000,0.0,0.00
1765628011.939046,1,1865,1703,1765628011939,1765628011939,0,3.84,0.0000,0.0,0.00
1765628011.959647,1,1866,1704,1765628011959,1765628011959,0,3.82,0.0000,0.0,0.00
1765628011.981278,1,1867,1705,1765628011981,1765628011981,0,3.66,0.0000,0.0,0.00
1765628012.006082,1,1868,1706,1765628012002,1765628012006,4,3.54,0.0000,0.0,0.00
1765628012.023845,1,1869,1707,1765628012023,1765628012023,0,3.59,0.0000,0.0,0.00
1765628012.046140,1,1870,1708,1765628012046,1765628012046,0,3.47,0.0000,0.0,0.00
1765628012.056906,1,1871,1709,1765628012056,1765628012056,0,3.49,0.0000,0.0,0.00
1765628012.078941,1,1872,1710,1765628012078,1765628012078,0,3.30,0.0000,0.0,0.00
1765628012.099500,1,1873,1711,1765628012099,1765628012099,0,3.30,0.0000,0.0,0.00
1765628012.120402,1,1874,1712,1765628012120,1765628012120,0,3.29,0.0000,0.0,0.00
1765628012.142797,1,1875,1713,1765628012141,1765628012142,1,3.09,0.0000,0.0,0.00
1765628012.163588,1,1876,1714,1765628012163,1765628012163,0,3.08,0.0000,0.0,0.00
1765628012.184078,1,1877,1715,1765628012184,1765628012184,0,3.08,0.0000,0.0,0.00
1765628012.208346,1,1878,1716,1765628012205,1765628012207,2,3.10,0.0000,0.0,0.00
1765628012.216823,1,1879,1717,1765628012216,1765628012216,0,3.33,0.0000,0.0,0.00
1765628012.240055,1,1880,1718,1765628012238,1765628012240,2,3.35,0.0000,0.0,0.00
1765628012.258973,1,1881,1719,1765628012258,1765628012258,0,3.38,0.0000,0.0,0.00
1765628012.280626,1,1882,1720,1765628012280,1765628012280,0,3.38,0.0000,0.0,0.00
1765628012.301669,1,1883,1721,1765628012301,1765628012301,0,3.38,0.0000,0.0,0.00
1765628012.326107,1,1884,1722,1765628012322,1765628012326,4,3.20,0.0000,0.0,0.00
1765628012.344435,1,1885,1723,1765628012344,1765628012344,0,3.22,0.0000,0.0,0.00
1765628012.355165,1,1886,1724,1765628012355,1765628012355,0,3.44,0.0000,0.0,0.00
1765628012.376716,1,1887,1725,1765628012376,1765628012376,0,3.23,0.0000,0.0,0.00
1765628012.397881,1,1888,1726,1765628012397,1765628012397,0,3.04,0.0000,0.0,0.00
1765628012.419199,1,1889,1727,1765628012419,1765628012419,0,3.04,0.0000,0.0,0.00
1765628012.442219,1,1890,1728,1765628012440,1765628012442,2,3.07,0.0000,0.0,0.00
1765628012.462031,1,1891,1729,1765628012462,1765628012462,0,3.06,0.0000,0.0,0.00
1765628012.483426,1,1892,1730,1765628012483,1765628012483,0,3.04,0.0000,0.0,0.00
1765628012.504595,1,1893,1731,1765628012504,1765628012504,0,3.05,0.0000,0.0,0.00
1765628012.526494,1,1894,1732,1765628012525,1765628012526,1,3.05,0.0000,0.0,0.00
1765628012.546929,1,1895,1733,1765628012546,1765628012546,0,3.02,0.0000,0.0,0.00
1765628012.559357,1,1896,1734,1765628012558,1765628012559,1,2.89,0.0000,0.0,0.00
1765628012.579495,1,1897,1735,1765628012579,1765628012579,0,2.88,0.0000,0.0,0.00
1765628012.593645,1,1898,1736,1765628012590,1765628012592,2,3.03,0.0000,0.0,0.00
1765628012.613421,1,1899,1738,1765628012611,1765628012613,2,3.04,0.0000,0.0,0.00
1765628012.629766,1,1900,1739,1765628012623,1765628012628,5,3.15,0.0000,0.0,0.00
1765628012.635146,1,1901,1740,1765628012635,1765628012635,0,3.25,0.0000,0.0,0.00
1765628012.646140,1,1902,1741,1765628012646,1765628012646,0,3.44,0.0000,0.0,0.00
1765628012.667804,1,1903,1742,1765628012667,1765628012667,0,3.43,0.0000,0.0,0.00
1765628012.689052,1,1904,1743,1765628012689,1765628012689,0,3.44,0.0000,0.0,0.00
1765628012.710447,1,1905,1744,1765628012710,1765628012710,0,3.44,0.0000,0.0,0.00
1765628012.731407,1,1906,1745,1765628012731,1765628012731,0,3.43,0.0000,0.0,0.00
1765628012.753183,1,1907,1746,1765628012752,1765628012753,1,3.25,0.0000,0.0,0.00
1765628012.776111,1,1908,1747,1765628012774,1765628012776,2,3.26,0.0000,0.0,0.00
1765628012.786059,1,1909,1748,1765628012785,1765628012785,0,3.44,0.0000,0.0,0.00
1765628012.808147,1,1910,1749,1765628012806,1765628012808,2,3.37,0.0000,0.0,0.00
1765628012.828252,1,1911,1750,1765628012828,1765628012828,0,3.36,0.0000,0.0,0.00
1765628012.849531,1,1912,1751,1765628012849,1765628012849,0,3.36,0.0000,0.0,0.00
1765628012.873434,1,1913,1752,1765628012871,1765628012873,2,3.37,0.0000,0.0,0.00
1765628012.892565,1,1914,1753,1765628012892,1765628012892,0,3.37,0.0000,0.0,0.00
1765628012.908426,1,1915,1754,1765628012903,1765628012906,3,3.47,0.0000,0.0,0.00
1765628012.915591,1,1916,1755,1765628012915,1765628012915,0,3.69,0.0000,0.0,0.00
1765628012.926451,1,1917,1756,1765628012926,1765628012926,0,3.67,0.0000,0.0,0.00
1765628012.948087,1,1918,1757,1765628012948,1765628012948,0,3.68,0.0000,0.0,0.00
1765628012.970357,1,1919,1758,1765628012969,1765628012970,1,3.53,0.0000,0.0,0.00
1765628012.990302,1,1920,1759,1765628012990,1765628012990,0,3.51,0.0000,0.0,0.00
1765628013.012110,1,1921,1760,1765628013011,1765628013012,1,3.51,0.0000,0.0,0.00
1765628013.036229,1,1922,1761,1765628013033,1765628013033,0,3.51,0.0000,0.0,0.00
1765628013.055079,1,1923,1762,1765628013055,1765628013055,0,3.52,0.0000,0.0,0.00
1765628013.076382,1,1924,1763,1765628013076,1765628013076,0,3.48,0.0000,0.0,0.00
1765628013.097885,1,1925,1764,1765628013097,1765628013097,0,3.49,0.0000,0.0,0.00
1765628013.120535,1,1926,1765,1765628013119,1765628013120,1,3.52,0.0000,0.0,0.00
1765628013.130479,1,1927,1766,1765628013130,1765628013130,0,3.72,0.0000,0.0,0.00
1765628013.142912,1,1928,1767,1765628013141,1765628013141,0,3.85,0.0000,0.0,0.00
1765628013.162591,1,1929,1768,1765628013162,1765628013162,0,3.82,0.0000,0.0,0.00
1765628013.184614,1,1930,1769,1765628013183,1765628013184,1,3.82,0.0000,0.0,0.00
1765628013.205080,1,1931,1770,1765628013205,1765628013205,0,3.61,0.0000,0.0,0.00
1765628013.226472,1,1932,1771,1765628013226,1765628013226,0,3.60,0.0000,0.0,0.00
1765628013.247478,1,1933,1772,1765628013247,1765628013247,0,3.60,0.0000,0.0,0.00
1765628013.271260,1,1934,1773,1765628013268,1765628013271,3,3.63,0.0000,0.0,0.00
1765628013.290392,1,1935,1774,1765628013290,1765628013290,0,3.61,0.0000,0.0,0.00
1765628013.311824,1,1936,1775,1765628013311,1765628013311,0,3.61,0.0000,0.0,0.00
1765628013.334805,1,1937,1777,1765628013332,1765628013334,2,3.63,0.0000,0.0,0.00
1765628013.354038,1,1938,1778,1765628013354,1765628013354,0,3.60,0.0000,0.0,0.00
1765628013.375994,1,1939,1779,1765628013375,1765628013375,0,3.37,0.0000,0.0,0.00
1765628013.389244,1,1940,1780,1765628013388,1765628013388,0,3.48,0.0000,0.0,0.00
1765628013.401430,1,1941,1781,1765628013399,1765628013401,2,3.59,0.0000,0.0,0.00
1765628013.420846,1,1942,1782,1765628013420,1765628013420,0,3.57,0.0000,0.0,0.00
1765628013.441944,1,1943,1783,1765628013441,1765628013441,0,3.57,0.0000,0.0,0.00
1765628013.463383,1,1944,1784,1765628013463,1765628013463,0,3.54,0.0000,0.0,0.00
1765628013.486298,1,1945,1785,1765628013484,1765628013486,2,3.55,0.0000,0.0,0.00
1765628013.506016,1,1946,1786,1765628013506,1765628013506,0,3.36,0.0000,0.0,0.00
1765628013.527772,1,1947,1787,1765628013527,1765628013527,0,3.36,0.0000,0.0,0.00
1765628013.548521,1,1948,1788,1765628013548,1765628013548,0,3.36,0.0000,0.0,0.00
1765628013.570219,1,1949,1789,1765628013570,1765628013570,0,3.36,0.0000,0.0,0.00
1765628013.592547,1,1950,1790,1765628013591,1765628013591,0,3.35,0.0000,0.0,0.00
1765628013.604821,1,1951,1791,1765628013602,1765628013604,2,3.49,0.0000,0.0,0.00
1765628013.613976,1,1952,1792,1765628013613,1765628013613,0,3.72,0.0000,0.0,0.00
1765628013.635648,1,1953,1793,1765628013635,1765628013635,0,3.72,0.0000,0.0,0.00
1765628013.657129,1,1954,1794,1765628013657,1765628013657,0,3.72,0.0000,0.0,0.00
1765628013.679203,1,1955,1795,1765628013678,1765628013678,0,3.73,0.0000,0.0,0.00
1765628013.700038,1,1956,1796,1765628013700,1765628013700,0,3.61,0.0000,0.0,0.00
1765628013.711167,1,1957,1797,1765628013711,1765628013711,0,3.80,0.0000,0.0,0.00
1765628013.732919,1,1958,1798,1765628013732,1765628013732,0,3.67,0.0000,0.0,0.00
1765628013.754151,1,1959,1799,1765628013753,1765628013753,0,3.67,0.0000,0.0,0.00
1765628013.774944,1,1960,1800,1765628013774,1765628013774,0,3.59,0.0000,0.0,0.00
1765628013.799472,1,1961,1801,1765628013796,1765628013799,3,3.33,0.0000,0.0,0.00
1765628013.817665,1,1962,1802,1765628013817,1765628013817,0,3.16,0.0000,0.0,0.00
1765628013.839297,1,1963,1803,1765628013839,1765628013839,0,3.17,0.0000,0.0,0.00
1765628013.860905,1,1964,1804,1765628013860,1765628013860,0,3.16,0.0000,0.0,0.00
1765628013.884427,1,1965,1805,1765628013882,1765628013884,2,3.18,0.0000,0.0,0.00
1765628013.894391,1,1966,1806,1765628013893,1765628013893,0,3.43,0.0000,0.0,0.00
1765628013.906167,1,1967,1807,1765628013905,1765628013906,1,3.56,0.0000,0.0,0.00
1765628013.917693,1,1968,1808,1765628013916,1765628013917,1,3.71,0.0000,0.0,0.00
1765628013.927830,1,1969,1809,1765628013927,1765628013927,0,3.69,0.0000,0.0,0.00
1765628013.949945,1,1970,1810,1765628013949,1765628013949,0,3.68,0.0000,0.0,0.00
1765628013.970608,1,1971,1811,1765628013970,1765628013970,0,3.69,0.0000,0.0,0.00
1765628013.991563,1,1972,1812,1765628013991,1765628013991,0,3.69,0.0000,0.0,0.00
1765628014.016174,1,1973,1813,1765628014012,1765628014015,3,3.69,0.0000,0.0,0.00
1765628014.033981,1,1974,1814,1765628014033,1765628014033,0,3.71,0.0000,0.0,0.00
1765628014.055312,1,1975,1815,1765628014055,1765628014055,0,3.62,0.0000,0.0,0.00
1765628014.076287,1,1976,1816,1765628014076,1765628014076,0,3.39,0.0000,0.0,0.00
1765628014.097957,1,1977,1817,1765628014097,1765628014097,0,3.19,0.0000,0.0,0.00
1765628014.119143,1,1978,1818,1765628014119,1765628014119,0,3.19,0.0000,0.0,0.00
1765628014.131938,1,1979,1819,1765628014130,1765628014131,1,3.35,0.0000,0.0,0.00
1765628014.142141,1,1980,1820,1765628014142,1765628014142,0,3.55,0.0000,0.0,0.00
1765628014.163693,1,1981,1821,1765628014163,1765628014163,0,3.54,0.0000,0.0,0.00
1765628014.185021,1,1982,1822,1765628014185,1765628014185,0,3.55,0.0000,0.0,0.00
1765628014.206115,1,1983,1823,1765628014206,1765628014206,0,3.54,0.0000,0.0,0.00
1765628014.231106,1,1984,1824,1765628014227,1765628014229,2,3.56,0.0000,0.0,0.00
1765628014.248997,1,1985,1825,1765628014248,1765628014248,0,3.54,0.0000,0.0,0.00
1765628014.269504,1,1986,1826,1765628014269,1765628014269,0,3.52,0.0000,0.0,0.00
1765628014.290851,1,1987,1827,1765628014290,1765628014290,0,3.32,0.0000,0.0,0.00
1765628014.312502,1,1988,1828,1765628014311,1765628014311,0,3.13,0.0000,0.0,0.00
1765628014.332825,1,1989,1829,1765628014332,1765628014332,0,3.13,0.0000,0.0,0.00
1765628014.354179,1,1990,1830,1765628014354,1765628014354,0,3.13,0.0000,0.0,0.00
1765628014.366660,1,1991,1831,1765628014366,1765628014366,0,3.30,0.0000,0.0,0.00
1765628014.388020,1,1992,1832,1765628014388,1765628014388,0,3.31,0.0000,0.0,0.00
1765628014.409513,1,1993,1833,1765628014409,1765628014409,0,3.31,0.0000,0.0,0.00
1765628014.431522,1,1994,1834,1765628014431,1765628014431,0,3.29,0.0000,0.0,0.00
1765628014.452490,1,1995,1835,1765628014452,1765628014452,0,3.30,0.0000,0.0,0.00
1765628014.474792,1,1996,1836,1765628014473,1765628014474,1,3.30,0.0000,0.0,0.00
1765628014.494970,1,1997,1837,1765628014494,1765628014494,0,3.28,0.0000,0.0,0.00
1765628014.516423,1,1998,1838,1765628014516,1765628014516,0,3.30,0.0000,0.0,0.00
1765628014.540009,1,1999,1839,1765628014537,1765628014540,3,3.32,0.0000,0.0,0.00
1765628014.559464,1,2000,1840,1765628014559,1765628014559,0,3.18,0.0000,0.0,0.00
1765628014.581001,1,2001,1841,1765628014581,1765628014581,0,3.03,0.0000,0.0,0.00
1765628014.608015,1,2002,1842,1765628014602,1765628014608,6,3.07,0.0000,0.0,0.00
1765628014.624347,1,2003,1844,1765628014624,1765628014624,0,3.16,0.0000,0.0,0.00
1765628014.646278,1,2004,1845,1765628014645,1765628014645,0,3.15,0.0000,0.0,0.00
1765628014.667745,1,2005,1846,1765628014667,1765628014667,0,3.14,0.0000,0.0,0.00
1765628014.689860,1,2006,1847,1765628014688,1765628014689,1,3.16,0.0000,0.0,0.00
1765628014.709966,1,2007,1848,1765628014709,1765628014709,0,3.15,0.0000,0.0,0.00
1765628014.730995,1,2008,1849,1765628014730,1765628014730,0,3.15,0.0000,0.0,0.00
1765628014.751754,1,2009,1850,1765628014751,1765628014751,0,3.14,0.0000,0.0,0.00
1765628014.773254,1,2010,1851,1765628014773,1765628014773,0,3.15,0.0000,0.0,0.00
1765628014.795285,1,2011,1852,1765628014794,1765628014794,0,2.99,0.0000,0.0,0.00
1765628014.817742,1,2012,1854,1765628014816,1765628014817,1,2.73,0.0000,0.0,0.00
1765628014.828721,1,2013,1855,1765628014828,1765628014828,0,2.95,0.0000,0.0,0.00
1765628014.849953,1,2014,1856,1765628014849,1765628014849,0,2.94,0.0000,0.0,0.00
1765628014.873672,1,2015,1857,1765628014871,1765628014873,2,2.96,0.0000,0.0,0.00
1765628014.892367,1,2016,1858,1765628014892,1765628014892,0,2.97,0.0000,0.0,0.00
1765628014.914101,1,2017,1859,1765628014913,1765628014913,0,2.75,0.0000,0.0,0.00
1765628014.934829,1,2018,1860,1765628014934,1765628014934,0,2.75,0.0000,0.0,0.00
1765628014.956825,1,2019,1861,1765628014955,1765628014956,1,2.76,0.0000,0.0,0.00
1765628014.976877,1,2020,1862,1765628014976,1765628014976,0,2.75,0.0000,0.0,0.00
1765628014.998546,1,2021,1863,1765628014998,1765628014998,0,2.73,0.0000,0.0,0.00
1765628015.019602,1,2022,1864,1765628015019,1765628015019,0,2.68,0.0000,0.0,0.00
1765628015.041759,1,2023,1865,1765628015041,1765628015041,0,2.68,0.0000,0.0,0.00
1765628015.054087,1,2024,1866,1765628015053,1765628015053,0,2.88,0.0000,0.0,0.00
1765628015.064555,1,2025,1867,1765628015064,1765628015064,0,3.07,0.0000,0.0,0.00
1765628015.085870,1,2026,1868,1765628015085,1765628015085,0,2.80,0.0000,0.0,0.00
1765628015.109082,1,2027,1869,1765628015106,1765628015108,2,2.65,0.0000,0.0,0.00
1765628015.128262,1,2028,1870,1765628015128,1765628015128,0,2.43,0.0000,0.0,0.00
1765628015.149292,1,2029,1871,1765628015149,1765628015149,0,2.18,0.0000,0.0,0.00
1765628015.174592,1,2030,1872,1765628015170,1765628015173,3,2.20,0.0000,0.0,0.00
1765628015.192271,1,2031,1873,1765628015192,1765628015192,0,2.23,0.0000,0.0,0.00
1765628015.214149,1,2032,1874,1765628015213,1765628015214,1,2.24,0.0000,0.0,0.00
1765628015.234715,1,2033,1875,1765628015234,1765628015234,0,2.21,0.0000,0.0,0.00
1765628015.246677,1,2034,1876,1765628015246,1765628015246,0,2.36,0.0000,0.0,0.00
1765628015.268189,1,2035,1877,1765628015268,1765628015268,0,2.36,0.0000,0.0,0.00
1765628015.292114,1,2036,1878,1765628015289,1765628015292,3,2.38,0.0000,0.0,0.00
1765628015.311038,1,2037,1879,1765628015310,1765628015310,0,2.43,0.0000,0.0,0.00
1765628015.331644,1,2038,1880,1765628015331,1765628015331,0,2.42,0.0000,0.0,0.00
1765628015.352919,1,2039,1881,1765628015352,1765628015352,0,2.23,0.0000,0.0,0.00
1765628015.376908,1,2040,1882,1765628015374,1765628015375,1,2.03,0.0000,0.0,0.00
1765628015.386758,1,2041,1883,1765628015386,1765628015386,0,2.25,0.0000,0.0,0.00
1765628015.398871,1,2042,1884,1765628015398,1765628015398,0,2.43,0.0000,0.0,0.00
1765628015.409675,1,2043,1885,1765628015409,1765628015409,0,2.63,0.0000,0.0,0.00
1765628015.430873,1,2044,1886,1765628015430,1765628015430,0,2.61,0.0000,0.0,0.00
1765628015.452207,1,2045,1887,1765628015452,1765628015452,0,2.61,0.0000,0.0,0.00
1765628015.474755,1,2046,1888,1765628015473,1765628015473,0,2.61,0.0000,0.0,0.00
1765628015.494186,1,2047,1890,1765628015494,1765628015494,0,2.61,0.0000,0.0,0.00
1765628015.516357,1,2048,1891,1765628015515,1765628015515,0,2.61,0.0000,0.0,0.00
1765628015.539696,1,2049,1892,1765628015537,1765628015539,2,2.64,0.0000,0.0,0.00
1765628015.558464,1,2050,1893,1765628015558,1765628015558,0,2.64,0.0000,0.0,0.00
1765628015.573565,1,2051,1894,1765628015569,1765628015572,3,2.60,0.0000,0.0,0.00
1765628015.591393,1,2052,1895,1765628015591,1765628015591,0,2.60,0.0000,0.0,0.00
1765628015.613219,1,2053,1896,1765628015613,1765628015613,0,2.61,0.0000,0.0,0.00
1765628015.624602,1,2054,1897,1765628015624,1765628015624,0,2.80,0.0000,0.0,0.00
1765628015.646098,1,2055,1898,1765628015645,1765628015645,0,2.80,0.0000,0.0,0.00
1765628015.667159,1,2056,1899,1765628015667,1765628015667,0,2.80,0.0000,0.0,0.00
1765628015.689966,1,2057,1900,1765628015688,1765628015688,0,2.81,0.0000,0.0,0.00
1765628015.709183,1,2058,1901,1765628015709,1765628015709,0,2.80,0.0000,0.0,0.00
1765628015.731028,1,2059,1902,1765628015731,1765628015731,0,2.79,0.0000,0.0,0.00
1765628015.741909,1,2060,1903,1765628015741,1765628015741,0,3.01,0.0000,0.0,0.00
1765628015.763693,1,2061,1904,1765628015763,1765628015763,0,3.01,0.0000,0.0,0.00
1765628015.789640,1,2062,1905,1765628015784,1765628015789,5,3.00,0.0000,0.0,0.00
1765628015.806370,1,2063,1906,1765628015806,1765628015806,0,2.97,0.0000,0.0,0.00
1765628015.820676,1,2064,1907,1765628015817,1765628015820,3,3.10,0.0000,0.0,0.00
1765628015.838088,1,2065,1908,1765628015838,1765628015838,0,3.11,0.0000,0.0,0.00
1765628015.858977,1,2066,1909,1765628015858,1765628015858,0,3.09,0.0000,0.0,0.00
1765628015.879852,1,2067,1910,1765628015879,1765628015879,0,3.10,0.0000,0.0,0.00
1765628015.903553,1,2068,1911,1765628015901,1765628015902,1,3.12,0.0000,0.0,0.00
1765628015.923129,1,2069,1912,1765628015923,1765628015923,0,3.12,0.0000,0.0,0.00
1765628015.944720,1,2070,1913,1765628015944,1765628015944,0,3.11,0.0000,0.0,0.00
1765628015.967183,1,2071,1914,1765628015966,1765628015967,1,3.13,0.0000,0.0,0.00
1765628015.987102,1,2072,1915,1765628015987,1765628015987,0,3.10,0.0000,0.0,0.00
1765628016.008339,1,2073,1916,1765628016008,1765628016008,0,2.91,0.0000,0.0,0.00
1765628016.048797,1,2074,1917,1765628016047,1765628016047,0,3.08,0.0000,0.0,0.00
1765628016.066401,1,2075,1918,1765628016064,1765628016066,2,3.06,0.0000,0.0,0.00
1765628016.079491,1,2076,1919,1765628016078,1765628016078,0,3.23,0.0000,0.0,0.00
1765628016.092676,1,2077,1920,1765628016090,1765628016092,2,3.35,0.0000,0.0,0.00
1765628016.114106,1,2078,1921,1765628016113,1765628016114,1,3.36,0.0000,0.0,0.00
1765628016.135505,1,2079,1922,1765628016134,1765628016135,1,3.35,0.0000,0.0,0.00
1765628016.159942,1,2080,1923,1765628016156,1765628016159,3,3.39,0.0000,0.0,0.00
1765628016.177902,1,2081,1924,1765628016177,1765628016177,0,3.40,0.0000,0.0,0.00
1765628016.199963,1,2082,1925,1765628016199,1765628016199,0,3.41,0.0000,0.0,0.00
1765628016.220682,1,2083,1926,1765628016220,1765628016220,0,3.40,0.0000,0.0,0.00
1765628016.241862,1,2084,1927,1765628016241,1765628016241,0,3.24,0.0000,0.0,0.00
1765628016.263868,1,2085,1928,1765628016263,1765628016263,0,3.06,0.0000,0.0,0.00
1765628016.284998,1,2086,1929,1765628016284,1765628016284,0,3.06,0.0000,0.0,0.00
1765628016.308280,1,2087,1930,1765628016306,1765628016307,1,3.06,0.0000,0.0,0.00
1765628016.317361,1,2088,1931,1765628016317,1765628016317,0,3.28,0.0000,0.0,0.00
1765628016.342932,1,2089,1932,1765628016338,1765628016342,4,3.33,0.0000,0.0,0.00
1765628016.350463,1,2090,1933,1765628016350,1765628016350,0,3.54,0.0000,0.0,0.00
1765628016.372715,1,2091,1934,1765628016371,1765628016372,1,3.56,0.0000,0.0,0.00
1765628016.392901,1,2092,1935,1765628016392,1765628016392,0,3.53,0.0000,0.0,0.00
1765628016.414074,1,2093,1936,1765628016414,1765628016414,0,3.56,0.0000,0.0,0.00
1765628016.435314,1,2094,1937,1765628016435,1765628016435,0,3.39,0.0000,0.0,0.00
1765628016.446545,1,2095,1938,1765628016446,1765628016446,0,3.57,0.0000,0.0,0.00
1765628016.468634,1,2096,1939,1765628016468,1765628016468,0,3.55,0.0000,0.0,0.00
1765628016.488981,1,2097,1940,1765628016488,1765628016488,0,3.51,0.0000,0.0,0.00
1765628016.510273,1,2098,1941,1765628016510,1765628016510,0,3.52,0.0000,0.0,0.00
1765628016.531538,1,2099,1942,1765628016531,1765628016531,0,3.52,0.0000,0.0,0.00
1765628016.553802,1,2100,1943,1765628016552,1765628016553,1,3.51,0.0000,0.0,0.00
1765628016.574816,1,2101,1944,1765628016573,1765628016573,0,3.31,0.0000,0.0,0.00
1765628016.588585,1,2102,1945,1765628016585,1765628016587,2,3.26,0.0000,0.0,0.00
1765628016.596607,1,2103,1946,1765628016596,1765628016596,0,3.31,0.0000,0.0,0.00
1765628016.617971,1,2104,1947,1765628016617,1765628016617,0,3.31,0.0000,0.0,0.00
1765628016.639718,1,2105,1949,1765628016639,1765628016639,0,3.31,0.0000,0.0,0.00
1765628016.660507,1,2106,1950,1765628016660,1765628016660,0,3.31,0.0000,0.0,0.00
1765628016.681702,1,2107,1951,1765628016681,1765628016681,0,3.31,0.0000,0.0,0.00
1765628016.706352,1,2108,1952,1765628016702,1765628016706,4,3.35,0.0000,0.0,0.00
1765628016.725007,1,2109,1953,1765628016724,1765628016724,0,3.35,0.0000,0.0,0.00
1765628016.746275,1,2110,1954,1765628016745,1765628016745,0,3.34,0.0000,0.0,0.00
1765628016.767241,1,2111,1955,1765628016767,1765628016767,0,3.22,0.0000,0.0,0.00
1765628016.791278,1,2112,1956,1765628016788,1765628016790,2,3.22,0.0000,0.0,0.00
1765628016.800347,1,2113,1957,1765628016800,1765628016800,0,3.45,0.0000,0.0,0.00
1765628016.811698,1,2114,1958,1765628016811,1765628016811,0,3.45,0.0000,0.0,0.00
1765628016.825102,1,2115,1959,1765628016823,1765628016825,2,3.58,0.0000,0.0,0.00
1765628016.834461,1,2116,1960,1765628016834,1765628016834,0,3.80,0.0000,0.0,0.00
1765628016.856342,1,2117,1961,1765628016855,1765628016855,0,3.80,0.0000,0.0,0.00
1765628016.877207,1,2118,1962,1765628016877,1765628016877,0,3.81,0.0000,0.0,0.00
1765628016.898654,1,2119,1963,1765628016898,1765628016898,0,3.80,0.0000,0.0,0.00
1765628016.922348,1,2120,1964,1765628016920,1765628016922,2,3.62,0.0000,0.0,0.00
1765628016.942171,1,2121,1965,1765628016942,1765628016942,0,3.60,0.0000,0.0,0.00
1765628016.954441,1,2122,1966,1765628016953,1765628016954,1,3.72,0.0000,0.0,0.00
1765628016.975008,1,2123,1967,1765628016974,1765628016974,0,3.66,0.0000,0.0,0.00
1765628016.996147,1,2124,1968,1765628016996,1765628016996,0,3.55,0.0000,0.0,0.00
1765628017.006778,1,2125,1969,1765628017006,1765628017006,0,3.75,0.0000,0.0,0.00
1765628017.028419,1,2126,1970,1765628017028,1765628017028,0,3.77,0.0000,0.0,0.00
1765628017.052129,1,2127,1971,1765628017050,1765628017052,2,3.79,0.0000,0.0,0.00
1765628017.071833,1,2128,1972,1765628017071,1765628017071,0,3.77,0.0000,0.0,0.00
1765628017.093149,1,2129,1973,1765628017093,1765628017093,0,3.78,0.0000,0.0,0.00
1765628017.114587,1,2130,1974,1765628017114,1765628017114,0,3.78,0.0000,0.0,0.00
1765628017.127835,1,2131,1975,1765628017126,1765628017126,0,3.92,0.0000,0.0,0.00
1765628017.152013,1,2132,1976,1765628017148,1765628017151,3,3.97,0.0000,0.0,0.00
1765628017.169339,1,2133,1977,1765628017169,1765628017169,0,3.99,0.0000,0.0,0.00
1765628017.183857,1,2134,1978,1765628017180,1765628017183,3,3.89,0.0000,0.0,0.00
1765628017.202628,1,2135,1979,1765628017202,1765628017202,0,3.89,0.0000,0.0,0.00
1765628017.223759,1,2136,1980,1765628017223,1765628017223,0,3.75,0.0000,0.0,0.00
1765628017.247949,1,2137,1981,1765628017245,1765628017247,2,3.68,0.0000,0.0,0.00
1765628017.266149,1,2138,1982,1765628017266,1765628017266,0,3.66,0.0000,0.0,0.00
1765628017.282516,1,2139,1983,1765628017278,1765628017281,3,3.73,0.0000,0.0,0.00
1765628017.290622,1,2140,1984,1765628017289,1765628017289,0,3.93,0.0000,0.0,0.00
1765628017.301820,1,2141,1985,1765628017300,1765628017300,0,4.10,0.0000,0.0,0.00
1765628017.311872,1,2142,1986,1765628017311,1765628017311,0,4.24,0.0000,0.0,0.00
1765628017.332966,1,2143,1987,1765628017332,1765628017332,0,4.24,0.0000,0.0,0.00
1765628017.354209,1,2144,1988,1765628017354,1765628017354,0,4.25,0.0000,0.0,0.00
1765628017.376244,1,2145,1989,1765628017375,1765628017376,1,4.25,0.0000,0.0,0.00
1765628017.396667,1,2146,1990,1765628017396,1765628017396,0,4.24,0.0000,0.0,0.00
1765628017.418755,1,2147,1991,1765628017418,1765628017418,0,4.23,0.0000,0.0,0.00
1765628017.443326,1,2148,1992,1765628017439,1765628017443,4,4.09,0.0000,0.0,0.00
1765628017.450858,1,2149,1993,1765628017450,1765628017450,0,4.30,0.0000,0.0,0.00
1765628017.475003,1,2150,1994,1765628017472,1765628017475,3,4.12,0.0000,0.0,0.00
1765628017.493155,1,2151,1995,1765628017493,1765628017493,0,4.10,0.0000,0.0,0.00
1765628017.510963,1,2152,1996,1765628017504,1765628017504,0,4.26,0.0000,0.0,0.00
1765628017.527184,1,2153,1997,1765628017526,1765628017527,1,4.27,0.0000,0.0,0.00
1765628017.542889,1,2154,1998,1765628017538,1765628017542,4,4.32,0.0000,0.0,0.00
1765628017.549154,1,2155,1999,1765628017549,1765628017549,0,4.40,0.0000,0.0,0.00
1765628017.570518,1,2156,2000,1765628017570,1765628017570,0,4.39,0.0000,0.0,0.00
1765628017.592020,1,2157,2001,1765628017592,1765628017592,0,4.41,0.0000,0.0,0.00
1765628017.603438,1,2158,2002,1765628017603,1765628017603,0,4.53,0.0000,0.0,0.00
1765628017.625164,1,2159,2003,1765628017625,1765628017625,0,4.54,0.0000,0.0,0.00
1765628017.646519,1,2160,2004,1765628017646,1765628017646,0,4.53,0.0000,0.0,0.00
1765628017.667735,1,2161,2005,1765628017667,1765628017667,0,4.54,0.0000,0.0,0.00
1765628017.692692,1,2162,2006,1765628017688,1765628017688,0,4.48,0.0000,0.0,0.00
1765628017.710111,1,2163,2007,1765628017710,1765628017710,0,4.31,0.0000,0.0,0.00
1765628017.731829,1,2164,2008,1765628017731,1765628017731,0,4.31,0.0000,0.0,0.00
1765628017.753673,1,2165,2009,1765628017753,1765628017753,0,4.31,0.0000,0.0,0.00
1765628017.764319,1,2166,2010,1765628017764,1765628017764,0,4.45,0.0000,0.0,0.00
1765628017.786087,1,2167,2011,1765628017786,1765628017786,0,4.46,0.0000,0.0,0.00
1765628017.808069,1,2168,2012,1765628017808,1765628017808,0,4.42,0.0000,0.0,0.00
1765628017.819977,1,2169,2014,1765628017819,1765628017819,0,4.58,0.0000,0.0,0.00
1765628017.831289,1,2170,2015,1765628017830,1765628017830,0,4.69,0.0000,0.0,0.00
1765628017.852162,1,2171,2016,1765628017852,1765628017852,0,4.69,0.0000,0.0,0.00
1765628017.874723,1,2172,2017,1765628017873,1765628017874,1,4.68,0.0000,0.0,0.00
1765628017.894825,1,2173,2018,1765628017894,1765628017894,0,4.53,0.0000,0.0,0.00
1765628017.906564,1,2174,2019,1765628017906,1765628017906,0,4.51,0.0000,0.0,0.00
1765628017.927939,1,2175,2020,1765628017927,1765628017927,0,4.44,0.0000,0.0,0.00
1765628017.949436,1,2176,2022,1765628017949,1765628017949,0,4.27,0.0000,0.0,0.00
1765628017.960635,1,2177,2023,1765628017960,1765628017960,0,4.41,0.0000,0.0,0.00
1765628017.974674,1,2178,2024,1765628017971,1765628017974,3,4.46,0.0000,0.0,0.00
1765628017.993345,1,2179,2025,1765628017993,1765628017993,0,4.44,0.0000,0.0,0.00
1765628018.015376,1,2180,2026,1765628018015,1765628018015,0,4.42,0.0000,0.0,0.00
1765628018.027704,1,2181,2027,1765628018026,1765628018026,0,4.55,0.0000,0.0,0.00
1765628018.048692,1,2182,2028,1765628018048,1765628018048,0,4.46,0.0000,0.0,0.00
1765628018.069703,1,2183,2029,1765628018069,1765628018069,0,4.47,0.0000,0.0,0.00
1765628018.081030,1,2184,2030,1765628018081,1765628018081,0,4.56,0.0000,0.0,0.00
1765628018.102860,1,2185,2031,1765628018102,1765628018102,0,4.42,0.0000,0.0,0.00
1765628018.124884,1,2186,2032,1765628018123,1765628018124,1,4.42,0.0000,0.0,0.00
1765628018.145410,1,2187,2033,1765628018144,1765628018144,0,4.37,0.0000,0.0,0.00
1765628018.166041,1,2188,2034,1765628018166,1765628018166,0,4.41,0.0000,0.0,0.00
1765628018.189963,1,2189,2035,1765628018187,1765628018189,2,4.42,0.0000,0.0,0.00
1765628018.208696,1,2190,2036,1765628018208,1765628018208,0,4.40,0.0000,0.0,0.00
1765628018.229922,1,2191,2037,1765628018229,1765628018229,0,4.29,0.0000,0.0,0.00
1765628018.252045,1,2192,2038,1765628018251,1765628018252,1,4.27,0.0000,0.0,0.00
1765628018.263382,1,2193,2039,1765628018263,1765628018263,0,4.42,0.0000,0.0,0.00
1765628018.284417,1,2194,2040,1765628018284,1765628018284,0,4.35,0.0000,0.0,0.00
1765628018.306134,1,2195,2041,1765628018305,1765628018306,1,4.39,0.0000,0.0,0.00
1765628018.327340,1,2196,2042,1765628018326,1765628018326,0,4.38,0.0000,0.0,0.00
1765628018.348980,1,2197,2043,1765628018348,1765628018348,0,4.35,0.0000,0.0,0.00
1765628018.369767,1,2198,2044,1765628018369,1765628018369,0,4.38,0.0000,0.0,0.00
1765628018.391982,1,2199,2045,1765628018391,1765628018391,0,4.33,0.0000,0.0,0.00
1765628018.413171,1,2200,2046,1765628018413,1765628018413,0,4.12,0.0000,0.0,0.00
1765628018.424345,1,2201,2047,1765628018424,1765628018424,0,4.12,0.0000,0.0,0.00
1765628018.445854,1,2202,2048,1765628018445,1765628018445,0,3.95,0.0000,0.0,0.00
1765628018.467241,1,2203,2049,1765628018467,1765628018467,0,3.96,0.0000,0.0,0.00
1765628018.492324,1,2204,2050,1765628018488,1765628018491,3,3.97,0.0000,0.0,0.00
1765628018.510093,1,2205,2051,1765628018510,1765628018510,0,3.95,0.0000,0.0,0.00
1765628018.531109,1,2206,2052,1765628018531,1765628018531,0,3.96,0.0000,0.0,0.00
1765628018.552567,1,2207,2053,1765628018552,1765628018552,0,3.95,0.0000,0.0,0.00
1765628018.575188,1,2208,2054,1765628018573,1765628018574,1,3.92,0.0000,0.0,0.00
1765628018.595024,1,2209,2056,1765628018595,1765628018595,0,3.65,0.0000,0.0,0.00
1765628018.608432,1,2210,2057,1765628018606,1765628018608,2,3.74,0.0000,0.0,0.00
1765628018.627855,1,2211,2058,1765628018627,1765628018627,0,3.72,0.0000,0.0,0.00
1765628018.641769,1,2212,2060,1765628018639,1765628018641,2,3.64,0.0000,0.0,0.00
1765628018.660473,1,2213,2061,1765628018660,1765628018660,0,3.61,0.0000,0.0,0.00
1765628018.681318,1,2214,2062,1765628018681,1765628018681,0,3.53,0.0000,0.0,0.00
1765628018.694463,1,2215,2063,1765628018693,1765628018694,1,3.39,0.0000,0.0,0.00
1765628018.710576,1,2216,2064,1765628018703,1765628018710,7,3.43,0.0000,0.0,0.00
1765628018.715173,1,2217,2065,1765628018715,1765628018715,0,3.75,0.0000,0.0,0.00
1765628018.736694,1,2218,2066,1765628018736,1765628018736,0,3.58,0.0000,0.0,0.00
1765628018.759507,1,2219,2067,1765628018758,1765628018759,1,3.58,0.0000,0.0,0.00
1765628018.779324,1,2220,2068,1765628018779,1765628018779,0,3.58,0.0000,0.0,0.00
1765628018.800941,1,2221,2069,1765628018800,1765628018800,0,3.58,0.0000,0.0,0.00
1765628018.822662,1,2222,2070,1765628018822,1765628018822,0,3.58,0.0000,0.0,0.00
1765628018.845968,1,2223,2071,1765628018843,1765628018844,1,3.58,0.0000,0.0,0.00
1765628018.864640,1,2224,2072,1765628018864,1765628018864,0,3.58,0.0000,0.0,0.00
1765628018.885899,1,2225,2073,1765628018885,1765628018885,0,3.57,0.0000,0.0,0.00
1765628018.907074,1,2226,2074,1765628018907,1765628018907,0,3.40,0.0000,0.0,0.00
1765628018.930836,1,2227,2075,1765628018928,1765628018930,2,3.41,0.0000,0.0,0.00
1765628018.939310,1,2228,2076,1765628018939,1765628018939,0,3.62,0.0000,0.0,0.00
1765628018.951009,1,2229,2077,1765628018950,1765628018951,1,3.60,0.0000,0.0,0.00
1765628018.971607,1,2230,2078,1765628018971,1765628018971,0,3.41,0.0000,0.0,0.00
1765628018.993925,1,2231,2079,1765628018992,1765628018993,1,3.41,0.0000,0.0,0.00
1765628019.004079,1,2232,2080,1765628019004,1765628019004,0,3.58,0.0000,0.0,0.00
1765628019.015275,1,2233,2081,1765628019015,1765628019015,0,3.76,0.0000,0.0,0.00
1765628019.036553,1,2234,2082,1765628019036,1765628019036,0,3.62,0.0000,0.0,0.00
1765628019.062024,1,2235,2083,1765628019058,1765628019062,4,3.66,0.0000,0.0,0.00
1765628019.080210,1,2236,2084,1765628019079,1765628019080,1,3.65,0.0000,0.0,0.00
1765628019.101930,1,2237,2085,1765628019100,1765628019100,0,3.47,0.0000,0.0,0.00
1765628019.112070,1,2238,2086,1765628019112,1765628019112,0,3.52,0.0000,0.0,0.00
1765628019.133390,1,2239,2087,1765628019133,1765628019133,0,3.53,0.0000,0.0,0.00
1765628019.154518,1,2240,2088,1765628019154,1765628019154,0,3.52,0.0000,0.0,0.00
1765628019.177792,1,2241,2089,1765628019176,1765628019177,1,3.38,0.0000,0.0,0.00
1765628019.197192,1,2242,2090,1765628019197,1765628019197,0,3.36,0.0000,0.0,0.00
1765628019.219022,1,2243,2091,1765628019218,1765628019218,0,3.36,0.0000,0.0,0.00
1765628019.239230,1,2244,2092,1765628019239,1765628019239,0,3.20,0.0000,0.0,0.00
1765628019.250992,1,2245,2093,1765628019250,1765628019250,0,3.38,0.0000,0.0,0.00
1765628019.271642,1,2246,2094,1765628019271,1765628019271,0,3.37,0.0000,0.0,0.00
1765628019.292829,1,2247,2095,1765628019292,1765628019292,0,3.38,0.0000,0.0,0.00
1765628019.314607,1,2248,2096,1765628019314,1765628019314,0,3.38,0.0000,0.0,0.00
1765628019.336370,1,2249,2097,1765628019335,1765628019335,0,3.36,0.0000,0.0,0.00
1765628019.359627,1,2250,2098,1765628019357,1765628019359,2,3.40,0.0000,0.0,0.00
1765628019.379378,1,2251,2099,1765628019379,1765628019379,0,3.39,0.0000,0.0,0.00
1765628019.393374,1,2252,2100,1765628019391,1765628019393,2,3.48,0.0000,0.0,0.00
1765628019.403114,1,2253,2101,1765628019402,1765628019402,0,3.52,0.0000,0.0,0.00
1765628019.427979,1,2254,2102,1765628019423,1765628019427,4,3.56,0.0000,0.0,0.00
1765628019.445353,1,2255,2103,1765628019445,1765628019445,0,3.56,0.0000,0.0,0.00
1765628019.460745,1,2256,2104,1765628019457,1765628019460,3,3.64,0.0000,0.0,0.00
1765628019.468585,1,2257,2105,1765628019468,1765628019468,0,3.87,0.0000,0.0,0.00
1765628019.492903,1,2258,2106,1765628019489,1765628019492,3,3.90,0.0000,0.0,0.00
1765628019.511103,1,2259,2107,1765628019511,1765628019511,0,3.87,0.0000,0.0,0.00
1765628019.532726,1,2260,2108,1765628019532,1765628019532,0,3.86,0.0000,0.0,0.00
1765628019.554096,1,2261,2109,1765628019554,1765628019554,0,3.71,0.0000,0.0,0.00
1765628019.578313,1,2262,2110,1765628019575,1765628019577,2,3.72,0.0000,0.0,0.00
1765628019.597978,1,2263,2111,1765628019596,1765628019596,0,3.70,0.0000,0.0,0.00
1765628019.612979,1,2264,2112,1765628019608,1765628019612,4,3.71,0.0000,0.0,0.00
1765628019.629702,1,2265,2113,1765628019629,1765628019629,0,3.75,0.0000,0.0,0.00
1765628019.650996,1,2266,2114,1765628019650,1765628019650,0,3.75,0.0000,0.0,0.00
1765628019.672389,1,2267,2115,1765628019672,1765628019672,0,3.76,0.0000,0.0,0.00
1765628019.693947,1,2268,2116,1765628019693,1765628019693,0,3.75,0.0000,0.0,0.00
1765628019.715734,1,2269,2117,1765628019715,1765628019715,0,3.76,0.0000,0.0,0.00
1765628019.737073,1,2270,2118,1765628019737,1765628019737,0,3.66,0.0000,0.0,0.00
1765628019.761330,1,2271,2119,1765628019758,1765628019761,3,3.71,0.0000,0.0,0.00
1765628019.779706,1,2272,2120,1765628019779,1765628019779,0,3.61,0.0000,0.0,0.00
1765628019.801671,1,2273,2121,1765628019801,1765628019801,0,3.64,0.0000,0.0,0.00
1765628019.822268,1,2274,2122,1765628019822,1765628019822,0,3.64,0.0000,0.0,0.00
1765628019.843658,1,2275,2123,1765628019843,1765628019843,0,3.53,0.0000,0.0,0.00
1765628019.864856,1,2276,2124,1765628019864,1765628019864,0,3.47,0.0000,0.0,0.00
1765628019.886189,1,2277,2125,1765628019886,1765628019886,0,3.16,0.0000,0.0,0.00
1765628019.897867,1,2278,2126,1765628019897,1765628019897,0,3.34,0.0000,0.0,0.00
1765628019.918564,1,2279,2127,1765628019918,1765628019918,0,3.32,0.0000,0.0,0.00
1765628019.939438,1,2280,2128,1765628019939,1765628019939,0,3.33,0.0000,0.0,0.00
1765628019.961108,1,2281,2129,1765628019960,1765628019960,0,3.33,0.0000,0.0,0.00
1765628019.982374,1,2282,2130,1765628019982,1765628019982,0,3.33,0.0000,0.0,0.00
1765628020.006290,1,2283,2131,1765628020003,1765628020006,3,3.35,0.0000,0.0,0.00
1765628020.014728,1,2284,2132,1765628020014,1765628020014,0,3.61,0.0000,0.0,0.00
1765628020.025995,1,2285,2133,1765628020025,1765628020025,0,3.77,0.0000,0.0,0.00
1765628020.039887,1,2286,2134,1765628020037,1765628020039,2,3.85,0.0000,0.0,0.00
1765628020.050867,1,2287,2135,1765628020049,1765628020049,0,4.00,0.0000,0.0,0.00
1765628020.073515,1,2288,2136,1765628020071,1765628020072,1,3.83,0.0000,0.0,0.00
1765628020.092964,1,2289,2137,1765628020092,1765628020092,0,3.68,0.0000,0.0,0.00
1765628020.113611,1,2290,2138,1765628020113,1765628020113,0,3.69,0.0000,0.0,0.00
1765628020.135069,1,2291,2139,1765628020135,1765628020135,0,3.69,0.0000,0.0,0.00
1765628020.159172,1,2292,2140,1765628020156,1765628020159,3,3.56,0.0000,0.0,0.00
1765628020.168783,1,2293,2141,1765628020167,1765628020167,0,3.63,0.0000,0.0,0.00
1765628020.178959,1,2294,2142,1765628020178,1765628020178,0,3.79,0.0000,0.0,0.00
1765628020.200763,1,2295,2143,1765628020200,1765628020200,0,3.75,0.0000,0.0,0.00
1765628020.225363,1,2296,2144,1765628020222,1765628020225,3,3.79,0.0000,0.0,0.00
1765628020.243579,1,2297,2145,1765628020243,1765628020243,0,3.80,0.0000,0.0,0.00
1765628020.265044,1,2298,2146,1765628020265,1765628020265,0,3.67,0.0000,0.0,0.00
1765628020.277116,1,2299,2147,1765628020276,1765628020276,0,3.83,0.0000,0.0,0.00
1765628020.297805,1,2300,2148,1765628020297,1765628020297,0,3.83,0.0000,0.0,0.00
1765628020.319483,1,2301,2149,1765628020319,1765628020319,0,3.82,0.0000,0.0,0.00
1765628020.341391,1,2302,2150,1765628020340,1765628020341,1,3.84,0.0000,0.0,0.00
1765628020.362240,1,2303,2151,1765628020362,1765628020362,0,3.84,0.0000,0.0,0.00
1765628020.383636,1,2304,2152,1765628020383,1765628020383,0,3.84,0.0000,0.0,0.00
1765628020.406484,1,2305,2153,1765628020404,1765628020406,2,3.70,0.0000,0.0,0.00
1765628020.426633,1,2306,2154,1765628020426,1765628020426,0,3.69,0.0000,0.0,0.00
1765628020.447734,1,2307,2155,1765628020447,1765628020447,0,3.69,0.0000,0.0,0.00
1765628020.458896,1,2308,2156,1765628020458,1765628020458,0,3.84,0.0000,0.0,0.00
1765628020.481215,1,2309,2157,1765628020481,1765628020481,0,3.87,0.0000,0.0,0.00
1765628020.504741,1,2310,2158,1765628020502,1765628020504,2,3.86,0.0000,0.0,0.00
1765628020.524914,1,2311,2159,1765628020523,1765628020523,0,3.85,0.0000,0.0,0.00
1765628020.546200,1,2312,2160,1765628020545,1765628020545,0,3.77,0.0000,0.0,0.00
1765628020.557421,1,2313,2161,1765628020557,1765628020557,0,3.70,0.0000,0.0,0.00
1765628020.568308,1,2314,2162,1765628020568,1765628020568,0,3.81,0.0000,0.0,0.00
1765628020.580470,1,2315,2163,1765628020579,1765628020579,0,3.97,0.0000,0.0,0.00
1765628020.590745,1,2316,2164,1765628020590,1765628020590,0,4.07,0.0000,0.0,0.00
1765628020.612206,1,2317,2165,1765628020612,1765628020612,0,3.84,0.0000,0.0,0.00
1765628020.633799,1,2318,2166,1765628020633,1765628020633,0,3.81,0.0000,0.0,0.00
1765628020.656098,1,2319,2168,1765628020654,1765628020656,2,3.85,0.0000,0.0,0.00
1765628020.675972,1,2320,2169,1765628020675,1765628020675,0,3.83,0.0000,0.0,0.00
1765628020.697341,1,2321,2170,1765628020697,1765628020697,0,3.83,0.0000,0.0,0.00
1765628020.721794,1,2322,2171,1765628020718,1765628020721,3,3.84,0.0000,0.0,0.00
1765628020.739634,1,2323,2172,1765628020739,1765628020739,0,3.87,0.0000,0.0,0.00
1765628020.760883,1,2324,2173,1765628020760,1765628020760,0,3.82,0.0000,0.0,0.00
1765628020.782462,1,2325,2174,1765628020782,1765628020782,0,3.80,0.0000,0.0,0.00
1765628020.793661,1,2326,2175,1765628020793,1765628020793,0,3.96,0.0000,0.0,0.00
1765628020.814956,1,2327,2176,1765628020814,1765628020814,0,3.95,0.0000,0.0,0.00
1765628020.827199,1,2328,2178,1765628020826,1765628020826,0,4.10,0.0000,0.0,0.00
1765628020.839615,1,2329,2179,1765628020837,1765628020839,2,4.20,0.0000,0.0,0.00
1765628020.858440,1,2330,2180,1765628020858,1765628020858,0,4.17,0.0000,0.0,0.00
1765628020.879661,1,2331,2181,1765628020879,1765628020879,0,4.13,0.0000,0.0,0.00
1765628020.900968,1,2332,2182,1765628020900,1765628020900,0,4.14,0.0000,0.0,0.00
1765628020.924707,1,2333,2183,1765628020922,1765628020923,1,4.15,0.0000,0.0,0.00
1765628020.943330,1,2334,2184,1765628020943,1765628020943,0,4.14,0.0000,0.0,0.00
1765628020.964974,1,2335,2186,1765628020964,1765628020964,0,4.14,0.0000,0.0,0.00
1765628020.985882,1,2336,2187,1765628020985,1765628020985,0,4.14,0.0000,0.0,0.00
1765628021.008124,1,2337,2188,1765628021007,1765628021008,1,4.15,0.0000,0.0,0.00
1765628021.029740,1,2338,2189,1765628021028,1765628021028,0,3.98,0.0000,0.0,0.00
1765628021.050911,1,2339,2190,1765628021050,1765628021050,0,3.99,0.0000,0.0,0.00
1765628021.062115,1,2340,2191,1765628021062,1765628021062,0,4.13,0.0000,0.0,0.00
1765628021.076871,1,2341,2192,1765628021073,1765628021076,3,4.21,0.0000,0.0,0.00
1765628021.084563,1,2342,2193,1765628021084,1765628021084,0,4.41,0.0000,0.0,0.00
1765628021.107209,1,2343,2194,1765628021106,1765628021107,1,4.40,0.0000,0.0,0.00
1765628021.127206,1,2344,2195,1765628021127,1765628021127,0,4.18,0.0000,0.0,0.00
1765628021.148890,1,2345,2196,1765628021148,1765628021148,0,4.03,0.0000,0.0,0.00
1765628021.169275,1,2346,2197,1765628021169,1765628021169,0,3.94,0.0000,0.0,0.00
1765628021.191487,1,2347,2198,1765628021190,1765628021190,0,3.74,0.0000,0.0,0.00
1765628021.212269,1,2348,2199,1765628021212,1765628021212,0,3.73,0.0000,0.0,0.00
1765628021.233776,1,2349,2200,1765628021233,1765628021233,0,3.74,0.0000,0.0,0.00
1765628021.258060,1,2350,2201,1765628021254,1765628021258,4,3.79,0.0000,0.0,0.00
1765628021.276157,1,2351,2202,1765628021276,1765628021276,0,3.78,0.0000,0.0,0.00
1765628021.297933,1,2352,2203,1765628021297,1765628021297,0,3.75,0.0000,0.0,0.00
1765628021.309872,1,2353,2204,1765628021308,1765628021308,0,3.68,0.0000,0.0,0.00
1765628021.320100,1,2354,2205,1765628021320,1765628021320,0,3.66,0.0000,0.0,0.00
1765628021.341794,1,2355,2206,1765628021341,1765628021341,0,3.64,0.0000,0.0,0.00
1765628021.362254,1,2356,2207,1765628021362,1765628021362,0,3.60,0.0000,0.0,0.00
1765628021.383981,1,2357,2208,1765628021383,1765628021383,0,3.60,0.0000,0.0,0.00
1765628021.406220,1,2358,2209,1765628021405,1765628021405,0,3.60,0.0000,0.0,0.00
1765628021.426583,1,2359,2210,1765628021426,1765628021426,0,3.43,0.0000,0.0,0.00
1765628021.448571,1,2360,2211,1765628021448,1765628021448,0,3.44,0.0000,0.0,0.00
1765628021.473263,1,2361,2212,1765628021469,1765628021473,4,3.47,0.0000,0.0,0.00
1765628021.491525,1,2362,2213,1765628021490,1765628021490,0,3.50,0.0000,0.0,0.00
1765628021.511813,1,2363,2214,1765628021511,1765628021511,0,3.50,0.0000,0.0,0.00
1765628021.532979,1,2364,2215,1765628021532,1765628021532,0,3.50,0.0000,0.0,0.00
1765628021.556840,1,2365,2216,1765628021554,1765628021556,2,3.51,0.0000,0.0,0.00
1765628021.576284,1,2366,2217,1765628021575,1765628021575,0,3.50,0.0000,0.0,0.00
1765628021.597713,1,2367,2218,1765628021597,1765628021597,0,3.51,0.0000,0.0,0.00
1765628021.624882,1,2368,2219,1765628021619,1765628021624,5,3.41,0.0000,0.0,0.00
1765628021.630755,1,2369,2220,1765628021630,1765628021630,0,3.67,0.0000,0.0,0.00
1765628021.652284,1,2370,2221,1765628021652,1765628021652,0,3.66,0.0000,0.0,0.00
1765628021.673394,1,2371,2222,1765628021673,1765628021673,0,3.67,0.0000,0.0,0.00
1765628021.694726,1,2372,2223,1765628021694,1765628021694,0,3.66,0.0000,0.0,0.00
1765628021.715414,1,2373,2224,1765628021715,1765628021715,0,3.51,0.0000,0.0,0.00
1765628021.739010,1,2374,2225,1765628021736,1765628021739,3,3.36,0.0000,0.0,0.00
1765628021.758924,1,2375,2226,1765628021758,1765628021758,0,3.17,0.0000,0.0,0.00
1765628021.779403,1,2376,2227,1765628021779,1765628021779,0,2.97,0.0000,0.0,0.00
1765628021.804868,1,2377,2228,1765628021800,1765628021804,4,3.00,0.0000,0.0,0.00
1765628021.813748,1,2378,2229,1765628021812,1765628021812,0,3.27,0.0000,0.0,0.00
1765628021.834671,1,2379,2230,1765628021834,1765628021834,0,3.26,0.0000,0.0,0.00
1765628021.847517,1,2380,2231,1765628021847,1765628021847,0,3.40,0.0000,0.0,0.00
1765628021.858566,1,2381,2232,1765628021858,1765628021858,0,3.58,0.0000,0.0,0.00
1765628021.879079,1,2382,2233,1765628021879,1765628021879,0,3.55,0.0000,0.0,0.00
1765628021.900348,1,2383,2234,1765628021900,1765628021900,0,3.53,0.0000,0.0,0.00
1765628021.924413,1,2384,2235,1765628021921,1765628021924,3,3.56,0.0000,0.0,0.00
1765628021.942504,1,2385,2236,1765628021942,1765628021942,0,3.57,0.0000,0.0,0.00
1765628021.963785,1,2386,2237,1765628021963,1765628021963,0,3.38,0.0000,0.0,0.00
1765628021.985122,1,2387,2238,1765628021985,1765628021985,0,3.39,0.0000,0.0,0.00
1765628021.996339,1,2388,2239,1765628021996,1765628021996,0,3.42,0.0000,0.0,0.00
1765628022.017635,1,2389,2240,1765628022017,1765628022017,0,3.27,0.0000,0.0,0.00
1765628022.039832,1,2390,2241,1765628022038,1765628022039,1,3.27,0.0000,0.0,0.00
1765628022.059970,1,2391,2242,1765628022059,1765628022059,0,3.27,0.0000,0.0,0.00
1765628022.074919,1,2392,2243,1765628022071,1765628022074,3,3.37,0.0000,0.0,0.00
1765628022.083874,1,2393,2244,1765628022083,1765628022083,0,3.59,0.0000,0.0,0.00
1765628022.108079,1,2394,2245,1765628022104,1765628022108,4,3.64,0.0000,0.0,0.00
1765628022.126012,1,2395,2246,1765628022126,1765628022126,0,3.65,0.0000,0.0,0.00
1765628022.147443,1,2396,2247,1765628022147,1765628022147,0,3.65,0.0000,0.0,0.00
1765628022.168875,1,2397,2248,1765628022168,1765628022168,0,3.63,0.0000,0.0,0.00
1765628022.189815,1,2398,2249,1765628022189,1765628022189,0,3.64,0.0000,0.0,0.00
1765628022.211593,1,2399,2250,1765628022211,1765628022211,0,3.64,0.0000,0.0,0.00
1765628022.232339,1,2400,2251,1765628022232,1765628022232,0,3.48,0.0000,0.0,0.00
1765628022.256333,1,2401,2252,1765628022253,1765628022256,3,3.39,0.0000,0.0,0.00
1765628022.274698,1,2402,2253,1765628022274,1765628022274,0,3.14,0.0000,0.0,0.00
1765628022.296444,1,2403,2254,1765628022295,1765628022295,0,3.13,0.0000,0.0,0.00
1765628022.318746,1,2404,2256,1765628022317,1765628022318,1,3.15,0.0000,0.0,0.00
1765628022.329192,1,2405,2257,1765628022329,1765628022329,0,3.35,0.0000,0.0,0.00
1765628022.350693,1,2406,2258,1765628022350,1765628022350,0,3.35,0.0000,0.0,0.00
1765628022.361462,1,2407,2259,1765628022361,1765628022361,0,3.54,0.0000,0.0,0.00
1765628022.373235,1,2408,2260,1765628022373,1765628022373,0,3.69,0.0000,0.0,0.00
1765628022.384546,1,2409,2261,1765628022384,1765628022384,0,3.86,0.0000,0.0,0.00
1765628022.406078,1,2410,2262,1765628022405,1765628022406,1,3.82,0.0000,0.0,0.00
1765628022.427017,1,2411,2263,1765628022427,1765628022427,0,3.82,0.0000,0.0,0.00
1765628022.448335,1,2412,2264,1765628022448,1765628022448,0,3.82,0.0000,0.0,0.00
1765628022.469678,1,2413,2265,1765628022469,1765628022469,0,3.64,0.0000,0.0,0.00
1765628022.491241,1,2414,2266,1765628022491,1765628022491,0,3.49,0.0000,0.0,0.00
1765628022.513341,1,2415,2267,1765628022512,1765628022512,0,3.49,0.0000,0.0,0.00
1765628022.523606,1,2416,2268,1765628022523,1765628022523,0,3.68,0.0000,0.0,0.00
1765628022.545468,1,2417,2269,1765628022544,1765628022545,1,3.69,0.0000,0.0,0.00
1765628022.566592,1,2418,2270,1765628022566,1765628022566,0,3.68,0.0000,0.0,0.00
1765628022.577830,1,2419,2271,1765628022577,1765628022577,0,3.85,0.0000,0.0,0.00
1765628022.599995,1,2420,2272,1765628022598,1765628022598,0,3.84,0.0000,0.0,0.00
1765628022.611127,1,2421,2273,1765628022610,1765628022610,0,3.94,0.0000,0.0,0.00
1765628022.631758,1,2422,2274,1765628022631,1765628022631,0,3.91,0.0000,0.0,0.00
1765628022.654671,1,2423,2275,1765628022653,1765628022654,1,3.93,0.0000,0.0,0.00
1765628022.675085,1,2424,2277,1765628022674,1765628022674,0,3.92,0.0000,0.0,0.00
1765628022.695972,1,2425,2278,1765628022695,1765628022695,0,3.89,0.0000,0.0,0.00
1765628022.717068,1,2426,2279,1765628022717,1765628022717,0,3.92,0.0000,0.0,0.00
1765628022.738732,1,2427,2280,1765628022738,1765628022738,0,3.91,0.0000,0.0,0.00
1765628022.760210,1,2428,2281,1765628022760,1765628022760,0,3.86,0.0000,0.0,0.00
1765628022.781641,1,2429,2282,1765628022781,1765628022781,0,3.57,0.0000,0.0,0.00
1765628022.803883,1,2430,2283,1765628022802,1765628022803,1,3.57,0.0000,0.0,0.00
1765628022.814080,1,2431,2284,1765628022814,1765628022814,0,3.74,0.0000,0.0,0.00
1765628022.840229,1,2432,2285,1765628022835,1765628022840,5,3.79,0.0000,0.0,0.00
1765628022.848525,1,2433,2286,1765628022848,1765628022848,0,4.03,0.0000,0.0,0.00
1765628022.859654,1,2434,2287,1765628022859,1765628022859,0,4.16,0.0000,0.0,0.00
1765628022.871372,1,2435,2288,1765628022870,1765628022871,1,4.30,0.0000,0.0,0.00
1765628022.891992,1,2436,2289,1765628022891,1765628022891,0,4.29,0.0000,0.0,0.00
1765628022.909913,1,2437,2290,1765628022904,1765628022909,5,4.22,0.0000,0.0,0.00
1765628022.916428,1,2438,2291,1765628022916,1765628022916,0,4.25,0.0000,0.0,0.00
1765628022.927063,1,2439,2292,1765628022927,1765628022927,0,4.36,0.0000,0.0,0.00
1765628022.949116,1,2440,2294,1765628022949,1765628022949,0,4.29,0.0000,0.0,0.00
1765628022.960285,1,2441,2295,1765628022960,1765628022960,0,4.29,0.0000,0.0,0.00
1765628022.971915,1,2442,2296,1765628022971,1765628022971,0,4.41,0.0000,0.0,0.00
1765628022.993377,1,2443,2297,1765628022992,1765628022992,0,4.41,0.0000,0.0,0.00
1765628023.014163,1,2444,2298,1765628023014,1765628023014,0,4.39,0.0000,0.0,0.00
1765628023.038472,1,2445,2299,1765628023035,1765628023038,3,4.45,0.0000,0.0,0.00
1765628023.058018,1,2446,2300,1765628023056,1765628023056,0,4.43,0.0000,0.0,0.00
1765628023.078641,1,2447,2301,1765628023078,1765628023078,0,4.43,0.0000,0.0,0.00
1765628023.103683,1,2448,2303,1765628023099,1765628023103,4,4.35,0.0000,0.0,0.00
1765628023.111916,1,2449,2304,1765628023111,1765628023111,0,4.54,0.0000,0.0,0.00
1765628023.136011,1,2450,2305,1765628023132,1765628023136,4,4.57,0.0000,0.0,0.00
1765628023.154260,1,2451,2306,1765628023154,1765628023154,0,4.56,0.0000,0.0,0.00
1765628023.175643,1,2452,2307,1765628023175,1765628023175,0,4.52,0.0000,0.0,0.00
1765628023.196802,1,2453,2308,1765628023196,1765628023196,0,4.35,0.0000,0.0,0.00
1765628023.208488,1,2454,2309,1765628023208,1765628023208,0,4.41,0.0000,0.0,0.00
1765628023.219089,1,2455,2310,1765628023219,1765628023219,0,4.56,0.0000,0.0,0.00
1765628023.306394,1,2456,2311,1765628023303,1765628023304,1,5.34,0.0000,0.0,0.00
1765628023.343871,1,2457,2312,1765628023325,1765628023333,8,5.44,0.0000,0.0,0.00
1765628023.357354,1,2458,2313,1765628023344,1765628023353,9,5.43,0.0000,0.0,0.00
1765628023.357354,1,2459,2314,1765628023356,1765628023357,1,5.71,0.0000,0.0,0.00
1765628023.383833,1,2460,2315,1765628023373,1765628023382,9,5.76,0.0000,0.0,0.00
1765628023.415686,1,2461,2316,1765628023404,1765628023405,1,5.75,0.0000,0.0,0.00
1765628023.428773,1,2462,2317,1765628023423,1765628023428,5,5.77,0.0000,0.0,0.00
1765628023.441473,1,2463,2318,1765628023434,1765628023441,7,5.88,0.0000,0.0,0.00
1765628023.446583,1,2464,2319,1765628023446,1765628023446,0,6.11,0.0000,0.0,0.00
1765628023.458491,1,2465,2320,1765628023457,1765628023457,0,6.11,0.0000,0.0,0.00
1765628023.479600,1,2466,2321,1765628023479,1765628023479,0,6.12,0.0000,0.0,0.00
1765628023.490259,1,2467,2322,1765628023490,1765628023490,0,6.12,0.0000,0.0,0.00
1765628023.511747,1,2468,2323,1765628023511,1765628023511,0,6.01,0.0000,0.0,0.00
1765628023.536733,1,2469,2324,1765628023532,1765628023536,4,5.91,0.0000,0.0,0.00
1765628023.543933,1,2470,2325,1765628023543,1765628023543,0,6.13,0.0000,0.0,0.00
1765628023.569572,1,2471,2326,1765628023566,1765628023569,3,6.19,0.0000,0.0,0.00
1765628023.578065,1,2472,2328,1765628023577,1765628023577,0,6.39,0.0000,0.0,0.00
1765628023.589053,1,2473,2329,1765628023588,1765628023589,1,6.49,0.0000,0.0,0.00
1765628023.609869,1,2474,2330,1765628023609,1765628023609,0,6.46,0.0000,0.0,0.00
1765628023.621121,1,2475,2331,1765628023621,1765628023621,0,6.55,0.0000,0.0,0.00
1765628023.642593,1,2476,2332,1765628023642,1765628023642,0,6.44,0.0000,0.0,0.00
1765628023.664472,1,2477,2333,1765628023663,1765628023663,0,6.43,0.0000,0.0,0.00
1765628023.687908,1,2478,2334,1765628023685,1765628023687,2,6.47,0.0000,0.0,0.00
1765628023.696777,1,2479,2335,1765628023696,1765628023696,0,6.51,0.0000,0.0,0.00
1765628023.708505,1,2480,2336,1765628023708,1765628023708,0,6.60,0.0000,0.0,0.00
1765628023.729984,1,2481,2337,1765628023729,1765628023729,0,6.51,0.0000,0.0,0.00
1765628023.753218,1,2482,2338,1765628023751,1765628023753,2,6.55,0.0000,0.0,0.00
1765628023.772699,1,2483,2339,1765628023772,1765628023772,0,6.49,0.0000,0.0,0.00
1765628023.794609,1,2484,2340,1765628023794,1765628023794,0,6.52,0.0000,0.0,0.00
1765628023.818833,1,2485,2341,1765628023816,1765628023818,2,6.56,0.0000,0.0,0.00
1765628023.837997,1,2486,2343,1765628023836,1765628023836,0,6.53,0.0000,0.0,0.00
1765628023.851857,1,2487,2344,1765628023848,1765628023851,3,6.56,0.0000,0.0,0.00
1765628023.859579,1,2488,2345,1765628023859,1765628023859,0,6.70,0.0000,0.0,0.00
1765628023.884445,1,2489,2346,1765628023881,1765628023884,3,6.76,0.0000,0.0,0.00
1765628023.912152,1,2490,2347,1765628023908,1765628023912,4,6.85,0.0000,0.0,0.00
1765628023.919730,1,2491,2348,1765628023919,1765628023919,0,6.92,0.0000,0.0,0.00
1765628023.930870,1,2492,2349,1765628023930,1765628023930,0,6.93,0.0000,0.0,0.00
1765628023.952584,1,2493,2350,1765628023952,1765628023952,0,6.81,0.0000,0.0,0.00
1765628023.963278,1,2494,2351,1765628023963,1765628023963,0,6.81,0.0000,0.0,0.00
1765628023.984830,1,2495,2352,1765628023984,1765628023984,0,6.73,0.0000,0.0,0.00
1765628023.996551,1,2496,2353,1765628023996,1765628023996,0,6.82,0.0000,0.0,0.00
1765628024.010140,1,2497,2354,1765628024008,1765628024009,1,6.91,0.0000,0.0,0.00
1765628024.018995,1,2498,2355,1765628024018,1765628024018,0,6.88,0.0000,0.0,0.00
1765628024.041536,1,2499,2356,1765628024040,1765628024041,1,6.81,0.0000,0.0,0.00
1765628024.061829,1,2500,2357,1765628024061,1765628024061,0,6.78,0.0000,0.0,0.00
1765628024.082386,1,2501,2358,1765628024082,1765628024082,0,6.67,0.0000,0.0,0.00
1765628024.103893,1,2502,2359,1765628024103,1765628024103,0,6.56,0.0000,0.0,0.00
1765628024.125801,1,2503,2360,1765628024125,1765628024125,0,6.57,0.0000,0.0,0.00
1765628024.146891,1,2504,2361,1765628024146,1765628024146,0,6.56,0.0000,0.0,0.00
1765628024.168982,1,2505,2362,1765628024168,1765628024168,0,6.53,0.0000,0.0,0.00
1765628024.192852,1,2506,2363,1765628024190,1765628024191,1,6.57,0.0000,0.0,0.00
1765628024.211187,1,2507,2364,1765628024211,1765628024211,0,6.54,0.0000,0.0,0.00
1765628024.232303,1,2508,2365,1765628024232,1765628024232,0,6.49,0.0000,0.0,0.00
1765628024.253669,1,2509,2366,1765628024253,1765628024253,0,6.29,0.0000,0.0,0.00
1765628024.278471,1,2510,2367,1765628024275,1765628024278,3,6.29,0.0000,0.0,0.00
1765628024.296610,1,2511,2368,1765628024296,1765628024296,0,6.29,0.0000,0.0,0.00
1765628024.317868,1,2512,2369,1765628024317,1765628024317,0,6.29,0.0000,0.0,0.00
1765628024.342104,1,2513,2370,1765628024338,1765628024342,4,6.35,0.0000,0.0,0.00
1765628024.360454,1,2514,2371,1765628024360,1765628024360,0,6.23,0.0000,0.0,0.00
1765628024.382557,1,2515,2372,1765628024382,1765628024382,0,6.09,0.0000,0.0,0.00
1765628024.403147,1,2516,2373,1765628024403,1765628024403,0,5.30,0.0000,0.0,0.00
1765628024.426420,1,2517,2374,1765628024424,1765628024426,2,5.23,0.0000,0.0,0.00
1765628024.446676,1,2518,2375,1765628024446,1765628024446,0,5.23,0.0000,0.0,0.00
1765628024.458617,1,2519,2376,1765628024457,1765628024458,1,5.06,0.0000,0.0,0.00
1765628024.478553,1,2520,2377,1765628024478,1765628024478,0,5.00,0.0000,0.0,0.00
1765628024.499688,1,2521,2378,1765628024499,1765628024499,0,4.97,0.0000,0.0,0.00
1765628024.524825,1,2522,2379,1765628024521,1765628024524,3,5.00,0.0000,0.0,0.00
1765628024.542235,1,2523,2380,1765628024542,1765628024542,0,4.89,0.0000,0.0,0.00
1765628024.563224,1,2524,2381,1765628024563,1765628024563,0,4.63,0.0000,0.0,0.00
1765628024.584639,1,2525,2382,1765628024584,1765628024584,0,4.49,0.0000,0.0,0.00
1765628024.611329,1,2526,2383,1765628024606,1765628024611,5,4.54,0.0000,0.0,0.00
1765628024.627711,1,2527,2384,1765628024627,1765628024627,0,4.43,0.0000,0.0,0.00
1765628024.670027,1,2528,2385,1765628024663,1765628024670,7,4.69,0.0000,0.0,0.00
1765628024.686558,1,2529,2387,1765628024685,1765628024686,1,4.69,0.0000,0.0,0.00
1765628024.702616,1,2530,2388,1765628024701,1765628024701,0,4.52,0.0000,0.0,0.00
1765628024.717042,1,2531,2389,1765628024712,1765628024717,5,4.50,0.0000,0.0,0.00
1765628024.734989,1,2532,2390,1765628024734,1765628024734,0,4.32,0.0000,0.0,0.00
1765628024.756528,1,2533,2391,1765628024756,1765628024756,0,4.20,0.0000,0.0,0.00
1765628024.777189,1,2534,2392,1765628024777,1765628024777,0,4.21,0.0000,0.0,0.00
1765628024.800549,1,2535,2393,1765628024798,1765628024800,2,4.09,0.0000,0.0,0.00
1765628024.819410,1,2536,2394,1765628024819,1765628024819,0,4.09,0.0000,0.0,0.00
1765628024.841625,1,2537,2395,1765628024841,1765628024841,0,4.10,0.0000,0.0,0.00
1765628024.862333,1,2538,2396,1765628024862,1765628024862,0,4.06,0.0000,0.0,0.00
1765628024.885011,1,2539,2397,1765628024883,1765628024885,2,3.87,0.0000,0.0,0.00
1765628024.905016,1,2540,2398,1765628024905,1765628024905,0,3.70,0.0000,0.0,0.00
1765628024.926312,1,2541,2399,1765628024926,1765628024926,0,3.70,0.0000,0.0,0.00
1765628024.947961,1,2542,2400,1765628024947,1765628024947,0,3.67,0.0000,0.0,0.00
1765628024.970598,1,2543,2401,1765628024969,1765628024970,1,3.68,0.0000,0.0,0.00
1765628024.990404,1,2544,2402,1765628024990,1765628024990,0,3.66,0.0000,0.0,0.00
1765628025.012231,1,2545,2403,1765628025011,1765628025011,0,3.63,0.0000,0.0,0.00
1765628025.022867,1,2546,2404,1765628025022,1765628025022,0,3.79,0.0000,0.0,0.00
1765628025.034005,1,2547,2405,1765628025034,1765628025034,0,3.85,0.0000,0.0,0.00
1765628025.056656,1,2548,2406,1765628025055,1765628025055,0,3.59,0.0000,0.0,0.00
1765628025.066404,1,2549,2407,1765628025066,1765628025066,0,3.74,0.0000,0.0,0.00
1765628025.077787,1,2550,2408,1765628025077,1765628025077,0,3.84,0.0000,0.0,0.00
1765628025.098890,1,2551,2409,1765628025098,1765628025098,0,3.58,0.0000,0.0,0.00
1765628025.120322,1,2552,2410,1765628025120,1765628025120,0,3.40,0.0000,0.0,0.00
1765628025.141899,1,2553,2411,1765628025141,1765628025141,0,3.39,0.0000,0.0,0.00
1765628025.163107,1,2554,2412,1765628025163,1765628025163,0,3.20,0.0000,0.0,0.00
1765628025.186315,1,2555,2413,1765628025184,1765628025186,2,3.23,0.0000,0.0,0.00
1765628025.196238,1,2556,2414,1765628025195,1765628025195,0,3.29,0.0000,0.0,0.00
1765628025.219636,1,2557,2415,1765628025216,1765628025218,2,3.18,0.0000,0.0,0.00
1765628025.228127,1,2558,2416,1765628025228,1765628025228,0,3.16,0.0000,0.0,0.00
1765628025.254255,1,2559,2417,1765628025249,1765628025254,5,3.19,0.0000,0.0,0.00
1765628025.271353,1,2560,2418,1765628025271,1765628025271,0,3.26,0.0000,0.0,0.00
1765628025.287506,1,2561,2419,1765628025282,1765628025287,5,3.33,0.0000,0.0,0.00
1765628025.294725,1,2562,2420,1765628025294,1765628025294,0,3.60,0.0000,0.0,0.00
1765628025.322603,1,2563,2421,1765628025316,1765628025322,6,3.67,0.0000,0.0,0.00
1765628025.328178,1,2564,2422,1765628025327,1765628025327,0,3.99,0.0000,0.0,0.00
1765628025.338720,1,2565,2423,1765628025338,1765628025338,0,4.15,0.0000,0.0,0.00
1765628025.360202,1,2566,2424,1765628025360,1765628025360,0,4.14,0.0000,0.0,0.00
1765628025.381398,1,2567,2425,1765628025381,1765628025381,0,4.15,0.0000,0.0,0.00
1765628025.403304,1,2568,2426,1765628025402,1765628025402,0,4.15,0.0000,0.0,0.00
1765628025.424583,1,2569,2427,1765628025424,1765628025424,0,4.16,0.0000,0.0,0.00
1765628025.446418,1,2570,2428,1765628025446,1765628025446,0,4.13,0.0000,0.0,0.00
1765628025.469032,1,2571,2429,1765628025467,1765628025469,2,4.13,0.0000,0.0,0.00
1765628025.489204,1,2572,2430,1765628025489,1765628025489,0,4.12,0.0000,0.0,0.00
1765628025.510742,1,2573,2431,1765628025510,1765628025510,0,4.08,0.0000,0.0,0.00
1765628025.532142,1,2574,2432,1765628025532,1765628025532,0,4.07,0.0000,0.0,0.00
1765628025.556758,1,2575,2433,1765628025553,1765628025554,1,4.07,0.0000,0.0,0.00
1765628025.574984,1,2576,2434,1765628025574,1765628025574,0,4.06,0.0000,0.0,0.00
1765628025.597287,1,2577,2435,1765628025596,1765628025597,1,4.06,0.0000,0.0,0.00
1765628025.621930,1,2578,2436,1765628025618,1765628025620,2,4.09,0.0000,0.0,0.00
1765628025.639256,1,2579,2437,1765628025639,1765628025639,0,3.93,0.0000,0.0,0.00
1765628025.660680,1,2580,2438,1765628025660,1765628025660,0,3.94,0.0000,0.0,0.00
1765628025.681611,1,2581,2439,1765628025681,1765628025681,0,3.94,0.0000,0.0,0.00
1765628025.703566,1,2582,2440,1765628025702,1765628025703,1,3.91,0.0000,0.0,0.00
1765628025.713695,1,2583,2441,1765628025713,1765628025713,0,4.09,0.0000,0.0,0.00
1765628025.736755,1,2584,2442,1765628025735,1765628025736,1,4.11,0.0000,0.0,0.00
1765628025.756455,1,2585,2443,1765628025756,1765628025756,0,4.10,0.0000,0.0,0.00
1765628025.777986,1,2586,2444,1765628025777,1765628025777,0,4.04,0.0000,0.0,0.00
1765628025.806741,1,2587,2445,1765628025800,1765628025805,5,4.05,0.0000,0.0,0.00
1765628025.811253,1,2588,2446,1765628025811,1765628025811,0,4.11,0.0000,0.0,0.00
1765628025.832306,1,2589,2447,1765628025832,1765628025832,0,4.06,0.0000,0.0,0.00
1765628025.854327,1,2590,2448,1765628025853,1765628025853,0,3.98,0.0000,0.0,0.00
1765628025.874815,1,2591,2449,1765628025874,1765628025874,0,3.92,0.0000,0.0,0.00
1765628025.887155,1,2592,2450,1765628025886,1765628025887,1,4.02,0.0000,0.0,0.00
1765628025.908421,1,2593,2451,1765628025907,1765628025907,0,4.00,0.0000,0.0,0.00
1765628025.928712,1,2594,2452,1765628025928,1765628025928,0,4.00,0.0000,0.0,0.00
1765628025.953789,1,2595,2453,1765628025950,1765628025953,3,4.02,0.0000,0.0,0.00
1765628025.962523,1,2596,2454,1765628025961,1765628025962,1,4.26,0.0000,0.0,0.00
1765628025.974046,1,2597,2455,1765628025973,1765628025973,0,4.43,0.0000,0.0,0.00
1765628025.995528,1,2598,2456,1765628025994,1765628025994,0,4.43,0.0000,0.0,0.00
1765628026.016115,1,2599,2457,1765628026016,1765628026016,0,4.42,0.0000,0.0,0.00
1765628026.037098,1,2600,2458,1765628026037,1765628026037,0,4.43,0.0000,0.0,0.00
1765628026.058428,1,2601,2459,1765628026058,1765628026058,0,4.43,0.0000,0.0,0.00
1765628026.079891,1,2602,2460,1765628026079,1765628026079,0,4.43,0.0000,0.0,0.00
1765628026.102508,1,2603,2461,1765628026101,1765628026102,1,4.43,0.0000,0.0,0.00
1765628026.122601,1,2604,2462,1765628026122,1765628026122,0,4.43,0.0000,0.0,0.00
1765628026.145150,1,2605,2463,1765628026143,1765628026143,0,4.43,0.0000,0.0,0.00
1765628026.155137,1,2606,2464,1765628026155,1765628026155,0,4.40,0.0000,0.0,0.00
1765628026.170519,1,2607,2465,1765628026166,1765628026168,2,4.38,0.0000,0.0,0.00
1765628026.177814,1,2608,2466,1765628026177,1765628026177,0,4.60,0.0000,0.0,0.00
1765628026.202999,1,2609,2467,1765628026199,1765628026201,2,4.46,0.0000,0.0,0.00
1765628026.221177,1,2610,2468,1765628026220,1765628026220,0,4.26,0.0000,0.0,0.00
1765628026.242151,1,2611,2469,1765628026242,1765628026242,0,4.27,0.0000,0.0,0.00
1765628026.262856,1,2612,2470,1765628026262,1765628026262,0,4.25,0.0000,0.0,0.00
1765628026.286329,1,2613,2471,1765628026283,1765628026286,3,4.28,0.0000,0.0,0.00
1765628026.304501,1,2614,2472,1765628026304,1765628026304,0,4.28,0.0000,0.0,0.00
1765628026.325944,1,2615,2473,1765628026325,1765628026325,0,4.26,0.0000,0.0,0.00
1765628026.346903,1,2616,2474,1765628026346,1765628026346,0,4.04,0.0000,0.0,0.00
1765628026.358036,1,2617,2475,1765628026358,1765628026358,0,4.17,0.0000,0.0,0.00
1765628026.379400,1,2618,2476,1765628026379,1765628026379,0,3.97,0.0000,0.0,0.00
1765628026.401691,1,2619,2477,1765628026400,1765628026401,1,3.93,0.0000,0.0,0.00
1765628026.422563,1,2620,2478,1765628026421,1765628026421,0,3.89,0.0000,0.0,0.00
1765628026.437539,1,2621,2479,1765628026433,1765628026437,4,3.89,0.0000,0.0,0.00
1765628026.444376,1,2622,2480,1765628026444,1765628026444,0,3.89,0.0000,0.0,0.00
1765628026.470529,1,2623,2481,1765628026466,1765628026470,4,3.87,0.0000,0.0,0.00
1765628026.477926,1,2624,2482,1765628026477,1765628026477,0,3.82,0.0000,0.0,0.00
1765628026.488231,1,2625,2483,1765628026488,1765628026488,0,3.82,0.0000,0.0,0.00
1765628026.509860,1,2626,2484,1765628026509,1765628026509,0,3.81,0.0000,0.0,0.00
1765628026.531069,1,2627,2485,1765628026531,1765628026531,0,3.82,0.0000,0.0,0.00
1765628026.541692,1,2628,2486,1765628026541,1765628026541,0,4.02,0.0000,0.0,0.00
1765628026.563281,1,2629,2487,1765628026563,1765628026563,0,4.02,0.0000,0.0,0.00
1765628026.588202,1,2630,2488,1765628026584,1765628026586,2,4.03,0.0000,0.0,0.00
1765628026.606085,1,2631,2489,1765628026605,1765628026605,0,4.00,0.0000,0.0,0.00
1765628026.626810,1,2632,2490,1765628026626,1765628026626,0,4.01,0.0000,0.0,0.00
1765628026.638285,1,2633,2491,1765628026638,1765628026638,0,4.16,0.0000,0.0,0.00
1765628026.659700,1,2634,2492,1765628026659,1765628026659,0,4.15,0.0000,0.0,0.00
1765628026.680938,1,2635,2493,1765628026680,1765628026680,0,4.14,0.0000,0.0,0.00
1765628026.706436,1,2636,2495,1765628026702,1765628026705,3,4.19,0.0000,0.0,0.00
1765628026.724108,1,2637,2496,1765628026724,1765628026724,0,4.15,0.0000,0.0,0.00
1765628026.745184,1,2638,2497,1765628026745,1765628026745,0,4.13,0.0000,0.0,0.00
1765628026.768377,1,2639,2498,1765628026767,1765628026768,1,4.17,0.0000,0.0,0.00
1765628026.788810,1,2640,2499,1765628026788,1765628026788,0,4.16,0.0000,0.0,0.00
1765628026.809559,1,2641,2500,1765628026809,1765628026809,0,4.16,0.0000,0.0,0.00
1765628026.833043,1,2642,2501,1765628026830,1765628026833,3,4.18,0.0000,0.0,0.00
1765628026.853781,1,2643,2503,1765628026853,1765628026853,0,3.97,0.0000,0.0,0.00
1765628026.866706,1,2644,2504,1765628026864,1765628026865,1,4.10,0.0000,0.0,0.00
1765628026.876307,1,2645,2505,1765628026875,1765628026876,1,4.28,0.0000,0.0,0.00
1765628026.888473,1,2646,2506,1765628026887,1765628026887,0,4.43,0.0000,0.0,0.00
1765628026.900285,1,2647,2507,1765628026899,1765628026899,0,4.48,0.0000,0.0,0.00
1765628026.910189,1,2648,2508,1765628026910,1765628026910,0,4.37,0.0000,0.0,0.00
1765628026.931790,1,2649,2509,1765628026931,1765628026931,0,4.37,0.0000,0.0,0.00
1765628026.953888,1,2650,2510,1765628026953,1765628026953,0,4.38,0.0000,0.0,0.00
1765628026.979529,1,2651,2511,1765628026975,1765628026978,3,4.42,0.0000,0.0,0.00
1765628026.997032,1,2652,2512,1765628026997,1765628026997,0,4.30,0.0000,0.0,0.00
1765628027.018963,1,2653,2513,1765628027018,1765628027018,0,4.31,0.0000,0.0,0.00
1765628027.039912,1,2654,2514,1765628027039,1765628027039,0,4.31,0.0000,0.0,0.00
1765628027.051184,1,2655,2515,1765628027051,1765628027051,0,4.39,0.0000,0.0,0.00
1765628027.072663,1,2656,2516,1765628027072,1765628027072,0,4.20,0.0000,0.0,0.00
1765628027.095031,1,2657,2517,1765628027093,1765628027093,0,4.04,0.0000,0.0,0.00
1765628027.105263,1,2658,2518,1765628027105,1765628027105,0,4.18,0.0000,0.0,0.00
1765628027.126927,1,2659,2519,1765628027126,1765628027126,0,4.17,0.0000,0.0,0.00
1765628027.148725,1,2660,2520,1765628027148,1765628027148,0,4.18,0.0000,0.0,0.00
1765628027.170338,1,2661,2521,1765628027169,1765628027169,0,4.18,0.0000,0.0,0.00
1765628027.181020,1,2662,2522,1765628027181,1765628027181,0,4.30,0.0000,0.0,0.00
1765628027.203306,1,2663,2523,1765628027202,1765628027202,0,4.28,0.0000,0.0,0.00
1765628027.225353,1,2664,2524,1765628027223,1765628027225,2,4.31,0.0000,0.0,0.00
1765628027.245295,1,2665,2525,1765628027245,1765628027245,0,4.30,0.0000,0.0,0.00
1765628027.266427,1,2666,2526,1765628027266,1765628027266,0,4.18,0.0000,0.0,0.00
1765628027.292760,1,2667,2527,1765628027287,1765628027292,5,4.12,0.0000,0.0,0.00
1765628027.309152,1,2668,2528,1765628027309,1765628027309,0,3.92,0.0000,0.0,0.00
1765628027.330720,1,2669,2529,1765628027330,1765628027330,0,3.90,0.0000,0.0,0.00
1765628027.352716,1,2670,2530,1765628027352,1765628027352,0,3.92,0.0000,0.0,0.00
1765628027.374136,1,2671,2531,1765628027374,1765628027374,0,3.92,0.0000,0.0,0.00
1765628027.396549,1,2672,2532,1765628027396,1765628027396,0,3.94,0.0000,0.0,0.00
1765628027.417256,1,2673,2533,1765628027417,1765628027417,0,3.91,0.0000,0.0,0.00
1765628027.440359,1,2674,2534,1765628027438,1765628027438,0,3.91,0.0000,0.0,0.00
1765628027.459683,1,2675,2535,1765628027459,1765628027459,0,3.91,0.0000,0.0,0.00
1765628027.481448,1,2676,2536,1765628027480,1765628027481,1,3.92,0.0000,0.0,0.00
1765628027.492581,1,2677,2537,1765628027492,1765628027492,0,3.95,0.0000,0.0,0.00
1765628027.514421,1,2678,2538,1765628027514,1765628027514,0,3.96,0.0000,0.0,0.00
1765628027.526164,1,2679,2539,1765628027525,1765628027525,0,4.12,0.0000,0.0,0.00
1765628027.541391,1,2680,2540,1765628027536,1765628027539,3,4.21,0.0000,0.0,0.00
1765628027.547601,1,2681,2541,1765628027547,1765628027547,0,4.40,0.0000,0.0,0.00
1765628027.573271,1,2682,2542,1765628027568,1765628027572,4,4.19,0.0000,0.0,0.00
1765628027.590465,1,2683,2543,1765628027590,1765628027590,0,4.13,0.0000,0.0,0.00
1765628027.612103,1,2684,2544,1765628027611,1765628027611,0,3.88,0.0000,0.0,0.00
1765628027.632924,1,2685,2545,1765628027632,1765628027632,0,3.71,0.0000,0.0,0.00
1765628027.656426,1,2686,2546,1765628027654,1765628027656,2,3.74,0.0000,0.0,0.00
1765628027.675494,1,2687,2547,1765628027675,1765628027675,0,3.71,0.0000,0.0,0.00
1765628027.696770,1,2688,2548,1765628027696,1765628027696,0,3.52,0.0000,0.0,0.00
1765628027.719434,1,2689,2549,1765628027718,1765628027718,0,3.52,0.0000,0.0,0.00
1765628027.730749,1,2690,2550,1765628027729,1765628027729,0,3.67,0.0000,0.0,0.00
1765628027.751404,1,2691,2551,1765628027751,1765628027751,0,3.70,0.0000,0.0,0.00
1765628027.776217,1,2692,2552,1765628027772,1765628027776,4,3.74,0.0000,0.0,0.00
1765628027.793628,1,2693,2553,1765628027793,1765628027793,0,3.62,0.0000,0.0,0.00
1765628027.814813,1,2694,2554,1765628027814,1765628027814,0,3.62,0.0000,0.0,0.00
1765628027.836341,1,2695,2555,1765628027835,1765628027835,0,3.62,0.0000,0.0,0.00
1765628027.858075,1,2696,2556,1765628027857,1765628027858,1,3.60,0.0000,0.0,0.00
1765628027.878431,1,2697,2557,1765628027878,1765628027878,0,3.61,0.0000,0.0,0.00
1765628027.899710,1,2698,2558,1765628027899,1765628027899,0,3.61,0.0000,0.0,0.00
1765628027.920882,1,2699,2559,1765628027920,1765628027920,0,3.59,0.0000,0.0,0.00
1765628027.932007,1,2700,2560,1765628027932,1765628027932,0,3.74,0.0000,0.0,0.00
1765628027.953258,1,2701,2561,1765628027953,1765628027953,0,3.74,0.0000,0.0,0.00
1765628027.976781,1,2702,2562,1765628027974,1765628027976,2,3.73,0.0000,0.0,0.00
1765628027.986599,1,2703,2563,1765628027986,1765628027986,0,3.93,0.0000,0.0,0.00
1765628028.009418,1,2704,2564,1765628028007,1765628028009,2,3.81,0.0000,0.0,0.00
1765628028.028947,1,2705,2565,1765628028028,1765628028028,0,3.63,0.0000,0.0,0.00
1765628028.050567,1,2706,2567,1765628028050,1765628028050,0,3.46,0.0000,0.0,0.00
1765628028.072737,1,2707,2568,1765628028071,1765628028071,0,3.30,0.0000,0.0,0.00
1765628028.094135,1,2708,2569,1765628028093,1765628028093,0,3.12,0.0000,0.0,0.00
1765628028.114211,1,2709,2570,1765628028114,1765628028114,0,3.12,0.0000,0.0,0.00
1765628028.136406,1,2710,2571,1765628028135,1765628028135,0,3.11,0.0000,0.0,0.00
1765628028.156787,1,2711,2572,1765628028156,1765628028156,0,3.07,0.0000,0.0,0.00
1765628028.178358,1,2712,2573,1765628028177,1765628028178,1,3.08,0.0000,0.0,0.00
1765628028.199703,1,2713,2574,1765628028199,1765628028199,0,3.08,0.0000,0.0,0.00
1765628028.221858,1,2714,2575,1765628028221,1765628028221,0,3.08,0.0000,0.0,0.00
1765628028.244426,1,2715,2576,1765628028242,1765628028244,2,2.91,0.0000,0.0,0.00
1765628028.264377,1,2716,2577,1765628028264,1765628028264,0,2.90,0.0000,0.0,0.00
1765628028.278645,1,2717,2578,1765628028275,1765628028278,3,3.04,0.0000,0.0,0.00
1765628028.296311,1,2718,2579,1765628028296,1765628028296,0,2.89,0.0000,0.0,0.00
1765628028.317721,1,2719,2580,1765628028317,1765628028317,0,2.89,0.0000,0.0,0.00
1765628028.339065,1,2720,2581,1765628028339,1765628028339,0,2.89,0.0000,0.0,0.00
1765628028.362860,1,2721,2582,1765628028360,1765628028362,2,2.91,0.0000,0.0,0.00
1765628028.381669,1,2722,2583,1765628028381,1765628028381,0,2.73,0.0000,0.0,0.00
1765628028.404761,1,2723,2584,1765628028403,1765628028404,1,2.75,0.0000,0.0,0.00
1765628028.416157,1,2724,2585,1765628028416,1765628028416,0,2.92,0.0000,0.0,0.00
1765628028.432146,1,2725,2586,1765628028428,1765628028431,3,3.03,0.0000,0.0,0.00
1765628028.439526,1,2726,2587,1765628028439,1765628028439,0,3.30,0.0000,0.0,0.00
1765628028.450719,1,2727,2588,1765628028450,1765628028450,0,3.42,0.0000,0.0,0.00
1765628028.472410,1,2728,2589,1765628028471,1765628028471,0,3.39,0.0000,0.0,0.00
1765628028.492978,1,2729,2590,1765628028492,1765628028492,0,3.39,0.0000,0.0,0.00
1765628028.514571,1,2730,2591,1765628028514,1765628028514,0,3.39,0.0000,0.0,0.00
1765628028.526269,1,2731,2592,1765628028525,1765628028525,0,3.55,0.0000,0.0,0.00
1765628028.538078,1,2732,2593,1765628028537,1765628028537,0,3.68,0.0000,0.0,0.00
1765628028.558860,1,2733,2594,1765628028558,1765628028558,0,3.68,0.0000,0.0,0.00
1765628028.581463,1,2734,2595,1765628028580,1765628028581,1,3.70,0.0000,0.0,0.00
1765628028.591388,1,2735,2596,1765628028591,1765628028591,0,3.89,0.0000,0.0,0.00
1765628028.614488,1,2736,2597,1765628028612,1765628028614,2,3.90,0.0000,0.0,0.00
1765628028.636286,1,2737,2598,1765628028636,1765628028636,0,3.74,0.0000,0.0,0.00
1765628028.648515,1,2738,2599,1765628028648,1765628028648,0,3.87,0.0000,0.0,0.00
1765628028.671175,1,2739,2600,1765628028670,1765628028671,1,3.73,0.0000,0.0,0.00
1765628028.692007,1,2740,2601,1765628028692,1765628028692,0,3.64,0.0000,0.0,0.00
1765628028.714257,1,2741,2603,1765628028713,1765628028713,0,3.39,0.0000,0.0,0.00
1765628028.724415,1,2742,2604,1765628028724,1765628028724,0,3.53,0.0000,0.0,0.00
1765628028.749123,1,2743,2605,1765628028745,1765628028749,4,3.56,0.0000,0.0,0.00
1765628028.767075,1,2744,2606,1765628028767,1765628028767,0,3.57,0.0000,0.0,0.00
1765628028.788257,1,2745,2607,1765628028788,1765628028788,0,3.57,0.0000,0.0,0.00
1765628028.809166,1,2746,2608,1765628028809,1765628028809,0,3.54,0.0000,0.0,0.00
1765628028.820819,1,2747,2609,1765628028820,1765628028820,0,3.72,0.0000,0.0,0.00
1765628028.842376,1,2748,2610,1765628028842,1765628028842,0,3.73,0.0000,0.0,0.00
1765628028.854775,1,2749,2611,1765628028853,1765628028853,0,3.88,0.0000,0.0,0.00
1765628028.867535,1,2750,2612,1765628028865,1765628028867,2,3.81,0.0000,0.0,0.00
1765628028.876416,1,2751,2613,1765628028876,1765628028876,0,4.01,0.0000,0.0,0.00
1765628028.898465,1,2752,2614,1765628028898,1765628028898,0,3.98,0.0000,0.0,0.00
1765628028.909125,1,2753,2615,1765628028909,1765628028909,0,4.11,0.0000,0.0,0.00
1765628028.931723,1,2754,2616,1765628028930,1765628028931,1,4.12,0.0000,0.0,0.00
1765628028.951595,1,2755,2617,1765628028951,1765628028951,0,4.11,0.0000,0.0,0.00
1765628028.973110,1,2756,2618,1765628028973,1765628028973,0,4.10,0.0000,0.0,0.00
1765628028.999172,1,2757,2619,1765628028994,1765628028998,4,4.16,0.0000,0.0,0.00
1765628029.016501,1,2758,2620,1765628029015,1765628029015,0,4.17,0.0000,0.0,0.00
1765628029.028520,1,2759,2621,1765628029027,1765628029027,0,4.28,0.0000,0.0,0.00
1765628029.038931,1,2760,2622,1765628029038,1765628029038,0,4.30,0.0000,0.0,0.00
1765628029.060251,1,2761,2623,1765628029060,1765628029060,0,4.32,0.0000,0.0,0.00
1765628029.084841,1,2762,2624,1765628029081,1765628029084,3,4.33,0.0000,0.0,0.00
1765628029.102909,1,2763,2625,1765628029102,1765628029102,0,4.15,0.0000,0.0,0.00
1765628029.125133,1,2764,2626,1765628029124,1765628029124,0,4.14,0.0000,0.0,0.00
1765628029.145426,1,2765,2627,1765628029145,1765628029145,0,4.17,0.0000,0.0,0.00
1765628029.168888,1,2766,2628,1765628029166,1765628029168,2,4.18,0.0000,0.0,0.00
1765628029.188729,1,2767,2629,1765628029188,1765628029188,0,4.17,0.0000,0.0,0.00
1765628029.209134,1,2768,2630,1765628029209,1765628029209,0,4.15,0.0000,0.0,0.00
1765628029.234406,1,2769,2631,1765628029230,1765628029234,4,4.20,0.0000,0.0,0.00
1765628029.251511,1,2770,2632,1765628029251,1765628029251,0,4.21,0.0000,0.0,0.00
1765628029.272809,1,2771,2633,1765628029272,1765628029272,0,4.21,0.0000,0.0,0.00
1765628029.294544,1,2772,2634,1765628029294,1765628029294,0,4.21,0.0000,0.0,0.00
1765628029.319864,1,2773,2635,1765628029315,1765628029318,3,4.24,0.0000,0.0,0.00
1765628029.338665,1,2774,2636,1765628029337,1765628029337,0,4.21,0.0000,0.0,0.00
1765628029.353246,1,2775,2637,1765628029349,1765628029353,4,4.20,0.0000,0.0,0.00
1765628029.361716,1,2776,2638,1765628029361,1765628029361,0,4.39,0.0000,0.0,0.00
1765628029.372779,1,2777,2639,1765628029372,1765628029372,0,4.45,0.0000,0.0,0.00
1765628029.394011,1,2778,2640,1765628029394,1765628029394,0,4.50,0.0000,0.0,0.00
1765628029.416758,1,2779,2641,1765628029415,1765628029416,1,4.51,0.0000,0.0,0.00
1765628029.436699,1,2780,2642,1765628029436,1765628029436,0,4.48,0.0000,0.0,0.00
1765628029.458011,1,2781,2643,1765628029458,1765628029458,0,4.47,0.0000,0.0,0.00
1765628029.469350,1,2782,2644,1765628029469,1765628029469,0,4.61,0.0000,0.0,0.00
1765628029.490621,1,2783,2645,1765628029490,1765628029490,0,4.58,0.0000,0.0,0.00
1765628029.511859,1,2784,2646,1765628029511,1765628029511,0,4.49,0.0000,0.0,0.00
1765628029.535476,1,2785,2647,1765628029533,1765628029535,2,4.49,0.0000,0.0,0.00
1765628029.544096,1,2786,2648,1765628029544,1765628029544,0,4.47,0.0000,0.0,0.00
1765628029.566744,1,2787,2649,1765628029565,1765628029566,1,4.35,0.0000,0.0,0.00
1765628029.587880,1,2788,2650,1765628029586,1765628029586,0,4.34,0.0000,0.0,0.00
1765628029.608336,1,2789,2651,1765628029608,1765628029608,0,4.35,0.0000,0.0,0.00
1765628029.632086,1,2790,2652,1765628029629,1765628029632,3,4.38,0.0000,0.0,0.00
1765628029.651103,1,2791,2653,1765628029651,1765628029651,0,4.21,0.0000,0.0,0.00
1765628029.672567,1,2792,2654,1765628029672,1765628029672,0,4.08,0.0000,0.0,0.00
1765628029.697096,1,2793,2655,1765628029693,1765628029696,3,4.11,0.0000,0.0,0.00
1765628029.714831,1,2794,2656,1765628029714,1765628029714,0,4.09,0.0000,0.0,0.00
1765628029.736470,1,2795,2657,1765628029735,1765628029735,0,3.91,0.0000,0.0,0.00
1765628029.757350,1,2796,2658,1765628029757,1765628029757,0,3.90,0.0000,0.0,0.00
1765628029.779907,1,2797,2659,1765628029778,1765628029779,1,3.90,0.0000,0.0,0.00
1765628029.799541,1,2798,2660,1765628029799,1765628029799,0,3.76,0.0000,0.0,0.00
1765628029.815295,1,2799,2661,1765628029812,1765628029815,3,3.78,0.0000,0.0,0.00
1765628029.823951,1,2800,2662,1765628029822,1765628029822,0,4.02,0.0000,0.0,0.00
1765628029.834015,1,2801,2663,1765628029834,1765628029834,0,4.14,0.0000,0.0,0.00
1765628029.855089,1,2802,2665,1765628029855,1765628029855,0,4.00,0.0000,0.0,0.00
1765628029.866384,1,2803,2666,1765628029866,1765628029866,0,4.10,0.0000,0.0,0.00
1765628029.887878,1,2804,2667,1765628029887,1765628029887,0,4.11,0.0000,0.0,0.00
1765628029.909679,1,2805,2668,1765628029909,1765628029909,0,4.12,0.0000,0.0,0.00
1765628029.931094,1,2806,2670,1765628029931,1765628029931,0,4.13,0.0000,0.0,0.00
1765628029.952568,1,2807,2671,1765628029952,1765628029952,0,3.98,0.0000,0.0,0.00
1765628029.973868,1,2808,2672,1765628029973,1765628029973,0,3.97,0.0000,0.0,0.00
1765628029.994731,1,2809,2673,1765628029994,1765628029994,0,3.81,0.0000,0.0,0.00
1765628030.016135,1,2810,2674,1765628030016,1765628030016,0,3.73,0.0000,0.0,0.00
1765628030.042926,1,2811,2675,1765628030037,1765628030042,5,3.56,0.0000,0.0,0.00
1765628030.061266,1,2812,2676,1765628030058,1765628030060,2,3.57,0.0000,0.0,0.00
1765628030.081338,1,2813,2677,1765628030080,1765628030081,1,3.39,0.0000,0.0,0.00
1765628030.102285,1,2814,2678,1765628030102,1765628030102,0,3.38,0.0000,0.0,0.00
1765628030.125439,1,2815,2679,1765628030123,1765628030125,2,3.41,0.0000,0.0,0.00
1765628030.144951,1,2816,2680,1765628030144,1765628030144,0,3.39,0.0000,0.0,0.00
1765628030.158634,1,2817,2681,1765628030156,1765628030157,1,3.48,0.0000,0.0,0.00
1765628030.177157,1,2818,2682,1765628030177,1765628030177,0,3.43,0.0000,0.0,0.00
1765628030.198559,1,2819,2683,1765628030198,1765628030198,0,3.28,0.0000,0.0,0.00
1765628030.224323,1,2820,2685,1765628030220,1765628030224,4,3.13,0.0000,0.0,0.00
1765628030.231548,1,2821,2686,1765628030231,1765628030231,0,3.41,0.0000,0.0,0.00
1765628030.253155,1,2822,2687,1765628030252,1765628030252,0,3.38,0.0000,0.0,0.00
1765628030.276573,1,2823,2688,1765628030274,1765628030276,2,3.39,0.0000,0.0,0.00
1765628030.296527,1,2824,2689,1765628030295,1765628030296,1,3.37,0.0000,0.0,0.00
1765628030.317482,1,2825,2690,1765628030317,1765628030317,0,3.37,0.0000,0.0,0.00
1765628030.341424,1,2826,2691,1765628030338,1765628030341,3,3.38,0.0000,0.0,0.00
1765628030.360227,1,2827,2692,1765628030360,1765628030360,0,3.39,0.0000,0.0,0.00
1765628030.381545,1,2828,2693,1765628030381,1765628030381,0,3.39,0.0000,0.0,0.00
1765628030.392714,1,2829,2694,1765628030392,1765628030392,0,3.52,0.0000,0.0,0.00
1765628030.403838,1,2830,2695,1765628030403,1765628030403,0,3.66,0.0000,0.0,0.00
1765628030.425006,1,2831,2696,1765628030425,1765628030425,0,3.67,0.0000,0.0,0.00
1765628030.446196,1,2832,2697,1765628030446,1765628030446,0,3.66,0.0000,0.0,0.00
1765628030.467703,1,2833,2698,1765628030467,1765628030467,0,3.63,0.0000,0.0,0.00
1765628030.492273,1,2834,2699,1765628030489,1765628030492,3,3.68,0.0000,0.0,0.00
1765628030.510159,1,2835,2700,1765628030510,1765628030510,0,3.64,0.0000,0.0,0.00
1765628030.531622,1,2836,2701,1765628030531,1765628030531,0,3.38,0.0000,0.0,0.00
1765628030.553767,1,2837,2702,1765628030553,1765628030553,0,3.20,0.0000,0.0,0.00
1765628030.576455,1,2838,2703,1765628030574,1765628030574,0,3.19,0.0000,0.0,0.00
1765628030.597831,1,2839,2704,1765628030596,1765628030596,0,3.19,0.0000,0.0,0.00
1765628030.611973,1,2840,2705,1765628030608,1765628030611,3,3.30,0.0000,0.0,0.00
1765628030.620237,1,2841,2706,1765628030620,1765628030620,0,3.52,0.0000,0.0,0.00
1765628030.631750,1,2842,2707,1765628030631,1765628030631,0,3.52,0.0000,0.0,0.00
1765628030.643887,1,2843,2708,1765628030642,1765628030643,1,3.67,0.0000,0.0,0.00
1765628030.663756,1,2844,2709,1765628030663,1765628030663,0,3.66,0.0000,0.0,0.00
1765628030.685151,1,2845,2710,1765628030685,1765628030685,0,3.64,0.0000,0.0,0.00
1765628030.706716,1,2846,2712,1765628030706,1765628030706,0,3.42,0.0000,0.0,0.00
1765628030.728512,1,2847,2713,1765628030728,1765628030728,0,3.42,0.0000,0.0,0.00
1765628030.749501,1,2848,2714,1765628030749,1765628030749,0,3.43,0.0000,0.0,0.00
1765628030.773213,1,2849,2715,1765628030771,1765628030773,2,3.45,0.0000,0.0,0.00
1765628030.781795,1,2850,2716,1765628030781,1765628030781,0,3.66,0.0000,0.0,0.00
1765628030.804260,1,2851,2717,1765628030803,1765628030803,0,3.69,0.0000,0.0,0.00
1765628030.815117,1,2852,2718,1765628030815,1765628030815,0,3.83,0.0000,0.0,0.00
1765628030.826390,1,2853,2719,1765628030825,1765628030826,1,3.97,0.0000,0.0,0.00
1765628030.847189,1,2854,2720,1765628030847,1765628030847,0,3.97,0.0000,0.0,0.00
1765628030.868590,1,2855,2721,1765628030868,1765628030868,0,3.97,0.0000,0.0,0.00
1765628030.890017,1,2856,2722,1765628030890,1765628030890,0,3.97,0.0000,0.0,0.00
1765628030.911131,1,2857,2723,1765628030911,1765628030911,0,3.96,0.0000,0.0,0.00
1765628030.932256,1,2858,2724,1765628030932,1765628030932,0,3.97,0.0000,0.0,0.00
1765628030.955682,1,2859,2726,1765628030953,1765628030955,2,3.93,0.0000,0.0,0.00
1765628030.974767,1,2860,2727,1765628030974,1765628030974,0,3.65,0.0000,0.0,0.00
1765628030.988673,1,2861,2728,1765628030986,1765628030987,1,3.63,0.0000,0.0,0.00
1765628030.998477,1,2862,2729,1765628030997,1765628030997,0,3.82,0.0000,0.0,0.00
1765628031.021300,1,2863,2730,1765628031019,1765628031019,0,3.66,0.0000,0.0,0.00
1765628031.040563,1,2864,2731,1765628031040,1765628031040,0,3.66,0.0000,0.0,0.00
1765628031.062026,1,2865,2732,1765628031062,1765628031062,0,3.66,0.0000,0.0,0.00
1765628031.088754,1,2866,2733,1765628031084,1765628031088,4,3.70,0.0000,0.0,0.00
1765628031.095643,1,2867,2734,1765628031095,1765628031095,0,3.96,0.0000,0.0,0.00
1765628031.107815,1,2868,2735,1765628031106,1765628031106,0,4.13,0.0000,0.0,0.00
1765628031.121553,1,2869,2736,1765628031118,1765628031121,3,4.20,0.0000,0.0,0.00
1765628031.129436,1,2870,2737,1765628031129,1765628031129,0,4.42,0.0000,0.0,0.00
1765628031.153143,1,2871,2738,1765628031150,1765628031153,3,4.39,0.0000,0.0,0.00
1765628031.173536,1,2872,2739,1765628031172,1765628031172,0,4.39,0.0000,0.0,0.00
1765628031.193837,1,2873,2740,1765628031193,1765628031193,0,4.39,0.0000,0.0,0.00
1765628031.218168,1,2874,2741,1765628031215,1765628031218,3,4.43,0.0000,0.0,0.00
1765628031.236674,1,2875,2742,1765628031236,1765628031236,0,4.39,0.0000,0.0,0.00
1765628031.257333,1,2876,2743,1765628031257,1765628031257,0,4.42,0.0000,0.0,0.00
1765628031.278704,1,2877,2744,1765628031278,1765628031278,0,4.31,0.0000,0.0,0.00
1765628031.303398,1,2878,2745,1765628031300,1765628031302,2,4.35,0.0000,0.0,0.00
1765628031.321855,1,2879,2746,1765628031321,1765628031321,0,4.33,0.0000,0.0,0.00
1765628031.343474,1,2880,2747,1765628031343,1765628031343,0,4.29,0.0000,0.0,0.00
1765628031.368350,1,2881,2748,1765628031364,1765628031368,4,4.07,0.0000,0.0,0.00
1765628031.386698,1,2882,2749,1765628031385,1765628031385,0,4.10,0.0000,0.0,0.00
1765628031.407758,1,2883,2750,1765628031407,1765628031407,0,4.08,0.0000,0.0,0.00
1765628031.428525,1,2884,2751,1765628031428,1765628031428,0,4.09,0.0000,0.0,0.00
1765628031.454622,1,2885,2752,1765628031450,1765628031454,4,4.14,0.0000,0.0,0.00
1765628031.461209,1,2886,2753,1765628031461,1765628031461,0,4.36,0.0000,0.0,0.00
1765628031.472324,1,2887,2754,1765628031472,1765628031472,0,4.52,0.0000,0.0,0.00
1765628031.493332,1,2888,2755,1765628031493,1765628031493,0,4.52,0.0000,0.0,0.00
1765628031.514170,1,2889,2756,1765628031514,1765628031514,0,4.38,0.0000,0.0,0.00
1765628031.538032,1,2890,2757,1765628031535,1765628031536,1,4.23,0.0000,0.0,0.00
1765628031.556750,1,2891,2758,1765628031556,1765628031556,0,4.21,0.0000,0.0,0.00
1765628031.578568,1,2892,2759,1765628031578,1765628031578,0,4.22,0.0000,0.0,0.00
1765628031.605348,1,2893,2760,1765628031599,1765628031605,6,4.28,0.0000,0.0,0.00
1765628031.622306,1,2894,2761,1765628031620,1765628031622,2,4.26,0.0000,0.0,0.00
1765628031.642139,1,2895,2762,1765628031642,1765628031642,0,4.25,0.0000,0.0,0.00
1765628031.663255,1,2896,2763,1765628031663,1765628031663,0,4.25,0.0000,0.0,0.00
1765628031.686629,1,2897,2764,1765628031685,1765628031685,0,4.25,0.0000,0.0,0.00
1765628031.695905,1,2898,2765,1765628031695,1765628031695,0,4.43,0.0000,0.0,0.00
1765628031.720057,1,2899,2766,1765628031717,1765628031719,2,4.45,0.0000,0.0,0.00
1765628031.728796,1,2900,2767,1765628031728,1765628031728,0,4.59,0.0000,0.0,0.00
1765628031.752722,1,2901,2768,1765628031749,1765628031752,3,4.42,0.0000,0.0,0.00
1765628031.760941,1,2902,2769,1765628031760,1765628031760,0,4.49,0.0000,0.0,0.00
1765628031.786830,1,2903,2770,1765628031782,1765628031786,4,4.40,0.0000,0.0,0.00
1765628031.803797,1,2904,2771,1765628031803,1765628031803,0,4.43,0.0000,0.0,0.00
1765628031.825077,1,2905,2772,1765628031825,1765628031825,0,4.43,0.0000,0.0,0.00
1765628031.847174,1,2906,2773,1765628031847,1765628031847,0,4.45,0.0000,0.0,0.00
1765628031.858232,1,2907,2774,1765628031858,1765628031858,0,4.59,0.0000,0.0,0.00
1765628031.879270,1,2908,2775,1765628031879,1765628031879,0,4.59,0.0000,0.0,0.00
1765628031.903226,1,2909,2776,1765628031900,1765628031903,3,4.59,0.0000,0.0,0.00
1765628031.922423,1,2910,2777,1765628031921,1765628031921,0,4.37,0.0000,0.0,0.00
1765628031.943877,1,2911,2778,1765628031943,1765628031943,0,4.37,0.0000,0.0,0.00
1765628031.957556,1,2912,2779,1765628031954,1765628031957,3,4.32,0.0000,0.0,0.00
1765628031.965780,1,2913,2780,1765628031965,1765628031965,0,4.39,0.0000,0.0,0.00
1765628031.977867,1,2914,2781,1765628031977,1765628031977,0,4.52,0.0000,0.0,0.00
1765628031.998972,1,2915,2782,1765628031998,1765628031998,0,4.52,0.0000,0.0,0.00
1765628032.020038,1,2916,2783,1765628032020,1765628032020,0,4.52,0.0000,0.0,0.00
1765628032.041623,1,2917,2784,1765628032041,1765628032041,0,4.52,0.0000,0.0,0.00
1765628032.063425,1,2918,2785,1765628032063,1765628032063,0,4.53,0.0000,0.0,0.00
1765628032.086461,1,2919,2786,1765628032084,1765628032086,2,4.53,0.0000,0.0,0.00
1765628032.106320,1,2920,2787,1765628032105,1765628032106,1,4.54,0.0000,0.0,0.00
1765628032.126981,1,2921,2788,1765628032126,1765628032126,0,4.42,0.0000,0.0,0.00
1765628032.148105,1,2922,2789,1765628032148,1765628032148,0,4.26,0.0000,0.0,0.00
1765628032.169633,1,2923,2790,1765628032169,1765628032169,0,4.24,0.0000,0.0,0.00
1765628032.190627,1,2924,2791,1765628032190,1765628032190,0,4.24,0.0000,0.0,0.00
1765628032.211917,1,2925,2792,1765628032211,1765628032211,0,4.23,0.0000,0.0,0.00
1765628032.223808,1,2926,2793,1765628032223,1765628032223,0,4.31,0.0000,0.0,0.00
1765628032.245286,1,2927,2794,1765628032245,1765628032245,0,4.08,0.0000,0.0,0.00
1765628032.266810,1,2928,2795,1765628032266,1765628032266,0,3.91,0.0000,0.0,0.00
1765628032.288398,1,2929,2796,1765628032288,1765628032288,0,3.84,0.0000,0.0,0.00
1765628032.309406,1,2930,2797,1765628032309,1765628032309,0,3.58,0.0000,0.0,0.00
1765628032.331498,1,2931,2798,1765628032330,1765628032330,0,3.55,0.0000,0.0,0.00
1765628032.352353,1,2932,2799,1765628032352,1765628032352,0,3.56,0.0000,0.0,0.00
1765628032.374840,1,2933,2800,1765628032373,1765628032373,0,3.56,0.0000,0.0,0.00
1765628032.395212,1,2934,2801,1765628032395,1765628032395,0,3.53,0.0000,0.0,0.00
1765628032.421175,1,2935,2802,1765628032416,1765628032420,4,3.53,0.0000,0.0,0.00
1765628032.429390,1,2936,2803,1765628032428,1765628032428,0,3.81,0.0000,0.0,0.00
1765628032.439553,1,2937,2804,1765628032439,1765628032439,0,4.00,0.0000,0.0,0.00
1765628032.461017,1,2938,2805,1765628032460,1765628032461,1,3.98,0.0000,0.0,0.00
1765628032.485369,1,2939,2806,1765628032482,1765628032485,3,4.01,0.0000,0.0,0.00
1765628032.503692,1,2940,2807,1765628032503,1765628032503,0,4.02,0.0000,0.0,0.00
1765628032.525539,1,2941,2808,1765628032525,1765628032525,0,3.99,0.0000,0.0,0.00
1765628032.546745,1,2942,2809,1765628032546,1765628032546,0,3.95,0.0000,0.0,0.00
1765628032.569544,1,2943,2810,1765628032567,1765628032569,2,3.96,0.0000,0.0,0.00
1765628032.589105,1,2944,2811,1765628032589,1765628032589,0,3.95,0.0000,0.0,0.00
1765628032.610332,1,2945,2812,1765628032610,1765628032610,0,3.91,0.0000,0.0,0.00
1765628032.636654,1,2946,2813,1765628032631,1765628032635,4,3.65,0.0000,0.0,0.00
1765628032.654115,1,2947,2814,1765628032652,1765628032652,0,3.50,0.0000,0.0,0.00
1765628032.669782,1,2948,2815,1765628032664,1765628032669,5,3.55,0.0000,0.0,0.00
1765628032.686079,1,2949,2816,1765628032686,1765628032686,0,3.60,0.0000,0.0,0.00
1765628032.708064,1,2950,2817,1765628032707,1765628032707,0,3.59,0.0000,0.0,0.00
1765628032.729302,1,2951,2819,1765628032728,1765628032729,1,3.61,0.0000,0.0,0.00
1765628032.749925,1,2952,2820,1765628032749,1765628032749,0,3.59,0.0000,0.0,0.00
1765628032.761106,1,2953,2821,1765628032761,1765628032761,0,3.69,0.0000,0.0,0.00
1765628032.772899,1,2954,2822,1765628032772,1765628032772,0,3.83,0.0000,0.0,0.00
1765628032.793678,1,2955,2823,1765628032793,1765628032793,0,3.84,0.0000,0.0,0.00
1765628032.816428,1,2956,2824,1765628032814,1765628032816,2,3.86,0.0000,0.0,0.00
1765628032.836480,1,2957,2825,1765628032836,1765628032836,0,3.84,0.0000,0.0,0.00
1765628032.857628,1,2958,2827,1765628032857,1765628032857,0,3.64,0.0000,0.0,0.00
1765628032.868828,1,2959,2828,1765628032868,1765628032868,0,3.79,0.0000,0.0,0.00
1765628032.890141,1,2960,2829,1765628032890,1765628032890,0,3.57,0.0000,0.0,0.00
1765628032.914896,1,2961,2830,1765628032911,1765628032914,3,3.57,0.0000,0.0,0.00
1765628032.932916,1,2962,2831,1765628032932,1765628032932,0,3.34,0.0000,0.0,0.00
1765628032.954059,1,2963,2832,1765628032954,1765628032954,0,3.30,0.0000,0.0,0.00
1765628032.975077,1,2964,2833,1765628032975,1765628032975,0,3.25,0.0000,0.0,0.00
1765628032.997173,1,2965,2834,1765628032996,1765628032996,0,3.24,0.0000,0.0,0.00
1765628033.008036,1,2966,2835,1765628033008,1765628033008,0,3.40,0.0000,0.0,0.00
1765628033.029402,1,2967,2836,1765628033029,1765628033029,0,3.21,0.0000,0.0,0.00
1765628033.051023,1,2968,2837,1765628033050,1765628033050,0,3.21,0.0000,0.0,0.00
1765628033.071897,1,2969,2838,1765628033071,1765628033071,0,3.18,0.0000,0.0,0.00
1765628033.092717,1,2970,2839,1765628033092,1765628033092,0,3.16,0.0000,0.0,0.00
1765628033.114401,1,2971,2840,1765628033113,1765628033114,1,3.16,0.0000,0.0,0.00
1765628033.125404,1,2972,2841,1765628033125,1765628033125,0,3.23,0.0000,0.0,0.00
1765628033.149583,1,2973,2842,1765628033146,1765628033149,3,2.98,0.0000,0.0,0.00
1765628033.157854,1,2974,2843,1765628033157,1765628033157,0,3.08,0.0000,0.0,0.00
1765628033.181061,1,2975,2844,1765628033178,1765628033181,3,3.10,0.0000,0.0,0.00
1765628033.200342,1,2976,2845,1765628033200,1765628033200,0,3.10,0.0000,0.0,0.00
1765628033.221563,1,2977,2846,1765628033221,1765628033221,0,3.10,0.0000,0.0,0.00
1765628033.242640,1,2978,2847,1765628033242,1765628033242,0,3.09,0.0000,0.0,0.00
1765628033.265115,1,2979,2848,1765628033264,1765628033265,1,3.09,0.0000,0.0,0.00
1765628033.286017,1,2980,2849,1765628033286,1765628033286,0,3.10,0.0000,0.0,0.00
1765628033.307204,1,2981,2850,1765628033307,1765628033307,0,3.11,0.0000,0.0,0.00
1765628033.318493,1,2982,2851,1765628033318,1765628033318,0,3.30,0.0000,0.0,0.00
1765628033.339817,1,2983,2852,1765628033339,1765628033339,0,3.30,0.0000,0.0,0.00
1765628033.351062,1,2984,2853,1765628033351,1765628033351,0,3.46,0.0000,0.0,0.00
1765628033.373008,1,2985,2854,1765628033372,1765628033373,1,3.47,0.0000,0.0,0.00
1765628033.394843,1,2986,2855,1765628033393,1765628033394,1,3.31,0.0000,0.0,0.00
1765628033.415140,1,2987,2856,1765628033415,1765628033415,0,3.30,0.0000,0.0,0.00
1765628033.436527,1,2988,2857,1765628033436,1765628033436,0,3.30,0.0000,0.0,0.00
1765628033.458119,1,2989,2858,1765628033458,1765628033458,0,3.30,0.0000,0.0,0.00
1765628033.469493,1,2990,2859,1765628033469,1765628033469,0,3.49,0.0000,0.0,0.00
1765628033.491109,1,2991,2860,1765628033490,1765628033490,0,3.49,0.0000,0.0,0.00
1765628033.513907,1,2992,2861,1765628033511,1765628033513,2,3.50,0.0000,0.0,0.00
1765628033.541252,1,2993,2862,1765628033540,1765628033540,0,3.56,0.0000,0.0,0.00
1765628033.551427,1,2994,2863,1765628033551,1765628033551,0,3.73,0.0000,0.0,0.00
1765628033.572959,1,2995,2864,1765628033572,1765628033572,0,3.69,0.0000,0.0,0.00
1765628033.597578,1,2996,2865,1765628033594,1765628033597,3,3.47,0.0000,0.0,0.00
1765628033.616494,1,2997,2866,1765628033615,1765628033616,1,3.28,0.0000,0.0,0.00
1765628033.638946,1,2998,2867,1765628033637,1765628033637,0,3.27,0.0000,0.0,0.00
1765628033.650108,1,2999,2868,1765628033650,1765628033650,0,3.38,0.0000,0.0,0.00
1765628033.664018,1,3000,2869,1765628033660,1765628033664,4,3.48,0.0000,0.0,0.00
1765628033.682395,1,3001,2870,1765628033682,1765628033682,0,3.48,0.0000,0.0,0.00
1765628033.696472,1,3002,2871,1765628033693,1765628033696,3,3.58,0.0000,0.0,0.00
1765628033.715345,1,3003,2872,1765628033714,1765628033714,0,3.56,0.0000,0.0,0.00
1765628033.736681,1,3004,2873,1765628033736,1765628033736,0,3.58,0.0000,0.0,0.00
1765628033.757724,1,3005,2874,1765628033757,1765628033757,0,3.58,0.0000,0.0,0.00
1765628033.782608,1,3006,2875,1765628033778,1765628033782,4,3.58,0.0000,0.0,0.00
1765628033.800044,1,3007,2876,1765628033800,1765628033800,0,3.56,0.0000,0.0,0.00
1765628033.822185,1,3008,2877,1765628033821,1765628033821,0,3.53,0.0000,0.0,0.00
1765628033.843024,1,3009,2878,1765628033843,1765628033843,0,3.51,0.0000,0.0,0.00
1765628033.865716,1,3010,2879,1765628033864,1765628033865,1,3.52,0.0000,0.0,0.00
1765628033.885840,1,3011,2880,1765628033885,1765628033885,0,3.50,0.0000,0.0,0.00
1765628033.908440,1,3012,2881,1765628033907,1765628033907,0,3.52,0.0000,0.0,0.00
1765628033.918590,1,3013,2882,1765628033918,1765628033918,0,3.55,0.0000,0.0,0.00
1765628033.932646,1,3014,2883,1765628033929,1765628033932,3,3.48,0.0000,0.0,0.00
1765628033.951119,1,3015,2884,1765628033951,1765628033951,0,3.47,0.0000,0.0,0.00
1765628033.972255,1,3016,2885,1765628033972,1765628033972,0,3.44,0.0000,0.0,0.00
1765628033.993773,1,3017,2886,1765628033993,1765628033993,0,3.46,0.0000,0.0,0.00
1765628034.017893,1,3018,2887,1765628034014,1765628034017,3,3.49,0.0000,0.0,0.00
1765628034.036064,1,3019,2888,1765628034036,1765628034036,0,3.31,0.0000,0.0,0.00
1765628034.056926,1,3020,2889,1765628034056,1765628034056,0,3.29,0.0000,0.0,0.00
1765628034.078223,1,3021,2890,1765628034078,1765628034078,0,3.27,0.0000,0.0,0.00
1765628034.101293,1,3022,2891,1765628034099,1765628034101,2,3.27,0.0000,0.0,0.00
1765628034.121359,1,3023,2892,1765628034121,1765628034121,0,3.25,0.0000,0.0,0.00
1765628034.143301,1,3024,2893,1765628034142,1765628034143,1,3.26,0.0000,0.0,0.00
1765628034.165507,1,3025,2894,1765628034164,1765628034165,1,3.27,0.0000,0.0,0.00
1765628034.185205,1,3026,2895,1765628034185,1765628034185,0,3.10,0.0000,0.0,0.00
1765628034.198629,1,3027,2896,1765628034196,1765628034198,2,3.24,0.0000,0.0,0.00
1765628034.217417,1,3028,2897,1765628034217,1765628034217,0,3.23,0.0000,0.0,0.00
1765628034.238865,1,3029,2898,1765628034238,1765628034238,0,3.23,0.0000,0.0,0.00
1765628034.259911,1,3030,2899,1765628034259,1765628034259,0,3.23,0.0000,0.0,0.00
1765628034.271075,1,3031,2900,1765628034271,1765628034271,0,3.36,0.0000,0.0,0.00
1765628034.292850,1,3032,2902,1765628034292,1765628034292,0,3.20,0.0000,0.0,0.00
1765628034.303714,1,3033,2903,1765628034303,1765628034303,0,3.33,0.0000,0.0,0.00
1765628034.314965,1,3034,2904,1765628034314,1765628034314,0,3.26,0.0000,0.0,0.00
1765628034.337329,1,3035,2905,1765628034336,1765628034336,0,3.24,0.0000,0.0,0.00
1765628034.352659,1,3036,2906,1765628034347,1765628034351,4,3.33,0.0000,0.0,0.00
1765628034.360068,1,3037,2907,1765628034359,1765628034359,0,3.55,0.0000,0.0,0.00
1765628034.370178,1,3038,2908,1765628034370,1765628034370,0,3.71,0.0000,0.0,0.00
1765628034.391399,1,3039,2909,1765628034391,1765628034391,0,3.69,0.0000,0.0,0.00
1765628034.412329,1,3040,2910,1765628034412,1765628034412,0,3.69,0.0000,0.0,0.00
1765628034.433697,1,3041,2911,1765628034433,1765628034433,0,3.69,0.0000,0.0,0.00
1765628034.444887,1,3042,2912,1765628034444,1765628034444,0,3.69,0.0000,0.0,0.00
1765628034.466594,1,3043,2913,1765628034466,1765628034466,0,3.70,0.0000,0.0,0.00
1765628034.487890,1,3044,2914,1765628034487,1765628034487,0,3.56,0.0000,0.0,0.00
1765628034.509231,1,3045,2915,1765628034509,1765628034509,0,3.56,0.0000,0.0,0.00
1765628034.533910,1,3046,2916,1765628034530,1765628034533,3,3.59,0.0000,0.0,0.00
1765628034.541455,1,3047,2917,1765628034541,1765628034541,0,3.82,0.0000,0.0,0.00
1765628034.565065,1,3048,2918,1765628034562,1765628034565,3,3.85,0.0000,0.0,0.00
1765628034.585012,1,3049,2919,1765628034583,1765628034583,0,3.83,0.0000,0.0,0.00
1765628034.601384,1,3050,2920,1765628034595,1765628034595,0,3.81,0.0000,0.0,0.00
1765628034.606972,1,3051,2921,1765628034606,1765628034606,0,3.95,0.0000,0.0,0.00
1765628034.617896,1,3052,2922,1765628034617,1765628034617,0,4.06,0.0000,0.0,0.00
1765628034.640177,1,3053,2923,1765628034639,1765628034639,0,4.00,0.0000,0.0,0.00
1765628034.664125,1,3054,2924,1765628034660,1765628034664,4,3.92,0.0000,0.0,0.00
1765628034.682476,1,3055,2925,1765628034682,1765628034682,0,3.90,0.0000,0.0,0.00
1765628034.703857,1,3056,2926,1765628034703,1765628034703,0,3.85,0.0000,0.0,0.00
1765628034.725538,1,3057,2927,1765628034725,1765628034725,0,3.89,0.0000,0.0,0.00
1765628034.748725,1,3058,2929,1765628034746,1765628034747,1,3.90,0.0000,0.0,0.00
1765628034.768423,1,3059,2930,1765628034768,1765628034768,0,3.81,0.0000,0.0,0.00
1765628034.789555,1,3060,2931,1765628034789,1765628034789,0,3.73,0.0000,0.0,0.00
1765628034.816529,1,3061,2932,1765628034811,1765628034816,5,3.80,0.0000,0.0,0.00
1765628034.832427,1,3062,2933,1765628034832,1765628034832,0,3.76,0.0000,0.0,0.00
1765628034.853707,1,3063,2934,1765628034853,1765628034853,0,3.76,0.0000,0.0,0.00
1765628034.875098,1,3064,2935,1765628034874,1765628034874,0,3.75,0.0000,0.0,0.00
1765628034.897576,1,3065,2936,1765628034895,1765628034896,1,3.76,0.0000,0.0,0.00
1765628034.917303,1,3066,2937,1765628034917,1765628034917,0,3.72,0.0000,0.0,0.00
1765628034.938538,1,3067,2938,1765628034938,1765628034938,0,3.71,0.0000,0.0,0.00
1765628034.963079,1,3068,2939,1765628034959,1765628034963,4,3.76,0.0000,0.0,0.00
1765628034.981023,1,3069,2940,1765628034981,1765628034981,0,3.75,0.0000,0.0,0.00
1765628035.002411,1,3070,2941,1765628035002,1765628035002,0,3.74,0.0000,0.0,0.00
1765628035.013543,1,3071,2942,1765628035013,1765628035013,0,3.91,0.0000,0.0,0.00
1765628035.025887,1,3072,2943,1765628035024,1765628035024,0,4.04,0.0000,0.0,0.00
1765628035.046622,1,3073,2944,1765628035045,1765628035046,1,3.91,0.0000,0.0,0.00
1765628035.067455,1,3074,2945,1765628035067,1765628035067,0,3.82,0.0000,0.0,0.00
1765628035.089134,1,3075,2946,1765628035089,1765628035089,0,3.85,0.0000,0.0,0.00
1765628035.113383,1,3076,2947,1765628035110,1765628035113,3,3.88,0.0000,0.0,0.00
1765628035.131631,1,3077,2948,1765628035131,1765628035131,0,3.88,0.0000,0.0,0.00
1765628035.153100,1,3078,2949,1765628035153,1765628035153,0,3.86,0.0000,0.0,0.00
1765628035.174804,1,3079,2950,1765628035174,1765628035174,0,3.88,0.0000,0.0,0.00
1765628035.196164,1,3080,2951,1765628035196,1765628035196,0,3.90,0.0000,0.0,0.00
1765628035.216688,1,3081,2952,1765628035216,1765628035216,0,3.88,0.0000,0.0,0.00
1765628035.238163,1,3082,2953,1765628035238,1765628035238,0,3.87,0.0000,0.0,0.00
1765628035.263207,1,3083,2954,1765628035259,1765628035263,4,3.92,0.0000,0.0,0.00
1765628035.280713,1,3084,2955,1765628035280,1765628035280,0,3.93,0.0000,0.0,0.00
1765628035.301938,1,3085,2956,1765628035301,1765628035301,0,3.92,0.0000,0.0,0.00
1765628035.323193,1,3086,2957,1765628035323,1765628035323,0,3.94,0.0000,0.0,0.00
1765628035.345693,1,3087,2958,1765628035344,1765628035345,1,3.84,0.0000,0.0,0.00
1765628035.366556,1,3088,2959,1765628035366,1765628035366,0,3.86,0.0000,0.0,0.00
1765628035.381240,1,3089,2960,1765628035377,1765628035380,3,3.96,0.0000,0.0,0.00
1765628035.464782,1,3090,2961,1765628035459,1765628035464,5,4.66,0.0000,0.0,0.00
1765628035.470026,1,3091,2962,1765628035470,1765628035470,0,4.79,0.0000,0.0,0.00
1765628035.491209,1,3092,2963,1765628035488,1765628035490,2,4.78,0.0000,0.0,0.00
1765628035.499767,1,3093,2964,1765628035499,1765628035499,0,4.82,0.0000,0.0,0.00
1765628035.514426,1,3094,2965,1765628035510,1765628035514,4,4.73,0.0000,0.0,0.00
1765628035.521905,1,3095,2966,1765628035521,1765628035521,0,4.99,0.0000,0.0,0.00
1765628035.547972,1,3096,2967,1765628035543,1765628035546,3,4.94,0.0000,0.0,0.00
1765628035.565116,1,3097,2968,1765628035565,1765628035565,0,4.71,0.0000,0.0,0.00
1765628035.586593,1,3098,2969,1765628035586,1765628035586,0,4.52,0.0000,0.0,0.00
1765628035.608591,1,3099,2970,1765628035608,1765628035608,0,4.53,0.0000,0.0,0.00
1765628035.630202,1,3100,2971,1765628035629,1765628035630,1,4.54,0.0000,0.0,0.00
1765628035.640384,1,3101,2972,1765628035640,1765628035640,0,4.75,0.0000,0.0,0.00
1765628035.664538,1,3102,2973,1765628035661,1765628035664,3,4.60,0.0000,0.0,0.00
1765628035.683514,1,3103,2974,1765628035682,1765628035682,0,4.63,0.0000,0.0,0.00
1765628035.704201,1,3104,2975,1765628035704,1765628035704,0,4.64,0.0000,0.0,0.00
1765628035.725446,1,3105,2976,1765628035725,1765628035725,0,4.63,0.0000,0.0,0.00
1765628035.749933,1,3106,2977,1765628035746,1765628035748,2,4.62,0.0000,0.0,0.00
1765628035.758937,1,3107,2978,1765628035758,1765628035758,0,4.57,0.0000,0.0,0.00
1765628035.769376,1,3108,2979,1765628035769,1765628035769,0,4.72,0.0000,0.0,0.00
1765628035.790852,1,3109,2980,1765628035790,1765628035790,0,4.69,0.0000,0.0,0.00
1765628035.802512,1,3110,2981,1765628035801,1765628035801,0,4.71,0.0000,0.0,0.00
1765628035.823571,1,3111,2982,1765628035823,1765628035823,0,4.53,0.0000,0.0,0.00
1765628035.844951,1,3112,2983,1765628035844,1765628035844,0,4.33,0.0000,0.0,0.00
1765628035.867039,1,3113,2985,1765628035866,1765628035867,1,4.34,0.0000,0.0,0.00
1765628035.877168,1,3114,2986,1765628035877,1765628035877,0,4.52,0.0000,0.0,0.00
1765628035.898594,1,3115,2987,1765628035898,1765628035898,0,4.48,0.0000,0.0,0.00
1765628035.911483,1,3116,2988,1765628035909,1765628035911,2,4.63,0.0000,0.0,0.00
1765628035.931571,1,3117,2989,1765628035931,1765628035931,0,4.61,0.0000,0.0,0.00
1765628035.944825,1,3118,2990,1765628035942,1765628035944,2,4.73,0.0000,0.0,0.00
1765628035.964487,1,3119,2991,1765628035963,1765628035964,1,4.72,0.0000,0.0,0.00
1765628035.985493,1,3120,2992,1765628035985,1765628035985,0,4.72,0.0000,0.0,0.00
1765628035.996842,1,3121,2993,1765628035996,1765628035996,0,4.83,0.0000,0.0,0.00
1765628036.008016,1,3122,2994,1765628036008,1765628036008,0,4.92,0.0000,0.0,0.00
1765628036.030150,1,3123,2995,1765628036029,1765628036030,1,4.93,0.0000,0.0,0.00
1765628036.051237,1,3124,2996,1765628036050,1765628036051,1,4.93,0.0000,0.0,0.00
1765628036.072341,1,3125,2997,1765628036072,1765628036072,0,4.92,0.0000,0.0,0.00
1765628036.095787,1,3126,2998,1765628036093,1765628036094,1,4.93,0.0000,0.0,0.00
1765628036.114764,1,3127,3000,1765628036114,1765628036114,0,4.92,0.0000,0.0,0.00
1765628036.136442,1,3128,3001,1765628036135,1765628036135,0,4.87,0.0000,0.0,0.00
1765628036.157914,1,3129,3002,1765628036157,1765628036157,0,4.87,0.0000,0.0,0.00
1765628036.178757,1,3130,3003,1765628036178,1765628036178,0,4.87,0.0000,0.0,0.00
1765628036.200066,1,3131,3004,1765628036200,1765628036200,0,4.70,0.0000,0.0,0.00
1765628036.221640,1,3132,3005,1765628036221,1765628036221,0,4.50,0.0000,0.0,0.00
1765628036.243735,1,3133,3006,1765628036242,1765628036243,1,4.50,0.0000,0.0,0.00
1765628036.291516,1,3134,3007,1765628036285,1765628036290,5,4.83,0.0000,0.0,0.00
1765628036.298587,1,3135,3008,1765628036297,1765628036297,0,5.07,0.0000,0.0,0.00
1765628036.314887,1,3136,3009,1765628036308,1765628036313,5,5.10,0.0000,0.0,0.00
1765628036.321738,1,3137,3010,1765628036321,1765628036321,0,5.32,0.0000,0.0,0.00
1765628036.347250,1,3138,3011,1765628036342,1765628036347,5,5.37,0.0000,0.0,0.00
1765628036.354431,1,3139,3012,1765628036353,1765628036353,0,5.66,0.0000,0.0,0.00
1765628036.375398,1,3140,3013,1765628036375,1765628036375,0,5.66,0.0000,0.0,0.00
1765628036.397514,1,3141,3014,1765628036396,1765628036397,1,5.68,0.0000,0.0,0.00
1765628036.418490,1,3142,3015,1765628036417,1765628036417,0,5.66,0.0000,0.0,0.00
1765628036.439336,1,3143,3016,1765628036439,1765628036439,0,5.62,0.0000,0.0,0.00
1765628036.464906,1,3144,3017,1765628036461,1765628036463,2,5.61,0.0000,0.0,0.00
1765628036.482504,1,3145,3018,1765628036482,1765628036482,0,5.61,0.0000,0.0,0.00
1765628036.503850,1,3146,3019,1765628036503,1765628036503,0,5.60,0.0000,0.0,0.00
1765628036.515051,1,3147,3020,1765628036515,1765628036515,0,5.73,0.0000,0.0,0.00
1765628036.537555,1,3148,3021,1765628036536,1765628036536,0,5.73,0.0000,0.0,0.00
1765628036.550368,1,3149,3022,1765628036548,1765628036549,1,5.75,0.0000,0.0,0.00
1765628036.560217,1,3150,3023,1765628036559,1765628036559,0,5.17,0.0000,0.0,0.00
1765628036.570406,1,3151,3024,1765628036570,1765628036570,0,5.07,0.0000,0.0,0.00
1765628036.584263,1,3152,3025,1765628036582,1765628036584,2,5.14,0.0000,0.0,0.00
1765628036.603517,1,3153,3026,1765628036603,1765628036603,0,4.95,0.0000,0.0,0.00
1765628036.625414,1,3154,3027,1765628036625,1765628036625,0,4.91,0.0000,0.0,0.00
1765628036.649661,1,3155,3028,1765628036646,1765628036649,3,4.71,0.0000,0.0,0.00
1765628036.667740,1,3156,3029,1765628036667,1765628036667,0,4.66,0.0000,0.0,0.00
1765628036.689025,1,3157,3030,1765628036689,1765628036689,0,4.69,0.0000,0.0,0.00
1765628036.709878,1,3158,3031,1765628036709,1765628036709,0,4.68,0.0000,0.0,0.00
1765628036.734063,1,3159,3033,1765628036731,1765628036734,3,4.71,0.0000,0.0,0.00
1765628036.742239,1,3160,3034,1765628036742,1765628036742,0,4.91,0.0000,0.0,0.00
1765628036.767691,1,3161,3035,1765628036763,1765628036767,4,4.79,0.0000,0.0,0.00
1765628036.785872,1,3162,3036,1765628036784,1765628036784,0,4.77,0.0000,0.0,0.00
1765628036.806412,1,3163,3037,1765628036805,1765628036805,0,4.78,0.0000,0.0,0.00
1765628036.817792,1,3164,3038,1765628036817,1765628036817,0,4.88,0.0000,0.0,0.00
1765628036.839193,1,3165,3039,1765628036839,1765628036839,0,4.90,0.0000,0.0,0.00
1765628036.852464,1,3166,3040,1765628036850,1765628036851,1,4.98,0.0000,0.0,0.00
1765628036.871647,1,3167,3041,1765628036871,1765628036871,0,4.82,0.0000,0.0,0.00
1765628036.893309,1,3168,3042,1765628036893,1765628036893,0,4.69,0.0000,0.0,0.00
1765628036.903876,1,3169,3043,1765628036903,1765628036903,0,4.85,0.0000,0.0,0.00
1765628036.925111,1,3170,3044,1765628036925,1765628036925,0,4.72,0.0000,0.0,0.00
1765628036.949584,1,3171,3045,1765628036946,1765628036949,3,4.74,0.0000,0.0,0.00
1765628036.968229,1,3172,3046,1765628036968,1765628036968,0,4.72,0.0000,0.0,0.00
1765628036.989432,1,3173,3047,1765628036989,1765628036989,0,4.70,0.0000,0.0,0.00
1765628037.011149,1,3174,3048,1765628037010,1765628037010,0,4.53,0.0000,0.0,0.00
1765628037.033739,1,3175,3049,1765628037032,1765628037032,0,4.54,0.0000,0.0,0.00
1765628037.054627,1,3176,3050,1765628037053,1765628037053,0,4.42,0.0000,0.0,0.00
1765628037.075162,1,3177,3051,1765628037074,1765628037074,0,4.43,0.0000,0.0,0.00
1765628037.099134,1,3178,3052,1765628037095,1765628037099,4,4.37,0.0000,0.0,0.00
1765628037.116894,1,3179,3053,1765628037116,1765628037116,0,4.41,0.0000,0.0,0.00
1765628037.138507,1,3180,3054,1765628037138,1765628037138,0,4.42,0.0000,0.0,0.00
1765628037.159666,1,3181,3055,1765628037159,1765628037159,0,4.26,0.0000,0.0,0.00
1765628037.183536,1,3182,3056,1765628037180,1765628037182,2,4.13,0.0000,0.0,0.00
1765628037.201849,1,3183,3057,1765628037201,1765628037201,0,4.11,0.0000,0.0,0.00
1765628037.215273,1,3184,3058,1765628037213,1765628037215,2,4.21,0.0000,0.0,0.00
1765628037.234734,1,3185,3059,1765628037234,1765628037234,0,4.20,0.0000,0.0,0.00
1765628037.256026,1,3186,3060,1765628037256,1765628037256,0,4.20,0.0000,0.0,0.00
1765628037.281223,1,3187,3061,1765628037277,1765628037277,0,4.21,0.0000,0.0,0.00
1765628037.298458,1,3188,3062,1765628037298,1765628037298,0,4.21,0.0000,0.0,0.00
1765628037.320352,1,3189,3063,1765628037319,1765628037319,0,4.20,0.0000,0.0,0.00
1765628037.341730,1,3190,3064,1765628037341,1765628037341,0,4.21,0.0000,0.0,0.00
1765628037.367711,1,3191,3065,1765628037362,1765628037366,4,4.25,0.0000,0.0,0.00
1765628037.373838,1,3192,3066,1765628037373,1765628037373,0,4.49,0.0000,0.0,0.00
1765628037.385970,1,3193,3067,1765628037385,1765628037385,0,4.59,0.0000,0.0,0.00
1765628037.408342,1,3194,3069,1765628037407,1765628037407,0,4.32,0.0000,0.0,0.00
1765628037.433307,1,3195,3070,1765628037429,1765628037432,3,4.12,0.0000,0.0,0.00
1765628037.451044,1,3196,3071,1765628037450,1765628037450,0,4.07,0.0000,0.0,0.00
1765628037.471146,1,3197,3072,1765628037471,1765628037471,0,3.86,0.0000,0.0,0.00
1765628037.482296,1,3198,3073,1765628037482,1765628037482,0,3.95,0.0000,0.0,0.00
1765628037.503465,1,3199,3074,1765628037503,1765628037503,0,3.69,0.0000,0.0,0.00
1765628037.526107,1,3200,3075,1765628037525,1765628037525,0,3.69,0.0000,0.0,0.00
1765628037.549787,1,3201,3076,1765628037546,1765628037548,2,3.70,0.0000,0.0,0.00
1765628037.557957,1,3202,3077,1765628037557,1765628037557,0,3.90,0.0000,0.0,0.00
1765628037.569143,1,3203,3078,1765628037569,1765628037569,0,4.03,0.0000,0.0,0.00
1765628037.590684,1,3204,3079,1765628037590,1765628037590,0,4.00,0.0000,0.0,0.00
1765628037.611252,1,3205,3080,1765628037611,1765628037611,0,4.02,0.0000,0.0,0.00
1765628037.634335,1,3206,3081,1765628037632,1765628037634,2,4.04,0.0000,0.0,0.00
1765628037.653893,1,3207,3082,1765628037653,1765628037653,0,3.88,0.0000,0.0,0.00
1765628037.668226,1,3208,3083,1765628037665,1765628037667,2,3.97,0.0000,0.0,0.00
1765628037.686805,1,3209,3084,1765628037686,1765628037686,0,3.84,0.0000,0.0,0.00
1765628037.708134,1,3210,3085,1765628037708,1765628037708,0,3.68,0.0000,0.0,0.00
1765628037.729576,1,3211,3086,1765628037729,1765628037729,0,3.53,0.0000,0.0,0.00
1765628037.750765,1,3212,3087,1765628037750,1765628037750,0,3.44,0.0000,0.0,0.00
1765628037.771895,1,3213,3088,1765628037771,1765628037771,0,3.44,0.0000,0.0,0.00
1765628037.793191,1,3214,3089,1765628037793,1765628037793,0,3.44,0.0000,0.0,0.00
1765628037.816688,1,3215,3090,1765628037814,1765628037816,2,3.43,0.0000,0.0,0.00
1765628037.835605,1,3216,3091,1765628037835,1765628037835,0,3.41,0.0000,0.0,0.00
1765628037.856581,1,3217,3092,1765628037856,1765628037856,0,3.40,0.0000,0.0,0.00
1765628037.882028,1,3218,3093,1765628037877,1765628037881,4,3.46,0.0000,0.0,0.00
1765628037.889122,1,3219,3094,1765628037889,1765628037889,0,3.64,0.0000,0.0,0.00
1765628037.910966,1,3220,3095,1765628037910,1765628037910,0,3.41,0.0000,0.0,0.00
1765628037.922348,1,3221,3096,1765628037922,1765628037922,0,3.51,0.0000,0.0,0.00
1765628037.950089,1,3222,3097,1765628037944,1765628037949,5,3.54,0.0000,0.0,0.00
1765628037.965864,1,3223,3098,1765628037964,1765628037965,1,3.60,0.0000,0.0,0.00
1765628037.986264,1,3224,3099,1765628037986,1765628037986,0,3.46,0.0000,0.0,0.00
1765628038.008437,1,3225,3100,1765628038007,1765628038008,1,3.46,0.0000,0.0,0.00
1765628038.032778,1,3226,3101,1765628038029,1765628038032,3,3.33,0.0000,0.0,0.00
1765628038.041336,1,3227,3102,1765628038041,1765628038041,0,3.57,0.0000,0.0,0.00
1765628038.062821,1,3228,3103,1765628038062,1765628038062,0,3.56,0.0000,0.0,0.00
1765628038.086168,1,3229,3104,1765628038085,1765628038086,1,3.39,0.0000,0.0,0.00
1765628038.106199,1,3230,3105,1765628038106,1765628038106,0,3.37,0.0000,0.0,0.00
1765628038.118928,1,3231,3106,1765628038117,1765628038118,1,3.49,0.0000,0.0,0.00
1765628038.139055,1,3232,3107,1765628038138,1765628038139,1,3.49,0.0000,0.0,0.00
1765628038.161408,1,3233,3108,1765628038160,1765628038160,0,3.49,0.0000,0.0,0.00
1765628038.181919,1,3234,3109,1765628038181,1765628038181,0,3.49,0.0000,0.0,0.00
1765628038.203086,1,3235,3110,1765628038203,1765628038203,0,3.49,0.0000,0.0,0.00
1765628038.224296,1,3236,3111,1765628038224,1765628038224,0,3.49,0.0000,0.0,0.00
1765628038.245549,1,3237,3112,1765628038245,1765628038245,0,3.49,0.0000,0.0,0.00
1765628038.266695,1,3238,3113,1765628038266,1765628038266,0,3.45,0.0000,0.0,0.00
1765628038.277809,1,3239,3114,1765628038277,1765628038277,0,3.59,0.0000,0.0,0.00
1765628038.299181,1,3240,3115,1765628038299,1765628038299,0,3.59,0.0000,0.0,0.00
1765628038.323322,1,3241,3116,1765628038321,1765628038322,1,3.61,0.0000,0.0,0.00
1765628038.427882,1,3242,3117,1765628038426,1765628038426,0,4.49,0.0000,0.0,0.00
1765628038.467556,1,3243,3118,1765628038441,1765628038466,25,4.71,0.0000,0.0,0.00
1765628038.483543,1,3244,3119,1765628038470,1765628038476,6,4.75,0.0000,0.0,0.00
1765628038.484545,1,3245,3120,1765628038481,1765628038484,3,4.99,0.0000,0.0,0.00
1765628038.494289,1,3246,3121,1765628038493,1765628038493,0,5.24,0.0000,0.0,0.00
1765628038.504427,1,3247,3122,1765628038504,1765628038504,0,5.45,0.0000,0.0,0.00
1765628038.516690,1,3248,3123,1765628038515,1765628038516,1,5.62,0.0000,0.0,0.00
1765628038.537034,1,3249,3124,1765628038537,1765628038537,0,5.62,0.0000,0.0,0.00
1765628038.558068,1,3250,3125,1765628038558,1765628038558,0,5.61,0.0000,0.0,0.00
1765628038.581653,1,3251,3126,1765628038579,1765628038581,2,5.58,0.0000,0.0,0.00
1765628038.600595,1,3252,3127,1765628038600,1765628038600,0,5.33,0.0000,0.0,0.00
1765628038.621938,1,3253,3128,1765628038621,1765628038621,0,5.15,0.0000,0.0,0.00
1765628038.643361,1,3254,3129,1765628038643,1765628038643,0,5.15,0.0000,0.0,0.00
1765628038.654574,1,3255,3130,1765628038654,1765628038654,0,5.30,0.0000,0.0,0.00
1765628038.676279,1,3256,3131,1765628038676,1765628038676,0,5.27,0.0000,0.0,0.00
1765628038.700406,1,3257,3132,1765628038697,1765628038700,3,5.30,0.0000,0.0,0.00
1765628038.719018,1,3258,3133,1765628038719,1765628038719,0,5.13,0.0000,0.0,0.00
1765628038.740330,1,3259,3134,1765628038740,1765628038740,0,5.13,0.0000,0.0,0.00
1765628038.762071,1,3260,3136,1765628038762,1765628038762,0,5.13,0.0000,0.0,0.00
1765628038.773863,1,3261,3137,1765628038773,1765628038773,0,5.31,0.0000,0.0,0.00
1765628038.794763,1,3262,3138,1765628038794,1765628038794,0,5.06,0.0000,0.0,0.00
1765628038.815996,1,3263,3139,1765628038815,1765628038815,0,4.88,0.0000,0.0,0.00
1765628038.837415,1,3264,3140,1765628038837,1765628038837,0,4.89,0.0000,0.0,0.00
1765628038.859404,1,3265,3141,1765628038858,1765628038859,1,4.90,0.0000,0.0,0.00
1765628038.871077,1,3266,3143,1765628038871,1765628038871,0,5.06,0.0000,0.0,0.00
1765628038.883105,1,3267,3144,1765628038882,1765628038882,0,5.24,0.0000,0.0,0.00
1765628038.893379,1,3268,3145,1765628038892,1765628038893,1,5.30,0.0000,0.0,0.00
1765628038.915392,1,3269,3146,1765628038913,1765628038915,2,5.29,0.0000,0.0,0.00
1765628038.935287,1,3270,3147,1765628038935,1765628038935,0,5.28,0.0000,0.0,0.00
1765628038.957008,1,3271,3148,1765628038956,1765628038957,1,5.29,0.0000,0.0,0.00
1765628038.977494,1,3272,3149,1765628038977,1765628038977,0,5.30,0.0000,0.0,0.00
1765628039.001634,1,3273,3150,1765628038998,1765628039000,2,5.32,0.0000,0.0,0.00
1765628039.020034,1,3274,3151,1765628039020,1765628039020,0,5.31,0.0000,0.0,0.00
1765628039.042033,1,3275,3152,1765628039042,1765628039042,0,5.30,0.0000,0.0,0.00
1765628039.063295,1,3276,3153,1765628039063,1765628039063,0,5.28,0.0000,0.0,0.00
1765628039.086150,1,3277,3154,1765628039084,1765628039086,2,5.30,0.0000,0.0,0.00
1765628039.096684,1,3278,3155,1765628039096,1765628039096,0,5.46,0.0000,0.0,0.00
1765628039.107838,1,3279,3156,1765628039107,1765628039107,0,5.40,0.0000,0.0,0.00
1765628039.129119,1,3280,3157,1765628039129,1765628039129,0,5.41,0.0000,0.0,0.00
1765628039.152561,1,3281,3158,1765628039150,1765628039151,1,5.25,0.0000,0.0,0.00
1765628039.161627,1,3282,3159,1765628039161,1765628039161,0,5.39,0.0000,0.0,0.00
1765628039.173493,1,3283,3160,1765628039173,1765628039173,0,5.47,0.0000,0.0,0.00
1765628039.194917,1,3284,3161,1765628039194,1765628039194,0,5.47,0.0000,0.0,0.00
1765628039.217609,1,3285,3162,1765628039216,1765628039217,1,5.48,0.0000,0.0,0.00
1765628039.237811,1,3286,3163,1765628039237,1765628039237,0,5.43,0.0000,0.0,0.00
1765628039.258339,1,3287,3164,1765628039258,1765628039258,0,5.22,0.0000,0.0,0.00
1765628039.279601,1,3288,3165,1765628039279,1765628039279,0,5.22,0.0000,0.0,0.00
1765628039.301332,1,3289,3166,1765628039301,1765628039301,0,5.19,0.0000,0.0,0.00
1765628039.312119,1,3290,3167,1765628039312,1765628039312,0,5.38,0.0000,0.0,0.00
1765628039.335743,1,3291,3168,1765628039333,1765628039335,2,5.24,0.0000,0.0,0.00
1765628039.355101,1,3292,3169,1765628039355,1765628039355,0,5.24,0.0000,0.0,0.00
1765628039.376419,1,3293,3170,1765628039376,1765628039376,0,5.24,0.0000,0.0,0.00
1765628039.401440,1,3294,3171,1765628039398,1765628039400,2,5.28,0.0000,0.0,0.00
1765628039.419183,1,3295,3172,1765628039419,1765628039419,0,5.28,0.0000,0.0,0.00
1765628039.441338,1,3296,3173,1765628039440,1765628039440,0,5.28,0.0000,0.0,0.00
1765628039.462219,1,3297,3174,1765628039462,1765628039462,0,5.29,0.0000,0.0,0.00
1765628039.484643,1,3298,3175,1765628039483,1765628039483,0,5.29,0.0000,0.0,0.00
1765628039.504685,1,3299,3176,1765628039504,1765628039504,0,5.11,0.0000,0.0,0.00
1765628039.526599,1,3300,3177,1765628039526,1765628039526,0,5.11,0.0000,0.0,0.00
1765628039.545828,1,3301,3178,1765628039544,1765628039544,0,5.13,0.0000,0.0,0.00
1765628039.557861,1,3302,3179,1765628039557,1765628039557,0,4.31,0.0000,0.0,0.00
1765628039.569132,1,3303,3180,1765628039568,1765628039569,1,4.26,0.0000,0.0,0.00
1765628039.583418,1,3304,3181,1765628039580,1765628039583,3,4.17,0.0000,0.0,0.00
1765628039.591260,1,3305,3182,1765628039591,1765628039591,0,4.17,0.0000,0.0,0.00
1765628039.616327,1,3306,3183,1765628039612,1765628039615,3,4.00,0.0000,0.0,0.00
1765628039.634037,1,3307,3184,1765628039634,1765628039634,0,3.81,0.0000,0.0,0.00
1765628039.655318,1,3308,3185,1765628039655,1765628039655,0,3.66,0.0000,0.0,0.00
1765628039.666486,1,3309,3186,1765628039666,1765628039666,0,3.84,0.0000,0.0,0.00
1765628039.687698,1,3310,3187,1765628039687,1765628039687,0,3.84,0.0000,0.0,0.00
1765628039.708887,1,3311,3188,1765628039708,1765628039708,0,3.82,0.0000,0.0,0.00
1765628039.734282,1,3312,3189,1765628039730,1765628039730,0,3.84,0.0000,0.0,0.00
1765628039.751911,1,3313,3190,1765628039751,1765628039751,0,3.84,0.0000,0.0,0.00
1765628039.773252,1,3314,3191,1765628039773,1765628039773,0,3.84,0.0000,0.0,0.00
1765628039.785997,1,3315,3192,1765628039784,1765628039785,1,3.82,0.0000,0.0,0.00
1765628039.808360,1,3316,3193,1765628039807,1765628039807,0,3.82,0.0000,0.0,0.00
1765628039.820047,1,3317,3194,1765628039819,1765628039819,0,3.94,0.0000,0.0,0.00
1765628039.840954,1,3318,3195,1765628039840,1765628039840,0,3.95,0.0000,0.0,0.00
1765628039.861732,1,3319,3196,1765628039861,1765628039861,0,3.95,0.0000,0.0,0.00
1765628039.883490,1,3320,3197,1765628039882,1765628039883,1,3.95,0.0000,0.0,0.00
1765628039.904351,1,3321,3198,1765628039904,1765628039904,0,3.79,0.0000,0.0,0.00
1765628039.925339,1,3322,3199,1765628039925,1765628039925,0,3.79,0.0000,0.0,0.00
1765628039.946576,1,3323,3200,1765628039946,1765628039946,0,3.79,0.0000,0.0,0.00
1765628039.957753,1,3324,3201,1765628039957,1765628039957,0,3.94,0.0000,0.0,0.00
1765628039.978996,1,3325,3202,1765628039978,1765628039978,0,3.94,0.0000,0.0,0.00
1765628039.990621,1,3326,3203,1765628039990,1765628039990,0,3.94,0.0000,0.0,0.00
1765628040.006954,1,3327,3204,1765628040001,1765628040005,4,3.84,0.0000,0.0,0.00
1765628040.016502,1,3328,3205,1765628040015,1765628040015,0,3.86,0.0000,0.0,0.00
1765628040.027589,1,3329,3206,1765628040026,1765628040026,0,4.01,0.0000,0.0,0.00
1765628040.039055,1,3330,3207,1765628040037,1765628040038,1,4.14,0.0000,0.0,0.00
1765628040.049780,1,3331,3208,1765628040049,1765628040049,0,4.27,0.0000,0.0,0.00
1765628040.060455,1,3332,3209,1765628040060,1765628040060,0,4.40,0.0000,0.0,0.00
1765628040.081807,1,3333,3210,1765628040081,1765628040081,0,4.38,0.0000,0.0,0.00
1765628040.106232,1,3334,3211,1765628040103,1765628040105,2,4.42,0.0000,0.0,0.00
1765628040.124548,1,3335,3212,1765628040124,1765628040124,0,4.39,0.0000,0.0,0.00
1765628040.145852,1,3336,3213,1765628040145,1765628040145,0,4.39,0.0000,0.0,0.00
1765628040.167509,1,3337,3214,1765628040166,1765628040166,0,4.37,0.0000,0.0,0.00
1765628040.189363,1,3338,3215,1765628040188,1765628040188,0,4.23,0.0000,0.0,0.00
1765628040.209958,1,3339,3216,1765628040209,1765628040209,0,4.10,0.0000,0.0,0.00
1765628040.230807,1,3340,3217,1765628040230,1765628040230,0,4.09,0.0000,0.0,0.00
1765628040.255984,1,3341,3218,1765628040251,1765628040254,3,4.11,0.0000,0.0,0.00
1765628040.272821,1,3342,3219,1765628040272,1765628040272,0,3.93,0.0000,0.0,0.00
1765628040.294036,1,3343,3220,1765628040294,1765628040294,0,3.81,0.0000,0.0,0.00
1765628040.315751,1,3344,3221,1765628040315,1765628040315,0,3.81,0.0000,0.0,0.00
1765628040.326412,1,3345,3222,1765628040326,1765628040326,0,3.94,0.0000,0.0,0.00
1765628040.347833,1,3346,3223,1765628040347,1765628040347,0,3.95,0.0000,0.0,0.00
1765628040.371058,1,3347,3224,1765628040369,1765628040371,2,3.98,0.0000,0.0,0.00
1765628040.391376,1,3348,3225,1765628040390,1765628040391,1,3.97,0.0000,0.0,0.00
1765628040.412089,1,3349,3226,1765628040412,1765628040412,0,3.96,0.0000,0.0,0.00
1765628040.434638,1,3350,3227,1765628040433,1765628040433,0,3.81,0.0000,0.0,0.00
1765628040.444718,1,3351,3228,1765628040444,1765628040444,0,3.94,0.0000,0.0,0.00
1765628040.456846,1,3352,3229,1765628040455,1765628040455,0,4.09,0.0000,0.0,0.00
1765628040.478557,1,3353,3230,1765628040477,1765628040477,0,4.10,0.0000,0.0,0.00
1765628040.488754,1,3354,3232,1765628040488,1765628040488,0,4.19,0.0000,0.0,0.00
1765628040.499865,1,3355,3233,1765628040499,1765628040499,0,4.33,0.0000,0.0,0.00
1765628040.522900,1,3356,3234,1765628040521,1765628040522,1,4.36,0.0000,0.0,0.00
1765628040.532251,1,3357,3235,1765628040532,1765628040532,0,4.48,0.0000,0.0,0.00
1765628040.543677,1,3358,3236,1765628040543,1765628040543,0,4.59,0.0000,0.0,0.00
1765628040.565016,1,3359,3237,1765628040565,1765628040565,0,4.60,0.0000,0.0,0.00
1765628040.587870,1,3360,3238,1765628040586,1765628040587,1,4.60,0.0000,0.0,0.00
1765628040.608435,1,3361,3240,1765628040607,1765628040607,0,4.63,0.0000,0.0,0.00
1765628040.629184,1,3362,3241,1765628040629,1765628040629,0,4.57,0.0000,0.0,0.00
1765628040.640952,1,3363,3242,1765628040640,1765628040640,0,4.59,0.0000,0.0,0.00
1765628040.662082,1,3364,3244,1765628040662,1765628040662,0,4.56,0.0000,0.0,0.00
1765628040.683842,1,3365,3245,1765628040683,1765628040683,0,4.37,0.0000,0.0,0.00
1765628040.706317,1,3366,3246,1765628040705,1765628040706,1,4.36,0.0000,0.0,0.00
1765628040.723263,1,3367,3247,1765628040717,1765628040722,5,4.39,0.0000,0.0,0.00
1765628040.729154,1,3368,3248,1765628040729,1765628040729,0,4.60,0.0000,0.0,0.00
1765628040.740304,1,3369,3249,1765628040740,1765628040740,0,4.60,0.0000,0.0,0.00
1765628040.761435,1,3370,3251,1765628040761,1765628040761,0,4.60,0.0000,0.0,0.00
1765628040.783655,1,3371,3252,1765628040783,1765628040783,0,4.61,0.0000,0.0,0.00
1765628040.806393,1,3372,3253,1765628040804,1765628040805,1,4.61,0.0000,0.0,0.00
1765628040.825616,1,3373,3254,1765628040825,1765628040825,0,4.60,0.0000,0.0,0.00
1765628040.846486,1,3374,3255,1765628040846,1765628040846,0,4.58,0.0000,0.0,0.00
1765628040.867925,1,3375,3256,1765628040867,1765628040867,0,4.49,0.0000,0.0,0.00
1765628040.890359,1,3376,3257,1765628040889,1765628040890,1,4.50,0.0000,0.0,0.00
1765628040.901128,1,3377,3258,1765628040901,1765628040901,0,4.52,0.0000,0.0,0.00
1765628040.923453,1,3378,3259,1765628040922,1765628040923,1,4.53,0.0000,0.0,0.00
1765628040.943954,1,3379,3260,1765628040943,1765628040943,0,4.52,0.0000,0.0,0.00
1765628040.959142,1,3380,3261,1765628040955,1765628040959,4,4.52,0.0000,0.0,0.00
1765628040.966627,1,3381,3262,1765628040966,1765628040966,0,4.71,0.0000,0.0,0.00
1765628040.990228,1,3382,3263,1765628040987,1765628040990,3,4.75,0.0000,0.0,0.00
1765628041.009163,1,3383,3264,1765628041009,1765628041009,0,4.73,0.0000,0.0,0.00
1765628041.030862,1,3384,3265,1765628041030,1765628041030,0,4.62,0.0000,0.0,0.00
1765628041.051999,1,3385,3266,1765628041051,1765628041051,0,4.62,0.0000,0.0,0.00
1765628041.074661,1,3386,3267,1765628041073,1765628041073,0,4.53,0.0000,0.0,0.00
1765628041.094336,1,3387,3268,1765628041094,1765628041094,0,4.50,0.0000,0.0,0.00
1765628041.115955,1,3388,3269,1765628041115,1765628041115,0,4.34,0.0000,0.0,0.00
1765628041.141452,1,3389,3270,1765628041136,1765628041140,4,4.24,0.0000,0.0,0.00
1765628041.159422,1,3390,3271,1765628041158,1765628041158,0,4.10,0.0000,0.0,0.00
1765628041.179991,1,3391,3272,1765628041179,1765628041179,0,3.94,0.0000,0.0,0.00
1765628041.192789,1,3392,3273,1765628041191,1765628041192,1,3.89,0.0000,0.0,0.00
1765628041.203262,1,3393,3274,1765628041203,1765628041203,0,4.05,0.0000,0.0,0.00
1765628041.226554,1,3394,3275,1765628041225,1765628041226,1,4.04,0.0000,0.0,0.00
1765628041.246326,1,3395,3276,1765628041246,1765628041246,0,4.05,0.0000,0.0,0.00
1765628041.268294,1,3396,3277,1765628041268,1765628041268,0,4.06,0.0000,0.0,0.00
1765628041.279406,1,3397,3278,1765628041279,1765628041279,0,4.21,0.0000,0.0,0.00
1765628041.301301,1,3398,3279,1765628041300,1765628041301,1,4.21,0.0000,0.0,0.00
1765628041.325629,1,3399,3280,1765628041322,1765628041325,3,4.25,0.0000,0.0,0.00
1765628041.342972,1,3400,3281,1765628041342,1765628041342,0,4.26,0.0000,0.0,0.00
1765628041.364140,1,3401,3282,1765628041364,1765628041364,0,4.23,0.0000,0.0,0.00
1765628041.375323,1,3402,3283,1765628041375,1765628041375,0,4.39,0.0000,0.0,0.00
1765628041.397360,1,3403,3284,1765628041396,1765628041396,0,4.38,0.0000,0.0,0.00
1765628041.410384,1,3404,3285,1765628041408,1765628041409,1,4.46,0.0000,0.0,0.00
1765628041.429566,1,3405,3286,1765628041429,1765628041429,0,4.32,0.0000,0.0,0.00
1765628041.451343,1,3406,3287,1765628041450,1765628041451,1,4.33,0.0000,0.0,0.00
1765628041.476883,1,3407,3288,1765628041472,1765628041475,3,4.33,0.0000,0.0,0.00
1765628041.484404,1,3408,3289,1765628041483,1765628041484,1,4.52,0.0000,0.0,0.00
1765628041.508389,1,3409,3290,1765628041505,1765628041508,3,4.55,0.0000,0.0,0.00
1765628041.526580,1,3410,3291,1765628041526,1765628041526,0,4.53,0.0000,0.0,0.00
1765628041.547848,1,3411,3292,1765628041547,1765628041547,0,4.40,0.0000,0.0,0.00
1765628041.559509,1,3412,3293,1765628041558,1765628041558,0,4.40,0.0000,0.0,0.00
1765628041.579957,1,3413,3294,1765628041579,1765628041579,0,4.39,0.0000,0.0,0.00
1765628041.601261,1,3414,3295,1765628041601,1765628041601,0,4.27,0.0000,0.0,0.00
1765628041.622750,1,3415,3296,1765628041622,1765628041622,0,4.12,0.0000,0.0,0.00
1765628041.643705,1,3416,3297,1765628041643,1765628041643,0,4.10,0.0000,0.0,0.00
1765628041.658856,1,3417,3298,1765628041657,1765628041658,1,3.99,0.0000,0.0,0.00
1765628041.679092,1,3418,3299,1765628041679,1765628041679,0,3.83,0.0000,0.0,0.00
1765628041.690587,1,3419,3300,1765628041690,1765628041690,0,3.98,0.0000,0.0,0.00
1765628041.711971,1,3420,3301,1765628041711,1765628041711,0,3.96,0.0000,0.0,0.00
1765628041.733276,1,3421,3302,1765628041733,1765628041733,0,3.99,0.0000,0.0,0.00
1765628041.756366,1,3422,3303,1765628041754,1765628041756,2,4.00,0.0000,0.0,0.00
1765628041.775704,1,3423,3304,1765628041775,1765628041775,0,3.82,0.0000,0.0,0.00
1765628041.797614,1,3424,3305,1765628041796,1765628041796,0,3.81,0.0000,0.0,0.00
1765628041.817973,1,3425,3306,1765628041817,1765628041817,0,3.81,0.0000,0.0,0.00
1765628041.840384,1,3426,3307,1765628041839,1765628041840,1,3.81,0.0000,0.0,0.00
1765628041.861464,1,3427,3308,1765628041861,1765628041861,0,3.76,0.0000,0.0,0.00
1765628041.883414,1,3428,3310,1765628041883,1765628041883,0,3.51,0.0000,0.0,0.00
1765628041.894026,1,3429,3311,1765628041894,1765628041894,0,3.51,0.0000,0.0,0.00
1765628041.915110,1,3430,3312,1765628041915,1765628041915,0,3.51,0.0000,0.0,0.00
1765628041.940611,1,3431,3313,1765628041936,1765628041940,4,3.54,0.0000,0.0,0.00
1765628041.957921,1,3432,3314,1765628041957,1765628041957,0,3.56,0.0000,0.0,0.00
1765628041.979253,1,3433,3315,1765628041979,1765628041979,0,3.58,0.0000,0.0,0.00
1765628041.991999,1,3434,3316,1765628041990,1765628041991,1,3.72,0.0000,0.0,0.00
1765628042.012069,1,3435,3317,1765628042012,1765628042012,0,3.72,0.0000,0.0,0.00
1765628042.033809,1,3436,3318,1765628042033,1765628042033,0,3.70,0.0000,0.0,0.00
1765628042.055278,1,3437,3319,1765628042055,1765628042055,0,3.55,0.0000,0.0,0.00
1765628042.077671,1,3438,3320,1765628042077,1765628042077,0,3.55,0.0000,0.0,0.00
1765628042.089437,1,3439,3321,1765628042088,1765628042088,0,3.72,0.0000,0.0,0.00
1765628042.111932,1,3440,3322,1765628042109,1765628042111,2,3.69,0.0000,0.0,0.00
1765628042.131203,1,3441,3323,1765628042131,1765628042131,0,3.42,0.0000,0.0,0.00
1765628042.143887,1,3442,3324,1765628042142,1765628042142,0,3.56,0.0000,0.0,0.00
1765628042.163711,1,3443,3325,1765628042163,1765628042163,0,3.57,0.0000,0.0,0.00
1765628042.184979,1,3444,3326,1765628042184,1765628042184,0,3.57,0.0000,0.0,0.00
1765628042.209178,1,3445,3327,1765628042206,1765628042208,2,3.60,0.0000,0.0,0.00
1765628042.227386,1,3446,3328,1765628042227,1765628042227,0,3.58,0.0000,0.0,0.00
1765628042.249228,1,3447,3329,1765628042248,1765628042249,1,3.59,0.0000,0.0,0.00
1765628042.269842,1,3448,3330,1765628042269,1765628042269,0,3.58,0.0000,0.0,0.00
1765628042.291595,1,3449,3331,1765628042291,1765628042291,0,3.55,0.0000,0.0,0.00
1765628042.302456,1,3450,3332,1765628042302,1765628042302,0,3.71,0.0000,0.0,0.00
1765628042.313787,1,3451,3333,1765628042313,1765628042313,0,3.87,0.0000,0.0,0.00
1765628042.335681,1,3452,3334,1765628042335,1765628042335,0,3.76,0.0000,0.0,0.00
1765628042.359819,1,3453,3335,1765628042356,1765628042359,3,3.63,0.0000,0.0,0.00
1765628042.368935,1,3454,3336,1765628042367,1765628042367,0,3.84,0.0000,0.0,0.00
1765628042.388874,1,3455,3337,1765628042388,1765628042388,0,3.85,0.0000,0.0,0.00
1765628042.411613,1,3456,3338,1765628042410,1765628042410,0,3.85,0.0000,0.0,0.00
1765628042.431564,1,3457,3339,1765628042431,1765628042431,0,3.69,0.0000,0.0,0.00
1765628042.452351,1,3458,3340,1765628042452,1765628042452,0,3.68,0.0000,0.0,0.00
1765628042.477652,1,3459,3341,1765628042473,1765628042477,4,3.69,0.0000,0.0,0.00
1765628042.495278,1,3460,3342,1765628042495,1765628042495,0,3.66,0.0000,0.0,0.00
1765628042.517673,1,3461,3343,1765628042516,1765628042516,0,3.65,0.0000,0.0,0.00
1765628042.530636,1,3462,3344,1765628042528,1765628042530,2,3.58,0.0000,0.0,0.00
1765628042.549783,1,3463,3345,1765628042549,1765628042549,0,3.57,0.0000,0.0,0.00
1765628042.570880,1,3464,3346,1765628042570,1765628042570,0,3.44,0.0000,0.0,0.00
1765628042.594837,1,3465,3347,1765628042592,1765628042594,2,3.48,0.0000,0.0,0.00
1765628042.613421,1,3466,3348,1765628042613,1765628042613,0,3.47,0.0000,0.0,0.00
1765628042.634908,1,3467,3349,1765628042634,1765628042634,0,3.43,0.0000,0.0,0.00
1765628042.656505,1,3468,3350,1765628042656,1765628042656,0,3.22,0.0000,0.0,0.00
1765628042.711452,1,3469,3351,1765628042678,1765628042711,33,3.53,0.0000,0.0,0.00
1765628042.712462,1,3470,3352,1765628042704,1765628042711,7,3.95,0.0000,0.0,0.00
1765628042.728540,1,3471,3353,1765628042728,1765628042728,0,4.00,0.0000,0.0,0.00
1765628042.740598,1,3472,3354,1765628042740,1765628042740,0,3.98,0.0000,0.0,0.00
1765628042.762779,1,3473,3355,1765628042761,1765628042761,0,3.98,0.0000,0.0,0.00
1765628042.774789,1,3474,3357,1765628042773,1765628042773,0,4.12,0.0000,0.0,0.00
1765628042.786286,1,3475,3358,1765628042785,1765628042785,0,4.27,0.0000,0.0,0.00
1765628042.802096,1,3476,3359,1765628042796,1765628042802,6,4.30,0.0000,0.0,0.00
1765628042.818496,1,3477,3360,1765628042817,1765628042817,0,4.30,0.0000,0.0,0.00
1765628042.839625,1,3478,3361,1765628042839,1765628042839,0,4.31,0.0000,0.0,0.00
1765628042.860335,1,3479,3362,1765628042860,1765628042860,0,4.15,0.0000,0.0,0.00
1765628042.882026,1,3480,3363,1765628042881,1765628042882,1,4.16,0.0000,0.0,0.00
1765628042.903007,1,3481,3364,1765628042903,1765628042903,0,4.15,0.0000,0.0,0.00
1765628042.923956,1,3482,3365,1765628042923,1765628042923,0,4.12,0.0000,0.0,0.00
1765628042.949281,1,3483,3366,1765628042945,1765628042948,3,4.17,0.0000,0.0,0.00
1765628042.966933,1,3484,3367,1765628042966,1765628042966,0,4.18,0.0000,0.0,0.00
1765628042.988273,1,3485,3368,1765628042988,1765628042988,0,4.20,0.0000,0.0,0.00
1765628043.009623,1,3486,3369,1765628043009,1765628043009,0,4.17,0.0000,0.0,0.00
1765628043.032297,1,3487,3370,1765628043030,1765628043032,2,4.20,0.0000,0.0,0.00
1765628043.052977,1,3488,3371,1765628043052,1765628043052,0,4.17,0.0000,0.0,0.00
1765628043.073860,1,3489,3372,1765628043073,1765628043073,0,4.00,0.0000,0.0,0.00
1765628043.085001,1,3490,3373,1765628043085,1765628043085,0,4.15,0.0000,0.0,0.00
1765628043.106296,1,3491,3374,1765628043106,1765628043106,0,4.10,0.0000,0.0,0.00
1765628043.128115,1,3492,3375,1765628043128,1765628043128,0,4.08,0.0000,0.0,0.00
1765628043.151522,1,3493,3376,1765628043149,1765628043151,2,4.09,0.0000,0.0,0.00
1765628043.170871,1,3494,3377,1765628043170,1765628043170,0,3.93,0.0000,0.0,0.00
1765628043.192364,1,3495,3378,1765628043192,1765628043192,0,3.94,0.0000,0.0,0.00
1765628043.216084,1,3496,3379,1765628043213,1765628043216,3,3.98,0.0000,0.0,0.00
1765628043.235136,1,3497,3380,1765628043235,1765628043235,0,3.97,0.0000,0.0,0.00
1765628043.250264,1,3498,3381,1765628043245,1765628043250,5,4.04,0.0000,0.0,0.00
1765628043.266841,1,3499,3382,1765628043266,1765628043266,0,3.93,0.0000,0.0,0.00
1765628043.288743,1,3500,3384,1765628043288,1765628043288,0,3.92,0.0000,0.0,0.00
1765628043.309511,1,3501,3385,1765628043309,1765628043309,0,3.93,0.0000,0.0,0.00
1765628043.332736,1,3502,3386,1765628043331,1765628043331,0,3.77,0.0000,0.0,0.00
1765628043.342755,1,3503,3387,1765628043342,1765628043342,0,3.94,0.0000,0.0,0.00
1765628043.364074,1,3504,3388,1765628043364,1765628043364,0,3.96,0.0000,0.0,0.00
1765628043.385531,1,3505,3389,1765628043385,1765628043385,0,3.92,0.0000,0.0,0.00
1765628043.396770,1,3506,3390,1765628043396,1765628043396,0,4.09,0.0000,0.0,0.00
1765628043.418588,1,3507,3391,1765628043418,1765628043418,0,4.09,0.0000,0.0,0.00
1765628043.430705,1,3508,3392,1765628043429,1765628043429,0,4.26,0.0000,0.0,0.00
1765628043.451387,1,3509,3393,1765628043450,1765628043450,0,4.24,0.0000,0.0,0.00
1765628043.472491,1,3510,3394,1765628043471,1765628043471,0,4.09,0.0000,0.0,0.00
1765628043.493569,1,3511,3395,1765628043493,1765628043493,0,3.93,0.0000,0.0,0.00
1765628043.517504,1,3512,3396,1765628043515,1765628043516,1,3.94,0.0000,0.0,0.00
1765628043.536234,1,3513,3397,1765628043536,1765628043536,0,3.90,0.0000,0.0,0.00
1765628043.557709,1,3514,3398,1765628043557,1765628043557,0,3.66,0.0000,0.0,0.00
1765628043.581551,1,3515,3399,1765628043578,1765628043581,3,3.69,0.0000,0.0,0.00
1765628043.599790,1,3516,3400,1765628043599,1765628043599,0,3.71,0.0000,0.0,0.00
1765628043.621120,1,3517,3401,1765628043621,1765628043621,0,3.72,0.0000,0.0,0.00
1765628043.642514,1,3518,3402,1765628043642,1765628043642,0,3.72,0.0000,0.0,0.00
1765628043.664981,1,3519,3403,1765628043663,1765628043664,1,3.68,0.0000,0.0,0.00
1765628043.685491,1,3520,3404,1765628043685,1765628043685,0,3.66,0.0000,0.0,0.00
1765628043.706703,1,3521,3405,1765628043706,1765628043706,0,3.66,0.0000,0.0,0.00
1765628043.718852,1,3522,3406,1765628043717,1765628043717,0,3.72,0.0000,0.0,0.00
1765628043.733084,1,3523,3407,1765628043729,1765628043731,2,3.83,0.0000,0.0,0.00
1765628043.751549,1,3524,3408,1765628043751,1765628043751,0,3.82,0.0000,0.0,0.00
1765628043.763578,1,3525,3409,1765628043762,1765628043762,0,3.96,0.0000,0.0,0.00
1765628043.784077,1,3526,3410,1765628043784,1765628043784,0,3.98,0.0000,0.0,0.00
1765628043.805961,1,3527,3411,1765628043805,1765628043805,0,3.98,0.0000,0.0,0.00
1765628043.828907,1,3528,3412,1765628043827,1765628043827,0,3.98,0.0000,0.0,0.00
1765628043.848485,1,3529,3413,1765628043848,1765628043848,0,3.60,0.0000,0.0,0.00
1765628043.869995,1,3530,3414,1765628043869,1765628043869,0,3.19,0.0000,0.0,0.00
1765628043.895090,1,3531,3415,1765628043891,1765628043895,4,3.20,0.0000,0.0,0.00
1765628043.912997,1,3532,3416,1765628043912,1765628043912,0,3.09,0.0000,0.0,0.00
1765628043.934417,1,3533,3417,1765628043934,1765628043934,0,3.10,0.0000,0.0,0.00
1765628043.961537,1,3534,3418,1765628043956,1765628043960,4,2.98,0.0000,0.0,0.00
1765628043.978011,1,3535,3419,1765628043978,1765628043978,0,2.83,0.0000,0.0,0.00
1765628043.999473,1,3536,3420,1765628043999,1765628043999,0,2.77,0.0000,0.0,0.00
1765628044.021254,1,3537,3422,1765628044021,1765628044021,0,2.68,0.0000,0.0,0.00
1765628044.042891,1,3538,3423,1765628044041,1765628044042,1,2.66,0.0000,0.0,0.00
1765628044.063252,1,3539,3424,1765628044063,1765628044063,0,2.66,0.0000,0.0,0.00
1765628044.076191,1,3540,3425,1765628044074,1765628044076,2,2.81,0.0000,0.0,0.00
1765628044.096485,1,3541,3426,1765628044096,1765628044096,0,2.80,0.0000,0.0,0.00
1765628044.117924,1,3542,3427,1765628044117,1765628044117,0,2.81,0.0000,0.0,0.00
1765628044.142220,1,3543,3428,1765628044139,1765628044142,3,2.81,0.0000,0.0,0.00
1765628044.160886,1,3544,3429,1765628044160,1765628044160,0,2.81,0.0000,0.0,0.00
1765628044.182639,1,3545,3430,1765628044182,1765628044182,0,2.81,0.0000,0.0,0.00
1765628044.204677,1,3546,3431,1765628044203,1765628044203,0,2.81,0.0000,0.0,0.00
1765628044.215815,1,3547,3432,1765628044214,1765628044214,0,3.00,0.0000,0.0,0.00
1765628044.237767,1,3548,3433,1765628044236,1765628044236,0,3.02,0.0000,0.0,0.00
1765628044.258272,1,3549,3434,1765628044258,1765628044258,0,3.02,0.0000,0.0,0.00
1765628044.279379,1,3550,3435,1765628044279,1765628044279,0,2.85,0.0000,0.0,0.00
1765628044.301384,1,3551,3436,1765628044300,1765628044300,0,2.85,0.0000,0.0,0.00
1765628044.323655,1,3552,3437,1765628044322,1765628044323,1,2.86,0.0000,0.0,0.00
1765628044.344213,1,3553,3438,1765628044343,1765628044343,0,2.83,0.0000,0.0,0.00
1765628044.365031,1,3554,3439,1765628044365,1765628044365,0,2.82,0.0000,0.0,0.00
1765628044.389331,1,3555,3440,1765628044386,1765628044387,1,2.82,0.0000,0.0,0.00
1765628044.397501,1,3556,3441,1765628044397,1765628044397,0,3.03,0.0000,0.0,0.00
1765628044.422399,1,3557,3442,1765628044418,1765628044421,3,3.05,0.0000,0.0,0.00
1765628044.456196,1,3558,3443,1765628044452,1765628044454,2,3.04,0.0000,0.0,0.00
1765628044.463345,1,3559,3444,1765628044463,1765628044463,0,3.21,0.0000,0.0,0.00
1765628044.486992,1,3560,3445,1765628044484,1765628044485,1,3.21,0.0000,0.0,0.00
1765628044.505554,1,3561,3446,1765628044505,1765628044505,0,3.20,0.0000,0.0,0.00
1765628044.526407,1,3562,3447,1765628044526,1765628044526,0,3.19,0.0000,0.0,0.00
1765628044.547799,1,3563,3448,1765628044547,1765628044547,0,2.98,0.0000,0.0,0.00
1765628044.569056,1,3564,3449,1765628044569,1765628044569,0,2.98,0.0000,0.0,0.00
1765628044.591273,1,3565,3450,1765628044591,1765628044591,0,2.99,0.0000,0.0,0.00
1765628044.603878,1,3566,3451,1765628044601,1765628044602,1,2.99,0.0000,0.0,0.00
1765628044.623471,1,3567,3452,1765628044623,1765628044623,0,2.98,0.0000,0.0,0.00
1765628044.644719,1,3568,3453,1765628044644,1765628044644,0,2.77,0.0000,0.0,0.00
1765628044.656428,1,3569,3454,1765628044656,1765628044656,0,2.96,0.0000,0.0,0.00
1765628044.677190,1,3570,3455,1765628044677,1765628044677,0,2.96,0.0000,0.0,0.00
1765628044.700434,1,3571,3456,1765628044698,1765628044700,2,2.97,0.0000,0.0,0.00
1765628044.720595,1,3572,3457,1765628044720,1765628044720,0,2.94,0.0000,0.0,0.00
1765628044.742329,1,3573,3458,1765628044741,1765628044741,0,2.95,0.0000,0.0,0.00
1765628044.763193,1,3574,3459,1765628044763,1765628044763,0,2.96,0.0000,0.0,0.00
1765628044.784420,1,3575,3461,1765628044784,1765628044784,0,2.93,0.0000,0.0,0.00
1765628044.806346,1,3576,3462,1765628044806,1765628044806,0,2.90,0.0000,0.0,0.00
1765628044.827438,1,3577,3463,1765628044827,1765628044827,0,2.89,0.0000,0.0,0.00
1765628044.838870,1,3578,3464,1765628044838,1765628044838,0,3.10,0.0000,0.0,0.00
1765628044.860225,1,3579,3465,1765628044860,1765628044860,0,3.10,0.0000,0.0,0.00
1765628044.881510,1,3580,3466,1765628044881,1765628044881,0,3.10,0.0000,0.0,0.00
1765628044.893260,1,3581,3468,1765628044893,1765628044893,0,3.30,0.0000,0.0,0.00
1765628044.906296,1,3582,3469,1765628044904,1765628044906,2,3.25,0.0000,0.0,0.00
1765628044.926860,1,3583,3470,1765628044926,1765628044926,0,3.10,0.0000,0.0,0.00
1765628044.940704,1,3584,3471,1765628044937,1765628044940,3,3.25,0.0000,0.0,0.00
1765628044.959674,1,3585,3472,1765628044959,1765628044959,0,3.04,0.0000,0.0,0.00
1765628044.974290,1,3586,3473,1765628044970,1765628044972,2,3.20,0.0000,0.0,0.00
1765628044.981233,1,3587,3474,1765628044981,1765628044981,0,3.45,0.0000,0.0,0.00
1765628045.005372,1,3588,3475,1765628045002,1765628045004,2,3.46,0.0000,0.0,0.00
1765628045.023335,1,3589,3476,1765628045023,1765628045023,0,3.46,0.0000,0.0,0.00
1765628045.044649,1,3590,3477,1765628045044,1765628045044,0,3.46,0.0000,0.0,0.00
1765628045.065443,1,3591,3478,1765628045065,1765628045065,0,3.42,0.0000,0.0,0.00
1765628045.087006,1,3592,3479,1765628045087,1765628045087,0,3.38,0.0000,0.0,0.00
1765628045.108338,1,3593,3480,1765628045107,1765628045107,0,3.36,0.0000,0.0,0.00
1765628045.128900,1,3594,3481,1765628045128,1765628045128,0,3.32,0.0000,0.0,0.00
1765628045.152124,1,3595,3482,1765628045150,1765628045152,2,3.32,0.0000,0.0,0.00
1765628045.171661,1,3596,3483,1765628045171,1765628045171,0,3.32,0.0000,0.0,0.00
1765628045.193411,1,3597,3484,1765628045192,1765628045192,0,3.31,0.0000,0.0,0.00
1765628045.214373,1,3598,3485,1765628045214,1765628045214,0,3.32,0.0000,0.0,0.00
1765628045.224955,1,3599,3486,1765628045224,1765628045224,0,3.53,0.0000,0.0,0.00
1765628045.246064,1,3600,3487,1765628045246,1765628045246,0,3.40,0.0000,0.0,0.00
1765628045.268815,1,3601,3488,1765628045267,1765628045268,1,3.42,0.0000,0.0,0.00
1765628045.288800,1,3602,3489,1765628045288,1765628045288,0,3.41,0.0000,0.0,0.00
1765628045.310438,1,3603,3490,1765628045310,1765628045310,0,3.38,0.0000,0.0,0.00
1765628045.331827,1,3604,3491,1765628045331,1765628045331,0,3.36,0.0000,0.0,0.00
1765628045.353297,1,3605,3492,1765628045353,1765628045353,0,3.36,0.0000,0.0,0.00
1765628045.375069,1,3606,3493,1765628045374,1765628045374,0,3.36,0.0000,0.0,0.00
1765628045.396315,1,3607,3494,1765628045395,1765628045396,1,3.16,0.0000,0.0,0.00
1765628045.420020,1,3608,3495,1765628045416,1765628045420,4,3.18,0.0000,0.0,0.00
1765628045.438940,1,3609,3496,1765628045437,1765628045437,0,3.23,0.0000,0.0,0.00
1765628045.453643,1,3610,3497,1765628045449,1765628045452,3,3.33,0.0000,0.0,0.00
1765628045.471810,1,3611,3498,1765628045470,1765628045470,0,3.35,0.0000,0.0,0.00
1765628045.492282,1,3612,3499,1765628045492,1765628045492,0,3.34,0.0000,0.0,0.00
1765628045.513764,1,3613,3500,1765628045513,1765628045513,0,3.35,0.0000,0.0,0.00
1765628045.534515,1,3614,3501,1765628045534,1765628045534,0,3.34,0.0000,0.0,0.00
1765628045.555848,1,3615,3502,1765628045555,1765628045555,0,3.33,0.0000,0.0,0.00
1765628045.577293,1,3616,3503,1765628045577,1765628045577,0,3.12,0.0000,0.0,0.00
1765628045.599045,1,3617,3504,1765628045598,1765628045599,1,3.10,0.0000,0.0,0.00
1765628045.621480,1,3618,3505,1765628045619,1765628045619,0,2.99,0.0000,0.0,0.00
1765628045.641379,1,3619,3506,1765628045640,1765628045640,0,2.74,0.0000,0.0,0.00
1765628045.662035,1,3620,3507,1765628045662,1765628045662,0,2.74,0.0000,0.0,0.00
1765628045.685601,1,3621,3508,1765628045683,1765628045685,2,2.77,0.0000,0.0,0.00
1765628045.694977,1,3622,3510,1765628045694,1765628045694,0,3.02,0.0000,0.0,0.00
1765628045.707440,1,3623,3511,1765628045706,1765628045706,0,3.18,0.0000,0.0,0.00
1765628045.719083,1,3624,3512,1765628045717,1765628045717,0,3.35,0.0000,0.0,0.00
1765628045.738806,1,3625,3513,1765628045738,1765628045738,0,3.34,0.0000,0.0,0.00
1765628045.760247,1,3626,3514,1765628045760,1765628045760,0,3.17,0.0000,0.0,0.00
1765628045.785001,1,3627,3515,1765628045781,1765628045785,4,3.21,0.0000,0.0,0.00
1765628045.803738,1,3628,3516,1765628045802,1765628045802,0,3.25,0.0000,0.0,0.00
1765628045.824238,1,3629,3517,1765628045824,1765628045824,0,3.10,0.0000,0.0,0.00
1765628045.848736,1,3630,3518,1765628045845,1765628045848,3,3.13,0.0000,0.0,0.00
1765628045.866622,1,3631,3519,1765628045866,1765628045866,0,3.13,0.0000,0.0,0.00
1765628045.887494,1,3632,3520,1765628045887,1765628045887,0,3.14,0.0000,0.0,0.00
1765628045.909853,1,3633,3521,1765628045908,1765628045908,0,3.14,0.0000,0.0,0.00
1765628045.933916,1,3634,3522,1765628045930,1765628045933,3,3.17,0.0000,0.0,0.00
1765628045.951501,1,3635,3523,1765628045951,1765628045951,0,3.19,0.0000,0.0,0.00
1765628045.973167,1,3636,3524,1765628045973,1765628045973,0,3.19,0.0000,0.0,0.00
1765628045.984692,1,3637,3525,1765628045984,1765628045984,0,3.36,0.0000,0.0,0.00
1765628046.006231,1,3638,3526,1765628046005,1765628046005,0,3.19,0.0000,0.0,0.00
1765628046.027169,1,3639,3527,1765628046027,1765628046027,0,3.19,0.0000,0.0,0.00
1765628046.049987,1,3640,3528,1765628046048,1765628046048,0,3.19,0.0000,0.0,0.00
1765628046.069258,1,3641,3529,1765628046069,1765628046069,0,3.03,0.0000,0.0,0.00
1765628046.081200,1,3642,3530,1765628046081,1765628046081,0,3.05,0.0000,0.0,0.00
1765628046.102797,1,3643,3531,1765628046102,1765628046102,0,3.06,0.0000,0.0,0.00
1765628046.124086,1,3644,3532,1765628046124,1765628046124,0,2.95,0.0000,0.0,0.00
1765628046.147577,1,3645,3533,1765628046145,1765628046147,2,2.96,0.0000,0.0,0.00
1765628046.166474,1,3646,3534,1765628046166,1765628046166,0,2.81,0.0000,0.0,0.00
1765628046.188792,1,3647,3535,1765628046188,1765628046188,0,2.57,0.0000,0.0,0.00
1765628046.212523,1,3648,3536,1765628046209,1765628046212,3,2.58,0.0000,0.0,0.00
1765628046.231331,1,3649,3537,1765628046231,1765628046231,0,2.58,0.0000,0.0,0.00
1765628046.252336,1,3650,3538,1765628046252,1765628046252,0,2.58,0.0000,0.0,0.00
1765628046.273652,1,3651,3539,1765628046273,1765628046273,0,2.58,0.0000,0.0,0.00
1765628046.296942,1,3652,3540,1765628046294,1765628046296,2,2.59,0.0000,0.0,0.00
1765628046.316689,1,3653,3541,1765628046316,1765628046316,0,2.59,0.0000,0.0,0.00
1765628046.329912,1,3654,3542,1765628046327,1765628046329,2,2.74,0.0000,0.0,0.00
1765628046.348710,1,3655,3543,1765628046348,1765628046348,0,2.73,0.0000,0.0,0.00
1765628046.370605,1,3656,3545,1765628046370,1765628046370,0,2.72,0.0000,0.0,0.00
1765628046.384959,1,3657,3546,1765628046382,1765628046384,2,2.86,0.0000,0.0,0.00
1765628046.401876,1,3658,3547,1765628046393,1765628046400,7,2.93,0.0000,0.0,0.00
1765628046.417394,1,3659,3548,1765628046415,1765628046417,2,2.76,0.0000,0.0,0.00
1765628046.437831,1,3660,3549,1765628046436,1765628046437,1,2.74,0.0000,0.0,0.00
1765628046.458150,1,3661,3550,1765628046458,1765628046458,0,2.73,0.0000,0.0,0.00
1765628046.483301,1,3662,3551,1765628046479,1765628046483,4,2.78,0.0000,0.0,0.00
1765628046.501459,1,3663,3552,1765628046500,1765628046501,1,2.80,0.0000,0.0,0.00
1765628046.521753,1,3664,3553,1765628046521,1765628046521,0,2.79,0.0000,0.0,0.00
1765628046.543340,1,3665,3554,1765628046543,1765628046543,0,2.79,0.0000,0.0,0.00
1765628046.565579,1,3666,3555,1765628046564,1765628046565,1,2.80,0.0000,0.0,0.00
1765628046.586224,1,3667,3556,1765628046585,1765628046585,0,2.78,0.0000,0.0,0.00
1765628046.607062,1,3668,3557,1765628046607,1765628046607,0,2.76,0.0000,0.0,0.00
1765628046.633538,1,3669,3558,1765628046628,1765628046632,4,2.75,0.0000,0.0,0.00
1765628046.652041,1,3670,3559,1765628046649,1765628046651,2,2.66,0.0000,0.0,0.00
1765628046.671159,1,3671,3560,1765628046671,1765628046671,0,2.61,0.0000,0.0,0.00
1765628046.693244,1,3672,3561,1765628046692,1765628046692,0,2.60,0.0000,0.0,0.00
1765628046.714171,1,3673,3562,1765628046713,1765628046714,1,2.61,0.0000,0.0,0.00
1765628046.735012,1,3674,3563,1765628046735,1765628046735,0,2.61,0.0000,0.0,0.00
1765628046.756120,1,3675,3564,1765628046756,1765628046756,0,2.61,0.0000,0.0,0.00
1765628046.782670,1,3676,3565,1765628046778,1765628046782,4,2.66,0.0000,0.0,0.00
1765628046.800409,1,3677,3566,1765628046799,1765628046799,0,2.70,0.0000,0.0,0.00
1765628046.821543,1,3678,3567,1765628046821,1765628046821,0,2.73,0.0000,0.0,0.00
1765628046.842578,1,3679,3568,1765628046842,1765628046842,0,2.73,0.0000,0.0,0.00
1765628046.865298,1,3680,3569,1765628046864,1765628046865,1,2.74,0.0000,0.0,0.00
1765628046.885516,1,3681,3570,1765628046885,1765628046885,0,2.70,0.0000,0.0,0.00
1765628046.900481,1,3682,3571,1765628046896,1765628046899,3,2.60,0.0000,0.0,0.00
1765628046.918852,1,3683,3572,1765628046918,1765628046918,0,2.46,0.0000,0.0,0.00
1765628046.939322,1,3684,3573,1765628046939,1765628046939,0,2.28,0.0000,0.0,0.00
1765628046.951549,1,3685,3574,1765628046950,1765628046950,0,2.46,0.0000,0.0,0.00
1765628046.971737,1,3686,3575,1765628046971,1765628046971,0,2.45,0.0000,0.0,0.00
1765628046.992881,1,3687,3576,1765628046992,1765628046992,0,2.39,0.0000,0.0,0.00
1765628047.017142,1,3688,3577,1765628047014,1765628047016,2,2.38,0.0000,0.0,0.00
1765628047.036132,1,3689,3578,1765628047035,1765628047035,0,2.38,0.0000,0.0,0.00
1765628047.051310,1,3690,3579,1765628047046,1765628047051,5,2.41,0.0000,0.0,0.00
1765628047.068709,1,3691,3580,1765628047068,1765628047068,0,2.43,0.0000,0.0,0.00
1765628047.089851,1,3692,3581,1765628047089,1765628047089,0,2.43,0.0000,0.0,0.00
1765628047.115813,1,3693,3582,1765628047111,1765628047115,4,2.50,0.0000,0.0,0.00
1765628047.133849,1,3694,3583,1765628047132,1765628047133,1,2.47,0.0000,0.0,0.00
1765628047.154107,1,3695,3584,1765628047154,1765628047154,0,2.44,0.0000,0.0,0.00
1765628047.175814,1,3696,3585,1765628047175,1765628047175,0,2.43,0.0000,0.0,0.00
1765628047.197157,1,3697,3586,1765628047197,1765628047197,0,2.27,0.0000,0.0,0.00
1765628047.218791,1,3698,3587,1765628047218,1765628047218,0,2.27,0.0000,0.0,0.00
1765628047.239401,1,3699,3588,1765628047239,1765628047239,0,2.26,0.0000,0.0,0.00
1765628047.265706,1,3700,3589,1765628047260,1765628047264,4,2.31,0.0000,0.0,0.00
1765628047.284554,1,3701,3590,1765628047282,1765628047284,2,2.31,0.0000,0.0,0.00
1765628047.298512,1,3702,3591,1765628047293,1765628047298,5,2.27,0.0000,0.0,0.00
1765628047.314869,1,3703,3592,1765628047314,1765628047314,0,2.34,0.0000,0.0,0.00
1765628047.336538,1,3704,3593,1765628047336,1765628047336,0,2.34,0.0000,0.0,0.00
1765628047.352717,1,3705,3594,1765628047347,1765628047352,5,2.38,0.0000,0.0,0.00
1765628047.369011,1,3706,3595,1765628047368,1765628047369,1,2.41,0.0000,0.0,0.00
1765628047.390400,1,3707,3596,1765628047390,1765628047390,0,2.40,0.0000,0.0,0.00
1765628047.418754,1,3708,3597,1765628047412,1765628047418,6,2.46,0.0000,0.0,0.00
1765628047.434646,1,3709,3598,1765628047433,1765628047434,1,2.51,0.0000,0.0,0.00
1765628047.450026,1,3710,3599,1765628047445,1765628047448,3,2.62,0.0000,0.0,0.00
1765628047.466655,1,3711,3600,1765628047466,1765628047466,0,2.65,0.0000,0.0,0.00
1765628047.488702,1,3712,3601,1765628047488,1765628047488,0,2.64,0.0000,0.0,0.00
1765628047.501642,1,3713,3602,1765628047499,1765628047500,1,2.80,0.0000,0.0,0.00
1765628047.522132,1,3714,3603,1765628047521,1765628047521,0,2.67,0.0000,0.0,0.00
1765628047.533537,1,3715,3604,1765628047532,1765628047532,0,2.84,0.0000,0.0,0.00
1765628047.553879,1,3716,3605,1765628047553,1765628047553,0,2.83,0.0000,0.0,0.00
1765628047.575305,1,3717,3606,1765628047575,1765628047575,0,2.73,0.0000,0.0,0.00
1765628047.598470,1,3718,3607,1765628047597,1765628047598,1,2.68,0.0000,0.0,0.00
1765628047.619075,1,3719,3608,1765628047618,1765628047619,1,2.63,0.0000,0.0,0.00
1765628047.639558,1,3720,3609,1765628047639,1765628047639,0,2.63,0.0000,0.0,0.00
1765628047.666911,1,3721,3610,1765628047661,1765628047665,4,2.70,0.0000,0.0,0.00
1765628047.672657,1,3722,3611,1765628047672,1765628047672,0,2.91,0.0000,0.0,0.00
1765628047.683844,1,3723,3612,1765628047683,1765628047683,0,3.07,0.0000,0.0,0.00
1765628047.705530,1,3724,3613,1765628047705,1765628047705,0,3.09,0.0000,0.0,0.00
1765628047.726741,1,3725,3614,1765628047726,1765628047726,0,3.08,0.0000,0.0,0.00
1765628047.738477,1,3726,3615,1765628047737,1765628047737,0,3.24,0.0000,0.0,0.00
1765628047.759035,1,3727,3616,1765628047759,1765628047759,0,3.26,0.0000,0.0,0.00
